K,home,carry,mov_exp,val_n,val_accuracy,val_brier,val_log_loss,val_ece
12,30,0.5,1.0,1225,0.6653061224489796,0.20989518139539132,0.6064664085150633,0.02721435605627322
12,40,0.5,1.0,1225,0.6579591836734694,0.20987640696308943,0.6065068718286829,0.01961371816382617
12,30,0.4,1.0,1225,0.6604081632653062,0.2099370415206234,0.606680398610966,0.026820241766168595
12,30,0.6,1.0,1225,0.6669387755102041,0.2100507374596203,0.606695530646734,0.02887315176754761
12,40,0.6,1.0,1225,0.6612244897959184,0.21002537041536917,0.6067249411521825,0.019361120280159003
12,40,0.4,1.0,1225,0.6563265306122449,0.20992529551610803,0.6067326791821971,0.025738479804961398
6,30,0.5,1.2,1225,0.6661224489795918,0.20998659807545933,0.6067622704890153,0.022473922026513094
6,40,0.5,1.2,1225,0.6595918367346939,0.2099719723480688,0.60682330618731,0.015334729731729991
6,30,0.4,1.2,1225,0.6595918367346939,0.20998700497021794,0.6068736167475081,0.018645810875173488
10,30,0.5,1.0,1225,0.6685714285714286,0.2100132413272102,0.6069356529414431,0.019621555383091106
6,40,0.4,1.2,1225,0.6546938775510204,0.20998141438801737,0.606949154275999,0.025278091691683127
20,30,0.6,0.8,1225,0.6702040816326531,0.21013354775701856,0.6069907687283138,0.026355547101764874
10,40,0.5,1.0,1225,0.6604081632653062,0.2100162530843918,0.6069932471288361,0.01960589794318847
20,30,0.5,0.8,1225,0.6685714285714286,0.21007418326880775,0.6070033499877289,0.02599883438776574
20,40,0.6,0.8,1225,0.6612244897959184,0.21012275894478702,0.6070131097157034,0.01502140914152095
20,40,0.5,0.8,1225,0.6579591836734694,0.2100693389428611,0.6070343352482528,0.02552860728013316
10,30,0.6,1.0,1225,0.6693877551020408,0.21013349577230905,0.607066469091441,0.022225682424958326
10,40,0.6,1.0,1225,0.6628571428571428,0.21012846018980824,0.6071128273559895,0.014053545306811849
6,30,0.6,1.2,1225,0.6685714285714286,0.21021192210518147,0.6071709371993085,0.026392536694275055
12,20,0.5,1.0,1225,0.6620408163265306,0.21024609881520073,0.6071815030507857,0.024547556842201095
6,40,0.6,1.2,1225,0.6628571428571428,0.21018831117019823,0.6072173048203086,0.01756945419585702
10,30,0.4,1.0,1225,0.6612244897959184,0.21010823440402382,0.6072823367791015,0.01798576559599298
12,50,0.5,1.0,1225,0.6563265306122449,0.21018371023414378,0.6072968187371184,0.03397386735762394
12,30,0.3,1.0,1225,0.6636734693877551,0.2101806398915327,0.6073160931587274,0.031032531365121137
10,40,0.4,1.0,1225,0.6563265306122449,0.2101195507250639,0.6073520438224264,0.0232625030265401
12,40,0.3,1.0,1225,0.6530612244897959,0.21017584750998744,0.6073807405945144,0.03132945790259863
12,20,0.4,1.0,1225,0.6653061224489796,0.21028569863443147,0.6073849629682346,0.023530376221778993
12,30,0.7,1.0,1225,0.6653061224489796,0.21039660088302684,0.6073908089711864,0.03097354860610679
20,30,0.7,0.8,1225,0.6677551020408163,0.21037447812192586,0.6074036570522348,0.022371269067557365
12,40,0.7,1.0,1225,0.6636734693877551,0.21036546473777779,0.6074102725021792,0.023821398131989427
20,40,0.7,0.8,1225,0.6644897959183673,0.21035870872251405,0.6074192606041264,0.014996215155065138
20,30,0.4,0.8,1225,0.6628571428571428,0.21020122256435003,0.6074202519707131,0.016178324664810385
12,20,0.6,1.0,1225,0.6636734693877551,0.2104031478743038,0.6074211124352984,0.03047948140755091
6,20,0.5,1.2,1225,0.6644897959183673,0.2103322698753983,0.6074563801273207,0.02305176747931804
20,40,0.4,0.8,1225,0.6579591836734694,0.210202948245158,0.6074614697981066,0.024665804242391797
6,30,0.3,1.2,1225,0.6571428571428571,0.2102173160062449,0.6074756966580038,0.01955998160106477
12,50,0.6,1.0,1225,0.6563265306122449,0.21032104694915668,0.6075032211723539,0.02772029615320285
12,50,0.4,1.0,1225,0.6555102040816326,0.21024433583369306,0.6075357729235495,0.03201789050342041
8,30,0.4,1.2,1225,0.6587755102040816,0.21031926488857228,0.6075442405994297,0.02802483321913265
6,20,0.4,1.2,1225,0.6669387755102041,0.2103288367093047,0.607554333933896,0.02378454307257587
6,40,0.3,1.2,1225,0.6546938775510204,0.21022020149342938,0.6075653271548658,0.025155307520848942
8,40,0.4,1.2,1225,0.6563265306122449,0.2102817597923728,0.6076002429289463,0.029499730956595492
8,30,0.5,1.2,1225,0.6628571428571428,0.2103893945043525,0.6076120153297172,0.030237958008730227
16,30,0.5,1.0,1225,0.6595918367346939,0.21045492177060485,0.6076237040249575,0.03207314590504
10,20,0.5,1.0,1225,0.6661224489795918,0.21034965279099913,0.6076301935632431,0.025440217703349585
6,50,0.5,1.2,1225,0.6530612244897959,0.21028256865007633,0.6076334902766543,0.028891880444083015
16,40,0.5,1.0,1225,0.6587755102040816,0.21040700599996087,0.6076489173854709,0.029084292929334732
8,40,0.5,1.2,1225,0.6563265306122449,0.2103447663985121,0.6076535550490553,0.031729380794552675
16,30,0.4,1.0,1225,0.6563265306122449,0.21043412378837278,0.6076791330049918,0.028196044721973658
10,30,0.7,1.0,1225,0.6669387755102041,0.21046479535334955,0.6077053768235684,0.02602208029602117
16,40,0.4,1.0,1225,0.6587755102040816,0.2103914324260289,0.6077154649204402,0.03033094099240348
20,20,0.6,0.8,1225,0.6669387755102041,0.21047956150540367,0.6077207067325039,0.026148498097277803
20,20,0.5,0.8,1225,0.6653061224489796,0.21041928221033612,0.6077256769199483,0.02549654248359601
10,40,0.7,1.0,1225,0.6653061224489796,0.21045239256251377,0.6077417703296925,0.020998291067454957
10,20,0.6,1.0,1225,0.6693877551020408,0.2104724336009568,0.6077714521349311,0.025209658864970567
6,50,0.4,1.2,1225,0.6530612244897959,0.21030614665737515,0.607774984831604,0.027811371005104033
20,50,0.6,0.8,1225,0.6579591836734694,0.21044090891067943,0.6077817496775487,0.021651604904411374
10,50,0.5,1.0,1225,0.6530612244897959,0.21035261188722143,0.6077971440785517,0.02380810974883349
20,50,0.5,0.8,1225,0.6555102040816326,0.2103984271096163,0.6078127030287049,0.023029462168159907
6,20,0.6,1.2,1225,0.6677551020408163,0.21056101411696257,0.6078794457458876,0.030602006639285632
10,50,0.6,1.0,1225,0.6587755102040816,0.21045131867310296,0.6079046496375717,0.018445421787705665
30,30,0.5,0.8,1225,0.6538775510204081,0.21063105881373878,0.6079156940496366,0.02805377866889321
8,30,0.3,1.2,1225,0.6563265306122449,0.21045487519241612,0.6079209678987296,0.028062210785910157
30,40,0.5,0.8,1225,0.6612244897959184,0.2105823557181873,0.6079219688928968,0.03123310944668044
16,30,0.6,1.0,1225,0.6612244897959184,0.2106478654516584,0.6079599972082769,0.03591319508004371
10,20,0.4,1.0,1225,0.6661224489795918,0.210441483448524,0.6079663339549498,0.02802652629886852
16,40,0.6,1.0,1225,0.6612244897959184,0.2105953098045651,0.607974678033284,0.032022068641133626
8,40,0.3,1.2,1225,0.6546938775510204,0.2104241635776697,0.6079908345640102,0.0304417279347741
12,20,0.3,1.0,1225,0.6587755102040816,0.21052669274057817,0.6080102760677623,0.024567544653360477
6,50,0.6,1.2,1225,0.6555102040816326,0.2104844596769949,0.6080125117875816,0.0296025790561203
30,40,0.6,0.8,1225,0.6628571428571428,0.21069714044986615,0.6080681036870338,0.028186996588417834
30,30,0.6,0.8,1225,0.6546938775510204,0.21074914570981432,0.6080691834416351,0.03109662557888633
10,30,0.3,1.0,1225,0.6587755102040816,0.21042011364702126,0.6080792394531256,0.02585092279330166
30,30,0.4,0.8,1225,0.6555102040816326,0.21066498761678082,0.6080972084419436,0.023992564974164746
16,30,0.3,1.0,1225,0.6538775510204081,0.21059186903659174,0.6081106763167733,0.028271234679415884
30,40,0.4,0.8,1225,0.6636734693877551,0.2106203989293983,0.6081121889811819,0.02250321644849226
12,20,0.7,1.0,1225,0.6685714285714286,0.2107494346297466,0.6081265189190467,0.028960765555247958
6,30,0.7,1.2,1225,0.6653061224489796,0.21065581777719747,0.6081318700269854,0.029772221686075594
20,20,0.4,0.8,1225,0.6636734693877551,0.21054444705424347,0.6081340423185999,0.026388852771420706
20,20,0.7,0.8,1225,0.6669387755102041,0.2107201874739472,0.6081399900188255,0.026595895292381218
6,20,0.3,1.2,1225,0.6604081632653062,0.21055540044148546,0.608144238608541,0.02665532210365491
8,30,0.6,1.2,1225,0.6628571428571428,0.21065769929661063,0.6081454437534431,0.03253316319767264
16,40,0.3,1.0,1225,0.6604081632653062,0.21055448447748357,0.6081585295788245,0.025615595858218324
10,40,0.3,1.0,1225,0.6571428571428571,0.21043946777588138,0.6081616855625601,0.021394250840196877
6,40,0.7,1.2,1225,0.6628571428571428,0.21062375960945998,0.6081638253698232,0.022722901643627422
10,50,0.4,1.0,1225,0.6555102040816326,0.2104692942717302,0.6081696628878775,0.029870613736663415
16,30,0.6,0.8,1225,0.6693877551020408,0.21052034756794283,0.6081699701832598,0.01632102534539861
8,40,0.6,1.2,1225,0.6604081632653062,0.21060621432068774,0.6081721224684142,0.03260521590787845
12,50,0.7,1.0,1225,0.6579591836734694,0.21065009503969676,0.6081787330092432,0.02838557312148753
20,50,0.7,0.8,1225,0.6612244897959184,0.21066663165762747,0.6081807647781784,0.02429520769265458
12,50,0.3,1.0,1225,0.6612244897959184,0.2105061400120755,0.6081982225717982,0.027573015744084432
16,40,0.6,0.8,1225,0.6653061224489796,0.21053587815810113,0.6082156310259651,0.016215593552193052
20,30,0.3,0.8,1225,0.6604081632653062,0.21051708266729294,0.608222155190973,0.02522960788365239
20,50,0.4,0.8,1225,0.6563265306122449,0.210543269994278,0.6082518105264613,0.0253587368094258
8,20,0.4,1.2,1225,0.6604081632653062,0.21068055643489444,0.6082531484039458,0.031493852333879226
20,30,0.8,0.8,1225,0.6677551020408163,0.21079021477997842,0.6082647871609612,0.022661031795870246
20,40,0.3,0.8,1225,0.6563265306122449,0.21052555973784004,0.6082749741917964,0.02414354378336878
20,40,0.8,0.8,1225,0.6677551020408163,0.210770651573672,0.6082759738957331,0.026530081688794352
16,30,0.5,0.8,1225,0.6661224489795918,0.21051288094748802,0.6083204257712781,0.019300745551165982
8,20,0.5,1.2,1225,0.6604081632653062,0.21075322922731435,0.6083346796763605,0.03939371690227413
16,20,0.5,1.0,1225,0.6530612244897959,0.21082409341341088,0.6083640628817054,0.03981135070138431
16,40,0.5,0.8,1225,0.6604081632653062,0.2105361438632534,0.6083752327236887,0.01664873245302548
6,50,0.3,1.2,1225,0.6595918367346939,0.2105580568099844,0.6084071981949395,0.02579330761041583
16,20,0.4,1.0,1225,0.6514285714285715,0.2108021950930479,0.6084092861393177,0.03531799108306426
8,50,0.4,1.2,1225,0.6571428571428571,0.21056210357373745,0.6084147549396399,0.032604625222534434
10,20,0.7,1.0,1225,0.6710204081632654,0.21080528849252794,0.608420348273822,0.026741020301823393
16,50,0.5,1.0,1225,0.6563265306122449,0.21067427103828593,0.608433205610929,0.03756475671936374
8,50,0.5,1.2,1225,0.6563265306122449,0.21061349894891418,0.6084528593991698,0.03330655789709895
16,30,0.7,0.8,1225,0.6661224489795918,0.2107345682778306,0.6084947932325269,0.023679156501528072
16,50,0.4,1.0,1225,0.6595918367346939,0.21066798722072078,0.6085118283336995,0.0296396712959923
10,50,0.7,1.0,1225,0.6579591836734694,0.2107621433999827,0.6085236015493373,0.02195953347073598
16,40,0.7,0.8,1225,0.6661224489795918,0.2107431355055007,0.6085334143650921,0.017819038758720637
30,40,0.7,0.8,1225,0.6595918367346939,0.21095753947297946,0.6085627888307277,0.034159728026391105
30,30,0.7,0.8,1225,0.6530612244897959,0.21101173270436094,0.6085696270607016,0.035061095222126075
12,30,0.8,1.0,1225,0.6669387755102041,0.21092353067778874,0.6085765588352532,0.02615890175153265
8,30,0.6,1.0,1225,0.6636734693877551,0.2106744491418025,0.6085808895296195,0.013645457516858637
12,40,0.8,1.0,1225,0.6620408163265306,0.21088770548338956,0.6085876408215902,0.027699478073877352
30,30,0.3,0.8,1225,0.6546938775510204,0.2108560448465531,0.608601839397486,0.02378314011146216
8,30,0.5,1.0,1225,0.6644897959183673,0.21060980932742876,0.6086020302570675,0.02057468345407971
8,20,0.3,1.2,1225,0.6587755102040816,0.21081354592386997,0.6086174497848227,0.026223599019270533
30,40,0.3,0.8,1225,0.6628571428571428,0.21081595390533006,0.6086267028316532,0.02471023851350071
8,40,0.6,1.0,1225,0.6636734693877551,0.21069803951247557,0.6086552751293812,0.015708579278235487
30,20,0.5,0.8,1225,0.6514285714285715,0.21100557108771045,0.6086752715567669,0.03569072572169214
8,40,0.5,1.0,1225,0.6628571428571428,0.2106431623329935,0.6086875305641994,0.017735189911015983
30,50,0.5,0.8,1225,0.6620408163265306,0.21085315404632704,0.6086876136632191,0.03358991947757637
16,30,0.7,1.0,1225,0.6604081632653062,0.2110037608261567,0.6087037115443417,0.045668556464891846
16,40,0.7,1.0,1225,0.6595918367346939,0.21094751204806383,0.6087087319408648,0.037087096812106576
16,20,0.6,1.0,1225,0.6538775510204081,0.21101727394447217,0.6087106114037559,0.038690921947623746
16,50,0.6,1.0,1225,0.6595918367346939,0.2108535964124835,0.6087481060723383,0.035149848075767466
10,20,0.3,1.0,1225,0.6604081632653062,0.210750000582765,0.6087528061578467,0.028268643403773462
8,50,0.3,1.2,1225,0.6563265306122449,0.21071539427857083,0.6088206816308024,0.0413956862304802
30,50,0.6,0.8,1225,0.6612244897959184,0.21096062432616103,0.6088257365748987,0.04137666533776222
12,60,0.5,1.0,1225,0.6587755102040816,0.21080845085789499,0.6088283903691195,0.032352289872894444
16,20,0.3,1.0,1225,0.6506122448979592,0.2109583956825047,0.6088308427976998,0.032548764791659496
30,20,0.6,0.8,1225,0.6538775510204081,0.21112291140780384,0.6088355096648199,0.03372624953359942
30,20,0.4,0.8,1225,0.6506122448979592,0.21103918179724412,0.6088492353569138,0.03658570604183596
6,20,0.7,1.2,1225,0.6677551020408163,0.21100751709540522,0.6088553976918604,0.025564091482273767
16,20,0.6,0.8,1225,0.6710204081632654,0.21084806793592287,0.6088738466002825,0.0289223704217188
8,20,0.6,1.2,1225,0.6555102040816326,0.2110234977721406,0.6088830118277088,0.03727265201606858
10,30,0.8,1.0,1225,0.6669387755102041,0.2110009627788936,0.6088862895765166,0.02531903179849715
30,50,0.4,0.8,1225,0.6628571428571428,0.2108990759352156,0.608887739346503,0.03175717910549798
10,40,0.8,1.0,1225,0.6644897959183673,0.21098218180778247,0.6089145316139292,0.024341768574990274
16,30,0.4,0.8,1225,0.6661224489795918,0.21071306174341697,0.6089154903462598,0.023478575307516382
20,20,0.3,0.8,1225,0.6604081632653062,0.21085783780422987,0.608926677495747,0.030177440181242726
6,50,0.7,1.2,1225,0.6563265306122449,0.21090572723323633,0.6089451835505262,0.033437850613776854
8,50,0.6,1.2,1225,0.6555102040816326,0.21086329579427196,0.6089565640399139,0.0401365726599976
16,50,0.3,1.0,1225,0.6604081632653062,0.2108400584940873,0.6089679853791654,0.03046090970259413
16,40,0.4,0.8,1225,0.6563265306122449,0.2107444423570185,0.6089811516826364,0.0220616824360133
10,50,0.3,1.0,1225,0.6604081632653062,0.2108018713329469,0.6089943862756114,0.020352706576784906
16,50,0.6,0.8,1225,0.6595918367346939,0.2108883524085541,0.6090051163213359,0.019765130334348367
20,20,0.8,0.8,1225,0.6669387755102041,0.21113424937196726,0.6090059158985288,0.02661607224625376
16,20,0.5,0.8,1225,0.6693877551020408,0.21083839809247212,0.6090164848830733,0.027965357418784163
12,60,0.6,1.0,1225,0.6571428571428571,0.21092919695089565,0.609022435124311,0.032884350301927066
20,50,0.8,0.8,1225,0.6628571428571428,0.21106935166175167,0.6090333793592853,0.026491588875824184
20,50,0.3,0.8,1225,0.6628571428571428,0.210876888107179,0.6090792874847129,0.024053574380961097
12,60,0.4,1.0,1225,0.6636734693877551,0.2108854583056402,0.6090818859573822,0.03194373628432729
8,30,0.7,1.0,1225,0.6685714285714286,0.21097960112202838,0.6091238302341143,0.020171275312446967
8,30,0.4,1.0,1225,0.6636734693877551,0.21078386715021502,0.6091430820302893,0.02346052046502951
8,30,0.7,1.2,1225,0.6669387755102041,0.2111134193879364,0.6091661478683331,0.03790055744070158
16,50,0.5,0.8,1225,0.6628571428571428,0.2109018406066914,0.6091752398859015,0.02433047476930427
8,40,0.7,1.2,1225,0.6620408163265306,0.21105579039156008,0.609177918188266,0.039109058956409266
6,60,0.5,1.2,1225,0.6555102040816326,0.21090999022531154,0.6091850323922859,0.034540542924519656
8,40,0.7,1.0,1225,0.6685714285714286,0.21099388426427715,0.609188664683894,0.01450675238585662
16,20,0.7,0.8,1225,0.6710204081632654,0.2110634044108947,0.6092051545652237,0.026919980147333877
8,40,0.4,1.0,1225,0.6628571428571428,0.21082695413358365,0.6092407524307955,0.023474367645599563
8,20,0.6,1.0,1225,0.6693877551020408,0.2109935049210948,0.6092559818326958,0.02632191897170292
8,20,0.5,1.0,1225,0.6693877551020408,0.21092508975302618,0.6092671074183946,0.027164432324316024
20,60,0.6,0.8,1225,0.6604081632653062,0.21107916421232287,0.6092889814818567,0.03198674725281942
30,50,0.7,0.8,1225,0.6644897959183673,0.21121464329651413,0.6093145617502466,0.04366716757991918
16,50,0.7,0.8,1225,0.6636734693877551,0.21108284007301256,0.6093152532665184,0.02221310973460515
12,20,0.8,1.0,1225,0.6685714285714286,0.2112755378107408,0.6093216058109454,0.031884196585236106
16,30,0.8,0.8,1225,0.6677551020408163,0.2111529970364749,0.6093296640232834,0.017630673247583686
20,60,0.5,0.8,1225,0.6604081632653062,0.2110525735914365,0.6093308204622434,0.03158230857463479
10,60,0.5,1.0,1225,0.6628571428571428,0.21101369718464422,0.6093398100813279,0.030803992643899818
30,20,0.7,0.8,1225,0.6538775510204081,0.2113834553854505,0.6093416674457933,0.03617811850019907
6,60,0.4,1.2,1225,0.6587755102040816,0.21095270695448065,0.6093433795637392,0.035941933238128186
30,20,0.3,0.8,1225,0.6506122448979592,0.21122921122564758,0.6093456756901321,0.03019603991455541
12,50,0.8,1.0,1225,0.6612244897959184,0.21116220007335754,0.6093486173641174,0.03166476370208992
16,40,0.8,0.8,1225,0.6685714285714286,0.2111556603410779,0.6093638798592829,0.016611433677842468
30,50,0.3,0.8,1225,0.6604081632653062,0.2111025726714177,0.6094138660725491,0.03636050808221987
30,40,0.8,0.8,1225,0.6604081632653062,0.2113543968419788,0.6094178727680009,0.040895648819199056
30,30,0.8,0.8,1225,0.6546938775510204,0.21140948981071075,0.6094285727369579,0.041183930407498806
10,60,0.6,1.0,1225,0.6628571428571428,0.21109352313738716,0.6094343290669301,0.030068617284315972
16,20,0.7,1.0,1225,0.6530612244897959,0.21137225951201294,0.609464358574779,0.03978064762835817
16,50,0.7,1.0,1225,0.6604081632653062,0.21119756944462847,0.6094728160626229,0.04161072267782781
8,50,0.6,1.0,1225,0.6636734693877551,0.21105823197565102,0.6094735382412962,0.022291886725263905
8,50,0.5,1.0,1225,0.6653061224489796,0.21101903200392716,0.6095180470591345,0.02234740772855993
6,60,0.6,1.2,1225,0.6563265306122449,0.211092077612338,0.6095486948649512,0.03333869550922026
16,20,0.4,0.8,1225,0.6669387755102041,0.21103559069595315,0.6096027479605303,0.02874033441548026
10,20,0.8,1.0,1225,0.6710204081632654,0.21134181171082886,0.6096103003614026,0.025084152856506333
6,30,0.8,1.2,1225,0.6685714285714286,0.21130891392425866,0.609680094897352,0.02935507701141806
20,60,0.7,0.8,1225,0.6604081632653062,0.21128945773327862,0.6096803774273669,0.03195814213144196
12,60,0.7,1.0,1225,0.6587755102040816,0.2112419962970101,0.6096881667357911,0.0372929163961086
10,50,0.8,1.0,1225,0.6612244897959184,0.2112796043922586,0.6096890453822762,0.030151651231702308
6,40,0.8,1.2,1225,0.6628571428571428,0.21126930192562418,0.6096984934547377,0.027826903342836138
10,60,0.4,1.0,1225,0.6661224489795918,0.2111487783088891,0.609727722439551,0.03149121090936182
12,60,0.3,1.0,1225,0.6636734693877551,0.2111627576305266,0.6097607984805556,0.03316136921380487
20,60,0.4,0.8,1225,0.6644897959183673,0.211213277121493,0.6097837048878236,0.03237473266330072
16,50,0.4,0.8,1225,0.6595918367346939,0.2111233509071441,0.6097941077751549,0.031464964462577065
8,20,0.4,1.0,1225,0.6702040816326531,0.21109494844968707,0.6097979310264646,0.029141147337234188
8,20,0.7,1.0,1225,0.6726530612244898,0.21130161304422518,0.6098082907477604,0.03039000553957436
16,40,0.8,1.0,1225,0.6571428571428571,0.21145256612944283,0.6098666491757163,0.04250494177427999
16,30,0.8,1.0,1225,0.6628571428571428,0.21151134120207213,0.6098700465343533,0.047660147384017824
8,20,0.7,1.2,1225,0.6555102040816326,0.21148024564585458,0.6099194328590214,0.042608447018915696
16,30,0.3,0.8,1225,0.6604081632653062,0.2111197053889945,0.6099283138603298,0.027199785610579216
8,50,0.7,1.2,1225,0.6546938775510204,0.21130171283679672,0.6099482114485562,0.043652296123943016
16,60,0.5,1.0,1225,0.6604081632653062,0.2112480045648875,0.6099681237069742,0.03828766582547496
8,60,0.4,1.2,1225,0.6604081632653062,0.21115172813772715,0.6099794436869169,0.03818401300143326
6,60,0.3,1.2,1225,0.6587755102040816,0.21122230098325154,0.6099936308752728,0.03327019758523375
8,50,0.7,1.0,1225,0.6579591836734694,0.21133849468242177,0.6099971512063604,0.025347800311675616
10,30,0.4,1.2,1225,0.6538775510204081,0.2112861864824427,0.6099974296622092,0.03977209427134563
8,60,0.5,1.2,1225,0.6604081632653062,0.21118711966897105,0.6100015296406367,0.03447705396427812
16,40,0.3,0.8,1225,0.6604081632653062,0.21115912777039267,0.610006258828556,0.023961006864049932
10,60,0.7,1.0,1225,0.6661224489795918,0.2113855767502329,0.6100431794866473,0.0309374175877669
16,20,0.8,0.8,1225,0.6751020408163265,0.21148164759806193,0.6100447069707249,0.03191573269285507
10,40,0.4,1.2,1225,0.6563265306122449,0.21122845343588045,0.6100499779328602,0.03881694815752547
16,60,0.4,1.0,1225,0.6595918367346939,0.21125501298819047,0.6100598444372561,0.04123131100289065
8,50,0.4,1.0,1225,0.6644897959183673,0.21121802585123803,0.6100854159108225,0.027868534884501753
16,50,0.8,0.8,1225,0.6669387755102041,0.21148341367895424,0.6101415333566506,0.0225414829799388
10,30,0.5,1.2,1225,0.6530612244897959,0.211394321390791,0.6101618286042165,0.0441141898492102
30,50,0.8,0.8,1225,0.6636734693877551,0.21160628844102305,0.610166251187572,0.04400587729546691
8,30,0.3,1.0,1225,0.6612244897959184,0.21119295383036465,0.6101663646287804,0.026286956983142422
10,40,0.5,1.2,1225,0.6579591836734694,0.21133061464856864,0.6102000990160238,0.0408068738874806
30,60,0.5,0.8,1225,0.6636734693877551,0.2114345034815656,0.6102042368560892,0.03897807878618301
30,20,0.8,0.8,1225,0.6538775510204081,0.21177776039172544,0.610205004009653,0.036716511289135646
10,30,0.3,1.2,1225,0.6522448979591837,0.2113664056795229,0.61024318144153,0.03791105357731532
16,60,0.6,1.0,1225,0.6604081632653062,0.21141408215476892,0.6102717576883123,0.03935045752657791
8,40,0.3,1.0,1225,0.6604081632653062,0.2112452008432913,0.6102769242137104,0.02906171288818665
8,30,0.8,1.0,1225,0.6653061224489796,0.21152576181382263,0.6102824700262742,0.019078104699573408
10,40,0.3,1.2,1225,0.6555102040816326,0.2113143571163543,0.6103092476340173,0.03614013586548706
30,60,0.6,0.8,1225,0.6620408163265306,0.21153068790829588,0.61033361587141,0.04174192106486585
8,40,0.8,1.0,1225,0.6661224489795918,0.2115315972995788,0.6103400251382894,0.018460345161543767
8,60,0.3,1.2,1225,0.6653061224489796,0.21131991573251044,0.6104022288802857,0.03777705882275118
30,60,0.4,0.8,1225,0.6604081632653062,0.21149203214580556,0.610415531374993,0.0390566596057734
20,30,0.4,1.0,1225,0.6514285714285715,0.2115563108048018,0.6104163478698421,0.04010188196175844
6,20,0.8,1.2,1225,0.6685714285714286,0.21166213737758327,0.6104187031202775,0.02822901348012893
20,30,0.5,1.0,1225,0.6514285714285715,0.21160928645092303,0.6104458818073719,0.045153424533524736
20,40,0.4,1.0,1225,0.6546938775510204,0.2114921927725345,0.6104506075203636,0.03871742297824055
6,50,0.8,1.2,1225,0.6587755102040816,0.21153779218899654,0.6104677730731394,0.033067344954125104
6,60,0.7,1.2,1225,0.6571428571428571,0.2114935426559849,0.610467997494199,0.03471324426842133
20,40,0.5,1.0,1225,0.6579591836734694,0.21154087909665456,0.6104695939346965,0.04089121939009916
8,60,0.6,1.2,1225,0.6579591836734694,0.21142057502286354,0.6104902914507149,0.04449052999947868
20,60,0.8,0.8,1225,0.6604081632653062,0.21167757257775427,0.6105291156272283,0.03417954387720171
16,60,0.3,1.0,1225,0.6628571428571428,0.21143976168411618,0.610530718278819,0.03885477935377495
16,60,0.6,0.8,1225,0.6636734693877551,0.21156894996313644,0.610531071106156,0.0327187842527537
10,60,0.3,1.0,1225,0.6636734693877551,0.21149857922339468,0.6105699213102097,0.036500437385808215
16,20,0.3,0.8,1225,0.6620408163265306,0.2114388439214281,0.6106060204593093,0.03217838588346806
16,50,0.8,1.0,1225,0.6587755102040816,0.21169542963606888,0.6106232910047014,0.045393557842006986
20,60,0.3,0.8,1225,0.6661224489795918,0.21156212521882384,0.6106275789518018,0.03433535086418174
16,20,0.8,1.0,1225,0.6571428571428571,0.21187763253230277,0.6106401466905244,0.046285190298380983
8,40,0.8,1.2,1225,0.6612244897959184,0.2116807046394959,0.6106928357109148,0.03894364794866363
8,30,0.8,1.2,1225,0.6653061224489796,0.21174347222646386,0.6106955387365413,0.04261838699797268
16,60,0.5,0.8,1225,0.6636734693877551,0.2116011072705624,0.61071316305416,0.03205510853355998
10,20,0.4,1.2,1225,0.6546938775510204,0.21165857848478814,0.6107211165314193,0.038124687369408654
20,30,0.3,1.0,1225,0.6522448979591837,0.21166513312004775,0.610729895360873,0.03610512306797034
10,30,0.6,1.2,1225,0.6522448979591837,0.21168224520371245,0.6107539045357817,0.04877256999300036
20,40,0.3,1.0,1225,0.6538775510204081,0.2116053702529934,0.6107749617183268,0.03631888282688255
10,40,0.6,1.2,1225,0.6604081632653062,0.21161287290915795,0.6107773022848203,0.04717928734413882
8,20,0.3,1.0,1225,0.6620408163265306,0.21149987302863318,0.6108110446969862,0.0342528549284428
30,60,0.7,0.8,1225,0.6620408163265306,0.21177417908816282,0.6108163939664247,0.04364718899159211
20,30,0.6,1.0,1225,0.6538775510204081,0.211817192266916,0.6108315934564387,0.04728518184820978
16,60,0.7,0.8,1225,0.6661224489795918,0.21174490820989014,0.6108328740151286,0.030993752821560066
16,50,0.3,0.8,1225,0.6636734693877551,0.21155069860601752,0.6108342672695612,0.028326124955427197
20,40,0.6,1.0,1225,0.6571428571428571,0.21174506229289938,0.6108451747929884,0.04373899321982553
12,60,0.8,1.0,1225,0.6628571428571428,0.21173859575014492,0.6108513654432572,0.03933144623672978
10,50,0.4,1.2,1225,0.6604081632653062,0.21147941385364866,0.6108719824418446,0.041115848733007415
12,0,0.5,1.0,1225,0.6530612244897959,0.21195492258691317,0.6108933693334636,0.04739910728979819
10,20,0.5,1.2,1225,0.6522448979591837,0.21176862476344152,0.6108993354353153,0.04492400887509374
10,20,0.3,1.2,1225,0.6563265306122449,0.21173679676141366,0.6109544725472652,0.03532156839994848
30,60,0.3,0.8,1225,0.6653061224489796,0.21170688414992572,0.6109550527575628,0.03386346787732314
8,20,0.8,1.0,1225,0.6726530612244898,0.21184959096978478,0.6109750312691538,0.02869591217291689
16,60,0.7,1.0,1225,0.6628571428571428,0.21174536287678916,0.610987349952005,0.036570707834373814
10,50,0.5,1.2,1225,0.6612244897959184,0.21157163181712327,0.6110073300421345,0.04347322780706718
8,60,0.6,1.0,1225,0.6620408163265306,0.21174647155236156,0.611028435206491,0.032865785275980025
12,0,0.4,1.0,1225,0.6514285714285715,0.21200452435266395,0.6110795774039728,0.04682106196745485
8,60,0.5,1.0,1225,0.6579591836734694,0.21172878667595235,0.6110864023254483,0.035134197828590986
6,0,0.5,1.2,1225,0.6620408163265306,0.2120263934779917,0.6111246853791148,0.0460702180760027
8,50,0.3,1.0,1225,0.6653061224489796,0.21165037190013594,0.6111372272613703,0.026299058430401766
8,50,0.8,1.0,1225,0.6620408163265306,0.21186120691525437,0.6111420085625086,0.02635525862000946
10,50,0.3,1.2,1225,0.6587755102040816,0.21157460517413088,0.6111459225159552,0.03744672096079168
12,0,0.6,1.0,1225,0.6514285714285715,0.21209942015908925,0.611152304607143,0.04840000830127844
20,20,0.4,1.0,1225,0.6506122448979592,0.21193743893765918,0.6111607863538442,0.04252145118445615
6,0,0.4,1.2,1225,0.6579591836734694,0.21203122168127586,0.6111991781287655,0.04568951957713071
20,20,0.5,1.0,1225,0.6530612244897959,0.21199111058199024,0.6112001904660286,0.04403085450930755
10,60,0.8,1.0,1225,0.6636734693877551,0.21188483886022413,0.6112020447860819,0.03773821087220998
12,30,0.6,0.8,1225,0.6693877551020408,0.21168915279133227,0.6112320831037721,0.028914742256742537
20,50,0.4,1.0,1225,0.6595918367346939,0.21173895119440858,0.6112567418892263,0.039723528972759395
20,50,0.5,1.0,1225,0.6604081632653062,0.2117798161508915,0.6112644632175869,0.042009752213211925
10,0,0.5,1.0,1225,0.6563265306122449,0.21205153571253035,0.6112901602014374,0.050412193012694353
12,40,0.6,0.8,1225,0.6644897959183673,0.21174249652768354,0.6113171040003257,0.023261368177573048
16,60,0.4,0.8,1225,0.6653061224489796,0.2118408834887474,0.611347135215645,0.03501685791792604
12,30,0.7,0.8,1225,0.6636734693877551,0.21185561368796763,0.6114087384225829,0.021850217044632848
20,0,0.5,0.8,1225,0.6555102040816326,0.2121419419006252,0.6114451291638829,0.04892062257078079
10,0,0.6,1.0,1225,0.6571428571428571,0.21216255542362483,0.611449959916033,0.05199653119323389
8,50,0.8,1.2,1225,0.6587755102040816,0.2119163275365194,0.6114501964424536,0.04398303362180404
20,0,0.6,0.8,1225,0.6538775510204081,0.21218883746324324,0.6114523595461933,0.051245955815476224
20,20,0.3,1.0,1225,0.6522448979591837,0.21204516903519066,0.6114647620694107,0.038670295081778196
8,20,0.8,1.2,1225,0.6604081632653062,0.21211017702391496,0.6114648885278864,0.04734714031883053
8,60,0.7,1.2,1225,0.6595918367346939,0.211842925920272,0.611468460866978,0.04264104816448838
12,40,0.7,0.8,1225,0.6669387755102041,0.21189959640777237,0.6114870840566665,0.025506545007297352
10,20,0.6,1.2,1225,0.6522448979591837,0.21205786162212925,0.6115065044007133,0.05095595886223571
8,60,0.7,1.0,1225,0.6628571428571428,0.21200495827603846,0.6115419702750502,0.03315635349865331
10,50,0.6,1.2,1225,0.6620408163265306,0.21184397149861794,0.6115698373164231,0.04437108113201958
6,0,0.6,1.2,1225,0.6604081632653062,0.21224489879937689,0.6115757299272305,0.04756966377403211
20,30,0.7,1.0,1225,0.6546938775510204,0.2121705125598913,0.6115860747727676,0.048411122657780845
20,40,0.7,1.0,1225,0.6587755102040816,0.21209558623128333,0.6115901844927933,0.04967671796718501
20,50,0.3,1.0,1225,0.6571428571428571,0.21185969474874633,0.6115931699002353,0.038297747933047514
20,20,0.6,1.0,1225,0.6506122448979592,0.21219889222054972,0.6115959258489543,0.051169721033280234
12,30,0.5,0.8,1225,0.6644897959183673,0.2117676260819404,0.6116012936481202,0.029576461054434525
10,0,0.4,1.0,1225,0.6563265306122449,0.21215269706822282,0.6116098784412521,0.049816008383700705
20,50,0.6,1.0,1225,0.6579591836734694,0.21197649684670022,0.6116297589844435,0.05178509872282243
16,60,0.8,0.8,1225,0.6661224489795918,0.21212753201478424,0.6116550970732052,0.039899770640886026
30,60,0.8,0.8,1225,0.6620408163265306,0.21215634587026183,0.6116650603528659,0.04580099204410025
8,60,0.4,1.0,1225,0.6604081632653062,0.21194837977204659,0.6116699517048775,0.038477421852735415
12,0,0.3,1.0,1225,0.6506122448979592,0.21225354006751293,0.6116900308426217,0.04622764564269919
12,40,0.5,0.8,1225,0.6693877551020408,0.21183076721440292,0.6116955082867411,0.03156769780383223
6,0,0.3,1.2,1225,0.6530612244897959,0.2122647823877758,0.6117704719683417,0.04571413506262497
10,30,0.7,1.2,1225,0.6530612244897959,0.21213827506059224,0.6117906231478439,0.051840565773426335
10,40,0.7,1.2,1225,0.6579591836734694,0.21206398709570154,0.6117988483059619,0.04822260437437603
20,0,0.4,0.8,1225,0.6514285714285715,0.21227755475120083,0.6118414313484014,0.05054041770660036
12,0,0.7,1.0,1225,0.6546938775510204,0.2124302725316065,0.6118785484295635,0.046171012717833436
20,0,0.7,0.8,1225,0.6538775510204081,0.2124128705477728,0.6118834794863457,0.050138442488171155
12,20,0.6,0.8,1225,0.6693877551020408,0.21198991020810706,0.6118968583418999,0.033832648575488636
6,60,0.8,1.2,1225,0.6595918367346939,0.2121063206258159,0.6119798922505181,0.04071058429208966
8,0,0.4,1.2,1225,0.6587755102040816,0.21238424314518092,0.6119812075890465,0.047279829285026095
6,30,0.6,1.0,1225,0.6612244897959184,0.21203149581055686,0.6120498327900123,0.025019900277510446
12,20,0.7,0.8,1225,0.6718367346938775,0.212159254563781,0.612079372449731,0.03125852520204492
8,0,0.5,1.2,1225,0.6587755102040816,0.2124479195621821,0.6120881494220252,0.04910144307010461
10,0,0.7,1.0,1225,0.6579591836734694,0.21248082672231364,0.6121189281356219,0.04803100408597127
16,60,0.8,1.0,1225,0.6653061224489796,0.21223143575460585,0.6121312570692178,0.039789913958509955
12,50,0.6,0.8,1225,0.6628571428571428,0.21214358008195364,0.6121465181919556,0.026517751243635007
16,0,0.5,1.0,1225,0.6538775510204081,0.21253642976094908,0.6121573162307343,0.047178172623458976
6,40,0.6,1.0,1225,0.6595918367346939,0.2120967266004141,0.6121698982228365,0.025994797543079203
16,0,0.4,1.0,1225,0.6530612244897959,0.21252491773364446,0.6121848086086783,0.046980694563656306
12,30,0.8,0.8,1225,0.6628571428571428,0.21227500960694534,0.6121915601561918,0.01229574478897737
12,20,0.5,0.8,1225,0.6693877551020408,0.2120646367100185,0.6122585917790048,0.03741088030159645
12,40,0.8,0.8,1225,0.6693877551020408,0.21231048615833273,0.6122665490546261,0.026106130445738344
6,30,0.5,1.0,1225,0.6628571428571428,0.2120568807294785,0.6123058259456476,0.028801285986913477
12,50,0.7,0.8,1225,0.6677551020408163,0.21228488930599382,0.6123089643387921,0.0332620177581832
8,0,0.3,1.2,1225,0.6579591836734694,0.21252480369544005,0.6123249506861024,0.047200413663564006
20,20,0.7,1.0,1225,0.6522448979591837,0.2125509808223984,0.6123603542225187,0.05353812654698233
20,50,0.7,1.0,1225,0.6579591836734694,0.21232026520497982,0.6123657196544802,0.053025769610536205
10,0,0.3,1.0,1225,0.6563265306122449,0.2124687099568565,0.6123823696972506,0.0514073205319732
16,60,0.3,0.8,1225,0.6653061224489796,0.2122854778555714,0.6124051667808715,0.03826679617316539
6,40,0.5,1.0,1225,0.6636734693877551,0.2121335721215435,0.6124360102892806,0.026777086992846536
6,30,0.7,1.0,1225,0.6620408163265306,0.21229127203603684,0.6124372791079989,0.020660485506551116
10,60,0.4,1.2,1225,0.6604081632653062,0.2120304190151169,0.6124545670758195,0.0395479367655441
12,30,0.4,0.8,1225,0.6653061224489796,0.21208266202858841,0.612466114240577,0.03571851349242482
30,0,0.5,0.8,1225,0.6489795918367347,0.21274312363255218,0.6125079470376711,0.047187564785271446
16,0,0.6,1.0,1225,0.6555102040816326,0.21271664187710634,0.6125235990122393,0.0481114646529851
12,50,0.5,0.8,1225,0.6579591836734694,0.21224765247351338,0.6125358719080068,0.03064714710632555
16,0,0.6,0.8,1225,0.6620408163265306,0.2125451283218739,0.6125445394907583,0.051694266367682824
6,40,0.7,1.0,1225,0.6669387755102041,0.21234514083349681,0.6125494166843959,0.030399194159664453
10,20,0.7,1.2,1225,0.6555102040816326,0.212514248869712,0.6125593074474943,0.06103597519727161
12,40,0.4,0.8,1225,0.6661224489795918,0.2121555751082892,0.6125714448078513,0.03913446483689952
10,60,0.5,1.2,1225,0.6612244897959184,0.2121088205604056,0.6125745807705991,0.04278955051356038
10,50,0.7,1.2,1225,0.6604081632653062,0.21228571233916957,0.612577074824907,0.0494488928474592
6,0,0.7,1.2,1225,0.6604081632653062,0.21267870545984002,0.612583505623074,0.04666884893049029
16,0,0.3,1.0,1225,0.6522448979591837,0.21268949402126253,0.6125909405171373,0.04690500376436812
20,0,0.3,0.8,1225,0.6489795918367347,0.21259894025768364,0.612622454568932,0.0517577530231059
8,0,0.6,1.2,1225,0.6587755102040816,0.21270707051962792,0.6126664196299401,0.05037993797874727
30,0,0.4,0.8,1225,0.6481632653061224,0.2127875983070013,0.612670192897481,0.04698333226132159
16,0,0.5,0.8,1225,0.6579591836734694,0.2125477771387245,0.6126754640342453,0.05188067117295709
30,0,0.6,0.8,1225,0.6522448979591837,0.2128466985547152,0.6126799493480971,0.04765688986470708
6,20,0.6,1.0,1225,0.6710204081632654,0.21232059026949981,0.6126804968508206,0.03441061877138622
8,60,0.8,1.0,1225,0.6628571428571428,0.2125061996435635,0.6126810149461167,0.041749787432220395
20,40,0.8,1.0,1225,0.6595918367346939,0.212581243911246,0.6127163752214042,0.053440366807439424
20,30,0.8,1.0,1225,0.6530612244897959,0.21265782004095918,0.6127207704916446,0.05504365622972662
8,60,0.3,1.0,1225,0.6595918367346939,0.2123997008520694,0.6127401999431928,0.037901059878093606
10,60,0.3,1.2,1225,0.6563265306122449,0.21213841711712103,0.6127443807666171,0.04167065637597371
20,0,0.8,0.8,1225,0.6571428571428571,0.21280705231935232,0.6127601991347991,0.04802681406881086
20,60,0.5,1.0,1225,0.6636734693877551,0.21231732535495046,0.6128215144255986,0.0425037641651514
20,60,0.4,1.0,1225,0.6661224489795918,0.2122877491077013,0.61282583817327,0.038411629231771646
8,0,0.5,1.0,1225,0.6595918367346939,0.21261268520510432,0.6128628519109622,0.05181505612613812
12,20,0.8,0.8,1225,0.6644897959183673,0.21258033160612935,0.6128657534417649,0.023931930492738306
8,0,0.6,1.0,1225,0.6604081632653062,0.21267041622177504,0.6128684747730389,0.0518589454288075
16,0,0.7,0.8,1225,0.6604081632653062,0.2127450102826968,0.6128872120185646,0.052263768310105346
6,20,0.5,1.0,1225,0.6710204081632654,0.21234094777279242,0.6129278520216276,0.039060165545465896
8,60,0.8,1.2,1225,0.6587755102040816,0.21244218822081073,0.6129589540467384,0.04744467190866644
6,50,0.6,1.0,1225,0.6636734693877551,0.21251014833138362,0.6130354089857944,0.029962213204892493
6,20,0.7,1.0,1225,0.6620408163265306,0.21258480844173155,0.6130754577580375,0.024269440889537575
12,50,0.8,0.8,1225,0.6644897959183673,0.21268049587401924,0.6130852303179191,0.04113753942609421
12,0,0.8,1.0,1225,0.6546938775510204,0.21293794045921083,0.6130951957465526,0.04670952432612334
12,20,0.4,0.8,1225,0.6685714285714286,0.2123754456427521,0.6131148134417903,0.04146286961951179
10,60,0.6,1.2,1225,0.6604081632653062,0.21236709291055766,0.6131224908709026,0.04682954171300063
6,30,0.4,1.0,1225,0.6653061224489796,0.21235258785733094,0.6131344205223926,0.036927481943286364
30,0,0.3,0.8,1225,0.6522448979591837,0.2129860674339083,0.6131552524856966,0.04674752268084328
20,60,0.3,1.0,1225,0.6653061224489796,0.21241921389705348,0.6131756559967367,0.0396183137291149
20,60,0.6,1.0,1225,0.6620408163265306,0.21250279468317085,0.6131762954788664,0.04831693825491543
30,0,0.7,0.8,1225,0.6506122448979592,0.21309033407894684,0.6131974844955139,0.047767140184716075
16,0,0.4,0.8,1225,0.6579591836734694,0.21275450594493325,0.6132502149622275,0.05319080466367214
30,40,0.5,0.0,1225,0.6604081632653062,0.21293870535810824,0.6132673576911971,0.011859595175961702
6,40,0.4,1.0,1225,0.6661224489795918,0.21244026363418475,0.6132761349780497,0.039171314717658424
10,40,0.8,1.2,1225,0.6563265306122449,0.2126703453071535,0.6132807465263899,0.05393564728307467
10,30,0.8,1.2,1225,0.6546938775510204,0.21274851433456066,0.6132875923889138,0.05446238724266011
16,0,0.7,1.0,1225,0.6571428571428571,0.21305576513696325,0.6132985747677866,0.04865793089649397
30,40,0.6,0.0,1225,0.6669387755102041,0.21299293141831413,0.6133001172072374,0.021861160535120647
6,50,0.5,1.0,1225,0.6644897959183673,0.21256480678929693,0.6133131486641793,0.02971705371751259
10,0,0.8,1.0,1225,0.6595918367346939,0.21299974141685538,0.613329627380902,0.04778761438352085
30,30,0.5,0.0,1225,0.6685714285714286,0.21299627917887456,0.6133467275929502,0.02263229605029557
8,0,0.4,1.0,1225,0.6620408163265306,0.2127909997093137,0.6133790172697862,0.05438263155852732
30,30,0.6,0.0,1225,0.6661224489795918,0.21305285158497034,0.6133802169257596,0.023830793028348844
6,50,0.7,1.0,1225,0.6636734693877551,0.21274036439409094,0.6134065579573694,0.030218365670413545
12,50,0.4,0.8,1225,0.6628571428571428,0.2125877337774901,0.6134254766141195,0.03398358600290346
8,0,0.7,1.0,1225,0.6595918367346939,0.21296510003631872,0.6134389706570627,0.05269136941246239
20,40,0.6,0.0,1225,0.6653061224489796,0.21291550634230594,0.6134838515936683,0.02170654412717957
20,50,0.8,1.0,1225,0.6595918367346939,0.21280019391703625,0.6134844166941077,0.0551244997050698
20,30,0.6,0.0,1225,0.6742857142857143,0.21291404311922968,0.6135018448435181,0.02925941726303975
20,20,0.8,1.0,1225,0.6514285714285715,0.2130357917194498,0.6135046231050596,0.05748593275665873
12,30,0.4,1.2,1225,0.6538775510204081,0.21261068822885748,0.6135378738453121,0.05077007461553436
6,30,0.8,1.0,1225,0.6653061224489796,0.21285201710432872,0.6135557174234546,0.016241820762780895
12,40,0.4,1.2,1225,0.6538775510204081,0.21253659815225956,0.6135951050729281,0.05196131343093762
30,40,0.4,0.0,1225,0.6612244897959184,0.21307279675383625,0.6136536044298122,0.014380338175041113
6,40,0.8,1.0,1225,0.6669387755102041,0.21289518453605882,0.6136632032091264,0.028433888986257892
12,30,0.3,1.2,1225,0.6538775510204081,0.21265633724153188,0.6137011541775605,0.0476531963201409
12,60,0.6,0.8,1225,0.6587755102040816,0.2128835600266754,0.6137133704337363,0.03397950921098074
20,40,0.5,0.0,1225,0.6636734693877551,0.21295304207563842,0.6137197860410037,0.021951895985830486
30,30,0.4,0.0,1225,0.6628571428571428,0.2131263360859052,0.6137284018909782,0.015044852708988476
20,30,0.5,0.0,1225,0.6710204081632654,0.21294544127395795,0.6137342863209754,0.0284810042125514
8,0,0.7,1.2,1225,0.6604081632653062,0.2131501610610793,0.6137366804861336,0.05061052593118851
16,0,0.8,0.8,1225,0.6587755102040816,0.21314447357708532,0.613737004203339,0.04993322485847236
6,20,0.4,1.0,1225,0.6661224489795918,0.21263153474553423,0.613747322832008,0.040069713682323455
12,30,0.5,1.2,1225,0.6514285714285715,0.21274031243779676,0.6137594972348852,0.05631566624998378
12,40,0.3,1.2,1225,0.6538775510204081,0.21258730707345946,0.6137715914662417,0.048904084618784684
30,40,0.7,0.0,1225,0.6661224489795918,0.2132314737811028,0.613775700734443,0.023373107308202336
12,30,0.3,0.8,1225,0.6620408163265306,0.2126250889136631,0.6137845851586791,0.03750934936314243
20,40,0.7,0.0,1225,0.6677551020408163,0.21311633113999354,0.6137964918874986,0.025061199473273947
12,40,0.5,1.2,1225,0.6546938775510204,0.21266081210135596,0.6138026148092254,0.057091653678999994
20,30,0.7,0.0,1225,0.6726530612244898,0.21311938091324079,0.6138132253363258,0.028213162456563134
30,30,0.7,0.0,1225,0.6644897959183673,0.213291851791585,0.6138523658647677,0.029798873146360205
12,60,0.7,0.8,1225,0.6628571428571428,0.21300270142458547,0.6138673536438684,0.03444341315518561
12,40,0.3,0.8,1225,0.6644897959183673,0.21270726390149358,0.6139025202557725,0.043558500438786237
20,60,0.7,1.0,1225,0.6604081632653062,0.21283592265477136,0.6139035425762532,0.05013646235920374
30,50,0.5,0.0,1225,0.6579591836734694,0.21320446712830451,0.6139273918643892,0.02197398998291173
30,50,0.6,0.0,1225,0.6604081632653062,0.21325137417334264,0.6139582636535853,0.03017352676838413
10,30,0.6,0.8,1225,0.6612244897959184,0.212791446656396,0.613970125646744,0.033778782235231675
10,30,0.7,0.8,1225,0.6620408163265306,0.21292214460146133,0.6140430832350356,0.032327961966131025
10,50,0.8,1.2,1225,0.6587755102040816,0.2128835965189019,0.6140454665522519,0.05334924451001804
30,0,0.8,0.8,1225,0.6522448979591837,0.21346455720799964,0.6140712642388024,0.048148038608683524
10,20,0.8,1.2,1225,0.6514285714285715,0.21312367951852806,0.614072962001813,0.06020053799482256
12,80,0.5,1.0,1225,0.6685714285714286,0.21296404444431508,0.6140765653744973,0.05382365342709481
10,40,0.6,0.8,1225,0.6685714285714286,0.2128701635000481,0.6140842792104122,0.0333246267957541
12,60,0.5,0.8,1225,0.6571428571428571,0.21300938766266905,0.6141154912110197,0.04160936169226849
10,60,0.7,1.2,1225,0.6644897959183673,0.2127951102496973,0.6141161945177537,0.0469118371461659
10,40,0.7,0.8,1225,0.6677551020408163,0.21299030533035532,0.6141514132870095,0.03500689113332113
6,50,0.4,1.0,1225,0.6612244897959184,0.2128882716159435,0.6141672357207203,0.03272088762050942
30,20,0.5,0.0,1225,0.6636734693877551,0.21338300802672036,0.6141709472683589,0.025929569286148653
6,0,0.8,1.2,1225,0.6563265306122449,0.21331790540366632,0.6141814757803528,0.04670006085689072
6,20,0.8,1.0,1225,0.6579591836734694,0.21314893186306916,0.6141993761113089,0.023230052360194074
30,20,0.6,0.0,1225,0.6653061224489796,0.21343694933031324,0.6142040270159778,0.030084496543024176
20,50,0.6,0.0,1225,0.6595918367346939,0.21325371544621147,0.6142072285913035,0.02424039198051442
16,0,0.3,0.8,1225,0.6571428571428571,0.21316503478509044,0.6142425163462524,0.052821168440779095
12,80,0.6,1.0,1225,0.6644897959183673,0.2130370292937066,0.6142433822601635,0.052912983661444576
20,20,0.6,0.0,1225,0.6726530612244898,0.21325541012870455,0.6142663594646963,0.03527631600349242
12,20,0.4,1.2,1225,0.6546938775510204,0.21299242144640684,0.6142698090143417,0.04880526281497347
30,50,0.4,0.0,1225,0.6579591836734694,0.21334739254298293,0.6143202818887887,0.02040604737869745
12,80,0.4,1.0,1225,0.6644897959183673,0.2130874653875516,0.6143636929485001,0.054673876301372486
8,0,0.3,1.0,1225,0.6571428571428571,0.21320280668106836,0.6143799207274562,0.054290278786525634
12,30,0.6,1.2,1225,0.6506122448979592,0.21303642842289125,0.6143817396428328,0.06026291452720315
12,40,0.6,1.2,1225,0.6555102040816326,0.21295176699435778,0.6144099579679001,0.06158661777316327
12,20,0.3,1.2,1225,0.6563265306122449,0.21303625605330528,0.6144207659272701,0.04655058363242296
12,20,0.3,0.8,1225,0.6677551020408163,0.21291357904630517,0.6144239120264325,0.045836787575751464
12,50,0.4,1.2,1225,0.6595918367346939,0.21276419535101324,0.6144343925451514,0.054523229853418766
30,50,0.7,0.0,1225,0.6612244897959184,0.2134843942996567,0.6144371113379943,0.02668592247538169
30,40,0.3,0.0,1225,0.6595918367346939,0.213397942484113,0.6144399350496483,0.014525689387408081
20,50,0.5,0.0,1225,0.6587755102040816,0.21330352630882907,0.6144485466865242,0.02338875548434206
20,40,0.4,0.0,1225,0.6636734693877551,0.21322439549017064,0.6144594851894715,0.02337567092381806
20,30,0.4,0.0,1225,0.6653061224489796,0.2132093498783554,0.6144663002865581,0.02795280811867813
6,80,0.5,1.2,1225,0.6636734693877551,0.21307006211803897,0.6144725795280627,0.05353456568381497
6,30,0.3,1.0,1225,0.6669387755102041,0.2129040513663807,0.6144779983895076,0.0439073325508738
20,80,0.6,0.8,1225,0.6677551020408163,0.21326914958833515,0.6144802361893595,0.059456678909444734
10,30,0.5,0.8,1225,0.6669387755102041,0.2129330101441799,0.6144912474483217,0.040743890015011254
16,0,0.8,1.0,1225,0.6555102040816326,0.21354230316232634,0.6144964039741896,0.0513024702968212
20,20,0.5,0.0,1225,0.6702040816326531,0.21328680456191612,0.6144971752376315,0.03282998205635056
12,20,0.5,1.2,1225,0.6522448979591837,0.21312384624059888,0.6145052693785049,0.054409578362855336
30,30,0.3,0.0,1225,0.6604081632653062,0.21344607964584983,0.6145065216299583,0.013373651093240423
10,0,0.4,1.2,1225,0.6514285714285715,0.21335687942997975,0.6145133394960972,0.05213987875420548
6,50,0.8,1.0,1225,0.6636734693877551,0.21327246766908994,0.6145164929345408,0.0347569412271091
20,50,0.7,0.0,1225,0.6587755102040816,0.21344368610285946,0.6145204493468033,0.020988750626765158
20,80,0.5,0.8,1225,0.6685714285714286,0.21328900328789982,0.6145477307852905,0.0588962175743587
30,20,0.4,0.0,1225,0.6628571428571428,0.21351383180049188,0.6145500992731002,0.025642953579221226
20,20,0.7,0.0,1225,0.673469387755102,0.21345892349121598,0.6145758182956788,0.03663244637783804
10,80,0.5,1.0,1225,0.6653061224489796,0.21326402310676862,0.6146032769334453,0.059391596172287085
10,20,0.6,0.8,1225,0.6685714285714286,0.21307390013987645,0.6146078265934397,0.03988794472769473
10,40,0.5,0.8,1225,0.6653061224489796,0.21302246743308054,0.6146141344112099,0.04138842409026965
8,0,0.8,1.0,1225,0.6546938775510204,0.21349654043995425,0.6146243508464179,0.04956942322870043
12,50,0.3,1.2,1225,0.6563265306122449,0.21282312530543832,0.6146249905134521,0.05028246041536884
12,50,0.5,1.2,1225,0.6604081632653062,0.21287948638227228,0.6146274812307385,0.05758797544028709
6,40,0.3,1.0,1225,0.6636734693877551,0.21300166971312517,0.6146321066194641,0.043342277175892945
6,60,0.6,1.0,1225,0.6604081632653062,0.2132631419711066,0.6146395291388052,0.036222576068728904
12,60,0.8,0.8,1225,0.6644897959183673,0.21337630092806462,0.6146404989237136,0.04449246543701898
6,80,0.4,1.2,1225,0.6628571428571428,0.21316564816811395,0.6146686196835318,0.05447471731098005
10,80,0.6,1.0,1225,0.6628571428571428,0.21329026601539589,0.6146686616932708,0.05540822724491173
30,20,0.7,0.0,1225,0.6693877551020408,0.21367133506370828,0.6146725868348997,0.03335682603646948
10,20,0.7,0.8,1225,0.6612244897959184,0.21320838426578878,0.6146856677591734,0.027358453773682765
20,40,0.8,0.0,1225,0.6669387755102041,0.21356039535177898,0.614714119238459,0.02533822017614953
10,0,0.5,1.2,1225,0.6514285714285715,0.21345821317411667,0.614717833987236,0.053736570352309145
30,40,0.8,0.0,1225,0.6693877551020408,0.2136496706625057,0.6147232498319728,0.039481490408535394
20,30,0.8,0.0,1225,0.6742857142857143,0.21356608937582483,0.6147240674402535,0.03500638474041903
10,0,0.3,1.2,1225,0.6514285714285715,0.21344244798547513,0.6147252571751721,0.05208530211543429
12,50,0.3,0.8,1225,0.6620408163265306,0.213153613375613,0.6147724194805828,0.04198394733588604
30,30,0.8,0.0,1225,0.6653061224489796,0.21370852946320468,0.6147918641140272,0.03622505844976934
10,30,0.8,0.8,1225,0.6644897959183673,0.21334383111978644,0.6147943138342362,0.02725642280496466
6,80,0.6,1.2,1225,0.6620408163265306,0.21319692720051595,0.6148039306145835,0.05252212179746453
20,80,0.7,0.8,1225,0.6644897959183673,0.2134331932659906,0.6148544638787224,0.05350230926049083
12,80,0.7,1.0,1225,0.6661224489795918,0.2133020578206261,0.6148891544097436,0.05194764761707619
10,40,0.8,0.8,1225,0.6669387755102041,0.2134021315552117,0.6149007998255938,0.02966480845240041
6,60,0.5,1.0,1225,0.6587755102040816,0.21334188133276555,0.6149304582908482,0.042428099443280694
10,50,0.6,0.8,1225,0.6595918367346939,0.21330363838239014,0.6149450586936792,0.03632231026157369
6,60,0.7,1.0,1225,0.6636734693877551,0.21346841085189736,0.6150018069940715,0.044238426936580706
20,0,0.4,1.0,1225,0.6473469387755102,0.21366080110478833,0.6150021152556907,0.05062682744107477
10,50,0.7,0.8,1225,0.6604081632653062,0.21340650767021482,0.6150053957467884,0.0357237404496159
20,60,0.8,1.0,1225,0.6604081632653062,0.21330611817135958,0.6150156595963582,0.05571498037242131
12,60,0.4,0.8,1225,0.6563265306122449,0.21337019541901062,0.6150213699245769,0.0442265886812572
10,80,0.4,1.0,1225,0.6628571428571428,0.21345064945414352,0.6150273446823484,0.05925009168669805
20,80,0.4,0.8,1225,0.6628571428571428,0.21349513021190747,0.6150339259876277,0.05919351608156992
20,0,0.5,1.0,1225,0.6514285714285715,0.21370485732305952,0.6150592721687128,0.05356017120427049
6,20,0.3,1.0,1225,0.6661224489795918,0.21317827894880548,0.6150817205085729,0.04603397816015669
12,80,0.3,1.0,1225,0.6669387755102041,0.21340822942692725,0.6150820485635391,0.05545722303120575
30,50,0.3,0.0,1225,0.6579591836734694,0.2136824785417896,0.6151177510912575,0.02460074309535353
10,20,0.5,0.8,1225,0.6677551020408163,0.21321098283042392,0.6151221450067333,0.04395016262903657
12,20,0.6,1.2,1225,0.6506122448979592,0.21342123113671,0.6151427556841342,0.059408146748793404
20,50,0.4,0.0,1225,0.6571428571428571,0.2135881527996329,0.6151988828720706,0.02265072663389625
12,50,0.6,1.2,1225,0.6620408163265306,0.21316149167688792,0.6152202327836392,0.06050094151029444
20,20,0.4,0.0,1225,0.6710204081632654,0.2135490940891536,0.615224428095933,0.03810746312869457
16,80,0.5,1.0,1225,0.6620408163265306,0.21326818586692428,0.615246938785533,0.05179130894529144
10,80,0.7,1.0,1225,0.6636734693877551,0.21352812960081652,0.6152564776045906,0.05311574830219619
20,0,0.3,1.0,1225,0.6489795918367347,0.2137763265341471,0.6152906118216961,0.049375971746474116
8,80,0.5,1.2,1225,0.6612244897959184,0.21320330941636123,0.6153041853011361,0.05135517543922562
8,80,0.4,1.2,1225,0.6604081632653062,0.213212697375468,0.6153169567679837,0.05297653429935964
16,30,0.6,0.0,1225,0.6791836734693878,0.21358069512231748,0.6153181541701601,0.04116822026868889
8,0,0.8,1.2,1225,0.6579591836734694,0.21376372681008776,0.6153189891277384,0.052956516233535415
30,60,0.5,0.0,1225,0.6571428571428571,0.21378545258674805,0.6153197672348751,0.029305747142593454
30,20,0.3,0.0,1225,0.6620408163265306,0.2138327110780019,0.615322912614823,0.023740731002471687
16,40,0.6,0.0,1225,0.6636734693877551,0.21361411551977394,0.6153362626487003,0.024235146889542203
30,60,0.6,0.0,1225,0.6555102040816326,0.2138200659612729,0.6153475616996832,0.03143613234159535
10,0,0.6,1.2,1225,0.6538775510204081,0.21373665197744518,0.6153558475618125,0.05018012774261588
6,80,0.3,1.2,1225,0.6653061224489796,0.213483920208622,0.6153612329017614,0.05533610983765908
16,80,0.4,1.0,1225,0.6604081632653062,0.21331350761028578,0.6153682926410231,0.05254556393637903
30,50,0.8,0.0,1225,0.6644897959183673,0.21389902473730346,0.6153936262973906,0.03495459943411844
12,30,0.7,1.2,1225,0.6506122448979592,0.21348729747525716,0.615419317056391,0.06365306574709748
12,40,0.7,1.2,1225,0.6571428571428571,0.21339817023158986,0.615432086213086,0.06390933842406546
10,20,0.8,0.8,1225,0.6579591836734694,0.2136327270652142,0.6154389692418681,0.02140015556449901
20,50,0.8,0.0,1225,0.6636734693877551,0.21387866584616821,0.6154455911795975,0.02866398720479682
30,80,0.5,0.8,1225,0.6620408163265306,0.21348120746295912,0.6154478969186742,0.05403416643503744
20,0,0.6,1.0,1225,0.6530612244897959,0.2139006056657196,0.6154747767847006,0.05469625198775373
20,20,0.8,0.0,1225,0.6726530612244898,0.21390183898509618,0.6154806132135322,0.03666123782276254
10,50,0.5,0.8,1225,0.6644897959183673,0.21347288970708572,0.615485609361253,0.03828813628667146
12,0,0.6,0.8,1225,0.6620408163265306,0.2136660060283103,0.615489368240697,0.049538835978106675
16,30,0.7,0.0,1225,0.6685714285714286,0.21375109733951594,0.615507876197607,0.03771739935756787
16,40,0.7,0.0,1225,0.6636734693877551,0.2137774913906204,0.615526116119569,0.02877980037361857
16,80,0.6,1.0,1225,0.6612244897959184,0.21339526538157083,0.615526374238269,0.050994316335926174
10,30,0.4,0.8,1225,0.6636734693877551,0.21332950576867585,0.6155384152723358,0.04305234827546753
6,50,0.3,1.0,1225,0.6587755102040816,0.2134647761368954,0.615538837354353,0.04450702563334322
30,80,0.6,0.8,1225,0.6653061224489796,0.2135430995839723,0.615557183648876,0.05715434392123705
10,60,0.8,1.2,1225,0.6620408163265306,0.21338003379022194,0.6155725449493616,0.05497751927756947
30,20,0.8,0.0,1225,0.6718367346938775,0.21408139731135375,0.6156049611773056,0.036751974663212464
20,30,0.3,0.0,1225,0.6604081632653062,0.2137011989706119,0.6156628514955341,0.02906544572868579
20,60,0.6,0.0,1225,0.649795918367347,0.21392029952366426,0.6156653244767496,0.03375952897032536
20,40,0.3,0.0,1225,0.6644897959183673,0.21372460569361287,0.6156675144397988,0.028857462591418043
10,40,0.4,0.8,1225,0.6620408163265306,0.21342937649083124,0.6156721504160122,0.04882259428027735
12,0,0.7,0.8,1225,0.6595918367346939,0.21382151011341194,0.6156811759338097,0.05145247390840677
30,80,0.4,0.8,1225,0.6636734693877551,0.21357295991604672,0.6156856583224407,0.05862147551969303
20,80,0.8,0.8,1225,0.6653061224489796,0.2137761827169356,0.6156955643483852,0.05252408382036595
6,80,0.7,1.2,1225,0.6604081632653062,0.213542401580341,0.6156974055556989,0.053385563890451196
30,60,0.4,0.0,1225,0.6563265306122449,0.2139420168607797,0.6157214065000584,0.0314333444411221
16,30,0.5,0.0,1225,0.6751020408163265,0.21368185665883918,0.6157355627873007,0.0433776940933601
10,50,0.8,0.8,1225,0.6620408163265306,0.2138013219970087,0.6157531306420584,0.04049507555271328
16,80,0.6,0.8,1225,0.6530612244897959,0.21386783426307746,0.615755191756211,0.056955233577232804
16,40,0.5,0.0,1225,0.6579591836734694,0.21372366254464123,0.6157586745631551,0.025449973306546463
8,80,0.6,1.2,1225,0.6595918367346939,0.21339045193633768,0.615762349689668,0.05045325369742971
8,80,0.3,1.2,1225,0.6612244897959184,0.21342234870541893,0.6157783342282659,0.05412857414385393
6,60,0.4,1.0,1225,0.6563265306122449,0.21368782881430368,0.6158009860045417,0.04293424642938034
30,60,0.7,0.0,1225,0.6563265306122449,0.21404250164363847,0.615829475350945,0.03364885459650206
12,0,0.5,0.8,1225,0.6644897959183673,0.21375155928671,0.6158412582121598,0.05556055689550998
16,80,0.3,1.0,1225,0.6636734693877551,0.21353433923441298,0.6158737648068081,0.05500347039016709
10,80,0.3,1.0,1225,0.6661224489795918,0.21384832345991878,0.6159119617128893,0.05896545430928766
20,60,0.5,0.0,1225,0.6522448979591837,0.2139885299512884,0.6159139530174623,0.03447077116390241
20,80,0.3,0.8,1225,0.6636734693877551,0.21388694555357865,0.6159181499149352,0.06049275242425687
16,80,0.5,0.8,1225,0.6514285714285715,0.21395346120332667,0.6159659570702186,0.05688772918376395
20,60,0.7,0.0,1225,0.6555102040816326,0.21409306833699995,0.6159784185003434,0.035040651206966124
30,80,0.7,0.8,1225,0.6644897959183673,0.21375330319580854,0.6160268289855604,0.056653623669096445
16,80,0.7,0.8,1225,0.6530612244897959,0.21398967841757904,0.6160377994843435,0.05651971961970707
12,80,0.8,1.0,1225,0.6677551020408163,0.2137518873006786,0.6160407810918682,0.05342375286688611
12,60,0.4,1.2,1225,0.6620408163265306,0.21328478734420914,0.616046361711622,0.05363296164076494
16,20,0.6,0.0,1225,0.6742857142857143,0.21390060945405961,0.6160512384022714,0.04271512603121909
16,50,0.6,0.0,1225,0.6571428571428571,0.2139946737473874,0.6161005737341503,0.031087344417888706
6,60,0.8,1.0,1225,0.6620408163265306,0.21397542210974285,0.6161086233055261,0.04498425600250745
10,20,0.4,0.8,1225,0.6644897959183673,0.2136027427192962,0.6161612396693883,0.04648460589215459
12,20,0.7,1.2,1225,0.649795918367347,0.21387246896825793,0.6161967619886584,0.060630808493692796
6,0,0.6,1.0,1225,0.6620408163265306,0.21397314281736945,0.616207115512845,0.052074173367307505
16,80,0.7,1.0,1225,0.6595918367346939,0.21368809820517085,0.6162238855706476,0.054656258485158295
12,60,0.5,1.2,1225,0.6620408163265306,0.21338774240812106,0.616224663933216,0.054614628475213665
12,50,0.7,1.2,1225,0.6595918367346939,0.21359943640163218,0.6162278502874056,0.06401740704777636
16,20,0.7,0.0,1225,0.673469387755102,0.21407114278210712,0.6162399268621098,0.037986110462950314
12,60,0.3,1.2,1225,0.6595918367346939,0.21335501272832086,0.6162520202679129,0.048551661822457896
30,80,0.3,0.8,1225,0.6653061224489796,0.21382060909800596,0.6162575860166668,0.05582523859211103
20,0,0.7,1.0,1225,0.6538775510204081,0.21423790408725818,0.6162605599417431,0.05189150960101621
16,50,0.7,0.0,1225,0.6612244897959184,0.21414412675809327,0.6162896438287405,0.02851898292377484
8,80,0.6,1.0,1225,0.6555102040816326,0.2140614468239244,0.6163113704326686,0.05572226560335307
16,30,0.8,0.0,1225,0.6661224489795918,0.21420802363526564,0.6163852552249668,0.030112806127561096
12,60,0.3,0.8,1225,0.6555102040816326,0.2139551492076783,0.6163874879943859,0.047644209143676224
8,80,0.5,1.0,1225,0.6546938775510204,0.21410397038056378,0.6164002636699171,0.05675678045659575
10,80,0.8,1.0,1225,0.6595918367346939,0.21397374179295078,0.6164038230038626,0.05486255551320092
16,40,0.8,0.0,1225,0.6653061224489796,0.2142291219493944,0.6164098357469919,0.03397230358206127
20,20,0.3,0.0,1225,0.6628571428571428,0.2140379988123103,0.6164133657569129,0.033349698049872714
20,50,0.3,0.0,1225,0.6579591836734694,0.21410214089372417,0.6164222858597426,0.02409949676627261
6,0,0.5,1.0,1225,0.6653061224489796,0.2140030533840888,0.6164416562994832,0.05311573931565803
10,0,0.7,1.2,1225,0.6546938775510204,0.21417972079037,0.6164435311234184,0.05557860645243257
16,20,0.5,0.0,1225,0.6775510204081633,0.21399999151578877,0.616465880779269,0.04794762477728185
12,0,0.8,0.8,1225,0.6620408163265306,0.21422530215064203,0.6164752878968416,0.056545070026305794
16,50,0.5,0.0,1225,0.6530612244897959,0.2141192112664508,0.6165302475042018,0.02961009357237496
30,60,0.3,0.0,1225,0.6579591836734694,0.21429158819837302,0.6165329808252897,0.033801002796231355
10,60,0.6,0.8,1225,0.6595918367346939,0.21408299033530284,0.6165457307647245,0.041470559842025356
10,50,0.4,0.8,1225,0.6563265306122449,0.2138958395325342,0.6165572780286724,0.046140911221792716
10,60,0.7,0.8,1225,0.6628571428571428,0.21416192830860917,0.6165982364587868,0.0382682659396935
6,0,0.7,1.0,1225,0.6636734693877551,0.21422516368717906,0.6166158186108643,0.05101530002098836
16,80,0.4,0.8,1225,0.6546938775510204,0.21424473766726637,0.6166369378256574,0.05964271370415664
20,60,0.4,0.0,1225,0.6546938775510204,0.21429226316622468,0.6166779203577557,0.03818488896845599
12,0,0.4,0.8,1225,0.6644897959183673,0.21407070375447454,0.6166877861803742,0.05559370231497796
16,30,0.4,0.0,1225,0.6702040816326531,0.2140416163401949,0.6166972913558904,0.04430757384231131
8,80,0.7,1.2,1225,0.6579591836734694,0.21376641392905232,0.6167150194378651,0.054645459206185146
16,40,0.4,0.0,1225,0.6595918367346939,0.21409276197429508,0.6167297563571329,0.031865753828158774
30,60,0.8,0.0,1225,0.6595918367346939,0.2144484863333954,0.6167958489482108,0.034797230138229406
12,60,0.6,1.2,1225,0.6612244897959184,0.21365711736037685,0.6168030601292799,0.05787534577808103
8,80,0.7,1.0,1225,0.6546938775510204,0.21425815481452798,0.6168033813616297,0.05460208151886496
16,80,0.8,0.8,1225,0.6571428571428571,0.21431864535416695,0.6168517566804149,0.05572742167918194
30,80,0.8,0.8,1225,0.6636734693877551,0.21410394051238793,0.6168700185603667,0.05654982133069592
12,40,0.8,1.2,1225,0.6571428571428571,0.213986519166781,0.6168821945310082,0.06645843499337643
12,30,0.8,1.2,1225,0.6522448979591837,0.21407912233972917,0.6168850958176276,0.06413402159861237
20,60,0.8,0.0,1225,0.6595918367346939,0.2145125185386033,0.6169117879750979,0.037314443574734485
8,80,0.4,1.0,1225,0.6579591836734694,0.21438064086315803,0.6170226042309414,0.057702474840082396
10,30,0.3,0.8,1225,0.6653061224489796,0.21396439493645417,0.61705629500956,0.049947269754131995
10,60,0.5,0.8,1225,0.6612244897959184,0.21427533866282086,0.6170989928897667,0.051463588115246664
16,20,0.8,0.0,1225,0.6653061224489796,0.21452630485756294,0.6171116836954658,0.035710226754881155
16,50,0.8,0.0,1225,0.6620408163265306,0.21458339911337718,0.6171804228067641,0.03497083235986722
6,80,0.8,1.2,1225,0.6661224489795918,0.21409967209401606,0.6171914495609224,0.05715945538274921
6,60,0.3,1.0,1225,0.6563265306122449,0.2142845146378663,0.6171914919619792,0.04225461050046777
10,40,0.3,0.8,1225,0.6644897959183673,0.2140738611358625,0.6172024050476698,0.05452621870009831
6,0,0.4,1.0,1225,0.6644897959183673,0.2143012753562794,0.617250098596902,0.053898185657592045
10,60,0.8,0.8,1225,0.6612244897959184,0.21453263554262406,0.6173444437851171,0.04521699892928485
16,80,0.8,1.0,1225,0.6587755102040816,0.21413715526425342,0.6173566805904178,0.0561132643063827
16,20,0.4,0.0,1225,0.6726530612244898,0.21435661193010702,0.6174216121747684,0.0488738135499364
20,0,0.8,1.0,1225,0.6538775510204081,0.2147050586012679,0.617427197978451,0.05416051087003611
16,50,0.4,0.0,1225,0.6546938775510204,0.2145038463843045,0.6175140659546554,0.03324729359122056
16,60,0.6,0.0,1225,0.6546938775510204,0.21471389083081388,0.6176046609293091,0.035886162361450084
12,50,0.8,1.2,1225,0.6620408163265306,0.21418017615245233,0.6176638694601706,0.06694111944173656
10,20,0.3,0.8,1225,0.6661224489795918,0.21423307174995662,0.6176702437318434,0.05359017410961104
12,20,0.8,1.2,1225,0.6489795918367347,0.21446353696623113,0.6176798359687866,0.0651140981153439
16,80,0.3,0.8,1225,0.6563265306122449,0.21473739719429055,0.6177394466929418,0.0616845621668054
6,0,0.8,1.0,1225,0.6677551020408163,0.21477375489188869,0.6177530956366152,0.05232644708841364
16,60,0.7,0.0,1225,0.6555102040816326,0.2148425235539918,0.6177920122247189,0.03905753736240819
12,60,0.7,1.2,1225,0.6628571428571428,0.2140827217963652,0.6177970222048708,0.06304884580878885
10,80,0.4,1.2,1225,0.6661224489795918,0.21398594877236407,0.6178561773827977,0.05909896196378102
20,60,0.3,0.0,1225,0.6530612244897959,0.21482544781037358,0.6179206397846025,0.039973154602885405
8,80,0.8,1.0,1225,0.6620408163265306,0.2146974136700322,0.6179323306269247,0.056801093584479725
10,80,0.5,1.2,1225,0.6636734693877551,0.214025503806132,0.6179434576397121,0.056990119359571885
12,0,0.3,0.8,1225,0.6620408163265306,0.21461528908119715,0.6179877874776614,0.05847496099405854
10,0,0.8,1.2,1225,0.6579591836734694,0.21477313724148436,0.6179953443122099,0.062295681021001706
8,30,0.7,0.8,1225,0.6661224489795918,0.21457374890002726,0.6180083120639331,0.045402200577787856
16,60,0.5,0.0,1225,0.6506122448979592,0.21486002225066042,0.6180438875754887,0.03853228388027097
20,0,0.6,0.0,1225,0.6563265306122449,0.21497884092597044,0.6180477861269715,0.049940465018790785
8,30,0.6,0.8,1225,0.6669387755102041,0.21448948849724905,0.6180585700712805,0.049445421357617224
30,0,0.5,0.0,1225,0.643265306122449,0.21515502851495003,0.6180673279102424,0.05095020100512787
30,0,0.6,0.0,1225,0.6416326530612245,0.2151887147993865,0.6180961765414983,0.0515601684264244
10,50,0.3,0.8,1225,0.6538775510204081,0.21455490839077787,0.6181034323787367,0.051988557024758984
12,0,0.4,1.2,1225,0.6530612244897959,0.21468801231810297,0.6181177528393127,0.05197404128941726
8,80,0.3,1.0,1225,0.6538775510204081,0.21488425118339236,0.6181383849407954,0.06197926114180697
10,0,0.6,0.8,1225,0.6628571428571428,0.21473488761148413,0.6181519223265584,0.05346899524452797
16,30,0.3,0.0,1225,0.6636734693877551,0.21464793577348293,0.6181540086619165,0.04299060232751384
8,40,0.7,0.8,1225,0.6628571428571428,0.21467218584670142,0.6181566575270322,0.036493779969930154
20,80,0.5,1.0,1225,0.6644897959183673,0.21424091266000864,0.6181764059425459,0.05785916553203925
10,80,0.3,1.2,1225,0.6644897959183673,0.21412975986086347,0.6181816449552064,0.057611351442531065
8,80,0.8,1.2,1225,0.6595918367346939,0.21432028848381865,0.6181862146379448,0.05412113907951018
10,60,0.4,0.8,1225,0.6538775510204081,0.2147199007133858,0.618187165491413,0.04793556287290371
16,40,0.3,0.0,1225,0.6653061224489796,0.21470893954431525,0.6181995960951902,0.04145699544611986
20,80,0.4,1.0,1225,0.6653061224489796,0.21424403450419643,0.6182075119350329,0.05757054612965993
8,40,0.6,0.8,1225,0.6661224489795918,0.21459943292788936,0.6182110159125611,0.040615002937232116
10,0,0.7,0.8,1225,0.6653061224489796,0.21485643527851236,0.6182367073274473,0.04810449868750424
12,0,0.3,1.2,1225,0.6530612244897959,0.21473827674616452,0.6182467271281273,0.05488824732114254
20,0,0.5,0.0,1225,0.6563265306122449,0.2150286399463039,0.6182809248986249,0.04851227413228335
20,0,0.7,0.0,1225,0.6555102040816326,0.2151596842377317,0.6183514318562381,0.0511877483333488
12,0,0.5,1.2,1225,0.6538775510204081,0.21481184068544085,0.6183800380415275,0.05324683562506455
30,0,0.4,0.0,1225,0.6448979591836734,0.21530184066222569,0.6184475775195506,0.05083113550089646
10,80,0.6,1.2,1225,0.6595918367346939,0.214243636301985,0.6184619990874476,0.0543531622567673
20,80,0.6,1.0,1225,0.6628571428571428,0.2143931409365953,0.6185090365777989,0.05919350866798695
30,0,0.7,0.0,1225,0.6440816326530612,0.21539858693181096,0.6185570977325188,0.050151944816298394
6,0,0.3,1.0,1225,0.6620408163265306,0.21485449523375705,0.6185757662909431,0.0597091865043162
20,80,0.3,1.0,1225,0.6653061224489796,0.21440615930173718,0.6185883289788752,0.05504099536547364
8,20,0.7,0.8,1225,0.6620408163265306,0.2148382166776226,0.6186149444925908,0.03979044701505229
10,0,0.5,0.8,1225,0.6653061224489796,0.21488198089794083,0.6186584072796973,0.05576566029259035
8,20,0.6,0.8,1225,0.6620408163265306,0.21474941044298174,0.618662127532744,0.04948878653859377
16,60,0.8,0.0,1225,0.6563265306122449,0.21526237346093852,0.6186905660782384,0.03891667435601199
8,30,0.8,0.8,1225,0.6653061224489796,0.21500263228116118,0.6187358444909304,0.04178641463763681
8,30,0.5,0.8,1225,0.6661224489795918,0.21471305820794148,0.618764180028238,0.0505244460557387
16,20,0.3,0.0,1225,0.6636734693877551,0.21495876373243958,0.618869513290784,0.045365827931132655
8,40,0.8,0.8,1225,0.6587755102040816,0.2150899953059158,0.6188850841607159,0.027538728618040312
8,40,0.5,0.8,1225,0.6628571428571428,0.21483433664530033,0.6189242305948258,0.050064596566708766
10,0,0.8,0.8,1225,0.6661224489795918,0.21526428315193558,0.6189947985941686,0.05352307057879391
16,50,0.3,0.0,1225,0.6579591836734694,0.21513556340162973,0.6190013653426458,0.03768880277827674
20,0,0.4,0.0,1225,0.6538775510204081,0.21530518147783256,0.6190073921283981,0.048204843048262926
12,80,0.6,0.8,1225,0.6481632653061224,0.215333523862492,0.6190241913063198,0.06088171515499456
16,60,0.4,0.0,1225,0.6514285714285715,0.21526638304507956,0.6190438665327509,0.038969416936726974
12,0,0.6,1.2,1225,0.6530612244897959,0.21509970201953912,0.6190490162097644,0.05722847598894257
8,50,0.7,0.8,1225,0.6612244897959184,0.2151270960680648,0.6190549150734938,0.04122642958271509
8,50,0.6,0.8,1225,0.6620408163265306,0.21507275156481237,0.6191144213848301,0.04561891744113243
12,80,0.7,0.8,1225,0.6506122448979592,0.21538944287775588,0.619158042697236,0.0566994822829432
30,0,0.3,0.0,1225,0.643265306122449,0.21563264546628383,0.6192184796549072,0.05164613110159399
20,80,0.7,1.0,1225,0.6612244897959184,0.21469366114366958,0.6192193531619429,0.06156244112126723
12,60,0.8,1.2,1225,0.6604081632653062,0.21465182837810548,0.6192204405610644,0.06598782692308945
12,30,0.6,0.0,1225,0.6718367346938775,0.21514689765211364,0.619238479913504,0.0530925480329133
20,0,0.8,0.0,1225,0.6587755102040816,0.21557569512414626,0.619246344144172,0.05025435597059094
12,30,0.7,0.0,1225,0.6693877551020408,0.21526017057465702,0.6192614507282125,0.046508410073617
12,40,0.6,0.0,1225,0.6653061224489796,0.2152199888936557,0.6193056169999787,0.03662436832126422
12,40,0.7,0.0,1225,0.6628571428571428,0.21532333640352924,0.6193277133156679,0.0283058362843227
8,20,0.8,0.8,1225,0.6555102040816326,0.21527064779250915,0.6193419205650936,0.024412699837005874
8,20,0.5,0.8,1225,0.6661224489795918,0.21496798248227086,0.6193622582535332,0.053229663588445005
10,80,0.7,1.2,1225,0.6579591836734694,0.21463161848068188,0.6194304050013945,0.060170629666393506
12,80,0.5,0.8,1225,0.6481632653061224,0.21552048550417297,0.6194576572286699,0.05901022196861505
30,0,0.8,0.0,1225,0.6489795918367347,0.2157800593942184,0.6194780011241474,0.04728175826455893
10,0,0.4,0.8,1225,0.6677551020408163,0.21528148165727432,0.619689651831808,0.060671007390648554
10,60,0.3,0.8,1225,0.6546938775510204,0.21539848916025825,0.6197527832876851,0.050248601927213206
16,0,0.6,0.0,1225,0.6612244897959184,0.21561313587309913,0.6197835095497449,0.048952874711234134
8,50,0.8,0.8,1225,0.6604081632653062,0.21552636235094844,0.6197845526745843,0.03772385761919296
8,50,0.5,0.8,1225,0.6604081632653062,0.21532526415994566,0.6198373886399331,0.05253292739188273
12,30,0.5,0.0,1225,0.6677551020408163,0.215353617683249,0.6199073604407354,0.04928434492112978
12,80,0.8,0.8,1225,0.6571428571428571,0.21569910706711784,0.6199246937228616,0.05575066961689302
12,20,0.6,0.0,1225,0.6685714285714286,0.21544081239227306,0.619931201371078,0.04924786768820189
12,20,0.7,0.0,1225,0.6661224489795918,0.21555668361774488,0.6199539819163605,0.048781790814092556
16,0,0.7,0.0,1225,0.6612244897959184,0.21576324268990443,0.6199674329685771,0.05095281325166181
12,40,0.5,0.0,1225,0.6636734693877551,0.21543748379871988,0.6199810104283677,0.04149765651261949
6,80,0.6,1.0,1225,0.6530612244897959,0.21574201281765612,0.6200288764707441,0.05777831858174099
8,30,0.4,0.8,1225,0.6612244897959184,0.21521265134148734,0.6200293521499985,0.05149224293853592
12,30,0.8,0.0,1225,0.6579591836734694,0.21572939401865165,0.6201031875992401,0.02710611265639351
12,50,0.6,0.0,1225,0.6604081632653062,0.21565375863468164,0.6201278077631112,0.03991903198029413
12,0,0.7,1.2,1225,0.6538775510204081,0.21553901360617458,0.6201387696022862,0.06639074921169409
12,50,0.7,0.0,1225,0.6620408163265306,0.21573986343027812,0.6201479613770456,0.03372543215503999
12,40,0.8,0.0,1225,0.6628571428571428,0.21578401224411858,0.6201758130802127,0.031648090927325234
20,0,0.3,0.0,1225,0.6489795918367347,0.21580446501733877,0.6201926536424042,0.05003190378652436
16,0,0.5,0.0,1225,0.6628571428571428,0.21572878756749775,0.6201993025702218,0.05023772534799733
8,40,0.4,0.8,1225,0.6620408163265306,0.21534454128636585,0.6201994049837012,0.05674342273823345
30,80,0.5,0.0,1225,0.6587755102040816,0.21585020494594476,0.6202656243004564,0.05346053698296588
30,80,0.6,0.0,1225,0.6571428571428571,0.21584527652025048,0.6202835054309117,0.052610245205440394
20,80,0.8,1.0,1225,0.6628571428571428,0.21513271571966072,0.6203204672443172,0.06457642259551954
6,80,0.5,1.0,1225,0.6489795918367347,0.21588735371478518,0.6203512051928052,0.05884857474546548
6,80,0.7,1.0,1225,0.6522448979591837,0.21587751483688788,0.62037151310397,0.05740337260246835
12,80,0.4,0.8,1225,0.6465306122448979,0.21593887592964406,0.6204042030520504,0.06446307848289369
16,60,0.3,0.0,1225,0.6530612244897959,0.21591930890525896,0.6205530080489278,0.04163087332853795
12,20,0.5,0.0,1225,0.6751020408163265,0.21564365564091698,0.6205961315176667,0.05937203532615924
8,20,0.4,0.8,1225,0.6653061224489796,0.21546262199481153,0.6206204425694407,0.058446580060528774
30,80,0.4,0.0,1225,0.6579591836734694,0.21604850727792205,0.620691289014344,0.05425172066442352
8,60,0.7,0.8,1225,0.6555102040816326,0.21592959438779202,0.6206965383319177,0.04252466448614849
20,80,0.6,0.0,1225,0.6481632653061224,0.21619466055430533,0.6207519388302513,0.05580838268370553
8,60,0.6,0.8,1225,0.6538775510204081,0.2159004945883736,0.6207622880476349,0.051646057154607
30,80,0.7,0.0,1225,0.6571428571428571,0.21603134794679424,0.6207707880076154,0.05332964127834756
12,20,0.8,0.0,1225,0.6628571428571428,0.21602684135103462,0.6207902293358426,0.036900766823193175
12,50,0.5,0.0,1225,0.6579591836734694,0.21588891050496312,0.6208122916803512,0.043648160231380816
16,0,0.8,0.0,1225,0.6604081632653062,0.21619369985923167,0.6208300793275388,0.0494430295309022
10,80,0.8,1.2,1225,0.6579591836734694,0.21517763019372635,0.6208664355169184,0.06499258214893973
12,50,0.8,0.0,1225,0.6628571428571428,0.21618438217491223,0.6210033116899986,0.029600870936590192
20,80,0.5,0.0,1225,0.6473469387755102,0.21631819379230982,0.6210211725921486,0.05754392495041475
20,80,0.7,0.0,1225,0.6514285714285715,0.21631395577172377,0.6210624980635547,0.05876357110212775
8,50,0.4,0.8,1225,0.6579591836734694,0.21585167843868838,0.6211256007962359,0.05575261822128683
16,0,0.4,0.0,1225,0.6587755102040816,0.21609775083765903,0.6211530668028673,0.05242615796275379
12,30,0.4,0.0,1225,0.6677551020408163,0.21585043942154483,0.621171694005825,0.055477626499163456
10,0,0.3,0.8,1225,0.6620408163265306,0.2159179540083346,0.6211913686202195,0.06399324726479826
12,40,0.4,0.0,1225,0.6506122448979592,0.21594543072350303,0.6212563241541494,0.04757024491232964
6,80,0.4,1.0,1225,0.6481632653061224,0.21629504609889752,0.6212623292534988,0.06408540086656478
30,30,0.4,1.0,1225,0.649795918367347,0.21566785582172338,0.6213450942686316,0.06474592788816597
30,40,0.4,1.0,1225,0.6522448979591837,0.21555616664929886,0.6213987788303803,0.06207690391392209
8,60,0.8,0.8,1225,0.6587755102040816,0.21630290783029624,0.6214276495587099,0.03922139360831476
30,30,0.5,1.0,1225,0.6489795918367347,0.21575092054991646,0.621473359605286,0.06633496600891801
6,80,0.8,1.0,1225,0.6546938775510204,0.21631326430220707,0.6214738271870107,0.05987401161461069
8,60,0.5,0.8,1225,0.6571428571428571,0.21617682422943327,0.6214971983265521,0.054768245120520975
30,30,0.3,1.0,1225,0.6465306122448979,0.2157192744670158,0.6215104409554713,0.062439544259841766
30,40,0.5,1.0,1225,0.6481632653061224,0.215635481112741,0.6215173508712768,0.06683952830934858
30,80,0.3,0.0,1225,0.6538775510204081,0.21644073557696922,0.6215402028192981,0.05497918943915795
12,80,0.4,1.2,1225,0.6669387755102041,0.21515797978150442,0.6215403103201759,0.061736147288823186
30,40,0.3,1.0,1225,0.649795918367347,0.21561111370072847,0.6215737735776772,0.060474775530382455
12,0,0.8,1.2,1225,0.6522448979591837,0.21611553305421954,0.6216612293617941,0.0684877780796424
12,80,0.5,1.2,1225,0.6653061224489796,0.21522643598866933,0.6216875853531456,0.06310990970731929
12,60,0.6,0.0,1225,0.6506122448979592,0.21643959677262203,0.6216988816417875,0.047833278448735896
12,60,0.7,0.0,1225,0.6563265306122449,0.21650115747231644,0.6217160168881687,0.047237800006119005
30,80,0.8,0.0,1225,0.6595918367346939,0.21640481851736904,0.6217594175595972,0.0539390820048909
8,30,0.3,0.8,1225,0.6653061224489796,0.2159602977187174,0.6217783447170726,0.06104089090880307
12,80,0.3,1.2,1225,0.6661224489795918,0.2152596577334085,0.6217792052998097,0.058584913417519015
12,80,0.3,0.8,1225,0.6448979591836734,0.21657640647790125,0.621818841408176,0.06465692241159901
20,80,0.4,0.0,1225,0.6457142857142857,0.2166776647709128,0.6218216216636298,0.05771457519024537
12,20,0.4,0.0,1225,0.6783673469387755,0.2161356998536624,0.6218532169475834,0.06895678486199817
30,30,0.6,1.0,1225,0.6465306122448979,0.2159616847498088,0.6219061461604297,0.06907696504080231
10,80,0.6,0.8,1225,0.6489795918367347,0.21663252148103584,0.6219326555861402,0.05901276600141962
30,40,0.6,1.0,1225,0.6473469387755102,0.21584273551535874,0.6219404727418694,0.07045628713026024
8,40,0.3,0.8,1225,0.6595918367346939,0.21610160086402044,0.6219599710549101,0.06003380639820914
10,80,0.7,0.8,1225,0.6481632653061224,0.21664388414543095,0.621966018778161,0.05958226112752935
20,80,0.8,0.0,1225,0.6514285714285715,0.2166829968623542,0.6220143645154188,0.055351961237889005
12,50,0.4,0.0,1225,0.6522448979591837,0.2164143077704932,0.6221023395268361,0.044527443258955225
8,0,0.7,0.8,1225,0.6653061224489796,0.21646860391824646,0.622105761345454,0.04857502800606143
30,20,0.4,1.0,1225,0.6440816326530612,0.21608298635334497,0.6221068287048807,0.06451908138500784
8,0,0.6,0.8,1225,0.6685714285714286,0.21639181971342494,0.6221499118608654,0.05689300607571636
12,80,0.6,1.2,1225,0.6628571428571428,0.2154599577610954,0.6222375339002252,0.06555644420927861
30,20,0.5,1.0,1225,0.6424489795918368,0.21616727649925246,0.6222445431098649,0.06841120883802318
30,50,0.4,1.0,1225,0.6514285714285715,0.2157420088413749,0.6222602841753697,0.06725650462312165
30,20,0.3,1.0,1225,0.6448979591836734,0.21613311415183545,0.6222632170696002,0.06162512172726091
8,20,0.3,0.8,1225,0.6636734693877551,0.21620579489676364,0.6223615940473142,0.06244773943016925
30,50,0.5,1.0,1225,0.6538775510204081,0.21581512788242063,0.6223689138503739,0.07226113957711652
12,60,0.5,0.0,1225,0.6465306122448979,0.21669926436807838,0.6223950563482532,0.05118984154923847
30,50,0.3,1.0,1225,0.6546938775510204,0.21580265292918738,0.6224456136917675,0.06427238259797384
10,30,0.7,0.0,1225,0.6636734693877551,0.216587554656669,0.622446951369189,0.04600345465439768
10,80,0.5,0.8,1225,0.6440816326530612,0.21688924867735387,0.6225177101321442,0.06131504761569824
10,30,0.6,0.0,1225,0.6685714285714286,0.21651362778738117,0.6225213757005338,0.05174765690845571
10,40,0.7,0.0,1225,0.6661224489795918,0.21667319259983328,0.622544762133612,0.04349838834915945
12,60,0.8,0.0,1225,0.6546938775510204,0.21692191852446555,0.6225795209558216,0.04602409998612196
16,0,0.3,0.0,1225,0.6555102040816326,0.21670867011746675,0.6225962052409387,0.05344868624484072
10,40,0.6,0.0,1225,0.6677551020408163,0.21661062765592295,0.622620408760433,0.046921804306903445
30,30,0.7,1.0,1225,0.6457142857142857,0.21629123030842762,0.6226536171656866,0.07324976084514201
30,40,0.7,1.0,1225,0.6481632653061224,0.21616934886724182,0.6226784436990274,0.07175079450714941
30,20,0.6,1.0,1225,0.6440816326530612,0.21637879690630096,0.6226872102918494,0.06921698857890471
6,80,0.3,1.0,1225,0.643265306122449,0.21694701516618584,0.6227006923298476,0.06589151990487664
10,80,0.8,0.8,1225,0.6473469387755102,0.21694535018364075,0.622709101414192,0.056666809985288065
16,30,0.4,1.2,1225,0.6538775510204081,0.2158841519733115,0.6227567366357357,0.06359344912827107
30,50,0.6,1.0,1225,0.6555102040816326,0.2160162055529372,0.6227825751571231,0.07447485380956817
16,80,0.6,0.0,1225,0.6448979591836734,0.21712393533662921,0.6227996255635191,0.05750727786451793
8,60,0.4,0.8,1225,0.6530612244897959,0.21672497988945466,0.6228015204929612,0.06273701131982619
16,30,0.3,1.2,1225,0.6530612244897959,0.21589153942313338,0.6228232224153566,0.06146274309606422
8,0,0.8,0.8,1225,0.6653061224489796,0.21688533166156707,0.6228325585101973,0.047289178002169446
16,40,0.4,1.2,1225,0.6555102040816326,0.2157764358726911,0.6228345350142357,0.06933976628019826
8,0,0.5,0.8,1225,0.6636734693877551,0.2166196301888498,0.622845474002534,0.06315888706977983
8,50,0.3,0.8,1225,0.6563265306122449,0.21662303503426963,0.6229014906780883,0.06086309551996528
16,40,0.3,1.2,1225,0.6555102040816326,0.21578836816729868,0.6229137355605676,0.0646040672020532
12,30,0.3,0.0,1225,0.6653061224489796,0.21661157579910262,0.6229569610396001,0.058791257789090695
16,80,0.7,0.0,1225,0.6440816326530612,0.2171902472531795,0.6229806152650743,0.05636013424086657
16,30,0.5,1.2,1225,0.6530612244897959,0.21603313512523528,0.6230422940419305,0.06627242733065576
12,40,0.3,0.0,1225,0.6530612244897959,0.21671757611803774,0.6230561554845068,0.0477452247320361
16,40,0.5,1.2,1225,0.6546938775510204,0.2159202885018375,0.623106204326439,0.07320371055832368
10,20,0.7,0.0,1225,0.6587755102040816,0.21687006621793092,0.6231145083570259,0.038167679911027305
20,80,0.3,0.0,1225,0.6408163265306123,0.21726550379322265,0.6231150644759544,0.06286578358793864
10,20,0.6,0.0,1225,0.6653061224489796,0.21679216668479076,0.623188785626341,0.05585812867774208
12,80,0.7,1.2,1225,0.6636734693877551,0.2158497084713812,0.6232062222093706,0.0699766256473206
16,80,0.5,0.0,1225,0.6424489795918368,0.21733304229418127,0.6232650110334529,0.06279633344900107
10,30,0.8,0.0,1225,0.6628571428571428,0.21706635512988812,0.6232817677486161,0.03622516075286038
10,30,0.5,0.0,1225,0.6677551020408163,0.21679063542897398,0.6233405696753207,0.05770679538927053
10,40,0.8,0.0,1225,0.6636734693877551,0.21714160710390007,0.6233861878118584,0.030619260594592194
10,50,0.7,0.0,1225,0.6563265306122449,0.2171205886037672,0.6234032328903337,0.03569241832531583
30,20,0.7,1.0,1225,0.6424489795918368,0.21670834573467465,0.6234448714379035,0.07341071417225839
10,40,0.5,0.0,1225,0.6612244897959184,0.21689939905680644,0.6234467024537553,0.047079946269689636
10,50,0.6,0.0,1225,0.6546938775510204,0.21707675505035598,0.6234811760339481,0.039849677271336675
16,20,0.4,1.2,1225,0.6506122448979592,0.2162895439659463,0.6234972772908685,0.06401184598620487
30,50,0.7,1.0,1225,0.6546938775510204,0.21633704731992812,0.6235117184138949,0.0785561137840552
16,20,0.3,1.2,1225,0.6514285714285715,0.21629484180702213,0.6235515135447831,0.0608991429415704
12,0,0.6,0.0,1225,0.6620408163265306,0.21714289131717976,0.6236083762078195,0.05040135631228205
12,0,0.7,0.0,1225,0.6628571428571428,0.21724195993424872,0.6236275729380961,0.046106729706165854
12,20,0.3,0.0,1225,0.6751020408163265,0.2168915259555026,0.6236285680495636,0.0716756113898207
10,80,0.4,0.8,1225,0.643265306122449,0.2173934880442454,0.6236477144364939,0.06478911186370892
16,30,0.6,1.2,1225,0.6522448979591837,0.21632979346102665,0.6236940285661371,0.06887254121787995
12,60,0.4,0.0,1225,0.6457142857142857,0.21724840591120825,0.6237036240209347,0.05241639935377913
16,50,0.4,1.2,1225,0.6595918367346939,0.21596062889656395,0.6237230210952669,0.06485043405573443
30,30,0.8,1.0,1225,0.6448979591836734,0.2167292069171278,0.6237244270775114,0.07749355076003164
30,40,0.8,1.0,1225,0.6506122448979592,0.21660519958266145,0.6237401018030586,0.0742655907493323
16,40,0.6,1.2,1225,0.6530612244897959,0.21621181195858427,0.6237428960666235,0.07904047380650493
16,20,0.5,1.2,1225,0.6506122448979592,0.21644085324956125,0.6237967720419715,0.06654829295945945
16,50,0.3,1.2,1225,0.6555102040816326,0.21597946101415866,0.6238153896604932,0.06475516468887385
16,80,0.8,0.0,1225,0.6457142857142857,0.21755007044444422,0.6238968380860076,0.05510333799638894
30,60,0.4,1.0,1225,0.6620408163265306,0.21621660646709753,0.623919492747094,0.06978369811967955
12,50,0.3,0.0,1225,0.6514285714285715,0.2172031319167352,0.6239214082759301,0.05478340207749423
10,20,0.8,0.0,1225,0.6587755102040816,0.21735146378529974,0.6239437582997726,0.03680442361432202
16,50,0.5,1.2,1225,0.6579591836734694,0.2160966613243961,0.6239808562164304,0.07217360582612214
10,20,0.5,0.0,1225,0.6710204081632654,0.21706426254140992,0.6240035307052969,0.06415820326465935
30,60,0.5,1.0,1225,0.6595918367346939,0.21628116414988863,0.62401790536763,0.07301104731356874
8,0,0.4,0.8,1225,0.6685714285714286,0.21712154665072145,0.6240987224643537,0.06838481963959285
30,60,0.3,1.0,1225,0.6620408163265306,0.21628504765900253,0.6241158560657264,0.06673565083731561
6,30,0.7,0.8,1225,0.6644897959183673,0.21720018807541808,0.6241425398911349,0.04852110951919463
10,50,0.8,0.0,1225,0.6571428571428571,0.21757083719316603,0.6242523289743802,0.03161642149513545
12,0,0.5,0.0,1225,0.6653061224489796,0.2173587112187197,0.6242730742203864,0.05834833229713881
16,80,0.4,0.0,1225,0.6424489795918368,0.21780138139606114,0.6243078045901586,0.06372506582987746
10,50,0.5,0.0,1225,0.6546938775510204,0.21738411310477998,0.6243172305607894,0.04683294596012082
6,30,0.6,0.8,1225,0.6653061224489796,0.21717572741130992,0.624327706190726,0.056427238897459826
6,40,0.7,0.8,1225,0.6579591836734694,0.2173365071270799,0.6243439897661012,0.03824522535610937
30,60,0.6,1.0,1225,0.6595918367346939,0.21647348527672078,0.6244222719692301,0.07734064843432893
12,0,0.8,0.0,1225,0.6677551020408163,0.21769114679868687,0.6244554102232635,0.050136189590141315
16,20,0.6,1.2,1225,0.6465306122448979,0.21673955740139095,0.6244641317030936,0.0733200554171596
30,20,0.8,1.0,1225,0.6416326530612245,0.21714539067864985,0.6245260081774516,0.07684878876139935
6,40,0.6,0.8,1225,0.6644897959183673,0.21732384045025346,0.6245302946978806,0.053783257178407706
30,50,0.8,1.0,1225,0.6530612244897959,0.21676780322764647,0.6245653770751528,0.08169038803543033
8,60,0.3,0.8,1225,0.6506122448979592,0.21751545334831324,0.6245965141298674,0.06302174549579904
16,50,0.6,1.2,1225,0.6579591836734694,0.21638008387694305,0.6246030859753855,0.07557770555158157
12,80,0.8,1.2,1225,0.6636734693877551,0.21638395579777017,0.6246082975707083,0.07283011223751859
6,20,0.7,0.8,1225,0.6604081632653062,0.21743775423842737,0.6247033442827026,0.048548233154467775
16,30,0.7,1.2,1225,0.649795918367347,0.21676289580702277,0.6247249280361059,0.07389886709428975
16,40,0.7,1.2,1225,0.6555102040816326,0.21664021830781816,0.6247577174118643,0.08198094472283697
10,30,0.4,0.0,1225,0.6677551020408163,0.21737469108179985,0.6247814655067291,0.06412601152906186
6,30,0.8,0.8,1225,0.6628571428571428,0.21764409204422389,0.6248710657255031,0.04029991524530658
6,20,0.6,0.8,1225,0.6612244897959184,0.21740838668216425,0.6248884186377734,0.05737844871675974
10,40,0.4,0.0,1225,0.6563265306122449,0.21749510700435784,0.6248991409204824,0.05225508506785209
10,60,0.7,0.0,1225,0.6522448979591837,0.21792107269230596,0.6250163239920249,0.048816484097681884
6,40,0.8,0.8,1225,0.6571428571428571,0.21776847527165952,0.6250776859479474,0.030440554303954273
10,60,0.6,0.0,1225,0.6448979591836734,0.2179033100336401,0.6250976390663828,0.05148586956097839
30,60,0.7,1.0,1225,0.6563265306122449,0.21678580785338086,0.6251432098045523,0.07897208782383101
6,30,0.5,0.8,1225,0.6661224489795918,0.21750377039983937,0.6252437027211004,0.06425112168642132
10,80,0.3,0.8,1225,0.6457142857142857,0.21812566547020346,0.6252631686214752,0.06863168519143321
6,50,0.7,0.8,1225,0.6555102040816326,0.2178401578730067,0.6253028248145079,0.043499210214441426
16,60,0.4,1.2,1225,0.6620408163265306,0.21642811120254765,0.6254119314365253,0.07485711151056199
6,20,0.8,0.8,1225,0.6604081632653062,0.217885926083707,0.6254272317856924,0.04269140389973219
10,20,0.4,0.0,1225,0.6759183673469388,0.2176428695268017,0.6254367078282365,0.07551873281136494
6,40,0.5,0.8,1225,0.6620408163265306,0.21766293251858432,0.6254516949738974,0.05735496274755865
6,50,0.6,0.8,1225,0.6546938775510204,0.2178461037331205,0.6254913249914089,0.05736587908334887
16,20,0.7,1.2,1225,0.6457142857142857,0.21717404346451344,0.6255122412480177,0.07695078502559932
16,60,0.3,1.2,1225,0.6612244897959184,0.21645609960266984,0.6255179295392478,0.071307281805623
12,0,0.4,0.0,1225,0.6620408163265306,0.21786029762563874,0.6255268241227692,0.05558060375391234
12,60,0.3,0.0,1225,0.64,0.21805953940087885,0.6255466387816591,0.05430389615384146
16,50,0.7,1.2,1225,0.6579591836734694,0.21680060692400624,0.6256029548303312,0.0779682298866519
16,60,0.5,1.2,1225,0.6636734693877551,0.2165537474182415,0.6256559641748042,0.07552043700828345
6,30,0.3,1.5,1225,0.6555102040816326,0.21647986339637992,0.6257418320853215,0.06746314476438933
10,50,0.4,0.0,1225,0.6481632653061224,0.21799763981209105,0.6257850519598604,0.0550093798586779
6,20,0.5,0.8,1225,0.6620408163265306,0.217731478338244,0.6258012621522894,0.06310045052305273
8,0,0.3,0.8,1225,0.6669387755102041,0.21787077914600542,0.625835378267932,0.07182075384674827
6,40,0.3,1.5,1225,0.6571428571428571,0.21638293806399175,0.625865327683093,0.06522196927623133
6,30,0.4,1.5,1225,0.6571428571428571,0.2165509334200654,0.6258727267328884,0.06868087344723538
16,80,0.3,0.0,1225,0.6424489795918368,0.21851366091988894,0.6258740252872401,0.06405140534280115
10,60,0.8,0.0,1225,0.6506122448979592,0.2183453920795775,0.6258741725208321,0.03837773592717863
10,60,0.5,0.0,1225,0.6416326530612245,0.21823603637660244,0.6259461313303198,0.05712577420206365
6,40,0.4,1.5,1225,0.6563265306122449,0.2164467891341392,0.6259768424237885,0.06866224092844296
6,50,0.8,0.8,1225,0.6530612244897959,0.21825258155905325,0.6260422139621852,0.03715017965714899
30,0,0.4,1.0,1225,0.6416326530612245,0.21783185360417473,0.6260936966850492,0.06629660682244153
16,30,0.8,1.2,1225,0.6473469387755102,0.21731952127479742,0.626145826990009,0.0792393259522676
16,40,0.8,1.2,1225,0.6546938775510204,0.21719290295616395,0.626161711306442,0.08062435576279947
8,80,0.7,0.8,1225,0.6424489795918368,0.21853058374846068,0.6261766286109718,0.060591650716433
30,60,0.8,1.0,1225,0.6579591836734694,0.21720859318519226,0.6261899603496586,0.0796639115108225
30,0,0.3,1.0,1225,0.6448979591836734,0.21788638751478556,0.6262343292259092,0.06215411169100788
30,0,0.5,1.0,1225,0.6408163265306123,0.21791070368735863,0.6262494885299542,0.06950000806589392
8,80,0.6,0.8,1225,0.6391836734693878,0.21857219221633498,0.6262584706954012,0.06444611188844834
16,60,0.6,1.2,1225,0.6628571428571428,0.21682622716532804,0.6262642776907599,0.0790950321856187
6,50,0.5,0.8,1225,0.6555102040816326,0.21820227063720388,0.6264203902373087,0.06678286106450017
6,20,0.3,1.5,1225,0.6555102040816326,0.2168697687303337,0.6264417138060283,0.06426605804818962
6,30,0.5,1.5,1225,0.6538775510204081,0.216817379914203,0.6264678028036018,0.07350905303176858
6,40,0.5,1.5,1225,0.6579591836734694,0.21670466489982518,0.6265487939230728,0.07023391322326258
6,20,0.4,1.5,1225,0.6563265306122449,0.21694514822387348,0.6265918824463665,0.06631155643952556
30,0,0.6,1.0,1225,0.6416326530612245,0.2181151387734062,0.6267124756987998,0.07113290613553222
10,30,0.3,0.0,1225,0.6587755102040816,0.21822910837623183,0.6267500065595765,0.06104026142943073
6,30,0.4,0.8,1225,0.6661224489795918,0.2181293350605265,0.6267518179282029,0.06989769461790496
10,0,0.7,0.0,1225,0.6661224489795918,0.21855304806848036,0.6267576722371446,0.0553370657559631
6,50,0.3,1.5,1225,0.6571428571428571,0.21657332665942403,0.6268044602183216,0.0671058412176013
10,0,0.6,0.0,1225,0.6628571428571428,0.21848940739611608,0.6268348979320518,0.056607589172713524
10,40,0.3,0.0,1225,0.6538775510204081,0.218360617907357,0.6268825841508583,0.05706065826592732
6,50,0.4,1.5,1225,0.6595918367346939,0.21662721226416973,0.6268965198323523,0.0677145986543706
8,80,0.8,0.8,1225,0.6424489795918368,0.21883002717622563,0.6269110930763893,0.061759086986290644
16,20,0.8,1.2,1225,0.6440816326530612,0.21773113057731455,0.6269517378681054,0.08144579536140295
6,40,0.4,0.8,1225,0.6612244897959184,0.21829829897463549,0.6269679496699295,0.062439619758359315
16,50,0.8,1.2,1225,0.6595918367346939,0.2173459925053938,0.6269917266835767,0.08009381241603664
6,60,0.7,0.8,1225,0.6465306122448979,0.2187021399157646,0.6270127495279281,0.049323307386195815
8,80,0.5,0.8,1225,0.6375510204081632,0.21891447684220092,0.6270241072884839,0.06712833926188866
8,30,0.7,0.0,1225,0.6669387755102041,0.21855279345326853,0.6270491171364794,0.05268610927152498
12,80,0.6,0.0,1225,0.6318367346938776,0.21902255611323318,0.6270564907757992,0.061581660243595626
12,80,0.7,0.0,1225,0.64,0.21901323124141797,0.6270643160550042,0.05924712309469366
8,40,0.7,0.0,1225,0.6587755102040816,0.218664477521938,0.6271853404545547,0.04058411053798309
6,60,0.6,0.8,1225,0.649795918367347,0.2187334440271219,0.6272045352045881,0.06204662057128746
6,20,0.5,1.5,1225,0.6522448979591837,0.2172167899143836,0.6272106128818505,0.07323916563121906
8,30,0.6,0.0,1225,0.6653061224489796,0.218526902563033,0.6272243818334211,0.058521484113878516
16,60,0.7,1.2,1225,0.6612244897959184,0.21723580887357355,0.627250272882915,0.08311287507802717
12,0,0.3,0.0,1225,0.6595918367346939,0.21862267153888873,0.6272962464789631,0.06803139418011671
6,20,0.4,0.8,1225,0.6644897959183673,0.21835254391722758,0.627304397325958,0.07168278211911865
8,40,0.6,0.0,1225,0.6587755102040816,0.21865116602853088,0.6273620849581575,0.04770935994590458
10,20,0.3,0.0,1225,0.6751020408163265,0.21849166454036442,0.6273950362723358,0.08078346546694717
10,60,0.4,0.0,1225,0.6391836734693878,0.2188734973144443,0.6274331996326354,0.06447883680276269
6,50,0.5,1.5,1225,0.6579591836734694,0.21687332568636605,0.6274459027222853,0.0748807008437102
16,0,0.4,1.2,1225,0.6448979591836734,0.21800116632533464,0.6274502606016742,0.07183419002533652
16,0,0.3,1.2,1225,0.6481632653061224,0.21801005195770043,0.627481544151646,0.06696172490553878
30,0,0.7,1.0,1225,0.6408163265306123,0.2184355699536533,0.6274924921305525,0.07490856779499727
6,30,0.6,1.5,1225,0.6530612244897959,0.2172664737960235,0.6275472600821236,0.07659543173487326
10,0,0.8,0.0,1225,0.6653061224489796,0.21901626772954683,0.6275788584063456,0.051696810562622854
6,40,0.6,1.5,1225,0.6522448979591837,0.21714463796021694,0.6276012680850628,0.07856565114268355
10,0,0.5,0.0,1225,0.6620408163265306,0.21877229843754234,0.627648686671395,0.06431450785943267
8,20,0.7,0.0,1225,0.6612244897959184,0.21881937936908166,0.6276869254483254,0.05284202782600469
6,60,0.8,0.8,1225,0.6465306122448979,0.21908747127460437,0.627758312973033,0.042763988981726
16,0,0.5,1.2,1225,0.6448979591836734,0.21814826264637313,0.6277776229631487,0.07418213246667739
12,80,0.5,0.0,1225,0.6383673469387755,0.2193516897952939,0.6277839725366025,0.0659932126593219
10,50,0.3,0.0,1225,0.6448979591836734,0.21887967172192913,0.627788104782112,0.0605205483828565
8,20,0.6,0.0,1225,0.6644897959183673,0.2187881438597651,0.6278617491986993,0.06113773018358189
8,30,0.8,0.0,1225,0.6636734693877551,0.21904326932816126,0.6278911135369465,0.0454828375403396
12,80,0.8,0.0,1225,0.6359183673469387,0.21936374912964662,0.6279469083183419,0.05713159194115275
6,50,0.4,0.8,1225,0.6538775510204081,0.21885267066749223,0.6279479534885037,0.07176007158852048
8,40,0.8,0.0,1225,0.6587755102040816,0.21914257169219395,0.6280340777984099,0.03293284107028668
8,50,0.7,0.0,1225,0.6514285714285715,0.21914794232538498,0.6280909763261351,0.04283713373974605
6,0,0.7,0.8,1225,0.6669387755102041,0.21904782555780253,0.6281238391329454,0.06215126246227301
6,60,0.5,0.8,1225,0.643265306122449,0.21911263288904814,0.6281435548933587,0.07295776062844
8,30,0.5,0.0,1225,0.6677551020408163,0.21888640596865358,0.6282021216803187,0.06786834236420382
8,50,0.6,0.0,1225,0.6506122448979592,0.2191544118625811,0.6282702377029612,0.04939999956218085
6,0,0.6,0.8,1225,0.6677551020408163,0.21902956292095124,0.6283119483457293,0.06589795918894385
6,20,0.6,1.5,1225,0.6514285714285715,0.21767124288145168,0.6283182412056542,0.07719629389366776
8,40,0.5,0.0,1225,0.6579591836734694,0.21902294978554596,0.6283472415015187,0.055133787192003944
8,80,0.4,0.8,1225,0.6334693877551021,0.2195224025282751,0.6283700884159451,0.06991938210364318
6,50,0.6,1.5,1225,0.6587755102040816,0.21730060972199097,0.6284726051451816,0.08098272498007253
16,0,0.6,1.2,1225,0.6457142857142857,0.21844132003729566,0.6284778151449056,0.07363256004059528
8,20,0.8,0.0,1225,0.6563265306122449,0.21931440341742783,0.6285233750718304,0.03665323840421007
6,60,0.3,1.5,1225,0.6555102040816326,0.21704253215422573,0.6285487788659088,0.07119136054127985
30,0,0.8,1.0,1225,0.6440816326530612,0.2188612587148413,0.6285977014778485,0.07677530665940205
6,60,0.4,1.5,1225,0.6595918367346939,0.21708386506824545,0.6286213095176317,0.07167850045353315
16,60,0.8,1.2,1225,0.6595918367346939,0.21777066624310001,0.6286254485330899,0.08783011693288648
6,30,0.3,0.8,1225,0.6612244897959184,0.21900698228688995,0.6287455339974192,0.07057607843981945
8,20,0.5,0.0,1225,0.6653061224489796,0.2191419071179459,0.6288347123728363,0.06904876951174127
6,0,0.8,0.8,1225,0.6587755102040816,0.21948129371001962,0.6288399264559874,0.05012109983346339
8,50,0.8,0.0,1225,0.6530612244897959,0.2196058358416384,0.6289476611272234,0.030768502247486486
6,40,0.3,0.8,1225,0.6555102040816326,0.21918411016088826,0.6289713956631341,0.06986291256002494
10,0,0.4,0.0,1225,0.6636734693877551,0.21935870498831914,0.6290778722997068,0.06643193575688922
6,30,0.7,1.5,1225,0.6514285714285715,0.21788226694129037,0.6291292294247187,0.08129781258967758
12,80,0.4,0.0,1225,0.6334693877551021,0.21996702277423966,0.629141108177971,0.06677496005365942
6,60,0.5,1.5,1225,0.6571428571428571,0.21731520724175044,0.6291486683007553,0.07527495744803887
6,40,0.7,1.5,1225,0.6538775510204081,0.21775139812200914,0.6291524800360733,0.08010519811779192
6,0,0.5,0.8,1225,0.6685714285714286,0.21936130385616726,0.6292252857921332,0.07357291709287289
8,50,0.5,0.0,1225,0.6473469387755102,0.21954496981355728,0.629265456432253,0.05187951979676016
6,20,0.3,0.8,1225,0.6612244897959184,0.21922653744982157,0.6292922188837152,0.07408669182522275
10,60,0.3,0.0,1225,0.6416326530612245,0.21977741860306363,0.6294605950841157,0.06680287564237927
16,0,0.7,1.2,1225,0.6473469387755102,0.21886817657491983,0.6295635594473153,0.0775176851475064
30,80,0.4,1.0,1225,0.6620408163265306,0.21798426758249698,0.6295789100599419,0.07390129222986289
30,80,0.5,1.0,1225,0.6628571428571428,0.2180249218741409,0.6296558676078922,0.07534546498887408
6,60,0.4,0.8,1225,0.636734693877551,0.21978321881351795,0.6296856184704261,0.07290035658825518
8,60,0.7,0.0,1225,0.6440816326530612,0.21999440945380577,0.6297601074348591,0.048814367145855415
30,80,0.3,1.0,1225,0.6604081632653062,0.21807432687133865,0.6297995563618481,0.07155591642446665
8,30,0.4,0.0,1225,0.6620408163265306,0.21956810506024413,0.6298236452726514,0.06855369913784236
6,20,0.7,1.5,1225,0.6489795918367347,0.21829200339470073,0.6299328313413548,0.08291106377058616
8,60,0.6,0.0,1225,0.6391836734693878,0.22002781363155993,0.6299429226165834,0.05636721138974359
6,50,0.3,0.8,1225,0.6481632653061224,0.21975108972085347,0.6299649715804058,0.07985847194495717
8,40,0.4,0.0,1225,0.6587755102040816,0.21971619385635172,0.6299804244945713,0.06205012003527577
6,50,0.7,1.5,1225,0.6579591836734694,0.21789446300580875,0.6299949463658858,0.08527057147696068
30,80,0.6,1.0,1225,0.6612244897959184,0.21819234192093862,0.6300418681697548,0.07772403874872788
6,60,0.6,1.5,1225,0.6604081632653062,0.21772643100558012,0.630150787567199,0.08034722966493414
8,80,0.3,0.8,1225,0.6351020408163265,0.22036526529797604,0.6302148032351469,0.07246998520287777
6,0,0.3,1.5,1225,0.6514285714285715,0.2185360902926019,0.6303283539241948,0.07296620652614894
8,20,0.4,0.0,1225,0.6718367346938775,0.21981783313321163,0.630448345847475,0.08213100750444374
10,80,0.7,0.0,1225,0.6244897959183674,0.2205361586151255,0.6304758581934795,0.06706045428557636
6,0,0.4,1.5,1225,0.6506122448979592,0.21861071163210602,0.6305164849561112,0.07354626866671657
10,80,0.6,0.0,1225,0.6253061224489795,0.2205923748589347,0.6305671566211112,0.06897847611850476
8,60,0.8,0.0,1225,0.6375510204081632,0.22042430832306115,0.6306259592673861,0.05029482531281879
6,0,0.4,0.8,1225,0.6628571428571428,0.2199895237769968,0.6307279678495797,0.07301126928995509
30,80,0.7,1.0,1225,0.6612244897959184,0.21847975975590248,0.6307479125757365,0.08121575968760492
8,50,0.4,0.0,1225,0.64,0.2202554752303571,0.6309140766604565,0.06235366038166011
8,60,0.5,0.0,1225,0.6375510204081632,0.22044357537855477,0.630950857921418,0.06796029767530615
10,0,0.3,0.0,1225,0.6669387755102041,0.22021277510056164,0.6310298150710928,0.07598288244556071
16,0,0.8,1.2,1225,0.6457142857142857,0.21941532660173202,0.6310451254181753,0.08363685675270723
12,80,0.3,0.0,1225,0.6326530612244898,0.22083945038936217,0.6310463311656535,0.06810131303274584
16,80,0.4,1.2,1225,0.6571428571428571,0.21816580904979654,0.6311378972511871,0.07567757928574168
6,0,0.5,1.5,1225,0.6506122448979592,0.21888190320848572,0.6311838206888618,0.07441164026096808
6,40,0.8,1.5,1225,0.6530612244897959,0.2185074047210153,0.6312172977213706,0.08421169456170845
6,30,0.8,1.5,1225,0.6522448979591837,0.21864674211384477,0.6312283020075043,0.08720997219749543
16,80,0.3,1.2,1225,0.6563265306122449,0.2182184944574599,0.6312726651726652,0.07380681964809387
8,0,0.7,0.0,1225,0.6604081632653062,0.22050122210367823,0.6312964115505556,0.06120534005233646
16,80,0.5,1.2,1225,0.6579591836734694,0.2182633712577955,0.6313542089521856,0.07580033076391661
10,80,0.8,0.0,1225,0.6302040816326531,0.22088544622416292,0.6313545548440986,0.059072440944586274
10,80,0.5,0.0,1225,0.6253061224489795,0.22099594688004703,0.6314486418788516,0.06993045422766545
8,0,0.6,0.0,1225,0.6636734693877551,0.22048106606797133,0.6314734858942654,0.06691100567725572
6,60,0.7,1.5,1225,0.6604081632653062,0.21830370475979222,0.6316461129896094,0.08463934550399682
6,60,0.3,0.8,1225,0.6391836734693878,0.2206986133130425,0.6317200667911592,0.08048691251146713
30,80,0.8,1.0,1225,0.6620408163265306,0.21887836764815244,0.6317836984565119,0.08222418857274469
16,80,0.6,1.2,1225,0.6604081632653062,0.21850593548599279,0.6319360319557179,0.07971644458715779
8,30,0.3,0.0,1225,0.6563265306122449,0.22052072930932382,0.631969167780946,0.06871695478244408
6,50,0.8,1.5,1225,0.6555102040816326,0.21863789169745285,0.6320280817070414,0.08545903156782098
6,20,0.8,1.5,1225,0.6506122448979592,0.21906065847870465,0.6320687054184548,0.08460613498716482
8,0,0.8,0.0,1225,0.6587755102040816,0.22098182876828498,0.6321253066410195,0.054728448044721094
8,40,0.3,0.0,1225,0.6514285714285715,0.22067926947433747,0.632140569527533,0.06446235867288701
6,0,0.6,1.5,1225,0.6506122448979592,0.2193350647216731,0.6323510287355917,0.07763177852636677
8,0,0.5,0.0,1225,0.6653061224489796,0.22084307115079527,0.6324448129833824,0.07559231966320105
8,20,0.3,0.0,1225,0.6685714285714286,0.22076495999166015,0.6325837861376601,0.0849824886179071
8,60,0.4,0.0,1225,0.6302040816326531,0.2211769833109892,0.6326187059833818,0.07308324984491103
6,80,0.7,0.8,1225,0.6253061224489795,0.22145385975456408,0.6326538596079941,0.06547136278480525
6,0,0.3,0.8,1225,0.6661224489795918,0.22086995882145002,0.6327155272882534,0.08236507568279042
6,80,0.6,0.8,1225,0.6244897959183674,0.22155579413329707,0.6328557398288935,0.0704135381324474
16,80,0.7,1.2,1225,0.6587755102040816,0.2188849896717239,0.6328971410946397,0.08112045611955618
10,80,0.4,0.0,1225,0.6277551020408163,0.2216993408966175,0.6329859226585165,0.06826904760571567
8,50,0.3,0.0,1225,0.6326530612244898,0.22123389486945821,0.6330933920633185,0.07299927918039602
6,80,0.8,0.8,1225,0.6318367346938776,0.22176262594328572,0.6334128888774938,0.06090273448249842
6,60,0.8,1.5,1225,0.6595918367346939,0.21903064186868895,0.6336501007944783,0.08640950493521425
6,30,0.7,0.0,1225,0.6636734693877551,0.22151942010614536,0.6338094893164269,0.06233940964411311
6,80,0.5,0.8,1225,0.6179591836734694,0.22199851177109617,0.6338217367256008,0.07193163883913102
6,40,0.7,0.0,1225,0.6522448979591837,0.22166096670280733,0.6339921528766601,0.04658039187262664
6,0,0.7,1.5,1225,0.6473469387755102,0.21995287877539715,0.6340360810767354,0.08419839364072422
8,0,0.4,0.0,1225,0.6620408163265306,0.2215248950283605,0.6340539635392223,0.07584197708885584
20,30,0.4,1.2,1225,0.6457142857142857,0.21964619994235585,0.6340712742598543,0.08226386844163847
20,30,0.3,1.2,1225,0.643265306122449,0.21963353002649608,0.6340795082793482,0.08283467934355242
6,30,0.6,0.0,1225,0.6636734693877551,0.2215547213315524,0.6340875693589703,0.06974375768317077
20,40,0.4,1.2,1225,0.6489795918367347,0.21949851441578175,0.6341772520583062,0.08028114529517333
20,40,0.3,1.2,1225,0.6489795918367347,0.2194900298509467,0.6341976521366638,0.07848041751581018
16,80,0.8,1.2,1225,0.6587755102040816,0.2193896484670398,0.6342495510948386,0.08487922602591692
6,40,0.6,0.0,1225,0.6514285714285715,0.2217094936668812,0.6342721231627524,0.052755363282030475
20,30,0.5,1.2,1225,0.6457142857142857,0.2198013066506917,0.6343956283728043,0.08427784653617373
6,80,0.3,1.5,1225,0.6530612244897959,0.21877081338988258,0.6343986315292831,0.0798343969539698
6,20,0.7,0.0,1225,0.6595918367346939,0.22176809683730714,0.6344119179108486,0.06158835324960298
6,80,0.4,1.5,1225,0.6563265306122449,0.21877988727594788,0.6344317499597291,0.07871937713241814
20,40,0.5,1.2,1225,0.6489795918367347,0.21964860153551716,0.6344880425790236,0.08232904337536509
6,30,0.8,0.0,1225,0.6604081632653062,0.22200900636734147,0.6346505825323443,0.05078941663593238
6,20,0.6,0.0,1225,0.6653061224489796,0.22179688434826314,0.6346891476710085,0.07512140085659687
20,20,0.3,1.2,1225,0.6440816326530612,0.22006996087894337,0.6348125226865644,0.08108103424373007
20,20,0.4,1.2,1225,0.6448979591836734,0.22008508858324138,0.6348164266945222,0.08219182684262079
8,60,0.3,0.0,1225,0.6318367346938776,0.22217555786564028,0.6348217510808356,0.07867702139184274
6,40,0.8,0.0,1225,0.6514285714285715,0.22213597290954437,0.6348390564053439,0.040216166318000096
6,80,0.5,1.5,1225,0.6563265306122449,0.21897336909602194,0.6349164714405757,0.08128329923393313
6,50,0.7,0.0,1225,0.6359183673469387,0.22218610234960648,0.63495534438051,0.04470745393149675
20,30,0.6,1.2,1225,0.6457142857142857,0.22009014380776715,0.6350659426063497,0.08649582766893618
10,80,0.3,0.0,1225,0.6236734693877551,0.22266282732095571,0.6350763390734033,0.06998819600370593
20,50,0.4,1.2,1225,0.6595918367346939,0.2196366643955635,0.6351263107441109,0.07915236668265936
20,40,0.6,1.2,1225,0.6473469387755102,0.21993211643740732,0.6351433120927311,0.08610550433345936
20,20,0.5,1.2,1225,0.6440816326530612,0.22024315083050966,0.6351547627504325,0.0850817015929961
20,50,0.3,1.2,1225,0.6595918367346939,0.21963396568962532,0.635158826985907,0.07757997743080056
6,30,0.5,0.0,1225,0.6620408163265306,0.22200501382817167,0.635213760281136,0.07476554581139977
6,50,0.6,0.0,1225,0.6351020408163265,0.22225451683938896,0.6352382499448022,0.05135249321745185
6,20,0.8,0.0,1225,0.6530612244897959,0.22226458205128155,0.6352482269424954,0.04631729285747764
8,80,0.7,0.0,1225,0.6253061224489795,0.22273069813668472,0.6353589834295289,0.06492445213761705
6,80,0.4,0.8,1225,0.6204081632653061,0.2227245589289072,0.6354025299167096,0.07878239291495553
6,40,0.5,0.0,1225,0.6530612244897959,0.22217158822229985,0.6354056129907232,0.06071623299705376
20,50,0.5,1.2,1225,0.6579591836734694,0.21977981332106408,0.6354240304654817,0.0832269987279376
8,80,0.6,0.0,1225,0.6244897959183674,0.2228391578769682,0.6355520242111368,0.06866567855170505
6,50,0.8,0.0,1225,0.6342857142857142,0.22263886997392593,0.6358090719505357,0.04083517134052988
6,20,0.5,0.0,1225,0.6653061224489796,0.22224115464881009,0.6358105307459909,0.08218347528171989
20,20,0.6,1.2,1225,0.6424489795918368,0.22053495479547935,0.6358410062222906,0.08894461410979518
6,80,0.6,1.5,1225,0.6555102040816326,0.21934314229657464,0.635872682015543,0.0848783605839183
20,50,0.6,1.2,1225,0.6579591836734694,0.22005580795690352,0.6360652108612289,0.08640254304804569
20,30,0.7,1.2,1225,0.6440816326530612,0.2205019552269045,0.6360946836114585,0.09048907110235675
20,40,0.7,1.2,1225,0.6465306122448979,0.2203387196204404,0.6361555530198449,0.08926041836622689
8,0,0.3,0.0,1225,0.6612244897959184,0.22247603548311268,0.6361828528227831,0.0813758368805779
8,80,0.8,0.0,1225,0.6228571428571429,0.22308138618211698,0.6362468804480057,0.06057802374692675
6,0,0.8,1.5,1225,0.6465306122448979,0.2207164261390375,0.6362527743632157,0.09002674957026988
6,50,0.5,0.0,1225,0.6326530612244898,0.222734126886102,0.6363815316029378,0.06971457049862786
8,80,0.5,0.0,1225,0.6244897959183674,0.22332426262229965,0.63659340596716,0.06868693778480306
6,60,0.7,0.0,1225,0.626938775510204,0.22308587581692377,0.6366932239922651,0.05376604796146717
20,20,0.7,1.2,1225,0.6448979591836734,0.220949371980629,0.6368876170794532,0.08889068346977903
20,60,0.4,1.2,1225,0.6604081632653062,0.22005230087349104,0.636907419936587,0.08043986851250595
20,60,0.3,1.2,1225,0.6604081632653062,0.22005686754897574,0.6369519407882734,0.07820916630700438
6,60,0.6,0.0,1225,0.6253061224489795,0.22318076935722622,0.6369801186468407,0.06208794389727973
6,30,0.4,0.0,1225,0.6595918367346939,0.2227833874423489,0.6369880642982587,0.07841411240814619
20,50,0.7,1.2,1225,0.6555102040816326,0.22045476289933244,0.6370623896332305,0.08969395431496649
6,40,0.4,0.0,1225,0.6457142857142857,0.2229602097122377,0.637190853414587,0.07269882626030047
20,60,0.5,1.2,1225,0.6595918367346939,0.22018673366821215,0.6371926145627055,0.08419505673500438
6,80,0.7,1.5,1225,0.6555102040816326,0.2198770662541648,0.6373191552268048,0.08796039204552307
6,80,0.3,0.8,1225,0.6179591836734694,0.22368664651171216,0.6374835199528449,0.07739613776134883
20,30,0.8,1.2,1225,0.6408163265306123,0.22102469705015756,0.6374921330873456,0.09622907937608229
20,40,0.8,1.2,1225,0.6440816326530612,0.22085669133062136,0.6375351737169227,0.09413817424363789
6,60,0.8,0.0,1225,0.6310204081632653,0.223508782418607,0.6375547696583661,0.042675420807903645
6,20,0.4,0.0,1225,0.6710204081632654,0.22301415218112716,0.6375773599703556,0.0942707430206466
20,60,0.6,1.2,1225,0.6595918367346939,0.22045316560955983,0.6378207055374344,0.08672966706754337
6,0,0.7,0.0,1225,0.6530612244897959,0.22345043408687132,0.6379837351230108,0.06424582903740607
6,60,0.5,0.0,1225,0.6212244897959184,0.22368351831425998,0.63813568893854,0.07107761647843001
6,50,0.4,0.0,1225,0.6310204081632653,0.22353779356353132,0.6381811687483422,0.0782440933618721
6,0,0.6,0.0,1225,0.6628571428571428,0.22348643493858997,0.638262381607477,0.07587100181797181
20,20,0.8,1.2,1225,0.643265306122449,0.22147407728566298,0.6383047634849992,0.09301497014848653
8,80,0.4,0.0,1225,0.6187755102040816,0.22411999429668542,0.6383111499085092,0.07309912937844072
20,50,0.8,1.2,1225,0.6563265306122449,0.22096531880715317,0.6384261155174302,0.09272632273710525
20,60,0.7,1.2,1225,0.6571428571428571,0.2208421969359407,0.6388042955930274,0.08933552476989289
6,0,0.8,0.0,1225,0.6383673469387755,0.22393764597926857,0.6388135714876251,0.045939121708726216
20,0,0.3,1.2,1225,0.6473469387755102,0.22182769177412934,0.6388489272977859,0.08763605410743033
20,0,0.4,1.2,1225,0.6457142857142857,0.22184202862215335,0.6388766312837457,0.0829585364139938
20,0,0.5,1.2,1225,0.6440816326530612,0.22199922329086352,0.6392437794635238,0.08496776697774257
6,30,0.3,0.0,1225,0.6587755102040816,0.2238210546433566,0.6392607334275643,0.08302850635482242
6,80,0.8,1.5,1225,0.6538775510204081,0.22056011597903924,0.6392720005505853,0.09394359909739901
6,0,0.5,0.0,1225,0.6620408163265306,0.22393615084792948,0.639381625739535,0.08256219386855512
6,40,0.3,0.0,1225,0.636734693877551,0.2240064499454046,0.6394767422022615,0.07522060848786029
6,20,0.3,0.0,1225,0.6644897959183673,0.2240472338050028,0.639840871686754,0.09357024644013406
6,60,0.4,0.0,1225,0.6212244897959184,0.22450692812318404,0.6399531826127448,0.08482261752760946
20,0,0.6,1.2,1225,0.6408163265306123,0.22228927854064204,0.6399641115740855,0.0905598003338238
20,60,0.8,1.2,1225,0.6571428571428571,0.2213428590895792,0.6401540880445401,0.09470937595195095
6,50,0.3,0.0,1225,0.6293877551020408,0.22459651758807347,0.6404843335441477,0.08265351248244339
8,80,0.3,0.0,1225,0.6155102040816327,0.22517287805316932,0.6405753937764194,0.08191320271767044
20,0,0.7,1.2,1225,0.6408163265306123,0.2227004866759157,0.6410501288768666,0.09295722835116971
6,0,0.4,0.0,1225,0.6644897959183673,0.22471318644646118,0.6411439012425514,0.09189027794008595
6,60,0.3,0.0,1225,0.6146938775510205,0.22558194546374927,0.6422776733246031,0.09012217630663527
6,80,0.7,0.0,1225,0.6195918367346939,0.2259628358419101,0.6424635770212453,0.06785356613424438
20,0,0.8,1.2,1225,0.6383673469387755,0.22322011671841832,0.6425118091058218,0.09785290567538851
8,30,0.3,1.5,1225,0.6522448979591837,0.22161427074000092,0.6425593015125305,0.08601039928918858
8,40,0.3,1.5,1225,0.6563265306122449,0.22146828186399156,0.642729470956791,0.08769217108115417
6,80,0.6,0.0,1225,0.6163265306122448,0.22613007608830044,0.6427616661702518,0.06847324892599496
8,30,0.4,1.5,1225,0.6555102040816326,0.22171356482825855,0.6427680194226729,0.08633728020160998
20,80,0.4,1.2,1225,0.6604081632653062,0.22166945075307026,0.6429079847876877,0.0861237981799603
8,40,0.4,1.5,1225,0.6579591836734694,0.22156059750773183,0.6429187505069907,0.09211280594401909
20,80,0.3,1.2,1225,0.6563265306122449,0.22169253832857136,0.6429760052895572,0.08436233678746889
20,80,0.5,1.2,1225,0.6571428571428571,0.22178164801720626,0.6431698843325312,0.08769446860145741
8,20,0.3,1.5,1225,0.6546938775510204,0.22204359623908065,0.6432569760819457,0.08337034664164729
6,80,0.8,0.0,1225,0.6179591836734694,0.22630337175325696,0.6433436201331281,0.06485454583199807
6,0,0.3,0.0,1225,0.6628571428571428,0.22574924350495462,0.6434013079458076,0.0964404296331196
8,30,0.5,1.5,1225,0.6546938775510204,0.2219911637898105,0.6434229770680311,0.09095605335376379
8,20,0.4,1.5,1225,0.6555102040816326,0.22214800307807966,0.6434857059711514,0.08791875423818278
8,40,0.5,1.5,1225,0.6546938775510204,0.2218294932558016,0.6435498719649659,0.09581449592720537
8,50,0.3,1.5,1225,0.6555102040816326,0.22160048825471404,0.643759311174739,0.08720301274183924
20,80,0.6,1.2,1225,0.6579591836734694,0.22202342877632905,0.6437748558039784,0.09290275965980559
8,50,0.4,1.5,1225,0.6555102040816326,0.22168417098882462,0.643929877210782,0.08998712615288953
6,80,0.5,0.0,1225,0.6048979591836735,0.2266954921164494,0.6439493284116927,0.07487649527909274
8,20,0.5,1.5,1225,0.6546938775510204,0.22243195452702727,0.6441655858521931,0.09181350390704501
8,50,0.5,1.5,1225,0.6555102040816326,0.2219422537979026,0.6445384019951457,0.09240336616541071
8,30,0.6,1.5,1225,0.6514285714285715,0.22243419962411318,0.6445433340225695,0.0941937424939518
8,40,0.6,1.5,1225,0.6563265306122449,0.22226288536733824,0.6446416568973274,0.09702496509416106
20,80,0.7,1.2,1225,0.6563265306122449,0.22238644154064796,0.6447356914200267,0.09590922477707353
8,20,0.6,1.5,1225,0.6555102040816326,0.22288184381337167,0.6453161366604654,0.09567906641608113
8,50,0.6,1.5,1225,0.6546938775510204,0.22236347022719136,0.6456033913553126,0.0948911813228168
8,60,0.3,1.5,1225,0.6563265306122449,0.2220027679254923,0.645637427512517,0.09006343565947889
8,60,0.4,1.5,1225,0.6595918367346939,0.222076363973449,0.6457901321965959,0.09058364047714194
6,80,0.4,0.0,1225,0.6024489795918367,0.2275719587763601,0.6458129138927263,0.07857581664294644
20,80,0.8,1.2,1225,0.6546938775510204,0.2228605703753139,0.6460634474304404,0.10096573200479196
8,30,0.7,1.5,1225,0.6514285714285715,0.22302729656656714,0.6461465179853316,0.09915918697519938
8,40,0.7,1.5,1225,0.6538775510204081,0.2228460596664546,0.6462114506148045,0.09935733291961342
8,60,0.5,1.5,1225,0.6595918367346939,0.2223217584306902,0.6463774233718756,0.09425993744688
8,20,0.7,1.5,1225,0.6538775510204081,0.22348168934715834,0.6469548883022943,0.09742111374683304
8,50,0.7,1.5,1225,0.6530612244897959,0.2229338103503201,0.6471421285060132,0.09878716715665789
8,0,0.3,1.5,1225,0.6465306122448979,0.22375696588462782,0.6472716460026925,0.10131670980249487
8,60,0.6,1.5,1225,0.6595918367346939,0.22272852541760765,0.6474175122242107,0.09512138935075048
8,0,0.4,1.5,1225,0.6448979591836734,0.2238651410863748,0.6475414074864921,0.09716542945694054
6,80,0.3,0.0,1225,0.5967346938775511,0.22869046394336562,0.6481921745434541,0.0878396943103693
8,30,0.8,1.5,1225,0.6506122448979592,0.22375350884464904,0.6482460285345851,0.10123364421732638
8,40,0.8,1.5,1225,0.6522448979591837,0.2235626119922349,0.6482729231459056,0.10242537233917738
8,0,0.5,1.5,1225,0.6457142857142857,0.22415379420209255,0.6482736334129815,0.09605282540200606
8,60,0.7,1.5,1225,0.6563265306122449,0.22328339058681557,0.6489276406468184,0.0980581465997122
8,20,0.8,1.5,1225,0.6506122448979592,0.2242140654628504,0.6490951778618556,0.09946695383734577
8,50,0.8,1.5,1225,0.6506122448979592,0.22363746109264143,0.6491684635535926,0.10281697890593762
8,0,0.6,1.5,1225,0.6440816326530612,0.22460803869777834,0.6494886406760356,0.10200573945262237
8,60,0.8,1.5,1225,0.6563265306122449,0.22397117017619747,0.6509218503394419,0.10049855443014424
8,0,0.7,1.5,1225,0.6457142857142857,0.22521090663006205,0.6512042212484532,0.10416120013005753
8,80,0.3,1.5,1225,0.6595918367346939,0.22357184581350356,0.6518781057265485,0.08890796148610348
8,80,0.4,1.5,1225,0.6595918367346939,0.22362163378036437,0.6519980387581571,0.09067933511194073
8,80,0.5,1.5,1225,0.6587755102040816,0.2238368982086363,0.6525473089895778,0.09457862789794844
8,0,0.8,1.5,1225,0.6440816326530612,0.225944248111672,0.6534334061124943,0.1100812192395575
8,80,0.6,1.5,1225,0.6571428571428571,0.2242089394623421,0.6535435975759221,0.10041208910010532
8,80,0.7,1.5,1225,0.6546938775510204,0.22472601355986785,0.6550041283326267,0.10373900906809017
8,80,0.8,1.5,1225,0.6546938775510204,0.22537427222435016,0.6569433688457491,0.10812639831155278
10,30,0.3,1.5,1225,0.6506122448979592,0.22720918740942664,0.662917015538361,0.10215740044551674
10,40,0.3,1.5,1225,0.649795918367347,0.22700874942839766,0.6631534744360353,0.1041093925007577
10,30,0.4,1.5,1225,0.649795918367347,0.2273256207184993,0.6631836497877284,0.1055193933127005
10,40,0.4,1.5,1225,0.6514285714285715,0.22711918087164126,0.6634012754190814,0.10654673185180459
10,20,0.3,1.5,1225,0.6448979591836734,0.22768697937178847,0.6635976709413336,0.10709518005036557
10,20,0.4,1.5,1225,0.6457142857142857,0.22780858058813733,0.663884515920463,0.11010821717840663
10,30,0.5,1.5,1225,0.649795918367347,0.22760638957888163,0.6638902551638777,0.11017198595249839
10,40,0.5,1.5,1225,0.6522448979591837,0.227391923516863,0.6640840731159809,0.10833165949743324
10,50,0.3,1.5,1225,0.6530612244897959,0.22708114039421068,0.6642984712061784,0.10464908420908364
10,50,0.4,1.5,1225,0.6555102040816326,0.22718502436144217,0.6645291801880305,0.1074008342724602
10,20,0.5,1.5,1225,0.6473469387755102,0.2280960734014253,0.6646167503029368,0.11468590323737038
10,30,0.6,1.5,1225,0.649795918367347,0.22803807626606515,0.6650553232323582,0.11174447557028441
10,50,0.5,1.5,1225,0.6571428571428571,0.22744877627541937,0.6651903891792867,0.1093881627245164
10,40,0.6,1.5,1225,0.6489795918367347,0.22781434055067476,0.665219972370914,0.11091278293902328
10,20,0.6,1.5,1225,0.6448979591836734,0.22853526905653668,0.6658132785898929,0.11586585739385072
10,50,0.6,1.5,1225,0.6538775510204081,0.22786053354801147,0.6662998372485541,0.11163046432227432
10,60,0.3,1.5,1225,0.6563265306122449,0.2274187271974268,0.6663396679298473,0.10200243733375866
10,60,0.4,1.5,1225,0.6587755102040816,0.22751579636150865,0.6665553973884073,0.10836410411533721
10,30,0.7,1.5,1225,0.6506122448979592,0.22860546102531754,0.6666960664301351,0.11572138964640623
10,40,0.7,1.5,1225,0.6481632653061224,0.2283719335307273,0.6668261519652231,0.1137742059048933
10,60,0.5,1.5,1225,0.6595918367346939,0.22776992749418287,0.6671976448790597,0.11111021636624183
10,20,0.7,1.5,1225,0.6448979591836734,0.22911026206866386,0.6674913798801952,0.11759819943336339
10,0,0.3,1.5,1225,0.6514285714285715,0.22947624985805687,0.6677248341498002,0.1133343901343487
10,50,0.7,1.5,1225,0.6514285714285715,0.22840653758065851,0.6678747009299464,0.11326228043152192
10,0,0.4,1.5,1225,0.6489795918367347,0.22960452735539585,0.6680548037017049,0.11290196367288484
10,60,0.6,1.5,1225,0.6587755102040816,0.22817001199362416,0.6682837987650161,0.11234645471978977
10,30,0.8,1.5,1225,0.6489795918367347,0.22929218694637057,0.6688251539740249,0.11815828266787182
10,0,0.5,1.5,1225,0.6465306122448979,0.22990025031434425,0.6688421954083996,0.11787630408838859
10,40,0.8,1.5,1225,0.6481632653061224,0.22904897859147724,0.6689155334750153,0.11614572751202971
10,20,0.8,1.5,1225,0.6481632653061224,0.22980411318667338,0.6696634901792768,0.11941445983809655
30,30,0.3,1.2,1225,0.6457142857142857,0.2298658739995355,0.6697048950401514,0.11179503892422689
30,30,0.4,1.2,1225,0.6465306122448979,0.22992177739766786,0.6698258430959569,0.11506461068968317
10,60,0.7,1.5,1225,0.6563265306122449,0.22870303397295796,0.6698310626868995,0.11462349048243917
30,40,0.3,1.2,1225,0.6457142857142857,0.22960162276466528,0.66990661103354,0.11119723070597215
10,50,0.8,1.5,1225,0.6489795918367347,0.22907173376055331,0.6699281741956424,0.11659293803106346
30,40,0.4,1.2,1225,0.6465306122448979,0.22965699770078907,0.6700210683362917,0.11521121155386209
10,0,0.6,1.5,1225,0.6465306122448979,0.2303477946809702,0.6701068347518876,0.11962592726666015
30,30,0.5,1.2,1225,0.6481632653061224,0.23009748358292284,0.6702653890923764,0.11665010232776393
30,20,0.3,1.2,1225,0.6465306122448979,0.23041126989246147,0.6704487369267353,0.11373144795785269
30,40,0.5,1.2,1225,0.6473469387755102,0.22983116571968673,0.6704531239673496,0.11847980615142695
30,20,0.4,1.2,1225,0.6448979591836734,0.23046782192155038,0.6705779015967649,0.11599407867381877
30,20,0.5,1.2,1225,0.6448979591836734,0.23064495019883025,0.6710271345380955,0.12109896256504195
30,30,0.6,1.2,1225,0.6481632653061224,0.2303826950042439,0.6710346354091886,0.12100115784026808
30,50,0.3,1.2,1225,0.649795918367347,0.22961461235599834,0.6710449128451293,0.10966611308219301
30,50,0.4,1.2,1225,0.6506122448979592,0.22966985030527412,0.6711550775197357,0.1091394153911224
30,40,0.6,1.2,1225,0.6481632653061224,0.23011415667259305,0.6712136515229828,0.11893526716773196
30,50,0.5,1.2,1225,0.6506122448979592,0.22984268604530705,0.6715823768879838,0.11175489865603924
30,20,0.6,1.2,1225,0.643265306122449,0.2309320145331951,0.6718077949430648,0.12086423631191255
10,60,0.8,1.5,1225,0.6522448979591837,0.22935463013980673,0.6718529239941733,0.11790768763184578
10,0,0.7,1.5,1225,0.6457142857142857,0.23093006048154216,0.6718662372038016,0.12225093343100506
30,30,0.7,1.2,1225,0.6481632653061224,0.23076626486895432,0.6721447019337211,0.12217650033877807
30,40,0.7,1.2,1225,0.6465306122448979,0.23049511765277259,0.6723137006047312,0.12074263782913952
30,50,0.6,1.2,1225,0.6522448979591837,0.2301234488841383,0.6723374799674312,0.11352040310472031
30,20,0.7,1.2,1225,0.643265306122449,0.23131757360029523,0.6729311135318415,0.1239718651121209
10,80,0.3,1.5,1225,0.6612244897959184,0.22884517128860282,0.6730442298070236,0.10965178549475094
30,60,0.3,1.2,1225,0.649795918367347,0.22989773728460125,0.6731068783577613,0.11341280775734322
30,60,0.4,1.2,1225,0.6514285714285715,0.22995350982447707,0.6732154938361218,0.1134733569816456
10,80,0.4,1.5,1225,0.6636734693877551,0.22892884836279595,0.6732379136921569,0.11454579002048605
30,50,0.7,1.2,1225,0.649795918367347,0.23050156455403387,0.6734314047939024,0.11697097549559105
30,30,0.8,1.2,1225,0.6457142857142857,0.23123672538083304,0.67360452704395,0.12468515406707592
30,60,0.5,1.2,1225,0.6522448979591837,0.23012555516737965,0.6736413988265081,0.11570930785312482
30,40,0.8,1.2,1225,0.6481632653061224,0.23096286126568563,0.6737622303736659,0.12421976390472222
10,80,0.5,1.5,1225,0.6628571428571428,0.22916313847462602,0.6738518857314483,0.11457026938458628
10,0,0.8,1.5,1225,0.643265306122449,0.23162915198588044,0.6741324275605448,0.12429131039166251
30,60,0.6,1.2,1225,0.6538775510204081,0.23040446190643066,0.6743950762025451,0.11486032330669854
30,20,0.8,1.2,1225,0.6448979591836734,0.23178989063698885,0.6744060392325406,0.12722373651658378
30,0,0.3,1.2,1225,0.6440816326530612,0.2323441762437894,0.6747879417549436,0.11324697568181369
30,50,0.8,1.2,1225,0.6506122448979592,0.2309661233086257,0.6748731619307141,0.11979865048602534
10,80,0.6,1.5,1225,0.6644897959183673,0.22953834398379935,0.6749028535525144,0.11982511350787545
30,0,0.4,1.2,1225,0.643265306122449,0.23240133674195765,0.6749370712328568,0.11485385585786285
30,0,0.5,1.2,1225,0.6416326530612245,0.23257974438914034,0.6754104152072938,0.1191977729894351
30,60,0.7,1.2,1225,0.649795918367347,0.23077990419373817,0.6754875476276259,0.11766100881044284
30,0,0.6,1.2,1225,0.6416326530612245,0.23286808315804516,0.6762199377747431,0.11951157304405861
10,80,0.7,1.5,1225,0.6644897959183673,0.2300428913616223,0.6764081530716217,0.12190918457322174
30,60,0.8,1.2,1225,0.6489795918367347,0.2312412319251881,0.6769279037730744,0.1178923714749649
30,0,0.7,1.2,1225,0.6391836734693878,0.23325437741725552,0.6773772136652348,0.1226108618556789
10,80,0.8,1.5,1225,0.6612244897959184,0.23066381463996327,0.6783819244151094,0.12164273538039573
30,0,0.8,1.2,1225,0.6391836734693878,0.23372643742127922,0.6788913059665681,0.12382145338656554
30,80,0.3,1.2,1225,0.6595918367346939,0.2312318361868587,0.6799325930504517,0.12357258215199883
30,80,0.4,1.2,1225,0.6604081632653062,0.23129190389304544,0.680049120789312,0.12200691176244889
30,80,0.5,1.2,1225,0.6595918367346939,0.2314654434642242,0.6804855701945168,0.12331497609374119
30,80,0.6,1.2,1225,0.6595918367346939,0.231743387490627,0.6812520710833554,0.12614879418170094
30,80,0.7,1.2,1225,0.6571428571428571,0.23211574943236513,0.6823597322468172,0.126186774550812
30,80,0.8,1.2,1225,0.6546938775510204,0.2325722759506994,0.683817873606407,0.12835757538623732
12,30,0.3,1.5,1225,0.6465306122448979,0.23297923891238304,0.6867872354835921,0.12057094438987015
12,40,0.3,1.5,1225,0.6424489795918368,0.2327228047655533,0.6871091059081195,0.12455002088062482
12,30,0.4,1.5,1225,0.6440816326530612,0.23312160456024866,0.6871379290226616,0.12356891171447798
12,20,0.3,1.5,1225,0.649795918367347,0.2335072094829274,0.6874349155141674,0.11920874062240457
12,40,0.4,1.5,1225,0.6448979591836734,0.23286216979294222,0.687444908345885,0.12360084171952396
12,20,0.4,1.5,1225,0.6481632653061224,0.23365294997448885,0.6878032385835201,0.12126863882822622
12,30,0.5,1.5,1225,0.6457142857142857,0.2334190694296984,0.6879394948008696,0.1280082013849964
12,40,0.5,1.5,1225,0.6465306122448979,0.2331545234268919,0.6882266769475418,0.12490020720674157
12,50,0.3,1.5,1225,0.6481632653061224,0.23273410217935203,0.6883913304923552,0.12015892367410308
12,20,0.5,1.5,1225,0.6489795918367347,0.23395549688522285,0.6886278868533247,0.12691570995551493
12,50,0.4,1.5,1225,0.6489795918367347,0.23287127511646954,0.6887157585952364,0.1208118367249809
12,30,0.6,1.5,1225,0.6481632653061224,0.23385675191758856,0.6892099717751312,0.13134464299146978
12,40,0.6,1.5,1225,0.6457142857142857,0.23358573664105814,0.6894721973608338,0.12642528862669167
12,50,0.5,1.5,1225,0.649795918367347,0.23315900059200786,0.6894819224645505,0.12268804015356125
12,20,0.6,1.5,1225,0.6465306122448979,0.2343991687226661,0.6899271844466911,0.12981349099732195
12,60,0.3,1.5,1225,0.6546938775510204,0.23300619963225863,0.6906204798933575,0.11707304044656575
12,50,0.6,1.5,1225,0.6489795918367347,0.23358382134242053,0.690707372158323,0.12472353520010558
12,60,0.4,1.5,1225,0.6555102040816326,0.23314244348364513,0.6909379645251057,0.11895683701721328
12,30,0.7,1.5,1225,0.6457142857142857,0.2344184863166479,0.690966128606229,0.13345012617567323
12,40,0.7,1.5,1225,0.643265306122449,0.2341404143365997,0.6911984436484092,0.13092494744258462
12,0,0.3,1.5,1225,0.6473469387755102,0.23537648735899558,0.6916531234914801,0.12470256044193452
12,60,0.5,1.5,1225,0.6546938775510204,0.23342656286971436,0.691693791826062,0.12406388110685296
12,20,0.7,1.5,1225,0.6489795918367347,0.2349670336420782,0.6917177513461373,0.1312509100380192
12,0,0.4,1.5,1225,0.6481632653061224,0.23552846152505638,0.6920622674299239,0.12767271520724374
12,50,0.7,1.5,1225,0.6481632653061224,0.2341310844189462,0.6924093369967311,0.12751669736870086
12,60,0.6,1.5,1225,0.6571428571428571,0.23384565620364536,0.6929052754538358,0.12741664592642996
12,0,0.5,1.5,1225,0.6448979591836734,0.2358391925131094,0.692939875538886,0.1299658439940864
12,30,0.8,1.5,1225,0.6489795918367347,0.23508727971921659,0.6932188682743354,0.13592273692199008
12,40,0.8,1.5,1225,0.6440816326530612,0.2348022520380106,0.6934167750499503,0.1322065370105113
12,20,0.8,1.5,1225,0.6481632653061224,0.2356414459733792,0.694010068758343,0.13539398163501853
12,0,0.6,1.5,1225,0.6440816326530612,0.2362913848964002,0.6943049757414509,0.1311879462855062
12,60,0.7,1.5,1225,0.6538775510204081,0.2343857474547354,0.6945899389642696,0.1279072600732104
12,50,0.8,1.5,1225,0.6465306122448979,0.23478518333681056,0.6945996635168304,0.13087556499138936
12,0,0.7,1.5,1225,0.6408163265306123,0.23686670001190444,0.696174073897814,0.13417059378710558
12,60,0.8,1.5,1225,0.6522448979591837,0.2350319070050896,0.696760140500421,0.12909457400953095
12,80,0.3,1.5,1225,0.6579591836734694,0.23429123081674055,0.6978473057952207,0.1250810518319233
12,80,0.4,1.5,1225,0.6612244897959184,0.23443138979497286,0.6981689589438902,0.126234952193393
12,0,0.8,1.5,1225,0.6424489795918368,0.23754637501695033,0.6985569167270888,0.13767007033271603
12,80,0.5,1.5,1225,0.6612244897959184,0.2347136764292186,0.6989255862903787,0.12868380280456604
12,80,0.6,1.5,1225,0.6595918367346939,0.23512578783937038,0.7001339235600558,0.13421788474819452
12,80,0.7,1.5,1225,0.6579591836734694,0.23565473689305755,0.7018121264551154,0.13500081786012263
12,80,0.8,1.5,1225,0.6579591836734694,0.23628674600104854,0.7039735895121665,0.13549786813343806
16,30,0.3,1.5,1225,0.6416326530612245,0.2769779773560727,1.2985040097101683,0.1965350511705221
16,60,0.5,1.5,1225,0.6326530612244898,0.2830964871242875,1.3351401286303044,0.21085172924610132
16,60,0.8,1.5,1225,0.6277551020408163,0.2857674202839333,1.443973512472215,0.2263337765693908
16,60,0.4,1.5,1225,0.6375510204081632,0.2905146257803301,1.496403389711149,0.22668745579682403
16,80,0.4,1.5,1225,0.6236734693877551,0.294062898815255,1.5078260309677234,0.23911193692565944
16,50,0.5,1.5,1225,0.5959183673469388,0.3199701002870469,1.707735948168868,0.25210736371653325
16,80,0.6,1.5,1225,0.6097959183673469,0.31622471978730365,1.8120924182370317,0.2579555541083649
16,40,0.7,1.5,1225,0.5853061224489796,0.33105413006344736,1.8271275829516562,0.2687641480955276
16,60,0.6,1.5,1225,0.5836734693877551,0.33056286850851807,1.8289288775705037,0.2622493156007182
16,60,0.7,1.5,1225,0.5836734693877551,0.33237797581073936,1.8361319447090039,0.2680392184229527
16,40,0.8,1.5,1225,0.5844897959183674,0.3317908808203859,1.8429053192642701,0.2691418881756974
16,50,0.8,1.5,1225,0.5853061224489796,0.33121406497767186,1.8433505331391176,0.26936903971680687
16,80,0.7,1.5,1225,0.603265306122449,0.3214034855676018,1.8818370918441476,0.27133109059640215
16,80,0.8,1.5,1225,0.6,0.3239420562021811,1.9001325494793588,0.27649645650366433
16,50,0.7,1.5,1225,0.5910204081632653,0.3285143717273354,1.9250614128239034,0.2754172427031383
16,30,0.4,1.5,1225,0.5975510204081632,0.33392487168678536,1.9327032245638742,0.26729049644954356
16,80,0.5,1.5,1225,0.5779591836734694,0.3524080811748506,2.117304293940677,0.30498860383991333
16,40,0.3,1.5,1225,0.5820408163265306,0.35064651810815267,2.17693212778088,0.2894229743280399
16,30,0.8,1.5,1225,0.5493877551020409,0.3682486261111704,2.1926485468789987,0.32386384382313227
16,0,0.8,1.5,1225,0.5787755102040816,0.3549846389989755,2.2519844823753203,0.3161308452384668
16,0,0.6,1.5,1225,0.6040816326530613,0.3439935644743352,2.2879384930369544,0.29783535069953404
16,30,0.6,1.5,1225,0.5714285714285714,0.365669035399319,2.3198548453955232,0.30194639687575753
16,30,0.7,1.5,1225,0.5746938775510204,0.36265868072914625,2.32302182191358,0.3105358998878027
16,50,0.4,1.5,1225,0.5591836734693878,0.37024010488614256,2.333092164699523,0.31442951968088134
16,0,0.4,1.5,1225,0.5681632653061225,0.3667927145538893,2.3507780177142727,0.3185691584777329
16,40,0.6,1.5,1225,0.5551020408163265,0.3738624953221115,2.355646702072453,0.31137445734968006
16,80,0.3,1.5,1225,0.5485714285714286,0.3825831166788972,2.4224650108930352,0.3330199488241647
16,50,0.6,1.5,1225,0.5444897959183673,0.38586588558947305,2.510079075947898,0.33375635692490546
16,0,0.5,1.5,1225,0.5697959183673469,0.37765245029497585,2.5651765261397106,0.3316663863887538
16,20,0.7,1.5,1225,0.5542857142857143,0.3902506363885171,2.6875981788510206,0.3524894512127085
16,40,0.5,1.5,1225,0.529795918367347,0.40819687587939796,2.699299242662898,0.3562776143164288
16,0,0.7,1.5,1225,0.5322448979591837,0.41184847408316516,2.8560700624980826,0.368953782399495
16,20,0.8,1.5,1225,0.5322448979591837,0.4142948602792893,2.9000562053488657,0.3762926138321245
16,30,0.5,1.5,1225,0.5404081632653062,0.4141763364969258,2.9037623710253544,0.378750675746115
16,20,0.5,1.5,1225,0.5395918367346939,0.4119342482444847,2.9499016269276286,0.37904155631228964
16,60,0.3,1.5,1225,0.5077551020408163,0.44065081171183307,3.0201130755218495,0.39405688542110184
16,40,0.4,1.5,1225,0.5755102040816327,0.40149078660566745,3.1283873056990394,0.38798731992842755
16,0,0.3,1.5,1225,0.556734693877551,0.41347132003098,3.1322961272562657,0.38998391066728677
16,20,0.4,1.5,1225,0.4897959183673469,0.45683892687344285,3.2240728281708746,0.4202603195699189
20,40,0.6,1.5,1225,0.5444897959183673,0.42987445479744546,3.318991839428853,0.4172783644945187
20,60,0.7,1.5,1225,0.5551020408163265,0.424742972204765,3.363710306283041,0.4100760422413797
20,80,0.8,1.5,1225,0.5722448979591837,0.41326493745773046,3.376219375014018,0.4112924330012111
16,20,0.3,1.5,1225,0.5371428571428571,0.4387897473228255,3.472908149792212,0.43086826587807453
20,0,0.3,1.5,1225,0.5330612244897959,0.44769100597985945,3.5475377188485533,0.44120740942370207
30,20,0.6,1.5,1225,0.5502040816326531,0.4362334670961684,3.5825889939117235,0.4342442891763223
16,20,0.6,1.5,1225,0.5085714285714286,0.46211243728754403,3.5927712048288787,0.43678248672280867
30,30,0.7,1.5,1225,0.5559183673469388,0.43474423457584394,3.607399009992682,0.43359785531256534
30,50,0.4,1.5,1225,0.5404081632653062,0.44669318275902864,3.6075245277595687,0.44360610430200953
16,50,0.3,1.5,1225,0.5118367346938776,0.4600082272494721,3.6139813536373993,0.4535382919619376
20,20,0.6,1.5,1225,0.5314285714285715,0.4544016560172258,3.618909971634394,0.4446320342081247
20,80,0.7,1.5,1225,0.5061224489795918,0.4659921460411425,3.653473429786375,0.4489884100009385
20,60,0.6,1.5,1225,0.553469387755102,0.44156987765044303,3.661274603385283,0.43939138800846195
20,40,0.5,1.5,1225,0.5461224489795918,0.446860996538092,3.694409432086159,0.44716514994085566
30,0,0.6,1.5,1225,0.5420408163265306,0.45130463732910503,3.7072240663314653,0.4490614569519141
20,20,0.8,1.5,1225,0.5110204081632653,0.4683719032461535,3.728501824588869,0.454068194540559
20,50,0.4,1.5,1225,0.5183673469387755,0.4631721140002019,3.751451581934745,0.4606072221970082
20,50,0.8,1.5,1225,0.5183673469387755,0.46513845141961496,3.7840048167713993,0.4570182990078375
20,0,0.4,1.5,1225,0.5248979591836734,0.46497210347439805,3.7979702650901728,0.46392566005550484
20,30,0.7,1.5,1225,0.5077551020408163,0.4742927908015489,3.8101549665138337,0.46582205085171047
20,50,0.3,1.5,1225,0.4987755102040816,0.48295915369118314,3.828593533545707,0.4811969997199016
30,80,0.3,1.5,1225,0.5314285714285715,0.4619245662237679,3.8360184756671045,0.4602795127339636
20,30,0.4,1.5,1225,0.5289795918367347,0.4645998284466499,3.842810098425741,0.4594832400299805
30,30,0.6,1.5,1225,0.5175510204081633,0.46902043315601366,3.843526931327205,0.467841633126133
30,80,0.7,1.5,1225,0.5355102040816326,0.459538876216981,3.8464636941695307,0.45733775769918095
30,50,0.7,1.5,1225,0.5346938775510204,0.4604433753782916,3.888962706729768,0.4602685355371726
30,50,0.8,1.5,1225,0.5387755102040817,0.45751960280144643,3.8978825429008697,0.45639852315392493
20,40,0.7,1.5,1225,0.5232653061224489,0.4714335561277327,3.9127578463481547,0.46884119892015275
30,20,0.3,1.5,1225,0.516734693877551,0.4757221043743407,3.951220952474993,0.4741489583690267
20,40,0.3,1.5,1225,0.5183673469387755,0.47733811292194844,3.968027187705639,0.47836737378499306
30,50,0.3,1.5,1225,0.5004081632653061,0.4886247744087194,3.973240000695271,0.4855208356125187
20,40,0.4,1.5,1225,0.5102040816326531,0.4814366978258909,3.97845418437461,0.47887637141098927
30,60,0.4,1.5,1225,0.5077551020408163,0.483750668273462,3.978870743748788,0.47753438228564615
20,60,0.3,1.5,1225,0.52,0.47542733782242363,4.007478657890894,0.47390653311865905
20,30,0.3,1.5,1225,0.4930612244897959,0.4946104285122373,4.0307889785742,0.4944361241550636
30,50,0.6,1.5,1225,0.5183673469387755,0.4777317041076575,4.055036061885527,0.4788754646493802
20,80,0.5,1.5,1225,0.4840816326530612,0.5019859036774923,4.062137531911394,0.49259990720525715
30,60,0.7,1.5,1225,0.5118367346938776,0.48262596515340184,4.070737776687184,0.4835760206046257
30,80,0.6,1.5,1225,0.5012244897959184,0.4902546294114205,4.082533107325414,0.48617578309680726
20,20,0.7,1.5,1225,0.506938775510204,0.4872869830585561,4.088212889209139,0.4866489180061564
30,40,0.5,1.5,1225,0.5044897959183674,0.49183358566622115,4.107348006048133,0.48939815672396203
20,30,0.8,1.5,1225,0.48489795918367345,0.5006335661502586,4.11145366647161,0.5001663030174031
20,80,0.4,1.5,1225,0.48244897959183675,0.5055735229869565,4.117594090825847,0.5051435491699152
20,80,0.3,1.5,1225,0.48653061224489796,0.5055063749285211,4.1283303776094105,0.5030272850322453
20,60,0.5,1.5,1225,0.4906122448979592,0.5001044279470879,4.134629426694948,0.49571286055156116
20,50,0.6,1.5,1225,0.4889795918367347,0.50193993409643,4.148589068298566,0.49618422987037625
20,30,0.6,1.5,1225,0.5012244897959184,0.49352367020980004,4.154060223456271,0.49303500824462726
20,0,0.7,1.5,1225,0.476734693877551,0.5090005063753463,4.15591764031477,0.5035325089451183
20,40,0.8,1.5,1225,0.4873469387755102,0.5044560179861423,4.1566668372540985,0.5036644786813038
30,0,0.4,1.5,1225,0.4881632653061225,0.5040837677397437,4.158476708952364,0.502774838765913
30,20,0.8,1.5,1225,0.4995918367346939,0.4949488360463776,4.16367703000373,0.4939886398999283
30,50,0.5,1.5,1225,0.4873469387755102,0.5036336189929166,4.167595731243004,0.5022285381957653
30,0,0.5,1.5,1225,0.49714285714285716,0.4959340806501968,4.185377914593668,0.4958893747018468
20,0,0.5,1.5,1225,0.483265306122449,0.5066950546205579,4.197977417428149,0.5052010443190653
30,40,0.6,1.5,1225,0.4889795918367347,0.5057586560952912,4.207790646594472,0.5074173271668808
30,40,0.7,1.5,1225,0.4922448979591837,0.4999824122846168,4.215627246174883,0.49987922347255803
20,20,0.3,1.5,1225,0.4473469387755102,0.5315221561177517,4.2179033829607535,0.5215382508249028
30,20,0.4,1.5,1225,0.48653061224489796,0.5079029079410013,4.222099237112036,0.5095028442953098
20,20,0.5,1.5,1225,0.476734693877551,0.5118713636187231,4.22468217272007,0.5100982699888359
20,60,0.8,1.5,1225,0.4840816326530612,0.5072852391139334,4.229319788212965,0.5047585278630069
30,40,0.8,1.5,1225,0.5004081632653061,0.4971073945868255,4.238196453015958,0.4981013646750607
30,0,0.8,1.5,1225,0.4873469387755102,0.5070684065226887,4.260916930048475,0.5040104934293221
20,80,0.6,1.5,1225,0.45877551020408164,0.5275483109440315,4.266166447332967,0.5260262553593201
30,20,0.5,1.5,1225,0.4873469387755102,0.5064053841562046,4.266833001789634,0.5059932625600109
30,30,0.4,1.5,1225,0.4685714285714286,0.5213365871967739,4.286760123242896,0.5179983932593342
20,60,0.4,1.5,1225,0.47346938775510206,0.5186972078540438,4.307987043077269,0.5158463622654407
30,30,0.8,1.5,1225,0.4873469387755102,0.5087177087195943,4.3093415227419225,0.5101602581906121
20,20,0.4,1.5,1225,0.4669387755102041,0.5220816847043709,4.314578903354215,0.5226486657538453
30,0,0.3,1.5,1225,0.45714285714285713,0.5297029645894088,4.321850551829228,0.5274920755318958
20,0,0.8,1.5,1225,0.4620408163265306,0.5272720528085286,4.347013612898462,0.5219571880248519
30,40,0.3,1.5,1225,0.4742857142857143,0.5198912436244618,4.348668833886734,0.5177564107236262
30,30,0.5,1.5,1225,0.46040816326530615,0.529937203618439,4.355543878576209,0.526108659094298
30,20,0.7,1.5,1225,0.4751020408163265,0.5194102814671548,4.367381043343342,0.5192482253469364
20,30,0.5,1.5,1225,0.4685714285714286,0.5239543244264079,4.370664533791722,0.5205217612412747
30,0,0.7,1.5,1225,0.476734693877551,0.5192998993841843,4.390922235334543,0.5192144787529994
20,50,0.7,1.5,1225,0.4506122448979592,0.5341627122464688,4.4013342038129935,0.5286852734274279
30,40,0.4,1.5,1225,0.46285714285714286,0.529262996003636,4.420050210578485,0.527855704149861
30,60,0.3,1.5,1225,0.4514285714285714,0.5387802254058799,4.43565133937176,0.5390531113089445
20,50,0.5,1.5,1225,0.4506122448979592,0.5411588856073406,4.454460217495372,0.5388837752827924
30,60,0.5,1.5,1225,0.446530612244898,0.5452883537978228,4.543622769734721,0.5438097123840646
30,80,0.5,1.5,1225,0.45224489795918366,0.5438332727306942,4.569346480552582,0.5413724637545767
30,30,0.3,1.5,1225,0.43918367346938775,0.5534489414683293,4.577384536697502,0.5538215866339103
20,0,0.6,1.5,1225,0.44816326530612244,0.5465633976875113,4.580973537699033,0.5464254804701993
30,80,0.8,1.5,1225,0.446530612244898,0.5475889420400424,4.624269706128563,0.5471851057686747
30,80,0.4,1.5,1225,0.4146938775510204,0.5764243215015722,4.805378263236638,0.5730543582052114
30,60,0.8,1.5,1225,0.42448979591836733,0.5725341559409286,4.863513195401956,0.5730200213033257
30,60,0.6,1.5,1225,0.41061224489795917,0.5839344711718846,4.905157882644422,0.5825732496574461
