date,season,home,away,home_win,p_home
2024-10-22,2024-25,BOS,NYK,1,0.698131293238253
2024-10-22,2024-25,LAL,MIN,1,0.5014490895021166
2024-10-23,2024-25,DET,IND,0,0.39313195357015024
2024-10-23,2024-25,ATL,BKN,1,0.6093656195476227
2024-10-23,2024-25,MIA,ORL,0,0.5389238827326602
2024-10-23,2024-25,PHI,MIL,0,0.5213654501310159
2024-10-23,2024-25,TOR,CLE,0,0.3652400372059543
2024-10-23,2024-25,HOU,CHA,0,0.6658901155769633
2024-10-23,2024-25,NOP,CHI,1,0.6380041909124329
2024-10-23,2024-25,UTA,MEM,0,0.4612544968026636
2024-10-23,2024-25,LAC,PHX,0,0.44070599391508186
2024-10-23,2024-25,POR,GSW,0,0.24334745796754256
2024-10-24,2024-25,WAS,BOS,0,0.18255611084203122
2024-10-24,2024-25,DAL,SAS,1,0.7257393724272614
2024-10-24,2024-25,DEN,OKC,0,0.6081657097666157
2024-10-24,2024-25,SAC,MIN,0,0.471776861636837
2024-10-25,2024-25,ORL,BKN,1,0.7433618611394479
2024-10-25,2024-25,TOR,PHI,1,0.362461693739687
2024-10-25,2024-25,ATL,CHA,1,0.5524010408424239
2024-10-25,2024-25,CLE,DET,1,0.726600397965897
2024-10-25,2024-25,NYK,IND,1,0.5973478929814972
2024-10-25,2024-25,HOU,MEM,1,0.6062231991915235
2024-10-25,2024-25,MIL,CHI,0,0.6565297753824955
2024-10-25,2024-25,UTA,GSW,0,0.26651037598103383
2024-10-25,2024-25,LAL,PHX,1,0.5549622262579151
2024-10-25,2024-25,POR,NOP,0,0.2410941099757759
2024-10-26,2024-25,DEN,LAC,0,0.6880293293185807
2024-10-26,2024-25,CHA,MIA,0,0.48254606328800637
2024-10-26,2024-25,DET,BOS,0,0.176186943264362
2024-10-26,2024-25,WAS,CLE,0,0.27217484852719204
2024-10-26,2024-25,CHI,OKC,0,0.3945591261252954
2024-10-26,2024-25,MEM,ORL,1,0.398078783522639
2024-10-26,2024-25,MIN,TOR,1,0.8450873433667516
2024-10-26,2024-25,SAS,HOU,1,0.4768415964227269
2024-10-26,2024-25,PHX,DAL,1,0.5583440075253852
2024-10-26,2024-25,LAL,SAC,1,0.6476671805086733
2024-10-27,2024-25,IND,PHI,0,0.6777981188318556
2024-10-27,2024-25,BKN,MIL,1,0.39864746152341074
2024-10-27,2024-25,POR,NOP,1,0.24464753927167157
2024-10-27,2024-25,OKC,ATL,1,0.7484615780708351
2024-10-27,2024-25,GSW,LAC,0,0.6935037328898992
2024-10-28,2024-25,ORL,IND,1,0.5826579009488123
2024-10-28,2024-25,ATL,WAS,0,0.7398874346178688
2024-10-28,2024-25,BOS,MIL,1,0.7668156310155239
2024-10-28,2024-25,MIA,DET,1,0.7183827747946668
2024-10-28,2024-25,NYK,CLE,0,0.6286476479849847
2024-10-28,2024-25,TOR,DEN,0,0.2734059304617386
2024-10-28,2024-25,MEM,CHI,0,0.4835220056525191
2024-10-28,2024-25,SAS,HOU,0,0.46933340240243443
2024-10-28,2024-25,DAL,UTA,1,0.7949451989351566
2024-10-28,2024-25,PHX,LAL,1,0.554325069132299
2024-10-28,2024-25,SAC,POR,1,0.7488178306742671
2024-10-29,2024-25,BKN,DEN,0,0.33756945260407273
2024-10-29,2024-25,MIN,DAL,0,0.6102679746303642
2024-10-29,2024-25,UTA,SAC,0,0.34057983839312506
2024-10-29,2024-25,GSW,NOP,1,0.5930491136887044
2024-10-30,2024-25,CHA,TOR,1,0.6684759804143724
2024-10-30,2024-25,CLE,LAL,1,0.5378311867209582
2024-10-30,2024-25,IND,BOS,1,0.31726428875273116
2024-10-30,2024-25,PHI,DET,0,0.6520556342651114
2024-10-30,2024-25,WAS,ATL,1,0.40533652811367693
2024-10-30,2024-25,MIA,NYK,0,0.4451121663435669
2024-10-30,2024-25,CHI,ORL,1,0.4375660131715347
2024-10-30,2024-25,MEM,BKN,0,0.5920994370666017
2024-10-30,2024-25,OKC,SAS,1,0.7909876118645303
2024-10-30,2024-25,GSW,NOP,1,0.7019612995365718
2024-10-30,2024-25,LAC,POR,0,0.7741753353148566
2024-10-31,2024-25,MEM,MIL,1,0.44528519752443607
2024-10-31,2024-25,DAL,HOU,0,0.6525873032249405
2024-10-31,2024-25,UTA,SAS,0,0.4326054289204745
2024-10-31,2024-25,LAC,PHX,0,0.4388622702037985
2024-11-01,2024-25,CHA,BOS,0,0.2835293821901682
2024-11-01,2024-25,CLE,ORL,1,0.6301637468953045
2024-11-01,2024-25,DET,NYK,0,0.31730582913784106
2024-11-01,2024-25,ATL,SAC,0,0.36082787054881277
2024-11-01,2024-25,BKN,CHI,1,0.48365211179315
2024-11-01,2024-25,TOR,LAL,0,0.2685816506457048
2024-11-01,2024-25,NOP,IND,1,0.44486828576205467
2024-11-01,2024-25,MIN,DEN,1,0.5817448666294736
2024-11-01,2024-25,POR,OKC,0,0.233661199778649
2024-11-02,2024-25,CHA,BOS,0,0.21416348637769342
2024-11-02,2024-25,PHI,MEM,0,0.5964382084262989
2024-11-02,2024-25,TOR,SAC,1,0.28732314474141507
2024-11-02,2024-25,HOU,GSW,0,0.4766651974957878
2024-11-02,2024-25,MIL,CLE,0,0.38024334960266043
2024-11-02,2024-25,SAS,MIN,1,0.37919530853664557
2024-11-02,2024-25,DEN,UTA,1,0.8126937545205526
2024-11-02,2024-25,PHX,POR,1,0.8427944360587629
2024-11-02,2024-25,LAC,OKC,0,0.376608400010522
2024-11-03,2024-25,BKN,DET,0,0.6508592882779898
2024-11-03,2024-25,NOP,ATL,0,0.6258619652898169
2024-11-03,2024-25,DAL,ORL,1,0.6232657428188999
2024-11-04,2024-25,CLE,MIL,1,0.7371352228998594
2024-11-04,2024-25,WAS,GSW,0,0.22203591888457597
2024-11-04,2024-25,DET,LAL,1,0.3647432630700888
2024-11-04,2024-25,ATL,BOS,0,0.2350290091810167
2024-11-04,2024-25,BKN,MEM,1,0.5309153617609415
2024-11-04,2024-25,MIA,SAC,0,0.5391211754286768
2024-11-04,2024-25,CHI,UTA,0,0.7796645609432659
2024-11-04,2024-25,HOU,NYK,1,0.4334676225273117
2024-11-04,2024-25,MIN,CHA,1,0.7484332102499548
2024-11-04,2024-25,OKC,ORL,1,0.7631007586300915
2024-11-04,2024-25,NOP,POR,0,0.6686840485761145
2024-11-04,2024-25,DAL,IND,0,0.6762695219351922
2024-11-04,2024-25,DEN,TOR,1,0.7969876909300697
2024-11-04,2024-25,PHX,PHI,1,0.7620521736647994
2024-11-04,2024-25,LAC,SAS,1,0.6051140168355496
2024-11-06,2024-25,CHA,DET,1,0.5266384304578268
2024-11-06,2024-25,IND,ORL,1,0.6476783871291065
2024-11-06,2024-25,ATL,NYK,1,0.2873131441399302
2024-11-06,2024-25,BOS,GSW,0,0.6645732710809126
2024-11-06,2024-25,HOU,SAS,1,0.6493578480802467
2024-11-06,2024-25,MEM,LAL,1,0.4983158019056721
2024-11-06,2024-25,NOP,CLE,0,0.3257144961107364
2024-11-06,2024-25,DAL,CHI,1,0.7080709559552802
2024-11-06,2024-25,DEN,OKC,1,0.4201582580760349
2024-11-06,2024-25,PHX,MIA,1,0.7209945793344964
2024-11-06,2024-25,LAC,PHI,1,0.621443616557313
2024-11-06,2024-25,SAC,TOR,1,0.7754670038603045
2024-11-07,2024-25,CHI,MIN,0,0.38439210143111163
2024-11-07,2024-25,MIL,UTA,1,0.6830197701551088
2024-11-07,2024-25,SAS,POR,1,0.6672804022241394
2024-11-08,2024-25,CHA,IND,1,0.4217405534823908
2024-11-08,2024-25,DET,ATL,1,0.6037551716765303
2024-11-08,2024-25,ORL,NOP,1,0.6582895346616974
2024-11-08,2024-25,BOS,BKN,1,0.8347611018215708
2024-11-08,2024-25,CLE,GSW,1,0.5234194222390317
2024-11-08,2024-25,NYK,MIL,1,0.6834179050368899
2024-11-08,2024-25,DAL,PHX,0,0.4867803709887484
2024-11-08,2024-25,MEM,WAS,1,0.6829068098675497
2024-11-08,2024-25,OKC,HOU,1,0.6839139832147211
2024-11-08,2024-25,MIN,POR,1,0.8002496687985644
2024-11-08,2024-25,DEN,MIA,1,0.6795022644537663
2024-11-08,2024-25,LAL,PHI,1,0.6621726702802385
2024-11-08,2024-25,SAC,LAC,0,0.6015816497732859
2024-11-09,2024-25,SAS,UTA,0,0.6959927342664923
2024-11-09,2024-25,ATL,CHI,0,0.522705076733382
2024-11-09,2024-25,CLE,BKN,1,0.8039484736644498
2024-11-09,2024-25,LAC,TOR,1,0.7743409070449074
2024-11-10,2024-25,DET,HOU,0,0.4395796596579774
2024-11-10,2024-25,MIL,BOS,0,0.25025959590223806
2024-11-10,2024-25,IND,NYK,1,0.42115688402772006
2024-11-10,2024-25,ORL,WAS,1,0.7547559844703798
2024-11-10,2024-25,PHI,CHA,1,0.5281625226842759
2024-11-10,2024-25,MIN,MIA,0,0.738843752092164
2024-11-10,2024-25,OKC,GSW,0,0.6048826299444859
2024-11-10,2024-25,DEN,DAL,1,0.5702942586034644
2024-11-10,2024-25,PHX,SAC,0,0.6370240636036889
2024-11-10,2024-25,POR,MEM,0,0.45878691919776404
2024-11-10,2024-25,LAL,TOR,1,0.7688674628525697
2024-11-11,2024-25,CHI,CLE,0,0.29405254642944795
2024-11-11,2024-25,HOU,WAS,1,0.8091336896850373
2024-11-11,2024-25,NOP,BKN,0,0.5191594957902164
2024-11-11,2024-25,OKC,LAC,1,0.6778240010636617
2024-11-11,2024-25,SAS,SAC,1,0.4240735529039025
2024-11-12,2024-25,BOS,ATL,0,0.8705010524452397
2024-11-12,2024-25,DET,MIA,1,0.5014133575293035
2024-11-12,2024-25,ORL,CHA,1,0.636052791322336
2024-11-12,2024-25,PHI,NYK,0,0.41974803390321996
2024-11-12,2024-25,MIL,TOR,1,0.6692720094695133
2024-11-12,2024-25,UTA,PHX,0,0.27285157518000414
2024-11-12,2024-25,GSW,DAL,1,0.619707660338349
2024-11-12,2024-25,POR,MIN,1,0.24037047100638326
2024-11-13,2024-25,ORL,IND,1,0.522676708361301
2024-11-13,2024-25,BKN,BOS,0,0.2380970623231929
2024-11-13,2024-25,NYK,CHI,0,0.7381246933394028
2024-11-13,2024-25,PHI,CLE,0,0.23397027379277358
2024-11-13,2024-25,OKC,NOP,1,0.8496403195499108
2024-11-13,2024-25,HOU,LAC,1,0.5943262143046132
2024-11-13,2024-25,MIL,DET,1,0.6356528044733002
2024-11-13,2024-25,SAS,WAS,1,0.77309960694363
2024-11-13,2024-25,LAL,MEM,1,0.6439448119488628
2024-11-13,2024-25,POR,MIN,1,0.26703343381612565
2024-11-13,2024-25,SAC,PHX,1,0.5338910177280161
2024-11-14,2024-25,UTA,DAL,1,0.25962120547584905
2024-11-15,2024-25,IND,MIA,0,0.59339805668937
2024-11-15,2024-25,ORL,PHI,1,0.6518491656218431
2024-11-15,2024-25,TOR,DET,0,0.49504278945681507
2024-11-15,2024-25,ATL,WAS,1,0.7412185085473946
2024-11-15,2024-25,CLE,CHI,1,0.7993039755108381
2024-11-15,2024-25,NYK,BKN,1,0.7331177968112715
2024-11-15,2024-25,SAS,LAL,0,0.5081320075913695
2024-11-15,2024-25,HOU,LAC,1,0.6222231072727747
2024-11-15,2024-25,NOP,DEN,1,0.31625955903458236
2024-11-15,2024-25,OKC,PHX,1,0.7126396555936196
2024-11-15,2024-25,GSW,MEM,1,0.7635435028410519
2024-11-15,2024-25,SAC,MIN,0,0.5852828427182769
2024-11-16,2024-25,CHA,MIL,1,0.4985773745852528
2024-11-16,2024-25,BOS,TOR,1,0.9030173305079975
2024-11-16,2024-25,NOP,LAL,0,0.35341368236881865
2024-11-16,2024-25,DAL,SAS,1,0.6604568595207312
2024-11-16,2024-25,SAC,UTA,1,0.7770042956592873
2024-11-17,2024-25,MIN,PHX,1,0.5807248526077169
2024-11-17,2024-25,IND,MIA,1,0.542443758982154
2024-11-17,2024-25,CLE,CHA,1,0.786019083642114
2024-11-17,2024-25,WAS,DET,0,0.4436773436436794
2024-11-17,2024-25,MEM,DEN,1,0.47384421752207484
2024-11-17,2024-25,POR,ATL,1,0.49281371249077177
2024-11-17,2024-25,NYK,BKN,1,0.7714387279407836
2024-11-17,2024-25,CHI,HOU,0,0.40084326998168474
2024-11-17,2024-25,OKC,DAL,0,0.7145825124596019
2024-11-17,2024-25,LAC,UTA,1,0.7704654135467425
2024-11-18,2024-25,DET,CHI,0,0.5888764018749396
2024-11-18,2024-25,MIA,PHI,1,0.6558154611874587
2024-11-18,2024-25,NYK,WAS,1,0.8304259445119533
2024-11-18,2024-25,TOR,IND,1,0.34997746155347653
2024-11-18,2024-25,MIL,HOU,1,0.3785803286824903
2024-11-18,2024-25,PHX,ORL,0,0.5160215600573161
2024-11-18,2024-25,SAC,ATL,0,0.6835260924155657
2024-11-18,2024-25,LAC,GSW,1,0.387038870552719
2024-11-19,2024-25,BOS,CLE,1,0.645987999349512
2024-11-19,2024-25,BKN,CHA,1,0.5816834612430117
2024-11-19,2024-25,MEM,DEN,0,0.5127075989323855
2024-11-19,2024-25,DAL,NOP,1,0.7803980255135469
2024-11-19,2024-25,SAS,OKC,1,0.313750521816804
2024-11-19,2024-25,LAL,UTA,1,0.7897962146397683
2024-11-20,2024-25,CLE,NOP,1,0.8941956939072117
2024-11-20,2024-25,MIL,CHI,1,0.5952421629206108
2024-11-20,2024-25,HOU,IND,1,0.6561991218563961
2024-11-20,2024-25,MEM,PHI,1,0.6153664341429633
2024-11-20,2024-25,OKC,POR,1,0.8334018078982034
2024-11-20,2024-25,PHX,NYK,0,0.43968957857880425
2024-11-20,2024-25,GSW,ATL,1,0.7906870262868645
2024-11-20,2024-25,LAC,ORL,1,0.5290503206938645
2024-11-21,2024-25,CHA,DET,1,0.5496083023553372
2024-11-21,2024-25,TOR,MIN,1,0.28227259388188025
2024-11-21,2024-25,SAS,UTA,1,0.7557928274874824
2024-11-21,2024-25,LAL,ORL,0,0.5888457075690555
2024-11-22,2024-25,PHI,BKN,1,0.4881195037073857
2024-11-22,2024-25,WAS,BOS,0,0.12207904988310343
2024-11-22,2024-25,MIL,IND,1,0.5659431009945673
2024-11-22,2024-25,CHI,ATL,1,0.5521870250537417
2024-11-22,2024-25,HOU,POR,1,0.7969545971103809
2024-11-22,2024-25,NOP,GSW,0,0.2274017989558383
2024-11-22,2024-25,DEN,DAL,0,0.5725627964518772
2024-11-22,2024-25,LAC,SAC,1,0.5769549878304501
2024-11-23,2024-25,UTA,NYK,1,0.20646711622240735
2024-11-23,2024-25,ORL,DET,1,0.6736230267196979
2024-11-23,2024-25,CHI,MEM,0,0.4961335604154928
2024-11-23,2024-25,HOU,POR,0,0.8331382838953267
2024-11-23,2024-25,MIL,CHA,1,0.669775179126814
2024-11-23,2024-25,SAS,GSW,1,0.32793346322238565
2024-11-23,2024-25,LAL,DEN,0,0.5271369559267939
2024-11-24,2024-25,BOS,MIN,1,0.8097429286315767
2024-11-24,2024-25,IND,WAS,1,0.7642055168810127
2024-11-24,2024-25,MIA,DAL,1,0.5281529932377745
2024-11-24,2024-25,PHI,LAC,0,0.338507053371463
2024-11-24,2024-25,CLE,TOR,1,0.8348636070395016
2024-11-24,2024-25,SAC,BKN,0,0.7339292162985396
2024-11-25,2024-25,CHA,ORL,0,0.3242024790588502
2024-11-25,2024-25,DET,TOR,1,0.6211109691545645
2024-11-25,2024-25,IND,NOP,1,0.6930091006581223
2024-11-25,2024-25,ATL,DAL,0,0.4103684367557773
2024-11-25,2024-25,BOS,LAC,1,0.7167673010971157
2024-11-25,2024-25,MEM,POR,1,0.7100780042577167
2024-11-25,2024-25,DEN,NYK,0,0.5957097609926261
2024-11-25,2024-25,GSW,BKN,0,0.8344455450548379
2024-11-25,2024-25,SAC,OKC,0,0.37454024154783827
2024-11-26,2024-25,WAS,CHI,0,0.3769020214762043
2024-11-26,2024-25,MIA,MIL,0,0.6041074505592977
2024-11-26,2024-25,MIN,HOU,0,0.4783139133161227
2024-11-26,2024-25,UTA,SAS,0,0.3741761447757941
2024-11-26,2024-25,PHX,LAL,1,0.6111820504698738
2024-11-27,2024-25,CHA,MIA,0,0.37147052307583633
2024-11-27,2024-25,CLE,ATL,0,0.8071797110311509
2024-11-27,2024-25,IND,POR,1,0.6911077840208865
2024-11-27,2024-25,ORL,CHI,1,0.6941619722963588
2024-11-27,2024-25,PHI,HOU,0,0.25122872912014965
2024-11-27,2024-25,WAS,LAC,0,0.21872084307431455
2024-11-27,2024-25,DAL,NYK,1,0.4784714772926961
2024-11-27,2024-25,MEM,DET,1,0.7055129018729935
2024-11-27,2024-25,MIN,SAC,0,0.6122171018073078
2024-11-27,2024-25,NOP,TOR,0,0.5369106657405704
2024-11-27,2024-25,SAS,LAL,0,0.5683298774490874
2024-11-27,2024-25,PHX,BKN,0,0.6766814733075531
2024-11-27,2024-25,UTA,DEN,0,0.280133759432391
2024-11-27,2024-25,GSW,OKC,0,0.42965359154614285
2024-11-29,2024-25,CHA,NYK,0,0.25454417809236835
2024-11-29,2024-25,ATL,CLE,1,0.34011001037902716
2024-11-29,2024-25,MEM,NOP,1,0.7766798703350238
2024-11-29,2024-25,BKN,ORL,0,0.4300433549078646
2024-11-29,2024-25,MIN,LAC,1,0.4880148149208214
2024-11-29,2024-25,IND,DET,0,0.6447977246061427
2024-11-29,2024-25,MIA,TOR,1,0.7218671982552202
2024-11-29,2024-25,CHI,BOS,0,0.19704953279224752
2024-11-29,2024-25,LAL,OKC,0,0.3417637258729458
2024-11-29,2024-25,POR,SAC,1,0.38281132241060034
2024-11-30,2024-25,CHA,ATL,0,0.38018156674884723
2024-11-30,2024-25,DET,PHI,0,0.6625047248450847
2024-11-30,2024-25,MIL,WAS,1,0.8413100757381563
2024-11-30,2024-25,PHX,GSW,1,0.46597057799189645
2024-11-30,2024-25,UTA,DAL,0,0.27066239578216206
2024-12-01,2024-25,BKN,ORL,0,0.39255153919469193
2024-12-01,2024-25,MEM,IND,1,0.6919681498083309
2024-12-01,2024-25,CLE,BOS,1,0.35655998586645815
2024-12-01,2024-25,NYK,NOP,1,0.8112756964383512
2024-12-01,2024-25,TOR,MIA,1,0.3652907209650059
2024-12-01,2024-25,HOU,OKC,1,0.4627205684731845
2024-12-01,2024-25,UTA,LAL,0,0.343487354954251
2024-12-01,2024-25,POR,DAL,0,0.32112484068521463
2024-12-01,2024-25,SAC,SAS,0,0.5386125398289526
2024-12-01,2024-25,LAC,DEN,1,0.5170910371339515
2024-12-02,2024-25,ATL,NOP,1,0.7183225843954996
2024-12-02,2024-25,BOS,MIA,1,0.7620647130057728
2024-12-02,2024-25,CHI,BKN,1,0.6042549521008777
2024-12-02,2024-25,MIN,LAL,1,0.5776994310620486
2024-12-03,2024-25,CHA,PHI,0,0.48637656099548154
2024-12-03,2024-25,CLE,WAS,1,0.8838727776433066
2024-12-03,2024-25,DET,MIL,0,0.4321789684377537
2024-12-03,2024-25,NYK,ORL,1,0.5599105854922986
2024-12-03,2024-25,TOR,IND,1,0.4872473629714061
2024-12-03,2024-25,OKC,UTA,1,0.8896635930856268
2024-12-03,2024-25,DAL,MEM,1,0.6219416359278727
2024-12-03,2024-25,PHX,SAS,1,0.6371234148782804
2024-12-03,2024-25,DEN,GSW,1,0.5416643898007686
2024-12-03,2024-25,SAC,HOU,1,0.375740161141894
2024-12-03,2024-25,LAC,POR,1,0.7492521836340079
2024-12-04,2024-25,BOS,DET,1,0.8378607070455207
2024-12-04,2024-25,BKN,IND,1,0.5766944714713165
2024-12-04,2024-25,MIA,LAL,1,0.6029889228220602
2024-12-04,2024-25,PHI,ORL,0,0.2873943283590196
2024-12-04,2024-25,MIL,ATL,0,0.602187005853947
2024-12-04,2024-25,LAC,MIN,0,0.5696153231050978
2024-12-05,2024-25,CLE,DEN,1,0.6196798164517952
2024-12-05,2024-25,WAS,DAL,0,0.1833106561322156
2024-12-05,2024-25,NYK,CHA,1,0.8424053330212966
2024-12-05,2024-25,TOR,OKC,0,0.2045343297846724
2024-12-05,2024-25,MEM,SAC,1,0.6481646335677309
2024-12-05,2024-25,NOP,PHX,1,0.37113626696732066
2024-12-05,2024-25,SAS,CHI,0,0.5844324453498561
2024-12-05,2024-25,GSW,HOU,1,0.44358473714681546
2024-12-06,2024-25,PHI,ORL,1,0.3455319858628932
2024-12-06,2024-25,ATL,LAL,1,0.6462811543625248
2024-12-06,2024-25,BOS,MIL,1,0.8267412829137276
2024-12-06,2024-25,CHI,IND,0,0.6114345630066161
2024-12-06,2024-25,SAS,SAC,0,0.5219113044258423
2024-12-06,2024-25,GSW,MIN,0,0.5957935222776823
2024-12-06,2024-25,POR,UTA,0,0.6288331340735296
2024-12-07,2024-25,CHA,CLE,0,0.23147541261877394
2024-12-07,2024-25,WAS,DEN,1,0.21648541786540387
2024-12-07,2024-25,NOP,OKC,0,0.19610828887577328
2024-12-07,2024-25,NYK,DET,0,0.7768761333506524
2024-12-07,2024-25,TOR,DAL,0,0.23503021039390348
2024-12-07,2024-25,BOS,MEM,0,0.7595591955075814
2024-12-07,2024-25,MIA,PHX,1,0.6114620885174601
2024-12-08,2024-25,CHI,PHI,0,0.5501559064868575
2024-12-08,2024-25,BKN,MIL,0,0.4754003974459884
2024-12-08,2024-25,IND,CHA,0,0.6993827650293624
2024-12-08,2024-25,ATL,DEN,0,0.5275898995831966
2024-12-08,2024-25,MIA,CLE,1,0.4992398244651201
2024-12-08,2024-25,ORL,PHX,1,0.593819941386208
2024-12-08,2024-25,WAS,MEM,0,0.2558286145481901
2024-12-08,2024-25,SAS,NOP,1,0.6562323977511552
2024-12-08,2024-25,GSW,MIN,1,0.5555611424835388
2024-12-08,2024-25,LAC,HOU,0,0.5092638300131864
2024-12-08,2024-25,SAC,UTA,1,0.7288828389561924
2024-12-08,2024-25,LAL,POR,1,0.6885757266811597
2024-12-09,2024-25,TOR,NYK,0,0.25814529479444215
2024-12-10,2024-25,MIL,ORL,1,0.5368199575739176
2024-12-10,2024-25,OKC,DAL,1,0.610617678793706
2024-12-11,2024-25,NYK,ATL,0,0.7039853303249851
2024-12-11,2024-25,HOU,GSW,1,0.5982172994691849
2024-12-12,2024-25,BOS,DET,1,0.8346295324132235
2024-12-12,2024-25,MIA,TOR,1,0.8001619713549576
2024-12-12,2024-25,NOP,SAC,0,0.34684774720655503
2024-12-13,2024-25,CLE,WAS,1,0.8990445263495956
2024-12-13,2024-25,PHI,IND,0,0.6394613356897566
2024-12-13,2024-25,MIN,LAL,1,0.706470770872904
2024-12-13,2024-25,MEM,BKN,1,0.7285294421092501
2024-12-13,2024-25,CHI,CHA,1,0.6855670590381057
2024-12-13,2024-25,DEN,LAC,1,0.6311987404521912
2024-12-13,2024-25,UTA,PHX,0,0.31748673087163437
2024-12-13,2024-25,POR,SAS,0,0.3898479464298443
2024-12-15,2024-25,IND,NOP,1,0.6609636720111342
2024-12-15,2024-25,WAS,BOS,0,0.11403308914231025
2024-12-15,2024-25,SAS,MIN,0,0.36718420394583806
2024-12-15,2024-25,PHX,POR,1,0.7956263944069408
2024-12-15,2024-25,LAL,MEM,1,0.38550728215181806
2024-12-15,2024-25,ORL,NYK,0,0.4806731167327554
2024-12-15,2024-25,GSW,DAL,0,0.4808541071255445
2024-12-16,2024-25,DET,MIA,1,0.314044195139573
2024-12-16,2024-25,CHA,PHI,0,0.39618408168740316
2024-12-16,2024-25,TOR,CHI,0,0.4488740651746512
2024-12-16,2024-25,BKN,CLE,0,0.30096414384735043
2024-12-16,2024-25,SAC,DEN,0,0.45347933654165334
2024-12-16,2024-25,LAC,UTA,1,0.742099692026351
2024-12-19,2024-25,DET,UTA,0,0.6931304212573747
2024-12-19,2024-25,ORL,OKC,0,0.31279529296448993
2024-12-19,2024-25,WAS,CHA,1,0.4458903259786506
2024-12-19,2024-25,BOS,CHI,0,0.8787034914377895
2024-12-19,2024-25,TOR,BKN,0,0.4316369592749852
2024-12-19,2024-25,HOU,NOP,1,0.8467778699068229
2024-12-19,2024-25,MEM,GSW,1,0.5566192538760825
2024-12-19,2024-25,MIN,NYK,0,0.5876182692049392
2024-12-19,2024-25,DAL,LAC,0,0.6290126221018959
2024-12-19,2024-25,PHX,IND,0,0.6747383484202255
2024-12-19,2024-25,SAS,ATL,1,0.444246658371654
2024-12-19,2024-25,POR,DEN,1,0.2620491981571468
2024-12-19,2024-25,SAC,LAL,0,0.6281914158405086
2024-12-20,2024-25,PHI,CHA,1,0.7368041666109495
2024-12-20,2024-25,CLE,MIL,1,0.6954932931932639
2024-12-20,2024-25,MIA,OKC,0,0.34651755494250425
2024-12-21,2024-25,SAC,LAL,0,0.5743495440874288
2024-12-21,2024-25,ORL,MIA,1,0.5756488862073982
2024-12-21,2024-25,ATL,MEM,0,0.4269978739969966
2024-12-21,2024-25,BKN,UTA,0,0.5843360280387971
2024-12-21,2024-25,CLE,PHI,1,0.7768023983693235
2024-12-21,2024-25,CHI,BOS,0,0.2681359181379683
2024-12-21,2024-25,MIL,WAS,1,0.7954433092256791
2024-12-21,2024-25,MIN,GSW,0,0.6317765334536213
2024-12-21,2024-25,NOP,NYK,0,0.19861428837009457
2024-12-21,2024-25,DAL,LAC,1,0.6011743124135772
2024-12-21,2024-25,SAS,POR,1,0.67707836311264
2024-12-21,2024-25,PHX,DET,0,0.6989617668755644
2024-12-22,2024-25,TOR,HOU,0,0.19573394904851857
2024-12-22,2024-25,SAC,IND,0,0.5697589361441316
2024-12-22,2024-25,NOP,DEN,0,0.2608368132380807
2024-12-23,2024-25,CHA,HOU,0,0.2482399557445458
2024-12-23,2024-25,CLE,UTA,1,0.8248308555393972
2024-12-23,2024-25,ORL,BOS,1,0.32203401130903564
2024-12-23,2024-25,PHI,SAS,1,0.6031497712234264
2024-12-23,2024-25,ATL,MIN,1,0.43967750343526635
2024-12-23,2024-25,MIA,BKN,1,0.7092077804303324
2024-12-23,2024-25,NYK,TOR,1,0.8462991078446942
2024-12-23,2024-25,CHI,MIL,0,0.5268133192592969
2024-12-23,2024-25,MEM,LAC,0,0.6297703366162657
2024-12-23,2024-25,OKC,WAS,1,0.9009309631972519
2024-12-23,2024-25,DAL,POR,1,0.8724831054191087
2024-12-23,2024-25,DEN,PHX,1,0.6401413495965174
2024-12-23,2024-25,GSW,IND,0,0.5927027384549152
2024-12-23,2024-25,LAL,DET,0,0.6458843652908917
2024-12-25,2024-25,NYK,SAS,1,0.7859767967597648
2024-12-25,2024-25,DAL,MIN,0,0.7021507877812077
2024-12-25,2024-25,BOS,PHI,0,0.7370067339083451
2024-12-25,2024-25,GSW,LAL,0,0.6253359893153198
2024-12-25,2024-25,PHX,DEN,1,0.39478387500304485
2024-12-26,2024-25,IND,OKC,0,0.323036770813824
2024-12-26,2024-25,ORL,MIA,0,0.5679623919982763
2024-12-26,2024-25,WAS,CHA,1,0.531345619544144
2024-12-26,2024-25,ATL,CHI,1,0.6399840547007691
2024-12-26,2024-25,MEM,TOR,1,0.8260282636068244
2024-12-26,2024-25,MIL,BKN,0,0.7287460225710177
2024-12-26,2024-25,NOP,HOU,0,0.2371136468757003
2024-12-26,2024-25,POR,UTA,1,0.4980176741564141
2024-12-26,2024-25,SAC,DET,0,0.5800091399409898
2024-12-27,2024-25,ORL,NYK,0,0.43181567304149243
2024-12-27,2024-25,BOS,IND,1,0.7580437564570593
2024-12-27,2024-25,BKN,SAS,0,0.45600829365923184
2024-12-27,2024-25,HOU,MIN,0,0.6192435438645236
2024-12-27,2024-25,NOP,MEM,0,0.21750039017580491
2024-12-27,2024-25,DEN,CLE,0,0.4384957468341122
2024-12-27,2024-25,PHX,DAL,0,0.4382614973336722
2024-12-27,2024-25,LAC,GSW,1,0.6881413137115728
2024-12-28,2024-25,ATL,MIA,1,0.49713563945534917
2024-12-28,2024-25,CHA,OKC,0,0.13263418646476774
2024-12-28,2024-25,WAS,NYK,0,0.14542050661901734
2024-12-28,2024-25,CHI,MIL,1,0.4505404782469228
2024-12-28,2024-25,GSW,PHX,1,0.5995096788545413
2024-12-28,2024-25,DEN,DET,1,0.7014308439039852
2024-12-28,2024-25,UTA,PHI,0,0.3445513753447389
2024-12-28,2024-25,POR,DAL,1,0.21410453326464543
2024-12-28,2024-25,LAL,SAC,1,0.6059847059285377
2024-12-29,2024-25,ORL,BKN,1,0.7517639702910759
2024-12-29,2024-25,BOS,IND,0,0.7663805185203909
2024-12-29,2024-25,TOR,ATL,0,0.3736564011780977
2024-12-29,2024-25,HOU,MIA,0,0.7232501509086227
2024-12-29,2024-25,OKC,MEM,1,0.7295208568587574
2024-12-29,2024-25,MIN,SAS,1,0.6881154814426568
2024-12-30,2024-25,CHA,CHI,0,0.38970727516782
2024-12-30,2024-25,WAS,NYK,0,0.15622176465215395
2024-12-30,2024-25,NOP,LAC,0,0.24325752105155724
2024-12-30,2024-25,UTA,DEN,0,0.2614828460896196
2024-12-30,2024-25,GSW,CLE,0,0.3925938008932621
2024-12-30,2024-25,POR,PHI,0,0.33038519224122265
2024-12-30,2024-25,SAC,DAL,1,0.46626476152565516
2024-12-31,2024-25,BOS,TOR,1,0.8765625017231812
2024-12-31,2024-25,IND,MIL,0,0.609887941856152
2024-12-31,2024-25,SAS,LAC,1,0.4238047021299124
2024-12-31,2024-25,OKC,MIN,1,0.7813988940105494
2024-12-31,2024-25,PHX,MEM,0,0.4630770706108168
2024-12-31,2024-25,LAL,CLE,0,0.3229584290828882
2025-01-01,2024-25,DET,ORL,1,0.43174891160442797
2025-01-01,2024-25,WAS,CHI,1,0.3295767237531871
2025-01-01,2024-25,MIA,NOP,1,0.8340913736218527
2025-01-01,2024-25,NYK,UTA,1,0.878700211410556
2025-01-01,2024-25,TOR,BKN,1,0.4401835540657465
2025-01-01,2024-25,HOU,DAL,1,0.6580440819455282
2025-01-01,2024-25,DEN,ATL,1,0.6283879490089666
2025-01-01,2024-25,SAC,PHI,1,0.5053824983500168
2025-01-02,2024-25,MIA,IND,0,0.5707862592572286
2025-01-02,2024-25,MIN,BOS,0,0.38224344882228617
2025-01-02,2024-25,MIL,BKN,0,0.7654859243887264
2025-01-02,2024-25,OKC,LAC,1,0.8196240435342633
2025-01-02,2024-25,GSW,PHI,1,0.5271090520052731
2025-01-02,2024-25,LAL,POR,1,0.743428490717888
2025-01-03,2024-25,DET,CHA,1,0.7275966728915493
2025-01-03,2024-25,TOR,ORL,0,0.3464860576377846
2025-01-03,2024-25,HOU,BOS,0,0.5124349325081617
2025-01-03,2024-25,NOP,WAS,1,0.5530417238170492
2025-01-03,2024-25,OKC,NYK,1,0.658486475290936
2025-01-03,2024-25,DAL,CLE,0,0.3354948414185541
2025-01-03,2024-25,DEN,SAS,0,0.6510784421776608
2025-01-03,2024-25,SAC,MEM,1,0.4149035323381288
2025-01-03,2024-25,LAL,ATL,1,0.5354345192542342
2025-01-04,2024-25,BKN,PHI,0,0.3457302998528635
2025-01-04,2024-25,DET,MIN,1,0.4360575157602593
2025-01-04,2024-25,IND,PHX,1,0.5842628826886725
2025-01-04,2024-25,MIA,UTA,0,0.7328021642346206
2025-01-04,2024-25,CHI,NYK,1,0.2669767025256923
2025-01-04,2024-25,MIL,POR,0,0.7848570689230564
2025-01-04,2024-25,SAS,DEN,0,0.46642265342229833
2025-01-04,2024-25,GSW,MEM,1,0.48313931279674904
2025-01-04,2024-25,LAC,ATL,1,0.6408262280322802
2025-01-05,2024-25,OKC,BOS,1,0.6713869962016278
2025-01-05,2024-25,CLE,CHA,1,0.9181886769117115
2025-01-05,2024-25,WAS,NOP,0,0.541328960144776
2025-01-05,2024-25,ORL,UTA,0,0.6891182731120019
2025-01-05,2024-25,HOU,LAL,1,0.6515783344927512
2025-01-05,2024-25,GSW,SAC,0,0.6540531286571509
2025-01-06,2024-25,DET,POR,1,0.7519228456680401
2025-01-06,2024-25,PHI,PHX,0,0.5388334866261189
2025-01-06,2024-25,BKN,IND,0,0.23351252516463972
2025-01-06,2024-25,NYK,ORL,0,0.7558395805474487
2025-01-06,2024-25,TOR,MIL,0,0.35661612720314073
2025-01-06,2024-25,CHI,SAS,1,0.5351424448431878
2025-01-06,2024-25,MEM,DAL,1,0.6140902664845109
2025-01-06,2024-25,MIN,LAC,1,0.48021416602899913
2025-01-06,2024-25,SAC,MIA,1,0.6587661981007202
2025-01-07,2024-25,CHA,PHX,1,0.2603004471700797
2025-01-07,2024-25,WAS,HOU,0,0.18152464158457102
2025-01-07,2024-25,DAL,LAL,1,0.5190087754337878
2025-01-07,2024-25,NOP,MIN,0,0.3380020520625421
2025-01-07,2024-25,UTA,ATL,0,0.48192872917852514
2025-01-07,2024-25,DEN,BOS,0,0.39618647402068863
2025-01-07,2024-25,GSW,MIA,0,0.6666395043710465
2025-01-08,2024-25,CLE,OKC,1,0.41688105051392715
2025-01-08,2024-25,IND,CHI,1,0.6452496962033182
2025-01-08,2024-25,NYK,TOR,1,0.8508046987810444
2025-01-08,2024-25,PHI,WAS,1,0.7440243784512546
2025-01-08,2024-25,BKN,DET,0,0.29605440177257464
2025-01-08,2024-25,NOP,POR,0,0.5636373914588333
2025-01-08,2024-25,DEN,LAC,1,0.5581371803604323
2025-01-08,2024-25,MIL,SAS,1,0.5723743081839483
2025-01-09,2024-25,CLE,TOR,1,0.9014430800415443
2025-01-09,2024-25,DET,GSW,0,0.5055249893531857
2025-01-09,2024-25,ORL,MIN,0,0.5082634507750903
2025-01-09,2024-25,MEM,HOU,0,0.5539967550603494
2025-01-09,2024-25,DAL,POR,1,0.7617041919532246
2025-01-09,2024-25,PHX,ATL,1,0.5499541283102516
2025-01-09,2024-25,UTA,MIA,0,0.46296022405377596
2025-01-10,2024-25,IND,GSW,1,0.7151193428047598
2025-01-10,2024-25,ORL,MIL,0,0.4920001037470289
2025-01-10,2024-25,PHI,NOP,0,0.7706385387196759
2025-01-10,2024-25,BOS,SAC,0,0.7611498993706078
2025-01-10,2024-25,NYK,OKC,0,0.30901679828572004
2025-01-10,2024-25,CHI,WAS,1,0.7914785389651766
2025-01-10,2024-25,DEN,BKN,1,0.8598149532088745
2025-01-11,2024-25,PHX,UTA,1,0.655105577311246
2025-01-11,2024-25,DET,TOR,1,0.7698749992775469
2025-01-11,2024-25,MIN,MEM,0,0.5254062449013771
2025-01-11,2024-25,POR,MIA,0,0.36391553753385314
2025-01-12,2024-25,NYK,MIL,1,0.6142922455620395
2025-01-12,2024-25,DAL,DEN,0,0.4483381995073661
2025-01-12,2024-25,CHI,SAC,0,0.443383815819468
2025-01-12,2024-25,BOS,NOP,1,0.8851001600795823
2025-01-12,2024-25,CLE,IND,0,0.7054731599875376
2025-01-12,2024-25,ORL,PHI,1,0.572413828575364
2025-01-12,2024-25,WAS,OKC,0,0.0549535863308897
2025-01-12,2024-25,UTA,BKN,1,0.6527175422251105
2025-01-12,2024-25,PHX,CHA,1,0.7803440371763541
2025-01-13,2024-25,WAS,MIN,0,0.18553906138121404
2025-01-13,2024-25,NYK,DET,0,0.7166070709228606
2025-01-13,2024-25,TOR,GSW,1,0.35766605064397794
2025-01-13,2024-25,HOU,MEM,1,0.5805750401088432
2025-01-13,2024-25,LAL,SAS,0,0.572597392651494
2025-01-13,2024-25,LAC,MIA,1,0.647808606377516
2025-01-14,2024-25,IND,CLE,0,0.4243960903900151
2025-01-14,2024-25,PHI,OKC,0,0.12297024590794309
2025-01-14,2024-25,ATL,PHX,1,0.514769049415891
2025-01-14,2024-25,CHI,NOP,0,0.6937191547971413
2025-01-14,2024-25,MIL,SAC,1,0.49995960934392947
2025-01-14,2024-25,DAL,DEN,0,0.4866817457347574
2025-01-14,2024-25,POR,BKN,0,0.5360803245327183
2025-01-15,2024-25,PHI,NYK,0,0.3110586615568402
2025-01-15,2024-25,TOR,BOS,1,0.1699750324714187
2025-01-15,2024-25,CHI,ATL,0,0.5414918944291864
2025-01-15,2024-25,MIL,ORL,1,0.6118174902303101
2025-01-15,2024-25,MIN,GSW,0,0.6895034198622455
2025-01-15,2024-25,NOP,DAL,1,0.3616217289474025
2025-01-15,2024-25,SAS,MEM,0,0.45364684079719686
2025-01-15,2024-25,DEN,HOU,0,0.5322226528595322
2025-01-15,2024-25,UTA,CHA,0,0.6012625203911804
2025-01-15,2024-25,LAL,MIA,1,0.5368177483402341
2025-01-15,2024-25,LAC,BKN,1,0.8402388984724105
2025-01-16,2024-25,DET,IND,0,0.43433988596653905
2025-01-16,2024-25,WAS,PHX,0,0.23947424076116555
2025-01-16,2024-25,OKC,CLE,1,0.6589851437272549
2025-01-16,2024-25,POR,LAC,0,0.30006391130354504
2025-01-16,2024-25,SAC,HOU,1,0.4939196941744347
2025-01-17,2024-25,BOS,ORL,1,0.7513222860106967
2025-01-17,2024-25,NYK,MIN,0,0.6476463065574211
2025-01-17,2024-25,MIA,DEN,0,0.3982128507882337
2025-01-17,2024-25,MIL,TOR,1,0.7842636082386618
2025-01-17,2024-25,NOP,UTA,1,0.665135066792546
2025-01-17,2024-25,SAS,MEM,0,0.43145787664385377
2025-01-17,2024-25,DAL,OKC,1,0.286406670756789
2025-01-17,2024-25,CHI,CHA,0,0.6680125666883439
2025-01-17,2024-25,LAL,BKN,1,0.7095653449246763
2025-01-18,2024-25,DET,PHX,0,0.6201138393681597
2025-01-18,2024-25,BOS,ATL,0,0.7464993316997608
2025-01-18,2024-25,IND,PHI,1,0.8243085739583064
2025-01-18,2024-25,GSW,WAS,1,0.8661153641183011
2025-01-18,2024-25,MIN,CLE,0,0.37277391291194517
2025-01-18,2024-25,POR,HOU,0,0.19180465543755315
2025-01-19,2024-25,MIA,SAS,1,0.5551987598768958
2025-01-19,2024-25,ORL,DEN,0,0.3369074503083277
2025-01-19,2024-25,MIL,PHI,1,0.7978434049336123
2025-01-19,2024-25,OKC,BKN,1,0.91772249349138
2025-01-19,2024-25,LAC,LAL,1,0.7091962680163555
2025-01-19,2024-25,POR,CHI,1,0.3858471512956972
2025-01-19,2024-25,SAC,WAS,1,0.8953722030804933
2025-01-20,2024-25,CHA,DAL,1,0.3106845405408911
2025-01-20,2024-25,HOU,DET,0,0.7290653969446167
2025-01-20,2024-25,MEM,MIN,1,0.6052453670570148
2025-01-20,2024-25,NYK,ATL,1,0.628872740378391
2025-01-20,2024-25,CLE,PHX,1,0.7881525586004094
2025-01-20,2024-25,GSW,BOS,0,0.34111627175969866
2025-01-20,2024-25,NOP,UTA,1,0.6756155349312594
2025-01-20,2024-25,LAC,CHI,0,0.6702251521708136
2025-01-21,2024-25,BKN,NYK,0,0.2152955246179798
2025-01-21,2024-25,MIA,POR,0,0.7300614170947585
2025-01-21,2024-25,TOR,ORL,1,0.4440422663998459
2025-01-21,2024-25,DEN,PHI,1,0.8164624824932543
2025-01-21,2024-25,LAL,WAS,1,0.8350302632078954
2025-01-22,2024-25,ATL,DET,0,0.5720873027422332
2025-01-22,2024-25,BKN,PHX,0,0.29137719391106803
2025-01-22,2024-25,DAL,MIN,0,0.5550202445469488
2025-01-22,2024-25,HOU,CLE,1,0.41639839820274466
2025-01-22,2024-25,MEM,CHA,1,0.7971108191043589
2025-01-22,2024-25,OKC,UTA,1,0.9123657711980718
2025-01-22,2024-25,SAC,GSW,1,0.723822307496655
2025-01-22,2024-25,LAC,BOS,0,0.3397536666276019
2025-01-23,2024-25,ORL,POR,0,0.700486740756689
2025-01-23,2024-25,ATL,TOR,0,0.6999767613045417
2025-01-23,2024-25,MIL,MIA,1,0.7054564614623693
2025-01-23,2024-25,OKC,DAL,0,0.8160572905736302
2025-01-23,2024-25,DEN,SAC,1,0.6677482159488048
2025-01-23,2024-25,GSW,CHI,1,0.5387278776748163
2025-01-23,2024-25,LAL,BOS,1,0.33346669827433106
2025-01-23,2024-25,LAC,WAS,1,0.9005781689569702
2025-01-24,2024-25,CHA,POR,0,0.5832110426995102
2025-01-24,2024-25,PHI,CLE,1,0.19355827704346262
2025-01-24,2024-25,MEM,NOP,1,0.7926882477327788
2025-01-25,2024-25,MIN,DEN,1,0.4226947853827124
2025-01-25,2024-25,DAL,BOS,0,0.4220826807460558
2025-01-25,2024-25,BKN,MIA,0,0.3697649817545115
2025-01-25,2024-25,CHA,NOP,1,0.5537087307084844
2025-01-25,2024-25,ORL,DET,1,0.432142073230997
2025-01-25,2024-25,ATL,TOR,0,0.639537719007167
2025-01-25,2024-25,CLE,HOU,0,0.6379282148312814
2025-01-25,2024-25,NYK,SAC,1,0.5956324409570845
2025-01-25,2024-25,CHI,PHI,0,0.5637571530300434
2025-01-25,2024-25,MEM,UTA,1,0.8389185508626764
2025-01-25,2024-25,GSW,LAL,0,0.48228458526075024
2025-01-25,2024-25,PHX,WAS,1,0.8720928332469832
2025-01-25,2024-25,LAC,MIL,1,0.5546205872222862
2025-01-26,2024-25,POR,OKC,0,0.15310952256523438
2025-01-27,2024-25,CHA,LAL,0,0.3930635910148552
2025-01-27,2024-25,CLE,DET,1,0.7106913458414799
2025-01-27,2024-25,BOS,HOU,0,0.5022157069417272
2025-01-27,2024-25,BKN,SAC,0,0.2345692112537623
2025-01-27,2024-25,MIA,ORL,1,0.5362779327180559
2025-01-27,2024-25,NYK,MEM,1,0.5500567490844924
2025-01-27,2024-25,TOR,NOP,1,0.6122826935088665
2025-01-27,2024-25,CHI,DEN,1,0.26033424509853287
2025-01-27,2024-25,MIN,ATL,1,0.7797376912703436
2025-01-27,2024-25,DAL,WAS,1,0.8634529936309375
2025-01-27,2024-25,UTA,MIL,0,0.24603853999541628
2025-01-27,2024-25,PHX,LAC,1,0.449436718262535
2025-01-28,2024-25,ATL,HOU,0,0.27176579825001984
2025-01-28,2024-25,PHI,LAL,1,0.39127764278051436
2025-01-28,2024-25,GSW,UTA,1,0.6911727935266141
2025-01-28,2024-25,POR,MIL,1,0.27928224669661816
2025-01-29,2024-25,CHA,BKN,0,0.6302147134786947
2025-01-29,2024-25,IND,DET,1,0.6927555907793591
2025-01-29,2024-25,WAS,TOR,0,0.23671043814733053
2025-01-29,2024-25,BOS,CHI,1,0.7886651183730315
2025-01-29,2024-25,MIA,CLE,0,0.28045312531197675
2025-01-29,2024-25,NYK,DEN,1,0.6207955335365526
2025-01-29,2024-25,PHI,SAC,1,0.3767970583067066
2025-01-29,2024-25,NOP,DAL,0,0.36362453588113863
2025-01-29,2024-25,SAS,LAC,0,0.3857103250971606
2025-01-29,2024-25,PHX,MIN,0,0.41746777718007916
2025-01-29,2024-25,GSW,OKC,1,0.20239710575598147
2025-01-30,2024-25,WAS,LAL,0,0.2102459490588604
2025-01-30,2024-25,CLE,ATL,1,0.8317134597638614
2025-01-30,2024-25,MEM,HOU,1,0.477334984829727
2025-01-30,2024-25,UTA,MIN,0,0.25895817869589405
2025-01-30,2024-25,POR,ORL,1,0.48941952721551574
2025-01-31,2024-25,CHA,LAC,0,0.2647920526166333
2025-01-31,2024-25,DET,DAL,1,0.5285150353151363
2025-01-31,2024-25,PHI,DEN,0,0.35419304729606976
2025-01-31,2024-25,TOR,CHI,0,0.5848783477902184
2025-01-31,2024-25,NOP,BOS,0,0.1803397890775055
2025-01-31,2024-25,SAS,MIL,1,0.40851283958663465
2025-01-31,2024-25,GSW,PHX,0,0.5692368544547698
2025-02-01,2024-25,IND,ATL,1,0.8368548889873771
2025-02-01,2024-25,UTA,ORL,1,0.46822893963315926
2025-02-01,2024-25,CHA,DEN,0,0.21487431400104698
2025-02-01,2024-25,HOU,BKN,0,0.8385390822085964
2025-02-01,2024-25,MIN,WAS,0,0.9206539357924772
2025-02-01,2024-25,OKC,SAC,1,0.7990170565670146
2025-02-01,2024-25,NYK,LAL,0,0.7467406834708333
2025-02-01,2024-25,SAS,MIA,0,0.5860385287657196
2025-02-01,2024-25,POR,PHX,1,0.4608136113679429
2025-02-02,2024-25,DET,CHI,1,0.6778330443067297
2025-02-02,2024-25,CLE,DAL,1,0.7996467094340602
2025-02-02,2024-25,TOR,LAC,1,0.2656984440120134
2025-02-02,2024-25,PHI,BOS,0,0.2678298517613755
2025-02-02,2024-25,MIL,MEM,0,0.46980372597273884
2025-02-03,2024-25,CHA,WAS,0,0.6953631027941596
2025-02-03,2024-25,DET,ATL,0,0.7246304118688539
2025-02-03,2024-25,NYK,HOU,1,0.640922047392689
2025-02-03,2024-25,MEM,SAS,1,0.7238756044448225
2025-02-03,2024-25,MIN,SAC,0,0.6441357150803969
2025-02-03,2024-25,OKC,MIL,1,0.8768545674908088
2025-02-03,2024-25,DEN,NOP,1,0.8589764611076403
2025-02-03,2024-25,UTA,IND,0,0.25111023771128893
2025-02-03,2024-25,GSW,ORL,1,0.657662120313829
2025-02-03,2024-25,POR,PHX,1,0.546813020297533
2025-02-04,2024-25,CLE,BOS,0,0.6127326625181774
2025-02-04,2024-25,BKN,HOU,1,0.2704465994917489
2025-02-04,2024-25,PHI,DAL,1,0.5111179919557777
2025-02-04,2024-25,TOR,NYK,0,0.25111714202329327
2025-02-04,2024-25,CHI,MIA,1,0.5265485304133105
2025-02-04,2024-25,LAC,LAL,0,0.5649069652661914
2025-02-04,2024-25,POR,IND,1,0.3601794818919911
2025-02-05,2024-25,CHA,MIL,0,0.33392203398059406
2025-02-05,2024-25,DET,CLE,0,0.40598880864956927
2025-02-05,2024-25,ATL,SAS,0,0.508541557293742
2025-02-05,2024-25,BKN,WAS,0,0.7523355441511776
2025-02-05,2024-25,PHI,MIA,0,0.5957363516901816
2025-02-05,2024-25,TOR,MEM,0,0.2874116994475468
2025-02-05,2024-25,MIN,CHI,1,0.7162142158091023
2025-02-05,2024-25,OKC,PHX,1,0.868903614394719
2025-02-05,2024-25,UTA,GSW,1,0.3825329939221071
2025-02-05,2024-25,DEN,NOP,1,0.8566328783376166
2025-02-05,2024-25,SAC,ORL,0,0.6960593680266304
2025-02-06,2024-25,BOS,DAL,0,0.727936981841213
2025-02-06,2024-25,MIN,HOU,1,0.6186818816386991
2025-02-06,2024-25,DEN,ORL,1,0.7853651309862485
2025-02-06,2024-25,LAL,GSW,1,0.7386565030124917
2025-02-06,2024-25,POR,SAC,1,0.5734360507803846
2025-02-06,2024-25,LAC,IND,0,0.46584763938815577
2025-02-07,2024-25,CHA,SAS,1,0.3649427621189771
2025-02-07,2024-25,WAS,CLE,0,0.10436430150491588
2025-02-07,2024-25,ATL,MIL,1,0.45925550816856364
2025-02-07,2024-25,BKN,MIA,1,0.41553155667258357
2025-02-07,2024-25,DET,PHI,1,0.6106023571816748
2025-02-07,2024-25,OKC,TOR,1,0.9043200745632894
2025-02-07,2024-25,PHX,UTA,1,0.635547339840112
2025-02-08,2024-25,DAL,HOU,1,0.5725754493598076
2025-02-08,2024-25,LAL,IND,1,0.5199442162483211
2025-02-08,2024-25,ORL,SAS,1,0.552448021860147
2025-02-08,2024-25,WAS,ATL,0,0.3191650065178462
2025-02-08,2024-25,CHI,GSW,0,0.5023488210546068
2025-02-08,2024-25,MEM,OKC,0,0.40954647670237715
2025-02-08,2024-25,MIN,POR,1,0.6007007600176939
2025-02-08,2024-25,NYK,BOS,0,0.5392757847059314
2025-02-08,2024-25,PHX,DEN,0,0.3246621869021572
2025-02-08,2024-25,SAC,NOP,1,0.7676732828244527
2025-02-08,2024-25,LAC,UTA,1,0.781134096442154
2025-02-09,2024-25,DET,CHA,1,0.7911774244765796
2025-02-09,2024-25,HOU,TOR,1,0.7721408675274045
2025-02-09,2024-25,MIL,PHI,1,0.515114824703502
2025-02-10,2024-25,CLE,MIN,1,0.6237328892164857
2025-02-10,2024-25,ORL,ATL,0,0.5270334449765378
2025-02-10,2024-25,WAS,SAS,0,0.32717245122136124
2025-02-10,2024-25,BKN,CHA,1,0.6122221023495051
2025-02-10,2024-25,MIA,BOS,0,0.2663062583725792
2025-02-10,2024-25,MIL,GSW,0,0.5062218766508707
2025-02-10,2024-25,OKC,NOP,1,0.9325225720205513
2025-02-10,2024-25,DAL,SAC,0,0.5780111041587565
2025-02-10,2024-25,DEN,POR,1,0.7193427976625567
2025-02-10,2024-25,LAL,UTA,1,0.8324105371544608
2025-02-11,2024-25,PHI,TOR,0,0.729559578891341
2025-02-11,2024-25,IND,NYK,0,0.5576391934513338
2025-02-11,2024-25,CHI,DET,0,0.43748743685151903
2025-02-11,2024-25,PHX,MEM,0,0.39264728848297603
2025-02-12,2024-25,BOS,SAS,1,0.8050568139697317
2025-02-12,2024-25,ORL,CHA,1,0.6418352880126122
2025-02-12,2024-25,WAS,IND,0,0.1649937612530476
2025-02-12,2024-25,BKN,PHI,1,0.5230411102695007
2025-02-12,2024-25,NYK,ATL,1,0.6953856344488736
2025-02-12,2024-25,TOR,CLE,0,0.2278821371584693
2025-02-12,2024-25,CHI,DET,0,0.34117133935174127
2025-02-12,2024-25,MIN,MIL,0,0.7307002803703827
2025-02-12,2024-25,NOP,SAC,0,0.34091665959925627
2025-02-12,2024-25,OKC,MIA,1,0.8946834778089825
2025-02-12,2024-25,HOU,PHX,1,0.6763953674373205
2025-02-12,2024-25,DEN,POR,1,0.7847119285477306
2025-02-12,2024-25,UTA,LAL,1,0.23595978445890553
2025-02-12,2024-25,DAL,GSW,1,0.47883204254672285
2025-02-12,2024-25,LAC,MEM,1,0.44882198088185943
2025-02-13,2024-25,HOU,GSW,0,0.5578824369439624
2025-02-13,2024-25,NOP,SAC,1,0.2926707876083678
2025-02-13,2024-25,DAL,MIA,1,0.5529618922443496
2025-02-13,2024-25,MIN,OKC,1,0.23328562888939552
2025-02-13,2024-25,UTA,LAC,0,0.28421882974147
2025-02-19,2024-25,LAL,CHA,0,0.8451528247905274
2025-02-20,2024-25,IND,MEM,1,0.5640790568380586
2025-02-20,2024-25,PHI,BOS,0,0.27174048791807026
2025-02-20,2024-25,ATL,ORL,0,0.6300307431923642
2025-02-20,2024-25,BKN,CLE,0,0.24264145792118696
2025-02-20,2024-25,NYK,CHI,1,0.7963704123591668
2025-02-20,2024-25,MIL,LAC,1,0.3832825475174727
2025-02-20,2024-25,DEN,CHA,1,0.878607803907069
2025-02-20,2024-25,SAS,PHX,1,0.5003202418724504
2025-02-20,2024-25,POR,LAL,0,0.481485108700085
2025-02-21,2024-25,CLE,NYK,1,0.6287512291677727
2025-02-21,2024-25,ORL,MEM,0,0.3429044154344676
2025-02-21,2024-25,WAS,MIL,0,0.3106539713249248
2025-02-21,2024-25,TOR,MIA,0,0.4760961139587901
2025-02-21,2024-25,HOU,MIN,1,0.5391515826404549
2025-02-21,2024-25,SAS,DET,0,0.44072894652928557
2025-02-21,2024-25,DAL,NOP,1,0.7743606321429956
2025-02-21,2024-25,UTA,OKC,0,0.1541055285217182
2025-02-21,2024-25,SAC,GSW,0,0.509117441518478
2025-02-22,2024-25,CHI,PHX,0,0.43194840436228393
2025-02-22,2024-25,PHI,BKN,0,0.7189485506235548
2025-02-22,2024-25,DEN,LAL,0,0.6370098007651543
2025-02-22,2024-25,UTA,HOU,1,0.2826680928228919
2025-02-22,2024-25,POR,CHA,1,0.6709277203984297
2025-02-23,2024-25,BOS,NYK,1,0.690703146570675
2025-02-23,2024-25,GSW,DAL,1,0.6098786052024681
2025-02-23,2024-25,IND,LAC,1,0.6496639338545351
2025-02-23,2024-25,ATL,DET,0,0.44200480898432476
2025-02-23,2024-25,ORL,WAS,1,0.8072566651781948
2025-02-23,2024-25,TOR,PHX,1,0.4263080756434585
2025-02-23,2024-25,MIL,MIA,1,0.6111795272727418
2025-02-23,2024-25,NOP,SAS,1,0.42275088397264293
2025-02-23,2024-25,CLE,MEM,1,0.7112682374140058
2025-02-23,2024-25,MIN,OKC,0,0.2792796150551546
2025-02-24,2024-25,DET,LAC,1,0.6371731204789861
2025-02-24,2024-25,IND,DEN,0,0.5960934233597198
2025-02-24,2024-25,PHI,CHI,0,0.5757523201111906
2025-02-24,2024-25,WAS,BKN,1,0.45561109701775665
2025-02-24,2024-25,ATL,MIA,1,0.5793546139254184
2025-02-24,2024-25,OKC,MIN,0,0.8132197654553076
2025-02-24,2024-25,UTA,POR,0,0.37526673904871233
2025-02-24,2024-25,SAC,CHA,1,0.747163565428142
2025-02-25,2024-25,TOR,BOS,0,0.20603122168565713
2025-02-25,2024-25,ORL,CLE,0,0.2784071688933292
2025-02-25,2024-25,HOU,MIL,1,0.5933906941148289
2025-02-25,2024-25,MEM,PHX,1,0.7375577847423955
2025-02-25,2024-25,NOP,SAS,1,0.4853679732631458
2025-02-25,2024-25,GSW,CHA,1,0.8650345967623013
2025-02-25,2024-25,LAL,DAL,1,0.6793842058065089
2025-02-26,2024-25,DET,BOS,1,0.388218333199147
2025-02-26,2024-25,IND,TOR,1,0.8143321813441888
2025-02-26,2024-25,NYK,PHI,1,0.8027607326567511
2025-02-26,2024-25,WAS,POR,0,0.3042698652334936
2025-02-26,2024-25,BKN,OKC,0,0.11304229798734221
2025-02-26,2024-25,MIA,ATL,1,0.5072601927508582
2025-02-26,2024-25,CHI,LAC,0,0.37783280026293375
2025-02-26,2024-25,UTA,SAC,0,0.366940325474962
2025-02-26,2024-25,HOU,SAS,1,0.6912869708491782
2025-02-27,2024-25,ORL,GSW,0,0.3534357136674716
2025-02-27,2024-25,MIL,DEN,1,0.35887141411798873
2025-02-27,2024-25,DAL,CHA,1,0.8209205015327874
2025-02-27,2024-25,PHX,NOP,0,0.6665893261615717
2025-02-27,2024-25,LAL,MIN,1,0.652710602293118
2025-02-28,2024-25,DET,DEN,0,0.5486090055817042
2025-02-28,2024-25,ATL,OKC,0,0.20273158649442014
2025-02-28,2024-25,BOS,CLE,0,0.4751710007926751
2025-02-28,2024-25,BKN,POR,0,0.4107624071299329
2025-02-28,2024-25,MIA,IND,1,0.355300422797159
2025-02-28,2024-25,CHI,TOR,1,0.627477868560037
2025-02-28,2024-25,MEM,NYK,0,0.5855165765429796
2025-02-28,2024-25,PHX,NOP,1,0.6385814077493115
2025-02-28,2024-25,UTA,MIN,1,0.3029518889772909
2025-02-28,2024-25,LAL,LAC,1,0.5951190692178782
2025-03-01,2024-25,CHA,WAS,0,0.5687036167428398
2025-03-01,2024-25,DET,BKN,1,0.8431244242447203
2025-03-01,2024-25,HOU,SAC,0,0.6868088122681575
2025-03-01,2024-25,MEM,SAS,0,0.7202097436175267
2025-03-01,2024-25,PHI,GSW,1,0.30976297503230976
2025-03-01,2024-25,DAL,MIL,0,0.57029687702676
2025-03-02,2024-25,BOS,DEN,1,0.6035762065980521
2025-03-02,2024-25,CLE,POR,1,0.8212042299339468
2025-03-02,2024-25,IND,CHI,1,0.7977134871004951
2025-03-02,2024-25,MIA,NYK,0,0.3714987534693096
2025-03-02,2024-25,ORL,TOR,0,0.6482605928849732
2025-03-02,2024-25,SAS,OKC,0,0.1865056968249954
2025-03-02,2024-25,UTA,NOP,0,0.4395486494446554
2025-03-02,2024-25,PHX,MIN,0,0.3943392253986312
2025-03-02,2024-25,LAL,LAC,1,0.6783828296064784
2025-03-03,2024-25,CHA,GSW,0,0.21640521563087892
2025-03-03,2024-25,PHI,POR,0,0.4603485036700897
2025-03-03,2024-25,MIA,WAS,1,0.8162902393743812
2025-03-03,2024-25,MEM,ATL,0,0.7112971164038296
2025-03-03,2024-25,OKC,HOU,1,0.8766241942656556
2025-03-03,2024-25,DAL,SAC,0,0.5621125467471754
2025-03-03,2024-25,UTA,DET,0,0.28083561464505663
2025-03-04,2024-25,IND,HOU,1,0.704376285849933
2025-03-04,2024-25,ORL,TOR,0,0.5798256948358014
2025-03-04,2024-25,ATL,MIL,0,0.47525384349155103
2025-03-04,2024-25,NYK,GSW,0,0.576111812846893
2025-03-04,2024-25,CHI,CLE,0,0.18067131267901182
2025-03-04,2024-25,MIN,PHI,1,0.7844505114531933
2025-03-04,2024-25,SAS,BKN,1,0.6394448401582978
2025-03-04,2024-25,PHX,LAC,1,0.4127678949795584
2025-03-04,2024-25,LAL,NOP,1,0.8089252733435974
2025-03-05,2024-25,BOS,POR,1,0.7810598474350726
2025-03-05,2024-25,CHA,MIN,0,0.20170039204067175
2025-03-05,2024-25,CLE,MIA,1,0.8327525941064763
2025-03-05,2024-25,WAS,UTA,1,0.4516111932551134
2025-03-05,2024-25,MEM,OKC,0,0.24718642286117493
2025-03-05,2024-25,DEN,SAC,1,0.698000841780236
2025-03-05,2024-25,MIL,DAL,1,0.7076155437383717
2025-03-05,2024-25,LAC,DET,1,0.42799639913682075
2025-03-06,2024-25,ATL,IND,1,0.36067616640962724
2025-03-06,2024-25,BOS,PHI,1,0.8656284681468482
2025-03-06,2024-25,BKN,GSW,0,0.22694928436694864
2025-03-06,2024-25,NOP,HOU,0,0.4086497036094408
2025-03-06,2024-25,LAL,NYK,1,0.5985605642241407
2025-03-06,2024-25,ORL,CHI,0,0.5407296851181078
2025-03-07,2024-25,CHA,CLE,0,0.08156340119732676
2025-03-07,2024-25,TOR,UTA,1,0.6613858894451606
2025-03-07,2024-25,DAL,MEM,0,0.3735647255180951
2025-03-07,2024-25,MIA,MIN,0,0.43415861882442947
2025-03-07,2024-25,OKC,POR,1,0.7115758185073827
2025-03-07,2024-25,DEN,PHX,1,0.799509064106543
2025-03-07,2024-25,SAC,SAS,1,0.6541946634352749
2025-03-07,2024-25,LAC,NYK,1,0.5209497202447991
2025-03-08,2024-25,CHA,BKN,1,0.4475698977930577
2025-03-08,2024-25,HOU,NOP,1,0.7336544604159537
2025-03-08,2024-25,ATL,IND,1,0.4173107578939276
2025-03-08,2024-25,TOR,WAS,0,0.7702937483200899
2025-03-08,2024-25,MIA,CHI,0,0.6173718852082154
2025-03-08,2024-25,MIL,ORL,0,0.7461798342511687
2025-03-08,2024-25,BOS,LAL,1,0.6825861869550083
2025-03-08,2024-25,GSW,DET,1,0.5677010636525099
2025-03-09,2024-25,OKC,DEN,1,0.7349882492168581
2025-03-09,2024-25,DAL,PHX,0,0.5352522846737214
2025-03-09,2024-25,MIL,CLE,0,0.31422138696542623
2025-03-09,2024-25,NOP,MEM,0,0.2820922465982106
2025-03-09,2024-25,PHI,UTA,1,0.6107977533770632
2025-03-09,2024-25,MIN,SAS,1,0.7901452439753588
2025-03-09,2024-25,POR,DET,0,0.39741617369527904
2025-03-09,2024-25,LAC,SAC,1,0.6292686988343291
2025-03-10,2024-25,ATL,PHI,1,0.7096520429821482
2025-03-10,2024-25,BOS,UTA,1,0.8823846385192031
2025-03-10,2024-25,BKN,LAL,1,0.2214701597609365
2025-03-10,2024-25,MIA,CHA,0,0.7396390955767558
2025-03-10,2024-25,TOR,WAS,1,0.8006254471125478
2025-03-10,2024-25,CHI,IND,1,0.3659299301489806
2025-03-10,2024-25,HOU,ORL,1,0.7026401606427579
2025-03-10,2024-25,MEM,PHX,1,0.6528274750915605
2025-03-10,2024-25,OKC,DEN,0,0.7254931152926694
2025-03-10,2024-25,SAS,DAL,0,0.5794670486492761
2025-03-10,2024-25,GSW,POR,1,0.7754870677839468
2025-03-10,2024-25,SAC,NYK,0,0.5085744802138104
2025-03-11,2024-25,CLE,BKN,1,0.9224839692397431
2025-03-11,2024-25,DET,WAS,1,0.8566803184997721
2025-03-11,2024-25,IND,MIL,1,0.6329002321547946
2025-03-11,2024-25,NOP,LAC,1,0.28551594382233436
2025-03-12,2024-25,ATL,CHA,1,0.7516236442138677
2025-03-12,2024-25,BOS,OKC,0,0.5038837006604584
2025-03-12,2024-25,TOR,PHI,1,0.6914410030547324
2025-03-12,2024-25,MIA,LAC,0,0.44940032387011414
2025-03-12,2024-25,HOU,PHX,1,0.7118441594548809
2025-03-12,2024-25,MEM,UTA,1,0.7939916109526908
2025-03-12,2024-25,SAS,DAL,1,0.5487599714759478
2025-03-12,2024-25,DEN,MIN,0,0.5897407438013857
2025-03-12,2024-25,POR,NYK,0,0.3514382709744327
2025-03-13,2024-25,DET,WAS,0,0.8778364348733076
2025-03-13,2024-25,MIL,LAL,1,0.4440170840342071
2025-03-13,2024-25,CHI,BKN,1,0.6657000289797885
2025-03-13,2024-25,GSW,SAC,1,0.7057036442072012
2025-03-13,2024-25,NOP,ORL,0,0.5700285790511976
2025-03-14,2024-25,MIA,BOS,0,0.21186779621125784
2025-03-14,2024-25,PHI,IND,0,0.23036072115397999
2025-03-14,2024-25,ATL,LAC,0,0.44421128296966533
2025-03-14,2024-25,HOU,DAL,1,0.7823311345710825
2025-03-14,2024-25,MEM,CLE,0,0.38293193897398237
2025-03-14,2024-25,MIN,ORL,1,0.8431944589714698
2025-03-14,2024-25,SAS,CHA,0,0.6897876429133649
2025-03-14,2024-25,DEN,LAL,1,0.7666809194635509
2025-03-14,2024-25,UTA,TOR,0,0.414897539299112
2025-03-14,2024-25,PHX,SAC,1,0.49946757496874516
2025-03-15,2024-25,BKN,BOS,0,0.19368715019443355
2025-03-15,2024-25,DET,OKC,0,0.36046040361109755
2025-03-15,2024-25,HOU,CHI,1,0.7799193211134868
2025-03-15,2024-25,MEM,MIA,1,0.7180532963661783
2025-03-15,2024-25,MIL,IND,1,0.5090579872324762
2025-03-15,2024-25,SAS,NOP,1,0.5884737387694514
2025-03-15,2024-25,GSW,NYK,1,0.599909850645583
2025-03-15,2024-25,DEN,WAS,0,0.8945843111846633
2025-03-16,2024-25,LAC,CHA,1,0.8400659022843497
2025-03-16,2024-25,DAL,PHI,0,0.6236241838560952
2025-03-16,2024-25,LAL,PHX,1,0.7314800724572645
2025-03-16,2024-25,BKN,ATL,1,0.36153492027783074
2025-03-16,2024-25,CLE,ORL,0,0.8867705661059785
2025-03-16,2024-25,POR,TOR,1,0.6064956091950879
2025-03-16,2024-25,MIN,UTA,1,0.8670358583455791
2025-03-16,2024-25,MIL,OKC,0,0.3282557848767383
2025-03-17,2024-25,LAL,SAS,1,0.7754093003704811
2025-03-17,2024-25,NYK,MIA,1,0.766842247147969
2025-03-17,2024-25,HOU,PHI,1,0.8624978034656534
2025-03-17,2024-25,MIN,IND,0,0.7588327173756994
2025-03-17,2024-25,NOP,DET,0,0.2744471915952569
2025-03-17,2024-25,UTA,CHI,0,0.37723763561098195
2025-03-17,2024-25,GSW,DEN,0,0.6795878906950521
2025-03-17,2024-25,PHX,TOR,1,0.6021656181811257
2025-03-17,2024-25,SAC,MEM,1,0.4451005184748463
2025-03-17,2024-25,POR,WAS,1,0.7136944298043245
2025-03-18,2024-25,CHA,ATL,0,0.45836951292350037
2025-03-18,2024-25,BOS,BKN,1,0.8781835705203838
2025-03-18,2024-25,LAC,CLE,1,0.40414201399779137
2025-03-18,2024-25,GSW,MIL,1,0.5944076779529737
2025-03-19,2024-25,UTA,WAS,1,0.5292239886547828
2025-03-19,2024-25,IND,DAL,1,0.7941612687691685
2025-03-19,2024-25,ORL,HOU,0,0.33605733841627183
2025-03-19,2024-25,MIA,DET,0,0.3105983752344769
2025-03-19,2024-25,MIN,NOP,0,0.8891293227126614
2025-03-19,2024-25,OKC,PHI,1,0.8543464232779073
2025-03-19,2024-25,SAS,NYK,1,0.28366366288366285
2025-03-19,2024-25,LAL,DEN,1,0.5869305152476565
2025-03-19,2024-25,PHX,CHI,1,0.54381514255519
2025-03-19,2024-25,POR,MEM,1,0.4190085522098031
2025-03-19,2024-25,SAC,CLE,1,0.25057605018762635
2025-03-20,2024-25,LAL,MIL,0,0.4829391068193945
2025-03-20,2024-25,GSW,TOR,1,0.8509251451736722
2025-03-20,2024-25,CHA,NYK,1,0.23445010454276016
2025-03-20,2024-25,IND,BKN,1,0.8146377217674969
2025-03-20,2024-25,SAC,CHI,0,0.6326972582841187
2025-03-21,2024-25,WAS,ORL,0,0.357725469407019
2025-03-21,2024-25,MIA,HOU,0,0.2913131518720303
2025-03-21,2024-25,MIN,NOP,1,0.8622530386654317
2025-03-21,2024-25,OKC,CHA,1,0.9157276816452059
2025-03-21,2024-25,SAS,PHI,1,0.6486368994957799
2025-03-21,2024-25,DAL,DET,1,0.23192194313942005
2025-03-21,2024-25,UTA,BOS,0,0.14535580206942736
2025-03-21,2024-25,PHX,CLE,1,0.28724478066275644
2025-03-21,2024-25,POR,DEN,1,0.4185059381272493
2025-03-21,2024-25,LAC,MEM,1,0.6796538039762867
2025-03-22,2024-25,IND,BKN,1,0.8649582676594089
2025-03-22,2024-25,ATL,GSW,1,0.36412436180472363
2025-03-22,2024-25,NYK,WAS,1,0.8103924343200625
2025-03-22,2024-25,SAC,MIL,0,0.45334961959617465
2025-03-22,2024-25,LAL,CHI,0,0.7256937325424976
2025-03-23,2024-25,DET,NOP,1,0.800904146904135
2025-03-23,2024-25,UTA,CLE,0,0.12257443812926798
2025-03-23,2024-25,ATL,PHI,1,0.7516386804895537
2025-03-23,2024-25,MIA,CHA,1,0.6965830240385281
2025-03-23,2024-25,TOR,SAS,0,0.5056428631012168
2025-03-23,2024-25,POR,BOS,0,0.29108491959470667
2025-03-23,2024-25,HOU,DEN,0,0.6640544884332583
2025-03-23,2024-25,LAC,OKC,0,0.36077453370745316
2025-03-24,2024-25,IND,MIN,1,0.49537036704642246
2025-03-24,2024-25,ORL,LAL,1,0.41282672528076975
2025-03-24,2024-25,WAS,TOR,0,0.5255035185848856
2025-03-24,2024-25,BKN,DAL,0,0.4274389261688156
2025-03-24,2024-25,NOP,PHI,1,0.5474627070327611
2025-03-24,2024-25,DEN,CHI,0,0.6123443902975656
2025-03-24,2024-25,PHX,MIL,1,0.4451927507051599
2025-03-24,2024-25,SAC,BOS,0,0.28756752166738503
2025-03-25,2024-25,CHA,ORL,0,0.30277907691054945
2025-03-25,2024-25,DET,SAS,1,0.7231810509715563
2025-03-25,2024-25,MIA,GSW,1,0.34500544377163755
2025-03-25,2024-25,NYK,DAL,1,0.7584201856154047
2025-03-25,2024-25,HOU,ATL,1,0.7526678007559887
2025-03-25,2024-25,UTA,MEM,0,0.25508460536340444
2025-03-25,2024-25,POR,CLE,0,0.35224170856511144
2025-03-25,2024-25,SAC,OKC,0,0.193929109177051
2025-03-26,2024-25,PHI,WAS,0,0.5914413735516131
2025-03-26,2024-25,BKN,TOR,0,0.5292763684673577
2025-03-26,2024-25,IND,LAL,0,0.6165325069127972
2025-03-26,2024-25,NYK,LAC,0,0.4379956043784853
2025-03-26,2024-25,DEN,MIL,1,0.6468436954418514
2025-03-26,2024-25,PHX,BOS,0,0.28867802639861256
2025-03-27,2024-25,CLE,SAS,1,0.8498194153467684
2025-03-27,2024-25,ORL,DAL,0,0.6672290669193754
2025-03-27,2024-25,WAS,IND,0,0.2133139830987771
2025-03-27,2024-25,MIA,ATL,1,0.5188464337828275
2025-03-27,2024-25,CHI,LAL,1,0.5444719159084688
2025-03-27,2024-25,OKC,MEM,1,0.8141070031501816
2025-03-27,2024-25,UTA,HOU,0,0.15426292441482398
2025-03-27,2024-25,SAC,POR,1,0.5241359567226427
2025-03-28,2024-25,DET,CLE,1,0.3323352803343688
2025-03-28,2024-25,BKN,LAC,0,0.1831194238309434
2025-03-28,2024-25,TOR,CHA,1,0.6874475874837933
2025-03-28,2024-25,MIL,NYK,0,0.5796312144790259
2025-03-28,2024-25,MIN,PHX,1,0.765980640378435
2025-03-28,2024-25,NOP,GSW,0,0.22510234106286903
2025-03-28,2024-25,DEN,UTA,1,0.8818768961613389
2025-03-29,2024-25,ORL,SAC,1,0.5421521501876166
2025-03-29,2024-25,WAS,BKN,0,0.5724330083042066
2025-03-29,2024-25,PHI,MIA,0,0.33891172751734955
2025-03-29,2024-25,CHI,DAL,0,0.7210426364891274
2025-03-29,2024-25,MEM,LAL,0,0.534373274989493
2025-03-29,2024-25,OKC,IND,1,0.7824298466724618
2025-03-29,2024-25,SAS,BOS,0,0.19850746704555766
2025-03-30,2024-25,CLE,LAC,1,0.650512575652726
2025-03-30,2024-25,NYK,POR,1,0.684383574394881
2025-03-30,2024-25,MIL,ATL,0,0.6115511338630625
2025-03-30,2024-25,MIN,DET,1,0.6580691003775541
2025-03-30,2024-25,NOP,CHA,1,0.6254714341695449
2025-03-30,2024-25,SAS,GSW,0,0.3428202420113804
2025-03-30,2024-25,PHI,TOR,0,0.35546028336227836
2025-03-30,2024-25,PHX,HOU,0,0.3603673782639205
2025-03-31,2024-25,CHA,UTA,1,0.5871826789811408
2025-03-31,2024-25,IND,SAC,1,0.7302196893162386
2025-03-31,2024-25,ORL,LAC,0,0.31930709808633007
2025-03-31,2024-25,WAS,MIA,0,0.3482736336396734
2025-03-31,2024-25,MEM,BOS,0,0.28913804890680067
2025-03-31,2024-25,OKC,CHI,1,0.8616939051660314
2025-03-31,2024-25,DAL,BKN,0,0.7368354899924365
2025-03-31,2024-25,LAL,HOU,1,0.4860817273390313
2025-04-01,2024-25,SAS,ORL,0,0.4609879409501112
2025-04-01,2024-25,ATL,POR,0,0.6427829328166061
2025-04-01,2024-25,NYK,PHI,1,0.8594954618121929
2025-04-01,2024-25,CHI,TOR,1,0.7437948963405792
2025-04-01,2024-25,MEM,GSW,0,0.45635552811242713
2025-04-01,2024-25,MIL,PHX,1,0.6984745101225747
2025-04-01,2024-25,DEN,MIN,0,0.4538601663017078
2025-04-02,2024-25,CLE,NYK,1,0.6959973046173461
2025-04-02,2024-25,IND,CHA,1,0.8807353825502791
2025-04-02,2024-25,WAS,SAC,1,0.29287432713725753
2025-04-02,2024-25,BOS,MIA,0,0.7831997649554898
2025-04-02,2024-25,HOU,UTA,1,0.8617631001399343
2025-04-02,2024-25,OKC,DET,1,0.7776244745006802
2025-04-02,2024-25,DAL,ATL,1,0.5111236359008319
2025-04-02,2024-25,DEN,SAS,0,0.631353615612165
2025-04-02,2024-25,LAC,NOP,1,0.8837597697974757
2025-04-03,2024-25,WAS,ORL,0,0.2661033536258527
2025-04-03,2024-25,BKN,MIN,0,0.17339931029216055
2025-04-03,2024-25,MIA,MEM,0,0.5758244813387264
2025-04-03,2024-25,PHI,MIL,0,0.2664485135023154
2025-04-03,2024-25,TOR,POR,0,0.4875742205810624
2025-04-03,2024-25,LAL,GSW,0,0.5675287938095707
2025-04-04,2024-25,CHA,SAC,0,0.3909083908318062
2025-04-04,2024-25,IND,UTA,1,0.890656305314278
2025-04-04,2024-25,BOS,PHX,1,0.869573395644318
2025-04-04,2024-25,TOR,DET,0,0.31130869975885933
2025-04-04,2024-25,CHI,POR,1,0.6610959648385321
2025-04-04,2024-25,HOU,OKC,1,0.27530619036826426
2025-04-04,2024-25,SAS,CLE,0,0.20384449013415848
2025-04-04,2024-25,GSW,DEN,1,0.6323887115596497
2025-04-04,2024-25,LAL,NOP,1,0.8307640980000313
2025-04-04,2024-25,LAC,DAL,1,0.8239617015934527
2025-04-05,2024-25,ATL,NYK,0,0.407881955937282
2025-04-05,2024-25,DET,MEM,0,0.6182998086643111
2025-04-05,2024-25,PHI,MIN,0,0.10390703525822367
2025-04-05,2024-25,MIA,MIL,0,0.5690499207368122
2025-04-05,2024-25,LAC,DAL,1,0.7965326303318924
2025-04-06,2024-25,NOP,MIL,0,0.28845825225149724
2025-04-06,2024-25,CHA,CHI,0,0.23663895471925075
2025-04-06,2024-25,BKN,TOR,0,0.4592967410265641
2025-04-06,2024-25,OKC,LAL,0,0.7940243193708628
2025-04-06,2024-25,ATL,UTA,1,0.7886558523642753
2025-04-06,2024-25,BOS,WAS,1,0.9395710333604362
2025-04-06,2024-25,CLE,SAC,0,0.8542075118898376
2025-04-06,2024-25,POR,SAS,1,0.5906918234715057
2025-04-06,2024-25,NYK,PHX,1,0.7866388145285772
2025-04-06,2024-25,DEN,IND,0,0.4752956286752585
2025-04-06,2024-25,GSW,HOU,0,0.560374592170729
2025-04-07,2024-25,DET,SAC,0,0.6553085412228684
2025-04-07,2024-25,MIA,PHI,1,0.8268735781390997
2025-04-08,2024-25,CHA,MEM,0,0.21753282247968728
2025-04-08,2024-25,CLE,CHI,1,0.749062433537639
2025-04-08,2024-25,IND,WAS,1,0.9211215670245559
2025-04-08,2024-25,ORL,ATL,1,0.6338998527358464
2025-04-08,2024-25,BKN,NOP,1,0.5239325581174055
2025-04-08,2024-25,NYK,BOS,0,0.36809109138687296
2025-04-08,2024-25,MIL,MIN,1,0.3521636588169507
2025-04-08,2024-25,OKC,LAL,1,0.6986890658603063
2025-04-08,2024-25,PHX,GSW,0,0.25006966820907434
2025-04-08,2024-25,LAC,SAS,1,0.8121507839921641
2025-04-09,2024-25,ORL,BOS,1,0.47349508642147026
2025-04-09,2024-25,WAS,PHI,0,0.523012032338178
2025-04-09,2024-25,TOR,CHA,1,0.7578045279886165
2025-04-09,2024-25,DAL,LAL,0,0.3241111793547504
2025-04-09,2024-25,CHI,MIA,1,0.5523576447641555
2025-04-09,2024-25,UTA,POR,1,0.3177935522686266
2025-04-09,2024-25,GSW,SAS,0,0.8381135580857475
2025-04-09,2024-25,PHX,OKC,0,0.2349694671702819
2025-04-09,2024-25,SAC,DEN,0,0.46624426046928064
2025-04-09,2024-25,LAC,HOU,1,0.8053566614764689
2025-04-10,2024-25,MIL,NOP,1,0.8371292955218851
2025-04-10,2024-25,DET,NYK,1,0.5817340298127285
2025-04-10,2024-25,IND,CLE,1,0.5500947618687155
2025-04-10,2024-25,BKN,ATL,0,0.3401684278600519
2025-04-10,2024-25,MEM,MIN,0,0.3683569661272086
2025-04-11,2024-25,DET,MIL,0,0.6111027229331542
2025-04-11,2024-25,IND,ORL,0,0.6478324981420004
2025-04-11,2024-25,PHI,ATL,0,0.3061682693380268
2025-04-11,2024-25,BOS,CHA,1,0.9233997453238117
2025-04-11,2024-25,NYK,CLE,0,0.4001145463280074
2025-04-11,2024-25,CHI,WAS,1,0.879242047509291
2025-04-11,2024-25,NOP,MIA,0,0.28355124279108673
2025-04-11,2024-25,DAL,TOR,1,0.6687061378936009
2025-04-11,2024-25,MIN,BKN,1,0.9239366471446637
2025-04-11,2024-25,DEN,MEM,1,0.6145303006402558
2025-04-11,2024-25,UTA,OKC,0,0.1908500169838786
2025-04-11,2024-25,PHX,SAS,1,0.4894443614581218
2025-04-11,2024-25,POR,GSW,0,0.2968787427129834
2025-04-11,2024-25,SAC,LAC,0,0.2587073500157966
2025-04-11,2024-25,LAL,HOU,1,0.7930861198449765
2025-04-13,2024-25,ATL,ORL,1,0.41913817685510735
2025-04-13,2024-25,BOS,CHA,1,0.8374980322675717
2025-04-13,2024-25,BKN,NYK,0,0.2785413202089496
2025-04-13,2024-25,CLE,IND,0,0.5267735442207361
2025-04-13,2024-25,MIA,WAS,0,0.8817001206518705
2025-04-13,2024-25,PHI,CHI,0,0.23173238332138962
2025-04-13,2024-25,MIL,DET,1,0.29358894806394537
2025-04-13,2024-25,HOU,DEN,0,0.5711054355570816
2025-04-13,2024-25,MEM,DAL,1,0.540635809344709
2025-04-13,2024-25,MIN,UTA,1,0.9266387819166904
2025-04-13,2024-25,NOP,OKC,0,0.17935046419204012
2025-04-13,2024-25,SAS,TOR,1,0.6639383995589564
2025-04-13,2024-25,GSW,LAC,0,0.5170881021980707
2025-04-13,2024-25,POR,LAL,1,0.6189711447220905
2025-04-13,2024-25,SAC,PHX,1,0.6787611341225838
2025-10-21,2025-26,OKC,HOU,1,0.6675923120902884
2025-10-21,2025-26,LAL,GSW,0,0.6142977416747164
2025-10-22,2025-26,NYK,CLE,1,0.38988837922722125
2025-10-22,2025-26,DAL,SAS,0,0.5824441278038726
2025-10-22,2025-26,CHA,BKN,1,0.4865781688628507
2025-10-22,2025-26,ORL,MIA,1,0.5887008999224067
2025-10-22,2025-26,ATL,TOR,0,0.6799499415351368
2025-10-22,2025-26,BOS,PHI,0,0.7885696202863688
2025-10-22,2025-26,CHI,DET,1,0.5905030093671544
2025-10-22,2025-26,MEM,NOP,1,0.7334658927042981
2025-10-22,2025-26,MIL,WAS,1,0.7946712105634228
2025-10-22,2025-26,UTA,LAC,1,0.21761427328959002
2025-10-22,2025-26,PHX,SAC,1,0.56051853788981
2025-10-22,2025-26,POR,MIN,0,0.41751841047969795
2025-10-23,2025-26,IND,OKC,0,0.3766884870072549
2025-10-23,2025-26,GSW,DEN,1,0.6123515718184454
2025-10-24,2025-26,NYK,BOS,1,0.541866917103687
2025-10-24,2025-26,LAL,MIN,1,0.5575043676486715
2025-10-24,2025-26,ORL,ATL,0,0.6140964872482606
2025-10-24,2025-26,BKN,CLE,0,0.262228962424341
2025-10-24,2025-26,TOR,MIL,0,0.41559824205725415
2025-10-24,2025-26,HOU,DET,0,0.6546821604443389
2025-10-24,2025-26,MEM,MIA,0,0.5980286695150491
2025-10-24,2025-26,NOP,SAS,0,0.4656975516051007
2025-10-24,2025-26,DAL,WAS,0,0.6679911806504969
2025-10-24,2025-26,POR,GSW,1,0.4328455230500868
2025-10-24,2025-26,SAC,UTA,1,0.6732222926723767
2025-10-24,2025-26,LAC,PHX,1,0.7535000067509838
2025-10-25,2025-26,ORL,CHI,0,0.4642271628993928
2025-10-25,2025-26,ATL,OKC,0,0.30098525939455706
2025-10-25,2025-26,PHI,CHA,1,0.6218840626780188
2025-10-25,2025-26,MEM,IND,1,0.5494989304355199
2025-10-25,2025-26,DEN,PHX,1,0.7150330292040125
2025-10-26,2025-26,SAS,BKN,1,0.6941667029470475
2025-10-26,2025-26,DET,BOS,1,0.5258236263978417
2025-10-26,2025-26,CLE,MIL,1,0.6410966261293868
2025-10-26,2025-26,MIA,NYK,1,0.516981371578751
2025-10-26,2025-26,WAS,CHA,0,0.5543654496689849
2025-10-26,2025-26,MIN,IND,1,0.7399901262657574
2025-10-26,2025-26,DAL,TOR,1,0.5134467910278274
2025-10-26,2025-26,LAC,POR,1,0.6796250947702781
2025-10-26,2025-26,SAC,LAL,0,0.3810521854420424
2025-10-27,2025-26,DET,CLE,0,0.3947241715648812
2025-10-27,2025-26,MIN,DEN,0,0.5753609427107141
2025-10-27,2025-26,PHI,ORL,1,0.4378812395346057
2025-10-27,2025-26,CHI,ATL,1,0.6840726739696129
2025-10-27,2025-26,HOU,BKN,1,0.7852684171293974
2025-10-27,2025-26,NOP,BOS,0,0.31276662521247356
2025-10-27,2025-26,SAS,TOR,1,0.6145190466270704
2025-10-27,2025-26,DAL,OKC,0,0.21543305108924635
2025-10-27,2025-26,UTA,PHX,1,0.5361115187168979
2025-10-27,2025-26,GSW,MEM,1,0.6673431356031292
2025-10-27,2025-26,LAL,POR,0,0.5989084548890806
2025-10-28,2025-26,WAS,PHI,0,0.42923348140054446
2025-10-28,2025-26,MIA,CHA,1,0.7008979203649466
2025-10-28,2025-26,MIL,NYK,1,0.5815703272336068
2025-10-28,2025-26,OKC,SAC,1,0.7990999052779215
2025-10-28,2025-26,GSW,LAC,1,0.5307793200499322
2025-10-29,2025-26,BOS,CLE,1,0.4682215579610854
2025-10-29,2025-26,DET,ORL,1,0.6427176151987549
2025-10-29,2025-26,BKN,ATL,0,0.3839887227331144
2025-10-29,2025-26,TOR,HOU,0,0.35024389929036864
2025-10-29,2025-26,CHI,SAC,1,0.7079515080078603
2025-10-29,2025-26,DAL,IND,1,0.49390220552294806
2025-10-29,2025-26,DEN,NOP,1,0.8246646410658661
2025-10-29,2025-26,UTA,POR,0,0.3426811617431924
2025-10-29,2025-26,MIN,LAL,0,0.6467679676485968
2025-10-29,2025-26,PHX,MEM,0,0.4211817014118713
2025-10-30,2025-26,CHA,ORL,0,0.45836754599523993
2025-10-30,2025-26,MIL,GSW,1,0.4445432121885093
2025-10-30,2025-26,OKC,WAS,1,0.9105283368429695
2025-10-30,2025-26,SAS,MIA,1,0.5234594989021899
2025-10-31,2025-26,IND,ATL,0,0.520101882043382
2025-10-31,2025-26,PHI,BOS,0,0.3478836168207114
2025-10-31,2025-26,CLE,TOR,0,0.7248023772941294
2025-10-31,2025-26,CHI,NYK,1,0.6343494986341957
2025-10-31,2025-26,MEM,LAL,0,0.39736382447412033
2025-10-31,2025-26,PHX,UTA,1,0.5340581136332622
2025-10-31,2025-26,POR,DEN,1,0.45811395509886976
2025-10-31,2025-26,LAC,NOP,1,0.8472954051836074
2025-11-01,2025-26,MIL,SAC,0,0.755686703097729
2025-11-01,2025-26,CHA,MIN,0,0.28165989884634174
2025-11-01,2025-26,IND,GSW,1,0.24729109221267528
2025-11-01,2025-26,WAS,ORL,0,0.3734209898480249
2025-11-01,2025-26,BOS,HOU,0,0.566603108107015
2025-11-02,2025-26,OKC,NOP,1,0.8758158661581826
2025-11-02,2025-26,BKN,PHI,0,0.4940885177276587
2025-11-02,2025-26,CHA,UTA,1,0.45457033416720044
2025-11-02,2025-26,CLE,ATL,1,0.6104842829345775
2025-11-02,2025-26,TOR,MEM,1,0.5095523495968864
2025-11-02,2025-26,NYK,CHI,1,0.457237381280399
2025-11-02,2025-26,PHX,SAS,1,0.44612935831063005
2025-11-02,2025-26,LAL,MIA,1,0.7087851230674413
2025-11-03,2025-26,BKN,MIN,0,0.19896354737008787
2025-11-03,2025-26,IND,MIL,0,0.3517308992816511
2025-11-03,2025-26,BOS,UTA,0,0.7834224814527487
2025-11-03,2025-26,NYK,WAS,1,0.8283828065432068
2025-11-03,2025-26,HOU,DAL,1,0.7837532198115267
2025-11-03,2025-26,MEM,DET,0,0.5144283633092751
2025-11-03,2025-26,DEN,SAC,1,0.7730401079894501
2025-11-03,2025-26,POR,LAL,0,0.6139338897355894
2025-11-03,2025-26,LAC,MIA,0,0.6853920086045464
2025-11-04,2025-26,TOR,MIL,1,0.38871422176368475
2025-11-04,2025-26,ATL,ORL,1,0.5857446800239563
2025-11-04,2025-26,CHI,PHI,1,0.7362992993660796
2025-11-04,2025-26,NOP,CHA,1,0.559426064429739
2025-11-04,2025-26,GSW,PHX,1,0.7631357155987832
2025-11-04,2025-26,LAC,OKC,0,0.4268395139366264
2025-11-05,2025-26,CLE,PHI,1,0.7638301094015069
2025-11-05,2025-26,DET,UTA,1,0.7406956536952146
2025-11-05,2025-26,IND,BKN,0,0.6850894059695205
2025-11-05,2025-26,BOS,WAS,1,0.8429630123786014
2025-11-05,2025-26,NYK,MIN,1,0.4656575635465271
2025-11-05,2025-26,MEM,HOU,0,0.3610189296171345
2025-11-05,2025-26,DAL,NOP,0,0.5753584721499945
2025-11-05,2025-26,DEN,MIA,1,0.698798229003687
2025-11-05,2025-26,LAL,SAS,1,0.7111792065320715
2025-11-05,2025-26,POR,OKC,1,0.3855937950480138
2025-11-05,2025-26,SAC,GSW,1,0.45718112348908807
2025-11-06,2025-26,PHX,LAC,1,0.4308588124303388
2025-11-07,2025-26,ORL,BOS,1,0.43546911090277785
2025-11-07,2025-26,WAS,CLE,0,0.22802588511062205
2025-11-07,2025-26,ATL,TOR,0,0.6007711246299337
2025-11-07,2025-26,BKN,DET,0,0.33777005459408216
2025-11-07,2025-26,SAS,HOU,1,0.358868788531727
2025-11-07,2025-26,MIA,CHA,1,0.7671536083375136
2025-11-07,2025-26,MEM,DAL,1,0.6727350398425532
2025-11-07,2025-26,MIL,CHI,1,0.5008303786312527
2025-11-07,2025-26,MIN,UTA,1,0.7845937950246458
2025-11-07,2025-26,DEN,GSW,1,0.6400458687321259
2025-11-07,2025-26,SAC,OKC,0,0.2590992655879357
2025-11-08,2025-26,WAS,DAL,0,0.4354493182566139
2025-11-08,2025-26,PHI,TOR,1,0.4722671573885674
2025-11-08,2025-26,ATL,LAL,1,0.3319495015530646
2025-11-08,2025-26,CLE,CHI,1,0.6213205742269469
2025-11-08,2025-26,MIA,POR,1,0.47783787577962594
2025-11-08,2025-26,SAS,NOP,1,0.6940726415247885
2025-11-08,2025-26,DEN,IND,1,0.7692896338481313
2025-11-08,2025-26,LAC,PHX,0,0.6430148147221699
2025-11-09,2025-26,MIL,HOU,0,0.4975477820255374
2025-11-09,2025-26,NYK,BKN,1,0.8174393972556925
2025-11-09,2025-26,ORL,BOS,0,0.4916679864223903
2025-11-09,2025-26,MEM,OKC,0,0.27451469793524447
2025-11-09,2025-26,PHI,DET,0,0.4144771475073249
2025-11-09,2025-26,GSW,IND,1,0.7313224773947617
2025-11-09,2025-26,SAC,MIN,0,0.3754412088009492
2025-11-10,2025-26,CHA,LAL,0,0.20580156406026803
2025-11-10,2025-26,DET,WAS,1,0.8283091169857777
2025-11-10,2025-26,ORL,POR,1,0.43310857837610167
2025-11-10,2025-26,MIA,CLE,1,0.4205254290943753
2025-11-10,2025-26,CHI,SAS,0,0.6033352115018275
2025-11-10,2025-26,DAL,MIL,0,0.3345111342034159
2025-11-10,2025-26,PHX,NOP,1,0.7008991032220695
2025-11-10,2025-26,UTA,MIN,0,0.22559022736303433
2025-11-10,2025-26,LAC,ATL,0,0.6059060833631041
2025-11-11,2025-26,BKN,TOR,0,0.3468757346446505
2025-11-11,2025-26,NYK,MEM,1,0.7195552476160503
2025-11-11,2025-26,PHI,BOS,1,0.38377347923230387
2025-11-11,2025-26,OKC,GSW,1,0.7174650505061378
2025-11-11,2025-26,UTA,IND,1,0.414214022010195
2025-11-11,2025-26,SAC,DEN,0,0.25999204934782716
2025-11-12,2025-26,CHA,MIL,1,0.3269467752719377
2025-11-12,2025-26,DET,CHI,1,0.4971077256036383
2025-11-12,2025-26,NYK,ORL,0,0.6948836618707366
2025-11-12,2025-26,BOS,MEM,1,0.6841035623174135
2025-11-12,2025-26,MIA,CLE,0,0.5377750514962301
2025-11-12,2025-26,HOU,WAS,1,0.8800387633008208
2025-11-12,2025-26,NOP,POR,0,0.2916147372599075
2025-11-12,2025-26,SAS,GSW,0,0.4755153961451518
2025-11-12,2025-26,DAL,PHX,0,0.37459780192169395
2025-11-12,2025-26,OKC,LAL,1,0.6455333447470638
2025-11-12,2025-26,SAC,ATL,0,0.43485389089632576
2025-11-12,2025-26,LAC,DEN,0,0.40738349908877447
2025-11-13,2025-26,CLE,TOR,0,0.6989951937541348
2025-11-13,2025-26,PHX,IND,1,0.706765838829333
2025-11-13,2025-26,UTA,ATL,0,0.34552495665700833
2025-11-14,2025-26,NYK,MIA,1,0.634948409733256
2025-11-14,2025-26,ORL,BKN,1,0.7827736144745838
2025-11-14,2025-26,DET,PHI,1,0.643096488696171
2025-11-14,2025-26,HOU,POR,1,0.6319966031002119
2025-11-14,2025-26,MIL,CHA,1,0.7525273660234191
2025-11-14,2025-26,MIN,SAC,1,0.7935113946068678
2025-11-14,2025-26,NOP,LAL,0,0.21535935858637803
2025-11-14,2025-26,DAL,LAC,0,0.35317079216921965
2025-11-14,2025-26,SAS,GSW,0,0.443405142469856
2025-11-15,2025-26,CLE,MEM,1,0.7577560545586923
2025-11-15,2025-26,CHA,OKC,0,0.13342061687978615
2025-11-15,2025-26,IND,TOR,0,0.3524314788600735
2025-11-15,2025-26,MIL,LAL,0,0.5492709423888358
2025-11-15,2025-26,MIN,DEN,0,0.4712876161873571
2025-11-16,2025-26,BOS,LAC,1,0.598691035024323
2025-11-16,2025-26,SAS,SAC,1,0.6920431818607783
2025-11-16,2025-26,WAS,BKN,0,0.48676911053122934
2025-11-16,2025-26,HOU,ORL,1,0.7104154267680928
2025-11-16,2025-26,NOP,GSW,0,0.22324180188556525
2025-11-16,2025-26,DAL,POR,1,0.3808867511240549
2025-11-16,2025-26,PHX,ATL,0,0.5329443986664613
2025-11-16,2025-26,UTA,CHI,1,0.33653546240459176
2025-11-17,2025-26,CLE,MIL,1,0.7043452089158508
2025-11-17,2025-26,DET,IND,1,0.729765840797032
2025-11-17,2025-26,PHI,LAC,1,0.4583317684255691
2025-11-17,2025-26,MIA,NYK,1,0.48664780330542257
2025-11-17,2025-26,TOR,CHA,1,0.7690935300004497
2025-11-17,2025-26,MIN,DAL,1,0.8144998855308594
2025-11-17,2025-26,NOP,OKC,0,0.11696236638886695
2025-11-17,2025-26,DEN,CHI,0,0.7611666578330305
2025-11-18,2025-26,ORL,GSW,1,0.4206744899407318
2025-11-18,2025-26,BKN,BOS,0,0.2625927319605312
2025-11-18,2025-26,ATL,DET,0,0.5893093504594665
2025-11-18,2025-26,SAS,MEM,1,0.6764400885745265
2025-11-18,2025-26,LAL,UTA,1,0.805115025999891
2025-11-18,2025-26,POR,PHX,0,0.4979943019086418
2025-11-19,2025-26,CLE,HOU,0,0.5405938358258273
2025-11-19,2025-26,IND,CHA,1,0.6066611093225593
2025-11-19,2025-26,MIA,GSW,1,0.653462269218524
2025-11-19,2025-26,PHI,TOR,0,0.3954612226405256
2025-11-19,2025-26,MIN,WAS,1,0.898861310983524
2025-11-19,2025-26,NOP,DEN,0,0.16836399507383343
2025-11-19,2025-26,OKC,SAC,1,0.9010345849215086
2025-11-19,2025-26,DAL,NYK,0,0.3377440197895556
2025-11-19,2025-26,POR,CHI,0,0.45030651186531534
2025-11-20,2025-26,ORL,LAC,1,0.5863970547257111
2025-11-20,2025-26,MEM,SAC,1,0.5710367148491142
2025-11-20,2025-26,MIL,PHI,0,0.6174066487950951
2025-11-20,2025-26,SAS,ATL,1,0.5238844279835552
2025-11-21,2025-26,CLE,IND,1,0.7680363945235903
2025-11-21,2025-26,BOS,BKN,0,0.814122270559724
2025-11-21,2025-26,TOR,WAS,1,0.8629791603899726
2025-11-21,2025-26,CHI,MIA,0,0.5650256509389157
2025-11-21,2025-26,DAL,NOP,1,0.5895668045166247
2025-11-21,2025-26,PHX,MIN,1,0.4395975860330727
2025-11-21,2025-26,HOU,DEN,0,0.5322104260424738
2025-11-21,2025-26,UTA,OKC,0,0.14591153370011015
2025-11-21,2025-26,GSW,POR,0,0.7196804451354163
2025-11-22,2025-26,CHA,LAC,0,0.38974989282129185
2025-11-22,2025-26,ORL,NYK,1,0.5509712116774168
2025-11-22,2025-26,NOP,ATL,0,0.26604710531776804
2025-11-22,2025-26,CHI,WAS,1,0.8544684020294521
2025-11-22,2025-26,MIL,DET,0,0.41027296106188627
2025-11-22,2025-26,DAL,MEM,0,0.4730383368587325
2025-11-22,2025-26,DEN,SAC,0,0.8925461839795285
2025-11-23,2025-26,PHI,MIA,0,0.42427831809334193
2025-11-23,2025-26,ATL,CHA,1,0.7924696504606417
2025-11-23,2025-26,BOS,ORL,1,0.5676113064522456
2025-11-23,2025-26,CLE,LAC,1,0.6397279463258793
2025-11-23,2025-26,TOR,BKN,1,0.7919112818880487
2025-11-23,2025-26,OKC,POR,1,0.853896369297366
2025-11-23,2025-26,PHX,SAS,1,0.5916576828328076
2025-11-23,2025-26,UTA,LAL,0,0.19379492877233345
2025-11-24,2025-26,IND,DET,0,0.3001763247232309
2025-11-24,2025-26,TOR,CLE,1,0.5370132607530534
2025-11-24,2025-26,BKN,NYK,0,0.32536954100640564
2025-11-24,2025-26,MIA,DAL,1,0.8020564530910125
2025-11-24,2025-26,MEM,DEN,0,0.27497567919918237
2025-11-24,2025-26,MIL,POR,0,0.5402256042242003
2025-11-24,2025-26,NOP,CHI,1,0.3223995811898919
2025-11-24,2025-26,PHX,HOU,0,0.47894976087720353
2025-11-24,2025-26,GSW,UTA,1,0.7213863327943298
2025-11-24,2025-26,SAC,MIN,1,0.2623682320608656
2025-11-25,2025-26,WAS,ATL,1,0.21790284963943987
2025-11-25,2025-26,PHI,ORL,0,0.45469671377827964
2025-11-25,2025-26,LAL,LAC,1,0.7191951333012004
2025-11-26,2025-26,BOS,DET,1,0.5004193933675595
2025-11-26,2025-26,CHA,NYK,0,0.26933470807761434
2025-11-26,2025-26,MIA,MIL,1,0.7442042233233636
2025-11-26,2025-26,TOR,IND,1,0.7612251626267403
2025-11-26,2025-26,OKC,MIN,1,0.7747035042802609
2025-11-26,2025-26,NOP,MEM,0,0.40540080887810265
2025-11-26,2025-26,GSW,HOU,0,0.4543899911399185
2025-11-26,2025-26,POR,SAS,0,0.5073646835206884
2025-11-26,2025-26,SAC,PHX,0,0.3633010802566073
2025-11-28,2025-26,ATL,CLE,1,0.4171029263515744
2025-11-28,2025-26,BKN,PHI,0,0.3867323491351439
2025-11-28,2025-26,CHA,CHI,1,0.3395997224405028
2025-11-28,2025-26,DET,ORL,0,0.5558786312785308
2025-11-28,2025-26,IND,WAS,1,0.6474252261681201
2025-11-28,2025-26,NYK,MIL,1,0.7168621029939035
2025-11-28,2025-26,OKC,PHX,1,0.7920160912790256
2025-11-28,2025-26,DEN,SAS,0,0.7296447456438981
2025-11-28,2025-26,UTA,SAC,1,0.537148477332976
2025-11-28,2025-26,LAL,DAL,1,0.8843042146557424
2025-11-28,2025-26,LAC,MEM,0,0.6366478359221861
2025-11-29,2025-26,MIN,BOS,1,0.586875786861626
2025-11-29,2025-26,CHA,TOR,1,0.26959741389804487
2025-11-29,2025-26,IND,CHI,1,0.48796100807931597
2025-11-29,2025-26,MIA,DET,0,0.5764827399365445
2025-11-29,2025-26,MIL,BKN,1,0.7576201530536032
2025-11-29,2025-26,GSW,NOP,1,0.78585183621182
2025-11-29,2025-26,PHX,DEN,0,0.46723969329261017
2025-11-29,2025-26,LAC,DAL,0,0.7672310085183895
2025-11-30,2025-26,UTA,HOU,0,0.2220174785159094
2025-11-30,2025-26,CLE,BOS,0,0.6259077857329397
2025-11-30,2025-26,NYK,TOR,1,0.6431217074464911
2025-11-30,2025-26,PHI,ATL,0,0.4796472398242558
2025-11-30,2025-26,POR,OKC,0,0.18654253650780225
2025-11-30,2025-26,MIN,SAS,1,0.6124995911527709
2025-11-30,2025-26,SAC,MEM,0,0.45205289523552855
2025-11-30,2025-26,LAL,NOP,1,0.9072156541167772
2025-12-01,2025-26,DET,ATL,1,0.6242421672532118
2025-12-01,2025-26,IND,CLE,0,0.3928916738289945
2025-12-01,2025-26,WAS,MIL,1,0.3231507671644556
2025-12-01,2025-26,BKN,CHA,1,0.5417904636638722
2025-12-01,2025-26,MIA,LAC,1,0.7072450201604853
2025-12-01,2025-26,ORL,CHI,1,0.7212545504053048
2025-12-01,2025-26,DEN,DAL,0,0.8542003082785057
2025-12-01,2025-26,UTA,HOU,1,0.18964299602501367
2025-12-01,2025-26,LAL,PHX,0,0.6845864024263447
2025-12-02,2025-26,PHI,WAS,1,0.7307013255104352
2025-12-02,2025-26,TOR,POR,1,0.6415139235714077
2025-12-02,2025-26,BOS,NYK,1,0.4887255159102212
2025-12-02,2025-26,NOP,MIN,0,0.20709402946594088
2025-12-02,2025-26,SAS,MEM,1,0.6613692752731093
2025-12-02,2025-26,GSW,OKC,0,0.27080155473358136
2025-12-03,2025-26,CLE,POR,0,0.710984126082706
2025-12-03,2025-26,IND,DEN,0,0.27633543875154015
2025-12-03,2025-26,ORL,SAS,0,0.622975791749087
2025-12-03,2025-26,ATL,LAC,0,0.6784700903718672
2025-12-03,2025-26,NYK,CHA,1,0.8583243397077275
2025-12-03,2025-26,CHI,BKN,0,0.6656306050966883
2025-12-03,2025-26,HOU,SAC,1,0.8600095169490783
2025-12-03,2025-26,MIL,DET,1,0.38295403635696196
2025-12-03,2025-26,DAL,MIA,1,0.36130435679291284
2025-12-04,2025-26,PHI,GSW,1,0.4652763555007678
2025-12-04,2025-26,WAS,BOS,0,0.2545224747996364
2025-12-04,2025-26,BKN,UTA,0,0.47630876999891636
2025-12-04,2025-26,TOR,LAL,0,0.4465650028698909
2025-12-04,2025-26,NOP,MIN,0,0.18452209066852754
2025-12-05,2025-26,BOS,LAL,1,0.5771517148340223
2025-12-05,2025-26,ORL,MIA,1,0.5579155703767751
2025-12-05,2025-26,ATL,DEN,0,0.38321397479879316
2025-12-05,2025-26,CLE,SAS,1,0.5624926515101824
2025-12-05,2025-26,DET,POR,1,0.701804537840171
2025-12-05,2025-26,NYK,UTA,1,0.7702154699691082
2025-12-05,2025-26,TOR,CHA,0,0.8119326551384602
2025-12-05,2025-26,CHI,IND,0,0.5756347753224554
2025-12-05,2025-26,HOU,PHX,1,0.6997906955239044
2025-12-05,2025-26,MEM,LAC,1,0.5343934945636131
2025-12-05,2025-26,MIL,PHI,0,0.5772902795499554
2025-12-05,2025-26,OKC,DAL,1,0.8664494637194892
2025-12-06,2025-26,BKN,NOP,1,0.6454263148248193
2025-12-06,2025-26,WAS,ATL,0,0.27692831080931174
2025-12-06,2025-26,CLE,GSW,0,0.7053554256400314
2025-12-06,2025-26,DET,MIL,1,0.7113186041894873
2025-12-06,2025-26,MIA,SAC,0,0.792063494980517
2025-12-06,2025-26,MIN,LAC,1,0.7105816801443804
2025-12-06,2025-26,DAL,HOU,1,0.28278375585339727
2025-12-07,2025-26,NYK,ORL,1,0.5752793960249556
2025-12-07,2025-26,TOR,BOS,0,0.37758931431539433
2025-12-07,2025-26,CHA,DEN,0,0.18792164380676882
2025-12-07,2025-26,MEM,POR,1,0.5636598690861362
2025-12-07,2025-26,CHI,GSW,0,0.4124229871877001
2025-12-07,2025-26,PHI,LAL,0,0.3513131841139499
2025-12-07,2025-26,UTA,OKC,0,0.1910773129136671
2025-12-08,2025-26,IND,SAC,1,0.6254229259552804
2025-12-08,2025-26,MIN,PHX,0,0.6713941732456558
2025-12-08,2025-26,NOP,SAS,0,0.2476439104824612
2025-12-09,2025-26,ORL,MIA,1,0.5722494607313268
2025-12-09,2025-26,TOR,NYK,0,0.37307704878129444
2025-12-10,2025-26,OKC,PHX,1,0.8125290882694944
2025-12-10,2025-26,LAL,SAS,0,0.6805401465023839
2025-12-11,2025-26,HOU,LAC,1,0.7555943171818369
2025-12-11,2025-26,MIL,BOS,1,0.31371651806187506
2025-12-11,2025-26,NOP,POR,1,0.34759791153177566
2025-12-11,2025-26,SAC,DEN,0,0.2557323549934508
2025-12-12,2025-26,CHA,CHI,0,0.44215298650937584
2025-12-12,2025-26,DET,ATL,1,0.6766138228465934
2025-12-12,2025-26,PHI,IND,1,0.5735945636151446
2025-12-12,2025-26,WAS,CLE,0,0.2051705522114027
2025-12-12,2025-26,MEM,UTA,0,0.6875288341937115
2025-12-12,2025-26,DAL,BKN,1,0.6764994993956032
2025-12-12,2025-26,GSW,MIN,0,0.5265865939804957
2025-12-14,2025-26,IND,WAS,0,0.7841064876978319
2025-12-14,2025-26,ATL,PHI,1,0.5711728698189046
2025-12-14,2025-26,CLE,CHA,0,0.8145643907234219
2025-12-14,2025-26,BKN,MIL,1,0.4110179137268266
2025-12-14,2025-26,MIN,SAC,1,0.8241488768361639
2025-12-14,2025-26,POR,GSW,1,0.360909490481176
2025-12-14,2025-26,CHI,NOP,0,0.7171460934567948
2025-12-14,2025-26,PHX,LAL,0,0.42815032225844957
2025-12-15,2025-26,BOS,DET,0,0.5009319445271083
2025-12-15,2025-26,UTA,DAL,1,0.4906080346075541
2025-12-15,2025-26,DEN,HOU,1,0.5562415386060218
2025-12-15,2025-26,LAC,MEM,0,0.5427447366954826
2025-12-15,2025-26,MIA,TOR,0,0.6657447716478134
2025-12-17,2025-26,CHI,CLE,1,0.43253858012144186
2025-12-17,2025-26,MIN,MEM,0,0.6955052096370202
2025-12-18,2025-26,OKC,LAC,1,0.8971546480421421
2025-12-18,2025-26,SAS,WAS,1,0.8665786595189253
2025-12-18,2025-26,CHA,ATL,1,0.40105716373785333
2025-12-18,2025-26,IND,NYK,0,0.31650139441890646
2025-12-18,2025-26,BKN,MIA,0,0.37537246162250354
2025-12-18,2025-26,MIL,TOR,0,0.5280335620247371
2025-12-18,2025-26,NOP,HOU,1,0.20064468939795635
2025-12-18,2025-26,DAL,DET,1,0.33976569896506764
2025-12-18,2025-26,DEN,ORL,1,0.7016126505467737
2025-12-18,2025-26,PHX,GSW,1,0.5471221651496032
2025-12-18,2025-26,UTA,LAL,0,0.27805772013958274
2025-12-18,2025-26,POR,SAC,1,0.6469642837687399
2025-12-19,2025-26,BOS,MIA,1,0.6433775093932281
2025-12-19,2025-26,NYK,PHI,0,0.7778896965558056
2025-12-19,2025-26,ATL,SAS,0,0.44406762703975383
2025-12-19,2025-26,CLE,CHI,0,0.6201763157788879
2025-12-19,2025-26,MIN,OKC,1,0.28063438709786376
2025-12-20,2025-26,DEN,HOU,0,0.6135940781588962
2025-12-20,2025-26,PHI,DAL,1,0.5689990899597881
2025-12-20,2025-26,TOR,BOS,0,0.42949342750235264
2025-12-20,2025-26,NOP,IND,1,0.5082371257968721
2025-12-20,2025-26,DET,CHA,1,0.8004927698097347
2025-12-20,2025-26,MEM,WAS,0,0.8275868662165327
2025-12-20,2025-26,GSW,PHX,1,0.5314498330366131
2025-12-20,2025-26,UTA,ORL,0,0.3333112973727461
2025-12-20,2025-26,SAC,POR,0,0.4730534728276426
2025-12-20,2025-26,LAC,LAL,1,0.37907957636691747
2025-12-21,2025-26,ATL,CHI,0,0.5462134380201654
2025-12-21,2025-26,BKN,TOR,1,0.450033817221022
2025-12-21,2025-26,NYK,MIA,1,0.6964458263579704
2025-12-21,2025-26,WAS,SAS,0,0.2034082176850719
2025-12-21,2025-26,MIN,MIL,1,0.809876955688567
2025-12-21,2025-26,SAC,HOU,1,0.20878932071060147
2025-12-22,2025-26,CLE,CHA,1,0.7105134070421346
2025-12-22,2025-26,BOS,IND,1,0.8237235717939737
2025-12-22,2025-26,NOP,DAL,1,0.5014937940259694
2025-12-22,2025-26,DEN,UTA,1,0.8367749720672141
2025-12-22,2025-26,OKC,MEM,1,0.865197077182476
2025-12-22,2025-26,GSW,ORL,1,0.584361099968468
2025-12-22,2025-26,POR,DET,0,0.3032705523243117
2025-12-23,2025-26,CHA,WAS,1,0.6769784694540774
2025-12-23,2025-26,PHI,BKN,0,0.6828291135340946
2025-12-23,2025-26,ATL,CHI,0,0.517294499795739
2025-12-23,2025-26,CLE,NOP,1,0.7383711739101367
2025-12-23,2025-26,IND,MIL,0,0.528836822572389
2025-12-23,2025-26,MIA,TOR,0,0.6446833078076212
2025-12-23,2025-26,DAL,DEN,1,0.3044853088884004
2025-12-23,2025-26,MIN,NYK,1,0.6404065904731395
2025-12-23,2025-26,SAS,OKC,1,0.30675713450355635
2025-12-23,2025-26,PHX,LAL,1,0.5648496803571341
2025-12-23,2025-26,UTA,MEM,0,0.3817723237346153
2025-12-23,2025-26,POR,ORL,0,0.44159650061470934
2025-12-23,2025-26,SAC,DET,0,0.20547210570690128
2025-12-23,2025-26,LAC,HOU,1,0.3530417941696351
2025-12-25,2025-26,NYK,CLE,1,0.6224298876762575
2025-12-25,2025-26,OKC,SAS,0,0.7345975477093167
2025-12-25,2025-26,GSW,DAL,1,0.7472925332878897
2025-12-25,2025-26,LAL,HOU,0,0.5597620234072912
2025-12-25,2025-26,DEN,MIN,1,0.5992404852629398
2025-12-26,2025-26,ATL,MIA,0,0.5261452333614947
2025-12-26,2025-26,ORL,CHA,0,0.6924108264760056
2025-12-26,2025-26,WAS,TOR,1,0.32007712154168777
2025-12-26,2025-26,IND,BOS,0,0.27639694848962226
2025-12-26,2025-26,CHI,PHI,1,0.5318592193530111
2025-12-26,2025-26,MEM,MIL,1,0.6243499988602713
2025-12-26,2025-26,NOP,PHX,0,0.3077488679144935
2025-12-26,2025-26,UTA,DET,1,0.23934281840926735
2025-12-26,2025-26,POR,LAC,0,0.4407571694300227
2025-12-27,2025-26,SAC,DAL,1,0.48828693859379907
2025-12-27,2025-26,ORL,DEN,1,0.30330145100305317
2025-12-27,2025-26,NOP,PHX,0,0.31433727305655795
2025-12-27,2025-26,ATL,NYK,0,0.29743251637416057
2025-12-27,2025-26,MIA,IND,1,0.6951023718888673
2025-12-27,2025-26,CHI,MIL,0,0.609093314975673
2025-12-27,2025-26,HOU,CLE,1,0.6537149860180039
2025-12-27,2025-26,MIN,BKN,0,0.8022633015687982
2025-12-27,2025-26,SAS,UTA,0,0.8427894782537472
2025-12-28,2025-26,TOR,GSW,1,0.39223068685747314
2025-12-28,2025-26,OKC,PHI,1,0.8414049958652324
2025-12-28,2025-26,WAS,MEM,1,0.3363669224115432
2025-12-28,2025-26,POR,BOS,1,0.28654604876704437
2025-12-28,2025-26,LAC,DET,1,0.4644405154535574
2025-12-28,2025-26,LAL,SAC,1,0.7499118163577401
2025-12-29,2025-26,CHA,MIL,0,0.5038034234627171
2025-12-29,2025-26,WAS,PHX,0,0.25514113088072965
2025-12-29,2025-26,BKN,GSW,0,0.42153900815526973
2025-12-29,2025-26,MIA,DEN,1,0.35233419521158477
2025-12-29,2025-26,TOR,ORL,1,0.5235714783765687
2025-12-29,2025-26,CHI,MIN,0,0.3820508925991995
2025-12-29,2025-26,HOU,IND,1,0.8444745487641362
2025-12-29,2025-26,NOP,NYK,0,0.27117105215668824
2025-12-29,2025-26,OKC,ATL,1,0.8863261076033119
2025-12-29,2025-26,SAS,CLE,0,0.6794511319069277
2025-12-29,2025-26,POR,DAL,1,0.6193806380882142
2025-12-30,2025-26,MEM,PHI,0,0.5441132771745605
2025-12-30,2025-26,UTA,BOS,0,0.33315914836625604
2025-12-30,2025-26,LAL,DET,0,0.4801720136839698
2025-12-30,2025-26,LAC,SAC,1,0.767238483057707
2025-12-31,2025-26,CHA,GSW,0,0.33107098646141325
2025-12-31,2025-26,ATL,MIN,1,0.32647659132668555
2025-12-31,2025-26,IND,ORL,0,0.3862208066067252
2025-12-31,2025-26,CLE,PHX,1,0.5522840971855257
2025-12-31,2025-26,CHI,NOP,1,0.6414604393668899
2025-12-31,2025-26,SAS,NYK,1,0.5646516834106534
2025-12-31,2025-26,TOR,DEN,0,0.460171432114762
2025-12-31,2025-26,MIL,WAS,0,0.7268122509929167
2025-12-31,2025-26,OKC,POR,1,0.8722658744681796
2026-01-01,2025-26,BKN,HOU,0,0.21515521513885422
2026-01-01,2025-26,DET,MIA,0,0.6500954417389632
2026-01-01,2025-26,DAL,PHI,0,0.4295439666090439
2026-01-01,2025-26,SAC,BOS,0,0.2465883870491075
2026-01-01,2025-26,LAC,UTA,1,0.7519157355689803
2026-01-02,2025-26,IND,SAS,0,0.2405442889598438
2026-01-02,2025-26,WAS,BKN,1,0.508222844010205
2026-01-02,2025-26,CLE,DEN,1,0.521263313786027
2026-01-02,2025-26,NYK,ATL,0,0.6960524820338521
2026-01-02,2025-26,CHI,ORL,1,0.46302106972737295
2026-01-02,2025-26,MIL,CHA,1,0.637722995805177
2026-01-02,2025-26,NOP,POR,0,0.477218689762786
2026-01-02,2025-26,PHX,SAC,1,0.8085906504113509
2026-01-02,2025-26,GSW,OKC,0,0.2503765174515955
2026-01-02,2025-26,LAL,MEM,1,0.5939881952161751
2026-01-03,2025-26,MIA,MIN,0,0.5009621725641532
2026-01-03,2025-26,NYK,PHI,0,0.6138183727301122
2026-01-03,2025-26,TOR,ATL,1,0.5982448124159183
2026-01-03,2025-26,CHI,CHA,0,0.6362511379600609
2026-01-03,2025-26,SAS,POR,0,0.7760744451989862
2026-01-03,2025-26,DAL,HOU,1,0.24804298929223936
2026-01-03,2025-26,GSW,UTA,1,0.7616828295701497
2026-01-03,2025-26,LAC,BOS,0,0.5048595302654002
2026-01-04,2025-26,CLE,DET,0,0.5236844842262444
2026-01-04,2025-26,ORL,IND,1,0.7336381022784392
2026-01-04,2025-26,BKN,DEN,1,0.3610164393834575
2026-01-04,2025-26,MIA,NOP,1,0.787328568633178
2026-01-04,2025-26,WAS,MIN,0,0.2632397165661404
2026-01-04,2025-26,PHX,OKC,1,0.31890144298499146
2026-01-04,2025-26,SAC,MIL,0,0.36466671544267104
2026-01-04,2025-26,LAL,MEM,1,0.644302806031564
2026-01-05,2025-26,DET,NYK,1,0.5607900487988436
2026-01-05,2025-26,BOS,CHI,1,0.7995017398147598
2026-01-05,2025-26,TOR,ATL,1,0.5945478803831179
2026-01-05,2025-26,HOU,PHX,1,0.614451919609861
2026-01-05,2025-26,OKC,CHA,0,0.889138878575318
2026-01-05,2025-26,PHI,DEN,0,0.7030524732880529
2026-01-05,2025-26,LAC,GSW,1,0.5060178978295219
2026-01-05,2025-26,POR,UTA,1,0.6291804267691449
2026-01-06,2025-26,IND,CLE,0,0.2766419436902828
2026-01-06,2025-26,WAS,ORL,1,0.38477758960887665
2026-01-06,2025-26,MEM,SAS,1,0.40778399167409707
2026-01-06,2025-26,MIN,MIA,1,0.641810977848811
2026-01-06,2025-26,NOP,LAL,0,0.31791956180335845
2026-01-06,2025-26,SAC,DAL,0,0.39375821551527324
2026-01-07,2025-26,CHA,TOR,0,0.4800696422283726
2026-01-07,2025-26,DET,CHI,1,0.750112980204474
2026-01-07,2025-26,PHI,WAS,1,0.7792691857417926
2026-01-07,2025-26,ATL,NOP,1,0.7393238237155658
2026-01-07,2025-26,BOS,DEN,0,0.6744067293841615
2026-01-07,2025-26,BKN,ORL,0,0.4668970072503842
2026-01-07,2025-26,NYK,LAC,1,0.5614484532487239
2026-01-07,2025-26,SAS,LAL,1,0.6343158771802309
2026-01-07,2025-26,MEM,PHX,0,0.4389827656327375
2026-01-07,2025-26,OKC,UTA,1,0.8792085282456906
2026-01-07,2025-26,GSW,MIL,1,0.7085294868611064
2026-01-07,2025-26,POR,HOU,1,0.35470786988621855
2026-01-08,2025-26,CHA,IND,0,0.7280252199442211
2026-01-08,2025-26,MIN,CLE,1,0.6381359589611217
2026-01-08,2025-26,UTA,DAL,1,0.5035899436948968
2026-01-09,2025-26,BOS,TOR,1,0.745532087128834
2026-01-09,2025-26,ORL,PHI,0,0.47437277055537863
2026-01-09,2025-26,WAS,NOP,0,0.5744336675013602
2026-01-09,2025-26,BKN,LAC,0,0.4169579353929741
2026-01-09,2025-26,MEM,OKC,0,0.30806870791690866
2026-01-09,2025-26,DEN,ATL,0,0.7098530440788016
2026-01-09,2025-26,PHX,NYK,1,0.6151040174707032
2026-01-09,2025-26,GSW,SAC,1,0.8481993218778847
2026-01-09,2025-26,POR,HOU,1,0.36203729179652394
2026-01-09,2025-26,LAL,MIL,0,0.671469453520297
2026-01-10,2025-26,CLE,MIN,1,0.47719130022498607
2026-01-10,2025-26,IND,MIA,1,0.3403857078392001
2026-01-10,2025-26,DET,LAC,0,0.5944993258039518
2026-01-10,2025-26,BOS,SAS,0,0.6002725852300415
2026-01-10,2025-26,CHI,DAL,1,0.5840995176586236
2026-01-10,2025-26,UTA,CHA,0,0.4273240032776992
2026-01-11,2025-26,ORL,NOP,1,0.7254192485380208
2026-01-11,2025-26,MEM,BKN,1,0.6963497645130015
2026-01-11,2025-26,TOR,PHI,1,0.4856697140205951
2026-01-11,2025-26,POR,NYK,0,0.5144813200109007
2026-01-11,2025-26,MIN,SAS,1,0.5704738049264265
2026-01-11,2025-26,OKC,MIA,1,0.8127546172574038
2026-01-11,2025-26,DEN,MIL,1,0.6004601527196866
2026-01-11,2025-26,PHX,WAS,1,0.863202579771183
2026-01-11,2025-26,GSW,ATL,0,0.6916934433250784
2026-01-11,2025-26,SAC,HOU,1,0.15989478085974765
2026-01-12,2025-26,CLE,UTA,0,0.7877648832482117
2026-01-12,2025-26,IND,BOS,1,0.2611528878814279
2026-01-12,2025-26,TOR,PHI,0,0.48855174870520424
2026-01-12,2025-26,DAL,BKN,1,0.4969388388783564
2026-01-12,2025-26,SAC,LAL,1,0.3203194312950753
2026-01-12,2025-26,LAC,CHA,1,0.6419115389978507
2026-01-13,2025-26,MIA,PHX,1,0.3894376719519722
2026-01-13,2025-26,HOU,CHI,1,0.7507913721245918
2026-01-13,2025-26,MIL,MIN,0,0.3946087268271639
2026-01-13,2025-26,NOP,DEN,0,0.2709355809031099
2026-01-13,2025-26,OKC,SAS,1,0.6886031761196882
2026-01-13,2025-26,LAL,ATL,1,0.5593952493554932
2026-01-13,2025-26,GSW,POR,1,0.6350062074290498
2026-01-14,2025-26,IND,TOR,0,0.4681810858221903
2026-01-14,2025-26,PHI,CLE,0,0.5815590296341515
2026-01-14,2025-26,CHI,UTA,1,0.7075369572518719
2026-01-14,2025-26,NOP,BKN,1,0.4569718729044393
2026-01-14,2025-26,DAL,DEN,0,0.35230219950702574
2026-01-14,2025-26,SAC,NYK,1,0.2858857135611487
2026-01-14,2025-26,LAC,WAS,1,0.86403914489883
2026-01-15,2025-26,DET,PHX,1,0.6541550821305165
2026-01-15,2025-26,MIA,BOS,0,0.39083964504075386
2026-01-15,2025-26,HOU,OKC,0,0.40868834682659017
2026-01-15,2025-26,SAS,MIL,1,0.7232044639462312
2026-01-15,2025-26,DAL,UTA,1,0.6219803749601529
2026-01-15,2025-26,GSW,NYK,1,0.6511860692344468
2026-01-15,2025-26,POR,ATL,1,0.5687983086133689
2026-01-15,2025-26,LAL,CHA,0,0.6108368261332511
2026-01-16,2025-26,BKN,CHI,1,0.48905483512150494
2026-01-16,2025-26,IND,NOP,1,0.619402282364021
2026-01-16,2025-26,PHI,CLE,0,0.5392668398285994
2026-01-16,2025-26,TOR,LAC,0,0.5093022952964534
2026-01-16,2025-26,HOU,MIN,1,0.47762253897780793
2026-01-16,2025-26,SAC,WAS,1,0.7017664929669977
2026-01-17,2025-26,DAL,UTA,1,0.6590083048783041
2026-01-17,2025-26,ATL,BOS,0,0.3808158744403837
2026-01-17,2025-26,DET,IND,1,0.8640716887414063
2026-01-17,2025-26,NYK,PHX,0,0.4524972468911898
2026-01-17,2025-26,MIA,OKC,1,0.23240593031563914
2026-01-17,2025-26,SAS,MIN,1,0.558183497561164
2026-01-17,2025-26,GSW,CHA,1,0.6382014440283844
2026-01-17,2025-26,DEN,WAS,1,0.8500600367935196
2026-01-17,2025-26,POR,LAL,1,0.5944192626577235
2026-01-18,2025-26,CHI,BKN,1,0.6780196616021594
2026-01-18,2025-26,HOU,NOP,1,0.8573984943218234
2026-01-18,2025-26,DEN,CHA,0,0.616540773310881
2026-01-18,2025-26,SAC,POR,0,0.4532221392780674
2026-01-18,2025-26,LAL,TOR,1,0.5997686138557954
2026-01-19,2025-26,ATL,MIL,0,0.556415367487296
2026-01-19,2025-26,CLE,OKC,0,0.37179971345884844
2026-01-19,2025-26,NYK,DAL,0,0.7449386439973628
2026-01-19,2025-26,DET,BOS,1,0.5916510212302044
2026-01-19,2025-26,WAS,LAC,0,0.2612948757184531
2026-01-19,2025-26,PHI,IND,1,0.7199057467624005
2026-01-19,2025-26,BKN,PHX,0,0.2831956625457813
2026-01-19,2025-26,SAS,UTA,1,0.8410545164227002
2026-01-19,2025-26,GSW,MIA,1,0.6527941319621691
2026-01-20,2025-26,PHI,PHX,0,0.3836422279354055
2026-01-20,2025-26,CHI,LAC,1,0.4702413695269088
2026-01-20,2025-26,HOU,SAS,1,0.5268628436099163
2026-01-20,2025-26,UTA,MIN,1,0.21828662560014897
2026-01-20,2025-26,DEN,LAL,0,0.55709914501882
2026-01-20,2025-26,GSW,TOR,0,0.6831141398311229
2026-01-20,2025-26,SAC,MIA,0,0.4222857680836616
2026-01-21,2025-26,CHA,CLE,0,0.5258955006943148
2026-01-21,2025-26,BOS,IND,1,0.8330585744501898
2026-01-21,2025-26,NYK,BKN,1,0.7191018887465346
2026-01-21,2025-26,MEM,ATL,0,0.5717269912302844
2026-01-21,2025-26,NOP,DET,0,0.19885621115684626
2026-01-21,2025-26,MIL,OKC,0,0.20332219868683526
2026-01-21,2025-26,SAC,TOR,0,0.37597474966359296
2026-01-22,2025-26,ORL,CHA,0,0.5387726192125535
2026-01-22,2025-26,PHI,HOU,1,0.47965654090191534
2026-01-22,2025-26,WAS,DEN,0,0.23714616576315303
2026-01-22,2025-26,DAL,GSW,1,0.3384793445729873
2026-01-22,2025-26,MIN,CHI,0,0.7145818105538817
2026-01-22,2025-26,UTA,SAS,0,0.2725742251490927
2026-01-22,2025-26,LAC,LAL,1,0.5485078675204158
2026-01-22,2025-26,POR,MIA,1,0.6395428415779075
2026-01-23,2025-26,DET,HOU,0,0.647709119503699
2026-01-23,2025-26,ATL,PHX,1,0.3407822387908086
2026-01-23,2025-26,BKN,BOS,0,0.2651215768449346
2026-01-23,2025-26,CLE,SAC,1,0.7971979484968218
2026-01-23,2025-26,MEM,NOP,0,0.6983043063545629
2026-01-23,2025-26,MIL,DEN,0,0.5083603782619114
2026-01-23,2025-26,OKC,IND,0,0.9084303827146151
2026-01-23,2025-26,POR,TOR,0,0.5358377524369246
2026-01-24,2025-26,PHI,NYK,0,0.5960449910781264
2026-01-24,2025-26,CHA,WAS,1,0.8709059379110532
2026-01-24,2025-26,ORL,CLE,0,0.3998744815204999
2026-01-24,2025-26,CHI,BOS,1,0.36585132042034474
2026-01-24,2025-26,DAL,LAL,0,0.4049535919485042
2026-01-24,2025-26,UTA,MIA,0,0.38576951977287643
2026-01-25,2025-26,MIN,GSW,0,0.5885498955574178
2026-01-25,2025-26,DET,SAC,1,0.8178347612065819
2026-01-25,2025-26,OKC,TOR,0,0.7608230149721951
2026-01-25,2025-26,SAS,NOP,0,0.8436387347378967
2026-01-25,2025-26,PHX,MIA,0,0.6373982989347585
2026-01-25,2025-26,LAC,BKN,1,0.7528427627218308
2026-01-26,2025-26,CHA,PHI,1,0.64091216989788
2026-01-26,2025-26,CLE,ORL,1,0.7393927643127532
2026-01-26,2025-26,ATL,IND,1,0.698044959080322
2026-01-26,2025-26,BOS,POR,1,0.6805210084516439
2026-01-26,2025-26,CHI,LAL,0,0.4437940198637023
2026-01-26,2025-26,HOU,MEM,1,0.7635022345555608
2026-01-26,2025-26,MIN,GSW,1,0.6408247554001
2026-01-27,2025-26,WAS,POR,1,0.2434378348525182
2026-01-27,2025-26,NYK,SAC,1,0.7891743805427621
2026-01-27,2025-26,PHI,MIL,1,0.6937095272563301
2026-01-27,2025-26,OKC,NOP,1,0.8895372890872828
2026-01-27,2025-26,DEN,DET,0,0.4035414981147479
2026-01-27,2025-26,PHX,BKN,1,0.7831903623205073
2026-01-27,2025-26,UTA,LAC,0,0.3090389565524471
2026-01-28,2025-26,CLE,LAL,1,0.5950150145432854
2026-01-28,2025-26,IND,CHI,1,0.4130660663225121
2026-01-28,2025-26,BOS,ATL,0,0.7318426280947359
2026-01-28,2025-26,MIA,ORL,0,0.6565160143025522
2026-01-28,2025-26,TOR,NYK,0,0.5710544147676665
2026-01-28,2025-26,MEM,CHA,0,0.3672120493935542
2026-01-28,2025-26,DAL,MIN,0,0.39200996707731445
2026-01-28,2025-26,UTA,GSW,0,0.3040273642285878
2026-01-28,2025-26,HOU,SAS,0,0.5907563979341107
2026-01-29,2025-26,CHI,MIA,0,0.5226894029310489
2026-01-29,2025-26,PHI,SAC,1,0.7781006197565101
2026-01-29,2025-26,WAS,MIL,1,0.4287931156631369
2026-01-29,2025-26,ATL,HOU,0,0.4581887951543382
2026-01-29,2025-26,DAL,CHA,0,0.3459393093301798
2026-01-29,2025-26,DEN,BKN,1,0.7632863152531605
2026-01-29,2025-26,PHX,DET,1,0.45646912093721603
2026-01-29,2025-26,MIN,OKC,1,0.32824606737364315
2026-01-30,2025-26,ORL,TOR,1,0.4909468739439409
2026-01-30,2025-26,WAS,LAL,0,0.2326841689990602
2026-01-30,2025-26,BOS,SAC,1,0.8356991661092518
2026-01-30,2025-26,NYK,POR,1,0.6305099387733324
2026-01-30,2025-26,NOP,MEM,1,0.5248770043291676
2026-01-30,2025-26,PHX,CLE,1,0.5177294705799614
2026-01-30,2025-26,UTA,BKN,0,0.5497747418997622
2026-01-30,2025-26,DEN,LAC,1,0.5498682534837649
2026-01-30,2025-26,GSW,DET,0,0.5025845122622974
2026-01-31,2025-26,MIA,CHI,0,0.6144179161671254
2026-01-31,2025-26,CHA,SAS,1,0.5192412991991779
2026-01-31,2025-26,IND,ATL,1,0.3929454366279394
2026-01-31,2025-26,PHI,NOP,1,0.7131018109718695
2026-01-31,2025-26,MEM,MIN,0,0.28101028514224613
2026-01-31,2025-26,HOU,DAL,1,0.7761089474689715
2026-02-01,2025-26,BOS,MIL,1,0.829883515820152
2026-02-01,2025-26,SAS,ORL,1,0.7080349555957147
2026-02-01,2025-26,DET,BKN,1,0.8857809189792939
2026-02-01,2025-26,MIA,CHI,1,0.6303962252479122
2026-02-01,2025-26,TOR,UTA,1,0.7503860391591413
2026-02-01,2025-26,WAS,SAC,1,0.5029163754837045
2026-02-01,2025-26,NYK,LAL,1,0.6257608734132282
2026-02-01,2025-26,PHX,LAC,0,0.6470320847165938
2026-02-01,2025-26,POR,CLE,0,0.4011095279776374
2026-02-01,2025-26,DEN,OKC,0,0.34278375971368585
2026-02-02,2025-26,CHA,NOP,1,0.7946128169878415
2026-02-02,2025-26,IND,HOU,0,0.2986302408243612
2026-02-02,2025-26,MEM,MIN,1,0.2623916832620469
2026-02-02,2025-26,LAC,PHI,0,0.6014240166468318
2026-02-03,2025-26,DET,DEN,1,0.6390843084596185
2026-02-03,2025-26,IND,UTA,0,0.5629760426816709
2026-02-03,2025-26,WAS,NYK,0,0.22106946130745173
2026-02-03,2025-26,BKN,LAL,0,0.2880496658531788
2026-02-03,2025-26,MIA,ATL,0,0.5870255494678083
2026-02-03,2025-26,DAL,BOS,0,0.2898526361615608
2026-02-03,2025-26,MIL,CHI,1,0.46731791433414577
2026-02-03,2025-26,OKC,ORL,1,0.8421260781241774
2026-02-03,2025-26,GSW,PHI,0,0.6298995071559065
2026-02-03,2025-26,POR,PHX,0,0.4603528523406736
2026-02-04,2025-26,NYK,DEN,1,0.5613467129276645
2026-02-04,2025-26,TOR,MIN,0,0.47862263228527896
2026-02-04,2025-26,HOU,BOS,0,0.5859311463353395
2026-02-04,2025-26,MIL,NOP,1,0.57587509867964
2026-02-04,2025-26,SAS,OKC,1,0.512389814760939
2026-02-04,2025-26,SAC,MEM,0,0.4926094773211837
2026-02-04,2025-26,LAC,CLE,0,0.5160320258450769
2026-02-05,2025-26,DET,WAS,0,0.9082445127259523
2026-02-05,2025-26,ORL,BKN,1,0.7165006300831402
2026-02-05,2025-26,ATL,UTA,1,0.7423979739967579
2026-02-05,2025-26,TOR,CHI,1,0.603604011566566
2026-02-05,2025-26,HOU,CHA,0,0.5395912311584263
2026-02-05,2025-26,DAL,SAS,0,0.3228717783182587
2026-02-05,2025-26,PHX,GSW,0,0.6141906665569761
2026-02-05,2025-26,LAL,PHI,1,0.5493274165334483
2026-02-06,2025-26,BOS,MIA,1,0.7081746931092913
2026-02-06,2025-26,DET,NYK,1,0.6185169868086872
2026-02-06,2025-26,MIL,IND,1,0.6301476741137284
2026-02-06,2025-26,MIN,NOP,0,0.7994140543861992
2026-02-06,2025-26,POR,MEM,1,0.7326897545281246
2026-02-06,2025-26,SAC,LAC,0,0.3450591344266052
2026-02-07,2025-26,BKN,WAS,1,0.5477798711711318
2026-02-07,2025-26,OKC,HOU,0,0.6943640571254655
2026-02-07,2025-26,SAS,DAL,1,0.8014236505740354
2026-02-07,2025-26,ORL,UTA,1,0.7042372331320986
2026-02-07,2025-26,ATL,CHA,0,0.3793620436969744
2026-02-07,2025-26,CHI,DEN,0,0.3684716436614196
2026-02-07,2025-26,LAL,GSW,1,0.6270242603342205
2026-02-07,2025-26,PHX,PHI,0,0.6092418322583287
2026-02-07,2025-26,POR,MEM,1,0.6733015724448591
2026-02-07,2025-26,SAC,CLE,0,0.21345553358511007
2026-02-08,2025-26,BOS,NYK,0,0.6291116005126579
2026-02-08,2025-26,WAS,MIA,0,0.29053809648857254
2026-02-08,2025-26,TOR,IND,1,0.7357104591940851
2026-02-08,2025-26,MIN,LAC,0,0.5795771286358852
2026-02-09,2025-26,CHA,DET,0,0.4970444450260106
2026-02-09,2025-26,BKN,CHI,1,0.382246436485252
2026-02-09,2025-26,MIA,UTA,0,0.7173071152435093
2026-02-09,2025-26,ORL,MIL,1,0.6878080760468973
2026-02-09,2025-26,MIN,ATL,1,0.650851475805417
2026-02-09,2025-26,NOP,SAC,1,0.6525698949483054
2026-02-09,2025-26,DEN,CLE,0,0.5682277249217511
2026-02-09,2025-26,GSW,MEM,1,0.715365407041351
2026-02-09,2025-26,LAL,OKC,0,0.444494427753271
2026-02-09,2025-26,POR,PHI,1,0.554594669638851
2026-02-10,2025-26,NYK,IND,0,0.8014979859695309
2026-02-10,2025-26,HOU,LAC,1,0.6850451234477688
2026-02-10,2025-26,PHX,DAL,1,0.7735810857766074
2026-02-10,2025-26,LAL,SAS,0,0.41756357502525293
2026-02-11,2025-26,CHA,ATL,1,0.7165665122224872
2026-02-11,2025-26,CLE,WAS,1,0.8710239810073527
2026-02-11,2025-26,ORL,MIL,0,0.6954953853591763
2026-02-11,2025-26,BOS,CHI,1,0.7966424207532474
2026-02-11,2025-26,BKN,IND,0,0.583625869391562
2026-02-11,2025-26,PHI,NYK,0,0.45916151225579577
2026-02-11,2025-26,TOR,DET,0,0.4491089614899892
2026-02-11,2025-26,HOU,LAC,0,0.6462943571520491
2026-02-11,2025-26,MIN,POR,1,0.5216276463020104
2026-02-11,2025-26,NOP,MIA,0,0.5257295043385259
2026-02-11,2025-26,PHX,OKC,0,0.3877759275273361
2026-02-11,2025-26,UTA,SAC,1,0.6899185210280744
2026-02-11,2025-26,DEN,MEM,1,0.7809270991193267
2026-02-11,2025-26,GSW,SAS,0,0.4407143424862378
2026-02-12,2025-26,OKC,MIL,0,0.8287078243375944
2026-02-12,2025-26,UTA,POR,0,0.3500646151030551
2026-02-12,2025-26,LAL,DAL,1,0.7021249179271537
2026-02-19,2025-26,CHA,HOU,0,0.5544134365739657
2026-02-19,2025-26,CLE,BKN,1,0.8505332243951605
2026-02-19,2025-26,PHI,ATL,0,0.6173445949557881
2026-02-19,2025-26,WAS,IND,1,0.42616732865214824
2026-02-19,2025-26,NYK,DET,0,0.5383006468360397
2026-02-19,2025-26,CHI,TOR,0,0.42319383592692883
2026-02-19,2025-26,SAS,PHX,1,0.706414589086859
2026-02-19,2025-26,GSW,BOS,0,0.4625597056220738
2026-02-19,2025-26,SAC,ORL,0,0.3390713350489514
2026-02-19,2025-26,LAC,DEN,1,0.5136887812299328
2026-02-20,2025-26,CHA,CLE,0,0.4352547638707901
2026-02-20,2025-26,WAS,IND,1,0.5289575177996878
2026-02-20,2025-26,MEM,UTA,1,0.5969849626660221
2026-02-20,2025-26,ATL,MIA,0,0.5277725106141922
2026-02-20,2025-26,MIN,DAL,1,0.7488564999195649
2026-02-20,2025-26,NOP,MIL,0,0.5193842616179386
2026-02-20,2025-26,OKC,BKN,1,0.848979591495809
2026-02-20,2025-26,LAL,LAC,1,0.5834603465189555
2026-02-20,2025-26,POR,DEN,0,0.511041511263036
2026-02-21,2025-26,PHX,ORL,1,0.6078658569544869
2026-02-21,2025-26,NOP,PHI,1,0.43578618083779036
2026-02-21,2025-26,MIA,MEM,1,0.7485869343190179
2026-02-21,2025-26,CHI,DET,0,0.22592247339915067
2026-02-21,2025-26,SAS,SAC,1,0.900695428681879
2026-02-21,2025-26,NYK,HOU,1,0.5966893195860639
2026-02-22,2025-26,OKC,CLE,1,0.5429447775619306
2026-02-22,2025-26,ATL,BKN,1,0.687233912345633
2026-02-22,2025-26,MIL,TOR,0,0.48688566801922856
2026-02-22,2025-26,GSW,DEN,1,0.37270322026789265
2026-02-22,2025-26,IND,DAL,0,0.4769807818762813
2026-02-22,2025-26,WAS,CHA,0,0.23230177382172298
2026-02-22,2025-26,LAL,BOS,0,0.5305972118638301
2026-02-22,2025-26,MIN,PHI,0,0.6693189131365225
2026-02-22,2025-26,CHI,NYK,0,0.24984339312578402
2026-02-22,2025-26,PHX,POR,0,0.5541856538988301
2026-02-22,2025-26,LAC,ORL,0,0.6772507504872314
2026-02-23,2025-26,DET,SAS,0,0.6122298239847968
2026-02-23,2025-26,MEM,SAC,0,0.6282811780682716
2026-02-23,2025-26,HOU,UTA,1,0.8169372450274943
2026-02-24,2025-26,IND,PHI,0,0.33232546395986073
2026-02-24,2025-26,ATL,WAS,1,0.7340878086510462
2026-02-24,2025-26,BKN,DAL,0,0.481589419223453
2026-02-24,2025-26,TOR,OKC,0,0.4334763675740782
2026-02-24,2025-26,CLE,NYK,1,0.5797612718536604
2026-02-24,2025-26,CHI,CHA,0,0.2855720287006965
2026-02-24,2025-26,MIL,MIA,1,0.43723369480480795
2026-02-24,2025-26,NOP,GSW,1,0.45702991707823654
2026-02-24,2025-26,PHX,BOS,0,0.3887014356485915
2026-02-24,2025-26,LAL,ORL,0,0.6740328071326449
2026-02-24,2025-26,POR,MIN,0,0.529918604645523
2026-02-25,2025-26,DET,OKC,1,0.6612116860155466
2026-02-25,2025-26,TOR,SAS,0,0.3950814467646162
2026-02-25,2025-26,MEM,GSW,0,0.3795833862395012
2026-02-25,2025-26,HOU,SAC,1,0.8616743045226367
2026-02-25,2025-26,MIL,CLE,1,0.3876511182541857
2026-02-25,2025-26,DEN,BOS,1,0.47253584845892993
2026-02-26,2025-26,IND,CHA,0,0.24780594606166662
2026-02-26,2025-26,PHI,MIA,1,0.5935546665601753
2026-02-26,2025-26,ATL,WAS,1,0.7004393983981414
2026-02-26,2025-26,BKN,SAS,0,0.15598509367099617
2026-02-26,2025-26,ORL,HOU,0,0.45204229968561793
2026-02-26,2025-26,CHI,POR,0,0.38830413497691807
2026-02-26,2025-26,DAL,SAC,0,0.731498128064104
2026-02-26,2025-26,PHX,LAL,1,0.45368519737982127
2026-02-26,2025-26,UTA,NOP,0,0.39639080701557555
2026-02-26,2025-26,LAC,MIN,0,0.4901711640076331
2026-02-27,2025-26,DET,CLE,1,0.6753071770941135
2026-02-27,2025-26,BOS,BKN,1,0.8624488148220357
2026-02-27,2025-26,MIL,NYK,0,0.39757312849937615
2026-02-27,2025-26,DAL,MEM,0,0.6866606526782796
2026-02-27,2025-26,OKC,DEN,1,0.6695573751200959
2026-02-28,2025-26,CHA,POR,1,0.6942644154120655
2026-02-28,2025-26,MIA,HOU,1,0.45641258796540896
2026-02-28,2025-26,WAS,TOR,0,0.20492019264372544
2026-02-28,2025-26,GSW,LAL,0,0.5485953608588441
2026-02-28,2025-26,UTA,NOP,0,0.3922997089961376
2026-03-01,2025-26,NYK,SAS,1,0.4738624601165246
2026-03-01,2025-26,BKN,CLE,0,0.24807813642803783
2026-03-01,2025-26,CHI,MIL,1,0.43112663402251966
2026-03-01,2025-26,DEN,MIN,0,0.6173278230701411
2026-03-01,2025-26,IND,MEM,0,0.5493174081395845
2026-03-01,2025-26,ATL,POR,1,0.5447818512786043
2026-03-01,2025-26,BOS,PHI,1,0.7201893242476949
2026-03-01,2025-26,ORL,DET,0,0.2998136225078272
2026-03-01,2025-26,DAL,OKC,0,0.1635728882108828
2026-03-01,2025-26,LAC,NOP,1,0.692888591050408
2026-03-01,2025-26,LAL,SAC,1,0.8399897099545233
2026-03-02,2025-26,WAS,HOU,0,0.20493631707494794
2026-03-02,2025-26,MIL,BOS,0,0.3487823748318921
2026-03-02,2025-26,UTA,DEN,0,0.14350703169745224
2026-03-02,2025-26,GSW,LAC,0,0.5147052794430943
2026-03-03,2025-26,CHA,DAL,1,0.8409309562203909
2026-03-03,2025-26,CLE,DET,1,0.42777997282936003
2026-03-03,2025-26,ORL,WAS,1,0.7685403921655936
2026-03-03,2025-26,MIA,BKN,1,0.7774707053860089
2026-03-03,2025-26,TOR,NYK,0,0.4414165567989526
2026-03-03,2025-26,PHI,SAS,0,0.36475547397865793
2026-03-03,2025-26,CHI,OKC,0,0.238402308427785
2026-03-03,2025-26,MIN,MEM,1,0.8091156026517576
2026-03-03,2025-26,LAL,NOP,1,0.7632600422068543
2026-03-03,2025-26,SAC,PHX,0,0.2766662882234476
2026-03-04,2025-26,NYK,OKC,0,0.5106751303051148
2026-03-04,2025-26,BOS,CHA,0,0.637856757895663
2026-03-04,2025-26,PHI,UTA,1,0.796604635359282
2026-03-04,2025-26,MEM,POR,0,0.3480371134856683
2026-03-04,2025-26,MIL,ATL,0,0.449255589406786
2026-03-04,2025-26,LAC,IND,1,0.7927892292572003
2026-03-05,2025-26,ORL,DAL,1,0.7153683820111983
2026-03-05,2025-26,WAS,UTA,0,0.5980617687615788
2026-03-05,2025-26,MIA,BKN,1,0.8031295432033356
2026-03-05,2025-26,HOU,GSW,0,0.6986361191384949
2026-03-05,2025-26,MIN,TOR,1,0.5695471461820828
2026-03-05,2025-26,SAS,DET,1,0.526883329386544
2026-03-05,2025-26,PHX,CHI,0,0.7006118702391085
2026-03-05,2025-26,DEN,LAL,1,0.5900951148459529
2026-03-05,2025-26,SAC,NOP,0,0.42175200719022315
2026-03-06,2025-26,BOS,DAL,1,0.8557029300757836
2026-03-06,2025-26,CHA,MIA,0,0.72814427221472
2026-03-06,2025-26,HOU,POR,1,0.6423457873111315
2026-03-06,2025-26,DEN,NYK,0,0.4695818681876121
2026-03-06,2025-26,PHX,NOP,1,0.6682735153031946
2026-03-06,2025-26,SAS,LAC,1,0.680336128336566
2026-03-06,2025-26,LAL,IND,1,0.8212112979636998
2026-03-07,2025-26,MIN,ORL,0,0.6722164223330359
2026-03-07,2025-26,DET,BKN,0,0.905435537291042
2026-03-07,2025-26,ATL,PHI,1,0.6127485901720722
2026-03-07,2025-26,MEM,LAC,0,0.2728246358847581
2026-03-07,2025-26,MIL,UTA,1,0.7088737880742257
2026-03-07,2025-26,OKC,GSW,1,0.7983962317069312
2026-03-08,2025-26,CLE,BOS,0,0.47952769901113024
2026-03-08,2025-26,LAL,NYK,1,0.4181180342282413
2026-03-08,2025-26,MIA,DET,1,0.4233778821583765
2026-03-08,2025-26,TOR,DAL,1,0.7901393171323244
2026-03-08,2025-26,NOP,WAS,1,0.7527631259140573
2026-03-08,2025-26,MIL,ORL,0,0.3974413997437468
2026-03-08,2025-26,SAS,HOU,1,0.6784039002829436
2026-03-08,2025-26,PHX,CHA,1,0.40281749529129823
2026-03-08,2025-26,POR,IND,1,0.7568602032922207
2026-03-08,2025-26,SAC,CHI,1,0.40326591093494685
2026-03-09,2025-26,CLE,PHI,1,0.7741285372542934
2026-03-09,2025-26,BKN,MEM,1,0.4913488805695145
2026-03-09,2025-26,OKC,DEN,1,0.711725458038783
2026-03-09,2025-26,UTA,GSW,1,0.320747510709041
2026-03-09,2025-26,LAC,NYK,1,0.44860445516908837
2026-03-10,2025-26,PHI,MEM,1,0.7107497254597026
2026-03-10,2025-26,BKN,DET,0,0.18372302593477544
2026-03-10,2025-26,MIA,WAS,1,0.8762799492028392
2026-03-10,2025-26,ATL,DAL,1,0.7851431425126008
2026-03-10,2025-26,HOU,TOR,1,0.5818030447507386
2026-03-10,2025-26,MIL,PHX,0,0.4050286071277039
2026-03-10,2025-26,SAS,BOS,1,0.6055331112027343
2026-03-10,2025-26,GSW,CHI,0,0.7189505522588925
2026-03-10,2025-26,POR,CHA,0,0.3792985681568703
2026-03-10,2025-26,SAC,IND,1,0.5989379564428424
2026-03-10,2025-26,LAL,MIN,1,0.625142800641528
2026-03-11,2025-26,ORL,CLE,1,0.4591304800478564
2026-03-11,2025-26,NOP,TOR,1,0.40967413059263924
2026-03-11,2025-26,UTA,NYK,0,0.13108585588853766
2026-03-11,2025-26,DEN,HOU,1,0.5458603961255635
2026-03-11,2025-26,SAC,CHA,0,0.16068123912599522
2026-03-11,2025-26,LAC,MIN,1,0.5703510402691341
2026-03-12,2025-26,DET,PHI,1,0.7873601851599407
2026-03-12,2025-26,IND,PHX,0,0.25509703521149635
2026-03-12,2025-26,ORL,WAS,1,0.8711317416111451
2026-03-12,2025-26,ATL,BKN,1,0.8158139550563601
2026-03-12,2025-26,MIA,MIL,1,0.7385081233953471
2026-03-12,2025-26,SAS,DEN,0,0.696943100834935
2026-03-12,2025-26,OKC,BOS,1,0.6958859323334374
2026-03-12,2025-26,LAL,CHI,1,0.8376406754825186
2026-03-12,2025-26,MEM,DAL,0,0.5011652227566057
2026-03-13,2025-26,DET,MEM,1,0.8763875211747959
2026-03-13,2025-26,IND,NYK,0,0.2126902189187756
2026-03-13,2025-26,TOR,PHX,1,0.5382715120102062
2026-03-13,2025-26,HOU,NOP,1,0.6756334273781189
2026-03-13,2025-26,DAL,CLE,0,0.27844091050598585
2026-03-13,2025-26,GSW,MIN,0,0.472620153835823
2026-03-13,2025-26,POR,UTA,1,0.8214685605156657
2026-03-13,2025-26,LAC,CHI,1,0.8431103553297701
2026-03-14,2025-26,PHI,BKN,1,0.711433445464618
2026-03-14,2025-26,ATL,MIL,1,0.743088053870657
2026-03-14,2025-26,BOS,WAS,1,0.9241761303634118
2026-03-14,2025-26,MIA,ORL,0,0.5865213981467398
2026-03-14,2025-26,SAS,CHA,1,0.6872899273222925
2026-03-14,2025-26,LAL,DEN,1,0.5538334171502538
2026-03-14,2025-26,LAC,SAC,0,0.8748730219877144
2026-03-15,2025-26,OKC,MIN,1,0.8006784233703256
2026-03-15,2025-26,CLE,DAL,0,0.8496053541723229
2026-03-15,2025-26,TOR,DET,1,0.3876821429361723
2026-03-15,2025-26,MIL,IND,1,0.662656474845231
2026-03-15,2025-26,PHI,POR,1,0.4600788730937031
2026-03-15,2025-26,NYK,GSW,1,0.8710643777619798
2026-03-15,2025-26,SAC,UTA,1,0.6310853237961989
2026-03-16,2025-26,ATL,ORL,1,0.5588452427004741
2026-03-16,2025-26,WAS,GSW,0,0.3085310069012547
2026-03-16,2025-26,BKN,POR,0,0.31912885594638307
2026-03-16,2025-26,BOS,PHX,1,0.7389500246880888
2026-03-16,2025-26,CHI,MEM,1,0.6272084059894859
2026-03-16,2025-26,NOP,DAL,1,0.6299468741318833
2026-03-16,2025-26,HOU,LAL,0,0.4229845440508458
2026-03-16,2025-26,LAC,SAS,0,0.29266044064324886
2026-03-17,2025-26,CHA,MIA,1,0.64491648457653
2026-03-17,2025-26,ORL,OKC,0,0.3195265444256943
2026-03-17,2025-26,WAS,DET,0,0.12541970877768394
2026-03-17,2025-26,NYK,IND,1,0.8880078509515159
2026-03-17,2025-26,MIL,CLE,0,0.30851421151510605
2026-03-17,2025-26,MIN,PHX,1,0.5571699671731513
2026-03-17,2025-26,DEN,PHI,1,0.7479710097890763
2026-03-17,2025-26,SAC,SAS,0,0.14690315642865356
2026-03-18,2025-26,MEM,DEN,1,0.16384899475413695
2026-03-18,2025-26,BOS,GSW,1,0.8147059303408432
2026-03-18,2025-26,BKN,OKC,0,0.13620280100157425
2026-03-18,2025-26,IND,POR,0,0.2623460558140368
2026-03-18,2025-26,CHI,TOR,0,0.3353033375545286
2026-03-18,2025-26,MIN,UTA,1,0.8285163335131394
2026-03-18,2025-26,NOP,LAC,1,0.43024305692976167
2026-03-18,2025-26,DAL,ATL,0,0.2893882426355145
2026-03-18,2025-26,HOU,LAL,0,0.41932010219362426
2026-03-19,2025-26,CHA,ORL,1,0.7250497044287829
2026-03-19,2025-26,WAS,DET,0,0.12052517245604294
2026-03-19,2025-26,MIA,LAL,0,0.4251869471473713
2026-03-19,2025-26,CHI,CLE,0,0.3053699627804423
2026-03-19,2025-26,NOP,LAC,1,0.5305326545007485
2026-03-19,2025-26,SAS,PHX,1,0.8283888632954365
2026-03-19,2025-26,UTA,MIL,1,0.40164793487166217
2026-03-19,2025-26,SAC,PHI,0,0.4690374296106763
2026-03-20,2025-26,BKN,NYK,0,0.13907018695555187
2026-03-20,2025-26,DET,GSW,1,0.7995438617274312
2026-03-20,2025-26,HOU,ATL,1,0.49011869730433166
2026-03-20,2025-26,MEM,BOS,0,0.13753860325680178
2026-03-20,2025-26,MIN,POR,0,0.5852277754273364
2026-03-20,2025-26,DEN,TOR,1,0.5674444971700617
2026-03-21,2025-26,WAS,OKC,0,0.08330990865752515
2026-03-21,2025-26,CHA,MEM,1,0.8978841670318709
2026-03-21,2025-26,ORL,LAL,0,0.36803340859513284
2026-03-21,2025-26,NOP,CLE,0,0.3968509144479706
2026-03-21,2025-26,ATL,GSW,1,0.7292027648607965
2026-03-21,2025-26,HOU,MIA,1,0.5921064955145287
2026-03-21,2025-26,SAS,IND,1,0.927413241243404
2026-03-21,2025-26,DAL,LAC,0,0.28227210869068975
2026-03-21,2025-26,UTA,PHI,0,0.3840701275363199
2026-03-21,2025-26,PHX,MIL,0,0.7538029744138026
2026-03-22,2025-26,DEN,POR,1,0.6355438694269546
2026-03-22,2025-26,SAC,BKN,1,0.571275919388057
2026-03-22,2025-26,NYK,WAS,1,0.9300981627021374
2026-03-22,2025-26,BOS,MIN,0,0.7555424199975789
2026-03-22,2025-26,PHX,TOR,1,0.4385679477138234
2026-03-23,2025-26,ATL,MEM,1,0.8067608939463686
2026-03-23,2025-26,DET,LAL,1,0.5860815370749837
2026-03-23,2025-26,ORL,IND,0,0.7893913993301804
2026-03-23,2025-26,PHI,OKC,0,0.2000113145793732
2026-03-23,2025-26,MIA,SAS,0,0.33267368224693844
2026-03-23,2025-26,CHI,HOU,1,0.3057499952618906
2026-03-23,2025-26,UTA,TOR,0,0.3390545348302087
2026-03-23,2025-26,DAL,GSW,0,0.44388127337575545
2026-03-23,2025-26,POR,BKN,1,0.7878288956120144
2026-03-23,2025-26,LAC,MIL,1,0.7684614123228104
2026-03-24,2025-26,CHA,SAC,1,0.8735170432649595
2026-03-24,2025-26,NYK,NOP,1,0.8070343871675301
2026-03-24,2025-26,CLE,ORL,1,0.712441832639641
2026-03-24,2025-26,PHX,DEN,0,0.41138316661042257
2026-03-25,2025-26,DET,ATL,0,0.6946950836237049
2026-03-25,2025-26,IND,LAL,0,0.15865083832994661
2026-03-25,2025-26,PHI,CHI,1,0.7015799717206863
2026-03-25,2025-26,BOS,OKC,1,0.4605626179519722
2026-03-25,2025-26,CLE,MIA,0,0.6546651188992351
2026-03-25,2025-26,MEM,SAS,0,0.10906956327310192
2026-03-25,2025-26,UTA,WAS,0,0.6645599826517592
2026-03-25,2025-26,MIN,HOU,1,0.6270460582719312
2026-03-25,2025-26,DEN,DAL,1,0.8503267335156195
2026-03-25,2025-26,GSW,BKN,1,0.7209272645295856
2026-03-25,2025-26,POR,MIL,1,0.7298206360456174
2026-03-25,2025-26,LAC,TOR,1,0.5816241327387719
2026-03-26,2025-26,CHA,NYK,1,0.5143357182938081
2026-03-26,2025-26,DET,NOP,1,0.7147360901215781
2026-03-26,2025-26,ORL,SAC,1,0.7661312793165058
2026-03-27,2025-26,IND,LAC,0,0.2249161728096621
2026-03-27,2025-26,BOS,ATL,1,0.6794062591978681
2026-03-27,2025-26,CLE,MIA,1,0.6321374110997253
2026-03-27,2025-26,MEM,HOU,0,0.22038687734509269
2026-03-27,2025-26,OKC,CHI,1,0.8859556373663721
2026-03-27,2025-26,TOR,NOP,1,0.6330725550349843
2026-03-27,2025-26,DEN,UTA,1,0.9056538044231115
2026-03-27,2025-26,GSW,WAS,1,0.7496882817327709
2026-03-27,2025-26,POR,DAL,0,0.8041599855998984
2026-03-27,2025-26,LAL,BKN,1,0.9117593378423039
2026-03-28,2025-26,MIL,SAS,0,0.1427620810075307
2026-03-28,2025-26,CHA,PHI,0,0.7170010515598925
2026-03-28,2025-26,ATL,SAC,1,0.8278504632319981
2026-03-28,2025-26,MEM,CHI,1,0.3781904847160416
2026-03-28,2025-26,MIN,DET,0,0.4746076746173447
2026-03-28,2025-26,PHX,UTA,1,0.8272103994983478
2026-03-29,2025-26,MIL,LAC,0,0.3042076357167466
2026-03-29,2025-26,IND,MIA,1,0.29198716089434384
2026-03-29,2025-26,BKN,SAC,1,0.5198955933175694
2026-03-29,2025-26,CHA,BOS,0,0.6107607430673597
2026-03-29,2025-26,TOR,ORL,1,0.5658116620474059
2026-03-29,2025-26,POR,WAS,1,0.8102580852535083
2026-03-29,2025-26,NOP,HOU,0,0.4294514315601586
2026-03-29,2025-26,OKC,NYK,1,0.6555895971050497
2026-03-29,2025-26,DEN,GSW,1,0.7402788625514892
2026-03-30,2025-26,MIA,PHI,1,0.495640454389468
2026-03-30,2025-26,ATL,BOS,1,0.46913928790120685
2026-03-30,2025-26,MEM,PHX,0,0.25256337568063064
2026-03-30,2025-26,SAS,CHI,1,0.9118365879952935
2026-03-30,2025-26,DAL,MIN,0,0.3046752668694229
2026-03-30,2025-26,UTA,CLE,0,0.16253833119060224
2026-03-30,2025-26,OKC,DET,1,0.7143712805361828
2026-03-30,2025-26,LAL,WAS,1,0.9002244675979013
2026-03-31,2025-26,MIL,DAL,1,0.5743254819146917
2026-03-31,2025-26,ORL,PHX,1,0.4719491272770981
2026-03-31,2025-26,BKN,CHA,0,0.167459553929264
2026-03-31,2025-26,DET,TOR,1,0.7129460057174284
2026-03-31,2025-26,HOU,NYK,1,0.45603918095366064
2026-03-31,2025-26,LAL,CLE,1,0.5879474318435031
2026-03-31,2025-26,LAC,POR,0,0.6690174133496695
2026-04-01,2025-26,MEM,NYK,0,0.1579440757177358
2026-04-01,2025-26,WAS,PHI,0,0.24331225601259293
2026-04-01,2025-26,MIA,BOS,0,0.3375154856745896
2026-04-01,2025-26,ORL,ATL,0,0.4430461513381999
2026-04-01,2025-26,TOR,SAC,0,0.820823345730034
2026-04-01,2025-26,CHI,IND,0,0.6584425775960949
2026-04-01,2025-26,HOU,MIL,1,0.8166340770094627
2026-04-01,2025-26,UTA,DEN,0,0.141226070634225
2026-04-01,2025-26,GSW,SAS,0,0.15661614163750145
2026-04-02,2025-26,CHA,PHX,1,0.6999474766707515
2026-04-02,2025-26,DET,MIN,1,0.7244971521642999
2026-04-02,2025-26,OKC,LAL,1,0.6193594051050372
2026-04-02,2025-26,GSW,CLE,0,0.27425599634786196
2026-04-02,2025-26,POR,NOP,1,0.6875105967348555
2026-04-02,2025-26,LAC,SAS,0,0.33822614216449143
2026-04-03,2025-26,CHA,IND,1,0.894851443723059
2026-04-03,2025-26,PHI,MIN,1,0.6275426031174511
2026-04-03,2025-26,BKN,ATL,0,0.19464880684074715
2026-04-03,2025-26,NYK,CHI,1,0.8313258016017318
2026-04-03,2025-26,HOU,UTA,1,0.8983118628492297
2026-04-03,2025-26,MEM,TOR,0,0.2547409096317521
2026-04-03,2025-26,MIL,BOS,0,0.19556589833135116
2026-04-03,2025-26,DAL,ORL,0,0.3338431077044119
2026-04-03,2025-26,SAC,NOP,1,0.4129320938557853
2026-04-04,2025-26,MIA,WAS,1,0.8382644825223263
2026-04-04,2025-26,DEN,SAS,1,0.41908547144644914
2026-04-04,2025-26,PHI,DET,0,0.34659958800754176
2026-04-05,2025-26,BOS,TOR,1,0.7820136750229509
2026-04-05,2025-26,BKN,WAS,1,0.6203010910196208
2026-04-05,2025-26,CHI,PHX,0,0.30025630795157326
2026-04-05,2025-26,MIL,MEM,1,0.6729005587284772
2026-04-05,2025-26,CLE,IND,1,0.8241166582387774
2026-04-05,2025-26,MIN,CHA,0,0.3654423857548422
2026-04-05,2025-26,NOP,ORL,0,0.3601464164870797
2026-04-05,2025-26,OKC,UTA,1,0.9486835133522449
2026-04-05,2025-26,DAL,LAL,1,0.24521405095238447
2026-04-05,2025-26,SAC,LAC,0,0.2885703517268968
2026-04-05,2025-26,GSW,HOU,0,0.37808160413653363
2026-04-06,2025-26,ATL,NYK,0,0.5448126027797734
2026-04-06,2025-26,ORL,DET,1,0.346385389553918
2026-04-06,2025-26,MEM,CLE,0,0.1901496114059211
2026-04-06,2025-26,SAS,PHI,1,0.771572560458605
2026-04-06,2025-26,DEN,POR,1,0.7379531631913683
2026-04-07,2025-26,WAS,CHI,0,0.4158267001740698
2026-04-07,2025-26,BOS,CHA,1,0.6170401146614933
2026-04-07,2025-26,BKN,MIL,1,0.36586388345573306
2026-04-07,2025-26,TOR,MIA,1,0.5573193097297507
2026-04-07,2025-26,IND,MIN,0,0.26783106618657077
2026-04-07,2025-26,NOP,UTA,1,0.6462081968278046
2026-04-07,2025-26,GSW,SAC,1,0.7750275044414366
2026-04-07,2025-26,LAL,OKC,0,0.2841964088074118
2026-04-07,2025-26,LAC,DAL,1,0.8053906513226352
2026-04-07,2025-26,PHX,HOU,0,0.4686620255228708
2026-04-08,2025-26,CLE,ATL,1,0.5883735424077614
2026-04-08,2025-26,ORL,MIN,1,0.5801805310708985
2026-04-08,2025-26,DET,MIL,1,0.8602884672219316
2026-04-08,2025-26,SAS,POR,1,0.8296168413157444
2026-04-08,2025-26,DEN,MEM,1,0.9231855487645527
2026-04-08,2025-26,LAC,OKC,0,0.2955492595458071
2026-04-08,2025-26,PHX,DAL,1,0.8146242254778556
2026-04-09,2025-26,TOR,MIA,1,0.6122942354076881
2026-04-09,2025-26,WAS,CHI,0,0.3723314852939594
2026-04-09,2025-26,BKN,IND,0,0.5907293624937663
2026-04-09,2025-26,NYK,BOS,1,0.45248961208267013
2026-04-09,2025-26,HOU,PHI,1,0.6915483344683757
2026-04-09,2025-26,GSW,LAL,0,0.4367928897988862
2026-04-10,2025-26,CHA,DET,0,0.5520777977509207
2026-04-10,2025-26,WAS,MIA,0,0.24388305000483573
2026-04-10,2025-26,ATL,CLE,1,0.6446173540536698
2026-04-10,2025-26,BOS,NOP,1,0.8979653011644503
2026-04-10,2025-26,IND,PHI,0,0.2801420485161644
2026-04-10,2025-26,NYK,TOR,1,0.7263298229778965
2026-04-10,2025-26,CHI,ORL,0,0.33035588791518056
2026-04-10,2025-26,HOU,MIN,0,0.7441582388928115
2026-04-10,2025-26,MIL,BKN,1,0.7121517160687348
2026-04-10,2025-26,SAS,DAL,1,0.9433457037092758
2026-04-10,2025-26,UTA,MEM,1,0.5147465689214444
2026-04-10,2025-26,DEN,OKC,1,0.4710776926500501
2026-04-10,2025-26,POR,LAC,1,0.504120134273434
2026-04-10,2025-26,SAC,GSW,1,0.3416465926761712
2026-04-10,2025-26,LAL,PHX,1,0.6278625094201618
2026-04-12,2025-26,BOS,ORL,1,0.45407574519452365
2026-04-12,2025-26,CLE,WAS,1,0.8386874807866219
2026-04-12,2025-26,IND,DET,0,0.16996615579126434
2026-04-12,2025-26,MIA,ATL,1,0.7034644581586988
2026-04-12,2025-26,NYK,CHA,0,0.3431597771542846
2026-04-12,2025-26,PHI,MIL,1,0.6745040961244751
2026-04-12,2025-26,TOR,BKN,1,0.860938742045607
2026-04-12,2025-26,DAL,CHI,1,0.4488444277603751
2026-04-12,2025-26,HOU,MEM,1,0.8681395976873778
2026-04-12,2025-26,MIN,NOP,1,0.7255376679834431
2026-04-12,2025-26,OKC,PHX,0,0.7026977057010303
2026-04-12,2025-26,SAS,DEN,0,0.6857165427979603
2026-04-12,2025-26,LAL,UTA,1,0.8622228761805729
2026-04-12,2025-26,LAC,GSW,1,0.6432396475468378
2026-04-12,2025-26,POR,SAC,1,0.8068386956178524
