game_id,date,season,home,away,home_win,p_home
0022400061,2024-10-22,2024-25,BOS,NYK,1,0.83018905
0022400062,2024-10-22,2024-25,LAL,MIN,1,0.55076146
0022400063,2024-10-23,2024-25,DET,IND,0,0.20945309
0022400064,2024-10-23,2024-25,ATL,BKN,1,0.59204304
0022400065,2024-10-23,2024-25,MIA,ORL,0,0.61829734
0022400066,2024-10-23,2024-25,PHI,MIL,0,0.5786768
0022400067,2024-10-23,2024-25,TOR,CLE,0,0.19813122
0022400068,2024-10-23,2024-25,HOU,CHA,0,0.57244486
0022400069,2024-10-23,2024-25,NOP,CHI,1,0.626733
0022400070,2024-10-23,2024-25,UTA,MEM,0,0.83864796
0022400071,2024-10-23,2024-25,LAC,PHX,0,0.6386102
0022400072,2024-10-23,2024-25,POR,GSW,0,0.21805099
0022400073,2024-10-24,2024-25,WAS,BOS,0,0.2233334
0022400074,2024-10-24,2024-25,DAL,SAS,1,0.6069523
0022400075,2024-10-24,2024-25,DEN,OKC,0,0.5459624
0022400076,2024-10-24,2024-25,SAC,MIN,0,0.49732703
0022400077,2024-10-25,2024-25,ORL,BKN,1,0.74546885
0022400078,2024-10-25,2024-25,TOR,PHI,1,0.40020737
0022400079,2024-10-25,2024-25,ATL,CHA,1,0.6330001
0022400080,2024-10-25,2024-25,CLE,DET,1,0.78192776
0022400081,2024-10-25,2024-25,NYK,IND,1,0.6577836
0022400082,2024-10-25,2024-25,HOU,MEM,1,0.7225728
0022400083,2024-10-25,2024-25,MIL,CHI,0,0.6731724
0022400084,2024-10-25,2024-25,UTA,GSW,0,0.26952684
0022400085,2024-10-25,2024-25,LAL,PHX,1,0.5289421
0022400086,2024-10-25,2024-25,POR,NOP,0,0.26145566
0022400087,2024-10-26,2024-25,DEN,LAC,0,0.7653587
0022400088,2024-10-26,2024-25,CHA,MIA,0,0.4088575
0022400089,2024-10-26,2024-25,DET,BOS,0,0.20093198
0022400090,2024-10-26,2024-25,WAS,CLE,0,0.20935294
0022400091,2024-10-26,2024-25,CHI,OKC,0,0.31625542
0022400092,2024-10-26,2024-25,MEM,ORL,1,0.32986653
0022400093,2024-10-26,2024-25,MIN,TOR,1,0.90300816
0022400094,2024-10-26,2024-25,SAS,HOU,1,0.49396706
0022400095,2024-10-26,2024-25,PHX,DAL,1,0.49904162
0022400096,2024-10-26,2024-25,LAL,SAC,1,0.489521
0022400097,2024-10-27,2024-25,IND,PHI,0,0.7154356
0022400098,2024-10-27,2024-25,BKN,MIL,1,0.30816722
0022400099,2024-10-27,2024-25,POR,NOP,1,0.26630417
0022400100,2024-10-27,2024-25,OKC,ATL,1,0.6970057
0022400101,2024-10-27,2024-25,GSW,LAC,0,0.808171
0022400102,2024-10-28,2024-25,ORL,IND,1,0.61668944
0022400103,2024-10-28,2024-25,ATL,WAS,0,0.7360512
0022400104,2024-10-28,2024-25,BOS,MIL,1,0.8262364
0022400105,2024-10-28,2024-25,MIA,DET,1,0.68321246
0022400106,2024-10-28,2024-25,NYK,CLE,0,0.62879
0022400107,2024-10-28,2024-25,TOR,DEN,0,0.18415664
0022400108,2024-10-28,2024-25,MEM,CHI,0,0.4715948
0022400109,2024-10-28,2024-25,SAS,HOU,0,0.3759244
0022400110,2024-10-28,2024-25,DAL,UTA,1,0.8500837
0022400111,2024-10-28,2024-25,PHX,LAL,1,0.5488208
0022400112,2024-10-28,2024-25,SAC,POR,1,0.87218297
0022400113,2024-10-29,2024-25,BKN,DEN,0,0.3519983
0022400114,2024-10-29,2024-25,MIN,DAL,0,0.6671045
0022400115,2024-10-29,2024-25,UTA,SAC,0,0.2428999
0022400116,2024-10-29,2024-25,GSW,NOP,1,0.6780987
0022400117,2024-10-30,2024-25,CHA,TOR,1,0.6988176
0022400118,2024-10-30,2024-25,CLE,LAL,1,0.58400977
0022400119,2024-10-30,2024-25,IND,BOS,1,0.38148642
0022400120,2024-10-30,2024-25,PHI,DET,0,0.5760621
0022400121,2024-10-30,2024-25,WAS,ATL,1,0.3721872
0022400122,2024-10-30,2024-25,MIA,NYK,0,0.45827883
0022400123,2024-10-30,2024-25,CHI,ORL,1,0.49152792
0022400124,2024-10-30,2024-25,MEM,BKN,0,0.6034909
0022400125,2024-10-30,2024-25,OKC,SAS,1,0.85967666
0022400126,2024-10-30,2024-25,GSW,NOP,1,0.67350274
0022400127,2024-10-30,2024-25,LAC,POR,0,0.7501276
0022400128,2024-10-31,2024-25,MEM,MIL,1,0.37224182
0022400129,2024-10-31,2024-25,DAL,HOU,0,0.6740435
0022400130,2024-10-31,2024-25,UTA,SAS,0,0.5619402
0022400131,2024-10-31,2024-25,LAC,PHX,0,0.35171625
0022400132,2024-11-01,2024-25,CHA,BOS,0,0.21912342
0022400133,2024-11-01,2024-25,CLE,ORL,1,0.63535696
0022400134,2024-11-01,2024-25,DET,NYK,0,0.3028292
0022400135,2024-11-01,2024-25,ATL,SAC,0,0.2964805
0022400136,2024-11-01,2024-25,BKN,CHI,1,0.48590186
0022400137,2024-11-01,2024-25,TOR,LAL,0,0.23180807
0022400138,2024-11-01,2024-25,NOP,IND,1,0.40104222
0022400139,2024-11-01,2024-25,MIN,DEN,1,0.59125763
0022400140,2024-11-01,2024-25,POR,OKC,0,0.21803634
0022400141,2024-11-02,2024-25,CHA,BOS,0,0.22429065
0022400142,2024-11-02,2024-25,PHI,MEM,0,0.5780383
0022400143,2024-11-02,2024-25,TOR,SAC,1,0.18563487
0022400144,2024-11-02,2024-25,HOU,GSW,0,0.4754194
0022400145,2024-11-02,2024-25,MIL,CLE,0,0.54244673
0022400146,2024-11-02,2024-25,SAS,MIN,1,0.38241172
0022400148,2024-11-02,2024-25,DEN,UTA,1,0.8489525
0022400149,2024-11-02,2024-25,PHX,POR,1,0.8426304
0022400150,2024-11-02,2024-25,LAC,OKC,0,0.3893363
0022400151,2024-11-03,2024-25,BKN,DET,0,0.58283097
0022400152,2024-11-03,2024-25,NOP,ATL,0,0.6538711
0022400153,2024-11-03,2024-25,DAL,ORL,1,0.7081967
0022400154,2024-11-04,2024-25,CLE,MIL,1,0.659978
0022400155,2024-11-04,2024-25,WAS,GSW,0,0.23817156
0022400156,2024-11-04,2024-25,DET,LAL,1,0.2890683
0022400157,2024-11-04,2024-25,ATL,BOS,0,0.18315452
0022400158,2024-11-04,2024-25,BKN,MEM,1,0.48404056
0022400159,2024-11-04,2024-25,MIA,SAC,0,0.5141084
0022400160,2024-11-04,2024-25,CHI,UTA,0,0.7880752
0022400161,2024-11-04,2024-25,HOU,NYK,1,0.42895308
0022400162,2024-11-04,2024-25,MIN,CHA,1,0.7824514
0022400163,2024-11-04,2024-25,OKC,ORL,1,0.8519998
0022400164,2024-11-04,2024-25,NOP,POR,0,0.49746588
0022400165,2024-11-04,2024-25,DAL,IND,0,0.5816876
0022400166,2024-11-04,2024-25,DEN,TOR,1,0.8604271
0022400167,2024-11-04,2024-25,PHX,PHI,1,0.79640865
0022400168,2024-11-04,2024-25,LAC,SAS,1,0.6247055
0022400169,2024-11-06,2024-25,CHA,DET,1,0.5181122
0022400170,2024-11-06,2024-25,IND,ORL,1,0.7281406
0022400171,2024-11-06,2024-25,ATL,NYK,1,0.2650545
0022400172,2024-11-06,2024-25,BOS,GSW,0,0.65256304
0022400173,2024-11-06,2024-25,HOU,SAS,1,0.7044542
0022400174,2024-11-06,2024-25,MEM,LAL,1,0.40817672
0022400175,2024-11-06,2024-25,NOP,CLE,0,0.2289902
0022400176,2024-11-06,2024-25,DAL,CHI,1,0.7923836
0022400177,2024-11-06,2024-25,DEN,OKC,1,0.40434143
0022400178,2024-11-06,2024-25,PHX,MIA,1,0.66790545
0022400179,2024-11-06,2024-25,LAC,PHI,1,0.64732885
0022400180,2024-11-06,2024-25,SAC,TOR,1,0.85443294
0022400181,2024-11-07,2024-25,CHI,MIN,0,0.3221532
0022400182,2024-11-07,2024-25,MIL,UTA,1,0.796978
0022400183,2024-11-07,2024-25,SAS,POR,1,0.55457646
0022400184,2024-11-08,2024-25,CHA,IND,1,0.37199888
0022400185,2024-11-08,2024-25,DET,ATL,1,0.6212095
0022400186,2024-11-08,2024-25,ORL,NOP,1,0.64577967
0022400187,2024-11-08,2024-25,BOS,BKN,1,0.82493764
0022400188,2024-11-08,2024-25,CLE,GSW,1,0.53946644
0022400189,2024-11-08,2024-25,NYK,MIL,1,0.73940575
0022400190,2024-11-08,2024-25,DAL,PHX,0,0.5948074
0022400191,2024-11-08,2024-25,MEM,WAS,1,0.75553876
0022400192,2024-11-08,2024-25,OKC,HOU,1,0.7821764
0022400193,2024-11-08,2024-25,MIN,POR,1,0.79335517
0022400194,2024-11-08,2024-25,DEN,MIA,1,0.6694631
0022400195,2024-11-08,2024-25,LAL,PHI,1,0.6274136
0022400196,2024-11-08,2024-25,SAC,LAC,0,0.67536956
0022400197,2024-11-09,2024-25,SAS,UTA,0,0.68103015
0022400198,2024-11-09,2024-25,ATL,CHI,0,0.5112889
0022400199,2024-11-09,2024-25,CLE,BKN,1,0.77597815
0022400200,2024-11-09,2024-25,LAC,TOR,1,0.74803746
0022400201,2024-11-10,2024-25,DET,HOU,0,0.45242098
0022400202,2024-11-10,2024-25,MIL,BOS,0,0.35823008
0022400203,2024-11-10,2024-25,IND,NYK,1,0.41461712
0022400204,2024-11-10,2024-25,ORL,WAS,1,0.79528576
0022400205,2024-11-10,2024-25,PHI,CHA,1,0.5126101
0022400206,2024-11-10,2024-25,MIN,MIA,0,0.66181916
0022400207,2024-11-10,2024-25,OKC,GSW,0,0.6679731
0022400208,2024-11-10,2024-25,DEN,DAL,1,0.581161
0022400209,2024-11-10,2024-25,PHX,SAC,0,0.61424285
0022400210,2024-11-10,2024-25,POR,MEM,0,0.5159939
0022400211,2024-11-10,2024-25,LAL,TOR,1,0.81147873
0022400212,2024-11-11,2024-25,CHI,CLE,0,0.34670776
0022400213,2024-11-11,2024-25,HOU,WAS,1,0.8232895
0022400214,2024-11-11,2024-25,NOP,BKN,0,0.3149617
0022400215,2024-11-11,2024-25,OKC,LAC,1,0.7117887
0022400216,2024-11-11,2024-25,SAS,SAC,1,0.47212324
0022400001,2024-11-12,2024-25,BOS,ATL,0,0.85657966
0022400002,2024-11-12,2024-25,DET,MIA,1,0.44836807
0022400003,2024-11-12,2024-25,ORL,CHA,1,0.62628686
0022400004,2024-11-12,2024-25,PHI,NYK,0,0.33197084
0022400005,2024-11-12,2024-25,MIL,TOR,1,0.7885244
0022400006,2024-11-12,2024-25,UTA,PHX,0,0.28858644
0022400007,2024-11-12,2024-25,GSW,DAL,1,0.6188834
0022400008,2024-11-12,2024-25,POR,MIN,1,0.25843808
0022400217,2024-11-13,2024-25,ORL,IND,1,0.4993182
0022400218,2024-11-13,2024-25,BKN,BOS,0,0.3347736
0022400219,2024-11-13,2024-25,NYK,CHI,0,0.7350254
0022400220,2024-11-13,2024-25,PHI,CLE,0,0.28596902
0022400221,2024-11-13,2024-25,OKC,NOP,1,0.91385764
0022400222,2024-11-13,2024-25,HOU,LAC,1,0.5210171
0022400223,2024-11-13,2024-25,MIL,DET,1,0.651611
0022400224,2024-11-13,2024-25,SAS,WAS,1,0.77321756
0022400225,2024-11-13,2024-25,LAL,MEM,1,0.64517975
0022400226,2024-11-13,2024-25,POR,MIN,1,0.31838608
0022400227,2024-11-13,2024-25,SAC,PHX,1,0.6632737
0022400228,2024-11-14,2024-25,UTA,DAL,1,0.20011553
0022400009,2024-11-15,2024-25,IND,MIA,0,0.54263955
0022400010,2024-11-15,2024-25,ORL,PHI,1,0.73418516
0022400011,2024-11-15,2024-25,TOR,DET,0,0.41997325
0022400012,2024-11-15,2024-25,ATL,WAS,1,0.6982494
0022400013,2024-11-15,2024-25,CLE,CHI,1,0.7798365
0022400014,2024-11-15,2024-25,NYK,BKN,1,0.7760168
0022400015,2024-11-15,2024-25,SAS,LAL,0,0.4691124
0022400016,2024-11-15,2024-25,HOU,LAC,1,0.58624583
0022400017,2024-11-15,2024-25,NOP,DEN,1,0.1605159
0022400018,2024-11-15,2024-25,OKC,PHX,1,0.76330674
0022400019,2024-11-15,2024-25,GSW,MEM,1,0.7683964
0022400020,2024-11-15,2024-25,SAC,MIN,0,0.62558496
0022400229,2024-11-16,2024-25,CHA,MIL,1,0.39633107
0022400230,2024-11-16,2024-25,BOS,TOR,1,0.9264168
0022400231,2024-11-16,2024-25,NOP,LAL,0,0.2259838
0022400232,2024-11-16,2024-25,DAL,SAS,1,0.7361781
0022400233,2024-11-16,2024-25,SAC,UTA,1,0.7961055
0022400234,2024-11-17,2024-25,MIN,PHX,1,0.6542378
0022400235,2024-11-17,2024-25,IND,MIA,1,0.493941
0022400236,2024-11-17,2024-25,CLE,CHA,1,0.86689603
0022400237,2024-11-17,2024-25,WAS,DET,0,0.43351674
0022400238,2024-11-17,2024-25,MEM,DEN,1,0.5890604
0022400239,2024-11-17,2024-25,POR,ATL,1,0.46935776
0022400240,2024-11-17,2024-25,NYK,BKN,1,0.7251537
0022400241,2024-11-17,2024-25,CHI,HOU,0,0.47186658
0022400242,2024-11-17,2024-25,OKC,DAL,0,0.7375491
0022400243,2024-11-17,2024-25,LAC,UTA,1,0.8071543
0022400244,2024-11-18,2024-25,DET,CHI,0,0.57055074
0022400245,2024-11-18,2024-25,MIA,PHI,1,0.65187716
0022400246,2024-11-18,2024-25,NYK,WAS,1,0.8750052
0022400247,2024-11-18,2024-25,TOR,IND,1,0.39716953
0022400248,2024-11-18,2024-25,MIL,HOU,1,0.5879966
0022400249,2024-11-18,2024-25,PHX,ORL,0,0.5392004
0022400250,2024-11-18,2024-25,SAC,ATL,0,0.766738
0022400251,2024-11-18,2024-25,LAC,GSW,1,0.33493036
0022400021,2024-11-19,2024-25,BOS,CLE,1,0.64833456
0022400022,2024-11-19,2024-25,BKN,CHA,1,0.55286884
0022400023,2024-11-19,2024-25,MEM,DEN,0,0.62994176
0022400024,2024-11-19,2024-25,DAL,NOP,1,0.8859459
0022400025,2024-11-19,2024-25,SAS,OKC,1,0.25832123
0022400026,2024-11-19,2024-25,LAL,UTA,1,0.839274
0022400252,2024-11-20,2024-25,CLE,NOP,1,0.89861214
0022400253,2024-11-20,2024-25,MIL,CHI,1,0.67808527
0022400254,2024-11-20,2024-25,HOU,IND,1,0.7214573
0022400255,2024-11-20,2024-25,MEM,PHI,1,0.5896817
0022400256,2024-11-20,2024-25,OKC,POR,1,0.8565542
0022400257,2024-11-20,2024-25,PHX,NYK,0,0.455883
0022400258,2024-11-20,2024-25,GSW,ATL,1,0.789759
0022400259,2024-11-20,2024-25,LAC,ORL,1,0.60228866
0022400260,2024-11-21,2024-25,CHA,DET,1,0.5631371
0022400261,2024-11-21,2024-25,TOR,MIN,1,0.27840158
0022400262,2024-11-21,2024-25,SAS,UTA,1,0.7390883
0022400263,2024-11-21,2024-25,LAL,ORL,0,0.67544496
0022400027,2024-11-22,2024-25,PHI,BKN,1,0.6406008
0022400028,2024-11-22,2024-25,WAS,BOS,0,0.15078227
0022400029,2024-11-22,2024-25,MIL,IND,1,0.6649574
0022400030,2024-11-22,2024-25,CHI,ATL,1,0.5824358
0022400031,2024-11-22,2024-25,HOU,POR,1,0.7881347
0022400032,2024-11-22,2024-25,NOP,GSW,0,0.086089045
0022400033,2024-11-22,2024-25,DEN,DAL,0,0.39802414
0022400034,2024-11-22,2024-25,LAC,SAC,1,0.53731424
0022400264,2024-11-23,2024-25,UTA,NYK,1,0.20440176
0022400265,2024-11-23,2024-25,ORL,DET,1,0.63201255
0022400266,2024-11-23,2024-25,CHI,MEM,0,0.46451887
0022400267,2024-11-23,2024-25,HOU,POR,0,0.8078673
0022400268,2024-11-23,2024-25,MIL,CHA,1,0.6867671
0022400269,2024-11-23,2024-25,SAS,GSW,1,0.39340347
0022400270,2024-11-23,2024-25,LAL,DEN,0,0.5917159
0022400271,2024-11-24,2024-25,BOS,MIN,1,0.7091761
0022400272,2024-11-24,2024-25,IND,WAS,1,0.76543
0022400273,2024-11-24,2024-25,MIA,DAL,1,0.5763469
0022400274,2024-11-24,2024-25,PHI,LAC,0,0.3816753
0022400275,2024-11-24,2024-25,CLE,TOR,1,0.7737078
0022400276,2024-11-24,2024-25,SAC,BKN,0,0.7813042
0022400277,2024-11-25,2024-25,CHA,ORL,0,0.39102516
0022400278,2024-11-25,2024-25,DET,TOR,1,0.6670131
0022400279,2024-11-25,2024-25,IND,NOP,1,0.74053407
0022400280,2024-11-25,2024-25,ATL,DAL,0,0.48061588
0022400281,2024-11-25,2024-25,BOS,LAC,1,0.76807994
0022400282,2024-11-25,2024-25,MEM,POR,1,0.7202986
0022400283,2024-11-25,2024-25,DEN,NYK,0,0.5721749
0022400284,2024-11-25,2024-25,GSW,BKN,0,0.8863014
0022400285,2024-11-25,2024-25,SAC,OKC,0,0.31226307
0022400035,2024-11-26,2024-25,WAS,CHI,0,0.34218222
0022400036,2024-11-26,2024-25,MIA,MIL,0,0.5703486
0022400037,2024-11-26,2024-25,MIN,HOU,0,0.48044786
0022400038,2024-11-26,2024-25,UTA,SAS,0,0.34205067
0022400039,2024-11-26,2024-25,PHX,LAL,1,0.5333069
0022400286,2024-11-27,2024-25,CHA,MIA,0,0.37224296
0022400287,2024-11-27,2024-25,CLE,ATL,0,0.78896654
0022400288,2024-11-27,2024-25,IND,POR,1,0.7066825
0022400289,2024-11-27,2024-25,ORL,CHI,1,0.7559368
0022400290,2024-11-27,2024-25,PHI,HOU,0,0.3579776
0022400291,2024-11-27,2024-25,WAS,LAC,0,0.21959789
0022400292,2024-11-27,2024-25,DAL,NYK,1,0.48600873
0022400293,2024-11-27,2024-25,MEM,DET,1,0.790412
0022400294,2024-11-27,2024-25,MIN,SAC,0,0.46273765
0022400295,2024-11-27,2024-25,NOP,TOR,0,0.40304485
0022400296,2024-11-27,2024-25,SAS,LAL,0,0.6071409
0022400297,2024-11-27,2024-25,PHX,BKN,0,0.6824577
0022400298,2024-11-27,2024-25,UTA,DEN,0,0.21579352
0022400299,2024-11-27,2024-25,GSW,OKC,0,0.45753306
0022400040,2024-11-29,2024-25,CHA,NYK,0,0.2239282
0022400041,2024-11-29,2024-25,ATL,CLE,1,0.39120722
0022400042,2024-11-29,2024-25,MEM,NOP,1,0.8538835
0022400043,2024-11-29,2024-25,BKN,ORL,0,0.43074194
0022400044,2024-11-29,2024-25,MIN,LAC,1,0.53832096
0022400045,2024-11-29,2024-25,IND,DET,0,0.6646558
0022400046,2024-11-29,2024-25,MIA,TOR,1,0.67115647
0022400047,2024-11-29,2024-25,CHI,BOS,0,0.27938554
0022400048,2024-11-29,2024-25,LAL,OKC,0,0.329296
0022400049,2024-11-29,2024-25,POR,SAC,1,0.29217917
0022400300,2024-11-30,2024-25,CHA,ATL,0,0.36351264
0022400301,2024-11-30,2024-25,DET,PHI,0,0.6082309
0022400302,2024-11-30,2024-25,MIL,WAS,1,0.84077626
0022400303,2024-11-30,2024-25,PHX,GSW,1,0.5431701
0022400304,2024-11-30,2024-25,UTA,DAL,0,0.19195674
0022400305,2024-12-01,2024-25,BKN,ORL,0,0.31855235
0022400306,2024-12-01,2024-25,MEM,IND,1,0.79289705
0022400307,2024-12-01,2024-25,CLE,BOS,1,0.44541848
0022400308,2024-12-01,2024-25,NYK,NOP,1,0.8610451
0022400309,2024-12-01,2024-25,TOR,MIA,1,0.46461648
0022400310,2024-12-01,2024-25,HOU,OKC,1,0.44805846
0022400311,2024-12-01,2024-25,UTA,LAL,0,0.26332104
0022400312,2024-12-01,2024-25,POR,DAL,0,0.3585766
0022400313,2024-12-01,2024-25,SAC,SAS,0,0.63854355
0022400314,2024-12-01,2024-25,LAC,DEN,1,0.49774513
0022400315,2024-12-02,2024-25,ATL,NOP,1,0.7909986
0022400316,2024-12-02,2024-25,BOS,MIA,1,0.75979495
0022400317,2024-12-02,2024-25,CHI,BKN,1,0.7112383
0022400318,2024-12-02,2024-25,MIN,LAL,1,0.7088807
0022400050,2024-12-03,2024-25,CHA,PHI,0,0.4214632
0022400051,2024-12-03,2024-25,CLE,WAS,1,0.8825511
0022400052,2024-12-03,2024-25,DET,MIL,0,0.33165455
0022400053,2024-12-03,2024-25,NYK,ORL,1,0.5928638
0022400054,2024-12-03,2024-25,TOR,IND,1,0.6007459
0022400055,2024-12-03,2024-25,OKC,UTA,1,0.910136
0022400056,2024-12-03,2024-25,DAL,MEM,1,0.54268163
0022400057,2024-12-03,2024-25,PHX,SAS,1,0.61830205
0022400058,2024-12-03,2024-25,DEN,GSW,1,0.58174354
0022400059,2024-12-03,2024-25,SAC,HOU,1,0.50762033
0022400060,2024-12-03,2024-25,LAC,POR,1,0.7794971
0022400319,2024-12-04,2024-25,BOS,DET,1,0.8499376
0022400320,2024-12-04,2024-25,BKN,IND,1,0.45730877
0022400321,2024-12-04,2024-25,MIA,LAL,1,0.6153403
0022400322,2024-12-04,2024-25,PHI,ORL,0,0.38605723
0022400323,2024-12-04,2024-25,MIL,ATL,0,0.6144196
0022400324,2024-12-04,2024-25,LAC,MIN,0,0.48611093
0022400325,2024-12-05,2024-25,CLE,DEN,1,0.5916635
0022400326,2024-12-05,2024-25,WAS,DAL,0,0.15232256
0022400327,2024-12-05,2024-25,NYK,CHA,1,0.87486774
0022400328,2024-12-05,2024-25,TOR,OKC,0,0.2960423
0022400329,2024-12-05,2024-25,MEM,SAC,1,0.65172774
0022400330,2024-12-05,2024-25,NOP,PHX,1,0.28871822
0022400331,2024-12-05,2024-25,SAS,CHI,0,0.5665551
0022400332,2024-12-05,2024-25,GSW,HOU,1,0.54067826
0022400333,2024-12-06,2024-25,PHI,ORL,1,0.30424428
0022400334,2024-12-06,2024-25,ATL,LAL,1,0.67223704
0022400335,2024-12-06,2024-25,BOS,MIL,1,0.7076062
0022400336,2024-12-06,2024-25,CHI,IND,0,0.587761
0022400337,2024-12-06,2024-25,SAS,SAC,0,0.4139867
0022400338,2024-12-06,2024-25,GSW,MIN,0,0.38022542
0022400339,2024-12-06,2024-25,POR,UTA,0,0.62993467
0022400340,2024-12-07,2024-25,CHA,CLE,0,0.17429243
0022400341,2024-12-07,2024-25,WAS,DEN,1,0.14988984
0022400342,2024-12-07,2024-25,NOP,OKC,0,0.17407085
0022400343,2024-12-07,2024-25,NYK,DET,0,0.7266151
0022400344,2024-12-07,2024-25,TOR,DAL,0,0.29968733
0022400345,2024-12-07,2024-25,BOS,MEM,0,0.64030653
0022400346,2024-12-07,2024-25,MIA,PHX,1,0.6235904
0022400347,2024-12-08,2024-25,CHI,PHI,0,0.618285
0022400348,2024-12-08,2024-25,BKN,MIL,0,0.3237583
0022400349,2024-12-08,2024-25,IND,CHA,0,0.80745906
0022400350,2024-12-08,2024-25,ATL,DEN,0,0.55661035
0022400351,2024-12-08,2024-25,MIA,CLE,1,0.5099493
0022400352,2024-12-08,2024-25,ORL,PHX,1,0.719017
0022400353,2024-12-08,2024-25,WAS,MEM,0,0.17152147
0022400354,2024-12-08,2024-25,SAS,NOP,1,0.6210991
0022400355,2024-12-08,2024-25,GSW,MIN,1,0.5191448
0022400356,2024-12-08,2024-25,LAC,HOU,0,0.37719616
0022400357,2024-12-08,2024-25,SAC,UTA,1,0.8200619
0022400358,2024-12-08,2024-25,LAL,POR,1,0.7240381
0022400359,2024-12-09,2024-25,TOR,NYK,0,0.36453202
0022401201,2024-12-10,2024-25,MIL,ORL,1,0.64358765
0022401203,2024-12-10,2024-25,OKC,DAL,1,0.68889666
0022401202,2024-12-11,2024-25,NYK,ATL,0,0.7855547
0022401204,2024-12-11,2024-25,HOU,GSW,1,0.54585046
0022401205,2024-12-12,2024-25,BOS,DET,1,0.814638
0022401206,2024-12-12,2024-25,MIA,TOR,1,0.7654773
0022401207,2024-12-12,2024-25,NOP,SAC,0,0.26268908
0022401208,2024-12-13,2024-25,CLE,WAS,1,0.90721214
0022401209,2024-12-13,2024-25,PHI,IND,0,0.6281393
0022401210,2024-12-13,2024-25,MIN,LAL,1,0.7510761
0022401211,2024-12-13,2024-25,MEM,BKN,1,0.7736851
0022401212,2024-12-13,2024-25,CHI,CHA,1,0.80535495
0022401213,2024-12-13,2024-25,DEN,LAC,1,0.74749255
0022401214,2024-12-13,2024-25,UTA,PHX,0,0.3863503
0022401215,2024-12-13,2024-25,POR,SAS,0,0.42690086
0022401216,2024-12-15,2024-25,IND,NOP,1,0.63130075
0022401217,2024-12-15,2024-25,WAS,BOS,0,0.10552707
0022401218,2024-12-15,2024-25,SAS,MIN,0,0.3943326
0022401219,2024-12-15,2024-25,PHX,POR,1,0.7736294
0022401220,2024-12-15,2024-25,LAL,MEM,1,0.37848327
0022401227,2024-12-15,2024-25,ORL,NYK,0,0.46133015
0022401228,2024-12-15,2024-25,GSW,DAL,0,0.42190585
0022401221,2024-12-16,2024-25,DET,MIA,1,0.39066342
0022401222,2024-12-16,2024-25,CHA,PHI,0,0.34246182
0022401223,2024-12-16,2024-25,TOR,CHI,0,0.48123074
0022401224,2024-12-16,2024-25,BKN,CLE,0,0.2957714
0022401225,2024-12-16,2024-25,SAC,DEN,0,0.5606417
0022401226,2024-12-16,2024-25,LAC,UTA,1,0.7207159
0022400360,2024-12-19,2024-25,DET,UTA,0,0.7158637
0022400361,2024-12-19,2024-25,ORL,OKC,0,0.29139864
0022400362,2024-12-19,2024-25,WAS,CHA,1,0.4368718
0022400363,2024-12-19,2024-25,BOS,CHI,0,0.83680946
0022400364,2024-12-19,2024-25,TOR,BKN,0,0.55511713
0022400365,2024-12-19,2024-25,HOU,NOP,1,0.8148173
0022400366,2024-12-19,2024-25,MEM,GSW,1,0.66007465
0022400367,2024-12-19,2024-25,MIN,NYK,0,0.5411834
0022400368,2024-12-19,2024-25,DAL,LAC,0,0.7714789
0022400369,2024-12-19,2024-25,PHX,IND,0,0.6600388
0022400370,2024-12-19,2024-25,SAS,ATL,1,0.49823055
0022400371,2024-12-19,2024-25,POR,DEN,1,0.24834958
0022400372,2024-12-19,2024-25,SAC,LAL,0,0.6896557
0022400373,2024-12-20,2024-25,PHI,CHA,1,0.7466667
0022400374,2024-12-20,2024-25,CLE,MIL,1,0.59600306
0022400375,2024-12-20,2024-25,MIA,OKC,0,0.45566714
0022400376,2024-12-21,2024-25,SAC,LAL,0,0.69648755
0022400377,2024-12-21,2024-25,ORL,MIA,1,0.60417104
0022400378,2024-12-21,2024-25,ATL,MEM,0,0.36888406
0022400379,2024-12-21,2024-25,BKN,UTA,0,0.59562564
0022400380,2024-12-21,2024-25,CLE,PHI,1,0.7720729
0022400381,2024-12-21,2024-25,CHI,BOS,0,0.29808107
0022400382,2024-12-21,2024-25,MIL,WAS,1,0.81467396
0022400383,2024-12-21,2024-25,MIN,GSW,0,0.6843574
0022400384,2024-12-21,2024-25,NOP,NYK,0,0.2495385
0022400385,2024-12-21,2024-25,DAL,LAC,1,0.54349923
0022400386,2024-12-21,2024-25,SAS,POR,1,0.65860695
0022400387,2024-12-21,2024-25,PHX,DET,0,0.6732516
0022400388,2024-12-22,2024-25,TOR,HOU,0,0.2756865
0022400389,2024-12-22,2024-25,SAC,IND,0,0.58669215
0022400390,2024-12-22,2024-25,NOP,DEN,0,0.19168454
0022400391,2024-12-23,2024-25,CHA,HOU,0,0.27292833
0022400392,2024-12-23,2024-25,CLE,UTA,1,0.84229934
0022400393,2024-12-23,2024-25,ORL,BOS,1,0.3593631
0022400394,2024-12-23,2024-25,PHI,SAS,1,0.44442922
0022400395,2024-12-23,2024-25,ATL,MIN,1,0.35142606
0022400396,2024-12-23,2024-25,MIA,BKN,1,0.7635823
0022400397,2024-12-23,2024-25,NYK,TOR,1,0.89226025
0022400398,2024-12-23,2024-25,CHI,MIL,0,0.50858146
0022400399,2024-12-23,2024-25,MEM,LAC,0,0.6981653
0022400400,2024-12-23,2024-25,OKC,WAS,1,0.9432156
0022400401,2024-12-23,2024-25,DAL,POR,1,0.8050751
0022400402,2024-12-23,2024-25,DEN,PHX,1,0.60008305
0022400403,2024-12-23,2024-25,GSW,IND,0,0.59360236
0022400404,2024-12-23,2024-25,LAL,DET,0,0.5734047
0022400405,2024-12-25,2024-25,NYK,SAS,1,0.7402163
0022400406,2024-12-25,2024-25,DAL,MIN,0,0.6628513
0022400407,2024-12-25,2024-25,BOS,PHI,0,0.8146528
0022400408,2024-12-25,2024-25,GSW,LAL,0,0.57896316
0022400409,2024-12-25,2024-25,PHX,DEN,1,0.42591608
0022400410,2024-12-26,2024-25,IND,OKC,0,0.30605748
0022400411,2024-12-26,2024-25,ORL,MIA,0,0.6322498
0022400412,2024-12-26,2024-25,WAS,CHA,1,0.50328535
0022400413,2024-12-26,2024-25,ATL,CHI,1,0.57335234
0022400414,2024-12-26,2024-25,MEM,TOR,1,0.8596085
0022400415,2024-12-26,2024-25,MIL,BKN,0,0.8121176
0022400416,2024-12-26,2024-25,NOP,HOU,0,0.31534562
0022400417,2024-12-26,2024-25,POR,UTA,1,0.5226988
0022400418,2024-12-26,2024-25,SAC,DET,0,0.6386949
0022400419,2024-12-27,2024-25,ORL,NYK,0,0.33918208
0022400420,2024-12-27,2024-25,BOS,IND,1,0.79194725
0022400421,2024-12-27,2024-25,BKN,SAS,0,0.30760843
0022400422,2024-12-27,2024-25,HOU,MIN,0,0.47006926
0022400423,2024-12-27,2024-25,NOP,MEM,0,0.17805533
0022400424,2024-12-27,2024-25,DEN,CLE,0,0.53643435
0022400425,2024-12-27,2024-25,PHX,DAL,0,0.41727787
0022400426,2024-12-27,2024-25,LAC,GSW,1,0.6596874
0022400427,2024-12-28,2024-25,ATL,MIA,1,0.55742675
0022400428,2024-12-28,2024-25,CHA,OKC,0,0.15142791
0022400429,2024-12-28,2024-25,WAS,NYK,0,0.1975093
0022400430,2024-12-28,2024-25,CHI,MIL,1,0.45334053
0022400431,2024-12-28,2024-25,GSW,PHX,1,0.46345338
0022400432,2024-12-28,2024-25,DEN,DET,1,0.6662036
0022400433,2024-12-28,2024-25,UTA,PHI,0,0.3015664
0022400434,2024-12-28,2024-25,POR,DAL,1,0.3447994
0022400435,2024-12-28,2024-25,LAL,SAC,1,0.5861843
0022400436,2024-12-29,2024-25,ORL,BKN,1,0.8010914
0022400437,2024-12-29,2024-25,BOS,IND,0,0.83173156
0022400438,2024-12-29,2024-25,TOR,ATL,0,0.51154417
0022400439,2024-12-29,2024-25,HOU,MIA,0,0.71344596
0022400440,2024-12-29,2024-25,OKC,MEM,1,0.5426493
0022400441,2024-12-29,2024-25,MIN,SAS,1,0.6782468
0022400442,2024-12-30,2024-25,CHA,CHI,0,0.31941012
0022400443,2024-12-30,2024-25,WAS,NYK,0,0.16185656
0022400444,2024-12-30,2024-25,NOP,LAC,0,0.2485047
0022400445,2024-12-30,2024-25,UTA,DEN,0,0.26831815
0022400446,2024-12-30,2024-25,GSW,CLE,0,0.37312746
0022400447,2024-12-30,2024-25,POR,PHI,0,0.36212498
0022400448,2024-12-30,2024-25,SAC,DAL,1,0.5830473
0022400449,2024-12-31,2024-25,BOS,TOR,1,0.87885725
0022400450,2024-12-31,2024-25,IND,MIL,0,0.4724526
0022400451,2024-12-31,2024-25,SAS,LAC,1,0.5391358
0022400452,2024-12-31,2024-25,OKC,MIN,1,0.74804235
0022400453,2024-12-31,2024-25,PHX,MEM,0,0.45029536
0022400454,2024-12-31,2024-25,LAL,CLE,0,0.4261462
0022400455,2025-01-01,2024-25,DET,ORL,1,0.50794894
0022400456,2025-01-01,2024-25,WAS,CHI,1,0.29561374
0022400457,2025-01-01,2024-25,MIA,NOP,1,0.77551776
0022400458,2025-01-01,2024-25,NYK,UTA,1,0.87236917
0022400459,2025-01-01,2024-25,TOR,BKN,1,0.53110284
0022400460,2025-01-01,2024-25,HOU,DAL,1,0.6784232
0022400461,2025-01-01,2024-25,DEN,ATL,1,0.7261093
0022400462,2025-01-01,2024-25,SAC,PHI,1,0.6041239
0022400463,2025-01-02,2024-25,MIA,IND,0,0.56238043
0022400464,2025-01-02,2024-25,MIN,BOS,0,0.39084908
0022400465,2025-01-02,2024-25,MIL,BKN,0,0.86698145
0022400466,2025-01-02,2024-25,OKC,LAC,1,0.8272179
0022400467,2025-01-02,2024-25,GSW,PHI,1,0.6560168
0022400468,2025-01-02,2024-25,LAL,POR,1,0.7921893
0022400469,2025-01-03,2024-25,DET,CHA,1,0.7710973
0022400470,2025-01-03,2024-25,TOR,ORL,0,0.4418815
0022400471,2025-01-03,2024-25,HOU,BOS,0,0.44263983
0022400472,2025-01-03,2024-25,NOP,WAS,1,0.63335365
0022400473,2025-01-03,2024-25,OKC,NYK,1,0.6285083
0022400474,2025-01-03,2024-25,DAL,CLE,0,0.3332108
0022400475,2025-01-03,2024-25,DEN,SAS,0,0.7439048
0022400476,2025-01-03,2024-25,SAC,MEM,1,0.5213084
0022400477,2025-01-03,2024-25,LAL,ATL,1,0.52766293
0022400478,2025-01-04,2024-25,BKN,PHI,0,0.36294717
0022400479,2025-01-04,2024-25,DET,MIN,1,0.3466107
0022400480,2025-01-04,2024-25,IND,PHX,1,0.5491766
0022400481,2025-01-04,2024-25,MIA,UTA,0,0.77509564
0022400482,2025-01-04,2024-25,CHI,NYK,1,0.39780754
0022400483,2025-01-04,2024-25,MIL,POR,0,0.833147
0022400484,2025-01-04,2024-25,SAS,DEN,0,0.4538567
0022400485,2025-01-04,2024-25,GSW,MEM,1,0.5444852
0022400486,2025-01-04,2024-25,LAC,ATL,1,0.61664194
0022400487,2025-01-05,2024-25,OKC,BOS,1,0.6450351
0022400488,2025-01-05,2024-25,CLE,CHA,1,0.91101146
0022400489,2025-01-05,2024-25,WAS,NOP,0,0.51602954
0022400490,2025-01-05,2024-25,ORL,UTA,0,0.7384265
0022400491,2025-01-05,2024-25,HOU,LAL,1,0.57496023
0022400492,2025-01-05,2024-25,GSW,SAC,0,0.46866915
0022400493,2025-01-06,2024-25,DET,POR,1,0.7260555
0022400494,2025-01-06,2024-25,PHI,PHX,0,0.56237084
0022400495,2025-01-06,2024-25,BKN,IND,0,0.22705063
0022400496,2025-01-06,2024-25,NYK,ORL,0,0.80510885
0022400497,2025-01-06,2024-25,TOR,MIL,0,0.36621386
0022400498,2025-01-06,2024-25,CHI,SAS,1,0.55567473
0022400499,2025-01-06,2024-25,MEM,DAL,1,0.7040673
0022400500,2025-01-06,2024-25,MIN,LAC,1,0.57401925
0022400501,2025-01-06,2024-25,SAC,MIA,1,0.634476
0022400502,2025-01-07,2024-25,CHA,PHX,1,0.37530673
0022400503,2025-01-07,2024-25,WAS,HOU,0,0.25295392
0022400504,2025-01-07,2024-25,DAL,LAL,1,0.44938743
0022400505,2025-01-07,2024-25,NOP,MIN,0,0.3791501
0022400506,2025-01-07,2024-25,UTA,ATL,0,0.52843624
0022400507,2025-01-07,2024-25,DEN,BOS,0,0.47778386
0022400508,2025-01-07,2024-25,GSW,MIA,0,0.6875359
0022400509,2025-01-08,2024-25,CLE,OKC,1,0.4542156
0022400510,2025-01-08,2024-25,IND,CHI,1,0.6132292
0022400511,2025-01-08,2024-25,NYK,TOR,1,0.8227691
0022400512,2025-01-08,2024-25,PHI,WAS,1,0.84793186
0022400513,2025-01-08,2024-25,BKN,DET,0,0.2553665
0022400514,2025-01-08,2024-25,NOP,POR,0,0.6010248
0022400515,2025-01-08,2024-25,DEN,LAC,1,0.4666798
0022400516,2025-01-08,2024-25,MIL,SAS,1,0.67956775
0022400517,2025-01-09,2024-25,CLE,TOR,1,0.8832329
0022400518,2025-01-09,2024-25,DET,GSW,0,0.47976235
0022400519,2025-01-09,2024-25,ORL,MIN,0,0.5014241
0022400520,2025-01-09,2024-25,MEM,HOU,0,0.6071821
0022400521,2025-01-09,2024-25,DAL,POR,1,0.79826033
0022400522,2025-01-09,2024-25,PHX,ATL,1,0.64470404
0022400523,2025-01-09,2024-25,UTA,MIA,0,0.48646712
0022400525,2025-01-10,2024-25,IND,GSW,1,0.68379617
0022400526,2025-01-10,2024-25,ORL,MIL,0,0.3878656
0022400527,2025-01-10,2024-25,PHI,NOP,0,0.74086654
0022400528,2025-01-10,2024-25,BOS,SAC,0,0.75138557
0022400529,2025-01-10,2024-25,NYK,OKC,0,0.35004213
0022400530,2025-01-10,2024-25,CHI,WAS,1,0.81611484
0022400531,2025-01-10,2024-25,DEN,BKN,1,0.90074444
0022400533,2025-01-11,2024-25,PHX,UTA,1,0.7328383
0022400534,2025-01-11,2024-25,DET,TOR,1,0.64261836
0022400535,2025-01-11,2024-25,MIN,MEM,0,0.45475563
0022400536,2025-01-11,2024-25,POR,MIA,0,0.3606947
0022400539,2025-01-12,2024-25,NYK,MIL,1,0.5636896
0022400540,2025-01-12,2024-25,DAL,DEN,0,0.40105233
0022400541,2025-01-12,2024-25,CHI,SAC,0,0.4604528
0022400542,2025-01-12,2024-25,BOS,NOP,1,0.91886944
0022400543,2025-01-12,2024-25,CLE,IND,0,0.73285174
0022400544,2025-01-12,2024-25,ORL,PHI,1,0.60504293
0022400545,2025-01-12,2024-25,WAS,OKC,0,0.07940971
0022400546,2025-01-12,2024-25,UTA,BKN,1,0.7480428
0022400547,2025-01-12,2024-25,PHX,CHA,1,0.6570664
0022400548,2025-01-13,2024-25,WAS,MIN,0,0.18615419
0022400549,2025-01-13,2024-25,NYK,DET,0,0.6662656
0022400550,2025-01-13,2024-25,TOR,GSW,1,0.5882807
0022400551,2025-01-13,2024-25,HOU,MEM,1,0.4679222
0022400552,2025-01-13,2024-25,LAL,SAS,0,0.6619576
0022400553,2025-01-13,2024-25,LAC,MIA,1,0.6099771
0022400554,2025-01-14,2024-25,IND,CLE,0,0.40041173
0022400555,2025-01-14,2024-25,PHI,OKC,0,0.20947686
0022400556,2025-01-14,2024-25,ATL,PHX,1,0.5104516
0022400557,2025-01-14,2024-25,CHI,NOP,0,0.6943195
0022400558,2025-01-14,2024-25,MIL,SAC,1,0.5341186
0022400559,2025-01-14,2024-25,DAL,DEN,0,0.38488016
0022400560,2025-01-14,2024-25,POR,BKN,0,0.647585
0022400561,2025-01-15,2024-25,PHI,NYK,0,0.22847258
0022400562,2025-01-15,2024-25,TOR,BOS,1,0.18751158
0022400563,2025-01-15,2024-25,CHI,ATL,0,0.6044214
0022400564,2025-01-15,2024-25,MIL,ORL,1,0.65594745
0022400565,2025-01-15,2024-25,MIN,GSW,0,0.7286996
0022400566,2025-01-15,2024-25,NOP,DAL,1,0.4131712
0022400567,2025-01-15,2024-25,SAS,MEM,0,0.3810657
0022400568,2025-01-15,2024-25,DEN,HOU,0,0.6054815
0022400569,2025-01-15,2024-25,UTA,CHA,0,0.48203498
0022400570,2025-01-15,2024-25,LAL,MIA,1,0.6165629
0022400571,2025-01-15,2024-25,LAC,BKN,1,0.84198415
0022400572,2025-01-16,2024-25,DET,IND,0,0.5418417
0022400573,2025-01-16,2024-25,WAS,PHX,0,0.24051331
0022400574,2025-01-16,2024-25,OKC,CLE,1,0.70029473
0022400575,2025-01-16,2024-25,POR,LAC,0,0.28407425
0022400576,2025-01-16,2024-25,SAC,HOU,1,0.6097262
0022400577,2025-01-17,2024-25,BOS,ORL,1,0.83453053
0022400578,2025-01-17,2024-25,NYK,MIN,0,0.69203097
0022400579,2025-01-17,2024-25,MIA,DEN,0,0.51315254
0022400580,2025-01-17,2024-25,MIL,TOR,1,0.7842076
0022400581,2025-01-17,2024-25,NOP,UTA,1,0.683536
0022400582,2025-01-17,2024-25,SAS,MEM,0,0.36621076
0022400583,2025-01-17,2024-25,DAL,OKC,1,0.24870111
0022400584,2025-01-17,2024-25,CHI,CHA,0,0.6171361
0022400585,2025-01-17,2024-25,LAL,BKN,1,0.8883499
0022400586,2025-01-18,2024-25,DET,PHX,0,0.49432033
0022400587,2025-01-18,2024-25,BOS,ATL,0,0.81280065
0022400588,2025-01-18,2024-25,IND,PHI,1,0.711683
0022400589,2025-01-18,2024-25,GSW,WAS,1,0.7770872
0022400590,2025-01-18,2024-25,MIN,CLE,0,0.31592387
0022400591,2025-01-18,2024-25,POR,HOU,0,0.19934805
0022400592,2025-01-19,2024-25,MIA,SAS,1,0.64924264
0022400593,2025-01-19,2024-25,ORL,DEN,0,0.28076905
0022400594,2025-01-19,2024-25,MIL,PHI,1,0.81713766
0022400595,2025-01-19,2024-25,OKC,BKN,1,0.93398017
0022400596,2025-01-19,2024-25,LAC,LAL,1,0.60176754
0022400597,2025-01-19,2024-25,POR,CHI,1,0.30204642
0022400598,2025-01-19,2024-25,SAC,WAS,1,0.9129202
0022400599,2025-01-20,2024-25,CHA,DAL,1,0.41938192
0022400600,2025-01-20,2024-25,HOU,DET,0,0.74773914
0022400601,2025-01-20,2024-25,MEM,MIN,1,0.6937659
0022400602,2025-01-20,2024-25,NYK,ATL,1,0.6345106
0022400603,2025-01-20,2024-25,CLE,PHX,1,0.80699086
0022400604,2025-01-20,2024-25,GSW,BOS,0,0.26039824
0022400605,2025-01-20,2024-25,NOP,UTA,1,0.75977373
0022400611,2025-01-20,2024-25,LAC,CHI,0,0.7614896
0022400606,2025-01-21,2024-25,BKN,NYK,0,0.23793074
0022400607,2025-01-21,2024-25,MIA,POR,0,0.81318724
0022400608,2025-01-21,2024-25,TOR,ORL,1,0.5065435
0022400609,2025-01-21,2024-25,DEN,PHI,1,0.80940586
0022400610,2025-01-21,2024-25,LAL,WAS,1,0.84965974
0022400612,2025-01-22,2024-25,ATL,DET,0,0.67053914
0022400613,2025-01-22,2024-25,BKN,PHX,0,0.2687363
0022400614,2025-01-22,2024-25,DAL,MIN,0,0.6416255
0022400615,2025-01-22,2024-25,HOU,CLE,1,0.4626622
0022400616,2025-01-22,2024-25,MEM,CHA,1,0.7650028
0022400618,2025-01-22,2024-25,OKC,UTA,1,0.935941
0022400619,2025-01-22,2024-25,SAC,GSW,1,0.8048476
0022400620,2025-01-22,2024-25,LAC,BOS,0,0.30425948
0022400622,2025-01-23,2024-25,ORL,POR,0,0.6407032
0022400623,2025-01-23,2024-25,ATL,TOR,0,0.6706139
0022400624,2025-01-23,2024-25,MIL,MIA,1,0.72118056
0022400625,2025-01-23,2024-25,OKC,DAL,0,0.8243856
0022400626,2025-01-23,2024-25,DEN,SAC,1,0.71458256
0022400628,2025-01-23,2024-25,GSW,CHI,1,0.4393988
0022400629,2025-01-23,2024-25,LAL,BOS,1,0.46902102
0022400983,2025-01-23,2024-25,LAC,WAS,1,0.7248562
0022400630,2025-01-24,2024-25,CHA,POR,0,0.74480325
0022400631,2025-01-24,2024-25,PHI,CLE,1,0.24827178
0022400632,2025-01-24,2024-25,MEM,NOP,1,0.77715683
0022400634,2025-01-25,2024-25,MIN,DEN,1,0.39704114
0022400635,2025-01-25,2024-25,DAL,BOS,0,0.40549994
0022400636,2025-01-25,2024-25,BKN,MIA,0,0.22211833
0022400637,2025-01-25,2024-25,CHA,NOP,1,0.47539887
0022400638,2025-01-25,2024-25,ORL,DET,1,0.5146618
0022400639,2025-01-25,2024-25,ATL,TOR,0,0.70805657
0022400640,2025-01-25,2024-25,CLE,HOU,0,0.592019
0022400641,2025-01-25,2024-25,NYK,SAC,1,0.59063804
0022400642,2025-01-25,2024-25,CHI,PHI,0,0.6321698
0022400643,2025-01-25,2024-25,MEM,UTA,1,0.76622504
0022400644,2025-01-25,2024-25,GSW,LAL,0,0.42116153
0022400645,2025-01-25,2024-25,PHX,WAS,1,0.8279452
0022400646,2025-01-25,2024-25,LAC,MIL,1,0.5068259
0022400647,2025-01-26,2024-25,POR,OKC,0,0.14641343
0022400648,2025-01-27,2024-25,CHA,LAL,0,0.3838276
0022400649,2025-01-27,2024-25,CLE,DET,1,0.78036743
0022400650,2025-01-27,2024-25,BOS,HOU,0,0.6524923
0022400651,2025-01-27,2024-25,BKN,SAC,0,0.17310506
0022400652,2025-01-27,2024-25,MIA,ORL,1,0.5581743
0022400653,2025-01-27,2024-25,NYK,MEM,1,0.58272845
0022400654,2025-01-27,2024-25,TOR,NOP,1,0.6145035
0022400655,2025-01-27,2024-25,CHI,DEN,1,0.29242092
0022400656,2025-01-27,2024-25,MIN,ATL,1,0.74067646
0022400657,2025-01-27,2024-25,DAL,WAS,1,0.833305
0022400658,2025-01-27,2024-25,UTA,MIL,0,0.21739665
0022400659,2025-01-27,2024-25,PHX,LAC,1,0.48944172
0022400532,2025-01-28,2024-25,ATL,HOU,0,0.24411757
0022400660,2025-01-28,2024-25,PHI,LAL,1,0.46958962
0022400661,2025-01-28,2024-25,GSW,UTA,1,0.773556
0022400662,2025-01-28,2024-25,POR,MIL,1,0.32005736
0022400663,2025-01-29,2024-25,CHA,BKN,0,0.8027274
0022400664,2025-01-29,2024-25,IND,DET,1,0.75424194
0022400665,2025-01-29,2024-25,WAS,TOR,0,0.3609611
0022400666,2025-01-29,2024-25,BOS,CHI,1,0.78433263
0022400667,2025-01-29,2024-25,MIA,CLE,0,0.39613527
0022400668,2025-01-29,2024-25,NYK,DEN,1,0.52397007
0022400669,2025-01-29,2024-25,PHI,SAC,1,0.32074416
0022400670,2025-01-29,2024-25,NOP,DAL,0,0.45445585
0022400671,2025-01-29,2024-25,SAS,LAC,0,0.45492414
0022400672,2025-01-29,2024-25,PHX,MIN,0,0.55069697
0022400673,2025-01-29,2024-25,GSW,OKC,1,0.12709948
0022400674,2025-01-30,2024-25,WAS,LAL,0,0.1889387
0022400675,2025-01-30,2024-25,CLE,ATL,1,0.75314385
0022400676,2025-01-30,2024-25,MEM,HOU,1,0.5092106
0022400677,2025-01-30,2024-25,UTA,MIN,0,0.2792199
0022400678,2025-01-30,2024-25,POR,ORL,1,0.42823988
0022400679,2025-01-31,2024-25,CHA,LAC,0,0.20930614
0022400680,2025-01-31,2024-25,DET,DAL,1,0.4692936
0022400681,2025-01-31,2024-25,PHI,DEN,0,0.33429295
0022400682,2025-01-31,2024-25,TOR,CHI,0,0.61381006
0022400683,2025-01-31,2024-25,NOP,BOS,0,0.28929868
0022400684,2025-01-31,2024-25,SAS,MIL,1,0.41688132
0022400685,2025-01-31,2024-25,GSW,PHX,0,0.526564
0022400686,2025-02-01,2024-25,IND,ATL,1,0.79960203
0022400687,2025-02-01,2024-25,UTA,ORL,1,0.42339224
0022400688,2025-02-01,2024-25,CHA,DEN,0,0.16651191
0022400689,2025-02-01,2024-25,HOU,BKN,0,0.8881737
0022400690,2025-02-01,2024-25,MIN,WAS,0,0.89428556
0022400691,2025-02-01,2024-25,OKC,SAC,1,0.77073264
0022400692,2025-02-01,2024-25,NYK,LAL,0,0.7180227
0022400693,2025-02-01,2024-25,SAS,MIA,0,0.53605515
0022400694,2025-02-01,2024-25,POR,PHX,1,0.47599024
0022400695,2025-02-02,2024-25,DET,CHI,1,0.5909587
0022400696,2025-02-02,2024-25,CLE,DAL,1,0.7192268
0022400697,2025-02-02,2024-25,TOR,LAC,1,0.37975255
0022400698,2025-02-02,2024-25,PHI,BOS,0,0.3117965
0022400699,2025-02-02,2024-25,MIL,MEM,0,0.5686646
0022400700,2025-02-03,2024-25,CHA,WAS,0,0.64675844
0022400701,2025-02-03,2024-25,DET,ATL,0,0.6192665
0022400702,2025-02-03,2024-25,NYK,HOU,1,0.65464115
0022400703,2025-02-03,2024-25,MEM,SAS,1,0.6988734
0022400704,2025-02-03,2024-25,MIN,SAC,0,0.52240425
0022400705,2025-02-03,2024-25,OKC,MIL,1,0.83937365
0022400706,2025-02-03,2024-25,DEN,NOP,1,0.87018955
0022400707,2025-02-03,2024-25,UTA,IND,0,0.26456237
0022400708,2025-02-03,2024-25,GSW,ORL,1,0.61850804
0022400709,2025-02-03,2024-25,POR,PHX,1,0.47799847
0022400710,2025-02-04,2024-25,CLE,BOS,0,0.5706439
0022400711,2025-02-04,2024-25,BKN,HOU,1,0.347116
0022400712,2025-02-04,2024-25,PHI,DAL,1,0.69562495
0022400713,2025-02-04,2024-25,TOR,NYK,0,0.3702204
0022400714,2025-02-04,2024-25,CHI,MIA,1,0.53571004
0022400715,2025-02-04,2024-25,LAC,LAL,0,0.5573666
0022400716,2025-02-04,2024-25,POR,IND,1,0.37915736
0022400717,2025-02-05,2024-25,CHA,MIL,0,0.44803426
0022400718,2025-02-05,2024-25,DET,CLE,0,0.40797496
0022400719,2025-02-05,2024-25,ATL,SAS,0,0.51053625
0022400720,2025-02-05,2024-25,BKN,WAS,0,0.585758
0022400721,2025-02-05,2024-25,PHI,MIA,0,0.6146434
0022400722,2025-02-05,2024-25,TOR,MEM,0,0.27729484
0022400723,2025-02-05,2024-25,MIN,CHI,1,0.7325349
0022400724,2025-02-05,2024-25,OKC,PHX,1,0.8222003
0022400725,2025-02-05,2024-25,UTA,GSW,1,0.3970657
0022400726,2025-02-05,2024-25,DEN,NOP,1,0.85105187
0022400727,2025-02-05,2024-25,SAC,ORL,0,0.77535427
0022400728,2025-02-06,2024-25,BOS,DAL,0,0.8233148
0022400729,2025-02-06,2024-25,MIN,HOU,1,0.47629774
0022400730,2025-02-06,2024-25,DEN,ORL,1,0.81573576
0022400731,2025-02-06,2024-25,LAL,GSW,1,0.7962574
0022400732,2025-02-06,2024-25,POR,SAC,1,0.45661852
0022400733,2025-02-06,2024-25,LAC,IND,0,0.47131434
0022400734,2025-02-07,2024-25,CHA,SAS,1,0.30520657
0022400735,2025-02-07,2024-25,WAS,CLE,0,0.20166557
0022400736,2025-02-07,2024-25,ATL,MIL,1,0.4553632
0022400737,2025-02-07,2024-25,BKN,MIA,1,0.38010764
0022400738,2025-02-07,2024-25,DET,PHI,1,0.5749535
0022400739,2025-02-07,2024-25,OKC,TOR,1,0.9170605
0022400740,2025-02-07,2024-25,PHX,UTA,1,0.65588355
0022400741,2025-02-08,2024-25,DAL,HOU,1,0.48484713
0022400742,2025-02-08,2024-25,LAL,IND,1,0.6638648
0022400743,2025-02-08,2024-25,ORL,SAS,1,0.5009019
0022400744,2025-02-08,2024-25,WAS,ATL,0,0.3800963
0022400745,2025-02-08,2024-25,CHI,GSW,0,0.563214
0022400746,2025-02-08,2024-25,MEM,OKC,0,0.44410744
0022400747,2025-02-08,2024-25,MIN,POR,1,0.7430649
0022400748,2025-02-08,2024-25,NYK,BOS,0,0.5426296
0022400749,2025-02-08,2024-25,PHX,DEN,0,0.27738297
0022400750,2025-02-08,2024-25,SAC,NOP,1,0.802122
0022400751,2025-02-08,2024-25,LAC,UTA,1,0.82005656
0022400752,2025-02-09,2024-25,DET,CHA,1,0.7307718
0022400753,2025-02-09,2024-25,HOU,TOR,1,0.75202674
0022400754,2025-02-09,2024-25,MIL,PHI,1,0.49586642
0022400755,2025-02-10,2024-25,CLE,MIN,1,0.71473235
0022400756,2025-02-10,2024-25,ORL,ATL,0,0.5402084
0022400757,2025-02-10,2024-25,WAS,SAS,0,0.30315402
0022400758,2025-02-10,2024-25,BKN,CHA,1,0.6860193
0022400759,2025-02-10,2024-25,MIA,BOS,0,0.2773373
0022400760,2025-02-10,2024-25,MIL,GSW,0,0.45509648
0022400761,2025-02-10,2024-25,OKC,NOP,1,0.90478617
0022400762,2025-02-10,2024-25,DAL,SAC,0,0.5106097
0022400763,2025-02-10,2024-25,DEN,POR,1,0.83009756
0022400768,2025-02-10,2024-25,LAL,UTA,1,0.83343464
0022400764,2025-02-11,2024-25,PHI,TOR,0,0.77821255
0022400765,2025-02-11,2024-25,IND,NYK,0,0.5676719
0022400766,2025-02-11,2024-25,CHI,DET,0,0.44072184
0022400767,2025-02-11,2024-25,PHX,MEM,0,0.35937053
0022400769,2025-02-12,2024-25,BOS,SAS,1,0.7554946
0022400770,2025-02-12,2024-25,ORL,CHA,1,0.7026789
0022400771,2025-02-12,2024-25,WAS,IND,0,0.28901768
0022400772,2025-02-12,2024-25,BKN,PHI,1,0.3903456
0022400773,2025-02-12,2024-25,NYK,ATL,1,0.699412
0022400774,2025-02-12,2024-25,TOR,CLE,0,0.18530236
0022400775,2025-02-12,2024-25,CHI,DET,0,0.3835086
0022400776,2025-02-12,2024-25,MIN,MIL,0,0.6622167
0022400777,2025-02-12,2024-25,NOP,SAC,0,0.28272787
0022400778,2025-02-12,2024-25,OKC,MIA,1,0.8987031
0022400779,2025-02-12,2024-25,HOU,PHX,1,0.664562
0022400780,2025-02-12,2024-25,DEN,POR,1,0.84981155
0022400781,2025-02-12,2024-25,UTA,LAL,1,0.21001346
0022400782,2025-02-12,2024-25,DAL,GSW,1,0.5158867
0022400783,2025-02-12,2024-25,LAC,MEM,1,0.5578821
0022400784,2025-02-13,2024-25,HOU,GSW,0,0.55874056
0022400785,2025-02-13,2024-25,NOP,SAC,1,0.32292712
0022400786,2025-02-13,2024-25,DAL,MIA,1,0.59764683
0022400787,2025-02-13,2024-25,MIN,OKC,1,0.2854688
0022401004,2025-02-13,2024-25,UTA,LAC,0,0.30299675
0022400524,2025-02-19,2024-25,LAL,CHA,0,0.9020715
0022400788,2025-02-20,2024-25,IND,MEM,1,0.5504229
0022400789,2025-02-20,2024-25,PHI,BOS,0,0.20822443
0022400790,2025-02-20,2024-25,ATL,ORL,0,0.6154371
0022400791,2025-02-20,2024-25,BKN,CLE,0,0.19266243
0022400792,2025-02-20,2024-25,NYK,CHI,1,0.8048933
0022400793,2025-02-20,2024-25,MIL,LAC,1,0.4031617
0022400794,2025-02-20,2024-25,DEN,CHA,1,0.9042522
0022400795,2025-02-20,2024-25,SAS,PHX,1,0.6602696
0022400796,2025-02-20,2024-25,POR,LAL,0,0.34053424
0022400797,2025-02-21,2024-25,CLE,NYK,1,0.670495
0022400798,2025-02-21,2024-25,ORL,MEM,0,0.3858705
0022400799,2025-02-21,2024-25,WAS,MIL,0,0.30491883
0022400800,2025-02-21,2024-25,TOR,MIA,0,0.54141337
0022400801,2025-02-21,2024-25,HOU,MIN,1,0.4998015
0022400802,2025-02-21,2024-25,SAS,DET,0,0.38312984
0022400803,2025-02-21,2024-25,DAL,NOP,1,0.67988336
0022400804,2025-02-21,2024-25,UTA,OKC,0,0.1388029
0022400805,2025-02-21,2024-25,SAC,GSW,0,0.5261095
0022400806,2025-02-22,2024-25,CHI,PHX,0,0.4167863
0022400807,2025-02-22,2024-25,PHI,BKN,0,0.7418484
0022400808,2025-02-22,2024-25,DEN,LAL,0,0.70350623
0022400809,2025-02-22,2024-25,UTA,HOU,1,0.34165436
0022400810,2025-02-22,2024-25,POR,CHA,1,0.722997
0022400811,2025-02-23,2024-25,BOS,NYK,1,0.69603115
0022400812,2025-02-23,2024-25,GSW,DAL,1,0.65245456
0022400813,2025-02-23,2024-25,IND,LAC,1,0.5465483
0022400814,2025-02-23,2024-25,ATL,DET,0,0.42235512
0022400815,2025-02-23,2024-25,ORL,WAS,1,0.75943637
0022400816,2025-02-23,2024-25,TOR,PHX,1,0.41510755
0022400817,2025-02-23,2024-25,MIL,MIA,1,0.57798386
0022400818,2025-02-23,2024-25,NOP,SAS,1,0.45211935
0022400819,2025-02-23,2024-25,CLE,MEM,1,0.6949551
0022400820,2025-02-23,2024-25,MIN,OKC,0,0.31308284
0022400821,2025-02-24,2024-25,DET,LAC,1,0.64344996
0022400822,2025-02-24,2024-25,IND,DEN,0,0.4225028
0022400823,2025-02-24,2024-25,PHI,CHI,0,0.6876367
0022400824,2025-02-24,2024-25,WAS,BKN,1,0.36607966
0022400825,2025-02-24,2024-25,ATL,MIA,1,0.586074
0022400826,2025-02-24,2024-25,OKC,MIN,0,0.812481
0022400827,2025-02-24,2024-25,UTA,POR,0,0.38753492
0022400828,2025-02-24,2024-25,SAC,CHA,1,0.79178
0022400829,2025-02-25,2024-25,TOR,BOS,0,0.19030036
0022400830,2025-02-25,2024-25,ORL,CLE,0,0.23046169
0022400831,2025-02-25,2024-25,HOU,MIL,1,0.56005
0022400832,2025-02-25,2024-25,MEM,PHX,1,0.6687805
0022400833,2025-02-25,2024-25,NOP,SAS,1,0.4696327
0022400834,2025-02-25,2024-25,GSW,CHA,1,0.91066927
0022400835,2025-02-25,2024-25,LAL,DAL,1,0.76685286
0022400836,2025-02-26,2024-25,DET,BOS,1,0.5411288
0022400837,2025-02-26,2024-25,IND,TOR,1,0.83781624
0022400838,2025-02-26,2024-25,NYK,PHI,1,0.78922844
0022400839,2025-02-26,2024-25,WAS,POR,0,0.31858617
0022400840,2025-02-26,2024-25,BKN,OKC,0,0.10290081
0022400841,2025-02-26,2024-25,MIA,ATL,1,0.53774846
0022400842,2025-02-26,2024-25,CHI,LAC,0,0.39921016
0022400843,2025-02-26,2024-25,UTA,SAC,0,0.27253282
0022400844,2025-02-26,2024-25,HOU,SAS,1,0.6594404
0022400845,2025-02-27,2024-25,ORL,GSW,0,0.29720375
0022400846,2025-02-27,2024-25,MIL,DEN,1,0.43382955
0022400847,2025-02-27,2024-25,DAL,CHA,1,0.8588727
0022400848,2025-02-27,2024-25,PHX,NOP,0,0.7292795
0022400849,2025-02-27,2024-25,LAL,MIN,1,0.67999715
0022400850,2025-02-28,2024-25,DET,DEN,0,0.60414714
0022400851,2025-02-28,2024-25,ATL,OKC,0,0.18874575
0022400852,2025-02-28,2024-25,BOS,CLE,0,0.521946
0022400853,2025-02-28,2024-25,BKN,POR,0,0.40997726
0022400854,2025-02-28,2024-25,MIA,IND,1,0.4307631
0022400855,2025-02-28,2024-25,CHI,TOR,1,0.6763759
0022400856,2025-02-28,2024-25,MEM,NYK,0,0.5864146
0022400857,2025-02-28,2024-25,PHX,NOP,1,0.6558851
0022400858,2025-02-28,2024-25,UTA,MIN,1,0.30485216
0022400859,2025-02-28,2024-25,LAL,LAC,1,0.6075105
0022400860,2025-03-01,2024-25,CHA,WAS,0,0.53192806
0022400861,2025-03-01,2024-25,DET,BKN,1,0.8182973
0022400862,2025-03-01,2024-25,HOU,SAC,0,0.4884349
0022400863,2025-03-01,2024-25,MEM,SAS,0,0.7557031
0022400864,2025-03-01,2024-25,PHI,GSW,1,0.3148365
0022400865,2025-03-01,2024-25,DAL,MIL,0,0.5065435
0022400866,2025-03-02,2024-25,BOS,DEN,1,0.64497185
0022400867,2025-03-02,2024-25,CLE,POR,1,0.87039214
0022400868,2025-03-02,2024-25,IND,CHI,1,0.7650121
0022400869,2025-03-02,2024-25,MIA,NYK,0,0.4108784
0022400870,2025-03-02,2024-25,ORL,TOR,0,0.6514806
0022400871,2025-03-02,2024-25,SAS,OKC,0,0.13943374
0022400872,2025-03-02,2024-25,UTA,NOP,0,0.637453
0022400873,2025-03-02,2024-25,PHX,MIN,0,0.4974863
0022400874,2025-03-02,2024-25,LAL,LAC,1,0.678735
0022400875,2025-03-03,2024-25,CHA,GSW,0,0.16660894
0022400876,2025-03-03,2024-25,PHI,POR,0,0.5923176
0022400877,2025-03-03,2024-25,MIA,WAS,1,0.7785895
0022400878,2025-03-03,2024-25,MEM,ATL,0,0.6571076
0022400879,2025-03-03,2024-25,OKC,HOU,1,0.78139263
0022400880,2025-03-03,2024-25,DAL,SAC,0,0.48141018
0022400881,2025-03-03,2024-25,UTA,DET,0,0.185015
0022400882,2025-03-04,2024-25,IND,HOU,1,0.8554965
0022400883,2025-03-04,2024-25,ORL,TOR,0,0.6180887
0022400884,2025-03-04,2024-25,ATL,MIL,0,0.37616113
0022400885,2025-03-04,2024-25,NYK,GSW,0,0.6319403
0022400886,2025-03-04,2024-25,CHI,CLE,0,0.20658177
0022400887,2025-03-04,2024-25,MIN,PHI,1,0.85398984
0022400888,2025-03-04,2024-25,SAS,BKN,1,0.6728858
0022400889,2025-03-04,2024-25,PHX,LAC,1,0.504147
0022400890,2025-03-04,2024-25,LAL,NOP,1,0.83669204
0022400891,2025-03-05,2024-25,BOS,POR,1,0.77732277
0022400892,2025-03-05,2024-25,CHA,MIN,0,0.20888534
0022400893,2025-03-05,2024-25,CLE,MIA,1,0.74775875
0022400894,2025-03-05,2024-25,WAS,UTA,1,0.49502596
0022400895,2025-03-05,2024-25,MEM,OKC,0,0.24712606
0022400896,2025-03-05,2024-25,DEN,SAC,1,0.6997706
0022400897,2025-03-05,2024-25,MIL,DAL,1,0.6458295
0022400898,2025-03-05,2024-25,LAC,DET,1,0.3979362
0022400899,2025-03-06,2024-25,ATL,IND,1,0.3756105
0022400900,2025-03-06,2024-25,BOS,PHI,1,0.8218627
0022400901,2025-03-06,2024-25,BKN,GSW,0,0.20899975
0022400902,2025-03-06,2024-25,NOP,HOU,0,0.43114194
0022400903,2025-03-06,2024-25,LAL,NYK,1,0.6703048
0022400944,2025-03-06,2024-25,ORL,CHI,0,0.676376
0022400904,2025-03-07,2024-25,CHA,CLE,0,0.10918409
0022400905,2025-03-07,2024-25,TOR,UTA,1,0.7193108
0022400906,2025-03-07,2024-25,DAL,MEM,0,0.2877697
0022400907,2025-03-07,2024-25,MIA,MIN,0,0.41770542
0022400908,2025-03-07,2024-25,OKC,POR,1,0.8877888
0022400909,2025-03-07,2024-25,DEN,PHX,1,0.734052
0022400910,2025-03-07,2024-25,SAC,SAS,1,0.7208437
0022400911,2025-03-07,2024-25,LAC,NYK,1,0.51571596
0022400912,2025-03-08,2024-25,CHA,BKN,1,0.4036108
0022400913,2025-03-08,2024-25,HOU,NOP,1,0.73997486
0022400914,2025-03-08,2024-25,ATL,IND,1,0.47370774
0022400915,2025-03-08,2024-25,TOR,WAS,0,0.66623366
0022400916,2025-03-08,2024-25,MIA,CHI,0,0.6937229
0022400917,2025-03-08,2024-25,MIL,ORL,0,0.74837106
0022400918,2025-03-08,2024-25,BOS,LAL,1,0.50821304
0022400919,2025-03-08,2024-25,GSW,DET,1,0.6574293
0022400920,2025-03-09,2024-25,OKC,DEN,1,0.6260003
0022400921,2025-03-09,2024-25,DAL,PHX,0,0.37753353
0022400922,2025-03-09,2024-25,MIL,CLE,0,0.30905265
0022400923,2025-03-09,2024-25,NOP,MEM,0,0.25378194
0022400924,2025-03-09,2024-25,PHI,UTA,1,0.6286921
0022400925,2025-03-09,2024-25,MIN,SAS,1,0.8197343
0022400926,2025-03-09,2024-25,POR,DET,0,0.43691805
0022400927,2025-03-09,2024-25,LAC,SAC,1,0.6203964
0022400928,2025-03-10,2024-25,ATL,PHI,1,0.76783097
0022400929,2025-03-10,2024-25,BOS,UTA,1,0.9411297
0022400930,2025-03-10,2024-25,BKN,LAL,1,0.17969643
0022400931,2025-03-10,2024-25,MIA,CHA,0,0.8631288
0022400932,2025-03-10,2024-25,TOR,WAS,1,0.76240367
0022400933,2025-03-10,2024-25,CHI,IND,1,0.43826666
0022400934,2025-03-10,2024-25,HOU,ORL,1,0.7066577
0022400935,2025-03-10,2024-25,MEM,PHX,1,0.65133315
0022400936,2025-03-10,2024-25,OKC,DEN,0,0.78147584
0022400937,2025-03-10,2024-25,SAS,DAL,0,0.61810297
0022400938,2025-03-10,2024-25,GSW,POR,1,0.83937585
0022400939,2025-03-10,2024-25,SAC,NYK,0,0.48617268
0022400940,2025-03-11,2024-25,CLE,BKN,1,0.91245914
0022400941,2025-03-11,2024-25,DET,WAS,1,0.91894776
0022400942,2025-03-11,2024-25,IND,MIL,1,0.43537262
0022400943,2025-03-11,2024-25,NOP,LAC,1,0.20600039
0022400945,2025-03-12,2024-25,ATL,CHA,1,0.73225266
0022400946,2025-03-12,2024-25,BOS,OKC,0,0.38549843
0022400947,2025-03-12,2024-25,TOR,PHI,1,0.7054351
0022400948,2025-03-12,2024-25,MIA,LAC,0,0.49794993
0022400949,2025-03-12,2024-25,HOU,PHX,1,0.57356554
0022400950,2025-03-12,2024-25,MEM,UTA,1,0.8080601
0022400951,2025-03-12,2024-25,SAS,DAL,1,0.6139707
0022400952,2025-03-12,2024-25,DEN,MIN,0,0.6173708
0022400953,2025-03-12,2024-25,POR,NYK,0,0.4314035
0022400954,2025-03-13,2024-25,DET,WAS,0,0.8507245
0022400955,2025-03-13,2024-25,MIL,LAL,1,0.4591983
0022400956,2025-03-13,2024-25,CHI,BKN,1,0.6431391
0022400957,2025-03-13,2024-25,GSW,SAC,1,0.7599538
0022401141,2025-03-13,2024-25,NOP,ORL,0,0.55070704
0022400958,2025-03-14,2024-25,MIA,BOS,0,0.27588445
0022400959,2025-03-14,2024-25,PHI,IND,0,0.24427778
0022400960,2025-03-14,2024-25,ATL,LAC,0,0.5167588
0022400961,2025-03-14,2024-25,HOU,DAL,1,0.7807559
0022400962,2025-03-14,2024-25,MEM,CLE,0,0.4314278
0022400963,2025-03-14,2024-25,MIN,ORL,1,0.85765284
0022400964,2025-03-14,2024-25,SAS,CHA,0,0.6826742
0022400965,2025-03-14,2024-25,DEN,LAL,1,0.7048099
0022400966,2025-03-14,2024-25,UTA,TOR,0,0.54157513
0022400967,2025-03-14,2024-25,PHX,SAC,1,0.6338183
0022400968,2025-03-15,2024-25,BKN,BOS,0,0.22956233
0022400969,2025-03-15,2024-25,DET,OKC,0,0.32993278
0022400970,2025-03-15,2024-25,HOU,CHI,1,0.7106906
0022400971,2025-03-15,2024-25,MEM,MIA,1,0.70069826
0022400972,2025-03-15,2024-25,MIL,IND,1,0.62749606
0022400973,2025-03-15,2024-25,SAS,NOP,1,0.5299811
0022400974,2025-03-15,2024-25,GSW,NYK,1,0.6832117
0022400975,2025-03-15,2024-25,DEN,WAS,0,0.8456094
0022400538,2025-03-16,2024-25,LAC,CHA,1,0.80082446
0022400976,2025-03-16,2024-25,DAL,PHI,0,0.647973
0022400977,2025-03-16,2024-25,LAL,PHX,1,0.46728262
0022400978,2025-03-16,2024-25,BKN,ATL,1,0.41461942
0022400979,2025-03-16,2024-25,CLE,ORL,0,0.8411736
0022400980,2025-03-16,2024-25,POR,TOR,1,0.59348005
0022400981,2025-03-16,2024-25,MIN,UTA,1,0.9044017
0022400982,2025-03-16,2024-25,MIL,OKC,0,0.30449116
0022400537,2025-03-17,2024-25,LAL,SAS,1,0.77091885
0022400984,2025-03-17,2024-25,NYK,MIA,1,0.7385499
0022400985,2025-03-17,2024-25,HOU,PHI,1,0.8677863
0022400986,2025-03-17,2024-25,MIN,IND,0,0.6252365
0022400987,2025-03-17,2024-25,NOP,DET,0,0.2540799
0022400989,2025-03-17,2024-25,UTA,CHI,0,0.4246184
0022400990,2025-03-17,2024-25,GSW,DEN,0,0.5885464
0022400991,2025-03-17,2024-25,PHX,TOR,1,0.68738383
0022400992,2025-03-17,2024-25,SAC,MEM,1,0.51230586
0022400995,2025-03-17,2024-25,POR,WAS,1,0.68309385
0022400993,2025-03-18,2024-25,CHA,ATL,0,0.35398737
0022400994,2025-03-18,2024-25,BOS,BKN,1,0.9010076
0022400997,2025-03-18,2024-25,LAC,CLE,1,0.4116561
0022401012,2025-03-18,2024-25,GSW,MIL,1,0.6488653
0022400627,2025-03-19,2024-25,UTA,WAS,1,0.5597063
0022400998,2025-03-19,2024-25,IND,DAL,1,0.7287468
0022400999,2025-03-19,2024-25,ORL,HOU,0,0.42265442
0022401000,2025-03-19,2024-25,MIA,DET,0,0.36971354
0022401001,2025-03-19,2024-25,MIN,NOP,0,0.8956214
0022401002,2025-03-19,2024-25,OKC,PHI,1,0.94072485
0022401003,2025-03-19,2024-25,SAS,NYK,1,0.31201515
0022401006,2025-03-19,2024-25,LAL,DEN,1,0.68156624
0022401007,2025-03-19,2024-25,PHX,CHI,1,0.67112476
0022401008,2025-03-19,2024-25,POR,MEM,1,0.3806695
0022401009,2025-03-19,2024-25,SAC,CLE,1,0.44922763
0022400996,2025-03-20,2024-25,LAL,MIL,0,0.51726615
0022401005,2025-03-20,2024-25,GSW,TOR,1,0.9029432
0022401010,2025-03-20,2024-25,CHA,NYK,1,0.19539723
0022401011,2025-03-20,2024-25,IND,BKN,1,0.66569346
0022401013,2025-03-20,2024-25,SAC,CHI,0,0.694097
0022401014,2025-03-21,2024-25,WAS,ORL,0,0.33585575
0022401015,2025-03-21,2024-25,MIA,HOU,0,0.39409745
0022401016,2025-03-21,2024-25,MIN,NOP,1,0.8758505
0022401017,2025-03-21,2024-25,OKC,CHA,1,0.91830605
0022401018,2025-03-21,2024-25,SAS,PHI,1,0.65619546
0022401019,2025-03-21,2024-25,DAL,DET,1,0.2934781
0022401020,2025-03-21,2024-25,UTA,BOS,0,0.18841991
0022401021,2025-03-21,2024-25,PHX,CLE,1,0.35898042
0022401022,2025-03-21,2024-25,POR,DEN,1,0.45496103
0022401023,2025-03-21,2024-25,LAC,MEM,1,0.6440725
0022401024,2025-03-22,2024-25,IND,BKN,1,0.7257129
0022401025,2025-03-22,2024-25,ATL,GSW,1,0.33577293
0022401026,2025-03-22,2024-25,NYK,WAS,1,0.87515
0022401027,2025-03-22,2024-25,SAC,MIL,0,0.5029087
0022401028,2025-03-22,2024-25,LAL,CHI,0,0.44426584
0022401029,2025-03-23,2024-25,DET,NOP,1,0.897781
0022401030,2025-03-23,2024-25,UTA,CLE,0,0.15178385
0022401031,2025-03-23,2024-25,ATL,PHI,1,0.7570491
0022401032,2025-03-23,2024-25,MIA,CHA,1,0.8124013
0022401033,2025-03-23,2024-25,TOR,SAS,0,0.45700637
0022401034,2025-03-23,2024-25,POR,BOS,0,0.31259564
0022401035,2025-03-23,2024-25,HOU,DEN,0,0.6534499
0022401036,2025-03-23,2024-25,LAC,OKC,0,0.38214844
0022401037,2025-03-24,2024-25,IND,MIN,1,0.43308675
0022401038,2025-03-24,2024-25,ORL,LAL,1,0.39009786
0022401039,2025-03-24,2024-25,WAS,TOR,0,0.6518419
0022401040,2025-03-24,2024-25,BKN,DAL,0,0.5046875
0022401041,2025-03-24,2024-25,NOP,PHI,1,0.59892446
0022401042,2025-03-24,2024-25,DEN,CHI,0,0.55844796
0022401043,2025-03-24,2024-25,PHX,MIL,1,0.59051126
0022401044,2025-03-24,2024-25,SAC,BOS,0,0.40919968
0022401045,2025-03-25,2024-25,CHA,ORL,0,0.39242026
0022401046,2025-03-25,2024-25,DET,SAS,1,0.7374215
0022401047,2025-03-25,2024-25,MIA,GSW,1,0.36726612
0022401048,2025-03-25,2024-25,NYK,DAL,1,0.78394204
0022401049,2025-03-25,2024-25,HOU,ATL,1,0.68336487
0022401050,2025-03-25,2024-25,UTA,MEM,0,0.25323823
0022401051,2025-03-25,2024-25,POR,CLE,0,0.27688292
0022401052,2025-03-25,2024-25,SAC,OKC,0,0.20870282
0022401053,2025-03-26,2024-25,PHI,WAS,0,0.43286854
0022401054,2025-03-26,2024-25,BKN,TOR,0,0.6403679
0022401055,2025-03-26,2024-25,IND,LAL,0,0.54732823
0022401056,2025-03-26,2024-25,NYK,LAC,0,0.41663527
0022401057,2025-03-26,2024-25,DEN,MIL,1,0.51124597
0022401058,2025-03-26,2024-25,PHX,BOS,0,0.3902167
0022401059,2025-03-27,2024-25,CLE,SAS,1,0.8546598
0022401060,2025-03-27,2024-25,ORL,DAL,0,0.7595851
0022401061,2025-03-27,2024-25,WAS,IND,0,0.17276403
0022401062,2025-03-27,2024-25,MIA,ATL,1,0.5575287
0022401063,2025-03-27,2024-25,CHI,LAL,1,0.587942
0022401064,2025-03-27,2024-25,OKC,MEM,1,0.806135
0022401065,2025-03-27,2024-25,UTA,HOU,0,0.19546244
0022401066,2025-03-27,2024-25,SAC,POR,1,0.63653886
0022401067,2025-03-28,2024-25,DET,CLE,1,0.50049967
0022401068,2025-03-28,2024-25,BKN,LAC,0,0.18588574
0022401069,2025-03-28,2024-25,TOR,CHA,1,0.58708584
0022401070,2025-03-28,2024-25,MIL,NYK,0,0.55031466
0022401071,2025-03-28,2024-25,MIN,PHX,1,0.76988435
0022401072,2025-03-28,2024-25,NOP,GSW,0,0.15555686
0022401073,2025-03-28,2024-25,DEN,UTA,1,0.92339504
0022401074,2025-03-29,2024-25,ORL,SAC,1,0.44639185
0022401075,2025-03-29,2024-25,WAS,BKN,0,0.46156287
0022401076,2025-03-29,2024-25,PHI,MIA,0,0.20036744
0022401077,2025-03-29,2024-25,CHI,DAL,0,0.77976143
0022401078,2025-03-29,2024-25,MEM,LAL,0,0.45754498
0022401079,2025-03-29,2024-25,OKC,IND,1,0.80398893
0022401080,2025-03-29,2024-25,SAS,BOS,0,0.21264753
0022401081,2025-03-30,2024-25,CLE,LAC,1,0.6108016
0022401082,2025-03-30,2024-25,NYK,POR,1,0.7003903
0022401083,2025-03-30,2024-25,MIL,ATL,0,0.6585396
0022401084,2025-03-30,2024-25,MIN,DET,1,0.7217533
0022401085,2025-03-30,2024-25,NOP,CHA,1,0.49814546
0022401086,2025-03-30,2024-25,SAS,GSW,0,0.22482497
0022401087,2025-03-30,2024-25,PHI,TOR,0,0.31031618
0022401088,2025-03-30,2024-25,PHX,HOU,0,0.46597108
0022401089,2025-03-31,2024-25,CHA,UTA,1,0.5451749
0022401090,2025-03-31,2024-25,IND,SAC,1,0.6238833
0022401091,2025-03-31,2024-25,ORL,LAC,0,0.44674522
0022401092,2025-03-31,2024-25,WAS,MIA,0,0.20276438
0022401093,2025-03-31,2024-25,MEM,BOS,0,0.38976932
0022401094,2025-03-31,2024-25,OKC,CHI,1,0.81200624
0022401095,2025-03-31,2024-25,DAL,BKN,0,0.7393714
0022401096,2025-03-31,2024-25,LAL,HOU,1,0.6777797
0022400988,2025-04-01,2024-25,SAS,ORL,0,0.46507943
0022401097,2025-04-01,2024-25,ATL,POR,0,0.6508053
0022401098,2025-04-01,2024-25,NYK,PHI,1,0.92202944
0022401099,2025-04-01,2024-25,CHI,TOR,1,0.6872972
0022401100,2025-04-01,2024-25,MEM,GSW,0,0.35647118
0022401101,2025-04-01,2024-25,MIL,PHX,1,0.67398226
0022401102,2025-04-01,2024-25,DEN,MIN,0,0.5057199
0022401103,2025-04-02,2024-25,CLE,NYK,1,0.78661656
0022401104,2025-04-02,2024-25,IND,CHA,1,0.86006856
0022401105,2025-04-02,2024-25,WAS,SAC,1,0.17336145
0022401106,2025-04-02,2024-25,BOS,MIA,0,0.8311524
0022401107,2025-04-02,2024-25,HOU,UTA,1,0.9030626
0022401108,2025-04-02,2024-25,OKC,DET,1,0.8470493
0022401109,2025-04-02,2024-25,DAL,ATL,1,0.5540121
0022401110,2025-04-02,2024-25,DEN,SAS,0,0.82021093
0022401111,2025-04-02,2024-25,LAC,NOP,1,0.9338292
0022401112,2025-04-03,2024-25,WAS,ORL,0,0.16692457
0022401113,2025-04-03,2024-25,BKN,MIN,0,0.15847054
0022401114,2025-04-03,2024-25,MIA,MEM,0,0.48003742
0022401115,2025-04-03,2024-25,PHI,MIL,0,0.17281796
0022401116,2025-04-03,2024-25,TOR,POR,0,0.45752394
0022401117,2025-04-03,2024-25,LAL,GSW,0,0.51979816
0022401118,2025-04-04,2024-25,CHA,SAC,0,0.28777802
0022401119,2025-04-04,2024-25,IND,UTA,1,0.8758098
0022401120,2025-04-04,2024-25,BOS,PHX,1,0.8637595
0022401121,2025-04-04,2024-25,TOR,DET,0,0.27617535
0022401122,2025-04-04,2024-25,CHI,POR,1,0.7366675
0022401123,2025-04-04,2024-25,HOU,OKC,1,0.29276383
0022401124,2025-04-04,2024-25,SAS,CLE,0,0.2216935
0022401125,2025-04-04,2024-25,GSW,DEN,1,0.81315964
0022401126,2025-04-04,2024-25,LAL,NOP,1,0.91275746
0022401127,2025-04-04,2024-25,LAC,DAL,1,0.8077658
0022401128,2025-04-05,2024-25,ATL,NYK,0,0.5049944
0022401129,2025-04-05,2024-25,DET,MEM,0,0.4446665
0022401130,2025-04-05,2024-25,PHI,MIN,0,0.10719537
0022401131,2025-04-05,2024-25,MIA,MIL,0,0.5559219
0022401132,2025-04-05,2024-25,LAC,DAL,1,0.84628737
0022400617,2025-04-06,2024-25,NOP,MIL,0,0.20955625
0022401133,2025-04-06,2024-25,CHA,CHI,0,0.19652148
0022401134,2025-04-06,2024-25,BKN,TOR,0,0.38944876
0022401135,2025-04-06,2024-25,OKC,LAL,0,0.7329434
0022401136,2025-04-06,2024-25,ATL,UTA,1,0.775272
0022401137,2025-04-06,2024-25,BOS,WAS,1,0.95757806
0022401138,2025-04-06,2024-25,CLE,SAC,0,0.74775827
0022401139,2025-04-06,2024-25,POR,SAS,1,0.700639
0022401140,2025-04-06,2024-25,NYK,PHX,1,0.71567935
0022401142,2025-04-06,2024-25,DEN,IND,0,0.5751337
0022401143,2025-04-06,2024-25,GSW,HOU,0,0.65585977
0022401144,2025-04-07,2024-25,DET,SAC,0,0.6664479
0022401145,2025-04-07,2024-25,MIA,PHI,1,0.87519467
0022401146,2025-04-08,2024-25,CHA,MEM,0,0.23771343
0022401147,2025-04-08,2024-25,CLE,CHI,1,0.72190654
0022401148,2025-04-08,2024-25,IND,WAS,1,0.9295338
0022401149,2025-04-08,2024-25,ORL,ATL,1,0.6098019
0022401150,2025-04-08,2024-25,BKN,NOP,1,0.5603706
0022401151,2025-04-08,2024-25,NYK,BOS,0,0.46349907
0022401152,2025-04-08,2024-25,MIL,MIN,1,0.3541873
0022401153,2025-04-08,2024-25,OKC,LAL,1,0.64510816
0022401154,2025-04-08,2024-25,PHX,GSW,0,0.23976243
0022401155,2025-04-08,2024-25,LAC,SAS,1,0.882356
0022401156,2025-04-09,2024-25,ORL,BOS,1,0.33246022
0022401157,2025-04-09,2024-25,WAS,PHI,0,0.50285095
0022401158,2025-04-09,2024-25,TOR,CHA,1,0.7671408
0022401159,2025-04-09,2024-25,DAL,LAL,0,0.35300037
0022401160,2025-04-09,2024-25,CHI,MIA,1,0.3744249
0022401162,2025-04-09,2024-25,UTA,POR,1,0.3636691
0022401163,2025-04-09,2024-25,GSW,SAS,0,0.8785396
0022401164,2025-04-09,2024-25,PHX,OKC,0,0.1386222
0022401165,2025-04-09,2024-25,SAC,DEN,0,0.5014597
0022401166,2025-04-09,2024-25,LAC,HOU,1,0.50103873
0022401161,2025-04-10,2024-25,MIL,NOP,1,0.8975954
0022401167,2025-04-10,2024-25,DET,NYK,1,0.50851256
0022401168,2025-04-10,2024-25,IND,CLE,1,0.51957667
0022401169,2025-04-10,2024-25,BKN,ATL,0,0.2346979
0022401170,2025-04-10,2024-25,MEM,MIN,0,0.47492915
0022401171,2025-04-11,2024-25,DET,MIL,0,0.5618261
0022401172,2025-04-11,2024-25,IND,ORL,0,0.55975187
0022401173,2025-04-11,2024-25,PHI,ATL,0,0.28863105
0022401174,2025-04-11,2024-25,BOS,CHA,1,0.9210012
0022401175,2025-04-11,2024-25,NYK,CLE,0,0.4417847
0022401176,2025-04-11,2024-25,CHI,WAS,1,0.9281424
0022401177,2025-04-11,2024-25,NOP,MIA,0,0.12685345
0022401178,2025-04-11,2024-25,DAL,TOR,1,0.64273185
0022401179,2025-04-11,2024-25,MIN,BKN,1,0.92189527
0022401180,2025-04-11,2024-25,DEN,MEM,1,0.70528907
0022401181,2025-04-11,2024-25,UTA,OKC,0,0.1323756
0022401182,2025-04-11,2024-25,PHX,SAS,1,0.5875734
0022401183,2025-04-11,2024-25,POR,GSW,0,0.23714782
0022401184,2025-04-11,2024-25,SAC,LAC,0,0.33558726
0022401185,2025-04-11,2024-25,LAL,HOU,1,0.764417
0022401186,2025-04-13,2024-25,ATL,ORL,1,0.5958431
0022401187,2025-04-13,2024-25,BOS,CHA,1,0.95298463
0022401188,2025-04-13,2024-25,BKN,NYK,0,0.14174688
0022401189,2025-04-13,2024-25,CLE,IND,0,0.8334252
0022401190,2025-04-13,2024-25,MIA,WAS,0,0.9158652
0022401191,2025-04-13,2024-25,PHI,CHI,0,0.1665266
0022401192,2025-04-13,2024-25,MIL,DET,1,0.6056671
0022401193,2025-04-13,2024-25,HOU,DEN,0,0.32248884
0022401194,2025-04-13,2024-25,MEM,DAL,1,0.69013095
0022401195,2025-04-13,2024-25,MIN,UTA,1,0.90697616
0022401196,2025-04-13,2024-25,NOP,OKC,0,0.06537148
0022401197,2025-04-13,2024-25,SAS,TOR,1,0.6074725
0022401198,2025-04-13,2024-25,GSW,LAC,0,0.5349363
0022401199,2025-04-13,2024-25,POR,LAL,1,0.22064932
0022401200,2025-04-13,2024-25,SAC,PHX,1,0.6876024
0022500001,2025-10-21,2025-26,OKC,HOU,1,0.85510665
0022500002,2025-10-21,2025-26,LAL,GSW,0,0.53089815
0022500003,2025-10-22,2025-26,NYK,CLE,1,0.6202856
0022500004,2025-10-22,2025-26,DAL,SAS,0,0.47430485
0022500080,2025-10-22,2025-26,CHA,BKN,1,0.57795906
0022500081,2025-10-22,2025-26,ORL,MIA,1,0.5995126
0022500082,2025-10-22,2025-26,ATL,TOR,0,0.8433107
0022500083,2025-10-22,2025-26,BOS,PHI,0,0.9449527
0022500084,2025-10-22,2025-26,CHI,DET,1,0.64071923
0022500085,2025-10-22,2025-26,MEM,NOP,1,0.9575783
0022500086,2025-10-22,2025-26,MIL,WAS,1,0.9423061
0022500087,2025-10-22,2025-26,UTA,LAC,1,0.17426936
0022500088,2025-10-22,2025-26,PHX,SAC,1,0.64920837
0022500089,2025-10-22,2025-26,POR,MIN,0,0.49634942
0022500005,2025-10-23,2025-26,IND,OKC,0,0.5461037
0022500006,2025-10-23,2025-26,GSW,DEN,1,0.7021625
0022500018,2025-10-24,2025-26,NYK,BOS,1,0.50091296
0022500019,2025-10-24,2025-26,LAL,MIN,1,0.57958657
0022500090,2025-10-24,2025-26,ORL,ATL,0,0.58097225
0022500091,2025-10-24,2025-26,BKN,CLE,0,0.20901635
0022500092,2025-10-24,2025-26,TOR,MIL,0,0.4014958
0022500093,2025-10-24,2025-26,HOU,DET,0,0.6092374
0022500094,2025-10-24,2025-26,MEM,MIA,0,0.55524343
0022500095,2025-10-24,2025-26,NOP,SAS,0,0.51988566
0022500096,2025-10-24,2025-26,DAL,WAS,0,0.6684058
0022500097,2025-10-24,2025-26,POR,GSW,1,0.4896362
0022500098,2025-10-24,2025-26,SAC,UTA,1,0.600844
0022500099,2025-10-24,2025-26,LAC,PHX,1,0.81392926
0022500100,2025-10-25,2025-26,ORL,CHI,0,0.44127664
0022500101,2025-10-25,2025-26,ATL,OKC,0,0.3552954
0022500102,2025-10-25,2025-26,PHI,CHA,1,0.6809578
0022500103,2025-10-25,2025-26,MEM,IND,1,0.44219187
0022500104,2025-10-25,2025-26,DEN,PHX,1,0.8291874
0022500105,2025-10-26,2025-26,SAS,BKN,1,0.6877417
0022500106,2025-10-26,2025-26,DET,BOS,1,0.6253289
0022500107,2025-10-26,2025-26,CLE,MIL,1,0.61283076
0022500108,2025-10-26,2025-26,MIA,NYK,1,0.50807816
0022500109,2025-10-26,2025-26,WAS,CHA,0,0.60673517
0022500110,2025-10-26,2025-26,MIN,IND,1,0.8129844
0022500111,2025-10-26,2025-26,DAL,TOR,1,0.4791622
0022500112,2025-10-26,2025-26,LAC,POR,1,0.7040567
0022500113,2025-10-26,2025-26,SAC,LAL,0,0.41428673
0022500007,2025-10-27,2025-26,DET,CLE,0,0.47845772
0022500008,2025-10-27,2025-26,MIN,DEN,0,0.46342793
0022500114,2025-10-27,2025-26,PHI,ORL,1,0.45984074
0022500115,2025-10-27,2025-26,CHI,ATL,1,0.65398675
0022500116,2025-10-27,2025-26,HOU,BKN,1,0.86327004
0022500117,2025-10-27,2025-26,NOP,BOS,0,0.46041438
0022500118,2025-10-27,2025-26,SAS,TOR,1,0.5621811
0022500119,2025-10-27,2025-26,DAL,OKC,0,0.20245448
0022500120,2025-10-27,2025-26,UTA,PHX,1,0.50078535
0022500121,2025-10-27,2025-26,GSW,MEM,1,0.77355397
0022500122,2025-10-27,2025-26,LAL,POR,0,0.6020036
0022500123,2025-10-28,2025-26,WAS,PHI,0,0.43908665
0022500124,2025-10-28,2025-26,MIA,CHA,1,0.77463466
0022500125,2025-10-28,2025-26,MIL,NYK,1,0.61640656
0022500126,2025-10-28,2025-26,OKC,SAC,1,0.75514686
0022500127,2025-10-28,2025-26,GSW,LAC,1,0.41844153
0022500128,2025-10-29,2025-26,BOS,CLE,1,0.5046323
0022500129,2025-10-29,2025-26,DET,ORL,1,0.5289693
0022500130,2025-10-29,2025-26,BKN,ATL,0,0.27252
0022500131,2025-10-29,2025-26,TOR,HOU,0,0.35702214
0022500132,2025-10-29,2025-26,CHI,SAC,1,0.72395754
0022500133,2025-10-29,2025-26,DAL,IND,1,0.507737
0022500134,2025-10-29,2025-26,DEN,NOP,1,0.8823698
0022500135,2025-10-29,2025-26,UTA,POR,0,0.29702666
0022500136,2025-10-29,2025-26,MIN,LAL,0,0.65930545
0022500137,2025-10-29,2025-26,PHX,MEM,0,0.43898252
0022500138,2025-10-30,2025-26,CHA,ORL,0,0.47127318
0022500139,2025-10-30,2025-26,MIL,GSW,1,0.52182174
0022500140,2025-10-30,2025-26,OKC,WAS,1,0.9072903
0022500141,2025-10-30,2025-26,SAS,MIA,1,0.43127245
0022500020,2025-10-31,2025-26,IND,ATL,0,0.4404823
0022500021,2025-10-31,2025-26,PHI,BOS,0,0.42287654
0022500022,2025-10-31,2025-26,CLE,TOR,0,0.7796919
0022500023,2025-10-31,2025-26,CHI,NYK,1,0.6083038
0022500024,2025-10-31,2025-26,MEM,LAL,0,0.53852713
0022500025,2025-10-31,2025-26,PHX,UTA,1,0.5635311
0022500026,2025-10-31,2025-26,POR,DEN,1,0.47229195
0022500027,2025-10-31,2025-26,LAC,NOP,1,0.86567366
0022500142,2025-11-01,2025-26,MIL,SAC,0,0.67158914
0022500143,2025-11-01,2025-26,CHA,MIN,0,0.2908961
0022500144,2025-11-01,2025-26,IND,GSW,1,0.20328762
0022500145,2025-11-01,2025-26,WAS,ORL,0,0.33117166
0022500146,2025-11-01,2025-26,BOS,HOU,0,0.42499796
0022500148,2025-11-02,2025-26,OKC,NOP,1,0.89541113
0022500149,2025-11-02,2025-26,BKN,PHI,0,0.3798377
0022500150,2025-11-02,2025-26,CHA,UTA,1,0.48002183
0022500151,2025-11-02,2025-26,CLE,ATL,1,0.52232957
0022500152,2025-11-02,2025-26,TOR,MEM,1,0.50527734
0022500153,2025-11-02,2025-26,NYK,CHI,1,0.51433927
0022500154,2025-11-02,2025-26,PHX,SAS,1,0.4350452
0022500155,2025-11-02,2025-26,LAL,MIA,1,0.6608112
0022500156,2025-11-03,2025-26,BKN,MIN,0,0.23516615
0022500157,2025-11-03,2025-26,IND,MIL,0,0.26321477
0022500158,2025-11-03,2025-26,BOS,UTA,0,0.83516437
0022500159,2025-11-03,2025-26,NYK,WAS,1,0.8310074
0022500160,2025-11-03,2025-26,HOU,DAL,1,0.8194343
0022500161,2025-11-03,2025-26,MEM,DET,0,0.32387894
0022500162,2025-11-03,2025-26,DEN,SAC,1,0.82471156
0022500163,2025-11-03,2025-26,POR,LAL,0,0.5598753
0022500164,2025-11-03,2025-26,LAC,MIA,0,0.7629123
0022500165,2025-11-04,2025-26,TOR,MIL,1,0.4597396
0022500166,2025-11-04,2025-26,ATL,ORL,1,0.6145985
0022500167,2025-11-04,2025-26,CHI,PHI,1,0.74959993
0022500168,2025-11-04,2025-26,NOP,CHA,1,0.6743523
0022500169,2025-11-04,2025-26,GSW,PHX,1,0.8389325
0022500170,2025-11-04,2025-26,LAC,OKC,0,0.41345665
0022500171,2025-11-05,2025-26,CLE,PHI,1,0.7084138
0022500172,2025-11-05,2025-26,DET,UTA,1,0.82305074
0022500173,2025-11-05,2025-26,IND,BKN,0,0.67725563
0022500174,2025-11-05,2025-26,BOS,WAS,1,0.86234105
0022500175,2025-11-05,2025-26,NYK,MIN,1,0.582198
0022500176,2025-11-05,2025-26,MEM,HOU,0,0.30894136
0022500177,2025-11-05,2025-26,DAL,NOP,0,0.6720324
0022500178,2025-11-05,2025-26,DEN,MIA,1,0.7163089
0022500179,2025-11-05,2025-26,LAL,SAS,1,0.6074768
0022500180,2025-11-05,2025-26,POR,OKC,1,0.46778846
0022500181,2025-11-05,2025-26,SAC,GSW,1,0.42270815
0022500182,2025-11-06,2025-26,PHX,LAC,1,0.30355722
0022500028,2025-11-07,2025-26,ORL,BOS,1,0.49077237
0022500029,2025-11-07,2025-26,WAS,CLE,0,0.18138576
0022500030,2025-11-07,2025-26,ATL,TOR,0,0.6528661
0022500031,2025-11-07,2025-26,BKN,DET,0,0.2994365
0022500032,2025-11-07,2025-26,SAS,HOU,1,0.33259642
0022500033,2025-11-07,2025-26,MIA,CHA,1,0.8392101
0022500034,2025-11-07,2025-26,MEM,DAL,1,0.6212701
0022500035,2025-11-07,2025-26,MIL,CHI,1,0.5269264
0022500036,2025-11-07,2025-26,MIN,UTA,1,0.842855
0022500037,2025-11-07,2025-26,DEN,GSW,1,0.7619162
0022500038,2025-11-07,2025-26,SAC,OKC,0,0.24504013
0022500183,2025-11-08,2025-26,WAS,DAL,0,0.3818643
0022500184,2025-11-08,2025-26,PHI,TOR,1,0.54135424
0022500185,2025-11-08,2025-26,ATL,LAL,1,0.45561692
0022500186,2025-11-08,2025-26,CLE,CHI,1,0.5879405
0022500187,2025-11-08,2025-26,MIA,POR,1,0.43033493
0022500188,2025-11-08,2025-26,SAS,NOP,1,0.6729669
0022500189,2025-11-08,2025-26,DEN,IND,1,0.85503805
0022500190,2025-11-08,2025-26,LAC,PHX,0,0.68747693
0022500191,2025-11-09,2025-26,MIL,HOU,0,0.5170865
0022500192,2025-11-09,2025-26,NYK,BKN,1,0.859483
0022500193,2025-11-09,2025-26,ORL,BOS,0,0.5314162
0022500194,2025-11-09,2025-26,MEM,OKC,0,0.25697303
0022500195,2025-11-09,2025-26,PHI,DET,0,0.42052713
0022500196,2025-11-09,2025-26,GSW,IND,1,0.80532944
0022500197,2025-11-09,2025-26,SAC,MIN,0,0.34853694
0022500198,2025-11-10,2025-26,CHA,LAL,0,0.24611023
0022500199,2025-11-10,2025-26,DET,WAS,1,0.8445613
0022500200,2025-11-10,2025-26,ORL,POR,1,0.39042205
0022500201,2025-11-10,2025-26,MIA,CLE,1,0.5061351
0022500202,2025-11-10,2025-26,CHI,SAS,0,0.70001715
0022500203,2025-11-10,2025-26,DAL,MIL,0,0.34963214
0022500204,2025-11-10,2025-26,PHX,NOP,1,0.7204582
0022500205,2025-11-10,2025-26,UTA,MIN,0,0.26360404
0022500206,2025-11-10,2025-26,LAC,ATL,0,0.695675
0022500207,2025-11-11,2025-26,BKN,TOR,0,0.32772747
0022500208,2025-11-11,2025-26,NYK,MEM,1,0.7551909
0022500209,2025-11-11,2025-26,PHI,BOS,1,0.48672312
0022500210,2025-11-11,2025-26,OKC,GSW,1,0.7398161
0022500211,2025-11-11,2025-26,UTA,IND,1,0.5373536
0022500212,2025-11-11,2025-26,SAC,DEN,0,0.23282567
0022500213,2025-11-12,2025-26,CHA,MIL,1,0.23084301
0022500214,2025-11-12,2025-26,DET,CHI,1,0.5126091
0022500215,2025-11-12,2025-26,NYK,ORL,0,0.69684285
0022500216,2025-11-12,2025-26,BOS,MEM,1,0.6633681
0022500217,2025-11-12,2025-26,MIA,CLE,0,0.48595378
0022500218,2025-11-12,2025-26,HOU,WAS,1,0.905436
0022500219,2025-11-12,2025-26,NOP,POR,0,0.25787067
0022500220,2025-11-12,2025-26,SAS,GSW,0,0.5207494
0022500221,2025-11-12,2025-26,DAL,PHX,0,0.43561918
0022500222,2025-11-12,2025-26,OKC,LAL,1,0.65929043
0022500223,2025-11-12,2025-26,SAC,ATL,0,0.363045
0022500224,2025-11-12,2025-26,LAC,DEN,0,0.46538875
0022500225,2025-11-13,2025-26,CLE,TOR,0,0.5551801
0022500226,2025-11-13,2025-26,PHX,IND,1,0.69709724
0022500227,2025-11-13,2025-26,UTA,ATL,0,0.34130716
0022500039,2025-11-14,2025-26,NYK,MIA,1,0.64062905
0022500040,2025-11-14,2025-26,ORL,BKN,1,0.8148715
0022500041,2025-11-14,2025-26,DET,PHI,1,0.43300155
0022500042,2025-11-14,2025-26,HOU,POR,1,0.6527533
0022500043,2025-11-14,2025-26,MIL,CHA,1,0.76507324
0022500044,2025-11-14,2025-26,MIN,SAC,1,0.84837234
0022500045,2025-11-14,2025-26,NOP,LAL,0,0.22931293
0022500046,2025-11-14,2025-26,DAL,LAC,0,0.3473939
0022500047,2025-11-14,2025-26,SAS,GSW,0,0.4213059
0022500228,2025-11-15,2025-26,CLE,MEM,1,0.7598931
0022500229,2025-11-15,2025-26,CHA,OKC,0,0.113835216
0022500230,2025-11-15,2025-26,IND,TOR,0,0.2851047
0022500231,2025-11-15,2025-26,MIL,LAL,0,0.5009794
0022500232,2025-11-15,2025-26,MIN,DEN,0,0.35612217
0022500233,2025-11-16,2025-26,BOS,LAC,1,0.59329015
0022500234,2025-11-16,2025-26,SAS,SAC,1,0.74283427
0022500235,2025-11-16,2025-26,WAS,BKN,0,0.5261234
0022500236,2025-11-16,2025-26,HOU,ORL,1,0.73850507
0022500237,2025-11-16,2025-26,NOP,GSW,0,0.18623945
0022500238,2025-11-16,2025-26,DAL,POR,1,0.3465349
0022500239,2025-11-16,2025-26,PHX,ATL,0,0.5551275
0022500240,2025-11-16,2025-26,UTA,CHI,1,0.33161616
0022500241,2025-11-17,2025-26,CLE,MIL,1,0.6375513
0022500242,2025-11-17,2025-26,DET,IND,1,0.74797297
0022500243,2025-11-17,2025-26,PHI,LAC,1,0.5358565
0022500244,2025-11-17,2025-26,MIA,NYK,1,0.4920277
0022500245,2025-11-17,2025-26,TOR,CHA,1,0.7997639
0022500246,2025-11-17,2025-26,MIN,DAL,1,0.8465714
0022500247,2025-11-17,2025-26,NOP,OKC,0,0.100084096
0022500248,2025-11-17,2025-26,DEN,CHI,0,0.7893522
0022500249,2025-11-18,2025-26,ORL,GSW,1,0.37337166
0022500250,2025-11-18,2025-26,BKN,BOS,0,0.26636484
0022500251,2025-11-18,2025-26,ATL,DET,0,0.7558275
0022500252,2025-11-18,2025-26,SAS,MEM,1,0.6577563
0022500253,2025-11-18,2025-26,LAL,UTA,1,0.8080184
0022500254,2025-11-18,2025-26,POR,PHX,0,0.4795301
0022500255,2025-11-19,2025-26,CLE,HOU,0,0.5039817
0022500256,2025-11-19,2025-26,IND,CHA,1,0.37532693
0022500257,2025-11-19,2025-26,MIA,GSW,1,0.5334683
0022500258,2025-11-19,2025-26,PHI,TOR,0,0.5164866
0022500259,2025-11-19,2025-26,MIN,WAS,1,0.89898723
0022500260,2025-11-19,2025-26,NOP,DEN,0,0.14159876
0022500261,2025-11-19,2025-26,OKC,SAC,1,0.8962548
0022500262,2025-11-19,2025-26,DAL,NYK,0,0.30314016
0022500263,2025-11-19,2025-26,POR,CHI,0,0.37652722
0022500264,2025-11-20,2025-26,ORL,LAC,1,0.579285
0022500265,2025-11-20,2025-26,MEM,SAC,1,0.6632783
0022500266,2025-11-20,2025-26,MIL,PHI,0,0.70334
0022500267,2025-11-20,2025-26,SAS,ATL,1,0.47330987
0022500048,2025-11-21,2025-26,CLE,IND,1,0.86033845
0022500049,2025-11-21,2025-26,BOS,BKN,0,0.836552
0022500050,2025-11-21,2025-26,TOR,WAS,1,0.8648025
0022500051,2025-11-21,2025-26,CHI,MIA,0,0.5955651
0022500052,2025-11-21,2025-26,DAL,NOP,1,0.5929569
0022500053,2025-11-21,2025-26,PHX,MIN,1,0.49969208
0022500054,2025-11-21,2025-26,HOU,DEN,0,0.512481
0022500055,2025-11-21,2025-26,UTA,OKC,0,0.15114146
0022500056,2025-11-21,2025-26,GSW,POR,0,0.5594022
0022500268,2025-11-22,2025-26,CHA,LAC,0,0.4429925
0022500269,2025-11-22,2025-26,ORL,NYK,1,0.49071592
0022500270,2025-11-22,2025-26,NOP,ATL,0,0.23942381
0022500271,2025-11-22,2025-26,CHI,WAS,1,0.8687587
0022500272,2025-11-22,2025-26,MIL,DET,0,0.44285822
0022500273,2025-11-22,2025-26,DAL,MEM,0,0.44529152
0022500274,2025-11-22,2025-26,DEN,SAC,0,0.85440844
0022500275,2025-11-23,2025-26,PHI,MIA,0,0.44634283
0022500276,2025-11-23,2025-26,ATL,CHA,1,0.77422845
0022500277,2025-11-23,2025-26,BOS,ORL,1,0.6364668
0022500278,2025-11-23,2025-26,CLE,LAC,1,0.74868435
0022500279,2025-11-23,2025-26,TOR,BKN,1,0.7985214
0022500280,2025-11-23,2025-26,OKC,POR,1,0.87307197
0022500281,2025-11-23,2025-26,PHX,SAS,1,0.6451057
0022500282,2025-11-23,2025-26,UTA,LAL,0,0.21162567
0022500283,2025-11-24,2025-26,IND,DET,0,0.25856122
0022500284,2025-11-24,2025-26,TOR,CLE,1,0.5290688
0022500285,2025-11-24,2025-26,BKN,NYK,0,0.24774073
0022500286,2025-11-24,2025-26,MIA,DAL,1,0.79201126
0022500287,2025-11-24,2025-26,MEM,DEN,0,0.26902422
0022500288,2025-11-24,2025-26,MIL,POR,0,0.6242436
0022500289,2025-11-24,2025-26,NOP,CHI,1,0.21074963
0022500290,2025-11-24,2025-26,PHX,HOU,0,0.38373908
0022500291,2025-11-24,2025-26,GSW,UTA,1,0.8683265
0022500292,2025-11-24,2025-26,SAC,MIN,1,0.24212387
0022500057,2025-11-25,2025-26,WAS,ATL,1,0.21258222
0022500058,2025-11-25,2025-26,PHI,ORL,0,0.58359057
0022500059,2025-11-25,2025-26,LAL,LAC,1,0.71916634
0022500060,2025-11-26,2025-26,BOS,DET,1,0.5431194
0022500061,2025-11-26,2025-26,CHA,NYK,0,0.300419
0022500062,2025-11-26,2025-26,MIA,MIL,1,0.73774624
0022500063,2025-11-26,2025-26,TOR,IND,1,0.8068542
0022500064,2025-11-26,2025-26,OKC,MIN,1,0.7867171
0022500065,2025-11-26,2025-26,NOP,MEM,0,0.42743585
0022500066,2025-11-26,2025-26,GSW,HOU,0,0.4668146
0022500067,2025-11-26,2025-26,POR,SAS,0,0.52865434
0022500068,2025-11-26,2025-26,SAC,PHX,0,0.36623436
0022500069,2025-11-28,2025-26,ATL,CLE,1,0.54983497
0022500070,2025-11-28,2025-26,BKN,PHI,0,0.38754356
0022500071,2025-11-28,2025-26,CHA,CHI,1,0.38827315
0022500072,2025-11-28,2025-26,DET,ORL,0,0.6087432
0022500073,2025-11-28,2025-26,IND,WAS,1,0.631446
0022500074,2025-11-28,2025-26,NYK,MIL,1,0.7528042
0022500075,2025-11-28,2025-26,OKC,PHX,1,0.836116
0022500076,2025-11-28,2025-26,DEN,SAS,0,0.77978146
0022500077,2025-11-28,2025-26,UTA,SAC,1,0.5715677
0022500078,2025-11-28,2025-26,LAL,DAL,1,0.86184376
0022500079,2025-11-28,2025-26,LAC,MEM,0,0.6885957
0022500293,2025-11-29,2025-26,MIN,BOS,1,0.6202567
0022500294,2025-11-29,2025-26,CHA,TOR,1,0.34115806
0022500295,2025-11-29,2025-26,IND,CHI,1,0.3196183
0022500296,2025-11-29,2025-26,MIA,DET,0,0.68936163
0022500297,2025-11-29,2025-26,MIL,BKN,1,0.8138918
0022500298,2025-11-29,2025-26,GSW,NOP,1,0.8633947
0022500299,2025-11-29,2025-26,PHX,DEN,0,0.43285564
0022500300,2025-11-29,2025-26,LAC,DAL,0,0.7460791
0022500301,2025-11-30,2025-26,UTA,HOU,0,0.2494916
0022500302,2025-11-30,2025-26,CLE,BOS,0,0.679767
0022500303,2025-11-30,2025-26,NYK,TOR,1,0.74226063
0022500304,2025-11-30,2025-26,PHI,ATL,0,0.42396405
0022500305,2025-11-30,2025-26,POR,OKC,0,0.19342698
0022500306,2025-11-30,2025-26,MIN,SAS,1,0.607319
0022500307,2025-11-30,2025-26,SAC,MEM,0,0.44694018
0022500308,2025-11-30,2025-26,LAL,NOP,1,0.9203409
0022500309,2025-12-01,2025-26,DET,ATL,1,0.63247937
0022500310,2025-12-01,2025-26,IND,CLE,0,0.3827322
0022500311,2025-12-01,2025-26,WAS,MIL,1,0.23266442
0022500312,2025-12-01,2025-26,BKN,CHA,1,0.36957458
0022500313,2025-12-01,2025-26,MIA,LAC,1,0.63611096
0022500314,2025-12-01,2025-26,ORL,CHI,1,0.6682027
0022500315,2025-12-01,2025-26,DEN,DAL,0,0.891559
0022500316,2025-12-01,2025-26,UTA,HOU,1,0.19977461
0022500317,2025-12-01,2025-26,LAL,PHX,0,0.6263554
0022500318,2025-12-02,2025-26,PHI,WAS,1,0.83531153
0022500319,2025-12-02,2025-26,TOR,POR,1,0.60574365
0022500320,2025-12-02,2025-26,BOS,NYK,1,0.48037022
0022500321,2025-12-02,2025-26,NOP,MIN,0,0.17437117
0022500322,2025-12-02,2025-26,SAS,MEM,1,0.6637271
0022500323,2025-12-02,2025-26,GSW,OKC,0,0.32132757
0022500324,2025-12-03,2025-26,CLE,POR,0,0.7553605
0022500325,2025-12-03,2025-26,IND,DEN,0,0.25003943
0022500326,2025-12-03,2025-26,ORL,SAS,0,0.7108928
0022500327,2025-12-03,2025-26,ATL,LAC,0,0.6960833
0022500328,2025-12-03,2025-26,NYK,CHA,1,0.77679235
0022500329,2025-12-03,2025-26,CHI,BKN,0,0.81174135
0022500330,2025-12-03,2025-26,HOU,SAC,1,0.8703893
0022500331,2025-12-03,2025-26,MIL,DET,1,0.51559365
0022500332,2025-12-03,2025-26,DAL,MIA,1,0.32585
0022500333,2025-12-04,2025-26,PHI,GSW,1,0.47411755
0022500334,2025-12-04,2025-26,WAS,BOS,0,0.16766949
0022500335,2025-12-04,2025-26,BKN,UTA,0,0.41195774
0022500336,2025-12-04,2025-26,TOR,LAL,0,0.41367432
0022500337,2025-12-04,2025-26,NOP,MIN,0,0.21055996
0022500338,2025-12-05,2025-26,BOS,LAL,1,0.6070158
0022500339,2025-12-05,2025-26,ORL,MIA,1,0.59721494
0022500340,2025-12-05,2025-26,ATL,DEN,0,0.4012067
0022500341,2025-12-05,2025-26,CLE,SAS,1,0.6518772
0022500342,2025-12-05,2025-26,DET,POR,1,0.64917266
0022500343,2025-12-05,2025-26,NYK,UTA,1,0.8515283
0022500344,2025-12-05,2025-26,TOR,CHA,0,0.67952836
0022500345,2025-12-05,2025-26,CHI,IND,0,0.6442991
0022500346,2025-12-05,2025-26,HOU,PHX,1,0.6794904
0022500347,2025-12-05,2025-26,MEM,LAC,1,0.4642271
0022500348,2025-12-05,2025-26,MIL,PHI,0,0.7011343
0022500349,2025-12-05,2025-26,OKC,DAL,1,0.89626306
0022500350,2025-12-06,2025-26,BKN,NOP,1,0.5673883
0022500351,2025-12-06,2025-26,WAS,ATL,0,0.198539
0022500352,2025-12-06,2025-26,CLE,GSW,0,0.5871902
0022500353,2025-12-06,2025-26,DET,MIL,1,0.72759354
0022500354,2025-12-06,2025-26,MIA,SAC,0,0.8004552
0022500355,2025-12-06,2025-26,MIN,LAC,1,0.7461101
0022500356,2025-12-06,2025-26,DAL,HOU,1,0.28832972
0022500357,2025-12-07,2025-26,NYK,ORL,1,0.58125174
0022500358,2025-12-07,2025-26,TOR,BOS,0,0.39133278
0022500359,2025-12-07,2025-26,CHA,DEN,0,0.24912173
0022500360,2025-12-07,2025-26,MEM,POR,1,0.5318686
0022500361,2025-12-07,2025-26,CHI,GSW,0,0.6623737
0022500362,2025-12-07,2025-26,PHI,LAL,0,0.576536
0022500363,2025-12-07,2025-26,UTA,OKC,0,0.16075918
0022500364,2025-12-08,2025-26,IND,SAC,1,0.6757429
0022500365,2025-12-08,2025-26,MIN,PHX,0,0.6935578
0022500366,2025-12-08,2025-26,NOP,SAS,0,0.27607986
0022501201,2025-12-09,2025-26,ORL,MIA,1,0.6651366
0022501202,2025-12-09,2025-26,TOR,NYK,0,0.39713025
0022501203,2025-12-10,2025-26,OKC,PHX,1,0.79926336
0022501204,2025-12-10,2025-26,LAL,SAS,0,0.6901352
0022501205,2025-12-11,2025-26,HOU,LAC,1,0.6451663
0022501206,2025-12-11,2025-26,MIL,BOS,1,0.2901935
0022501207,2025-12-11,2025-26,NOP,POR,1,0.34209546
0022501208,2025-12-11,2025-26,SAC,DEN,0,0.191507
0022501209,2025-12-12,2025-26,CHA,CHI,0,0.48143908
0022501210,2025-12-12,2025-26,DET,ATL,1,0.570508
0022501211,2025-12-12,2025-26,PHI,IND,1,0.69791627
0022501212,2025-12-12,2025-26,WAS,CLE,0,0.15423204
0022501213,2025-12-12,2025-26,MEM,UTA,0,0.72682106
0022501214,2025-12-12,2025-26,DAL,BKN,1,0.6997715
0022501215,2025-12-12,2025-26,GSW,MIN,0,0.5361923
0022501216,2025-12-14,2025-26,IND,WAS,0,0.7983
0022501217,2025-12-14,2025-26,ATL,PHI,1,0.69456655
0022501218,2025-12-14,2025-26,CLE,CHA,0,0.77572215
0022501219,2025-12-14,2025-26,BKN,MIL,1,0.45701286
0022501220,2025-12-14,2025-26,MIN,SAC,1,0.8405422
0022501221,2025-12-14,2025-26,POR,GSW,1,0.35228148
0022501223,2025-12-14,2025-26,CHI,NOP,0,0.7590977
0022501228,2025-12-14,2025-26,PHX,LAL,0,0.35881978
0022501222,2025-12-15,2025-26,BOS,DET,0,0.59534764
0022501224,2025-12-15,2025-26,UTA,DAL,1,0.45671776
0022501225,2025-12-15,2025-26,DEN,HOU,1,0.51805604
0022501226,2025-12-15,2025-26,LAC,MEM,0,0.7226087
0022501227,2025-12-15,2025-26,MIA,TOR,0,0.70461893
0022500367,2025-12-17,2025-26,CHI,CLE,1,0.5050205
0022500368,2025-12-17,2025-26,MIN,MEM,0,0.73248786
0022500369,2025-12-18,2025-26,OKC,LAC,1,0.886405
0022500370,2025-12-18,2025-26,SAS,WAS,1,0.8974815
0022500371,2025-12-18,2025-26,CHA,ATL,1,0.35012302
0022500372,2025-12-18,2025-26,IND,NYK,0,0.24149825
0022500373,2025-12-18,2025-26,BKN,MIA,0,0.3899654
0022500374,2025-12-18,2025-26,MIL,TOR,0,0.4365535
0022500375,2025-12-18,2025-26,NOP,HOU,1,0.20684706
0022500376,2025-12-18,2025-26,DAL,DET,1,0.30394527
0022500377,2025-12-18,2025-26,DEN,ORL,1,0.6361965
0022500378,2025-12-18,2025-26,PHX,GSW,1,0.4638392
0022500379,2025-12-18,2025-26,UTA,LAL,0,0.21654226
0022500380,2025-12-18,2025-26,POR,SAC,1,0.755515
0022500381,2025-12-19,2025-26,BOS,MIA,1,0.71472675
0022500382,2025-12-19,2025-26,NYK,PHI,0,0.67662686
0022500383,2025-12-19,2025-26,ATL,SAS,0,0.52688754
0022500384,2025-12-19,2025-26,CLE,CHI,0,0.61236686
0022500385,2025-12-19,2025-26,MIN,OKC,1,0.36099097
0022500386,2025-12-20,2025-26,DEN,HOU,0,0.5671756
0022500387,2025-12-20,2025-26,PHI,DAL,1,0.535343
0022500388,2025-12-20,2025-26,TOR,BOS,0,0.48538336
0022500389,2025-12-20,2025-26,NOP,IND,1,0.581547
0022500390,2025-12-20,2025-26,DET,CHA,1,0.7465156
0022500391,2025-12-20,2025-26,MEM,WAS,0,0.8193784
0022500392,2025-12-20,2025-26,GSW,PHX,1,0.6380271
0022500393,2025-12-20,2025-26,UTA,ORL,0,0.34288496
0022500394,2025-12-20,2025-26,SAC,POR,0,0.34664628
0022500395,2025-12-20,2025-26,LAC,LAL,1,0.36710855
0022500396,2025-12-21,2025-26,ATL,CHI,0,0.6141306
0022500397,2025-12-21,2025-26,BKN,TOR,1,0.5529787
0022500398,2025-12-21,2025-26,NYK,MIA,1,0.75781375
0022500399,2025-12-21,2025-26,WAS,SAS,0,0.14381924
0022500400,2025-12-21,2025-26,MIN,MIL,1,0.77570724
0022500401,2025-12-21,2025-26,SAC,HOU,1,0.14859432
0022500402,2025-12-22,2025-26,CLE,CHA,1,0.61533153
0022500403,2025-12-22,2025-26,BOS,IND,1,0.8218106
0022500404,2025-12-22,2025-26,NOP,DAL,1,0.46368843
0022500405,2025-12-22,2025-26,DEN,UTA,1,0.869694
0022500406,2025-12-22,2025-26,OKC,MEM,1,0.89409685
0022500407,2025-12-22,2025-26,GSW,ORL,1,0.65808094
0022500408,2025-12-22,2025-26,POR,DET,0,0.39946672
0022500409,2025-12-23,2025-26,CHA,WAS,1,0.7125262
0022500410,2025-12-23,2025-26,PHI,BKN,0,0.6988611
0022500411,2025-12-23,2025-26,ATL,CHI,0,0.6428999
0022500412,2025-12-23,2025-26,CLE,NOP,1,0.69778824
0022500413,2025-12-23,2025-26,IND,MIL,0,0.43533218
0022500414,2025-12-23,2025-26,MIA,TOR,0,0.6493611
0022500415,2025-12-23,2025-26,DAL,DEN,1,0.29916477
0022500416,2025-12-23,2025-26,MIN,NYK,1,0.5261598
0022500417,2025-12-23,2025-26,SAS,OKC,1,0.43734092
0022500418,2025-12-23,2025-26,PHX,LAL,1,0.514982
0022500419,2025-12-23,2025-26,UTA,MEM,0,0.4355187
0022500420,2025-12-23,2025-26,POR,ORL,0,0.55078727
0022500421,2025-12-23,2025-26,SAC,DET,0,0.23901434
0022500422,2025-12-23,2025-26,LAC,HOU,1,0.3934664
0022500009,2025-12-25,2025-26,NYK,CLE,1,0.5257227
0022500010,2025-12-25,2025-26,OKC,SAS,0,0.7328296
0022500011,2025-12-25,2025-26,GSW,DAL,1,0.7467155
0022500012,2025-12-25,2025-26,LAL,HOU,0,0.39294896
0022500013,2025-12-25,2025-26,DEN,MIN,1,0.6485621
0022500423,2025-12-26,2025-26,ATL,MIA,0,0.6859563
0022500424,2025-12-26,2025-26,ORL,CHA,0,0.63539743
0022500425,2025-12-26,2025-26,WAS,TOR,1,0.29826242
0022500426,2025-12-26,2025-26,IND,BOS,0,0.27100223
0022500427,2025-12-26,2025-26,CHI,PHI,1,0.5774458
0022500428,2025-12-26,2025-26,MEM,MIL,1,0.5861461
0022500429,2025-12-26,2025-26,NOP,PHX,0,0.32980397
0022500430,2025-12-26,2025-26,UTA,DET,1,0.18882641
0022500431,2025-12-26,2025-26,POR,LAC,0,0.43887952
0022500432,2025-12-27,2025-26,SAC,DAL,1,0.40083012
0022500433,2025-12-27,2025-26,ORL,DEN,1,0.27488175
0022500434,2025-12-27,2025-26,NOP,PHX,0,0.3537571
0022500435,2025-12-27,2025-26,ATL,NYK,0,0.40266195
0022500436,2025-12-27,2025-26,MIA,IND,1,0.71276116
0022500437,2025-12-27,2025-26,CHI,MIL,0,0.6693927
0022500438,2025-12-27,2025-26,HOU,CLE,1,0.68950325
0022500439,2025-12-27,2025-26,MIN,BKN,0,0.76308846
0022500440,2025-12-27,2025-26,SAS,UTA,0,0.863002
0022500441,2025-12-28,2025-26,TOR,GSW,1,0.32107884
0022500442,2025-12-28,2025-26,OKC,PHI,1,0.84766257
0022500443,2025-12-28,2025-26,WAS,MEM,1,0.2773065
0022500444,2025-12-28,2025-26,POR,BOS,1,0.38120216
0022500445,2025-12-28,2025-26,LAC,DET,1,0.50160307
0022500446,2025-12-28,2025-26,LAL,SAC,1,0.8785033
0022500447,2025-12-29,2025-26,CHA,MIL,0,0.53174555
0022500448,2025-12-29,2025-26,WAS,PHX,0,0.1975712
0022500449,2025-12-29,2025-26,BKN,GSW,0,0.43387178
0022500450,2025-12-29,2025-26,MIA,DEN,1,0.37280622
0022500451,2025-12-29,2025-26,TOR,ORL,1,0.48949644
0022500452,2025-12-29,2025-26,CHI,MIN,0,0.43803918
0022500453,2025-12-29,2025-26,HOU,IND,1,0.866834
0022500454,2025-12-29,2025-26,NOP,NYK,0,0.32076317
0022500455,2025-12-29,2025-26,OKC,ATL,1,0.79810977
0022500456,2025-12-29,2025-26,SAS,CLE,0,0.58402556
0022500457,2025-12-29,2025-26,POR,DAL,1,0.56188285
0022500458,2025-12-30,2025-26,MEM,PHI,0,0.58567446
0022500459,2025-12-30,2025-26,UTA,BOS,0,0.32983
0022500460,2025-12-30,2025-26,LAL,DET,0,0.46915627
0022500461,2025-12-30,2025-26,LAC,SAC,1,0.8820315
0022500462,2025-12-31,2025-26,CHA,GSW,0,0.3164908
0022500463,2025-12-31,2025-26,ATL,MIN,1,0.39099905
0022500464,2025-12-31,2025-26,IND,ORL,0,0.42549956
0022500465,2025-12-31,2025-26,CLE,PHX,1,0.6295849
0022500466,2025-12-31,2025-26,CHI,NOP,1,0.6757704
0022500467,2025-12-31,2025-26,SAS,NYK,1,0.6319486
0022500468,2025-12-31,2025-26,TOR,DEN,0,0.34426835
0022500469,2025-12-31,2025-26,MIL,WAS,0,0.8303941
0022500470,2025-12-31,2025-26,OKC,POR,1,0.86806905
0022500471,2026-01-01,2025-26,BKN,HOU,0,0.3055164
0022500472,2026-01-01,2025-26,DET,MIA,0,0.64479506
0022500473,2026-01-01,2025-26,DAL,PHI,0,0.42137554
0022500474,2026-01-01,2025-26,SAC,BOS,0,0.22271657
0022500475,2026-01-01,2025-26,LAC,UTA,1,0.8215384
0022500476,2026-01-02,2025-26,IND,SAS,0,0.30804354
0022500477,2026-01-02,2025-26,WAS,BKN,1,0.5190074
0022500478,2026-01-02,2025-26,CLE,DEN,1,0.6814149
0022500479,2026-01-02,2025-26,NYK,ATL,0,0.6206959
0022500480,2026-01-02,2025-26,CHI,ORL,1,0.4531752
0022500481,2026-01-02,2025-26,MIL,CHA,1,0.6834483
0022500482,2026-01-02,2025-26,NOP,POR,0,0.47490528
0022500483,2026-01-02,2025-26,PHX,SAC,1,0.8598682
0022500484,2026-01-02,2025-26,GSW,OKC,0,0.3629716
0022500485,2026-01-02,2025-26,LAL,MEM,1,0.64198637
0022500486,2026-01-03,2025-26,MIA,MIN,0,0.51183933
0022500487,2026-01-03,2025-26,NYK,PHI,0,0.55148953
0022500488,2026-01-03,2025-26,TOR,ATL,1,0.5493366
0022500489,2026-01-03,2025-26,CHI,CHA,0,0.565543
0022500490,2026-01-03,2025-26,SAS,POR,0,0.7640755
0022500491,2026-01-03,2025-26,DAL,HOU,1,0.26573023
0022500492,2026-01-03,2025-26,GSW,UTA,1,0.7542773
0022500493,2026-01-03,2025-26,LAC,BOS,0,0.5870233
0022500494,2026-01-04,2025-26,CLE,DET,0,0.51494986
0022500495,2026-01-04,2025-26,ORL,IND,1,0.7177624
0022500496,2026-01-04,2025-26,BKN,DEN,1,0.4088456
0022500497,2026-01-04,2025-26,MIA,NOP,1,0.75798553
0022500498,2026-01-04,2025-26,WAS,MIN,0,0.26338887
0022500499,2026-01-04,2025-26,PHX,OKC,1,0.27191317
0022500500,2026-01-04,2025-26,SAC,MIL,0,0.33444932
0022500501,2026-01-04,2025-26,LAL,MEM,1,0.6389695
0022500502,2026-01-05,2025-26,DET,NYK,1,0.56480247
0022500503,2026-01-05,2025-26,BOS,CHI,1,0.7978402
0022500504,2026-01-05,2025-26,TOR,ATL,1,0.49738246
0022500505,2026-01-05,2025-26,HOU,PHX,1,0.75519645
0022500506,2026-01-05,2025-26,OKC,CHA,0,0.8413245
0022500507,2026-01-05,2025-26,PHI,DEN,0,0.69925374
0022500508,2026-01-05,2025-26,LAC,GSW,1,0.5315555
0022500509,2026-01-05,2025-26,POR,UTA,1,0.6651768
0022500510,2026-01-06,2025-26,IND,CLE,0,0.346035
0022500511,2026-01-06,2025-26,WAS,ORL,1,0.30588433
0022500512,2026-01-06,2025-26,MEM,SAS,1,0.40599638
0022500513,2026-01-06,2025-26,MIN,MIA,1,0.65187436
0022500514,2026-01-06,2025-26,NOP,LAL,0,0.33008084
0022500515,2026-01-06,2025-26,SAC,DAL,0,0.3476032
0022500516,2026-01-07,2025-26,CHA,TOR,0,0.50882375
0022500517,2026-01-07,2025-26,DET,CHI,1,0.7510034
0022500518,2026-01-07,2025-26,PHI,WAS,1,0.8470842
0022500519,2026-01-07,2025-26,ATL,NOP,1,0.781053
0022500520,2026-01-07,2025-26,BOS,DEN,0,0.7881013
0022500521,2026-01-07,2025-26,BKN,ORL,0,0.5884203
0022500522,2026-01-07,2025-26,NYK,LAC,1,0.53755546
0022500523,2026-01-07,2025-26,SAS,LAL,1,0.60409945
0022500524,2026-01-07,2025-26,MEM,PHX,0,0.39200824
0022500525,2026-01-07,2025-26,OKC,UTA,1,0.9056126
0022500526,2026-01-07,2025-26,GSW,MIL,1,0.7265864
0022500527,2026-01-07,2025-26,POR,HOU,1,0.33998156
0022500528,2026-01-08,2025-26,CHA,IND,0,0.5917572
0022500530,2026-01-08,2025-26,MIN,CLE,1,0.6602607
0022500531,2026-01-08,2025-26,UTA,DAL,1,0.41540596
0022500532,2026-01-09,2025-26,BOS,TOR,1,0.7195004
0022500533,2026-01-09,2025-26,ORL,PHI,0,0.49771607
0022500534,2026-01-09,2025-26,WAS,NOP,0,0.55602396
0022500535,2026-01-09,2025-26,BKN,LAC,0,0.37941468
0022500536,2026-01-09,2025-26,MEM,OKC,0,0.1891479
0022500537,2026-01-09,2025-26,DEN,ATL,0,0.5592992
0022500538,2026-01-09,2025-26,PHX,NYK,1,0.55261153
0022500539,2026-01-09,2025-26,GSW,SAC,1,0.8987419
0022500540,2026-01-09,2025-26,POR,HOU,1,0.37363234
0022500541,2026-01-09,2025-26,LAL,MIL,0,0.55797285
0022500542,2026-01-10,2025-26,CLE,MIN,1,0.48899308
0022500543,2026-01-10,2025-26,IND,MIA,1,0.40026125
0022500544,2026-01-10,2025-26,DET,LAC,0,0.6742217
0022500545,2026-01-10,2025-26,BOS,SAS,0,0.56566465
0022500546,2026-01-10,2025-26,CHI,DAL,1,0.5367344
0022500547,2026-01-10,2025-26,UTA,CHA,0,0.45166394
0022500548,2026-01-11,2025-26,ORL,NOP,1,0.67244136
0022500549,2026-01-11,2025-26,MEM,BKN,1,0.6466955
0022500550,2026-01-11,2025-26,TOR,PHI,1,0.39250216
0022500551,2026-01-11,2025-26,POR,NYK,0,0.4770204
0022500552,2026-01-11,2025-26,MIN,SAS,1,0.65216047
0022500553,2026-01-11,2025-26,OKC,MIA,1,0.82074785
0022500554,2026-01-11,2025-26,DEN,MIL,1,0.49765217
0022500555,2026-01-11,2025-26,PHX,WAS,1,0.8772013
0022500556,2026-01-11,2025-26,GSW,ATL,0,0.63538563
0022500557,2026-01-11,2025-26,SAC,HOU,1,0.1731146
0022500558,2026-01-12,2025-26,CLE,UTA,0,0.8813754
0022500559,2026-01-12,2025-26,IND,BOS,1,0.3379385
0022500560,2026-01-12,2025-26,TOR,PHI,0,0.43285316
0022500561,2026-01-12,2025-26,DAL,BKN,1,0.7005482
0022500562,2026-01-12,2025-26,SAC,LAL,1,0.20282209
0022500563,2026-01-12,2025-26,LAC,CHA,1,0.7114199
0022500564,2026-01-13,2025-26,MIA,PHX,1,0.43715212
0022500565,2026-01-13,2025-26,HOU,CHI,1,0.80996966
0022500566,2026-01-13,2025-26,MIL,MIN,0,0.38988674
0022500567,2026-01-13,2025-26,NOP,DEN,0,0.47294614
0022500568,2026-01-13,2025-26,OKC,SAS,1,0.80092025
0022500569,2026-01-13,2025-26,LAL,ATL,1,0.4145398
0022500570,2026-01-13,2025-26,GSW,POR,1,0.675102
0022500571,2026-01-14,2025-26,IND,TOR,0,0.5447077
0022500572,2026-01-14,2025-26,PHI,CLE,0,0.5455701
0022500573,2026-01-14,2025-26,CHI,UTA,1,0.6165316
0022500574,2026-01-14,2025-26,NOP,BKN,1,0.4483119
0022500575,2026-01-14,2025-26,DAL,DEN,0,0.48432714
0022500576,2026-01-14,2025-26,SAC,NYK,1,0.2121382
0022500577,2026-01-14,2025-26,LAC,WAS,1,0.8884006
0022500579,2026-01-15,2025-26,DET,PHX,1,0.5746387
0022500580,2026-01-15,2025-26,MIA,BOS,0,0.47350463
0022500581,2026-01-15,2025-26,HOU,OKC,0,0.3780507
0022500582,2026-01-15,2025-26,SAS,MIL,1,0.6613799
0022500583,2026-01-15,2025-26,DAL,UTA,1,0.7513161
0022500584,2026-01-15,2025-26,GSW,NYK,1,0.6825617
0022500585,2026-01-15,2025-26,POR,ATL,1,0.4705274
0022500586,2026-01-15,2025-26,LAL,CHA,0,0.6345422
0022500587,2026-01-16,2025-26,BKN,CHI,1,0.5176557
0022500588,2026-01-16,2025-26,IND,NOP,1,0.6354719
0022500589,2026-01-16,2025-26,PHI,CLE,0,0.49540344
0022500590,2026-01-16,2025-26,TOR,LAC,0,0.35321647
0022500591,2026-01-16,2025-26,HOU,MIN,1,0.47130433
0022500592,2026-01-16,2025-26,SAC,WAS,1,0.6435037
0022500593,2026-01-17,2025-26,DAL,UTA,1,0.6952154
0022500594,2026-01-17,2025-26,ATL,BOS,0,0.49086708
0022500595,2026-01-17,2025-26,DET,IND,1,0.8565525
0022500596,2026-01-17,2025-26,NYK,PHX,0,0.59922945
0022500597,2026-01-17,2025-26,MIA,OKC,1,0.24878742
0022500598,2026-01-17,2025-26,SAS,MIN,1,0.5415695
0022500599,2026-01-17,2025-26,GSW,CHA,1,0.7629647
0022500600,2026-01-17,2025-26,DEN,WAS,1,0.86374843
0022500601,2026-01-17,2025-26,POR,LAL,1,0.49873862
0022500603,2026-01-18,2025-26,CHI,BKN,1,0.62206566
0022500604,2026-01-18,2025-26,HOU,NOP,1,0.84940624
0022500605,2026-01-18,2025-26,DEN,CHA,0,0.5809908
0022500606,2026-01-18,2025-26,SAC,POR,0,0.49788728
0022500607,2026-01-18,2025-26,LAL,TOR,1,0.52405053
0022500014,2026-01-19,2025-26,ATL,MIL,0,0.5963474
0022500015,2026-01-19,2025-26,CLE,OKC,0,0.35470313
0022500016,2026-01-19,2025-26,NYK,DAL,0,0.7869838
0022500017,2026-01-19,2025-26,DET,BOS,1,0.65779513
0022500608,2026-01-19,2025-26,WAS,LAC,0,0.25439626
0022500609,2026-01-19,2025-26,PHI,IND,1,0.8481888
0022500610,2026-01-19,2025-26,BKN,PHX,0,0.21475358
0022500611,2026-01-19,2025-26,SAS,UTA,1,0.8847001
0022500612,2026-01-19,2025-26,GSW,MIA,1,0.72421473
0022500613,2026-01-20,2025-26,PHI,PHX,0,0.50185007
0022500614,2026-01-20,2025-26,CHI,LAC,1,0.5135279
0022500615,2026-01-20,2025-26,HOU,SAS,1,0.7128921
0022500616,2026-01-20,2025-26,UTA,MIN,1,0.17477061
0022500617,2026-01-20,2025-26,DEN,LAL,0,0.49657783
0022500618,2026-01-20,2025-26,GSW,TOR,0,0.73631865
0022500619,2026-01-20,2025-26,SAC,MIA,0,0.47639176
0022500620,2026-01-21,2025-26,CHA,CLE,0,0.49900764
0022500621,2026-01-21,2025-26,BOS,IND,1,0.8038673
0022500622,2026-01-21,2025-26,NYK,BKN,1,0.76202863
0022500623,2026-01-21,2025-26,MEM,ATL,0,0.55353713
0022500624,2026-01-21,2025-26,NOP,DET,0,0.21496917
0022500625,2026-01-21,2025-26,MIL,OKC,0,0.2338836
0022500626,2026-01-21,2025-26,SAC,TOR,0,0.39847183
0022500627,2026-01-22,2025-26,ORL,CHA,0,0.55794656
0022500628,2026-01-22,2025-26,PHI,HOU,1,0.41115654
0022500629,2026-01-22,2025-26,WAS,DEN,0,0.3084005
0022500630,2026-01-22,2025-26,DAL,GSW,1,0.35056067
0022500631,2026-01-22,2025-26,MIN,CHI,0,0.7068073
0022500632,2026-01-22,2025-26,UTA,SAS,0,0.2981235
0022500633,2026-01-22,2025-26,LAC,LAL,1,0.48048452
0022500634,2026-01-22,2025-26,POR,MIA,1,0.55629903
0022500635,2026-01-23,2025-26,DET,HOU,0,0.6155903
0022500636,2026-01-23,2025-26,ATL,PHX,1,0.41007912
0022500637,2026-01-23,2025-26,BKN,BOS,0,0.32841858
0022500638,2026-01-23,2025-26,CLE,SAC,1,0.82130426
0022500639,2026-01-23,2025-26,MEM,NOP,0,0.7026017
0022500640,2026-01-23,2025-26,MIL,DEN,0,0.58387154
0022500641,2026-01-23,2025-26,OKC,IND,0,0.9026719
0022500642,2026-01-23,2025-26,POR,TOR,0,0.540571
0022500643,2026-01-24,2025-26,PHI,NYK,0,0.5643328
0022500645,2026-01-24,2025-26,CHA,WAS,1,0.8015757
0022500646,2026-01-24,2025-26,ORL,CLE,0,0.46909907
0022500647,2026-01-24,2025-26,CHI,BOS,1,0.6206443
0022500648,2026-01-24,2025-26,DAL,LAL,0,0.41924936
0022500649,2026-01-24,2025-26,UTA,MIA,0,0.35209823
0022500644,2026-01-25,2025-26,MIN,GSW,0,0.579203
0022500650,2026-01-25,2025-26,DET,SAC,1,0.85367733
0022500653,2026-01-25,2025-26,OKC,TOR,0,0.7720248
0022500654,2026-01-25,2025-26,SAS,NOP,0,0.7656844
0022500655,2026-01-25,2025-26,PHX,MIA,0,0.7442826
0022500656,2026-01-25,2025-26,LAC,BKN,1,0.77660596
0022500657,2026-01-26,2025-26,CHA,PHI,1,0.5288086
0022500658,2026-01-26,2025-26,CLE,ORL,1,0.70455086
0022500659,2026-01-26,2025-26,ATL,IND,1,0.7021838
0022500660,2026-01-26,2025-26,BOS,POR,1,0.6946718
0022500661,2026-01-26,2025-26,CHI,LAL,0,0.48826805
0022500662,2026-01-26,2025-26,HOU,MEM,1,0.7985693
0022500663,2026-01-26,2025-26,MIN,GSW,1,0.49172327
0022500664,2026-01-27,2025-26,WAS,POR,1,0.34918377
0022500665,2026-01-27,2025-26,NYK,SAC,1,0.8253461
0022500666,2026-01-27,2025-26,PHI,MIL,1,0.54245186
0022500667,2026-01-27,2025-26,OKC,NOP,1,0.8596904
0022500668,2026-01-27,2025-26,DEN,DET,0,0.29539722
0022500669,2026-01-27,2025-26,PHX,BKN,1,0.7346736
0022500670,2026-01-27,2025-26,UTA,LAC,0,0.23862854
0022500671,2026-01-28,2025-26,CLE,LAL,1,0.555562
0022500672,2026-01-28,2025-26,IND,CHI,1,0.41506273
0022500673,2026-01-28,2025-26,BOS,ATL,0,0.6669793
0022500674,2026-01-28,2025-26,MIA,ORL,0,0.63970006
0022500675,2026-01-28,2025-26,TOR,NYK,0,0.63177335
0022500676,2026-01-28,2025-26,MEM,CHA,0,0.39979547
0022500677,2026-01-28,2025-26,DAL,MIN,0,0.39613122
0022500678,2026-01-28,2025-26,UTA,GSW,0,0.23922285
0022500679,2026-01-28,2025-26,HOU,SAS,0,0.68144035
0022500529,2026-01-29,2025-26,CHI,MIA,0,0.5797628
0022500680,2026-01-29,2025-26,PHI,SAC,1,0.8229234
0022500681,2026-01-29,2025-26,WAS,MIL,1,0.41935936
0022500682,2026-01-29,2025-26,ATL,HOU,0,0.44406688
0022500683,2026-01-29,2025-26,DAL,CHA,0,0.36052546
0022500684,2026-01-29,2025-26,DEN,BKN,1,0.6722392
0022500685,2026-01-29,2025-26,PHX,DET,1,0.3794533
0022500686,2026-01-29,2025-26,MIN,OKC,1,0.38112187
0022500687,2026-01-30,2025-26,ORL,TOR,1,0.532941
0022500688,2026-01-30,2025-26,WAS,LAL,0,0.25079656
0022500689,2026-01-30,2025-26,BOS,SAC,1,0.86663365
0022500690,2026-01-30,2025-26,NYK,POR,1,0.64608234
0022500691,2026-01-30,2025-26,NOP,MEM,1,0.5892014
0022500693,2026-01-30,2025-26,PHX,CLE,1,0.4210303
0022500694,2026-01-30,2025-26,UTA,BKN,0,0.6396812
0022500695,2026-01-30,2025-26,DEN,LAC,1,0.36873424
0022500696,2026-01-30,2025-26,GSW,DET,0,0.65345526
0022500692,2026-01-31,2025-26,MIA,CHI,0,0.5972197
0022500697,2026-01-31,2025-26,CHA,SAS,1,0.56463397
0022500698,2026-01-31,2025-26,IND,ATL,1,0.44825187
0022500699,2026-01-31,2025-26,PHI,NOP,1,0.79190516
0022500700,2026-01-31,2025-26,MEM,MIN,0,0.25910714
0022500701,2026-01-31,2025-26,HOU,DAL,1,0.8066381
0022500702,2026-02-01,2025-26,BOS,MIL,1,0.7788033
0022500703,2026-02-01,2025-26,SAS,ORL,1,0.5876787
0022500704,2026-02-01,2025-26,DET,BKN,1,0.87156606
0022500705,2026-02-01,2025-26,MIA,CHI,1,0.595672
0022500706,2026-02-01,2025-26,TOR,UTA,1,0.8664325
0022500707,2026-02-01,2025-26,WAS,SAC,1,0.50783926
0022500708,2026-02-01,2025-26,NYK,LAL,1,0.612298
0022500709,2026-02-01,2025-26,PHX,LAC,0,0.5338896
0022500710,2026-02-01,2025-26,POR,CLE,0,0.46698356
0022500711,2026-02-01,2025-26,DEN,OKC,0,0.40622398
0022500712,2026-02-02,2025-26,CHA,NOP,1,0.7727108
0022500713,2026-02-02,2025-26,IND,HOU,0,0.28304145
0022500714,2026-02-02,2025-26,MEM,MIN,1,0.28983676
0022500715,2026-02-02,2025-26,LAC,PHI,0,0.48008782
0022500716,2026-02-03,2025-26,DET,DEN,1,0.6550571
0022500717,2026-02-03,2025-26,IND,UTA,0,0.63264745
0022500718,2026-02-03,2025-26,WAS,NYK,0,0.203476
0022500719,2026-02-03,2025-26,BKN,LAL,0,0.24244234
0022500720,2026-02-03,2025-26,MIA,ATL,0,0.57438475
0022500721,2026-02-03,2025-26,DAL,BOS,0,0.35097593
0022500722,2026-02-03,2025-26,MIL,CHI,1,0.5323628
0022500723,2026-02-03,2025-26,OKC,ORL,1,0.80280906
0022500724,2026-02-03,2025-26,GSW,PHI,0,0.7324439
0022500725,2026-02-03,2025-26,POR,PHX,0,0.40837973
0022500726,2026-02-04,2025-26,NYK,DEN,1,0.5477796
0022500727,2026-02-04,2025-26,TOR,MIN,0,0.44370928
0022500728,2026-02-04,2025-26,HOU,BOS,0,0.6000534
0022500729,2026-02-04,2025-26,MIL,NOP,1,0.50625515
0022500730,2026-02-04,2025-26,SAS,OKC,1,0.43117362
0022500731,2026-02-04,2025-26,SAC,MEM,0,0.40314996
0022500732,2026-02-04,2025-26,LAC,CLE,0,0.4533654
0022500733,2026-02-05,2025-26,DET,WAS,0,0.91429645
0022500734,2026-02-05,2025-26,ORL,BKN,1,0.72398347
0022500735,2026-02-05,2025-26,ATL,UTA,1,0.7897378
0022500736,2026-02-05,2025-26,TOR,CHI,1,0.7079458
0022500737,2026-02-05,2025-26,HOU,CHA,0,0.5334053
0022500738,2026-02-05,2025-26,DAL,SAS,0,0.41859064
0022500739,2026-02-05,2025-26,PHX,GSW,0,0.544228
0022500740,2026-02-05,2025-26,LAL,PHI,1,0.6747421
0022500741,2026-02-06,2025-26,BOS,MIA,1,0.7522408
0022500742,2026-02-06,2025-26,DET,NYK,1,0.5793404
0022500743,2026-02-06,2025-26,MIL,IND,1,0.74846804
0022500744,2026-02-06,2025-26,MIN,NOP,0,0.80192786
0022500745,2026-02-06,2025-26,POR,MEM,1,0.6161287
0022500746,2026-02-06,2025-26,SAC,LAC,0,0.3379185
0022500747,2026-02-07,2025-26,BKN,WAS,1,0.6851181
0022500748,2026-02-07,2025-26,OKC,HOU,0,0.617256
0022500749,2026-02-07,2025-26,SAS,DAL,1,0.78318024
0022500750,2026-02-07,2025-26,ORL,UTA,1,0.81004506
0022500751,2026-02-07,2025-26,ATL,CHA,0,0.43832237
0022500752,2026-02-07,2025-26,CHI,DEN,0,0.2699524
0022500753,2026-02-07,2025-26,LAL,GSW,1,0.6363957
0022500754,2026-02-07,2025-26,PHX,PHI,0,0.48498842
0022500755,2026-02-07,2025-26,POR,MEM,1,0.7118886
0022500756,2026-02-07,2025-26,SAC,CLE,0,0.1764959
0022500757,2026-02-08,2025-26,BOS,NYK,0,0.7226767
0022500758,2026-02-08,2025-26,WAS,MIA,0,0.1867
0022500759,2026-02-08,2025-26,TOR,IND,1,0.74584395
0022500760,2026-02-08,2025-26,MIN,LAC,0,0.69416744
0022500761,2026-02-09,2025-26,CHA,DET,0,0.4341606
0022500762,2026-02-09,2025-26,BKN,CHI,1,0.5320117
0022500763,2026-02-09,2025-26,MIA,UTA,0,0.6889757
0022500764,2026-02-09,2025-26,ORL,MIL,1,0.65218395
0022500765,2026-02-09,2025-26,MIN,ATL,1,0.6083184
0022500766,2026-02-09,2025-26,NOP,SAC,1,0.7481011
0022500767,2026-02-09,2025-26,DEN,CLE,0,0.5313574
0022500768,2026-02-09,2025-26,GSW,MEM,1,0.8545857
0022500769,2026-02-09,2025-26,LAL,OKC,0,0.5159581
0022500770,2026-02-09,2025-26,POR,PHI,1,0.40463036
0022500771,2026-02-10,2025-26,NYK,IND,0,0.774919
0022500772,2026-02-10,2025-26,HOU,LAC,1,0.6773653
0022500773,2026-02-10,2025-26,PHX,DAL,1,0.7846685
0022500774,2026-02-10,2025-26,LAL,SAS,0,0.4567435
0022500775,2026-02-11,2025-26,CHA,ATL,1,0.7733674
0022500776,2026-02-11,2025-26,CLE,WAS,1,0.92653555
0022500777,2026-02-11,2025-26,ORL,MIL,0,0.7505266
0022500778,2026-02-11,2025-26,BOS,CHI,1,0.81302655
0022500779,2026-02-11,2025-26,BKN,IND,0,0.4444395
0022500780,2026-02-11,2025-26,PHI,NYK,0,0.5580289
0022500781,2026-02-11,2025-26,TOR,DET,0,0.4250941
0022500782,2026-02-11,2025-26,HOU,LAC,0,0.73372245
0022500783,2026-02-11,2025-26,MIN,POR,1,0.6448033
0022500784,2026-02-11,2025-26,NOP,MIA,0,0.4779322
0022500785,2026-02-11,2025-26,PHX,OKC,0,0.40248945
0022500786,2026-02-11,2025-26,UTA,SAC,1,0.7080012
0022500787,2026-02-11,2025-26,DEN,MEM,1,0.81700504
0022500788,2026-02-11,2025-26,GSW,SAS,0,0.5317479
0022500789,2026-02-12,2025-26,OKC,MIL,0,0.8334129
0022500790,2026-02-12,2025-26,UTA,POR,0,0.3756619
0022500791,2026-02-12,2025-26,LAL,DAL,1,0.6153816
0022500792,2026-02-19,2025-26,CHA,HOU,0,0.5834684
0022500793,2026-02-19,2025-26,CLE,BKN,1,0.89813375
0022500794,2026-02-19,2025-26,PHI,ATL,0,0.50481474
0022500795,2026-02-19,2025-26,WAS,IND,1,0.43354112
0022500796,2026-02-19,2025-26,NYK,DET,0,0.44644088
0022500797,2026-02-19,2025-26,CHI,TOR,0,0.32109144
0022500798,2026-02-19,2025-26,SAS,PHX,1,0.7545234
0022500799,2026-02-19,2025-26,GSW,BOS,0,0.40802813
0022500800,2026-02-19,2025-26,SAC,ORL,0,0.17699587
0022500801,2026-02-19,2025-26,LAC,DEN,1,0.46990895
0022500802,2026-02-20,2025-26,CHA,CLE,0,0.40889305
0022500803,2026-02-20,2025-26,WAS,IND,1,0.38877037
0022500804,2026-02-20,2025-26,MEM,UTA,1,0.66969645
0022500805,2026-02-20,2025-26,ATL,MIA,0,0.49578303
0022500806,2026-02-20,2025-26,MIN,DAL,1,0.7906236
0022500807,2026-02-20,2025-26,NOP,MIL,0,0.5789915
0022500808,2026-02-20,2025-26,OKC,BKN,1,0.8625145
0022500809,2026-02-20,2025-26,LAL,LAC,1,0.6500125
0022500810,2026-02-20,2025-26,POR,DEN,0,0.49668303
0022500811,2026-02-21,2025-26,PHX,ORL,1,0.5956151
0022500812,2026-02-21,2025-26,NOP,PHI,1,0.43686998
0022500813,2026-02-21,2025-26,MIA,MEM,1,0.8434073
0022500814,2026-02-21,2025-26,CHI,DET,0,0.21381329
0022500815,2026-02-21,2025-26,SAS,SAC,1,0.93589985
0022500816,2026-02-21,2025-26,NYK,HOU,1,0.56035215
0022500817,2026-02-22,2025-26,OKC,CLE,1,0.49624893
0022500818,2026-02-22,2025-26,ATL,BKN,1,0.74664634
0022500819,2026-02-22,2025-26,MIL,TOR,0,0.3935672
0022500820,2026-02-22,2025-26,GSW,DEN,1,0.43011805
0022500821,2026-02-22,2025-26,IND,DAL,0,0.4207909
0022500822,2026-02-22,2025-26,WAS,CHA,0,0.20690791
0022500823,2026-02-22,2025-26,LAL,BOS,0,0.5424087
0022500824,2026-02-22,2025-26,MIN,PHI,0,0.7923467
0022500825,2026-02-22,2025-26,CHI,NYK,0,0.29955596
0022500826,2026-02-22,2025-26,PHX,POR,0,0.5092991
0022500827,2026-02-22,2025-26,LAC,ORL,0,0.7380369
0022500828,2026-02-23,2025-26,DET,SAS,0,0.59987587
0022500829,2026-02-23,2025-26,MEM,SAC,0,0.724315
0022500830,2026-02-23,2025-26,HOU,UTA,1,0.89268297
0022500831,2026-02-24,2025-26,IND,PHI,0,0.4264255
0022500832,2026-02-24,2025-26,ATL,WAS,1,0.8390543
0022500833,2026-02-24,2025-26,BKN,DAL,0,0.5090068
0022500834,2026-02-24,2025-26,TOR,OKC,0,0.47526532
0022500835,2026-02-24,2025-26,CLE,NYK,1,0.63692313
0022500836,2026-02-24,2025-26,CHI,CHA,0,0.3472433
0022500837,2026-02-24,2025-26,MIL,MIA,1,0.4172321
0022500838,2026-02-24,2025-26,NOP,GSW,1,0.44063953
0022500839,2026-02-24,2025-26,PHX,BOS,0,0.26353553
0022500840,2026-02-24,2025-26,LAL,ORL,0,0.73539346
0022500841,2026-02-24,2025-26,POR,MIN,0,0.5267061
0022500842,2026-02-25,2025-26,DET,OKC,1,0.685076
0022500843,2026-02-25,2025-26,TOR,SAS,0,0.3730492
0022500844,2026-02-25,2025-26,MEM,GSW,0,0.31910926
0022500845,2026-02-25,2025-26,HOU,SAC,1,0.89582986
0022500846,2026-02-25,2025-26,MIL,CLE,1,0.27110568
0022500847,2026-02-25,2025-26,DEN,BOS,1,0.65507215
0022500848,2026-02-26,2025-26,IND,CHA,0,0.2196623
0022500849,2026-02-26,2025-26,PHI,MIA,1,0.5076431
0022500850,2026-02-26,2025-26,ATL,WAS,1,0.85045546
0022500851,2026-02-26,2025-26,BKN,SAS,0,0.20608728
0022500852,2026-02-26,2025-26,ORL,HOU,0,0.47572455
0022500853,2026-02-26,2025-26,CHI,POR,0,0.3863308
0022500854,2026-02-26,2025-26,DAL,SAC,0,0.8036569
0022500855,2026-02-26,2025-26,PHX,LAL,1,0.31517658
0022500856,2026-02-26,2025-26,UTA,NOP,0,0.38573533
0022500857,2026-02-26,2025-26,LAC,MIN,0,0.53165233
0022500858,2026-02-27,2025-26,DET,CLE,1,0.7306062
0022500859,2026-02-27,2025-26,BOS,BKN,1,0.89484376
0022500860,2026-02-27,2025-26,MIL,NYK,0,0.37294275
0022500861,2026-02-27,2025-26,DAL,MEM,0,0.6675436
0022500862,2026-02-27,2025-26,OKC,DEN,1,0.4627589
0022500863,2026-02-28,2025-26,CHA,POR,1,0.74745744
0022500864,2026-02-28,2025-26,MIA,HOU,1,0.4528836
0022500865,2026-02-28,2025-26,WAS,TOR,0,0.13756336
0022500866,2026-02-28,2025-26,GSW,LAL,0,0.4676087
0022500867,2026-02-28,2025-26,UTA,NOP,0,0.28473094
0022500868,2026-03-01,2025-26,NYK,SAS,1,0.451905
0022500869,2026-03-01,2025-26,BKN,CLE,0,0.24888562
0022500870,2026-03-01,2025-26,CHI,MIL,1,0.41945797
0022500871,2026-03-01,2025-26,DEN,MIN,0,0.64628935
0022500872,2026-03-01,2025-26,IND,MEM,0,0.5968972
0022500873,2026-03-01,2025-26,ATL,POR,1,0.6109229
0022500874,2026-03-01,2025-26,BOS,PHI,1,0.6786985
0022500875,2026-03-01,2025-26,ORL,DET,0,0.3441588
0022500876,2026-03-01,2025-26,DAL,OKC,0,0.20044003
0022500877,2026-03-01,2025-26,LAC,NOP,1,0.67879707
0022500878,2026-03-01,2025-26,LAL,SAC,1,0.88333344
0022500879,2026-03-02,2025-26,WAS,HOU,0,0.14722449
0022500880,2026-03-02,2025-26,MIL,BOS,0,0.22375001
0022500881,2026-03-02,2025-26,UTA,DEN,0,0.19630782
0022500882,2026-03-02,2025-26,GSW,LAC,0,0.6028955
0022500883,2026-03-03,2025-26,CHA,DAL,1,0.82869905
0022500884,2026-03-03,2025-26,CLE,DET,1,0.44757178
0022500885,2026-03-03,2025-26,ORL,WAS,1,0.86589694
0022500886,2026-03-03,2025-26,MIA,BKN,1,0.821567
0022500887,2026-03-03,2025-26,TOR,NYK,0,0.51572275
0022500888,2026-03-03,2025-26,PHI,SAS,0,0.3258264
0022500889,2026-03-03,2025-26,CHI,OKC,0,0.16529602
0022500890,2026-03-03,2025-26,MIN,MEM,1,0.8663127
0022500891,2026-03-03,2025-26,LAL,NOP,1,0.7374649
0022500892,2026-03-03,2025-26,SAC,PHX,0,0.25665975
0022500893,2026-03-04,2025-26,NYK,OKC,0,0.63543344
0022500894,2026-03-04,2025-26,BOS,CHA,0,0.72275054
0022500895,2026-03-04,2025-26,PHI,UTA,1,0.69889784
0022500896,2026-03-04,2025-26,MEM,POR,0,0.39352146
0022500897,2026-03-04,2025-26,MIL,ATL,0,0.4174954
0022500898,2026-03-04,2025-26,LAC,IND,1,0.87951404
0022500899,2026-03-05,2025-26,ORL,DAL,1,0.75054294
0022500900,2026-03-05,2025-26,WAS,UTA,0,0.46152508
0022500901,2026-03-05,2025-26,MIA,BKN,1,0.8386624
0022500902,2026-03-05,2025-26,HOU,GSW,0,0.7152901
0022500903,2026-03-05,2025-26,MIN,TOR,1,0.5985623
0022500904,2026-03-05,2025-26,SAS,DET,1,0.6197765
0022500905,2026-03-05,2025-26,PHX,CHI,0,0.7591203
0022500906,2026-03-05,2025-26,DEN,LAL,1,0.5727783
0022500907,2026-03-05,2025-26,SAC,NOP,0,0.22833933
0022500908,2026-03-06,2025-26,BOS,DAL,1,0.85600775
0022500909,2026-03-06,2025-26,CHA,MIA,0,0.7429922
0022500910,2026-03-06,2025-26,HOU,POR,1,0.6757767
0022500911,2026-03-06,2025-26,DEN,NYK,0,0.40987498
0022500912,2026-03-06,2025-26,PHX,NOP,1,0.6127307
0022500913,2026-03-06,2025-26,SAS,LAC,1,0.6804046
0022500914,2026-03-06,2025-26,LAL,IND,1,0.8102949
0022500915,2026-03-07,2025-26,MIN,ORL,0,0.6761729
0022500916,2026-03-07,2025-26,DET,BKN,0,0.90069246
0022500917,2026-03-07,2025-26,ATL,PHI,1,0.7780299
0022500918,2026-03-07,2025-26,MEM,LAC,0,0.26759836
0022500919,2026-03-07,2025-26,MIL,UTA,1,0.7385246
0022500920,2026-03-07,2025-26,OKC,GSW,1,0.8440501
0022500921,2026-03-08,2025-26,CLE,BOS,0,0.45775032
0022500922,2026-03-08,2025-26,LAL,NYK,1,0.43869177
0022500923,2026-03-08,2025-26,MIA,DET,1,0.6162548
0022500924,2026-03-08,2025-26,TOR,DAL,1,0.7314319
0022500925,2026-03-08,2025-26,NOP,WAS,1,0.85092694
0022500926,2026-03-08,2025-26,MIL,ORL,0,0.45362866
0022500927,2026-03-08,2025-26,SAS,HOU,1,0.71186477
0022500928,2026-03-08,2025-26,PHX,CHA,1,0.34356838
0022500929,2026-03-08,2025-26,POR,IND,1,0.71726036
0022500930,2026-03-08,2025-26,SAC,CHI,1,0.43535048
0022500931,2026-03-09,2025-26,CLE,PHI,1,0.77233255
0022500932,2026-03-09,2025-26,BKN,MEM,1,0.5146513
0022500933,2026-03-09,2025-26,OKC,DEN,1,0.65279216
0022500934,2026-03-09,2025-26,UTA,GSW,1,0.37676227
0022500935,2026-03-09,2025-26,LAC,NYK,1,0.50821304
0022500936,2026-03-10,2025-26,PHI,MEM,1,0.5943112
0022500937,2026-03-10,2025-26,BKN,DET,0,0.14030331
0022500938,2026-03-10,2025-26,MIA,WAS,1,0.9086703
0022500939,2026-03-10,2025-26,ATL,DAL,1,0.7809657
0022500940,2026-03-10,2025-26,HOU,TOR,1,0.5738172
0022500941,2026-03-10,2025-26,MIL,PHX,0,0.41091043
0022500942,2026-03-10,2025-26,SAS,BOS,1,0.5568968
0022500943,2026-03-10,2025-26,GSW,CHI,0,0.62421334
0022500944,2026-03-10,2025-26,POR,CHA,0,0.35684565
0022500945,2026-03-10,2025-26,SAC,IND,1,0.42688158
0022500946,2026-03-10,2025-26,LAL,MIN,1,0.5977286
0022500947,2026-03-11,2025-26,ORL,CLE,1,0.4442833
0022500948,2026-03-11,2025-26,NOP,TOR,1,0.5379888
0022500949,2026-03-11,2025-26,UTA,NYK,0,0.1531472
0022500950,2026-03-11,2025-26,DEN,HOU,1,0.68894887
0022500951,2026-03-11,2025-26,SAC,CHA,0,0.14649211
0022500952,2026-03-11,2025-26,LAC,MIN,1,0.68860453
0022500953,2026-03-12,2025-26,DET,PHI,1,0.8229046
0022500954,2026-03-12,2025-26,IND,PHX,0,0.22219719
0022500955,2026-03-12,2025-26,ORL,WAS,1,0.8739589
0022500956,2026-03-12,2025-26,ATL,BKN,1,0.8737211
0022500957,2026-03-12,2025-26,MIA,MIL,1,0.7148608
0022500958,2026-03-12,2025-26,SAS,DEN,0,0.7470105
0022500959,2026-03-12,2025-26,OKC,BOS,1,0.6083455
0022500960,2026-03-12,2025-26,LAL,CHI,1,0.8369335
0022501111,2026-03-12,2025-26,MEM,DAL,0,0.49314567
0022500961,2026-03-13,2025-26,DET,MEM,1,0.91196936
0022500962,2026-03-13,2025-26,IND,NYK,0,0.10808366
0022500963,2026-03-13,2025-26,TOR,PHX,1,0.6888668
0022500964,2026-03-13,2025-26,HOU,NOP,1,0.66480577
0022500965,2026-03-13,2025-26,DAL,CLE,0,0.19505204
0022500966,2026-03-13,2025-26,GSW,MIN,0,0.39752254
0022500967,2026-03-13,2025-26,POR,UTA,1,0.85459274
0022500968,2026-03-13,2025-26,LAC,CHI,1,0.86862886
0022500969,2026-03-14,2025-26,PHI,BKN,1,0.6701868
0022500970,2026-03-14,2025-26,ATL,MIL,1,0.6614219
0022500971,2026-03-14,2025-26,BOS,WAS,1,0.89663666
0022500972,2026-03-14,2025-26,MIA,ORL,0,0.62862146
0022500973,2026-03-14,2025-26,SAS,CHA,1,0.570591
0022500974,2026-03-14,2025-26,LAL,DEN,1,0.5404733
0022500975,2026-03-14,2025-26,LAC,SAC,0,0.8638614
0022500976,2026-03-15,2025-26,OKC,MIN,1,0.74585384
0022500977,2026-03-15,2025-26,CLE,DAL,0,0.8580478
0022500978,2026-03-15,2025-26,TOR,DET,1,0.4668408
0022500979,2026-03-15,2025-26,MIL,IND,1,0.6361129
0022500980,2026-03-15,2025-26,PHI,POR,1,0.35543904
0022500981,2026-03-15,2025-26,NYK,GSW,1,0.7856997
0022500982,2026-03-15,2025-26,SAC,UTA,1,0.6765018
0022500983,2026-03-16,2025-26,ATL,ORL,1,0.59842706
0022500984,2026-03-16,2025-26,WAS,GSW,0,0.4955508
0022500985,2026-03-16,2025-26,BKN,POR,0,0.3163362
0022500986,2026-03-16,2025-26,BOS,PHX,1,0.70524615
0022500987,2026-03-16,2025-26,CHI,MEM,1,0.61797225
0022500988,2026-03-16,2025-26,NOP,DAL,1,0.7651708
0022500989,2026-03-16,2025-26,HOU,LAL,0,0.45734844
0022500990,2026-03-16,2025-26,LAC,SAS,0,0.40437347
0022500991,2026-03-17,2025-26,CHA,MIA,1,0.61686885
0022500992,2026-03-17,2025-26,ORL,OKC,0,0.25335485
0022500993,2026-03-17,2025-26,WAS,DET,0,0.097884156
0022500994,2026-03-17,2025-26,NYK,IND,1,0.9233168
0022500995,2026-03-17,2025-26,MIL,CLE,0,0.39432427
0022500996,2026-03-17,2025-26,MIN,PHX,1,0.64936846
0022500997,2026-03-17,2025-26,DEN,PHI,1,0.87052387
0022500998,2026-03-17,2025-26,SAC,SAS,0,0.17953843
0022500651,2026-03-18,2025-26,MEM,DEN,1,0.1667187
0022500999,2026-03-18,2025-26,BOS,GSW,1,0.8406969
0022501000,2026-03-18,2025-26,BKN,OKC,0,0.09858234
0022501001,2026-03-18,2025-26,IND,POR,0,0.24362566
0022501002,2026-03-18,2025-26,CHI,TOR,0,0.31440288
0022501004,2026-03-18,2025-26,MIN,UTA,1,0.88505703
0022501005,2026-03-18,2025-26,NOP,LAC,1,0.47438908
0022501006,2026-03-18,2025-26,DAL,ATL,0,0.24850422
0022501007,2026-03-18,2025-26,HOU,LAL,0,0.41422692
0022501008,2026-03-19,2025-26,CHA,ORL,1,0.70059544
0022501009,2026-03-19,2025-26,WAS,DET,0,0.12335609
0022501010,2026-03-19,2025-26,MIA,LAL,0,0.491835
0022501011,2026-03-19,2025-26,CHI,CLE,0,0.1901235
0022501012,2026-03-19,2025-26,NOP,LAC,1,0.48974168
0022501013,2026-03-19,2025-26,SAS,PHX,1,0.81480485
0022501014,2026-03-19,2025-26,UTA,MIL,1,0.24567343
0022501015,2026-03-19,2025-26,SAC,PHI,0,0.52798855
0022501016,2026-03-20,2025-26,BKN,NYK,0,0.13837126
0022501017,2026-03-20,2025-26,DET,GSW,1,0.75357366
0022501018,2026-03-20,2025-26,HOU,ATL,1,0.48114124
0022501019,2026-03-20,2025-26,MEM,BOS,0,0.17882954
0022501020,2026-03-20,2025-26,MIN,POR,0,0.5519655
0022501021,2026-03-20,2025-26,DEN,TOR,1,0.73026645
0022501022,2026-03-21,2025-26,WAS,OKC,0,0.08906628
0022501023,2026-03-21,2025-26,CHA,MEM,1,0.90265787
0022501024,2026-03-21,2025-26,ORL,LAL,0,0.3285906
0022501025,2026-03-21,2025-26,NOP,CLE,0,0.44128463
0022501026,2026-03-21,2025-26,ATL,GSW,1,0.7827434
0022501027,2026-03-21,2025-26,HOU,MIA,1,0.5070737
0022501028,2026-03-21,2025-26,SAS,IND,1,0.91502064
0022501029,2026-03-21,2025-26,DAL,LAC,0,0.36585936
0022501030,2026-03-21,2025-26,UTA,PHI,0,0.42211124
0022501031,2026-03-21,2025-26,PHX,MIL,0,0.66341466
0022501032,2026-03-22,2025-26,DEN,POR,1,0.72278726
0022501033,2026-03-22,2025-26,SAC,BKN,1,0.7053925
0022501034,2026-03-22,2025-26,NYK,WAS,1,0.92963225
0022501035,2026-03-22,2025-26,BOS,MIN,0,0.73629993
0022501036,2026-03-22,2025-26,PHX,TOR,1,0.3560024
0022501037,2026-03-23,2025-26,ATL,MEM,1,0.87080413
0022501038,2026-03-23,2025-26,DET,LAL,1,0.43778503
0022501039,2026-03-23,2025-26,ORL,IND,0,0.7991886
0022501040,2026-03-23,2025-26,PHI,OKC,0,0.13493352
0022501041,2026-03-23,2025-26,MIA,SAS,0,0.4051802
0022501042,2026-03-23,2025-26,CHI,HOU,1,0.2651234
0022501043,2026-03-23,2025-26,UTA,TOR,0,0.2872008
0022501044,2026-03-23,2025-26,DAL,GSW,0,0.5600833
0022501045,2026-03-23,2025-26,POR,BKN,1,0.8729143
0022501046,2026-03-23,2025-26,LAC,MIL,1,0.7827848
0022501047,2026-03-24,2025-26,CHA,SAC,1,0.9065012
0022501048,2026-03-24,2025-26,NYK,NOP,1,0.72780406
0022501049,2026-03-24,2025-26,CLE,ORL,1,0.775514
0022501050,2026-03-24,2025-26,PHX,DEN,0,0.34755498
0022501051,2026-03-25,2025-26,DET,ATL,0,0.6258614
0022501052,2026-03-25,2025-26,IND,LAL,0,0.25792384
0022501053,2026-03-25,2025-26,PHI,CHI,1,0.49542317
0022501054,2026-03-25,2025-26,BOS,OKC,1,0.4606299
0022501055,2026-03-25,2025-26,CLE,MIA,0,0.59310794
0022501056,2026-03-25,2025-26,MEM,SAS,0,0.10487541
0022501057,2026-03-25,2025-26,UTA,WAS,0,0.5729838
0022501058,2026-03-25,2025-26,MIN,HOU,1,0.5181522
0022501059,2026-03-25,2025-26,DEN,DAL,1,0.8367278
0022501060,2026-03-25,2025-26,GSW,BKN,1,0.8587346
0022501061,2026-03-25,2025-26,POR,MIL,1,0.77912843
0022501062,2026-03-25,2025-26,LAC,TOR,1,0.7224628
0022501063,2026-03-26,2025-26,CHA,NYK,1,0.5446457
0022501064,2026-03-26,2025-26,DET,NOP,1,0.6548624
0022501065,2026-03-26,2025-26,ORL,SAC,1,0.85010856
0022501066,2026-03-27,2025-26,IND,LAC,0,0.26462924
0022501067,2026-03-27,2025-26,BOS,ATL,1,0.5966933
0022501068,2026-03-27,2025-26,CLE,MIA,1,0.5870174
0022501069,2026-03-27,2025-26,MEM,HOU,0,0.18144867
0022501070,2026-03-27,2025-26,OKC,CHI,1,0.9063116
0022501071,2026-03-27,2025-26,TOR,NOP,1,0.6474035
0022501072,2026-03-27,2025-26,DEN,UTA,1,0.93509746
0022501073,2026-03-27,2025-26,GSW,WAS,1,0.76575196
0022501074,2026-03-27,2025-26,POR,DAL,0,0.74879396
0022501075,2026-03-27,2025-26,LAL,BKN,1,0.9418957
0022501076,2026-03-28,2025-26,MIL,SAS,0,0.14952952
0022501077,2026-03-28,2025-26,CHA,PHI,0,0.8004209
0022501078,2026-03-28,2025-26,ATL,SAC,1,0.8546192
0022501079,2026-03-28,2025-26,MEM,CHI,1,0.4069341
0022501080,2026-03-28,2025-26,MIN,DET,0,0.49376285
0022501081,2026-03-28,2025-26,PHX,UTA,1,0.9016115
0022501082,2026-03-29,2025-26,MIL,LAC,0,0.1866582
0022501083,2026-03-29,2025-26,IND,MIA,1,0.3030849
0022501084,2026-03-29,2025-26,BKN,SAC,1,0.4662695
0022501085,2026-03-29,2025-26,CHA,BOS,0,0.4976948
0022501086,2026-03-29,2025-26,TOR,ORL,1,0.50310904
0022501087,2026-03-29,2025-26,POR,WAS,1,0.83407676
0022501088,2026-03-29,2025-26,NOP,HOU,0,0.36866027
0022501089,2026-03-29,2025-26,OKC,NYK,1,0.6889073
0022501090,2026-03-29,2025-26,DEN,GSW,1,0.8131985
0022501091,2026-03-30,2025-26,MIA,PHI,1,0.50333554
0022501092,2026-03-30,2025-26,ATL,BOS,1,0.625966
0022501093,2026-03-30,2025-26,MEM,PHX,0,0.1648163
0022501094,2026-03-30,2025-26,SAS,CHI,1,0.8914198
0022501095,2026-03-30,2025-26,DAL,MIN,0,0.3805477
0022501096,2026-03-30,2025-26,UTA,CLE,0,0.13327716
0022501097,2026-03-30,2025-26,OKC,DET,1,0.61030525
0022501098,2026-03-30,2025-26,LAL,WAS,1,0.9425428
0022500652,2026-03-31,2025-26,MIL,DAL,1,0.48136604
0022501099,2026-03-31,2025-26,ORL,PHX,1,0.56772876
0022501100,2026-03-31,2025-26,BKN,CHA,0,0.13714957
0022501101,2026-03-31,2025-26,DET,TOR,1,0.61690325
0022501102,2026-03-31,2025-26,HOU,NYK,1,0.52367526
0022501103,2026-03-31,2025-26,LAL,CLE,1,0.49053687
0022501104,2026-03-31,2025-26,LAC,POR,0,0.678672
0022501003,2026-04-01,2025-26,MEM,NYK,0,0.15826464
0022501105,2026-04-01,2025-26,WAS,PHI,0,0.19378328
0022501106,2026-04-01,2025-26,MIA,BOS,0,0.5167867
0022501107,2026-04-01,2025-26,ORL,ATL,0,0.32214656
0022501108,2026-04-01,2025-26,TOR,SAC,0,0.84122473
0022501109,2026-04-01,2025-26,CHI,IND,0,0.567666
0022501110,2026-04-01,2025-26,HOU,MIL,1,0.8633047
0022501112,2026-04-01,2025-26,UTA,DEN,0,0.11198397
0022501113,2026-04-01,2025-26,GSW,SAS,0,0.21378973
0022501114,2026-04-02,2025-26,CHA,PHX,1,0.63279605
0022501115,2026-04-02,2025-26,DET,MIN,1,0.6797505
0022501116,2026-04-02,2025-26,OKC,LAL,1,0.6656468
0022501117,2026-04-02,2025-26,GSW,CLE,0,0.2181361
0022501118,2026-04-02,2025-26,POR,NOP,1,0.70612913
0022501119,2026-04-02,2025-26,LAC,SAS,0,0.47954205
0022501120,2026-04-03,2025-26,CHA,IND,1,0.8265854
0022501121,2026-04-03,2025-26,PHI,MIN,1,0.5923759
0022501122,2026-04-03,2025-26,BKN,ATL,0,0.10290123
0022501123,2026-04-03,2025-26,NYK,CHI,1,0.84390754
0022501124,2026-04-03,2025-26,HOU,UTA,1,0.91518575
0022501125,2026-04-03,2025-26,MEM,TOR,0,0.1973981
0022501126,2026-04-03,2025-26,MIL,BOS,0,0.121937454
0022501127,2026-04-03,2025-26,DAL,ORL,0,0.30412713
0022501128,2026-04-03,2025-26,SAC,NOP,1,0.36770353
0022501129,2026-04-04,2025-26,MIA,WAS,1,0.88427037
0022501130,2026-04-04,2025-26,DEN,SAS,1,0.50345623
0022501131,2026-04-04,2025-26,PHI,DET,0,0.42031583
0022501132,2026-04-05,2025-26,BOS,TOR,1,0.71847343
0022501133,2026-04-05,2025-26,BKN,WAS,1,0.5474993
0022501134,2026-04-05,2025-26,CHI,PHX,0,0.3225192
0022501135,2026-04-05,2025-26,MIL,MEM,1,0.7836968
0022501136,2026-04-05,2025-26,CLE,IND,1,0.87000984
0022501137,2026-04-05,2025-26,MIN,CHA,0,0.44633508
0022501138,2026-04-05,2025-26,NOP,ORL,0,0.4692402
0022501139,2026-04-05,2025-26,OKC,UTA,1,0.9607489
0022501140,2026-04-05,2025-26,DAL,LAL,1,0.21025315
0022501141,2026-04-05,2025-26,SAC,LAC,0,0.22023934
0022501142,2026-04-05,2025-26,GSW,HOU,0,0.2996698
0022501143,2026-04-06,2025-26,ATL,NYK,0,0.61286116
0022501144,2026-04-06,2025-26,ORL,DET,1,0.28862998
0022501145,2026-04-06,2025-26,MEM,CLE,0,0.10176778
0022501146,2026-04-06,2025-26,SAS,PHI,1,0.80813855
0022501147,2026-04-06,2025-26,DEN,POR,1,0.69047767
0022501148,2026-04-07,2025-26,WAS,CHI,0,0.3980885
0022501149,2026-04-07,2025-26,BOS,CHA,1,0.6155613
0022501150,2026-04-07,2025-26,BKN,MIL,1,0.34949824
0022501151,2026-04-07,2025-26,TOR,MIA,1,0.5171054
0022501152,2026-04-07,2025-26,IND,MIN,0,0.28422728
0022501153,2026-04-07,2025-26,NOP,UTA,1,0.76308966
0022501154,2026-04-07,2025-26,GSW,SAC,1,0.77002674
0022501155,2026-04-07,2025-26,LAL,OKC,0,0.22045812
0022501156,2026-04-07,2025-26,LAC,DAL,1,0.82281524
0022501157,2026-04-07,2025-26,PHX,HOU,0,0.4691176
0022501158,2026-04-08,2025-26,CLE,ATL,1,0.4151492
0022501159,2026-04-08,2025-26,ORL,MIN,1,0.588438
0022501160,2026-04-08,2025-26,DET,MIL,1,0.92127776
0022501161,2026-04-08,2025-26,SAS,POR,1,0.7558673
0022501162,2026-04-08,2025-26,DEN,MEM,1,0.9511577
0022501163,2026-04-08,2025-26,LAC,OKC,0,0.3344227
0022501164,2026-04-08,2025-26,PHX,DAL,1,0.799351
0022501165,2026-04-09,2025-26,TOR,MIA,1,0.58793026
0022501166,2026-04-09,2025-26,WAS,CHI,0,0.31289685
0022501167,2026-04-09,2025-26,BKN,IND,0,0.38218725
0022501168,2026-04-09,2025-26,NYK,BOS,1,0.5271109
0022501169,2026-04-09,2025-26,HOU,PHI,1,0.64381677
0022501170,2026-04-09,2025-26,GSW,LAL,0,0.6497513
0022501171,2026-04-10,2025-26,CHA,DET,0,0.51035106
0022501172,2026-04-10,2025-26,WAS,MIA,0,0.17360392
0022501173,2026-04-10,2025-26,ATL,CLE,1,0.6084395
0022501174,2026-04-10,2025-26,BOS,NOP,1,0.91017157
0022501175,2026-04-10,2025-26,IND,PHI,0,0.272113
0022501176,2026-04-10,2025-26,NYK,TOR,1,0.6717833
0022501177,2026-04-10,2025-26,CHI,ORL,0,0.3328011
0022501178,2026-04-10,2025-26,HOU,MIN,0,0.6988337
0022501179,2026-04-10,2025-26,MIL,BKN,1,0.79850155
0022501180,2026-04-10,2025-26,SAS,DAL,1,0.9010601
0022501181,2026-04-10,2025-26,UTA,MEM,1,0.53812265
0022501182,2026-04-10,2025-26,DEN,OKC,1,0.36206704
0022501183,2026-04-10,2025-26,POR,LAC,1,0.54495555
0022501184,2026-04-10,2025-26,SAC,GSW,1,0.5523734
0022501185,2026-04-10,2025-26,LAL,PHX,1,0.3796869
0022501186,2026-04-12,2025-26,BOS,ORL,1,0.6909535
0022501187,2026-04-12,2025-26,CLE,WAS,1,0.9072136
0022501188,2026-04-12,2025-26,IND,DET,0,0.10646943
0022501189,2026-04-12,2025-26,MIA,ATL,1,0.41290256
0022501190,2026-04-12,2025-26,NYK,CHA,0,0.6341054
0022501191,2026-04-12,2025-26,PHI,MIL,1,0.7873766
0022501192,2026-04-12,2025-26,TOR,BKN,1,0.9406258
0022501193,2026-04-12,2025-26,DAL,CHI,1,0.549254
0022501194,2026-04-12,2025-26,HOU,MEM,1,0.9653615
0022501195,2026-04-12,2025-26,MIN,NOP,1,0.8688639
0022501196,2026-04-12,2025-26,OKC,PHX,0,0.5868853
0022501197,2026-04-12,2025-26,SAS,DEN,0,0.8227227
0022501198,2026-04-12,2025-26,LAL,UTA,1,0.8555964
0022501199,2026-04-12,2025-26,LAC,GSW,1,0.7184025
0022501200,2026-04-12,2025-26,POR,SAC,1,0.84027535
