date,season,home,away,home_win,p_home
2024-10-22,2024-25,BOS,NYK,1,0.59237181745247
2024-10-22,2024-25,LAL,MIN,1,0.5341441878209809
2024-10-23,2024-25,DET,IND,0,0.2372640178628572
2024-10-23,2024-25,ATL,BKN,1,0.7079824078422998
2024-10-23,2024-25,MIA,ORL,0,0.6125491149363216
2024-10-23,2024-25,PHI,MIL,0,0.569907372923707
2024-10-23,2024-25,TOR,CLE,0,0.3257984403722138
2024-10-23,2024-25,HOU,CHA,0,0.6783729959328271
2024-10-23,2024-25,NOP,CHI,1,0.6593460015265965
2024-10-23,2024-25,UTA,MEM,0,0.635019459364257
2024-10-23,2024-25,LAC,PHX,0,0.37044760521581466
2024-10-23,2024-25,POR,GSW,0,0.2484506620785992
2024-10-24,2024-25,WAS,BOS,0,0.13319071317109935
2024-10-24,2024-25,DAL,SAS,1,0.5350112944674722
2024-10-24,2024-25,DEN,OKC,0,0.5809617900394345
2024-10-24,2024-25,SAC,MIN,0,0.514057475371669
2024-10-25,2024-25,ORL,BKN,1,0.709997987892252
2024-10-25,2024-25,TOR,PHI,1,0.391314452202118
2024-10-25,2024-25,ATL,CHA,1,0.6358356406005875
2024-10-25,2024-25,CLE,DET,1,0.7437054621359368
2024-10-25,2024-25,NYK,IND,1,0.639989355386155
2024-10-25,2024-25,HOU,MEM,1,0.6244962602722216
2024-10-25,2024-25,MIL,CHI,0,0.6839667873480731
2024-10-25,2024-25,UTA,GSW,0,0.28061398316964536
2024-10-25,2024-25,LAL,PHX,1,0.5117449117467866
2024-10-25,2024-25,POR,NOP,0,0.2335547620323439
2024-10-26,2024-25,DEN,LAC,0,0.6685576773089293
2024-10-26,2024-25,CHA,MIA,0,0.40376511704771684
2024-10-26,2024-25,DET,BOS,0,0.1778062902250361
2024-10-26,2024-25,WAS,CLE,0,0.31376415548420433
2024-10-26,2024-25,CHI,OKC,0,0.31398929359750555
2024-10-26,2024-25,MEM,ORL,1,0.3966930313540157
2024-10-26,2024-25,MIN,TOR,1,0.8664539589541468
2024-10-26,2024-25,SAS,HOU,1,0.5376316244377369
2024-10-26,2024-25,PHX,DAL,1,0.5661245967958101
2024-10-26,2024-25,LAL,SAC,1,0.5737392652629159
2024-10-27,2024-25,IND,PHI,0,0.6761485308686728
2024-10-27,2024-25,BKN,MIL,1,0.36718814822102
2024-10-27,2024-25,POR,NOP,1,0.24421125504479332
2024-10-27,2024-25,OKC,ATL,1,0.7275922792816321
2024-10-27,2024-25,GSW,LAC,0,0.7849300587724414
2024-10-28,2024-25,ORL,IND,1,0.6279637346870367
2024-10-28,2024-25,ATL,WAS,0,0.6744807418327023
2024-10-28,2024-25,BOS,MIL,1,0.8593400182136147
2024-10-28,2024-25,MIA,DET,1,0.6794484539149425
2024-10-28,2024-25,NYK,CLE,0,0.6338376477148662
2024-10-28,2024-25,TOR,DEN,0,0.2835552704389291
2024-10-28,2024-25,MEM,CHI,0,0.5167199042215389
2024-10-28,2024-25,SAS,HOU,0,0.4615784594938344
2024-10-28,2024-25,DAL,UTA,1,0.806658552244723
2024-10-28,2024-25,PHX,LAL,1,0.5933475324609528
2024-10-28,2024-25,SAC,POR,1,0.8359546815744746
2024-10-29,2024-25,BKN,DEN,0,0.4427566996108536
2024-10-29,2024-25,MIN,DAL,0,0.6928747618286912
2024-10-29,2024-25,UTA,SAC,0,0.3565943921209037
2024-10-29,2024-25,GSW,NOP,1,0.6762763834606503
2024-10-30,2024-25,CHA,TOR,1,0.6299205847656419
2024-10-30,2024-25,CLE,LAL,1,0.5592622010103165
2024-10-30,2024-25,IND,BOS,1,0.3372928452258005
2024-10-30,2024-25,PHI,DET,0,0.6128389998433101
2024-10-30,2024-25,WAS,ATL,1,0.43499340961850824
2024-10-30,2024-25,MIA,NYK,0,0.4377662402754272
2024-10-30,2024-25,CHI,ORL,1,0.4519001260816753
2024-10-30,2024-25,MEM,BKN,0,0.6525947084029297
2024-10-30,2024-25,OKC,SAS,1,0.8107729726703008
2024-10-30,2024-25,GSW,NOP,1,0.7223202259172842
2024-10-30,2024-25,LAC,POR,0,0.7811054048401452
2024-10-31,2024-25,MEM,MIL,1,0.3975745988498153
2024-10-31,2024-25,DAL,HOU,0,0.6491664963505452
2024-10-31,2024-25,UTA,SAS,0,0.5733007833102102
2024-10-31,2024-25,LAC,PHX,0,0.37915644815617466
2024-11-01,2024-25,CHA,BOS,0,0.19630882244261166
2024-11-01,2024-25,CLE,ORL,1,0.6254990242616234
2024-11-01,2024-25,DET,NYK,0,0.3002205080018005
2024-11-01,2024-25,ATL,SAC,0,0.3424729799521659
2024-11-01,2024-25,BKN,CHI,1,0.5226750987773604
2024-11-01,2024-25,TOR,LAL,0,0.2971971109076301
2024-11-01,2024-25,NOP,IND,1,0.45844601183774947
2024-11-01,2024-25,MIN,DEN,1,0.5768998589907335
2024-11-01,2024-25,POR,OKC,0,0.2125724184194129
2024-11-02,2024-25,CHA,BOS,0,0.2288391484614275
2024-11-02,2024-25,PHI,MEM,0,0.5632237817057271
2024-11-02,2024-25,TOR,SAC,1,0.3271804832260211
2024-11-02,2024-25,HOU,GSW,0,0.4558252846973387
2024-11-02,2024-25,MIL,CLE,0,0.46401635859498935
2024-11-02,2024-25,SAS,MIN,1,0.4548789116400865
2024-11-02,2024-25,DEN,UTA,1,0.799226302235099
2024-11-02,2024-25,PHX,POR,1,0.8933369329969109
2024-11-02,2024-25,LAC,OKC,0,0.4583813265444958
2024-11-03,2024-25,BKN,DET,0,0.6212489988317801
2024-11-03,2024-25,NOP,ATL,0,0.693499978285676
2024-11-03,2024-25,DAL,ORL,1,0.6437689575012774
2024-11-04,2024-25,CLE,MIL,1,0.7206118910037347
2024-11-04,2024-25,WAS,GSW,0,0.2298584725501224
2024-11-04,2024-25,DET,LAL,1,0.3042445439329869
2024-11-04,2024-25,ATL,BOS,0,0.1600071905870655
2024-11-04,2024-25,BKN,MEM,1,0.47165401160338266
2024-11-04,2024-25,MIA,SAC,0,0.5490648511587092
2024-11-04,2024-25,CHI,UTA,0,0.7634311088585787
2024-11-04,2024-25,HOU,NYK,1,0.3808620379360348
2024-11-04,2024-25,MIN,CHA,1,0.7592317078605143
2024-11-04,2024-25,OKC,ORL,1,0.8286402610024779
2024-11-04,2024-25,NOP,POR,0,0.5947708060479012
2024-11-04,2024-25,DAL,IND,0,0.5553397904371725
2024-11-04,2024-25,DEN,TOR,1,0.7920756201561356
2024-11-04,2024-25,PHX,PHI,1,0.7990663070867066
2024-11-04,2024-25,LAC,SAS,1,0.6163404458109217
2024-11-06,2024-25,CHA,DET,1,0.45255639043708784
2024-11-06,2024-25,IND,ORL,1,0.6652784935377763
2024-11-06,2024-25,ATL,NYK,1,0.25494999596702117
2024-11-06,2024-25,BOS,GSW,0,0.6655682301713413
2024-11-06,2024-25,HOU,SAS,1,0.6882904710213973
2024-11-06,2024-25,MEM,LAL,1,0.4336570027305591
2024-11-06,2024-25,NOP,CLE,0,0.2866472205530269
2024-11-06,2024-25,DAL,CHI,1,0.758915675140161
2024-11-06,2024-25,DEN,OKC,1,0.4263691333646172
2024-11-06,2024-25,PHX,MIA,1,0.7077567336309029
2024-11-06,2024-25,LAC,PHI,1,0.6433495006849352
2024-11-06,2024-25,SAC,TOR,1,0.7588641885214586
2024-11-07,2024-25,CHI,MIN,0,0.335313021162505
2024-11-07,2024-25,MIL,UTA,1,0.7543638714690659
2024-11-07,2024-25,SAS,POR,1,0.5703505999608803
2024-11-08,2024-25,CHA,IND,1,0.3379584188780333
2024-11-08,2024-25,DET,ATL,1,0.6106429083824287
2024-11-08,2024-25,ORL,NOP,1,0.6475435396703757
2024-11-08,2024-25,BOS,BKN,1,0.8580853977982105
2024-11-08,2024-25,CLE,GSW,1,0.46308717021459517
2024-11-08,2024-25,NYK,MIL,1,0.7891597597686719
2024-11-08,2024-25,DAL,PHX,0,0.47407869585124496
2024-11-08,2024-25,MEM,WAS,1,0.7421328152440961
2024-11-08,2024-25,OKC,HOU,1,0.7381292571231121
2024-11-08,2024-25,MIN,POR,1,0.8267042175981162
2024-11-08,2024-25,DEN,MIA,1,0.6803769190885585
2024-11-08,2024-25,LAL,PHI,1,0.600377229600295
2024-11-08,2024-25,SAC,LAC,0,0.6106964439803854
2024-11-09,2024-25,SAS,UTA,0,0.7038804540531859
2024-11-09,2024-25,ATL,CHI,0,0.5100360886901248
2024-11-09,2024-25,CLE,BKN,1,0.7845725187964876
2024-11-09,2024-25,LAC,TOR,1,0.7145997461593603
2024-11-10,2024-25,DET,HOU,0,0.4234105674035471
2024-11-10,2024-25,MIL,BOS,0,0.24743415256813006
2024-11-10,2024-25,IND,NYK,1,0.4409425899610134
2024-11-10,2024-25,ORL,WAS,1,0.7833412586289079
2024-11-10,2024-25,PHI,CHA,1,0.5295107985977227
2024-11-10,2024-25,MIN,MIA,0,0.6852248529103494
2024-11-10,2024-25,OKC,GSW,0,0.6254198135737414
2024-11-10,2024-25,DEN,DAL,1,0.6024355666558834
2024-11-10,2024-25,PHX,SAC,0,0.6689498634951285
2024-11-10,2024-25,POR,MEM,0,0.4046442627140335
2024-11-10,2024-25,LAL,TOR,1,0.8046206542233524
2024-11-11,2024-25,CHI,CLE,0,0.31505018795430634
2024-11-11,2024-25,HOU,WAS,1,0.8539902526283112
2024-11-11,2024-25,NOP,BKN,0,0.41687287870726397
2024-11-11,2024-25,OKC,LAC,1,0.6842842042016549
2024-11-11,2024-25,SAS,SAC,1,0.4979780937253221
2024-11-12,2024-25,BOS,ATL,0,0.8802396970894668
2024-11-12,2024-25,DET,MIA,1,0.4830460872637659
2024-11-12,2024-25,ORL,CHA,1,0.6393122293780321
2024-11-12,2024-25,PHI,NYK,0,0.3560189481605922
2024-11-12,2024-25,MIL,TOR,1,0.7141130916459336
2024-11-12,2024-25,UTA,PHX,0,0.3058020261583419
2024-11-12,2024-25,GSW,DAL,1,0.6602357823680607
2024-11-12,2024-25,POR,MIN,1,0.2448326885806449
2024-11-13,2024-25,ORL,IND,1,0.5099910249978074
2024-11-13,2024-25,BKN,BOS,0,0.29666697377369816
2024-11-13,2024-25,NYK,CHI,0,0.7527755753234749
2024-11-13,2024-25,PHI,CLE,0,0.2872118688715666
2024-11-13,2024-25,OKC,NOP,1,0.8631668378578168
2024-11-13,2024-25,HOU,LAC,1,0.5600286878479659
2024-11-13,2024-25,MIL,DET,1,0.6072851736334989
2024-11-13,2024-25,SAS,WAS,1,0.7743251039211866
2024-11-13,2024-25,LAL,MEM,1,0.57088904104245
2024-11-13,2024-25,POR,MIN,1,0.3286981788511462
2024-11-13,2024-25,SAC,PHX,1,0.6038667519869363
2024-11-14,2024-25,UTA,DAL,1,0.241643134472837
2024-11-15,2024-25,IND,MIA,0,0.615263017059146
2024-11-15,2024-25,ORL,PHI,1,0.7522855084814225
2024-11-15,2024-25,TOR,DET,0,0.47811775538569534
2024-11-15,2024-25,ATL,WAS,1,0.727639721839647
2024-11-15,2024-25,CLE,CHI,1,0.7718876612186311
2024-11-15,2024-25,NYK,BKN,1,0.7919567076539923
2024-11-15,2024-25,SAS,LAL,0,0.444840975560124
2024-11-15,2024-25,HOU,LAC,1,0.6111090879161879
2024-11-15,2024-25,NOP,DEN,1,0.2227434614545636
2024-11-15,2024-25,OKC,PHX,1,0.6984235211289392
2024-11-15,2024-25,GSW,MEM,1,0.7140245731832708
2024-11-15,2024-25,SAC,MIN,0,0.5827399976903337
2024-11-16,2024-25,CHA,MIL,1,0.4615793180992614
2024-11-16,2024-25,BOS,TOR,1,0.9320491784277471
2024-11-16,2024-25,NOP,LAL,0,0.3598517200392099
2024-11-16,2024-25,DAL,SAS,1,0.7464568327163383
2024-11-16,2024-25,SAC,UTA,1,0.7550920543802268
2024-11-17,2024-25,MIN,PHX,1,0.5923634112279803
2024-11-17,2024-25,IND,MIA,1,0.5483494098127067
2024-11-17,2024-25,CLE,CHA,1,0.8718844306170682
2024-11-17,2024-25,WAS,DET,0,0.40455484247296175
2024-11-17,2024-25,MEM,DEN,1,0.4919045193421253
2024-11-17,2024-25,POR,ATL,1,0.42926745586149806
2024-11-17,2024-25,NYK,BKN,1,0.743900003400371
2024-11-17,2024-25,CHI,HOU,0,0.3670121842983875
2024-11-17,2024-25,OKC,DAL,0,0.7606865391080995
2024-11-17,2024-25,LAC,UTA,1,0.7936153416154131
2024-11-18,2024-25,DET,CHI,0,0.6331151112455006
2024-11-18,2024-25,MIA,PHI,1,0.6276376068232508
2024-11-18,2024-25,NYK,WAS,1,0.8938960861272788
2024-11-18,2024-25,TOR,IND,1,0.4142080458645208
2024-11-18,2024-25,MIL,HOU,1,0.5004693182862786
2024-11-18,2024-25,PHX,ORL,0,0.5054761412765
2024-11-18,2024-25,SAC,ATL,0,0.779676865481898
2024-11-18,2024-25,LAC,GSW,1,0.33473114581867675
2024-11-19,2024-25,BOS,CLE,1,0.6876841826862037
2024-11-19,2024-25,BKN,CHA,1,0.6077794175691631
2024-11-19,2024-25,MEM,DEN,0,0.5453577742078298
2024-11-19,2024-25,DAL,NOP,1,0.834046854703011
2024-11-19,2024-25,SAS,OKC,1,0.28974885354408075
2024-11-19,2024-25,LAL,UTA,1,0.7740101416219651
2024-11-20,2024-25,CLE,NOP,1,0.861891202231437
2024-11-20,2024-25,MIL,CHI,1,0.6398653615391902
2024-11-20,2024-25,HOU,IND,1,0.7103517892450669
2024-11-20,2024-25,MEM,PHI,1,0.6116838880739256
2024-11-20,2024-25,OKC,POR,1,0.8360042906421746
2024-11-20,2024-25,PHX,NYK,0,0.42237513813093547
2024-11-20,2024-25,GSW,ATL,1,0.7807607244326353
2024-11-20,2024-25,LAC,ORL,1,0.5009634098288241
2024-11-21,2024-25,CHA,DET,1,0.5075872369719926
2024-11-21,2024-25,TOR,MIN,1,0.3155210011089572
2024-11-21,2024-25,SAS,UTA,1,0.7025347414547443
2024-11-21,2024-25,LAL,ORL,0,0.6062919914011837
2024-11-22,2024-25,PHI,BKN,1,0.5560344908692343
2024-11-22,2024-25,WAS,BOS,0,0.1334996120967469
2024-11-22,2024-25,MIL,IND,1,0.5859672497571029
2024-11-22,2024-25,CHI,ATL,1,0.5322864598685766
2024-11-22,2024-25,HOU,POR,1,0.786461688560948
2024-11-22,2024-25,NOP,GSW,0,0.12524636330971625
2024-11-22,2024-25,DEN,DAL,0,0.4969693491238036
2024-11-22,2024-25,LAC,SAC,1,0.5565646837287573
2024-11-23,2024-25,UTA,NYK,1,0.19975278160096055
2024-11-23,2024-25,ORL,DET,1,0.6782742927695136
2024-11-23,2024-25,CHI,MEM,0,0.4060800885768553
2024-11-23,2024-25,HOU,POR,0,0.8313023171242485
2024-11-23,2024-25,MIL,CHA,1,0.6377952023389216
2024-11-23,2024-25,SAS,GSW,1,0.40959307231146713
2024-11-23,2024-25,LAL,DEN,0,0.5803202352279316
2024-11-24,2024-25,BOS,MIN,1,0.7545382130141377
2024-11-24,2024-25,IND,WAS,1,0.7690900316715275
2024-11-24,2024-25,MIA,DAL,1,0.48370109782206583
2024-11-24,2024-25,PHI,LAC,0,0.3574071516491194
2024-11-24,2024-25,CLE,TOR,1,0.8217111330017722
2024-11-24,2024-25,SAC,BKN,0,0.7084496081587383
2024-11-25,2024-25,CHA,ORL,0,0.3652771331612417
2024-11-25,2024-25,DET,TOR,1,0.7165586546440151
2024-11-25,2024-25,IND,NOP,1,0.6673213762857231
2024-11-25,2024-25,ATL,DAL,0,0.4052311816186497
2024-11-25,2024-25,BOS,LAC,1,0.7916914564941251
2024-11-25,2024-25,MEM,POR,1,0.7287416355953664
2024-11-25,2024-25,DEN,NYK,0,0.5483195358217479
2024-11-25,2024-25,GSW,BKN,0,0.8778797604687971
2024-11-25,2024-25,SAC,OKC,0,0.3295383916965719
2024-11-26,2024-25,WAS,CHI,0,0.3808989002139633
2024-11-26,2024-25,MIA,MIL,0,0.6072918163728317
2024-11-26,2024-25,MIN,HOU,0,0.48441673436363036
2024-11-26,2024-25,UTA,SAS,0,0.39563812579709995
2024-11-26,2024-25,PHX,LAL,1,0.5757888444978275
2024-11-27,2024-25,CHA,MIA,0,0.42378376882107616
2024-11-27,2024-25,CLE,ATL,0,0.7878775221186333
2024-11-27,2024-25,IND,POR,1,0.6929370124923658
2024-11-27,2024-25,ORL,CHI,1,0.8025064523147983
2024-11-27,2024-25,PHI,HOU,0,0.35325434371205605
2024-11-27,2024-25,WAS,LAC,0,0.1932157974982427
2024-11-27,2024-25,DAL,NYK,1,0.5328342646929013
2024-11-27,2024-25,MEM,DET,1,0.6943970158149784
2024-11-27,2024-25,MIN,SAC,0,0.5513929825827372
2024-11-27,2024-25,NOP,TOR,0,0.44749203647953456
2024-11-27,2024-25,SAS,LAL,0,0.6362846573106754
2024-11-27,2024-25,PHX,BKN,0,0.7051523231409119
2024-11-27,2024-25,UTA,DEN,0,0.24606061445734526
2024-11-27,2024-25,GSW,OKC,0,0.49952441947851983
2024-11-29,2024-25,CHA,NYK,0,0.2430453718420019
2024-11-29,2024-25,ATL,CLE,1,0.3658726117912712
2024-11-29,2024-25,MEM,NOP,1,0.8094665231390087
2024-11-29,2024-25,BKN,ORL,0,0.465245533486356
2024-11-29,2024-25,MIN,LAC,1,0.5277425856776008
2024-11-29,2024-25,IND,DET,0,0.6506946387419676
2024-11-29,2024-25,MIA,TOR,1,0.6658218533883866
2024-11-29,2024-25,CHI,BOS,0,0.2027109598806606
2024-11-29,2024-25,LAL,OKC,0,0.33561519279727386
2024-11-29,2024-25,POR,SAC,1,0.35485640844491434
2024-11-30,2024-25,CHA,ATL,0,0.5003092109115178
2024-11-30,2024-25,DET,PHI,0,0.5830164715503
2024-11-30,2024-25,MIL,WAS,1,0.8429918736732699
2024-11-30,2024-25,PHX,GSW,1,0.5153410544667517
2024-11-30,2024-25,UTA,DAL,0,0.17635252064201054
2024-12-01,2024-25,BKN,ORL,0,0.36047822703532373
2024-12-01,2024-25,MEM,IND,1,0.709875026708283
2024-12-01,2024-25,CLE,BOS,1,0.3633427309391097
2024-12-01,2024-25,NYK,NOP,1,0.8556545893138663
2024-12-01,2024-25,TOR,MIA,1,0.43625982346321973
2024-12-01,2024-25,HOU,OKC,1,0.4686055611934387
2024-12-01,2024-25,UTA,LAL,0,0.3027123606829714
2024-12-01,2024-25,POR,DAL,0,0.33985103292028285
2024-12-01,2024-25,SAC,SAS,0,0.595747726553606
2024-12-01,2024-25,LAC,DEN,1,0.5278912742289571
2024-12-02,2024-25,ATL,NOP,1,0.800061075785748
2024-12-02,2024-25,BOS,MIA,1,0.7906315496963446
2024-12-02,2024-25,CHI,BKN,1,0.6381633451287475
2024-12-02,2024-25,MIN,LAL,1,0.6824662933967263
2024-12-03,2024-25,CHA,PHI,0,0.4597056837050708
2024-12-03,2024-25,CLE,WAS,1,0.8819491009288364
2024-12-03,2024-25,DET,MIL,0,0.4213222095669967
2024-12-03,2024-25,NYK,ORL,1,0.5980221837352424
2024-12-03,2024-25,TOR,IND,1,0.5832124759247858
2024-12-03,2024-25,OKC,UTA,1,0.8834938894370837
2024-12-03,2024-25,DAL,MEM,1,0.6092716029538978
2024-12-03,2024-25,PHX,SAS,1,0.6377957857328902
2024-12-03,2024-25,DEN,GSW,1,0.5227046184404951
2024-12-03,2024-25,SAC,HOU,1,0.39329545873712524
2024-12-03,2024-25,LAC,POR,1,0.7628046735153264
2024-12-04,2024-25,BOS,DET,1,0.8887632909594232
2024-12-04,2024-25,BKN,IND,1,0.49559843230007633
2024-12-04,2024-25,MIA,LAL,1,0.6045880081915501
2024-12-04,2024-25,PHI,ORL,0,0.40772184232710446
2024-12-04,2024-25,MIL,ATL,0,0.5837100994971947
2024-12-04,2024-25,LAC,MIN,0,0.5253552203471034
2024-12-05,2024-25,CLE,DEN,1,0.6060223174397272
2024-12-05,2024-25,WAS,DAL,0,0.14101650442553892
2024-12-05,2024-25,NYK,CHA,1,0.8493204756779694
2024-12-05,2024-25,TOR,OKC,0,0.3014916527326992
2024-12-05,2024-25,MEM,SAC,1,0.6335805465837594
2024-12-05,2024-25,NOP,PHX,1,0.25689974553164774
2024-12-05,2024-25,SAS,CHI,0,0.6030226260429843
2024-12-05,2024-25,GSW,HOU,1,0.5465697271835084
2024-12-06,2024-25,PHI,ORL,1,0.3139358561105984
2024-12-06,2024-25,ATL,LAL,1,0.6599402731310174
2024-12-06,2024-25,BOS,MIL,1,0.7727240424098305
2024-12-06,2024-25,CHI,IND,0,0.5911285330226533
2024-12-06,2024-25,SAS,SAC,0,0.5011112369958133
2024-12-06,2024-25,GSW,MIN,0,0.49128066708943274
2024-12-06,2024-25,POR,UTA,0,0.6072760486229515
2024-12-07,2024-25,CHA,CLE,0,0.21110922467945195
2024-12-07,2024-25,WAS,DEN,1,0.17116624335473782
2024-12-07,2024-25,NOP,OKC,0,0.17734974160459194
2024-12-07,2024-25,NYK,DET,0,0.7876598768652924
2024-12-07,2024-25,TOR,DAL,0,0.2496042015174757
2024-12-07,2024-25,BOS,MEM,0,0.7183133330994373
2024-12-07,2024-25,MIA,PHX,1,0.6040971087507611
2024-12-08,2024-25,CHI,PHI,0,0.5808812271618127
2024-12-08,2024-25,BKN,MIL,0,0.4213325622782627
2024-12-08,2024-25,IND,CHA,0,0.7576870972968416
2024-12-08,2024-25,ATL,DEN,0,0.5807585216291451
2024-12-08,2024-25,MIA,CLE,1,0.5209022813557236
2024-12-08,2024-25,ORL,PHX,1,0.6750462488646067
2024-12-08,2024-25,WAS,MEM,0,0.2226186419716352
2024-12-08,2024-25,SAS,NOP,1,0.6915548651443579
2024-12-08,2024-25,GSW,MIN,1,0.5488893077739379
2024-12-08,2024-25,LAC,HOU,0,0.46405885889898224
2024-12-08,2024-25,SAC,UTA,1,0.7333600770152011
2024-12-08,2024-25,LAL,POR,1,0.6949577699630888
2024-12-09,2024-25,TOR,NYK,0,0.2950520046196235
2024-12-10,2024-25,MIL,ORL,1,0.5437937332659738
2024-12-10,2024-25,OKC,DAL,1,0.6316885422117766
2024-12-11,2024-25,NYK,ATL,0,0.7803620725647359
2024-12-11,2024-25,HOU,GSW,1,0.5081829406642048
2024-12-12,2024-25,BOS,DET,1,0.845180742653213
2024-12-12,2024-25,MIA,TOR,1,0.7847976471886898
2024-12-12,2024-25,NOP,SAC,0,0.2848282780359765
2024-12-13,2024-25,CLE,WAS,1,0.9039135193004725
2024-12-13,2024-25,PHI,IND,0,0.616366933332386
2024-12-13,2024-25,MIN,LAL,1,0.7571761140868116
2024-12-13,2024-25,MEM,BKN,1,0.7638243121354528
2024-12-13,2024-25,CHI,CHA,1,0.6965587288808859
2024-12-13,2024-25,DEN,LAC,1,0.6453414342504582
2024-12-13,2024-25,UTA,PHX,0,0.37621474994467863
2024-12-13,2024-25,POR,SAS,0,0.4204345527528544
2024-12-15,2024-25,IND,NOP,1,0.6589833498342653
2024-12-15,2024-25,WAS,BOS,0,0.09561643591980651
2024-12-15,2024-25,SAS,MIN,0,0.35762274545523975
2024-12-15,2024-25,PHX,POR,1,0.7995464321715211
2024-12-15,2024-25,LAL,MEM,1,0.37718192674606826
2024-12-15,2024-25,ORL,NYK,0,0.47512698128048475
2024-12-15,2024-25,GSW,DAL,0,0.48929283176212507
2024-12-16,2024-25,DET,MIA,1,0.3479018159878733
2024-12-16,2024-25,CHA,PHI,0,0.40643736759082666
2024-12-16,2024-25,TOR,CHI,0,0.49189332950197723
2024-12-16,2024-25,BKN,CLE,0,0.30791322431307233
2024-12-16,2024-25,SAC,DEN,0,0.5335041640971123
2024-12-16,2024-25,LAC,UTA,1,0.7121054985611586
2024-12-19,2024-25,DET,UTA,0,0.6483141300211057
2024-12-19,2024-25,ORL,OKC,0,0.3372344093832929
2024-12-19,2024-25,WAS,CHA,1,0.4653338152851521
2024-12-19,2024-25,BOS,CHI,0,0.8458685111810925
2024-12-19,2024-25,TOR,BKN,0,0.5568644456813459
2024-12-19,2024-25,HOU,NOP,1,0.8328012729804913
2024-12-19,2024-25,MEM,GSW,1,0.5838333643855648
2024-12-19,2024-25,MIN,NYK,0,0.5333057598518409
2024-12-19,2024-25,DAL,LAC,0,0.7438762413011097
2024-12-19,2024-25,PHX,IND,0,0.6788123432529934
2024-12-19,2024-25,SAS,ATL,1,0.45464904946777657
2024-12-19,2024-25,POR,DEN,1,0.2646460394164419
2024-12-19,2024-25,SAC,LAL,0,0.6460114008068409
2024-12-20,2024-25,PHI,CHA,1,0.7687911257350927
2024-12-20,2024-25,CLE,MIL,1,0.6740943385401855
2024-12-20,2024-25,MIA,OKC,0,0.4696659243954352
2024-12-21,2024-25,SAC,LAL,0,0.6127615676882355
2024-12-21,2024-25,ORL,MIA,1,0.6061819926300496
2024-12-21,2024-25,ATL,MEM,0,0.38766220886529296
2024-12-21,2024-25,BKN,UTA,0,0.6154753449160819
2024-12-21,2024-25,CLE,PHI,1,0.7553967929568621
2024-12-21,2024-25,CHI,BOS,0,0.2763405231151005
2024-12-21,2024-25,MIL,WAS,1,0.7625616972500886
2024-12-21,2024-25,MIN,GSW,0,0.5989422880364965
2024-12-21,2024-25,NOP,NYK,0,0.1964352840573607
2024-12-21,2024-25,DAL,LAC,1,0.5841265547933439
2024-12-21,2024-25,SAS,POR,1,0.6359039431391403
2024-12-21,2024-25,PHX,DET,0,0.7142209493271879
2024-12-22,2024-25,TOR,HOU,0,0.24879491285958136
2024-12-22,2024-25,SAC,IND,0,0.5328758155653882
2024-12-22,2024-25,NOP,DEN,0,0.21660121103018612
2024-12-23,2024-25,CHA,HOU,0,0.32104681409161845
2024-12-23,2024-25,CLE,UTA,1,0.8117201682427403
2024-12-23,2024-25,ORL,BOS,1,0.34013510755552956
2024-12-23,2024-25,PHI,SAS,1,0.5398365702714637
2024-12-23,2024-25,ATL,MIN,1,0.4126300693543325
2024-12-23,2024-25,MIA,BKN,1,0.7588212454640036
2024-12-23,2024-25,NYK,TOR,1,0.9021734188488739
2024-12-23,2024-25,CHI,MIL,0,0.5335375739481168
2024-12-23,2024-25,MEM,LAC,0,0.651995307076503
2024-12-23,2024-25,OKC,WAS,1,0.9353184019362678
2024-12-23,2024-25,DAL,POR,1,0.8572271959223666
2024-12-23,2024-25,DEN,PHX,1,0.5841289615582781
2024-12-23,2024-25,GSW,IND,0,0.6775615033669911
2024-12-23,2024-25,LAL,DET,0,0.6125884999127006
2024-12-25,2024-25,NYK,SAS,1,0.7613960827005837
2024-12-25,2024-25,DAL,MIN,0,0.6870403137326826
2024-12-25,2024-25,BOS,PHI,0,0.8200613663772582
2024-12-25,2024-25,GSW,LAL,0,0.6321283477713648
2024-12-25,2024-25,PHX,DEN,1,0.41663912400890235
2024-12-26,2024-25,IND,OKC,0,0.3449218831346238
2024-12-26,2024-25,ORL,MIA,0,0.5989299731703676
2024-12-26,2024-25,WAS,CHA,1,0.5394851673868148
2024-12-26,2024-25,ATL,CHI,1,0.5700691293155512
2024-12-26,2024-25,MEM,TOR,1,0.8289539373670193
2024-12-26,2024-25,MIL,BKN,0,0.7513704499705401
2024-12-26,2024-25,NOP,HOU,0,0.30322012429386086
2024-12-26,2024-25,POR,UTA,1,0.4682908586787635
2024-12-26,2024-25,SAC,DET,0,0.6131381886606374
2024-12-27,2024-25,ORL,NYK,0,0.38317902450113406
2024-12-27,2024-25,BOS,IND,1,0.7869140639252248
2024-12-27,2024-25,BKN,SAS,0,0.3823627903981416
2024-12-27,2024-25,HOU,MIN,0,0.5194006381007321
2024-12-27,2024-25,NOP,MEM,0,0.2383653813811509
2024-12-27,2024-25,DEN,CLE,0,0.5140858507716398
2024-12-27,2024-25,PHX,DAL,0,0.37197914634621254
2024-12-27,2024-25,LAC,GSW,1,0.6033708313027301
2024-12-28,2024-25,ATL,MIA,1,0.46366360935504664
2024-12-28,2024-25,CHA,OKC,0,0.12366790296237033
2024-12-28,2024-25,WAS,NYK,0,0.20170003631205793
2024-12-28,2024-25,CHI,MIL,1,0.4647271888117409
2024-12-28,2024-25,GSW,PHX,1,0.5664244194280688
2024-12-28,2024-25,DEN,DET,1,0.6719196357343603
2024-12-28,2024-25,UTA,PHI,0,0.3258587526104189
2024-12-28,2024-25,POR,DAL,1,0.28400212249001666
2024-12-28,2024-25,LAL,SAC,1,0.5757749651032127
2024-12-29,2024-25,ORL,BKN,1,0.7765546161171741
2024-12-29,2024-25,BOS,IND,0,0.8125754209615275
2024-12-29,2024-25,TOR,ATL,0,0.5076913427564491
2024-12-29,2024-25,HOU,MIA,0,0.704143762919339
2024-12-29,2024-25,OKC,MEM,1,0.6115574513875398
2024-12-29,2024-25,MIN,SAS,1,0.67152780941023
2024-12-30,2024-25,CHA,CHI,0,0.40278630375389374
2024-12-30,2024-25,WAS,NYK,0,0.1566078816050643
2024-12-30,2024-25,NOP,LAC,0,0.264301569147283
2024-12-30,2024-25,UTA,DEN,0,0.29734390274850514
2024-12-30,2024-25,GSW,CLE,0,0.3772107952234627
2024-12-30,2024-25,POR,PHI,0,0.33096945277192824
2024-12-30,2024-25,SAC,DAL,1,0.4238326369409972
2024-12-31,2024-25,BOS,TOR,1,0.8749134127525148
2024-12-31,2024-25,IND,MIL,0,0.5575655016075296
2024-12-31,2024-25,SAS,LAC,1,0.4940311052604138
2024-12-31,2024-25,OKC,MIN,1,0.7428416528400125
2024-12-31,2024-25,PHX,MEM,0,0.42284872787450883
2024-12-31,2024-25,LAL,CLE,0,0.47833330682004926
2025-01-01,2024-25,DET,ORL,1,0.45445313835088724
2025-01-01,2024-25,WAS,CHI,1,0.3423783127701376
2025-01-01,2024-25,MIA,NOP,1,0.7739357095960024
2025-01-01,2024-25,NYK,UTA,1,0.8704525249355459
2025-01-01,2024-25,TOR,BKN,1,0.5043034798889448
2025-01-01,2024-25,HOU,DAL,1,0.6466090489580305
2025-01-01,2024-25,DEN,ATL,1,0.6804625466731036
2025-01-01,2024-25,SAC,PHI,1,0.5088507127919436
2025-01-02,2024-25,MIA,IND,0,0.5640485337232257
2025-01-02,2024-25,MIN,BOS,0,0.3689494977270473
2025-01-02,2024-25,MIL,BKN,0,0.8128717010716671
2025-01-02,2024-25,OKC,LAC,1,0.8129739477845636
2025-01-02,2024-25,GSW,PHI,1,0.648867847450668
2025-01-02,2024-25,LAL,POR,1,0.7715024129957534
2025-01-03,2024-25,DET,CHA,1,0.7138860192566825
2025-01-03,2024-25,TOR,ORL,0,0.34095645370709415
2025-01-03,2024-25,HOU,BOS,0,0.4660614228700096
2025-01-03,2024-25,NOP,WAS,1,0.6179337905469411
2025-01-03,2024-25,OKC,NYK,1,0.5982683709736609
2025-01-03,2024-25,DAL,CLE,0,0.3957864208875896
2025-01-03,2024-25,DEN,SAS,0,0.7024499424245849
2025-01-03,2024-25,SAC,MEM,1,0.43156420015810404
2025-01-03,2024-25,LAL,ATL,1,0.538657955603654
2025-01-04,2024-25,BKN,PHI,0,0.40248076593054133
2025-01-04,2024-25,DET,MIN,1,0.3484895551196962
2025-01-04,2024-25,IND,PHX,1,0.603149273694817
2025-01-04,2024-25,MIA,UTA,0,0.7595626966352512
2025-01-04,2024-25,CHI,NYK,1,0.3471255391550108
2025-01-04,2024-25,MIL,POR,0,0.777227399182063
2025-01-04,2024-25,SAS,DEN,0,0.5256752174204828
2025-01-04,2024-25,GSW,MEM,1,0.5511533293188102
2025-01-04,2024-25,LAC,ATL,1,0.6477794940243351
2025-01-05,2024-25,OKC,BOS,1,0.5932711830361926
2025-01-05,2024-25,CLE,CHA,1,0.887413694868762
2025-01-05,2024-25,WAS,NOP,0,0.49956249312369266
2025-01-05,2024-25,ORL,UTA,0,0.7516882760974475
2025-01-05,2024-25,HOU,LAL,1,0.6196695721659035
2025-01-05,2024-25,GSW,SAC,0,0.5358555988193351
2025-01-06,2024-25,DET,POR,1,0.7079617653840438
2025-01-06,2024-25,PHI,PHX,0,0.5630919083033633
2025-01-06,2024-25,BKN,IND,0,0.21986664586265453
2025-01-06,2024-25,NYK,ORL,0,0.7943021740245604
2025-01-06,2024-25,TOR,MIL,0,0.3415733149408957
2025-01-06,2024-25,CHI,SAS,1,0.49395617412377985
2025-01-06,2024-25,MEM,DAL,1,0.6711934814464333
2025-01-06,2024-25,MIN,LAC,1,0.5589213259158267
2025-01-06,2024-25,SAC,MIA,1,0.6433984032265031
2025-01-07,2024-25,CHA,PHX,1,0.3591034999984955
2025-01-07,2024-25,WAS,HOU,0,0.20722396762765977
2025-01-07,2024-25,DAL,LAL,1,0.5016333082020538
2025-01-07,2024-25,NOP,MIN,0,0.4093682435090471
2025-01-07,2024-25,UTA,ATL,0,0.5563444895571633
2025-01-07,2024-25,DEN,BOS,0,0.4065181949783078
2025-01-07,2024-25,GSW,MIA,0,0.7111629732086013
2025-01-08,2024-25,CLE,OKC,1,0.4125191159463442
2025-01-08,2024-25,IND,CHI,1,0.6741161613475318
2025-01-08,2024-25,NYK,TOR,1,0.8455108194466545
2025-01-08,2024-25,PHI,WAS,1,0.8553050440948353
2025-01-08,2024-25,BKN,DET,0,0.2754290660886802
2025-01-08,2024-25,NOP,POR,0,0.539647872550769
2025-01-08,2024-25,DEN,LAC,1,0.47943593451708916
2025-01-08,2024-25,MIL,SAS,1,0.58752347192292
2025-01-09,2024-25,CLE,TOR,1,0.9081231187244938
2025-01-09,2024-25,DET,GSW,0,0.4861877832575382
2025-01-09,2024-25,ORL,MIN,0,0.5104765499523678
2025-01-09,2024-25,MEM,HOU,0,0.609346964813968
2025-01-09,2024-25,DAL,POR,1,0.8277081326430119
2025-01-09,2024-25,PHX,ATL,1,0.6141763554255244
2025-01-09,2024-25,UTA,MIA,0,0.49163594955632256
2025-01-10,2024-25,IND,GSW,1,0.6782777699529661
2025-01-10,2024-25,ORL,MIL,0,0.4839141639627665
2025-01-10,2024-25,PHI,NOP,0,0.7024454200749444
2025-01-10,2024-25,BOS,SAC,0,0.7408843783116147
2025-01-10,2024-25,NYK,OKC,0,0.35608251618146
2025-01-10,2024-25,CHI,WAS,1,0.7719758672923325
2025-01-10,2024-25,DEN,BKN,1,0.8777905166836465
2025-01-11,2024-25,PHX,UTA,1,0.6516252588811852
2025-01-11,2024-25,DET,TOR,1,0.7193970999447179
2025-01-11,2024-25,MIN,MEM,0,0.4955193156975256
2025-01-11,2024-25,POR,MIA,0,0.3732532401364979
2025-01-12,2024-25,NYK,MIL,1,0.6312357022873342
2025-01-12,2024-25,DAL,DEN,0,0.4923275271559758
2025-01-12,2024-25,CHI,SAC,0,0.3670455408512182
2025-01-12,2024-25,BOS,NOP,1,0.9067644812515897
2025-01-12,2024-25,CLE,IND,0,0.6592708163737284
2025-01-12,2024-25,ORL,PHI,1,0.6342272798911348
2025-01-12,2024-25,WAS,OKC,0,0.06944765687861594
2025-01-12,2024-25,UTA,BKN,1,0.7004631478579386
2025-01-12,2024-25,PHX,CHA,1,0.7240581960114724
2025-01-13,2024-25,WAS,MIN,0,0.15492981569534142
2025-01-13,2024-25,NYK,DET,0,0.6782538726317429
2025-01-13,2024-25,TOR,GSW,1,0.40845536810984195
2025-01-13,2024-25,HOU,MEM,1,0.5568208281234572
2025-01-13,2024-25,LAL,SAS,0,0.6213335507866428
2025-01-13,2024-25,LAC,MIA,1,0.6023781561886745
2025-01-14,2024-25,IND,CLE,0,0.4729467695856107
2025-01-14,2024-25,PHI,OKC,0,0.17668675222376842
2025-01-14,2024-25,ATL,PHX,1,0.5029806851894335
2025-01-14,2024-25,CHI,NOP,0,0.6505376573701992
2025-01-14,2024-25,MIL,SAC,1,0.4863872006825637
2025-01-14,2024-25,DAL,DEN,0,0.4583371716513525
2025-01-14,2024-25,POR,BKN,0,0.5966183565367739
2025-01-15,2024-25,PHI,NYK,0,0.223769022106596
2025-01-15,2024-25,TOR,BOS,1,0.1618009254144687
2025-01-15,2024-25,CHI,ATL,0,0.6097007686650265
2025-01-15,2024-25,MIL,ORL,1,0.5539880282820716
2025-01-15,2024-25,MIN,GSW,0,0.6771443064212581
2025-01-15,2024-25,NOP,DAL,1,0.3973896969253843
2025-01-15,2024-25,SAS,MEM,0,0.4167356911171504
2025-01-15,2024-25,DEN,HOU,0,0.5289807750381282
2025-01-15,2024-25,UTA,CHA,0,0.6548093580819099
2025-01-15,2024-25,LAL,MIA,1,0.5185661021356496
2025-01-15,2024-25,LAC,BKN,1,0.8502066321689085
2025-01-16,2024-25,DET,IND,0,0.4578150563059667
2025-01-16,2024-25,WAS,PHX,0,0.2445054371972985
2025-01-16,2024-25,OKC,CLE,1,0.6817492213983603
2025-01-16,2024-25,POR,LAC,0,0.30741433119341877
2025-01-16,2024-25,SAC,HOU,1,0.5413326522622698
2025-01-17,2024-25,BOS,ORL,1,0.7829299695168587
2025-01-17,2024-25,NYK,MIN,0,0.6362948319997229
2025-01-17,2024-25,MIA,DEN,0,0.47026223219594276
2025-01-17,2024-25,MIL,TOR,1,0.7515008438386441
2025-01-17,2024-25,NOP,UTA,1,0.5938273271230154
2025-01-17,2024-25,SAS,MEM,0,0.40926852301197064
2025-01-17,2024-25,DAL,OKC,1,0.31608989171470425
2025-01-17,2024-25,CHI,CHA,0,0.6636831069346492
2025-01-17,2024-25,LAL,BKN,1,0.8461010338665369
2025-01-18,2024-25,DET,PHX,0,0.5511008327377442
2025-01-18,2024-25,BOS,ATL,0,0.7435616303616542
2025-01-18,2024-25,IND,PHI,1,0.7728521345249789
2025-01-18,2024-25,GSW,WAS,1,0.8421152803432005
2025-01-18,2024-25,MIN,CLE,0,0.3975682412651194
2025-01-18,2024-25,POR,HOU,0,0.1994904655330935
2025-01-19,2024-25,MIA,SAS,1,0.5757968737014836
2025-01-19,2024-25,ORL,DEN,0,0.33454878770590785
2025-01-19,2024-25,MIL,PHI,1,0.8014050033165598
2025-01-19,2024-25,OKC,BKN,1,0.9298207632806682
2025-01-19,2024-25,LAC,LAL,1,0.6795918527696955
2025-01-19,2024-25,POR,CHI,1,0.3001826652467515
2025-01-19,2024-25,SAC,WAS,1,0.9228549733082526
2025-01-20,2024-25,CHA,DAL,1,0.30725421715584833
2025-01-20,2024-25,HOU,DET,0,0.7245813203877047
2025-01-20,2024-25,MEM,MIN,1,0.6476914095462264
2025-01-20,2024-25,NYK,ATL,1,0.6643412035846655
2025-01-20,2024-25,CLE,PHX,1,0.7952587400948683
2025-01-20,2024-25,GSW,BOS,0,0.306555351995136
2025-01-20,2024-25,NOP,UTA,1,0.6923481943167241
2025-01-20,2024-25,LAC,CHI,0,0.8095694158055631
2025-01-21,2024-25,BKN,NYK,0,0.24175801969163024
2025-01-21,2024-25,MIA,POR,0,0.7568114581313368
2025-01-21,2024-25,TOR,ORL,1,0.46562626745947994
2025-01-21,2024-25,DEN,PHI,1,0.8157636369369822
2025-01-21,2024-25,LAL,WAS,1,0.8239658833552799
2025-01-22,2024-25,ATL,DET,0,0.5625642194330187
2025-01-22,2024-25,BKN,PHX,0,0.27905927994780794
2025-01-22,2024-25,DAL,MIN,0,0.5831152606642611
2025-01-22,2024-25,HOU,CLE,1,0.467910908192464
2025-01-22,2024-25,MEM,CHA,1,0.7780788196394044
2025-01-22,2024-25,OKC,UTA,1,0.9138124945861604
2025-01-22,2024-25,SAC,GSW,1,0.7254683579488788
2025-01-22,2024-25,LAC,BOS,0,0.33635722322181405
2025-01-23,2024-25,ORL,POR,0,0.5916174166862506
2025-01-23,2024-25,ATL,TOR,0,0.6504721215554629
2025-01-23,2024-25,MIL,MIA,1,0.6700242344574672
2025-01-23,2024-25,OKC,DAL,0,0.7880932755983331
2025-01-23,2024-25,DEN,SAC,1,0.7143562729148842
2025-01-23,2024-25,GSW,CHI,1,0.48075881493489725
2025-01-23,2024-25,LAL,BOS,1,0.3777915062004935
2025-01-23,2024-25,LAC,WAS,1,0.8100060622376306
2025-01-24,2024-25,CHA,POR,0,0.707313951530659
2025-01-24,2024-25,PHI,CLE,1,0.20215798812517444
2025-01-24,2024-25,MEM,NOP,1,0.7572987180662203
2025-01-25,2024-25,MIN,DEN,1,0.45027176712583034
2025-01-25,2024-25,DAL,BOS,0,0.4485715608373215
2025-01-25,2024-25,BKN,MIA,0,0.23588571731502278
2025-01-25,2024-25,CHA,NOP,1,0.5709663120817783
2025-01-25,2024-25,ORL,DET,1,0.42027229138946914
2025-01-25,2024-25,ATL,TOR,0,0.6320655909523305
2025-01-25,2024-25,CLE,HOU,0,0.5923156827204153
2025-01-25,2024-25,NYK,SAC,1,0.6172999798458533
2025-01-25,2024-25,CHI,PHI,0,0.6439402373559082
2025-01-25,2024-25,MEM,UTA,1,0.7428310502797945
2025-01-25,2024-25,GSW,LAL,0,0.4958953765727145
2025-01-25,2024-25,PHX,WAS,1,0.8339348242677608
2025-01-25,2024-25,LAC,MIL,1,0.5507992507438035
2025-01-26,2024-25,POR,OKC,0,0.1624899371863454
2025-01-27,2024-25,CHA,LAL,0,0.423037461409114
2025-01-27,2024-25,CLE,DET,1,0.7222966216683163
2025-01-27,2024-25,BOS,HOU,0,0.6258794088608436
2025-01-27,2024-25,BKN,SAC,0,0.18595581380096388
2025-01-27,2024-25,MIA,ORL,1,0.5472482524239168
2025-01-27,2024-25,NYK,MEM,1,0.5573314993740699
2025-01-27,2024-25,TOR,NOP,1,0.637535266567199
2025-01-27,2024-25,CHI,DEN,1,0.2879248343365858
2025-01-27,2024-25,MIN,ATL,1,0.7647644244674616
2025-01-27,2024-25,DAL,WAS,1,0.8754206534518276
2025-01-27,2024-25,UTA,MIL,0,0.28574489299497535
2025-01-27,2024-25,PHX,LAC,1,0.4012980176801709
2025-01-28,2024-25,ATL,HOU,0,0.29998906528159125
2025-01-28,2024-25,PHI,LAL,1,0.5260719065967603
2025-01-28,2024-25,GSW,UTA,1,0.7581971098056719
2025-01-28,2024-25,POR,MIL,1,0.36412715241732607
2025-01-29,2024-25,CHA,BKN,0,0.7556264359724789
2025-01-29,2024-25,IND,DET,1,0.7226863179531771
2025-01-29,2024-25,WAS,TOR,0,0.2698166116351833
2025-01-29,2024-25,BOS,CHI,1,0.8056529003068594
2025-01-29,2024-25,MIA,CLE,0,0.3406586551471158
2025-01-29,2024-25,NYK,DEN,1,0.5819418812516858
2025-01-29,2024-25,PHI,SAC,1,0.3484317121252988
2025-01-29,2024-25,NOP,DAL,0,0.37729371571007037
2025-01-29,2024-25,SAS,LAC,0,0.41172771805026465
2025-01-29,2024-25,PHX,MIN,0,0.4424649472694218
2025-01-29,2024-25,GSW,OKC,1,0.17054854387613683
2025-01-30,2024-25,WAS,LAL,0,0.1733069359847797
2025-01-30,2024-25,CLE,ATL,1,0.7992051055760793
2025-01-30,2024-25,MEM,HOU,1,0.5073538191392013
2025-01-30,2024-25,UTA,MIN,0,0.30327496977060486
2025-01-30,2024-25,POR,ORL,1,0.44545326667174096
2025-01-31,2024-25,CHA,LAC,0,0.2404631988630951
2025-01-31,2024-25,DET,DAL,1,0.4501510997155666
2025-01-31,2024-25,PHI,DEN,0,0.36236141131875965
2025-01-31,2024-25,TOR,CHI,0,0.6442457293774716
2025-01-31,2024-25,NOP,BOS,0,0.21467234603174343
2025-01-31,2024-25,SAS,MIL,1,0.4264634192724718
2025-01-31,2024-25,GSW,PHX,0,0.6120749951215594
2025-02-01,2024-25,IND,ATL,1,0.7969976209318316
2025-02-01,2024-25,UTA,ORL,1,0.4811547003794407
2025-02-01,2024-25,CHA,DEN,0,0.2620224560483862
2025-02-01,2024-25,HOU,BKN,0,0.8644703626145479
2025-02-01,2024-25,MIN,WAS,0,0.9223932875557421
2025-02-01,2024-25,OKC,SAC,1,0.7981557282596092
2025-02-01,2024-25,NYK,LAL,0,0.7318260825946025
2025-02-01,2024-25,SAS,MIA,0,0.552806775449976
2025-02-01,2024-25,POR,PHX,1,0.5119404776796732
2025-02-02,2024-25,DET,CHI,1,0.6227746423853281
2025-02-02,2024-25,CLE,DAL,1,0.6886831944871433
2025-02-02,2024-25,TOR,LAC,1,0.3261329864718956
2025-02-02,2024-25,PHI,BOS,0,0.2760917663280203
2025-02-02,2024-25,MIL,MEM,0,0.46771118864062183
2025-02-03,2024-25,CHA,WAS,0,0.6966262341807683
2025-02-03,2024-25,DET,ATL,0,0.6305326653884695
2025-02-03,2024-25,NYK,HOU,1,0.5981235447614199
2025-02-03,2024-25,MEM,SAS,1,0.6898544939075792
2025-02-03,2024-25,MIN,SAC,0,0.6573499919368088
2025-02-03,2024-25,OKC,MIL,1,0.8757115313779805
2025-02-03,2024-25,DEN,NOP,1,0.8366996270060427
2025-02-03,2024-25,UTA,IND,0,0.2586711320448353
2025-02-03,2024-25,GSW,ORL,1,0.6402150929072976
2025-02-03,2024-25,POR,PHX,1,0.48805798836716335
2025-02-04,2024-25,CLE,BOS,0,0.5496177359383849
2025-02-04,2024-25,BKN,HOU,1,0.4008815549840221
2025-02-04,2024-25,PHI,DAL,1,0.5825360020583512
2025-02-04,2024-25,TOR,NYK,0,0.38495820655421087
2025-02-04,2024-25,CHI,MIA,1,0.5227270191532963
2025-02-04,2024-25,LAC,LAL,0,0.6433094306877882
2025-02-04,2024-25,POR,IND,1,0.43387646847724315
2025-02-05,2024-25,CHA,MIL,0,0.4484068809700366
2025-02-05,2024-25,DET,CLE,0,0.4165761705387684
2025-02-05,2024-25,ATL,SAS,0,0.5249024374155267
2025-02-05,2024-25,BKN,WAS,0,0.5828342959447556
2025-02-05,2024-25,PHI,MIA,0,0.6227373938024844
2025-02-05,2024-25,TOR,MEM,0,0.23367497252951286
2025-02-05,2024-25,MIN,CHI,1,0.7885679870360278
2025-02-05,2024-25,OKC,PHX,1,0.8480497704400354
2025-02-05,2024-25,UTA,GSW,1,0.3866150394410912
2025-02-05,2024-25,DEN,NOP,1,0.8331712336827153
2025-02-05,2024-25,SAC,ORL,0,0.7200863716533557
2025-02-06,2024-25,BOS,DAL,0,0.7883492103377535
2025-02-06,2024-25,MIN,HOU,1,0.540479821135226
2025-02-06,2024-25,DEN,ORL,1,0.805531431194582
2025-02-06,2024-25,LAL,GSW,1,0.7234080048688734
2025-02-06,2024-25,POR,SAC,1,0.5941381616018683
2025-02-06,2024-25,LAC,IND,0,0.5063251738713501
2025-02-07,2024-25,CHA,SAS,1,0.3497167672732181
2025-02-07,2024-25,WAS,CLE,0,0.15313398439450776
2025-02-07,2024-25,ATL,MIL,1,0.4467643172791631
2025-02-07,2024-25,BKN,MIA,1,0.4137957347267708
2025-02-07,2024-25,DET,PHI,1,0.598959939052227
2025-02-07,2024-25,OKC,TOR,1,0.9157088196666816
2025-02-07,2024-25,PHX,UTA,1,0.5838880655559096
2025-02-08,2024-25,DAL,HOU,1,0.5465681891160656
2025-02-08,2024-25,LAL,IND,1,0.5871314095427143
2025-02-08,2024-25,ORL,SAS,1,0.5757935147931593
2025-02-08,2024-25,WAS,ATL,0,0.3719547097534865
2025-02-08,2024-25,CHI,GSW,0,0.4817634880129162
2025-02-08,2024-25,MEM,OKC,0,0.48133248090039954
2025-02-08,2024-25,MIN,POR,1,0.722557312377354
2025-02-08,2024-25,NYK,BOS,0,0.5159932499731054
2025-02-08,2024-25,PHX,DEN,0,0.2837868224715341
2025-02-08,2024-25,SAC,NOP,1,0.7606675094988479
2025-02-08,2024-25,LAC,UTA,1,0.8140043038354294
2025-02-09,2024-25,DET,CHA,1,0.7592577778733002
2025-02-09,2024-25,HOU,TOR,1,0.745991144769784
2025-02-09,2024-25,MIL,PHI,1,0.5538009946227022
2025-02-10,2024-25,CLE,MIN,1,0.606188188164237
2025-02-10,2024-25,ORL,ATL,0,0.5324939195390465
2025-02-10,2024-25,WAS,SAS,0,0.31861183711169233
2025-02-10,2024-25,BKN,CHA,1,0.6650870863840292
2025-02-10,2024-25,MIA,BOS,0,0.24350789815474852
2025-02-10,2024-25,MIL,GSW,0,0.4387172022700344
2025-02-10,2024-25,OKC,NOP,1,0.922132977871312
2025-02-10,2024-25,DAL,SAC,0,0.6048301688785649
2025-02-10,2024-25,DEN,POR,1,0.7326082210719012
2025-02-10,2024-25,LAL,UTA,1,0.8256257720098796
2025-02-11,2024-25,PHI,TOR,0,0.7057493931430342
2025-02-11,2024-25,IND,NYK,0,0.5466727559283241
2025-02-11,2024-25,CHI,DET,0,0.445426605307523
2025-02-11,2024-25,PHX,MEM,0,0.3351625269004844
2025-02-12,2024-25,BOS,SAS,1,0.8140506020168711
2025-02-12,2024-25,ORL,CHA,1,0.6996508991892711
2025-02-12,2024-25,WAS,IND,0,0.2697441939778538
2025-02-12,2024-25,BKN,PHI,1,0.5022327630570418
2025-02-12,2024-25,NYK,ATL,1,0.6704639295614768
2025-02-12,2024-25,TOR,CLE,0,0.165394175312979
2025-02-12,2024-25,CHI,DET,0,0.4419507017627075
2025-02-12,2024-25,MIN,MIL,0,0.7107665894692262
2025-02-12,2024-25,NOP,SAC,0,0.2898303539253071
2025-02-12,2024-25,OKC,MIA,1,0.8855442875157317
2025-02-12,2024-25,HOU,PHX,1,0.7167313243809261
2025-02-12,2024-25,DEN,POR,1,0.7928066828140109
2025-02-12,2024-25,UTA,LAL,1,0.26414883468807393
2025-02-12,2024-25,DAL,GSW,1,0.5135172550063464
2025-02-12,2024-25,LAC,MEM,1,0.5831560899546149
2025-02-13,2024-25,HOU,GSW,0,0.5604396453126627
2025-02-13,2024-25,NOP,SAC,1,0.36288531197248
2025-02-13,2024-25,DAL,MIA,1,0.6721210093833564
2025-02-13,2024-25,MIN,OKC,1,0.32763924350567347
2025-02-13,2024-25,UTA,LAC,0,0.3682432414088642
2025-02-19,2024-25,LAL,CHA,0,0.8488819031686021
2025-02-20,2024-25,IND,MEM,1,0.5310896909007203
2025-02-20,2024-25,PHI,BOS,0,0.2145747797854602
2025-02-20,2024-25,ATL,ORL,0,0.6688467819046298
2025-02-20,2024-25,BKN,CLE,0,0.20872990237818417
2025-02-20,2024-25,NYK,CHI,1,0.8111408279677724
2025-02-20,2024-25,MIL,LAC,1,0.41330049403222624
2025-02-20,2024-25,DEN,CHA,1,0.8946176397352413
2025-02-20,2024-25,SAS,PHX,1,0.6502808553859374
2025-02-20,2024-25,POR,LAL,0,0.4245825944608875
2025-02-21,2024-25,CLE,NYK,1,0.6717412654739289
2025-02-21,2024-25,ORL,MEM,0,0.44500325428140436
2025-02-21,2024-25,WAS,MIL,0,0.372823523176428
2025-02-21,2024-25,TOR,MIA,0,0.5025763176910921
2025-02-21,2024-25,HOU,MIN,1,0.5073961362356111
2025-02-21,2024-25,SAS,DET,0,0.39516037370131274
2025-02-21,2024-25,DAL,NOP,1,0.7252310415291576
2025-02-21,2024-25,UTA,OKC,0,0.16363469504750103
2025-02-21,2024-25,SAC,GSW,0,0.5116836718603152
2025-02-22,2024-25,CHI,PHX,0,0.4487722168872839
2025-02-22,2024-25,PHI,BKN,0,0.6510773673789292
2025-02-22,2024-25,DEN,LAL,0,0.6750818830649487
2025-02-22,2024-25,UTA,HOU,1,0.3741960385925102
2025-02-22,2024-25,POR,CHA,1,0.6855119825172609
2025-02-23,2024-25,BOS,NYK,1,0.702162481934627
2025-02-23,2024-25,GSW,DAL,1,0.5779011671458892
2025-02-23,2024-25,IND,LAC,1,0.5359528893222307
2025-02-23,2024-25,ATL,DET,0,0.4827252687056234
2025-02-23,2024-25,ORL,WAS,1,0.7740094794934193
2025-02-23,2024-25,TOR,PHX,1,0.4936762374517702
2025-02-23,2024-25,MIL,MIA,1,0.5942397464680912
2025-02-23,2024-25,NOP,SAS,1,0.45124040601578913
2025-02-23,2024-25,CLE,MEM,1,0.691042355445985
2025-02-23,2024-25,MIN,OKC,0,0.34851046860539886
2025-02-24,2024-25,DET,LAC,1,0.6563855327625489
2025-02-24,2024-25,IND,DEN,0,0.4844262524011751
2025-02-24,2024-25,PHI,CHI,0,0.6247012897567095
2025-02-24,2024-25,WAS,BKN,1,0.3676400073335008
2025-02-24,2024-25,ATL,MIA,1,0.6435502738131007
2025-02-24,2024-25,OKC,MIN,0,0.7999495610908459
2025-02-24,2024-25,UTA,POR,0,0.44830092289788576
2025-02-24,2024-25,SAC,CHA,1,0.7690846570835289
2025-02-25,2024-25,TOR,BOS,0,0.17759764455254265
2025-02-25,2024-25,ORL,CLE,0,0.2066267256760667
2025-02-25,2024-25,HOU,MIL,1,0.5899309766385821
2025-02-25,2024-25,MEM,PHX,1,0.7203639874373061
2025-02-25,2024-25,NOP,SAS,1,0.49878907320083815
2025-02-25,2024-25,GSW,CHA,1,0.9192014558513527
2025-02-25,2024-25,LAL,DAL,1,0.6887309057892584
2025-02-26,2024-25,DET,BOS,1,0.4893560336033583
2025-02-26,2024-25,IND,TOR,1,0.8528154925217756
2025-02-26,2024-25,NYK,PHI,1,0.8274279945417117
2025-02-26,2024-25,WAS,POR,0,0.335823625635018
2025-02-26,2024-25,BKN,OKC,0,0.10561283704153765
2025-02-26,2024-25,MIA,ATL,1,0.5044014064400861
2025-02-26,2024-25,CHI,LAC,0,0.43618019417301795
2025-02-26,2024-25,UTA,SAC,0,0.33229163261522854
2025-02-26,2024-25,HOU,SAS,1,0.7213131093077315
2025-02-27,2024-25,ORL,GSW,0,0.3286736716358397
2025-02-27,2024-25,MIL,DEN,1,0.3842869424399532
2025-02-27,2024-25,DAL,CHA,1,0.8733884943607381
2025-02-27,2024-25,PHX,NOP,0,0.6423972589020629
2025-02-27,2024-25,LAL,MIN,1,0.582901535741946
2025-02-28,2024-25,DET,DEN,0,0.5782754226748118
2025-02-28,2024-25,ATL,OKC,0,0.19179090213587732
2025-02-28,2024-25,BOS,CLE,0,0.5071817567967407
2025-02-28,2024-25,BKN,POR,0,0.39781762188953473
2025-02-28,2024-25,MIA,IND,1,0.39363768637613944
2025-02-28,2024-25,CHI,TOR,1,0.6164272217790596
2025-02-28,2024-25,MEM,NYK,0,0.5764864345982256
2025-02-28,2024-25,PHX,NOP,1,0.6461548058292379
2025-02-28,2024-25,UTA,MIN,1,0.3207189128444863
2025-02-28,2024-25,LAL,LAC,1,0.5931748126027219
2025-03-01,2024-25,CHA,WAS,0,0.5485877498101756
2025-03-01,2024-25,DET,BKN,1,0.8436691736336173
2025-03-01,2024-25,HOU,SAC,0,0.5623983444735066
2025-03-01,2024-25,MEM,SAS,0,0.743336566818565
2025-03-01,2024-25,PHI,GSW,1,0.26572464669423673
2025-03-01,2024-25,DAL,MIL,0,0.5565837510747208
2025-03-02,2024-25,BOS,DEN,1,0.6406756178950064
2025-03-02,2024-25,CLE,POR,1,0.8883402164891931
2025-03-02,2024-25,IND,CHI,1,0.7639021387575882
2025-03-02,2024-25,MIA,NYK,0,0.4080427024798642
2025-03-02,2024-25,ORL,TOR,0,0.6440366164192965
2025-03-02,2024-25,SAS,OKC,0,0.15076441607428123
2025-03-02,2024-25,UTA,NOP,0,0.5845240764144392
2025-03-02,2024-25,PHX,MIN,0,0.3847188608751494
2025-03-02,2024-25,LAL,LAC,1,0.5994516280797264
2025-03-03,2024-25,CHA,GSW,0,0.16964489632987295
2025-03-03,2024-25,PHI,POR,0,0.6038989429390055
2025-03-03,2024-25,MIA,WAS,1,0.770522902915318
2025-03-03,2024-25,MEM,ATL,0,0.6888238417886898
2025-03-03,2024-25,OKC,HOU,1,0.7372506654110432
2025-03-03,2024-25,DAL,SAC,0,0.5004747712376816
2025-03-03,2024-25,UTA,DET,0,0.21213514533908298
2025-03-04,2024-25,IND,HOU,1,0.7964117142069389
2025-03-04,2024-25,ORL,TOR,0,0.6156265266550872
2025-03-04,2024-25,ATL,MIL,0,0.3916535181545288
2025-03-04,2024-25,NYK,GSW,0,0.6755584041953171
2025-03-04,2024-25,CHI,CLE,0,0.19073535397370672
2025-03-04,2024-25,MIN,PHI,1,0.8677044063870075
2025-03-04,2024-25,SAS,BKN,1,0.7012588485028852
2025-03-04,2024-25,PHX,LAC,1,0.43063904399940545
2025-03-04,2024-25,LAL,NOP,1,0.7931856717106871
2025-03-05,2024-25,BOS,POR,1,0.8251732429562737
2025-03-05,2024-25,CHA,MIN,0,0.23642622241306202
2025-03-05,2024-25,CLE,MIA,1,0.76837507523627
2025-03-05,2024-25,WAS,UTA,1,0.47790440981532845
2025-03-05,2024-25,MEM,OKC,0,0.27367431318935775
2025-03-05,2024-25,DEN,SAC,1,0.6664246163275142
2025-03-05,2024-25,MIL,DAL,1,0.6026426542370932
2025-03-05,2024-25,LAC,DET,1,0.47701969711252246
2025-03-06,2024-25,ATL,IND,1,0.3314249378166664
2025-03-06,2024-25,BOS,PHI,1,0.8688529716138863
2025-03-06,2024-25,BKN,GSW,0,0.20517681983689856
2025-03-06,2024-25,NOP,HOU,0,0.39451097201707686
2025-03-06,2024-25,LAL,NYK,1,0.6287323746769072
2025-03-06,2024-25,ORL,CHI,0,0.6130017707890345
2025-03-07,2024-25,CHA,CLE,0,0.08769312194997245
2025-03-07,2024-25,TOR,UTA,1,0.6870928237356061
2025-03-07,2024-25,DAL,MEM,0,0.3586987430793905
2025-03-07,2024-25,MIA,MIN,0,0.4499462709736275
2025-03-07,2024-25,OKC,POR,1,0.8765119468299001
2025-03-07,2024-25,DEN,PHX,1,0.7607501226626089
2025-03-07,2024-25,SAC,SAS,1,0.704404707344289
2025-03-07,2024-25,LAC,NYK,1,0.5131723982292337
2025-03-08,2024-25,CHA,BKN,1,0.42740015376198304
2025-03-08,2024-25,HOU,NOP,1,0.7241894668955808
2025-03-08,2024-25,ATL,IND,1,0.36655013600029207
2025-03-08,2024-25,TOR,WAS,0,0.6886849550330402
2025-03-08,2024-25,MIA,CHI,0,0.6510452963340686
2025-03-08,2024-25,MIL,ORL,0,0.7327754746504785
2025-03-08,2024-25,BOS,LAL,1,0.5982708880526836
2025-03-08,2024-25,GSW,DET,1,0.6368329995824705
2025-03-09,2024-25,OKC,DEN,1,0.6713460140898989
2025-03-09,2024-25,DAL,PHX,0,0.47341106855943904
2025-03-09,2024-25,MIL,CLE,0,0.27622613900740134
2025-03-09,2024-25,NOP,MEM,0,0.25370848634051996
2025-03-09,2024-25,PHI,UTA,1,0.6080590022544283
2025-03-09,2024-25,MIN,SAS,1,0.7820464606514099
2025-03-09,2024-25,POR,DET,0,0.43612292508468564
2025-03-09,2024-25,LAC,SAC,1,0.5879205299224033
2025-03-10,2024-25,ATL,PHI,1,0.7918772915262127
2025-03-10,2024-25,BOS,UTA,1,0.9502350745499072
2025-03-10,2024-25,BKN,LAL,1,0.1747908982338314
2025-03-10,2024-25,MIA,CHA,0,0.8277555974766767
2025-03-10,2024-25,TOR,WAS,1,0.7566821539289094
2025-03-10,2024-25,CHI,IND,1,0.37256838922991864
2025-03-10,2024-25,HOU,ORL,1,0.6720863125589746
2025-03-10,2024-25,MEM,PHX,1,0.6916408707505559
2025-03-10,2024-25,OKC,DEN,0,0.7881997416329802
2025-03-10,2024-25,SAS,DAL,0,0.6454294576795219
2025-03-10,2024-25,GSW,POR,1,0.822387199567845
2025-03-10,2024-25,SAC,NYK,0,0.48806814153564554
2025-03-11,2024-25,CLE,BKN,1,0.9375393050592615
2025-03-11,2024-25,DET,WAS,1,0.9268177737749302
2025-03-11,2024-25,IND,MIL,1,0.5309477786817451
2025-03-11,2024-25,NOP,LAC,1,0.2269639147396646
2025-03-12,2024-25,ATL,CHA,1,0.7602422035521225
2025-03-12,2024-25,BOS,OKC,0,0.4794348833510666
2025-03-12,2024-25,TOR,PHI,1,0.693095168243709
2025-03-12,2024-25,MIA,LAC,0,0.48323040195868777
2025-03-12,2024-25,HOU,PHX,1,0.6479250657468283
2025-03-12,2024-25,MEM,UTA,1,0.7343027509520265
2025-03-12,2024-25,SAS,DAL,1,0.5526542834536777
2025-03-12,2024-25,DEN,MIN,0,0.5916684682435867
2025-03-12,2024-25,POR,NYK,0,0.37027976132813006
2025-03-13,2024-25,DET,WAS,0,0.8522133180248789
2025-03-13,2024-25,MIL,LAL,1,0.5016521707506959
2025-03-13,2024-25,CHI,BKN,1,0.7335693515323424
2025-03-13,2024-25,GSW,SAC,1,0.7194808103951992
2025-03-13,2024-25,NOP,ORL,0,0.5424941597034522
2025-03-14,2024-25,MIA,BOS,0,0.22581961513264046
2025-03-14,2024-25,PHI,IND,0,0.2193660600619299
2025-03-14,2024-25,ATL,LAC,0,0.4516924457289737
2025-03-14,2024-25,HOU,DAL,1,0.7778446854030164
2025-03-14,2024-25,MEM,CLE,0,0.39550543772193686
2025-03-14,2024-25,MIN,ORL,1,0.8416459044086825
2025-03-14,2024-25,SAS,CHA,0,0.7034297942378138
2025-03-14,2024-25,DEN,LAL,1,0.6813433586870654
2025-03-14,2024-25,UTA,TOR,0,0.48832142196691314
2025-03-14,2024-25,PHX,SAC,1,0.5866882950245786
2025-03-15,2024-25,BKN,BOS,0,0.18790969761417567
2025-03-15,2024-25,DET,OKC,0,0.30693941890461707
2025-03-15,2024-25,HOU,CHI,1,0.6543556050315117
2025-03-15,2024-25,MEM,MIA,1,0.713716877740643
2025-03-15,2024-25,MIL,IND,1,0.6030819955074395
2025-03-15,2024-25,SAS,NOP,1,0.5394486521891942
2025-03-15,2024-25,GSW,NYK,1,0.5926015254430301
2025-03-15,2024-25,DEN,WAS,0,0.8352120768865353
2025-03-16,2024-25,LAC,CHA,1,0.8408295934355834
2025-03-16,2024-25,DAL,PHI,0,0.6344879021676436
2025-03-16,2024-25,LAL,PHX,1,0.562776530480192
2025-03-16,2024-25,BKN,ATL,1,0.41234552824097215
2025-03-16,2024-25,CLE,ORL,0,0.8404672078536922
2025-03-16,2024-25,POR,TOR,1,0.5830045805638738
2025-03-16,2024-25,MIN,UTA,1,0.8704941677611748
2025-03-16,2024-25,MIL,OKC,0,0.3332785843843604
2025-03-17,2024-25,LAL,SAS,1,0.7468508786949104
2025-03-17,2024-25,NYK,MIA,1,0.8033151901470172
2025-03-17,2024-25,HOU,PHI,1,0.8868036801275256
2025-03-17,2024-25,MIN,IND,0,0.5686008207756428
2025-03-17,2024-25,NOP,DET,0,0.2665249099535166
2025-03-17,2024-25,UTA,CHI,0,0.34017131373801696
2025-03-17,2024-25,GSW,DEN,0,0.631365576931627
2025-03-17,2024-25,PHX,TOR,1,0.6274636325331269
2025-03-17,2024-25,SAC,MEM,1,0.4810286523458808
2025-03-17,2024-25,POR,WAS,1,0.67967249926168
2025-03-18,2024-25,CHA,ATL,0,0.4084780723214889
2025-03-18,2024-25,BOS,BKN,1,0.9080316332835838
2025-03-18,2024-25,LAC,CLE,1,0.40157970246061775
2025-03-18,2024-25,GSW,MIL,1,0.6583371548664033
2025-03-19,2024-25,UTA,WAS,1,0.5676515282897732
2025-03-19,2024-25,IND,DAL,1,0.7884728794586052
2025-03-19,2024-25,ORL,HOU,0,0.3800569078578022
2025-03-19,2024-25,MIA,DET,0,0.3520680495620652
2025-03-19,2024-25,MIN,NOP,0,0.8781270799671056
2025-03-19,2024-25,OKC,PHI,1,0.9322301866602761
2025-03-19,2024-25,SAS,NYK,1,0.26810123974401173
2025-03-19,2024-25,LAL,DEN,1,0.5540485975910789
2025-03-19,2024-25,PHX,CHI,1,0.5602185785893323
2025-03-19,2024-25,POR,MEM,1,0.3872367284014176
2025-03-19,2024-25,SAC,CLE,1,0.3983015698072239
2025-03-20,2024-25,LAL,MIL,0,0.600635808785221
2025-03-20,2024-25,GSW,TOR,1,0.8481758169715031
2025-03-20,2024-25,CHA,NYK,1,0.21516069511795125
2025-03-20,2024-25,IND,BKN,1,0.7608397904579044
2025-03-20,2024-25,SAC,CHI,0,0.6756338407915938
2025-03-21,2024-25,WAS,ORL,0,0.33181100399002944
2025-03-21,2024-25,MIA,HOU,0,0.32242263293521567
2025-03-21,2024-25,MIN,NOP,1,0.8617718024684132
2025-03-21,2024-25,OKC,CHA,1,0.947276385086454
2025-03-21,2024-25,SAS,PHI,1,0.6769130687315624
2025-03-21,2024-25,DAL,DET,1,0.2791487976359818
2025-03-21,2024-25,UTA,BOS,0,0.15006120409336382
2025-03-21,2024-25,PHX,CLE,1,0.2782069709278294
2025-03-21,2024-25,POR,DEN,1,0.4158048386667595
2025-03-21,2024-25,LAC,MEM,1,0.6642748275773012
2025-03-22,2024-25,IND,BKN,1,0.8096152833209896
2025-03-22,2024-25,ATL,GSW,1,0.3056988621153101
2025-03-22,2024-25,NYK,WAS,1,0.8914428683776437
2025-03-22,2024-25,SAC,MIL,0,0.5200890135090308
2025-03-22,2024-25,LAL,CHI,0,0.44659286861747916
2025-03-23,2024-25,DET,NOP,1,0.8768503274239706
2025-03-23,2024-25,UTA,CLE,0,0.14306470966958793
2025-03-23,2024-25,ATL,PHI,1,0.6911870813264571
2025-03-23,2024-25,MIA,CHA,1,0.7463468393465094
2025-03-23,2024-25,TOR,SAS,0,0.4952710071760405
2025-03-23,2024-25,POR,BOS,0,0.28780933924920316
2025-03-23,2024-25,HOU,DEN,0,0.651158236301545
2025-03-23,2024-25,LAC,OKC,0,0.35776886411789643
2025-03-24,2024-25,IND,MIN,1,0.48420048889470524
2025-03-24,2024-25,ORL,LAL,1,0.4354931533857083
2025-03-24,2024-25,WAS,TOR,0,0.5716663450625586
2025-03-24,2024-25,BKN,DAL,0,0.46832610039035966
2025-03-24,2024-25,NOP,PHI,1,0.5884758183412833
2025-03-24,2024-25,DEN,CHI,0,0.5682020894138057
2025-03-24,2024-25,PHX,MIL,1,0.588054309121194
2025-03-24,2024-25,SAC,BOS,0,0.3679730903379465
2025-03-25,2024-25,CHA,ORL,0,0.40730574156459953
2025-03-25,2024-25,DET,SAS,1,0.7026285411772805
2025-03-25,2024-25,MIA,GSW,1,0.3308373706512381
2025-03-25,2024-25,NYK,DAL,1,0.8218072226030743
2025-03-25,2024-25,HOU,ATL,1,0.7207268156120006
2025-03-25,2024-25,UTA,MEM,0,0.2485463417656641
2025-03-25,2024-25,POR,CLE,0,0.294709948113602
2025-03-25,2024-25,SAC,OKC,0,0.1606889905188948
2025-03-26,2024-25,PHI,WAS,0,0.4987299854474515
2025-03-26,2024-25,BKN,TOR,0,0.49305437949411396
2025-03-26,2024-25,IND,LAL,0,0.585365191046169
2025-03-26,2024-25,NYK,LAC,0,0.4178058743018309
2025-03-26,2024-25,DEN,MIL,1,0.5254272391592781
2025-03-26,2024-25,PHX,BOS,0,0.3302287376237197
2025-03-27,2024-25,CLE,SAS,1,0.8178176760983015
2025-03-27,2024-25,ORL,DAL,0,0.7476155645197501
2025-03-27,2024-25,WAS,IND,0,0.20674989853337628
2025-03-27,2024-25,MIA,ATL,1,0.5714307293112364
2025-03-27,2024-25,CHI,LAL,1,0.6168898910555154
2025-03-27,2024-25,OKC,MEM,1,0.8120659913260097
2025-03-27,2024-25,UTA,HOU,0,0.15458887698859286
2025-03-27,2024-25,SAC,POR,1,0.5266855432037825
2025-03-28,2024-25,DET,CLE,1,0.5232490060281562
2025-03-28,2024-25,BKN,LAC,0,0.1589885603262671
2025-03-28,2024-25,TOR,CHA,1,0.6740814467911971
2025-03-28,2024-25,MIL,NYK,0,0.5124396995713485
2025-03-28,2024-25,MIN,PHX,1,0.7195789983866464
2025-03-28,2024-25,NOP,GSW,0,0.2000116566255941
2025-03-28,2024-25,DEN,UTA,1,0.9178178050129259
2025-03-29,2024-25,ORL,SAC,1,0.5278032581175066
2025-03-29,2024-25,WAS,BKN,0,0.5205208373340068
2025-03-29,2024-25,PHI,MIA,0,0.2705457108487208
2025-03-29,2024-25,CHI,DAL,0,0.7383696636505741
2025-03-29,2024-25,MEM,LAL,0,0.5376773171633279
2025-03-29,2024-25,OKC,IND,1,0.777374412696822
2025-03-29,2024-25,SAS,BOS,0,0.22504343826800272
2025-03-30,2024-25,CLE,LAC,1,0.6116267865863055
2025-03-30,2024-25,NYK,POR,1,0.7051137950985581
2025-03-30,2024-25,MIL,ATL,0,0.6530952255770879
2025-03-30,2024-25,MIN,DET,1,0.6031736949155565
2025-03-30,2024-25,NOP,CHA,1,0.5425318715854028
2025-03-30,2024-25,SAS,GSW,0,0.2981303759252948
2025-03-30,2024-25,PHI,TOR,0,0.31486230320055525
2025-03-30,2024-25,PHX,HOU,0,0.4230290077941134
2025-03-31,2024-25,CHA,UTA,1,0.546079390467896
2025-03-31,2024-25,IND,SAC,1,0.7131311869215976
2025-03-31,2024-25,ORL,LAC,0,0.45490830112936026
2025-03-31,2024-25,WAS,MIA,0,0.24778880708765136
2025-03-31,2024-25,MEM,BOS,0,0.3296288767086426
2025-03-31,2024-25,OKC,CHI,1,0.8214328383121104
2025-03-31,2024-25,DAL,BKN,0,0.7238700312249189
2025-03-31,2024-25,LAL,HOU,1,0.6108222839575327
2025-04-01,2024-25,SAS,ORL,0,0.49815619820559587
2025-04-01,2024-25,ATL,POR,0,0.6096035656697285
2025-04-01,2024-25,NYK,PHI,1,0.9025539553072975
2025-04-01,2024-25,CHI,TOR,1,0.5861083420917209
2025-04-01,2024-25,MEM,GSW,0,0.400214924079413
2025-04-01,2024-25,MIL,PHX,1,0.6061010531513363
2025-04-01,2024-25,DEN,MIN,0,0.5194672968626014
2025-04-02,2024-25,CLE,NYK,1,0.7741026786663797
2025-04-02,2024-25,IND,CHA,1,0.8723714775400272
2025-04-02,2024-25,WAS,SAC,1,0.2345786485211034
2025-04-02,2024-25,BOS,MIA,0,0.8346300617812321
2025-04-02,2024-25,HOU,UTA,1,0.9056419397275646
2025-04-02,2024-25,OKC,DET,1,0.8050995921519245
2025-04-02,2024-25,DAL,ATL,1,0.6292370748485357
2025-04-02,2024-25,DEN,SAS,0,0.8236037375994016
2025-04-02,2024-25,LAC,NOP,1,0.912669846108363
2025-04-03,2024-25,WAS,ORL,0,0.1793262676463178
2025-04-03,2024-25,BKN,MIN,0,0.17468718977576944
2025-04-03,2024-25,MIA,MEM,0,0.5115841332270769
2025-04-03,2024-25,PHI,MIL,0,0.228494949966542
2025-04-03,2024-25,TOR,POR,0,0.44455682231999155
2025-04-03,2024-25,LAL,GSW,0,0.4836522918960797
2025-04-04,2024-25,CHA,SAC,0,0.33636063665666055
2025-04-04,2024-25,IND,UTA,1,0.9004887964089446
2025-04-04,2024-25,BOS,PHX,1,0.8305485299941248
2025-04-04,2024-25,TOR,DET,0,0.24642601770412714
2025-04-04,2024-25,CHI,POR,1,0.7135209189106386
2025-04-04,2024-25,HOU,OKC,1,0.2585651480500816
2025-04-04,2024-25,SAS,CLE,0,0.26568171050132566
2025-04-04,2024-25,GSW,DEN,1,0.6920651575427325
2025-04-04,2024-25,LAL,NOP,1,0.8521421550348094
2025-04-04,2024-25,LAC,DAL,1,0.7891988204043573
2025-04-05,2024-25,ATL,NYK,0,0.43965647415367687
2025-04-05,2024-25,DET,MEM,0,0.5298933711079147
2025-04-05,2024-25,PHI,MIN,0,0.12353995486711429
2025-04-05,2024-25,MIA,MIL,0,0.6182004926192576
2025-04-05,2024-25,LAC,DAL,1,0.8343672259056054
2025-04-06,2024-25,NOP,MIL,0,0.331484752346356
2025-04-06,2024-25,CHA,CHI,0,0.2514764079856712
2025-04-06,2024-25,BKN,TOR,0,0.482901021980018
2025-04-06,2024-25,OKC,LAL,0,0.7875337279474307
2025-04-06,2024-25,ATL,UTA,1,0.7661829673811257
2025-04-06,2024-25,BOS,WAS,1,0.945776663087704
2025-04-06,2024-25,CLE,SAC,0,0.7877333061269074
2025-04-06,2024-25,POR,SAS,1,0.6527250648663392
2025-04-06,2024-25,NYK,PHX,1,0.7185612075193695
2025-04-06,2024-25,DEN,IND,0,0.5502406571198777
2025-04-06,2024-25,GSW,HOU,0,0.5843063058397276
2025-04-07,2024-25,DET,SAC,0,0.7046003527353106
2025-04-07,2024-25,MIA,PHI,1,0.8436953899976948
2025-04-08,2024-25,CHA,MEM,0,0.21681794077225147
2025-04-08,2024-25,CLE,CHI,1,0.7403304154543119
2025-04-08,2024-25,IND,WAS,1,0.9227133341474905
2025-04-08,2024-25,ORL,ATL,1,0.6385025085394886
2025-04-08,2024-25,BKN,NOP,1,0.587011840635329
2025-04-08,2024-25,NYK,BOS,0,0.40790827666411034
2025-04-08,2024-25,MIL,MIN,1,0.3595861262827502
2025-04-08,2024-25,OKC,LAL,1,0.70537951350751
2025-04-08,2024-25,PHX,GSW,0,0.2819895358973643
2025-04-08,2024-25,LAC,SAS,1,0.849584119052955
2025-04-09,2024-25,ORL,BOS,1,0.3136038251901684
2025-04-09,2024-25,WAS,PHI,0,0.42818861483529014
2025-04-09,2024-25,TOR,CHA,1,0.8100427295778372
2025-04-09,2024-25,DAL,LAL,0,0.44673043501092263
2025-04-09,2024-25,CHI,MIA,1,0.406397032031281
2025-04-09,2024-25,UTA,POR,1,0.28315308952972873
2025-04-09,2024-25,GSW,SAS,0,0.8527852088788932
2025-04-09,2024-25,PHX,OKC,0,0.17626033410073816
2025-04-09,2024-25,SAC,DEN,0,0.4661099013144705
2025-04-09,2024-25,LAC,HOU,1,0.509618744553759
2025-04-10,2024-25,MIL,NOP,1,0.8404012459914076
2025-04-10,2024-25,DET,NYK,1,0.48333249116467936
2025-04-10,2024-25,IND,CLE,1,0.5012686414728189
2025-04-10,2024-25,BKN,ATL,0,0.34229537634898566
2025-04-10,2024-25,MEM,MIN,0,0.4115991123832065
2025-04-11,2024-25,DET,MIL,0,0.6541148333441203
2025-04-11,2024-25,IND,ORL,0,0.6396887545097182
2025-04-11,2024-25,PHI,ATL,0,0.3958456133746884
2025-04-11,2024-25,BOS,CHA,1,0.9192739041449975
2025-04-11,2024-25,NYK,CLE,0,0.41252097006224375
2025-04-11,2024-25,CHI,WAS,1,0.8971397651846099
2025-04-11,2024-25,NOP,MIA,0,0.16294217016962806
2025-04-11,2024-25,DAL,TOR,1,0.6068456152171195
2025-04-11,2024-25,MIN,BKN,1,0.9261129100762526
2025-04-11,2024-25,DEN,MEM,1,0.7515409410060523
2025-04-11,2024-25,UTA,OKC,0,0.10042135913529655
2025-04-11,2024-25,PHX,SAS,1,0.5196880888645974
2025-04-11,2024-25,POR,GSW,0,0.2725414440071404
2025-04-11,2024-25,SAC,LAC,0,0.32557415411769525
2025-04-11,2024-25,LAL,HOU,1,0.7082198875599534
2025-04-13,2024-25,ATL,ORL,1,0.5310718638385297
2025-04-13,2024-25,BOS,CHA,1,0.945320629842873
2025-04-13,2024-25,BKN,NYK,0,0.1518976909194801
2025-04-13,2024-25,CLE,IND,0,0.774193531297675
2025-04-13,2024-25,MIA,WAS,0,0.8972640882780513
2025-04-13,2024-25,PHI,CHI,0,0.18945901376730423
2025-04-13,2024-25,MIL,DET,1,0.5270491226473742
2025-04-13,2024-25,HOU,DEN,0,0.37279827414837063
2025-04-13,2024-25,MEM,DAL,1,0.667084524131037
2025-04-13,2024-25,MIN,UTA,1,0.9139269502674184
2025-04-13,2024-25,NOP,OKC,0,0.059090389661291015
2025-04-13,2024-25,SAS,TOR,1,0.6873161158483182
2025-04-13,2024-25,GSW,LAC,0,0.47117805072695446
2025-04-13,2024-25,POR,LAL,1,0.2537904098950573
2025-04-13,2024-25,SAC,PHX,1,0.6458892752757341
2025-10-21,2025-26,OKC,HOU,1,0.7429398956457005
2025-10-21,2025-26,LAL,GSW,0,0.26203126151318923
2025-10-22,2025-26,NYK,CLE,1,0.5598896890219813
2025-10-22,2025-26,DAL,SAS,0,0.49381284719994073
2025-10-22,2025-26,CHA,BKN,1,0.5899315496794711
2025-10-22,2025-26,ORL,MIA,1,0.5527610998317741
2025-10-22,2025-26,ATL,TOR,0,0.7356606118071273
2025-10-22,2025-26,BOS,PHI,0,0.8552055467398471
2025-10-22,2025-26,CHI,DET,1,0.5813153296408848
2025-10-22,2025-26,MEM,NOP,1,0.8302308180181892
2025-10-22,2025-26,MIL,WAS,1,0.801849361719865
2025-10-22,2025-26,UTA,LAC,1,0.16617737694412232
2025-10-22,2025-26,PHX,SAC,1,0.4461333923351434
2025-10-22,2025-26,POR,MIN,0,0.3502116565762181
2025-10-23,2025-26,IND,OKC,0,0.38938707019371305
2025-10-23,2025-26,GSW,DEN,1,0.6353719609760018
2025-10-24,2025-26,NYK,BOS,1,0.48600309375778106
2025-10-24,2025-26,LAL,MIN,1,0.5652866662606243
2025-10-24,2025-26,ORL,ATL,0,0.5777294062363516
2025-10-24,2025-26,BKN,CLE,0,0.1992506566516377
2025-10-24,2025-26,TOR,MIL,0,0.39874242040271846
2025-10-24,2025-26,HOU,DET,0,0.6668199456129373
2025-10-24,2025-26,MEM,MIA,0,0.6250195021759205
2025-10-24,2025-26,NOP,SAS,0,0.42879593091340323
2025-10-24,2025-26,DAL,WAS,0,0.6773823297540196
2025-10-24,2025-26,POR,GSW,1,0.4729035797277054
2025-10-24,2025-26,SAC,UTA,1,0.6297800470520137
2025-10-24,2025-26,LAC,PHX,1,0.7576992078582011
2025-10-25,2025-26,ORL,CHI,0,0.42287101702215535
2025-10-25,2025-26,ATL,OKC,0,0.24233782999660275
2025-10-25,2025-26,PHI,CHA,1,0.6504197243487817
2025-10-25,2025-26,MEM,IND,1,0.4568647777641136
2025-10-25,2025-26,DEN,PHX,1,0.8202079870280667
2025-10-26,2025-26,SAS,BKN,1,0.7307837526572347
2025-10-26,2025-26,DET,BOS,1,0.5362131869317788
2025-10-26,2025-26,CLE,MIL,1,0.6719492700404287
2025-10-26,2025-26,MIA,NYK,1,0.5102825890201436
2025-10-26,2025-26,WAS,CHA,0,0.5948155842897384
2025-10-26,2025-26,MIN,IND,1,0.7937622132173537
2025-10-26,2025-26,DAL,TOR,1,0.5030451703820067
2025-10-26,2025-26,LAC,POR,1,0.6638401951278705
2025-10-26,2025-26,SAC,LAL,0,0.3699872798251178
2025-10-27,2025-26,DET,CLE,0,0.44822350366723357
2025-10-27,2025-26,MIN,DEN,0,0.5087598986947311
2025-10-27,2025-26,PHI,ORL,1,0.5101609475857269
2025-10-27,2025-26,CHI,ATL,1,0.665477061320891
2025-10-27,2025-26,HOU,BKN,1,0.8816982792749581
2025-10-27,2025-26,NOP,BOS,0,0.4946132695799962
2025-10-27,2025-26,SAS,TOR,1,0.7043566783626464
2025-10-27,2025-26,DAL,OKC,0,0.17127626631382153
2025-10-27,2025-26,UTA,PHX,1,0.5823198731776424
2025-10-27,2025-26,GSW,MEM,1,0.6739235662667479
2025-10-27,2025-26,LAL,POR,0,0.6694192662592707
2025-10-28,2025-26,WAS,PHI,0,0.4462642653782407
2025-10-28,2025-26,MIA,CHA,1,0.7090024837683216
2025-10-28,2025-26,MIL,NYK,1,0.5716441264494565
2025-10-28,2025-26,OKC,SAC,1,0.7906399035022649
2025-10-28,2025-26,GSW,LAC,1,0.438532393249142
2025-10-29,2025-26,BOS,CLE,1,0.44300725319644685
2025-10-29,2025-26,DET,ORL,1,0.5948617413756471
2025-10-29,2025-26,BKN,ATL,0,0.33361003497866054
2025-10-29,2025-26,TOR,HOU,0,0.3062969453932136
2025-10-29,2025-26,CHI,SAC,1,0.7178869111285717
2025-10-29,2025-26,DAL,IND,1,0.4460268158297652
2025-10-29,2025-26,DEN,NOP,1,0.844130711361408
2025-10-29,2025-26,UTA,POR,0,0.3766853416076413
2025-10-29,2025-26,MIN,LAL,0,0.6174989289293178
2025-10-29,2025-26,PHX,MEM,0,0.3769886943622696
2025-10-30,2025-26,CHA,ORL,0,0.5857201584533211
2025-10-30,2025-26,MIL,GSW,1,0.4522605606029737
2025-10-30,2025-26,OKC,WAS,1,0.9069187474838237
2025-10-30,2025-26,SAS,MIA,1,0.5047369949098621
2025-10-31,2025-26,IND,ATL,0,0.5280952929803602
2025-10-31,2025-26,PHI,BOS,0,0.3609323082769435
2025-10-31,2025-26,CLE,TOR,0,0.8196045782790723
2025-10-31,2025-26,CHI,NYK,1,0.5566349337912028
2025-10-31,2025-26,MEM,LAL,0,0.5620518389648551
2025-10-31,2025-26,PHX,UTA,1,0.5242177733535587
2025-10-31,2025-26,POR,DEN,1,0.43874317621169956
2025-10-31,2025-26,LAC,NOP,1,0.8492055198541882
2025-11-01,2025-26,MIL,SAC,0,0.6703019438983888
2025-11-01,2025-26,CHA,MIN,0,0.29232175810644984
2025-11-01,2025-26,IND,GSW,1,0.23887841998301845
2025-11-01,2025-26,WAS,ORL,0,0.33027703574664696
2025-11-01,2025-26,BOS,HOU,0,0.46865204062334154
2025-11-02,2025-26,OKC,NOP,1,0.9026367704679175
2025-11-02,2025-26,BKN,PHI,0,0.38381441244436676
2025-11-02,2025-26,CHA,UTA,1,0.4486936971894885
2025-11-02,2025-26,CLE,ATL,1,0.5795827604722598
2025-11-02,2025-26,TOR,MEM,1,0.41162506270080246
2025-11-02,2025-26,NYK,CHI,1,0.5148268904974915
2025-11-02,2025-26,PHX,SAS,1,0.3898602220091471
2025-11-02,2025-26,LAL,MIA,1,0.6617619307659536
2025-11-03,2025-26,BKN,MIN,0,0.19481608187128796
2025-11-03,2025-26,IND,MIL,0,0.3419357444219179
2025-11-03,2025-26,BOS,UTA,0,0.8163887352613155
2025-11-03,2025-26,NYK,WAS,1,0.827809409667788
2025-11-03,2025-26,HOU,DAL,1,0.8222783244527108
2025-11-03,2025-26,MEM,DET,0,0.4121287434874137
2025-11-03,2025-26,DEN,SAC,1,0.7788872720852585
2025-11-03,2025-26,POR,LAL,0,0.548012954957307
2025-11-03,2025-26,LAC,MIA,0,0.7291841697497765
2025-11-04,2025-26,TOR,MIL,1,0.4570865395649319
2025-11-04,2025-26,ATL,ORL,1,0.5938123028434165
2025-11-04,2025-26,CHI,PHI,1,0.6918201782500069
2025-11-04,2025-26,NOP,CHA,1,0.5522779109888255
2025-11-04,2025-26,GSW,PHX,1,0.8061537232483684
2025-11-04,2025-26,LAC,OKC,0,0.34408583696989964
2025-11-05,2025-26,CLE,PHI,1,0.7573517320703086
2025-11-05,2025-26,DET,UTA,1,0.723817425567377
2025-11-05,2025-26,IND,BKN,0,0.71434820438196
2025-11-05,2025-26,BOS,WAS,1,0.8666452715512446
2025-11-05,2025-26,NYK,MIN,1,0.5059204853929665
2025-11-05,2025-26,MEM,HOU,0,0.33109126294130947
2025-11-05,2025-26,DAL,NOP,0,0.6799414211108074
2025-11-05,2025-26,DEN,MIA,1,0.6644431376864323
2025-11-05,2025-26,LAL,SAS,1,0.6247690035994405
2025-11-05,2025-26,POR,OKC,1,0.4368506381499135
2025-11-05,2025-26,SAC,GSW,1,0.4479711293862652
2025-11-06,2025-26,PHX,LAC,1,0.35482450889280237
2025-11-07,2025-26,ORL,BOS,1,0.424127531669084
2025-11-07,2025-26,WAS,CLE,0,0.15686953958535776
2025-11-07,2025-26,ATL,TOR,0,0.6429979290335296
2025-11-07,2025-26,BKN,DET,0,0.27224142573770377
2025-11-07,2025-26,SAS,HOU,1,0.32707287625536796
2025-11-07,2025-26,MIA,CHA,1,0.7791944025616103
2025-11-07,2025-26,MEM,DAL,1,0.6179066632581657
2025-11-07,2025-26,MIL,CHI,1,0.5023951817405271
2025-11-07,2025-26,MIN,UTA,1,0.7783368148911256
2025-11-07,2025-26,DEN,GSW,1,0.7070565072481844
2025-11-07,2025-26,SAC,OKC,0,0.22567884009513056
2025-11-08,2025-26,WAS,DAL,0,0.4326892861439112
2025-11-08,2025-26,PHI,TOR,1,0.5832865000943014
2025-11-08,2025-26,ATL,LAL,1,0.40187351909858016
2025-11-08,2025-26,CLE,CHI,1,0.6712902119176515
2025-11-08,2025-26,MIA,POR,1,0.47992152376338254
2025-11-08,2025-26,SAS,NOP,1,0.6432080400455605
2025-11-08,2025-26,DEN,IND,1,0.8053299095659727
2025-11-08,2025-26,LAC,PHX,0,0.6502370384309213
2025-11-09,2025-26,MIL,HOU,0,0.44717252560691423
2025-11-09,2025-26,NYK,BKN,1,0.8526074284381999
2025-11-09,2025-26,ORL,BOS,0,0.4658709461157247
2025-11-09,2025-26,MEM,OKC,0,0.2280719437752552
2025-11-09,2025-26,PHI,DET,0,0.43425972056864753
2025-11-09,2025-26,GSW,IND,1,0.7744349827448588
2025-11-09,2025-26,SAC,MIN,0,0.3675486307517541
2025-11-10,2025-26,CHA,LAL,0,0.3101661089368621
2025-11-10,2025-26,DET,WAS,1,0.8452740502474736
2025-11-10,2025-26,ORL,POR,1,0.3884886584994842
2025-11-10,2025-26,MIA,CLE,1,0.47514030309660027
2025-11-10,2025-26,CHI,SAS,0,0.6257838541025134
2025-11-10,2025-26,DAL,MIL,0,0.41448121702551005
2025-11-10,2025-26,PHX,NOP,1,0.6780617624820869
2025-11-10,2025-26,UTA,MIN,0,0.32457572557813275
2025-11-10,2025-26,LAC,ATL,0,0.5645047235293522
2025-11-11,2025-26,BKN,TOR,0,0.28791112662321533
2025-11-11,2025-26,NYK,MEM,1,0.7098152713646032
2025-11-11,2025-26,PHI,BOS,1,0.4324762537609167
2025-11-11,2025-26,OKC,GSW,1,0.7580130316301367
2025-11-11,2025-26,UTA,IND,1,0.46293484538432916
2025-11-11,2025-26,SAC,DEN,0,0.24850575064055064
2025-11-12,2025-26,CHA,MIL,1,0.3022070271822062
2025-11-12,2025-26,DET,CHI,1,0.5243338790693861
2025-11-12,2025-26,NYK,ORL,0,0.6636765181149885
2025-11-12,2025-26,BOS,MEM,1,0.7069949222383589
2025-11-12,2025-26,MIA,CLE,0,0.4927783309838304
2025-11-12,2025-26,HOU,WAS,1,0.9071716313646387
2025-11-12,2025-26,NOP,POR,0,0.28156232052383334
2025-11-12,2025-26,SAS,GSW,0,0.5467313425406571
2025-11-12,2025-26,DAL,PHX,0,0.42503061567046735
2025-11-12,2025-26,OKC,LAL,1,0.6941255481411441
2025-11-12,2025-26,SAC,ATL,0,0.3630009490888184
2025-11-12,2025-26,LAC,DEN,0,0.4209754304508639
2025-11-13,2025-26,CLE,TOR,0,0.669456544319129
2025-11-13,2025-26,PHX,IND,1,0.6587510657837015
2025-11-13,2025-26,UTA,ATL,0,0.41346739057544096
2025-11-14,2025-26,NYK,MIA,1,0.5752302130671914
2025-11-14,2025-26,ORL,BKN,1,0.814972575647397
2025-11-14,2025-26,DET,PHI,1,0.5794408857443689
2025-11-14,2025-26,HOU,POR,1,0.6549157066286151
2025-11-14,2025-26,MIL,CHA,1,0.7059916558203886
2025-11-14,2025-26,MIN,SAC,1,0.8131508609562931
2025-11-14,2025-26,NOP,LAL,0,0.2561179121012929
2025-11-14,2025-26,DAL,LAC,0,0.36897733411318645
2025-11-14,2025-26,SAS,GSW,0,0.4233827750472083
2025-11-15,2025-26,CLE,MEM,1,0.7989467675170295
2025-11-15,2025-26,CHA,OKC,0,0.10551063446513766
2025-11-15,2025-26,IND,TOR,0,0.341117705258614
2025-11-15,2025-26,MIL,LAL,0,0.5076863127472662
2025-11-15,2025-26,MIN,DEN,0,0.4127098662231059
2025-11-16,2025-26,BOS,LAC,1,0.6276933511385793
2025-11-16,2025-26,SAS,SAC,1,0.7152855008054435
2025-11-16,2025-26,WAS,BKN,0,0.5354169651810975
2025-11-16,2025-26,HOU,ORL,1,0.7144678997474081
2025-11-16,2025-26,NOP,GSW,0,0.20920114006237822
2025-11-16,2025-26,DAL,POR,1,0.33909998114102685
2025-11-16,2025-26,PHX,ATL,0,0.4974308907964178
2025-11-16,2025-26,UTA,CHI,1,0.3523683272765
2025-11-17,2025-26,CLE,MIL,1,0.695868606830567
2025-11-17,2025-26,DET,IND,1,0.771685651821866
2025-11-17,2025-26,PHI,LAC,1,0.561995166836499
2025-11-17,2025-26,MIA,NYK,1,0.49191555122303754
2025-11-17,2025-26,TOR,CHA,1,0.7705230639554861
2025-11-17,2025-26,MIN,DAL,1,0.8506804663539025
2025-11-17,2025-26,NOP,OKC,0,0.08646552466692797
2025-11-17,2025-26,DEN,CHI,0,0.8220739539753299
2025-11-18,2025-26,ORL,GSW,1,0.4436602204456047
2025-11-18,2025-26,BKN,BOS,0,0.21481396357288024
2025-11-18,2025-26,ATL,DET,0,0.6903918722673087
2025-11-18,2025-26,SAS,MEM,1,0.6029486743098414
2025-11-18,2025-26,LAL,UTA,1,0.7673622323974627
2025-11-18,2025-26,POR,PHX,0,0.5323707718538199
2025-11-19,2025-26,CLE,HOU,0,0.5155100938551226
2025-11-19,2025-26,IND,CHA,1,0.44298075508750273
2025-11-19,2025-26,MIA,GSW,1,0.549927594897662
2025-11-19,2025-26,PHI,TOR,0,0.4665634870386894
2025-11-19,2025-26,MIN,WAS,1,0.8997081586548731
2025-11-19,2025-26,NOP,DEN,0,0.1500999397921393
2025-11-19,2025-26,OKC,SAC,1,0.9056351739329495
2025-11-19,2025-26,DAL,NYK,0,0.2780499818767707
2025-11-19,2025-26,POR,CHI,0,0.42631398739705917
2025-11-20,2025-26,ORL,LAC,1,0.6042849069275255
2025-11-20,2025-26,MEM,SAC,1,0.72341203606029
2025-11-20,2025-26,MIL,PHI,0,0.70372629738961
2025-11-20,2025-26,SAS,ATL,1,0.47020466769198765
2025-11-21,2025-26,CLE,IND,1,0.8394195680417593
2025-11-21,2025-26,BOS,BKN,0,0.8589521641658749
2025-11-21,2025-26,TOR,WAS,1,0.855129666588611
2025-11-21,2025-26,CHI,MIA,0,0.49121259188748684
2025-11-21,2025-26,DAL,NOP,1,0.6204492849834384
2025-11-21,2025-26,PHX,MIN,1,0.44350669165929496
2025-11-21,2025-26,HOU,DEN,0,0.5523974580610704
2025-11-21,2025-26,UTA,OKC,0,0.1560468258245994
2025-11-21,2025-26,GSW,POR,0,0.5471040889824992
2025-11-22,2025-26,CHA,LAC,0,0.43022496730109766
2025-11-22,2025-26,ORL,NYK,1,0.5208972828965187
2025-11-22,2025-26,NOP,ATL,0,0.25159598780650233
2025-11-22,2025-26,CHI,WAS,1,0.8510569312272755
2025-11-22,2025-26,MIL,DET,0,0.4165922219970605
2025-11-22,2025-26,DAL,MEM,0,0.38437381900637774
2025-11-22,2025-26,DEN,SAC,0,0.8751821192290309
2025-11-23,2025-26,PHI,MIA,0,0.3825619745800668
2025-11-23,2025-26,ATL,CHA,1,0.8009214605919985
2025-11-23,2025-26,BOS,ORL,1,0.6324883782421494
2025-11-23,2025-26,CLE,LAC,1,0.7562059350892798
2025-11-23,2025-26,TOR,BKN,1,0.7699819761639509
2025-11-23,2025-26,OKC,POR,1,0.8534572112571169
2025-11-23,2025-26,PHX,SAS,1,0.5736850096133363
2025-11-23,2025-26,UTA,LAL,0,0.23838392283361853
2025-11-24,2025-26,IND,DET,0,0.28300748671199016
2025-11-24,2025-26,TOR,CLE,1,0.5023901768888424
2025-11-24,2025-26,BKN,NYK,0,0.24587971604793185
2025-11-24,2025-26,MIA,DAL,1,0.8119200968024685
2025-11-24,2025-26,MEM,DEN,0,0.317949700037665
2025-11-24,2025-26,MIL,POR,0,0.6071271852523668
2025-11-24,2025-26,NOP,CHI,1,0.3152389189476378
2025-11-24,2025-26,PHX,HOU,0,0.34667183933487783
2025-11-24,2025-26,GSW,UTA,1,0.8594522587233399
2025-11-24,2025-26,SAC,MIN,1,0.23558572911537484
2025-11-25,2025-26,WAS,ATL,1,0.19548433627190953
2025-11-25,2025-26,PHI,ORL,0,0.4383679188783787
2025-11-25,2025-26,LAL,LAC,1,0.7135966147911611
2025-11-26,2025-26,BOS,DET,1,0.5666308950430323
2025-11-26,2025-26,CHA,NYK,0,0.3167071489762611
2025-11-26,2025-26,MIA,MIL,1,0.7320052061821608
2025-11-26,2025-26,TOR,IND,1,0.7795149517701625
2025-11-26,2025-26,OKC,MIN,1,0.7704085241167674
2025-11-26,2025-26,NOP,MEM,0,0.37614066142208913
2025-11-26,2025-26,GSW,HOU,0,0.4026258515403172
2025-11-26,2025-26,POR,SAS,0,0.5317042574510287
2025-11-26,2025-26,SAC,PHX,0,0.36965483091264906
2025-11-28,2025-26,ATL,CLE,1,0.5073277230854983
2025-11-28,2025-26,BKN,PHI,0,0.45403813051513425
2025-11-28,2025-26,CHA,CHI,1,0.46205381196283646
2025-11-28,2025-26,DET,ORL,0,0.5450499402566549
2025-11-28,2025-26,IND,WAS,1,0.6536367440426708
2025-11-28,2025-26,NYK,MIL,1,0.7469039275613033
2025-11-28,2025-26,OKC,PHX,1,0.8293940891057887
2025-11-28,2025-26,DEN,SAS,0,0.731793416863291
2025-11-28,2025-26,UTA,SAC,1,0.5675541232367637
2025-11-28,2025-26,LAL,DAL,1,0.8238067662683772
2025-11-28,2025-26,LAC,MEM,0,0.588296522152578
2025-11-29,2025-26,MIN,BOS,1,0.5742905589727951
2025-11-29,2025-26,CHA,TOR,1,0.29038140788010325
2025-11-29,2025-26,IND,CHI,1,0.4472569592469066
2025-11-29,2025-26,MIA,DET,0,0.6822970839874196
2025-11-29,2025-26,MIL,BKN,1,0.780009800622934
2025-11-29,2025-26,GSW,NOP,1,0.8327093593750733
2025-11-29,2025-26,PHX,DEN,0,0.46551569660987274
2025-11-29,2025-26,LAC,DAL,0,0.7353949950774007
2025-11-30,2025-26,UTA,HOU,0,0.20645005374709857
2025-11-30,2025-26,CLE,BOS,0,0.6620966987676234
2025-11-30,2025-26,NYK,TOR,1,0.7359996548871857
2025-11-30,2025-26,PHI,ATL,0,0.42397057970997604
2025-11-30,2025-26,POR,OKC,0,0.22009567187304163
2025-11-30,2025-26,MIN,SAS,1,0.5765463160109208
2025-11-30,2025-26,SAC,MEM,0,0.3990750923059984
2025-11-30,2025-26,LAL,NOP,1,0.9069268067692045
2025-12-01,2025-26,DET,ATL,1,0.677669763938164
2025-12-01,2025-26,IND,CLE,0,0.39677343196781045
2025-12-01,2025-26,WAS,MIL,1,0.2692827793117902
2025-12-01,2025-26,BKN,CHA,1,0.4347417205254383
2025-12-01,2025-26,MIA,LAC,1,0.6822944359349177
2025-12-01,2025-26,ORL,CHI,1,0.7406002293491682
2025-12-01,2025-26,DEN,DAL,0,0.880159739490296
2025-12-01,2025-26,UTA,HOU,1,0.1996100976691423
2025-12-01,2025-26,LAL,PHX,0,0.6562320993347519
2025-12-02,2025-26,PHI,WAS,1,0.8200841989194747
2025-12-02,2025-26,TOR,POR,1,0.5764367433741668
2025-12-02,2025-26,BOS,NYK,1,0.5061790021220399
2025-12-02,2025-26,NOP,MIN,0,0.2164401702749814
2025-12-02,2025-26,SAS,MEM,1,0.6099598590300599
2025-12-02,2025-26,GSW,OKC,0,0.299753877994793
2025-12-03,2025-26,CLE,POR,0,0.7683251594232575
2025-12-03,2025-26,IND,DEN,0,0.24323589000216284
2025-12-03,2025-26,ORL,SAS,0,0.7043323100954804
2025-12-03,2025-26,ATL,LAC,0,0.6583614444441448
2025-12-03,2025-26,NYK,CHA,1,0.8308928197022241
2025-12-03,2025-26,CHI,BKN,0,0.7098953028908762
2025-12-03,2025-26,HOU,SAC,1,0.8700364288862659
2025-12-03,2025-26,MIL,DET,1,0.40403982490304036
2025-12-03,2025-26,DAL,MIA,1,0.3253293859840219
2025-12-04,2025-26,PHI,GSW,1,0.42765953580617844
2025-12-04,2025-26,WAS,BOS,0,0.16230944208407264
2025-12-04,2025-26,BKN,UTA,0,0.441603850912832
2025-12-04,2025-26,TOR,LAL,0,0.47571840567253465
2025-12-04,2025-26,NOP,MIN,0,0.22254892524577527
2025-12-05,2025-26,BOS,LAL,1,0.6709410709637926
2025-12-05,2025-26,ORL,MIA,1,0.6128078855749253
2025-12-05,2025-26,ATL,DEN,0,0.3758781511001538
2025-12-05,2025-26,CLE,SAS,1,0.5544382912794376
2025-12-05,2025-26,DET,POR,1,0.6421693567834401
2025-12-05,2025-26,NYK,UTA,1,0.8675900697818699
2025-12-05,2025-26,TOR,CHA,0,0.7224277647769727
2025-12-05,2025-26,CHI,IND,0,0.5914249454549145
2025-12-05,2025-26,HOU,PHX,1,0.7002064207840129
2025-12-05,2025-26,MEM,LAC,1,0.5459991199371584
2025-12-05,2025-26,MIL,PHI,0,0.6753934078712751
2025-12-05,2025-26,OKC,DAL,1,0.880534087256296
2025-12-06,2025-26,BKN,NOP,1,0.5350154629742558
2025-12-06,2025-26,WAS,ATL,0,0.2921123082570894
2025-12-06,2025-26,CLE,GSW,0,0.5673626566465497
2025-12-06,2025-26,DET,MIL,1,0.7547477186006656
2025-12-06,2025-26,MIA,SAC,0,0.7948129402570611
2025-12-06,2025-26,MIN,LAC,1,0.7737248721528079
2025-12-06,2025-26,DAL,HOU,1,0.25256969613127156
2025-12-07,2025-26,NYK,ORL,1,0.6244504791140425
2025-12-07,2025-26,TOR,BOS,0,0.3470523202184368
2025-12-07,2025-26,CHA,DEN,0,0.21438563502882665
2025-12-07,2025-26,MEM,POR,1,0.5881011348146193
2025-12-07,2025-26,CHI,GSW,0,0.5661019087770919
2025-12-07,2025-26,PHI,LAL,0,0.5004708018353764
2025-12-07,2025-26,UTA,OKC,0,0.15499751892019764
2025-12-08,2025-26,IND,SAC,1,0.6200283735746065
2025-12-08,2025-26,MIN,PHX,0,0.6865095908564192
2025-12-08,2025-26,NOP,SAS,0,0.26660098880662253
2025-12-09,2025-26,ORL,MIA,1,0.5733795636355007
2025-12-09,2025-26,TOR,NYK,0,0.3583146404114432
2025-12-10,2025-26,OKC,PHX,1,0.7919443666515426
2025-12-10,2025-26,LAL,SAS,0,0.6701480740800212
2025-12-11,2025-26,HOU,LAC,1,0.7157405799150026
2025-12-11,2025-26,MIL,BOS,1,0.29477684023189127
2025-12-11,2025-26,NOP,POR,1,0.37757259312518066
2025-12-11,2025-26,SAC,DEN,0,0.22975545559724675
2025-12-12,2025-26,CHA,CHI,0,0.5294743448419446
2025-12-12,2025-26,DET,ATL,1,0.6185197043668853
2025-12-12,2025-26,PHI,IND,1,0.6358550798983044
2025-12-12,2025-26,WAS,CLE,0,0.17593923937796307
2025-12-12,2025-26,MEM,UTA,0,0.7778592491579355
2025-12-12,2025-26,DAL,BKN,1,0.6796272992896769
2025-12-12,2025-26,GSW,MIN,0,0.5181141741635042
2025-12-14,2025-26,IND,WAS,0,0.7942890649525327
2025-12-14,2025-26,ATL,PHI,1,0.575884964561549
2025-12-14,2025-26,CLE,CHA,0,0.7755155652777435
2025-12-14,2025-26,BKN,MIL,1,0.4399789747433397
2025-12-14,2025-26,MIN,SAC,1,0.8206474377626585
2025-12-14,2025-26,POR,GSW,1,0.32183134815185593
2025-12-14,2025-26,CHI,NOP,0,0.6790789966092659
2025-12-14,2025-26,PHX,LAL,0,0.4299191950123072
2025-12-15,2025-26,BOS,DET,0,0.6012762086845628
2025-12-15,2025-26,UTA,DAL,1,0.45101940028561255
2025-12-15,2025-26,DEN,HOU,1,0.5321154788711613
2025-12-15,2025-26,LAC,MEM,0,0.6350089756586553
2025-12-15,2025-26,MIA,TOR,0,0.7132352183367625
2025-12-17,2025-26,CHI,CLE,1,0.4536708405058323
2025-12-17,2025-26,MIN,MEM,0,0.7211721302034761
2025-12-18,2025-26,OKC,LAC,1,0.8702234014557316
2025-12-18,2025-26,SAS,WAS,1,0.865500994800199
2025-12-18,2025-26,CHA,ATL,1,0.42783055454841257
2025-12-18,2025-26,IND,NYK,0,0.27714968071892415
2025-12-18,2025-26,BKN,MIA,0,0.36328058249993367
2025-12-18,2025-26,MIL,TOR,0,0.4522330392611526
2025-12-18,2025-26,NOP,HOU,1,0.20674424058015548
2025-12-18,2025-26,DAL,DET,1,0.34202282172942333
2025-12-18,2025-26,DEN,ORL,1,0.6769057582563368
2025-12-18,2025-26,PHX,GSW,1,0.4694894049018685
2025-12-18,2025-26,UTA,LAL,0,0.2486887558304146
2025-12-18,2025-26,POR,SAC,1,0.691846907467544
2025-12-19,2025-26,BOS,MIA,1,0.6922960166211479
2025-12-19,2025-26,NYK,PHI,0,0.665434445288858
2025-12-19,2025-26,ATL,SAS,0,0.45315799848760213
2025-12-19,2025-26,CLE,CHI,0,0.6152237908459233
2025-12-19,2025-26,MIN,OKC,1,0.3973306378411235
2025-12-20,2025-26,DEN,HOU,0,0.5763146500192106
2025-12-20,2025-26,PHI,DAL,1,0.5094646410055851
2025-12-20,2025-26,TOR,BOS,0,0.4663225418965715
2025-12-20,2025-26,NOP,IND,1,0.550658946420927
2025-12-20,2025-26,DET,CHA,1,0.7586365620246601
2025-12-20,2025-26,MEM,WAS,0,0.8438639262826255
2025-12-20,2025-26,GSW,PHX,1,0.6059065487326937
2025-12-20,2025-26,UTA,ORL,0,0.3095419029871048
2025-12-20,2025-26,SAC,POR,0,0.4235297366524971
2025-12-20,2025-26,LAC,LAL,1,0.40797956399267243
2025-12-21,2025-26,ATL,CHI,0,0.5525911982140033
2025-12-21,2025-26,BKN,TOR,1,0.5764223891891064
2025-12-21,2025-26,NYK,MIA,1,0.6638853695108194
2025-12-21,2025-26,WAS,SAS,0,0.15892662428570065
2025-12-21,2025-26,MIN,MIL,1,0.7704078219286452
2025-12-21,2025-26,SAC,HOU,1,0.20306989369748105
2025-12-22,2025-26,CLE,CHA,1,0.6527433778810473
2025-12-22,2025-26,BOS,IND,1,0.8420628628433923
2025-12-22,2025-26,NOP,DAL,1,0.45697994770747413
2025-12-22,2025-26,DEN,UTA,1,0.8628981884713453
2025-12-22,2025-26,OKC,MEM,1,0.8501155586225345
2025-12-22,2025-26,GSW,ORL,1,0.6145104925487366
2025-12-22,2025-26,POR,DET,0,0.368991181699652
2025-12-23,2025-26,CHA,WAS,1,0.6620295176648424
2025-12-23,2025-26,PHI,BKN,0,0.6539363956593373
2025-12-23,2025-26,ATL,CHI,0,0.5248525115718097
2025-12-23,2025-26,CLE,NOP,1,0.7130747424729498
2025-12-23,2025-26,IND,MIL,0,0.43434009670068024
2025-12-23,2025-26,MIA,TOR,0,0.6788128459070066
2025-12-23,2025-26,DAL,DEN,1,0.33861479326754934
2025-12-23,2025-26,MIN,NYK,1,0.5230200698698412
2025-12-23,2025-26,SAS,OKC,1,0.4413143791064472
2025-12-23,2025-26,PHX,LAL,1,0.5736782877012363
2025-12-23,2025-26,UTA,MEM,0,0.4473478072361691
2025-12-23,2025-26,POR,ORL,0,0.5291193878058533
2025-12-23,2025-26,SAC,DET,0,0.32917913817396455
2025-12-23,2025-26,LAC,HOU,1,0.3755438473391926
2025-12-25,2025-26,NYK,CLE,1,0.5705511512620728
2025-12-25,2025-26,OKC,SAS,0,0.7083789627737035
2025-12-25,2025-26,GSW,DAL,1,0.7115102238406428
2025-12-25,2025-26,LAL,HOU,0,0.35917236504262684
2025-12-25,2025-26,DEN,MIN,1,0.5905489132646186
2025-12-26,2025-26,ATL,MIA,0,0.46571722709004626
2025-12-26,2025-26,ORL,CHA,0,0.6793313769007628
2025-12-26,2025-26,WAS,TOR,1,0.2971883306025542
2025-12-26,2025-26,IND,BOS,0,0.24256129548844962
2025-12-26,2025-26,CHI,PHI,1,0.5651819183065356
2025-12-26,2025-26,MEM,MIL,1,0.6440475073443468
2025-12-26,2025-26,NOP,PHX,0,0.33186734755448016
2025-12-26,2025-26,UTA,DET,1,0.2013023508679868
2025-12-26,2025-26,POR,LAC,0,0.4211711004811005
2025-12-27,2025-26,SAC,DAL,1,0.44213710117541816
2025-12-27,2025-26,ORL,DEN,1,0.2913451314584077
2025-12-27,2025-26,NOP,PHX,0,0.3687468286274278
2025-12-27,2025-26,ATL,NYK,0,0.27029253568633094
2025-12-27,2025-26,MIA,IND,1,0.7558061878600163
2025-12-27,2025-26,CHI,MIL,0,0.6787597113656784
2025-12-27,2025-26,HOU,CLE,1,0.6671688737048768
2025-12-27,2025-26,MIN,BKN,0,0.7621305401194295
2025-12-27,2025-26,SAS,UTA,0,0.8726636471568173
2025-12-28,2025-26,TOR,GSW,1,0.29243190316373113
2025-12-28,2025-26,OKC,PHI,1,0.8229668912888116
2025-12-28,2025-26,WAS,MEM,1,0.2693260025658388
2025-12-28,2025-26,POR,BOS,1,0.3290865718052374
2025-12-28,2025-26,LAC,DET,1,0.5017342677390413
2025-12-28,2025-26,LAL,SAC,1,0.8310719369848423
2025-12-29,2025-26,CHA,MIL,0,0.5028596099080116
2025-12-29,2025-26,WAS,PHX,0,0.21306552564169734
2025-12-29,2025-26,BKN,GSW,0,0.45676433089410434
2025-12-29,2025-26,MIA,DEN,1,0.41325891101839907
2025-12-29,2025-26,TOR,ORL,1,0.5078024627893885
2025-12-29,2025-26,CHI,MIN,0,0.4141238008338866
2025-12-29,2025-26,HOU,IND,1,0.8711001972079551
2025-12-29,2025-26,NOP,NYK,0,0.27686709186377884
2025-12-29,2025-26,OKC,ATL,1,0.8510901570203965
2025-12-29,2025-26,SAS,CLE,0,0.6374749496790659
2025-12-29,2025-26,POR,DAL,1,0.5186136540103048
2025-12-30,2025-26,MEM,PHI,0,0.5815366451526156
2025-12-30,2025-26,UTA,BOS,0,0.31188200951987777
2025-12-30,2025-26,LAL,DET,0,0.43384276673072664
2025-12-30,2025-26,LAC,SAC,1,0.841486623371608
2025-12-31,2025-26,CHA,GSW,0,0.3081504114915097
2025-12-31,2025-26,ATL,MIN,1,0.3357555778027965
2025-12-31,2025-26,IND,ORL,0,0.39809165238614125
2025-12-31,2025-26,CLE,PHX,1,0.6024084866564282
2025-12-31,2025-26,CHI,NOP,1,0.612772071832116
2025-12-31,2025-26,SAS,NYK,1,0.5701574678350526
2025-12-31,2025-26,TOR,DEN,0,0.3745638720908886
2025-12-31,2025-26,MIL,WAS,0,0.7678035393997626
2025-12-31,2025-26,OKC,POR,1,0.8452261696395371
2026-01-01,2025-26,BKN,HOU,0,0.2996608081894759
2026-01-01,2025-26,DET,MIA,0,0.6085522745916657
2026-01-01,2025-26,DAL,PHI,0,0.45579595555939484
2026-01-01,2025-26,SAC,BOS,0,0.22282538320713466
2026-01-01,2025-26,LAC,UTA,1,0.7953734025797794
2026-01-02,2025-26,IND,SAS,0,0.2545503083900042
2026-01-02,2025-26,WAS,BKN,1,0.5955966830950218
2026-01-02,2025-26,CLE,DEN,1,0.6020620157431873
2026-01-02,2025-26,NYK,ATL,0,0.7141419511673842
2026-01-02,2025-26,CHI,ORL,1,0.48372510575914124
2026-01-02,2025-26,MIL,CHA,1,0.6183257989374292
2026-01-02,2025-26,NOP,POR,0,0.48039373390574586
2026-01-02,2025-26,PHX,SAC,1,0.8577083692930301
2026-01-02,2025-26,GSW,OKC,0,0.3697804592833613
2026-01-02,2025-26,LAL,MEM,1,0.5261041287406535
2026-01-03,2025-26,MIA,MIN,0,0.5193466843503491
2026-01-03,2025-26,NYK,PHI,0,0.5716103676887746
2026-01-03,2025-26,TOR,ATL,1,0.6204298134244385
2026-01-03,2025-26,CHI,CHA,0,0.6664087541429105
2026-01-03,2025-26,SAS,POR,0,0.7802673001221254
2026-01-03,2025-26,DAL,HOU,1,0.25269138154216014
2026-01-03,2025-26,GSW,UTA,1,0.6871380995814377
2026-01-03,2025-26,LAC,BOS,0,0.5582408078977773
2026-01-04,2025-26,CLE,DET,0,0.5132270841365656
2026-01-04,2025-26,ORL,IND,1,0.7102226946140412
2026-01-04,2025-26,BKN,DEN,1,0.3203171666895239
2026-01-04,2025-26,MIA,NOP,1,0.7500695803366462
2026-01-04,2025-26,WAS,MIN,0,0.3191097342253446
2026-01-04,2025-26,PHX,OKC,1,0.28634826404410046
2026-01-04,2025-26,SAC,MIL,0,0.3550552531982742
2026-01-04,2025-26,LAL,MEM,1,0.5489368689721891
2026-01-05,2025-26,DET,NYK,1,0.4988714380762821
2026-01-05,2025-26,BOS,CHI,1,0.7707910553596452
2026-01-05,2025-26,TOR,ATL,1,0.5944997838224146
2026-01-05,2025-26,HOU,PHX,1,0.7236327093367082
2026-01-05,2025-26,OKC,CHA,0,0.8401575691516323
2026-01-05,2025-26,PHI,DEN,0,0.644722709490518
2026-01-05,2025-26,LAC,GSW,1,0.5019094656119971
2026-01-05,2025-26,POR,UTA,1,0.6468807220717812
2026-01-06,2025-26,IND,CLE,0,0.32708548655697356
2026-01-06,2025-26,WAS,ORL,1,0.3236625724849143
2026-01-06,2025-26,MEM,SAS,1,0.4048347967200728
2026-01-06,2025-26,MIN,MIA,1,0.5955110579717282
2026-01-06,2025-26,NOP,LAL,0,0.35975576061846315
2026-01-06,2025-26,SAC,DAL,0,0.3712408611555657
2026-01-07,2025-26,CHA,TOR,0,0.5015917038101071
2026-01-07,2025-26,DET,CHI,1,0.7289177721905107
2026-01-07,2025-26,PHI,WAS,1,0.8348966380518184
2026-01-07,2025-26,ATL,NOP,1,0.764550405235145
2026-01-07,2025-26,BOS,DEN,0,0.7078576550408001
2026-01-07,2025-26,BKN,ORL,0,0.6311185142651388
2026-01-07,2025-26,NYK,LAC,1,0.5299590777575997
2026-01-07,2025-26,SAS,LAL,1,0.6982734696433888
2026-01-07,2025-26,MEM,PHX,0,0.39670682758451414
2026-01-07,2025-26,OKC,UTA,1,0.8865805916909082
2026-01-07,2025-26,GSW,MIL,1,0.7009305640899596
2026-01-07,2025-26,POR,HOU,1,0.3062508627334318
2026-01-08,2025-26,CHA,IND,0,0.6307884238841166
2026-01-08,2025-26,MIN,CLE,1,0.5918767479445975
2026-01-08,2025-26,UTA,DAL,1,0.4124964617116345
2026-01-09,2025-26,BOS,TOR,1,0.7015579045570101
2026-01-09,2025-26,ORL,PHI,0,0.5201480482735793
2026-01-09,2025-26,WAS,NOP,0,0.49168708760458585
2026-01-09,2025-26,BKN,LAC,0,0.4116937862001199
2026-01-09,2025-26,MEM,OKC,0,0.24233079595806362
2026-01-09,2025-26,DEN,ATL,0,0.6421231866094401
2026-01-09,2025-26,PHX,NYK,1,0.5478373308968786
2026-01-09,2025-26,GSW,SAC,1,0.8675715887943624
2026-01-09,2025-26,POR,HOU,1,0.3532073247818498
2026-01-09,2025-26,LAL,MIL,0,0.5533079735636717
2026-01-10,2025-26,CLE,MIN,1,0.4915734669747633
2026-01-10,2025-26,IND,MIA,1,0.3353433901133602
2026-01-10,2025-26,DET,LAC,0,0.7002143205683888
2026-01-10,2025-26,BOS,SAS,0,0.5559930915463168
2026-01-10,2025-26,CHI,DAL,1,0.5468413643036828
2026-01-10,2025-26,UTA,CHA,0,0.4418456532654764
2026-01-11,2025-26,ORL,NOP,1,0.7019872169500023
2026-01-11,2025-26,MEM,BKN,1,0.6194336209162818
2026-01-11,2025-26,TOR,PHI,1,0.42339473867124383
2026-01-11,2025-26,POR,NYK,0,0.47568043287446815
2026-01-11,2025-26,MIN,SAS,1,0.5791406712936583
2026-01-11,2025-26,OKC,MIA,1,0.8277508648349975
2026-01-11,2025-26,DEN,MIL,1,0.6311599398719164
2026-01-11,2025-26,PHX,WAS,1,0.8851328885229991
2026-01-11,2025-26,GSW,ATL,0,0.6529937228989448
2026-01-11,2025-26,SAC,HOU,1,0.16747823135087747
2026-01-12,2025-26,CLE,UTA,0,0.8748928464137448
2026-01-12,2025-26,IND,BOS,1,0.2833733832389951
2026-01-12,2025-26,TOR,PHI,0,0.5020129458352575
2026-01-12,2025-26,DAL,BKN,1,0.6829033086944394
2026-01-12,2025-26,SAC,LAL,1,0.24851176512061451
2026-01-12,2025-26,LAC,CHA,1,0.6568304320051258
2026-01-13,2025-26,MIA,PHX,1,0.42914042003656133
2026-01-13,2025-26,HOU,CHI,1,0.7818361601549383
2026-01-13,2025-26,MIL,MIN,0,0.3806239593470108
2026-01-13,2025-26,NOP,DEN,0,0.30023458499328887
2026-01-13,2025-26,OKC,SAS,1,0.6924183822801918
2026-01-13,2025-26,LAL,ATL,1,0.4137024281447918
2026-01-13,2025-26,GSW,POR,1,0.6288082957539102
2026-01-14,2025-26,IND,TOR,0,0.49686270800516263
2026-01-14,2025-26,PHI,CLE,0,0.5174616945639836
2026-01-14,2025-26,CHI,UTA,1,0.5911317315368951
2026-01-14,2025-26,NOP,BKN,1,0.44437075232555046
2026-01-14,2025-26,DAL,DEN,0,0.4329385523900298
2026-01-14,2025-26,SAC,NYK,1,0.23988770626649503
2026-01-14,2025-26,LAC,WAS,1,0.8767127545526687
2026-01-15,2025-26,DET,PHX,1,0.5913400844180398
2026-01-15,2025-26,MIA,BOS,0,0.4040780238146169
2026-01-15,2025-26,HOU,OKC,0,0.3891339067733381
2026-01-15,2025-26,SAS,MIL,1,0.7572832748090904
2026-01-15,2025-26,DAL,UTA,1,0.7460692676266424
2026-01-15,2025-26,GSW,NYK,1,0.6673362965259986
2026-01-15,2025-26,POR,ATL,1,0.5357281726180352
2026-01-15,2025-26,LAL,CHA,0,0.5368092887815841
2026-01-16,2025-26,BKN,CHI,1,0.48891351353482865
2026-01-16,2025-26,IND,NOP,1,0.6191572566149293
2026-01-16,2025-26,PHI,CLE,0,0.47995206397595647
2026-01-16,2025-26,TOR,LAC,0,0.3786538765142638
2026-01-16,2025-26,HOU,MIN,1,0.4920893514190945
2026-01-16,2025-26,SAC,WAS,1,0.695969950844303
2026-01-17,2025-26,DAL,UTA,1,0.7088493528264799
2026-01-17,2025-26,ATL,BOS,0,0.386216881957052
2026-01-17,2025-26,DET,IND,1,0.8520818126306792
2026-01-17,2025-26,NYK,PHX,0,0.5553096391541553
2026-01-17,2025-26,MIA,OKC,1,0.25357131757089363
2026-01-17,2025-26,SAS,MIN,1,0.6029172081718237
2026-01-17,2025-26,GSW,CHA,1,0.6882170951060784
2026-01-17,2025-26,DEN,WAS,1,0.8935623819123667
2026-01-17,2025-26,POR,LAL,1,0.5727605241605552
2026-01-18,2025-26,CHI,BKN,1,0.6025702793103616
2026-01-18,2025-26,HOU,NOP,1,0.8432244795317967
2026-01-18,2025-26,DEN,CHA,0,0.6474865300725945
2026-01-18,2025-26,SAC,POR,0,0.5035064863305134
2026-01-18,2025-26,LAL,TOR,1,0.48252060827740645
2026-01-19,2025-26,ATL,MIL,0,0.5617657392385897
2026-01-19,2025-26,CLE,OKC,0,0.34055592198310153
2026-01-19,2025-26,NYK,DAL,0,0.7403416478123214
2026-01-19,2025-26,DET,BOS,1,0.5537479294764068
2026-01-19,2025-26,WAS,LAC,0,0.2531424238877622
2026-01-19,2025-26,PHI,IND,1,0.8080111773817032
2026-01-19,2025-26,BKN,PHX,0,0.20277269934981093
2026-01-19,2025-26,SAS,UTA,1,0.9038150698729129
2026-01-19,2025-26,GSW,MIA,1,0.6455257821097201
2026-01-20,2025-26,PHI,PHX,0,0.49673494445823857
2026-01-20,2025-26,CHI,LAC,1,0.5453061256709565
2026-01-20,2025-26,HOU,SAS,1,0.6588635954236115
2026-01-20,2025-26,UTA,MIN,1,0.17207805746048369
2026-01-20,2025-26,DEN,LAL,0,0.5501804458295543
2026-01-20,2025-26,GSW,TOR,0,0.6988926750859694
2026-01-20,2025-26,SAC,MIA,0,0.47842910270025674
2026-01-21,2025-26,CHA,CLE,0,0.5009989061600706
2026-01-21,2025-26,BOS,IND,1,0.8305529654569259
2026-01-21,2025-26,NYK,BKN,1,0.7288882498347503
2026-01-21,2025-26,MEM,ATL,0,0.6010457758771518
2026-01-21,2025-26,NOP,DET,0,0.20606250836583032
2026-01-21,2025-26,MIL,OKC,0,0.1972237368197394
2026-01-21,2025-26,SAC,TOR,0,0.46516878252417876
2026-01-22,2025-26,ORL,CHA,0,0.5985211202653168
2026-01-22,2025-26,PHI,HOU,1,0.3994719603980272
2026-01-22,2025-26,WAS,DEN,0,0.2907569965511479
2026-01-22,2025-26,DAL,GSW,1,0.34126966481849386
2026-01-22,2025-26,MIN,CHI,0,0.7087361952748286
2026-01-22,2025-26,UTA,SAS,0,0.21557044232446318
2026-01-22,2025-26,LAC,LAL,1,0.4806943650233429
2026-01-22,2025-26,POR,MIA,1,0.5302362342964461
2026-01-23,2025-26,DET,HOU,0,0.6709789370460769
2026-01-23,2025-26,ATL,PHX,1,0.38924998083783335
2026-01-23,2025-26,BKN,BOS,0,0.2191627173341446
2026-01-23,2025-26,CLE,SAC,1,0.8050693953520089
2026-01-23,2025-26,MEM,NOP,0,0.7015733252456182
2026-01-23,2025-26,MIL,DEN,0,0.5007790595642325
2026-01-23,2025-26,OKC,IND,0,0.9120192203683349
2026-01-23,2025-26,POR,TOR,0,0.5724344359219535
2026-01-24,2025-26,PHI,NYK,0,0.5513734035207313
2026-01-24,2025-26,CHA,WAS,1,0.8158454832366399
2026-01-24,2025-26,ORL,CLE,0,0.45656752348520235
2026-01-24,2025-26,CHI,BOS,1,0.5111567358662054
2026-01-24,2025-26,DAL,LAL,0,0.417053556961095
2026-01-24,2025-26,UTA,MIA,0,0.31479694770334243
2026-01-25,2025-26,MIN,GSW,0,0.5831716227209801
2026-01-25,2025-26,DET,SAC,1,0.8272968350799763
2026-01-25,2025-26,OKC,TOR,0,0.7962295142874745
2026-01-25,2025-26,SAS,NOP,0,0.7990639012227494
2026-01-25,2025-26,PHX,MIA,0,0.7168096019600455
2026-01-25,2025-26,LAC,BKN,1,0.7798516692130684
2026-01-26,2025-26,CHA,PHI,1,0.5534285576663464
2026-01-26,2025-26,CLE,ORL,1,0.711982415982683
2026-01-26,2025-26,ATL,IND,1,0.6584697560563831
2026-01-26,2025-26,BOS,POR,1,0.69600340577325
2026-01-26,2025-26,CHI,LAL,0,0.5030089370297947
2026-01-26,2025-26,HOU,MEM,1,0.7561836001624758
2026-01-26,2025-26,MIN,GSW,1,0.5544016257424352
2026-01-27,2025-26,WAS,POR,1,0.3143750573672468
2026-01-27,2025-26,NYK,SAC,1,0.7979586530202709
2026-01-27,2025-26,PHI,MIL,1,0.5455357419830112
2026-01-27,2025-26,OKC,NOP,1,0.8854768571042009
2026-01-27,2025-26,DEN,DET,0,0.4084661687603268
2026-01-27,2025-26,PHX,BKN,1,0.7624892206645765
2026-01-27,2025-26,UTA,LAC,0,0.23779558883033322
2026-01-28,2025-26,CLE,LAL,1,0.6037948496439386
2026-01-28,2025-26,IND,CHI,1,0.41841525770169374
2026-01-28,2025-26,BOS,ATL,0,0.7150504275336299
2026-01-28,2025-26,MIA,ORL,0,0.6874814998292522
2026-01-28,2025-26,TOR,NYK,0,0.6085528376455206
2026-01-28,2025-26,MEM,CHA,0,0.41046906622487983
2026-01-28,2025-26,DAL,MIN,0,0.3511143041210307
2026-01-28,2025-26,UTA,GSW,0,0.29048878629618613
2026-01-28,2025-26,HOU,SAS,0,0.5886145442984663
2026-01-29,2025-26,CHI,MIA,0,0.5327132597272449
2026-01-29,2025-26,PHI,SAC,1,0.7612125896009821
2026-01-29,2025-26,WAS,MIL,1,0.4064060443539024
2026-01-29,2025-26,ATL,HOU,0,0.46349148440629545
2026-01-29,2025-26,DAL,CHA,0,0.42091580391639855
2026-01-29,2025-26,DEN,BKN,1,0.7207236477822604
2026-01-29,2025-26,PHX,DET,1,0.42773688057913706
2026-01-29,2025-26,MIN,OKC,1,0.32739618307789586
2026-01-30,2025-26,ORL,TOR,1,0.5127991583191429
2026-01-30,2025-26,WAS,LAL,0,0.24168382118352222
2026-01-30,2025-26,BOS,SAC,1,0.8770059207925324
2026-01-30,2025-26,NYK,POR,1,0.6542089069638518
2026-01-30,2025-26,NOP,MEM,1,0.529432814716189
2026-01-30,2025-26,PHX,CLE,1,0.3948709561307797
2026-01-30,2025-26,UTA,BKN,0,0.6599842717668621
2026-01-30,2025-26,DEN,LAC,1,0.4326617058760537
2026-01-30,2025-26,GSW,DET,0,0.6285781294180525
2026-01-31,2025-26,MIA,CHI,0,0.6149000808817734
2026-01-31,2025-26,CHA,SAS,1,0.5137408989617741
2026-01-31,2025-26,IND,ATL,1,0.42907783108569025
2026-01-31,2025-26,PHI,NOP,1,0.7635743880999214
2026-01-31,2025-26,MEM,MIN,0,0.2744998874936588
2026-01-31,2025-26,HOU,DAL,1,0.777215739922321
2026-02-01,2025-26,BOS,MIL,1,0.8293331454321062
2026-02-01,2025-26,SAS,ORL,1,0.6592502901557235
2026-02-01,2025-26,DET,BKN,1,0.8612017878612411
2026-02-01,2025-26,MIA,CHI,1,0.6201800527961092
2026-02-01,2025-26,TOR,UTA,1,0.8378502676502816
2026-02-01,2025-26,WAS,SAC,1,0.4032548720129027
2026-02-01,2025-26,NYK,LAL,1,0.6535628438770974
2026-02-01,2025-26,PHX,LAC,0,0.5668799607990217
2026-02-01,2025-26,POR,CLE,0,0.40098560655261734
2026-02-01,2025-26,DEN,OKC,0,0.319313796598912
2026-02-02,2025-26,CHA,NOP,1,0.7673343152007244
2026-02-02,2025-26,IND,HOU,0,0.285288400331509
2026-02-02,2025-26,MEM,MIN,1,0.28489154686513324
2026-02-02,2025-26,LAC,PHI,0,0.565927152534766
2026-02-03,2025-26,DET,DEN,1,0.6641410224686924
2026-02-03,2025-26,IND,UTA,0,0.5673363382206482
2026-02-03,2025-26,WAS,NYK,0,0.1870836028473252
2026-02-03,2025-26,BKN,LAL,0,0.2548815661095709
2026-02-03,2025-26,MIA,ATL,0,0.6107635231747296
2026-02-03,2025-26,DAL,BOS,0,0.32651851065960663
2026-02-03,2025-26,MIL,CHI,1,0.4902024229370816
2026-02-03,2025-26,OKC,ORL,1,0.8332584584873007
2026-02-03,2025-26,GSW,PHI,0,0.7285863128223401
2026-02-03,2025-26,POR,PHX,0,0.40861829320919946
2026-02-04,2025-26,NYK,DEN,1,0.6409718756563021
2026-02-04,2025-26,TOR,MIN,0,0.4217112118326287
2026-02-04,2025-26,HOU,BOS,0,0.5918656015710608
2026-02-04,2025-26,MIL,NOP,1,0.46929927117070486
2026-02-04,2025-26,SAS,OKC,1,0.4514087419084676
2026-02-04,2025-26,SAC,MEM,0,0.4502796480962481
2026-02-04,2025-26,LAC,CLE,0,0.43640219123465934
2026-02-05,2025-26,DET,WAS,0,0.9051673377319049
2026-02-05,2025-26,ORL,BKN,1,0.6917703205972062
2026-02-05,2025-26,ATL,UTA,1,0.7486267832023887
2026-02-05,2025-26,TOR,CHI,1,0.6717412238638284
2026-02-05,2025-26,HOU,CHA,0,0.49513905343919634
2026-02-05,2025-26,DAL,SAS,0,0.3958027691743128
2026-02-05,2025-26,PHX,GSW,0,0.5722873705811753
2026-02-05,2025-26,LAL,PHI,1,0.5856230630176453
2026-02-06,2025-26,BOS,MIA,1,0.7561656261097502
2026-02-06,2025-26,DET,NYK,1,0.514210053169529
2026-02-06,2025-26,MIL,IND,1,0.6983235131937743
2026-02-06,2025-26,MIN,NOP,0,0.7785933075831605
2026-02-06,2025-26,POR,MEM,1,0.5825397466545763
2026-02-06,2025-26,SAC,LAC,0,0.3370379084621691
2026-02-07,2025-26,BKN,WAS,1,0.6184103220142121
2026-02-07,2025-26,OKC,HOU,0,0.7153224170831975
2026-02-07,2025-26,SAS,DAL,1,0.7572314257798689
2026-02-07,2025-26,ORL,UTA,1,0.7210227824934641
2026-02-07,2025-26,ATL,CHA,0,0.38290754202350713
2026-02-07,2025-26,CHI,DEN,0,0.32436864366152335
2026-02-07,2025-26,LAL,GSW,1,0.5690336767751212
2026-02-07,2025-26,PHX,PHI,0,0.5267177179185285
2026-02-07,2025-26,POR,MEM,1,0.7309042416993631
2026-02-07,2025-26,SAC,CLE,0,0.17634682540010022
2026-02-08,2025-26,BOS,NYK,0,0.6846009950564035
2026-02-08,2025-26,WAS,MIA,0,0.21847664057093347
2026-02-08,2025-26,TOR,IND,1,0.6856683412055997
2026-02-08,2025-26,MIN,LAC,0,0.6264726881942779
2026-02-09,2025-26,CHA,DET,0,0.49191103090584093
2026-02-09,2025-26,BKN,CHI,1,0.5334236278103082
2026-02-09,2025-26,MIA,UTA,0,0.7168975335627458
2026-02-09,2025-26,ORL,MIL,1,0.6052288000177387
2026-02-09,2025-26,MIN,ATL,1,0.5856827164944506
2026-02-09,2025-26,NOP,SAC,1,0.6685110556370456
2026-02-09,2025-26,DEN,CLE,0,0.5045689597772001
2026-02-09,2025-26,GSW,MEM,1,0.7907094418422547
2026-02-09,2025-26,LAL,OKC,0,0.41015712403866883
2026-02-09,2025-26,POR,PHI,1,0.41652606792118724
2026-02-10,2025-26,NYK,IND,0,0.7868661424126828
2026-02-10,2025-26,HOU,LAC,1,0.6417196641026017
2026-02-10,2025-26,PHX,DAL,1,0.7708436824857743
2026-02-10,2025-26,LAL,SAS,0,0.4521812249568929
2026-02-11,2025-26,CHA,ATL,1,0.780261861744551
2026-02-11,2025-26,CLE,WAS,1,0.9058266548870552
2026-02-11,2025-26,ORL,MIL,0,0.7012918262571628
2026-02-11,2025-26,BOS,CHI,1,0.8300974202861873
2026-02-11,2025-26,BKN,IND,0,0.46556142253782373
2026-02-11,2025-26,PHI,NYK,0,0.5159255154493222
2026-02-11,2025-26,TOR,DET,0,0.35087164774203644
2026-02-11,2025-26,HOU,LAC,0,0.7107846637841863
2026-02-11,2025-26,MIN,POR,1,0.5941461005941566
2026-02-11,2025-26,NOP,MIA,0,0.43862203693039237
2026-02-11,2025-26,PHX,OKC,0,0.3597118205516126
2026-02-11,2025-26,UTA,SAC,1,0.6722699040918277
2026-02-11,2025-26,DEN,MEM,1,0.7819966011703556
2026-02-11,2025-26,GSW,SAS,0,0.5292233965683949
2026-02-12,2025-26,OKC,MIL,0,0.8532680719051992
2026-02-12,2025-26,UTA,POR,0,0.45001687508011184
2026-02-12,2025-26,LAL,DAL,1,0.6260178485326735
2026-02-19,2025-26,CHA,HOU,0,0.5868176933127582
2026-02-19,2025-26,CLE,BKN,1,0.903503457150607
2026-02-19,2025-26,PHI,ATL,0,0.5518877568686139
2026-02-19,2025-26,WAS,IND,1,0.5263937204404373
2026-02-19,2025-26,NYK,DET,0,0.5132693213481643
2026-02-19,2025-26,CHI,TOR,0,0.33061306918770644
2026-02-19,2025-26,SAS,PHX,1,0.7275022899917432
2026-02-19,2025-26,GSW,BOS,0,0.45422532188582343
2026-02-19,2025-26,SAC,ORL,0,0.2507559825472049
2026-02-19,2025-26,LAC,DEN,1,0.49753353002412215
2026-02-20,2025-26,CHA,CLE,0,0.49471323360201486
2026-02-20,2025-26,WAS,IND,1,0.480876812174852
2026-02-20,2025-26,MEM,UTA,1,0.7057623223121562
2026-02-20,2025-26,ATL,MIA,0,0.4452250675980814
2026-02-20,2025-26,MIN,DAL,1,0.7661538983620887
2026-02-20,2025-26,NOP,MIL,0,0.5643334600663217
2026-02-20,2025-26,OKC,BKN,1,0.9186293627397425
2026-02-20,2025-26,LAL,LAC,1,0.6403905727964624
2026-02-20,2025-26,POR,DEN,0,0.5210300910425054
2026-02-21,2025-26,PHX,ORL,1,0.5810543025394094
2026-02-21,2025-26,NOP,PHI,1,0.38544250302321525
2026-02-21,2025-26,MIA,MEM,1,0.770614784591123
2026-02-21,2025-26,CHI,DET,0,0.17985140141127706
2026-02-21,2025-26,SAS,SAC,1,0.9189598058226122
2026-02-21,2025-26,NYK,HOU,1,0.5885461790300404
2026-02-22,2025-26,OKC,CLE,1,0.5435229125806839
2026-02-22,2025-26,ATL,BKN,1,0.7149288574080461
2026-02-22,2025-26,MIL,TOR,0,0.4442621560111084
2026-02-22,2025-26,GSW,DEN,1,0.44387856924953295
2026-02-22,2025-26,IND,DAL,0,0.4300547289865002
2026-02-22,2025-26,WAS,CHA,0,0.25160372283907806
2026-02-22,2025-26,LAL,BOS,0,0.4848855182726745
2026-02-22,2025-26,MIN,PHI,0,0.7722485918790388
2026-02-22,2025-26,CHI,NYK,0,0.2645801912553307
2026-02-22,2025-26,PHX,POR,0,0.5805857025187272
2026-02-22,2025-26,LAC,ORL,0,0.7435750139251243
2026-02-23,2025-26,DET,SAS,0,0.6065082438724249
2026-02-23,2025-26,MEM,SAC,0,0.7248325695051323
2026-02-23,2025-26,HOU,UTA,1,0.8565045387985135
2026-02-24,2025-26,IND,PHI,0,0.39476694395910045
2026-02-24,2025-26,ATL,WAS,1,0.7495831332550562
2026-02-24,2025-26,BKN,DAL,0,0.4626070380446584
2026-02-24,2025-26,TOR,OKC,0,0.35861858954018117
2026-02-24,2025-26,CLE,NYK,1,0.5832206713961365
2026-02-24,2025-26,CHI,CHA,0,0.27517789702609446
2026-02-24,2025-26,MIL,MIA,1,0.40736005441279766
2026-02-24,2025-26,NOP,GSW,1,0.4019010196040394
2026-02-24,2025-26,PHX,BOS,0,0.29222835302405287
2026-02-24,2025-26,LAL,ORL,0,0.6417456290939088
2026-02-24,2025-26,POR,MIN,0,0.520368912886159
2026-02-25,2025-26,DET,OKC,1,0.6230379635643764
2026-02-25,2025-26,TOR,SAS,0,0.3359634489807988
2026-02-25,2025-26,MEM,GSW,0,0.38460708830433527
2026-02-25,2025-26,HOU,SAC,1,0.8874177228818564
2026-02-25,2025-26,MIL,CLE,1,0.34074567805518924
2026-02-25,2025-26,DEN,BOS,1,0.5961377223998365
2026-02-26,2025-26,IND,CHA,0,0.1976107162231891
2026-02-26,2025-26,PHI,MIA,1,0.49741235634680636
2026-02-26,2025-26,ATL,WAS,1,0.7717070342864927
2026-02-26,2025-26,BKN,SAS,0,0.212754580516264
2026-02-26,2025-26,ORL,HOU,0,0.4862251640120139
2026-02-26,2025-26,CHI,POR,0,0.366372466627967
2026-02-26,2025-26,DAL,SAC,0,0.7987929300342311
2026-02-26,2025-26,PHX,LAL,1,0.39771750845859816
2026-02-26,2025-26,UTA,NOP,0,0.4498088452782007
2026-02-26,2025-26,LAC,MIN,0,0.6010702536800534
2026-02-27,2025-26,DET,CLE,1,0.6405343996209402
2026-02-27,2025-26,BOS,BKN,1,0.9107250280103952
2026-02-27,2025-26,MIL,NYK,0,0.3840720130065645
2026-02-27,2025-26,DAL,MEM,0,0.5829196194747261
2026-02-27,2025-26,OKC,DEN,1,0.5768907905582606
2026-02-28,2025-26,CHA,POR,1,0.7430443621648385
2026-02-28,2025-26,MIA,HOU,1,0.43949731489624844
2026-02-28,2025-26,WAS,TOR,0,0.18819956313940947
2026-02-28,2025-26,GSW,LAL,0,0.5365556350770223
2026-02-28,2025-26,UTA,NOP,0,0.35138362375841914
2026-03-01,2025-26,NYK,SAS,1,0.4850857612781612
2026-03-01,2025-26,BKN,CLE,0,0.18085937375408306
2026-03-01,2025-26,CHI,MIL,1,0.3929625567881829
2026-03-01,2025-26,DEN,MIN,0,0.6691540954475117
2026-03-01,2025-26,IND,MEM,0,0.5310123138085892
2026-03-01,2025-26,ATL,POR,1,0.6505881966637044
2026-03-01,2025-26,BOS,PHI,1,0.6715475176238692
2026-03-01,2025-26,ORL,DET,0,0.33923776664153227
2026-03-01,2025-26,DAL,OKC,0,0.1367546010551443
2026-03-01,2025-26,LAC,NOP,1,0.7561599531809134
2026-03-01,2025-26,LAL,SAC,1,0.830499575764016
2026-03-02,2025-26,WAS,HOU,0,0.16331611120543232
2026-03-02,2025-26,MIL,BOS,0,0.273005753106342
2026-03-02,2025-26,UTA,DEN,0,0.2159418157961031
2026-03-02,2025-26,GSW,LAC,0,0.5866687755481009
2026-03-03,2025-26,CHA,DAL,1,0.8336191114655037
2026-03-03,2025-26,CLE,DET,1,0.4662529300399286
2026-03-03,2025-26,ORL,WAS,1,0.8333023775472781
2026-03-03,2025-26,MIA,BKN,1,0.7772834590543665
2026-03-03,2025-26,TOR,NYK,0,0.45299314960128756
2026-03-03,2025-26,PHI,SAS,0,0.3713998863408111
2026-03-03,2025-26,CHI,OKC,0,0.15770137935088016
2026-03-03,2025-26,MIN,MEM,1,0.7963537209101622
2026-03-03,2025-26,LAL,NOP,1,0.7454166187651359
2026-03-03,2025-26,SAC,PHX,0,0.276061653829275
2026-03-04,2025-26,NYK,OKC,0,0.5602662614868631
2026-03-04,2025-26,BOS,CHA,0,0.7379351178486971
2026-03-04,2025-26,PHI,UTA,1,0.7082657460616198
2026-03-04,2025-26,MEM,POR,0,0.4126823305846408
2026-03-04,2025-26,MIL,ATL,0,0.46405401369401006
2026-03-04,2025-26,LAC,IND,1,0.8600484348997286
2026-03-05,2025-26,ORL,DAL,1,0.7122622784951576
2026-03-05,2025-26,WAS,UTA,0,0.6432295202659098
2026-03-05,2025-26,MIA,BKN,1,0.8126230540221111
2026-03-05,2025-26,HOU,GSW,0,0.6946402161930355
2026-03-05,2025-26,MIN,TOR,1,0.5872967446317826
2026-03-05,2025-26,SAS,DET,1,0.5176614722619597
2026-03-05,2025-26,PHX,CHI,0,0.7255029973762883
2026-03-05,2025-26,DEN,LAL,1,0.5619070378708525
2026-03-05,2025-26,SAC,NOP,0,0.306859380084012
2026-03-06,2025-26,BOS,DAL,1,0.8655191528408834
2026-03-06,2025-26,CHA,MIA,0,0.7351878621760444
2026-03-06,2025-26,HOU,POR,1,0.6768323639685773
2026-03-06,2025-26,DEN,NYK,0,0.40560376298575695
2026-03-06,2025-26,PHX,NOP,1,0.69934640870934
2026-03-06,2025-26,SAS,LAC,1,0.6461035697405267
2026-03-06,2025-26,LAL,IND,1,0.794942566969525
2026-03-07,2025-26,MIN,ORL,0,0.6206085014375877
2026-03-07,2025-26,DET,BKN,0,0.8982538749780068
2026-03-07,2025-26,ATL,PHI,1,0.6931862481380054
2026-03-07,2025-26,MEM,LAC,0,0.3112549396593903
2026-03-07,2025-26,MIL,UTA,1,0.7178931447911154
2026-03-07,2025-26,OKC,GSW,1,0.8084464396844276
2026-03-08,2025-26,CLE,BOS,0,0.54993545796531
2026-03-08,2025-26,LAL,NYK,1,0.40865547295194415
2026-03-08,2025-26,MIA,DET,1,0.5016750139008538
2026-03-08,2025-26,TOR,DAL,1,0.7433904956806697
2026-03-08,2025-26,NOP,WAS,1,0.7593232598688983
2026-03-08,2025-26,MIL,ORL,0,0.46848457145081085
2026-03-08,2025-26,SAS,HOU,1,0.66258042353855
2026-03-08,2025-26,PHX,CHA,1,0.3493694273862717
2026-03-08,2025-26,POR,IND,1,0.6956570739523434
2026-03-08,2025-26,SAC,CHI,1,0.36136804321456745
2026-03-09,2025-26,CLE,PHI,1,0.7357093004210097
2026-03-09,2025-26,BKN,MEM,1,0.5053688409449126
2026-03-09,2025-26,OKC,DEN,1,0.7022551711211059
2026-03-09,2025-26,UTA,GSW,1,0.27661051168411405
2026-03-09,2025-26,LAC,NYK,1,0.48557172564320833
2026-03-10,2025-26,PHI,MEM,1,0.6649447278040892
2026-03-10,2025-26,BKN,DET,0,0.12264967096765061
2026-03-10,2025-26,MIA,WAS,1,0.8920012340487742
2026-03-10,2025-26,ATL,DAL,1,0.7539815940076148
2026-03-10,2025-26,HOU,TOR,1,0.5905371233624143
2026-03-10,2025-26,MIL,PHX,0,0.32605141145233596
2026-03-10,2025-26,SAS,BOS,1,0.552727221204802
2026-03-10,2025-26,GSW,CHI,0,0.6298409849200483
2026-03-10,2025-26,POR,CHA,0,0.33023055394118955
2026-03-10,2025-26,SAC,IND,1,0.47766038692805957
2026-03-10,2025-26,LAL,MIN,1,0.6479566274058218
2026-03-11,2025-26,ORL,CLE,1,0.4680643474391869
2026-03-11,2025-26,NOP,TOR,1,0.5152246808956521
2026-03-11,2025-26,UTA,NYK,0,0.14317259856016853
2026-03-11,2025-26,DEN,HOU,1,0.6585087243749866
2026-03-11,2025-26,SAC,CHA,0,0.1663436074341895
2026-03-11,2025-26,LAC,MIN,1,0.7280483776131533
2026-03-12,2025-26,DET,PHI,1,0.7897236790142226
2026-03-12,2025-26,IND,PHX,0,0.19956939303764962
2026-03-12,2025-26,ORL,WAS,1,0.8711016838426152
2026-03-12,2025-26,ATL,BKN,1,0.8093839360958301
2026-03-12,2025-26,MIA,MIL,1,0.7571117789302536
2026-03-12,2025-26,SAS,DEN,0,0.7476091564523503
2026-03-12,2025-26,OKC,BOS,1,0.6533995034850226
2026-03-12,2025-26,LAL,CHI,1,0.792578525948832
2026-03-12,2025-26,MEM,DAL,0,0.516284062888301
2026-03-13,2025-26,DET,MEM,1,0.9072361695417258
2026-03-13,2025-26,IND,NYK,0,0.09636846042837194
2026-03-13,2025-26,TOR,PHX,1,0.6390022187596744
2026-03-13,2025-26,HOU,NOP,1,0.6776639688901914
2026-03-13,2025-26,DAL,CLE,0,0.19273277540619005
2026-03-13,2025-26,GSW,MIN,0,0.4735753277478601
2026-03-13,2025-26,POR,UTA,1,0.8035896274313634
2026-03-13,2025-26,LAC,CHI,1,0.8548398565714646
2026-03-14,2025-26,PHI,BKN,1,0.7051008413264865
2026-03-14,2025-26,ATL,MIL,1,0.66747157664557
2026-03-14,2025-26,BOS,WAS,1,0.9060398894895159
2026-03-14,2025-26,MIA,ORL,0,0.5962435665994065
2026-03-14,2025-26,SAS,CHA,1,0.5836641762963878
2026-03-14,2025-26,LAL,DEN,1,0.5285152725596299
2026-03-14,2025-26,LAC,SAC,0,0.8784418046534413
2026-03-15,2025-26,OKC,MIN,1,0.7875217984216067
2026-03-15,2025-26,CLE,DAL,0,0.8482503313500124
2026-03-15,2025-26,TOR,DET,1,0.42129604345850236
2026-03-15,2025-26,MIL,IND,1,0.5789905074965399
2026-03-15,2025-26,PHI,POR,1,0.4485206129307368
2026-03-15,2025-26,NYK,GSW,1,0.7630117787394686
2026-03-15,2025-26,SAC,UTA,1,0.5202558644674408
2026-03-16,2025-26,ATL,ORL,1,0.5063842873818427
2026-03-16,2025-26,WAS,GSW,0,0.3974906872026233
2026-03-16,2025-26,BKN,POR,0,0.4163459190555704
2026-03-16,2025-26,BOS,PHX,1,0.6894198262539505
2026-03-16,2025-26,CHI,MEM,1,0.5761847036852819
2026-03-16,2025-26,NOP,DAL,1,0.7334486178957199
2026-03-16,2025-26,HOU,LAL,0,0.46435207158538133
2026-03-16,2025-26,LAC,SAS,0,0.3871987011070137
2026-03-17,2025-26,CHA,MIA,1,0.6051669893092176
2026-03-17,2025-26,ORL,OKC,0,0.2564818963455323
2026-03-17,2025-26,WAS,DET,0,0.08867407245383264
2026-03-17,2025-26,NYK,IND,1,0.9205349378503669
2026-03-17,2025-26,MIL,CLE,0,0.2997910177942849
2026-03-17,2025-26,MIN,PHX,1,0.6078040512119726
2026-03-17,2025-26,DEN,PHI,1,0.7998243815073792
2026-03-17,2025-26,SAC,SAS,0,0.19241785698833258
2026-03-18,2025-26,MEM,DEN,1,0.22136056658159087
2026-03-18,2025-26,BOS,GSW,1,0.8018634083255066
2026-03-18,2025-26,BKN,OKC,0,0.11308945416848422
2026-03-18,2025-26,IND,POR,0,0.24862240635005053
2026-03-18,2025-26,CHI,TOR,0,0.3292042932533898
2026-03-18,2025-26,MIN,UTA,1,0.8024465200734776
2026-03-18,2025-26,NOP,LAC,1,0.4426376557898278
2026-03-18,2025-26,DAL,ATL,0,0.27850570579414224
2026-03-18,2025-26,HOU,LAL,0,0.43851461969064204
2026-03-19,2025-26,CHA,ORL,1,0.6595194419120078
2026-03-19,2025-26,WAS,DET,0,0.11068698006864629
2026-03-19,2025-26,MIA,LAL,0,0.5302286958430061
2026-03-19,2025-26,CHI,CLE,0,0.21324658399184732
2026-03-19,2025-26,NOP,LAC,1,0.4863210850211082
2026-03-19,2025-26,SAS,PHX,1,0.7648838820708421
2026-03-19,2025-26,UTA,MIL,1,0.34571850731298537
2026-03-19,2025-26,SAC,PHI,0,0.40647044861833065
2026-03-20,2025-26,BKN,NYK,0,0.13705045659084195
2026-03-20,2025-26,DET,GSW,1,0.7692081618068908
2026-03-20,2025-26,HOU,ATL,1,0.5497385330101369
2026-03-20,2025-26,MEM,BOS,0,0.17181127032265664
2026-03-20,2025-26,MIN,POR,0,0.62372997655527
2026-03-20,2025-26,DEN,TOR,1,0.6482246087713394
2026-03-21,2025-26,WAS,OKC,0,0.07414615013178753
2026-03-21,2025-26,CHA,MEM,1,0.9028532816019246
2026-03-21,2025-26,ORL,LAL,0,0.37258669706923114
2026-03-21,2025-26,NOP,CLE,0,0.40000707988288187
2026-03-21,2025-26,ATL,GSW,1,0.7035809885846381
2026-03-21,2025-26,HOU,MIA,1,0.5007291056265367
2026-03-21,2025-26,SAS,IND,1,0.9386905591204998
2026-03-21,2025-26,DAL,LAC,0,0.37834435614374373
2026-03-21,2025-26,UTA,PHI,0,0.4476445685489566
2026-03-21,2025-26,PHX,MIL,0,0.7546952091096505
2026-03-22,2025-26,DEN,POR,1,0.6960822112861876
2026-03-22,2025-26,SAC,BKN,1,0.5993261202766537
2026-03-22,2025-26,NYK,WAS,1,0.9480989809375344
2026-03-22,2025-26,BOS,MIN,0,0.7343846733742846
2026-03-22,2025-26,PHX,TOR,1,0.39226562754088046
2026-03-23,2025-26,ATL,MEM,1,0.8198033659261907
2026-03-23,2025-26,DET,LAL,1,0.5840569423758637
2026-03-23,2025-26,ORL,IND,0,0.8136062154634329
2026-03-23,2025-26,PHI,OKC,0,0.18020573314149677
2026-03-23,2025-26,MIA,SAS,0,0.3419475281143433
2026-03-23,2025-26,CHI,HOU,1,0.2858236080491165
2026-03-23,2025-26,UTA,TOR,0,0.3544081947126593
2026-03-23,2025-26,DAL,GSW,0,0.48417662302480574
2026-03-23,2025-26,POR,BKN,1,0.8331746935165562
2026-03-23,2025-26,LAC,MIL,1,0.7883368459185573
2026-03-24,2025-26,CHA,SAC,1,0.9051729049182347
2026-03-24,2025-26,NYK,NOP,1,0.7557911056351833
2026-03-24,2025-26,CLE,ORL,1,0.7818786327481095
2026-03-24,2025-26,PHX,DEN,0,0.43350024924921465
2026-03-25,2025-26,DET,ATL,0,0.7295760962619489
2026-03-25,2025-26,IND,LAL,0,0.21899251265530972
2026-03-25,2025-26,PHI,CHI,1,0.5432430529636805
2026-03-25,2025-26,BOS,OKC,1,0.454999209648683
2026-03-25,2025-26,CLE,MIA,0,0.6153034589920167
2026-03-25,2025-26,MEM,SAS,0,0.10763434506691859
2026-03-25,2025-26,UTA,WAS,0,0.6790869073409376
2026-03-25,2025-26,MIN,HOU,1,0.5488398211898583
2026-03-25,2025-26,DEN,DAL,1,0.8234182770100171
2026-03-25,2025-26,GSW,BKN,1,0.798712917463223
2026-03-25,2025-26,POR,MIL,1,0.7597222393276877
2026-03-25,2025-26,LAC,TOR,1,0.636630921751298
2026-03-26,2025-26,CHA,NYK,1,0.5145821036478406
2026-03-26,2025-26,DET,NOP,1,0.7547570975384541
2026-03-26,2025-26,ORL,SAC,1,0.8189551810874933
2026-03-27,2025-26,IND,LAC,0,0.22701909154978164
2026-03-27,2025-26,BOS,ATL,1,0.6692189401272755
2026-03-27,2025-26,CLE,MIA,1,0.5653272946093486
2026-03-27,2025-26,MEM,HOU,0,0.18891537266704747
2026-03-27,2025-26,OKC,CHI,1,0.8977642202789686
2026-03-27,2025-26,TOR,NOP,1,0.6754633394876055
2026-03-27,2025-26,DEN,UTA,1,0.895225357788553
2026-03-27,2025-26,GSW,WAS,1,0.7668037852735732
2026-03-27,2025-26,POR,DAL,0,0.730803331654712
2026-03-27,2025-26,LAL,BKN,1,0.8941976055778189
2026-03-28,2025-26,MIL,SAS,0,0.13261733283611815
2026-03-28,2025-26,CHA,PHI,0,0.7823731960875225
2026-03-28,2025-26,ATL,SAC,1,0.8331925161106013
2026-03-28,2025-26,MEM,CHI,1,0.42079679991881697
2026-03-28,2025-26,MIN,DET,0,0.46077019231105937
2026-03-28,2025-26,PHX,UTA,1,0.8900923565130107
2026-03-29,2025-26,MIL,LAC,0,0.1843353629020179
2026-03-29,2025-26,IND,MIA,1,0.27825433472223476
2026-03-29,2025-26,BKN,SAC,1,0.6179396433352172
2026-03-29,2025-26,CHA,BOS,0,0.45983578980485645
2026-03-29,2025-26,TOR,ORL,1,0.5502245892101426
2026-03-29,2025-26,POR,WAS,1,0.8238626594089737
2026-03-29,2025-26,NOP,HOU,0,0.40341098772371986
2026-03-29,2025-26,OKC,NYK,1,0.630722190315196
2026-03-29,2025-26,DEN,GSW,1,0.7840184757484472
2026-03-30,2025-26,MIA,PHI,1,0.47344315038901325
2026-03-30,2025-26,ATL,BOS,1,0.49288974173837824
2026-03-30,2025-26,MEM,PHX,0,0.2281102605751813
2026-03-30,2025-26,SAS,CHI,1,0.8836471209128343
2026-03-30,2025-26,DAL,MIN,0,0.30267658704429323
2026-03-30,2025-26,UTA,CLE,0,0.1499757014984938
2026-03-30,2025-26,OKC,DET,1,0.5784291625341902
2026-03-30,2025-26,LAL,WAS,1,0.9385569517797627
2026-03-31,2025-26,MIL,DAL,1,0.5780988787126764
2026-03-31,2025-26,ORL,PHX,1,0.542918311736973
2026-03-31,2025-26,BKN,CHA,0,0.14950819362986656
2026-03-31,2025-26,DET,TOR,1,0.6835395348526797
2026-03-31,2025-26,HOU,NYK,1,0.45295206412678213
2026-03-31,2025-26,LAL,CLE,1,0.5818762778465741
2026-03-31,2025-26,LAC,POR,0,0.6558144710976164
2026-04-01,2025-26,MEM,NYK,0,0.2096102174494589
2026-04-01,2025-26,WAS,PHI,0,0.19932208317174405
2026-04-01,2025-26,MIA,BOS,0,0.3968379749846491
2026-04-01,2025-26,ORL,ATL,0,0.35784592468279974
2026-04-01,2025-26,TOR,SAC,0,0.8676251166249723
2026-04-01,2025-26,CHI,IND,0,0.548814706261761
2026-04-01,2025-26,HOU,MIL,1,0.8583767807612318
2026-04-01,2025-26,UTA,DEN,0,0.1407327334679614
2026-04-01,2025-26,GSW,SAS,0,0.1893521982875757
2026-04-02,2025-26,CHA,PHX,1,0.6684284632043497
2026-04-02,2025-26,DET,MIN,1,0.7372383342831544
2026-04-02,2025-26,OKC,LAL,1,0.6972562100378411
2026-04-02,2025-26,GSW,CLE,0,0.2519237065994675
2026-04-02,2025-26,POR,NOP,1,0.6954101306339869
2026-04-02,2025-26,LAC,SAS,0,0.4576653890040516
2026-04-03,2025-26,CHA,IND,1,0.8480109482097954
2026-04-03,2025-26,PHI,MIN,1,0.5345309109061932
2026-04-03,2025-26,BKN,ATL,0,0.15211322569713265
2026-04-03,2025-26,NYK,CHI,1,0.8584539923479708
2026-04-03,2025-26,HOU,UTA,1,0.8904366009851312
2026-04-03,2025-26,MEM,TOR,0,0.2406394765214315
2026-04-03,2025-26,MIL,BOS,0,0.13250415752581807
2026-04-03,2025-26,DAL,ORL,0,0.3065414392611753
2026-04-03,2025-26,SAC,NOP,1,0.4157759235974162
2026-04-04,2025-26,MIA,WAS,1,0.8702793301761663
2026-04-04,2025-26,DEN,SAS,1,0.4266394898997858
2026-04-04,2025-26,PHI,DET,0,0.33757351050434287
2026-04-05,2025-26,BOS,TOR,1,0.7382852865372126
2026-04-05,2025-26,BKN,WAS,1,0.6801432449700039
2026-04-05,2025-26,CHI,PHX,0,0.2930944489465389
2026-04-05,2025-26,MIL,MEM,1,0.6880859871763835
2026-04-05,2025-26,CLE,IND,1,0.8625144906434937
2026-04-05,2025-26,MIN,CHA,0,0.3675035042136791
2026-04-05,2025-26,NOP,ORL,0,0.46095401017924786
2026-04-05,2025-26,OKC,UTA,1,0.9558975584452702
2026-04-05,2025-26,DAL,LAL,1,0.19977628246887244
2026-04-05,2025-26,SAC,LAC,0,0.2040070905484555
2026-04-05,2025-26,GSW,HOU,0,0.32371961562199697
2026-04-06,2025-26,ATL,NYK,0,0.528331534160951
2026-04-06,2025-26,ORL,DET,1,0.24637732041804158
2026-04-06,2025-26,MEM,CLE,0,0.16513718953425044
2026-04-06,2025-26,SAS,PHI,1,0.8291600216867114
2026-04-06,2025-26,DEN,POR,1,0.66387074327981
2026-04-07,2025-26,WAS,CHI,0,0.40326672936704616
2026-04-07,2025-26,BOS,CHA,1,0.5737413858798158
2026-04-07,2025-26,BKN,MIL,1,0.412072184178228
2026-04-07,2025-26,TOR,MIA,1,0.5453272457958014
2026-04-07,2025-26,IND,MIN,0,0.2609499034034174
2026-04-07,2025-26,NOP,UTA,1,0.7455920230634874
2026-04-07,2025-26,GSW,SAC,1,0.7700105369985909
2026-04-07,2025-26,LAL,OKC,0,0.24996752305155917
2026-04-07,2025-26,LAC,DAL,1,0.8002049406084416
2026-04-07,2025-26,PHX,HOU,0,0.4927392275158452
2026-04-08,2025-26,CLE,ATL,1,0.489762443857578
2026-04-08,2025-26,ORL,MIN,1,0.5818896401494688
2026-04-08,2025-26,DET,MIL,1,0.9204076471321544
2026-04-08,2025-26,SAS,POR,1,0.756935816226686
2026-04-08,2025-26,DEN,MEM,1,0.9244488356333233
2026-04-08,2025-26,LAC,OKC,0,0.34530836018895983
2026-04-08,2025-26,PHX,DAL,1,0.808164656042118
2026-04-09,2025-26,TOR,MIA,1,0.6037690972035284
2026-04-09,2025-26,WAS,CHI,0,0.3191296551851967
2026-04-09,2025-26,BKN,IND,0,0.5147717796701226
2026-04-09,2025-26,NYK,BOS,1,0.465051623398673
2026-04-09,2025-26,HOU,PHI,1,0.6226087726251089
2026-04-09,2025-26,GSW,LAL,0,0.5596705504773688
2026-04-10,2025-26,CHA,DET,0,0.6131623127851384
2026-04-10,2025-26,WAS,MIA,0,0.20867684833288597
2026-04-10,2025-26,ATL,CLE,1,0.5289144556722084
2026-04-10,2025-26,BOS,NOP,1,0.8791058314660173
2026-04-10,2025-26,IND,PHI,0,0.3375796955276649
2026-04-10,2025-26,NYK,TOR,1,0.7191630205108697
2026-04-10,2025-26,CHI,ORL,0,0.3189401828227011
2026-04-10,2025-26,HOU,MIN,0,0.6189868853555912
2026-04-10,2025-26,MIL,BKN,1,0.7560350170645341
2026-04-10,2025-26,SAS,DAL,1,0.9255931446524317
2026-04-10,2025-26,UTA,MEM,1,0.5121937151330729
2026-04-10,2025-26,DEN,OKC,1,0.35713985234070444
2026-04-10,2025-26,POR,LAC,1,0.49846580451893313
2026-04-10,2025-26,SAC,GSW,1,0.47784267972107725
2026-04-10,2025-26,LAL,PHX,1,0.4213947121162969
2026-04-12,2025-26,BOS,ORL,1,0.7432005623018942
2026-04-12,2025-26,CLE,WAS,1,0.9053875715980605
2026-04-12,2025-26,IND,DET,0,0.11771040804514443
2026-04-12,2025-26,MIA,ATL,1,0.41554201391148676
2026-04-12,2025-26,NYK,CHA,0,0.5507181550998136
2026-04-12,2025-26,PHI,MIL,1,0.7400593699843367
2026-04-12,2025-26,TOR,BKN,1,0.909336907415238
2026-04-12,2025-26,DAL,CHI,1,0.5247130921667169
2026-04-12,2025-26,HOU,MEM,1,0.9469982080064608
2026-04-12,2025-26,MIN,NOP,1,0.7501878221892958
2026-04-12,2025-26,OKC,PHX,0,0.6681059481094572
2026-04-12,2025-26,SAS,DEN,0,0.7790095914133867
2026-04-12,2025-26,LAL,UTA,1,0.807033349787863
2026-04-12,2025-26,LAC,GSW,1,0.6890880212403939
2026-04-12,2025-26,POR,SAC,1,0.8523941252274745
