game_id,date,season,home,away,home_win,p_home_raw,p_home
0022400061,2024-10-22,2024-25,BOS,NYK,1,0.49130464,0.49141008
0022400062,2024-10-22,2024-25,LAL,MIN,1,0.44197354,0.44267154
0022400063,2024-10-23,2024-25,DET,IND,0,0.22976087,0.23236912
0022400064,2024-10-23,2024-25,ATL,BKN,1,0.65463257,0.65287596
0022400065,2024-10-23,2024-25,MIA,ORL,0,0.49057513,0.49068952
0022400066,2024-10-23,2024-25,PHI,MIL,0,0.5258106,0.5254979
0022400067,2024-10-23,2024-25,TOR,CLE,0,0.24101049,0.24356623
0022400068,2024-10-23,2024-25,HOU,CHA,0,0.7812391,0.7785875
0022400069,2024-10-23,2024-25,NOP,CHI,1,0.6147371,0.6133932
0022400070,2024-10-23,2024-25,UTA,MEM,0,0.6892116,0.68713754
0022400071,2024-10-23,2024-25,LAC,PHX,0,0.33959392,0.34140646
0022400072,2024-10-23,2024-25,POR,GSW,0,0.23515439,0.2377385
0022400073,2024-10-24,2024-25,WAS,BOS,0,0.3195696,0.32156718
0022400074,2024-10-24,2024-25,DAL,SAS,1,0.7434837,0.74101305
0022400075,2024-10-24,2024-25,DEN,OKC,0,0.61352426,0.6121936
0022400076,2024-10-24,2024-25,SAC,MIN,0,0.68491054,0.6828735
0022400077,2024-10-25,2024-25,ORL,BKN,1,0.6319082,0.6303814
0022400078,2024-10-25,2024-25,TOR,PHI,1,0.41490108,0.4159141
0022400079,2024-10-25,2024-25,ATL,CHA,1,0.58590955,0.58488727
0022400080,2024-10-25,2024-25,CLE,DET,1,0.6329533,0.6314156
0022400081,2024-10-25,2024-25,NYK,IND,1,0.48498467,0.48516682
0022400082,2024-10-25,2024-25,HOU,MEM,1,0.55536747,0.5547009
0022400083,2024-10-25,2024-25,MIL,CHI,0,0.5154489,0.5152616
0022400084,2024-10-25,2024-25,UTA,GSW,0,0.3208238,0.32281026
0022400085,2024-10-25,2024-25,LAL,PHX,1,0.53587407,0.5354402
0022400086,2024-10-25,2024-25,POR,NOP,0,0.41791472,0.41889322
0022400087,2024-10-26,2024-25,DEN,LAC,0,0.54072464,0.54023254
0022400088,2024-10-26,2024-25,CHA,MIA,0,0.48166123,0.4818836
0022400089,2024-10-26,2024-25,DET,BOS,0,0.16681983,0.16955039
0022400090,2024-10-26,2024-25,WAS,CLE,0,0.2853409,0.28761843
0022400091,2024-10-26,2024-25,CHI,OKC,0,0.30901515,0.31110433
0022400092,2024-10-26,2024-25,MEM,ORL,1,0.1840713,0.18680076
0022400093,2024-10-26,2024-25,MIN,TOR,1,0.8521106,0.84941226
0022400094,2024-10-26,2024-25,SAS,HOU,1,0.67414165,0.6722006
0022400095,2024-10-26,2024-25,PHX,DAL,1,0.43081462,0.43164366
0022400096,2024-10-26,2024-25,LAL,SAC,1,0.5387962,0.5383272
0022400097,2024-10-27,2024-25,IND,PHI,0,0.74325633,0.74078697
0022400098,2024-10-27,2024-25,BKN,MIL,1,0.25874394,0.26120126
0022400099,2024-10-27,2024-25,POR,NOP,1,0.14794675,0.15064523
0022400100,2024-10-27,2024-25,OKC,ATL,1,0.52028656,0.52004063
0022400101,2024-10-27,2024-25,GSW,LAC,0,0.76485205,0.7622679
0022400102,2024-10-28,2024-25,ORL,IND,1,0.7878546,0.7851811
0022400103,2024-10-28,2024-25,ATL,WAS,0,0.81243986,0.80971384
0022400104,2024-10-28,2024-25,BOS,MIL,1,0.83373713,0.83100706
0022400105,2024-10-28,2024-25,MIA,DET,1,0.4310558,0.43188208
0022400106,2024-10-28,2024-25,NYK,CLE,0,0.19220144,0.19492124
0022400107,2024-10-28,2024-25,TOR,DEN,0,0.3173863,0.3194032
0022400108,2024-10-28,2024-25,MEM,CHI,0,0.32942176,0.33133012
0022400109,2024-10-28,2024-25,SAS,HOU,0,0.26396978,0.2663947
0022400110,2024-10-28,2024-25,DAL,UTA,1,0.71880203,0.71649414
0022400111,2024-10-28,2024-25,PHX,LAL,1,0.37184393,0.37333137
0022400112,2024-10-28,2024-25,SAC,POR,1,0.8951432,0.8926753
0022400113,2024-10-29,2024-25,BKN,DEN,0,0.38269514,0.38406682
0022400114,2024-10-29,2024-25,MIN,DAL,0,0.6497704,0.64806163
0022400115,2024-10-29,2024-25,UTA,SAC,0,0.22626723,0.22889015
0022400116,2024-10-29,2024-25,GSW,NOP,1,0.66364026,0.6617969
0022400117,2024-10-30,2024-25,CHA,TOR,1,0.74649554,0.74400723
0022400118,2024-10-30,2024-25,CLE,LAL,1,0.6072863,0.6060239
0022400119,2024-10-30,2024-25,IND,BOS,1,0.2761499,0.27849367
0022400120,2024-10-30,2024-25,PHI,DET,0,0.51187783,0.5117337
0022400121,2024-10-30,2024-25,WAS,ATL,1,0.21075688,0.21343459
0022400122,2024-10-30,2024-25,MIA,NYK,0,0.39500254,0.39623964
0022400123,2024-10-30,2024-25,CHI,ORL,1,0.32650983,0.32844496
0022400124,2024-10-30,2024-25,MEM,BKN,0,0.5528454,0.5522088
0022400125,2024-10-30,2024-25,OKC,SAS,1,0.7780346,0.7753948
0022400126,2024-10-30,2024-25,GSW,NOP,1,0.62969404,0.6281904
0022400127,2024-10-30,2024-25,LAC,POR,0,0.7566663,0.7541224
0022400128,2024-10-31,2024-25,MEM,MIL,1,0.3655439,0.36709717
0022400129,2024-10-31,2024-25,DAL,HOU,0,0.58542746,0.5844106
0022400130,2024-10-31,2024-25,UTA,SAS,0,0.55054015,0.54993093
0022400131,2024-10-31,2024-25,LAC,PHX,0,0.44117105,0.44187853
0022400132,2024-11-01,2024-25,CHA,BOS,0,0.27142742,0.27380356
0022400133,2024-11-01,2024-25,CLE,ORL,1,0.61504155,0.6136943
0022400134,2024-11-01,2024-25,DET,NYK,0,0.37094453,0.37244144
0022400135,2024-11-01,2024-25,ATL,SAC,0,0.34498253,0.34674296
0022400136,2024-11-01,2024-25,BKN,CHI,1,0.5223869,0.5221156
0022400137,2024-11-01,2024-25,TOR,LAL,0,0.24929431,0.2518064
0022400138,2024-11-01,2024-25,NOP,IND,1,0.41716835,0.41815543
0022400139,2024-11-01,2024-25,MIN,DEN,1,0.6096013,0.6083135
0022400140,2024-11-01,2024-25,POR,OKC,0,0.23670593,0.23928271
0022400141,2024-11-02,2024-25,CHA,BOS,0,0.31112278,0.313194
0022400142,2024-11-02,2024-25,PHI,MEM,0,0.60537046,0.60412925
0022400143,2024-11-02,2024-25,TOR,SAC,1,0.20240878,0.20510875
0022400144,2024-11-02,2024-25,HOU,GSW,0,0.49331272,0.49339384
0022400145,2024-11-02,2024-25,MIL,CLE,0,0.39783764,0.3990433
0022400146,2024-11-02,2024-25,SAS,MIN,1,0.31042972,0.31250688
0022400148,2024-11-02,2024-25,DEN,UTA,1,0.80215394,0.7994441
0022400149,2024-11-02,2024-25,PHX,POR,1,0.7973204,0.79462105
0022400150,2024-11-02,2024-25,LAC,OKC,0,0.5681742,0.567357
0022400151,2024-11-03,2024-25,BKN,DET,0,0.6102112,0.6089167
0022400152,2024-11-03,2024-25,NOP,ATL,0,0.44572344,0.44637707
0022400153,2024-11-03,2024-25,DAL,ORL,1,0.6046119,0.603379
0022400154,2024-11-04,2024-25,CLE,MIL,1,0.77751684,0.774879
0022400155,2024-11-04,2024-25,WAS,GSW,0,0.20992053,0.21260071
0022400156,2024-11-04,2024-25,DET,LAL,1,0.283214,0.28550723
0022400157,2024-11-04,2024-25,ATL,BOS,0,0.22682129,0.22944193
0022400158,2024-11-04,2024-25,BKN,MEM,1,0.5258016,0.52548903
0022400159,2024-11-04,2024-25,MIA,SAC,0,0.27852264,0.28084967
0022400160,2024-11-04,2024-25,CHI,UTA,0,0.7611213,0.7585549
0022400161,2024-11-04,2024-25,HOU,NYK,1,0.5255054,0.5251964
0022400162,2024-11-04,2024-25,MIN,CHA,1,0.6339329,0.6323851
0022400163,2024-11-04,2024-25,OKC,ORL,1,0.7476996,0.7452044
0022400164,2024-11-04,2024-25,NOP,POR,0,0.5471797,0.5466105
0022400165,2024-11-04,2024-25,DAL,IND,0,0.55066353,0.5500528
0022400166,2024-11-04,2024-25,DEN,TOR,1,0.7396119,0.7371646
0022400167,2024-11-04,2024-25,PHX,PHI,1,0.71330315,0.7110358
0022400168,2024-11-04,2024-25,LAC,SAS,1,0.7102761,0.70803154
0022400169,2024-11-06,2024-25,CHA,DET,1,0.5057354,0.5056658
0022400170,2024-11-06,2024-25,IND,ORL,1,0.5780875,0.57715505
0022400171,2024-11-06,2024-25,ATL,NYK,1,0.32764068,0.32956544
0022400172,2024-11-06,2024-25,BOS,GSW,0,0.5750384,0.5741412
0022400173,2024-11-06,2024-25,HOU,SAS,1,0.6263095,0.6248416
0022400174,2024-11-06,2024-25,MEM,LAL,1,0.43507275,0.43585196
0022400175,2024-11-06,2024-25,NOP,CLE,0,0.22212948,0.22476865
0022400176,2024-11-06,2024-25,DAL,CHI,1,0.7288189,0.72644114
0022400177,2024-11-06,2024-25,DEN,OKC,1,0.45344022,0.4540021
0022400178,2024-11-06,2024-25,PHX,MIA,1,0.62998724,0.62848055
0022400179,2024-11-06,2024-25,LAC,PHI,1,0.68048054,0.6784825
0022400180,2024-11-06,2024-25,SAC,TOR,1,0.82220924,0.81947625
0022400181,2024-11-07,2024-25,CHI,MIN,0,0.3782048,0.3796247
0022400182,2024-11-07,2024-25,MIL,UTA,1,0.7882045,0.7855299
0022400183,2024-11-07,2024-25,SAS,POR,1,0.5564087,0.55572987
0022400184,2024-11-08,2024-25,CHA,IND,1,0.40540388,0.40652478
0022400185,2024-11-08,2024-25,DET,ATL,1,0.5816055,0.5806325
0022400186,2024-11-08,2024-25,ORL,NOP,1,0.57586014,0.5749535
0022400187,2024-11-08,2024-25,BOS,BKN,1,0.74279666,0.74033004
0022400188,2024-11-08,2024-25,CLE,GSW,1,0.59710675,0.5959576
0022400189,2024-11-08,2024-25,NYK,MIL,1,0.76322156,0.76064515
0022400190,2024-11-08,2024-25,DAL,PHX,0,0.503192,0.5031533
0022400191,2024-11-08,2024-25,MEM,WAS,1,0.7566021,0.7540585
0022400192,2024-11-08,2024-25,OKC,HOU,1,0.725397,0.72304255
0022400193,2024-11-08,2024-25,MIN,POR,1,0.75827634,0.7557242
0022400194,2024-11-08,2024-25,DEN,MIA,1,0.62157047,0.6201529
0022400195,2024-11-08,2024-25,LAL,PHI,1,0.6522065,0.65047365
0022400196,2024-11-08,2024-25,SAC,LAC,0,0.7009066,0.6987355
0022400197,2024-11-09,2024-25,SAS,UTA,0,0.71057427,0.70832753
0022400198,2024-11-09,2024-25,ATL,CHI,0,0.53145486,0.5310741
0022400199,2024-11-09,2024-25,CLE,BKN,1,0.73587435,0.7334505
0022400200,2024-11-09,2024-25,LAC,TOR,1,0.70664626,0.70442975
0022400201,2024-11-10,2024-25,DET,HOU,0,0.45904055,0.45953545
0022400202,2024-11-10,2024-25,MIL,BOS,0,0.3393722,0.34118688
0022400203,2024-11-10,2024-25,IND,NYK,1,0.4080237,0.40911502
0022400204,2024-11-10,2024-25,ORL,WAS,1,0.7067097,0.7044926
0022400205,2024-11-10,2024-25,PHI,CHA,1,0.5156589,0.51546896
0022400206,2024-11-10,2024-25,MIN,MIA,0,0.66775125,0.6658692
0022400207,2024-11-10,2024-25,OKC,GSW,0,0.56000274,0.55928147
0022400208,2024-11-10,2024-25,DEN,DAL,1,0.5258652,0.5255518
0022400209,2024-11-10,2024-25,PHX,SAC,0,0.46628827,0.46669617
0022400210,2024-11-10,2024-25,POR,MEM,0,0.41489714,0.4159102
0022400211,2024-11-10,2024-25,LAL,TOR,1,0.7449902,0.7425107
0022400212,2024-11-11,2024-25,CHI,CLE,0,0.23342271,0.23601477
0022400213,2024-11-11,2024-25,HOU,WAS,1,0.80923384,0.806512
0022400214,2024-11-11,2024-25,NOP,BKN,0,0.34436795,0.34613436
0022400215,2024-11-11,2024-25,OKC,LAC,1,0.5591915,0.55847985
0022400216,2024-11-11,2024-25,SAS,SAC,1,0.36885375,0.3703726
0022400001,2024-11-12,2024-25,BOS,ATL,0,0.78327197,0.78061336
0022400002,2024-11-12,2024-25,DET,MIA,1,0.5052771,0.505213
0022400003,2024-11-12,2024-25,ORL,CHA,1,0.5149597,0.51477826
0022400004,2024-11-12,2024-25,PHI,NYK,0,0.2662875,0.26869756
0022400005,2024-11-12,2024-25,MIL,TOR,1,0.71752626,0.7152276
0022400006,2024-11-12,2024-25,UTA,PHX,0,0.23503925,0.23762389
0022400007,2024-11-12,2024-25,GSW,DAL,1,0.5441798,0.54364634
0022400008,2024-11-12,2024-25,POR,MIN,1,0.22598381,0.22860791
0022400217,2024-11-13,2024-25,ORL,IND,1,0.49858364,0.49860084
0022400218,2024-11-13,2024-25,BKN,BOS,0,0.34300897,0.3447886
0022400219,2024-11-13,2024-25,NYK,CHI,0,0.7194354,0.7171229
0022400220,2024-11-13,2024-25,PHI,CLE,0,0.18846661,0.19119154
0022400221,2024-11-13,2024-25,OKC,NOP,1,0.810382,0.8076586
0022400222,2024-11-13,2024-25,HOU,LAC,1,0.42497647,0.42587343
0022400223,2024-11-13,2024-25,MIL,DET,1,0.58498013,0.58396846
0022400224,2024-11-13,2024-25,SAS,WAS,1,0.74918675,0.7466831
0022400225,2024-11-13,2024-25,LAL,MEM,1,0.6210296,0.6196179
0022400226,2024-11-13,2024-25,POR,MIN,1,0.19397247,0.19668943
0022400227,2024-11-13,2024-25,SAC,PHX,1,0.6963897,0.69425535
0022400228,2024-11-14,2024-25,UTA,DAL,1,0.20187838,0.20457959
0022400009,2024-11-15,2024-25,IND,MIA,0,0.5001852,0.5001829
0022400010,2024-11-15,2024-25,ORL,PHI,1,0.6412934,0.6396699
0022400011,2024-11-15,2024-25,TOR,DET,0,0.4249239,0.4258215
0022400012,2024-11-15,2024-25,ATL,WAS,1,0.7686503,0.7660489
0022400013,2024-11-15,2024-25,CLE,CHI,1,0.78989387,0.7872142
0022400014,2024-11-15,2024-25,NYK,BKN,1,0.71197575,0.70971835
0022400015,2024-11-15,2024-25,SAS,LAL,0,0.4010005,0.40217087
0022400016,2024-11-15,2024-25,HOU,LAC,1,0.52886164,0.5285122
0022400017,2024-11-15,2024-25,NOP,DEN,1,0.23743363,0.24000695
0022400018,2024-11-15,2024-25,OKC,PHX,1,0.70463514,0.70243436
0022400019,2024-11-15,2024-25,GSW,MEM,1,0.65191627,0.6501863
0022400020,2024-11-15,2024-25,SAC,MIN,0,0.5251644,0.52485955
0022400229,2024-11-16,2024-25,CHA,MIL,1,0.3869681,0.38829345
0022400230,2024-11-16,2024-25,BOS,TOR,1,0.86291623,0.86025375
0022400231,2024-11-16,2024-25,NOP,LAL,0,0.25920007,0.26165465
0022400232,2024-11-16,2024-25,DAL,SAS,1,0.73921615,0.7367713
0022400233,2024-11-16,2024-25,SAC,UTA,1,0.8287754,0.82604253
0022400234,2024-11-17,2024-25,MIN,PHX,1,0.7118196,0.7095633
0022400235,2024-11-17,2024-25,IND,MIA,1,0.45164526,0.4522285
0022400236,2024-11-17,2024-25,CLE,CHA,1,0.82680196,0.8240686
0022400237,2024-11-17,2024-25,WAS,DET,0,0.28328693,0.28557962
0022400238,2024-11-17,2024-25,MEM,DEN,1,0.5421793,0.5416698
0022400239,2024-11-17,2024-25,POR,ATL,1,0.33818844,0.34001446
0022400240,2024-11-17,2024-25,NYK,BKN,1,0.6760295,0.67407125
0022400241,2024-11-17,2024-25,CHI,HOU,0,0.44865295,0.44927174
0022400242,2024-11-17,2024-25,OKC,DAL,0,0.7196585,0.71734446
0022400243,2024-11-17,2024-25,LAC,UTA,1,0.8180008,0.8152698
0022400244,2024-11-18,2024-25,DET,CHI,0,0.5360387,0.5356028
0022400245,2024-11-18,2024-25,MIA,PHI,1,0.70251083,0.7003269
0022400246,2024-11-18,2024-25,NYK,WAS,1,0.8629538,0.86029136
0022400247,2024-11-18,2024-25,TOR,IND,1,0.5213235,0.521065
0022400248,2024-11-18,2024-25,MIL,HOU,1,0.6270023,0.625527
0022400249,2024-11-18,2024-25,PHX,ORL,0,0.43597522,0.43674386
0022400250,2024-11-18,2024-25,SAC,ATL,0,0.74464273,0.7421652
0022400251,2024-11-18,2024-25,LAC,GSW,1,0.35010815,0.3518181
0022400021,2024-11-19,2024-25,BOS,CLE,1,0.6043597,0.6031296
0022400022,2024-11-19,2024-25,BKN,CHA,1,0.6117512,0.6104399
0022400023,2024-11-19,2024-25,MEM,DEN,0,0.58956975,0.58850574
0022400024,2024-11-19,2024-25,DAL,NOP,1,0.7870957,0.78442454
0022400025,2024-11-19,2024-25,SAS,OKC,1,0.37455115,0.37601
0022400026,2024-11-19,2024-25,LAL,UTA,1,0.78993225,0.7872525
0022400252,2024-11-20,2024-25,CLE,NOP,1,0.8572913,0.8546084
0022400253,2024-11-20,2024-25,MIL,CHI,1,0.7307625,0.7283717
0022400254,2024-11-20,2024-25,HOU,IND,1,0.7312337,0.7288399
0022400255,2024-11-20,2024-25,MEM,PHI,1,0.66067463,0.6588595
0022400256,2024-11-20,2024-25,OKC,POR,1,0.78776354,0.78509027
0022400257,2024-11-20,2024-25,PHX,NYK,0,0.3872994,0.3886211
0022400258,2024-11-20,2024-25,GSW,ATL,1,0.71960527,0.71729165
0022400259,2024-11-20,2024-25,LAC,ORL,1,0.59273595,0.59163606
0022400260,2024-11-21,2024-25,CHA,DET,1,0.45733836,0.45785362
0022400261,2024-11-21,2024-25,TOR,MIN,1,0.26840538,0.27080163
0022400262,2024-11-21,2024-25,SAS,UTA,1,0.76497716,0.76239246
0022400263,2024-11-21,2024-25,LAL,ORL,0,0.70892507,0.70669085
0022400027,2024-11-22,2024-25,PHI,BKN,1,0.39931735,0.4005065
0022400028,2024-11-22,2024-25,WAS,BOS,0,0.13853212,0.1412002
0022400029,2024-11-22,2024-25,MIL,IND,1,0.66658133,0.66471016
0022400030,2024-11-22,2024-25,CHI,ATL,1,0.49106556,0.49117398
0022400031,2024-11-22,2024-25,HOU,POR,1,0.7699313,0.7673244
0022400032,2024-11-22,2024-25,NOP,GSW,0,0.22409478,0.22672637
0022400033,2024-11-22,2024-25,DEN,DAL,0,0.41722512,0.41821155
0022400034,2024-11-22,2024-25,LAC,SAC,1,0.41574812,0.41675144
0022400264,2024-11-23,2024-25,UTA,NYK,1,0.1995667,0.20227306
0022400265,2024-11-23,2024-25,ORL,DET,1,0.49092072,0.49103084
0022400266,2024-11-23,2024-25,CHI,MEM,0,0.36283073,0.36441204
0022400267,2024-11-23,2024-25,HOU,POR,0,0.78288513,0.7802278
0022400268,2024-11-23,2024-25,MIL,CHA,1,0.62858933,0.62709737
0022400269,2024-11-23,2024-25,SAS,GSW,1,0.49325383,0.4933357
0022400270,2024-11-23,2024-25,LAL,DEN,0,0.6401746,0.6385625
0022400271,2024-11-24,2024-25,BOS,MIN,1,0.6362422,0.6346705
0022400272,2024-11-24,2024-25,IND,WAS,1,0.75398505,0.7514552
0022400273,2024-11-24,2024-25,MIA,DAL,1,0.508247,0.50814694
0022400274,2024-11-24,2024-25,PHI,LAC,0,0.31764078,0.31965545
0022400275,2024-11-24,2024-25,CLE,TOR,1,0.7573619,0.7548144
0022400276,2024-11-24,2024-25,SAC,BKN,0,0.7443879,0.7419119
0022400277,2024-11-25,2024-25,CHA,ORL,0,0.4483189,0.44894168
0022400278,2024-11-25,2024-25,DET,TOR,1,0.6828763,0.680857
0022400279,2024-11-25,2024-25,IND,NOP,1,0.59626436,0.59512466
0022400280,2024-11-25,2024-25,ATL,DAL,0,0.45125234,0.45184022
0022400281,2024-11-25,2024-25,BOS,LAC,1,0.78680944,0.78413916
0022400282,2024-11-25,2024-25,MEM,POR,1,0.75759554,0.7550469
0022400283,2024-11-25,2024-25,DEN,NYK,0,0.37926197,0.3806706
0022400284,2024-11-25,2024-25,GSW,BKN,0,0.8149063,0.8121778
0022400285,2024-11-25,2024-25,SAC,OKC,0,0.44822386,0.4488478
0022400035,2024-11-26,2024-25,WAS,CHI,0,0.2554055,0.25788274
0022400036,2024-11-26,2024-25,MIA,MIL,0,0.45995158,0.4604355
0022400037,2024-11-26,2024-25,MIN,HOU,0,0.53781766,0.5373604
0022400038,2024-11-26,2024-25,UTA,SAS,0,0.2991229,0.30129376
0022400039,2024-11-26,2024-25,PHX,LAL,1,0.39321867,0.3944755
0022400286,2024-11-27,2024-25,CHA,MIA,0,0.47835776,0.47862005
0022400287,2024-11-27,2024-25,CLE,ATL,0,0.79280907,0.7901212
0022400288,2024-11-27,2024-25,IND,POR,1,0.618749,0.6173618
0022400289,2024-11-27,2024-25,ORL,CHI,1,0.725757,0.72340006
0022400290,2024-11-27,2024-25,PHI,HOU,0,0.34090638,0.3427063
0022400291,2024-11-27,2024-25,WAS,LAC,0,0.179453,0.18218538
0022400292,2024-11-27,2024-25,DAL,NYK,1,0.36001596,0.36162612
0022400293,2024-11-27,2024-25,MEM,DET,1,0.6921906,0.6900912
0022400294,2024-11-27,2024-25,MIN,SAC,0,0.43071106,0.43154135
0022400295,2024-11-27,2024-25,NOP,TOR,0,0.435824,0.4365944
0022400296,2024-11-27,2024-25,SAS,LAL,0,0.47924507,0.47949666
0022400297,2024-11-27,2024-25,PHX,BKN,0,0.5328386,0.5324412
0022400298,2024-11-27,2024-25,UTA,DEN,0,0.22639073,0.22901313
0022400299,2024-11-27,2024-25,GSW,OKC,0,0.5131273,0.51296806
0022400040,2024-11-29,2024-25,CHA,NYK,0,0.23169197,0.2342918
0022400041,2024-11-29,2024-25,ATL,CLE,1,0.24796452,0.2504839
0022400042,2024-11-29,2024-25,MEM,NOP,1,0.7701768,0.76756877
0022400043,2024-11-29,2024-25,BKN,ORL,0,0.44611704,0.44676596
0022400044,2024-11-29,2024-25,MIN,LAC,1,0.62455064,0.62310135
0022400045,2024-11-29,2024-25,IND,DET,0,0.5395161,0.53903854
0022400046,2024-11-29,2024-25,MIA,TOR,1,0.7236694,0.72132695
0022400047,2024-11-29,2024-25,CHI,BOS,0,0.33963245,0.34144464
0022400048,2024-11-29,2024-25,LAL,OKC,0,0.34940055,0.3511175
0022400049,2024-11-29,2024-25,POR,SAC,1,0.2593892,0.26184264
0022400300,2024-11-30,2024-25,CHA,ATL,0,0.40049142,0.40166742
0022400301,2024-11-30,2024-25,DET,PHI,0,0.6088685,0.60758865
0022400302,2024-11-30,2024-25,MIL,WAS,1,0.86111045,0.858441
0022400303,2024-11-30,2024-25,PHX,GSW,1,0.4834829,0.48368326
0022400304,2024-11-30,2024-25,UTA,DAL,0,0.2865718,0.28884017
0022400305,2024-12-01,2024-25,BKN,ORL,0,0.3817955,0.3831769
0022400306,2024-12-01,2024-25,MEM,IND,1,0.7292443,0.7268637
0022400307,2024-12-01,2024-25,CLE,BOS,1,0.47830343,0.47856638
0022400308,2024-12-01,2024-25,NYK,NOP,1,0.8709846,0.8683579
0022400309,2024-12-01,2024-25,TOR,MIA,1,0.40287858,0.40402788
0022400310,2024-12-01,2024-25,HOU,OKC,1,0.45646963,0.45699522
0022400311,2024-12-01,2024-25,UTA,LAL,0,0.23630755,0.23888622
0022400312,2024-12-01,2024-25,POR,DAL,0,0.38585043,0.38718796
0022400313,2024-12-01,2024-25,SAC,SAS,0,0.6969505,0.69481164
0022400314,2024-12-01,2024-25,LAC,DEN,1,0.54356676,0.54304063
0022400315,2024-12-02,2024-25,ATL,NOP,1,0.805312,0.8025963
0022400316,2024-12-02,2024-25,BOS,MIA,1,0.72400457,0.7216597
0022400317,2024-12-02,2024-25,CHI,BKN,1,0.6862511,0.68420243
0022400318,2024-12-02,2024-25,MIN,LAL,1,0.7177949,0.71549433
0022400050,2024-12-03,2024-25,CHA,PHI,0,0.55065316,0.55004257
0022400051,2024-12-03,2024-25,CLE,WAS,1,0.8969705,0.8945181
0022400052,2024-12-03,2024-25,DET,MIL,0,0.33448786,0.33634892
0022400053,2024-12-03,2024-25,NYK,ORL,1,0.6476859,0.64599794
0022400054,2024-12-03,2024-25,TOR,IND,1,0.5529013,0.55226403
0022400055,2024-12-03,2024-25,OKC,UTA,1,0.8482982,0.84559035
0022400056,2024-12-03,2024-25,DAL,MEM,1,0.51588666,0.51569396
0022400057,2024-12-03,2024-25,PHX,SAS,1,0.6217192,0.62030005
0022400058,2024-12-03,2024-25,DEN,GSW,1,0.6006972,0.59950787
0022400059,2024-12-03,2024-25,SAC,HOU,1,0.547377,0.54680544
0022400060,2024-12-03,2024-25,LAC,POR,1,0.7807191,0.77806944
0022400319,2024-12-04,2024-25,BOS,DET,1,0.7930166,0.79032815
0022400320,2024-12-04,2024-25,BKN,IND,1,0.58896554,0.5879084
0022400321,2024-12-04,2024-25,MIA,LAL,1,0.49531388,0.49537075
0022400322,2024-12-04,2024-25,PHI,ORL,0,0.31977168,0.3217675
0022400323,2024-12-04,2024-25,MIL,ATL,0,0.6501413,0.64842886
0022400324,2024-12-04,2024-25,LAC,MIN,0,0.44696993,0.44760877
0022400325,2024-12-05,2024-25,CLE,DEN,1,0.59480107,0.5936778
0022400326,2024-12-05,2024-25,WAS,DAL,0,0.18559214,0.18832023
0022400327,2024-12-05,2024-25,NYK,CHA,1,0.8255856,0.8228522
0022400328,2024-12-05,2024-25,TOR,OKC,0,0.30026242,0.30242407
0022400329,2024-12-05,2024-25,MEM,SAC,1,0.5537619,0.5531144
0022400330,2024-12-05,2024-25,NOP,PHX,1,0.23787606,0.2404473
0022400331,2024-12-05,2024-25,SAS,CHI,0,0.5584518,0.5577488
0022400332,2024-12-05,2024-25,GSW,HOU,1,0.4825664,0.4827778
0022400333,2024-12-06,2024-25,PHI,ORL,1,0.33432695,0.33618954
0022400334,2024-12-06,2024-25,ATL,LAL,1,0.51738286,0.5171721
0022400335,2024-12-06,2024-25,BOS,MIL,1,0.6171168,0.61574715
0022400336,2024-12-06,2024-25,CHI,IND,0,0.5428682,0.54235053
0022400337,2024-12-06,2024-25,SAS,SAC,0,0.32209954,0.32407457
0022400338,2024-12-06,2024-25,GSW,MIN,0,0.33424562,0.33610898
0022400339,2024-12-06,2024-25,POR,UTA,0,0.61272454,0.6114026
0022400340,2024-12-07,2024-25,CHA,CLE,0,0.19347364,0.19619142
0022400341,2024-12-07,2024-25,WAS,DEN,1,0.16416572,0.16689396
0022400342,2024-12-07,2024-25,NOP,OKC,0,0.17541991,0.17815334
0022400343,2024-12-07,2024-25,NYK,DET,0,0.7514904,0.748974
0022400344,2024-12-07,2024-25,TOR,DAL,0,0.385425,0.38676715
0022400345,2024-12-07,2024-25,BOS,MEM,0,0.66026485,0.6584537
0022400346,2024-12-07,2024-25,MIA,PHX,1,0.5116021,0.5114614
0022400347,2024-12-08,2024-25,CHI,PHI,0,0.6685256,0.6666362
0022400348,2024-12-08,2024-25,BKN,MIL,0,0.3007395,0.30289727
0022400349,2024-12-08,2024-25,IND,CHA,0,0.7406464,0.7381928
0022400350,2024-12-08,2024-25,ATL,DEN,0,0.54415953,0.54362637
0022400351,2024-12-08,2024-25,MIA,CLE,1,0.39420146,0.39544746
0022400352,2024-12-08,2024-25,ORL,PHX,1,0.68819517,0.6861298
0022400353,2024-12-08,2024-25,WAS,MEM,0,0.17365138,0.17638478
0022400354,2024-12-08,2024-25,SAS,NOP,1,0.76279724,0.7602229
0022400355,2024-12-08,2024-25,GSW,MIN,1,0.50333476,0.5032942
0022400356,2024-12-08,2024-25,LAC,HOU,0,0.42935836,0.4302044
0022400357,2024-12-08,2024-25,SAC,UTA,1,0.8192995,0.81656766
0022400358,2024-12-08,2024-25,LAL,POR,1,0.68196285,0.67995167
0022400359,2024-12-09,2024-25,TOR,NYK,0,0.31558517,0.31761786
0022401201,2024-12-10,2024-25,MIL,ORL,1,0.68899226,0.68692
0022401203,2024-12-10,2024-25,OKC,DAL,1,0.62701714,0.62554175
0022401202,2024-12-11,2024-25,NYK,ATL,0,0.7722183,0.76960164
0022401204,2024-12-11,2024-25,HOU,GSW,1,0.5087534,0.5086472
0022401205,2024-12-12,2024-25,BOS,DET,1,0.80858034,0.8058594
0022401206,2024-12-12,2024-25,MIA,TOR,1,0.67297035,0.67104
0022401207,2024-12-12,2024-25,NOP,SAC,0,0.21977611,0.22242402
0022401208,2024-12-13,2024-25,CLE,WAS,1,0.88115215,0.8785823
0022401209,2024-12-13,2024-25,PHI,IND,0,0.51236457,0.5122146
0022401210,2024-12-13,2024-25,MIN,LAL,1,0.7685537,0.76595277
0022401211,2024-12-13,2024-25,MEM,BKN,1,0.6249705,0.62351674
0022401212,2024-12-13,2024-25,CHI,CHA,1,0.7535021,0.7509748
0022401213,2024-12-13,2024-25,DEN,LAC,1,0.5976286,0.59647363
0022401214,2024-12-13,2024-25,UTA,PHX,0,0.3369161,0.33875418
0022401215,2024-12-13,2024-25,POR,SAS,0,0.37359706,0.375066
0022401216,2024-12-15,2024-25,IND,NOP,1,0.73108447,0.7286916
0022401217,2024-12-15,2024-25,WAS,BOS,0,0.14113657,0.14381409
0022401218,2024-12-15,2024-25,SAS,MIN,0,0.35606194,0.3577123
0022401219,2024-12-15,2024-25,PHX,POR,1,0.7896465,0.7869675
0022401220,2024-12-15,2024-25,LAL,MEM,1,0.41560435,0.41660938
0022401227,2024-12-15,2024-25,ORL,NYK,0,0.3116697,0.3137363
0022401228,2024-12-15,2024-25,GSW,DAL,0,0.47779083,0.47806007
0022401221,2024-12-16,2024-25,DET,MIA,1,0.39968124,0.40086633
0022401222,2024-12-16,2024-25,CHA,PHI,0,0.35047916,0.35218546
0022401223,2024-12-16,2024-25,TOR,CHI,0,0.46132985,0.4617973
0022401224,2024-12-16,2024-25,BKN,CLE,0,0.29445353,0.2966615
0022401225,2024-12-16,2024-25,SAC,DEN,0,0.5839821,0.5829818
0022401226,2024-12-16,2024-25,LAC,UTA,1,0.793261,0.7905719
0022400360,2024-12-19,2024-25,DET,UTA,0,0.7143267,0.71205163
0022400361,2024-12-19,2024-25,ORL,OKC,0,0.32465807,0.32661003
0022400362,2024-12-19,2024-25,WAS,CHA,1,0.33694455,0.33878237
0022400363,2024-12-19,2024-25,BOS,CHI,0,0.7809057,0.7782554
0022400364,2024-12-19,2024-25,TOR,BKN,0,0.53813297,0.537672
0022400365,2024-12-19,2024-25,HOU,NOP,1,0.84414583,0.8414294
0022400366,2024-12-19,2024-25,MEM,GSW,1,0.59241027,0.591314
0022400367,2024-12-19,2024-25,MIN,NYK,0,0.39740223,0.39861268
0022400368,2024-12-19,2024-25,DAL,LAC,0,0.6741669,0.67222565
0022400369,2024-12-19,2024-25,PHX,IND,0,0.6001539,0.59897065
0022400370,2024-12-19,2024-25,SAS,ATL,1,0.44219467,0.44289002
0022400371,2024-12-19,2024-25,POR,DEN,1,0.2030734,0.2057718
0022400372,2024-12-19,2024-25,SAC,LAL,0,0.7320549,0.72965556
0022400373,2024-12-20,2024-25,PHI,CHA,1,0.7094623,0.70722395
0022400374,2024-12-20,2024-25,CLE,MIL,1,0.5486572,0.5480704
0022400375,2024-12-20,2024-25,MIA,OKC,0,0.470487,0.47084433
0022400376,2024-12-21,2024-25,SAC,LAL,0,0.72985786,0.72747314
0022400377,2024-12-21,2024-25,ORL,MIA,1,0.5312146,0.53083676
0022400378,2024-12-21,2024-25,ATL,MEM,0,0.49535552,0.4954118
0022400379,2024-12-21,2024-25,BKN,UTA,0,0.6837029,0.68167645
0022400380,2024-12-21,2024-25,CLE,PHI,1,0.7634266,0.7608492
0022400381,2024-12-21,2024-25,CHI,BOS,0,0.28525418,0.28753236
0022400382,2024-12-21,2024-25,MIL,WAS,1,0.858196,0.85551614
0022400383,2024-12-21,2024-25,MIN,GSW,0,0.6131828,0.6118558
0022400384,2024-12-21,2024-25,NOP,NYK,0,0.19485177,0.19756722
0022400385,2024-12-21,2024-25,DAL,LAC,1,0.48288986,0.48309737
0022400386,2024-12-21,2024-25,SAS,POR,1,0.76231366,0.7597416
0022400387,2024-12-21,2024-25,PHX,DET,0,0.65948194,0.6576783
0022400388,2024-12-22,2024-25,TOR,HOU,0,0.33044314,0.33234203
0022400389,2024-12-22,2024-25,SAC,IND,0,0.6212732,0.61985886
0022400390,2024-12-22,2024-25,NOP,DEN,0,0.16007113,0.16279444
0022400391,2024-12-23,2024-25,CHA,HOU,0,0.29732317,0.29950842
0022400392,2024-12-23,2024-25,CLE,UTA,1,0.84584194,0.8431288
0022400393,2024-12-23,2024-25,ORL,BOS,1,0.27410406,0.27646196
0022400394,2024-12-23,2024-25,PHI,SAS,1,0.5129162,0.5127595
0022400395,2024-12-23,2024-25,ATL,MIN,1,0.328028,0.32994917
0022400396,2024-12-23,2024-25,MIA,BKN,1,0.75051486,0.7480038
0022400397,2024-12-23,2024-25,NYK,TOR,1,0.8613589,0.8586904
0022400398,2024-12-23,2024-25,CHI,MIL,0,0.45641232,0.45693865
0022400399,2024-12-23,2024-25,MEM,LAC,0,0.55540806,0.554741
0022400400,2024-12-23,2024-25,OKC,WAS,1,0.9160739,0.9138167
0022400401,2024-12-23,2024-25,DAL,POR,1,0.79063815,0.7879563
0022400402,2024-12-23,2024-25,DEN,PHX,1,0.57549393,0.5745915
0022400403,2024-12-23,2024-25,GSW,IND,0,0.6462271,0.6445538
0022400404,2024-12-23,2024-25,LAL,DET,0,0.6053937,0.60415226
0022400405,2024-12-25,2024-25,NYK,SAS,1,0.7550664,0.7525308
0022400406,2024-12-25,2024-25,DAL,MIN,0,0.5276512,0.5273163
0022400407,2024-12-25,2024-25,BOS,PHI,0,0.7984294,0.7957275
0022400408,2024-12-25,2024-25,GSW,LAL,0,0.58411694,0.58311516
0022400409,2024-12-25,2024-25,PHX,DEN,1,0.4166035,0.41759706
0022400410,2024-12-26,2024-25,IND,OKC,0,0.35730088,0.3589387
0022400411,2024-12-26,2024-25,ORL,MIA,0,0.4724855,0.47281873
0022400412,2024-12-26,2024-25,WAS,CHA,1,0.37490645,0.3763615
0022400413,2024-12-26,2024-25,ATL,CHI,1,0.55258566,0.5519521
0022400414,2024-12-26,2024-25,MEM,TOR,1,0.7630515,0.7604758
0022400415,2024-12-26,2024-25,MIL,BKN,0,0.77877223,0.77612966
0022400416,2024-12-26,2024-25,NOP,HOU,0,0.2188027,0.22145413
0022400417,2024-12-26,2024-25,POR,UTA,1,0.5293233,0.52896816
0022400418,2024-12-26,2024-25,SAC,DET,0,0.7383342,0.7358948
0022400419,2024-12-27,2024-25,ORL,NYK,0,0.21407938,0.21674676
0022400420,2024-12-27,2024-25,BOS,IND,1,0.79473203,0.7920391
0022400421,2024-12-27,2024-25,BKN,SAS,0,0.26192355,0.26436135
0022400422,2024-12-27,2024-25,HOU,MIN,0,0.36865517,0.3701761
0022400423,2024-12-27,2024-25,NOP,MEM,0,0.2082256,0.2109106
0022400424,2024-12-27,2024-25,DEN,CLE,0,0.4535368,0.4540975
0022400425,2024-12-27,2024-25,PHX,DAL,0,0.36182946,0.36342108
0022400426,2024-12-27,2024-25,LAC,GSW,1,0.6468625,0.6451827
0022400427,2024-12-28,2024-25,ATL,MIA,1,0.48535967,0.48553726
0022400428,2024-12-28,2024-25,CHA,OKC,0,0.2037246,0.20642142
0022400429,2024-12-28,2024-25,WAS,NYK,0,0.14106214,0.14373942
0022400430,2024-12-28,2024-25,CHI,MIL,1,0.3839817,0.3853395
0022400431,2024-12-28,2024-25,GSW,PHX,1,0.49906585,0.4990771
0022400432,2024-12-28,2024-25,DEN,DET,1,0.65290433,0.6511646
0022400433,2024-12-28,2024-25,UTA,PHI,0,0.28445268,0.2867368
0022400434,2024-12-28,2024-25,POR,DAL,1,0.2703762,0.27275938
0022400435,2024-12-28,2024-25,LAL,SAC,1,0.42710418,0.4279765
0022400436,2024-12-29,2024-25,ORL,BKN,1,0.71456736,0.7122905
0022400437,2024-12-29,2024-25,BOS,IND,0,0.77281606,0.770197
0022400438,2024-12-29,2024-25,TOR,ATL,0,0.5829402,0.5819519
0022400439,2024-12-29,2024-25,HOU,MIA,0,0.69002134,0.68794036
0022400440,2024-12-29,2024-25,OKC,MEM,1,0.51903933,0.51880854
0022400441,2024-12-29,2024-25,MIN,SAS,1,0.7100265,0.7077839
0022400442,2024-12-30,2024-25,CHA,CHI,0,0.2993371,0.3015062
0022400443,2024-12-30,2024-25,WAS,NYK,0,0.11522456,0.11777069
0022400444,2024-12-30,2024-25,NOP,LAC,0,0.20557293,0.2082651
0022400445,2024-12-30,2024-25,UTA,DEN,0,0.21135448,0.2140304
0022400446,2024-12-30,2024-25,GSW,CLE,0,0.33777452,0.33960447
0022400447,2024-12-30,2024-25,POR,PHI,0,0.27131242,0.2736893
0022400448,2024-12-30,2024-25,SAC,DAL,1,0.651616,0.64988893
0022400449,2024-12-31,2024-25,BOS,TOR,1,0.8394701,0.83674616
0022400450,2024-12-31,2024-25,IND,MIL,0,0.38455015,0.38590178
0022400451,2024-12-31,2024-25,SAS,LAC,1,0.46887478,0.4692516
0022400452,2024-12-31,2024-25,OKC,MIN,1,0.58775985,0.5867165
0022400453,2024-12-31,2024-25,PHX,MEM,0,0.413032,0.41406637
0022400454,2024-12-31,2024-25,LAL,CLE,0,0.4367689,0.43752822
0022400455,2025-01-01,2024-25,DET,ORL,1,0.519015,0.51878446
0022400456,2025-01-01,2024-25,WAS,CHI,1,0.24406609,0.2466062
0022400457,2025-01-01,2024-25,MIA,NOP,1,0.8072026,0.8044837
0022400458,2025-01-01,2024-25,NYK,UTA,1,0.8789374,0.87635404
0022400459,2025-01-01,2024-25,TOR,BKN,1,0.46143755,0.46190375
0022400460,2025-01-01,2024-25,HOU,DAL,1,0.710925,0.70867556
0022400461,2025-01-01,2024-25,DEN,ATL,1,0.7025939,0.7004093
0022400462,2025-01-01,2024-25,SAC,PHI,1,0.68179804,0.6797883
0022400463,2025-01-02,2024-25,MIA,IND,0,0.48696268,0.48712087
0022400464,2025-01-02,2024-25,MIN,BOS,0,0.4135865,0.41461456
0022400465,2025-01-02,2024-25,MIL,BKN,0,0.8445581,0.8418424
0022400466,2025-01-02,2024-25,OKC,LAC,1,0.72311443,0.7207758
0022400467,2025-01-02,2024-25,GSW,PHI,1,0.6906871,0.6886005
0022400468,2025-01-02,2024-25,LAL,POR,1,0.79404664,0.79135543
0022400469,2025-01-03,2024-25,DET,CHA,1,0.7534003,0.75087357
0022400470,2025-01-03,2024-25,TOR,ORL,0,0.34086043,0.3426608
0022400471,2025-01-03,2024-25,HOU,BOS,0,0.50415653,0.5041061
0022400472,2025-01-03,2024-25,NOP,WAS,1,0.6652618,0.66340303
0022400473,2025-01-03,2024-25,OKC,NYK,1,0.42339763,0.42431292
0022400474,2025-01-03,2024-25,DAL,CLE,0,0.31340998,0.31546155
0022400475,2025-01-03,2024-25,DEN,SAS,0,0.7070627,0.7048429
0022400476,2025-01-03,2024-25,SAC,MEM,1,0.5966124,0.5954688
0022400477,2025-01-03,2024-25,LAL,ATL,1,0.44317612,0.4438599
0022400478,2025-01-04,2024-25,BKN,PHI,0,0.35104612,0.35274675
0022400479,2025-01-04,2024-25,DET,MIN,1,0.29778662,0.29996818
0022400480,2025-01-04,2024-25,IND,PHX,1,0.5865885,0.5855584
0022400481,2025-01-04,2024-25,MIA,UTA,0,0.78005815,0.7774108
0022400482,2025-01-04,2024-25,CHI,NYK,1,0.32412463,0.32608142
0022400483,2025-01-04,2024-25,MIL,POR,0,0.8367833,0.8340561
0022400484,2025-01-04,2024-25,SAS,DEN,0,0.40941927,0.41049474
0022400485,2025-01-04,2024-25,GSW,MEM,1,0.54714316,0.54657435
0022400486,2025-01-04,2024-25,LAC,ATL,1,0.6128675,0.61154395
0022400487,2025-01-05,2024-25,OKC,BOS,1,0.57901675,0.5780736
0022400488,2025-01-05,2024-25,CLE,CHA,1,0.85695094,0.854267
0022400489,2025-01-05,2024-25,WAS,NOP,0,0.4529845,0.45355174
0022400490,2025-01-05,2024-25,ORL,UTA,0,0.7848495,0.7821855
0022400491,2025-01-05,2024-25,HOU,LAL,1,0.6440523,0.64240086
0022400492,2025-01-05,2024-25,GSW,SAC,0,0.33308247,0.33495674
0022400493,2025-01-06,2024-25,DET,POR,1,0.7767756,0.77414066
0022400494,2025-01-06,2024-25,PHI,PHX,0,0.5288637,0.5285142
0022400495,2025-01-06,2024-25,BKN,IND,0,0.27837336,0.28070146
0022400496,2025-01-06,2024-25,NYK,ORL,0,0.82301885,0.8202857
0022400497,2025-01-06,2024-25,TOR,MIL,0,0.26754543,0.26994732
0022400498,2025-01-06,2024-25,CHI,SAS,1,0.48259094,0.4828021
0022400499,2025-01-06,2024-25,MEM,DAL,1,0.584448,0.58344233
0022400500,2025-01-06,2024-25,MIN,LAC,1,0.6398112,0.6382028
0022400501,2025-01-06,2024-25,SAC,MIA,1,0.55419666,0.55354404
0022400502,2025-01-07,2024-25,CHA,PHX,1,0.45117867,0.4517674
0022400503,2025-01-07,2024-25,WAS,HOU,0,0.18704094,0.18976754
0022400504,2025-01-07,2024-25,DAL,LAL,1,0.37730134,0.37873095
0022400505,2025-01-07,2024-25,NOP,MIN,0,0.2781399,0.28046963
0022400506,2025-01-07,2024-25,UTA,ATL,0,0.39479032,0.39602974
0022400507,2025-01-07,2024-25,DEN,BOS,0,0.40661812,0.4077253
0022400508,2025-01-07,2024-25,GSW,MIA,0,0.69219804,0.6900986
0022400509,2025-01-08,2024-25,CLE,OKC,1,0.47782436,0.4780932
0022400510,2025-01-08,2024-25,IND,CHI,1,0.6283385,0.6268491
0022400511,2025-01-08,2024-25,NYK,TOR,1,0.8435883,0.8408709
0022400512,2025-01-08,2024-25,PHI,WAS,1,0.8404144,0.8376918
0022400513,2025-01-08,2024-25,BKN,DET,0,0.251382,0.2538824
0022400514,2025-01-08,2024-25,NOP,POR,0,0.60672283,0.6054666
0022400515,2025-01-08,2024-25,DEN,LAC,1,0.39700314,0.39821804
0022400516,2025-01-08,2024-25,MIL,SAS,1,0.6179449,0.6165663
0022400517,2025-01-09,2024-25,CLE,TOR,1,0.8752743,0.87266994
0022400518,2025-01-09,2024-25,DET,GSW,0,0.36260113,0.3641848
0022400519,2025-01-09,2024-25,ORL,MIN,0,0.34880263,0.3505255
0022400520,2025-01-09,2024-25,MEM,HOU,0,0.42314228,0.42406055
0022400521,2025-01-09,2024-25,DAL,POR,1,0.79653364,0.7938362
0022400522,2025-01-09,2024-25,PHX,ATL,1,0.52168256,0.5214198
0022400523,2025-01-09,2024-25,UTA,MIA,0,0.38806254,0.38937595
0022400525,2025-01-10,2024-25,IND,GSW,1,0.6357469,0.63418025
0022400526,2025-01-10,2024-25,ORL,MIL,0,0.29201266,0.29423964
0022400527,2025-01-10,2024-25,PHI,NOP,0,0.70919746,0.70696115
0022400528,2025-01-10,2024-25,BOS,SAC,0,0.69301945,0.6909131
0022400529,2025-01-10,2024-25,NYK,OKC,0,0.46943614,0.4698061
0022400530,2025-01-10,2024-25,CHI,WAS,1,0.8165078,0.81377786
0022400531,2025-01-10,2024-25,DEN,BKN,1,0.8390847,0.8363603
0022400533,2025-01-11,2024-25,PHX,UTA,1,0.6952193,0.6930946
0022400534,2025-01-11,2024-25,DET,TOR,1,0.71301234,0.71074706
0022400535,2025-01-11,2024-25,MIN,MEM,0,0.48952398,0.48965105
0022400536,2025-01-11,2024-25,POR,MIA,0,0.29109883,0.29333284
0022400539,2025-01-12,2024-25,NYK,MIL,1,0.5742034,0.5733159
0022400540,2025-01-12,2024-25,DAL,DEN,0,0.360994,0.3625942
0022400541,2025-01-12,2024-25,CHI,SAC,0,0.37984163,0.38124406
0022400542,2025-01-12,2024-25,BOS,NOP,1,0.88450366,0.8819558
0022400543,2025-01-12,2024-25,CLE,IND,0,0.78191596,0.77926207
0022400544,2025-01-12,2024-25,ORL,PHI,1,0.52261806,0.5223439
0022400545,2025-01-12,2024-25,WAS,OKC,0,0.13251914,0.13516238
0022400546,2025-01-12,2024-25,UTA,BKN,1,0.5926796,0.59158033
0022400547,2025-01-12,2024-25,PHX,CHA,1,0.63178515,0.63025963
0022400548,2025-01-13,2024-25,WAS,MIN,0,0.14382596,0.14651239
0022400549,2025-01-13,2024-25,NYK,DET,0,0.681428,0.67942154
0022400550,2025-01-13,2024-25,TOR,GSW,1,0.37070656,0.37220594
0022400551,2025-01-13,2024-25,HOU,MEM,1,0.590965,0.5898851
0022400552,2025-01-13,2024-25,LAL,SAS,0,0.60177004,0.6005688
0022400553,2025-01-13,2024-25,LAC,MIA,1,0.6342005,0.6326499
0022400554,2025-01-14,2024-25,IND,CLE,0,0.33438754,0.33624953
0022400555,2025-01-14,2024-25,PHI,OKC,0,0.2594341,0.26188725
0022400556,2025-01-14,2024-25,ATL,PHX,1,0.5368187,0.53637344
0022400557,2025-01-14,2024-25,CHI,NOP,0,0.76702696,0.76443285
0022400558,2025-01-14,2024-25,MIL,SAC,1,0.55311,0.55247027
0022400559,2025-01-14,2024-25,DAL,DEN,0,0.3615336,0.36312827
0022400560,2025-01-14,2024-25,POR,BKN,0,0.7101247,0.7078813
0022400561,2025-01-15,2024-25,PHI,NYK,0,0.17770267,0.1804357
0022400562,2025-01-15,2024-25,TOR,BOS,1,0.17431062,0.17704406
0022400563,2025-01-15,2024-25,CHI,ATL,0,0.5672147,0.5664087
0022400564,2025-01-15,2024-25,MIL,ORL,1,0.6435407,0.64189434
0022400565,2025-01-15,2024-25,MIN,GSW,0,0.6481948,0.6465017
0022400566,2025-01-15,2024-25,NOP,DAL,1,0.30260825,0.3047508
0022400567,2025-01-15,2024-25,SAS,MEM,0,0.4278526,0.42871618
0022400568,2025-01-15,2024-25,DEN,HOU,0,0.47650155,0.47678638
0022400569,2025-01-15,2024-25,UTA,CHA,0,0.42790166,0.4287647
0022400570,2025-01-15,2024-25,LAL,MIA,1,0.5579012,0.5572047
0022400571,2025-01-15,2024-25,LAC,BKN,1,0.8520792,0.84938073
0022400572,2025-01-16,2024-25,DET,IND,0,0.5382314,0.5377692
0022400573,2025-01-16,2024-25,WAS,PHX,0,0.21920946,0.22185941
0022400574,2025-01-16,2024-25,OKC,CLE,1,0.54491675,0.5443745
0022400575,2025-01-16,2024-25,POR,LAC,0,0.31656998,0.31859404
0022400576,2025-01-16,2024-25,SAC,HOU,1,0.65358794,0.65184146
0022400577,2025-01-17,2024-25,BOS,ORL,1,0.7907165,0.78803444
0022400578,2025-01-17,2024-25,NYK,MIN,0,0.64577097,0.64410216
0022400579,2025-01-17,2024-25,MIA,DEN,0,0.4932014,0.49328387
0022400580,2025-01-17,2024-25,MIL,TOR,1,0.7818121,0.7791585
0022400581,2025-01-17,2024-25,NOP,UTA,1,0.656289,0.65451616
0022400582,2025-01-17,2024-25,SAS,MEM,0,0.4650295,0.46545258
0022400583,2025-01-17,2024-25,DAL,OKC,1,0.35099173,0.35269287
0022400584,2025-01-17,2024-25,CHI,CHA,0,0.6983929,0.6962423
0022400585,2025-01-17,2024-25,LAL,BKN,1,0.8194281,0.81669617
0022400586,2025-01-18,2024-25,DET,PHX,0,0.49709457,0.4971298
0022400587,2025-01-18,2024-25,BOS,ATL,0,0.77604675,0.7734146
0022400588,2025-01-18,2024-25,IND,PHI,1,0.670958,0.66904616
0022400589,2025-01-18,2024-25,GSW,WAS,1,0.83470064,0.8319714
0022400590,2025-01-18,2024-25,MIN,CLE,0,0.31034335,0.31242123
0022400591,2025-01-18,2024-25,POR,HOU,0,0.2449125,0.2474482
0022400592,2025-01-19,2024-25,MIA,SAS,1,0.53153324,0.53115153
0022400593,2025-01-19,2024-25,ORL,DEN,0,0.31874222,0.32074714
0022400594,2025-01-19,2024-25,MIL,PHI,1,0.8136336,0.81090635
0022400595,2025-01-19,2024-25,OKC,BKN,1,0.8799715,0.8773943
0022400596,2025-01-19,2024-25,LAC,LAL,1,0.62766814,0.62618583
0022400597,2025-01-19,2024-25,POR,CHI,1,0.2398515,0.24241303
0022400598,2025-01-19,2024-25,SAC,WAS,1,0.9139686,0.9116868
0022400599,2025-01-20,2024-25,CHA,DAL,1,0.40668592,0.40779236
0022400600,2025-01-20,2024-25,HOU,DET,0,0.68909144,0.68701845
0022400601,2025-01-20,2024-25,MEM,MIN,1,0.4826577,0.48286802
0022400602,2025-01-20,2024-25,NYK,ATL,1,0.6852814,0.6832411
0022400603,2025-01-20,2024-25,CLE,PHX,1,0.75571185,0.75317293
0022400604,2025-01-20,2024-25,GSW,BOS,0,0.26909986,0.27149153
0022400605,2025-01-20,2024-25,NOP,UTA,1,0.6847035,0.6826683
0022400611,2025-01-20,2024-25,LAC,CHI,0,0.6607172,0.6589017
0022400606,2025-01-21,2024-25,BKN,NYK,0,0.17150147,0.17423445
0022400607,2025-01-21,2024-25,MIA,POR,0,0.76993394,0.76732695
0022400608,2025-01-21,2024-25,TOR,ORL,1,0.46823248,0.468617
0022400609,2025-01-21,2024-25,DEN,PHI,1,0.7841489,0.7814873
0022400610,2025-01-21,2024-25,LAL,WAS,1,0.8449399,0.84222496
0022400612,2025-01-22,2024-25,ATL,DET,0,0.63247806,0.63094527
0022400613,2025-01-22,2024-25,BKN,PHX,0,0.21067828,0.21335623
0022400614,2025-01-22,2024-25,DAL,MIN,0,0.48009765,0.4803389
0022400615,2025-01-22,2024-25,HOU,CLE,1,0.5166779,0.5164757
0022400616,2025-01-22,2024-25,MEM,CHA,1,0.6766244,0.67466086
0022400618,2025-01-22,2024-25,OKC,UTA,1,0.88401896,0.8814677
0022400619,2025-01-22,2024-25,SAC,GSW,1,0.73473644,0.7323198
0022400620,2025-01-22,2024-25,LAC,BOS,0,0.34697983,0.3487207
0022400622,2025-01-23,2024-25,ORL,POR,0,0.7363571,0.7339301
0022400623,2025-01-23,2024-25,ATL,TOR,0,0.6667758,0.6649029
0022400624,2025-01-23,2024-25,MIL,MIA,1,0.71953696,0.7172238
0022400625,2025-01-23,2024-25,OKC,DAL,0,0.75745595,0.75490797
0022400626,2025-01-23,2024-25,DEN,SAC,1,0.6243482,0.6229011
0022400628,2025-01-23,2024-25,GSW,CHI,1,0.43851328,0.43925208
0022400629,2025-01-23,2024-25,LAL,BOS,1,0.36517972,0.36673677
0022400983,2025-01-23,2024-25,LAC,WAS,1,0.78107566,0.7784247
0022400630,2025-01-24,2024-25,CHA,POR,0,0.77491087,0.7722832
0022400631,2025-01-24,2024-25,PHI,CLE,1,0.24617495,0.24870397
0022400632,2025-01-24,2024-25,MEM,NOP,1,0.7232865,0.72094667
0022400634,2025-01-25,2024-25,MIN,DEN,1,0.4900008,0.49012214
0022400635,2025-01-25,2024-25,DAL,BOS,0,0.32607713,0.32801616
0022400636,2025-01-25,2024-25,BKN,MIA,0,0.2248449,0.22747354
0022400637,2025-01-25,2024-25,CHA,NOP,1,0.48227808,0.482493
0022400638,2025-01-25,2024-25,ORL,DET,1,0.5186407,0.51841474
0022400639,2025-01-25,2024-25,ATL,TOR,0,0.69512093,0.6929971
0022400640,2025-01-25,2024-25,CLE,HOU,0,0.5090576,0.5089477
0022400641,2025-01-25,2024-25,NYK,SAC,1,0.61577404,0.6144189
0022400642,2025-01-25,2024-25,CHI,PHI,0,0.7326701,0.7302668
0022400643,2025-01-25,2024-25,MEM,UTA,1,0.72939825,0.72701657
0022400644,2025-01-25,2024-25,GSW,LAL,0,0.4764335,0.47671905
0022400645,2025-01-25,2024-25,PHX,WAS,1,0.85245264,0.8497552
0022400646,2025-01-25,2024-25,LAC,MIL,1,0.44435894,0.44502872
0022400647,2025-01-26,2024-25,POR,OKC,0,0.16991647,0.17264886
0022400648,2025-01-27,2024-25,CHA,LAL,0,0.36326545,0.3648423
0022400649,2025-01-27,2024-25,CLE,DET,1,0.73659855,0.73417
0022400650,2025-01-27,2024-25,BOS,HOU,0,0.67833686,0.6763579
0022400651,2025-01-27,2024-25,BKN,SAC,0,0.16108853,0.1638132
0022400652,2025-01-27,2024-25,MIA,ORL,1,0.595945,0.59480894
0022400653,2025-01-27,2024-25,NYK,MEM,1,0.68904924,0.68697655
0022400654,2025-01-27,2024-25,TOR,NOP,1,0.57665706,0.5757412
0022400655,2025-01-27,2024-25,CHI,DEN,1,0.3327123,0.33459002
0022400656,2025-01-27,2024-25,MIN,ATL,1,0.67777175,0.67579794
0022400657,2025-01-27,2024-25,DAL,WAS,1,0.86068636,0.8580153
0022400658,2025-01-27,2024-25,UTA,MIL,0,0.18155608,0.18428737
0022400659,2025-01-27,2024-25,PHX,LAC,1,0.4708562,0.47120908
0022400532,2025-01-28,2024-25,ATL,HOU,0,0.24714088,0.24966475
0022400660,2025-01-28,2024-25,PHI,LAL,1,0.42361632,0.42452908
0022400661,2025-01-28,2024-25,GSW,UTA,1,0.8398782,0.83715487
0022400662,2025-01-28,2024-25,POR,MIL,1,0.22943297,0.23204263
0022400663,2025-01-29,2024-25,CHA,BKN,0,0.7724051,0.7697876
0022400664,2025-01-29,2024-25,IND,DET,1,0.6312464,0.6297265
0022400665,2025-01-29,2024-25,WAS,TOR,0,0.24120528,0.24376008
0022400666,2025-01-29,2024-25,BOS,CHI,1,0.77167296,0.7690586
0022400667,2025-01-29,2024-25,MIA,CLE,0,0.37865916,0.3800742
0022400668,2025-01-29,2024-25,NYK,DEN,1,0.543325,0.54280186
0022400669,2025-01-29,2024-25,PHI,SAC,1,0.20764284,0.21032947
0022400670,2025-01-29,2024-25,NOP,DAL,0,0.39335626,0.39461154
0022400671,2025-01-29,2024-25,SAS,LAC,0,0.39407033,0.39531776
0022400672,2025-01-29,2024-25,PHX,MIN,0,0.48450282,0.4846907
0022400673,2025-01-29,2024-25,GSW,OKC,1,0.20959221,0.21227334
0022400674,2025-01-30,2024-25,WAS,LAL,0,0.1560576,0.15877438
0022400675,2025-01-30,2024-25,CLE,ATL,1,0.6826337,0.68061656
0022400676,2025-01-30,2024-25,MEM,HOU,1,0.45735008,0.45786515
0022400677,2025-01-30,2024-25,UTA,MIN,0,0.22541061,0.22803697
0022400678,2025-01-30,2024-25,POR,ORL,1,0.3242367,0.32619247
0022400679,2025-01-31,2024-25,CHA,LAC,0,0.25582728,0.2583021
0022400680,2025-01-31,2024-25,DET,DAL,1,0.44070658,0.44141945
0022400681,2025-01-31,2024-25,PHI,DEN,0,0.24762337,0.2501446
0022400682,2025-01-31,2024-25,TOR,CHI,0,0.50822645,0.5081267
0022400683,2025-01-31,2024-25,NOP,BOS,0,0.2138526,0.21652073
0022400684,2025-01-31,2024-25,SAS,MIL,1,0.3040757,0.30620614
0022400685,2025-01-31,2024-25,GSW,PHX,0,0.542943,0.5424244
0022400686,2025-02-01,2024-25,IND,ATL,1,0.74251574,0.74005085
0022400687,2025-02-01,2024-25,UTA,ORL,1,0.30640092,0.3085121
0022400688,2025-02-01,2024-25,CHA,DEN,0,0.20591491,0.20860617
0022400689,2025-02-01,2024-25,HOU,BKN,0,0.8432124,0.8404944
0022400690,2025-02-01,2024-25,MIN,WAS,0,0.8709542,0.8683273
0022400691,2025-02-01,2024-25,OKC,SAC,1,0.6403584,0.63874435
0022400692,2025-02-01,2024-25,NYK,LAL,0,0.7935378,0.790848
0022400693,2025-02-01,2024-25,SAS,MIA,0,0.42452607,0.42542827
0022400694,2025-02-01,2024-25,POR,PHX,1,0.3608195,0.36242142
0022400695,2025-02-02,2024-25,DET,CHI,1,0.5746035,0.5737114
0022400696,2025-02-02,2024-25,CLE,DAL,1,0.66351205,0.66166985
0022400697,2025-02-02,2024-25,TOR,LAC,1,0.38084444,0.38223606
0022400698,2025-02-02,2024-25,PHI,BOS,0,0.20952801,0.21220934
0022400699,2025-02-02,2024-25,MIL,MEM,0,0.68744314,0.6853842
0022400700,2025-02-03,2024-25,CHA,WAS,0,0.7085014,0.7062705
0022400701,2025-02-03,2024-25,DET,ATL,0,0.55653983,0.55585945
0022400702,2025-02-03,2024-25,NYK,HOU,1,0.70022684,0.6980612
0022400703,2025-02-03,2024-25,MEM,SAS,1,0.5727859,0.5719149
0022400704,2025-02-03,2024-25,MIN,SAC,0,0.4663034,0.46671107
0022400705,2025-02-03,2024-25,OKC,MIL,1,0.6723832,0.6704582
0022400706,2025-02-03,2024-25,DEN,NOP,1,0.8437808,0.84106374
0022400707,2025-02-03,2024-25,UTA,IND,0,0.21042998,0.21310867
0022400708,2025-02-03,2024-25,GSW,ORL,1,0.640156,0.638544
0022400709,2025-02-03,2024-25,POR,PHX,1,0.31183133,0.31389648
0022400710,2025-02-04,2024-25,CLE,BOS,0,0.46960235,0.46997035
0022400711,2025-02-04,2024-25,BKN,HOU,1,0.33017674,0.33207813
0022400712,2025-02-04,2024-25,PHI,DAL,1,0.44001555,0.44073668
0022400713,2025-02-04,2024-25,TOR,NYK,0,0.32909098,0.33100238
0022400714,2025-02-04,2024-25,CHI,MIA,1,0.5132631,0.51310223
0022400715,2025-02-04,2024-25,LAC,LAL,0,0.62339133,0.6219543
0022400716,2025-02-04,2024-25,POR,IND,1,0.28294718,0.28524238
0022400717,2025-02-05,2024-25,CHA,MIL,0,0.24997166,0.25247997
0022400718,2025-02-05,2024-25,DET,CLE,0,0.3385355,0.34035817
0022400719,2025-02-05,2024-25,ATL,SAS,0,0.4621001,0.46255833
0022400720,2025-02-05,2024-25,BKN,WAS,0,0.57298034,0.57210714
0022400721,2025-02-05,2024-25,PHI,MIA,0,0.4131406,0.4141737
0022400722,2025-02-05,2024-25,TOR,MEM,0,0.3248567,0.32680684
0022400723,2025-02-05,2024-25,MIN,CHI,1,0.8039111,0.8011978
0022400724,2025-02-05,2024-25,OKC,PHX,1,0.70660514,0.7043889
0022400725,2025-02-05,2024-25,UTA,GSW,1,0.25848356,0.26094246
0022400726,2025-02-05,2024-25,DEN,NOP,1,0.8238195,0.8210861
0022400727,2025-02-05,2024-25,SAC,ORL,0,0.73734564,0.73491246
0022400728,2025-02-06,2024-25,BOS,DAL,0,0.82108265,0.81835
0022400729,2025-02-06,2024-25,MIN,HOU,1,0.50527537,0.5052113
0022400730,2025-02-06,2024-25,DEN,ORL,1,0.77518964,0.77256095
0022400731,2025-02-06,2024-25,LAL,GSW,1,0.72531277,0.72295886
0022400732,2025-02-06,2024-25,POR,SAC,1,0.3739646,0.37542966
0022400733,2025-02-06,2024-25,LAC,IND,0,0.5617071,0.5609657
0022400734,2025-02-07,2024-25,CHA,SAS,1,0.2949781,0.29718196
0022400735,2025-02-07,2024-25,WAS,CLE,0,0.15055723,0.15326238
0022400736,2025-02-07,2024-25,ATL,MIL,1,0.32020628,0.32219824
0022400737,2025-02-07,2024-25,BKN,MIA,1,0.3032412,0.30537853
0022400738,2025-02-07,2024-25,DET,PHI,1,0.61011744,0.6088239
0022400739,2025-02-07,2024-25,OKC,TOR,1,0.8134424,0.81071526
0022400740,2025-02-07,2024-25,PHX,UTA,1,0.78810763,0.78543335
0022400741,2025-02-08,2024-25,DAL,HOU,1,0.48793682,0.4880832
0022400742,2025-02-08,2024-25,LAL,IND,1,0.5670021,0.5661986
0022400743,2025-02-08,2024-25,ORL,SAS,1,0.51957726,0.5193399
0022400744,2025-02-08,2024-25,WAS,ATL,0,0.30825695,0.3103525
0022400745,2025-02-08,2024-25,CHI,GSW,0,0.489313,0.48944262
0022400746,2025-02-08,2024-25,MEM,OKC,0,0.49128702,0.4913927
0022400747,2025-02-08,2024-25,MIN,POR,1,0.7718283,0.76921326
0022400748,2025-02-08,2024-25,NYK,BOS,0,0.5120729,0.51192653
0022400749,2025-02-08,2024-25,PHX,DEN,0,0.3242074,0.3261634
0022400750,2025-02-08,2024-25,SAC,NOP,1,0.8007223,0.79801536
0022400751,2025-02-08,2024-25,LAC,UTA,1,0.8685991,0.86596096
0022400752,2025-02-09,2024-25,DET,CHA,1,0.71166867,0.7094135
0022400753,2025-02-09,2024-25,HOU,TOR,1,0.68764013,0.6855795
0022400754,2025-02-09,2024-25,MIL,PHI,1,0.6381951,0.63660324
0022400755,2025-02-10,2024-25,CLE,MIN,1,0.6526617,0.6509244
0022400756,2025-02-10,2024-25,ORL,ATL,0,0.5480398,0.5474604
0022400757,2025-02-10,2024-25,WAS,SAS,0,0.22421539,0.22684652
0022400758,2025-02-10,2024-25,BKN,CHA,1,0.5920111,0.59091944
0022400759,2025-02-10,2024-25,MIA,BOS,0,0.2548798,0.25736013
0022400760,2025-02-10,2024-25,MIL,GSW,0,0.568226,0.5674081
0022400761,2025-02-10,2024-25,OKC,NOP,1,0.84623104,0.84351873
0022400762,2025-02-10,2024-25,DAL,SAC,0,0.48815444,0.48829824
0022400763,2025-02-10,2024-25,DEN,POR,1,0.7980284,0.7953274
0022400768,2025-02-10,2024-25,LAL,UTA,1,0.833209,0.8304784
0022400764,2025-02-11,2024-25,PHI,TOR,0,0.70339054,0.70119953
0022400765,2025-02-11,2024-25,IND,NYK,0,0.41013557,0.41120297
0022400766,2025-02-11,2024-25,CHI,DET,0,0.43212602,0.43293977
0022400767,2025-02-11,2024-25,PHX,MEM,0,0.427291,0.4281611
0022400769,2025-02-12,2024-25,BOS,SAS,1,0.7427955,0.74032885
0022400770,2025-02-12,2024-25,ORL,CHA,1,0.7108677,0.7086187
0022400771,2025-02-12,2024-25,WAS,IND,0,0.24895729,0.25147122
0022400772,2025-02-12,2024-25,BKN,PHI,1,0.37787393,0.3792974
0022400773,2025-02-12,2024-25,NYK,ATL,1,0.7156169,0.7133323
0022400774,2025-02-12,2024-25,TOR,CLE,0,0.20681304,0.20950192
0022400775,2025-02-12,2024-25,CHI,DET,0,0.405127,0.406251
0022400776,2025-02-12,2024-25,MIN,MIL,0,0.57300997,0.5721364
0022400777,2025-02-12,2024-25,NOP,SAC,0,0.26040754,0.26285473
0022400778,2025-02-12,2024-25,OKC,MIA,1,0.7644034,0.7618213
0022400779,2025-02-12,2024-25,HOU,PHX,1,0.63588744,0.6343193
0022400780,2025-02-12,2024-25,DEN,POR,1,0.80093694,0.79822946
0022400781,2025-02-12,2024-25,UTA,LAL,1,0.20399605,0.2066922
0022400782,2025-02-12,2024-25,DAL,GSW,1,0.53944266,0.53896594
0022400783,2025-02-12,2024-25,LAC,MEM,1,0.66096646,0.6591485
0022400784,2025-02-13,2024-25,HOU,GSW,0,0.5326941,0.53229845
0022400785,2025-02-13,2024-25,NOP,SAC,1,0.22666101,0.22928232
0022400786,2025-02-13,2024-25,DAL,MIA,1,0.568102,0.5672856
0022400787,2025-02-13,2024-25,MIN,OKC,1,0.32713324,0.32906264
0022401004,2025-02-13,2024-25,UTA,LAC,0,0.17831393,0.18104677
0022400524,2025-02-19,2024-25,LAL,CHA,0,0.8377309,0.83500475
0022400788,2025-02-20,2024-25,IND,MEM,1,0.5492535,0.5486596
0022400789,2025-02-20,2024-25,PHI,BOS,0,0.1999932,0.20269859
0022400790,2025-02-20,2024-25,ATL,ORL,0,0.5490732,0.54848146
0022400791,2025-02-20,2024-25,BKN,CLE,0,0.20817123,0.2108564
0022400792,2025-02-20,2024-25,NYK,CHI,1,0.83612543,0.83339745
0022400793,2025-02-20,2024-25,MIL,LAC,1,0.381698,0.38308048
0022400794,2025-02-20,2024-25,DEN,CHA,1,0.87393266,0.8713211
0022400795,2025-02-20,2024-25,SAS,PHX,1,0.64327747,0.64163387
0022400796,2025-02-20,2024-25,POR,LAL,0,0.30145076,0.30360273
0022400797,2025-02-21,2024-25,CLE,NYK,1,0.46095002,0.46142203
0022400798,2025-02-21,2024-25,ORL,MEM,0,0.4513746,0.451961
0022400799,2025-02-21,2024-25,WAS,MIL,0,0.20965956,0.21234052
0022400800,2025-02-21,2024-25,TOR,MIA,0,0.42882553,0.42967778
0022400801,2025-02-21,2024-25,HOU,MIN,1,0.4902229,0.49034154
0022400802,2025-02-21,2024-25,SAS,DET,0,0.43904582,0.43977833
0022400803,2025-02-21,2024-25,DAL,NOP,1,0.7058866,0.703676
0022400804,2025-02-21,2024-25,UTA,OKC,0,0.15924554,0.16196764
0022400805,2025-02-21,2024-25,SAC,GSW,0,0.61843735,0.61705345
0022400806,2025-02-22,2024-25,CHI,PHX,0,0.39237556,0.39364168
0022400807,2025-02-22,2024-25,PHI,BKN,0,0.67653626,0.67457354
0022400808,2025-02-22,2024-25,DEN,LAL,0,0.6991463,0.6969894
0022400809,2025-02-22,2024-25,UTA,HOU,1,0.25494215,0.25742212
0022400810,2025-02-22,2024-25,POR,CHA,1,0.69689745,0.69475895
0022400811,2025-02-23,2024-25,BOS,NYK,1,0.6226988,0.6212691
0022400812,2025-02-23,2024-25,GSW,DAL,1,0.5109651,0.51083213
0022400813,2025-02-23,2024-25,IND,LAC,1,0.4715543,0.47189885
0022400814,2025-02-23,2024-25,ATL,DET,0,0.44418782,0.44485965
0022400815,2025-02-23,2024-25,ORL,WAS,1,0.80776817,0.80504847
0022400816,2025-02-23,2024-25,TOR,PHX,1,0.45804778,0.45855454
0022400817,2025-02-23,2024-25,MIL,MIA,1,0.5822609,0.58128035
0022400818,2025-02-23,2024-25,NOP,SAS,1,0.28972864,0.29197314
0022400819,2025-02-23,2024-25,CLE,MEM,1,0.61514497,0.61379665
0022400820,2025-02-23,2024-25,MIN,OKC,0,0.42796814,0.42883036
0022400821,2025-02-24,2024-25,DET,LAC,1,0.5211196,0.5208636
0022400822,2025-02-24,2024-25,IND,DEN,0,0.34532037,0.34707746
0022400823,2025-02-24,2024-25,PHI,CHI,0,0.62493056,0.6234772
0022400824,2025-02-24,2024-25,WAS,BKN,1,0.33245927,0.33433938
0022400825,2025-02-24,2024-25,ATL,MIA,1,0.565406,0.5646212
0022400826,2025-02-24,2024-25,OKC,MIN,0,0.73022825,0.727841
0022400827,2025-02-24,2024-25,UTA,POR,0,0.3758008,0.37724638
0022400828,2025-02-24,2024-25,SAC,CHA,1,0.7829892,0.78033155
0022400829,2025-02-25,2024-25,TOR,BOS,0,0.15724294,0.15996182
0022400830,2025-02-25,2024-25,ORL,CLE,0,0.31289622,0.31495222
0022400831,2025-02-25,2024-25,HOU,MIL,1,0.5268962,0.52657044
0022400832,2025-02-25,2024-25,MEM,PHX,1,0.66023624,0.65842533
0022400833,2025-02-25,2024-25,NOP,SAS,1,0.27173492,0.27410898
0022400834,2025-02-25,2024-25,GSW,CHA,1,0.8205635,0.8178311
0022400835,2025-02-25,2024-25,LAL,DAL,1,0.66251665,0.66068393
0022400836,2025-02-26,2024-25,DET,BOS,1,0.41311023,0.41414374
0022400837,2025-02-26,2024-25,IND,TOR,1,0.8270367,0.8243033
0022400838,2025-02-26,2024-25,NYK,PHI,1,0.8254113,0.82267785
0022400839,2025-02-26,2024-25,WAS,POR,0,0.31012955,0.31220925
0022400840,2025-02-26,2024-25,BKN,OKC,0,0.15339567,0.15610725
0022400841,2025-02-26,2024-25,MIA,ATL,1,0.53120124,0.5308236
0022400842,2025-02-26,2024-25,CHI,LAC,0,0.30289668,0.30503687
0022400843,2025-02-26,2024-25,UTA,SAC,0,0.23882943,0.24139601
0022400844,2025-02-26,2024-25,HOU,SAS,1,0.5265726,0.5262507
0022400845,2025-02-27,2024-25,ORL,GSW,0,0.54501235,0.544469
0022400846,2025-02-27,2024-25,MIL,DEN,1,0.39704102,0.39825556
0022400847,2025-02-27,2024-25,DAL,CHA,1,0.83993775,0.8372144
0022400848,2025-02-27,2024-25,PHX,NOP,0,0.75960594,0.75704706
0022400849,2025-02-27,2024-25,LAL,MIN,1,0.60151714,0.60031873
0022400850,2025-02-28,2024-25,DET,DEN,0,0.4854895,0.4856655
0022400851,2025-02-28,2024-25,ATL,OKC,0,0.27392188,0.27628103
0022400852,2025-02-28,2024-25,BOS,CLE,0,0.6463024,0.6446282
0022400853,2025-02-28,2024-25,BKN,POR,0,0.44045624,0.44117215
0022400854,2025-02-28,2024-25,MIA,IND,1,0.42780846,0.42867258
0022400855,2025-02-28,2024-25,CHI,TOR,1,0.59403026,0.5929158
0022400856,2025-02-28,2024-25,MEM,NYK,0,0.44741952,0.448053
0022400857,2025-02-28,2024-25,PHX,NOP,1,0.765124,0.7625386
0022400858,2025-02-28,2024-25,UTA,MIN,1,0.24149737,0.2440507
0022400859,2025-02-28,2024-25,LAL,LAC,1,0.49372151,0.49379772
0022400860,2025-03-01,2024-25,CHA,WAS,0,0.4191716,0.42013565
0022400861,2025-03-01,2024-25,DET,BKN,1,0.7694324,0.7668277
0022400862,2025-03-01,2024-25,HOU,SAC,0,0.46827897,0.46866292
0022400863,2025-03-01,2024-25,MEM,SAS,0,0.5263681,0.52604866
0022400864,2025-03-01,2024-25,PHI,GSW,1,0.33892807,0.340747
0022400865,2025-03-01,2024-25,DAL,MIL,0,0.4435837,0.44426262
0022400866,2025-03-02,2024-25,BOS,DEN,1,0.7198839,0.7175682
0022400867,2025-03-02,2024-25,CLE,POR,1,0.8331242,0.8303937
0022400868,2025-03-02,2024-25,IND,CHI,1,0.7443584,0.7418825
0022400869,2025-03-02,2024-25,MIA,NYK,0,0.34916422,0.3508835
0022400870,2025-03-02,2024-25,ORL,TOR,0,0.7412913,0.7388338
0022400871,2025-03-02,2024-25,SAS,OKC,0,0.25652722,0.25899786
0022400872,2025-03-02,2024-25,UTA,NOP,0,0.5640924,0.563323
0022400873,2025-03-02,2024-25,PHX,MIN,0,0.47716802,0.4774447
0022400874,2025-03-02,2024-25,LAL,LAC,1,0.55667126,0.55598927
0022400875,2025-03-03,2024-25,CHA,GSW,0,0.19386914,0.19658628
0022400876,2025-03-03,2024-25,PHI,POR,0,0.63186944,0.6303431
0022400877,2025-03-03,2024-25,MIA,WAS,1,0.8043318,0.8016178
0022400878,2025-03-03,2024-25,MEM,ATL,0,0.63677174,0.63519454
0022400879,2025-03-03,2024-25,OKC,HOU,1,0.59885967,0.5976909
0022400880,2025-03-03,2024-25,DAL,SAC,0,0.45716074,0.4576781
0022400881,2025-03-03,2024-25,UTA,DET,0,0.17100024,0.17373307
0022400882,2025-03-04,2024-25,IND,HOU,1,0.7961617,0.79346514
0022400883,2025-03-04,2024-25,ORL,TOR,0,0.7608423,0.75827736
0022400884,2025-03-04,2024-25,ATL,MIL,0,0.3186056,0.32061177
0022400885,2025-03-04,2024-25,NYK,GSW,0,0.78139746,0.7787454
0022400886,2025-03-04,2024-25,CHI,CLE,0,0.22646798,0.22909005
0022400887,2025-03-04,2024-25,MIN,PHI,1,0.79141307,0.7887291
0022400888,2025-03-04,2024-25,SAS,BKN,1,0.74860907,0.7461087
0022400889,2025-03-04,2024-25,PHX,LAC,1,0.37118933,0.37268364
0022400890,2025-03-04,2024-25,LAL,NOP,1,0.84396935,0.84125257
0022400891,2025-03-05,2024-25,BOS,POR,1,0.8633427,0.86068183
0022400892,2025-03-05,2024-25,CHA,MIN,0,0.23024838,0.23285456
0022400893,2025-03-05,2024-25,CLE,MIA,1,0.5536323,0.5529863
0022400894,2025-03-05,2024-25,WAS,UTA,1,0.47748587,0.4777587
0022400895,2025-03-05,2024-25,MEM,OKC,0,0.2863133,0.2885836
0022400896,2025-03-05,2024-25,DEN,SAC,1,0.70201695,0.69983685
0022400897,2025-03-05,2024-25,MIL,DAL,1,0.5487226,0.54813504
0022400898,2025-03-05,2024-25,LAC,DET,1,0.45586267,0.45639563
0022400899,2025-03-06,2024-25,ATL,IND,1,0.40397444,0.40511146
0022400900,2025-03-06,2024-25,BOS,PHI,1,0.81515306,0.81242424
0022400901,2025-03-06,2024-25,BKN,GSW,0,0.27181563,0.27418914
0022400902,2025-03-06,2024-25,NOP,HOU,0,0.3026371,0.3047794
0022400903,2025-03-06,2024-25,LAL,NYK,1,0.49579656,0.49584755
0022400944,2025-03-06,2024-25,ORL,CHI,0,0.7717273,0.7691127
0022400904,2025-03-07,2024-25,CHA,CLE,0,0.11939839,0.12197161
0022400905,2025-03-07,2024-25,TOR,UTA,1,0.6662542,0.6643862
0022400906,2025-03-07,2024-25,DAL,MEM,0,0.52891433,0.5285642
0022400907,2025-03-07,2024-25,MIA,MIN,0,0.5102977,0.5101728
0022400908,2025-03-07,2024-25,OKC,POR,1,0.84873015,0.8460234
0022400909,2025-03-07,2024-25,DEN,PHX,1,0.76163495,0.7590661
0022400910,2025-03-07,2024-25,SAC,SAS,1,0.6131229,0.61179656
0022400911,2025-03-07,2024-25,LAC,NYK,1,0.5158005,0.51560885
0022400912,2025-03-08,2024-25,CHA,BKN,1,0.32986882,0.33177304
0022400913,2025-03-08,2024-25,HOU,NOP,1,0.77862155,0.7759796
0022400914,2025-03-08,2024-25,ATL,IND,1,0.4240325,0.42494044
0022400915,2025-03-08,2024-25,TOR,WAS,0,0.58364874,0.58265233
0022400916,2025-03-08,2024-25,MIA,CHI,0,0.6689796,0.667086
0022400917,2025-03-08,2024-25,MIL,ORL,0,0.59303164,0.5919284
0022400918,2025-03-08,2024-25,BOS,LAL,1,0.52420646,0.52391315
0022400919,2025-03-08,2024-25,GSW,DET,1,0.5276096,0.52727515
0022400920,2025-03-09,2024-25,OKC,DEN,1,0.5015332,0.5015146
0022400921,2025-03-09,2024-25,DAL,PHX,0,0.5008866,0.5008759
0022400922,2025-03-09,2024-25,MIL,CLE,0,0.31941277,0.32141176
0022400923,2025-03-09,2024-25,NOP,MEM,0,0.22911456,0.23172562
0022400924,2025-03-09,2024-25,PHI,UTA,1,0.68722194,0.6851649
0022400925,2025-03-09,2024-25,MIN,SAS,1,0.6801854,0.67818993
0022400926,2025-03-09,2024-25,POR,DET,0,0.3774969,0.37892443
0022400927,2025-03-09,2024-25,LAC,SAC,1,0.6563433,0.65457
0022400928,2025-03-10,2024-25,ATL,PHI,1,0.7950072,0.79231364
0022400929,2025-03-10,2024-25,BOS,UTA,1,0.9397842,0.9378693
0022400930,2025-03-10,2024-25,BKN,LAL,1,0.21563703,0.21829934
0022400931,2025-03-10,2024-25,MIA,CHA,0,0.8486026,0.8458954
0022400932,2025-03-10,2024-25,TOR,WAS,1,0.71877176,0.71646404
0022400933,2025-03-10,2024-25,CHI,IND,1,0.33409125,0.33595604
0022400934,2025-03-10,2024-25,HOU,ORL,1,0.5725105,0.5716427
0022400935,2025-03-10,2024-25,MEM,PHX,1,0.5611436,0.5604089
0022400936,2025-03-10,2024-25,OKC,DEN,0,0.66283786,0.6610021
0022400937,2025-03-10,2024-25,SAS,DAL,0,0.6520836,0.650352
0022400938,2025-03-10,2024-25,GSW,POR,1,0.80475426,0.8020395
0022400939,2025-03-10,2024-25,SAC,NYK,0,0.3254445,0.32738927
0022400940,2025-03-11,2024-25,CLE,BKN,1,0.8901843,0.887677
0022400941,2025-03-11,2024-25,DET,WAS,1,0.90250987,0.9001076
0022400942,2025-03-11,2024-25,IND,MIL,1,0.40403816,0.4051744
0022400943,2025-03-11,2024-25,NOP,LAC,1,0.19147965,0.19420055
0022400945,2025-03-12,2024-25,ATL,CHA,1,0.72891873,0.7265402
0022400946,2025-03-12,2024-25,BOS,OKC,0,0.50945127,0.5093366
0022400947,2025-03-12,2024-25,TOR,PHI,1,0.60359836,0.60237676
0022400948,2025-03-12,2024-25,MIA,LAC,0,0.47737733,0.47765154
0022400949,2025-03-12,2024-25,HOU,PHX,1,0.5599539,0.5592332
0022400950,2025-03-12,2024-25,MEM,UTA,1,0.81857306,0.8158417
0022400951,2025-03-12,2024-25,SAS,DAL,1,0.6282129,0.62672496
0022400952,2025-03-12,2024-25,DEN,MIN,0,0.639811,0.6382026
0022400953,2025-03-12,2024-25,POR,NYK,0,0.30081293,0.30297014
0022400954,2025-03-13,2024-25,DET,WAS,0,0.84889364,0.8461871
0022400955,2025-03-13,2024-25,MIL,LAL,1,0.5351494,0.53472424
0022400956,2025-03-13,2024-25,CHI,BKN,1,0.69620055,0.69406784
0022400957,2025-03-13,2024-25,GSW,SAC,1,0.55573237,0.5550615
0022401141,2025-03-13,2024-25,NOP,ORL,0,0.29327753,0.29549468
0022400958,2025-03-14,2024-25,MIA,BOS,0,0.24790886,0.25042853
0022400959,2025-03-14,2024-25,PHI,IND,0,0.20394124,0.20663755
0022400960,2025-03-14,2024-25,ATL,LAC,0,0.37413174,0.375595
0022400961,2025-03-14,2024-25,HOU,DAL,1,0.7268039,0.72443974
0022400962,2025-03-14,2024-25,MEM,CLE,0,0.29195702,0.2941844
0022400963,2025-03-14,2024-25,MIN,ORL,1,0.77034986,0.76774114
0022400964,2025-03-14,2024-25,SAS,CHA,0,0.75508785,0.7525521
0022400965,2025-03-14,2024-25,DEN,LAL,1,0.6575455,0.6557606
0022400966,2025-03-14,2024-25,UTA,TOR,0,0.5432399,0.5427177
0022400967,2025-03-14,2024-25,PHX,SAC,1,0.5609982,0.5602651
0022400968,2025-03-15,2024-25,BKN,BOS,0,0.19183993,0.19456027
0022400969,2025-03-15,2024-25,DET,OKC,0,0.32497516,0.32692423
0022400970,2025-03-15,2024-25,HOU,CHI,1,0.70523477,0.7030293
0022400971,2025-03-15,2024-25,MEM,MIA,1,0.5808456,0.57988137
0022400972,2025-03-15,2024-25,MIL,IND,1,0.5961666,0.59502804
0022400973,2025-03-15,2024-25,SAS,NOP,1,0.6152608,0.6139112
0022400974,2025-03-15,2024-25,GSW,NYK,1,0.4074317,0.4085297
0022400975,2025-03-15,2024-25,DEN,WAS,0,0.88229144,0.879729
0022400538,2025-03-16,2024-25,LAC,CHA,1,0.8387303,0.83600533
0022400976,2025-03-16,2024-25,DAL,PHI,0,0.64821017,0.646517
0022400977,2025-03-16,2024-25,LAL,PHX,1,0.4896752,0.48980042
0022400978,2025-03-16,2024-25,BKN,ATL,1,0.29115012,0.29338375
0022400979,2025-03-16,2024-25,CLE,ORL,0,0.74238646,0.7399223
0022400980,2025-03-16,2024-25,POR,TOR,1,0.6231046,0.6216707
0022400981,2025-03-16,2024-25,MIN,UTA,1,0.8849114,0.88236624
0022400982,2025-03-16,2024-25,MIL,OKC,0,0.35328045,0.35495877
0022400537,2025-03-17,2024-25,LAL,SAS,1,0.65523297,0.65347046
0022400984,2025-03-17,2024-25,NYK,MIA,1,0.7375694,0.7351348
0022400985,2025-03-17,2024-25,HOU,PHI,1,0.8877072,0.88518155
0022400986,2025-03-17,2024-25,MIN,IND,0,0.42680752,0.42768323
0022400987,2025-03-17,2024-25,NOP,DET,0,0.23207928,0.23467739
0022400989,2025-03-17,2024-25,UTA,CHI,0,0.26834154,0.27073824
0022400990,2025-03-17,2024-25,GSW,DEN,0,0.38097993,0.38237008
0022400991,2025-03-17,2024-25,PHX,TOR,1,0.7631563,0.7605802
0022400992,2025-03-17,2024-25,SAC,MEM,1,0.6207861,0.6193769
0022400995,2025-03-17,2024-25,POR,WAS,1,0.6986543,0.6965015
0022400993,2025-03-18,2024-25,CHA,ATL,0,0.3518272,0.35352007
0022400994,2025-03-18,2024-25,BOS,BKN,1,0.88480675,0.8822609
0022400997,2025-03-18,2024-25,LAC,CLE,1,0.41052327,0.41158623
0022401012,2025-03-18,2024-25,GSW,MIL,1,0.414742,0.41575685
0022400627,2025-03-19,2024-25,UTA,WAS,1,0.54383945,0.54331005
0022400998,2025-03-19,2024-25,IND,DAL,1,0.6575523,0.6557673
0022400999,2025-03-19,2024-25,ORL,HOU,0,0.42756927,0.42843613
0022401000,2025-03-19,2024-25,MIA,DET,0,0.4845725,0.4847596
0022401001,2025-03-19,2024-25,MIN,NOP,0,0.87547475,0.87287146
0022401002,2025-03-19,2024-25,OKC,PHI,1,0.89139193,0.88889396
0022401003,2025-03-19,2024-25,SAS,NYK,1,0.3238585,0.32581767
0022401006,2025-03-19,2024-25,LAL,DEN,1,0.6237931,0.6223519
0022401007,2025-03-19,2024-25,PHX,CHI,1,0.6490597,0.64735806
0022401008,2025-03-19,2024-25,POR,MEM,1,0.3005397,0.30269915
0022401009,2025-03-19,2024-25,SAC,CLE,1,0.5129244,0.5127676
0022400996,2025-03-20,2024-25,LAL,MIL,0,0.41902554,0.41999125
0022401005,2025-03-20,2024-25,GSW,TOR,1,0.79953176,0.7968274
0022401010,2025-03-20,2024-25,CHA,NYK,1,0.17551742,0.17825085
0022401011,2025-03-20,2024-25,IND,BKN,1,0.74859905,0.7460987
0022401013,2025-03-20,2024-25,SAC,CHI,0,0.7026712,0.7004859
0022401014,2025-03-21,2024-25,WAS,ORL,0,0.17734148,0.1800746
0022401015,2025-03-21,2024-25,MIA,HOU,0,0.36666256,0.3682042
0022401016,2025-03-21,2024-25,MIN,NOP,1,0.8643871,0.8617305
0022401017,2025-03-21,2024-25,OKC,CHA,1,0.8628974,0.86023486
0022401018,2025-03-21,2024-25,SAS,PHI,1,0.7498818,0.7473743
0022401019,2025-03-21,2024-25,DAL,DET,1,0.3532995,0.3549776
0022401020,2025-03-21,2024-25,UTA,BOS,0,0.12624134,0.12885387
0022401021,2025-03-21,2024-25,PHX,CLE,1,0.35503784,0.35669848
0022401022,2025-03-21,2024-25,POR,DEN,1,0.3517356,0.35342932
0022401023,2025-03-21,2024-25,LAC,MEM,1,0.6549748,0.65321493
0022401024,2025-03-22,2024-25,IND,BKN,1,0.79519206,0.79249793
0022401025,2025-03-22,2024-25,ATL,GSW,1,0.40892887,0.41000992
0022401026,2025-03-22,2024-25,NYK,WAS,1,0.9220891,0.9199073
0022401027,2025-03-22,2024-25,SAC,MIL,0,0.55165994,0.55103743
0022401028,2025-03-22,2024-25,LAL,CHI,0,0.5617148,0.5609734
0022401029,2025-03-23,2024-25,DET,NOP,1,0.85234123,0.8496435
0022401030,2025-03-23,2024-25,UTA,CLE,0,0.12919167,0.13181926
0022401031,2025-03-23,2024-25,ATL,PHI,1,0.7535982,0.75107044
0022401032,2025-03-23,2024-25,MIA,CHA,1,0.7781535,0.77551323
0022401033,2025-03-23,2024-25,TOR,SAS,0,0.3445592,0.34632373
0022401034,2025-03-23,2024-25,POR,BOS,0,0.23611185,0.23869146
0022401035,2025-03-23,2024-25,HOU,DEN,0,0.6331147,0.63157535
0022401036,2025-03-23,2024-25,LAC,OKC,0,0.49394137,0.4940149
0022401037,2025-03-24,2024-25,IND,MIN,1,0.51227105,0.5121222
0022401038,2025-03-24,2024-25,ORL,LAL,1,0.4726741,0.47300503
0022401039,2025-03-24,2024-25,WAS,TOR,0,0.48025763,0.48049694
0022401040,2025-03-24,2024-25,BKN,DAL,0,0.3923131,0.39357987
0022401041,2025-03-24,2024-25,NOP,PHI,1,0.553291,0.5526491
0022401042,2025-03-24,2024-25,DEN,CHI,0,0.62908727,0.62759
0022401043,2025-03-24,2024-25,PHX,MIL,1,0.49561378,0.49566707
0022401044,2025-03-24,2024-25,SAC,BOS,0,0.4025473,0.4037003
0022401045,2025-03-25,2024-25,CHA,ORL,0,0.26444867,0.2668706
0022401046,2025-03-25,2024-25,DET,SAS,1,0.64667153,0.6449937
0022401047,2025-03-25,2024-25,MIA,GSW,1,0.41904643,0.42001194
0022401048,2025-03-25,2024-25,NYK,DAL,1,0.8240142,0.8212808
0022401049,2025-03-25,2024-25,HOU,ATL,1,0.6954309,0.6933045
0022401050,2025-03-25,2024-25,UTA,MEM,0,0.1909485,0.19367014
0022401051,2025-03-25,2024-25,POR,CLE,0,0.23645888,0.23903687
0022401052,2025-03-25,2024-25,SAC,OKC,0,0.24380499,0.24634647
0022401053,2025-03-26,2024-25,PHI,WAS,0,0.5428671,0.5423494
0022401054,2025-03-26,2024-25,BKN,TOR,0,0.63717806,0.6355967
0022401055,2025-03-26,2024-25,IND,LAL,0,0.5433199,0.54279673
0022401056,2025-03-26,2024-25,NYK,LAC,0,0.41942772,0.4203888
0022401057,2025-03-26,2024-25,DEN,MIL,1,0.48276407,0.4829731
0022401058,2025-03-26,2024-25,PHX,BOS,0,0.3455938,0.3473482
0022401059,2025-03-27,2024-25,CLE,SAS,1,0.78595054,0.78328305
0022401060,2025-03-27,2024-25,ORL,DAL,0,0.74611294,0.7436268
0022401061,2025-03-27,2024-25,WAS,IND,0,0.1185741,0.12114216
0022401062,2025-03-27,2024-25,MIA,ATL,1,0.4701751,0.47053617
0022401063,2025-03-27,2024-25,CHI,LAL,1,0.47603214,0.47632262
0022401064,2025-03-27,2024-25,OKC,MEM,1,0.69253916,0.6904369
0022401065,2025-03-27,2024-25,UTA,HOU,0,0.15623981,0.15895692
0022401066,2025-03-27,2024-25,SAC,POR,1,0.7082378,0.7060089
0022401067,2025-03-28,2024-25,DET,CLE,1,0.42539832,0.4262904
0022401068,2025-03-28,2024-25,BKN,LAC,0,0.22057042,0.22321543
0022401069,2025-03-28,2024-25,TOR,CHA,1,0.5101042,0.50998163
0022401070,2025-03-28,2024-25,MIL,NYK,0,0.42204514,0.42297605
0022401071,2025-03-28,2024-25,MIN,PHX,1,0.7156381,0.7133533
0022401072,2025-03-28,2024-25,NOP,GSW,0,0.18144417,0.18417554
0022401073,2025-03-28,2024-25,DEN,UTA,1,0.91475797,0.91248524
0022401074,2025-03-29,2024-25,ORL,SAC,1,0.54113334,0.54063636
0022401075,2025-03-29,2024-25,WAS,BKN,0,0.51410925,0.5139381
0022401076,2025-03-29,2024-25,PHI,MIA,0,0.18099654,0.18372817
0022401077,2025-03-29,2024-25,CHI,DAL,0,0.6170666,0.61569756
0022401078,2025-03-29,2024-25,MEM,LAL,0,0.5104223,0.5102958
0022401079,2025-03-29,2024-25,OKC,IND,1,0.68608606,0.6840389
0022401080,2025-03-29,2024-25,SAS,BOS,0,0.27753642,0.27987042
0022401081,2025-03-30,2024-25,CLE,LAC,1,0.6379825,0.63639283
0022401082,2025-03-30,2024-25,NYK,POR,1,0.8013284,0.7986202
0022401083,2025-03-30,2024-25,MIL,ATL,0,0.6149294,0.6135834
0022401084,2025-03-30,2024-25,MIN,DET,1,0.7044865,0.70228684
0022401085,2025-03-30,2024-25,NOP,CHA,1,0.47709143,0.47736907
0022401086,2025-03-30,2024-25,SAS,GSW,0,0.3177012,0.31971532
0022401087,2025-03-30,2024-25,PHI,TOR,0,0.27727318,0.27960905
0022401088,2025-03-30,2024-25,PHX,HOU,0,0.39759842,0.39880675
0022401089,2025-03-31,2024-25,CHA,UTA,1,0.45414132,0.4546948
0022401090,2025-03-31,2024-25,IND,SAC,1,0.5993319,0.5981579
0022401091,2025-03-31,2024-25,ORL,LAC,0,0.4840385,0.48423207
0022401092,2025-03-31,2024-25,WAS,MIA,0,0.18823245,0.19095767
0022401093,2025-03-31,2024-25,MEM,BOS,0,0.3656226,0.36717507
0022401094,2025-03-31,2024-25,OKC,CHI,1,0.7971483,0.7944493
0022401095,2025-03-31,2024-25,DAL,BKN,0,0.7924161,0.78972936
0022401096,2025-03-31,2024-25,LAL,HOU,1,0.6542619,0.65250885
0022400988,2025-04-01,2024-25,SAS,ORL,0,0.48204413,0.4822619
0022401097,2025-04-01,2024-25,ATL,POR,0,0.6658602,0.66399586
0022401098,2025-04-01,2024-25,NYK,PHI,1,0.92491174,0.9227677
0022401099,2025-04-01,2024-25,CHI,TOR,1,0.70271534,0.70052975
0022401100,2025-04-01,2024-25,MEM,GSW,0,0.4513417,0.4519285
0022401101,2025-04-01,2024-25,MIL,PHX,1,0.6064073,0.6051547
0022401102,2025-04-01,2024-25,DEN,MIN,0,0.47326526,0.4735891
0022401103,2025-04-02,2024-25,CLE,NYK,1,0.7476093,0.7451146
0022401104,2025-04-02,2024-25,IND,CHA,1,0.8726736,0.8700553
0022401105,2025-04-02,2024-25,WAS,SAC,1,0.12886222,0.13148817
0022401106,2025-04-02,2024-25,BOS,MIA,0,0.80979353,0.8070708
0022401107,2025-04-02,2024-25,HOU,UTA,1,0.88418835,0.88163835
0022401108,2025-04-02,2024-25,OKC,DET,1,0.75714546,0.7545991
0022401109,2025-04-02,2024-25,DAL,ATL,1,0.60492855,0.60369223
0022401110,2025-04-02,2024-25,DEN,SAS,0,0.7206977,0.7183762
0022401111,2025-04-02,2024-25,LAC,NOP,1,0.90086937,0.8984517
0022401112,2025-04-03,2024-25,WAS,ORL,0,0.110620044,0.11313337
0022401113,2025-04-03,2024-25,BKN,MIN,0,0.16807777,0.1708092
0022401114,2025-04-03,2024-25,MIA,MEM,0,0.29256788,0.29479054
0022401115,2025-04-03,2024-25,PHI,MIL,0,0.14559221,0.14828403
0022401116,2025-04-03,2024-25,TOR,POR,0,0.4006791,0.40185302
0022401117,2025-04-03,2024-25,LAL,GSW,0,0.54380107,0.5432722
0022401118,2025-04-04,2024-25,CHA,SAC,0,0.18230365,0.18503447
0022401119,2025-04-04,2024-25,IND,UTA,1,0.8785434,0.8759576
0022401120,2025-04-04,2024-25,BOS,PHX,1,0.8252613,0.8225279
0022401121,2025-04-04,2024-25,TOR,DET,0,0.18373318,0.18646291
0022401122,2025-04-04,2024-25,CHI,POR,1,0.664982,0.66312593
0022401123,2025-04-04,2024-25,HOU,OKC,1,0.3846253,0.38597608
0022401124,2025-04-04,2024-25,SAS,CLE,0,0.29098284,0.29321775
0022401125,2025-04-04,2024-25,GSW,DEN,1,0.74155533,0.73909616
0022401126,2025-04-04,2024-25,LAL,NOP,1,0.8817856,0.87921983
0022401127,2025-04-04,2024-25,LAC,DAL,1,0.7234864,0.72114515
0022401128,2025-04-05,2024-25,ATL,NYK,0,0.35178533,0.35347858
0022401129,2025-04-05,2024-25,DET,MEM,0,0.3101967,0.3122758
0022401130,2025-04-05,2024-25,PHI,MIN,0,0.12128301,0.12386767
0022401131,2025-04-05,2024-25,MIA,MIL,0,0.54468185,0.5441425
0022401132,2025-04-05,2024-25,LAC,DAL,1,0.7712555,0.7686429
0022400617,2025-04-06,2024-25,NOP,MIL,0,0.17953904,0.1822714
0022401133,2025-04-06,2024-25,CHA,CHI,0,0.2404121,0.24297087
0022401134,2025-04-06,2024-25,BKN,TOR,0,0.4247194,0.42561933
0022401135,2025-04-06,2024-25,OKC,LAL,0,0.65142006,0.64969504
0022401136,2025-04-06,2024-25,ATL,UTA,1,0.79161465,0.78893006
0022401137,2025-04-06,2024-25,BOS,WAS,1,0.93694353,0.93498075
0022401138,2025-04-06,2024-25,CLE,SAC,0,0.73112625,0.7287331
0022401139,2025-04-06,2024-25,POR,SAS,1,0.51327616,0.51311517
0022401140,2025-04-06,2024-25,NYK,PHX,1,0.76065207,0.75808805
0022401142,2025-04-06,2024-25,DEN,IND,0,0.55234456,0.5517139
0022401143,2025-04-06,2024-25,GSW,HOU,0,0.5443174,0.5437824
0022401144,2025-04-07,2024-25,DET,SAC,0,0.5955026,0.5943715
0022401145,2025-04-07,2024-25,MIA,PHI,1,0.88829577,0.88577443
0022401146,2025-04-08,2024-25,CHA,MEM,0,0.16179706,0.16452265
0022401147,2025-04-08,2024-25,CLE,CHI,1,0.82024324,0.8175109
0022401148,2025-04-08,2024-25,IND,WAS,1,0.901679,0.8992688
0022401149,2025-04-08,2024-25,ORL,ATL,1,0.6032871,0.602069
0022401150,2025-04-08,2024-25,BKN,NOP,1,0.5860899,0.58506554
0022401151,2025-04-08,2024-25,NYK,BOS,0,0.548491,0.54790616
0022401152,2025-04-08,2024-25,MIL,MIN,1,0.3393919,0.34120634
0022401153,2025-04-08,2024-25,OKC,LAL,1,0.6767113,0.67474693
0022401154,2025-04-08,2024-25,PHX,GSW,0,0.33654863,0.3383902
0022401155,2025-04-08,2024-25,LAC,SAS,1,0.75626177,0.7537199
0022401156,2025-04-09,2024-25,ORL,BOS,1,0.32236,0.32433268
0022401157,2025-04-09,2024-25,WAS,PHI,0,0.4220154,0.4229467
0022401158,2025-04-09,2024-25,TOR,CHA,1,0.70143366,0.6992583
0022401159,2025-04-09,2024-25,DAL,LAL,0,0.4453549,0.44601285
0022401160,2025-04-09,2024-25,CHI,MIA,1,0.34542248,0.34717858
0022401162,2025-04-09,2024-25,UTA,POR,1,0.27713442,0.27947125
0022401163,2025-04-09,2024-25,GSW,SAS,0,0.7458177,0.74333334
0022401164,2025-04-09,2024-25,PHX,OKC,0,0.22671956,0.22934061
0022401165,2025-04-09,2024-25,SAC,DEN,0,0.51607764,0.5158827
0022401166,2025-04-09,2024-25,LAC,HOU,1,0.47062355,0.47097927
0022401161,2025-04-10,2024-25,MIL,NOP,1,0.8892622,0.88674796
0022401167,2025-04-10,2024-25,DET,NYK,1,0.36433735,0.3659031
0022401168,2025-04-10,2024-25,IND,CLE,1,0.4815927,0.48181587
0022401169,2025-04-10,2024-25,BKN,ATL,0,0.16496383,0.16769284
0022401170,2025-04-10,2024-25,MEM,MIN,0,0.39639118,0.3976129
0022401171,2025-04-11,2024-25,DET,MIL,0,0.5861614,0.5851362
0022401172,2025-04-11,2024-25,IND,ORL,0,0.5002379,0.50023496
0022401173,2025-04-11,2024-25,PHI,ATL,0,0.19381128,0.19652851
0022401174,2025-04-11,2024-25,BOS,CHA,1,0.9033528,0.90095866
0022401175,2025-04-11,2024-25,NYK,CLE,0,0.5639208,0.5631534
0022401176,2025-04-11,2024-25,CHI,WAS,1,0.89318633,0.89070255
0022401177,2025-04-11,2024-25,NOP,MIA,0,0.13286734,0.13551214
0022401178,2025-04-11,2024-25,DAL,TOR,1,0.7221261,0.7197945
0022401179,2025-04-11,2024-25,MIN,BKN,1,0.9156727,0.91341084
0022401180,2025-04-11,2024-25,DEN,MEM,1,0.7094087,0.7071708
0022401181,2025-04-11,2024-25,UTA,OKC,0,0.16912201,0.171854
0022401182,2025-04-11,2024-25,PHX,SAS,1,0.5323335,0.5319422
0022401183,2025-04-11,2024-25,POR,GSW,0,0.2831779,0.28547138
0022401184,2025-04-11,2024-25,SAC,LAC,0,0.4715665,0.47191086
0022401185,2025-04-11,2024-25,LAL,HOU,1,0.7189146,0.7166059
0022401186,2025-04-13,2024-25,ATL,ORL,1,0.5545888,0.55393153
0022401187,2025-04-13,2024-25,BOS,CHA,1,0.92880803,0.9267191
0022401188,2025-04-13,2024-25,BKN,NYK,0,0.11800015,0.12056456
0022401189,2025-04-13,2024-25,CLE,IND,0,0.7953073,0.79261285
0022401190,2025-04-13,2024-25,MIA,WAS,0,0.9024109,0.9000078
0022401191,2025-04-13,2024-25,PHI,CHI,0,0.17380075,0.17653416
0022401192,2025-04-13,2024-25,MIL,DET,1,0.5623143,0.56156576
0022401193,2025-04-13,2024-25,HOU,DEN,0,0.26012895,0.26257783
0022401194,2025-04-13,2024-25,MEM,DAL,1,0.742558,0.74009275
0022401195,2025-04-13,2024-25,MIN,UTA,1,0.8943646,0.89189035
0022401196,2025-04-13,2024-25,NOP,OKC,0,0.13423812,0.13688892
0022401197,2025-04-13,2024-25,SAS,TOR,1,0.6777289,0.6757554
0022401198,2025-04-13,2024-25,GSW,LAC,0,0.453818,0.45437533
0022401199,2025-04-13,2024-25,POR,LAL,1,0.26832324,0.27072003
0022401200,2025-04-13,2024-25,SAC,PHX,1,0.7564166,0.75387394
0022500001,2025-10-21,2025-26,OKC,HOU,1,0.5667195,0.5659193
0022500002,2025-10-21,2025-26,LAL,GSW,0,0.28673744,0.28900456
0022500003,2025-10-22,2025-26,NYK,CLE,1,0.69978744,0.6976253
0022500004,2025-10-22,2025-26,DAL,SAS,0,0.49899614,0.49900824
0022500080,2025-10-22,2025-26,CHA,BKN,1,0.4812536,0.48148087
0022500081,2025-10-22,2025-26,ORL,MIA,1,0.571928,0.57106704
0022500082,2025-10-22,2025-26,ATL,TOR,0,0.6876787,0.68561774
0022500083,2025-10-22,2025-26,BOS,PHI,0,0.85482,0.8521294
0022500084,2025-10-22,2025-26,CHI,DET,1,0.51346356,0.51330024
0022500085,2025-10-22,2025-26,MEM,NOP,1,0.8143609,0.81163293
0022500086,2025-10-22,2025-26,MIL,WAS,1,0.82438517,0.8216517
0022500087,2025-10-22,2025-26,UTA,LAC,1,0.15290396,0.15561448
0022500088,2025-10-22,2025-26,PHX,SAC,1,0.37551448,0.3769631
0022500089,2025-10-22,2025-26,POR,MIN,0,0.24004261,0.24260323
0022500005,2025-10-23,2025-26,IND,OKC,0,0.64217603,0.6405435
0022500006,2025-10-23,2025-26,GSW,DEN,1,0.36497346,0.36653262
0022500018,2025-10-24,2025-26,NYK,BOS,1,0.41144705,0.4124995
0022500019,2025-10-24,2025-26,LAL,MIN,1,0.5328826,0.53248465
0022500090,2025-10-24,2025-26,ORL,ATL,0,0.5367347,0.53629047
0022500091,2025-10-24,2025-26,BKN,CLE,0,0.37682384,0.37825853
0022500092,2025-10-24,2025-26,TOR,MIL,0,0.37540472,0.37685448
0022500093,2025-10-24,2025-26,HOU,DET,0,0.53372926,0.53332114
0022500094,2025-10-24,2025-26,MEM,MIA,0,0.4462858,0.44693276
0022500095,2025-10-24,2025-26,NOP,SAS,0,0.5092037,0.509092
0022500096,2025-10-24,2025-26,DAL,WAS,0,0.6346902,0.6331345
0022500097,2025-10-24,2025-26,POR,GSW,1,0.45131287,0.45190006
0022500098,2025-10-24,2025-26,SAC,UTA,1,0.6956936,0.693565
0022500099,2025-10-24,2025-26,LAC,PHX,1,0.7052687,0.70306295
0022500100,2025-10-25,2025-26,ORL,CHI,0,0.39225718,0.3935246
0022500101,2025-10-25,2025-26,ATL,OKC,0,0.23385179,0.23644188
0022500102,2025-10-25,2025-26,PHI,CHA,1,0.62078625,0.6193772
0022500103,2025-10-25,2025-26,MEM,IND,1,0.44232053,0.4430144
0022500104,2025-10-25,2025-26,DEN,PHX,1,0.77043396,0.7678249
0022500105,2025-10-26,2025-26,SAS,BKN,1,0.87982684,0.8772489
0022500106,2025-10-26,2025-26,DET,BOS,1,0.43763834,0.43838742
0022500107,2025-10-26,2025-26,CLE,MIL,1,0.3282323,0.3301516
0022500108,2025-10-26,2025-26,MIA,NYK,1,0.40447852,0.40560982
0022500109,2025-10-26,2025-26,WAS,CHA,0,0.32888716,0.33080044
0022500110,2025-10-26,2025-26,MIN,IND,1,0.6972494,0.695108
0022500111,2025-10-26,2025-26,DAL,TOR,1,0.16726007,0.16999093
0022500112,2025-10-26,2025-26,LAC,POR,1,0.3718207,0.37330842
0022500113,2025-10-26,2025-26,SAC,LAL,0,0.5685076,0.56768644
0022500007,2025-10-27,2025-26,DET,CLE,0,0.40821153,0.40930068
0022500008,2025-10-27,2025-26,MIN,DEN,0,0.50554794,0.50548065
0022500114,2025-10-27,2025-26,PHI,ORL,1,0.48526287,0.48544163
0022500115,2025-10-27,2025-26,CHI,ATL,1,0.6728168,0.6708879
0022500116,2025-10-27,2025-26,HOU,BKN,1,0.780968,0.77831745
0022500117,2025-10-27,2025-26,NOP,BOS,0,0.54492766,0.5443854
0022500118,2025-10-27,2025-26,SAS,TOR,1,0.69649523,0.69436
0022500119,2025-10-27,2025-26,DAL,OKC,0,0.1460511,0.14874427
0022500120,2025-10-27,2025-26,UTA,PHX,1,0.75401807,0.751488
0022500121,2025-10-27,2025-26,GSW,MEM,1,0.7987048,0.7960022
0022500122,2025-10-27,2025-26,LAL,POR,0,0.46802402,0.46841103
0022500123,2025-10-28,2025-26,WAS,PHI,0,0.45508248,0.45562467
0022500124,2025-10-28,2025-26,MIA,CHA,1,0.7362299,0.73380375
0022500125,2025-10-28,2025-26,MIL,NYK,1,0.58248407,0.581501
0022500126,2025-10-28,2025-26,OKC,SAC,1,0.6939239,0.6918101
0022500127,2025-10-28,2025-26,GSW,LAC,1,0.38968128,0.39097697
0022500128,2025-10-29,2025-26,BOS,CLE,1,0.4782176,0.47848165
0022500129,2025-10-29,2025-26,DET,ORL,1,0.58399826,0.5829978
0022500130,2025-10-29,2025-26,BKN,ATL,0,0.475159,0.47545993
0022500131,2025-10-29,2025-26,TOR,HOU,0,0.43925986,0.43998984
0022500132,2025-10-29,2025-26,CHI,SAC,1,0.7617327,0.7591634
0022500133,2025-10-29,2025-26,DAL,IND,1,0.45144546,0.45203105
0022500134,2025-10-29,2025-26,DEN,NOP,1,0.7872236,0.78455204
0022500135,2025-10-29,2025-26,UTA,POR,0,0.5295694,0.52921134
0022500136,2025-10-29,2025-26,MIN,LAL,0,0.46556145,0.46597806
0022500137,2025-10-29,2025-26,PHX,MEM,0,0.33786282,0.3396919
0022500138,2025-10-30,2025-26,CHA,ORL,0,0.68136835,0.6793625
0022500139,2025-10-30,2025-26,MIL,GSW,1,0.61544025,0.61408865
0022500140,2025-10-30,2025-26,OKC,WAS,1,0.8196483,0.8169164
0022500141,2025-10-30,2025-26,SAS,MIA,1,0.6458399,0.6441704
0022500020,2025-10-31,2025-26,IND,ATL,0,0.57134837,0.5704941
0022500021,2025-10-31,2025-26,PHI,BOS,0,0.47900108,0.47925565
0022500022,2025-10-31,2025-26,CLE,TOR,0,0.7067323,0.704515
0022500023,2025-10-31,2025-26,CHI,NYK,1,0.651553,0.64982665
0022500024,2025-10-31,2025-26,MEM,LAL,0,0.5279634,0.5276248
0022500025,2025-10-31,2025-26,PHX,UTA,1,0.4048249,0.40595233
0022500026,2025-10-31,2025-26,POR,DEN,1,0.47341034,0.47373247
0022500027,2025-10-31,2025-26,LAC,NOP,1,0.7997385,0.79703367
0022500142,2025-11-01,2025-26,MIL,SAC,0,0.6948501,0.69272846
0022500143,2025-11-01,2025-26,CHA,MIN,0,0.5003893,0.5003845
0022500144,2025-11-01,2025-26,IND,GSW,1,0.26294458,0.265376
0022500145,2025-11-01,2025-26,WAS,ORL,0,0.45643753,0.45696357
0022500146,2025-11-01,2025-26,BOS,HOU,0,0.46778098,0.46817094
0022500148,2025-11-02,2025-26,OKC,NOP,1,0.86751515,0.86487216
0022500149,2025-11-02,2025-26,BKN,PHI,0,0.32409188,0.32604894
0022500150,2025-11-02,2025-26,CHA,UTA,1,0.38825357,0.38956487
0022500151,2025-11-02,2025-26,CLE,ATL,1,0.6095437,0.60825646
0022500152,2025-11-02,2025-26,TOR,MEM,1,0.4068053,0.4079104
0022500153,2025-11-02,2025-26,NYK,CHI,1,0.41676357,0.41775528
0022500154,2025-11-02,2025-26,PHX,SAS,1,0.24612433,0.2486536
0022500155,2025-11-02,2025-26,LAL,MIA,1,0.52635247,0.5260332
0022500156,2025-11-03,2025-26,BKN,MIN,0,0.33812004,0.33994666
0022500157,2025-11-03,2025-26,IND,MIL,0,0.25282854,0.25532073
0022500158,2025-11-03,2025-26,BOS,UTA,0,0.74144346,0.73898494
0022500159,2025-11-03,2025-26,NYK,WAS,1,0.73067087,0.7282807
0022500160,2025-11-03,2025-26,HOU,DAL,1,0.77776396,0.7751252
0022500161,2025-11-03,2025-26,MEM,DET,0,0.50101703,0.5010047
0022500162,2025-11-03,2025-26,DEN,SAC,1,0.8582552,0.85557556
0022500163,2025-11-03,2025-26,POR,LAL,0,0.5700638,0.5692245
0022500164,2025-11-03,2025-26,LAC,MIA,0,0.5674934,0.56668407
0022500165,2025-11-04,2025-26,TOR,MIL,1,0.3495811,0.35129628
0022500166,2025-11-04,2025-26,ATL,ORL,1,0.5877365,0.58669335
0022500167,2025-11-04,2025-26,CHI,PHI,1,0.72583646,0.7234789
0022500168,2025-11-04,2025-26,NOP,CHA,1,0.52561617,0.5253058
0022500169,2025-11-04,2025-26,GSW,PHX,1,0.75937873,0.7568211
0022500170,2025-11-04,2025-26,LAC,OKC,0,0.36696073,0.3684993
0022500171,2025-11-05,2025-26,CLE,PHI,1,0.5976044,0.5964497
0022500172,2025-11-05,2025-26,DET,UTA,1,0.6601183,0.6583085
0022500173,2025-11-05,2025-26,IND,BKN,0,0.6654427,0.6635823
0022500174,2025-11-05,2025-26,BOS,WAS,1,0.7830604,0.7804025
0022500175,2025-11-05,2025-26,NYK,MIN,1,0.556177,0.5555009
0022500176,2025-11-05,2025-26,MEM,HOU,0,0.333393,0.33526435
0022500177,2025-11-05,2025-26,DAL,NOP,0,0.71963835,0.7173244
0022500178,2025-11-05,2025-26,DEN,MIA,1,0.66323775,0.66139823
0022500179,2025-11-05,2025-26,LAL,SAS,1,0.338996,0.34081426
0022500180,2025-11-05,2025-26,POR,OKC,1,0.45745233,0.45796624
0022500181,2025-11-05,2025-26,SAC,GSW,1,0.34806857,0.3497987
0022500182,2025-11-06,2025-26,PHX,LAC,1,0.4828733,0.483081
0022500028,2025-11-07,2025-26,ORL,BOS,1,0.49569893,0.4957512
0022500029,2025-11-07,2025-26,WAS,CLE,0,0.23995055,0.2425116
0022500030,2025-11-07,2025-26,ATL,TOR,0,0.5795489,0.5785996
0022500031,2025-11-07,2025-26,BKN,DET,0,0.30042267,0.30258304
0022500032,2025-11-07,2025-26,SAS,HOU,1,0.54749733,0.5469243
0022500033,2025-11-07,2025-26,MIA,CHA,1,0.7624201,0.75984746
0022500034,2025-11-07,2025-26,MEM,DAL,1,0.58814543,0.5870977
0022500035,2025-11-07,2025-26,MIL,CHI,1,0.54335177,0.5428282
0022500036,2025-11-07,2025-26,MIN,UTA,1,0.7352323,0.7328125
0022500037,2025-11-07,2025-26,DEN,GSW,1,0.73075354,0.72836286
0022500038,2025-11-07,2025-26,SAC,OKC,0,0.2974503,0.29963458
0022500183,2025-11-08,2025-26,WAS,DAL,0,0.41111866,0.4121748
0022500184,2025-11-08,2025-26,PHI,TOR,1,0.68236846,0.68035376
0022500185,2025-11-08,2025-26,ATL,LAL,1,0.3771148,0.37854636
0022500186,2025-11-08,2025-26,CLE,CHI,1,0.45205727,0.45263556
0022500187,2025-11-08,2025-26,MIA,POR,1,0.43664396,0.43740466
0022500188,2025-11-08,2025-26,SAS,NOP,1,0.78826267,0.7855879
0022500189,2025-11-08,2025-26,DEN,IND,1,0.7449415,0.74246216
0022500190,2025-11-08,2025-26,LAC,PHX,0,0.51945555,0.5192197
0022500191,2025-11-09,2025-26,MIL,HOU,0,0.5079403,0.507844
0022500192,2025-11-09,2025-26,NYK,BKN,1,0.78647053,0.7838013
0022500193,2025-11-09,2025-26,ORL,BOS,0,0.4248489,0.4257474
0022500194,2025-11-09,2025-26,MEM,OKC,0,0.26437825,0.26680058
0022500195,2025-11-09,2025-26,PHI,DET,0,0.44943216,0.45004168
0022500196,2025-11-09,2025-26,GSW,IND,1,0.79140896,0.78872496
0022500197,2025-11-09,2025-26,SAC,MIN,0,0.41959748,0.4205566
0022500198,2025-11-10,2025-26,CHA,LAL,0,0.2934222,0.29563823
0022500199,2025-11-10,2025-26,DET,WAS,1,0.822625,0.81989187
0022500200,2025-11-10,2025-26,ORL,POR,1,0.39075476,0.39203867
0022500201,2025-11-10,2025-26,MIA,CLE,1,0.45041353,0.45101145
0022500202,2025-11-10,2025-26,CHI,SAS,0,0.57008857,0.569249
0022500203,2025-11-10,2025-26,DAL,MIL,0,0.2750039,0.2773556
0022500204,2025-11-10,2025-26,PHX,NOP,1,0.7992145,0.7965108
0022500205,2025-11-10,2025-26,UTA,MIN,0,0.39516824,0.3964035
0022500206,2025-11-10,2025-26,LAC,ATL,0,0.6283391,0.6268498
0022500207,2025-11-11,2025-26,BKN,TOR,0,0.29832083,0.30049813
0022500208,2025-11-11,2025-26,NYK,MEM,1,0.7392626,0.7368175
0022500209,2025-11-11,2025-26,PHI,BOS,1,0.5187518,0.51852447
0022500210,2025-11-11,2025-26,OKC,GSW,1,0.7031673,0.7009781
0022500211,2025-11-11,2025-26,UTA,IND,1,0.54076314,0.5402706
0022500212,2025-11-11,2025-26,SAC,DEN,0,0.28062597,0.28293797
0022500213,2025-11-12,2025-26,CHA,MIL,1,0.23609693,0.23867661
0022500214,2025-11-12,2025-26,DET,CHI,1,0.60970724,0.6084182
0022500215,2025-11-12,2025-26,NYK,ORL,0,0.699405,0.6972461
0022500216,2025-11-12,2025-26,BOS,MEM,1,0.6971717,0.6950309
0022500217,2025-11-12,2025-26,MIA,CLE,0,0.39064088,0.39192605
0022500218,2025-11-12,2025-26,HOU,WAS,1,0.86003554,0.85736215
0022500219,2025-11-12,2025-26,NOP,POR,0,0.297697,0.29987928
0022500220,2025-11-12,2025-26,SAS,GSW,0,0.6695695,0.6676705
0022500221,2025-11-12,2025-26,DAL,PHX,0,0.34438986,0.34615603
0022500222,2025-11-12,2025-26,OKC,LAL,1,0.5693596,0.56852853
0022500223,2025-11-12,2025-26,SAC,ATL,0,0.31579137,0.31782228
0022500224,2025-11-12,2025-26,LAC,DEN,0,0.38153362,0.38291782
0022500225,2025-11-13,2025-26,CLE,TOR,0,0.5129918,0.5128342
0022500226,2025-11-13,2025-26,PHX,IND,1,0.72644645,0.7240848
0022500227,2025-11-13,2025-26,UTA,ATL,0,0.42128906,0.42222872
0022500039,2025-11-14,2025-26,NYK,MIA,1,0.6594135,0.6576106
0022500040,2025-11-14,2025-26,ORL,BKN,1,0.77926284,0.7766185
0022500041,2025-11-14,2025-26,DET,PHI,1,0.48527318,0.4854518
0022500042,2025-11-14,2025-26,HOU,POR,1,0.656461,0.65468657
0022500043,2025-11-14,2025-26,MIL,CHA,1,0.7654179,0.76283115
0022500044,2025-11-14,2025-26,MIN,SAC,1,0.8171563,0.8144259
0022500045,2025-11-14,2025-26,NOP,LAL,0,0.2607405,0.26318562
0022500046,2025-11-14,2025-26,DAL,LAC,0,0.37267658,0.37415525
0022500047,2025-11-14,2025-26,SAS,GSW,0,0.6472502,0.6455666
0022500228,2025-11-15,2025-26,CLE,MEM,1,0.74457085,0.7420937
0022500229,2025-11-15,2025-26,CHA,OKC,0,0.24785094,0.25037092
0022500230,2025-11-15,2025-26,IND,TOR,0,0.27623495,0.27857807
0022500231,2025-11-15,2025-26,MIL,LAL,0,0.5694872,0.56865466
0022500232,2025-11-15,2025-26,MIN,DEN,0,0.3998199,0.40100345
0022500233,2025-11-16,2025-26,BOS,LAC,1,0.61389583,0.6125611
0022500234,2025-11-16,2025-26,SAS,SAC,1,0.82156366,0.8188309
0022500235,2025-11-16,2025-26,WAS,BKN,0,0.5043987,0.5043453
0022500236,2025-11-16,2025-26,HOU,ORL,1,0.69538724,0.69326127
0022500237,2025-11-16,2025-26,NOP,GSW,0,0.26589102,0.26830366
0022500238,2025-11-16,2025-26,DAL,POR,1,0.3480946,0.3498245
0022500239,2025-11-16,2025-26,PHX,ATL,0,0.5758903,0.5749833
0022500240,2025-11-16,2025-26,UTA,CHI,1,0.36627617,0.36782187
0022500241,2025-11-17,2025-26,CLE,MIL,1,0.5294589,0.5291022
0022500242,2025-11-17,2025-26,DET,IND,1,0.7725585,0.76994044
0022500243,2025-11-17,2025-26,PHI,LAC,1,0.6826863,0.6806688
0022500244,2025-11-17,2025-26,MIA,NYK,1,0.4009771,0.4021477
0022500245,2025-11-17,2025-26,TOR,CHA,1,0.75473005,0.7521962
0022500246,2025-11-17,2025-26,MIN,DAL,1,0.843509,0.8407915
0022500247,2025-11-17,2025-26,NOP,OKC,0,0.16197933,0.16470514
0022500248,2025-11-17,2025-26,DEN,CHI,0,0.76297987,0.7604045
0022500249,2025-11-18,2025-26,ORL,GSW,1,0.46821854,0.4686032
0022500250,2025-11-18,2025-26,BKN,BOS,0,0.23768176,0.2402539
0022500251,2025-11-18,2025-26,ATL,DET,0,0.7054658,0.7032585
0022500252,2025-11-18,2025-26,SAS,MEM,1,0.7272251,0.7248581
0022500253,2025-11-18,2025-26,LAL,UTA,1,0.6924628,0.69036114
0022500254,2025-11-18,2025-26,POR,PHX,0,0.37609905,0.37754142
0022500255,2025-11-19,2025-26,CLE,HOU,0,0.47481963,0.47512472
0022500256,2025-11-19,2025-26,IND,CHA,1,0.40011296,0.40129322
0022500257,2025-11-19,2025-26,MIA,GSW,1,0.522545,0.52227175
0022500258,2025-11-19,2025-26,PHI,TOR,0,0.48241067,0.48262393
0022500259,2025-11-19,2025-26,MIN,WAS,1,0.86239064,0.859726
0022500260,2025-11-19,2025-26,NOP,DEN,0,0.19088237,0.19360413
0022500261,2025-11-19,2025-26,OKC,SAC,1,0.8437082,0.840991
0022500262,2025-11-19,2025-26,DAL,NYK,0,0.28034773,0.28266174
0022500263,2025-11-19,2025-26,POR,CHI,0,0.3603445,0.3619513
0022500264,2025-11-20,2025-26,ORL,LAC,1,0.5807326,0.5797696
0022500265,2025-11-20,2025-26,MEM,SAC,1,0.637161,0.63557976
0022500266,2025-11-20,2025-26,MIL,PHI,0,0.71921986,0.716909
0022500267,2025-11-20,2025-26,SAS,ATL,1,0.53130704,0.53092813
0022500048,2025-11-21,2025-26,CLE,IND,1,0.83880055,0.8360757
0022500049,2025-11-21,2025-26,BOS,BKN,0,0.8075182,0.80479884
0022500050,2025-11-21,2025-26,TOR,WAS,1,0.84240377,0.8396843
0022500051,2025-11-21,2025-26,CHI,MIA,0,0.58266425,0.5816791
0022500052,2025-11-21,2025-26,DAL,NOP,1,0.6495021,0.6477961
0022500053,2025-11-21,2025-26,PHX,MIN,1,0.41560924,0.41661417
0022500054,2025-11-21,2025-26,HOU,DEN,0,0.51555145,0.51536286
0022500055,2025-11-21,2025-26,UTA,OKC,0,0.26079178,0.26323658
0022500056,2025-11-21,2025-26,GSW,POR,0,0.68717545,0.68511885
0022500268,2025-11-22,2025-26,CHA,LAC,0,0.42042756,0.42137715
0022500269,2025-11-22,2025-26,ORL,NYK,1,0.3852048,0.38654932
0022500270,2025-11-22,2025-26,NOP,ATL,0,0.21598032,0.21864147
0022500271,2025-11-22,2025-26,CHI,WAS,1,0.81402093,0.81129324
0022500272,2025-11-22,2025-26,MIL,DET,0,0.48355183,0.48375133
0022500273,2025-11-22,2025-26,DAL,MEM,0,0.5203684,0.5201215
0022500274,2025-11-22,2025-26,DEN,SAC,0,0.81636864,0.8136388
0022500275,2025-11-23,2025-26,PHI,MIA,0,0.46395114,0.46438712
0022500276,2025-11-23,2025-26,ATL,CHA,1,0.7540638,0.7515335
0022500277,2025-11-23,2025-26,BOS,ORL,1,0.6685533,0.66666377
0022500278,2025-11-23,2025-26,CLE,LAC,1,0.7814866,0.77883416
0022500279,2025-11-23,2025-26,TOR,BKN,1,0.7944912,0.7917989
0022500280,2025-11-23,2025-26,OKC,POR,1,0.8138528,0.81112534
0022500281,2025-11-23,2025-26,PHX,SAS,1,0.56747466,0.56666565
0022500282,2025-11-23,2025-26,UTA,LAL,0,0.29884985,0.30102292
0022500283,2025-11-24,2025-26,IND,DET,0,0.26860183,0.2709968
0022500284,2025-11-24,2025-26,TOR,CLE,1,0.5674647,0.5666558
0022500285,2025-11-24,2025-26,BKN,NYK,0,0.21137172,0.21404757
0022500286,2025-11-24,2025-26,MIA,DAL,1,0.70014817,0.69798315
0022500287,2025-11-24,2025-26,MEM,DEN,0,0.23670827,0.23928504
0022500288,2025-11-24,2025-26,MIL,POR,0,0.73840857,0.7359687
0022500289,2025-11-24,2025-26,NOP,CHI,1,0.30609518,0.30820888
0022500290,2025-11-24,2025-26,PHX,HOU,0,0.3805135,0.38190868
0022500291,2025-11-24,2025-26,GSW,UTA,1,0.78986055,0.787181
0022500292,2025-11-24,2025-26,SAC,MIN,1,0.18926191,0.19198585
0022500057,2025-11-25,2025-26,WAS,ATL,1,0.19192432,0.19464454
0022500058,2025-11-25,2025-26,PHI,ORL,0,0.57920617,0.5782608
0022500059,2025-11-25,2025-26,LAL,LAC,1,0.7541302,0.7515996
0022500060,2025-11-26,2025-26,BOS,DET,1,0.5794107,0.57846296
0022500061,2025-11-26,2025-26,CHA,NYK,0,0.23747176,0.24004489
0022500062,2025-11-26,2025-26,MIA,MIL,1,0.60784954,0.6065809
0022500063,2025-11-26,2025-26,TOR,IND,1,0.8067069,0.8039888
0022500064,2025-11-26,2025-26,OKC,MIN,1,0.6146065,0.613264
0022500065,2025-11-26,2025-26,NOP,MEM,0,0.39893028,0.40012375
0022500066,2025-11-26,2025-26,GSW,HOU,0,0.41418335,0.4152046
0022500067,2025-11-26,2025-26,POR,SAS,0,0.31268594,0.31474373
0022500068,2025-11-26,2025-26,SAC,PHX,0,0.28053263,0.28284532
0022500069,2025-11-28,2025-26,ATL,CLE,1,0.5857258,0.5847056
0022500070,2025-11-28,2025-26,BKN,PHI,0,0.29873645,0.3009104
0022500071,2025-11-28,2025-26,CHA,CHI,1,0.32619685,0.3281348
0022500072,2025-11-28,2025-26,DET,ORL,0,0.607919,0.60664964
0022500073,2025-11-28,2025-26,IND,WAS,1,0.6157139,0.6143594
0022500074,2025-11-28,2025-26,NYK,MIL,1,0.69684386,0.69470584
0022500075,2025-11-28,2025-26,OKC,PHX,1,0.7176911,0.71539134
0022500076,2025-11-28,2025-26,DEN,SAS,0,0.69127357,0.6891819
0022500077,2025-11-28,2025-26,UTA,SAC,1,0.5880667,0.5870198
0022500078,2025-11-28,2025-26,LAL,DAL,1,0.7742744,0.77164924
0022500079,2025-11-28,2025-26,LAC,MEM,0,0.6363757,0.63480264
0022500293,2025-11-29,2025-26,MIN,BOS,1,0.5924322,0.5913358
0022500294,2025-11-29,2025-26,CHA,TOR,1,0.21405543,0.21672294
0022500295,2025-11-29,2025-26,IND,CHI,1,0.2896938,0.2919386
0022500296,2025-11-29,2025-26,MIA,DET,0,0.67589504,0.6739381
0022500297,2025-11-29,2025-26,MIL,BKN,1,0.8118103,0.809085
0022500298,2025-11-29,2025-26,GSW,NOP,1,0.7960757,0.7933794
0022500299,2025-11-29,2025-26,PHX,DEN,0,0.38872594,0.3900321
0022500300,2025-11-29,2025-26,LAC,DAL,0,0.6637878,0.661943
0022500301,2025-11-30,2025-26,UTA,HOU,0,0.26165882,0.26409826
0022500302,2025-11-30,2025-26,CLE,BOS,0,0.6298857,0.62838
0022500303,2025-11-30,2025-26,NYK,TOR,1,0.7186617,0.71635497
0022500304,2025-11-30,2025-26,PHI,ATL,0,0.3813039,0.38269058
0022500305,2025-11-30,2025-26,POR,OKC,0,0.25774935,0.26021266
0022500306,2025-11-30,2025-26,MIN,SAS,1,0.536704,0.5362601
0022500307,2025-11-30,2025-26,SAC,MEM,0,0.49622816,0.49627396
0022500308,2025-11-30,2025-26,LAL,NOP,1,0.8773959,0.8748035
0022500309,2025-12-01,2025-26,DET,ATL,1,0.57162374,0.57076627
0022500310,2025-12-01,2025-26,IND,CLE,0,0.33555362,0.33740464
0022500311,2025-12-01,2025-26,WAS,MIL,1,0.23085809,0.23346159
0022500312,2025-12-01,2025-26,BKN,CHA,1,0.45340282,0.45396507
0022500313,2025-12-01,2025-26,MIA,LAC,1,0.67660826,0.6746448
0022500314,2025-12-01,2025-26,ORL,CHI,1,0.72564733,0.72329116
0022500315,2025-12-01,2025-26,DEN,DAL,0,0.8088193,0.806098
0022500316,2025-12-01,2025-26,UTA,HOU,1,0.26931414,0.2717044
0022500317,2025-12-01,2025-26,LAL,PHX,0,0.5644189,0.56364566
0022500318,2025-12-02,2025-26,PHI,WAS,1,0.81270134,0.8099751
0022500319,2025-12-02,2025-26,TOR,POR,1,0.67102593,0.66911346
0022500320,2025-12-02,2025-26,BOS,NYK,1,0.52793217,0.5275939
0022500321,2025-12-02,2025-26,NOP,MIN,0,0.20234303,0.20504315
0022500322,2025-12-02,2025-26,SAS,MEM,1,0.7082793,0.7060501
0022500323,2025-12-02,2025-26,GSW,OKC,0,0.35872623,0.36034957
0022500324,2025-12-03,2025-26,CLE,POR,0,0.7582129,0.75566113
0022500325,2025-12-03,2025-26,IND,DEN,0,0.22639047,0.22901285
0022500326,2025-12-03,2025-26,ORL,SAS,0,0.6725532,0.67062664
0022500327,2025-12-03,2025-26,ATL,LAC,0,0.725304,0.72295016
0022500328,2025-12-03,2025-26,NYK,CHA,1,0.7973559,0.79465646
0022500329,2025-12-03,2025-26,CHI,BKN,0,0.75293386,0.75040966
0022500330,2025-12-03,2025-26,HOU,SAC,1,0.81418055,0.8114527
0022500331,2025-12-03,2025-26,MIL,DET,1,0.5960353,0.5948982
0022500332,2025-12-03,2025-26,DAL,MIA,1,0.32390848,0.3258672
0022500333,2025-12-04,2025-26,PHI,GSW,1,0.4075514,0.40864804
0022500334,2025-12-04,2025-26,WAS,BOS,0,0.20495957,0.20765328
0022500335,2025-12-04,2025-26,BKN,UTA,0,0.36152726,0.36312196
0022500336,2025-12-04,2025-26,TOR,LAL,0,0.46341497,0.4638574
0022500337,2025-12-04,2025-26,NOP,MIN,0,0.21810369,0.22075756
0022500338,2025-12-05,2025-26,BOS,LAL,1,0.5122511,0.5121025
0022500339,2025-12-05,2025-26,ORL,MIA,1,0.553325,0.55268264
0022500340,2025-12-05,2025-26,ATL,DEN,0,0.43179163,0.4326093
0022500341,2025-12-05,2025-26,CLE,SAS,1,0.600429,0.5992426
0022500342,2025-12-05,2025-26,DET,POR,1,0.6805379,0.67853934
0022500343,2025-12-05,2025-26,NYK,UTA,1,0.8453791,0.842665
0022500344,2025-12-05,2025-26,TOR,CHA,0,0.7396133,0.7371659
0022500345,2025-12-05,2025-26,CHI,IND,0,0.6615407,0.6597173
0022500346,2025-12-05,2025-26,HOU,PHX,1,0.66656315,0.66469216
0022500347,2025-12-05,2025-26,MEM,LAC,1,0.49417868,0.4942493
0022500348,2025-12-05,2025-26,MIL,PHI,0,0.75582963,0.75329006
0022500349,2025-12-05,2025-26,OKC,DAL,1,0.81647575,0.81374586
0022500350,2025-12-06,2025-26,BKN,NOP,1,0.5269817,0.5266549
0022500351,2025-12-06,2025-26,WAS,ATL,0,0.24830921,0.25082666
0022500352,2025-12-06,2025-26,CLE,GSW,0,0.56431353,0.56354153
0022500353,2025-12-06,2025-26,DET,MIL,1,0.5687074,0.56788385
0022500354,2025-12-06,2025-26,MIA,SAC,0,0.72384477,0.7215011
0022500355,2025-12-06,2025-26,MIN,LAC,1,0.777371,0.77473366
0022500356,2025-12-06,2025-26,DAL,HOU,1,0.27930316,0.28162467
0022500357,2025-12-07,2025-26,NYK,ORL,1,0.636512,0.63493747
0022500358,2025-12-07,2025-26,TOR,BOS,0,0.46256894,0.46302158
0022500359,2025-12-07,2025-26,CHA,DEN,0,0.20694496,0.20963348
0022500360,2025-12-07,2025-26,MEM,POR,1,0.47298267,0.4733099
0022500361,2025-12-07,2025-26,CHI,GSW,0,0.70951486,0.70727605
0022500362,2025-12-07,2025-26,PHI,LAL,0,0.50826097,0.5081607
0022500363,2025-12-07,2025-26,UTA,OKC,0,0.28158742,0.28389248
0022500364,2025-12-08,2025-26,IND,SAC,1,0.5390707,0.5385984
0022500365,2025-12-08,2025-26,MIN,PHX,0,0.6813127,0.6793072
0022500366,2025-12-08,2025-26,NOP,SAS,0,0.27206793,0.27443975
0022501201,2025-12-09,2025-26,ORL,MIA,1,0.5905441,0.589469
0022501202,2025-12-09,2025-26,TOR,NYK,0,0.39182258,0.39309478
0022501203,2025-12-10,2025-26,OKC,PHX,1,0.6193401,0.6179465
0022501204,2025-12-10,2025-26,LAL,SAS,0,0.63916814,0.6375663
0022501205,2025-12-11,2025-26,HOU,LAC,1,0.6809566,0.67895436
0022501206,2025-12-11,2025-26,MIL,BOS,1,0.3399009,0.34171054
0022501207,2025-12-11,2025-26,NOP,POR,1,0.35327727,0.35495558
0022501208,2025-12-11,2025-26,SAC,DEN,0,0.22392805,0.2265603
0022501209,2025-12-12,2025-26,CHA,CHI,0,0.3375874,0.3394191
0022501210,2025-12-12,2025-26,DET,ATL,1,0.53882694,0.5383576
0022501211,2025-12-12,2025-26,PHI,IND,1,0.7014992,0.6993234
0022501212,2025-12-12,2025-26,WAS,CLE,0,0.18884847,0.19157292
0022501213,2025-12-12,2025-26,MEM,UTA,0,0.66309184,0.66125375
0022501214,2025-12-12,2025-26,DAL,BKN,1,0.612817,0.611494
0022501215,2025-12-12,2025-26,GSW,MIN,0,0.330621,0.33251822
0022501216,2025-12-14,2025-26,IND,WAS,0,0.78216344,0.77950853
0022501217,2025-12-14,2025-26,ATL,PHI,1,0.7197216,0.7174071
0022501218,2025-12-14,2025-26,CLE,CHA,0,0.79269636,0.79000884
0022501219,2025-12-14,2025-26,BKN,MIL,1,0.35595107,0.35760257
0022501220,2025-12-14,2025-26,MIN,SAC,1,0.78036743,0.77771896
0022501221,2025-12-14,2025-26,POR,GSW,1,0.41255873,0.4135985
0022501223,2025-12-14,2025-26,CHI,NOP,0,0.7254843,0.72312915
0022501228,2025-12-14,2025-26,PHX,LAL,0,0.37891206,0.3803244
0022501222,2025-12-15,2025-26,BOS,DET,0,0.69201165,0.6899138
0022501224,2025-12-15,2025-26,UTA,DAL,1,0.46173045,0.46219316
0022501225,2025-12-15,2025-26,DEN,HOU,1,0.5635388,0.5627759
0022501226,2025-12-15,2025-26,LAC,MEM,0,0.6501692,0.64845645
0022501227,2025-12-15,2025-26,MIA,TOR,0,0.68904924,0.6869765
0022500367,2025-12-17,2025-26,CHI,CLE,1,0.4265977,0.42747587
0022500368,2025-12-17,2025-26,MIN,MEM,0,0.75921667,0.75665987
0022500369,2025-12-18,2025-26,OKC,LAC,1,0.7674229,0.7648271
0022500370,2025-12-18,2025-26,SAS,WAS,1,0.86987156,0.8672395
0022500371,2025-12-18,2025-26,CHA,ATL,1,0.27787584,0.28020746
0022500372,2025-12-18,2025-26,IND,NYK,0,0.292583,0.29480553
0022500373,2025-12-18,2025-26,BKN,MIA,0,0.29270068,0.29492232
0022500374,2025-12-18,2025-26,MIL,TOR,0,0.5121728,0.5120252
0022500375,2025-12-18,2025-26,NOP,HOU,1,0.23394625,0.23653594
0022500376,2025-12-18,2025-26,DAL,DET,1,0.3177369,0.3197507
0022500377,2025-12-18,2025-26,DEN,ORL,1,0.6547048,0.6529475
0022500378,2025-12-18,2025-26,PHX,GSW,1,0.49912658,0.49913722
0022500379,2025-12-18,2025-26,UTA,LAL,0,0.2254115,0.22803786
0022500380,2025-12-18,2025-26,POR,SAC,1,0.64395547,0.6423049
0022500381,2025-12-19,2025-26,BOS,MIA,1,0.73059565,0.728206
0022500382,2025-12-19,2025-26,NYK,PHI,0,0.6288437,0.6273491
0022500383,2025-12-19,2025-26,ATL,SAS,0,0.55804807,0.5573499
0022500384,2025-12-19,2025-26,CLE,CHI,0,0.65257186,0.6508354
0022500385,2025-12-19,2025-26,MIN,OKC,1,0.4956419,0.49569473
0022500386,2025-12-20,2025-26,DEN,HOU,0,0.56553316,0.5647468
0022500387,2025-12-20,2025-26,PHI,DAL,1,0.5512779,0.55065984
0022500388,2025-12-20,2025-26,TOR,BOS,0,0.45858213,0.45908254
0022500389,2025-12-20,2025-26,NOP,IND,1,0.53253245,0.53213876
0022500390,2025-12-20,2025-26,DET,CHA,1,0.7474955,0.7450014
0022500391,2025-12-20,2025-26,MEM,WAS,0,0.7625568,0.7599835
0022500392,2025-12-20,2025-26,GSW,PHX,1,0.57743496,0.5765101
0022500393,2025-12-20,2025-26,UTA,ORL,0,0.2808544,0.2831648
0022500394,2025-12-20,2025-26,SAC,POR,0,0.40971684,0.41078895
0022500395,2025-12-20,2025-26,LAC,LAL,1,0.36424148,0.36580825
0022500396,2025-12-21,2025-26,ATL,CHI,0,0.6541639,0.6524118
0022500397,2025-12-21,2025-26,BKN,TOR,1,0.45559973,0.45613584
0022500398,2025-12-21,2025-26,NYK,MIA,1,0.7733734,0.770752
0022500399,2025-12-21,2025-26,WAS,SAS,0,0.16699298,0.16972366
0022500400,2025-12-21,2025-26,MIN,MIL,1,0.71132654,0.709074
0022500401,2025-12-21,2025-26,SAC,HOU,1,0.19860171,0.20131004
0022500402,2025-12-22,2025-26,CLE,CHA,1,0.6133296,0.612001
0022500403,2025-12-22,2025-26,BOS,IND,1,0.78884023,0.7861637
0022500404,2025-12-22,2025-26,NOP,DAL,1,0.44919658,0.44980896
0022500405,2025-12-22,2025-26,DEN,UTA,1,0.84012216,0.8373991
0022500406,2025-12-22,2025-26,OKC,MEM,1,0.8186937,0.8159622
0022500407,2025-12-22,2025-26,GSW,ORL,1,0.5432636,0.5427412
0022500408,2025-12-22,2025-26,POR,DET,0,0.38078183,0.38217416
0022500409,2025-12-23,2025-26,CHA,WAS,1,0.6993428,0.6971843
0022500410,2025-12-23,2025-26,PHI,BKN,0,0.68717843,0.6851218
0022500411,2025-12-23,2025-26,ATL,CHI,0,0.61760306,0.61622816
0022500412,2025-12-23,2025-26,CLE,NOP,1,0.73217297,0.72977287
0022500413,2025-12-23,2025-26,IND,MIL,0,0.269993,0.27237874
0022500414,2025-12-23,2025-26,MIA,TOR,0,0.6040238,0.60279757
0022500415,2025-12-23,2025-26,DAL,DEN,1,0.24586803,0.24839868
0022500416,2025-12-23,2025-26,MIN,NYK,1,0.5309317,0.5305573
0022500417,2025-12-23,2025-26,SAS,OKC,1,0.5492194,0.5486259
0022500418,2025-12-23,2025-26,PHX,LAL,1,0.40109414,0.40226343
0022500419,2025-12-23,2025-26,UTA,MEM,0,0.45527947,0.4558193
0022500420,2025-12-23,2025-26,POR,ORL,0,0.44791666,0.4485442
0022500421,2025-12-23,2025-26,SAC,DET,0,0.28233767,0.28463727
0022500422,2025-12-23,2025-26,LAC,HOU,1,0.30784953,0.30994853
0022500009,2025-12-25,2025-26,NYK,CLE,1,0.5643971,0.5636241
0022500010,2025-12-25,2025-26,OKC,SAS,0,0.6525555,0.6508193
0022500011,2025-12-25,2025-26,GSW,DAL,1,0.7389572,0.73651403
0022500012,2025-12-25,2025-26,LAL,HOU,0,0.39322898,0.39448565
0022500013,2025-12-25,2025-26,DEN,MIN,1,0.5611675,0.56043243
0022500423,2025-12-26,2025-26,ATL,MIA,0,0.6141423,0.6128049
0022500424,2025-12-26,2025-26,ORL,CHA,0,0.6902057,0.68812317
0022500425,2025-12-26,2025-26,WAS,TOR,1,0.27156788,0.27394307
0022500426,2025-12-26,2025-26,IND,BOS,0,0.22347224,0.22610626
0022500427,2025-12-26,2025-26,CHI,PHI,1,0.5145421,0.5143657
0022500428,2025-12-26,2025-26,MEM,MIL,1,0.461264,0.46173227
0022500429,2025-12-26,2025-26,NOP,PHX,0,0.39568081,0.39691037
0022500430,2025-12-26,2025-26,UTA,DET,1,0.23570943,0.2382909
0022500431,2025-12-26,2025-26,POR,LAC,0,0.48218173,0.4823978
0022500432,2025-12-27,2025-26,SAC,DAL,1,0.42454022,0.42544225
0022500433,2025-12-27,2025-26,ORL,DEN,1,0.26840356,0.27079985
0022500434,2025-12-27,2025-26,NOP,PHX,0,0.34403956,0.34580916
0022500435,2025-12-27,2025-26,ATL,NYK,0,0.33854777,0.34037033
0022500436,2025-12-27,2025-26,MIA,IND,1,0.73690367,0.7344732
0022500437,2025-12-27,2025-26,CHI,MIL,0,0.5714068,0.5705518
0022500438,2025-12-27,2025-26,HOU,CLE,1,0.62026,0.6188565
0022500439,2025-12-27,2025-26,MIN,BKN,0,0.7966315,0.7939338
0022500440,2025-12-27,2025-26,SAS,UTA,0,0.8200795,0.81734735
0022500441,2025-12-28,2025-26,TOR,GSW,1,0.48521525,0.48539454
0022500442,2025-12-28,2025-26,OKC,PHI,1,0.74811983,0.7456222
0022500443,2025-12-28,2025-26,WAS,MEM,1,0.28849658,0.29075047
0022500444,2025-12-28,2025-26,POR,BOS,1,0.3125894,0.31464803
0022500445,2025-12-28,2025-26,LAC,DET,1,0.44132465,0.44203025
0022500446,2025-12-28,2025-26,LAL,SAC,1,0.85375375,0.8510601
0022500447,2025-12-29,2025-26,CHA,MIL,0,0.39130813,0.392586
0022500448,2025-12-29,2025-26,WAS,PHX,0,0.20722993,0.20991768
0022500449,2025-12-29,2025-26,BKN,GSW,0,0.39164186,0.392916
0022500450,2025-12-29,2025-26,MIA,DEN,1,0.3183624,0.32037073
0022500451,2025-12-29,2025-26,TOR,ORL,1,0.5352177,0.5347917
0022500452,2025-12-29,2025-26,CHI,MIN,0,0.37695,0.3783833
0022500453,2025-12-29,2025-26,HOU,IND,1,0.8242256,0.82149225
0022500454,2025-12-29,2025-26,NOP,NYK,0,0.26925993,0.27165055
0022500455,2025-12-29,2025-26,OKC,ATL,1,0.66190857,0.6600816
0022500456,2025-12-29,2025-26,SAS,CLE,0,0.5652829,0.5644995
0022500457,2025-12-29,2025-26,POR,DAL,1,0.52647513,0.52615446
0022500458,2025-12-30,2025-26,MEM,PHI,0,0.48700237,0.48716003
0022500459,2025-12-30,2025-26,UTA,BOS,0,0.26723015,0.2696341
0022500460,2025-12-30,2025-26,LAL,DET,0,0.4161604,0.41715905
0022500461,2025-12-30,2025-26,LAC,SAC,1,0.7880416,0.78536755
0022500462,2025-12-31,2025-26,CHA,GSW,0,0.39172238,0.39299566
0022500463,2025-12-31,2025-26,ATL,MIN,1,0.36978647,0.3712955
0022500464,2025-12-31,2025-26,IND,ORL,0,0.31203446,0.31409788
0022500465,2025-12-31,2025-26,CLE,PHX,1,0.5918892,0.59079885
0022500466,2025-12-31,2025-26,CHI,NOP,1,0.73463815,0.732222
0022500467,2025-12-31,2025-26,SAS,NYK,1,0.536639,0.53619593
0022500468,2025-12-31,2025-26,TOR,DEN,0,0.37686113,0.3782954
0022500469,2025-12-31,2025-26,MIL,WAS,0,0.8105716,0.80784786
0022500470,2025-12-31,2025-26,OKC,POR,1,0.82269543,0.8199623
0022500471,2026-01-01,2025-26,BKN,HOU,0,0.28849468,0.29074854
0022500472,2026-01-01,2025-26,DET,MIA,0,0.6221772,0.6207532
0022500473,2026-01-01,2025-26,DAL,PHI,0,0.36026213,0.3618698
0022500474,2026-01-01,2025-26,SAC,BOS,0,0.24371257,0.24625455
0022500475,2026-01-01,2025-26,LAC,UTA,1,0.71962404,0.71731025
0022500476,2026-01-02,2025-26,IND,SAS,0,0.2583345,0.2607943
0022500477,2026-01-02,2025-26,WAS,BKN,1,0.48655483,0.48671788
0022500478,2026-01-02,2025-26,CLE,DEN,1,0.5324613,0.5320685
0022500479,2026-01-02,2025-26,NYK,ATL,0,0.687511,0.6854515
0022500480,2026-01-02,2025-26,CHI,ORL,1,0.4542823,0.4548341
0022500481,2026-01-02,2025-26,MIL,CHA,1,0.70676225,0.70454484
0022500482,2026-01-02,2025-26,NOP,POR,0,0.4552059,0.45574665
0022500483,2026-01-02,2025-26,PHX,SAC,1,0.8174103,0.81467974
0022500484,2026-01-02,2025-26,GSW,OKC,0,0.35325772,0.35493627
0022500485,2026-01-02,2025-26,LAL,MEM,1,0.6747324,0.672786
0022500486,2026-01-03,2025-26,MIA,MIN,0,0.4264998,0.4273791
0022500487,2026-01-03,2025-26,NYK,PHI,0,0.613267,0.6119391
0022500488,2026-01-03,2025-26,TOR,ATL,1,0.6355743,0.6340094
0022500489,2026-01-03,2025-26,CHI,CHA,0,0.584963,0.58395153
0022500490,2026-01-03,2025-26,SAS,POR,0,0.7317066,0.7293097
0022500491,2026-01-03,2025-26,DAL,HOU,1,0.23081435,0.23341806
0022500492,2026-01-03,2025-26,GSW,UTA,1,0.7124118,0.710151
0022500493,2026-01-03,2025-26,LAC,BOS,0,0.42839593,0.42925316
0022500494,2026-01-04,2025-26,CLE,DET,0,0.44452995,0.44519764
0022500495,2026-01-04,2025-26,ORL,IND,1,0.7647843,0.7622005
0022500496,2026-01-04,2025-26,BKN,DEN,1,0.303425,0.30556083
0022500497,2026-01-04,2025-26,MIA,NOP,1,0.6923602,0.69025946
0022500498,2026-01-04,2025-26,WAS,MIN,0,0.20895098,0.21163394
0022500499,2026-01-04,2025-26,PHX,OKC,1,0.30743685,0.30953932
0022500500,2026-01-04,2025-26,SAC,MIL,0,0.2702723,0.2726562
0022500501,2026-01-04,2025-26,LAL,MEM,1,0.64815927,0.64646655
0022500502,2026-01-05,2025-26,DET,NYK,1,0.46126333,0.46173158
0022500503,2026-01-05,2025-26,BOS,CHI,1,0.73195803,0.72955936
0022500504,2026-01-05,2025-26,TOR,ATL,1,0.53248924,0.532096
0022500505,2026-01-05,2025-26,HOU,PHX,1,0.78532267,0.78265727
0022500506,2026-01-05,2025-26,OKC,CHA,0,0.7810647,0.7784138
0022500507,2026-01-05,2025-26,PHI,DEN,0,0.5594013,0.55868703
0022500508,2026-01-05,2025-26,LAC,GSW,1,0.53725106,0.5368006
0022500509,2026-01-05,2025-26,POR,UTA,1,0.6161833,0.6148237
0022500510,2026-01-06,2025-26,IND,CLE,0,0.29112446,0.29335827
0022500511,2026-01-06,2025-26,WAS,ORL,1,0.3064155,0.30852652
0022500512,2026-01-06,2025-26,MEM,SAS,1,0.37792113,0.3793441
0022500513,2026-01-06,2025-26,MIN,MIA,1,0.6712463,0.6693318
0022500514,2026-01-06,2025-26,NOP,LAL,0,0.30395895,0.30609038
0022500515,2026-01-06,2025-26,SAC,DAL,0,0.39943147,0.40061936
0022500516,2026-01-07,2025-26,CHA,TOR,0,0.40598232,0.4070967
0022500517,2026-01-07,2025-26,DET,CHI,1,0.67226106,0.6703372
0022500518,2026-01-07,2025-26,PHI,WAS,1,0.849539,0.84683406
0022500519,2026-01-07,2025-26,ATL,NOP,1,0.8114061,0.8086813
0022500520,2026-01-07,2025-26,BOS,DEN,0,0.7723807,0.76976335
0022500521,2026-01-07,2025-26,BKN,ORL,0,0.49943718,0.49944404
0022500522,2026-01-07,2025-26,NYK,LAC,1,0.58006376,0.57910854
0022500523,2026-01-07,2025-26,SAS,LAL,1,0.55158514,0.55096346
0022500524,2026-01-07,2025-26,MEM,PHX,0,0.3302972,0.33219743
0022500525,2026-01-07,2025-26,OKC,UTA,1,0.83873594,0.836011
0022500526,2026-01-07,2025-26,GSW,MIL,1,0.5320861,0.53169775
0022500527,2026-01-07,2025-26,POR,HOU,1,0.27237025,0.27474
0022500528,2026-01-08,2025-26,CHA,IND,0,0.6106148,0.6093158
0022500530,2026-01-08,2025-26,MIN,CLE,1,0.6677497,0.6658676
0022500531,2026-01-08,2025-26,UTA,DAL,1,0.42959717,0.43044043
0022500532,2026-01-09,2025-26,BOS,TOR,1,0.67510074,0.67315096
0022500533,2026-01-09,2025-26,ORL,PHI,0,0.4781862,0.47845054
0022500534,2026-01-09,2025-26,WAS,NOP,0,0.5029254,0.50288993
0022500535,2026-01-09,2025-26,BKN,LAC,0,0.3356366,0.3374868
0022500536,2026-01-09,2025-26,MEM,OKC,0,0.24598904,0.24851906
0022500537,2026-01-09,2025-26,DEN,ATL,0,0.5918405,0.5907507
0022500538,2026-01-09,2025-26,PHX,NYK,1,0.45164964,0.45223284
0022500539,2026-01-09,2025-26,GSW,SAC,1,0.83751625,0.8347899
0022500540,2026-01-09,2025-26,POR,HOU,1,0.28542504,0.28770196
0022500541,2026-01-09,2025-26,LAL,MIL,0,0.47345,0.47377157
0022500542,2026-01-10,2025-26,CLE,MIN,1,0.3965021,0.39772263
0022500543,2026-01-10,2025-26,IND,MIA,1,0.31624198,0.31826892
0022500544,2026-01-10,2025-26,DET,LAC,0,0.60941154,0.6081258
0022500545,2026-01-10,2025-26,BOS,SAS,0,0.591653,0.5905653
0022500546,2026-01-10,2025-26,CHI,DAL,1,0.6437884,0.64213955
0022500547,2026-01-10,2025-26,UTA,CHA,0,0.39696234,0.39817774
0022500548,2026-01-11,2025-26,ORL,NOP,1,0.7498653,0.7473579
0022500549,2026-01-11,2025-26,MEM,BKN,1,0.59295267,0.59185034
0022500550,2026-01-11,2025-26,TOR,PHI,1,0.423969,0.42487767
0022500551,2026-01-11,2025-26,POR,NYK,0,0.32505113,0.32699952
0022500552,2026-01-11,2025-26,MIN,SAS,1,0.6575424,0.6557574
0022500553,2026-01-11,2025-26,OKC,MIA,1,0.7386727,0.7362312
0022500554,2026-01-11,2025-26,DEN,MIL,1,0.43821958,0.43896183
0022500555,2026-01-11,2025-26,PHX,WAS,1,0.8374641,0.8347376
0022500556,2026-01-11,2025-26,GSW,ATL,0,0.5445713,0.54403317
0022500557,2026-01-11,2025-26,SAC,HOU,1,0.1800664,0.18279853
0022500558,2026-01-12,2025-26,CLE,UTA,0,0.79166186,0.7889771
0022500559,2026-01-12,2025-26,IND,BOS,1,0.24532326,0.2478568
0022500560,2026-01-12,2025-26,TOR,PHI,0,0.48779923,0.48794723
0022500561,2026-01-12,2025-26,DAL,BKN,1,0.6733373,0.6714036
0022500562,2026-01-12,2025-26,SAC,LAL,1,0.16748857,0.17021962
0022500563,2026-01-12,2025-26,LAC,CHA,1,0.7154009,0.7131178
0022500564,2026-01-13,2025-26,MIA,PHX,1,0.46408945,0.46452376
0022500565,2026-01-13,2025-26,HOU,CHI,1,0.7870197,0.78434885
0022500566,2026-01-13,2025-26,MIL,MIN,0,0.40140918,0.40257496
0022500567,2026-01-13,2025-26,NOP,DEN,0,0.308175,0.31027126
0022500568,2026-01-13,2025-26,OKC,SAS,1,0.69220364,0.6901041
0022500569,2026-01-13,2025-26,LAL,ATL,1,0.46544224,0.46586034
0022500570,2026-01-13,2025-26,GSW,POR,1,0.6291298,0.6276322
0022500571,2026-01-14,2025-26,IND,TOR,0,0.41364923,0.41467658
0022500572,2026-01-14,2025-26,PHI,CLE,0,0.51439196,0.5142174
0022500573,2026-01-14,2025-26,CHI,UTA,1,0.6261349,0.6246688
0022500574,2026-01-14,2025-26,NOP,BKN,1,0.36097512,0.36257544
0022500575,2026-01-14,2025-26,DAL,DEN,0,0.34119025,0.34298748
0022500576,2026-01-14,2025-26,SAC,NYK,1,0.16295467,0.16568162
0022500577,2026-01-14,2025-26,LAC,WAS,1,0.84216326,0.8394434
0022500579,2026-01-15,2025-26,DET,PHX,1,0.51041096,0.51028466
0022500580,2026-01-15,2025-26,MIA,BOS,0,0.41233674,0.413379
0022500581,2026-01-15,2025-26,HOU,OKC,0,0.48406437,0.48425764
0022500582,2026-01-15,2025-26,SAS,MIL,1,0.5230564,0.52277696
0022500583,2026-01-15,2025-26,DAL,UTA,1,0.71258163,0.71031964
0022500584,2026-01-15,2025-26,GSW,NYK,1,0.5393512,0.5388756
0022500585,2026-01-15,2025-26,POR,ATL,1,0.38367257,0.38503373
0022500586,2026-01-15,2025-26,LAL,CHA,0,0.56090873,0.5601768
0022500587,2026-01-16,2025-26,BKN,CHI,1,0.401806,0.4029673
0022500588,2026-01-16,2025-26,IND,NOP,1,0.6703993,0.6684926
0022500589,2026-01-16,2025-26,PHI,CLE,0,0.54619825,0.5456407
0022500590,2026-01-16,2025-26,TOR,LAC,0,0.38749185,0.3888115
0022500591,2026-01-16,2025-26,HOU,MIN,1,0.42827064,0.42912933
0022500592,2026-01-16,2025-26,SAC,WAS,1,0.60921633,0.6079327
0022500593,2026-01-17,2025-26,DAL,UTA,1,0.6938458,0.6917325
0022500594,2026-01-17,2025-26,ATL,BOS,0,0.4096628,0.41073555
0022500595,2026-01-17,2025-26,DET,IND,1,0.8299791,0.82724667
0022500596,2026-01-17,2025-26,NYK,PHX,0,0.6202006,0.6187978
0022500597,2026-01-17,2025-26,MIA,OKC,1,0.31711927,0.31913853
0022500598,2026-01-17,2025-26,SAS,MIN,1,0.4638269,0.46426436
0022500599,2026-01-17,2025-26,GSW,CHA,1,0.6430861,0.6414444
0022500600,2026-01-17,2025-26,DEN,WAS,1,0.88102776,0.87845725
0022500601,2026-01-17,2025-26,POR,LAL,1,0.37387568,0.37534165
0022500603,2026-01-18,2025-26,CHI,BKN,1,0.6794242,0.67743564
0022500604,2026-01-18,2025-26,HOU,NOP,1,0.84731257,0.8446026
0022500605,2026-01-18,2025-26,DEN,CHA,0,0.6020141,0.60081017
0022500606,2026-01-18,2025-26,SAC,POR,0,0.4351309,0.43590942
0022500607,2026-01-18,2025-26,LAL,TOR,1,0.4881258,0.48826993
0022500014,2026-01-19,2025-26,ATL,MIL,0,0.49784994,0.49787605
0022500015,2026-01-19,2025-26,CLE,OKC,0,0.39045462,0.39174184
0022500016,2026-01-19,2025-26,NYK,DAL,0,0.75754297,0.7549945
0022500017,2026-01-19,2025-26,DET,BOS,1,0.5150578,0.5148752
0022500608,2026-01-19,2025-26,WAS,LAC,0,0.20751862,0.21020557
0022500609,2026-01-19,2025-26,PHI,IND,1,0.7782345,0.7755939
0022500610,2026-01-19,2025-26,BKN,PHX,0,0.21535863,0.21802188
0022500611,2026-01-19,2025-26,SAS,UTA,1,0.8431637,0.8404455
0022500612,2026-01-19,2025-26,GSW,MIA,1,0.64649147,0.64481544
0022500613,2026-01-20,2025-26,PHI,PHX,0,0.5047452,0.5046876
0022500614,2026-01-20,2025-26,CHI,LAC,1,0.51100296,0.51086944
0022500615,2026-01-20,2025-26,HOU,SAS,1,0.7126551,0.71039253
0022500616,2026-01-20,2025-26,UTA,MIN,1,0.1419549,0.14463522
0022500617,2026-01-20,2025-26,DEN,LAL,0,0.52141273,0.52115315
0022500618,2026-01-20,2025-26,GSW,TOR,0,0.47962528,0.4798723
0022500619,2026-01-20,2025-26,SAC,MIA,0,0.3115607,0.3136282
0022500620,2026-01-21,2025-26,CHA,CLE,0,0.4188124,0.41978058
0022500621,2026-01-21,2025-26,BOS,IND,1,0.81977683,0.81704473
0022500622,2026-01-21,2025-26,NYK,BKN,1,0.79355854,0.7908687
0022500623,2026-01-21,2025-26,MEM,ATL,0,0.44256797,0.44325894
0022500624,2026-01-21,2025-26,NOP,DET,0,0.21504983,0.2177141
0022500625,2026-01-21,2025-26,MIL,OKC,0,0.39004457,0.3913363
0022500626,2026-01-21,2025-26,SAC,TOR,0,0.24501203,0.2475472
0022500627,2026-01-22,2025-26,ORL,CHA,0,0.5565012,0.55582124
0022500628,2026-01-22,2025-26,PHI,HOU,1,0.3786444,0.38005963
0022500629,2026-01-22,2025-26,WAS,DEN,0,0.17953624,0.18226859
0022500630,2026-01-22,2025-26,DAL,GSW,1,0.31303602,0.3150908
0022500631,2026-01-22,2025-26,MIN,CHI,0,0.74586403,0.74337935
0022500632,2026-01-22,2025-26,UTA,SAS,0,0.2216676,0.22430849
0022500633,2026-01-22,2025-26,LAC,LAL,1,0.45911717,0.45961118
0022500634,2026-01-22,2025-26,POR,MIA,1,0.4392717,0.44000152
0022500635,2026-01-23,2025-26,DET,HOU,0,0.48878533,0.48892137
0022500636,2026-01-23,2025-26,ATL,PHX,1,0.4043463,0.40547913
0022500637,2026-01-23,2025-26,BKN,BOS,0,0.25197586,0.2544729
0022500638,2026-01-23,2025-26,CLE,SAC,1,0.81323916,0.81051224
0022500639,2026-01-23,2025-26,MEM,NOP,0,0.71770316,0.7154033
0022500640,2026-01-23,2025-26,MIL,DEN,0,0.64033073,0.63871706
0022500641,2026-01-23,2025-26,OKC,IND,0,0.8334618,0.83073145
0022500642,2026-01-23,2025-26,POR,TOR,0,0.34684327,0.34858546
0022500643,2026-01-24,2025-26,PHI,NYK,0,0.517596,0.5173827
0022500645,2026-01-24,2025-26,CHA,WAS,1,0.82901347,0.82628065
0022500646,2026-01-24,2025-26,ORL,CLE,0,0.49787587,0.49790165
0022500647,2026-01-24,2025-26,CHI,BOS,1,0.57719696,0.5762748
0022500648,2026-01-24,2025-26,DAL,LAL,0,0.2959001,0.2980967
0022500649,2026-01-24,2025-26,UTA,MIA,0,0.2815114,0.28381702
0022500644,2026-01-25,2025-26,MIN,GSW,0,0.643941,0.6422907
0022500650,2026-01-25,2025-26,DET,SAC,1,0.84839225,0.84568465
0022500653,2026-01-25,2025-26,OKC,TOR,0,0.65315944,0.6514173
0022500654,2026-01-25,2025-26,SAS,NOP,0,0.81060505,0.8078813
0022500655,2026-01-25,2025-26,PHX,MIA,0,0.76110977,0.7585435
0022500656,2026-01-25,2025-26,LAC,BKN,1,0.79922545,0.7965218
0022500657,2026-01-26,2025-26,CHA,PHI,1,0.45067915,0.45127386
0022500658,2026-01-26,2025-26,CLE,ORL,1,0.67823666,0.6762586
0022500659,2026-01-26,2025-26,ATL,IND,1,0.7375126,0.73507833
0022500660,2026-01-26,2025-26,BOS,POR,1,0.7616064,0.75903773
0022500661,2026-01-26,2025-26,CHI,LAL,0,0.49464014,0.4947052
0022500662,2026-01-26,2025-26,HOU,MEM,1,0.7891816,0.78650403
0022500663,2026-01-26,2025-26,MIN,GSW,1,0.6560279,0.65425766
0022500664,2026-01-27,2025-26,WAS,POR,1,0.27914912,0.2814717
0022500665,2026-01-27,2025-26,NYK,SAC,1,0.85208195,0.84938353
0022500666,2026-01-27,2025-26,PHI,MIL,1,0.43709773,0.43785316
0022500667,2026-01-27,2025-26,OKC,NOP,1,0.8366599,0.8339324
0022500668,2026-01-27,2025-26,DEN,DET,0,0.38083935,0.38223106
0022500669,2026-01-27,2025-26,PHX,BKN,1,0.7569303,0.754385
0022500670,2026-01-27,2025-26,UTA,LAC,0,0.25387216,0.25635836
0022500671,2026-01-28,2025-26,CLE,LAL,1,0.5662609,0.565466
0022500672,2026-01-28,2025-26,IND,CHI,1,0.2967899,0.29897943
0022500673,2026-01-28,2025-26,BOS,ATL,0,0.7150135,0.7127334
0022500674,2026-01-28,2025-26,MIA,ORL,0,0.60431796,0.60308844
0022500675,2026-01-28,2025-26,TOR,NYK,0,0.5785417,0.577604
0022500676,2026-01-28,2025-26,MEM,CHA,0,0.47455063,0.47485897
0022500677,2026-01-28,2025-26,DAL,MIN,0,0.28534135,0.28761888
0022500678,2026-01-28,2025-26,UTA,GSW,0,0.20311727,0.20581552
0022500679,2026-01-28,2025-26,HOU,SAS,0,0.5932512,0.5921455
0022500529,2026-01-29,2025-26,CHI,MIA,0,0.6087181,0.60744
0022500680,2026-01-29,2025-26,PHI,SAC,1,0.8181662,0.81543505
0022500681,2026-01-29,2025-26,WAS,MIL,1,0.22055471,0.22319977
0022500682,2026-01-29,2025-26,ATL,HOU,0,0.3804866,0.38188207
0022500683,2026-01-29,2025-26,DAL,CHA,0,0.39454368,0.39578587
0022500684,2026-01-29,2025-26,DEN,BKN,1,0.780622,0.77797276
0022500685,2026-01-29,2025-26,PHX,DET,1,0.4030486,0.40419602
0022500686,2026-01-29,2025-26,MIN,OKC,1,0.4791735,0.47942597
0022500687,2026-01-30,2025-26,ORL,TOR,1,0.43586966,0.4366395
0022500688,2026-01-30,2025-26,WAS,LAL,0,0.1567545,0.15947253
0022500689,2026-01-30,2025-26,BOS,SAC,1,0.89721924,0.894769
0022500690,2026-01-30,2025-26,NYK,POR,1,0.7174311,0.7151332
0022500691,2026-01-30,2025-26,NOP,MEM,1,0.458779,0.459277
0022500693,2026-01-30,2025-26,PHX,CLE,1,0.3794089,0.38081595
0022500694,2026-01-30,2025-26,UTA,BKN,0,0.6591355,0.65733516
0022500695,2026-01-30,2025-26,DEN,LAC,1,0.406906,0.40800992
0022500696,2026-01-30,2025-26,GSW,DET,0,0.64556664,0.6438999
0022500692,2026-01-31,2025-26,MIA,CHI,0,0.487935,0.4880814
0022500697,2026-01-31,2025-26,CHA,SAS,1,0.42908376,0.42993298
0022500698,2026-01-31,2025-26,IND,ATL,1,0.30571973,0.30783656
0022500699,2026-01-31,2025-26,PHI,NOP,1,0.79643077,0.79373366
0022500700,2026-01-31,2025-26,MEM,MIN,0,0.2284982,0.23111185
0022500701,2026-01-31,2025-26,HOU,DAL,1,0.8126872,0.8099609
0022500702,2026-02-01,2025-26,BOS,MIL,1,0.70172447,0.69954675
0022500703,2026-02-01,2025-26,SAS,ORL,1,0.62363887,0.62219924
0022500704,2026-02-01,2025-26,DET,BKN,1,0.8482222,0.84551424
0022500705,2026-02-01,2025-26,MIA,CHI,1,0.5295092,0.52915186
0022500706,2026-02-01,2025-26,TOR,UTA,1,0.8280817,0.8253486
0022500707,2026-02-01,2025-26,WAS,SAC,1,0.45473462,0.45528105
0022500708,2026-02-01,2025-26,NYK,LAL,1,0.6184296,0.6170458
0022500709,2026-02-01,2025-26,PHX,LAC,0,0.5153229,0.5151371
0022500710,2026-02-01,2025-26,POR,CLE,0,0.36967492,0.37118515
0022500711,2026-02-01,2025-26,DEN,OKC,0,0.39535442,0.39658764
0022500712,2026-02-02,2025-26,CHA,NOP,1,0.72548085,0.7231258
0022500713,2026-02-02,2025-26,IND,HOU,0,0.22108799,0.22373109
0022500714,2026-02-02,2025-26,MEM,MIN,1,0.23282246,0.2354172
0022500715,2026-02-02,2025-26,LAC,PHI,0,0.37842768,0.3798453
0022500716,2026-02-03,2025-26,DET,DEN,1,0.5645559,0.563781
0022500717,2026-02-03,2025-26,IND,UTA,0,0.54384613,0.5433167
0022500718,2026-02-03,2025-26,WAS,NYK,0,0.17567594,0.17840935
0022500719,2026-02-03,2025-26,BKN,LAL,0,0.23484239,0.23742794
0022500720,2026-02-03,2025-26,MIA,ATL,0,0.5021371,0.50211114
0022500721,2026-02-03,2025-26,DAL,BOS,0,0.2629963,0.26542738
0022500722,2026-02-03,2025-26,MIL,CHI,1,0.48122442,0.48145208
0022500723,2026-02-03,2025-26,OKC,ORL,1,0.7440501,0.741576
0022500724,2026-02-03,2025-26,GSW,PHI,0,0.6767975,0.6748324
0022500725,2026-02-03,2025-26,POR,PHX,0,0.331542,0.33343068
0022500726,2026-02-04,2025-26,NYK,DEN,1,0.58811766,0.58707017
0022500727,2026-02-04,2025-26,TOR,MIN,0,0.33725864,0.33909348
0022500728,2026-02-04,2025-26,HOU,BOS,0,0.5935333,0.59242433
0022500729,2026-02-04,2025-26,MIL,NOP,1,0.52406704,0.5237754
0022500730,2026-02-04,2025-26,SAS,OKC,1,0.5404507,0.53996193
0022500731,2026-02-04,2025-26,SAC,MEM,0,0.38157773,0.38296148
0022500732,2026-02-04,2025-26,LAC,CLE,0,0.515535,0.5153466
0022500733,2026-02-05,2025-26,DET,WAS,0,0.87132967,0.8687046
0022500734,2026-02-05,2025-26,ORL,BKN,1,0.7826726,0.78001606
0022500735,2026-02-05,2025-26,ATL,UTA,1,0.77850467,0.7758631
0022500736,2026-02-05,2025-26,TOR,CHI,1,0.5591427,0.55843157
0022500737,2026-02-05,2025-26,HOU,CHA,0,0.5964637,0.5953218
0022500738,2026-02-05,2025-26,DAL,SAS,0,0.32790348,0.3298258
0022500739,2026-02-05,2025-26,PHX,GSW,0,0.5238682,0.523579
0022500740,2026-02-05,2025-26,LAL,PHI,1,0.60221237,0.60100615
0022500741,2026-02-06,2025-26,BOS,MIA,1,0.59585786,0.59472275
0022500742,2026-02-06,2025-26,DET,NYK,1,0.46387184,0.46430883
0022500743,2026-02-06,2025-26,MIL,IND,1,0.7581414,0.75558996
0022500744,2026-02-06,2025-26,MIN,NOP,0,0.823548,0.82081467
0022500745,2026-02-06,2025-26,POR,MEM,1,0.5692553,0.5684255
0022500746,2026-02-06,2025-26,SAC,LAC,0,0.26341322,0.26584166
0022500747,2026-02-07,2025-26,BKN,WAS,1,0.6791038,0.67711794
0022500748,2026-02-07,2025-26,OKC,HOU,0,0.47243845,0.4727723
0022500749,2026-02-07,2025-26,SAS,DAL,1,0.79405826,0.79136705
0022500750,2026-02-07,2025-26,ORL,UTA,1,0.7565409,0.7539976
0022500751,2026-02-07,2025-26,ATL,CHA,0,0.5095352,0.5094195
0022500752,2026-02-07,2025-26,CHI,DEN,0,0.31921902,0.32121974
0022500753,2026-02-07,2025-26,LAL,GSW,1,0.5808859,0.5799212
0022500754,2026-02-07,2025-26,PHX,PHI,0,0.5060476,0.5059742
0022500755,2026-02-07,2025-26,POR,MEM,1,0.6947545,0.6926337
0022500756,2026-02-07,2025-26,SAC,CLE,0,0.19482952,0.197545
0022500757,2026-02-08,2025-26,BOS,NYK,0,0.64109355,0.6394721
0022500758,2026-02-08,2025-26,WAS,MIA,0,0.13753378,0.14019805
0022500759,2026-02-08,2025-26,TOR,IND,1,0.73583853,0.7334148
0022500760,2026-02-08,2025-26,MIN,LAC,0,0.7552276,0.7526912
0022500761,2026-02-09,2025-26,CHA,DET,0,0.45585892,0.45639184
0022500762,2026-02-09,2025-26,BKN,CHI,1,0.32628798,0.3282251
0022500763,2026-02-09,2025-26,MIA,UTA,0,0.7123953,0.7101347
0022500764,2026-02-09,2025-26,ORL,MIL,1,0.5425989,0.54208446
0022500765,2026-02-09,2025-26,MIN,ATL,1,0.6168298,0.61546326
0022500766,2026-02-09,2025-26,NOP,SAC,1,0.7299156,0.7275305
0022500767,2026-02-09,2025-26,DEN,CLE,0,0.57716924,0.57624733
0022500768,2026-02-09,2025-26,GSW,MEM,1,0.8211568,0.8184241
0022500769,2026-02-09,2025-26,LAL,OKC,0,0.43292367,0.43372807
0022500770,2026-02-09,2025-26,POR,PHI,1,0.30622786,0.3083405
0022500771,2026-02-10,2025-26,NYK,IND,0,0.7959667,0.79327065
0022500772,2026-02-10,2025-26,HOU,LAC,1,0.7517904,0.74927235
0022500773,2026-02-10,2025-26,PHX,DAL,1,0.76210564,0.75953454
0022500774,2026-02-10,2025-26,LAL,SAS,0,0.36020845,0.36181667
0022500775,2026-02-11,2025-26,CHA,ATL,1,0.6275103,0.6260296
0022500776,2026-02-11,2025-26,CLE,WAS,1,0.9054149,0.9030409
0022500777,2026-02-11,2025-26,ORL,MIL,0,0.627067,0.62559104
0022500778,2026-02-11,2025-26,BOS,CHI,1,0.7379608,0.73552376
0022500779,2026-02-11,2025-26,BKN,IND,0,0.45986867,0.46035364
0022500780,2026-02-11,2025-26,PHI,NYK,0,0.50543296,0.50536704
0022500781,2026-02-11,2025-26,TOR,DET,0,0.40868768,0.40977147
0022500782,2026-02-11,2025-26,HOU,LAC,0,0.8222902,0.8195572
0022500783,2026-02-11,2025-26,MIN,POR,1,0.75862503,0.75607115
0022500784,2026-02-11,2025-26,NOP,MIA,0,0.33712465,0.33896077
0022500785,2026-02-11,2025-26,PHX,OKC,0,0.39547032,0.39670223
0022500786,2026-02-11,2025-26,UTA,SAC,1,0.6756878,0.6737327
0022500787,2026-02-11,2025-26,DEN,MEM,1,0.82541054,0.8226772
0022500788,2026-02-11,2025-26,GSW,SAS,0,0.5365387,0.5360969
0022500789,2026-02-12,2025-26,OKC,MIL,0,0.7568674,0.75432247
0022500790,2026-02-12,2025-26,UTA,POR,0,0.34644645,0.34819257
0022500791,2026-02-12,2025-26,LAL,DAL,1,0.7019803,0.69980055
0022500792,2026-02-19,2025-26,CHA,HOU,0,0.34933823,0.35105583
0022500793,2026-02-19,2025-26,CLE,BKN,1,0.8404186,0.83769596
0022500794,2026-02-19,2025-26,PHI,ATL,0,0.5483331,0.5477501
0022500795,2026-02-19,2025-26,WAS,IND,1,0.31352252,0.31557313
0022500796,2026-02-19,2025-26,NYK,DET,0,0.5531453,0.55250514
0022500797,2026-02-19,2025-26,CHI,TOR,0,0.30897528,0.31106478
0022500798,2026-02-19,2025-26,SAS,PHX,1,0.68196535,0.6799542
0022500799,2026-02-19,2025-26,GSW,BOS,0,0.41964105,0.4205997
0022500800,2026-02-19,2025-26,SAC,ORL,0,0.19443464,0.19715081
0022500801,2026-02-19,2025-26,LAC,DEN,1,0.30717203,0.3092767
0022500802,2026-02-20,2025-26,CHA,CLE,0,0.38691136,0.38823727
0022500803,2026-02-20,2025-26,WAS,IND,1,0.39545202,0.39668414
0022500804,2026-02-20,2025-26,MEM,UTA,1,0.5902836,0.58921146
0022500805,2026-02-20,2025-26,ATL,MIA,0,0.40165722,0.4028202
0022500806,2026-02-20,2025-26,MIN,DAL,1,0.81275517,0.8100288
0022500807,2026-02-20,2025-26,NOP,MIL,0,0.5131498,0.5129903
0022500808,2026-02-20,2025-26,OKC,BKN,1,0.84655035,0.8438387
0022500809,2026-02-20,2025-26,LAL,LAC,1,0.6447313,0.64307296
0022500810,2026-02-20,2025-26,POR,DEN,0,0.34846386,0.35019007
0022500811,2026-02-21,2025-26,PHX,ORL,1,0.58280337,0.58181655
0022500812,2026-02-21,2025-26,NOP,PHI,1,0.3075231,0.30962485
0022500813,2026-02-21,2025-26,MIA,MEM,1,0.8388304,0.83610564
0022500814,2026-02-21,2025-26,CHI,DET,0,0.3806218,0.38201582
0022500815,2026-02-21,2025-26,SAS,SAC,1,0.86553395,0.86288226
0022500816,2026-02-21,2025-26,NYK,HOU,1,0.5488926,0.54830295
0022500817,2026-02-22,2025-26,OKC,CLE,1,0.4892843,0.4894143
0022500818,2026-02-22,2025-26,ATL,BKN,1,0.7918983,0.789213
0022500819,2026-02-22,2025-26,MIL,TOR,0,0.42719293,0.42806417
0022500820,2026-02-22,2025-26,GSW,DEN,1,0.46641722,0.46682355
0022500821,2026-02-22,2025-26,IND,DAL,0,0.42784697,0.4287106
0022500822,2026-02-22,2025-26,WAS,CHA,0,0.22383584,0.22646843
0022500823,2026-02-22,2025-26,LAL,BOS,0,0.49355507,0.4936333
0022500824,2026-02-22,2025-26,MIN,PHI,0,0.80773395,0.8050143
0022500825,2026-02-22,2025-26,CHI,NYK,0,0.27232462,0.2746947
0022500826,2026-02-22,2025-26,PHX,POR,0,0.50101864,0.5010063
0022500827,2026-02-22,2025-26,LAC,ORL,0,0.5986257,0.59745955
0022500828,2026-02-23,2025-26,DET,SAS,0,0.5593791,0.55866516
0022500829,2026-02-23,2025-26,MEM,SAC,0,0.6391446,0.637543
0022500830,2026-02-23,2025-26,HOU,UTA,1,0.85975695,0.85708255
0022500831,2026-02-24,2025-26,IND,PHI,0,0.32380304,0.32576272
0022500832,2026-02-24,2025-26,ATL,WAS,1,0.84521896,0.8425046
0022500833,2026-02-24,2025-26,BKN,DAL,0,0.42045647,0.4214057
0022500834,2026-02-24,2025-26,TOR,OKC,0,0.42966864,0.43051106
0022500835,2026-02-24,2025-26,CLE,NYK,1,0.49216548,0.49226055
0022500836,2026-02-24,2025-26,CHI,CHA,0,0.39572603,0.39695507
0022500837,2026-02-24,2025-26,MIL,MIA,1,0.48666006,0.48682183
0022500838,2026-02-24,2025-26,NOP,GSW,1,0.35502255,0.3566834
0022500839,2026-02-24,2025-26,PHX,BOS,0,0.37083748,0.37233555
0022500840,2026-02-24,2025-26,LAL,ORL,0,0.5846025,0.5835951
0022500841,2026-02-24,2025-26,POR,MIN,0,0.35959598,0.36121044
0022500842,2026-02-25,2025-26,DET,OKC,1,0.6712485,0.669334
0022500843,2026-02-25,2025-26,TOR,SAS,0,0.34119734,0.34299445
0022500844,2026-02-25,2025-26,MEM,GSW,0,0.2855027,0.28777903
0022500845,2026-02-25,2025-26,HOU,SAC,1,0.88221496,0.8796519
0022500846,2026-02-25,2025-26,MIL,CLE,1,0.35354364,0.35521933
0022500847,2026-02-25,2025-26,DEN,BOS,1,0.76351374,0.76093596
0022500848,2026-02-26,2025-26,IND,CHA,0,0.23832889,0.2408979
0022500849,2026-02-26,2025-26,PHI,MIA,1,0.5166078,0.5164065
0022500850,2026-02-26,2025-26,ATL,WAS,1,0.8567256,0.85404086
0022500851,2026-02-26,2025-26,BKN,SAS,0,0.21858972,0.22124188
0022500852,2026-02-26,2025-26,ORL,HOU,0,0.50058824,0.5005811
0022500853,2026-02-26,2025-26,CHI,POR,0,0.3579079,0.35953954
0022500854,2026-02-26,2025-26,DAL,SAC,0,0.78204256,0.7793882
0022500855,2026-02-26,2025-26,PHX,LAL,1,0.41508397,0.4160949
0022500856,2026-02-26,2025-26,UTA,NOP,0,0.49947217,0.49947858
0022500857,2026-02-26,2025-26,LAC,MIN,0,0.34012225,0.34192973
0022500858,2026-02-27,2025-26,DET,CLE,1,0.62925005,0.6277511
0022500859,2026-02-27,2025-26,BOS,BKN,1,0.870064,0.86743283
0022500860,2026-02-27,2025-26,MIL,NYK,0,0.3246253,0.32657754
0022500861,2026-02-27,2025-26,DAL,MEM,0,0.61531395,0.6139638
0022500862,2026-02-27,2025-26,OKC,DEN,1,0.46398956,0.46442512
0022500863,2026-02-28,2025-26,CHA,POR,1,0.64063364,0.63901687
0022500864,2026-02-28,2025-26,MIA,HOU,1,0.4045806,0.40571076
0022500865,2026-02-28,2025-26,WAS,TOR,0,0.19209866,0.19481863
0022500866,2026-02-28,2025-26,GSW,LAL,0,0.41111556,0.41217178
0022500867,2026-02-28,2025-26,UTA,NOP,0,0.37146673,0.37295818
0022500868,2026-03-01,2025-26,NYK,SAS,1,0.5277432,0.5274072
0022500869,2026-03-01,2025-26,BKN,CLE,0,0.24418198,0.2467215
0022500870,2026-03-01,2025-26,CHI,MIL,1,0.3650253,0.36658394
0022500871,2026-03-01,2025-26,DEN,MIN,0,0.55188996,0.55126464
0022500872,2026-03-01,2025-26,IND,MEM,0,0.6339285,0.63238066
0022500873,2026-03-01,2025-26,ATL,POR,1,0.65087163,0.649152
0022500874,2026-03-01,2025-26,BOS,PHI,1,0.60624826,0.60499734
0022500875,2026-03-01,2025-26,ORL,DET,0,0.4646867,0.46511385
0022500876,2026-03-01,2025-26,DAL,OKC,0,0.21902576,0.22167636
0022500877,2026-03-01,2025-26,LAC,NOP,1,0.70954114,0.70730215
0022500878,2026-03-01,2025-26,LAL,SAC,1,0.8242856,0.82155216
0022500879,2026-03-02,2025-26,WAS,HOU,0,0.13157052,0.13420945
0022500880,2026-03-02,2025-26,MIL,BOS,0,0.25881758,0.2612745
0022500881,2026-03-02,2025-26,UTA,DEN,0,0.20860924,0.21129318
0022500882,2026-03-02,2025-26,GSW,LAC,0,0.6742415,0.67229956
0022500883,2026-03-03,2025-26,CHA,DAL,1,0.79536664,0.7926721
0022500884,2026-03-03,2025-26,CLE,DET,1,0.46619144,0.46660048
0022500885,2026-03-03,2025-26,ORL,WAS,1,0.9093046,0.906971
0022500886,2026-03-03,2025-26,MIA,BKN,1,0.8236218,0.82088846
0022500887,2026-03-03,2025-26,TOR,NYK,0,0.48237458,0.48258826
0022500888,2026-03-03,2025-26,PHI,SAS,0,0.38083956,0.38223124
0022500889,2026-03-03,2025-26,CHI,OKC,0,0.20871992,0.21140355
0022500890,2026-03-03,2025-26,MIN,MEM,1,0.8964571,0.89400035
0022500891,2026-03-03,2025-26,LAL,NOP,1,0.734582,0.7321663
0022500892,2026-03-03,2025-26,SAC,PHX,0,0.23321155,0.23580457
0022500893,2026-03-04,2025-26,NYK,OKC,0,0.5792446,0.5782988
0022500894,2026-03-04,2025-26,BOS,CHA,0,0.6855518,0.6835093
0022500895,2026-03-04,2025-26,PHI,UTA,1,0.7607284,0.75816405
0022500896,2026-03-04,2025-26,MEM,POR,0,0.28389427,0.28618252
0022500897,2026-03-04,2025-26,MIL,ATL,0,0.46349117,0.4639327
0022500898,2026-03-04,2025-26,LAC,IND,1,0.7731067,0.77048635
0022500899,2026-03-05,2025-26,ORL,DAL,1,0.79025275,0.7875721
0022500900,2026-03-05,2025-26,WAS,UTA,0,0.42608422,0.42696837
0022500901,2026-03-05,2025-26,MIA,BKN,1,0.7953174,0.792623
0022500902,2026-03-05,2025-26,HOU,GSW,0,0.75538224,0.7528449
0022500903,2026-03-05,2025-26,MIN,TOR,1,0.7042853,0.7020873
0022500904,2026-03-05,2025-26,SAS,DET,1,0.5042908,0.5042387
0022500905,2026-03-05,2025-26,PHX,CHI,0,0.7722542,0.76963747
0022500906,2026-03-05,2025-26,DEN,LAL,1,0.5924082,0.59131193
0022500907,2026-03-05,2025-26,SAC,NOP,0,0.2952076,0.29740962
0022500908,2026-03-06,2025-26,BOS,DAL,1,0.872963,0.87034637
0022500909,2026-03-06,2025-26,CHA,MIA,0,0.6960071,0.6938759
0022500910,2026-03-06,2025-26,HOU,POR,1,0.74389476,0.7414215
0022500911,2026-03-06,2025-26,DEN,NYK,0,0.4280005,0.42886236
0022500912,2026-03-06,2025-26,PHX,NOP,1,0.76002,0.75745916
0022500913,2026-03-06,2025-26,SAS,LAC,1,0.6532139,0.6514712
0022500914,2026-03-06,2025-26,LAL,IND,1,0.8087373,0.80601615
0022500915,2026-03-07,2025-26,MIN,ORL,0,0.6496861,0.6479782
0022500916,2026-03-07,2025-26,DET,BKN,0,0.83939964,0.8366756
0022500917,2026-03-07,2025-26,ATL,PHI,1,0.61609304,0.6147345
0022500918,2026-03-07,2025-26,MEM,LAC,0,0.29101405,0.2932487
0022500919,2026-03-07,2025-26,MIL,UTA,1,0.8173713,0.8146407
0022500920,2026-03-07,2025-26,OKC,GSW,1,0.78583956,0.7831725
0022500921,2026-03-08,2025-26,CLE,BOS,0,0.45485032,0.45539534
0022500922,2026-03-08,2025-26,LAL,NYK,1,0.4621413,0.46259904
0022500923,2026-03-08,2025-26,MIA,DET,1,0.59827846,0.5971162
0022500924,2026-03-08,2025-26,TOR,DAL,1,0.80006945,0.79736394
0022500925,2026-03-08,2025-26,NOP,WAS,1,0.79143906,0.788755
0022500926,2026-03-08,2025-26,MIL,ORL,0,0.45436785,0.4549186
0022500927,2026-03-08,2025-26,SAS,HOU,1,0.5288444,0.52849513
0022500928,2026-03-08,2025-26,PHX,CHA,1,0.4478024,0.44843134
0022500929,2026-03-08,2025-26,POR,IND,1,0.7404411,0.73798865
0022500930,2026-03-08,2025-26,SAC,CHI,1,0.39473,0.3959701
0022500931,2026-03-09,2025-26,CLE,PHI,1,0.62046313,0.6190574
0022500932,2026-03-09,2025-26,BKN,MEM,1,0.5769441,0.5760249
0022500933,2026-03-09,2025-26,OKC,DEN,1,0.563515,0.5627524
0022500934,2026-03-09,2025-26,UTA,GSW,1,0.36313215,0.36471036
0022500935,2026-03-09,2025-26,LAC,NYK,1,0.42425245,0.42515782
0022500936,2026-03-10,2025-26,PHI,MEM,1,0.7302286,0.7278415
0022500937,2026-03-10,2025-26,BKN,DET,0,0.14532758,0.14801861
0022500938,2026-03-10,2025-26,MIA,WAS,1,0.854755,0.85206413
0022500939,2026-03-10,2025-26,ATL,DAL,1,0.8137064,0.810979
0022500940,2026-03-10,2025-26,HOU,TOR,1,0.6342449,0.63269377
0022500941,2026-03-10,2025-26,MIL,PHX,0,0.4408068,0.44151852
0022500942,2026-03-10,2025-26,SAS,BOS,1,0.41155994,0.4126111
0022500943,2026-03-10,2025-26,GSW,CHI,0,0.5609932,0.56026024
0022500944,2026-03-10,2025-26,POR,CHA,0,0.33914244,0.34095928
0022500945,2026-03-10,2025-26,SAC,IND,1,0.43616912,0.43693548
0022500946,2026-03-10,2025-26,LAL,MIN,1,0.49976468,0.49976754
0022500947,2026-03-11,2025-26,ORL,CLE,1,0.47763434,0.47790536
0022500948,2026-03-11,2025-26,NOP,TOR,1,0.38417277,0.38552848
0022500949,2026-03-11,2025-26,UTA,NYK,0,0.17805192,0.18078485
0022500950,2026-03-11,2025-26,DEN,HOU,1,0.656112,0.654341
0022500951,2026-03-11,2025-26,SAC,CHA,0,0.16305749,0.16578455
0022500952,2026-03-11,2025-26,LAC,MIN,1,0.4996125,0.49961722
0022500953,2026-03-12,2025-26,DET,PHI,1,0.7555429,0.75300485
0022500954,2026-03-12,2025-26,IND,PHX,0,0.19487204,0.19758746
0022500955,2026-03-12,2025-26,ORL,WAS,1,0.8545394,0.8518479
0022500956,2026-03-12,2025-26,ATL,BKN,1,0.85854167,0.85586303
0022500957,2026-03-12,2025-26,MIA,MIL,1,0.5927183,0.5916186
0022500958,2026-03-12,2025-26,SAS,DEN,0,0.6608631,0.6590462
0022500959,2026-03-12,2025-26,OKC,BOS,1,0.5873436,0.5863049
0022500960,2026-03-12,2025-26,LAL,CHI,1,0.8295049,0.8267722
0022501111,2026-03-12,2025-26,MEM,DAL,0,0.48834303,0.48848447
0022500961,2026-03-13,2025-26,DET,MEM,1,0.8980089,0.8955655
0022500962,2026-03-13,2025-26,IND,NYK,0,0.11857651,0.12114458
0022500963,2026-03-13,2025-26,TOR,PHX,1,0.6811293,0.6791255
0022500964,2026-03-13,2025-26,HOU,NOP,1,0.80158514,0.79887646
0022500965,2026-03-13,2025-26,DAL,CLE,0,0.16238497,0.16511127
0022500966,2026-03-13,2025-26,GSW,MIN,0,0.279413,0.28173372
0022500967,2026-03-13,2025-26,POR,UTA,1,0.82868,0.8259469
0022500968,2026-03-13,2025-26,LAC,CHI,1,0.77523816,0.77260923
0022500969,2026-03-14,2025-26,PHI,BKN,1,0.7630162,0.7604408
0022500970,2026-03-14,2025-26,ATL,MIL,1,0.6717368,0.66981775
0022500971,2026-03-14,2025-26,BOS,WAS,1,0.90218186,0.89977646
0022500972,2026-03-14,2025-26,MIA,ORL,0,0.5691755,0.5683465
0022500973,2026-03-14,2025-26,SAS,CHA,1,0.5906969,0.58962005
0022500974,2026-03-14,2025-26,LAL,DEN,1,0.5004826,0.5004768
0022500975,2026-03-14,2025-26,LAC,SAC,0,0.805415,0.802699
0022500976,2026-03-15,2025-26,OKC,MIN,1,0.5730238,0.57215
0022500977,2026-03-15,2025-26,CLE,DAL,0,0.81330585,0.8105789
0022500978,2026-03-15,2025-26,TOR,DET,1,0.51834184,0.51811945
0022500979,2026-03-15,2025-26,MIL,IND,1,0.72776335,0.7253927
0022500980,2026-03-15,2025-26,PHI,POR,1,0.3738739,0.3753399
0022500981,2026-03-15,2025-26,NYK,GSW,1,0.77992874,0.7772819
0022500982,2026-03-15,2025-26,SAC,UTA,1,0.6877951,0.68573314
0022500983,2026-03-16,2025-26,ATL,ORL,1,0.57108015,0.57022893
0022500984,2026-03-16,2025-26,WAS,GSW,0,0.39050528,0.39179197
0022500985,2026-03-16,2025-26,BKN,POR,0,0.24884032,0.2513549
0022500986,2026-03-16,2025-26,BOS,PHX,1,0.6372854,0.63570285
0022500987,2026-03-16,2025-26,CHI,MEM,1,0.7028517,0.70066506
0022500988,2026-03-16,2025-26,NOP,DAL,1,0.798288,0.7955864
0022500989,2026-03-16,2025-26,HOU,LAL,0,0.53043616,0.5300677
0022500990,2026-03-16,2025-26,LAC,SAS,0,0.31050754,0.312584
0022500991,2026-03-17,2025-26,CHA,MIA,1,0.5947739,0.593651
0022500992,2026-03-17,2025-26,ORL,OKC,0,0.26999354,0.2723793
0022500993,2026-03-17,2025-26,WAS,DET,0,0.09928808,0.10170714
0022500994,2026-03-17,2025-26,NYK,IND,1,0.8950094,0.8925404
0022500995,2026-03-17,2025-26,MIL,CLE,0,0.37974477,0.3811482
0022500996,2026-03-17,2025-26,MIN,PHX,1,0.6971761,0.69503534
0022500997,2026-03-17,2025-26,DEN,PHI,1,0.83364326,0.8309131
0022500998,2026-03-17,2025-26,SAC,SAS,0,0.14853667,0.15123673
0022500651,2026-03-18,2025-26,MEM,DEN,1,0.1587019,0.16142316
0022500999,2026-03-18,2025-26,BOS,GSW,1,0.84778774,0.8450787
0022501000,2026-03-18,2025-26,BKN,OKC,0,0.11919527,0.121767215
0022501001,2026-03-18,2025-26,IND,POR,0,0.24673152,0.24925756
0022501002,2026-03-18,2025-26,CHI,TOR,0,0.2413475,0.24390157
0022501004,2026-03-18,2025-26,MIN,UTA,1,0.93221027,0.93017226
0022501005,2026-03-18,2025-26,NOP,LAC,1,0.4099779,0.41104704
0022501006,2026-03-18,2025-26,DAL,ATL,0,0.21905144,0.22170192
0022501007,2026-03-18,2025-26,HOU,LAL,0,0.52597034,0.52565575
0022501008,2026-03-19,2025-26,CHA,ORL,1,0.6326874,0.6311525
0022501009,2026-03-19,2025-26,WAS,DET,0,0.14105678,0.14373401
0022501010,2026-03-19,2025-26,MIA,LAL,0,0.44290957,0.44359648
0022501011,2026-03-19,2025-26,CHI,CLE,0,0.19640955,0.19912218
0022501012,2026-03-19,2025-26,NOP,LAC,1,0.40647364,0.40758246
0022501013,2026-03-19,2025-26,SAS,PHX,1,0.65868574,0.65688974
0022501014,2026-03-19,2025-26,UTA,MIL,1,0.15727581,0.15999475
0022501015,2026-03-19,2025-26,SAC,PHI,0,0.31950364,0.32150182
0022501016,2026-03-20,2025-26,BKN,NYK,0,0.15454389,0.15725781
0022501017,2026-03-20,2025-26,DET,GSW,1,0.6463763,0.6447015
0022501018,2026-03-20,2025-26,HOU,ATL,1,0.5931083,0.5920042
0022501019,2026-03-20,2025-26,MEM,BOS,0,0.14303492,0.14571881
0022501020,2026-03-20,2025-26,MIN,POR,0,0.66140425,0.65958214
0022501021,2026-03-20,2025-26,DEN,TOR,1,0.664808,0.6629535
0022501022,2026-03-21,2025-26,WAS,OKC,0,0.1385665,0.14123473
0022501023,2026-03-21,2025-26,CHA,MEM,1,0.89427483,0.89179975
0022501024,2026-03-21,2025-26,ORL,LAL,0,0.28546226,0.28773892
0022501025,2026-03-21,2025-26,NOP,CLE,0,0.34590855,0.34765992
0022501026,2026-03-21,2025-26,ATL,GSW,1,0.7924187,0.7897319
0022501027,2026-03-21,2025-26,HOU,MIA,1,0.53663975,0.5361967
0022501028,2026-03-21,2025-26,SAS,IND,1,0.89349306,0.8910116
0022501029,2026-03-21,2025-26,DAL,LAC,0,0.3589923,0.36061293
0022501030,2026-03-21,2025-26,UTA,PHI,0,0.18821272,0.19093797
0022501031,2026-03-21,2025-26,PHX,MIL,0,0.6857314,0.68368727
0022501032,2026-03-22,2025-26,DEN,POR,1,0.7641414,0.76156056
0022501033,2026-03-22,2025-26,SAC,BKN,1,0.6949134,0.6927913
0022501034,2026-03-22,2025-26,NYK,WAS,1,0.92940336,0.92732316
0022501035,2026-03-22,2025-26,BOS,MIN,0,0.6289722,0.62747616
0022501036,2026-03-22,2025-26,PHX,TOR,1,0.35351744,0.35519335
0022501037,2026-03-23,2025-26,ATL,MEM,1,0.86753386,0.8648909
0022501038,2026-03-23,2025-26,DET,LAL,1,0.3578815,0.3595134
0022501039,2026-03-23,2025-26,ORL,IND,0,0.80230796,0.7995978
0022501040,2026-03-23,2025-26,PHI,OKC,0,0.22362551,0.22625893
0022501041,2026-03-23,2025-26,MIA,SAS,0,0.39950848,0.40069547
0022501042,2026-03-23,2025-26,CHI,HOU,1,0.21762936,0.2202849
0022501043,2026-03-23,2025-26,UTA,TOR,0,0.17982665,0.18255888
0022501044,2026-03-23,2025-26,DAL,GSW,0,0.5121329,0.51198566
0022501045,2026-03-23,2025-26,POR,BKN,1,0.8660874,0.86343795
0022501046,2026-03-23,2025-26,LAC,MIL,1,0.6912655,0.689174
0022501047,2026-03-24,2025-26,CHA,SAC,1,0.8743122,0.8717026
0022501048,2026-03-24,2025-26,NYK,NOP,1,0.7597368,0.7571773
0022501049,2026-03-24,2025-26,CLE,ORL,1,0.72854143,0.72616553
0022501050,2026-03-24,2025-26,PHX,DEN,0,0.30535412,0.307474
0022501051,2026-03-25,2025-26,DET,ATL,0,0.56344044,0.56267864
0022501052,2026-03-25,2025-26,IND,LAL,0,0.20937547,0.21205725
0022501053,2026-03-25,2025-26,PHI,CHI,1,0.51706594,0.516859
0022501054,2026-03-25,2025-26,BOS,OKC,1,0.544116,0.5435834
0022501055,2026-03-25,2025-26,CLE,MIA,0,0.5257421,0.52543026
0022501056,2026-03-25,2025-26,MEM,SAS,0,0.13861622,0.14128463
0022501057,2026-03-25,2025-26,UTA,WAS,0,0.5881538,0.5871059
0022501058,2026-03-25,2025-26,MIN,HOU,1,0.5001197,0.50011826
0022501059,2026-03-25,2025-26,DEN,DAL,1,0.84600335,0.8432906
0022501060,2026-03-25,2025-26,GSW,BKN,1,0.82256305,0.81983
0022501061,2026-03-25,2025-26,POR,MIL,1,0.609468,0.6081816
0022501062,2026-03-25,2025-26,LAC,TOR,1,0.559117,0.5584062
0022501063,2026-03-26,2025-26,CHA,NYK,1,0.4446727,0.44533873
0022501064,2026-03-26,2025-26,DET,NOP,1,0.58797085,0.586925
0022501065,2026-03-26,2025-26,ORL,SAC,1,0.8500295,0.84732574
0022501066,2026-03-27,2025-26,IND,LAC,0,0.25958776,0.26204
0022501067,2026-03-27,2025-26,BOS,ATL,1,0.6544235,0.65266883
0022501068,2026-03-27,2025-26,CLE,MIA,1,0.6034538,0.6022338
0022501069,2026-03-27,2025-26,MEM,HOU,0,0.13990754,0.14258072
0022501070,2026-03-27,2025-26,OKC,CHI,1,0.84875613,0.84604937
0022501071,2026-03-27,2025-26,TOR,NOP,1,0.7247917,0.7224414
0022501072,2026-03-27,2025-26,DEN,UTA,1,0.92161214,0.91942406
0022501073,2026-03-27,2025-26,GSW,WAS,1,0.8285855,0.8258526
0022501074,2026-03-27,2025-26,POR,DAL,0,0.7180418,0.7157394
0022501075,2026-03-27,2025-26,LAL,BKN,1,0.90175825,0.8993489
0022501076,2026-03-28,2025-26,MIL,SAS,0,0.2345645,0.23715134
0022501077,2026-03-28,2025-26,CHA,PHI,0,0.7623391,0.75976694
0022501078,2026-03-28,2025-26,ATL,SAC,1,0.8652256,0.86257255
0022501079,2026-03-28,2025-26,MEM,CHI,1,0.28098556,0.283295
0022501080,2026-03-28,2025-26,MIN,DET,0,0.7321676,0.72976756
0022501081,2026-03-28,2025-26,PHX,UTA,1,0.9140212,0.9117399
0022501082,2026-03-29,2025-26,MIL,LAC,0,0.23879927,0.24136601
0022501083,2026-03-29,2025-26,IND,MIA,1,0.2529296,0.25542122
0022501084,2026-03-29,2025-26,BKN,SAC,1,0.68163675,0.6796285
0022501085,2026-03-29,2025-26,CHA,BOS,0,0.36219624,0.3637841
0022501086,2026-03-29,2025-26,TOR,ORL,1,0.50852376,0.5084203
0022501087,2026-03-29,2025-26,POR,WAS,1,0.8645877,0.861932
0022501088,2026-03-29,2025-26,NOP,HOU,0,0.27679947,0.27913868
0022501089,2026-03-29,2025-26,OKC,NYK,1,0.4988401,0.49885416
0022501090,2026-03-29,2025-26,DEN,GSW,1,0.8350518,0.8323227
0022501091,2026-03-30,2025-26,MIA,PHI,1,0.5151524,0.51496863
0022501092,2026-03-30,2025-26,ATL,BOS,1,0.6069612,0.60570246
0022501093,2026-03-30,2025-26,MEM,PHX,0,0.13597773,0.13863581
0022501094,2026-03-30,2025-26,SAS,CHI,1,0.8550255,0.85233545
0022501095,2026-03-30,2025-26,DAL,MIN,0,0.2502901,0.25279665
0022501096,2026-03-30,2025-26,UTA,CLE,0,0.15089002,0.15359597
0022501097,2026-03-30,2025-26,OKC,DET,1,0.62802386,0.62653786
0022501098,2026-03-30,2025-26,LAL,WAS,1,0.9286119,0.92652017
0022500652,2026-03-31,2025-26,MIL,DAL,1,0.6407455,0.63912755
0022501099,2026-03-31,2025-26,ORL,PHX,1,0.61592495,0.6145681
0022501100,2026-03-31,2025-26,BKN,CHA,0,0.15109572,0.15380216
0022501101,2026-03-31,2025-26,DET,TOR,1,0.42911154,0.4299605
0022501102,2026-03-31,2025-26,HOU,NYK,1,0.45952415,0.46001324
0022501103,2026-03-31,2025-26,LAL,CLE,1,0.4461447,0.44679326
0022501104,2026-03-31,2025-26,LAC,POR,0,0.64945775,0.64775217
0022501003,2026-04-01,2025-26,MEM,NYK,0,0.11909516,0.121666506
0022501105,2026-04-01,2025-26,WAS,PHI,0,0.1718022,0.17453526
0022501106,2026-04-01,2025-26,MIA,BOS,0,0.42338374,0.42429915
0022501107,2026-04-01,2025-26,ORL,ATL,0,0.3178605,0.31987324
0022501108,2026-04-01,2025-26,TOR,SAC,0,0.81716377,0.81443334
0022501109,2026-04-01,2025-26,CHI,IND,0,0.5441656,0.5436323
0022501110,2026-04-01,2025-26,HOU,MIL,1,0.85388154,0.8511881
0022501112,2026-04-01,2025-26,UTA,DEN,0,0.10791218,0.110404804
0022501113,2026-04-01,2025-26,GSW,SAS,0,0.21157366,0.21424893
0022501114,2026-04-02,2025-26,CHA,PHX,1,0.55306065,0.55242145
0022501115,2026-04-02,2025-26,DET,MIN,1,0.48600885,0.48617852
0022501116,2026-04-02,2025-26,OKC,LAL,1,0.68697417,0.6849193
0022501117,2026-04-02,2025-26,GSW,CLE,0,0.21561281,0.2182752
0022501118,2026-04-02,2025-26,POR,NOP,1,0.60956186,0.60827446
0022501119,2026-04-02,2025-26,LAC,SAS,0,0.46253517,0.46298814
0022501120,2026-04-03,2025-26,CHA,IND,1,0.80902624,0.80630463
0022501121,2026-04-03,2025-26,PHI,MIN,1,0.41629767,0.41729477
0022501122,2026-04-03,2025-26,BKN,ATL,0,0.15332751,0.15603893
0022501123,2026-04-03,2025-26,NYK,CHI,1,0.86993146,0.86729956
0022501124,2026-04-03,2025-26,HOU,UTA,1,0.917852,0.9156163
0022501125,2026-04-03,2025-26,MEM,TOR,0,0.13999535,0.14266884
0022501126,2026-04-03,2025-26,MIL,BOS,0,0.15228477,0.15499394
0022501127,2026-04-03,2025-26,DAL,ORL,0,0.2530008,0.25549203
0022501128,2026-04-03,2025-26,SAC,NOP,1,0.29865992,0.3008345
0022501129,2026-04-04,2025-26,MIA,WAS,1,0.891746,0.88925076
0022501130,2026-04-04,2025-26,DEN,SAS,1,0.54134613,0.54084665
0022501131,2026-04-04,2025-26,PHI,DET,0,0.39385787,0.39510766
0022501132,2026-04-05,2025-26,BOS,TOR,1,0.7214361,0.71910936
0022501133,2026-04-05,2025-26,BKN,WAS,1,0.6732839,0.67135066
0022501134,2026-04-05,2025-26,CHI,PHX,0,0.24685922,0.24938458
0022501135,2026-04-05,2025-26,MIL,MEM,1,0.77835447,0.7757135
0022501136,2026-04-05,2025-26,CLE,IND,1,0.8406114,0.8378891
0022501137,2026-04-05,2025-26,MIN,CHA,0,0.544752,0.54421175
0022501138,2026-04-05,2025-26,NOP,ORL,0,0.4227841,0.4237065
0022501139,2026-04-05,2025-26,OKC,UTA,1,0.91695243,0.91470575
0022501140,2026-04-05,2025-26,DAL,LAL,1,0.20222163,0.20492204
0022501141,2026-04-05,2025-26,SAC,LAC,0,0.1827671,0.18549758
0022501142,2026-04-05,2025-26,GSW,HOU,0,0.2634261,0.26585448
0022501143,2026-04-06,2025-26,ATL,NYK,0,0.4524006,0.45297483
0022501144,2026-04-06,2025-26,ORL,DET,1,0.36655307,0.36809587
0022501145,2026-04-06,2025-26,MEM,CLE,0,0.094235525,0.09660589
0022501146,2026-04-06,2025-26,SAS,PHI,1,0.78513277,0.78246784
0022501147,2026-04-06,2025-26,DEN,POR,1,0.7406568,0.7382031
0022501148,2026-04-07,2025-26,WAS,CHI,0,0.32041585,0.32240593
0022501149,2026-04-07,2025-26,BOS,CHA,1,0.6597361,0.65792996
0022501150,2026-04-07,2025-26,BKN,MIL,1,0.3235399,0.32550198
0022501151,2026-04-07,2025-26,TOR,MIA,1,0.46434778,0.464779
0022501152,2026-04-07,2025-26,IND,MIN,0,0.1866336,0.18936063
0022501153,2026-04-07,2025-26,NOP,UTA,1,0.77777064,0.77513176
0022501154,2026-04-07,2025-26,GSW,SAC,1,0.8084256,0.80570483
0022501155,2026-04-07,2025-26,LAL,OKC,0,0.3810891,0.38247812
0022501156,2026-04-07,2025-26,LAC,DAL,1,0.76375455,0.7611756
0022501157,2026-04-07,2025-26,PHX,HOU,0,0.44328237,0.44396484
0022501158,2026-04-08,2025-26,CLE,ATL,1,0.39497483,0.39621222
0022501159,2026-04-08,2025-26,ORL,MIN,1,0.49435505,0.4944235
0022501160,2026-04-08,2025-26,DET,MIL,1,0.840563,0.8378406
0022501161,2026-04-08,2025-26,SAS,POR,1,0.71198,0.7097225
0022501162,2026-04-08,2025-26,DEN,MEM,1,0.9407706,0.9388728
0022501163,2026-04-08,2025-26,LAC,OKC,0,0.37102506,0.37252113
0022501164,2026-04-08,2025-26,PHX,DAL,1,0.7874569,0.7847847
0022501165,2026-04-09,2025-26,TOR,MIA,1,0.5524258,0.5517942
0022501166,2026-04-09,2025-26,WAS,CHI,0,0.31439263,0.3164357
0022501167,2026-04-09,2025-26,BKN,IND,0,0.32339635,0.32535973
0022501168,2026-04-09,2025-26,NYK,BOS,1,0.5035135,0.50347084
0022501169,2026-04-09,2025-26,HOU,PHI,1,0.6886425,0.6865733
0022501170,2026-04-09,2025-26,GSW,LAL,0,0.5053646,0.5052995
0022501171,2026-04-10,2025-26,CHA,DET,0,0.6054795,0.604237
0022501172,2026-04-10,2025-26,WAS,MIA,0,0.13615917,0.13881798
0022501173,2026-04-10,2025-26,ATL,CLE,1,0.5532222,0.55258113
0022501174,2026-04-10,2025-26,BOS,NOP,1,0.89248675,0.8899973
0022501175,2026-04-10,2025-26,IND,PHI,0,0.19215825,0.19487813
0022501176,2026-04-10,2025-26,NYK,TOR,1,0.70485723,0.7026547
0022501177,2026-04-10,2025-26,CHI,ORL,0,0.23036401,0.23296967
0022501178,2026-04-10,2025-26,HOU,MIN,0,0.5685996,0.5677774
0022501179,2026-04-10,2025-26,MIL,BKN,1,0.8098553,0.8071325
0022501180,2026-04-10,2025-26,SAS,DAL,1,0.88740826,0.88488054
0022501181,2026-04-10,2025-26,UTA,MEM,1,0.67581755,0.6738613
0022501182,2026-04-10,2025-26,DEN,OKC,1,0.5153115,0.51512575
0022501183,2026-04-10,2025-26,POR,LAC,1,0.4792212,0.47947308
0022501184,2026-04-10,2025-26,SAC,GSW,1,0.38181415,0.38319534
0022501185,2026-04-10,2025-26,LAL,PHX,1,0.36231238,0.36389905
0022501186,2026-04-12,2025-26,BOS,ORL,1,0.7739918,0.77136797
0022501187,2026-04-12,2025-26,CLE,WAS,1,0.9074045,0.9050509
0022501188,2026-04-12,2025-26,IND,DET,0,0.1681506,0.17088206
0022501189,2026-04-12,2025-26,MIA,ATL,1,0.46608216,0.46649253
0022501190,2026-04-12,2025-26,NYK,CHA,0,0.61974293,0.618345
0022501191,2026-04-12,2025-26,PHI,MIL,1,0.79452956,0.79183716
0022501192,2026-04-12,2025-26,TOR,BKN,1,0.92424375,0.92209065
0022501193,2026-04-12,2025-26,DAL,CHI,1,0.5887874,0.5877322
0022501194,2026-04-12,2025-26,HOU,MEM,1,0.9578746,0.95631796
0022501195,2026-04-12,2025-26,MIN,NOP,1,0.8744298,0.87182087
0022501196,2026-04-12,2025-26,OKC,PHX,0,0.49686608,0.4969041
0022501197,2026-04-12,2025-26,SAS,DEN,0,0.771922,0.76930654
0022501198,2026-04-12,2025-26,LAL,UTA,1,0.8996392,0.89721024
0022501199,2026-04-12,2025-26,LAC,GSW,1,0.68195426,0.67994314
0022501200,2026-04-12,2025-26,POR,SAC,1,0.85523105,0.8525417
