date,season,home,away,home_win,p_home
2024-10-22,2024-25,BOS,NYK,1,0.6060857984775521
2024-10-22,2024-25,LAL,MIN,1,0.5232849323662861
2024-10-23,2024-25,DET,IND,0,0.20641493263179567
2024-10-23,2024-25,ATL,BKN,1,0.7137119512834479
2024-10-23,2024-25,MIA,ORL,0,0.6122856587549377
2024-10-23,2024-25,PHI,MIL,0,0.5635710942190053
2024-10-23,2024-25,TOR,CLE,0,0.29969110598873605
2024-10-23,2024-25,HOU,CHA,0,0.6864300614809431
2024-10-23,2024-25,NOP,CHI,1,0.6592136898693527
2024-10-23,2024-25,UTA,MEM,0,0.6370716717305682
2024-10-23,2024-25,LAC,PHX,0,0.35641530024096607
2024-10-23,2024-25,POR,GSW,0,0.22036782580065864
2024-10-24,2024-25,WAS,BOS,0,0.12001097609035112
2024-10-24,2024-25,DAL,SAS,1,0.5202647911419412
2024-10-24,2024-25,DEN,OKC,0,0.5733570317248669
2024-10-24,2024-25,SAC,MIN,0,0.5321083124434656
2024-10-25,2024-25,ORL,BKN,1,0.72464692208791
2024-10-25,2024-25,TOR,PHI,1,0.3858710927177186
2024-10-25,2024-25,ATL,CHA,1,0.6512135978755067
2024-10-25,2024-25,CLE,DET,1,0.7627000326098844
2024-10-25,2024-25,NYK,IND,1,0.6570963747612224
2024-10-25,2024-25,HOU,MEM,1,0.6397792085309298
2024-10-25,2024-25,MIL,CHI,0,0.70259072881496
2024-10-25,2024-25,UTA,GSW,0,0.2711046849366494
2024-10-25,2024-25,LAL,PHX,1,0.5122455315026345
2024-10-25,2024-25,POR,NOP,0,0.21877905627064814
2024-10-26,2024-25,DEN,LAC,0,0.6783644714838587
2024-10-26,2024-25,CHA,MIA,0,0.39387215980535994
2024-10-26,2024-25,DET,BOS,0,0.164019131287642
2024-10-26,2024-25,WAS,CLE,0,0.28043798696198363
2024-10-26,2024-25,CHI,OKC,0,0.3051155043159329
2024-10-26,2024-25,MEM,ORL,1,0.3716035934177021
2024-10-26,2024-25,MIN,TOR,1,0.8696836723426143
2024-10-26,2024-25,SAS,HOU,1,0.5155490203425953
2024-10-26,2024-25,PHX,DAL,1,0.5823659096067808
2024-10-26,2024-25,LAL,SAC,1,0.5815980594885246
2024-10-27,2024-25,IND,PHI,0,0.6933044446550122
2024-10-27,2024-25,BKN,MIL,1,0.3576376696667576
2024-10-27,2024-25,POR,NOP,1,0.23290911187140131
2024-10-27,2024-25,OKC,ATL,1,0.7497638414811438
2024-10-27,2024-25,GSW,LAC,0,0.7888222922891662
2024-10-28,2024-25,ORL,IND,1,0.6156547746292302
2024-10-28,2024-25,ATL,WAS,0,0.6912833476064827
2024-10-28,2024-25,BOS,MIL,1,0.8636421449986994
2024-10-28,2024-25,MIA,DET,1,0.6921618255883816
2024-10-28,2024-25,NYK,CLE,0,0.6480947773862885
2024-10-28,2024-25,TOR,DEN,0,0.2756342538074522
2024-10-28,2024-25,MEM,CHI,0,0.5202978351290416
2024-10-28,2024-25,SAS,HOU,0,0.458837872903668
2024-10-28,2024-25,DAL,UTA,1,0.8208752017107753
2024-10-28,2024-25,PHX,LAL,1,0.6106879933245538
2024-10-28,2024-25,SAC,POR,1,0.8405253865005133
2024-10-29,2024-25,BKN,DEN,0,0.41885097726705306
2024-10-29,2024-25,MIN,DAL,0,0.685501119123406
2024-10-29,2024-25,UTA,SAC,0,0.3310960004284981
2024-10-29,2024-25,GSW,NOP,1,0.6926225807717963
2024-10-30,2024-25,CHA,TOR,1,0.6383489319235276
2024-10-30,2024-25,CLE,LAL,1,0.5701304373276308
2024-10-30,2024-25,IND,BOS,1,0.3269055210383595
2024-10-30,2024-25,PHI,DET,0,0.6208007553191802
2024-10-30,2024-25,WAS,ATL,1,0.437998589122256
2024-10-30,2024-25,MIA,NYK,0,0.43374814762343283
2024-10-30,2024-25,CHI,ORL,1,0.4498374570308953
2024-10-30,2024-25,MEM,BKN,0,0.6412344906450169
2024-10-30,2024-25,OKC,SAS,1,0.8313810938532169
2024-10-30,2024-25,GSW,NOP,1,0.7266763417193471
2024-10-30,2024-25,LAC,POR,0,0.799900625764988
2024-10-31,2024-25,MEM,MIL,1,0.39026021794352805
2024-10-31,2024-25,DAL,HOU,0,0.6580590675113277
2024-10-31,2024-25,UTA,SAS,0,0.5608281089921139
2024-10-31,2024-25,LAC,PHX,0,0.37431686298371997
2024-11-01,2024-25,CHA,BOS,0,0.17670310481439425
2024-11-01,2024-25,CLE,ORL,1,0.6388671501480246
2024-11-01,2024-25,DET,NYK,0,0.2913050478116475
2024-11-01,2024-25,ATL,SAC,0,0.3284390611985159
2024-11-01,2024-25,BKN,CHI,1,0.5302192263747514
2024-11-01,2024-25,TOR,LAL,0,0.2879275188942261
2024-11-01,2024-25,NOP,IND,1,0.4613819073565761
2024-11-01,2024-25,MIN,DEN,1,0.582280824006652
2024-11-01,2024-25,POR,OKC,0,0.19836703662640157
2024-11-02,2024-25,CHA,BOS,0,0.19600226675603447
2024-11-02,2024-25,PHI,MEM,0,0.5706353387645136
2024-11-02,2024-25,TOR,SAC,1,0.30299361702766653
2024-11-02,2024-25,HOU,GSW,0,0.44472494758553277
2024-11-02,2024-25,MIL,CLE,0,0.441081889204225
2024-11-02,2024-25,SAS,MIN,1,0.43346558164922017
2024-11-02,2024-25,DEN,UTA,1,0.8181202942824118
2024-11-02,2024-25,PHX,POR,1,0.9003510403069275
2024-11-02,2024-25,LAC,OKC,0,0.4321094189388196
2024-11-03,2024-25,BKN,DET,0,0.6313391242941526
2024-11-03,2024-25,NOP,ATL,0,0.7114640666280417
2024-11-03,2024-25,DAL,ORL,1,0.6566991349545084
2024-11-04,2024-25,CLE,MIL,1,0.7355132776697783
2024-11-04,2024-25,WAS,GSW,0,0.2170004049809424
2024-11-04,2024-25,DET,LAL,1,0.295662408537222
2024-11-04,2024-25,ATL,BOS,0,0.1468140106655562
2024-11-04,2024-25,BKN,MEM,1,0.47484380691926276
2024-11-04,2024-25,MIA,SAC,0,0.5602333468476338
2024-11-04,2024-25,CHI,UTA,0,0.78094167892786
2024-11-04,2024-25,HOU,NYK,1,0.36811920059903486
2024-11-04,2024-25,MIN,CHA,1,0.7768686971509986
2024-11-04,2024-25,OKC,ORL,1,0.8345126641307724
2024-11-04,2024-25,NOP,POR,0,0.6092538043284023
2024-11-04,2024-25,DAL,IND,0,0.5612590753982869
2024-11-04,2024-25,DEN,TOR,1,0.8096851046739021
2024-11-04,2024-25,PHX,PHI,1,0.8174673583821491
2024-11-04,2024-25,LAC,SAS,1,0.6292580120438492
2024-11-06,2024-25,CHA,DET,1,0.4467961072017892
2024-11-06,2024-25,IND,ORL,1,0.6783981966805309
2024-11-06,2024-25,ATL,NYK,1,0.24099838870860874
2024-11-06,2024-25,BOS,GSW,0,0.6819895650438769
2024-11-06,2024-25,HOU,SAS,1,0.7031604051165581
2024-11-06,2024-25,MEM,LAL,1,0.43410215968979005
2024-11-06,2024-25,NOP,CLE,0,0.2754856143054246
2024-11-06,2024-25,DAL,CHI,1,0.777478877404878
2024-11-06,2024-25,DEN,OKC,1,0.4232030538434811
2024-11-06,2024-25,PHX,MIA,1,0.7227362030633611
2024-11-06,2024-25,LAC,PHI,1,0.6572163587666513
2024-11-06,2024-25,SAC,TOR,1,0.7746780658489153
2024-11-07,2024-25,CHI,MIN,0,0.3272078039658585
2024-11-07,2024-25,MIL,UTA,1,0.7726220190886436
2024-11-07,2024-25,SAS,POR,1,0.5769982104020073
2024-11-08,2024-25,CHA,IND,1,0.32521661970495
2024-11-08,2024-25,DET,ATL,1,0.6215119345874851
2024-11-08,2024-25,ORL,NOP,1,0.6600344046563
2024-11-08,2024-25,BOS,BKN,1,0.8726365851171621
2024-11-08,2024-25,CLE,GSW,1,0.46009712822152266
2024-11-08,2024-25,NYK,MIL,1,0.790444445426553
2024-11-08,2024-25,DAL,PHX,0,0.4747564654918395
2024-11-08,2024-25,MEM,WAS,1,0.7548956525615114
2024-11-08,2024-25,OKC,HOU,1,0.7564560757565542
2024-11-08,2024-25,MIN,POR,1,0.8314622225609682
2024-11-08,2024-25,DEN,MIA,1,0.6963744041254868
2024-11-08,2024-25,LAL,PHI,1,0.6123928554032729
2024-11-08,2024-25,SAC,LAC,0,0.6215596897491339
2024-11-09,2024-25,SAS,UTA,0,0.7176476516842578
2024-11-09,2024-25,ATL,CHI,0,0.5212995017874333
2024-11-09,2024-25,CLE,BKN,1,0.7872474748469938
2024-11-09,2024-25,LAC,TOR,1,0.7268883929303748
2024-11-10,2024-25,DET,HOU,0,0.4180939866220814
2024-11-10,2024-25,MIL,BOS,0,0.23565727533186542
2024-11-10,2024-25,IND,NYK,1,0.43882934856160233
2024-11-10,2024-25,ORL,WAS,1,0.8046487007865974
2024-11-10,2024-25,PHI,CHA,1,0.5365319433322642
2024-11-10,2024-25,MIN,MIA,0,0.6979292846971724
2024-11-10,2024-25,OKC,GSW,0,0.6386861779806025
2024-11-10,2024-25,DEN,DAL,1,0.61693362668009
2024-11-10,2024-25,PHX,SAC,0,0.6788921646925448
2024-11-10,2024-25,POR,MEM,0,0.3953219590130488
2024-11-10,2024-25,LAL,TOR,1,0.8057212449447827
2024-11-11,2024-25,CHI,CLE,0,0.30531096895707044
2024-11-11,2024-25,HOU,WAS,1,0.8616791621769105
2024-11-11,2024-25,NOP,BKN,0,0.4081864115471008
2024-11-11,2024-25,OKC,LAC,1,0.7065122873495048
2024-11-11,2024-25,SAS,SAC,1,0.47466362399357725
2024-11-12,2024-25,BOS,ATL,0,0.8940627227477641
2024-11-12,2024-25,DET,MIA,1,0.48085020017455593
2024-11-12,2024-25,ORL,CHA,1,0.6562874208948706
2024-11-12,2024-25,PHI,NYK,0,0.34595606158742764
2024-11-12,2024-25,MIL,TOR,1,0.7311276687020851
2024-11-12,2024-25,UTA,PHX,0,0.29732280338684425
2024-11-12,2024-25,GSW,DAL,1,0.6765596849419317
2024-11-12,2024-25,POR,MIN,1,0.23285506362029548
2024-11-13,2024-25,ORL,IND,1,0.5159133325003424
2024-11-13,2024-25,BKN,BOS,0,0.2665660064989981
2024-11-13,2024-25,NYK,CHI,0,0.7754143482631204
2024-11-13,2024-25,PHI,CLE,0,0.2798917392252873
2024-11-13,2024-25,OKC,NOP,1,0.8811723278516529
2024-11-13,2024-25,HOU,LAC,1,0.5695984412383326
2024-11-13,2024-25,MIL,DET,1,0.6006311553791136
2024-11-13,2024-25,SAS,WAS,1,0.7921498373925465
2024-11-13,2024-25,LAL,MEM,1,0.5691750216321971
2024-11-13,2024-25,POR,MIN,1,0.30075680250233316
2024-11-13,2024-25,SAC,PHX,1,0.5902573461945856
2024-11-14,2024-25,UTA,DAL,1,0.23025404473079325
2024-11-15,2024-25,IND,MIA,0,0.6220539512260141
2024-11-15,2024-25,ORL,PHI,1,0.7719894189459615
2024-11-15,2024-25,TOR,DET,0,0.4810506130152031
2024-11-15,2024-25,ATL,WAS,1,0.7457491451237822
2024-11-15,2024-25,CLE,CHI,1,0.7879588388085311
2024-11-15,2024-25,NYK,BKN,1,0.8109626257651333
2024-11-15,2024-25,SAS,LAL,0,0.4426280728557193
2024-11-15,2024-25,HOU,LAC,1,0.6208062641751243
2024-11-15,2024-25,NOP,DEN,1,0.19933433669272715
2024-11-15,2024-25,OKC,PHX,1,0.7117043117259507
2024-11-15,2024-25,GSW,MEM,1,0.7258114018073235
2024-11-15,2024-25,SAC,MIN,0,0.5916231594612051
2024-11-16,2024-25,CHA,MIL,1,0.4574585122902297
2024-11-16,2024-25,BOS,TOR,1,0.9391094405082525
2024-11-16,2024-25,NOP,LAL,0,0.32939192716382815
2024-11-16,2024-25,DAL,SAS,1,0.7453761101002667
2024-11-16,2024-25,SAC,UTA,1,0.7747701198350692
2024-11-17,2024-25,MIN,PHX,1,0.6002450647087116
2024-11-17,2024-25,IND,MIA,1,0.556773830988212
2024-11-17,2024-25,CLE,CHA,1,0.8779455653601314
2024-11-17,2024-25,WAS,DET,0,0.40193268951620065
2024-11-17,2024-25,MEM,DEN,1,0.49703695361178685
2024-11-17,2024-25,POR,ATL,1,0.4286821398866523
2024-11-17,2024-25,NYK,BKN,1,0.7620498413534894
2024-11-17,2024-25,CHI,HOU,0,0.3595539564387478
2024-11-17,2024-25,OKC,DAL,0,0.7603262725023255
2024-11-17,2024-25,LAC,UTA,1,0.7934906988580047
2024-11-18,2024-25,DET,CHI,0,0.6297910902191751
2024-11-18,2024-25,MIA,PHI,1,0.6427259548470644
2024-11-18,2024-25,NYK,WAS,1,0.90266506556862
2024-11-18,2024-25,TOR,IND,1,0.39123883797168213
2024-11-18,2024-25,MIL,HOU,1,0.4805639907924287
2024-11-18,2024-25,PHX,ORL,0,0.5092497192483387
2024-11-18,2024-25,SAC,ATL,0,0.7817371592215403
2024-11-18,2024-25,LAC,GSW,1,0.3260530391990903
2024-11-19,2024-25,BOS,CLE,1,0.7053288304165697
2024-11-19,2024-25,BKN,CHA,1,0.6216939945341747
2024-11-19,2024-25,MEM,DEN,0,0.5552730741369553
2024-11-19,2024-25,DAL,NOP,1,0.8532487457613551
2024-11-19,2024-25,SAS,OKC,1,0.2787581275350999
2024-11-19,2024-25,LAL,UTA,1,0.789394723148317
2024-11-20,2024-25,CLE,NOP,1,0.8675074072316135
2024-11-20,2024-25,MIL,CHI,1,0.6569966590562188
2024-11-20,2024-25,HOU,IND,1,0.724953741486647
2024-11-20,2024-25,MEM,PHI,1,0.6322452643328765
2024-11-20,2024-25,OKC,POR,1,0.8563212413679717
2024-11-20,2024-25,PHX,NYK,0,0.4188559095503836
2024-11-20,2024-25,GSW,ATL,1,0.7975617549549426
2024-11-20,2024-25,LAC,ORL,1,0.5018850201107173
2024-11-21,2024-25,CHA,DET,1,0.5061662041548621
2024-11-21,2024-25,TOR,MIN,1,0.3034993350995831
2024-11-21,2024-25,SAS,UTA,1,0.7138873032458466
2024-11-21,2024-25,LAL,ORL,0,0.5892988019715097
2024-11-22,2024-25,PHI,BKN,1,0.5595387378385499
2024-11-22,2024-25,WAS,BOS,0,0.1201242246238359
2024-11-22,2024-25,MIL,IND,1,0.597231043732924
2024-11-22,2024-25,CHI,ATL,1,0.5352129812599475
2024-11-22,2024-25,HOU,POR,1,0.8048437488898551
2024-11-22,2024-25,NOP,GSW,0,0.10941184510226083
2024-11-22,2024-25,DEN,DAL,0,0.4967250160782819
2024-11-22,2024-25,LAC,SAC,1,0.553393327881456
2024-11-23,2024-25,UTA,NYK,1,0.18429032022923766
2024-11-23,2024-25,ORL,DET,1,0.694694942968267
2024-11-23,2024-25,CHI,MEM,0,0.3978793379262333
2024-11-23,2024-25,HOU,POR,0,0.8378033815975663
2024-11-23,2024-25,MIL,CHA,1,0.6590583346678823
2024-11-23,2024-25,SAS,GSW,1,0.3808402451377014
2024-11-23,2024-25,LAL,DEN,0,0.5640760582690068
2024-11-24,2024-25,BOS,MIN,1,0.7683641033358993
2024-11-24,2024-25,IND,WAS,1,0.787016162342801
2024-11-24,2024-25,MIA,DAL,1,0.4846790672358179
2024-11-24,2024-25,PHI,LAC,0,0.3546382083825685
2024-11-24,2024-25,CLE,TOR,1,0.8364289949657538
2024-11-24,2024-25,SAC,BKN,0,0.7246302399460993
2024-11-25,2024-25,CHA,ORL,0,0.3570378044940353
2024-11-25,2024-25,DET,TOR,1,0.7094849233359749
2024-11-25,2024-25,IND,NOP,1,0.6837993605918726
2024-11-25,2024-25,ATL,DAL,0,0.3723256943091617
2024-11-25,2024-25,BOS,LAC,1,0.7932222662122106
2024-11-25,2024-25,MEM,POR,1,0.7473645186948172
2024-11-25,2024-25,DEN,NYK,0,0.5529800618207595
2024-11-25,2024-25,GSW,BKN,0,0.8844675372872673
2024-11-25,2024-25,SAC,OKC,0,0.3144742216175919
2024-11-26,2024-25,WAS,CHI,0,0.3733304910177837
2024-11-26,2024-25,MIA,MIL,0,0.6134675904151391
2024-11-26,2024-25,MIN,HOU,0,0.4838128935593149
2024-11-26,2024-25,UTA,SAS,0,0.39025811968257074
2024-11-26,2024-25,PHX,LAL,1,0.5874523127051682
2024-11-27,2024-25,CHA,MIA,0,0.3954058198138032
2024-11-27,2024-25,CLE,ATL,0,0.8056585192472274
2024-11-27,2024-25,IND,POR,1,0.7106244394138871
2024-11-27,2024-25,ORL,CHI,1,0.8072463717501802
2024-11-27,2024-25,PHI,HOU,0,0.32709045162077566
2024-11-27,2024-25,WAS,LAC,0,0.18124110121713694
2024-11-27,2024-25,DAL,NYK,1,0.5437366502732174
2024-11-27,2024-25,MEM,DET,1,0.7107731804971128
2024-11-27,2024-25,MIN,SAC,0,0.5625189794439004
2024-11-27,2024-25,NOP,TOR,0,0.43875821299949824
2024-11-27,2024-25,SAS,LAL,0,0.6301757286633227
2024-11-27,2024-25,PHX,BKN,0,0.7234546444112545
2024-11-27,2024-25,UTA,DEN,0,0.23544624184464666
2024-11-27,2024-25,GSW,OKC,0,0.503341916512764
2024-11-29,2024-25,CHA,NYK,0,0.2294243991503409
2024-11-29,2024-25,ATL,CLE,1,0.3600053066922364
2024-11-29,2024-25,MEM,NOP,1,0.8287440295945895
2024-11-29,2024-25,BKN,ORL,0,0.46348525495580933
2024-11-29,2024-25,MIN,LAC,1,0.5365384849265539
2024-11-29,2024-25,IND,DET,0,0.6623372788206494
2024-11-29,2024-25,MIA,TOR,1,0.6762698874186255
2024-11-29,2024-25,CHI,BOS,0,0.1819612631188328
2024-11-29,2024-25,LAL,OKC,0,0.3278622831771732
2024-11-29,2024-25,POR,SAC,1,0.3459582178653251
2024-11-30,2024-25,CHA,ATL,0,0.48696169277472906
2024-11-30,2024-25,DET,PHI,0,0.5868589120718344
2024-11-30,2024-25,MIL,WAS,1,0.8607885382459062
2024-11-30,2024-25,PHX,GSW,1,0.5150885586837418
2024-11-30,2024-25,UTA,DAL,0,0.1558220806644756
2024-12-01,2024-25,BKN,ORL,0,0.3514659146837949
2024-12-01,2024-25,MEM,IND,1,0.7253833113613956
2024-12-01,2024-25,CLE,BOS,1,0.36099995350395975
2024-12-01,2024-25,NYK,NOP,1,0.8750852021601617
2024-12-01,2024-25,TOR,MIA,1,0.4420544055755523
2024-12-01,2024-25,HOU,OKC,1,0.47222176898688717
2024-12-01,2024-25,UTA,LAL,0,0.29717518248302704
2024-12-01,2024-25,POR,DAL,0,0.3045826765896612
2024-12-01,2024-25,SAC,SAS,0,0.6008274433480167
2024-12-01,2024-25,LAC,DEN,1,0.5223303738067404
2024-12-02,2024-25,ATL,NOP,1,0.8042291791187657
2024-12-02,2024-25,BOS,MIA,1,0.7934781627341619
2024-12-02,2024-25,CHI,BKN,1,0.6289091355068068
2024-12-02,2024-25,MIN,LAL,1,0.6775646691231341
2024-12-03,2024-25,CHA,PHI,0,0.4573735848988851
2024-12-03,2024-25,CLE,WAS,1,0.8956833577630697
2024-12-03,2024-25,DET,MIL,0,0.4146652550473103
2024-12-03,2024-25,NYK,ORL,1,0.6120788598280325
2024-12-03,2024-25,TOR,IND,1,0.5992245248881289
2024-12-03,2024-25,OKC,UTA,1,0.8979728198011765
2024-12-03,2024-25,DAL,MEM,1,0.6226621790825427
2024-12-03,2024-25,PHX,SAS,1,0.652734505643233
2024-12-03,2024-25,DEN,GSW,1,0.5226625349701575
2024-12-03,2024-25,SAC,HOU,1,0.3953942309205771
2024-12-03,2024-25,LAC,POR,1,0.7808135709955437
2024-12-04,2024-25,BOS,DET,1,0.8965742565769562
2024-12-04,2024-25,BKN,IND,1,0.4663632710506004
2024-12-04,2024-25,MIA,LAL,1,0.6185169171121843
2024-12-04,2024-25,PHI,ORL,0,0.3869882408022614
2024-12-04,2024-25,MIL,ATL,0,0.5989333266317548
2024-12-04,2024-25,LAC,MIN,0,0.5335826907537218
2024-12-05,2024-25,CLE,DEN,1,0.6176530872475162
2024-12-05,2024-25,WAS,DAL,0,0.12542110808438406
2024-12-05,2024-25,NYK,CHA,1,0.8662623120808468
2024-12-05,2024-25,TOR,OKC,0,0.2970558865423363
2024-12-05,2024-25,MEM,SAC,1,0.6445267270350397
2024-12-05,2024-25,NOP,PHX,1,0.24207151357453993
2024-12-05,2024-25,SAS,CHI,0,0.6107471624216267
2024-12-05,2024-25,GSW,HOU,1,0.555917943489853
2024-12-06,2024-25,PHI,ORL,1,0.30924287963666636
2024-12-06,2024-25,ATL,LAL,1,0.6741556602188393
2024-12-06,2024-25,BOS,MIL,1,0.7911204077009534
2024-12-06,2024-25,CHI,IND,0,0.6039941069268653
2024-12-06,2024-25,SAS,SAC,0,0.47890014927291513
2024-12-06,2024-25,GSW,MIN,0,0.49975916654225433
2024-12-06,2024-25,POR,UTA,0,0.6142058969953486
2024-12-07,2024-25,CHA,CLE,0,0.20013192617692185
2024-12-07,2024-25,WAS,DEN,1,0.1530619949508805
2024-12-07,2024-25,NOP,OKC,0,0.1598409316047201
2024-12-07,2024-25,NYK,DET,0,0.8039473866954805
2024-12-07,2024-25,TOR,DAL,0,0.2369824800923691
2024-12-07,2024-25,BOS,MEM,0,0.7341555008626215
2024-12-07,2024-25,MIA,PHX,1,0.6177324055234638
2024-12-08,2024-25,CHI,PHI,0,0.5886257751020351
2024-12-08,2024-25,BKN,MIL,0,0.4162124785741919
2024-12-08,2024-25,IND,CHA,0,0.7584591052859042
2024-12-08,2024-25,ATL,DEN,0,0.5563767164688987
2024-12-08,2024-25,MIA,CLE,1,0.5053821962844665
2024-12-08,2024-25,ORL,PHX,1,0.6657998616506873
2024-12-08,2024-25,WAS,MEM,0,0.19363661834051432
2024-12-08,2024-25,SAS,NOP,1,0.6876341665969273
2024-12-08,2024-25,GSW,MIN,1,0.5570797046196776
2024-12-08,2024-25,LAC,HOU,0,0.46682197384362545
2024-12-08,2024-25,SAC,UTA,1,0.7509252002369717
2024-12-08,2024-25,LAL,POR,1,0.7092711045846359
2024-12-09,2024-25,TOR,NYK,0,0.28459785400374804
2024-12-10,2024-25,MIL,ORL,1,0.550005291733081
2024-12-10,2024-25,OKC,DAL,1,0.6399675677551624
2024-12-11,2024-25,NYK,ATL,0,0.7980347743074288
2024-12-11,2024-25,HOU,GSW,1,0.5066519479709131
2024-12-12,2024-25,BOS,DET,1,0.858478234193889
2024-12-12,2024-25,MIA,TOR,1,0.7991584316190505
2024-12-12,2024-25,NOP,SAC,0,0.2648237151057482
2024-12-13,2024-25,CLE,WAS,1,0.91827554197791
2024-12-13,2024-25,PHI,IND,0,0.6175561057095053
2024-12-13,2024-25,MIN,LAL,1,0.7698081453463389
2024-12-13,2024-25,MEM,BKN,1,0.781608836018954
2024-12-13,2024-25,CHI,CHA,1,0.706324363245477
2024-12-13,2024-25,DEN,LAC,1,0.6543489968996302
2024-12-13,2024-25,UTA,PHX,0,0.36214822277002606
2024-12-13,2024-25,POR,SAS,0,0.41036484582346067
2024-12-15,2024-25,IND,NOP,1,0.6696182648187737
2024-12-15,2024-25,WAS,BOS,0,0.07978740860757434
2024-12-15,2024-25,SAS,MIN,0,0.3481358669089686
2024-12-15,2024-25,PHX,POR,1,0.815946819296373
2024-12-15,2024-25,LAL,MEM,1,0.3716174980867266
2024-12-15,2024-25,ORL,NYK,0,0.4715578061746723
2024-12-15,2024-25,GSW,DAL,0,0.4818354785254202
2024-12-16,2024-25,DET,MIA,1,0.3343765002109912
2024-12-16,2024-25,CHA,PHI,0,0.4020145770109903
2024-12-16,2024-25,TOR,CHI,0,0.4973739286072295
2024-12-16,2024-25,BKN,CLE,0,0.2960187358211729
2024-12-16,2024-25,SAC,DEN,0,0.5404217888514397
2024-12-16,2024-25,LAC,UTA,1,0.7229102878666929
2024-12-19,2024-25,DET,UTA,0,0.6561468109839836
2024-12-19,2024-25,ORL,OKC,0,0.3142387619703048
2024-12-19,2024-25,WAS,CHA,1,0.45831232809271605
2024-12-19,2024-25,BOS,CHI,0,0.8635219864726048
2024-12-19,2024-25,TOR,BKN,0,0.5664910727070044
2024-12-19,2024-25,HOU,NOP,1,0.8480773517682954
2024-12-19,2024-25,MEM,GSW,1,0.5865612467682275
2024-12-19,2024-25,MIN,NYK,0,0.5336445877370234
2024-12-19,2024-25,DAL,LAC,0,0.7605979651792044
2024-12-19,2024-25,PHX,IND,0,0.6893875411779619
2024-12-19,2024-25,SAS,ATL,1,0.440300141204082
2024-12-19,2024-25,POR,DEN,1,0.25439802892478686
2024-12-19,2024-25,SAC,LAL,0,0.6567145447151662
2024-12-20,2024-25,PHI,CHA,1,0.7697055552145743
2024-12-20,2024-25,CLE,MIL,1,0.6719835165884789
2024-12-20,2024-25,MIA,OKC,0,0.44981927949831857
2024-12-21,2024-25,SAC,LAL,0,0.6293346100123381
2024-12-21,2024-25,ORL,MIA,1,0.5936238480569797
2024-12-21,2024-25,ATL,MEM,0,0.3764295608441275
2024-12-21,2024-25,BKN,UTA,0,0.6243709623476873
2024-12-21,2024-25,CLE,PHI,1,0.7595518244414227
2024-12-21,2024-25,CHI,BOS,0,0.26794948269192626
2024-12-21,2024-25,MIL,WAS,1,0.783083430434644
2024-12-21,2024-25,MIN,GSW,0,0.6097664200114601
2024-12-21,2024-25,NOP,NYK,0,0.1796631068711837
2024-12-21,2024-25,DAL,LAC,1,0.5985444570558803
2024-12-21,2024-25,SAS,POR,1,0.6464398318450121
2024-12-21,2024-25,PHX,DET,0,0.7317842331812628
2024-12-22,2024-25,TOR,HOU,0,0.2400564761899819
2024-12-22,2024-25,SAC,IND,0,0.5414757311140795
2024-12-22,2024-25,NOP,DEN,0,0.2027912184622398
2024-12-23,2024-25,CHA,HOU,0,0.2947370959066991
2024-12-23,2024-25,CLE,UTA,1,0.8295357516993561
2024-12-23,2024-25,ORL,BOS,1,0.33488524997249064
2024-12-23,2024-25,PHI,SAS,1,0.5452544330947544
2024-12-23,2024-25,ATL,MIN,1,0.4075635080142884
2024-12-23,2024-25,MIA,BKN,1,0.7826329612588571
2024-12-23,2024-25,NYK,TOR,1,0.9065507943372841
2024-12-23,2024-25,CHI,MIL,0,0.5405750319821346
2024-12-23,2024-25,MEM,LAC,0,0.6692560526069303
2024-12-23,2024-25,OKC,WAS,1,0.9467139527688122
2024-12-23,2024-25,DAL,POR,1,0.8754112175289178
2024-12-23,2024-25,DEN,PHX,1,0.596004459421948
2024-12-23,2024-25,GSW,IND,0,0.6703527380634149
2024-12-23,2024-25,LAL,DET,0,0.6212082906618306
2024-12-25,2024-25,NYK,SAS,1,0.7792001771744245
2024-12-25,2024-25,DAL,MIN,0,0.7002309946574574
2024-12-25,2024-25,BOS,PHI,0,0.8413021414622063
2024-12-25,2024-25,GSW,LAL,0,0.6482779969008398
2024-12-25,2024-25,PHX,DEN,1,0.41155111360027385
2024-12-26,2024-25,IND,OKC,0,0.33348495744483614
2024-12-26,2024-25,ORL,MIA,0,0.6066461762897026
2024-12-26,2024-25,WAS,CHA,1,0.5388841833244231
2024-12-26,2024-25,ATL,CHI,1,0.5705914297305081
2024-12-26,2024-25,MEM,TOR,1,0.8436893179515457
2024-12-26,2024-25,MIL,BKN,0,0.7705412926183104
2024-12-26,2024-25,NOP,HOU,0,0.29547088242878367
2024-12-26,2024-25,POR,UTA,1,0.4672369713131894
2024-12-26,2024-25,SAC,DET,0,0.6282319087372704
2024-12-27,2024-25,ORL,NYK,0,0.3868722504017253
2024-12-27,2024-25,BOS,IND,1,0.7896935451363087
2024-12-27,2024-25,BKN,SAS,0,0.37606148215714624
2024-12-27,2024-25,HOU,MIN,0,0.5243443696724538
2024-12-27,2024-25,NOP,MEM,0,0.2093452438464821
2024-12-27,2024-25,DEN,CLE,0,0.513725941777762
2024-12-27,2024-25,PHX,DAL,0,0.36568126964954556
2024-12-27,2024-25,LAC,GSW,1,0.613031596265213
2024-12-28,2024-25,ATL,MIA,1,0.4586887204589382
2024-12-28,2024-25,CHA,OKC,0,0.11215064498530823
2024-12-28,2024-25,WAS,NYK,0,0.17347317006262933
2024-12-28,2024-25,CHI,MIL,1,0.466041708122443
2024-12-28,2024-25,GSW,PHX,1,0.5548676007577784
2024-12-28,2024-25,DEN,DET,1,0.6941079164964663
2024-12-28,2024-25,UTA,PHI,0,0.31590512898361767
2024-12-28,2024-25,POR,DAL,1,0.2517356854514912
2024-12-28,2024-25,LAL,SAC,1,0.5806924253977116
2024-12-29,2024-25,ORL,BKN,1,0.7970959014858093
2024-12-29,2024-25,BOS,IND,0,0.8330221192654035
2024-12-29,2024-25,TOR,ATL,0,0.4923993172817179
2024-12-29,2024-25,HOU,MIA,0,0.6949667974135798
2024-12-29,2024-25,OKC,MEM,1,0.6228202770521526
2024-12-29,2024-25,MIN,SAS,1,0.6852501759234934
2024-12-30,2024-25,CHA,CHI,0,0.39803334580694855
2024-12-30,2024-25,WAS,NYK,0,0.14357525048766592
2024-12-30,2024-25,NOP,LAC,0,0.25158830119457604
2024-12-30,2024-25,UTA,DEN,0,0.2866148024119935
2024-12-30,2024-25,GSW,CLE,0,0.3708570573068084
2024-12-30,2024-25,POR,PHI,0,0.3248316224055576
2024-12-30,2024-25,SAC,DAL,1,0.4250860154802528
2024-12-31,2024-25,BOS,TOR,1,0.8912591160085904
2024-12-31,2024-25,IND,MIL,0,0.5574068493976974
2024-12-31,2024-25,SAS,LAC,1,0.47441518344811257
2024-12-31,2024-25,OKC,MIN,1,0.7594703348828669
2024-12-31,2024-25,PHX,MEM,0,0.42013598126178525
2024-12-31,2024-25,LAL,CLE,0,0.4559580381186495
2025-01-01,2024-25,DET,ORL,1,0.4522320367462262
2025-01-01,2024-25,WAS,CHI,1,0.33454349166023617
2025-01-01,2024-25,MIA,NOP,1,0.7920339869979169
2025-01-01,2024-25,NYK,UTA,1,0.8851418583064578
2025-01-01,2024-25,TOR,BKN,1,0.5091230503851755
2025-01-01,2024-25,HOU,DAL,1,0.6513853805819972
2025-01-01,2024-25,DEN,ATL,1,0.6944628200907128
2025-01-01,2024-25,SAC,PHI,1,0.519142621838016
2025-01-02,2024-25,MIA,IND,0,0.5741188064819769
2025-01-02,2024-25,MIN,BOS,0,0.35816168686531497
2025-01-02,2024-25,MIL,BKN,0,0.816697760443007
2025-01-02,2024-25,OKC,LAC,1,0.8292382366179218
2025-01-02,2024-25,GSW,PHI,1,0.6435363494496451
2025-01-02,2024-25,LAL,POR,1,0.7875389327069682
2025-01-03,2024-25,DET,CHA,1,0.7229038229196919
2025-01-03,2024-25,TOR,ORL,0,0.33536500580764167
2025-01-03,2024-25,HOU,BOS,0,0.43227986162575677
2025-01-03,2024-25,NOP,WAS,1,0.6325532206098813
2025-01-03,2024-25,OKC,NYK,1,0.6127523299552915
2025-01-03,2024-25,DAL,CLE,0,0.3933178224638551
2025-01-03,2024-25,DEN,SAS,0,0.7169743525376175
2025-01-03,2024-25,SAC,MEM,1,0.42391418904997547
2025-01-03,2024-25,LAL,ATL,1,0.5530867832129206
2025-01-04,2024-25,BKN,PHI,0,0.40301790676108934
2025-01-04,2024-25,DET,MIN,1,0.34089533228031815
2025-01-04,2024-25,IND,PHX,1,0.6034400149898709
2025-01-04,2024-25,MIA,UTA,0,0.7744569066209765
2025-01-04,2024-25,CHI,NYK,1,0.3209880823025146
2025-01-04,2024-25,MIL,POR,0,0.7944203388877108
2025-01-04,2024-25,SAS,DEN,0,0.5079499816974834
2025-01-04,2024-25,GSW,MEM,1,0.5283203087879325
2025-01-04,2024-25,LAC,ATL,1,0.6405826386688486
2025-01-05,2024-25,OKC,BOS,1,0.5926106273145858
2025-01-05,2024-25,CLE,CHA,1,0.9020556575357739
2025-01-05,2024-25,WAS,NOP,0,0.4996234102739783
2025-01-05,2024-25,ORL,UTA,0,0.7502108100152302
2025-01-05,2024-25,HOU,LAL,1,0.629334676135275
2025-01-05,2024-25,GSW,SAC,0,0.5453633878496329
2025-01-06,2024-25,DET,POR,1,0.7195846205296268
2025-01-06,2024-25,PHI,PHX,0,0.5689703219841724
2025-01-06,2024-25,BKN,IND,0,0.2031647779802929
2025-01-06,2024-25,NYK,ORL,0,0.794777406038989
2025-01-06,2024-25,TOR,MIL,0,0.3350402257986413
2025-01-06,2024-25,CHI,SAS,1,0.4938695009184952
2025-01-06,2024-25,MEM,DAL,1,0.6845595633158897
2025-01-06,2024-25,MIN,LAC,1,0.5697491402092492
2025-01-06,2024-25,SAC,MIA,1,0.6617936080058275
2025-01-07,2024-25,CHA,PHX,1,0.33177177036946853
2025-01-07,2024-25,WAS,HOU,0,0.19304288344651271
2025-01-07,2024-25,DAL,LAL,1,0.5131570158210605
2025-01-07,2024-25,NOP,MIN,0,0.38172722271694287
2025-01-07,2024-25,UTA,ATL,0,0.5636387930355472
2025-01-07,2024-25,DEN,BOS,0,0.40532917337546714
2025-01-07,2024-25,GSW,MIA,0,0.7037321950729687
2025-01-08,2024-25,CLE,OKC,1,0.41135442962681845
2025-01-08,2024-25,IND,CHI,1,0.6888351671175893
2025-01-08,2024-25,NYK,TOR,1,0.8618959497574894
2025-01-08,2024-25,PHI,WAS,1,0.8620037061820499
2025-01-08,2024-25,BKN,DET,0,0.26434935792948894
2025-01-08,2024-25,NOP,POR,0,0.547607783443799
2025-01-08,2024-25,DEN,LAC,1,0.4892350599762251
2025-01-08,2024-25,MIL,SAS,1,0.5973015315139384
2025-01-09,2024-25,CLE,TOR,1,0.9136391983646007
2025-01-09,2024-25,DET,GSW,0,0.4877706396887946
2025-01-09,2024-25,ORL,MIN,0,0.5179821229176007
2025-01-09,2024-25,MEM,HOU,0,0.6308736163297162
2025-01-09,2024-25,DAL,POR,1,0.8341962955282967
2025-01-09,2024-25,PHX,ATL,1,0.630652377104068
2025-01-09,2024-25,UTA,MIA,0,0.4939775612025935
2025-01-10,2024-25,IND,GSW,1,0.6715082591606042
2025-01-10,2024-25,ORL,MIL,0,0.49383269225495674
2025-01-10,2024-25,PHI,NOP,0,0.7196325851698717
2025-01-10,2024-25,BOS,SAC,0,0.7515699371644593
2025-01-10,2024-25,NYK,OKC,0,0.3554806916374472
2025-01-10,2024-25,CHI,WAS,1,0.7882501364581912
2025-01-10,2024-25,DEN,BKN,1,0.8961110146324898
2025-01-11,2024-25,PHX,UTA,1,0.6639509605378556
2025-01-11,2024-25,DET,TOR,1,0.7348484324771614
2025-01-11,2024-25,MIN,MEM,0,0.49632147219899886
2025-01-11,2024-25,POR,MIA,0,0.36719013569547576
2025-01-12,2024-25,NYK,MIL,1,0.6461623736266355
2025-01-12,2024-25,DAL,DEN,0,0.4991819367004134
2025-01-12,2024-25,CHI,SAC,0,0.3565327009719681
2025-01-12,2024-25,BOS,NOP,1,0.9216478490991704
2025-01-12,2024-25,CLE,IND,0,0.6716236014019695
2025-01-12,2024-25,ORL,PHI,1,0.6498246775635467
2025-01-12,2024-25,WAS,OKC,0,0.05986252034755391
2025-01-12,2024-25,UTA,BKN,1,0.7253263849945965
2025-01-12,2024-25,PHX,CHA,1,0.7325412510184471
2025-01-13,2024-25,WAS,MIN,0,0.14316784867647553
2025-01-13,2024-25,NYK,DET,0,0.7000286236856308
2025-01-13,2024-25,TOR,GSW,1,0.40061429076795807
2025-01-13,2024-25,HOU,MEM,1,0.563020677959458
2025-01-13,2024-25,LAL,SAS,0,0.6280121562082424
2025-01-13,2024-25,LAC,MIA,1,0.6148007391942907
2025-01-14,2024-25,IND,CLE,0,0.4746528279639132
2025-01-14,2024-25,PHI,OKC,0,0.16505111732211059
2025-01-14,2024-25,ATL,PHX,1,0.506138674078579
2025-01-14,2024-25,CHI,NOP,0,0.6588039986388733
2025-01-14,2024-25,MIL,SAC,1,0.4884139309557663
2025-01-14,2024-25,DAL,DEN,0,0.4640169483291513
2025-01-14,2024-25,POR,BKN,0,0.6099701607499666
2025-01-15,2024-25,PHI,NYK,0,0.21448891696749767
2025-01-15,2024-25,TOR,BOS,1,0.14620664762169683
2025-01-15,2024-25,CHI,ATL,0,0.6027887636940653
2025-01-15,2024-25,MIL,ORL,1,0.5570536158876821
2025-01-15,2024-25,MIN,GSW,0,0.6918380426479962
2025-01-15,2024-25,NOP,DAL,1,0.3730595188051554
2025-01-15,2024-25,SAS,MEM,0,0.4113883232315057
2025-01-15,2024-25,DEN,HOU,0,0.5404012971460607
2025-01-15,2024-25,UTA,CHA,0,0.6648874568633003
2025-01-15,2024-25,LAL,MIA,1,0.5227010574618689
2025-01-15,2024-25,LAC,BKN,1,0.8551349616587128
2025-01-16,2024-25,DET,IND,0,0.4556406701019107
2025-01-16,2024-25,WAS,PHX,0,0.23211882293890593
2025-01-16,2024-25,OKC,CLE,1,0.6985081219970826
2025-01-16,2024-25,POR,LAC,0,0.27615861372266925
2025-01-16,2024-25,SAC,HOU,1,0.524588579309333
2025-01-17,2024-25,BOS,ORL,1,0.8029963534260504
2025-01-17,2024-25,NYK,MIN,0,0.6476605614094221
2025-01-17,2024-25,MIA,DEN,0,0.47153622688955255
2025-01-17,2024-25,MIL,TOR,1,0.7671912915203637
2025-01-17,2024-25,NOP,UTA,1,0.6011833793771743
2025-01-17,2024-25,SAS,MEM,0,0.40543567909638867
2025-01-17,2024-25,DAL,OKC,1,0.29063906389901156
2025-01-17,2024-25,CHI,CHA,0,0.6745607909077697
2025-01-17,2024-25,LAL,BKN,1,0.8663049060944135
2025-01-18,2024-25,DET,PHX,0,0.5528116283983306
2025-01-18,2024-25,BOS,ATL,0,0.7622858717741212
2025-01-18,2024-25,IND,PHI,1,0.78451707440952
2025-01-18,2024-25,GSW,WAS,1,0.8598985276978547
2025-01-18,2024-25,MIN,CLE,0,0.40123550699589583
2025-01-18,2024-25,POR,HOU,0,0.1834806904882937
2025-01-19,2024-25,MIA,SAS,1,0.5863053446862205
2025-01-19,2024-25,ORL,DEN,0,0.32621158658598143
2025-01-19,2024-25,MIL,PHI,1,0.7989147889418933
2025-01-19,2024-25,OKC,BKN,1,0.9437109666990113
2025-01-19,2024-25,LAC,LAL,1,0.6967491997181705
2025-01-19,2024-25,POR,CHI,1,0.28990486793029785
2025-01-19,2024-25,SAC,WAS,1,0.9280406335889785
2025-01-20,2024-25,CHA,DAL,1,0.29310094670091846
2025-01-20,2024-25,HOU,DET,0,0.7426092226475044
2025-01-20,2024-25,MEM,MIN,1,0.6642247745015908
2025-01-20,2024-25,NYK,ATL,1,0.6866181652161905
2025-01-20,2024-25,CLE,PHX,1,0.8087523392213515
2025-01-20,2024-25,GSW,BOS,0,0.2934170281831988
2025-01-20,2024-25,NOP,UTA,1,0.7038186256792961
2025-01-20,2024-25,LAC,CHI,0,0.8132135471806082
2025-01-21,2024-25,BKN,NYK,0,0.20788421134574972
2025-01-21,2024-25,MIA,POR,0,0.7738654878294442
2025-01-21,2024-25,TOR,ORL,1,0.4701157976136948
2025-01-21,2024-25,DEN,PHI,1,0.8287907476868208
2025-01-21,2024-25,LAL,WAS,1,0.8404443151078087
2025-01-22,2024-25,ATL,DET,0,0.5701106680236709
2025-01-22,2024-25,BKN,PHX,0,0.2668903881659033
2025-01-22,2024-25,DAL,MIN,0,0.5937516745091016
2025-01-22,2024-25,HOU,CLE,1,0.46846046856964596
2025-01-22,2024-25,MEM,CHA,1,0.7957536625661658
2025-01-22,2024-25,OKC,UTA,1,0.9273332767299385
2025-01-22,2024-25,SAC,GSW,1,0.7419010891098808
2025-01-22,2024-25,LAC,BOS,0,0.3255782861872838
2025-01-23,2024-25,ORL,POR,0,0.6013935002003564
2025-01-23,2024-25,ATL,TOR,0,0.6635353831447848
2025-01-23,2024-25,MIL,MIA,1,0.6822774754013093
2025-01-23,2024-25,OKC,DAL,0,0.7878028526049906
2025-01-23,2024-25,DEN,SAC,1,0.709670492860937
2025-01-23,2024-25,GSW,CHI,1,0.4824055456230272
2025-01-23,2024-25,LAL,BOS,1,0.34235933333352037
2025-01-23,2024-25,LAC,WAS,1,0.831576713332633
2025-01-24,2024-25,CHA,POR,0,0.7050661336061219
2025-01-24,2024-25,PHI,CLE,1,0.19026756817289223
2025-01-24,2024-25,MEM,NOP,1,0.7686472864380679
2025-01-25,2024-25,MIN,DEN,1,0.45470190490959217
2025-01-25,2024-25,DAL,BOS,0,0.44508504221062495
2025-01-25,2024-25,BKN,MIA,0,0.21682387613968074
2025-01-25,2024-25,CHA,NOP,1,0.5567662272547259
2025-01-25,2024-25,ORL,DET,1,0.4179758598020694
2025-01-25,2024-25,ATL,TOR,0,0.6411922475720182
2025-01-25,2024-25,CLE,HOU,0,0.600108981997634
2025-01-25,2024-25,NYK,SAC,1,0.6307990951641
2025-01-25,2024-25,CHI,PHI,0,0.6337060250022049
2025-01-25,2024-25,MEM,UTA,1,0.757789144325738
2025-01-25,2024-25,GSW,LAL,0,0.5015733669305005
2025-01-25,2024-25,PHX,WAS,1,0.8498922190704443
2025-01-25,2024-25,LAC,MIL,1,0.5578226421935898
2025-01-26,2024-25,POR,OKC,0,0.1466113962681921
2025-01-27,2024-25,CHA,LAL,0,0.42251285684608436
2025-01-27,2024-25,CLE,DET,1,0.7386325968124423
2025-01-27,2024-25,BOS,HOU,0,0.6427459790774799
2025-01-27,2024-25,BKN,SAC,0,0.1679330402898422
2025-01-27,2024-25,MIA,ORL,1,0.5556893905853876
2025-01-27,2024-25,NYK,MEM,1,0.5637431300533455
2025-01-27,2024-25,TOR,NOP,1,0.6487498506822561
2025-01-27,2024-25,CHI,DEN,1,0.2776179218879361
2025-01-27,2024-25,MIN,ATL,1,0.7832660926750106
2025-01-27,2024-25,DAL,WAS,1,0.8903657075905888
2025-01-27,2024-25,UTA,MIL,0,0.27757108191630236
2025-01-27,2024-25,PHX,LAC,1,0.3960911755929973
2025-01-28,2024-25,ATL,HOU,0,0.27627988727674285
2025-01-28,2024-25,PHI,LAL,1,0.5074382093140698
2025-01-28,2024-25,GSW,UTA,1,0.7577280644761535
2025-01-28,2024-25,POR,MIL,1,0.33523948778108387
2025-01-29,2024-25,CHA,BKN,0,0.7769520819085779
2025-01-29,2024-25,IND,DET,1,0.7437459885355967
2025-01-29,2024-25,WAS,TOR,0,0.2601848800642286
2025-01-29,2024-25,BOS,CHI,1,0.8277288767567161
2025-01-29,2024-25,MIA,CLE,0,0.3347136904741276
2025-01-29,2024-25,NYK,DEN,1,0.5907791095069129
2025-01-29,2024-25,PHI,SAC,1,0.3455477658650171
2025-01-29,2024-25,NOP,DAL,0,0.3681478348530163
2025-01-29,2024-25,SAS,LAC,0,0.41691075949765716
2025-01-29,2024-25,PHX,MIN,0,0.4391997491637767
2025-01-29,2024-25,GSW,OKC,1,0.15665572656768187
2025-01-30,2024-25,WAS,LAL,0,0.16245836576095493
2025-01-30,2024-25,CLE,ATL,1,0.8182714267612073
2025-01-30,2024-25,MEM,HOU,1,0.5148128365621006
2025-01-30,2024-25,UTA,MIN,0,0.2761324830495173
2025-01-30,2024-25,POR,ORL,1,0.4377557136809715
2025-01-31,2024-25,CHA,LAC,0,0.22687735490564306
2025-01-31,2024-25,DET,DAL,1,0.4417819283083672
2025-01-31,2024-25,PHI,DEN,0,0.3573499424532462
2025-01-31,2024-25,TOR,CHI,0,0.6573556563005595
2025-01-31,2024-25,NOP,BOS,0,0.19758543432108625
2025-01-31,2024-25,SAS,MIL,1,0.42393464313679013
2025-01-31,2024-25,GSW,PHX,0,0.625646804676315
2025-02-01,2024-25,IND,ATL,1,0.8129553833256727
2025-02-01,2024-25,UTA,ORL,1,0.4858505354755992
2025-02-01,2024-25,CHA,DEN,0,0.23417195688664458
2025-02-01,2024-25,HOU,BKN,0,0.8804726084942304
2025-02-01,2024-25,MIN,WAS,0,0.9358170844950419
2025-02-01,2024-25,OKC,SAC,1,0.8127055583490301
2025-02-01,2024-25,NYK,LAL,0,0.7453334264039349
2025-02-01,2024-25,SAS,MIA,0,0.5610355072811565
2025-02-01,2024-25,POR,PHX,1,0.4886414573309116
2025-02-02,2024-25,DET,CHI,1,0.6309156933261894
2025-02-02,2024-25,CLE,DAL,1,0.7015584457245916
2025-02-02,2024-25,TOR,LAC,1,0.31721382815055843
2025-02-02,2024-25,PHI,BOS,0,0.26436501770192583
2025-02-02,2024-25,MIL,MEM,0,0.46525254025043755
2025-02-03,2024-25,CHA,WAS,0,0.7116549794433635
2025-02-03,2024-25,DET,ATL,0,0.6401129724075096
2025-02-03,2024-25,NYK,HOU,1,0.6069284662544672
2025-02-03,2024-25,MEM,SAS,1,0.7072355758813534
2025-02-03,2024-25,MIN,SAC,0,0.6719267087389765
2025-02-03,2024-25,OKC,MIL,1,0.8830324115123512
2025-02-03,2024-25,DEN,NOP,1,0.8496695494533807
2025-02-03,2024-25,UTA,IND,0,0.252034297732004
2025-02-03,2024-25,GSW,ORL,1,0.6543773182316405
2025-02-03,2024-25,POR,PHX,1,0.486373865155595
2025-02-04,2024-25,CLE,BOS,0,0.5550030890278166
2025-02-04,2024-25,BKN,HOU,1,0.3678736702565871
2025-02-04,2024-25,PHI,DAL,1,0.5951920113388611
2025-02-04,2024-25,TOR,NYK,0,0.3558085552002777
2025-02-04,2024-25,CHI,MIA,1,0.5234621842990639
2025-02-04,2024-25,LAC,LAL,0,0.6490442738412564
2025-02-04,2024-25,POR,IND,1,0.41107158559329937
2025-02-05,2024-25,CHA,MIL,0,0.4479515861194343
2025-02-05,2024-25,DET,CLE,0,0.3894309220993678
2025-02-05,2024-25,ATL,SAS,0,0.5296461304104425
2025-02-05,2024-25,BKN,WAS,0,0.5916414147451609
2025-02-05,2024-25,PHI,MIA,0,0.6139858086989457
2025-02-05,2024-25,TOR,MEM,0,0.22267928709592175
2025-02-05,2024-25,MIN,CHI,1,0.7919305775136428
2025-02-05,2024-25,OKC,PHX,1,0.8678190274712151
2025-02-05,2024-25,UTA,GSW,1,0.38180560578741785
2025-02-05,2024-25,DEN,NOP,1,0.8478877503535698
2025-02-05,2024-25,SAC,ORL,0,0.7377243617614712
2025-02-06,2024-25,BOS,DAL,0,0.8064080529877874
2025-02-06,2024-25,MIN,HOU,1,0.5508095053695302
2025-02-06,2024-25,DEN,ORL,1,0.8104700833305383
2025-02-06,2024-25,LAL,GSW,1,0.719060799405595
2025-02-06,2024-25,POR,SAC,1,0.5678439240280908
2025-02-06,2024-25,LAC,IND,0,0.5147909002012921
2025-02-07,2024-25,CHA,SAS,1,0.34161834778191047
2025-02-07,2024-25,WAS,CLE,0,0.13808273993781758
2025-02-07,2024-25,ATL,MIL,1,0.4456313858269743
2025-02-07,2024-25,BKN,MIA,1,0.4075964355018123
2025-02-07,2024-25,DET,PHI,1,0.6057857579097468
2025-02-07,2024-25,OKC,TOR,1,0.9299693472960215
2025-02-07,2024-25,PHX,UTA,1,0.5916502795693576
2025-02-08,2024-25,DAL,HOU,1,0.5497502927441417
2025-02-08,2024-25,LAL,IND,1,0.6005980028340754
2025-02-08,2024-25,ORL,SAS,1,0.5576102418131145
2025-02-08,2024-25,WAS,ATL,0,0.347252178085998
2025-02-08,2024-25,CHI,GSW,0,0.4823593790628883
2025-02-08,2024-25,MEM,OKC,0,0.45579524036887786
2025-02-08,2024-25,MIN,POR,1,0.7459242840122657
2025-02-08,2024-25,NYK,BOS,0,0.5161667948030907
2025-02-08,2024-25,PHX,DEN,0,0.27345143490552287
2025-02-08,2024-25,SAC,NOP,1,0.77609411334623
2025-02-08,2024-25,LAC,UTA,1,0.8161579174798071
2025-02-09,2024-25,DET,CHA,1,0.7714134667664118
2025-02-09,2024-25,HOU,TOR,1,0.7668154619766109
2025-02-09,2024-25,MIL,PHI,1,0.5659820008387171
2025-02-10,2024-25,CLE,MIN,1,0.6126969048016181
2025-02-10,2024-25,ORL,ATL,0,0.5397025693041259
2025-02-10,2024-25,WAS,SAS,0,0.30595971388195253
2025-02-10,2024-25,BKN,CHA,1,0.6552509956500272
2025-02-10,2024-25,MIA,BOS,0,0.23019168026948528
2025-02-10,2024-25,MIL,GSW,0,0.441318053251911
2025-02-10,2024-25,OKC,NOP,1,0.9349650028458137
2025-02-10,2024-25,DAL,SAC,0,0.6126699295377294
2025-02-10,2024-25,DEN,POR,1,0.7554189657753708
2025-02-10,2024-25,LAL,UTA,1,0.8423926132037861
2025-02-11,2024-25,PHI,TOR,0,0.7174185856547068
2025-02-11,2024-25,IND,NYK,0,0.5477700111045865
2025-02-11,2024-25,CHI,DET,0,0.45018629376077474
2025-02-11,2024-25,PHX,MEM,0,0.32649414850637265
2025-02-12,2024-25,BOS,SAS,1,0.8322700203779282
2025-02-12,2024-25,ORL,CHA,1,0.713340075598487
2025-02-12,2024-25,WAS,IND,0,0.24019939392890713
2025-02-12,2024-25,BKN,PHI,1,0.47899719312198535
2025-02-12,2024-25,NYK,ATL,1,0.6902535033576204
2025-02-12,2024-25,TOR,CLE,0,0.1522665025435679
2025-02-12,2024-25,CHI,DET,0,0.4222683021078992
2025-02-12,2024-25,MIN,MIL,0,0.7283132050751697
2025-02-12,2024-25,NOP,SAC,0,0.27891768129389155
2025-02-12,2024-25,OKC,MIA,1,0.9022351410108445
2025-02-12,2024-25,HOU,PHX,1,0.7174068485364216
2025-02-12,2024-25,DEN,POR,1,0.8150494337840126
2025-02-12,2024-25,UTA,LAL,1,0.25543881910388483
2025-02-12,2024-25,DAL,GSW,1,0.5165873462853672
2025-02-12,2024-25,LAC,MEM,1,0.574210673727987
2025-02-13,2024-25,HOU,GSW,0,0.5477266727300995
2025-02-13,2024-25,NOP,SAC,1,0.33730177954013224
2025-02-13,2024-25,DAL,MIA,1,0.6673790061601956
2025-02-13,2024-25,MIN,OKC,1,0.30535141620809725
2025-02-13,2024-25,UTA,LAC,0,0.3454917773131137
2025-02-19,2024-25,LAL,CHA,0,0.8608683983469197
2025-02-20,2024-25,IND,MEM,1,0.5191214616556306
2025-02-20,2024-25,PHI,BOS,0,0.19073997493088143
2025-02-20,2024-25,ATL,ORL,0,0.6697055595614937
2025-02-20,2024-25,BKN,CLE,0,0.1821834625623595
2025-02-20,2024-25,NYK,CHI,1,0.8200140142228518
2025-02-20,2024-25,MIL,LAC,1,0.4028758453640009
2025-02-20,2024-25,DEN,CHA,1,0.9041512321009983
2025-02-20,2024-25,SAS,PHX,1,0.655143971694966
2025-02-20,2024-25,POR,LAL,0,0.4044617256695112
2025-02-21,2024-25,CLE,NYK,1,0.6703869766760855
2025-02-21,2024-25,ORL,MEM,0,0.42158901103078994
2025-02-21,2024-25,WAS,MIL,0,0.3533409454188087
2025-02-21,2024-25,TOR,MIA,0,0.49587461582054937
2025-02-21,2024-25,HOU,MIN,1,0.4922644834904762
2025-02-21,2024-25,SAS,DET,0,0.3792166964445868
2025-02-21,2024-25,DAL,NOP,1,0.7333050146838825
2025-02-21,2024-25,UTA,OKC,0,0.1431632811920068
2025-02-21,2024-25,SAC,GSW,0,0.504526029789362
2025-02-22,2024-25,CHI,PHX,0,0.4486463624689533
2025-02-22,2024-25,PHI,BKN,0,0.6643409908437226
2025-02-22,2024-25,DEN,LAL,0,0.6870559834284001
2025-02-22,2024-25,UTA,HOU,1,0.35399858628469244
2025-02-22,2024-25,POR,CHA,1,0.6965901738511939
2025-02-23,2024-25,BOS,NYK,1,0.7208497740649701
2025-02-23,2024-25,GSW,DAL,1,0.5864770159611531
2025-02-23,2024-25,IND,LAC,1,0.5362169867626612
2025-02-23,2024-25,ATL,DET,0,0.48541125245874417
2025-02-23,2024-25,ORL,WAS,1,0.7907890718545898
2025-02-23,2024-25,TOR,PHX,1,0.4744917222880018
2025-02-23,2024-25,MIL,MIA,1,0.608092584807107
2025-02-23,2024-25,NOP,SAS,1,0.45111359945518315
2025-02-23,2024-25,CLE,MEM,1,0.7121280143707021
2025-02-23,2024-25,MIN,OKC,0,0.34247512889335774
2025-02-24,2024-25,DET,LAC,1,0.6484637494106823
2025-02-24,2024-25,IND,DEN,0,0.48484927081048773
2025-02-24,2024-25,PHI,CHI,0,0.6337061731985217
2025-02-24,2024-25,WAS,BKN,1,0.367372074166086
2025-02-24,2024-25,ATL,MIA,1,0.6349747771633204
2025-02-24,2024-25,OKC,MIN,0,0.799977147752022
2025-02-24,2024-25,UTA,POR,0,0.4532010987704559
2025-02-24,2024-25,SAC,CHA,1,0.7922454919993911
2025-02-25,2024-25,TOR,BOS,0,0.16517981255785236
2025-02-25,2024-25,ORL,CLE,0,0.1907825999999636
2025-02-25,2024-25,HOU,MIL,1,0.6009279589807607
2025-02-25,2024-25,MEM,PHX,1,0.7342531516638473
2025-02-25,2024-25,NOP,SAS,1,0.5028222233934464
2025-02-25,2024-25,GSW,CHA,1,0.9278915330166307
2025-02-25,2024-25,LAL,DAL,1,0.703177902338732
2025-02-26,2024-25,DET,BOS,1,0.459504899170789
2025-02-26,2024-25,IND,TOR,1,0.85487210156508
2025-02-26,2024-25,NYK,PHI,1,0.846114245853867
2025-02-26,2024-25,WAS,POR,0,0.32979288915276417
2025-02-26,2024-25,BKN,OKC,0,0.0922982380690189
2025-02-26,2024-25,MIA,ATL,1,0.5081204814951887
2025-02-26,2024-25,CHI,LAC,0,0.43543466028947597
2025-02-26,2024-25,UTA,SAC,0,0.3217501280861969
2025-02-26,2024-25,HOU,SAS,1,0.7201127815391705
2025-02-27,2024-25,ORL,GSW,0,0.31490360452038985
2025-02-27,2024-25,MIL,DEN,1,0.37668131364103474
2025-02-27,2024-25,DAL,CHA,1,0.8921959134450317
2025-02-27,2024-25,PHX,NOP,0,0.6561182720587808
2025-02-27,2024-25,LAL,MIN,1,0.5790682110705259
2025-02-28,2024-25,DET,DEN,0,0.5595674827264393
2025-02-28,2024-25,ATL,OKC,0,0.17505161152735121
2025-02-28,2024-25,BOS,CLE,0,0.5017207335675196
2025-02-28,2024-25,BKN,POR,0,0.39796868273181324
2025-02-28,2024-25,MIA,IND,1,0.38956889246736176
2025-02-28,2024-25,CHI,TOR,1,0.6253872967906082
2025-02-28,2024-25,MEM,NYK,0,0.5845138905474161
2025-02-28,2024-25,PHX,NOP,1,0.6399411853183662
2025-02-28,2024-25,UTA,MIN,1,0.2881740864496682
2025-02-28,2024-25,LAL,LAC,1,0.6049988268737778
2025-03-01,2024-25,CHA,WAS,0,0.5503860795036932
2025-03-01,2024-25,DET,BKN,1,0.8487039005874881
2025-03-01,2024-25,HOU,SAC,0,0.5635909095413054
2025-03-01,2024-25,MEM,SAS,0,0.7587673406945153
2025-03-01,2024-25,PHI,GSW,1,0.2556853305762416
2025-03-01,2024-25,DAL,MIL,0,0.5625482038028009
2025-03-02,2024-25,BOS,DEN,1,0.6548598114880364
2025-03-02,2024-25,CLE,POR,1,0.9052023695085545
2025-03-02,2024-25,IND,CHI,1,0.7809701625637236
2025-03-02,2024-25,MIA,NYK,0,0.4051489129676819
2025-03-02,2024-25,ORL,TOR,0,0.6562383851117755
2025-03-02,2024-25,SAS,OKC,0,0.1394170570923734
2025-03-02,2024-25,UTA,NOP,0,0.5944178238042576
2025-03-02,2024-25,PHX,MIN,0,0.37491289426140173
2025-03-02,2024-25,LAL,LAC,1,0.6095147715217861
2025-03-03,2024-25,CHA,GSW,0,0.1529219462198215
2025-03-03,2024-25,PHI,POR,0,0.5932352279442747
2025-03-03,2024-25,MIA,WAS,1,0.7917173309688575
2025-03-03,2024-25,MEM,ATL,0,0.7051398836461705
2025-03-03,2024-25,OKC,HOU,1,0.7592599993034559
2025-03-03,2024-25,DAL,SAC,0,0.5000963297012633
2025-03-03,2024-25,UTA,DET,0,0.20466644586407254
2025-03-04,2024-25,IND,HOU,1,0.7939535516041678
2025-03-04,2024-25,ORL,TOR,0,0.6254771566987022
2025-03-04,2024-25,ATL,MIL,0,0.3879865889756404
2025-03-04,2024-25,NYK,GSW,0,0.6636052553615501
2025-03-04,2024-25,CHI,CLE,0,0.1754970465778629
2025-03-04,2024-25,MIN,PHI,1,0.8758097714538247
2025-03-04,2024-25,SAS,BKN,1,0.7139711118551527
2025-03-04,2024-25,PHX,LAC,1,0.43248134831453533
2025-03-04,2024-25,LAL,NOP,1,0.8102247833847432
2025-03-05,2024-25,BOS,POR,1,0.844833899054432
2025-03-05,2024-25,CHA,MIN,0,0.20237558747566764
2025-03-05,2024-25,CLE,MIA,1,0.7935323830483383
2025-03-05,2024-25,WAS,UTA,1,0.4766378642427429
2025-03-05,2024-25,MEM,OKC,0,0.26343183042885726
2025-03-05,2024-25,DEN,SAC,1,0.6787219928951242
2025-03-05,2024-25,MIL,DAL,1,0.6159548906650748
2025-03-05,2024-25,LAC,DET,1,0.4831899742476185
2025-03-06,2024-25,ATL,IND,1,0.3211439635881495
2025-03-06,2024-25,BOS,PHI,1,0.8891442903421298
2025-03-06,2024-25,BKN,GSW,0,0.1893523737581851
2025-03-06,2024-25,NOP,HOU,0,0.385905522167753
2025-03-06,2024-25,LAL,NYK,1,0.6423775352635853
2025-03-06,2024-25,ORL,CHI,0,0.6221835317909497
2025-03-07,2024-25,CHA,CLE,0,0.07610887014861872
2025-03-07,2024-25,TOR,UTA,1,0.7029431148890529
2025-03-07,2024-25,DAL,MEM,0,0.34936393386055997
2025-03-07,2024-25,MIA,MIN,0,0.4457628256502765
2025-03-07,2024-25,OKC,POR,1,0.8924382166216379
2025-03-07,2024-25,DEN,PHX,1,0.7725985114804896
2025-03-07,2024-25,SAC,SAS,1,0.719938764946585
2025-03-07,2024-25,LAC,NYK,1,0.49371913071442325
2025-03-08,2024-25,CHA,BKN,1,0.428745951787366
2025-03-08,2024-25,HOU,NOP,1,0.7413395520970045
2025-03-08,2024-25,ATL,IND,1,0.3561646743985602
2025-03-08,2024-25,TOR,WAS,0,0.7054187159357722
2025-03-08,2024-25,MIA,CHI,0,0.6701092144061019
2025-03-08,2024-25,MIL,ORL,0,0.7497474633923412
2025-03-08,2024-25,BOS,LAL,1,0.6170275966627159
2025-03-08,2024-25,GSW,DET,1,0.6463017472923116
2025-03-09,2024-25,OKC,DEN,1,0.7059050795160592
2025-03-09,2024-25,DAL,PHX,0,0.4708846987297408
2025-03-09,2024-25,MIL,CLE,0,0.2701187869032557
2025-03-09,2024-25,NOP,MEM,0,0.2443976693730692
2025-03-09,2024-25,PHI,UTA,1,0.6207564104427542
2025-03-09,2024-25,MIN,SAS,1,0.7993499172226846
2025-03-09,2024-25,POR,DET,0,0.4093386261812597
2025-03-09,2024-25,LAC,SAC,1,0.5903662540584786
2025-03-10,2024-25,ATL,PHI,1,0.7912292640694808
2025-03-10,2024-25,BOS,UTA,1,0.9551861131424895
2025-03-10,2024-25,BKN,LAL,1,0.15964815230811832
2025-03-10,2024-25,MIA,CHA,0,0.8476977350436856
2025-03-10,2024-25,TOR,WAS,1,0.7748759809181788
2025-03-10,2024-25,CHI,IND,1,0.3643231831404292
2025-03-10,2024-25,HOU,ORL,1,0.6876120542208043
2025-03-10,2024-25,MEM,PHX,1,0.6871308787391608
2025-03-10,2024-25,OKC,DEN,0,0.7930654936606519
2025-03-10,2024-25,SAS,DAL,0,0.6411902124739928
2025-03-10,2024-25,GSW,POR,1,0.8269323820847854
2025-03-10,2024-25,SAC,NYK,0,0.49494915247625765
2025-03-11,2024-25,CLE,BKN,1,0.9444821962001836
2025-03-11,2024-25,DET,WAS,1,0.9315740553718892
2025-03-11,2024-25,IND,MIL,1,0.5385073401605992
2025-03-11,2024-25,NOP,LAC,1,0.21468049796946745
2025-03-12,2024-25,ATL,CHA,1,0.7793863705009962
2025-03-12,2024-25,BOS,OKC,0,0.48258498902960584
2025-03-12,2024-25,TOR,PHI,1,0.7086202378512289
2025-03-12,2024-25,MIA,LAC,0,0.46277307090415387
2025-03-12,2024-25,HOU,PHX,1,0.6582088180656139
2025-03-12,2024-25,MEM,UTA,1,0.7485072889118781
2025-03-12,2024-25,SAS,DAL,1,0.5599834738270436
2025-03-12,2024-25,DEN,MIN,0,0.593590501343052
2025-03-12,2024-25,POR,NYK,0,0.3634072228978407
2025-03-13,2024-25,DET,WAS,0,0.8688984414708059
2025-03-13,2024-25,MIL,LAL,1,0.5006714476057011
2025-03-13,2024-25,CHI,BKN,1,0.7502916642320873
2025-03-13,2024-25,GSW,SAC,1,0.7289093213005611
2025-03-13,2024-25,NOP,ORL,0,0.5453508537421872
2025-03-14,2024-25,MIA,BOS,0,0.21523240507390426
2025-03-14,2024-25,PHI,IND,0,0.20720328779718689
2025-03-14,2024-25,ATL,LAC,0,0.4477659512827512
2025-03-14,2024-25,HOU,DAL,1,0.7942080513020864
2025-03-14,2024-25,MEM,CLE,0,0.3914412605832054
2025-03-14,2024-25,MIN,ORL,1,0.8449272843692462
2025-03-14,2024-25,SAS,CHA,0,0.7222666423055094
2025-03-14,2024-25,DEN,LAL,1,0.6728285325068956
2025-03-14,2024-25,UTA,TOR,0,0.4911973148084883
2025-03-14,2024-25,PHX,SAC,1,0.5704471784316222
2025-03-15,2024-25,BKN,BOS,0,0.15991426087506425
2025-03-15,2024-25,DET,OKC,0,0.29175426442528923
2025-03-15,2024-25,HOU,CHI,1,0.666362851856033
2025-03-15,2024-25,MEM,MIA,1,0.7114661363776674
2025-03-15,2024-25,MIL,IND,1,0.5929950289913871
2025-03-15,2024-25,SAS,NOP,1,0.5526070054403693
2025-03-15,2024-25,GSW,NYK,1,0.5992631229110832
2025-03-15,2024-25,DEN,WAS,0,0.853783869601988
2025-03-16,2024-25,LAC,CHA,1,0.8590681537139836
2025-03-16,2024-25,DAL,PHI,0,0.645757631326254
2025-03-16,2024-25,LAL,PHX,1,0.5745436324872883
2025-03-16,2024-25,BKN,ATL,1,0.4162893707562874
2025-03-16,2024-25,CLE,ORL,0,0.8575619251813685
2025-03-16,2024-25,POR,TOR,1,0.5968026435638906
2025-03-16,2024-25,MIN,UTA,1,0.8830677513345896
2025-03-16,2024-25,MIL,OKC,0,0.3028911678547957
2025-03-17,2024-25,LAL,SAS,1,0.767099894366314
2025-03-17,2024-25,NYK,MIA,1,0.8214667850536115
2025-03-17,2024-25,HOU,PHI,1,0.8907451361937593
2025-03-17,2024-25,MIN,IND,0,0.5822361339513875
2025-03-17,2024-25,NOP,DET,0,0.2539059307310619
2025-03-17,2024-25,UTA,CHI,0,0.3352925752539267
2025-03-17,2024-25,GSW,DEN,0,0.6462002617414048
2025-03-17,2024-25,PHX,TOR,1,0.6203950747547852
2025-03-17,2024-25,SAC,MEM,1,0.4860153554391742
2025-03-17,2024-25,POR,WAS,1,0.6979532262656194
2025-03-18,2024-25,CHA,ATL,0,0.40019667743165116
2025-03-18,2024-25,BOS,BKN,1,0.922994688182555
2025-03-18,2024-25,LAC,CLE,1,0.40126027814996207
2025-03-18,2024-25,GSW,MIL,1,0.6770781861118925
2025-03-19,2024-25,UTA,WAS,1,0.579619226503567
2025-03-19,2024-25,IND,DAL,1,0.804779890134275
2025-03-19,2024-25,ORL,HOU,0,0.3789991867834909
2025-03-19,2024-25,MIA,DET,0,0.34716784191150646
2025-03-19,2024-25,MIN,NOP,0,0.8928134630404735
2025-03-19,2024-25,OKC,PHI,1,0.9456432121513806
2025-03-19,2024-25,SAS,NYK,1,0.25457679446013287
2025-03-19,2024-25,LAL,DEN,1,0.5588074089048432
2025-03-19,2024-25,PHX,CHI,1,0.5708660300136537
2025-03-19,2024-25,POR,MEM,1,0.37956075533696587
2025-03-19,2024-25,SAC,CLE,1,0.3736075377209033
2025-03-20,2024-25,LAL,MIL,0,0.6184207210595977
2025-03-20,2024-25,GSW,TOR,1,0.8655521627511761
2025-03-20,2024-25,CHA,NYK,1,0.1774940715770626
2025-03-20,2024-25,IND,BKN,1,0.7804255891346913
2025-03-20,2024-25,SAC,CHI,0,0.6724514773869413
2025-03-21,2024-25,WAS,ORL,0,0.32207083208116244
2025-03-21,2024-25,MIA,HOU,0,0.3199392624365875
2025-03-21,2024-25,MIN,NOP,1,0.8785645210717835
2025-03-21,2024-25,OKC,CHA,1,0.9577043649996685
2025-03-21,2024-25,SAS,PHI,1,0.6918648601000777
2025-03-21,2024-25,DAL,DET,1,0.2727652067842145
2025-03-21,2024-25,UTA,BOS,0,0.13425842430359722
2025-03-21,2024-25,PHX,CLE,1,0.2722308026768285
2025-03-21,2024-25,POR,DEN,1,0.40741177904635967
2025-03-21,2024-25,LAC,MEM,1,0.6760995191368835
2025-03-22,2024-25,IND,BKN,1,0.8269860001793164
2025-03-22,2024-25,ATL,GSW,1,0.29745555452177175
2025-03-22,2024-25,NYK,WAS,1,0.9004591917646875
2025-03-22,2024-25,SAC,MIL,0,0.5259432185070313
2025-03-22,2024-25,LAL,CHI,0,0.4458058220758998
2025-03-23,2024-25,DET,NOP,1,0.8951040037444749
2025-03-23,2024-25,UTA,CLE,0,0.1307523960318433
2025-03-23,2024-25,ATL,PHI,1,0.7085823834269305
2025-03-23,2024-25,MIA,CHA,1,0.7683355267653779
2025-03-23,2024-25,TOR,SAS,0,0.501641107814995
2025-03-23,2024-25,POR,BOS,0,0.27462953910106913
2025-03-23,2024-25,HOU,DEN,0,0.6589470092047379
2025-03-23,2024-25,LAC,OKC,0,0.33956682620311485
2025-03-24,2024-25,IND,MIN,1,0.4784312672563101
2025-03-24,2024-25,ORL,LAL,1,0.4369193032311304
2025-03-24,2024-25,WAS,TOR,0,0.552279813996873
2025-03-24,2024-25,BKN,DAL,0,0.4663954348877725
2025-03-24,2024-25,NOP,PHI,1,0.5729253347903586
2025-03-24,2024-25,DEN,CHI,0,0.579446990440044
2025-03-24,2024-25,PHX,MIL,1,0.6042899236249777
2025-03-24,2024-25,SAC,BOS,0,0.3428453570682891
2025-03-25,2024-25,CHA,ORL,0,0.3815576011975783
2025-03-25,2024-25,DET,SAS,1,0.7202713124222344
2025-03-25,2024-25,MIA,GSW,1,0.318132615983061
2025-03-25,2024-25,NYK,DAL,1,0.8305080742863763
2025-03-25,2024-25,HOU,ATL,1,0.7368531686256039
2025-03-25,2024-25,UTA,MEM,0,0.22920874391343654
2025-03-25,2024-25,POR,CLE,0,0.284346461822979
2025-03-25,2024-25,SAC,OKC,0,0.15082371620787072
2025-03-26,2024-25,PHI,WAS,0,0.5031150696443845
2025-03-26,2024-25,BKN,TOR,0,0.4967689777410566
2025-03-26,2024-25,IND,LAL,0,0.5922531494166032
2025-03-26,2024-25,NYK,LAC,0,0.42033828397829776
2025-03-26,2024-25,DEN,MIL,1,0.5295016870393207
2025-03-26,2024-25,PHX,BOS,0,0.32401955261530846
2025-03-27,2024-25,CLE,SAS,1,0.8356883965908182
2025-03-27,2024-25,ORL,DAL,0,0.7639293179202653
2025-03-27,2024-25,WAS,IND,0,0.18201156785632497
2025-03-27,2024-25,MIA,ATL,1,0.5841399072904823
2025-03-27,2024-25,CHI,LAL,1,0.6072675447708865
2025-03-27,2024-25,OKC,MEM,1,0.8306558913776952
2025-03-27,2024-25,UTA,HOU,0,0.14280823722421174
2025-03-27,2024-25,SAC,POR,1,0.5373215925226549
2025-03-28,2024-25,DET,CLE,1,0.5081931946520023
2025-03-28,2024-25,BKN,LAC,0,0.14519583142060874
2025-03-28,2024-25,TOR,CHA,1,0.6860434030481649
2025-03-28,2024-25,MIL,NYK,0,0.5147260502196965
2025-03-28,2024-25,MIN,PHX,1,0.73354011451703
2025-03-28,2024-25,NOP,GSW,0,0.18160923802385767
2025-03-28,2024-25,DEN,UTA,1,0.9234291588748398
2025-03-29,2024-25,ORL,SAC,1,0.5285296880391156
2025-03-29,2024-25,WAS,BKN,0,0.48965556345652866
2025-03-29,2024-25,PHI,MIA,0,0.2597360522230246
2025-03-29,2024-25,CHI,DAL,0,0.7557207707938077
2025-03-29,2024-25,MEM,LAL,0,0.546753877371792
2025-03-29,2024-25,OKC,IND,1,0.7976467938938843
2025-03-29,2024-25,SAS,BOS,0,0.20671357504824778
2025-03-30,2024-25,CLE,LAC,1,0.6209700166382487
2025-03-30,2024-25,NYK,POR,1,0.7192250992044668
2025-03-30,2024-25,MIL,ATL,0,0.6670889974511057
2025-03-30,2024-25,MIN,DET,1,0.607099043280147
2025-03-30,2024-25,NOP,CHA,1,0.5437172398928732
2025-03-30,2024-25,SAS,GSW,0,0.29091543411233295
2025-03-30,2024-25,PHI,TOR,0,0.3057425608459006
2025-03-30,2024-25,PHX,HOU,0,0.4245897397491793
2025-03-31,2024-25,CHA,UTA,1,0.5532491986043026
2025-03-31,2024-25,IND,SAC,1,0.7258825259096607
2025-03-31,2024-25,ORL,LAC,0,0.4318330895304857
2025-03-31,2024-25,WAS,MIA,0,0.22843552596269953
2025-03-31,2024-25,MEM,BOS,0,0.32249565035801336
2025-03-31,2024-25,OKC,CHI,1,0.8384427343667833
2025-03-31,2024-25,DAL,BKN,0,0.7387320032471328
2025-03-31,2024-25,LAL,HOU,1,0.5953027483944188
2025-04-01,2024-25,SAS,ORL,0,0.47316103984214963
2025-04-01,2024-25,ATL,POR,0,0.6167485487430225
2025-04-01,2024-25,NYK,PHI,1,0.9181361442383825
2025-04-01,2024-25,CHI,TOR,1,0.5972086393042747
2025-04-01,2024-25,MEM,GSW,0,0.39938701173921354
2025-04-01,2024-25,MIL,PHX,1,0.6154448148290482
2025-04-01,2024-25,DEN,MIN,0,0.5314017832662656
2025-04-02,2024-25,CLE,NYK,1,0.7693757564551538
2025-04-02,2024-25,IND,CHA,1,0.8885372571533837
2025-04-02,2024-25,WAS,SAC,1,0.21305800841498496
2025-04-02,2024-25,BOS,MIA,0,0.8500166163685073
2025-04-02,2024-25,HOU,UTA,1,0.9187165156938836
2025-04-02,2024-25,OKC,DET,1,0.8196802069021029
2025-04-02,2024-25,DAL,ATL,1,0.6200034268640036
2025-04-02,2024-25,DEN,SAS,0,0.8326860900022032
2025-04-02,2024-25,LAC,NOP,1,0.9260111520161436
2025-04-03,2024-25,WAS,ORL,0,0.1640405379671547
2025-04-03,2024-25,BKN,MIN,0,0.16304288935386907
2025-04-03,2024-25,MIA,MEM,0,0.5195771379740469
2025-04-03,2024-25,PHI,MIL,0,0.2137985176472192
2025-04-03,2024-25,TOR,POR,0,0.4408058256311471
2025-04-03,2024-25,LAL,GSW,0,0.4823458114614051
2025-04-04,2024-25,CHA,SAC,0,0.32425721151038545
2025-04-04,2024-25,IND,UTA,1,0.9151691867679345
2025-04-04,2024-25,BOS,PHX,1,0.8448045232830514
2025-04-04,2024-25,TOR,DET,0,0.2399049775215975
2025-04-04,2024-25,CHI,POR,1,0.7060976554590851
2025-04-04,2024-25,HOU,OKC,1,0.25037683414014794
2025-04-04,2024-25,SAS,CLE,0,0.25238575343574593
2025-04-04,2024-25,GSW,DEN,1,0.7032516488791299
2025-04-04,2024-25,LAL,NOP,1,0.8707609283279119
2025-04-04,2024-25,LAC,DAL,1,0.8054929846520716
2025-04-05,2024-25,ATL,NYK,0,0.43277223313165336
2025-04-05,2024-25,DET,MEM,0,0.5409879565828393
2025-04-05,2024-25,PHI,MIN,0,0.11051736151825216
2025-04-05,2024-25,MIA,MIL,0,0.6257981440204732
2025-04-05,2024-25,LAC,DAL,1,0.8387934975210724
2025-04-06,2024-25,NOP,MIL,0,0.2976753229694339
2025-04-06,2024-25,CHA,CHI,0,0.23934629055054785
2025-04-06,2024-25,BKN,TOR,0,0.48201706849005344
2025-04-06,2024-25,OKC,LAL,0,0.8056486120488038
2025-04-06,2024-25,ATL,UTA,1,0.7889524966862024
2025-04-06,2024-25,BOS,WAS,1,0.9568965813952203
2025-04-06,2024-25,CLE,SAC,0,0.8003220339040878
2025-04-06,2024-25,POR,SAS,1,0.6717883683097486
2025-04-06,2024-25,NYK,PHX,1,0.7338466462296958
2025-04-06,2024-25,DEN,IND,0,0.5638746981284204
2025-04-06,2024-25,GSW,HOU,0,0.5928526723573728
2025-04-07,2024-25,DET,SAC,0,0.6989789280792974
2025-04-07,2024-25,MIA,PHI,1,0.861738600972092
2025-04-08,2024-25,CHA,MEM,0,0.19857857699314857
2025-04-08,2024-25,CLE,CHI,1,0.756428885847911
2025-04-08,2024-25,IND,WAS,1,0.9355336633211088
2025-04-08,2024-25,ORL,ATL,1,0.6536772259524097
2025-04-08,2024-25,BKN,NOP,1,0.5985162254336321
2025-04-08,2024-25,NYK,BOS,0,0.40120560504415337
2025-04-08,2024-25,MIL,MIN,1,0.35551724337985846
2025-04-08,2024-25,OKC,LAL,1,0.7247270043765891
2025-04-08,2024-25,PHX,GSW,0,0.27453905312740895
2025-04-08,2024-25,LAC,SAS,1,0.8680544198335008
2025-04-09,2024-25,ORL,BOS,1,0.287015677825394
2025-04-09,2024-25,WAS,PHI,0,0.42829734295667143
2025-04-09,2024-25,TOR,CHA,1,0.8143983308729776
2025-04-09,2024-25,DAL,LAL,0,0.425018322559146
2025-04-09,2024-25,CHI,MIA,1,0.40858700842359497
2025-04-09,2024-25,UTA,POR,1,0.2671170785404955
2025-04-09,2024-25,GSW,SAS,0,0.8609784786409524
2025-04-09,2024-25,PHX,OKC,0,0.15147165274819027
2025-04-09,2024-25,SAC,DEN,0,0.46177126961131737
2025-04-09,2024-25,LAC,HOU,1,0.5163270989502262
2025-04-10,2024-25,MIL,NOP,1,0.8589439283379535
2025-04-10,2024-25,DET,NYK,1,0.4876417825264909
2025-04-10,2024-25,IND,CLE,1,0.4955318486033988
2025-04-10,2024-25,BKN,ATL,0,0.33384142174604864
2025-04-10,2024-25,MEM,MIN,0,0.4134817505188908
2025-04-11,2024-25,DET,MIL,0,0.6469478305830261
2025-04-11,2024-25,IND,ORL,0,0.6497159633372865
2025-04-11,2024-25,PHI,ATL,0,0.36634981112568077
2025-04-11,2024-25,BOS,CHA,1,0.9374823326412729
2025-04-11,2024-25,NYK,CLE,0,0.3817332687415179
2025-04-11,2024-25,CHI,WAS,1,0.912338102412463
2025-04-11,2024-25,NOP,MIA,0,0.14869403769813933
2025-04-11,2024-25,DAL,TOR,1,0.6179278266702525
2025-04-11,2024-25,MIN,BKN,1,0.9329356898331638
2025-04-11,2024-25,DEN,MEM,1,0.7528846368188108
2025-04-11,2024-25,UTA,OKC,0,0.08350026789061325
2025-04-11,2024-25,PHX,SAS,1,0.5277587606812469
2025-04-11,2024-25,POR,GSW,0,0.2619654464733357
2025-04-11,2024-25,SAC,LAC,0,0.3217859731986271
2025-04-11,2024-25,LAL,HOU,1,0.7122734429724467
2025-04-13,2024-25,ATL,ORL,1,0.5301969844292072
2025-04-13,2024-25,BOS,CHA,1,0.9573520970248134
2025-04-13,2024-25,BKN,NYK,0,0.13383043502537867
2025-04-13,2024-25,CLE,IND,0,0.7884662582096782
2025-04-13,2024-25,MIA,WAS,0,0.9134774752607637
2025-04-13,2024-25,PHI,CHI,0,0.17220795332906333
2025-04-13,2024-25,MIL,DET,1,0.5308849695995896
2025-04-13,2024-25,HOU,DEN,0,0.3739126105501361
2025-04-13,2024-25,MEM,DAL,1,0.6814495787934458
2025-04-13,2024-25,MIN,UTA,1,0.9273846209790905
2025-04-13,2024-25,NOP,OKC,0,0.04316910834704993
2025-04-13,2024-25,SAS,TOR,1,0.7033316642131162
2025-04-13,2024-25,GSW,LAC,0,0.47648835640263115
2025-04-13,2024-25,POR,LAL,1,0.24539478626176922
2025-04-13,2024-25,SAC,PHX,1,0.659543527463667
2025-10-21,2025-26,OKC,HOU,1,0.7631739966767551
2025-10-21,2025-26,LAL,GSW,0,0.24093992337332185
2025-10-22,2025-26,NYK,CLE,1,0.5525820181644451
2025-10-22,2025-26,DAL,SAS,0,0.4813892555191772
2025-10-22,2025-26,CHA,BKN,1,0.5851696561581219
2025-10-22,2025-26,ORL,MIA,1,0.5462205112331204
2025-10-22,2025-26,ATL,TOR,0,0.7501341000774094
2025-10-22,2025-26,BOS,PHI,0,0.8710902222480662
2025-10-22,2025-26,CHI,DET,1,0.5790872444625433
2025-10-22,2025-26,MEM,NOP,1,0.8501519218219845
2025-10-22,2025-26,MIL,WAS,1,0.8175016052836334
2025-10-22,2025-26,UTA,LAC,1,0.14361527398624127
2025-10-22,2025-26,PHX,SAC,1,0.43000347349504553
2025-10-22,2025-26,POR,MIN,0,0.33485271472325767
2025-10-23,2025-26,IND,OKC,0,0.38895381864019246
2025-10-23,2025-26,GSW,DEN,1,0.6304334794094317
2025-10-24,2025-26,NYK,BOS,1,0.49187452804630805
2025-10-24,2025-26,LAL,MIN,1,0.5749066056309924
2025-10-24,2025-26,ORL,ATL,0,0.5839429392495662
2025-10-24,2025-26,BKN,CLE,0,0.18128864249254079
2025-10-24,2025-26,TOR,MIL,0,0.3933221167704301
2025-10-24,2025-26,HOU,DET,0,0.685319537609663
2025-10-24,2025-26,MEM,MIA,0,0.6388336511080992
2025-10-24,2025-26,NOP,SAS,0,0.4259137751920402
2025-10-24,2025-26,DAL,WAS,0,0.6939332511562828
2025-10-24,2025-26,POR,GSW,1,0.4480405206842682
2025-10-24,2025-26,SAC,UTA,1,0.6419389065384765
2025-10-24,2025-26,LAC,PHX,1,0.7765919387048889
2025-10-25,2025-26,ORL,CHI,0,0.422979657325904
2025-10-25,2025-26,ATL,OKC,0,0.23053863587261972
2025-10-25,2025-26,PHI,CHA,1,0.660469844980666
2025-10-25,2025-26,MEM,IND,1,0.4606898424613884
2025-10-25,2025-26,DEN,PHX,1,0.8249062886947939
2025-10-26,2025-26,SAS,BKN,1,0.7509900373700976
2025-10-26,2025-26,DET,BOS,1,0.5430409089803425
2025-10-26,2025-26,CLE,MIL,1,0.6897042187820088
2025-10-26,2025-26,MIA,NYK,1,0.5157477687764397
2025-10-26,2025-26,WAS,CHA,0,0.5742717732855335
2025-10-26,2025-26,MIN,IND,1,0.7955143583399836
2025-10-26,2025-26,DAL,TOR,1,0.5065307244051734
2025-10-26,2025-26,LAC,POR,1,0.6781035817585972
2025-10-26,2025-26,SAC,LAL,0,0.36496241401572077
2025-10-27,2025-26,DET,CLE,0,0.4267812612913938
2025-10-27,2025-26,MIN,DEN,0,0.5099176476964339
2025-10-27,2025-26,PHI,ORL,1,0.518196127610293
2025-10-27,2025-26,CHI,ATL,1,0.6742015633450636
2025-10-27,2025-26,HOU,BKN,1,0.8911164843083667
2025-10-27,2025-26,NOP,BOS,0,0.4773412583901109
2025-10-27,2025-26,SAS,TOR,1,0.7071018907736385
2025-10-27,2025-26,DAL,OKC,0,0.15582661484599453
2025-10-27,2025-26,UTA,PHX,1,0.6003732003307571
2025-10-27,2025-26,GSW,MEM,1,0.6880323213063996
2025-10-27,2025-26,LAL,POR,0,0.6622164364552836
2025-10-28,2025-26,WAS,PHI,0,0.40978244925651736
2025-10-28,2025-26,MIA,CHA,1,0.7234452486256341
2025-10-28,2025-26,MIL,NYK,1,0.5764142867578658
2025-10-28,2025-26,OKC,SAC,1,0.8096218446968892
2025-10-28,2025-26,GSW,LAC,1,0.4440659494580456
2025-10-29,2025-26,BOS,CLE,1,0.4384404910692082
2025-10-29,2025-26,DET,ORL,1,0.605452822905082
2025-10-29,2025-26,BKN,ATL,0,0.3201184752687782
2025-10-29,2025-26,TOR,HOU,0,0.2906448734730305
2025-10-29,2025-26,CHI,SAC,1,0.7075593654353279
2025-10-29,2025-26,DAL,IND,1,0.4374123501436102
2025-10-29,2025-26,DEN,NOP,1,0.861548113000105
2025-10-29,2025-26,UTA,POR,0,0.37192600767821793
2025-10-29,2025-26,MIN,LAL,0,0.6271534866060045
2025-10-29,2025-26,PHX,MEM,0,0.36565231698793116
2025-10-30,2025-26,CHA,ORL,0,0.5745716894801478
2025-10-30,2025-26,MIL,GSW,1,0.4495623416609795
2025-10-30,2025-26,OKC,WAS,1,0.9210536216332116
2025-10-30,2025-26,SAS,MIA,1,0.5070839031312356
2025-10-31,2025-26,IND,ATL,0,0.536145960903622
2025-10-31,2025-26,PHI,BOS,0,0.3542358336674815
2025-10-31,2025-26,CLE,TOR,0,0.839667927761296
2025-10-31,2025-26,CHI,NYK,1,0.5524965387797348
2025-10-31,2025-26,MEM,LAL,0,0.5759343590317682
2025-10-31,2025-26,PHX,UTA,1,0.524158798362167
2025-10-31,2025-26,POR,DEN,1,0.43264018750212796
2025-10-31,2025-26,LAC,NOP,1,0.8666362036009271
2025-11-01,2025-26,MIL,SAC,0,0.6778534127484342
2025-11-01,2025-26,CHA,MIN,0,0.282828019920103
2025-11-01,2025-26,IND,GSW,1,0.22879523865518586
2025-11-01,2025-26,WAS,ORL,0,0.31809735031006664
2025-11-01,2025-26,BOS,HOU,0,0.46592549034196035
2025-11-02,2025-26,OKC,NOP,1,0.9177701627657533
2025-11-02,2025-26,BKN,PHI,0,0.3742003865837476
2025-11-02,2025-26,CHA,UTA,1,0.453716877213719
2025-11-02,2025-26,CLE,ATL,1,0.5908109096644428
2025-11-02,2025-26,TOR,MEM,1,0.4045091127952544
2025-11-02,2025-26,NYK,CHI,1,0.5252361486310804
2025-11-02,2025-26,PHX,SAS,1,0.3779055278310826
2025-11-02,2025-26,LAL,MIA,1,0.6639876523970326
2025-11-03,2025-26,BKN,MIN,0,0.1818120801037009
2025-11-03,2025-26,IND,MIL,0,0.3351311158282932
2025-11-03,2025-26,BOS,UTA,0,0.8201402879073241
2025-11-03,2025-26,NYK,WAS,1,0.8502617194676595
2025-11-03,2025-26,HOU,DAL,1,0.8378915209736155
2025-11-03,2025-26,MEM,DET,0,0.40371920887494767
2025-11-03,2025-26,DEN,SAC,1,0.7954504836254822
2025-11-03,2025-26,POR,LAL,0,0.5303579317924473
2025-11-03,2025-26,LAC,MIA,0,0.7209060106803343
2025-11-04,2025-26,TOR,MIL,1,0.4314670186628962
2025-11-04,2025-26,ATL,ORL,1,0.5974738486245564
2025-11-04,2025-26,CHI,PHI,1,0.7003712476437781
2025-11-04,2025-26,NOP,CHA,1,0.5574640734083469
2025-11-04,2025-26,GSW,PHX,1,0.8252747851806087
2025-11-04,2025-26,LAC,OKC,0,0.3306636389649456
2025-11-05,2025-26,CLE,PHI,1,0.7559641322970179
2025-11-05,2025-26,DET,UTA,1,0.7391049925040127
2025-11-05,2025-26,IND,BKN,0,0.7316303401987811
2025-11-05,2025-26,BOS,WAS,1,0.8854760155177561
2025-11-05,2025-26,NYK,MIN,1,0.5122603454197104
2025-11-05,2025-26,MEM,HOU,0,0.31664292286130485
2025-11-05,2025-26,DAL,NOP,0,0.6743660340896848
2025-11-05,2025-26,DEN,MIA,1,0.6749820405647853
2025-11-05,2025-26,LAL,SAS,1,0.6275919581346942
2025-11-05,2025-26,POR,OKC,1,0.407797853724363
2025-11-05,2025-26,SAC,GSW,1,0.42554663395455705
2025-11-06,2025-26,PHX,LAC,1,0.3476742317786072
2025-11-07,2025-26,ORL,BOS,1,0.42180418290878463
2025-11-07,2025-26,WAS,CLE,0,0.14050119986672388
2025-11-07,2025-26,ATL,TOR,0,0.6557104783129699
2025-11-07,2025-26,BKN,DET,0,0.2570097399288777
2025-11-07,2025-26,SAS,HOU,1,0.3131115427850205
2025-11-07,2025-26,MIA,CHA,1,0.7958547371925389
2025-11-07,2025-26,MEM,DAL,1,0.6284880537841471
2025-11-07,2025-26,MIL,CHI,1,0.5056356636919839
2025-11-07,2025-26,MIN,UTA,1,0.7938614341015434
2025-11-07,2025-26,DEN,GSW,1,0.7189594305930275
2025-11-07,2025-26,SAC,OKC,0,0.21038000782948174
2025-11-08,2025-26,WAS,DAL,0,0.40261366986570984
2025-11-08,2025-26,PHI,TOR,1,0.575060447441249
2025-11-08,2025-26,ATL,LAL,1,0.40285634230414014
2025-11-08,2025-26,CLE,CHI,1,0.6721554324159674
2025-11-08,2025-26,MIA,POR,1,0.4883531526541965
2025-11-08,2025-26,SAS,NOP,1,0.6557439510876217
2025-11-08,2025-26,DEN,IND,1,0.8241558162191885
2025-11-08,2025-26,LAC,PHX,0,0.6652876621050362
2025-11-09,2025-26,MIL,HOU,0,0.44182040148912666
2025-11-09,2025-26,NYK,BKN,1,0.8734931448627468
2025-11-09,2025-26,ORL,BOS,0,0.46398865306459
2025-11-09,2025-26,MEM,OKC,0,0.20934069880181863
2025-11-09,2025-26,PHI,DET,0,0.4375589846225674
2025-11-09,2025-26,GSW,IND,1,0.7765348161963931
2025-11-09,2025-26,SAC,MIN,0,0.3632777338219736
2025-11-10,2025-26,CHA,LAL,0,0.3079533450716056
2025-11-10,2025-26,DET,WAS,1,0.8656042849811468
2025-11-10,2025-26,ORL,POR,1,0.3881215135452869
2025-11-10,2025-26,MIA,CLE,1,0.48093254114148754
2025-11-10,2025-26,CHI,SAS,0,0.6354314322649119
2025-11-10,2025-26,DAL,MIL,0,0.38780416531324824
2025-11-10,2025-26,PHX,NOP,1,0.6880513025506757
2025-11-10,2025-26,UTA,MIN,0,0.293077993603599
2025-11-10,2025-26,LAC,ATL,0,0.5627976652089013
2025-11-11,2025-26,BKN,TOR,0,0.2688565257333735
2025-11-11,2025-26,NYK,MEM,1,0.7258038969064962
2025-11-11,2025-26,PHI,BOS,1,0.43344930285819566
2025-11-11,2025-26,OKC,GSW,1,0.778566928529867
2025-11-11,2025-26,UTA,IND,1,0.4685404205685188
2025-11-11,2025-26,SAC,DEN,0,0.22848603106182133
2025-11-12,2025-26,CHA,MIL,1,0.29443181039470484
2025-11-12,2025-26,DET,CHI,1,0.5282781940515172
2025-11-12,2025-26,NYK,ORL,0,0.6804726151323068
2025-11-12,2025-26,BOS,MEM,1,0.7067420553683642
2025-11-12,2025-26,MIA,CLE,0,0.5013035577544859
2025-11-12,2025-26,HOU,WAS,1,0.9227573682891913
2025-11-12,2025-26,NOP,POR,0,0.2688028666877249
2025-11-12,2025-26,SAS,GSW,0,0.5236541485839739
2025-11-12,2025-26,DAL,PHX,0,0.42643183934330825
2025-11-12,2025-26,OKC,LAL,1,0.7238110256272676
2025-11-12,2025-26,SAC,ATL,0,0.3594225227103577
2025-11-12,2025-26,LAC,DEN,0,0.39118639778597464
2025-11-13,2025-26,CLE,TOR,0,0.6932764529503324
2025-11-13,2025-26,PHX,IND,1,0.6757865576469736
2025-11-13,2025-26,UTA,ATL,0,0.38689359830524606
2025-11-14,2025-26,NYK,MIA,1,0.579760246066724
2025-11-14,2025-26,ORL,BKN,1,0.8339858075690063
2025-11-14,2025-26,DET,PHI,1,0.5795632984354254
2025-11-14,2025-26,HOU,POR,1,0.6721465776232486
2025-11-14,2025-26,MIL,CHA,1,0.7202732994075035
2025-11-14,2025-26,MIN,SAC,1,0.8313530535745874
2025-11-14,2025-26,NOP,LAL,0,0.2468039930010467
2025-11-14,2025-26,DAL,LAC,0,0.36350577560046454
2025-11-14,2025-26,SAS,GSW,0,0.4186879161220944
2025-11-15,2025-26,CLE,MEM,1,0.8155292863428064
2025-11-15,2025-26,CHA,OKC,0,0.08946412926054154
2025-11-15,2025-26,IND,TOR,0,0.3328412002342437
2025-11-15,2025-26,MIL,LAL,0,0.49442471981591857
2025-11-15,2025-26,MIN,DEN,0,0.40576998256601293
2025-11-16,2025-26,BOS,LAC,1,0.6476201151722976
2025-11-16,2025-26,SAS,SAC,1,0.7317416263255061
2025-11-16,2025-26,WAS,BKN,0,0.5467316572475293
2025-11-16,2025-26,HOU,ORL,1,0.7330334037961975
2025-11-16,2025-26,NOP,GSW,0,0.19533847821664893
2025-11-16,2025-26,DAL,POR,1,0.33276174552440557
2025-11-16,2025-26,PHX,ATL,0,0.49357516819862124
2025-11-16,2025-26,UTA,CHI,1,0.3377092253786607
2025-11-17,2025-26,CLE,MIL,1,0.7114001422803753
2025-11-17,2025-26,DET,IND,1,0.7941192994634964
2025-11-17,2025-26,PHI,LAC,1,0.5500270965356052
2025-11-17,2025-26,MIA,NYK,1,0.4954809121525054
2025-11-17,2025-26,TOR,CHA,1,0.7853458270467624
2025-11-17,2025-26,MIN,DAL,1,0.8536639775100855
2025-11-17,2025-26,NOP,OKC,0,0.07506629463233508
2025-11-17,2025-26,DEN,CHI,0,0.8238129608211978
2025-11-18,2025-26,ORL,GSW,1,0.4430540424114092
2025-11-18,2025-26,BKN,BOS,0,0.19634986355066986
2025-11-18,2025-26,ATL,DET,0,0.6846949256557869
2025-11-18,2025-26,SAS,MEM,1,0.6043702963003136
2025-11-18,2025-26,LAL,UTA,1,0.7845098645866285
2025-11-18,2025-26,POR,PHX,0,0.5402416454704628
2025-11-19,2025-26,CLE,HOU,0,0.5123459014301882
2025-11-19,2025-26,IND,CHA,1,0.4295404385418784
2025-11-19,2025-26,MIA,GSW,1,0.5365667229848554
2025-11-19,2025-26,PHI,TOR,0,0.4715843272348608
2025-11-19,2025-26,MIN,WAS,1,0.9135200949489101
2025-11-19,2025-26,NOP,DEN,0,0.13639455243251059
2025-11-19,2025-26,OKC,SAC,1,0.9199436498768584
2025-11-19,2025-26,DAL,NYK,0,0.2640357670207524
2025-11-19,2025-26,POR,CHI,0,0.43281988958428724
2025-11-20,2025-26,ORL,LAC,1,0.6120544989277013
2025-11-20,2025-26,MEM,SAC,1,0.7233201882725429
2025-11-20,2025-26,MIL,PHI,0,0.6959095850223667
2025-11-20,2025-26,SAS,ATL,1,0.4661356193226696
2025-11-21,2025-26,CLE,IND,1,0.8593279015099052
2025-11-21,2025-26,BOS,BKN,0,0.8770352023643038
2025-11-21,2025-26,TOR,WAS,1,0.8696903531009016
2025-11-21,2025-26,CHI,MIA,0,0.4876314637728086
2025-11-21,2025-26,DAL,NOP,1,0.6322137486778959
2025-11-21,2025-26,PHX,MIN,1,0.4441811745997582
2025-11-21,2025-26,HOU,DEN,0,0.5618259967446326
2025-11-21,2025-26,UTA,OKC,0,0.14024369169241438
2025-11-21,2025-26,GSW,POR,0,0.5537648282991293
2025-11-22,2025-26,CHA,LAC,0,0.4349560126294119
2025-11-22,2025-26,ORL,NYK,1,0.5223087778689097
2025-11-22,2025-26,NOP,ATL,0,0.2431996603345601
2025-11-22,2025-26,CHI,WAS,1,0.8591144788916477
2025-11-22,2025-26,MIL,DET,0,0.4032984433881132
2025-11-22,2025-26,DAL,MEM,0,0.37823368692745235
2025-11-22,2025-26,DEN,SAC,0,0.8927480613195381
2025-11-23,2025-26,PHI,MIA,0,0.3735374179546472
2025-11-23,2025-26,ATL,CHA,1,0.803091857948966
2025-11-23,2025-26,BOS,ORL,1,0.6229689222112204
2025-11-23,2025-26,CLE,LAC,1,0.7566201269012158
2025-11-23,2025-26,TOR,BKN,1,0.7853378908048348
2025-11-23,2025-26,OKC,POR,1,0.8705007718088615
2025-11-23,2025-26,PHX,SAS,1,0.5785795274073844
2025-11-23,2025-26,UTA,LAL,0,0.21954499471237104
2025-11-24,2025-26,IND,DET,0,0.26970266918480035
2025-11-24,2025-26,TOR,CLE,1,0.4776678921072405
2025-11-24,2025-26,BKN,NYK,0,0.23282391985582712
2025-11-24,2025-26,MIA,DAL,1,0.8337526814338818
2025-11-24,2025-26,MEM,DEN,0,0.31533787392071494
2025-11-24,2025-26,MIL,POR,0,0.5899626084471039
2025-11-24,2025-26,NOP,CHI,1,0.30908994898825015
2025-11-24,2025-26,PHX,HOU,0,0.33474393102945826
2025-11-24,2025-26,GSW,UTA,1,0.8664734763910958
2025-11-24,2025-26,SAC,MIN,1,0.21921239543784057
2025-11-25,2025-26,WAS,ATL,1,0.18289639673136826
2025-11-25,2025-26,PHI,ORL,0,0.4321167365824234
2025-11-25,2025-26,LAL,LAC,1,0.7225866653257277
2025-11-26,2025-26,BOS,DET,1,0.5826354685919122
2025-11-26,2025-26,CHA,NYK,0,0.30995060599048474
2025-11-26,2025-26,MIA,MIL,1,0.748943566713803
2025-11-26,2025-26,TOR,IND,1,0.7999176142280795
2025-11-26,2025-26,OKC,MIN,1,0.7915281313380287
2025-11-26,2025-26,NOP,MEM,0,0.3664788448751217
2025-11-26,2025-26,GSW,HOU,0,0.3986406790587243
2025-11-26,2025-26,POR,SAS,0,0.5376574544615876
2025-11-26,2025-26,SAC,PHX,0,0.36401036530511727
2025-11-28,2025-26,ATL,CLE,1,0.5013800043216207
2025-11-28,2025-26,BKN,PHI,0,0.4515137882640855
2025-11-28,2025-26,CHA,CHI,1,0.46310228185326974
2025-11-28,2025-26,DET,ORL,0,0.5393758269778783
2025-11-28,2025-26,IND,WAS,1,0.6628560207828468
2025-11-28,2025-26,NYK,MIL,1,0.765430186985272
2025-11-28,2025-26,OKC,PHX,1,0.8484178160579966
2025-11-28,2025-26,DEN,SAS,0,0.7494102507016585
2025-11-28,2025-26,UTA,SAC,1,0.5782160226881512
2025-11-28,2025-26,LAL,DAL,1,0.8342304036420676
2025-11-28,2025-26,LAC,MEM,0,0.5952522041651774
2025-11-29,2025-26,MIN,BOS,1,0.576508708871124
2025-11-29,2025-26,CHA,TOR,1,0.28511894270471005
2025-11-29,2025-26,IND,CHI,1,0.4237651406426324
2025-11-29,2025-26,MIA,DET,0,0.6787304715481597
2025-11-29,2025-26,MIL,BKN,1,0.7831415658376464
2025-11-29,2025-26,GSW,NOP,1,0.8489874928733916
2025-11-29,2025-26,PHX,DEN,0,0.4444515978647627
2025-11-29,2025-26,LAC,DAL,0,0.7358835710688528
2025-11-30,2025-26,UTA,HOU,0,0.18581535583666037
2025-11-30,2025-26,CLE,BOS,0,0.6497380895736579
2025-11-30,2025-26,NYK,TOR,1,0.7357263481761928
2025-11-30,2025-26,PHI,ATL,0,0.4192775552550324
2025-11-30,2025-26,POR,OKC,0,0.2110891945154305
2025-11-30,2025-26,MIN,SAS,1,0.5891127141787689
2025-11-30,2025-26,SAC,MEM,0,0.3894244233671517
2025-11-30,2025-26,LAL,NOP,1,0.910085559135639
2025-12-01,2025-26,DET,ATL,1,0.669862164034103
2025-12-01,2025-26,IND,CLE,0,0.3614769685469516
2025-12-01,2025-26,WAS,MIL,1,0.2549140179710777
2025-12-01,2025-26,BKN,CHA,1,0.42939967832259673
2025-12-01,2025-26,MIA,LAC,1,0.6961802073969828
2025-12-01,2025-26,ORL,CHI,1,0.7580655972598888
2025-12-01,2025-26,DEN,DAL,0,0.8954297327706888
2025-12-01,2025-26,UTA,HOU,1,0.17041443467689915
2025-12-01,2025-26,LAL,PHX,0,0.6685602039958263
2025-12-02,2025-26,PHI,WAS,1,0.8254306662253381
2025-12-02,2025-26,TOR,POR,1,0.5822565630864155
2025-12-02,2025-26,BOS,NYK,1,0.5132437604851307
2025-12-02,2025-26,NOP,MIN,0,0.2040423866752209
2025-12-02,2025-26,SAS,MEM,1,0.6174704768298516
2025-12-02,2025-26,GSW,OKC,0,0.296065857623184
2025-12-03,2025-26,CLE,POR,0,0.7710213278382796
2025-12-03,2025-26,IND,DEN,0,0.2282004544581399
2025-12-03,2025-26,ORL,SAS,0,0.7005305342456501
2025-12-03,2025-26,ATL,LAC,0,0.6687633558752032
2025-12-03,2025-26,NYK,CHA,1,0.849888205370397
2025-12-03,2025-26,CHI,BKN,0,0.7264314142504268
2025-12-03,2025-26,HOU,SAC,1,0.8855876202789819
2025-12-03,2025-26,MIL,DET,1,0.4026120374165956
2025-12-03,2025-26,DAL,MIA,1,0.3140781486484985
2025-12-04,2025-26,PHI,GSW,1,0.4247246810110232
2025-12-04,2025-26,WAS,BOS,0,0.1442935755323233
2025-12-04,2025-26,BKN,UTA,0,0.44084693616283727
2025-12-04,2025-26,TOR,LAL,0,0.476711360730112
2025-12-04,2025-26,NOP,MIN,0,0.21158049406351098
2025-12-05,2025-26,BOS,LAL,1,0.6788960853605099
2025-12-05,2025-26,ORL,MIA,1,0.6258417812703096
2025-12-05,2025-26,ATL,DEN,0,0.3711626450345969
2025-12-05,2025-26,CLE,SAS,1,0.5624083717612294
2025-12-05,2025-26,DET,POR,1,0.6500511797192043
2025-12-05,2025-26,NYK,UTA,1,0.875073700507785
2025-12-05,2025-26,TOR,CHA,0,0.7382555016686181
2025-12-05,2025-26,CHI,IND,0,0.6064260251344806
2025-12-05,2025-26,HOU,PHX,1,0.7115130160146345
2025-12-05,2025-26,MEM,LAC,1,0.5548850826512359
2025-12-05,2025-26,MIL,PHI,0,0.6686600720172207
2025-12-05,2025-26,OKC,DAL,1,0.8971443446775422
2025-12-06,2025-26,BKN,NOP,1,0.5379257326571235
2025-12-06,2025-26,WAS,ATL,0,0.2541866903756523
2025-12-06,2025-26,CLE,GSW,0,0.5801492309086961
2025-12-06,2025-26,DET,MIL,1,0.7534883508168109
2025-12-06,2025-26,MIA,SAC,0,0.814859045069102
2025-12-06,2025-26,MIN,LAC,1,0.7705941903579088
2025-12-06,2025-26,DAL,HOU,1,0.22041685185963
2025-12-07,2025-26,NYK,ORL,1,0.6384760734747706
2025-12-07,2025-26,TOR,BOS,0,0.33431482214754604
2025-12-07,2025-26,CHA,DEN,0,0.2033854741037371
2025-12-07,2025-26,MEM,POR,1,0.6011399881004025
2025-12-07,2025-26,CHI,GSW,0,0.5454600714456884
2025-12-07,2025-26,PHI,LAL,0,0.5086562389754389
2025-12-07,2025-26,UTA,OKC,0,0.1374144252856068
2025-12-08,2025-26,IND,SAC,1,0.6319563696268756
2025-12-08,2025-26,MIN,PHX,0,0.6970225118575919
2025-12-08,2025-26,NOP,SAS,0,0.2537111875339543
2025-12-09,2025-26,ORL,MIA,1,0.5741720412022514
2025-12-09,2025-26,TOR,NYK,0,0.34823619916299864
2025-12-10,2025-26,OKC,PHX,1,0.8173570925719522
2025-12-10,2025-26,LAL,SAS,0,0.6784312050472336
2025-12-11,2025-26,HOU,LAC,1,0.7267224093835198
2025-12-11,2025-26,MIL,BOS,1,0.2779285441053281
2025-12-11,2025-26,NOP,POR,1,0.36679365973221256
2025-12-11,2025-26,SAC,DEN,0,0.2112291131544917
2025-12-12,2025-26,CHA,CHI,0,0.5302682755223928
2025-12-12,2025-26,DET,ATL,1,0.6172706471961105
2025-12-12,2025-26,PHI,IND,1,0.6453687384269033
2025-12-12,2025-26,WAS,CLE,0,0.15085616489949602
2025-12-12,2025-26,MEM,UTA,0,0.79560938933175
2025-12-12,2025-26,DAL,BKN,1,0.6840776228895169
2025-12-12,2025-26,GSW,MIN,0,0.5265411162867045
2025-12-14,2025-26,IND,WAS,0,0.8126864334038283
2025-12-14,2025-26,ATL,PHI,1,0.5851581509985779
2025-12-14,2025-26,CLE,CHA,0,0.7899230399888563
2025-12-14,2025-26,BKN,MIL,1,0.4364808534019976
2025-12-14,2025-26,MIN,SAC,1,0.8372334098621189
2025-12-14,2025-26,POR,GSW,1,0.31102635667684214
2025-12-14,2025-26,CHI,NOP,0,0.6870550721879727
2025-12-14,2025-26,PHX,LAL,0,0.42413695573433996
2025-12-15,2025-26,BOS,DET,0,0.616430043277771
2025-12-15,2025-26,UTA,DAL,1,0.44390519414136914
2025-12-15,2025-26,DEN,HOU,1,0.5310367220641096
2025-12-15,2025-26,LAC,MEM,0,0.6494932510723204
2025-12-15,2025-26,MIA,TOR,0,0.7219182417999828
2025-12-17,2025-26,CHI,CLE,1,0.45080314354881323
2025-12-17,2025-26,MIN,MEM,0,0.7391998231360283
2025-12-18,2025-26,OKC,LAC,1,0.8856081180462103
2025-12-18,2025-26,SAS,WAS,1,0.8816896942511078
2025-12-18,2025-26,CHA,ATL,1,0.4254404752424968
2025-12-18,2025-26,IND,NYK,0,0.2501171502167448
2025-12-18,2025-26,BKN,MIA,0,0.3527822711112605
2025-12-18,2025-26,MIL,TOR,0,0.44773036276004174
2025-12-18,2025-26,NOP,HOU,1,0.19190976031887658
2025-12-18,2025-26,DAL,DET,1,0.34036523758351883
2025-12-18,2025-26,DEN,ORL,1,0.6749455870357651
2025-12-18,2025-26,PHX,GSW,1,0.4577630442287849
2025-12-18,2025-26,UTA,LAL,0,0.235138890434778
2025-12-18,2025-26,POR,SAC,1,0.7055720906839391
2025-12-19,2025-26,BOS,MIA,1,0.6882679528986454
2025-12-19,2025-26,NYK,PHI,0,0.6749478963781832
2025-12-19,2025-26,ATL,SAS,0,0.43116986439622135
2025-12-19,2025-26,CLE,CHI,0,0.6264116637329453
2025-12-19,2025-26,MIN,OKC,1,0.3735815159438359
2025-12-20,2025-26,DEN,HOU,0,0.5814453295943195
2025-12-20,2025-26,PHI,DAL,1,0.5143639279956561
2025-12-20,2025-26,TOR,BOS,0,0.438655049853394
2025-12-20,2025-26,NOP,IND,1,0.561009929654359
2025-12-20,2025-26,DET,CHA,1,0.7698384348998463
2025-12-20,2025-26,MEM,WAS,0,0.8620025577338465
2025-12-20,2025-26,GSW,PHX,1,0.620770499949148
2025-12-20,2025-26,UTA,ORL,0,0.2952090474816027
2025-12-20,2025-26,SAC,POR,0,0.4181247012494686
2025-12-20,2025-26,LAC,LAL,1,0.4129261157912982
2025-12-21,2025-26,ATL,CHI,0,0.5598303388332804
2025-12-21,2025-26,BKN,TOR,1,0.5641580390851746
2025-12-21,2025-26,NYK,MIA,1,0.6727892201182861
2025-12-21,2025-26,WAS,SAS,0,0.14343547899549458
2025-12-21,2025-26,MIN,MIL,1,0.7842686467055845
2025-12-21,2025-26,SAC,HOU,1,0.17465134222117337
2025-12-22,2025-26,CLE,CHA,1,0.6671359308682419
2025-12-22,2025-26,BOS,IND,1,0.8637081960289005
2025-12-22,2025-26,NOP,DAL,1,0.4567110280289673
2025-12-22,2025-26,DEN,UTA,1,0.881026621327401
2025-12-22,2025-26,OKC,MEM,1,0.8650698790859267
2025-12-22,2025-26,GSW,ORL,1,0.629969846348857
2025-12-22,2025-26,POR,DET,0,0.3675151404496414
2025-12-23,2025-26,CHA,WAS,1,0.6842283778701217
2025-12-23,2025-26,PHI,BKN,0,0.6683830842742826
2025-12-23,2025-26,ATL,CHI,0,0.530594993703437
2025-12-23,2025-26,CLE,NOP,1,0.7112930939147445
2025-12-23,2025-26,IND,MIL,0,0.4343725304537765
2025-12-23,2025-26,MIA,TOR,0,0.6970386725362402
2025-12-23,2025-26,DAL,DEN,1,0.31368320145876627
2025-12-23,2025-26,MIN,NYK,1,0.524667429133022
2025-12-23,2025-26,SAS,OKC,1,0.41580933673590115
2025-12-23,2025-26,PHX,LAL,1,0.5819094953117484
2025-12-23,2025-26,UTA,MEM,0,0.42244545039275533
2025-12-23,2025-26,POR,ORL,0,0.5158472423555746
2025-12-23,2025-26,SAC,DET,0,0.30307349695376956
2025-12-23,2025-26,LAC,HOU,1,0.371330479589597
2025-12-25,2025-26,NYK,CLE,1,0.5782974457637929
2025-12-25,2025-26,OKC,SAS,0,0.7225270434264518
2025-12-25,2025-26,GSW,DAL,1,0.7304070992996259
2025-12-25,2025-26,LAL,HOU,0,0.3436175814310832
2025-12-25,2025-26,DEN,MIN,1,0.6042724542190236
2025-12-26,2025-26,ATL,MIA,0,0.45994525531054425
2025-12-26,2025-26,ORL,CHA,0,0.6900948906265283
2025-12-26,2025-26,WAS,TOR,1,0.28112495891521233
2025-12-26,2025-26,IND,BOS,0,0.22282940417369954
2025-12-26,2025-26,CHI,PHI,1,0.5723459047222588
2025-12-26,2025-26,MEM,MIL,1,0.6555040214648704
2025-12-26,2025-26,NOP,PHX,0,0.32320437397300883
2025-12-26,2025-26,UTA,DET,1,0.18862566507943168
2025-12-26,2025-26,POR,LAC,0,0.416012639451952
2025-12-27,2025-26,SAC,DAL,1,0.4401158855464346
2025-12-27,2025-26,ORL,DEN,1,0.2889305212979307
2025-12-27,2025-26,NOP,PHX,0,0.34714088301999246
2025-12-27,2025-26,ATL,NYK,0,0.26436200249158653
2025-12-27,2025-26,MIA,IND,1,0.7621105238019383
2025-12-27,2025-26,CHI,MIL,0,0.674324440898815
2025-12-27,2025-26,HOU,CLE,1,0.6834884833032971
2025-12-27,2025-26,MIN,BKN,0,0.771151553516448
2025-12-27,2025-26,SAS,UTA,0,0.8789175645265022
2025-12-28,2025-26,TOR,GSW,1,0.2738301989019229
2025-12-28,2025-26,OKC,PHI,1,0.8414090447177195
2025-12-28,2025-26,WAS,MEM,1,0.25237809749136797
2025-12-28,2025-26,POR,BOS,1,0.32245584730341065
2025-12-28,2025-26,LAC,DET,1,0.5120253899530538
2025-12-28,2025-26,LAL,SAC,1,0.8330495220997829
2025-12-29,2025-26,CHA,MIL,0,0.5082958293934534
2025-12-29,2025-26,WAS,PHX,0,0.19943365585798814
2025-12-29,2025-26,BKN,GSW,0,0.4327065314093188
2025-12-29,2025-26,MIA,DEN,1,0.4195001254220869
2025-12-29,2025-26,TOR,ORL,1,0.5109114309587314
2025-12-29,2025-26,CHI,MIN,0,0.409202271896733
2025-12-29,2025-26,HOU,IND,1,0.8895817081016961
2025-12-29,2025-26,NOP,NYK,0,0.2680322650860614
2025-12-29,2025-26,OKC,ATL,1,0.868570642209696
2025-12-29,2025-26,SAS,CLE,0,0.6475368901089862
2025-12-29,2025-26,POR,DAL,1,0.527226340767387
2025-12-30,2025-26,MEM,PHI,0,0.5905055467151804
2025-12-30,2025-26,UTA,BOS,0,0.2991799267209405
2025-12-30,2025-26,LAL,DET,0,0.4302214823114763
2025-12-30,2025-26,LAC,SAC,1,0.8606101229756544
2025-12-31,2025-26,CHA,GSW,0,0.2946973907561216
2025-12-31,2025-26,ATL,MIN,1,0.3309718678812378
2025-12-31,2025-26,IND,ORL,0,0.39254987315224726
2025-12-31,2025-26,CLE,PHX,1,0.616493390900236
2025-12-31,2025-26,CHI,NOP,1,0.6201108336644475
2025-12-31,2025-26,SAS,NYK,1,0.5766768375698088
2025-12-31,2025-26,TOR,DEN,0,0.3688466768442678
2025-12-31,2025-26,MIL,WAS,0,0.7871786367228892
2025-12-31,2025-26,OKC,POR,1,0.8605080331718381
2026-01-01,2025-26,BKN,HOU,0,0.2860666023395529
2026-01-01,2025-26,DET,MIA,0,0.6096460112778167
2026-01-01,2025-26,DAL,PHI,0,0.4633330795386179
2026-01-01,2025-26,SAC,BOS,0,0.2061986678012305
2026-01-01,2025-26,LAC,UTA,1,0.8172173873795566
2026-01-02,2025-26,IND,SAS,0,0.24204026634036996
2026-01-02,2025-26,WAS,BKN,1,0.5744446492770705
2026-01-02,2025-26,CLE,DEN,1,0.6142957876568023
2026-01-02,2025-26,NYK,ATL,0,0.7296334383041738
2026-01-02,2025-26,CHI,ORL,1,0.4854358099526996
2026-01-02,2025-26,MIL,CHA,1,0.6253732833787102
2026-01-02,2025-26,NOP,POR,0,0.4830912430234347
2026-01-02,2025-26,PHX,SAC,1,0.8633720274102703
2026-01-02,2025-26,GSW,OKC,0,0.3654695349127669
2026-01-02,2025-26,LAL,MEM,1,0.518937883260851
2026-01-03,2025-26,MIA,MIN,0,0.5196000232114923
2026-01-03,2025-26,NYK,PHI,0,0.5897760679606772
2026-01-03,2025-26,TOR,ATL,1,0.6065431013885497
2026-01-03,2025-26,CHI,CHA,0,0.6593896602806127
2026-01-03,2025-26,SAS,POR,0,0.7832299612252059
2026-01-03,2025-26,DAL,HOU,1,0.24098534064290283
2026-01-03,2025-26,GSW,UTA,1,0.7124501974696466
2026-01-03,2025-26,LAC,BOS,0,0.5692774098641367
2026-01-04,2025-26,CLE,DET,0,0.5132018051120609
2026-01-04,2025-26,ORL,IND,1,0.7242258697869215
2026-01-04,2025-26,BKN,DEN,1,0.31085104879451286
2026-01-04,2025-26,MIA,NOP,1,0.771736663859638
2026-01-04,2025-26,WAS,MIN,0,0.2870720302640038
2026-01-04,2025-26,PHX,OKC,1,0.272365491361694
2026-01-04,2025-26,SAC,MIL,0,0.3447552208536855
2026-01-04,2025-26,LAL,MEM,1,0.5477590484840494
2026-01-05,2025-26,DET,NYK,1,0.5029064092509139
2026-01-05,2025-26,BOS,CHI,1,0.7873798631248932
2026-01-05,2025-26,TOR,ATL,1,0.5996271201958736
2026-01-05,2025-26,HOU,PHX,1,0.7239074591580074
2026-01-05,2025-26,OKC,CHA,0,0.8575889136080973
2026-01-05,2025-26,PHI,DEN,0,0.6321799364747365
2026-01-05,2025-26,LAC,GSW,1,0.5048528439909244
2026-01-05,2025-26,POR,UTA,1,0.6625747449172152
2026-01-06,2025-26,IND,CLE,0,0.3174856246330023
2026-01-06,2025-26,WAS,ORL,1,0.3108917879162005
2026-01-06,2025-26,MEM,SAS,1,0.3998888132616987
2026-01-06,2025-26,MIN,MIA,1,0.5999771456354804
2026-01-06,2025-26,NOP,LAL,0,0.3604017880144986
2026-01-06,2025-26,SAC,DAL,0,0.35900227048007777
2026-01-07,2025-26,CHA,TOR,0,0.5071256294154312
2026-01-07,2025-26,DET,CHI,1,0.7449911727563908
2026-01-07,2025-26,PHI,WAS,1,0.8403021167956739
2026-01-07,2025-26,ATL,NOP,1,0.7629949562274653
2026-01-07,2025-26,BOS,DEN,0,0.7140628741630223
2026-01-07,2025-26,BKN,ORL,0,0.6213875756709043
2026-01-07,2025-26,NYK,LAC,1,0.5356581551792232
2026-01-07,2025-26,SAS,LAL,1,0.7018395871148408
2026-01-07,2025-26,MEM,PHX,0,0.3996989197236818
2026-01-07,2025-26,OKC,UTA,1,0.9037641551948715
2026-01-07,2025-26,GSW,MIL,1,0.7145865858195369
2026-01-07,2025-26,POR,HOU,1,0.29381694666114916
2026-01-08,2025-26,CHA,IND,0,0.6445848240911157
2026-01-08,2025-26,MIN,CLE,1,0.5988277003518009
2026-01-08,2025-26,UTA,DAL,1,0.41108645319571185
2026-01-09,2025-26,BOS,TOR,1,0.718768346525752
2026-01-09,2025-26,ORL,PHI,0,0.5250143554443262
2026-01-09,2025-26,WAS,NOP,0,0.4876573442294267
2026-01-09,2025-26,BKN,LAC,0,0.4078350738923696
2026-01-09,2025-26,MEM,OKC,0,0.22898517853716932
2026-01-09,2025-26,DEN,ATL,0,0.652551008596129
2026-01-09,2025-26,PHX,NYK,1,0.5497090480856994
2026-01-09,2025-26,GSW,SAC,1,0.8817542985215284
2026-01-09,2025-26,POR,HOU,1,0.3440246067430323
2026-01-09,2025-26,LAL,MIL,0,0.5562569746179246
2026-01-10,2025-26,CLE,MIN,1,0.4981965871566743
2026-01-10,2025-26,IND,MIA,1,0.32025207458587795
2026-01-10,2025-26,DET,LAC,0,0.6980549040274775
2026-01-10,2025-26,BOS,SAS,0,0.5602064835825903
2026-01-10,2025-26,CHI,DAL,1,0.5562545333228832
2026-01-10,2025-26,UTA,CHA,0,0.43515810580645087
2026-01-11,2025-26,ORL,NOP,1,0.7155779009315749
2026-01-11,2025-26,MEM,BKN,1,0.6316464285938437
2026-01-11,2025-26,TOR,PHI,1,0.4212758393627074
2026-01-11,2025-26,POR,NYK,0,0.47577780524520424
2026-01-11,2025-26,MIN,SAS,1,0.5678614822524615
2026-01-11,2025-26,OKC,MIA,1,0.833677401973574
2026-01-11,2025-26,DEN,MIL,1,0.6449540119585768
2026-01-11,2025-26,PHX,WAS,1,0.9010210043314925
2026-01-11,2025-26,GSW,ATL,0,0.6662854979855998
2026-01-11,2025-26,SAC,HOU,1,0.15195617125499997
2026-01-12,2025-26,CLE,UTA,0,0.894839409776428
2026-01-12,2025-26,IND,BOS,1,0.2742394971601319
2026-01-12,2025-26,TOR,PHI,0,0.4822134044416738
2026-01-12,2025-26,DAL,BKN,1,0.6744386403360566
2026-01-12,2025-26,SAC,LAL,1,0.23688680316527003
2026-01-12,2025-26,LAC,CHA,1,0.6698273108564236
2026-01-13,2025-26,MIA,PHX,1,0.43201992460326033
2026-01-13,2025-26,HOU,CHI,1,0.7986571992984021
2026-01-13,2025-26,MIL,MIN,0,0.37703867453496465
2026-01-13,2025-26,NOP,DEN,0,0.2900164334735444
2026-01-13,2025-26,OKC,SAS,1,0.7101047679791587
2026-01-13,2025-26,LAL,ATL,1,0.40762627703626525
2026-01-13,2025-26,GSW,POR,1,0.6430157899355774
2026-01-14,2025-26,IND,TOR,0,0.5016874368168255
2026-01-14,2025-26,PHI,CLE,0,0.5178745642045948
2026-01-14,2025-26,CHI,UTA,1,0.6106238804629354
2026-01-14,2025-26,NOP,BKN,1,0.45213296008729453
2026-01-14,2025-26,DAL,DEN,0,0.40984607461252964
2026-01-14,2025-26,SAC,NYK,1,0.22365648577907207
2026-01-14,2025-26,LAC,WAS,1,0.8929520682308794
2026-01-15,2025-26,DET,PHX,1,0.6130135490697494
2026-01-15,2025-26,MIA,BOS,0,0.39367380524622303
2026-01-15,2025-26,HOU,OKC,0,0.3821856893121261
2026-01-15,2025-26,SAS,MIL,1,0.7763332433960155
2026-01-15,2025-26,DAL,UTA,1,0.7537996477164882
2026-01-15,2025-26,GSW,NYK,1,0.6578147835736406
2026-01-15,2025-26,POR,ATL,1,0.537486569524175
2026-01-15,2025-26,LAL,CHA,0,0.5326669533143354
2026-01-16,2025-26,BKN,CHI,1,0.49170282477004745
2026-01-16,2025-26,IND,NOP,1,0.6305219049247278
2026-01-16,2025-26,PHI,CLE,0,0.47814876217974106
2026-01-16,2025-26,TOR,LAC,0,0.37199793257411623
2026-01-16,2025-26,HOU,MIN,1,0.49506043642464276
2026-01-16,2025-26,SAC,WAS,1,0.7127171587228908
2026-01-17,2025-26,DAL,UTA,1,0.7287648928996644
2026-01-17,2025-26,ATL,BOS,0,0.3815892336768646
2026-01-17,2025-26,DET,IND,1,0.8545138482203084
2026-01-17,2025-26,NYK,PHX,0,0.5683711548904057
2026-01-17,2025-26,MIA,OKC,1,0.2409611003410173
2026-01-17,2025-26,SAS,MIN,1,0.5893961919854017
2026-01-17,2025-26,GSW,CHA,1,0.7034186214058425
2026-01-17,2025-26,DEN,WAS,1,0.900272445116229
2026-01-17,2025-26,POR,LAL,1,0.5794812528116606
2026-01-18,2025-26,CHI,BKN,1,0.6123604928845658
2026-01-18,2025-26,HOU,NOP,1,0.8605105915199684
2026-01-18,2025-26,DEN,CHA,0,0.6382281686261356
2026-01-18,2025-26,SAC,POR,0,0.4839376983260417
2026-01-18,2025-26,LAL,TOR,1,0.48443794410671687
2026-01-19,2025-26,ATL,MIL,0,0.5630493543608546
2026-01-19,2025-26,CLE,OKC,0,0.3325876013745333
2026-01-19,2025-26,NYK,DAL,0,0.7598604667238524
2026-01-19,2025-26,DET,BOS,1,0.557057781568906
2026-01-19,2025-26,WAS,LAC,0,0.23589808726858408
2026-01-19,2025-26,PHI,IND,1,0.8266630569412071
2026-01-19,2025-26,BKN,PHX,0,0.1950445788708485
2026-01-19,2025-26,SAS,UTA,1,0.9197589419353633
2026-01-19,2025-26,GSW,MIA,1,0.653849858719437
2026-01-20,2025-26,PHI,PHX,0,0.48210871922443976
2026-01-20,2025-26,CHI,LAC,1,0.5274940368875484
2026-01-20,2025-26,HOU,SAS,1,0.6517192353525301
2026-01-20,2025-26,UTA,MIN,1,0.15488754720094683
2026-01-20,2025-26,DEN,LAL,0,0.5594185191288756
2026-01-20,2025-26,GSW,TOR,0,0.7191201497610098
2026-01-20,2025-26,SAC,MIA,0,0.4501779029411218
2026-01-21,2025-26,CHA,CLE,0,0.5046668579317933
2026-01-21,2025-26,BOS,IND,1,0.8478993215698005
2026-01-21,2025-26,NYK,BKN,1,0.7487702499689034
2026-01-21,2025-26,MEM,ATL,0,0.6188728725629083
2026-01-21,2025-26,NOP,DET,0,0.19807174029272945
2026-01-21,2025-26,MIL,OKC,0,0.1798352504443159
2026-01-21,2025-26,SAC,TOR,0,0.44708250812274325
2026-01-22,2025-26,ORL,CHA,0,0.5915630889348849
2026-01-22,2025-26,PHI,HOU,1,0.3957225157186816
2026-01-22,2025-26,WAS,DEN,0,0.2838898034091033
2026-01-22,2025-26,DAL,GSW,1,0.3311391050828491
2026-01-22,2025-26,MIN,CHI,0,0.7231128158489604
2026-01-22,2025-26,UTA,SAS,0,0.19884564221146517
2026-01-22,2025-26,LAC,LAL,1,0.4881772120366059
2026-01-22,2025-26,POR,MIA,1,0.5368683603983742
2026-01-23,2025-26,DET,HOU,0,0.6610388727122791
2026-01-23,2025-26,ATL,PHX,1,0.3861485927636882
2026-01-23,2025-26,BKN,BOS,0,0.20493225422184969
2026-01-23,2025-26,CLE,SAC,1,0.8227691846333887
2026-01-23,2025-26,MEM,NOP,0,0.7156445299848533
2026-01-23,2025-26,MIL,DEN,0,0.4814168751283638
2026-01-23,2025-26,OKC,IND,0,0.927159430298376
2026-01-23,2025-26,POR,TOR,0,0.5839327211343975
2026-01-24,2025-26,PHI,NYK,0,0.5463394677562368
2026-01-24,2025-26,CHA,WAS,1,0.8325889245213264
2026-01-24,2025-26,ORL,CLE,0,0.4322044172648839
2026-01-24,2025-26,CHI,BOS,1,0.4887041500024162
2026-01-24,2025-26,DAL,LAL,0,0.4183745169749694
2026-01-24,2025-26,UTA,MIA,0,0.2988666002263889
2026-01-25,2025-26,MIN,GSW,0,0.5889608829265296
2026-01-25,2025-26,DET,SAC,1,0.8436907110131087
2026-01-25,2025-26,OKC,TOR,0,0.8195333102217922
2026-01-25,2025-26,SAS,NOP,0,0.8152768721785633
2026-01-25,2025-26,PHX,MIA,0,0.7063481079840696
2026-01-25,2025-26,LAC,BKN,1,0.7963367313442465
2026-01-26,2025-26,CHA,PHI,1,0.5608395326961687
2026-01-26,2025-26,CLE,ORL,1,0.7251113599041804
2026-01-26,2025-26,ATL,IND,1,0.6668985593822977
2026-01-26,2025-26,BOS,POR,1,0.7093522454607666
2026-01-26,2025-26,CHI,LAL,0,0.5100170163227562
2026-01-26,2025-26,HOU,MEM,1,0.7691292404486127
2026-01-26,2025-26,MIN,GSW,1,0.5410122057980602
2026-01-27,2025-26,WAS,POR,1,0.28865193688011814
2026-01-27,2025-26,NYK,SAC,1,0.8190430769666031
2026-01-27,2025-26,PHI,MIL,1,0.5498371950205035
2026-01-27,2025-26,OKC,NOP,1,0.9005469641382942
2026-01-27,2025-26,DEN,DET,0,0.40876451820070436
2026-01-27,2025-26,PHX,BKN,1,0.7793163516933531
2026-01-27,2025-26,UTA,LAC,0,0.2214141814947761
2026-01-28,2025-26,CLE,LAL,1,0.6165706673394731
2026-01-28,2025-26,IND,CHI,1,0.41549682232855134
2026-01-28,2025-26,BOS,ATL,0,0.7304150945716685
2026-01-28,2025-26,MIA,ORL,0,0.7054639254591247
2026-01-28,2025-26,TOR,NYK,0,0.5888616424605283
2026-01-28,2025-26,MEM,CHA,0,0.40985541824783617
2026-01-28,2025-26,DAL,MIN,0,0.34206509216470704
2026-01-28,2025-26,UTA,GSW,0,0.27497941101007145
2026-01-28,2025-26,HOU,SAS,0,0.5947379802667688
2026-01-29,2025-26,CHI,MIA,0,0.5142077197349268
2026-01-29,2025-26,PHI,SAC,1,0.7786153675629602
2026-01-29,2025-26,WAS,MIL,1,0.4009718643079179
2026-01-29,2025-26,ATL,HOU,0,0.4382246134120644
2026-01-29,2025-26,DAL,CHA,0,0.39945667444531563
2026-01-29,2025-26,DEN,BKN,1,0.7348856869884112
2026-01-29,2025-26,PHX,DET,1,0.424188763851618
2026-01-29,2025-26,MIN,OKC,1,0.32279366297099954
2026-01-30,2025-26,ORL,TOR,1,0.5197804569331675
2026-01-30,2025-26,WAS,LAL,0,0.2349444086548566
2026-01-30,2025-26,BOS,SAC,1,0.8823373098112205
2026-01-30,2025-26,NYK,POR,1,0.6663186572541187
2026-01-30,2025-26,NOP,MEM,1,0.5347569876766933
2026-01-30,2025-26,PHX,CLE,1,0.38707259345295325
2026-01-30,2025-26,UTA,BKN,0,0.6499419522184531
2026-01-30,2025-26,DEN,LAC,1,0.4279240053518944
2026-01-30,2025-26,GSW,DET,0,0.6193505186175946
2026-01-31,2025-26,MIA,CHI,0,0.6256202334091764
2026-01-31,2025-26,CHA,SAS,1,0.5134047198621734
2026-01-31,2025-26,IND,ATL,1,0.42797920944859347
2026-01-31,2025-26,PHI,NOP,1,0.7601430396719122
2026-01-31,2025-26,MEM,MIN,0,0.26646479648021487
2026-01-31,2025-26,HOU,DAL,1,0.7935489565459246
2026-02-01,2025-26,BOS,MIL,1,0.8447203201373735
2026-02-01,2025-26,SAS,ORL,1,0.6760756711467029
2026-02-01,2025-26,DET,BKN,1,0.8747040036813885
2026-02-01,2025-26,MIA,CHI,1,0.6130429576112248
2026-02-01,2025-26,TOR,UTA,1,0.8548754362886419
2026-02-01,2025-26,WAS,SAC,1,0.39482354100822675
2026-02-01,2025-26,NYK,LAL,1,0.671312242983339
2026-02-01,2025-26,PHX,LAC,0,0.5698812846694348
2026-02-01,2025-26,POR,CLE,0,0.39329126550639254
2026-02-01,2025-26,DEN,OKC,0,0.3038204087173581
2026-02-02,2025-26,CHA,NOP,1,0.782290532459673
2026-02-02,2025-26,IND,HOU,0,0.27466985247046777
2026-02-02,2025-26,MEM,MIN,1,0.27690565847271664
2026-02-02,2025-26,LAC,PHI,0,0.5802328887893055
2026-02-03,2025-26,DET,DEN,1,0.6783558301705689
2026-02-03,2025-26,IND,UTA,0,0.5801756398428259
2026-02-03,2025-26,WAS,NYK,0,0.17021040411584967
2026-02-03,2025-26,BKN,LAL,0,0.24345043206508932
2026-02-03,2025-26,MIA,ATL,0,0.6228794939570681
2026-02-03,2025-26,DAL,BOS,0,0.31981792132251036
2026-02-03,2025-26,MIL,CHI,1,0.4913901846377719
2026-02-03,2025-26,OKC,ORL,1,0.850115966443343
2026-02-03,2025-26,GSW,PHI,0,0.7319355259281769
2026-02-03,2025-26,POR,PHX,0,0.4044481383163541
2026-02-04,2025-26,NYK,DEN,1,0.6402009560457287
2026-02-04,2025-26,TOR,MIN,0,0.4169739673992304
2026-02-04,2025-26,HOU,BOS,0,0.5764601540871978
2026-02-04,2025-26,MIL,NOP,1,0.47464107971085145
2026-02-04,2025-26,SAS,OKC,1,0.4259033343117895
2026-02-04,2025-26,SAC,MEM,0,0.44826867090226313
2026-02-04,2025-26,LAC,CLE,0,0.4293454507403321
2026-02-05,2025-26,DET,WAS,0,0.9198981716791036
2026-02-05,2025-26,ORL,BKN,1,0.7050088559630608
2026-02-05,2025-26,ATL,UTA,1,0.7647075250891102
2026-02-05,2025-26,TOR,CHI,1,0.6878892443786369
2026-02-05,2025-26,HOU,CHA,0,0.5006989116759128
2026-02-05,2025-26,DAL,SAS,0,0.3725166096835759
2026-02-05,2025-26,PHX,GSW,0,0.5749691756011637
2026-02-05,2025-26,LAL,PHI,1,0.5911724247035635
2026-02-06,2025-26,BOS,MIA,1,0.7724138725582327
2026-02-06,2025-26,DET,NYK,1,0.5212492227687973
2026-02-06,2025-26,MIL,IND,1,0.7097048334804658
2026-02-06,2025-26,MIN,NOP,0,0.794454436852751
2026-02-06,2025-26,POR,MEM,1,0.5843152133937833
2026-02-06,2025-26,SAC,LAC,0,0.32614816239423755
2026-02-07,2025-26,BKN,WAS,1,0.6311338964104761
2026-02-07,2025-26,OKC,HOU,0,0.7394909769863055
2026-02-07,2025-26,SAS,DAL,1,0.7710927843628538
2026-02-07,2025-26,ORL,UTA,1,0.7353236456609735
2026-02-07,2025-26,ATL,CHA,0,0.378272330895479
2026-02-07,2025-26,CHI,DEN,0,0.3083333840264624
2026-02-07,2025-26,LAL,GSW,1,0.5706270066927539
2026-02-07,2025-26,PHX,PHI,0,0.5315422495554226
2026-02-07,2025-26,POR,MEM,1,0.7240591397928651
2026-02-07,2025-26,SAC,CLE,0,0.15827375528796
2026-02-08,2025-26,BOS,NYK,0,0.6998201380711756
2026-02-08,2025-26,WAS,MIA,0,0.2021652240840423
2026-02-08,2025-26,TOR,IND,1,0.6999344490585738
2026-02-08,2025-26,MIN,LAC,0,0.6392309988477578
2026-02-09,2025-26,CHA,DET,0,0.48462980217991636
2026-02-09,2025-26,BKN,CHI,1,0.5463140042411269
2026-02-09,2025-26,MIA,UTA,0,0.7385954130112214
2026-02-09,2025-26,ORL,MIL,1,0.6125130098187952
2026-02-09,2025-26,MIN,ATL,1,0.6033586554392818
2026-02-09,2025-26,NOP,SAC,1,0.6833785365092044
2026-02-09,2025-26,DEN,CLE,0,0.5029083716275441
2026-02-09,2025-26,GSW,MEM,1,0.8117659464255196
2026-02-09,2025-26,LAL,OKC,0,0.40009162920090074
2026-02-09,2025-26,POR,PHI,1,0.4140596364638696
2026-02-10,2025-26,NYK,IND,0,0.8043337398899825
2026-02-10,2025-26,HOU,LAC,1,0.6546784376883193
2026-02-10,2025-26,PHX,DAL,1,0.7836905873015675
2026-02-10,2025-26,LAL,SAS,0,0.4503403478954025
2026-02-11,2025-26,CHA,ATL,1,0.7978332923172118
2026-02-11,2025-26,CLE,WAS,1,0.9204351810479025
2026-02-11,2025-26,ORL,MIL,0,0.7156868889947745
2026-02-11,2025-26,BOS,CHI,1,0.854995852800343
2026-02-11,2025-26,BKN,IND,0,0.4389083278157601
2026-02-11,2025-26,PHI,NYK,0,0.49564590035984857
2026-02-11,2025-26,TOR,DET,0,0.3438793172974698
2026-02-11,2025-26,HOU,LAC,0,0.7072984703472037
2026-02-11,2025-26,MIN,POR,1,0.6090093553469849
2026-02-11,2025-26,NOP,MIA,0,0.4339126243950077
2026-02-11,2025-26,PHX,OKC,0,0.35181417776843354
2026-02-11,2025-26,UTA,SAC,1,0.6861231965573119
2026-02-11,2025-26,DEN,MEM,1,0.7977197313222965
2026-02-11,2025-26,GSW,SAS,0,0.51104717272477
2026-02-12,2025-26,OKC,MIL,0,0.8615786720537479
2026-02-12,2025-26,UTA,POR,0,0.43057184639755713
2026-02-12,2025-26,LAL,DAL,1,0.6334128561953742
2026-02-19,2025-26,CHA,HOU,0,0.5833239084672366
2026-02-19,2025-26,CLE,BKN,1,0.9171448672750935
2026-02-19,2025-26,PHI,ATL,0,0.5433035594353018
2026-02-19,2025-26,WAS,IND,1,0.5164717025336081
2026-02-19,2025-26,NYK,DET,0,0.5053244643652821
2026-02-19,2025-26,CHI,TOR,0,0.3067425187758091
2026-02-19,2025-26,SAS,PHX,1,0.7320937980184276
2026-02-19,2025-26,GSW,BOS,0,0.43625259721377807
2026-02-19,2025-26,SAC,ORL,0,0.22687382362937855
2026-02-19,2025-26,LAC,DEN,1,0.48943772502969085
2026-02-20,2025-26,CHA,CLE,0,0.4751250816588237
2026-02-20,2025-26,WAS,IND,1,0.45884550319800077
2026-02-20,2025-26,MEM,UTA,1,0.7103403478489081
2026-02-20,2025-26,ATL,MIA,0,0.4237170712919381
2026-02-20,2025-26,MIN,DAL,1,0.777278104676578
2026-02-20,2025-26,NOP,MIL,0,0.5581125881398321
2026-02-20,2025-26,OKC,BKN,1,0.9300154465039703
2026-02-20,2025-26,LAL,LAC,1,0.6347656058391967
2026-02-20,2025-26,POR,DEN,0,0.5046443312435398
2026-02-21,2025-26,PHX,ORL,1,0.5895322783430985
2026-02-21,2025-26,NOP,PHI,1,0.38753611825207207
2026-02-21,2025-26,MIA,MEM,1,0.7705132528160321
2026-02-21,2025-26,CHI,DET,0,0.16086927732394632
2026-02-21,2025-26,SAS,SAC,1,0.9334624721170912
2026-02-21,2025-26,NYK,HOU,1,0.5973301000807887
2026-02-22,2025-26,OKC,CLE,1,0.5519713290926831
2026-02-22,2025-26,ATL,BKN,1,0.7344834998415332
2026-02-22,2025-26,MIL,TOR,0,0.4421699986186893
2026-02-22,2025-26,GSW,DEN,1,0.4422223347320789
2026-02-22,2025-26,IND,DAL,0,0.42469682947566756
2026-02-22,2025-26,WAS,CHA,0,0.23428965208947947
2026-02-22,2025-26,LAL,BOS,0,0.47526453170060307
2026-02-22,2025-26,MIN,PHI,0,0.773161537149244
2026-02-22,2025-26,CHI,NYK,0,0.23286274821024572
2026-02-22,2025-26,PHX,POR,0,0.5945803000575983
2026-02-22,2025-26,LAC,ORL,0,0.7414371167500987
2026-02-23,2025-26,DET,SAS,0,0.6154991463692845
2026-02-23,2025-26,MEM,SAC,0,0.7494550089622943
2026-02-23,2025-26,HOU,UTA,1,0.8714699988482629
2026-02-24,2025-26,IND,PHI,0,0.3930464546365995
2026-02-24,2025-26,ATL,WAS,1,0.766827858573908
2026-02-24,2025-26,BKN,DAL,0,0.46040661958519374
2026-02-24,2025-26,TOR,OKC,0,0.345896172145542
2026-02-24,2025-26,CLE,NYK,1,0.5944240482657845
2026-02-24,2025-26,CHI,CHA,0,0.2587814817814406
2026-02-24,2025-26,MIL,MIA,1,0.39509880815022674
2026-02-24,2025-26,NOP,GSW,1,0.39559177144672375
2026-02-24,2025-26,PHX,BOS,0,0.2774321459928556
2026-02-24,2025-26,LAL,ORL,0,0.6516961783355123
2026-02-24,2025-26,POR,MIN,0,0.5159971631886947
2026-02-25,2025-26,DET,OKC,1,0.6054189195863008
2026-02-25,2025-26,TOR,SAS,0,0.33094657218784745
2026-02-25,2025-26,MEM,GSW,0,0.353887296242361
2026-02-25,2025-26,HOU,SAC,1,0.905337677498689
2026-02-25,2025-26,MIL,CLE,1,0.31151123090936317
2026-02-25,2025-26,DEN,BOS,1,0.5787323705597774
2026-02-26,2025-26,IND,CHA,0,0.18072786423193518
2026-02-26,2025-26,PHI,MIA,1,0.49225121528671656
2026-02-26,2025-26,ATL,WAS,1,0.7916340626528419
2026-02-26,2025-26,BKN,SAS,0,0.18407883930378904
2026-02-26,2025-26,ORL,HOU,0,0.4605365175051161
2026-02-26,2025-26,CHI,POR,0,0.35963929205188105
2026-02-26,2025-26,DAL,SAC,0,0.8040343782902372
2026-02-26,2025-26,PHX,LAL,1,0.3940283427793592
2026-02-26,2025-26,UTA,NOP,0,0.45094714499207167
2026-02-26,2025-26,LAC,MIN,0,0.6139280844175198
2026-02-27,2025-26,DET,CLE,1,0.645125378641159
2026-02-27,2025-26,BOS,BKN,1,0.9181503697378501
2026-02-27,2025-26,MIL,NYK,0,0.3722360550447409
2026-02-27,2025-26,DAL,MEM,0,0.591775533900422
2026-02-27,2025-26,OKC,DEN,1,0.5874266478277391
2026-02-28,2025-26,CHA,POR,1,0.7662714635211552
2026-02-28,2025-26,MIA,HOU,1,0.43842964548660757
2026-02-28,2025-26,WAS,TOR,0,0.16745338470712232
2026-02-28,2025-26,GSW,LAL,0,0.549727950588947
2026-02-28,2025-26,UTA,NOP,0,0.3430383594405798
2026-03-01,2025-26,NYK,SAS,1,0.4853077230304053
2026-03-01,2025-26,BKN,CLE,0,0.16126054142934682
2026-03-01,2025-26,CHI,MIL,1,0.38512489221001106
2026-03-01,2025-26,DEN,MIN,0,0.681471797914657
2026-03-01,2025-26,IND,MEM,0,0.5301789405895969
2026-03-01,2025-26,ATL,POR,1,0.6499606124039768
2026-03-01,2025-26,BOS,PHI,1,0.6875469141808583
2026-03-01,2025-26,ORL,DET,0,0.3324943041448219
2026-03-01,2025-26,DAL,OKC,0,0.12148972843453874
2026-03-01,2025-26,LAC,NOP,1,0.7582008220956125
2026-03-01,2025-26,LAL,SAC,1,0.8502182180921252
2026-03-02,2025-26,WAS,HOU,0,0.14433552449821668
2026-03-02,2025-26,MIL,BOS,0,0.24374331553643394
2026-03-02,2025-26,UTA,DEN,0,0.1856454716730917
2026-03-02,2025-26,GSW,LAC,0,0.5706198274054737
2026-03-03,2025-26,CHA,DAL,1,0.8514663214012412
2026-03-03,2025-26,CLE,DET,1,0.47360648292044333
2026-03-03,2025-26,ORL,WAS,1,0.8360590534971833
2026-03-03,2025-26,MIA,BKN,1,0.7971721407063334
2026-03-03,2025-26,TOR,NYK,0,0.4486927508373116
2026-03-03,2025-26,PHI,SAS,0,0.36416056915876227
2026-03-03,2025-26,CHI,OKC,0,0.1417376977663504
2026-03-03,2025-26,MIN,MEM,1,0.8109376149922106
2026-03-03,2025-26,LAL,NOP,1,0.7603802791535482
2026-03-03,2025-26,SAC,PHX,0,0.2503752972625523
2026-03-04,2025-26,NYK,OKC,0,0.5416255549600784
2026-03-04,2025-26,BOS,CHA,0,0.7429567773769625
2026-03-04,2025-26,PHI,UTA,1,0.7214907563145317
2026-03-04,2025-26,MEM,POR,0,0.4164064392110766
2026-03-04,2025-26,MIL,ATL,0,0.4564292220293022
2026-03-04,2025-26,LAC,IND,1,0.8768085004227963
2026-03-05,2025-26,ORL,DAL,1,0.7284382865150439
2026-03-05,2025-26,WAS,UTA,0,0.6272425013832007
2026-03-05,2025-26,MIA,BKN,1,0.8329740198029725
2026-03-05,2025-26,HOU,GSW,0,0.7091493077035828
2026-03-05,2025-26,MIN,TOR,1,0.5945177812100327
2026-03-05,2025-26,SAS,DET,1,0.5262001549484436
2026-03-05,2025-26,PHX,CHI,0,0.7420720860158112
2026-03-05,2025-26,DEN,LAL,1,0.568160815889463
2026-03-05,2025-26,SAC,NOP,0,0.29116618608708794
2026-03-06,2025-26,BOS,DAL,1,0.8702950541298777
2026-03-06,2025-26,CHA,MIA,0,0.7301585550896175
2026-03-06,2025-26,HOU,POR,1,0.7018451388093947
2026-03-06,2025-26,DEN,NYK,0,0.4001481276526435
2026-03-06,2025-26,PHX,NOP,1,0.6964673311270397
2026-03-06,2025-26,SAS,LAC,1,0.6611745644045801
2026-03-06,2025-26,LAL,IND,1,0.81371325635091
2026-03-07,2025-26,MIN,ORL,0,0.6294423543064119
2026-03-07,2025-26,DET,BKN,0,0.913579110931397
2026-03-07,2025-26,ATL,PHI,1,0.7108722987270937
2026-03-07,2025-26,MEM,LAC,0,0.2830922928080459
2026-03-07,2025-26,MIL,UTA,1,0.7346616608383921
2026-03-07,2025-26,OKC,GSW,1,0.8257897835491883
2026-03-08,2025-26,CLE,BOS,0,0.5624490156646331
2026-03-08,2025-26,LAL,NYK,1,0.40347677444726504
2026-03-08,2025-26,MIA,DET,1,0.48063014406092897
2026-03-08,2025-26,TOR,DAL,1,0.7571348360523338
2026-03-08,2025-26,NOP,WAS,1,0.7759317189834141
2026-03-08,2025-26,MIL,ORL,0,0.44980773785346045
2026-03-08,2025-26,SAS,HOU,1,0.6724755346305533
2026-03-08,2025-26,PHX,CHA,1,0.3390871199590189
2026-03-08,2025-26,POR,IND,1,0.704713945706669
2026-03-08,2025-26,SAC,CHI,1,0.3495513296688104
2026-03-09,2025-26,CLE,PHI,1,0.7600554383379814
2026-03-09,2025-26,BKN,MEM,1,0.5015647183454417
2026-03-09,2025-26,OKC,DEN,1,0.7103029479300003
2026-03-09,2025-26,UTA,GSW,1,0.2649821819397009
2026-03-09,2025-26,LAC,NYK,1,0.46384429398476035
2026-03-10,2025-26,PHI,MEM,1,0.6544283130213842
2026-03-10,2025-26,BKN,DET,0,0.10968393102219924
2026-03-10,2025-26,MIA,WAS,1,0.9087879827684059
2026-03-10,2025-26,ATL,DAL,1,0.7695205267945294
2026-03-10,2025-26,HOU,TOR,1,0.6045816187516126
2026-03-10,2025-26,MIL,PHX,0,0.31536070737404504
2026-03-10,2025-26,SAS,BOS,1,0.5624845453602171
2026-03-10,2025-26,GSW,CHI,0,0.646866307036107
2026-03-10,2025-26,POR,CHA,0,0.3157009911020809
2026-03-10,2025-26,SAC,IND,1,0.4724818378741774
2026-03-10,2025-26,LAL,MIN,1,0.6533234148726709
2026-03-11,2025-26,ORL,CLE,1,0.46683018873305865
2026-03-11,2025-26,NOP,TOR,1,0.4965987254501411
2026-03-11,2025-26,UTA,NYK,0,0.12849835106570756
2026-03-11,2025-26,DEN,HOU,1,0.6483498410849752
2026-03-11,2025-26,SAC,CHA,0,0.1384727321064305
2026-03-11,2025-26,LAC,MIN,1,0.7237430264866934
2026-03-12,2025-26,DET,PHI,1,0.8079528833205851
2026-03-12,2025-26,IND,PHX,0,0.18341888246215116
2026-03-12,2025-26,ORL,WAS,1,0.8907036126326932
2026-03-12,2025-26,ATL,BKN,1,0.826963735721757
2026-03-12,2025-26,MIA,MIL,1,0.7758386571942691
2026-03-12,2025-26,SAS,DEN,0,0.7443640477479072
2026-03-12,2025-26,OKC,BOS,1,0.6665257255026009
2026-03-12,2025-26,LAL,CHI,1,0.8079128789292109
2026-03-12,2025-26,MEM,DAL,0,0.5209406108971579
2026-03-13,2025-26,DET,MEM,1,0.9140636428504442
2026-03-13,2025-26,IND,NYK,0,0.08299158509564526
2026-03-13,2025-26,TOR,PHX,1,0.6266267258822181
2026-03-13,2025-26,HOU,NOP,1,0.6937999039769445
2026-03-13,2025-26,DAL,CLE,0,0.17996929400044928
2026-03-13,2025-26,GSW,MIN,0,0.4782952133970067
2026-03-13,2025-26,POR,UTA,1,0.8177390945811956
2026-03-13,2025-26,LAC,CHI,1,0.8602121830066849
2026-03-14,2025-26,PHI,BKN,1,0.7186483441780914
2026-03-14,2025-26,ATL,MIL,1,0.6799831694979592
2026-03-14,2025-26,BOS,WAS,1,0.9216670988041687
2026-03-14,2025-26,MIA,ORL,0,0.609501359885285
2026-03-14,2025-26,SAS,CHA,1,0.585075656556339
2026-03-14,2025-26,LAL,DEN,1,0.5279343038218278
2026-03-14,2025-26,LAC,SAC,0,0.8962801806962707
2026-03-15,2025-26,OKC,MIN,1,0.8065174361840108
2026-03-15,2025-26,CLE,DAL,0,0.8681403160954896
2026-03-15,2025-26,TOR,DET,1,0.41305318756017867
2026-03-15,2025-26,MIL,IND,1,0.5947324696403382
2026-03-15,2025-26,PHI,POR,1,0.4525150201715786
2026-03-15,2025-26,NYK,GSW,1,0.7790851850394299
2026-03-15,2025-26,SAC,UTA,1,0.5182032440349156
2026-03-16,2025-26,ATL,ORL,1,0.5095577714289263
2026-03-16,2025-26,WAS,GSW,0,0.36064264548500524
2026-03-16,2025-26,BKN,POR,0,0.3910119108632404
2026-03-16,2025-26,BOS,PHX,1,0.7000908119530707
2026-03-16,2025-26,CHI,MEM,1,0.5789183711510079
2026-03-16,2025-26,NOP,DAL,1,0.7317604876226644
2026-03-16,2025-26,HOU,LAL,0,0.47182581667708834
2026-03-16,2025-26,LAC,SAS,0,0.38843001475935307
2026-03-17,2025-26,CHA,MIA,1,0.6109366448439753
2026-03-17,2025-26,ORL,OKC,0,0.24692509832147833
2026-03-17,2025-26,WAS,DET,0,0.07730439834420703
2026-03-17,2025-26,NYK,IND,1,0.934710102076674
2026-03-17,2025-26,MIL,CLE,0,0.2873532006489229
2026-03-17,2025-26,MIN,PHX,1,0.5935545978729841
2026-03-17,2025-26,DEN,PHI,1,0.8188620537623542
2026-03-17,2025-26,SAC,SAS,0,0.16514829948649423
2026-03-18,2025-26,MEM,DEN,1,0.19207747764422686
2026-03-18,2025-26,BOS,GSW,1,0.816097321880296
2026-03-18,2025-26,BKN,OKC,0,0.08986767117906451
2026-03-18,2025-26,IND,POR,0,0.23722827875194413
2026-03-18,2025-26,CHI,TOR,0,0.32219427117239996
2026-03-18,2025-26,MIN,UTA,1,0.8173408334824701
2026-03-18,2025-26,NOP,LAC,1,0.4378618021306376
2026-03-18,2025-26,DAL,ATL,0,0.26717577091413686
2026-03-18,2025-26,HOU,LAL,0,0.4436598175516035
2026-03-19,2025-26,CHA,ORL,1,0.671819056846868
2026-03-19,2025-26,WAS,DET,0,0.09620941846418991
2026-03-19,2025-26,MIA,LAL,0,0.5183002958773959
2026-03-19,2025-26,CHI,CLE,0,0.1999039758431099
2026-03-19,2025-26,NOP,LAC,1,0.4627039286444668
2026-03-19,2025-26,SAS,PHX,1,0.78182799710829
2026-03-19,2025-26,UTA,MIL,1,0.34149318300258485
2026-03-19,2025-26,SAC,PHI,0,0.4014974947346295
2026-03-20,2025-26,BKN,NYK,0,0.11870471019631919
2026-03-20,2025-26,DET,GSW,1,0.7908877389724384
2026-03-20,2025-26,HOU,ATL,1,0.5602219696454421
2026-03-20,2025-26,MEM,BOS,0,0.1598286275268522
2026-03-20,2025-26,MIN,POR,0,0.6402883272735838
2026-03-20,2025-26,DEN,TOR,1,0.6652589342695309
2026-03-21,2025-26,WAS,OKC,0,0.06107342278590432
2026-03-21,2025-26,CHA,MEM,1,0.9078857830387462
2026-03-21,2025-26,ORL,LAL,0,0.37388321371202865
2026-03-21,2025-26,NOP,CLE,0,0.39119545288512236
2026-03-21,2025-26,ATL,GSW,1,0.6965700048798965
2026-03-21,2025-26,HOU,MIA,1,0.5088087521477377
2026-03-21,2025-26,SAS,IND,1,0.9490262090998227
2026-03-21,2025-26,DAL,LAC,0,0.3711309728216297
2026-03-21,2025-26,UTA,PHI,0,0.45600851658376845
2026-03-21,2025-26,PHX,MIL,0,0.7731760722223525
2026-03-22,2025-26,DEN,POR,1,0.7144130605216782
2026-03-22,2025-26,SAC,BKN,1,0.6072367912400427
2026-03-22,2025-26,NYK,WAS,1,0.9536747983173915
2026-03-22,2025-26,BOS,MIN,0,0.7460533899468819
2026-03-22,2025-26,PHX,TOR,1,0.39455592299899817
2026-03-23,2025-26,ATL,MEM,1,0.8356950219546349
2026-03-23,2025-26,DET,LAL,1,0.6035527800196165
2026-03-23,2025-26,ORL,IND,0,0.8307571808421892
2026-03-23,2025-26,PHI,OKC,0,0.16173628951634714
2026-03-23,2025-26,MIA,SAS,0,0.33585662266491245
2026-03-23,2025-26,CHI,HOU,1,0.2756003880204703
2026-03-23,2025-26,UTA,TOR,0,0.3261921767679864
2026-03-23,2025-26,DAL,GSW,0,0.4853888898466557
2026-03-23,2025-26,POR,BKN,1,0.8404273798718259
2026-03-23,2025-26,LAC,MIL,1,0.8048020690094502
2026-03-24,2025-26,CHA,SAC,1,0.9213777417877775
2026-03-24,2025-26,NYK,NOP,1,0.7695716538576775
2026-03-24,2025-26,CLE,ORL,1,0.7817412249423953
2026-03-24,2025-26,PHX,DEN,0,0.43185409210135484
2026-03-25,2025-26,DET,ATL,0,0.7462927725087675
2026-03-25,2025-26,IND,LAL,0,0.20975848519752238
2026-03-25,2025-26,PHI,CHI,1,0.5465415806531226
2026-03-25,2025-26,BOS,OKC,1,0.45471527756151736
2026-03-25,2025-26,CLE,MIA,0,0.626837821639788
2026-03-25,2025-26,MEM,SAS,0,0.09371223343457494
2026-03-25,2025-26,UTA,WAS,0,0.6924185111442214
2026-03-25,2025-26,MIN,HOU,1,0.5573695088747419
2026-03-25,2025-26,DEN,DAL,1,0.8401678270553564
2026-03-25,2025-26,GSW,BKN,1,0.8226373161532562
2026-03-25,2025-26,POR,MIL,1,0.7802780750972009
2026-03-25,2025-26,LAC,TOR,1,0.6483692701659117
2026-03-26,2025-26,CHA,NYK,1,0.5231506925281768
2026-03-26,2025-26,DET,NOP,1,0.7761052500481496
2026-03-26,2025-26,ORL,SAC,1,0.8423558516712006
2026-03-27,2025-26,IND,LAC,0,0.21192964459222233
2026-03-27,2025-26,BOS,ATL,1,0.6807430594298758
2026-03-27,2025-26,CLE,MIA,1,0.5738149303647194
2026-03-27,2025-26,MEM,HOU,0,0.17315043019489915
2026-03-27,2025-26,OKC,CHI,1,0.9127919588493733
2026-03-27,2025-26,TOR,NOP,1,0.6668611979830322
2026-03-27,2025-26,DEN,UTA,1,0.9105715944849906
2026-03-27,2025-26,GSW,WAS,1,0.785744145563112
2026-03-27,2025-26,POR,DAL,0,0.7435592370330973
2026-03-27,2025-26,LAL,BKN,1,0.9088912863873777
2026-03-28,2025-26,MIL,SAS,0,0.11439675298769632
2026-03-28,2025-26,CHA,PHI,0,0.8004987709116311
2026-03-28,2025-26,ATL,SAC,1,0.8557638908640743
2026-03-28,2025-26,MEM,CHI,1,0.39936846491840106
2026-03-28,2025-26,MIN,DET,0,0.45188016421029487
2026-03-28,2025-26,PHX,UTA,1,0.8975549692129996
2026-03-29,2025-26,MIL,LAC,0,0.16814038716955287
2026-03-29,2025-26,IND,MIA,1,0.2668126169864475
2026-03-29,2025-26,BKN,SAC,1,0.6069367422571361
2026-03-29,2025-26,CHA,BOS,0,0.46426779376893673
2026-03-29,2025-26,TOR,ORL,1,0.5531169688132129
2026-03-29,2025-26,POR,WAS,1,0.840324323104354
2026-03-29,2025-26,NOP,HOU,0,0.3981585630538887
2026-03-29,2025-26,OKC,NYK,1,0.6408429163224338
2026-03-29,2025-26,DEN,GSW,1,0.7997504430707405
2026-03-30,2025-26,MIA,PHI,1,0.4862225381743047
2026-03-30,2025-26,ATL,BOS,1,0.4648962356714683
2026-03-30,2025-26,MEM,PHX,0,0.21379344891294738
2026-03-30,2025-26,SAS,CHI,1,0.8985147799393902
2026-03-30,2025-26,DAL,MIN,0,0.2954797116754689
2026-03-30,2025-26,UTA,CLE,0,0.13356063444111535
2026-03-30,2025-26,OKC,DET,1,0.5853255513240301
2026-03-30,2025-26,LAL,WAS,1,0.9448783463751812
2026-03-31,2025-26,MIL,DAL,1,0.5468909887967814
2026-03-31,2025-26,ORL,PHX,1,0.519931001963422
2026-03-31,2025-26,BKN,CHA,0,0.13344452110531818
2026-03-31,2025-26,DET,TOR,1,0.7106491322122278
2026-03-31,2025-26,HOU,NYK,1,0.4556797072179817
2026-03-31,2025-26,LAL,CLE,1,0.5655286085831065
2026-03-31,2025-26,LAC,POR,0,0.6676446449075324
2026-04-01,2025-26,MEM,NYK,0,0.1814702296396883
2026-04-01,2025-26,WAS,PHI,0,0.18679342802697715
2026-04-01,2025-26,MIA,BOS,0,0.39163344856270216
2026-04-01,2025-26,ORL,ATL,0,0.35617870282452774
2026-04-01,2025-26,TOR,SAC,0,0.8884372295395937
2026-04-01,2025-26,CHI,IND,0,0.5493174691909192
2026-04-01,2025-26,HOU,MIL,1,0.8673946607304407
2026-04-01,2025-26,UTA,DEN,0,0.12417371004412803
2026-04-01,2025-26,GSW,SAS,0,0.1771061863955792
2026-04-02,2025-26,CHA,PHX,1,0.6837492225261489
2026-04-02,2025-26,DET,MIN,1,0.7517168851228965
2026-04-02,2025-26,OKC,LAL,1,0.7164630983129804
2026-04-02,2025-26,GSW,CLE,0,0.24450914689442046
2026-04-02,2025-26,POR,NOP,1,0.7044621355399763
2026-04-02,2025-26,LAC,SAS,0,0.4375925716365545
2026-04-03,2025-26,CHA,IND,1,0.8654772095068609
2026-04-03,2025-26,PHI,MIN,1,0.5085153553801356
2026-04-03,2025-26,BKN,ATL,0,0.13714156549571624
2026-04-03,2025-26,NYK,CHI,1,0.8763955513023836
2026-04-03,2025-26,HOU,UTA,1,0.9049811746116666
2026-04-03,2025-26,MEM,TOR,0,0.22713646824962008
2026-04-03,2025-26,MIL,BOS,0,0.11782252548860649
2026-04-03,2025-26,DAL,ORL,0,0.29767781998741494
2026-04-03,2025-26,SAC,NOP,1,0.37984294559495974
2026-04-04,2025-26,MIA,WAS,1,0.8859737446147126
2026-04-04,2025-26,DEN,SAS,1,0.4269049147337367
2026-04-04,2025-26,PHI,DET,0,0.3253678606937022
2026-04-05,2025-26,BOS,TOR,1,0.7495422767122194
2026-04-05,2025-26,BKN,WAS,1,0.6718737794741998
2026-04-05,2025-26,CHI,PHX,0,0.27671370065840883
2026-04-05,2025-26,MIL,MEM,1,0.6983166588182286
2026-04-05,2025-26,CLE,IND,1,0.876547437280163
2026-04-05,2025-26,MIN,CHA,0,0.36050198556533297
2026-04-05,2025-26,NOP,ORL,0,0.46566515672152475
2026-04-05,2025-26,OKC,UTA,1,0.9655474616970018
2026-04-05,2025-26,DAL,LAL,1,0.18643098187644352
2026-04-05,2025-26,SAC,LAC,0,0.18267337270854414
2026-04-05,2025-26,GSW,HOU,0,0.31581451974380076
2026-04-06,2025-26,ATL,NYK,0,0.5268379645013904
2026-04-06,2025-26,ORL,DET,1,0.23094925725635906
2026-04-06,2025-26,MEM,CLE,0,0.13609537106448463
2026-04-06,2025-26,SAS,PHI,1,0.8456913235158287
2026-04-06,2025-26,DEN,POR,1,0.664571003110606
2026-04-07,2025-26,WAS,CHI,0,0.3991608351824257
2026-04-07,2025-26,BOS,CHA,1,0.5781479186748522
2026-04-07,2025-26,BKN,MIL,1,0.40089211584166096
2026-04-07,2025-26,TOR,MIA,1,0.5486217104028718
2026-04-07,2025-26,IND,MIN,0,0.24330588828530667
2026-04-07,2025-26,NOP,UTA,1,0.7672662515740402
2026-04-07,2025-26,GSW,SAC,1,0.7904026941625559
2026-04-07,2025-26,LAL,OKC,0,0.23182137551885257
2026-04-07,2025-26,LAC,DAL,1,0.8180904696995888
2026-04-07,2025-26,PHX,HOU,0,0.4918640981908479
2026-04-08,2025-26,CLE,ATL,1,0.4986734811381117
2026-04-08,2025-26,ORL,MIN,1,0.5603018188929001
2026-04-08,2025-26,DET,MIL,1,0.9320567337485223
2026-04-08,2025-26,SAS,POR,1,0.7701453528855381
2026-04-08,2025-26,DEN,MEM,1,0.9354611905483597
2026-04-08,2025-26,LAC,OKC,0,0.3176423814299894
2026-04-08,2025-26,PHX,DAL,1,0.8132363424883972
2026-04-09,2025-26,TOR,MIA,1,0.6143435825102792
2026-04-09,2025-26,WAS,CHI,0,0.3062095846260823
2026-04-09,2025-26,BKN,IND,0,0.5121369176013816
2026-04-09,2025-26,NYK,BOS,1,0.46722121428052
2026-04-09,2025-26,HOU,PHI,1,0.6327922036415919
2026-04-09,2025-26,GSW,LAL,0,0.5657460956388939
2026-04-10,2025-26,CHA,DET,0,0.6239148193128474
2026-04-10,2025-26,WAS,MIA,0,0.1766087823751429
2026-04-10,2025-26,ATL,CLE,1,0.5366621584757534
2026-04-10,2025-26,BOS,NOP,1,0.891614907813491
2026-04-10,2025-26,IND,PHI,0,0.3121860203525423
2026-04-10,2025-26,NYK,TOR,1,0.7130922503768606
2026-04-10,2025-26,CHI,ORL,0,0.3121476174678148
2026-04-10,2025-26,HOU,MIN,0,0.6251257738278271
2026-04-10,2025-26,MIL,BKN,1,0.7571267321207343
2026-04-10,2025-26,SAS,DAL,1,0.9366298385452697
2026-04-10,2025-26,UTA,MEM,1,0.5132444316192224
2026-04-10,2025-26,DEN,OKC,1,0.34737754803247944
2026-04-10,2025-26,POR,LAC,1,0.500187253682934
2026-04-10,2025-26,SAC,GSW,1,0.45122629883439774
2026-04-10,2025-26,LAL,PHX,1,0.41676193104596804
2026-04-12,2025-26,BOS,ORL,1,0.7619951697381442
2026-04-12,2025-26,CLE,WAS,1,0.9221158289501205
2026-04-12,2025-26,IND,DET,0,0.10325242442868919
2026-04-12,2025-26,MIA,ATL,1,0.4180720796329155
2026-04-12,2025-26,NYK,CHA,0,0.5538173824152804
2026-04-12,2025-26,PHI,MIL,1,0.7580674528090627
2026-04-12,2025-26,TOR,BKN,1,0.9277322464189302
2026-04-12,2025-26,DAL,CHI,1,0.5318935654271998
2026-04-12,2025-26,HOU,MEM,1,0.9589916207957132
2026-04-12,2025-26,MIN,NOP,1,0.7654208149891628
2026-04-12,2025-26,OKC,PHX,0,0.6878450644207499
2026-04-12,2025-26,SAS,DEN,0,0.7918405119566011
2026-04-12,2025-26,LAL,UTA,1,0.8227256653808818
2026-04-12,2025-26,LAC,GSW,1,0.7072471715923232
2026-04-12,2025-26,POR,SAC,1,0.8732709051337979
