game_id,date,season,home,away,home_win,p_home
0022400061,2024-10-22,2024-25,BOS,NYK,1,0.6877732
0022400062,2024-10-22,2024-25,LAL,MIN,1,0.5813078
0022400063,2024-10-23,2024-25,DET,IND,0,0.3098265
0022400064,2024-10-23,2024-25,ATL,BKN,1,0.7236337
0022400065,2024-10-23,2024-25,MIA,ORL,0,0.5559677
0022400066,2024-10-23,2024-25,PHI,MIL,0,0.46779987
0022400067,2024-10-23,2024-25,TOR,CLE,0,0.38139626
0022400068,2024-10-23,2024-25,HOU,CHA,0,0.85992163
0022400069,2024-10-23,2024-25,NOP,CHI,1,0.6372996
0022400070,2024-10-23,2024-25,UTA,MEM,0,0.33819103
0022400071,2024-10-23,2024-25,LAC,PHX,0,0.3458291
0022400072,2024-10-23,2024-25,POR,GSW,0,0.23918962
0022400073,2024-10-24,2024-25,WAS,BOS,0,0.15616275
0022400074,2024-10-24,2024-25,DAL,SAS,1,0.7948058
0022400075,2024-10-24,2024-25,DEN,OKC,0,0.6215905
0022400076,2024-10-24,2024-25,SAC,MIN,0,0.6422005
0022400077,2024-10-25,2024-25,ORL,BKN,1,0.8002004
0022400078,2024-10-25,2024-25,TOR,PHI,1,0.35234404
0022400079,2024-10-25,2024-25,ATL,CHA,1,0.74708
0022400080,2024-10-25,2024-25,CLE,DET,1,0.6942421
0022400081,2024-10-25,2024-25,NYK,IND,1,0.5837873
0022400082,2024-10-25,2024-25,HOU,MEM,1,0.7520621
0022400083,2024-10-25,2024-25,MIL,CHI,0,0.7048623
0022400084,2024-10-25,2024-25,UTA,GSW,0,0.23439671
0022400085,2024-10-25,2024-25,LAL,PHX,1,0.6930507
0022400086,2024-10-25,2024-25,POR,NOP,0,0.26698208
0022400087,2024-10-26,2024-25,DEN,LAC,0,0.85031015
0022400088,2024-10-26,2024-25,CHA,MIA,0,0.29592186
0022400089,2024-10-26,2024-25,DET,BOS,0,0.19112319
0022400090,2024-10-26,2024-25,WAS,CLE,0,0.18877782
0022400091,2024-10-26,2024-25,CHI,OKC,0,0.35527354
0022400092,2024-10-26,2024-25,MEM,ORL,1,0.34248024
0022400093,2024-10-26,2024-25,MIN,TOR,1,0.87439173
0022400094,2024-10-26,2024-25,SAS,HOU,1,0.34679374
0022400095,2024-10-26,2024-25,PHX,DAL,1,0.3412032
0022400096,2024-10-26,2024-25,LAL,SAC,1,0.5028164
0022400097,2024-10-27,2024-25,IND,PHI,0,0.680909
0022400098,2024-10-27,2024-25,BKN,MIL,1,0.30121377
0022400099,2024-10-27,2024-25,POR,NOP,1,0.28063592
0022400100,2024-10-27,2024-25,OKC,ATL,1,0.6736658
0022400101,2024-10-27,2024-25,GSW,LAC,0,0.7797973
0022400102,2024-10-28,2024-25,ORL,IND,1,0.71169835
0022400103,2024-10-28,2024-25,ATL,WAS,0,0.8160309
0022400104,2024-10-28,2024-25,BOS,MIL,1,0.74548435
0022400105,2024-10-28,2024-25,MIA,DET,1,0.6798901
0022400106,2024-10-28,2024-25,NYK,CLE,0,0.55048734
0022400107,2024-10-28,2024-25,TOR,DEN,0,0.22584009
0022400108,2024-10-28,2024-25,MEM,CHI,0,0.3884632
0022400109,2024-10-28,2024-25,SAS,HOU,0,0.29667386
0022400110,2024-10-28,2024-25,DAL,UTA,1,0.88025606
0022400111,2024-10-28,2024-25,PHX,LAL,1,0.41616848
0022400112,2024-10-28,2024-25,SAC,POR,1,0.87221915
0022400113,2024-10-29,2024-25,BKN,DEN,0,0.27651638
0022400114,2024-10-29,2024-25,MIN,DAL,0,0.5738277
0022400115,2024-10-29,2024-25,UTA,SAC,0,0.13501188
0022400116,2024-10-29,2024-25,GSW,NOP,1,0.47410473
0022400117,2024-10-30,2024-25,CHA,TOR,1,0.6513718
0022400118,2024-10-30,2024-25,CLE,LAL,1,0.5339147
0022400119,2024-10-30,2024-25,IND,BOS,1,0.35799518
0022400120,2024-10-30,2024-25,PHI,DET,0,0.5794685
0022400121,2024-10-30,2024-25,WAS,ATL,1,0.24838729
0022400122,2024-10-30,2024-25,MIA,NYK,0,0.5091756
0022400123,2024-10-30,2024-25,CHI,ORL,1,0.33879167
0022400124,2024-10-30,2024-25,MEM,BKN,0,0.7801705
0022400125,2024-10-30,2024-25,OKC,SAS,1,0.8236341
0022400126,2024-10-30,2024-25,GSW,NOP,1,0.69565874
0022400127,2024-10-30,2024-25,LAC,POR,0,0.6245203
0022400128,2024-10-31,2024-25,MEM,MIL,1,0.36490625
0022400129,2024-10-31,2024-25,DAL,HOU,0,0.6358762
0022400130,2024-10-31,2024-25,UTA,SAS,0,0.3316348
0022400131,2024-10-31,2024-25,LAC,PHX,0,0.39297464
0022400132,2024-11-01,2024-25,CHA,BOS,0,0.20318398
0022400133,2024-11-01,2024-25,CLE,ORL,1,0.6997856
0022400134,2024-11-01,2024-25,DET,NYK,0,0.34721193
0022400135,2024-11-01,2024-25,ATL,SAC,0,0.24928859
0022400136,2024-11-01,2024-25,BKN,CHI,1,0.4788237
0022400137,2024-11-01,2024-25,TOR,LAL,0,0.18355516
0022400138,2024-11-01,2024-25,NOP,IND,1,0.39135447
0022400139,2024-11-01,2024-25,MIN,DEN,1,0.5873778
0022400140,2024-11-01,2024-25,POR,OKC,0,0.21520995
0022400141,2024-11-02,2024-25,CHA,BOS,0,0.165708
0022400142,2024-11-02,2024-25,PHI,MEM,0,0.561213
0022400143,2024-11-02,2024-25,TOR,SAC,1,0.12156418
0022400144,2024-11-02,2024-25,HOU,GSW,0,0.5652271
0022400145,2024-11-02,2024-25,MIL,CLE,0,0.54764163
0022400146,2024-11-02,2024-25,SAS,MIN,1,0.41101122
0022400148,2024-11-02,2024-25,DEN,UTA,1,0.8587977
0022400149,2024-11-02,2024-25,PHX,POR,1,0.8238388
0022400150,2024-11-02,2024-25,LAC,OKC,0,0.27944103
0022400151,2024-11-03,2024-25,BKN,DET,0,0.6214455
0022400152,2024-11-03,2024-25,NOP,ATL,0,0.35999194
0022400153,2024-11-03,2024-25,DAL,ORL,1,0.7233031
0022400154,2024-11-04,2024-25,CLE,MIL,1,0.7215869
0022400155,2024-11-04,2024-25,WAS,GSW,0,0.1978204
0022400156,2024-11-04,2024-25,DET,LAL,1,0.26163873
0022400157,2024-11-04,2024-25,ATL,BOS,0,0.2369222
0022400158,2024-11-04,2024-25,BKN,MEM,1,0.4953264
0022400159,2024-11-04,2024-25,MIA,SAC,0,0.34092966
0022400160,2024-11-04,2024-25,CHI,UTA,0,0.8365279
0022400161,2024-11-04,2024-25,HOU,NYK,1,0.38797194
0022400162,2024-11-04,2024-25,MIN,CHA,1,0.8341898
0022400163,2024-11-04,2024-25,OKC,ORL,1,0.86886436
0022400164,2024-11-04,2024-25,NOP,POR,0,0.38193887
0022400165,2024-11-04,2024-25,DAL,IND,0,0.69528085
0022400166,2024-11-04,2024-25,DEN,TOR,1,0.82612437
0022400167,2024-11-04,2024-25,PHX,PHI,1,0.7074786
0022400168,2024-11-04,2024-25,LAC,SAS,1,0.58444303
0022400169,2024-11-06,2024-25,CHA,DET,1,0.4409486
0022400170,2024-11-06,2024-25,IND,ORL,1,0.71243376
0022400171,2024-11-06,2024-25,ATL,NYK,1,0.30688736
0022400172,2024-11-06,2024-25,BOS,GSW,0,0.72934157
0022400173,2024-11-06,2024-25,HOU,SAS,1,0.68083566
0022400174,2024-11-06,2024-25,MEM,LAL,1,0.47631446
0022400175,2024-11-06,2024-25,NOP,CLE,0,0.3140605
0022400176,2024-11-06,2024-25,DAL,CHI,1,0.7873976
0022400177,2024-11-06,2024-25,DEN,OKC,1,0.37472063
0022400178,2024-11-06,2024-25,PHX,MIA,1,0.61265236
0022400179,2024-11-06,2024-25,LAC,PHI,1,0.53098357
0022400180,2024-11-06,2024-25,SAC,TOR,1,0.8610321
0022400181,2024-11-07,2024-25,CHI,MIN,0,0.26281783
0022400182,2024-11-07,2024-25,MIL,UTA,1,0.8159149
0022400183,2024-11-07,2024-25,SAS,POR,1,0.5982675
0022400184,2024-11-08,2024-25,CHA,IND,1,0.40893093
0022400185,2024-11-08,2024-25,DET,ATL,1,0.5493813
0022400186,2024-11-08,2024-25,ORL,NOP,1,0.74552387
0022400187,2024-11-08,2024-25,BOS,BKN,1,0.8317219
0022400188,2024-11-08,2024-25,CLE,GSW,1,0.56477755
0022400189,2024-11-08,2024-25,NYK,MIL,1,0.68229574
0022400190,2024-11-08,2024-25,DAL,PHX,0,0.5718619
0022400191,2024-11-08,2024-25,MEM,WAS,1,0.7400879
0022400192,2024-11-08,2024-25,OKC,HOU,1,0.7611679
0022400193,2024-11-08,2024-25,MIN,POR,1,0.81633997
0022400194,2024-11-08,2024-25,DEN,MIA,1,0.6366365
0022400195,2024-11-08,2024-25,LAL,PHI,1,0.77612334
0022400196,2024-11-08,2024-25,SAC,LAC,0,0.75674886
0022400197,2024-11-09,2024-25,SAS,UTA,0,0.7879211
0022400198,2024-11-09,2024-25,ATL,CHI,0,0.56295675
0022400199,2024-11-09,2024-25,CLE,BKN,1,0.7992451
0022400200,2024-11-09,2024-25,LAC,TOR,1,0.6093238
0022400201,2024-11-10,2024-25,DET,HOU,0,0.40816253
0022400202,2024-11-10,2024-25,MIL,BOS,0,0.38086873
0022400203,2024-11-10,2024-25,IND,NYK,1,0.28707632
0022400204,2024-11-10,2024-25,ORL,WAS,1,0.75651354
0022400205,2024-11-10,2024-25,PHI,CHA,1,0.63526845
0022400206,2024-11-10,2024-25,MIN,MIA,0,0.7521443
0022400207,2024-11-10,2024-25,OKC,GSW,0,0.680396
0022400208,2024-11-10,2024-25,DEN,DAL,1,0.580318
0022400209,2024-11-10,2024-25,PHX,SAC,0,0.40188035
0022400210,2024-11-10,2024-25,POR,MEM,0,0.4948228
0022400211,2024-11-10,2024-25,LAL,TOR,1,0.79053134
0022400212,2024-11-11,2024-25,CHI,CLE,0,0.26513177
0022400213,2024-11-11,2024-25,HOU,WAS,1,0.7967743
0022400214,2024-11-11,2024-25,NOP,BKN,0,0.3466078
0022400215,2024-11-11,2024-25,OKC,LAC,1,0.68807244
0022400216,2024-11-11,2024-25,SAS,SAC,1,0.36956987
0022400001,2024-11-12,2024-25,BOS,ATL,0,0.84920275
0022400002,2024-11-12,2024-25,DET,MIA,1,0.4546826
0022400003,2024-11-12,2024-25,ORL,CHA,1,0.7108726
0022400004,2024-11-12,2024-25,PHI,NYK,0,0.3794223
0022400005,2024-11-12,2024-25,MIL,TOR,1,0.66857964
0022400006,2024-11-12,2024-25,UTA,PHX,0,0.18685219
0022400007,2024-11-12,2024-25,GSW,DAL,1,0.5556761
0022400008,2024-11-12,2024-25,POR,MIN,1,0.21544307
0022400217,2024-11-13,2024-25,ORL,IND,1,0.48923242
0022400218,2024-11-13,2024-25,BKN,BOS,0,0.29040936
0022400219,2024-11-13,2024-25,NYK,CHI,0,0.7671911
0022400220,2024-11-13,2024-25,PHI,CLE,0,0.16753429
0022400221,2024-11-13,2024-25,OKC,NOP,1,0.915104
0022400222,2024-11-13,2024-25,HOU,LAC,1,0.6189225
0022400223,2024-11-13,2024-25,MIL,DET,1,0.69567364
0022400224,2024-11-13,2024-25,SAS,WAS,1,0.75444555
0022400225,2024-11-13,2024-25,LAL,MEM,1,0.7329903
0022400226,2024-11-13,2024-25,POR,MIN,1,0.1934866
0022400227,2024-11-13,2024-25,SAC,PHX,1,0.81150794
0022400228,2024-11-14,2024-25,UTA,DAL,1,0.1876373
0022400009,2024-11-15,2024-25,IND,MIA,0,0.44303665
0022400010,2024-11-15,2024-25,ORL,PHI,1,0.56201226
0022400011,2024-11-15,2024-25,TOR,DET,0,0.49903744
0022400012,2024-11-15,2024-25,ATL,WAS,1,0.73259795
0022400013,2024-11-15,2024-25,CLE,CHI,1,0.80356437
0022400014,2024-11-15,2024-25,NYK,BKN,1,0.76716256
0022400015,2024-11-15,2024-25,SAS,LAL,0,0.4175091
0022400016,2024-11-15,2024-25,HOU,LAC,1,0.5762881
0022400017,2024-11-15,2024-25,NOP,DEN,1,0.32294428
0022400018,2024-11-15,2024-25,OKC,PHX,1,0.81130284
0022400019,2024-11-15,2024-25,GSW,MEM,1,0.774955
0022400020,2024-11-15,2024-25,SAC,MIN,0,0.5761888
0022400229,2024-11-16,2024-25,CHA,MIL,1,0.4240639
0022400230,2024-11-16,2024-25,BOS,TOR,1,0.8921997
0022400231,2024-11-16,2024-25,NOP,LAL,0,0.14418454
0022400232,2024-11-16,2024-25,DAL,SAS,1,0.82434756
0022400233,2024-11-16,2024-25,SAC,UTA,1,0.8470573
0022400234,2024-11-17,2024-25,MIN,PHX,1,0.69927263
0022400235,2024-11-17,2024-25,IND,MIA,1,0.46345696
0022400236,2024-11-17,2024-25,CLE,CHA,1,0.87429404
0022400237,2024-11-17,2024-25,WAS,DET,0,0.38473055
0022400238,2024-11-17,2024-25,MEM,DEN,1,0.6368481
0022400239,2024-11-17,2024-25,POR,ATL,1,0.40208495
0022400240,2024-11-17,2024-25,NYK,BKN,1,0.820958
0022400241,2024-11-17,2024-25,CHI,HOU,0,0.39990777
0022400242,2024-11-17,2024-25,OKC,DAL,0,0.75713515
0022400243,2024-11-17,2024-25,LAC,UTA,1,0.8700648
0022400244,2024-11-18,2024-25,DET,CHI,0,0.5828169
0022400245,2024-11-18,2024-25,MIA,PHI,1,0.5113816
0022400246,2024-11-18,2024-25,NYK,WAS,1,0.8226503
0022400247,2024-11-18,2024-25,TOR,IND,1,0.53716916
0022400248,2024-11-18,2024-25,MIL,HOU,1,0.57259023
0022400249,2024-11-18,2024-25,PHX,ORL,0,0.44323722
0022400250,2024-11-18,2024-25,SAC,ATL,0,0.8068963
0022400251,2024-11-18,2024-25,LAC,GSW,1,0.33050746
0022400021,2024-11-19,2024-25,BOS,CLE,1,0.6107157
0022400022,2024-11-19,2024-25,BKN,CHA,1,0.41333967
0022400023,2024-11-19,2024-25,MEM,DEN,0,0.6448356
0022400024,2024-11-19,2024-25,DAL,NOP,1,0.8900135
0022400025,2024-11-19,2024-25,SAS,OKC,1,0.25017086
0022400026,2024-11-19,2024-25,LAL,UTA,1,0.87368083
0022400252,2024-11-20,2024-25,CLE,NOP,1,0.9125529
0022400253,2024-11-20,2024-25,MIL,CHI,1,0.70568085
0022400254,2024-11-20,2024-25,HOU,IND,1,0.76432395
0022400255,2024-11-20,2024-25,MEM,PHI,1,0.47141376
0022400256,2024-11-20,2024-25,OKC,POR,1,0.87420017
0022400257,2024-11-20,2024-25,PHX,NYK,0,0.3426962
0022400258,2024-11-20,2024-25,GSW,ATL,1,0.7793695
0022400259,2024-11-20,2024-25,LAC,ORL,1,0.5736332
0022400260,2024-11-21,2024-25,CHA,DET,1,0.48169515
0022400261,2024-11-21,2024-25,TOR,MIN,1,0.40323278
0022400262,2024-11-21,2024-25,SAS,UTA,1,0.7891283
0022400263,2024-11-21,2024-25,LAL,ORL,0,0.7339369
0022400027,2024-11-22,2024-25,PHI,BKN,1,0.5688362
0022400028,2024-11-22,2024-25,WAS,BOS,0,0.1696932
0022400029,2024-11-22,2024-25,MIL,IND,1,0.6949383
0022400030,2024-11-22,2024-25,CHI,ATL,1,0.5235226
0022400031,2024-11-22,2024-25,HOU,POR,1,0.8185633
0022400032,2024-11-22,2024-25,NOP,GSW,0,0.14213757
0022400033,2024-11-22,2024-25,DEN,DAL,0,0.6387234
0022400034,2024-11-22,2024-25,LAC,SAC,1,0.37433997
0022400264,2024-11-23,2024-25,UTA,NYK,1,0.16955632
0022400265,2024-11-23,2024-25,ORL,DET,1,0.73728263
0022400266,2024-11-23,2024-25,CHI,MEM,0,0.38556245
0022400267,2024-11-23,2024-25,HOU,POR,0,0.8674177
0022400268,2024-11-23,2024-25,MIL,CHA,1,0.7988934
0022400269,2024-11-23,2024-25,SAS,GSW,1,0.37154287
0022400270,2024-11-23,2024-25,LAL,DEN,0,0.5940596
0022400271,2024-11-24,2024-25,BOS,MIN,1,0.7552825
0022400272,2024-11-24,2024-25,IND,WAS,1,0.7255268
0022400273,2024-11-24,2024-25,MIA,DAL,1,0.585466
0022400274,2024-11-24,2024-25,PHI,LAC,0,0.42668697
0022400275,2024-11-24,2024-25,CLE,TOR,1,0.79116225
0022400276,2024-11-24,2024-25,SAC,BKN,0,0.8807876
0022400277,2024-11-25,2024-25,CHA,ORL,0,0.26898417
0022400278,2024-11-25,2024-25,DET,TOR,1,0.5674323
0022400279,2024-11-25,2024-25,IND,NOP,1,0.684457
0022400280,2024-11-25,2024-25,ATL,DAL,0,0.55644107
0022400281,2024-11-25,2024-25,BOS,LAC,1,0.75557643
0022400282,2024-11-25,2024-25,MEM,POR,1,0.8467369
0022400283,2024-11-25,2024-25,DEN,NYK,0,0.5601484
0022400284,2024-11-25,2024-25,GSW,BKN,0,0.8659642
0022400285,2024-11-25,2024-25,SAC,OKC,0,0.3679048
0022400035,2024-11-26,2024-25,WAS,CHI,0,0.33275825
0022400036,2024-11-26,2024-25,MIA,MIL,0,0.63751954
0022400037,2024-11-26,2024-25,MIN,HOU,0,0.4081675
0022400038,2024-11-26,2024-25,UTA,SAS,0,0.29850438
0022400039,2024-11-26,2024-25,PHX,LAL,1,0.50103897
0022400286,2024-11-27,2024-25,CHA,MIA,0,0.3111793
0022400287,2024-11-27,2024-25,CLE,ATL,0,0.8029639
0022400288,2024-11-27,2024-25,IND,POR,1,0.7233867
0022400289,2024-11-27,2024-25,ORL,CHI,1,0.76315147
0022400290,2024-11-27,2024-25,PHI,HOU,0,0.32414338
0022400291,2024-11-27,2024-25,WAS,LAC,0,0.19752087
0022400292,2024-11-27,2024-25,DAL,NYK,1,0.3467096
0022400293,2024-11-27,2024-25,MEM,DET,1,0.80703104
0022400294,2024-11-27,2024-25,MIN,SAC,0,0.46651247
0022400295,2024-11-27,2024-25,NOP,TOR,0,0.34600055
0022400296,2024-11-27,2024-25,SAS,LAL,0,0.49052715
0022400297,2024-11-27,2024-25,PHX,BKN,0,0.7256524
0022400298,2024-11-27,2024-25,UTA,DEN,0,0.1276106
0022400299,2024-11-27,2024-25,GSW,OKC,0,0.28881332
0022400040,2024-11-29,2024-25,CHA,NYK,0,0.13271785
0022400041,2024-11-29,2024-25,ATL,CLE,1,0.27544004
0022400042,2024-11-29,2024-25,MEM,NOP,1,0.8690356
0022400043,2024-11-29,2024-25,BKN,ORL,0,0.25266862
0022400044,2024-11-29,2024-25,MIN,LAC,1,0.5823642
0022400045,2024-11-29,2024-25,IND,DET,0,0.50158215
0022400046,2024-11-29,2024-25,MIA,TOR,1,0.65717715
0022400047,2024-11-29,2024-25,CHI,BOS,0,0.2525122
0022400048,2024-11-29,2024-25,LAL,OKC,0,0.33564797
0022400049,2024-11-29,2024-25,POR,SAC,1,0.22952199
0022400300,2024-11-30,2024-25,CHA,ATL,0,0.2467333
0022400301,2024-11-30,2024-25,DET,PHI,0,0.5499887
0022400302,2024-11-30,2024-25,MIL,WAS,1,0.85857886
0022400303,2024-11-30,2024-25,PHX,GSW,1,0.49933577
0022400304,2024-11-30,2024-25,UTA,DAL,0,0.2726518
0022400305,2024-12-01,2024-25,BKN,ORL,0,0.277568
0022400306,2024-12-01,2024-25,MEM,IND,1,0.82495224
0022400307,2024-12-01,2024-25,CLE,BOS,1,0.5336117
0022400308,2024-12-01,2024-25,NYK,NOP,1,0.8574152
0022400309,2024-12-01,2024-25,TOR,MIA,1,0.4793384
0022400310,2024-12-01,2024-25,HOU,OKC,1,0.42534688
0022400311,2024-12-01,2024-25,UTA,LAL,0,0.21174131
0022400312,2024-12-01,2024-25,POR,DAL,0,0.32112232
0022400313,2024-12-01,2024-25,SAC,SAS,0,0.67253166
0022400314,2024-12-01,2024-25,LAC,DEN,1,0.42164734
0022400315,2024-12-02,2024-25,ATL,NOP,1,0.77416575
0022400316,2024-12-02,2024-25,BOS,MIA,1,0.7266604
0022400317,2024-12-02,2024-25,CHI,BKN,1,0.82058376
0022400318,2024-12-02,2024-25,MIN,LAL,1,0.698325
0022400050,2024-12-03,2024-25,CHA,PHI,0,0.32254842
0022400051,2024-12-03,2024-25,CLE,WAS,1,0.9110355
0022400052,2024-12-03,2024-25,DET,MIL,0,0.46427387
0022400053,2024-12-03,2024-25,NYK,ORL,1,0.61817175
0022400054,2024-12-03,2024-25,TOR,IND,1,0.6562188
0022400055,2024-12-03,2024-25,OKC,UTA,1,0.91009396
0022400056,2024-12-03,2024-25,DAL,MEM,1,0.50745994
0022400057,2024-12-03,2024-25,PHX,SAS,1,0.5881955
0022400058,2024-12-03,2024-25,DEN,GSW,1,0.71179354
0022400059,2024-12-03,2024-25,SAC,HOU,1,0.52159345
0022400060,2024-12-03,2024-25,LAC,POR,1,0.8195781
0022400319,2024-12-04,2024-25,BOS,DET,1,0.73334444
0022400320,2024-12-04,2024-25,BKN,IND,1,0.5420685
0022400321,2024-12-04,2024-25,MIA,LAL,1,0.59601736
0022400322,2024-12-04,2024-25,PHI,ORL,0,0.29515252
0022400323,2024-12-04,2024-25,MIL,ATL,0,0.6209951
0022400324,2024-12-04,2024-25,LAC,MIN,0,0.40013587
0022400325,2024-12-05,2024-25,CLE,DEN,1,0.6077135
0022400326,2024-12-05,2024-25,WAS,DAL,0,0.12426291
0022400327,2024-12-05,2024-25,NYK,CHA,1,0.87656206
0022400328,2024-12-05,2024-25,TOR,OKC,0,0.25757098
0022400329,2024-12-05,2024-25,MEM,SAC,1,0.69714224
0022400330,2024-12-05,2024-25,NOP,PHX,1,0.408544
0022400331,2024-12-05,2024-25,SAS,CHI,0,0.55973077
0022400332,2024-12-05,2024-25,GSW,HOU,1,0.38212973
0022400333,2024-12-06,2024-25,PHI,ORL,1,0.33198097
0022400334,2024-12-06,2024-25,ATL,LAL,1,0.5738465
0022400335,2024-12-06,2024-25,BOS,MIL,1,0.7028452
0022400336,2024-12-06,2024-25,CHI,IND,0,0.5696218
0022400337,2024-12-06,2024-25,SAS,SAC,0,0.32175285
0022400338,2024-12-06,2024-25,GSW,MIN,0,0.39525703
0022400339,2024-12-06,2024-25,POR,UTA,0,0.67916846
0022400340,2024-12-07,2024-25,CHA,CLE,0,0.12315543
0022400341,2024-12-07,2024-25,WAS,DEN,1,0.12450274
0022400342,2024-12-07,2024-25,NOP,OKC,0,0.16911049
0022400343,2024-12-07,2024-25,NYK,DET,0,0.59621114
0022400344,2024-12-07,2024-25,TOR,DAL,0,0.29738474
0022400345,2024-12-07,2024-25,BOS,MEM,0,0.57229716
0022400346,2024-12-07,2024-25,MIA,PHX,1,0.68317705
0022400347,2024-12-08,2024-25,CHI,PHI,0,0.562251
0022400348,2024-12-08,2024-25,BKN,MIL,0,0.30947673
0022400349,2024-12-08,2024-25,IND,CHA,0,0.84812796
0022400350,2024-12-08,2024-25,ATL,DEN,0,0.36738887
0022400351,2024-12-08,2024-25,MIA,CLE,1,0.4159885
0022400352,2024-12-08,2024-25,ORL,PHX,1,0.73263234
0022400353,2024-12-08,2024-25,WAS,MEM,0,0.12881844
0022400354,2024-12-08,2024-25,SAS,NOP,1,0.78242004
0022400355,2024-12-08,2024-25,GSW,MIN,1,0.3916714
0022400356,2024-12-08,2024-25,LAC,HOU,0,0.3764962
0022400357,2024-12-08,2024-25,SAC,UTA,1,0.8437688
0022400358,2024-12-08,2024-25,LAL,POR,1,0.72952825
0022400359,2024-12-09,2024-25,TOR,NYK,0,0.3358643
0022401201,2024-12-10,2024-25,MIL,ORL,1,0.6545197
0022401203,2024-12-10,2024-25,OKC,DAL,1,0.6649571
0022401202,2024-12-11,2024-25,NYK,ATL,0,0.73481494
0022401204,2024-12-11,2024-25,HOU,GSW,1,0.67066854
0022401205,2024-12-12,2024-25,BOS,DET,1,0.7329196
0022401206,2024-12-12,2024-25,MIA,TOR,1,0.7396254
0022401207,2024-12-12,2024-25,NOP,SAC,0,0.22850919
0022401208,2024-12-13,2024-25,CLE,WAS,1,0.92602813
0022401209,2024-12-13,2024-25,PHI,IND,0,0.6301097
0022401210,2024-12-13,2024-25,MIN,LAL,1,0.7173916
0022401211,2024-12-13,2024-25,MEM,BKN,1,0.8532869
0022401212,2024-12-13,2024-25,CHI,CHA,1,0.7507142
0022401213,2024-12-13,2024-25,DEN,LAC,1,0.7668335
0022401214,2024-12-13,2024-25,UTA,PHX,0,0.30001372
0022401215,2024-12-13,2024-25,POR,SAS,0,0.35883334
0022401216,2024-12-15,2024-25,IND,NOP,1,0.7074987
0022401217,2024-12-15,2024-25,WAS,BOS,0,0.100128405
0022401218,2024-12-15,2024-25,SAS,MIN,0,0.3765742
0022401219,2024-12-15,2024-25,PHX,POR,1,0.75416607
0022401220,2024-12-15,2024-25,LAL,MEM,1,0.3268021
0022401227,2024-12-15,2024-25,ORL,NYK,0,0.40009943
0022401228,2024-12-15,2024-25,GSW,DAL,0,0.37390247
0022401221,2024-12-16,2024-25,DET,MIA,1,0.40168878
0022401222,2024-12-16,2024-25,CHA,PHI,0,0.46082532
0022401223,2024-12-16,2024-25,TOR,CHI,0,0.4507053
0022401224,2024-12-16,2024-25,BKN,CLE,0,0.20360526
0022401225,2024-12-16,2024-25,SAC,DEN,0,0.44674093
0022401226,2024-12-16,2024-25,LAC,UTA,1,0.7598667
0022400360,2024-12-19,2024-25,DET,UTA,0,0.7418381
0022400361,2024-12-19,2024-25,ORL,OKC,0,0.29768562
0022400362,2024-12-19,2024-25,WAS,CHA,1,0.3535932
0022400363,2024-12-19,2024-25,BOS,CHI,0,0.8278504
0022400364,2024-12-19,2024-25,TOR,BKN,0,0.6039191
0022400365,2024-12-19,2024-25,HOU,NOP,1,0.81903625
0022400366,2024-12-19,2024-25,MEM,GSW,1,0.7217509
0022400367,2024-12-19,2024-25,MIN,NYK,0,0.58981365
0022400368,2024-12-19,2024-25,DAL,LAC,0,0.5788182
0022400369,2024-12-19,2024-25,PHX,IND,0,0.59085256
0022400370,2024-12-19,2024-25,SAS,ATL,1,0.540219
0022400371,2024-12-19,2024-25,POR,DEN,1,0.1849894
0022400372,2024-12-19,2024-25,SAC,LAL,0,0.67098117
0022400373,2024-12-20,2024-25,PHI,CHA,1,0.8311695
0022400374,2024-12-20,2024-25,CLE,MIL,1,0.66279525
0022400375,2024-12-20,2024-25,MIA,OKC,0,0.35798976
0022400376,2024-12-21,2024-25,SAC,LAL,0,0.71823955
0022400377,2024-12-21,2024-25,ORL,MIA,1,0.65068084
0022400378,2024-12-21,2024-25,ATL,MEM,0,0.24414298
0022400379,2024-12-21,2024-25,BKN,UTA,0,0.5622433
0022400380,2024-12-21,2024-25,CLE,PHI,1,0.8409702
0022400381,2024-12-21,2024-25,CHI,BOS,0,0.30788198
0022400382,2024-12-21,2024-25,MIL,WAS,1,0.83713853
0022400383,2024-12-21,2024-25,MIN,GSW,0,0.7601776
0022400384,2024-12-21,2024-25,NOP,NYK,0,0.18765764
0022400385,2024-12-21,2024-25,DAL,LAC,1,0.6163241
0022400386,2024-12-21,2024-25,SAS,POR,1,0.788382
0022400387,2024-12-21,2024-25,PHX,DET,0,0.63438815
0022400388,2024-12-22,2024-25,TOR,HOU,0,0.31567526
0022400389,2024-12-22,2024-25,SAC,IND,0,0.67383254
0022400390,2024-12-22,2024-25,NOP,DEN,0,0.13375336
0022400391,2024-12-23,2024-25,CHA,HOU,0,0.38623455
0022400392,2024-12-23,2024-25,CLE,UTA,1,0.88312685
0022400393,2024-12-23,2024-25,ORL,BOS,1,0.31405658
0022400394,2024-12-23,2024-25,PHI,SAS,1,0.51634806
0022400395,2024-12-23,2024-25,ATL,MIN,1,0.38393262
0022400396,2024-12-23,2024-25,MIA,BKN,1,0.7785762
0022400397,2024-12-23,2024-25,NYK,TOR,1,0.84276694
0022400398,2024-12-23,2024-25,CHI,MIL,0,0.5474446
0022400399,2024-12-23,2024-25,MEM,LAC,0,0.7529447
0022400400,2024-12-23,2024-25,OKC,WAS,1,0.9356485
0022400401,2024-12-23,2024-25,DAL,POR,1,0.85078967
0022400402,2024-12-23,2024-25,DEN,PHX,1,0.6956675
0022400403,2024-12-23,2024-25,GSW,IND,0,0.5770791
0022400404,2024-12-23,2024-25,LAL,DET,0,0.653443
0022400405,2024-12-25,2024-25,NYK,SAS,1,0.74829286
0022400406,2024-12-25,2024-25,DAL,MIN,0,0.67798585
0022400407,2024-12-25,2024-25,BOS,PHI,0,0.7584398
0022400408,2024-12-25,2024-25,GSW,LAL,0,0.49114436
0022400409,2024-12-25,2024-25,PHX,DEN,1,0.31782255
0022400410,2024-12-26,2024-25,IND,OKC,0,0.30623162
0022400411,2024-12-26,2024-25,ORL,MIA,0,0.5980198
0022400412,2024-12-26,2024-25,WAS,CHA,1,0.3555243
0022400413,2024-12-26,2024-25,ATL,CHI,1,0.67504233
0022400414,2024-12-26,2024-25,MEM,TOR,1,0.8610573
0022400415,2024-12-26,2024-25,MIL,BKN,0,0.8153673
0022400416,2024-12-26,2024-25,NOP,HOU,0,0.26978895
0022400417,2024-12-26,2024-25,POR,UTA,1,0.6839141
0022400418,2024-12-26,2024-25,SAC,DET,0,0.62967527
0022400419,2024-12-27,2024-25,ORL,NYK,0,0.32174647
0022400420,2024-12-27,2024-25,BOS,IND,1,0.8341891
0022400421,2024-12-27,2024-25,BKN,SAS,0,0.19237582
0022400422,2024-12-27,2024-25,HOU,MIN,0,0.46435025
0022400423,2024-12-27,2024-25,NOP,MEM,0,0.17364451
0022400424,2024-12-27,2024-25,DEN,CLE,0,0.4969253
0022400425,2024-12-27,2024-25,PHX,DAL,0,0.49240202
0022400426,2024-12-27,2024-25,LAC,GSW,1,0.7542144
0022400427,2024-12-28,2024-25,ATL,MIA,1,0.5354197
0022400428,2024-12-28,2024-25,CHA,OKC,0,0.14941494
0022400429,2024-12-28,2024-25,WAS,NYK,0,0.17402646
0022400430,2024-12-28,2024-25,CHI,MIL,1,0.45470116
0022400431,2024-12-28,2024-25,GSW,PHX,1,0.58418465
0022400432,2024-12-28,2024-25,DEN,DET,1,0.7211212
0022400433,2024-12-28,2024-25,UTA,PHI,0,0.263531
0022400434,2024-12-28,2024-25,POR,DAL,1,0.34883645
0022400435,2024-12-28,2024-25,LAL,SAC,1,0.44960365
0022400436,2024-12-29,2024-25,ORL,BKN,1,0.7976746
0022400437,2024-12-29,2024-25,BOS,IND,0,0.82176757
0022400438,2024-12-29,2024-25,TOR,ATL,0,0.4901483
0022400439,2024-12-29,2024-25,HOU,MIA,0,0.71107036
0022400440,2024-12-29,2024-25,OKC,MEM,1,0.6544329
0022400441,2024-12-29,2024-25,MIN,SAS,1,0.6134657
0022400442,2024-12-30,2024-25,CHA,CHI,0,0.24242127
0022400443,2024-12-30,2024-25,WAS,NYK,0,0.1371386
0022400444,2024-12-30,2024-25,NOP,LAC,0,0.27567255
0022400445,2024-12-30,2024-25,UTA,DEN,0,0.19629458
0022400446,2024-12-30,2024-25,GSW,CLE,0,0.31436208
0022400447,2024-12-30,2024-25,POR,PHI,0,0.33520257
0022400448,2024-12-30,2024-25,SAC,DAL,1,0.7468634
0022400449,2024-12-31,2024-25,BOS,TOR,1,0.88991666
0022400450,2024-12-31,2024-25,IND,MIL,0,0.37028942
0022400451,2024-12-31,2024-25,SAS,LAC,1,0.59061414
0022400452,2024-12-31,2024-25,OKC,MIN,1,0.7707639
0022400453,2024-12-31,2024-25,PHX,MEM,0,0.43635276
0022400454,2024-12-31,2024-25,LAL,CLE,0,0.37717736
0022400455,2025-01-01,2024-25,DET,ORL,1,0.56158364
0022400456,2025-01-01,2024-25,WAS,CHI,1,0.25329983
0022400457,2025-01-01,2024-25,MIA,NOP,1,0.8172879
0022400458,2025-01-01,2024-25,NYK,UTA,1,0.8427996
0022400459,2025-01-01,2024-25,TOR,BKN,1,0.5900144
0022400460,2025-01-01,2024-25,HOU,DAL,1,0.5991906
0022400461,2025-01-01,2024-25,DEN,ATL,1,0.75254625
0022400462,2025-01-01,2024-25,SAC,PHI,1,0.76398647
0022400463,2025-01-02,2024-25,MIA,IND,0,0.5414664
0022400464,2025-01-02,2024-25,MIN,BOS,0,0.33288088
0022400465,2025-01-02,2024-25,MIL,BKN,0,0.8815779
0022400466,2025-01-02,2024-25,OKC,LAC,1,0.8408585
0022400467,2025-01-02,2024-25,GSW,PHI,1,0.611211
0022400468,2025-01-02,2024-25,LAL,POR,1,0.75122714
0022400469,2025-01-03,2024-25,DET,CHA,1,0.76795775
0022400470,2025-01-03,2024-25,TOR,ORL,0,0.4151834
0022400471,2025-01-03,2024-25,HOU,BOS,0,0.4175783
0022400472,2025-01-03,2024-25,NOP,WAS,1,0.6591088
0022400473,2025-01-03,2024-25,OKC,NYK,1,0.5943436
0022400474,2025-01-03,2024-25,DAL,CLE,0,0.31339702
0022400475,2025-01-03,2024-25,DEN,SAS,0,0.7309495
0022400476,2025-01-03,2024-25,SAC,MEM,1,0.50709534
0022400477,2025-01-03,2024-25,LAL,ATL,1,0.4563114
0022400478,2025-01-04,2024-25,BKN,PHI,0,0.23103201
0022400479,2025-01-04,2024-25,DET,MIN,1,0.38870478
0022400480,2025-01-04,2024-25,IND,PHX,1,0.58010435
0022400481,2025-01-04,2024-25,MIA,UTA,0,0.73287344
0022400482,2025-01-04,2024-25,CHI,NYK,1,0.45966813
0022400483,2025-01-04,2024-25,MIL,POR,0,0.8659067
0022400484,2025-01-04,2024-25,SAS,DEN,0,0.38663253
0022400485,2025-01-04,2024-25,GSW,MEM,1,0.42709592
0022400486,2025-01-04,2024-25,LAC,ATL,1,0.7421822
0022400487,2025-01-05,2024-25,OKC,BOS,1,0.5799302
0022400488,2025-01-05,2024-25,CLE,CHA,1,0.8490706
0022400489,2025-01-05,2024-25,WAS,NOP,0,0.43280074
0022400490,2025-01-05,2024-25,ORL,UTA,0,0.7563272
0022400491,2025-01-05,2024-25,HOU,LAL,1,0.53333986
0022400492,2025-01-05,2024-25,GSW,SAC,0,0.4968078
0022400493,2025-01-06,2024-25,DET,POR,1,0.73592955
0022400494,2025-01-06,2024-25,PHI,PHX,0,0.47297025
0022400495,2025-01-06,2024-25,BKN,IND,0,0.15307891
0022400496,2025-01-06,2024-25,NYK,ORL,0,0.81988746
0022400497,2025-01-06,2024-25,TOR,MIL,0,0.25422361
0022400498,2025-01-06,2024-25,CHI,SAS,1,0.51668173
0022400499,2025-01-06,2024-25,MEM,DAL,1,0.6193069
0022400500,2025-01-06,2024-25,MIN,LAC,1,0.4955794
0022400501,2025-01-06,2024-25,SAC,MIA,1,0.5220436
0022400502,2025-01-07,2024-25,CHA,PHX,1,0.4641699
0022400503,2025-01-07,2024-25,WAS,HOU,0,0.29071438
0022400504,2025-01-07,2024-25,DAL,LAL,1,0.45791155
0022400505,2025-01-07,2024-25,NOP,MIN,0,0.41498196
0022400506,2025-01-07,2024-25,UTA,ATL,0,0.3603627
0022400507,2025-01-07,2024-25,DEN,BOS,0,0.33281937
0022400508,2025-01-07,2024-25,GSW,MIA,0,0.6751108
0022400509,2025-01-08,2024-25,CLE,OKC,1,0.49227175
0022400510,2025-01-08,2024-25,IND,CHI,1,0.5411554
0022400511,2025-01-08,2024-25,NYK,TOR,1,0.797342
0022400512,2025-01-08,2024-25,PHI,WAS,1,0.80112106
0022400513,2025-01-08,2024-25,BKN,DET,0,0.23148677
0022400514,2025-01-08,2024-25,NOP,POR,0,0.56382596
0022400515,2025-01-08,2024-25,DEN,LAC,1,0.39925015
0022400516,2025-01-08,2024-25,MIL,SAS,1,0.7457642
0022400517,2025-01-09,2024-25,CLE,TOR,1,0.8253565
0022400518,2025-01-09,2024-25,DET,GSW,0,0.5094159
0022400519,2025-01-09,2024-25,ORL,MIN,0,0.43968576
0022400520,2025-01-09,2024-25,MEM,HOU,0,0.7587018
0022400521,2025-01-09,2024-25,DAL,POR,1,0.7606034
0022400522,2025-01-09,2024-25,PHX,ATL,1,0.6562276
0022400523,2025-01-09,2024-25,UTA,MIA,0,0.33466604
0022400525,2025-01-10,2024-25,IND,GSW,1,0.8734399
0022400526,2025-01-10,2024-25,ORL,MIL,0,0.28635275
0022400527,2025-01-10,2024-25,PHI,NOP,0,0.7059553
0022400528,2025-01-10,2024-25,BOS,SAC,0,0.7660843
0022400529,2025-01-10,2024-25,NYK,OKC,0,0.4140934
0022400530,2025-01-10,2024-25,CHI,WAS,1,0.844177
0022400531,2025-01-10,2024-25,DEN,BKN,1,0.910953
0022400533,2025-01-11,2024-25,PHX,UTA,1,0.77242106
0022400534,2025-01-11,2024-25,DET,TOR,1,0.6870665
0022400535,2025-01-11,2024-25,MIN,MEM,0,0.39926386
0022400536,2025-01-11,2024-25,POR,MIA,0,0.31192905
0022400539,2025-01-12,2024-25,NYK,MIL,1,0.5521437
0022400540,2025-01-12,2024-25,DAL,DEN,0,0.30982107
0022400541,2025-01-12,2024-25,CHI,SAC,0,0.49417135
0022400542,2025-01-12,2024-25,BOS,NOP,1,0.861971
0022400543,2025-01-12,2024-25,CLE,IND,0,0.71688735
0022400544,2025-01-12,2024-25,ORL,PHI,1,0.52617365
0022400545,2025-01-12,2024-25,WAS,OKC,0,0.12879577
0022400546,2025-01-12,2024-25,UTA,BKN,1,0.5711835
0022400547,2025-01-12,2024-25,PHX,CHA,1,0.6376393
0022400548,2025-01-13,2024-25,WAS,MIN,0,0.18998103
0022400549,2025-01-13,2024-25,NYK,DET,0,0.7445769
0022400550,2025-01-13,2024-25,TOR,GSW,1,0.53613055
0022400551,2025-01-13,2024-25,HOU,MEM,1,0.34926018
0022400552,2025-01-13,2024-25,LAL,SAS,0,0.65513164
0022400553,2025-01-13,2024-25,LAC,MIA,1,0.62286365
0022400554,2025-01-14,2024-25,IND,CLE,0,0.29638383
0022400555,2025-01-14,2024-25,PHI,OKC,0,0.12476681
0022400556,2025-01-14,2024-25,ATL,PHX,1,0.43609235
0022400557,2025-01-14,2024-25,CHI,NOP,0,0.70982337
0022400558,2025-01-14,2024-25,MIL,SAC,1,0.6591128
0022400559,2025-01-14,2024-25,DAL,DEN,0,0.3436553
0022400560,2025-01-14,2024-25,POR,BKN,0,0.5997569
0022400561,2025-01-15,2024-25,PHI,NYK,0,0.27957487
0022400562,2025-01-15,2024-25,TOR,BOS,1,0.21463291
0022400563,2025-01-15,2024-25,CHI,ATL,0,0.799916
0022400564,2025-01-15,2024-25,MIL,ORL,1,0.7076728
0022400565,2025-01-15,2024-25,MIN,GSW,0,0.78037924
0022400566,2025-01-15,2024-25,NOP,DAL,1,0.46155322
0022400567,2025-01-15,2024-25,SAS,MEM,0,0.32403305
0022400568,2025-01-15,2024-25,DEN,HOU,0,0.53520364
0022400569,2025-01-15,2024-25,UTA,CHA,0,0.3283605
0022400570,2025-01-15,2024-25,LAL,MIA,1,0.5422887
0022400571,2025-01-15,2024-25,LAC,BKN,1,0.8874824
0022400572,2025-01-16,2024-25,DET,IND,0,0.4245008
0022400573,2025-01-16,2024-25,WAS,PHX,0,0.19736426
0022400574,2025-01-16,2024-25,OKC,CLE,1,0.6081416
0022400575,2025-01-16,2024-25,POR,LAC,0,0.2690155
0022400576,2025-01-16,2024-25,SAC,HOU,1,0.71790737
0022400577,2025-01-17,2024-25,BOS,ORL,1,0.8319154
0022400578,2025-01-17,2024-25,NYK,MIN,0,0.6453125
0022400579,2025-01-17,2024-25,MIA,DEN,0,0.38573462
0022400580,2025-01-17,2024-25,MIL,TOR,1,0.8650258
0022400581,2025-01-17,2024-25,NOP,UTA,1,0.7552082
0022400582,2025-01-17,2024-25,SAS,MEM,0,0.35974717
0022400583,2025-01-17,2024-25,DAL,OKC,1,0.37747604
0022400584,2025-01-17,2024-25,CHI,CHA,0,0.6867933
0022400585,2025-01-17,2024-25,LAL,BKN,1,0.7997654
0022400586,2025-01-18,2024-25,DET,PHX,0,0.4026998
0022400587,2025-01-18,2024-25,BOS,ATL,0,0.66861594
0022400588,2025-01-18,2024-25,IND,PHI,1,0.8064259
0022400589,2025-01-18,2024-25,GSW,WAS,1,0.7698344
0022400590,2025-01-18,2024-25,MIN,CLE,0,0.24301231
0022400591,2025-01-18,2024-25,POR,HOU,0,0.24199513
0022400592,2025-01-19,2024-25,MIA,SAS,1,0.69581544
0022400593,2025-01-19,2024-25,ORL,DEN,0,0.20292924
0022400594,2025-01-19,2024-25,MIL,PHI,1,0.87086517
0022400595,2025-01-19,2024-25,OKC,BKN,1,0.9031114
0022400596,2025-01-19,2024-25,LAC,LAL,1,0.6301598
0022400597,2025-01-19,2024-25,POR,CHI,1,0.24600084
0022400598,2025-01-19,2024-25,SAC,WAS,1,0.8993214
0022400599,2025-01-20,2024-25,CHA,DAL,1,0.5132232
0022400600,2025-01-20,2024-25,HOU,DET,0,0.69940245
0022400601,2025-01-20,2024-25,MEM,MIN,1,0.71406925
0022400602,2025-01-20,2024-25,NYK,ATL,1,0.635822
0022400603,2025-01-20,2024-25,CLE,PHX,1,0.63251066
0022400604,2025-01-20,2024-25,GSW,BOS,0,0.25532192
0022400605,2025-01-20,2024-25,NOP,UTA,1,0.70385295
0022400611,2025-01-20,2024-25,LAC,CHI,0,0.4507107
0022400606,2025-01-21,2024-25,BKN,NYK,0,0.21928452
0022400607,2025-01-21,2024-25,MIA,POR,0,0.79512227
0022400608,2025-01-21,2024-25,TOR,ORL,1,0.5134577
0022400609,2025-01-21,2024-25,DEN,PHI,1,0.86748755
0022400610,2025-01-21,2024-25,LAL,WAS,1,0.8360363
0022400612,2025-01-22,2024-25,ATL,DET,0,0.67918205
0022400613,2025-01-22,2024-25,BKN,PHX,0,0.16088037
0022400614,2025-01-22,2024-25,DAL,MIN,0,0.52557105
0022400615,2025-01-22,2024-25,HOU,CLE,1,0.494889
0022400616,2025-01-22,2024-25,MEM,CHA,1,0.7686961
0022400618,2025-01-22,2024-25,OKC,UTA,1,0.8943708
0022400619,2025-01-22,2024-25,SAC,GSW,1,0.7949506
0022400620,2025-01-22,2024-25,LAC,BOS,0,0.16759121
0022400622,2025-01-23,2024-25,ORL,POR,0,0.76414394
0022400623,2025-01-23,2024-25,ATL,TOR,0,0.74935377
0022400624,2025-01-23,2024-25,MIL,MIA,1,0.70316917
0022400625,2025-01-23,2024-25,OKC,DAL,0,0.87362385
0022400626,2025-01-23,2024-25,DEN,SAC,1,0.7292641
0022400628,2025-01-23,2024-25,GSW,CHI,1,0.3258612
0022400629,2025-01-23,2024-25,LAL,BOS,1,0.52735597
0022400983,2025-01-23,2024-25,LAC,WAS,1,0.8055979
0022400630,2025-01-24,2024-25,CHA,POR,0,0.43248883
0022400631,2025-01-24,2024-25,PHI,CLE,1,0.33545265
0022400632,2025-01-24,2024-25,MEM,NOP,1,0.7147564
0022400634,2025-01-25,2024-25,MIN,DEN,1,0.26374498
0022400635,2025-01-25,2024-25,DAL,BOS,0,0.30810326
0022400636,2025-01-25,2024-25,BKN,MIA,0,0.2429679
0022400637,2025-01-25,2024-25,CHA,NOP,1,0.43208817
0022400638,2025-01-25,2024-25,ORL,DET,1,0.5247175
0022400639,2025-01-25,2024-25,ATL,TOR,0,0.66721654
0022400640,2025-01-25,2024-25,CLE,HOU,0,0.59223986
0022400641,2025-01-25,2024-25,NYK,SAC,1,0.5862695
0022400642,2025-01-25,2024-25,CHI,PHI,0,0.7400078
0022400643,2025-01-25,2024-25,MEM,UTA,1,0.7761601
0022400644,2025-01-25,2024-25,GSW,LAL,0,0.3470233
0022400645,2025-01-25,2024-25,PHX,WAS,1,0.82653296
0022400646,2025-01-25,2024-25,LAC,MIL,1,0.5011201
0022400647,2025-01-26,2024-25,POR,OKC,0,0.19253975
0022400648,2025-01-27,2024-25,CHA,LAL,0,0.36008233
0022400649,2025-01-27,2024-25,CLE,DET,1,0.7078318
0022400650,2025-01-27,2024-25,BOS,HOU,0,0.5713449
0022400651,2025-01-27,2024-25,BKN,SAC,0,0.19193177
0022400652,2025-01-27,2024-25,MIA,ORL,1,0.53127545
0022400653,2025-01-27,2024-25,NYK,MEM,1,0.55030304
0022400654,2025-01-27,2024-25,TOR,NOP,1,0.45201397
0022400655,2025-01-27,2024-25,CHI,DEN,1,0.26227957
0022400656,2025-01-27,2024-25,MIN,ATL,1,0.7927975
0022400657,2025-01-27,2024-25,DAL,WAS,1,0.72764945
0022400658,2025-01-27,2024-25,UTA,MIL,0,0.19754171
0022400659,2025-01-27,2024-25,PHX,LAC,1,0.5231811
0022400532,2025-01-28,2024-25,ATL,HOU,0,0.3549953
0022400660,2025-01-28,2024-25,PHI,LAL,1,0.33034486
0022400661,2025-01-28,2024-25,GSW,UTA,1,0.69936883
0022400662,2025-01-28,2024-25,POR,MIL,1,0.29208678
0022400663,2025-01-29,2024-25,CHA,BKN,0,0.5995285
0022400664,2025-01-29,2024-25,IND,DET,1,0.6573289
0022400665,2025-01-29,2024-25,WAS,TOR,0,0.39266574
0022400666,2025-01-29,2024-25,BOS,CHI,1,0.701076
0022400667,2025-01-29,2024-25,MIA,CLE,0,0.44614977
0022400668,2025-01-29,2024-25,NYK,DEN,1,0.49524862
0022400669,2025-01-29,2024-25,PHI,SAC,1,0.27069798
0022400670,2025-01-29,2024-25,NOP,DAL,0,0.6296345
0022400671,2025-01-29,2024-25,SAS,LAC,0,0.4538665
0022400672,2025-01-29,2024-25,PHX,MIN,0,0.5906435
0022400673,2025-01-29,2024-25,GSW,OKC,1,0.16735707
0022400674,2025-01-30,2024-25,WAS,LAL,0,0.21130319
0022400675,2025-01-30,2024-25,CLE,ATL,1,0.76501775
0022400676,2025-01-30,2024-25,MEM,HOU,1,0.5601942
0022400677,2025-01-30,2024-25,UTA,MIN,0,0.4218667
0022400678,2025-01-30,2024-25,POR,ORL,1,0.4502159
0022400679,2025-01-31,2024-25,CHA,LAC,0,0.19465394
0022400680,2025-01-31,2024-25,DET,DAL,1,0.5663284
0022400681,2025-01-31,2024-25,PHI,DEN,0,0.25851145
0022400682,2025-01-31,2024-25,TOR,CHI,0,0.45166802
0022400683,2025-01-31,2024-25,NOP,BOS,0,0.27679902
0022400684,2025-01-31,2024-25,SAS,MIL,1,0.33873153
0022400685,2025-01-31,2024-25,GSW,PHX,0,0.4343486
0022400686,2025-02-01,2024-25,IND,ATL,1,0.7768388
0022400687,2025-02-01,2024-25,UTA,ORL,1,0.39172435
0022400688,2025-02-01,2024-25,CHA,DEN,0,0.15113752
0022400689,2025-02-01,2024-25,HOU,BKN,0,0.84467953
0022400690,2025-02-01,2024-25,MIN,WAS,0,0.825464
0022400691,2025-02-01,2024-25,OKC,SAC,1,0.7145339
0022400692,2025-02-01,2024-25,NYK,LAL,0,0.7133234
0022400693,2025-02-01,2024-25,SAS,MIA,0,0.34535682
0022400694,2025-02-01,2024-25,POR,PHX,1,0.46032962
0022400695,2025-02-02,2024-25,DET,CHI,1,0.59150106
0022400696,2025-02-02,2024-25,CLE,DAL,1,0.88470113
0022400697,2025-02-02,2024-25,TOR,LAC,1,0.28551906
0022400698,2025-02-02,2024-25,PHI,BOS,0,0.32489315
0022400699,2025-02-02,2024-25,MIL,MEM,0,0.69017917
0022400700,2025-02-03,2024-25,CHA,WAS,0,0.67571086
0022400701,2025-02-03,2024-25,DET,ATL,0,0.661113
0022400702,2025-02-03,2024-25,NYK,HOU,1,0.7409435
0022400703,2025-02-03,2024-25,MEM,SAS,1,0.6169946
0022400704,2025-02-03,2024-25,MIN,SAC,0,0.5528658
0022400705,2025-02-03,2024-25,OKC,MIL,1,0.8317815
0022400706,2025-02-03,2024-25,DEN,NOP,1,0.793499
0022400707,2025-02-03,2024-25,UTA,IND,0,0.28058907
0022400708,2025-02-03,2024-25,GSW,ORL,1,0.55069
0022400709,2025-02-03,2024-25,POR,PHX,1,0.43548274
0022400710,2025-02-04,2024-25,CLE,BOS,0,0.656765
0022400711,2025-02-04,2024-25,BKN,HOU,1,0.23483998
0022400712,2025-02-04,2024-25,PHI,DAL,1,0.6274016
0022400713,2025-02-04,2024-25,TOR,NYK,0,0.2907225
0022400714,2025-02-04,2024-25,CHI,MIA,1,0.461086
0022400715,2025-02-04,2024-25,LAC,LAL,0,0.59404737
0022400716,2025-02-04,2024-25,POR,IND,1,0.32133144
0022400717,2025-02-05,2024-25,CHA,MIL,0,0.27775338
0022400718,2025-02-05,2024-25,DET,CLE,0,0.422597
0022400719,2025-02-05,2024-25,ATL,SAS,0,0.35222426
0022400720,2025-02-05,2024-25,BKN,WAS,0,0.5605853
0022400721,2025-02-05,2024-25,PHI,MIA,0,0.5814956
0022400722,2025-02-05,2024-25,TOR,MEM,0,0.2669114
0022400723,2025-02-05,2024-25,MIN,CHI,1,0.7265942
0022400724,2025-02-05,2024-25,OKC,PHX,1,0.8195935
0022400725,2025-02-05,2024-25,UTA,GSW,1,0.48370424
0022400726,2025-02-05,2024-25,DEN,NOP,1,0.7732274
0022400727,2025-02-05,2024-25,SAC,ORL,0,0.6863522
0022400728,2025-02-06,2024-25,BOS,DAL,0,0.7790823
0022400729,2025-02-06,2024-25,MIN,HOU,1,0.52083
0022400730,2025-02-06,2024-25,DEN,ORL,1,0.74204963
0022400731,2025-02-06,2024-25,LAL,GSW,1,0.8396825
0022400732,2025-02-06,2024-25,POR,SAC,1,0.5061312
0022400733,2025-02-06,2024-25,LAC,IND,0,0.51201683
0022400734,2025-02-07,2024-25,CHA,SAS,1,0.30174112
0022400735,2025-02-07,2024-25,WAS,CLE,0,0.16344735
0022400736,2025-02-07,2024-25,ATL,MIL,1,0.4239389
0022400737,2025-02-07,2024-25,BKN,MIA,1,0.27824023
0022400738,2025-02-07,2024-25,DET,PHI,1,0.4478603
0022400739,2025-02-07,2024-25,OKC,TOR,1,0.9124956
0022400740,2025-02-07,2024-25,PHX,UTA,1,0.70393974
0022400741,2025-02-08,2024-25,DAL,HOU,1,0.5539824
0022400742,2025-02-08,2024-25,LAL,IND,1,0.35328034
0022400743,2025-02-08,2024-25,ORL,SAS,1,0.52586126
0022400744,2025-02-08,2024-25,WAS,ATL,0,0.26272207
0022400745,2025-02-08,2024-25,CHI,GSW,0,0.52075523
0022400746,2025-02-08,2024-25,MEM,OKC,0,0.38605714
0022400747,2025-02-08,2024-25,MIN,POR,1,0.5662381
0022400748,2025-02-08,2024-25,NYK,BOS,0,0.54093254
0022400749,2025-02-08,2024-25,PHX,DEN,0,0.21680117
0022400750,2025-02-08,2024-25,SAC,NOP,1,0.69012165
0022400751,2025-02-08,2024-25,LAC,UTA,1,0.8700804
0022400752,2025-02-09,2024-25,DET,CHA,1,0.8654323
0022400753,2025-02-09,2024-25,HOU,TOR,1,0.66495484
0022400754,2025-02-09,2024-25,MIL,PHI,1,0.42985475
0022400755,2025-02-10,2024-25,CLE,MIN,1,0.6632084
0022400756,2025-02-10,2024-25,ORL,ATL,0,0.62847066
0022400757,2025-02-10,2024-25,WAS,SAS,0,0.23659478
0022400758,2025-02-10,2024-25,BKN,CHA,1,0.5800925
0022400759,2025-02-10,2024-25,MIA,BOS,0,0.3724259
0022400760,2025-02-10,2024-25,MIL,GSW,0,0.49586138
0022400761,2025-02-10,2024-25,OKC,NOP,1,0.8508446
0022400762,2025-02-10,2024-25,DAL,SAC,0,0.37500885
0022400763,2025-02-10,2024-25,DEN,POR,1,0.74708
0022400768,2025-02-10,2024-25,LAL,UTA,1,0.846074
0022400764,2025-02-11,2024-25,PHI,TOR,0,0.8241906
0022400765,2025-02-11,2024-25,IND,NYK,0,0.49617684
0022400766,2025-02-11,2024-25,CHI,DET,0,0.34264255
0022400767,2025-02-11,2024-25,PHX,MEM,0,0.45452806
0022400769,2025-02-12,2024-25,BOS,SAS,1,0.54668695
0022400770,2025-02-12,2024-25,ORL,CHA,1,0.8076972
0022400771,2025-02-12,2024-25,WAS,IND,0,0.26185215
0022400772,2025-02-12,2024-25,BKN,PHI,1,0.5634232
0022400773,2025-02-12,2024-25,NYK,ATL,1,0.6869462
0022400774,2025-02-12,2024-25,TOR,CLE,0,0.23079358
0022400775,2025-02-12,2024-25,CHI,DET,0,0.27443755
0022400776,2025-02-12,2024-25,MIN,MIL,0,0.72064936
0022400777,2025-02-12,2024-25,NOP,SAC,0,0.39192992
0022400778,2025-02-12,2024-25,OKC,MIA,1,0.85230845
0022400779,2025-02-12,2024-25,HOU,PHX,1,0.73595035
0022400780,2025-02-12,2024-25,DEN,POR,1,0.7769102
0022400781,2025-02-12,2024-25,UTA,LAL,1,0.22422142
0022400782,2025-02-12,2024-25,DAL,GSW,1,0.3520603
0022400783,2025-02-12,2024-25,LAC,MEM,1,0.6384816
0022400784,2025-02-13,2024-25,HOU,GSW,0,0.43407243
0022400785,2025-02-13,2024-25,NOP,SAC,1,0.29229826
0022400786,2025-02-13,2024-25,DAL,MIA,1,0.35640216
0022400787,2025-02-13,2024-25,MIN,OKC,1,0.22724189
0022401004,2025-02-13,2024-25,UTA,LAC,0,0.21964431
0022400524,2025-02-19,2024-25,LAL,CHA,0,0.8432608
0022400788,2025-02-20,2024-25,IND,MEM,1,0.60279906
0022400789,2025-02-20,2024-25,PHI,BOS,0,0.42232364
0022400790,2025-02-20,2024-25,ATL,ORL,0,0.41944802
0022400791,2025-02-20,2024-25,BKN,CLE,0,0.18206868
0022400792,2025-02-20,2024-25,NYK,CHI,1,0.7407675
0022400793,2025-02-20,2024-25,MIL,LAC,1,0.5473699
0022400794,2025-02-20,2024-25,DEN,CHA,1,0.93252075
0022400795,2025-02-20,2024-25,SAS,PHX,1,0.544843
0022400796,2025-02-20,2024-25,POR,LAL,0,0.49134424
0022400797,2025-02-21,2024-25,CLE,NYK,1,0.76750094
0022400798,2025-02-21,2024-25,ORL,MEM,0,0.41803518
0022400799,2025-02-21,2024-25,WAS,MIL,0,0.46355715
0022400800,2025-02-21,2024-25,TOR,MIA,0,0.48229745
0022400801,2025-02-21,2024-25,HOU,MIN,1,0.537931
0022400802,2025-02-21,2024-25,SAS,DET,0,0.24676682
0022400803,2025-02-21,2024-25,DAL,NOP,1,0.6021907
0022400804,2025-02-21,2024-25,UTA,OKC,0,0.12592608
0022400805,2025-02-21,2024-25,SAC,GSW,0,0.58085877
0022400806,2025-02-22,2024-25,CHI,PHX,0,0.35882857
0022400807,2025-02-22,2024-25,PHI,BKN,0,0.7982189
0022400808,2025-02-22,2024-25,DEN,LAL,0,0.60716057
0022400809,2025-02-22,2024-25,UTA,HOU,1,0.35589898
0022400810,2025-02-22,2024-25,POR,CHA,1,0.6595342
0022400811,2025-02-23,2024-25,BOS,NYK,1,0.61999774
0022400812,2025-02-23,2024-25,GSW,DAL,1,0.64625525
0022400813,2025-02-23,2024-25,IND,LAC,1,0.6323572
0022400814,2025-02-23,2024-25,ATL,DET,0,0.2762141
0022400815,2025-02-23,2024-25,ORL,WAS,1,0.8089349
0022400816,2025-02-23,2024-25,TOR,PHX,1,0.39992082
0022400817,2025-02-23,2024-25,MIL,MIA,1,0.66491127
0022400818,2025-02-23,2024-25,NOP,SAS,1,0.49848208
0022400819,2025-02-23,2024-25,CLE,MEM,1,0.7370922
0022400820,2025-02-23,2024-25,MIN,OKC,0,0.22517876
0022400821,2025-02-24,2024-25,DET,LAC,1,0.72044635
0022400822,2025-02-24,2024-25,IND,DEN,0,0.36004668
0022400823,2025-02-24,2024-25,PHI,CHI,0,0.6102425
0022400824,2025-02-24,2024-25,WAS,BKN,1,0.5242749
0022400825,2025-02-24,2024-25,ATL,MIA,1,0.5196883
0022400826,2025-02-24,2024-25,OKC,MIN,0,0.8710348
0022400827,2025-02-24,2024-25,UTA,POR,0,0.2548782
0022400828,2025-02-24,2024-25,SAC,CHA,1,0.8031496
0022400829,2025-02-25,2024-25,TOR,BOS,0,0.30903265
0022400830,2025-02-25,2024-25,ORL,CLE,0,0.33263925
0022400831,2025-02-25,2024-25,HOU,MIL,1,0.3948388
0022400832,2025-02-25,2024-25,MEM,PHX,1,0.53282535
0022400833,2025-02-25,2024-25,NOP,SAS,1,0.51889056
0022400834,2025-02-25,2024-25,GSW,CHA,1,0.88869596
0022400835,2025-02-25,2024-25,LAL,DAL,1,0.7755428
0022400836,2025-02-26,2024-25,DET,BOS,1,0.6789031
0022400837,2025-02-26,2024-25,IND,TOR,1,0.8293664
0022400838,2025-02-26,2024-25,NYK,PHI,1,0.7458111
0022400839,2025-02-26,2024-25,WAS,POR,0,0.36570016
0022400840,2025-02-26,2024-25,BKN,OKC,0,0.12464654
0022400841,2025-02-26,2024-25,MIA,ATL,1,0.54577
0022400842,2025-02-26,2024-25,CHI,LAC,0,0.34341276
0022400843,2025-02-26,2024-25,UTA,SAC,0,0.24476676
0022400844,2025-02-26,2024-25,HOU,SAS,1,0.58144104
0022400845,2025-02-27,2024-25,ORL,GSW,0,0.33354178
0022400846,2025-02-27,2024-25,MIL,DEN,1,0.37395287
0022400847,2025-02-27,2024-25,DAL,CHA,1,0.8013479
0022400848,2025-02-27,2024-25,PHX,NOP,0,0.64192027
0022400849,2025-02-27,2024-25,LAL,MIN,1,0.77699524
0022400850,2025-02-28,2024-25,DET,DEN,0,0.6211836
0022400851,2025-02-28,2024-25,ATL,OKC,0,0.20560467
0022400852,2025-02-28,2024-25,BOS,CLE,0,0.44498357
0022400853,2025-02-28,2024-25,BKN,POR,0,0.34469688
0022400854,2025-02-28,2024-25,MIA,IND,1,0.36391965
0022400855,2025-02-28,2024-25,CHI,TOR,1,0.5533733
0022400856,2025-02-28,2024-25,MEM,NYK,0,0.55828416
0022400857,2025-02-28,2024-25,PHX,NOP,1,0.7432292
0022400858,2025-02-28,2024-25,UTA,MIN,1,0.46267813
0022400859,2025-02-28,2024-25,LAL,LAC,1,0.6322412
0022400860,2025-03-01,2024-25,CHA,WAS,0,0.47959435
0022400861,2025-03-01,2024-25,DET,BKN,1,0.8492473
0022400862,2025-03-01,2024-25,HOU,SAC,0,0.5353074
0022400863,2025-03-01,2024-25,MEM,SAS,0,0.46855754
0022400864,2025-03-01,2024-25,PHI,GSW,1,0.30394036
0022400865,2025-03-01,2024-25,DAL,MIL,0,0.4606568
0022400866,2025-03-02,2024-25,BOS,DEN,1,0.4724952
0022400867,2025-03-02,2024-25,CLE,POR,1,0.7510714
0022400868,2025-03-02,2024-25,IND,CHI,1,0.82738066
0022400869,2025-03-02,2024-25,MIA,NYK,0,0.4548073
0022400870,2025-03-02,2024-25,ORL,TOR,0,0.684453
0022400871,2025-03-02,2024-25,SAS,OKC,0,0.14336523
0022400872,2025-03-02,2024-25,UTA,NOP,0,0.27884707
0022400873,2025-03-02,2024-25,PHX,MIN,0,0.4679798
0022400874,2025-03-02,2024-25,LAL,LAC,1,0.72444826
0022400875,2025-03-03,2024-25,CHA,GSW,0,0.18144429
0022400876,2025-03-03,2024-25,PHI,POR,0,0.35761738
0022400877,2025-03-03,2024-25,MIA,WAS,1,0.5451649
0022400878,2025-03-03,2024-25,MEM,ATL,0,0.5732094
0022400879,2025-03-03,2024-25,OKC,HOU,1,0.9222063
0022400880,2025-03-03,2024-25,DAL,SAC,0,0.51927155
0022400881,2025-03-03,2024-25,UTA,DET,0,0.19351602
0022400882,2025-03-04,2024-25,IND,HOU,1,0.7754343
0022400883,2025-03-04,2024-25,ORL,TOR,0,0.6486417
0022400884,2025-03-04,2024-25,ATL,MIL,0,0.32161814
0022400885,2025-03-04,2024-25,NYK,GSW,0,0.4620958
0022400886,2025-03-04,2024-25,CHI,CLE,0,0.1336744
0022400887,2025-03-04,2024-25,MIN,PHI,1,0.893113
0022400888,2025-03-04,2024-25,SAS,BKN,1,0.5473156
0022400889,2025-03-04,2024-25,PHX,LAC,1,0.58344394
0022400890,2025-03-04,2024-25,LAL,NOP,1,0.76570916
0022400891,2025-03-05,2024-25,BOS,POR,1,0.612713
0022400892,2025-03-05,2024-25,CHA,MIN,0,0.21558471
0022400893,2025-03-05,2024-25,CLE,MIA,1,0.8286396
0022400894,2025-03-05,2024-25,WAS,UTA,1,0.77168673
0022400895,2025-03-05,2024-25,MEM,OKC,0,0.23104966
0022400896,2025-03-05,2024-25,DEN,SAC,1,0.80579066
0022400897,2025-03-05,2024-25,MIL,DAL,1,0.72182345
0022400898,2025-03-05,2024-25,LAC,DET,1,0.27305678
0022400899,2025-03-06,2024-25,ATL,IND,1,0.4441608
0022400900,2025-03-06,2024-25,BOS,PHI,1,0.7858353
0022400901,2025-03-06,2024-25,BKN,GSW,0,0.22935244
0022400902,2025-03-06,2024-25,NOP,HOU,0,0.6408672
0022400903,2025-03-06,2024-25,LAL,NYK,1,0.75475055
0022400944,2025-03-06,2024-25,ORL,CHI,0,0.75885475
0022400904,2025-03-07,2024-25,CHA,CLE,0,0.13193
0022400905,2025-03-07,2024-25,TOR,UTA,1,0.50122696
0022400906,2025-03-07,2024-25,DAL,MEM,0,0.36374086
0022400907,2025-03-07,2024-25,MIA,MIN,0,0.3532804
0022400908,2025-03-07,2024-25,OKC,POR,1,0.65600485
0022400909,2025-03-07,2024-25,DEN,PHX,1,0.75172836
0022400910,2025-03-07,2024-25,SAC,SAS,1,0.6005973
0022400911,2025-03-07,2024-25,LAC,NYK,1,0.6387575
0022400912,2025-03-08,2024-25,CHA,BKN,1,0.25011924
0022400913,2025-03-08,2024-25,HOU,NOP,1,0.5703845
0022400914,2025-03-08,2024-25,ATL,IND,1,0.5117478
0022400915,2025-03-08,2024-25,TOR,WAS,0,0.4463414
0022400916,2025-03-08,2024-25,MIA,CHI,0,0.742297
0022400917,2025-03-08,2024-25,MIL,ORL,0,0.7858724
0022400918,2025-03-08,2024-25,BOS,LAL,1,0.52549696
0022400919,2025-03-08,2024-25,GSW,DET,1,0.57185066
0022400920,2025-03-09,2024-25,OKC,DEN,1,0.7585188
0022400921,2025-03-09,2024-25,DAL,PHX,0,0.36176288
0022400922,2025-03-09,2024-25,MIL,CLE,0,0.35092592
0022400923,2025-03-09,2024-25,NOP,MEM,0,0.30162156
0022400924,2025-03-09,2024-25,PHI,UTA,1,0.60549355
0022400925,2025-03-09,2024-25,MIN,SAS,1,0.8251776
0022400926,2025-03-09,2024-25,POR,DET,0,0.47372282
0022400927,2025-03-09,2024-25,LAC,SAC,1,0.65387654
0022400928,2025-03-10,2024-25,ATL,PHI,1,0.82283056
0022400929,2025-03-10,2024-25,BOS,UTA,1,0.8510756
0022400930,2025-03-10,2024-25,BKN,LAL,1,0.29848003
0022400931,2025-03-10,2024-25,MIA,CHA,0,0.77006805
0022400932,2025-03-10,2024-25,TOR,WAS,1,0.5759798
0022400933,2025-03-10,2024-25,CHI,IND,1,0.3692057
0022400934,2025-03-10,2024-25,HOU,ORL,1,0.50677085
0022400935,2025-03-10,2024-25,MEM,PHX,1,0.47261202
0022400936,2025-03-10,2024-25,OKC,DEN,0,0.71098316
0022400937,2025-03-10,2024-25,SAS,DAL,0,0.6067332
0022400938,2025-03-10,2024-25,GSW,POR,1,0.78326553
0022400939,2025-03-10,2024-25,SAC,NYK,0,0.5133167
0022400940,2025-03-11,2024-25,CLE,BKN,1,0.880154
0022400941,2025-03-11,2024-25,DET,WAS,1,0.8484294
0022400942,2025-03-11,2024-25,IND,MIL,1,0.4386384
0022400943,2025-03-11,2024-25,NOP,LAC,1,0.3748296
0022400945,2025-03-12,2024-25,ATL,CHA,1,0.7229346
0022400946,2025-03-12,2024-25,BOS,OKC,0,0.42164987
0022400947,2025-03-12,2024-25,TOR,PHI,1,0.37205857
0022400948,2025-03-12,2024-25,MIA,LAC,0,0.632921
0022400949,2025-03-12,2024-25,HOU,PHX,1,0.5562838
0022400950,2025-03-12,2024-25,MEM,UTA,1,0.74098146
0022400951,2025-03-12,2024-25,SAS,DAL,1,0.6299134
0022400952,2025-03-12,2024-25,DEN,MIN,0,0.48842925
0022400953,2025-03-12,2024-25,POR,NYK,0,0.6437625
0022400954,2025-03-13,2024-25,DET,WAS,0,0.8178333
0022400955,2025-03-13,2024-25,MIL,LAL,1,0.5601982
0022400956,2025-03-13,2024-25,CHI,BKN,1,0.4096613
0022400957,2025-03-13,2024-25,GSW,SAC,1,0.7071814
0022401141,2025-03-13,2024-25,NOP,ORL,0,0.49079177
0022400958,2025-03-14,2024-25,MIA,BOS,0,0.43640915
0022400959,2025-03-14,2024-25,PHI,IND,0,0.22981045
0022400960,2025-03-14,2024-25,ATL,LAC,0,0.5460551
0022400961,2025-03-14,2024-25,HOU,DAL,1,0.73587924
0022400962,2025-03-14,2024-25,MEM,CLE,0,0.3572015
0022400963,2025-03-14,2024-25,MIN,ORL,1,0.8686601
0022400964,2025-03-14,2024-25,SAS,CHA,0,0.59942526
0022400965,2025-03-14,2024-25,DEN,LAL,1,0.9106146
0022400966,2025-03-14,2024-25,UTA,TOR,0,0.50712144
0022400967,2025-03-14,2024-25,PHX,SAC,1,0.5680074
0022400968,2025-03-15,2024-25,BKN,BOS,0,0.37957472
0022400969,2025-03-15,2024-25,DET,OKC,0,0.49801686
0022400970,2025-03-15,2024-25,HOU,CHI,1,0.7347421
0022400971,2025-03-15,2024-25,MEM,MIA,1,0.5168112
0022400972,2025-03-15,2024-25,MIL,IND,1,0.6484374
0022400973,2025-03-15,2024-25,SAS,NOP,1,0.5343357
0022400974,2025-03-15,2024-25,GSW,NYK,1,0.75390726
0022400975,2025-03-15,2024-25,DEN,WAS,0,0.80783904
0022400538,2025-03-16,2024-25,LAC,CHA,1,0.7872027
0022400976,2025-03-16,2024-25,DAL,PHI,0,0.6953301
0022400977,2025-03-16,2024-25,LAL,PHX,1,0.72550404
0022400978,2025-03-16,2024-25,BKN,ATL,1,0.33211195
0022400979,2025-03-16,2024-25,CLE,ORL,0,0.8211413
0022400980,2025-03-16,2024-25,POR,TOR,1,0.7490955
0022400981,2025-03-16,2024-25,MIN,UTA,1,0.8505025
0022400982,2025-03-16,2024-25,MIL,OKC,0,0.3552696
0022400537,2025-03-17,2024-25,LAL,SAS,1,0.7891877
0022400984,2025-03-17,2024-25,NYK,MIA,1,0.51646113
0022400985,2025-03-17,2024-25,HOU,PHI,1,0.847085
0022400986,2025-03-17,2024-25,MIN,IND,0,0.8815868
0022400987,2025-03-17,2024-25,NOP,DET,0,0.26249886
0022400989,2025-03-17,2024-25,UTA,CHI,0,0.4776214
0022400990,2025-03-17,2024-25,GSW,DEN,0,0.8361947
0022400991,2025-03-17,2024-25,PHX,TOR,1,0.7639835
0022400992,2025-03-17,2024-25,SAC,MEM,1,0.6261558
0022400995,2025-03-17,2024-25,POR,WAS,1,0.60051084
0022400993,2025-03-18,2024-25,CHA,ATL,0,0.2159291
0022400994,2025-03-18,2024-25,BOS,BKN,1,0.72697675
0022400997,2025-03-18,2024-25,LAC,CLE,1,0.42620528
0022401012,2025-03-18,2024-25,GSW,MIL,1,0.5390217
0022400627,2025-03-19,2024-25,UTA,WAS,1,0.69684696
0022400998,2025-03-19,2024-25,IND,DAL,1,0.7069857
0022400999,2025-03-19,2024-25,ORL,HOU,0,0.479724
0022401000,2025-03-19,2024-25,MIA,DET,0,0.3078541
0022401001,2025-03-19,2024-25,MIN,NOP,0,0.8470162
0022401002,2025-03-19,2024-25,OKC,PHI,1,0.849497
0022401003,2025-03-19,2024-25,SAS,NYK,1,0.41773507
0022401006,2025-03-19,2024-25,LAL,DEN,1,0.7262571
0022401007,2025-03-19,2024-25,PHX,CHI,1,0.59004277
0022401008,2025-03-19,2024-25,POR,MEM,1,0.49553075
0022401009,2025-03-19,2024-25,SAC,CLE,1,0.34020826
0022400996,2025-03-20,2024-25,LAL,MIL,0,0.19722846
0022401005,2025-03-20,2024-25,GSW,TOR,1,0.8950983
0022401010,2025-03-20,2024-25,CHA,NYK,1,0.42044666
0022401011,2025-03-20,2024-25,IND,BKN,1,0.5513069
0022401013,2025-03-20,2024-25,SAC,CHI,0,0.70171523
0022401014,2025-03-21,2024-25,WAS,ORL,0,0.4523048
0022401015,2025-03-21,2024-25,MIA,HOU,0,0.3712763
0022401016,2025-03-21,2024-25,MIN,NOP,1,0.900007
0022401017,2025-03-21,2024-25,OKC,CHA,1,0.9338641
0022401018,2025-03-21,2024-25,SAS,PHI,1,0.7959159
0022401019,2025-03-21,2024-25,DAL,DET,1,0.19518079
0022401020,2025-03-21,2024-25,UTA,BOS,0,0.24667774
0022401021,2025-03-21,2024-25,PHX,CLE,1,0.29689342
0022401022,2025-03-21,2024-25,POR,DEN,1,0.35053176
0022401023,2025-03-21,2024-25,LAC,MEM,1,0.72732604
0022401024,2025-03-22,2024-25,IND,BKN,1,0.7506727
0022401025,2025-03-22,2024-25,ATL,GSW,1,0.41895857
0022401026,2025-03-22,2024-25,NYK,WAS,1,0.7362878
0022401027,2025-03-22,2024-25,SAC,MIL,0,0.4268357
0022401028,2025-03-22,2024-25,LAL,CHI,0,0.7843901
0022401029,2025-03-23,2024-25,DET,NOP,1,0.8770326
0022401030,2025-03-23,2024-25,UTA,CLE,0,0.181426
0022401031,2025-03-23,2024-25,ATL,PHI,1,0.8399905
0022401032,2025-03-23,2024-25,MIA,CHA,1,0.7821578
0022401033,2025-03-23,2024-25,TOR,SAS,0,0.39659163
0022401034,2025-03-23,2024-25,POR,BOS,0,0.37557998
0022401035,2025-03-23,2024-25,HOU,DEN,0,0.63366914
0022401036,2025-03-23,2024-25,LAC,OKC,0,0.45446077
0022401037,2025-03-24,2024-25,IND,MIN,1,0.38466153
0022401038,2025-03-24,2024-25,ORL,LAL,1,0.3250645
0022401039,2025-03-24,2024-25,WAS,TOR,0,0.7235717
0022401040,2025-03-24,2024-25,BKN,DAL,0,0.5155253
0022401041,2025-03-24,2024-25,NOP,PHI,1,0.542299
0022401042,2025-03-24,2024-25,DEN,CHI,0,0.42548144
0022401043,2025-03-24,2024-25,PHX,MIL,1,0.38993
0022401044,2025-03-24,2024-25,SAC,BOS,0,0.4293802
0022401045,2025-03-25,2024-25,CHA,ORL,0,0.35384944
0022401046,2025-03-25,2024-25,DET,SAS,1,0.7574494
0022401047,2025-03-25,2024-25,MIA,GSW,1,0.31019694
0022401048,2025-03-25,2024-25,NYK,DAL,1,0.7273108
0022401049,2025-03-25,2024-25,HOU,ATL,1,0.52195174
0022401050,2025-03-25,2024-25,UTA,MEM,0,0.36765707
0022401051,2025-03-25,2024-25,POR,CLE,0,0.3041795
0022401052,2025-03-25,2024-25,SAC,OKC,0,0.24626018
0022401053,2025-03-26,2024-25,PHI,WAS,0,0.52872694
0022401054,2025-03-26,2024-25,BKN,TOR,0,0.6452859
0022401055,2025-03-26,2024-25,IND,LAL,0,0.45171535
0022401056,2025-03-26,2024-25,NYK,LAC,0,0.27710465
0022401057,2025-03-26,2024-25,DEN,MIL,1,0.69674015
0022401058,2025-03-26,2024-25,PHX,BOS,0,0.3910609
0022401059,2025-03-27,2024-25,CLE,SAS,1,0.84360874
0022401060,2025-03-27,2024-25,ORL,DAL,0,0.68544114
0022401061,2025-03-27,2024-25,WAS,IND,0,0.21086526
0022401062,2025-03-27,2024-25,MIA,ATL,1,0.4240909
0022401063,2025-03-27,2024-25,CHI,LAL,1,0.49213764
0022401064,2025-03-27,2024-25,OKC,MEM,1,0.85661507
0022401065,2025-03-27,2024-25,UTA,HOU,0,0.24738105
0022401066,2025-03-27,2024-25,SAC,POR,1,0.5731036
0022401067,2025-03-28,2024-25,DET,CLE,1,0.47772977
0022401068,2025-03-28,2024-25,BKN,LAC,0,0.26748142
0022401069,2025-03-28,2024-25,TOR,CHA,1,0.7289445
0022401070,2025-03-28,2024-25,MIL,NYK,0,0.6953207
0022401071,2025-03-28,2024-25,MIN,PHX,1,0.8065874
0022401072,2025-03-28,2024-25,NOP,GSW,0,0.12003054
0022401073,2025-03-28,2024-25,DEN,UTA,1,0.88063246
0022401074,2025-03-29,2024-25,ORL,SAC,1,0.6171887
0022401075,2025-03-29,2024-25,WAS,BKN,0,0.5084536
0022401076,2025-03-29,2024-25,PHI,MIA,0,0.190303
0022401077,2025-03-29,2024-25,CHI,DAL,0,0.718264
0022401078,2025-03-29,2024-25,MEM,LAL,0,0.37585276
0022401079,2025-03-29,2024-25,OKC,IND,1,0.73022556
0022401080,2025-03-29,2024-25,SAS,BOS,0,0.25501934
0022401081,2025-03-30,2024-25,CLE,LAC,1,0.56653136
0022401082,2025-03-30,2024-25,NYK,POR,1,0.5020043
0022401083,2025-03-30,2024-25,MIL,ATL,0,0.45295274
0022401084,2025-03-30,2024-25,MIN,DET,1,0.7709194
0022401085,2025-03-30,2024-25,NOP,CHA,1,0.5910546
0022401086,2025-03-30,2024-25,SAS,GSW,0,0.17703095
0022401087,2025-03-30,2024-25,PHI,TOR,0,0.19779359
0022401088,2025-03-30,2024-25,PHX,HOU,0,0.3867017
0022401089,2025-03-31,2024-25,CHA,UTA,1,0.55670255
0022401090,2025-03-31,2024-25,IND,SAC,1,0.62595814
0022401091,2025-03-31,2024-25,ORL,LAC,0,0.4324551
0022401092,2025-03-31,2024-25,WAS,MIA,0,0.29048315
0022401093,2025-03-31,2024-25,MEM,BOS,0,0.41758975
0022401094,2025-03-31,2024-25,OKC,CHI,1,0.7922568
0022401095,2025-03-31,2024-25,DAL,BKN,0,0.78780806
0022401096,2025-03-31,2024-25,LAL,HOU,1,0.629152
0022400988,2025-04-01,2024-25,SAS,ORL,0,0.43311054
0022401097,2025-04-01,2024-25,ATL,POR,0,0.67529213
0022401098,2025-04-01,2024-25,NYK,PHI,1,0.8295863
0022401099,2025-04-01,2024-25,CHI,TOR,1,0.6917045
0022401100,2025-04-01,2024-25,MEM,GSW,0,0.23538032
0022401101,2025-04-01,2024-25,MIL,PHX,1,0.74545497
0022401102,2025-04-01,2024-25,DEN,MIN,0,0.5150671
0022401103,2025-04-02,2024-25,CLE,NYK,1,0.80500764
0022401104,2025-04-02,2024-25,IND,CHA,1,0.86331105
0022401105,2025-04-02,2024-25,WAS,SAC,1,0.2452015
0022401106,2025-04-02,2024-25,BOS,MIA,0,0.6989529
0022401107,2025-04-02,2024-25,HOU,UTA,1,0.8662343
0022401108,2025-04-02,2024-25,OKC,DET,1,0.80709577
0022401109,2025-04-02,2024-25,DAL,ATL,1,0.46830392
0022401110,2025-04-02,2024-25,DEN,SAS,0,0.253483
0022401111,2025-04-02,2024-25,LAC,NOP,1,0.9223877
0022401112,2025-04-03,2024-25,WAS,ORL,0,0.1262128
0022401113,2025-04-03,2024-25,BKN,MIN,0,0.12835078
0022401114,2025-04-03,2024-25,MIA,MEM,0,0.51321197
0022401115,2025-04-03,2024-25,PHI,MIL,0,0.1884065
0022401116,2025-04-03,2024-25,TOR,POR,0,0.3977024
0022401117,2025-04-03,2024-25,LAL,GSW,0,0.5272333
0022401118,2025-04-04,2024-25,CHA,SAC,0,0.2640016
0022401119,2025-04-04,2024-25,IND,UTA,1,0.88865477
0022401120,2025-04-04,2024-25,BOS,PHX,1,0.85287803
0022401121,2025-04-04,2024-25,TOR,DET,0,0.42132095
0022401122,2025-04-04,2024-25,CHI,POR,1,0.74533314
0022401123,2025-04-04,2024-25,HOU,OKC,1,0.37723315
0022401124,2025-04-04,2024-25,SAS,CLE,0,0.22341487
0022401125,2025-04-04,2024-25,GSW,DEN,1,0.69939804
0022401126,2025-04-04,2024-25,LAL,NOP,1,0.8968707
0022401127,2025-04-04,2024-25,LAC,DAL,1,0.84079486
0022401128,2025-04-05,2024-25,ATL,NYK,0,0.6282371
0022401129,2025-04-05,2024-25,DET,MEM,0,0.6182346
0022401130,2025-04-05,2024-25,PHI,MIN,0,0.10804156
0022401131,2025-04-05,2024-25,MIA,MIL,0,0.4508011
0022401132,2025-04-05,2024-25,LAC,DAL,1,0.8419041
0022400617,2025-04-06,2024-25,NOP,MIL,0,0.18561473
0022401133,2025-04-06,2024-25,CHA,CHI,0,0.18615265
0022401134,2025-04-06,2024-25,BKN,TOR,0,0.2772134
0022401135,2025-04-06,2024-25,OKC,LAL,0,0.7016099
0022401136,2025-04-06,2024-25,ATL,UTA,1,0.87202144
0022401137,2025-04-06,2024-25,BOS,WAS,1,0.8995519
0022401138,2025-04-06,2024-25,CLE,SAC,0,0.7608805
0022401139,2025-04-06,2024-25,POR,SAS,1,0.64746034
0022401140,2025-04-06,2024-25,NYK,PHX,1,0.71751666
0022401142,2025-04-06,2024-25,DEN,IND,0,0.53595847
0022401143,2025-04-06,2024-25,GSW,HOU,0,0.6515851
0022401144,2025-04-07,2024-25,DET,SAC,0,0.7469099
0022401145,2025-04-07,2024-25,MIA,PHI,1,0.8623239
0022401146,2025-04-08,2024-25,CHA,MEM,0,0.24750687
0022401147,2025-04-08,2024-25,CLE,CHI,1,0.80411315
0022401148,2025-04-08,2024-25,IND,WAS,1,0.89004016
0022401149,2025-04-08,2024-25,ORL,ATL,1,0.6324595
0022401150,2025-04-08,2024-25,BKN,NOP,1,0.47331527
0022401151,2025-04-08,2024-25,NYK,BOS,0,0.42457786
0022401152,2025-04-08,2024-25,MIL,MIN,1,0.490889
0022401153,2025-04-08,2024-25,OKC,LAL,1,0.70241576
0022401154,2025-04-08,2024-25,PHX,GSW,0,0.23235717
0022401155,2025-04-08,2024-25,LAC,SAS,1,0.8634544
0022401156,2025-04-09,2024-25,ORL,BOS,1,0.755095
0022401157,2025-04-09,2024-25,WAS,PHI,0,0.5006866
0022401158,2025-04-09,2024-25,TOR,CHA,1,0.8890048
0022401159,2025-04-09,2024-25,DAL,LAL,0,0.39674136
0022401160,2025-04-09,2024-25,CHI,MIA,1,0.50929904
0022401162,2025-04-09,2024-25,UTA,POR,1,0.25196406
0022401163,2025-04-09,2024-25,GSW,SAS,0,0.87312305
0022401164,2025-04-09,2024-25,PHX,OKC,0,0.23734763
0022401165,2025-04-09,2024-25,SAC,DEN,0,0.44606835
0022401166,2025-04-09,2024-25,LAC,HOU,1,0.8644507
0022401161,2025-04-10,2024-25,MIL,NOP,1,0.9284568
0022401167,2025-04-10,2024-25,DET,NYK,1,0.7144491
0022401168,2025-04-10,2024-25,IND,CLE,1,0.6630674
0022401169,2025-04-10,2024-25,BKN,ATL,0,0.19657978
0022401170,2025-04-10,2024-25,MEM,MIN,0,0.4101825
0022401171,2025-04-11,2024-25,DET,MIL,0,0.44947213
0022401172,2025-04-11,2024-25,IND,ORL,0,0.40105948
0022401173,2025-04-11,2024-25,PHI,ATL,0,0.1591174
0022401174,2025-04-11,2024-25,BOS,CHA,1,0.92752856
0022401175,2025-04-11,2024-25,NYK,CLE,0,0.5359747
0022401176,2025-04-11,2024-25,CHI,WAS,1,0.8527258
0022401177,2025-04-11,2024-25,NOP,MIA,0,0.09540643
0022401178,2025-04-11,2024-25,DAL,TOR,1,0.59623235
0022401179,2025-04-11,2024-25,MIN,BKN,1,0.92545927
0022401180,2025-04-11,2024-25,DEN,MEM,1,0.6749156
0022401181,2025-04-11,2024-25,UTA,OKC,0,0.27846956
0022401182,2025-04-11,2024-25,PHX,SAS,1,0.6731075
0022401183,2025-04-11,2024-25,POR,GSW,0,0.19472402
0022401184,2025-04-11,2024-25,SAC,LAC,0,0.25523812
0022401185,2025-04-11,2024-25,LAL,HOU,1,0.89782864
0022401186,2025-04-13,2024-25,ATL,ORL,1,0.41512337
0022401187,2025-04-13,2024-25,BOS,CHA,1,0.87222606
0022401188,2025-04-13,2024-25,BKN,NYK,0,0.41576943
0022401189,2025-04-13,2024-25,CLE,IND,0,0.22344738
0022401190,2025-04-13,2024-25,MIA,WAS,0,0.84862936
0022401191,2025-04-13,2024-25,PHI,CHI,0,0.18947504
0022401192,2025-04-13,2024-25,MIL,DET,1,0.25365797
0022401193,2025-04-13,2024-25,HOU,DEN,0,0.531442
0022401194,2025-04-13,2024-25,MEM,DAL,1,0.34665608
0022401195,2025-04-13,2024-25,MIN,UTA,1,0.9172363
0022401196,2025-04-13,2024-25,NOP,OKC,0,0.13256054
0022401197,2025-04-13,2024-25,SAS,TOR,1,0.56101465
0022401198,2025-04-13,2024-25,GSW,LAC,0,0.5399197
0022401199,2025-04-13,2024-25,POR,LAL,1,0.8571717
0022401200,2025-04-13,2024-25,SAC,PHX,1,0.67399067
0022500001,2025-10-21,2025-26,OKC,HOU,1,0.6535884
0022500002,2025-10-21,2025-26,LAL,GSW,0,0.41254705
0022500003,2025-10-22,2025-26,NYK,CLE,1,0.52859586
0022500004,2025-10-22,2025-26,DAL,SAS,0,0.43029287
0022500080,2025-10-22,2025-26,CHA,BKN,1,0.48574138
0022500081,2025-10-22,2025-26,ORL,MIA,1,0.5966259
0022500082,2025-10-22,2025-26,ATL,TOR,0,0.8110456
0022500083,2025-10-22,2025-26,BOS,PHI,0,0.7087462
0022500084,2025-10-22,2025-26,CHI,DET,1,0.5599217
0022500085,2025-10-22,2025-26,MEM,NOP,1,0.6106678
0022500086,2025-10-22,2025-26,MIL,WAS,1,0.90240073
0022500087,2025-10-22,2025-26,UTA,LAC,1,0.11580492
0022500088,2025-10-22,2025-26,PHX,SAC,1,0.48140216
0022500089,2025-10-22,2025-26,POR,MIN,0,0.41464764
0022500005,2025-10-23,2025-26,IND,OKC,0,0.34902188
0022500006,2025-10-23,2025-26,GSW,DEN,1,0.58930206
0022500018,2025-10-24,2025-26,NYK,BOS,1,0.6710372
0022500019,2025-10-24,2025-26,LAL,MIN,1,0.47029814
0022500090,2025-10-24,2025-26,ORL,ATL,0,0.45606798
0022500091,2025-10-24,2025-26,BKN,CLE,0,0.31319234
0022500092,2025-10-24,2025-26,TOR,MIL,0,0.44819644
0022500093,2025-10-24,2025-26,HOU,DET,0,0.6406414
0022500094,2025-10-24,2025-26,MEM,MIA,0,0.42346698
0022500095,2025-10-24,2025-26,NOP,SAS,0,0.4168162
0022500096,2025-10-24,2025-26,DAL,WAS,0,0.64005184
0022500097,2025-10-24,2025-26,POR,GSW,1,0.48489848
0022500098,2025-10-24,2025-26,SAC,UTA,1,0.7866615
0022500099,2025-10-24,2025-26,LAC,PHX,1,0.8719221
0022500100,2025-10-25,2025-26,ORL,CHI,0,0.49404752
0022500101,2025-10-25,2025-26,ATL,OKC,0,0.34987617
0022500102,2025-10-25,2025-26,PHI,CHA,1,0.6882701
0022500103,2025-10-25,2025-26,MEM,IND,1,0.53794545
0022500104,2025-10-25,2025-26,DEN,PHX,1,0.85700715
0022500105,2025-10-26,2025-26,SAS,BKN,1,0.6896783
0022500106,2025-10-26,2025-26,DET,BOS,1,0.56800437
0022500107,2025-10-26,2025-26,CLE,MIL,1,0.51316226
0022500108,2025-10-26,2025-26,MIA,NYK,1,0.5031479
0022500109,2025-10-26,2025-26,WAS,CHA,0,0.63658893
0022500110,2025-10-26,2025-26,MIN,IND,1,0.8268214
0022500111,2025-10-26,2025-26,DAL,TOR,1,0.35470718
0022500112,2025-10-26,2025-26,LAC,POR,1,0.73702306
0022500113,2025-10-26,2025-26,SAC,LAL,0,0.6110576
0022500007,2025-10-27,2025-26,DET,CLE,0,0.49770105
0022500008,2025-10-27,2025-26,MIN,DEN,0,0.36962438
0022500114,2025-10-27,2025-26,PHI,ORL,1,0.31161046
0022500115,2025-10-27,2025-26,CHI,ATL,1,0.5129222
0022500116,2025-10-27,2025-26,HOU,BKN,1,0.8587547
0022500117,2025-10-27,2025-26,NOP,BOS,0,0.2793604
0022500118,2025-10-27,2025-26,SAS,TOR,1,0.5320388
0022500119,2025-10-27,2025-26,DAL,OKC,0,0.17060812
0022500120,2025-10-27,2025-26,UTA,PHX,1,0.48592934
0022500121,2025-10-27,2025-26,GSW,MEM,1,0.75104743
0022500122,2025-10-27,2025-26,LAL,POR,0,0.3598086
0022500123,2025-10-28,2025-26,WAS,PHI,0,0.4560764
0022500124,2025-10-28,2025-26,MIA,CHA,1,0.7471547
0022500125,2025-10-28,2025-26,MIL,NYK,1,0.5885597
0022500126,2025-10-28,2025-26,OKC,SAC,1,0.7438713
0022500127,2025-10-28,2025-26,GSW,LAC,1,0.37897366
0022500128,2025-10-29,2025-26,BOS,CLE,1,0.5404297
0022500129,2025-10-29,2025-26,DET,ORL,1,0.5347995
0022500130,2025-10-29,2025-26,BKN,ATL,0,0.21961848
0022500131,2025-10-29,2025-26,TOR,HOU,0,0.36608076
0022500132,2025-10-29,2025-26,CHI,SAC,1,0.71719897
0022500133,2025-10-29,2025-26,DAL,IND,1,0.541718
0022500134,2025-10-29,2025-26,DEN,NOP,1,0.82306343
0022500135,2025-10-29,2025-26,UTA,POR,0,0.21792004
0022500136,2025-10-29,2025-26,MIN,LAL,0,0.7029849
0022500137,2025-10-29,2025-26,PHX,MEM,0,0.3452019
0022500138,2025-10-30,2025-26,CHA,ORL,0,0.44057232
0022500139,2025-10-30,2025-26,MIL,GSW,1,0.32799047
0022500140,2025-10-30,2025-26,OKC,WAS,1,0.8915149
0022500141,2025-10-30,2025-26,SAS,MIA,1,0.5096578
0022500020,2025-10-31,2025-26,IND,ATL,0,0.3764704
0022500021,2025-10-31,2025-26,PHI,BOS,0,0.47012722
0022500022,2025-10-31,2025-26,CLE,TOR,0,0.48962227
0022500023,2025-10-31,2025-26,CHI,NYK,1,0.5938787
0022500024,2025-10-31,2025-26,MEM,LAL,0,0.4807849
0022500025,2025-10-31,2025-26,PHX,UTA,1,0.5201469
0022500026,2025-10-31,2025-26,POR,DEN,1,0.4226725
0022500027,2025-10-31,2025-26,LAC,NOP,1,0.8736143
0022500142,2025-11-01,2025-26,MIL,SAC,0,0.79918873
0022500143,2025-11-01,2025-26,CHA,MIN,0,0.39827198
0022500144,2025-11-01,2025-26,IND,GSW,1,0.16070694
0022500145,2025-11-01,2025-26,WAS,ORL,0,0.26361412
0022500146,2025-11-01,2025-26,BOS,HOU,0,0.45384714
0022500148,2025-11-02,2025-26,OKC,NOP,1,0.8611474
0022500149,2025-11-02,2025-26,BKN,PHI,0,0.41106546
0022500150,2025-11-02,2025-26,CHA,UTA,1,0.45657262
0022500151,2025-11-02,2025-26,CLE,ATL,1,0.41468564
0022500152,2025-11-02,2025-26,TOR,MEM,1,0.5960552
0022500153,2025-11-02,2025-26,NYK,CHI,1,0.5094524
0022500154,2025-11-02,2025-26,PHX,SAS,1,0.3407164
0022500155,2025-11-02,2025-26,LAL,MIA,1,0.5302598
0022500156,2025-11-03,2025-26,BKN,MIN,0,0.21822733
0022500157,2025-11-03,2025-26,IND,MIL,0,0.25057665
0022500158,2025-11-03,2025-26,BOS,UTA,0,0.90072626
0022500159,2025-11-03,2025-26,NYK,WAS,1,0.82447827
0022500160,2025-11-03,2025-26,HOU,DAL,1,0.85634166
0022500161,2025-11-03,2025-26,MEM,DET,0,0.35575655
0022500162,2025-11-03,2025-26,DEN,SAC,1,0.7967958
0022500163,2025-11-03,2025-26,POR,LAL,0,0.8748482
0022500164,2025-11-03,2025-26,LAC,MIA,0,0.749116
0022500165,2025-11-04,2025-26,TOR,MIL,1,0.38596103
0022500166,2025-11-04,2025-26,ATL,ORL,1,0.53469765
0022500167,2025-11-04,2025-26,CHI,PHI,1,0.69808066
0022500168,2025-11-04,2025-26,NOP,CHA,1,0.5269054
0022500169,2025-11-04,2025-26,GSW,PHX,1,0.8301764
0022500170,2025-11-04,2025-26,LAC,OKC,0,0.39965796
0022500171,2025-11-05,2025-26,CLE,PHI,1,0.7143722
0022500172,2025-11-05,2025-26,DET,UTA,1,0.8397797
0022500173,2025-11-05,2025-26,IND,BKN,0,0.6033857
0022500174,2025-11-05,2025-26,BOS,WAS,1,0.84290624
0022500175,2025-11-05,2025-26,NYK,MIN,1,0.62444675
0022500176,2025-11-05,2025-26,MEM,HOU,0,0.33223325
0022500177,2025-11-05,2025-26,DAL,NOP,0,0.7118964
0022500178,2025-11-05,2025-26,DEN,MIA,1,0.6608598
0022500179,2025-11-05,2025-26,LAL,SAS,1,0.52041143
0022500180,2025-11-05,2025-26,POR,OKC,1,0.4729565
0022500181,2025-11-05,2025-26,SAC,GSW,1,0.53369135
0022500182,2025-11-06,2025-26,PHX,LAC,1,0.47509468
0022500028,2025-11-07,2025-26,ORL,BOS,1,0.5792507
0022500029,2025-11-07,2025-26,WAS,CLE,0,0.24361037
0022500030,2025-11-07,2025-26,ATL,TOR,0,0.6939661
0022500031,2025-11-07,2025-26,BKN,DET,0,0.25863823
0022500032,2025-11-07,2025-26,SAS,HOU,1,0.30611542
0022500033,2025-11-07,2025-26,MIA,CHA,1,0.8303263
0022500034,2025-11-07,2025-26,MEM,DAL,1,0.73319185
0022500035,2025-11-07,2025-26,MIL,CHI,1,0.5576867
0022500036,2025-11-07,2025-26,MIN,UTA,1,0.8401765
0022500037,2025-11-07,2025-26,DEN,GSW,1,0.6838146
0022500038,2025-11-07,2025-26,SAC,OKC,0,0.21191038
0022500183,2025-11-08,2025-26,WAS,DAL,0,0.41578594
0022500184,2025-11-08,2025-26,PHI,TOR,1,0.6280315
0022500185,2025-11-08,2025-26,ATL,LAL,1,0.39795348
0022500186,2025-11-08,2025-26,CLE,CHI,1,0.49805135
0022500187,2025-11-08,2025-26,MIA,POR,1,0.4691828
0022500188,2025-11-08,2025-26,SAS,NOP,1,0.76886725
0022500189,2025-11-08,2025-26,DEN,IND,1,0.7937537
0022500190,2025-11-08,2025-26,LAC,PHX,0,0.70597833
0022500191,2025-11-09,2025-26,MIL,HOU,0,0.5159604
0022500192,2025-11-09,2025-26,NYK,BKN,1,0.88072973
0022500193,2025-11-09,2025-26,ORL,BOS,0,0.5711091
0022500194,2025-11-09,2025-26,MEM,OKC,0,0.23941338
0022500195,2025-11-09,2025-26,PHI,DET,0,0.34734875
0022500196,2025-11-09,2025-26,GSW,IND,1,0.90468234
0022500197,2025-11-09,2025-26,SAC,MIN,0,0.32150185
0022500198,2025-11-10,2025-26,CHA,LAL,0,0.23714136
0022500199,2025-11-10,2025-26,DET,WAS,1,0.80408585
0022500200,2025-11-10,2025-26,ORL,POR,1,0.47264108
0022500201,2025-11-10,2025-26,MIA,CLE,1,0.5159578
0022500202,2025-11-10,2025-26,CHI,SAS,0,0.5694733
0022500203,2025-11-10,2025-26,DAL,MIL,0,0.27139536
0022500204,2025-11-10,2025-26,PHX,NOP,1,0.8023702
0022500205,2025-11-10,2025-26,UTA,MIN,0,0.15574396
0022500206,2025-11-10,2025-26,LAC,ATL,0,0.59855366
0022500207,2025-11-11,2025-26,BKN,TOR,0,0.27284932
0022500208,2025-11-11,2025-26,NYK,MEM,1,0.795841
0022500209,2025-11-11,2025-26,PHI,BOS,1,0.45102763
0022500210,2025-11-11,2025-26,OKC,GSW,1,0.71137005
0022500211,2025-11-11,2025-26,UTA,IND,1,0.35970405
0022500212,2025-11-11,2025-26,SAC,DEN,0,0.23413143
0022500213,2025-11-12,2025-26,CHA,MIL,1,0.3130842
0022500214,2025-11-12,2025-26,DET,CHI,1,0.24565007
0022500215,2025-11-12,2025-26,NYK,ORL,0,0.6671191
0022500216,2025-11-12,2025-26,BOS,MEM,1,0.74852866
0022500217,2025-11-12,2025-26,MIA,CLE,0,0.78709924
0022500218,2025-11-12,2025-26,HOU,WAS,1,0.8908215
0022500219,2025-11-12,2025-26,NOP,POR,0,0.23742583
0022500220,2025-11-12,2025-26,SAS,GSW,0,0.47340843
0022500221,2025-11-12,2025-26,DAL,PHX,0,0.38774854
0022500222,2025-11-12,2025-26,OKC,LAL,1,0.7486168
0022500223,2025-11-12,2025-26,SAC,ATL,0,0.27506986
0022500224,2025-11-12,2025-26,LAC,DEN,0,0.39510643
0022500225,2025-11-13,2025-26,CLE,TOR,0,0.5881885
0022500226,2025-11-13,2025-26,PHX,IND,1,0.70907617
0022500227,2025-11-13,2025-26,UTA,ATL,0,0.2360172
0022500039,2025-11-14,2025-26,NYK,MIA,1,0.6984701
0022500040,2025-11-14,2025-26,ORL,BKN,1,0.7922893
0022500041,2025-11-14,2025-26,DET,PHI,1,0.34823498
0022500042,2025-11-14,2025-26,HOU,POR,1,0.69907945
0022500043,2025-11-14,2025-26,MIL,CHA,1,0.83329254
0022500044,2025-11-14,2025-26,MIN,SAC,1,0.79487544
0022500045,2025-11-14,2025-26,NOP,LAL,0,0.19289112
0022500046,2025-11-14,2025-26,DAL,LAC,0,0.32594326
0022500047,2025-11-14,2025-26,SAS,GSW,0,0.41193014
0022500228,2025-11-15,2025-26,CLE,MEM,1,0.76727074
0022500229,2025-11-15,2025-26,CHA,OKC,0,0.10557157
0022500230,2025-11-15,2025-26,IND,TOR,0,0.28820562
0022500231,2025-11-15,2025-26,MIL,LAL,0,0.6650872
0022500232,2025-11-15,2025-26,MIN,DEN,0,0.39768556
0022500233,2025-11-16,2025-26,BOS,LAC,1,0.6447775
0022500234,2025-11-16,2025-26,SAS,SAC,1,0.67779094
0022500235,2025-11-16,2025-26,WAS,BKN,0,0.57704175
0022500236,2025-11-16,2025-26,HOU,ORL,1,0.81119484
0022500237,2025-11-16,2025-26,NOP,GSW,0,0.15062658
0022500238,2025-11-16,2025-26,DAL,POR,1,0.4197804
0022500239,2025-11-16,2025-26,PHX,ATL,0,0.46108085
0022500240,2025-11-16,2025-26,UTA,CHI,1,0.21251436
0022500241,2025-11-17,2025-26,CLE,MIL,1,0.5754728
0022500242,2025-11-17,2025-26,DET,IND,1,0.69991827
0022500243,2025-11-17,2025-26,PHI,LAC,1,0.53332835
0022500244,2025-11-17,2025-26,MIA,NYK,1,0.52199185
0022500245,2025-11-17,2025-26,TOR,CHA,1,0.711805
0022500246,2025-11-17,2025-26,MIN,DAL,1,0.85538423
0022500247,2025-11-17,2025-26,NOP,OKC,0,0.08527719
0022500248,2025-11-17,2025-26,DEN,CHI,0,0.7825862
0022500249,2025-11-18,2025-26,ORL,GSW,1,0.35496506
0022500250,2025-11-18,2025-26,BKN,BOS,0,0.24627236
0022500251,2025-11-18,2025-26,ATL,DET,0,0.6409453
0022500252,2025-11-18,2025-26,SAS,MEM,1,0.64645606
0022500253,2025-11-18,2025-26,LAL,UTA,1,0.8380022
0022500254,2025-11-18,2025-26,POR,PHX,0,0.43696797
0022500255,2025-11-19,2025-26,CLE,HOU,0,0.5333295
0022500256,2025-11-19,2025-26,IND,CHA,1,0.35003394
0022500257,2025-11-19,2025-26,MIA,GSW,1,0.82388073
0022500258,2025-11-19,2025-26,PHI,TOR,0,0.3940477
0022500259,2025-11-19,2025-26,MIN,WAS,1,0.9065259
0022500260,2025-11-19,2025-26,NOP,DEN,0,0.17915976
0022500261,2025-11-19,2025-26,OKC,SAC,1,0.9121791
0022500262,2025-11-19,2025-26,DAL,NYK,0,0.29371682
0022500263,2025-11-19,2025-26,POR,CHI,0,0.2679266
0022500264,2025-11-20,2025-26,ORL,LAC,1,0.50792474
0022500265,2025-11-20,2025-26,MEM,SAC,1,0.5817246
0022500266,2025-11-20,2025-26,MIL,PHI,0,0.6028993
0022500267,2025-11-20,2025-26,SAS,ATL,1,0.37010145
0022500048,2025-11-21,2025-26,CLE,IND,1,0.8468881
0022500049,2025-11-21,2025-26,BOS,BKN,0,0.8180745
0022500050,2025-11-21,2025-26,TOR,WAS,1,0.87368375
0022500051,2025-11-21,2025-26,CHI,MIA,0,0.5569928
0022500052,2025-11-21,2025-26,DAL,NOP,1,0.57139486
0022500053,2025-11-21,2025-26,PHX,MIN,1,0.4528575
0022500054,2025-11-21,2025-26,HOU,DEN,0,0.5497981
0022500055,2025-11-21,2025-26,UTA,OKC,0,0.13456842
0022500056,2025-11-21,2025-26,GSW,POR,0,0.80331737
0022500268,2025-11-22,2025-26,CHA,LAC,0,0.48178947
0022500269,2025-11-22,2025-26,ORL,NYK,1,0.5165722
0022500270,2025-11-22,2025-26,NOP,ATL,0,0.13372537
0022500271,2025-11-22,2025-26,CHI,WAS,1,0.8942034
0022500272,2025-11-22,2025-26,MIL,DET,0,0.41263366
0022500273,2025-11-22,2025-26,DAL,MEM,0,0.4061822
0022500274,2025-11-22,2025-26,DEN,SAC,0,0.86866575
0022500275,2025-11-23,2025-26,PHI,MIA,0,0.3921457
0022500276,2025-11-23,2025-26,ATL,CHA,1,0.85188603
0022500277,2025-11-23,2025-26,BOS,ORL,1,0.8073124
0022500278,2025-11-23,2025-26,CLE,LAC,1,0.5766387
0022500279,2025-11-23,2025-26,TOR,BKN,1,0.8077969
0022500280,2025-11-23,2025-26,OKC,POR,1,0.8758974
0022500281,2025-11-23,2025-26,PHX,SAS,1,0.65140134
0022500282,2025-11-23,2025-26,UTA,LAL,0,0.22624375
0022500283,2025-11-24,2025-26,IND,DET,0,0.25495884
0022500284,2025-11-24,2025-26,TOR,CLE,1,0.60629046
0022500285,2025-11-24,2025-26,BKN,NYK,0,0.28429487
0022500286,2025-11-24,2025-26,MIA,DAL,1,0.80561966
0022500287,2025-11-24,2025-26,MEM,DEN,0,0.29302463
0022500288,2025-11-24,2025-26,MIL,POR,0,0.63002
0022500289,2025-11-24,2025-26,NOP,CHI,1,0.24079785
0022500290,2025-11-24,2025-26,PHX,HOU,0,0.33567366
0022500291,2025-11-24,2025-26,GSW,UTA,1,0.8094411
0022500292,2025-11-24,2025-26,SAC,MIN,1,0.21163695
0022500057,2025-11-25,2025-26,WAS,ATL,1,0.14869131
0022500058,2025-11-25,2025-26,PHI,ORL,0,0.5320257
0022500059,2025-11-25,2025-26,LAL,LAC,1,0.57870567
0022500060,2025-11-26,2025-26,BOS,DET,1,0.49331394
0022500061,2025-11-26,2025-26,CHA,NYK,0,0.3429495
0022500062,2025-11-26,2025-26,MIA,MIL,1,0.7865989
0022500063,2025-11-26,2025-26,TOR,IND,1,0.8068896
0022500064,2025-11-26,2025-26,OKC,MIN,1,0.76438326
0022500065,2025-11-26,2025-26,NOP,MEM,0,0.40088832
0022500066,2025-11-26,2025-26,GSW,HOU,0,0.5496667
0022500067,2025-11-26,2025-26,POR,SAS,0,0.5375332
0022500068,2025-11-26,2025-26,SAC,PHX,0,0.30923066
0022500069,2025-11-28,2025-26,ATL,CLE,1,0.5334686
0022500070,2025-11-28,2025-26,BKN,PHI,0,0.36948815
0022500071,2025-11-28,2025-26,CHA,CHI,1,0.33593997
0022500072,2025-11-28,2025-26,DET,ORL,0,0.58701336
0022500073,2025-11-28,2025-26,IND,WAS,1,0.6749637
0022500074,2025-11-28,2025-26,NYK,MIL,1,0.61358064
0022500075,2025-11-28,2025-26,OKC,PHX,1,0.8444225
0022500076,2025-11-28,2025-26,DEN,SAS,0,0.7450798
0022500077,2025-11-28,2025-26,UTA,SAC,1,0.65933985
0022500078,2025-11-28,2025-26,LAL,DAL,1,0.8165571
0022500079,2025-11-28,2025-26,LAC,MEM,0,0.7157085
0022500293,2025-11-29,2025-26,MIN,BOS,1,0.6111995
0022500294,2025-11-29,2025-26,CHA,TOR,1,0.30334884
0022500295,2025-11-29,2025-26,IND,CHI,1,0.34208176
0022500296,2025-11-29,2025-26,MIA,DET,0,0.71284026
0022500297,2025-11-29,2025-26,MIL,BKN,1,0.8768649
0022500298,2025-11-29,2025-26,GSW,NOP,1,0.8191047
0022500299,2025-11-29,2025-26,PHX,DEN,0,0.43933988
0022500300,2025-11-29,2025-26,LAC,DAL,0,0.8405656
0022500301,2025-11-30,2025-26,UTA,HOU,0,0.28477168
0022500302,2025-11-30,2025-26,CLE,BOS,0,0.7255625
0022500303,2025-11-30,2025-26,NYK,TOR,1,0.65195096
0022500304,2025-11-30,2025-26,PHI,ATL,0,0.4127643
0022500305,2025-11-30,2025-26,POR,OKC,0,0.20495768
0022500306,2025-11-30,2025-26,MIN,SAS,1,0.69593585
0022500307,2025-11-30,2025-26,SAC,MEM,0,0.3866259
0022500308,2025-11-30,2025-26,LAL,NOP,1,0.91221917
0022500309,2025-12-01,2025-26,DET,ATL,1,0.5496223
0022500310,2025-12-01,2025-26,IND,CLE,0,0.38626197
0022500311,2025-12-01,2025-26,WAS,MIL,1,0.17462169
0022500312,2025-12-01,2025-26,BKN,CHA,1,0.39658415
0022500313,2025-12-01,2025-26,MIA,LAC,1,0.713807
0022500314,2025-12-01,2025-26,ORL,CHI,1,0.60999113
0022500315,2025-12-01,2025-26,DEN,DAL,0,0.8042344
0022500316,2025-12-01,2025-26,UTA,HOU,1,0.21699205
0022500317,2025-12-01,2025-26,LAL,PHX,0,0.58770925
0022500318,2025-12-02,2025-26,PHI,WAS,1,0.8673197
0022500319,2025-12-02,2025-26,TOR,POR,1,0.702343
0022500320,2025-12-02,2025-26,BOS,NYK,1,0.53658986
0022500321,2025-12-02,2025-26,NOP,MIN,0,0.15849209
0022500322,2025-12-02,2025-26,SAS,MEM,1,0.63272107
0022500323,2025-12-02,2025-26,GSW,OKC,0,0.26057956
0022500324,2025-12-03,2025-26,CLE,POR,0,0.8109591
0022500325,2025-12-03,2025-26,IND,DEN,0,0.2755998
0022500326,2025-12-03,2025-26,ORL,SAS,0,0.7193556
0022500327,2025-12-03,2025-26,ATL,LAC,0,0.6054135
0022500328,2025-12-03,2025-26,NYK,CHA,1,0.7445886
0022500329,2025-12-03,2025-26,CHI,BKN,0,0.7465627
0022500330,2025-12-03,2025-26,HOU,SAC,1,0.85484153
0022500331,2025-12-03,2025-26,MIL,DET,1,0.5764761
0022500332,2025-12-03,2025-26,DAL,MIA,1,0.30849978
0022500333,2025-12-04,2025-26,PHI,GSW,1,0.6985383
0022500334,2025-12-04,2025-26,WAS,BOS,0,0.16600005
0022500335,2025-12-04,2025-26,BKN,UTA,0,0.40503556
0022500336,2025-12-04,2025-26,TOR,LAL,0,0.5802308
0022500337,2025-12-04,2025-26,NOP,MIN,0,0.17395476
0022500338,2025-12-05,2025-26,BOS,LAL,1,0.7843465
0022500339,2025-12-05,2025-26,ORL,MIA,1,0.5802988
0022500340,2025-12-05,2025-26,ATL,DEN,0,0.5455611
0022500341,2025-12-05,2025-26,CLE,SAS,1,0.72379655
0022500342,2025-12-05,2025-26,DET,POR,1,0.7419462
0022500343,2025-12-05,2025-26,NYK,UTA,1,0.85283417
0022500344,2025-12-05,2025-26,TOR,CHA,0,0.68762887
0022500345,2025-12-05,2025-26,CHI,IND,0,0.71443015
0022500346,2025-12-05,2025-26,HOU,PHX,1,0.6442154
0022500347,2025-12-05,2025-26,MEM,LAC,1,0.4598611
0022500348,2025-12-05,2025-26,MIL,PHI,0,0.55638224
0022500349,2025-12-05,2025-26,OKC,DAL,1,0.83846354
0022500350,2025-12-06,2025-26,BKN,NOP,1,0.6949131
0022500351,2025-12-06,2025-26,WAS,ATL,0,0.111688465
0022500352,2025-12-06,2025-26,CLE,GSW,0,0.7393008
0022500353,2025-12-06,2025-26,DET,MIL,1,0.75597256
0022500354,2025-12-06,2025-26,MIA,SAC,0,0.80523723
0022500355,2025-12-06,2025-26,MIN,LAC,1,0.7445014
0022500356,2025-12-06,2025-26,DAL,HOU,1,0.34452438
0022500357,2025-12-07,2025-26,NYK,ORL,1,0.5277877
0022500358,2025-12-07,2025-26,TOR,BOS,0,0.3894317
0022500359,2025-12-07,2025-26,CHA,DEN,0,0.18766513
0022500360,2025-12-07,2025-26,MEM,POR,1,0.60389274
0022500361,2025-12-07,2025-26,CHI,GSW,0,0.6021699
0022500362,2025-12-07,2025-26,PHI,LAL,0,0.5061423
0022500363,2025-12-07,2025-26,UTA,OKC,0,0.21054187
0022500364,2025-12-08,2025-26,IND,SAC,1,0.65128505
0022500365,2025-12-08,2025-26,MIN,PHX,0,0.6648147
0022500366,2025-12-08,2025-26,NOP,SAS,0,0.24453874
0022501201,2025-12-09,2025-26,ORL,MIA,1,0.5277359
0022501202,2025-12-09,2025-26,TOR,NYK,0,0.35820454
0022501203,2025-12-10,2025-26,OKC,PHX,1,0.845394
0022501204,2025-12-10,2025-26,LAL,SAS,0,0.65262794
0022501205,2025-12-11,2025-26,HOU,LAC,1,0.74057496
0022501206,2025-12-11,2025-26,MIL,BOS,1,0.2640528
0022501207,2025-12-11,2025-26,NOP,POR,1,0.36385283
0022501208,2025-12-11,2025-26,SAC,DEN,0,0.20939754
0022501209,2025-12-12,2025-26,CHA,CHI,0,0.3828438
0022501210,2025-12-12,2025-26,DET,ATL,1,0.4300343
0022501211,2025-12-12,2025-26,PHI,IND,1,0.66636515
0022501212,2025-12-12,2025-26,WAS,CLE,0,0.11088603
0022501213,2025-12-12,2025-26,MEM,UTA,0,0.73597103
0022501214,2025-12-12,2025-26,DAL,BKN,1,0.6364816
0022501215,2025-12-12,2025-26,GSW,MIN,0,0.47087437
0022501216,2025-12-14,2025-26,IND,WAS,0,0.8370069
0022501217,2025-12-14,2025-26,ATL,PHI,1,0.77171296
0022501218,2025-12-14,2025-26,CLE,CHA,0,0.81751263
0022501219,2025-12-14,2025-26,BKN,MIL,1,0.58189964
0022501220,2025-12-14,2025-26,MIN,SAC,1,0.8282064
0022501221,2025-12-14,2025-26,POR,GSW,1,0.38601694
0022501223,2025-12-14,2025-26,CHI,NOP,0,0.6748984
0022501228,2025-12-14,2025-26,PHX,LAL,0,0.50439453
0022501222,2025-12-15,2025-26,BOS,DET,0,0.60236394
0022501224,2025-12-15,2025-26,UTA,DAL,1,0.46917957
0022501225,2025-12-15,2025-26,DEN,HOU,1,0.50464714
0022501226,2025-12-15,2025-26,LAC,MEM,0,0.62693316
0022501227,2025-12-15,2025-26,MIA,TOR,0,0.58840805
0022500367,2025-12-17,2025-26,CHI,CLE,1,0.41485065
0022500368,2025-12-17,2025-26,MIN,MEM,0,0.7911866
0022500369,2025-12-18,2025-26,OKC,LAC,1,0.9091963
0022500370,2025-12-18,2025-26,SAS,WAS,1,0.89918864
0022500371,2025-12-18,2025-26,CHA,ATL,1,0.2623127
0022500372,2025-12-18,2025-26,IND,NYK,0,0.2830172
0022500373,2025-12-18,2025-26,BKN,MIA,0,0.396745
0022500374,2025-12-18,2025-26,MIL,TOR,0,0.44607204
0022500375,2025-12-18,2025-26,NOP,HOU,1,0.25075364
0022500376,2025-12-18,2025-26,DAL,DET,1,0.41486597
0022500377,2025-12-18,2025-26,DEN,ORL,1,0.62527853
0022500378,2025-12-18,2025-26,PHX,GSW,1,0.5546333
0022500379,2025-12-18,2025-26,UTA,LAL,0,0.23559012
0022500380,2025-12-18,2025-26,POR,SAC,1,0.80661595
0022500381,2025-12-19,2025-26,BOS,MIA,1,0.80691177
0022500382,2025-12-19,2025-26,NYK,PHI,0,0.66600114
0022500383,2025-12-19,2025-26,ATL,SAS,0,0.5224872
0022500384,2025-12-19,2025-26,CLE,CHI,0,0.4999274
0022500385,2025-12-19,2025-26,MIN,OKC,1,0.3396085
0022500386,2025-12-20,2025-26,DEN,HOU,0,0.522177
0022500387,2025-12-20,2025-26,PHI,DAL,1,0.56969565
0022500388,2025-12-20,2025-26,TOR,BOS,0,0.5509498
0022500389,2025-12-20,2025-26,NOP,IND,1,0.6962595
0022500390,2025-12-20,2025-26,DET,CHA,1,0.7941511
0022500391,2025-12-20,2025-26,MEM,WAS,0,0.7909258
0022500392,2025-12-20,2025-26,GSW,PHX,1,0.6168089
0022500393,2025-12-20,2025-26,UTA,ORL,0,0.2829755
0022500394,2025-12-20,2025-26,SAC,POR,0,0.27627876
0022500395,2025-12-20,2025-26,LAC,LAL,1,0.45461506
0022500396,2025-12-21,2025-26,ATL,CHI,0,0.7417671
0022500397,2025-12-21,2025-26,BKN,TOR,1,0.5227376
0022500398,2025-12-21,2025-26,NYK,MIA,1,0.7594686
0022500399,2025-12-21,2025-26,WAS,SAS,0,0.07482225
0022500400,2025-12-21,2025-26,MIN,MIL,1,0.7605062
0022500401,2025-12-21,2025-26,SAC,HOU,1,0.15476163
0022500402,2025-12-22,2025-26,CLE,CHA,1,0.7636652
0022500403,2025-12-22,2025-26,BOS,IND,1,0.8570288
0022500404,2025-12-22,2025-26,NOP,DAL,1,0.52484214
0022500405,2025-12-22,2025-26,DEN,UTA,1,0.83832645
0022500406,2025-12-22,2025-26,OKC,MEM,1,0.8695568
0022500407,2025-12-22,2025-26,GSW,ORL,1,0.6942138
0022500408,2025-12-22,2025-26,POR,DET,0,0.319723
0022500409,2025-12-23,2025-26,CHA,WAS,1,0.67317545
0022500410,2025-12-23,2025-26,PHI,BKN,0,0.59775984
0022500411,2025-12-23,2025-26,ATL,CHI,0,0.75115275
0022500412,2025-12-23,2025-26,CLE,NOP,1,0.7023558
0022500413,2025-12-23,2025-26,IND,MIL,0,0.3532752
0022500414,2025-12-23,2025-26,MIA,TOR,0,0.5163286
0022500415,2025-12-23,2025-26,DAL,DEN,1,0.3262813
0022500416,2025-12-23,2025-26,MIN,NYK,1,0.6841539
0022500417,2025-12-23,2025-26,SAS,OKC,1,0.4496073
0022500418,2025-12-23,2025-26,PHX,LAL,1,0.60393286
0022500419,2025-12-23,2025-26,UTA,MEM,0,0.44561127
0022500420,2025-12-23,2025-26,POR,ORL,0,0.5603052
0022500421,2025-12-23,2025-26,SAC,DET,0,0.1819228
0022500422,2025-12-23,2025-26,LAC,HOU,1,0.364789
0022500009,2025-12-25,2025-26,NYK,CLE,1,0.60014147
0022500010,2025-12-25,2025-26,OKC,SAS,0,0.73323923
0022500011,2025-12-25,2025-26,GSW,DAL,1,0.6875427
0022500012,2025-12-25,2025-26,LAL,HOU,0,0.5567262
0022500013,2025-12-25,2025-26,DEN,MIN,1,0.6138416
0022500423,2025-12-26,2025-26,ATL,MIA,0,0.7156498
0022500424,2025-12-26,2025-26,ORL,CHA,0,0.6179168
0022500425,2025-12-26,2025-26,WAS,TOR,1,0.31044486
0022500426,2025-12-26,2025-26,IND,BOS,0,0.20255175
0022500427,2025-12-26,2025-26,CHI,PHI,1,0.48274958
0022500428,2025-12-26,2025-26,MEM,MIL,1,0.52553
0022500429,2025-12-26,2025-26,NOP,PHX,0,0.36669305
0022500430,2025-12-26,2025-26,UTA,DET,1,0.24812761
0022500431,2025-12-26,2025-26,POR,LAC,0,0.51024026
0022500432,2025-12-27,2025-26,SAC,DAL,1,0.29206815
0022500433,2025-12-27,2025-26,ORL,DEN,1,0.27651066
0022500434,2025-12-27,2025-26,NOP,PHX,0,0.41431412
0022500435,2025-12-27,2025-26,ATL,NYK,0,0.48608273
0022500436,2025-12-27,2025-26,MIA,IND,1,0.7875478
0022500437,2025-12-27,2025-26,CHI,MIL,0,0.51193416
0022500438,2025-12-27,2025-26,HOU,CLE,1,0.54907656
0022500439,2025-12-27,2025-26,MIN,BKN,0,0.7812474
0022500440,2025-12-27,2025-26,SAS,UTA,0,0.83194065
0022500441,2025-12-28,2025-26,TOR,GSW,1,0.43786225
0022500442,2025-12-28,2025-26,OKC,PHI,1,0.825564
0022500443,2025-12-28,2025-26,WAS,MEM,1,0.36739996
0022500444,2025-12-28,2025-26,POR,BOS,1,0.30607414
0022500445,2025-12-28,2025-26,LAC,DET,1,0.36538148
0022500446,2025-12-28,2025-26,LAL,SAC,1,0.824306
0022500447,2025-12-29,2025-26,CHA,MIL,0,0.39445502
0022500448,2025-12-29,2025-26,WAS,PHX,0,0.25594482
0022500449,2025-12-29,2025-26,BKN,GSW,0,0.4668103
0022500450,2025-12-29,2025-26,MIA,DEN,1,0.4507668
0022500451,2025-12-29,2025-26,TOR,ORL,1,0.46343637
0022500452,2025-12-29,2025-26,CHI,MIN,0,0.3803161
0022500453,2025-12-29,2025-26,HOU,IND,1,0.84548324
0022500454,2025-12-29,2025-26,NOP,NYK,0,0.3489221
0022500455,2025-12-29,2025-26,OKC,ATL,1,0.85227275
0022500456,2025-12-29,2025-26,SAS,CLE,0,0.6218421
0022500457,2025-12-29,2025-26,POR,DAL,1,0.49127194
0022500458,2025-12-30,2025-26,MEM,PHI,0,0.3981472
0022500459,2025-12-30,2025-26,UTA,BOS,0,0.25940874
0022500460,2025-12-30,2025-26,LAL,DET,0,0.5104485
0022500461,2025-12-30,2025-26,LAC,SAC,1,0.7458509
0022500462,2025-12-31,2025-26,CHA,GSW,0,0.29709044
0022500463,2025-12-31,2025-26,ATL,MIN,1,0.43525207
0022500464,2025-12-31,2025-26,IND,ORL,0,0.3176763
0022500465,2025-12-31,2025-26,CLE,PHX,1,0.61860543
0022500466,2025-12-31,2025-26,CHI,NOP,1,0.47738776
0022500467,2025-12-31,2025-26,SAS,NYK,1,0.62675315
0022500468,2025-12-31,2025-26,TOR,DEN,0,0.54676384
0022500469,2025-12-31,2025-26,MIL,WAS,0,0.81367016
0022500470,2025-12-31,2025-26,OKC,POR,1,0.856714
0022500471,2026-01-01,2025-26,BKN,HOU,0,0.2639837
0022500472,2026-01-01,2025-26,DET,MIA,0,0.6555145
0022500473,2026-01-01,2025-26,DAL,PHI,0,0.48218405
0022500474,2026-01-01,2025-26,SAC,BOS,0,0.2087261
0022500475,2026-01-01,2025-26,LAC,UTA,1,0.8412917
0022500476,2026-01-02,2025-26,IND,SAS,0,0.31705907
0022500477,2026-01-02,2025-26,WAS,BKN,1,0.54882336
0022500478,2026-01-02,2025-26,CLE,DEN,1,0.7511441
0022500479,2026-01-02,2025-26,NYK,ATL,0,0.5545714
0022500480,2026-01-02,2025-26,CHI,ORL,1,0.2853879
0022500481,2026-01-02,2025-26,MIL,CHA,1,0.6726014
0022500482,2026-01-02,2025-26,NOP,POR,0,0.3776546
0022500483,2026-01-02,2025-26,PHX,SAC,1,0.8603133
0022500484,2026-01-02,2025-26,GSW,OKC,0,0.22331266
0022500485,2026-01-02,2025-26,LAL,MEM,1,0.63670456
0022500486,2026-01-03,2025-26,MIA,MIN,0,0.42909852
0022500487,2026-01-03,2025-26,NYK,PHI,0,0.5839699
0022500488,2026-01-03,2025-26,TOR,ATL,1,0.5693599
0022500489,2026-01-03,2025-26,CHI,CHA,0,0.4159246
0022500490,2026-01-03,2025-26,SAS,POR,0,0.7089586
0022500491,2026-01-03,2025-26,DAL,HOU,1,0.35441357
0022500492,2026-01-03,2025-26,GSW,UTA,1,0.74113595
0022500493,2026-01-03,2025-26,LAC,BOS,0,0.47420576
0022500494,2026-01-04,2025-26,CLE,DET,0,0.46982047
0022500495,2026-01-04,2025-26,ORL,IND,1,0.78003496
0022500496,2026-01-04,2025-26,BKN,DEN,1,0.44819963
0022500497,2026-01-04,2025-26,MIA,NOP,1,0.6565909
0022500498,2026-01-04,2025-26,WAS,MIN,0,0.2769938
0022500499,2026-01-04,2025-26,PHX,OKC,1,0.27742764
0022500500,2026-01-04,2025-26,SAC,MIL,0,0.25701502
0022500501,2026-01-04,2025-26,LAL,MEM,1,0.65523285
0022500502,2026-01-05,2025-26,DET,NYK,1,0.39141664
0022500503,2026-01-05,2025-26,BOS,CHI,1,0.82751477
0022500504,2026-01-05,2025-26,TOR,ATL,1,0.43923452
0022500505,2026-01-05,2025-26,HOU,PHX,1,0.7214153
0022500506,2026-01-05,2025-26,OKC,CHA,0,0.82874554
0022500507,2026-01-05,2025-26,PHI,DEN,0,0.8781548
0022500508,2026-01-05,2025-26,LAC,GSW,1,0.5794781
0022500509,2026-01-05,2025-26,POR,UTA,1,0.606118
0022500510,2026-01-06,2025-26,IND,CLE,0,0.31547013
0022500511,2026-01-06,2025-26,WAS,ORL,1,0.36391923
0022500512,2026-01-06,2025-26,MEM,SAS,1,0.37457892
0022500513,2026-01-06,2025-26,MIN,MIA,1,0.66174686
0022500514,2026-01-06,2025-26,NOP,LAL,0,0.46017432
0022500515,2026-01-06,2025-26,SAC,DAL,0,0.28490552
0022500516,2026-01-07,2025-26,CHA,TOR,0,0.50544894
0022500517,2026-01-07,2025-26,DET,CHI,1,0.7246234
0022500518,2026-01-07,2025-26,PHI,WAS,1,0.8380182
0022500519,2026-01-07,2025-26,ATL,NOP,1,0.8279476
0022500520,2026-01-07,2025-26,BOS,DEN,0,0.7542531
0022500521,2026-01-07,2025-26,BKN,ORL,0,0.5024502
0022500522,2026-01-07,2025-26,NYK,LAC,1,0.60978895
0022500523,2026-01-07,2025-26,SAS,LAL,1,0.7713534
0022500524,2026-01-07,2025-26,MEM,PHX,0,0.34179926
0022500525,2026-01-07,2025-26,OKC,UTA,1,0.855833
0022500526,2026-01-07,2025-26,GSW,MIL,1,0.6505667
0022500527,2026-01-07,2025-26,POR,HOU,1,0.37536374
0022500528,2026-01-08,2025-26,CHA,IND,0,0.66892344
0022500530,2026-01-08,2025-26,MIN,CLE,1,0.6696765
0022500531,2026-01-08,2025-26,UTA,DAL,1,0.35336357
0022500532,2026-01-09,2025-26,BOS,TOR,1,0.8344557
0022500533,2026-01-09,2025-26,ORL,PHI,0,0.44447148
0022500534,2026-01-09,2025-26,WAS,NOP,0,0.44340837
0022500535,2026-01-09,2025-26,BKN,LAC,0,0.42440495
0022500536,2026-01-09,2025-26,MEM,OKC,0,0.4397845
0022500537,2026-01-09,2025-26,DEN,ATL,0,0.31334427
0022500538,2026-01-09,2025-26,PHX,NYK,1,0.521512
0022500539,2026-01-09,2025-26,GSW,SAC,1,0.8575364
0022500540,2026-01-09,2025-26,POR,HOU,1,0.36719185
0022500541,2026-01-09,2025-26,LAL,MIL,0,0.55031174
0022500542,2026-01-10,2025-26,CLE,MIN,1,0.4196257
0022500543,2026-01-10,2025-26,IND,MIA,1,0.2741037
0022500544,2026-01-10,2025-26,DET,LAC,0,0.4358997
0022500545,2026-01-10,2025-26,BOS,SAS,0,0.60345715
0022500546,2026-01-10,2025-26,CHI,DAL,1,0.5325147
0022500547,2026-01-10,2025-26,UTA,CHA,0,0.42764217
0022500548,2026-01-11,2025-26,ORL,NOP,1,0.5623156
0022500549,2026-01-11,2025-26,MEM,BKN,1,0.67765164
0022500550,2026-01-11,2025-26,TOR,PHI,1,0.35592505
0022500551,2026-01-11,2025-26,POR,NYK,0,0.4718153
0022500552,2026-01-11,2025-26,MIN,SAS,1,0.7013245
0022500553,2026-01-11,2025-26,OKC,MIA,1,0.80941004
0022500554,2026-01-11,2025-26,DEN,MIL,1,0.36538863
0022500555,2026-01-11,2025-26,PHX,WAS,1,0.7770879
0022500556,2026-01-11,2025-26,GSW,ATL,0,0.64341635
0022500557,2026-01-11,2025-26,SAC,HOU,1,0.16149484
0022500558,2026-01-12,2025-26,CLE,UTA,0,0.7675116
0022500559,2026-01-12,2025-26,IND,BOS,1,0.26337117
0022500560,2026-01-12,2025-26,TOR,PHI,0,0.3461637
0022500561,2026-01-12,2025-26,DAL,BKN,1,0.5064908
0022500562,2026-01-12,2025-26,SAC,LAL,1,0.2122231
0022500563,2026-01-12,2025-26,LAC,CHA,1,0.7260949
0022500564,2026-01-13,2025-26,MIA,PHX,1,0.5226855
0022500565,2026-01-13,2025-26,HOU,CHI,1,0.7598507
0022500566,2026-01-13,2025-26,MIL,MIN,0,0.44819033
0022500567,2026-01-13,2025-26,NOP,DEN,0,0.5179664
0022500568,2026-01-13,2025-26,OKC,SAS,1,0.78204256
0022500569,2026-01-13,2025-26,LAL,ATL,1,0.41352
0022500570,2026-01-13,2025-26,GSW,POR,1,0.7758902
0022500571,2026-01-14,2025-26,IND,TOR,0,0.610512
0022500572,2026-01-14,2025-26,PHI,CLE,0,0.63975203
0022500573,2026-01-14,2025-26,CHI,UTA,1,0.68346614
0022500574,2026-01-14,2025-26,NOP,BKN,1,0.45595947
0022500575,2026-01-14,2025-26,DAL,DEN,0,0.59260094
0022500576,2026-01-14,2025-26,SAC,NYK,1,0.2159472
0022500577,2026-01-14,2025-26,LAC,WAS,1,0.8034925
0022500579,2026-01-15,2025-26,DET,PHX,1,0.70129716
0022500580,2026-01-15,2025-26,MIA,BOS,0,0.3952312
0022500581,2026-01-15,2025-26,HOU,OKC,0,0.3646626
0022500582,2026-01-15,2025-26,SAS,MIL,1,0.57365143
0022500583,2026-01-15,2025-26,DAL,UTA,1,0.48703188
0022500584,2026-01-15,2025-26,GSW,NYK,1,0.7872686
0022500585,2026-01-15,2025-26,POR,ATL,1,0.42759386
0022500586,2026-01-15,2025-26,LAL,CHA,0,0.5648863
0022500587,2026-01-16,2025-26,BKN,CHI,1,0.5980165
0022500588,2026-01-16,2025-26,IND,NOP,1,0.47382718
0022500589,2026-01-16,2025-26,PHI,CLE,0,0.5832392
0022500590,2026-01-16,2025-26,TOR,LAC,0,0.47051653
0022500591,2026-01-16,2025-26,HOU,MIN,1,0.43538702
0022500592,2026-01-16,2025-26,SAC,WAS,1,0.5440073
0022500593,2026-01-17,2025-26,DAL,UTA,1,0.64017874
0022500594,2026-01-17,2025-26,ATL,BOS,0,0.47284698
0022500595,2026-01-17,2025-26,DET,IND,1,0.8868877
0022500596,2026-01-17,2025-26,NYK,PHX,0,0.4167232
0022500597,2026-01-17,2025-26,MIA,OKC,1,0.23764306
0022500598,2026-01-17,2025-26,SAS,MIN,1,0.5504719
0022500599,2026-01-17,2025-26,GSW,CHA,1,0.6840247
0022500600,2026-01-17,2025-26,DEN,WAS,1,0.80730176
0022500601,2026-01-17,2025-26,POR,LAL,1,0.59170926
0022500603,2026-01-18,2025-26,CHI,BKN,1,0.6186389
0022500604,2026-01-18,2025-26,HOU,NOP,1,0.7233748
0022500605,2026-01-18,2025-26,DEN,CHA,0,0.4239887
0022500606,2026-01-18,2025-26,SAC,POR,0,0.4567852
0022500607,2026-01-18,2025-26,LAL,TOR,1,0.61835355
0022500014,2026-01-19,2025-26,ATL,MIL,0,0.48594245
0022500015,2026-01-19,2025-26,CLE,OKC,0,0.35790914
0022500016,2026-01-19,2025-26,NYK,DAL,0,0.70851403
0022500017,2026-01-19,2025-26,DET,BOS,1,0.54504204
0022500608,2026-01-19,2025-26,WAS,LAC,0,0.2966409
0022500609,2026-01-19,2025-26,PHI,IND,1,0.7999425
0022500610,2026-01-19,2025-26,BKN,PHX,0,0.3040621
0022500611,2026-01-19,2025-26,SAS,UTA,1,0.8204113
0022500612,2026-01-19,2025-26,GSW,MIA,1,0.7195828
0022500613,2026-01-20,2025-26,PHI,PHX,0,0.57740414
0022500614,2026-01-20,2025-26,CHI,LAC,1,0.557402
0022500615,2026-01-20,2025-26,HOU,SAS,1,0.61317515
0022500616,2026-01-20,2025-26,UTA,MIN,1,0.19214465
0022500617,2026-01-20,2025-26,DEN,LAL,0,0.62315035
0022500618,2026-01-20,2025-26,GSW,TOR,0,0.61407715
0022500619,2026-01-20,2025-26,SAC,MIA,0,0.47939894
0022500620,2026-01-21,2025-26,CHA,CLE,0,0.62044495
0022500621,2026-01-21,2025-26,BOS,IND,1,0.81137174
0022500622,2026-01-21,2025-26,NYK,BKN,1,0.6840997
0022500623,2026-01-21,2025-26,MEM,ATL,0,0.58301663
0022500624,2026-01-21,2025-26,NOP,DET,0,0.41533634
0022500625,2026-01-21,2025-26,MIL,OKC,0,0.3187732
0022500626,2026-01-21,2025-26,SAC,TOR,0,0.3849374
0022500627,2026-01-22,2025-26,ORL,CHA,0,0.5364167
0022500628,2026-01-22,2025-26,PHI,HOU,1,0.5442105
0022500629,2026-01-22,2025-26,WAS,DEN,0,0.31133187
0022500630,2026-01-22,2025-26,DAL,GSW,1,0.4136041
0022500631,2026-01-22,2025-26,MIN,CHI,0,0.6773174
0022500632,2026-01-22,2025-26,UTA,SAS,0,0.30777398
0022500633,2026-01-22,2025-26,LAC,LAL,1,0.6657344
0022500634,2026-01-22,2025-26,POR,MIA,1,0.7019204
0022500635,2026-01-23,2025-26,DET,HOU,0,0.66112715
0022500636,2026-01-23,2025-26,ATL,PHX,1,0.43521175
0022500637,2026-01-23,2025-26,BKN,BOS,0,0.37830043
0022500638,2026-01-23,2025-26,CLE,SAC,1,0.73973215
0022500639,2026-01-23,2025-26,MEM,NOP,0,0.51836485
0022500640,2026-01-23,2025-26,MIL,DEN,0,0.7070831
0022500641,2026-01-23,2025-26,OKC,IND,0,0.8214164
0022500642,2026-01-23,2025-26,POR,TOR,0,0.38283637
0022500643,2026-01-24,2025-26,PHI,NYK,0,0.62410027
0022500645,2026-01-24,2025-26,CHA,WAS,1,0.8317745
0022500646,2026-01-24,2025-26,ORL,CLE,0,0.55741614
0022500647,2026-01-24,2025-26,CHI,BOS,1,0.5636708
0022500648,2026-01-24,2025-26,DAL,LAL,0,0.4671355
0022500649,2026-01-24,2025-26,UTA,MIA,0,0.4564104
0022500644,2026-01-25,2025-26,MIN,GSW,0,0.6265547
0022500650,2026-01-25,2025-26,DET,SAC,1,0.8343006
0022500653,2026-01-25,2025-26,OKC,TOR,0,0.63433486
0022500654,2026-01-25,2025-26,SAS,NOP,0,0.69312465
0022500655,2026-01-25,2025-26,PHX,MIA,0,0.7840145
0022500656,2026-01-25,2025-26,LAC,BKN,1,0.7752007
0022500657,2026-01-26,2025-26,CHA,PHI,1,0.61879367
0022500658,2026-01-26,2025-26,CLE,ORL,1,0.67474926
0022500659,2026-01-26,2025-26,ATL,IND,1,0.7548076
0022500660,2026-01-26,2025-26,BOS,POR,1,0.7129183
0022500661,2026-01-26,2025-26,CHI,LAL,0,0.49445423
0022500662,2026-01-26,2025-26,HOU,MEM,1,0.7413953
0022500663,2026-01-26,2025-26,MIN,GSW,1,0.6935082
0022500664,2026-01-27,2025-26,WAS,POR,1,0.33843338
0022500665,2026-01-27,2025-26,NYK,SAC,1,0.75788414
0022500666,2026-01-27,2025-26,PHI,MIL,1,0.78552425
0022500667,2026-01-27,2025-26,OKC,NOP,1,0.6855732
0022500668,2026-01-27,2025-26,DEN,DET,0,0.32775748
0022500669,2026-01-27,2025-26,PHX,BKN,1,0.6693284
0022500670,2026-01-27,2025-26,UTA,LAC,0,0.1871607
0022500671,2026-01-28,2025-26,CLE,LAL,1,0.53399944
0022500672,2026-01-28,2025-26,IND,CHI,1,0.3285487
0022500673,2026-01-28,2025-26,BOS,ATL,0,0.70513004
0022500674,2026-01-28,2025-26,MIA,ORL,0,0.59251297
0022500675,2026-01-28,2025-26,TOR,NYK,0,0.74236995
0022500676,2026-01-28,2025-26,MEM,CHA,0,0.32760572
0022500677,2026-01-28,2025-26,DAL,MIN,0,0.31446964
0022500678,2026-01-28,2025-26,UTA,GSW,0,0.22364502
0022500679,2026-01-28,2025-26,HOU,SAS,0,0.628043
0022500529,2026-01-29,2025-26,CHI,MIA,0,0.62474334
0022500680,2026-01-29,2025-26,PHI,SAC,1,0.78213245
0022500681,2026-01-29,2025-26,WAS,MIL,1,0.62460846
0022500682,2026-01-29,2025-26,ATL,HOU,0,0.41247013
0022500683,2026-01-29,2025-26,DAL,CHA,0,0.36648005
0022500684,2026-01-29,2025-26,DEN,BKN,1,0.67477494
0022500685,2026-01-29,2025-26,PHX,DET,1,0.4383994
0022500686,2026-01-29,2025-26,MIN,OKC,1,0.49531305
0022500687,2026-01-30,2025-26,ORL,TOR,1,0.3882974
0022500688,2026-01-30,2025-26,WAS,LAL,0,0.2568332
0022500689,2026-01-30,2025-26,BOS,SAC,1,0.86926204
0022500690,2026-01-30,2025-26,NYK,POR,1,0.4993206
0022500691,2026-01-30,2025-26,NOP,MEM,1,0.65916646
0022500693,2026-01-30,2025-26,PHX,CLE,1,0.45027167
0022500694,2026-01-30,2025-26,UTA,BKN,0,0.65877616
0022500695,2026-01-30,2025-26,DEN,LAC,1,0.39424783
0022500696,2026-01-30,2025-26,GSW,DET,0,0.64833
0022500692,2026-01-31,2025-26,MIA,CHI,0,0.6923382
0022500697,2026-01-31,2025-26,CHA,SAS,1,0.5817485
0022500698,2026-01-31,2025-26,IND,ATL,1,0.3931516
0022500699,2026-01-31,2025-26,PHI,NOP,1,0.72255844
0022500700,2026-01-31,2025-26,MEM,MIN,0,0.2102629
0022500701,2026-01-31,2025-26,HOU,DAL,1,0.7157756
0022500702,2026-02-01,2025-26,BOS,MIL,1,0.8616674
0022500703,2026-02-01,2025-26,SAS,ORL,1,0.62508285
0022500704,2026-02-01,2025-26,DET,BKN,1,0.85837615
0022500705,2026-02-01,2025-26,MIA,CHI,1,0.62911355
0022500706,2026-02-01,2025-26,TOR,UTA,1,0.8098243
0022500707,2026-02-01,2025-26,WAS,SAC,1,0.64536196
0022500708,2026-02-01,2025-26,NYK,LAL,1,0.4726966
0022500709,2026-02-01,2025-26,PHX,LAC,0,0.5544307
0022500710,2026-02-01,2025-26,POR,CLE,0,0.37442106
0022500711,2026-02-01,2025-26,DEN,OKC,0,0.43384498
0022500712,2026-02-02,2025-26,CHA,NOP,1,0.73605627
0022500713,2026-02-02,2025-26,IND,HOU,0,0.33745712
0022500714,2026-02-02,2025-26,MEM,MIN,1,0.2564
0022500715,2026-02-02,2025-26,LAC,PHI,0,0.46851143
0022500716,2026-02-03,2025-26,DET,DEN,1,0.62675875
0022500717,2026-02-03,2025-26,IND,UTA,0,0.4435621
0022500718,2026-02-03,2025-26,WAS,NYK,0,0.3529287
0022500719,2026-02-03,2025-26,BKN,LAL,0,0.27496627
0022500720,2026-02-03,2025-26,MIA,ATL,0,0.59369963
0022500721,2026-02-03,2025-26,DAL,BOS,0,0.3103725
0022500722,2026-02-03,2025-26,MIL,CHI,1,0.34982005
0022500723,2026-02-03,2025-26,OKC,ORL,1,0.76848763
0022500724,2026-02-03,2025-26,GSW,PHI,0,0.70528245
0022500725,2026-02-03,2025-26,POR,PHX,0,0.42856318
0022500726,2026-02-04,2025-26,NYK,DEN,1,0.4320023
0022500727,2026-02-04,2025-26,TOR,MIN,0,0.49292654
0022500728,2026-02-04,2025-26,HOU,BOS,0,0.7072141
0022500729,2026-02-04,2025-26,MIL,NOP,1,0.3259528
0022500730,2026-02-04,2025-26,SAS,OKC,1,0.7103803
0022500731,2026-02-04,2025-26,SAC,MEM,0,0.51296437
0022500732,2026-02-04,2025-26,LAC,CLE,0,0.51059747
0022500733,2026-02-05,2025-26,DET,WAS,0,0.83554685
0022500734,2026-02-05,2025-26,ORL,BKN,1,0.74387544
0022500735,2026-02-05,2025-26,ATL,UTA,1,0.78498155
0022500736,2026-02-05,2025-26,TOR,CHI,1,0.7564837
0022500737,2026-02-05,2025-26,HOU,CHA,0,0.49552664
0022500738,2026-02-05,2025-26,DAL,SAS,0,0.432937
0022500739,2026-02-05,2025-26,PHX,GSW,0,0.52082485
0022500740,2026-02-05,2025-26,LAL,PHI,1,0.6207843
0022500741,2026-02-06,2025-26,BOS,MIA,1,0.69007605
0022500742,2026-02-06,2025-26,DET,NYK,1,0.5943945
0022500743,2026-02-06,2025-26,MIL,IND,1,0.6006786
0022500744,2026-02-06,2025-26,MIN,NOP,0,0.7460123
0022500745,2026-02-06,2025-26,POR,MEM,1,0.68748987
0022500746,2026-02-06,2025-26,SAC,LAC,0,0.27360928
0022500747,2026-02-07,2025-26,BKN,WAS,1,0.7287983
0022500748,2026-02-07,2025-26,OKC,HOU,0,0.60584366
0022500749,2026-02-07,2025-26,SAS,DAL,1,0.76435304
0022500750,2026-02-07,2025-26,ORL,UTA,1,0.7034886
0022500751,2026-02-07,2025-26,ATL,CHA,0,0.4013622
0022500752,2026-02-07,2025-26,CHI,DEN,0,0.29938677
0022500753,2026-02-07,2025-26,LAL,GSW,1,0.5607824
0022500754,2026-02-07,2025-26,PHX,PHI,0,0.47656524
0022500755,2026-02-07,2025-26,POR,MEM,1,0.817467
0022500756,2026-02-07,2025-26,SAC,CLE,0,0.14498037
0022500757,2026-02-08,2025-26,BOS,NYK,0,0.68192214
0022500758,2026-02-08,2025-26,WAS,MIA,0,0.18357486
0022500759,2026-02-08,2025-26,TOR,IND,1,0.7874392
0022500760,2026-02-08,2025-26,MIN,LAC,0,0.7552672
0022500761,2026-02-09,2025-26,CHA,DET,0,0.54385173
0022500762,2026-02-09,2025-26,BKN,CHI,1,0.39687318
0022500763,2026-02-09,2025-26,MIA,UTA,0,0.6691961
0022500764,2026-02-09,2025-26,ORL,MIL,1,0.7447696
0022500765,2026-02-09,2025-26,MIN,ATL,1,0.7966447
0022500766,2026-02-09,2025-26,NOP,SAC,1,0.8244781
0022500767,2026-02-09,2025-26,DEN,CLE,0,0.5241475
0022500768,2026-02-09,2025-26,GSW,MEM,1,0.7755196
0022500769,2026-02-09,2025-26,LAL,OKC,0,0.4664963
0022500770,2026-02-09,2025-26,POR,PHI,1,0.5871971
0022500771,2026-02-10,2025-26,NYK,IND,0,0.7480568
0022500772,2026-02-10,2025-26,HOU,LAC,1,0.7456454
0022500773,2026-02-10,2025-26,PHX,DAL,1,0.7173278
0022500774,2026-02-10,2025-26,LAL,SAS,0,0.200227
0022500775,2026-02-11,2025-26,CHA,ATL,1,0.56416446
0022500776,2026-02-11,2025-26,CLE,WAS,1,0.8903119
0022500777,2026-02-11,2025-26,ORL,MIL,0,0.7591518
0022500778,2026-02-11,2025-26,BOS,CHI,1,0.8672432
0022500779,2026-02-11,2025-26,BKN,IND,0,0.751388
0022500780,2026-02-11,2025-26,PHI,NYK,0,0.49610955
0022500781,2026-02-11,2025-26,TOR,DET,0,0.51700795
0022500782,2026-02-11,2025-26,HOU,LAC,0,0.647997
0022500783,2026-02-11,2025-26,MIN,POR,1,0.74638975
0022500784,2026-02-11,2025-26,NOP,MIA,0,0.48963076
0022500785,2026-02-11,2025-26,PHX,OKC,0,0.29913172
0022500786,2026-02-11,2025-26,UTA,SAC,1,0.7771584
0022500787,2026-02-11,2025-26,DEN,MEM,1,0.85721946
0022500788,2026-02-11,2025-26,GSW,SAS,0,0.40314758
0022500789,2026-02-12,2025-26,OKC,MIL,0,0.8338816
0022500790,2026-02-12,2025-26,UTA,POR,0,0.32349172
0022500791,2026-02-12,2025-26,LAL,DAL,1,0.72783256
0022500792,2026-02-19,2025-26,CHA,HOU,0,0.52875113
0022500793,2026-02-19,2025-26,CLE,BKN,1,0.86585873
0022500794,2026-02-19,2025-26,PHI,ATL,0,0.43511572
0022500795,2026-02-19,2025-26,WAS,IND,1,0.44825432
0022500796,2026-02-19,2025-26,NYK,DET,0,0.4476668
0022500797,2026-02-19,2025-26,CHI,TOR,0,0.3762153
0022500798,2026-02-19,2025-26,SAS,PHX,1,0.72599113
0022500799,2026-02-19,2025-26,GSW,BOS,0,0.34134912
0022500800,2026-02-19,2025-26,SAC,ORL,0,0.22606055
0022500801,2026-02-19,2025-26,LAC,DEN,1,0.4248918
0022500802,2026-02-20,2025-26,CHA,CLE,0,0.28600156
0022500803,2026-02-20,2025-26,WAS,IND,1,0.49553403
0022500804,2026-02-20,2025-26,MEM,UTA,1,0.3717848
0022500805,2026-02-20,2025-26,ATL,MIA,0,0.4633293
0022500806,2026-02-20,2025-26,MIN,DAL,1,0.86082757
0022500807,2026-02-20,2025-26,NOP,MIL,0,0.635594
0022500808,2026-02-20,2025-26,OKC,BKN,1,0.863943
0022500809,2026-02-20,2025-26,LAL,LAC,1,0.741303
0022500810,2026-02-20,2025-26,POR,DEN,0,0.56842
0022500811,2026-02-21,2025-26,PHX,ORL,1,0.59782374
0022500812,2026-02-21,2025-26,NOP,PHI,1,0.49288842
0022500813,2026-02-21,2025-26,MIA,MEM,1,0.8665269
0022500814,2026-02-21,2025-26,CHI,DET,0,0.24744491
0022500815,2026-02-21,2025-26,SAS,SAC,1,0.9126292
0022500816,2026-02-21,2025-26,NYK,HOU,1,0.5781225
0022500817,2026-02-22,2025-26,OKC,CLE,1,0.34401378
0022500818,2026-02-22,2025-26,ATL,BKN,1,0.7443124
0022500819,2026-02-22,2025-26,MIL,TOR,0,0.400404
0022500820,2026-02-22,2025-26,GSW,DEN,1,0.3397124
0022500821,2026-02-22,2025-26,IND,DAL,0,0.4791763
0022500822,2026-02-22,2025-26,WAS,CHA,0,0.2889175
0022500823,2026-02-22,2025-26,LAL,BOS,0,0.5400329
0022500824,2026-02-22,2025-26,MIN,PHI,0,0.84134984
0022500825,2026-02-22,2025-26,CHI,NYK,0,0.30731794
0022500826,2026-02-22,2025-26,PHX,POR,0,0.3304109
0022500827,2026-02-22,2025-26,LAC,ORL,0,0.6928032
0022500828,2026-02-23,2025-26,DET,SAS,0,0.5919533
0022500829,2026-02-23,2025-26,MEM,SAC,0,0.5240535
0022500830,2026-02-23,2025-26,HOU,UTA,1,0.74525076
0022500831,2026-02-24,2025-26,IND,PHI,0,0.36815196
0022500832,2026-02-24,2025-26,ATL,WAS,1,0.79723763
0022500833,2026-02-24,2025-26,BKN,DAL,0,0.49160245
0022500834,2026-02-24,2025-26,TOR,OKC,0,0.613058
0022500835,2026-02-24,2025-26,CLE,NYK,1,0.6959002
0022500836,2026-02-24,2025-26,CHI,CHA,0,0.2317146
0022500837,2026-02-24,2025-26,MIL,MIA,1,0.42293227
0022500838,2026-02-24,2025-26,NOP,GSW,1,0.49850282
0022500839,2026-02-24,2025-26,PHX,BOS,0,0.3644901
0022500840,2026-02-24,2025-26,LAL,ORL,0,0.7514856
0022500841,2026-02-24,2025-26,POR,MIN,0,0.38608608
0022500842,2026-02-25,2025-26,DET,OKC,1,0.8466095
0022500843,2026-02-25,2025-26,TOR,SAS,0,0.38567936
0022500844,2026-02-25,2025-26,MEM,GSW,0,0.37473178
0022500845,2026-02-25,2025-26,HOU,SAC,1,0.8416449
0022500846,2026-02-25,2025-26,MIL,CLE,1,0.3740016
0022500847,2026-02-25,2025-26,DEN,BOS,1,0.6303794
0022500848,2026-02-26,2025-26,IND,CHA,0,0.19235514
0022500849,2026-02-26,2025-26,PHI,MIA,1,0.5227441
0022500850,2026-02-26,2025-26,ATL,WAS,1,0.7856571
0022500851,2026-02-26,2025-26,BKN,SAS,0,0.20338228
0022500852,2026-02-26,2025-26,ORL,HOU,0,0.4850344
0022500853,2026-02-26,2025-26,CHI,POR,0,0.41172585
0022500854,2026-02-26,2025-26,DAL,SAC,0,0.85575056
0022500855,2026-02-26,2025-26,PHX,LAL,1,0.29631668
0022500856,2026-02-26,2025-26,UTA,NOP,0,0.27181926
0022500857,2026-02-26,2025-26,LAC,MIN,0,0.2758519
0022500858,2026-02-27,2025-26,DET,CLE,1,0.75168073
0022500859,2026-02-27,2025-26,BOS,BKN,1,0.8682038
0022500860,2026-02-27,2025-26,MIL,NYK,0,0.32195178
0022500861,2026-02-27,2025-26,DAL,MEM,0,0.7195372
0022500862,2026-02-27,2025-26,OKC,DEN,1,0.56856
0022500863,2026-02-28,2025-26,CHA,POR,1,0.7972681
0022500864,2026-02-28,2025-26,MIA,HOU,1,0.5451721
0022500865,2026-02-28,2025-26,WAS,TOR,0,0.21459036
0022500866,2026-02-28,2025-26,GSW,LAL,0,0.4707171
0022500867,2026-02-28,2025-26,UTA,NOP,0,0.31035936
0022500868,2026-03-01,2025-26,NYK,SAS,1,0.42781192
0022500869,2026-03-01,2025-26,BKN,CLE,0,0.21476708
0022500870,2026-03-01,2025-26,CHI,MIL,1,0.35162967
0022500871,2026-03-01,2025-26,DEN,MIN,0,0.51224524
0022500872,2026-03-01,2025-26,IND,MEM,0,0.53190994
0022500873,2026-03-01,2025-26,ATL,POR,1,0.7557099
0022500874,2026-03-01,2025-26,BOS,PHI,1,0.77948123
0022500875,2026-03-01,2025-26,ORL,DET,0,0.30232415
0022500876,2026-03-01,2025-26,DAL,OKC,0,0.1948714
0022500877,2026-03-01,2025-26,LAC,NOP,1,0.6446185
0022500878,2026-03-01,2025-26,LAL,SAC,1,0.8828931
0022500879,2026-03-02,2025-26,WAS,HOU,0,0.19642723
0022500880,2026-03-02,2025-26,MIL,BOS,0,0.4329173
0022500881,2026-03-02,2025-26,UTA,DEN,0,0.2382241
0022500882,2026-03-02,2025-26,GSW,LAC,0,0.6460359
0022500883,2026-03-03,2025-26,CHA,DAL,1,0.89013374
0022500884,2026-03-03,2025-26,CLE,DET,1,0.43393332
0022500885,2026-03-03,2025-26,ORL,WAS,1,0.9134576
0022500886,2026-03-03,2025-26,MIA,BKN,1,0.86918116
0022500887,2026-03-03,2025-26,TOR,NYK,0,0.4167744
0022500888,2026-03-03,2025-26,PHI,SAS,0,0.23093498
0022500889,2026-03-03,2025-26,CHI,OKC,0,0.23337486
0022500890,2026-03-03,2025-26,MIN,MEM,1,0.81111366
0022500891,2026-03-03,2025-26,LAL,NOP,1,0.653583
0022500892,2026-03-03,2025-26,SAC,PHX,0,0.21457577
0022500893,2026-03-04,2025-26,NYK,OKC,0,0.49434388
0022500894,2026-03-04,2025-26,BOS,CHA,0,0.6391099
0022500895,2026-03-04,2025-26,PHI,UTA,1,0.60602766
0022500896,2026-03-04,2025-26,MEM,POR,0,0.33414802
0022500897,2026-03-04,2025-26,MIL,ATL,0,0.39435458
0022500898,2026-03-04,2025-26,LAC,IND,1,0.78465
0022500899,2026-03-05,2025-26,ORL,DAL,1,0.7080725
0022500900,2026-03-05,2025-26,WAS,UTA,0,0.4593945
0022500901,2026-03-05,2025-26,MIA,BKN,1,0.8732947
0022500902,2026-03-05,2025-26,HOU,GSW,0,0.77961844
0022500903,2026-03-05,2025-26,MIN,TOR,1,0.62968844
0022500904,2026-03-05,2025-26,SAS,DET,1,0.61997557
0022500905,2026-03-05,2025-26,PHX,CHI,0,0.8416088
0022500906,2026-03-05,2025-26,DEN,LAL,1,0.5548287
0022500907,2026-03-05,2025-26,SAC,NOP,0,0.16770652
0022500908,2026-03-06,2025-26,BOS,DAL,1,0.87176144
0022500909,2026-03-06,2025-26,CHA,MIA,0,0.7407783
0022500910,2026-03-06,2025-26,HOU,POR,1,0.6553436
0022500911,2026-03-06,2025-26,DEN,NYK,0,0.48199815
0022500912,2026-03-06,2025-26,PHX,NOP,1,0.40546787
0022500913,2026-03-06,2025-26,SAS,LAC,1,0.6805261
0022500914,2026-03-06,2025-26,LAL,IND,1,0.79197747
0022500915,2026-03-07,2025-26,MIN,ORL,0,0.6652404
0022500916,2026-03-07,2025-26,DET,BKN,0,0.83617693
0022500917,2026-03-07,2025-26,ATL,PHI,1,0.7570257
0022500918,2026-03-07,2025-26,MEM,LAC,0,0.3054144
0022500919,2026-03-07,2025-26,MIL,UTA,1,0.73640317
0022500920,2026-03-07,2025-26,OKC,GSW,1,0.8318535
0022500921,2026-03-08,2025-26,CLE,BOS,0,0.45900628
0022500922,2026-03-08,2025-26,LAL,NYK,1,0.44257638
0022500923,2026-03-08,2025-26,MIA,DET,1,0.5780279
0022500924,2026-03-08,2025-26,TOR,DAL,1,0.747231
0022500925,2026-03-08,2025-26,NOP,WAS,1,0.87182564
0022500926,2026-03-08,2025-26,MIL,ORL,0,0.342127
0022500927,2026-03-08,2025-26,SAS,HOU,1,0.69464
0022500928,2026-03-08,2025-26,PHX,CHA,1,0.2038228
0022500929,2026-03-08,2025-26,POR,IND,1,0.7383346
0022500930,2026-03-08,2025-26,SAC,CHI,1,0.31931642
0022500931,2026-03-09,2025-26,CLE,PHI,1,0.85775226
0022500932,2026-03-09,2025-26,BKN,MEM,1,0.4231691
0022500933,2026-03-09,2025-26,OKC,DEN,1,0.56664675
0022500934,2026-03-09,2025-26,UTA,GSW,1,0.50045764
0022500935,2026-03-09,2025-26,LAC,NYK,1,0.49791595
0022500936,2026-03-10,2025-26,PHI,MEM,1,0.600196
0022500937,2026-03-10,2025-26,BKN,DET,0,0.15044463
0022500938,2026-03-10,2025-26,MIA,WAS,1,0.88521117
0022500939,2026-03-10,2025-26,ATL,DAL,1,0.8013033
0022500940,2026-03-10,2025-26,HOU,TOR,1,0.55643463
0022500941,2026-03-10,2025-26,MIL,PHX,0,0.5729419
0022500942,2026-03-10,2025-26,SAS,BOS,1,0.5763099
0022500943,2026-03-10,2025-26,GSW,CHI,0,0.60626066
0022500944,2026-03-10,2025-26,POR,CHA,0,0.35120326
0022500945,2026-03-10,2025-26,SAC,IND,1,0.4224071
0022500946,2026-03-10,2025-26,LAL,MIN,1,0.5036556
0022500947,2026-03-11,2025-26,ORL,CLE,1,0.46368912
0022500948,2026-03-11,2025-26,NOP,TOR,1,0.63384926
0022500949,2026-03-11,2025-26,UTA,NYK,0,0.20006733
0022500950,2026-03-11,2025-26,DEN,HOU,1,0.71334326
0022500951,2026-03-11,2025-26,SAC,CHA,0,0.13983642
0022500952,2026-03-11,2025-26,LAC,MIN,1,0.6140061
0022500953,2026-03-12,2025-26,DET,PHI,1,0.8575171
0022500954,2026-03-12,2025-26,IND,PHX,0,0.34778905
0022500955,2026-03-12,2025-26,ORL,WAS,1,0.80117434
0022500956,2026-03-12,2025-26,ATL,BKN,1,0.9096601
0022500957,2026-03-12,2025-26,MIA,MIL,1,0.7562536
0022500958,2026-03-12,2025-26,SAS,DEN,0,0.6259809
0022500959,2026-03-12,2025-26,OKC,BOS,1,0.6247661
0022500960,2026-03-12,2025-26,LAL,CHI,1,0.85631657
0022501111,2026-03-12,2025-26,MEM,DAL,0,0.40400904
0022500961,2026-03-13,2025-26,DET,MEM,1,0.88631356
0022500962,2026-03-13,2025-26,IND,NYK,0,0.17466491
0022500963,2026-03-13,2025-26,TOR,PHX,1,0.7090975
0022500964,2026-03-13,2025-26,HOU,NOP,1,0.5048547
0022500965,2026-03-13,2025-26,DAL,CLE,0,0.21920906
0022500966,2026-03-13,2025-26,GSW,MIN,0,0.359955
0022500967,2026-03-13,2025-26,POR,UTA,1,0.85951847
0022500968,2026-03-13,2025-26,LAC,CHI,1,0.8802532
0022500969,2026-03-14,2025-26,PHI,BKN,1,0.7418481
0022500970,2026-03-14,2025-26,ATL,MIL,1,0.7909751
0022500971,2026-03-14,2025-26,BOS,WAS,1,0.8666604
0022500972,2026-03-14,2025-26,MIA,ORL,0,0.58676195
0022500973,2026-03-14,2025-26,SAS,CHA,1,0.6051005
0022500974,2026-03-14,2025-26,LAL,DEN,1,0.51072425
0022500975,2026-03-14,2025-26,LAC,SAC,0,0.83994853
0022500976,2026-03-15,2025-26,OKC,MIN,1,0.73664343
0022500977,2026-03-15,2025-26,CLE,DAL,0,0.8459492
0022500978,2026-03-15,2025-26,TOR,DET,1,0.35084587
0022500979,2026-03-15,2025-26,MIL,IND,1,0.75462335
0022500980,2026-03-15,2025-26,PHI,POR,1,0.22297975
0022500981,2026-03-15,2025-26,NYK,GSW,1,0.8850553
0022500982,2026-03-15,2025-26,SAC,UTA,1,0.82628995
0022500983,2026-03-16,2025-26,ATL,ORL,1,0.64801013
0022500984,2026-03-16,2025-26,WAS,GSW,0,0.4873527
0022500985,2026-03-16,2025-26,BKN,POR,0,0.2021303
0022500986,2026-03-16,2025-26,BOS,PHX,1,0.75920844
0022500987,2026-03-16,2025-26,CHI,MEM,1,0.6905129
0022500988,2026-03-16,2025-26,NOP,DAL,1,0.8492302
0022500989,2026-03-16,2025-26,HOU,LAL,0,0.4632163
0022500990,2026-03-16,2025-26,LAC,SAS,0,0.36618006
0022500991,2026-03-17,2025-26,CHA,MIA,1,0.66081744
0022500992,2026-03-17,2025-26,ORL,OKC,0,0.3019453
0022500993,2026-03-17,2025-26,WAS,DET,0,0.14123355
0022500994,2026-03-17,2025-26,NYK,IND,1,0.8872355
0022500995,2026-03-17,2025-26,MIL,CLE,0,0.2980769
0022500996,2026-03-17,2025-26,MIN,PHX,1,0.6930226
0022500997,2026-03-17,2025-26,DEN,PHI,1,0.8748619
0022500998,2026-03-17,2025-26,SAC,SAS,0,0.21180561
0022500651,2026-03-18,2025-26,MEM,DEN,1,0.22920491
0022500999,2026-03-18,2025-26,BOS,GSW,1,0.8342635
0022501000,2026-03-18,2025-26,BKN,OKC,0,0.1114257
0022501001,2026-03-18,2025-26,IND,POR,0,0.19210657
0022501002,2026-03-18,2025-26,CHI,TOR,0,0.3254403
0022501004,2026-03-18,2025-26,MIN,UTA,1,0.807584
0022501005,2026-03-18,2025-26,NOP,LAC,1,0.59863937
0022501006,2026-03-18,2025-26,DAL,ATL,0,0.21398382
0022501007,2026-03-18,2025-26,HOU,LAL,0,0.39436185
0022501008,2026-03-19,2025-26,CHA,ORL,1,0.77444535
0022501009,2026-03-19,2025-26,WAS,DET,0,0.2073917
0022501010,2026-03-19,2025-26,MIA,LAL,0,0.52705127
0022501011,2026-03-19,2025-26,CHI,CLE,0,0.22869381
0022501012,2026-03-19,2025-26,NOP,LAC,1,0.74437475
0022501013,2026-03-19,2025-26,SAS,PHX,1,0.8301647
0022501014,2026-03-19,2025-26,UTA,MIL,1,0.20975447
0022501015,2026-03-19,2025-26,SAC,PHI,0,0.5448152
0022501016,2026-03-20,2025-26,BKN,NYK,0,0.10411168
0022501017,2026-03-20,2025-26,DET,GSW,1,0.6694921
0022501018,2026-03-20,2025-26,HOU,ATL,1,0.3261201
0022501019,2026-03-20,2025-26,MEM,BOS,0,0.1596151
0022501020,2026-03-20,2025-26,MIN,POR,0,0.4508645
0022501021,2026-03-20,2025-26,DEN,TOR,1,0.73458827
0022501022,2026-03-21,2025-26,WAS,OKC,0,0.12775598
0022501023,2026-03-21,2025-26,CHA,MEM,1,0.9165795
0022501024,2026-03-21,2025-26,ORL,LAL,0,0.411314
0022501025,2026-03-21,2025-26,NOP,CLE,0,0.4876975
0022501026,2026-03-21,2025-26,ATL,GSW,1,0.8354811
0022501027,2026-03-21,2025-26,HOU,MIA,1,0.37651256
0022501028,2026-03-21,2025-26,SAS,IND,1,0.85120064
0022501029,2026-03-21,2025-26,DAL,LAC,0,0.24787594
0022501030,2026-03-21,2025-26,UTA,PHI,0,0.48985592
0022501031,2026-03-21,2025-26,PHX,MIL,0,0.630449
0022501032,2026-03-22,2025-26,DEN,POR,1,0.7070645
0022501033,2026-03-22,2025-26,SAC,BKN,1,0.7281772
0022501034,2026-03-22,2025-26,NYK,WAS,1,0.9127142
0022501035,2026-03-22,2025-26,BOS,MIN,0,0.7849081
0022501036,2026-03-22,2025-26,PHX,TOR,1,0.29325673
0022501037,2026-03-23,2025-26,ATL,MEM,1,0.8889056
0022501038,2026-03-23,2025-26,DET,LAL,1,0.414377
0022501039,2026-03-23,2025-26,ORL,IND,0,0.8100918
0022501040,2026-03-23,2025-26,PHI,OKC,0,0.1680599
0022501041,2026-03-23,2025-26,MIA,SAS,0,0.42881852
0022501042,2026-03-23,2025-26,CHI,HOU,1,0.33934757
0022501043,2026-03-23,2025-26,UTA,TOR,0,0.31020802
0022501044,2026-03-23,2025-26,DAL,GSW,0,0.3170648
0022501045,2026-03-23,2025-26,POR,BKN,1,0.8843492
0022501046,2026-03-23,2025-26,LAC,MIL,1,0.8048487
0022501047,2026-03-24,2025-26,CHA,SAC,1,0.917386
0022501048,2026-03-24,2025-26,NYK,NOP,1,0.6344258
0022501049,2026-03-24,2025-26,CLE,ORL,1,0.7459758
0022501050,2026-03-24,2025-26,PHX,DEN,0,0.30188337
0022501051,2026-03-25,2025-26,DET,ATL,0,0.36841846
0022501052,2026-03-25,2025-26,IND,LAL,0,0.21596186
0022501053,2026-03-25,2025-26,PHI,CHI,1,0.71450067
0022501054,2026-03-25,2025-26,BOS,OKC,1,0.50028837
0022501055,2026-03-25,2025-26,CLE,MIA,0,0.55160457
0022501056,2026-03-25,2025-26,MEM,SAS,0,0.13626803
0022501057,2026-03-25,2025-26,UTA,WAS,0,0.58831155
0022501058,2026-03-25,2025-26,MIN,HOU,1,0.52219534
0022501059,2026-03-25,2025-26,DEN,DAL,1,0.8404369
0022501060,2026-03-25,2025-26,GSW,BKN,1,0.8684354
0022501061,2026-03-25,2025-26,POR,MIL,1,0.8503492
0022501062,2026-03-25,2025-26,LAC,TOR,1,0.71095604
0022501063,2026-03-26,2025-26,CHA,NYK,1,0.6403074
0022501064,2026-03-26,2025-26,DET,NOP,1,0.42872
0022501065,2026-03-26,2025-26,ORL,SAC,1,0.8812367
0022501066,2026-03-27,2025-26,IND,LAC,0,0.21978238
0022501067,2026-03-27,2025-26,BOS,ATL,1,0.42503884
0022501068,2026-03-27,2025-26,CLE,MIA,1,0.52861214
0022501069,2026-03-27,2025-26,MEM,HOU,0,0.23266025
0022501070,2026-03-27,2025-26,OKC,CHI,1,0.8757544
0022501071,2026-03-27,2025-26,TOR,NOP,1,0.6869281
0022501072,2026-03-27,2025-26,DEN,UTA,1,0.8953321
0022501073,2026-03-27,2025-26,GSW,WAS,1,0.7238217
0022501074,2026-03-27,2025-26,POR,DAL,0,0.8093015
0022501075,2026-03-27,2025-26,LAL,BKN,1,0.92486644
0022501076,2026-03-28,2025-26,MIL,SAS,0,0.115835674
0022501077,2026-03-28,2025-26,CHA,PHI,0,0.6935999
0022501078,2026-03-28,2025-26,ATL,SAC,1,0.8669754
0022501079,2026-03-28,2025-26,MEM,CHI,1,0.35484895
0022501080,2026-03-28,2025-26,MIN,DET,0,0.42202178
0022501081,2026-03-28,2025-26,PHX,UTA,1,0.85877126
0022501082,2026-03-29,2025-26,MIL,LAC,0,0.10430297
0022501083,2026-03-29,2025-26,IND,MIA,1,0.21042834
0022501084,2026-03-29,2025-26,BKN,SAC,1,0.42017174
0022501085,2026-03-29,2025-26,CHA,BOS,0,0.6805476
0022501086,2026-03-29,2025-26,TOR,ORL,1,0.40987515
0022501087,2026-03-29,2025-26,POR,WAS,1,0.83681697
0022501088,2026-03-29,2025-26,NOP,HOU,0,0.52829283
0022501089,2026-03-29,2025-26,OKC,NYK,1,0.66991717
0022501090,2026-03-29,2025-26,DEN,GSW,1,0.82767093
0022501091,2026-03-30,2025-26,MIA,PHI,1,0.48982078
0022501092,2026-03-30,2025-26,ATL,BOS,1,0.7970586
0022501093,2026-03-30,2025-26,MEM,PHX,0,0.19880709
0022501094,2026-03-30,2025-26,SAS,CHI,1,0.8953893
0022501095,2026-03-30,2025-26,DAL,MIN,0,0.29905254
0022501096,2026-03-30,2025-26,UTA,CLE,0,0.1710591
0022501097,2026-03-30,2025-26,OKC,DET,1,0.7801075
0022501098,2026-03-30,2025-26,LAL,WAS,1,0.8672484
0022500652,2026-03-31,2025-26,MIL,DAL,1,0.59531575
0022501099,2026-03-31,2025-26,ORL,PHX,1,0.58164734
0022501100,2026-03-31,2025-26,BKN,CHA,0,0.10960315
0022501101,2026-03-31,2025-26,DET,TOR,1,0.5030028
0022501102,2026-03-31,2025-26,HOU,NYK,1,0.4833329
0022501103,2026-03-31,2025-26,LAL,CLE,1,0.58389604
0022501104,2026-03-31,2025-26,LAC,POR,0,0.70025104
0022501003,2026-04-01,2025-26,MEM,NYK,0,0.20603123
0022501105,2026-04-01,2025-26,WAS,PHI,0,0.2170045
0022501106,2026-04-01,2025-26,MIA,BOS,0,0.5146367
0022501107,2026-04-01,2025-26,ORL,ATL,0,0.31141752
0022501108,2026-04-01,2025-26,TOR,SAC,0,0.8141486
0022501109,2026-04-01,2025-26,CHI,IND,0,0.5838872
0022501110,2026-04-01,2025-26,HOU,MIL,1,0.90868014
0022501112,2026-04-01,2025-26,UTA,DEN,0,0.16248338
0022501113,2026-04-01,2025-26,GSW,SAS,0,0.104390025
0022501114,2026-04-02,2025-26,CHA,PHX,1,0.7108158
0022501115,2026-04-02,2025-26,DET,MIN,1,0.66199005
0022501116,2026-04-02,2025-26,OKC,LAL,1,0.60569793
0022501117,2026-04-02,2025-26,GSW,CLE,0,0.26497018
0022501118,2026-04-02,2025-26,POR,NOP,1,0.5979198
0022501119,2026-04-02,2025-26,LAC,SAS,0,0.5986867
0022501120,2026-04-03,2025-26,CHA,IND,1,0.83843976
0022501121,2026-04-03,2025-26,PHI,MIN,1,0.73828584
0022501122,2026-04-03,2025-26,BKN,ATL,0,0.090405434
0022501123,2026-04-03,2025-26,NYK,CHI,1,0.84550834
0022501124,2026-04-03,2025-26,HOU,UTA,1,0.86572254
0022501125,2026-04-03,2025-26,MEM,TOR,0,0.18434902
0022501126,2026-04-03,2025-26,MIL,BOS,0,0.12183022
0022501127,2026-04-03,2025-26,DAL,ORL,0,0.30106214
0022501128,2026-04-03,2025-26,SAC,NOP,1,0.37353173
0022501129,2026-04-04,2025-26,MIA,WAS,1,0.8716145
0022501130,2026-04-04,2025-26,DEN,SAS,1,0.4908373
0022501131,2026-04-04,2025-26,PHI,DET,0,0.49717635
0022501132,2026-04-05,2025-26,BOS,TOR,1,0.74983406
0022501133,2026-04-05,2025-26,BKN,WAS,1,0.4565371
0022501134,2026-04-05,2025-26,CHI,PHX,0,0.23510791
0022501135,2026-04-05,2025-26,MIL,MEM,1,0.8018452
0022501136,2026-04-05,2025-26,CLE,IND,1,0.8645173
0022501137,2026-04-05,2025-26,MIN,CHA,0,0.2957734
0022501138,2026-04-05,2025-26,NOP,ORL,0,0.37371078
0022501139,2026-04-05,2025-26,OKC,UTA,1,0.9274156
0022501140,2026-04-05,2025-26,DAL,LAL,1,0.3053167
0022501141,2026-04-05,2025-26,SAC,LAC,0,0.23496704
0022501142,2026-04-05,2025-26,GSW,HOU,0,0.33576137
0022501143,2026-04-06,2025-26,ATL,NYK,0,0.703946
0022501144,2026-04-06,2025-26,ORL,DET,1,0.3904672
0022501145,2026-04-06,2025-26,MEM,CLE,0,0.11780903
0022501146,2026-04-06,2025-26,SAS,PHI,1,0.62334734
0022501147,2026-04-06,2025-26,DEN,POR,1,0.66435564
0022501148,2026-04-07,2025-26,WAS,CHI,0,0.5432203
0022501149,2026-04-07,2025-26,BOS,CHA,1,0.64371234
0022501150,2026-04-07,2025-26,BKN,MIL,1,0.42282954
0022501151,2026-04-07,2025-26,TOR,MIA,1,0.5492979
0022501152,2026-04-07,2025-26,IND,MIN,0,0.29922816
0022501153,2026-04-07,2025-26,NOP,UTA,1,0.38264582
0022501154,2026-04-07,2025-26,GSW,SAC,1,0.66615033
0022501155,2026-04-07,2025-26,LAL,OKC,0,0.117659286
0022501156,2026-04-07,2025-26,LAC,DAL,1,0.87424517
0022501157,2026-04-07,2025-26,PHX,HOU,0,0.4514439
0022501158,2026-04-08,2025-26,CLE,ATL,1,0.4269216
0022501159,2026-04-08,2025-26,ORL,MIN,1,0.7857246
0022501160,2026-04-08,2025-26,DET,MIL,1,0.930623
0022501161,2026-04-08,2025-26,SAS,POR,1,0.6430966
0022501162,2026-04-08,2025-26,DEN,MEM,1,0.9422258
0022501163,2026-04-08,2025-26,LAC,OKC,0,0.32524925
0022501164,2026-04-08,2025-26,PHX,DAL,1,0.86839026
0022501165,2026-04-09,2025-26,TOR,MIA,1,0.59404993
0022501166,2026-04-09,2025-26,WAS,CHI,0,0.42078578
0022501167,2026-04-09,2025-26,BKN,IND,0,0.27872702
0022501168,2026-04-09,2025-26,NYK,BOS,1,0.50663286
0022501169,2026-04-09,2025-26,HOU,PHI,1,0.6389205
0022501170,2026-04-09,2025-26,GSW,LAL,0,0.36538035
0022501171,2026-04-10,2025-26,CHA,DET,0,0.5124612
0022501172,2026-04-10,2025-26,WAS,MIA,0,0.17779842
0022501173,2026-04-10,2025-26,ATL,CLE,1,0.7727506
0022501174,2026-04-10,2025-26,BOS,NOP,1,0.931685
0022501175,2026-04-10,2025-26,IND,PHI,0,0.22071776
0022501176,2026-04-10,2025-26,NYK,TOR,1,0.6870796
0022501177,2026-04-10,2025-26,CHI,ORL,0,0.22181316
0022501178,2026-04-10,2025-26,HOU,MIN,0,0.67566305
0022501179,2026-04-10,2025-26,MIL,BKN,1,0.81034213
0022501180,2026-04-10,2025-26,SAS,DAL,1,0.90830696
0022501181,2026-04-10,2025-26,UTA,MEM,1,0.8336089
0022501182,2026-04-10,2025-26,DEN,OKC,1,0.3897127
0022501183,2026-04-10,2025-26,POR,LAC,1,0.4581976
0022501184,2026-04-10,2025-26,SAC,GSW,1,0.42047685
0022501185,2026-04-10,2025-26,LAL,PHX,1,0.4920538
0022501186,2026-04-12,2025-26,BOS,ORL,1,0.18083331
0022501187,2026-04-12,2025-26,CLE,WAS,1,0.7642396
0022501188,2026-04-12,2025-26,IND,DET,0,0.17592312
0022501189,2026-04-12,2025-26,MIA,ATL,1,0.9307779
0022501190,2026-04-12,2025-26,NYK,CHA,0,0.21628873
0022501191,2026-04-12,2025-26,PHI,MIL,1,0.88955986
0022501192,2026-04-12,2025-26,TOR,BKN,1,0.93353707
0022501193,2026-04-12,2025-26,DAL,CHI,1,0.5426036
0022501194,2026-04-12,2025-26,HOU,MEM,1,0.91649026
0022501195,2026-04-12,2025-26,MIN,NOP,1,0.73646
0022501196,2026-04-12,2025-26,OKC,PHX,0,0.3034518
0022501197,2026-04-12,2025-26,SAS,DEN,0,0.71392906
0022501198,2026-04-12,2025-26,LAL,UTA,1,0.8371522
0022501199,2026-04-12,2025-26,LAC,GSW,1,0.6786417
0022501200,2026-04-12,2025-26,POR,SAC,1,0.81486785
