game_id,date,season,home,away,home_win,p_home
0022400061,2024-10-22,2024-25,BOS,NYK,1,0.81712735
0022400062,2024-10-22,2024-25,LAL,MIN,1,0.5940802
0022400063,2024-10-23,2024-25,DET,IND,0,0.20148866
0022400064,2024-10-23,2024-25,ATL,BKN,1,0.55126464
0022400065,2024-10-23,2024-25,MIA,ORL,0,0.5550337
0022400066,2024-10-23,2024-25,PHI,MIL,0,0.6187325
0022400067,2024-10-23,2024-25,TOR,CLE,0,0.22178878
0022400068,2024-10-23,2024-25,HOU,CHA,0,0.6854344
0022400069,2024-10-23,2024-25,NOP,CHI,1,0.60957164
0022400070,2024-10-23,2024-25,UTA,MEM,0,0.8155798
0022400071,2024-10-23,2024-25,LAC,PHX,0,0.61493546
0022400072,2024-10-23,2024-25,POR,GSW,0,0.22847725
0022400073,2024-10-24,2024-25,WAS,BOS,0,0.27237788
0022400074,2024-10-24,2024-25,DAL,SAS,1,0.55627024
0022400075,2024-10-24,2024-25,DEN,OKC,0,0.57479256
0022400076,2024-10-24,2024-25,SAC,MIN,0,0.5242494
0022400077,2024-10-25,2024-25,ORL,BKN,1,0.7695552
0022400078,2024-10-25,2024-25,TOR,PHI,1,0.34066093
0022400079,2024-10-25,2024-25,ATL,CHA,1,0.72303694
0022400080,2024-10-25,2024-25,CLE,DET,1,0.7405604
0022400081,2024-10-25,2024-25,NYK,IND,1,0.62563527
0022400082,2024-10-25,2024-25,HOU,MEM,1,0.7609139
0022400083,2024-10-25,2024-25,MIL,CHI,0,0.6381832
0022400084,2024-10-25,2024-25,UTA,GSW,0,0.22313194
0022400085,2024-10-25,2024-25,LAL,PHX,1,0.5986976
0022400086,2024-10-25,2024-25,POR,NOP,0,0.27767736
0022400087,2024-10-26,2024-25,DEN,LAC,0,0.80567914
0022400088,2024-10-26,2024-25,CHA,MIA,0,0.30417514
0022400089,2024-10-26,2024-25,DET,BOS,0,0.21851219
0022400090,2024-10-26,2024-25,WAS,CLE,0,0.20586196
0022400091,2024-10-26,2024-25,CHI,OKC,0,0.33391312
0022400092,2024-10-26,2024-25,MEM,ORL,1,0.29481474
0022400093,2024-10-26,2024-25,MIN,TOR,1,0.88626564
0022400094,2024-10-26,2024-25,SAS,HOU,1,0.44283333
0022400095,2024-10-26,2024-25,PHX,DAL,1,0.351929
0022400096,2024-10-26,2024-25,LAL,SAC,1,0.44943014
0022400097,2024-10-27,2024-25,IND,PHI,0,0.6850844
0022400098,2024-10-27,2024-25,BKN,MIL,1,0.32842422
0022400099,2024-10-27,2024-25,POR,NOP,1,0.27264556
0022400100,2024-10-27,2024-25,OKC,ATL,1,0.6480787
0022400101,2024-10-27,2024-25,GSW,LAC,0,0.8213142
0022400102,2024-10-28,2024-25,ORL,IND,1,0.6484968
0022400103,2024-10-28,2024-25,ATL,WAS,0,0.75578076
0022400104,2024-10-28,2024-25,BOS,MIL,1,0.805923
0022400105,2024-10-28,2024-25,MIA,DET,1,0.71235716
0022400106,2024-10-28,2024-25,NYK,CLE,0,0.63701814
0022400107,2024-10-28,2024-25,TOR,DEN,0,0.18143567
0022400108,2024-10-28,2024-25,MEM,CHI,0,0.42527643
0022400109,2024-10-28,2024-25,SAS,HOU,0,0.3254243
0022400110,2024-10-28,2024-25,DAL,UTA,1,0.88846356
0022400111,2024-10-28,2024-25,PHX,LAL,1,0.44929793
0022400112,2024-10-28,2024-25,SAC,POR,1,0.89512783
0022400113,2024-10-29,2024-25,BKN,DEN,0,0.30492616
0022400114,2024-10-29,2024-25,MIN,DAL,0,0.612267
0022400115,2024-10-29,2024-25,UTA,SAC,0,0.16480501
0022400116,2024-10-29,2024-25,GSW,NOP,1,0.677064
0022400117,2024-10-30,2024-25,CHA,TOR,1,0.5755664
0022400118,2024-10-30,2024-25,CLE,LAL,1,0.5047368
0022400119,2024-10-30,2024-25,IND,BOS,1,0.4126776
0022400120,2024-10-30,2024-25,PHI,DET,0,0.6424323
0022400121,2024-10-30,2024-25,WAS,ATL,1,0.28179106
0022400122,2024-10-30,2024-25,MIA,NYK,0,0.4802387
0022400123,2024-10-30,2024-25,CHI,ORL,1,0.44685248
0022400124,2024-10-30,2024-25,MEM,BKN,0,0.54806703
0022400125,2024-10-30,2024-25,OKC,SAS,1,0.82864714
0022400126,2024-10-30,2024-25,GSW,NOP,1,0.6851818
0022400127,2024-10-30,2024-25,LAC,POR,0,0.7259485
0022400128,2024-10-31,2024-25,MEM,MIL,1,0.3692319
0022400129,2024-10-31,2024-25,DAL,HOU,0,0.64181304
0022400130,2024-10-31,2024-25,UTA,SAS,0,0.46660832
0022400131,2024-10-31,2024-25,LAC,PHX,0,0.32403523
0022400132,2024-11-01,2024-25,CHA,BOS,0,0.23352884
0022400133,2024-11-01,2024-25,CLE,ORL,1,0.5484495
0022400134,2024-11-01,2024-25,DET,NYK,0,0.29230943
0022400135,2024-11-01,2024-25,ATL,SAC,0,0.2975488
0022400136,2024-11-01,2024-25,BKN,CHI,1,0.46137786
0022400137,2024-11-01,2024-25,TOR,LAL,0,0.24775822
0022400138,2024-11-01,2024-25,NOP,IND,1,0.33788374
0022400139,2024-11-01,2024-25,MIN,DEN,1,0.54707855
0022400140,2024-11-01,2024-25,POR,OKC,0,0.21522883
0022400141,2024-11-02,2024-25,CHA,BOS,0,0.22435091
0022400142,2024-11-02,2024-25,PHI,MEM,0,0.65537083
0022400143,2024-11-02,2024-25,TOR,SAC,1,0.16347171
0022400144,2024-11-02,2024-25,HOU,GSW,0,0.45794374
0022400145,2024-11-02,2024-25,MIL,CLE,0,0.5823642
0022400146,2024-11-02,2024-25,SAS,MIN,1,0.39020678
0022400148,2024-11-02,2024-25,DEN,UTA,1,0.8750018
0022400149,2024-11-02,2024-25,PHX,POR,1,0.82638013
0022400150,2024-11-02,2024-25,LAC,OKC,0,0.31584287
0022400151,2024-11-03,2024-25,BKN,DET,0,0.5719085
0022400152,2024-11-03,2024-25,NOP,ATL,0,0.5794899
0022400153,2024-11-03,2024-25,DAL,ORL,1,0.6849762
0022400154,2024-11-04,2024-25,CLE,MIL,1,0.6045386
0022400155,2024-11-04,2024-25,WAS,GSW,0,0.23697594
0022400156,2024-11-04,2024-25,DET,LAL,1,0.260779
0022400157,2024-11-04,2024-25,ATL,BOS,0,0.2411513
0022400158,2024-11-04,2024-25,BKN,MEM,1,0.48089802
0022400159,2024-11-04,2024-25,MIA,SAC,0,0.46525866
0022400160,2024-11-04,2024-25,CHI,UTA,0,0.8054889
0022400161,2024-11-04,2024-25,HOU,NYK,1,0.45582533
0022400162,2024-11-04,2024-25,MIN,CHA,1,0.7968381
0022400163,2024-11-04,2024-25,OKC,ORL,1,0.8309404
0022400164,2024-11-04,2024-25,NOP,POR,0,0.4932436
0022400165,2024-11-04,2024-25,DAL,IND,0,0.6127148
0022400166,2024-11-04,2024-25,DEN,TOR,1,0.8433771
0022400167,2024-11-04,2024-25,PHX,PHI,1,0.70968205
0022400168,2024-11-04,2024-25,LAC,SAS,1,0.55854326
0022400169,2024-11-06,2024-25,CHA,DET,1,0.47947878
0022400170,2024-11-06,2024-25,IND,ORL,1,0.70641905
0022400171,2024-11-06,2024-25,ATL,NYK,1,0.2854871
0022400172,2024-11-06,2024-25,BOS,GSW,0,0.6242352
0022400173,2024-11-06,2024-25,HOU,SAS,1,0.6816241
0022400174,2024-11-06,2024-25,MEM,LAL,1,0.38961473
0022400175,2024-11-06,2024-25,NOP,CLE,0,0.2862446
0022400176,2024-11-06,2024-25,DAL,CHI,1,0.8019775
0022400177,2024-11-06,2024-25,DEN,OKC,1,0.39923438
0022400178,2024-11-06,2024-25,PHX,MIA,1,0.55266136
0022400179,2024-11-06,2024-25,LAC,PHI,1,0.5305403
0022400180,2024-11-06,2024-25,SAC,TOR,1,0.86662495
0022400181,2024-11-07,2024-25,CHI,MIN,0,0.2936723
0022400182,2024-11-07,2024-25,MIL,UTA,1,0.81153065
0022400183,2024-11-07,2024-25,SAS,POR,1,0.61460227
0022400184,2024-11-08,2024-25,CHA,IND,1,0.3206857
0022400185,2024-11-08,2024-25,DET,ATL,1,0.6005136
0022400186,2024-11-08,2024-25,ORL,NOP,1,0.6077292
0022400187,2024-11-08,2024-25,BOS,BKN,1,0.79040635
0022400188,2024-11-08,2024-25,CLE,GSW,1,0.51639956
0022400189,2024-11-08,2024-25,NYK,MIL,1,0.74751455
0022400190,2024-11-08,2024-25,DAL,PHX,0,0.68923575
0022400191,2024-11-08,2024-25,MEM,WAS,1,0.75747114
0022400192,2024-11-08,2024-25,OKC,HOU,1,0.7545485
0022400193,2024-11-08,2024-25,MIN,POR,1,0.80836236
0022400194,2024-11-08,2024-25,DEN,MIA,1,0.61354643
0022400195,2024-11-08,2024-25,LAL,PHI,1,0.5959491
0022400196,2024-11-08,2024-25,SAC,LAC,0,0.74622005
0022400197,2024-11-09,2024-25,SAS,UTA,0,0.7598064
0022400198,2024-11-09,2024-25,ATL,CHI,0,0.50103754
0022400199,2024-11-09,2024-25,CLE,BKN,1,0.7506381
0022400200,2024-11-09,2024-25,LAC,TOR,1,0.7074969
0022400201,2024-11-10,2024-25,DET,HOU,0,0.47218254
0022400202,2024-11-10,2024-25,MIL,BOS,0,0.3813279
0022400203,2024-11-10,2024-25,IND,NYK,1,0.37896374
0022400204,2024-11-10,2024-25,ORL,WAS,1,0.78819776
0022400205,2024-11-10,2024-25,PHI,CHA,1,0.6168467
0022400206,2024-11-10,2024-25,MIN,MIA,0,0.603902
0022400207,2024-11-10,2024-25,OKC,GSW,0,0.65891236
0022400208,2024-11-10,2024-25,DEN,DAL,1,0.53393656
0022400209,2024-11-10,2024-25,PHX,SAC,0,0.49209836
0022400210,2024-11-10,2024-25,POR,MEM,0,0.4567838
0022400211,2024-11-10,2024-25,LAL,TOR,1,0.8029425
0022400212,2024-11-11,2024-25,CHI,CLE,0,0.36140457
0022400213,2024-11-11,2024-25,HOU,WAS,1,0.79431015
0022400214,2024-11-11,2024-25,NOP,BKN,0,0.32509965
0022400215,2024-11-11,2024-25,OKC,LAC,1,0.7346763
0022400216,2024-11-11,2024-25,SAS,SAC,1,0.44917092
0022400001,2024-11-12,2024-25,BOS,ATL,0,0.82017815
0022400002,2024-11-12,2024-25,DET,MIA,1,0.4178123
0022400003,2024-11-12,2024-25,ORL,CHA,1,0.67269015
0022400004,2024-11-12,2024-25,PHI,NYK,0,0.36327082
0022400005,2024-11-12,2024-25,MIL,TOR,1,0.7544594
0022400006,2024-11-12,2024-25,UTA,PHX,0,0.2508252
0022400007,2024-11-12,2024-25,GSW,DAL,1,0.58016145
0022400008,2024-11-12,2024-25,POR,MIN,1,0.24231292
0022400217,2024-11-13,2024-25,ORL,IND,1,0.4976896
0022400218,2024-11-13,2024-25,BKN,BOS,0,0.38164982
0022400219,2024-11-13,2024-25,NYK,CHI,0,0.7268824
0022400220,2024-11-13,2024-25,PHI,CLE,0,0.3449492
0022400221,2024-11-13,2024-25,OKC,NOP,1,0.88312477
0022400222,2024-11-13,2024-25,HOU,LAC,1,0.5084348
0022400223,2024-11-13,2024-25,MIL,DET,1,0.67849684
0022400224,2024-11-13,2024-25,SAS,WAS,1,0.7904782
0022400225,2024-11-13,2024-25,LAL,MEM,1,0.67943937
0022400226,2024-11-13,2024-25,POR,MIN,1,0.29194617
0022400227,2024-11-13,2024-25,SAC,PHX,1,0.7340639
0022400228,2024-11-14,2024-25,UTA,DAL,1,0.16340135
0022400009,2024-11-15,2024-25,IND,MIA,0,0.46316698
0022400010,2024-11-15,2024-25,ORL,PHI,1,0.62120336
0022400011,2024-11-15,2024-25,TOR,DET,0,0.40678582
0022400012,2024-11-15,2024-25,ATL,WAS,1,0.7067335
0022400013,2024-11-15,2024-25,CLE,CHI,1,0.79434747
0022400014,2024-11-15,2024-25,NYK,BKN,1,0.75171185
0022400015,2024-11-15,2024-25,SAS,LAL,0,0.44016314
0022400016,2024-11-15,2024-25,HOU,LAC,1,0.56625766
0022400017,2024-11-15,2024-25,NOP,DEN,1,0.19017425
0022400018,2024-11-15,2024-25,OKC,PHX,1,0.7904144
0022400019,2024-11-15,2024-25,GSW,MEM,1,0.7631664
0022400020,2024-11-15,2024-25,SAC,MIN,0,0.6308154
0022400229,2024-11-16,2024-25,CHA,MIL,1,0.35040706
0022400230,2024-11-16,2024-25,BOS,TOR,1,0.89355665
0022400231,2024-11-16,2024-25,NOP,LAL,0,0.21827258
0022400232,2024-11-16,2024-25,DAL,SAS,1,0.74838346
0022400233,2024-11-16,2024-25,SAC,UTA,1,0.83348584
0022400234,2024-11-17,2024-25,MIN,PHX,1,0.6992978
0022400235,2024-11-17,2024-25,IND,MIA,1,0.45421737
0022400236,2024-11-17,2024-25,CLE,CHA,1,0.84951353
0022400237,2024-11-17,2024-25,WAS,DET,0,0.36835632
0022400238,2024-11-17,2024-25,MEM,DEN,1,0.5939735
0022400239,2024-11-17,2024-25,POR,ATL,1,0.46069676
0022400240,2024-11-17,2024-25,NYK,BKN,1,0.71219516
0022400241,2024-11-17,2024-25,CHI,HOU,0,0.44431487
0022400242,2024-11-17,2024-25,OKC,DAL,0,0.68558717
0022400243,2024-11-17,2024-25,LAC,UTA,1,0.82609224
0022400244,2024-11-18,2024-25,DET,CHI,0,0.62361497
0022400245,2024-11-18,2024-25,MIA,PHI,1,0.6132429
0022400246,2024-11-18,2024-25,NYK,WAS,1,0.8616546
0022400247,2024-11-18,2024-25,TOR,IND,1,0.4221941
0022400248,2024-11-18,2024-25,MIL,HOU,1,0.58941454
0022400249,2024-11-18,2024-25,PHX,ORL,0,0.48473486
0022400250,2024-11-18,2024-25,SAC,ATL,0,0.77712506
0022400251,2024-11-18,2024-25,LAC,GSW,1,0.31295452
0022400021,2024-11-19,2024-25,BOS,CLE,1,0.6103348
0022400022,2024-11-19,2024-25,BKN,CHA,1,0.57164735
0022400023,2024-11-19,2024-25,MEM,DEN,0,0.6313155
0022400024,2024-11-19,2024-25,DAL,NOP,1,0.8590041
0022400025,2024-11-19,2024-25,SAS,OKC,1,0.28753096
0022400026,2024-11-19,2024-25,LAL,UTA,1,0.8603599
0022400252,2024-11-20,2024-25,CLE,NOP,1,0.8979013
0022400253,2024-11-20,2024-25,MIL,CHI,1,0.7090444
0022400254,2024-11-20,2024-25,HOU,IND,1,0.71004355
0022400255,2024-11-20,2024-25,MEM,PHI,1,0.52064633
0022400256,2024-11-20,2024-25,OKC,POR,1,0.84788173
0022400257,2024-11-20,2024-25,PHX,NYK,0,0.40416932
0022400258,2024-11-20,2024-25,GSW,ATL,1,0.79400873
0022400259,2024-11-20,2024-25,LAC,ORL,1,0.58950317
0022400260,2024-11-21,2024-25,CHA,DET,1,0.52058953
0022400261,2024-11-21,2024-25,TOR,MIN,1,0.32453185
0022400262,2024-11-21,2024-25,SAS,UTA,1,0.7857164
0022400263,2024-11-21,2024-25,LAL,ORL,0,0.73779434
0022400027,2024-11-22,2024-25,PHI,BKN,1,0.6703866
0022400028,2024-11-22,2024-25,WAS,BOS,0,0.16777475
0022400029,2024-11-22,2024-25,MIL,IND,1,0.6889009
0022400030,2024-11-22,2024-25,CHI,ATL,1,0.55961555
0022400031,2024-11-22,2024-25,HOU,POR,1,0.81310695
0022400032,2024-11-22,2024-25,NOP,GSW,0,0.12388553
0022400033,2024-11-22,2024-25,DEN,DAL,0,0.31989652
0022400034,2024-11-22,2024-25,LAC,SAC,1,0.46335557
0022400264,2024-11-23,2024-25,UTA,NYK,1,0.22124545
0022400265,2024-11-23,2024-25,ORL,DET,1,0.59999543
0022400266,2024-11-23,2024-25,CHI,MEM,0,0.42846918
0022400267,2024-11-23,2024-25,HOU,POR,0,0.8288286
0022400268,2024-11-23,2024-25,MIL,CHA,1,0.692556
0022400269,2024-11-23,2024-25,SAS,GSW,1,0.4264155
0022400270,2024-11-23,2024-25,LAL,DEN,0,0.638735
0022400271,2024-11-24,2024-25,BOS,MIN,1,0.6864991
0022400272,2024-11-24,2024-25,IND,WAS,1,0.7827093
0022400273,2024-11-24,2024-25,MIA,DAL,1,0.5804956
0022400274,2024-11-24,2024-25,PHI,LAC,0,0.45210132
0022400275,2024-11-24,2024-25,CLE,TOR,1,0.72545004
0022400276,2024-11-24,2024-25,SAC,BKN,0,0.78435695
0022400277,2024-11-25,2024-25,CHA,ORL,0,0.36317
0022400278,2024-11-25,2024-25,DET,TOR,1,0.6545457
0022400279,2024-11-25,2024-25,IND,NOP,1,0.7329222
0022400280,2024-11-25,2024-25,ATL,DAL,0,0.50968575
0022400281,2024-11-25,2024-25,BOS,LAC,1,0.75421196
0022400282,2024-11-25,2024-25,MEM,POR,1,0.7432731
0022400283,2024-11-25,2024-25,DEN,NYK,0,0.5543785
0022400284,2024-11-25,2024-25,GSW,BKN,0,0.85752994
0022400285,2024-11-25,2024-25,SAC,OKC,0,0.3126916
0022400035,2024-11-26,2024-25,WAS,CHI,0,0.3160419
0022400036,2024-11-26,2024-25,MIA,MIL,0,0.5782566
0022400037,2024-11-26,2024-25,MIN,HOU,0,0.411645
0022400038,2024-11-26,2024-25,UTA,SAS,0,0.28744787
0022400039,2024-11-26,2024-25,PHX,LAL,1,0.43275583
0022400286,2024-11-27,2024-25,CHA,MIA,0,0.3543245
0022400287,2024-11-27,2024-25,CLE,ATL,0,0.8059564
0022400288,2024-11-27,2024-25,IND,POR,1,0.7302092
0022400289,2024-11-27,2024-25,ORL,CHI,1,0.7659447
0022400290,2024-11-27,2024-25,PHI,HOU,0,0.3505096
0022400291,2024-11-27,2024-25,WAS,LAC,0,0.22683834
0022400292,2024-11-27,2024-25,DAL,NYK,1,0.41539887
0022400293,2024-11-27,2024-25,MEM,DET,1,0.7857427
0022400294,2024-11-27,2024-25,MIN,SAC,0,0.35969505
0022400295,2024-11-27,2024-25,NOP,TOR,0,0.41175658
0022400296,2024-11-27,2024-25,SAS,LAL,0,0.60765344
0022400297,2024-11-27,2024-25,PHX,BKN,0,0.6173031
0022400298,2024-11-27,2024-25,UTA,DEN,0,0.20977986
0022400299,2024-11-27,2024-25,GSW,OKC,0,0.38324976
0022400040,2024-11-29,2024-25,CHA,NYK,0,0.25393376
0022400041,2024-11-29,2024-25,ATL,CLE,1,0.32121545
0022400042,2024-11-29,2024-25,MEM,NOP,1,0.84796405
0022400043,2024-11-29,2024-25,BKN,ORL,0,0.37418193
0022400044,2024-11-29,2024-25,MIN,LAC,1,0.5662383
0022400045,2024-11-29,2024-25,IND,DET,0,0.61964303
0022400046,2024-11-29,2024-25,MIA,TOR,1,0.6887417
0022400047,2024-11-29,2024-25,CHI,BOS,0,0.303127
0022400048,2024-11-29,2024-25,LAL,OKC,0,0.30268916
0022400049,2024-11-29,2024-25,POR,SAC,1,0.20980059
0022400300,2024-11-30,2024-25,CHA,ATL,0,0.32410386
0022400301,2024-11-30,2024-25,DET,PHI,0,0.6117317
0022400302,2024-11-30,2024-25,MIL,WAS,1,0.8562746
0022400303,2024-11-30,2024-25,PHX,GSW,1,0.51370335
0022400304,2024-11-30,2024-25,UTA,DAL,0,0.27301
0022400305,2024-12-01,2024-25,BKN,ORL,0,0.30931523
0022400306,2024-12-01,2024-25,MEM,IND,1,0.81127864
0022400307,2024-12-01,2024-25,CLE,BOS,1,0.54635644
0022400308,2024-12-01,2024-25,NYK,NOP,1,0.83809054
0022400309,2024-12-01,2024-25,TOR,MIA,1,0.40353313
0022400310,2024-12-01,2024-25,HOU,OKC,1,0.44959673
0022400311,2024-12-01,2024-25,UTA,LAL,0,0.25212228
0022400312,2024-12-01,2024-25,POR,DAL,0,0.34234217
0022400313,2024-12-01,2024-25,SAC,SAS,0,0.67004156
0022400314,2024-12-01,2024-25,LAC,DEN,1,0.4630736
0022400315,2024-12-02,2024-25,ATL,NOP,1,0.79102063
0022400316,2024-12-02,2024-25,BOS,MIA,1,0.711309
0022400317,2024-12-02,2024-25,CHI,BKN,1,0.70837516
0022400318,2024-12-02,2024-25,MIN,LAL,1,0.7268903
0022400050,2024-12-03,2024-25,CHA,PHI,0,0.38667205
0022400051,2024-12-03,2024-25,CLE,WAS,1,0.8980268
0022400052,2024-12-03,2024-25,DET,MIL,0,0.37120336
0022400053,2024-12-03,2024-25,NYK,ORL,1,0.59768754
0022400054,2024-12-03,2024-25,TOR,IND,1,0.5958533
0022400055,2024-12-03,2024-25,OKC,UTA,1,0.8915401
0022400056,2024-12-03,2024-25,DAL,MEM,1,0.4903295
0022400057,2024-12-03,2024-25,PHX,SAS,1,0.58088374
0022400058,2024-12-03,2024-25,DEN,GSW,1,0.6135493
0022400059,2024-12-03,2024-25,SAC,HOU,1,0.53038543
0022400060,2024-12-03,2024-25,LAC,POR,1,0.801125
0022400319,2024-12-04,2024-25,BOS,DET,1,0.8014269
0022400320,2024-12-04,2024-25,BKN,IND,1,0.51872957
0022400321,2024-12-04,2024-25,MIA,LAL,1,0.6400385
0022400322,2024-12-04,2024-25,PHI,ORL,0,0.42096084
0022400323,2024-12-04,2024-25,MIL,ATL,0,0.6293322
0022400324,2024-12-04,2024-25,LAC,MIN,0,0.4770581
0022400325,2024-12-05,2024-25,CLE,DEN,1,0.5936325
0022400326,2024-12-05,2024-25,WAS,DAL,0,0.14426379
0022400327,2024-12-05,2024-25,NYK,CHA,1,0.84879243
0022400328,2024-12-05,2024-25,TOR,OKC,0,0.27500913
0022400329,2024-12-05,2024-25,MEM,SAC,1,0.6429338
0022400330,2024-12-05,2024-25,NOP,PHX,1,0.29731137
0022400331,2024-12-05,2024-25,SAS,CHI,0,0.5856348
0022400332,2024-12-05,2024-25,GSW,HOU,1,0.47361648
0022400333,2024-12-06,2024-25,PHI,ORL,1,0.3483521
0022400334,2024-12-06,2024-25,ATL,LAL,1,0.64457554
0022400335,2024-12-06,2024-25,BOS,MIL,1,0.6546247
0022400336,2024-12-06,2024-25,CHI,IND,0,0.55079633
0022400337,2024-12-06,2024-25,SAS,SAC,0,0.36974224
0022400338,2024-12-06,2024-25,GSW,MIN,0,0.31631878
0022400339,2024-12-06,2024-25,POR,UTA,0,0.5557863
0022400340,2024-12-07,2024-25,CHA,CLE,0,0.19994506
0022400341,2024-12-07,2024-25,WAS,DEN,1,0.13686496
0022400342,2024-12-07,2024-25,NOP,OKC,0,0.1728301
0022400343,2024-12-07,2024-25,NYK,DET,0,0.68941057
0022400344,2024-12-07,2024-25,TOR,DAL,0,0.31376228
0022400345,2024-12-07,2024-25,BOS,MEM,0,0.55445164
0022400346,2024-12-07,2024-25,MIA,PHX,1,0.63731897
0022400347,2024-12-08,2024-25,CHI,PHI,0,0.5695251
0022400348,2024-12-08,2024-25,BKN,MIL,0,0.33562523
0022400349,2024-12-08,2024-25,IND,CHA,0,0.82711476
0022400350,2024-12-08,2024-25,ATL,DEN,0,0.54340476
0022400351,2024-12-08,2024-25,MIA,CLE,1,0.47160295
0022400352,2024-12-08,2024-25,ORL,PHX,1,0.7531525
0022400353,2024-12-08,2024-25,WAS,MEM,0,0.15336564
0022400354,2024-12-08,2024-25,SAS,NOP,1,0.6961033
0022400355,2024-12-08,2024-25,GSW,MIN,1,0.497261
0022400356,2024-12-08,2024-25,LAC,HOU,0,0.3566321
0022400357,2024-12-08,2024-25,SAC,UTA,1,0.81029505
0022400358,2024-12-08,2024-25,LAL,POR,1,0.74704885
0022400359,2024-12-09,2024-25,TOR,NYK,0,0.36755404
0022401201,2024-12-10,2024-25,MIL,ORL,1,0.62535715
0022401203,2024-12-10,2024-25,OKC,DAL,1,0.6824047
0022401202,2024-12-11,2024-25,NYK,ATL,0,0.7934177
0022401204,2024-12-11,2024-25,HOU,GSW,1,0.6378667
0022401205,2024-12-12,2024-25,BOS,DET,1,0.7656585
0022401206,2024-12-12,2024-25,MIA,TOR,1,0.7309679
0022401207,2024-12-12,2024-25,NOP,SAC,0,0.25917983
0022401208,2024-12-13,2024-25,CLE,WAS,1,0.9072607
0022401209,2024-12-13,2024-25,PHI,IND,0,0.6254389
0022401210,2024-12-13,2024-25,MIN,LAL,1,0.75074434
0022401211,2024-12-13,2024-25,MEM,BKN,1,0.78470707
0022401212,2024-12-13,2024-25,CHI,CHA,1,0.7900145
0022401213,2024-12-13,2024-25,DEN,LAC,1,0.76715976
0022401214,2024-12-13,2024-25,UTA,PHX,0,0.41157588
0022401215,2024-12-13,2024-25,POR,SAS,0,0.33964583
0022401216,2024-12-15,2024-25,IND,NOP,1,0.672369
0022401217,2024-12-15,2024-25,WAS,BOS,0,0.13322696
0022401218,2024-12-15,2024-25,SAS,MIN,0,0.4223299
0022401219,2024-12-15,2024-25,PHX,POR,1,0.76502025
0022401220,2024-12-15,2024-25,LAL,MEM,1,0.31444696
0022401227,2024-12-15,2024-25,ORL,NYK,0,0.45027187
0022401228,2024-12-15,2024-25,GSW,DAL,0,0.37621242
0022401221,2024-12-16,2024-25,DET,MIA,1,0.4471306
0022401222,2024-12-16,2024-25,CHA,PHI,0,0.332012
0022401223,2024-12-16,2024-25,TOR,CHI,0,0.4459672
0022401224,2024-12-16,2024-25,BKN,CLE,0,0.30759728
0022401225,2024-12-16,2024-25,SAC,DEN,0,0.53576154
0022401226,2024-12-16,2024-25,LAC,UTA,1,0.7533187
0022400360,2024-12-19,2024-25,DET,UTA,0,0.7755251
0022400361,2024-12-19,2024-25,ORL,OKC,0,0.31071323
0022400362,2024-12-19,2024-25,WAS,CHA,1,0.31617266
0022400363,2024-12-19,2024-25,BOS,CHI,0,0.8094743
0022400364,2024-12-19,2024-25,TOR,BKN,0,0.56005985
0022400365,2024-12-19,2024-25,HOU,NOP,1,0.83242244
0022400366,2024-12-19,2024-25,MEM,GSW,1,0.7293198
0022400367,2024-12-19,2024-25,MIN,NYK,0,0.5007763
0022400368,2024-12-19,2024-25,DAL,LAC,0,0.7396701
0022400369,2024-12-19,2024-25,PHX,IND,0,0.5758972
0022400370,2024-12-19,2024-25,SAS,ATL,1,0.5451461
0022400371,2024-12-19,2024-25,POR,DEN,1,0.21701951
0022400372,2024-12-19,2024-25,SAC,LAL,0,0.728834
0022400373,2024-12-20,2024-25,PHI,CHA,1,0.74396896
0022400374,2024-12-20,2024-25,CLE,MIL,1,0.6112318
0022400375,2024-12-20,2024-25,MIA,OKC,0,0.43529934
0022400376,2024-12-21,2024-25,SAC,LAL,0,0.7257145
0022400377,2024-12-21,2024-25,ORL,MIA,1,0.6271605
0022400378,2024-12-21,2024-25,ATL,MEM,0,0.30786952
0022400379,2024-12-21,2024-25,BKN,UTA,0,0.6205306
0022400380,2024-12-21,2024-25,CLE,PHI,1,0.7758797
0022400381,2024-12-21,2024-25,CHI,BOS,0,0.3122985
0022400382,2024-12-21,2024-25,MIL,WAS,1,0.8573837
0022400383,2024-12-21,2024-25,MIN,GSW,0,0.7548412
0022400384,2024-12-21,2024-25,NOP,NYK,0,0.22976163
0022400385,2024-12-21,2024-25,DAL,LAC,1,0.52099603
0022400386,2024-12-21,2024-25,SAS,POR,1,0.7511923
0022400387,2024-12-21,2024-25,PHX,DET,0,0.56175786
0022400388,2024-12-22,2024-25,TOR,HOU,0,0.30099702
0022400389,2024-12-22,2024-25,SAC,IND,0,0.6089671
0022400390,2024-12-22,2024-25,NOP,DEN,0,0.16839394
0022400391,2024-12-23,2024-25,CHA,HOU,0,0.28969398
0022400392,2024-12-23,2024-25,CLE,UTA,1,0.8586713
0022400393,2024-12-23,2024-25,ORL,BOS,1,0.37032762
0022400394,2024-12-23,2024-25,PHI,SAS,1,0.41584992
0022400395,2024-12-23,2024-25,ATL,MIN,1,0.3237537
0022400396,2024-12-23,2024-25,MIA,BKN,1,0.75320536
0022400397,2024-12-23,2024-25,NYK,TOR,1,0.870451
0022400398,2024-12-23,2024-25,CHI,MIL,0,0.4559704
0022400399,2024-12-23,2024-25,MEM,LAC,0,0.74514824
0022400400,2024-12-23,2024-25,OKC,WAS,1,0.9330664
0022400401,2024-12-23,2024-25,DAL,POR,1,0.8145771
0022400402,2024-12-23,2024-25,DEN,PHX,1,0.67326
0022400403,2024-12-23,2024-25,GSW,IND,0,0.49402326
0022400404,2024-12-23,2024-25,LAL,DET,0,0.5246607
0022400405,2024-12-25,2024-25,NYK,SAS,1,0.7441148
0022400406,2024-12-25,2024-25,DAL,MIN,0,0.6918914
0022400407,2024-12-25,2024-25,BOS,PHI,0,0.76486784
0022400408,2024-12-25,2024-25,GSW,LAL,0,0.4751742
0022400409,2024-12-25,2024-25,PHX,DEN,1,0.37273577
0022400410,2024-12-26,2024-25,IND,OKC,0,0.30414546
0022400411,2024-12-26,2024-25,ORL,MIA,0,0.6012284
0022400412,2024-12-26,2024-25,WAS,CHA,1,0.41342694
0022400413,2024-12-26,2024-25,ATL,CHI,1,0.6239563
0022400414,2024-12-26,2024-25,MEM,TOR,1,0.8563363
0022400415,2024-12-26,2024-25,MIL,BKN,0,0.81144863
0022400416,2024-12-26,2024-25,NOP,HOU,0,0.23984481
0022400417,2024-12-26,2024-25,POR,UTA,1,0.48887706
0022400418,2024-12-26,2024-25,SAC,DET,0,0.64287585
0022400419,2024-12-27,2024-25,ORL,NYK,0,0.26866663
0022400420,2024-12-27,2024-25,BOS,IND,1,0.79447573
0022400421,2024-12-27,2024-25,BKN,SAS,0,0.26466015
0022400422,2024-12-27,2024-25,HOU,MIN,0,0.5531842
0022400423,2024-12-27,2024-25,NOP,MEM,0,0.14932121
0022400424,2024-12-27,2024-25,DEN,CLE,0,0.51574945
0022400425,2024-12-27,2024-25,PHX,DAL,0,0.34950507
0022400426,2024-12-27,2024-25,LAC,GSW,1,0.7204531
0022400427,2024-12-28,2024-25,ATL,MIA,1,0.6042898
0022400428,2024-12-28,2024-25,CHA,OKC,0,0.21936722
0022400429,2024-12-28,2024-25,WAS,NYK,0,0.1684722
0022400430,2024-12-28,2024-25,CHI,MIL,1,0.4003472
0022400431,2024-12-28,2024-25,GSW,PHX,1,0.4122872
0022400432,2024-12-28,2024-25,DEN,DET,1,0.6544446
0022400433,2024-12-28,2024-25,UTA,PHI,0,0.330319
0022400434,2024-12-28,2024-25,POR,DAL,1,0.30493042
0022400435,2024-12-28,2024-25,LAL,SAC,1,0.50601625
0022400436,2024-12-29,2024-25,ORL,BKN,1,0.774694
0022400437,2024-12-29,2024-25,BOS,IND,0,0.8124259
0022400438,2024-12-29,2024-25,TOR,ATL,0,0.48747045
0022400439,2024-12-29,2024-25,HOU,MIA,0,0.75214463
0022400440,2024-12-29,2024-25,OKC,MEM,1,0.477265
0022400441,2024-12-29,2024-25,MIN,SAS,1,0.6302501
0022400442,2024-12-30,2024-25,CHA,CHI,0,0.3124208
0022400443,2024-12-30,2024-25,WAS,NYK,0,0.14966518
0022400444,2024-12-30,2024-25,NOP,LAC,0,0.21914801
0022400445,2024-12-30,2024-25,UTA,DEN,0,0.23919885
0022400446,2024-12-30,2024-25,GSW,CLE,0,0.29647452
0022400447,2024-12-30,2024-25,POR,PHI,0,0.31602788
0022400448,2024-12-30,2024-25,SAC,DAL,1,0.59800684
0022400449,2024-12-31,2024-25,BOS,TOR,1,0.86742854
0022400450,2024-12-31,2024-25,IND,MIL,0,0.4218729
0022400451,2024-12-31,2024-25,SAS,LAC,1,0.5423043
0022400452,2024-12-31,2024-25,OKC,MIN,1,0.7699963
0022400453,2024-12-31,2024-25,PHX,MEM,0,0.37959677
0022400454,2024-12-31,2024-25,LAL,CLE,0,0.3570277
0022400455,2025-01-01,2024-25,DET,ORL,1,0.50289184
0022400456,2025-01-01,2024-25,WAS,CHI,1,0.26001722
0022400457,2025-01-01,2024-25,MIA,NOP,1,0.7992759
0022400458,2025-01-01,2024-25,NYK,UTA,1,0.87188166
0022400459,2025-01-01,2024-25,TOR,BKN,1,0.444672
0022400460,2025-01-01,2024-25,HOU,DAL,1,0.72822446
0022400461,2025-01-01,2024-25,DEN,ATL,1,0.695143
0022400462,2025-01-01,2024-25,SAC,PHI,1,0.6123418
0022400463,2025-01-02,2024-25,MIA,IND,0,0.5672818
0022400464,2025-01-02,2024-25,MIN,BOS,0,0.33354253
0022400465,2025-01-02,2024-25,MIL,BKN,0,0.8799007
0022400466,2025-01-02,2024-25,OKC,LAC,1,0.7904605
0022400467,2025-01-02,2024-25,GSW,PHI,1,0.6306125
0022400468,2025-01-02,2024-25,LAL,POR,1,0.79744184
0022400469,2025-01-03,2024-25,DET,CHA,1,0.755991
0022400470,2025-01-03,2024-25,TOR,ORL,0,0.46311247
0022400471,2025-01-03,2024-25,HOU,BOS,0,0.52967393
0022400472,2025-01-03,2024-25,NOP,WAS,1,0.6022869
0022400473,2025-01-03,2024-25,OKC,NYK,1,0.58393395
0022400474,2025-01-03,2024-25,DAL,CLE,0,0.33558446
0022400475,2025-01-03,2024-25,DEN,SAS,0,0.75598145
0022400476,2025-01-03,2024-25,SAC,MEM,1,0.51695067
0022400477,2025-01-03,2024-25,LAL,ATL,1,0.4766791
0022400478,2025-01-04,2024-25,BKN,PHI,0,0.35449344
0022400479,2025-01-04,2024-25,DET,MIN,1,0.3846998
0022400480,2025-01-04,2024-25,IND,PHX,1,0.5691975
0022400481,2025-01-04,2024-25,MIA,UTA,0,0.7769456
0022400482,2025-01-04,2024-25,CHI,NYK,1,0.40695015
0022400483,2025-01-04,2024-25,MIL,POR,0,0.85457444
0022400484,2025-01-04,2024-25,SAS,DEN,0,0.38068092
0022400485,2025-01-04,2024-25,GSW,MEM,1,0.46836603
0022400486,2025-01-04,2024-25,LAC,ATL,1,0.59439504
0022400487,2025-01-05,2024-25,OKC,BOS,1,0.6447201
0022400488,2025-01-05,2024-25,CLE,CHA,1,0.8903365
0022400489,2025-01-05,2024-25,WAS,NOP,0,0.5129306
0022400490,2025-01-05,2024-25,ORL,UTA,0,0.729929
0022400491,2025-01-05,2024-25,HOU,LAL,1,0.63005567
0022400492,2025-01-05,2024-25,GSW,SAC,0,0.37857738
0022400493,2025-01-06,2024-25,DET,POR,1,0.7576907
0022400494,2025-01-06,2024-25,PHI,PHX,0,0.58750623
0022400495,2025-01-06,2024-25,BKN,IND,0,0.2528908
0022400496,2025-01-06,2024-25,NYK,ORL,0,0.81971747
0022400497,2025-01-06,2024-25,TOR,MIL,0,0.33498526
0022400498,2025-01-06,2024-25,CHI,SAS,1,0.5859745
0022400499,2025-01-06,2024-25,MEM,DAL,1,0.70151556
0022400500,2025-01-06,2024-25,MIN,LAC,1,0.51088345
0022400501,2025-01-06,2024-25,SAC,MIA,1,0.5631204
0022400502,2025-01-07,2024-25,CHA,PHX,1,0.47322863
0022400503,2025-01-07,2024-25,WAS,HOU,0,0.2514888
0022400504,2025-01-07,2024-25,DAL,LAL,1,0.45675027
0022400505,2025-01-07,2024-25,NOP,MIN,0,0.39372683
0022400506,2025-01-07,2024-25,UTA,ATL,0,0.5431891
0022400507,2025-01-07,2024-25,DEN,BOS,0,0.52149135
0022400508,2025-01-07,2024-25,GSW,MIA,0,0.60211617
0022400509,2025-01-08,2024-25,CLE,OKC,1,0.5273394
0022400510,2025-01-08,2024-25,IND,CHI,1,0.5715527
0022400511,2025-01-08,2024-25,NYK,TOR,1,0.82638454
0022400512,2025-01-08,2024-25,PHI,WAS,1,0.8480074
0022400513,2025-01-08,2024-25,BKN,DET,0,0.27286384
0022400514,2025-01-08,2024-25,NOP,POR,0,0.6520931
0022400515,2025-01-08,2024-25,DEN,LAC,1,0.4707638
0022400516,2025-01-08,2024-25,MIL,SAS,1,0.7196167
0022400517,2025-01-09,2024-25,CLE,TOR,1,0.8775084
0022400518,2025-01-09,2024-25,DET,GSW,0,0.54187536
0022400519,2025-01-09,2024-25,ORL,MIN,0,0.48213428
0022400520,2025-01-09,2024-25,MEM,HOU,0,0.56113416
0022400521,2025-01-09,2024-25,DAL,POR,1,0.80230933
0022400522,2025-01-09,2024-25,PHX,ATL,1,0.6007918
0022400523,2025-01-09,2024-25,UTA,MIA,0,0.44518262
0022400525,2025-01-10,2024-25,IND,GSW,1,0.7644395
0022400526,2025-01-10,2024-25,ORL,MIL,0,0.28017357
0022400527,2025-01-10,2024-25,PHI,NOP,0,0.7659764
0022400528,2025-01-10,2024-25,BOS,SAC,0,0.7563957
0022400529,2025-01-10,2024-25,NYK,OKC,0,0.4127775
0022400530,2025-01-10,2024-25,CHI,WAS,1,0.83395946
0022400531,2025-01-10,2024-25,DEN,BKN,1,0.8818206
0022400533,2025-01-11,2024-25,PHX,UTA,1,0.7228804
0022400534,2025-01-11,2024-25,DET,TOR,1,0.6499051
0022400535,2025-01-11,2024-25,MIN,MEM,0,0.36679423
0022400536,2025-01-11,2024-25,POR,MIA,0,0.3218948
0022400539,2025-01-12,2024-25,NYK,MIL,1,0.5691879
0022400540,2025-01-12,2024-25,DAL,DEN,0,0.34950548
0022400541,2025-01-12,2024-25,CHI,SAC,0,0.5481964
0022400542,2025-01-12,2024-25,BOS,NOP,1,0.8844562
0022400543,2025-01-12,2024-25,CLE,IND,0,0.75606394
0022400544,2025-01-12,2024-25,ORL,PHI,1,0.49869978
0022400545,2025-01-12,2024-25,WAS,OKC,0,0.12273191
0022400546,2025-01-12,2024-25,UTA,BKN,1,0.75962883
0022400547,2025-01-12,2024-25,PHX,CHA,1,0.5777312
0022400548,2025-01-13,2024-25,WAS,MIN,0,0.19705954
0022400549,2025-01-13,2024-25,NYK,DET,0,0.68948567
0022400550,2025-01-13,2024-25,TOR,GSW,1,0.6466339
0022400551,2025-01-13,2024-25,HOU,MEM,1,0.41530436
0022400552,2025-01-13,2024-25,LAL,SAS,0,0.6390885
0022400553,2025-01-13,2024-25,LAC,MIA,1,0.5535615
0022400554,2025-01-14,2024-25,IND,CLE,0,0.3604312
0022400555,2025-01-14,2024-25,PHI,OKC,0,0.27862987
0022400556,2025-01-14,2024-25,ATL,PHX,1,0.5143439
0022400557,2025-01-14,2024-25,CHI,NOP,0,0.763272
0022400558,2025-01-14,2024-25,MIL,SAC,1,0.5565691
0022400559,2025-01-14,2024-25,DAL,DEN,0,0.3261533
0022400560,2025-01-14,2024-25,POR,BKN,0,0.72099394
0022400561,2025-01-15,2024-25,PHI,NYK,0,0.23018141
0022400562,2025-01-15,2024-25,TOR,BOS,1,0.22349516
0022400563,2025-01-15,2024-25,CHI,ATL,0,0.66039366
0022400564,2025-01-15,2024-25,MIL,ORL,1,0.7183191
0022400565,2025-01-15,2024-25,MIN,GSW,0,0.7648414
0022400566,2025-01-15,2024-25,NOP,DAL,1,0.43169966
0022400567,2025-01-15,2024-25,SAS,MEM,0,0.3320214
0022400568,2025-01-15,2024-25,DEN,HOU,0,0.66615695
0022400569,2025-01-15,2024-25,UTA,CHA,0,0.44549218
0022400570,2025-01-15,2024-25,LAL,MIA,1,0.59406006
0022400571,2025-01-15,2024-25,LAC,BKN,1,0.8265683
0022400572,2025-01-16,2024-25,DET,IND,0,0.5479043
0022400573,2025-01-16,2024-25,WAS,PHX,0,0.23484014
0022400574,2025-01-16,2024-25,OKC,CLE,1,0.6699489
0022400575,2025-01-16,2024-25,POR,LAC,0,0.32048017
0022400576,2025-01-16,2024-25,SAC,HOU,1,0.63431734
0022400577,2025-01-17,2024-25,BOS,ORL,1,0.83532363
0022400578,2025-01-17,2024-25,NYK,MIN,0,0.7063634
0022400579,2025-01-17,2024-25,MIA,DEN,0,0.4949025
0022400580,2025-01-17,2024-25,MIL,TOR,1,0.8231891
0022400581,2025-01-17,2024-25,NOP,UTA,1,0.64700097
0022400582,2025-01-17,2024-25,SAS,MEM,0,0.31596628
0022400583,2025-01-17,2024-25,DAL,OKC,1,0.22492447
0022400584,2025-01-17,2024-25,CHI,CHA,0,0.6138468
0022400585,2025-01-17,2024-25,LAL,BKN,1,0.8670412
0022400586,2025-01-18,2024-25,DET,PHX,0,0.45926934
0022400587,2025-01-18,2024-25,BOS,ATL,0,0.8111301
0022400588,2025-01-18,2024-25,IND,PHI,1,0.6314734
0022400589,2025-01-18,2024-25,GSW,WAS,1,0.7254588
0022400590,2025-01-18,2024-25,MIN,CLE,0,0.26176292
0022400591,2025-01-18,2024-25,POR,HOU,0,0.2343095
0022400592,2025-01-19,2024-25,MIA,SAS,1,0.67671466
0022400593,2025-01-19,2024-25,ORL,DEN,0,0.21618944
0022400594,2025-01-19,2024-25,MIL,PHI,1,0.8207979
0022400595,2025-01-19,2024-25,OKC,BKN,1,0.908741
0022400596,2025-01-19,2024-25,LAC,LAL,1,0.5835815
0022400597,2025-01-19,2024-25,POR,CHI,1,0.25956106
0022400598,2025-01-19,2024-25,SAC,WAS,1,0.9013464
0022400599,2025-01-20,2024-25,CHA,DAL,1,0.5313318
0022400600,2025-01-20,2024-25,HOU,DET,0,0.74462044
0022400601,2025-01-20,2024-25,MEM,MIN,1,0.7347192
0022400602,2025-01-20,2024-25,NYK,ATL,1,0.6078689
0022400603,2025-01-20,2024-25,CLE,PHX,1,0.7613385
0022400604,2025-01-20,2024-25,GSW,BOS,0,0.245471
0022400605,2025-01-20,2024-25,NOP,UTA,1,0.6303822
0022400611,2025-01-20,2024-25,LAC,CHI,0,0.7019293
0022400606,2025-01-21,2024-25,BKN,NYK,0,0.22190295
0022400607,2025-01-21,2024-25,MIA,POR,0,0.80282813
0022400608,2025-01-21,2024-25,TOR,ORL,1,0.48512495
0022400609,2025-01-21,2024-25,DEN,PHI,1,0.8098235
0022400610,2025-01-21,2024-25,LAL,WAS,1,0.84371513
0022400612,2025-01-22,2024-25,ATL,DET,0,0.6475185
0022400613,2025-01-22,2024-25,BKN,PHX,0,0.24366295
0022400614,2025-01-22,2024-25,DAL,MIN,0,0.60199076
0022400615,2025-01-22,2024-25,HOU,CLE,1,0.4747591
0022400616,2025-01-22,2024-25,MEM,CHA,1,0.73888975
0022400618,2025-01-22,2024-25,OKC,UTA,1,0.8979625
0022400619,2025-01-22,2024-25,SAC,GSW,1,0.83546513
0022400620,2025-01-22,2024-25,LAC,BOS,0,0.32349393
0022400622,2025-01-23,2024-25,ORL,POR,0,0.6538767
0022400623,2025-01-23,2024-25,ATL,TOR,0,0.68914956
0022400624,2025-01-23,2024-25,MIL,MIA,1,0.7435305
0022400625,2025-01-23,2024-25,OKC,DAL,0,0.8616044
0022400626,2025-01-23,2024-25,DEN,SAC,1,0.7524904
0022400628,2025-01-23,2024-25,GSW,CHI,1,0.31278235
0022400629,2025-01-23,2024-25,LAL,BOS,1,0.5359584
0022400983,2025-01-23,2024-25,LAC,WAS,1,0.6332978
0022400630,2025-01-24,2024-25,CHA,POR,0,0.76007396
0022400631,2025-01-24,2024-25,PHI,CLE,1,0.31196624
0022400632,2025-01-24,2024-25,MEM,NOP,1,0.80137545
0022400634,2025-01-25,2024-25,MIN,DEN,1,0.29570556
0022400635,2025-01-25,2024-25,DAL,BOS,0,0.3417269
0022400636,2025-01-25,2024-25,BKN,MIA,0,0.24068871
0022400637,2025-01-25,2024-25,CHA,NOP,1,0.44281596
0022400638,2025-01-25,2024-25,ORL,DET,1,0.48318124
0022400639,2025-01-25,2024-25,ATL,TOR,0,0.76591074
0022400640,2025-01-25,2024-25,CLE,HOU,0,0.54056656
0022400641,2025-01-25,2024-25,NYK,SAC,1,0.60678804
0022400642,2025-01-25,2024-25,CHI,PHI,0,0.65066355
0022400643,2025-01-25,2024-25,MEM,UTA,1,0.73245496
0022400644,2025-01-25,2024-25,GSW,LAL,0,0.32815495
0022400645,2025-01-25,2024-25,PHX,WAS,1,0.83199143
0022400646,2025-01-25,2024-25,LAC,MIL,1,0.45495313
0022400647,2025-01-26,2024-25,POR,OKC,0,0.19008866
0022400648,2025-01-27,2024-25,CHA,LAL,0,0.39542875
0022400649,2025-01-27,2024-25,CLE,DET,1,0.76540166
0022400650,2025-01-27,2024-25,BOS,HOU,0,0.6123285
0022400651,2025-01-27,2024-25,BKN,SAC,0,0.19440131
0022400652,2025-01-27,2024-25,MIA,ORL,1,0.576115
0022400653,2025-01-27,2024-25,NYK,MEM,1,0.57325315
0022400654,2025-01-27,2024-25,TOR,NOP,1,0.52996343
0022400655,2025-01-27,2024-25,CHI,DEN,1,0.28558698
0022400656,2025-01-27,2024-25,MIN,ATL,1,0.6634511
0022400657,2025-01-27,2024-25,DAL,WAS,1,0.78524435
0022400658,2025-01-27,2024-25,UTA,MIL,0,0.22877063
0022400659,2025-01-27,2024-25,PHX,LAC,1,0.483759
0022400532,2025-01-28,2024-25,ATL,HOU,0,0.24135198
0022400660,2025-01-28,2024-25,PHI,LAL,1,0.43919748
0022400661,2025-01-28,2024-25,GSW,UTA,1,0.71739095
0022400662,2025-01-28,2024-25,POR,MIL,1,0.32674682
0022400663,2025-01-29,2024-25,CHA,BKN,0,0.8230569
0022400664,2025-01-29,2024-25,IND,DET,1,0.75694513
0022400665,2025-01-29,2024-25,WAS,TOR,0,0.38124183
0022400666,2025-01-29,2024-25,BOS,CHI,1,0.7283945
0022400667,2025-01-29,2024-25,MIA,CLE,0,0.38524896
0022400668,2025-01-29,2024-25,NYK,DEN,1,0.456428
0022400669,2025-01-29,2024-25,PHI,SAC,1,0.31499875
0022400670,2025-01-29,2024-25,NOP,DAL,0,0.48359147
0022400671,2025-01-29,2024-25,SAS,LAC,0,0.41872045
0022400672,2025-01-29,2024-25,PHX,MIN,0,0.58449465
0022400673,2025-01-29,2024-25,GSW,OKC,1,0.12648866
0022400674,2025-01-30,2024-25,WAS,LAL,0,0.16850753
0022400675,2025-01-30,2024-25,CLE,ATL,1,0.6812793
0022400676,2025-01-30,2024-25,MEM,HOU,1,0.5201164
0022400677,2025-01-30,2024-25,UTA,MIN,0,0.35849193
0022400678,2025-01-30,2024-25,POR,ORL,1,0.48587653
0022400679,2025-01-31,2024-25,CHA,LAC,0,0.2566257
0022400680,2025-01-31,2024-25,DET,DAL,1,0.50065005
0022400681,2025-01-31,2024-25,PHI,DEN,0,0.30927607
0022400682,2025-01-31,2024-25,TOR,CHI,0,0.5618547
0022400683,2025-01-31,2024-25,NOP,BOS,0,0.3617097
0022400684,2025-01-31,2024-25,SAS,MIL,1,0.34004968
0022400685,2025-01-31,2024-25,GSW,PHX,0,0.42474627
0022400686,2025-02-01,2024-25,IND,ATL,1,0.7954382
0022400687,2025-02-01,2024-25,UTA,ORL,1,0.41300088
0022400688,2025-02-01,2024-25,CHA,DEN,0,0.18877569
0022400689,2025-02-01,2024-25,HOU,BKN,0,0.87178373
0022400690,2025-02-01,2024-25,MIN,WAS,0,0.86733615
0022400691,2025-02-01,2024-25,OKC,SAC,1,0.7460893
0022400692,2025-02-01,2024-25,NYK,LAL,0,0.6618847
0022400693,2025-02-01,2024-25,SAS,MIA,0,0.50939655
0022400694,2025-02-01,2024-25,POR,PHX,1,0.5264616
0022400695,2025-02-02,2024-25,DET,CHI,1,0.618002
0022400696,2025-02-02,2024-25,CLE,DAL,1,0.74579406
0022400697,2025-02-02,2024-25,TOR,LAC,1,0.32820454
0022400698,2025-02-02,2024-25,PHI,BOS,0,0.34880877
0022400699,2025-02-02,2024-25,MIL,MEM,0,0.66257054
0022400700,2025-02-03,2024-25,CHA,WAS,0,0.73043096
0022400701,2025-02-03,2024-25,DET,ATL,0,0.61997265
0022400702,2025-02-03,2024-25,NYK,HOU,1,0.66841274
0022400703,2025-02-03,2024-25,MEM,SAS,1,0.65768814
0022400704,2025-02-03,2024-25,MIN,SAC,0,0.47720253
0022400705,2025-02-03,2024-25,OKC,MIL,1,0.75737035
0022400706,2025-02-03,2024-25,DEN,NOP,1,0.84184647
0022400707,2025-02-03,2024-25,UTA,IND,0,0.25982246
0022400708,2025-02-03,2024-25,GSW,ORL,1,0.571267
0022400709,2025-02-03,2024-25,POR,PHX,1,0.50814116
0022400710,2025-02-04,2024-25,CLE,BOS,0,0.6133682
0022400711,2025-02-04,2024-25,BKN,HOU,1,0.31319338
0022400712,2025-02-04,2024-25,PHI,DAL,1,0.7264716
0022400713,2025-02-04,2024-25,TOR,NYK,0,0.35833368
0022400714,2025-02-04,2024-25,CHI,MIA,1,0.54780895
0022400715,2025-02-04,2024-25,LAC,LAL,0,0.48248658
0022400716,2025-02-04,2024-25,POR,IND,1,0.3568728
0022400717,2025-02-05,2024-25,CHA,MIL,0,0.43275103
0022400718,2025-02-05,2024-25,DET,CLE,0,0.42219663
0022400719,2025-02-05,2024-25,ATL,SAS,0,0.48913565
0022400720,2025-02-05,2024-25,BKN,WAS,0,0.60138524
0022400721,2025-02-05,2024-25,PHI,MIA,0,0.62573254
0022400722,2025-02-05,2024-25,TOR,MEM,0,0.30369115
0022400723,2025-02-05,2024-25,MIN,CHI,1,0.72219723
0022400724,2025-02-05,2024-25,OKC,PHX,1,0.7890564
0022400725,2025-02-05,2024-25,UTA,GSW,1,0.45390895
0022400726,2025-02-05,2024-25,DEN,NOP,1,0.7990429
0022400727,2025-02-05,2024-25,SAC,ORL,0,0.76129484
0022400728,2025-02-06,2024-25,BOS,DAL,0,0.79654074
0022400729,2025-02-06,2024-25,MIN,HOU,1,0.46012187
0022400730,2025-02-06,2024-25,DEN,ORL,1,0.8336215
0022400731,2025-02-06,2024-25,LAL,GSW,1,0.82529336
0022400732,2025-02-06,2024-25,POR,SAC,1,0.46157506
0022400733,2025-02-06,2024-25,LAC,IND,0,0.42617425
0022400734,2025-02-07,2024-25,CHA,SAS,1,0.37247944
0022400735,2025-02-07,2024-25,WAS,CLE,0,0.21852003
0022400736,2025-02-07,2024-25,ATL,MIL,1,0.40019247
0022400737,2025-02-07,2024-25,BKN,MIA,1,0.34884515
0022400738,2025-02-07,2024-25,DET,PHI,1,0.5874041
0022400739,2025-02-07,2024-25,OKC,TOR,1,0.8942809
0022400740,2025-02-07,2024-25,PHX,UTA,1,0.6920208
0022400741,2025-02-08,2024-25,DAL,HOU,1,0.44603765
0022400742,2025-02-08,2024-25,LAL,IND,1,0.64427924
0022400743,2025-02-08,2024-25,ORL,SAS,1,0.45262003
0022400744,2025-02-08,2024-25,WAS,ATL,0,0.3463349
0022400745,2025-02-08,2024-25,CHI,GSW,0,0.5893822
0022400746,2025-02-08,2024-25,MEM,OKC,0,0.410443
0022400747,2025-02-08,2024-25,MIN,POR,1,0.7060082
0022400748,2025-02-08,2024-25,NYK,BOS,0,0.5816142
0022400749,2025-02-08,2024-25,PHX,DEN,0,0.28258282
0022400750,2025-02-08,2024-25,SAC,NOP,1,0.73036295
0022400751,2025-02-08,2024-25,LAC,UTA,1,0.8108934
0022400752,2025-02-09,2024-25,DET,CHA,1,0.6557963
0022400753,2025-02-09,2024-25,HOU,TOR,1,0.7220705
0022400754,2025-02-09,2024-25,MIL,PHI,1,0.49089056
0022400755,2025-02-10,2024-25,CLE,MIN,1,0.7434204
0022400756,2025-02-10,2024-25,ORL,ATL,0,0.48605347
0022400757,2025-02-10,2024-25,WAS,SAS,0,0.26667783
0022400758,2025-02-10,2024-25,BKN,CHA,1,0.6019669
0022400759,2025-02-10,2024-25,MIA,BOS,0,0.3173554
0022400760,2025-02-10,2024-25,MIL,GSW,0,0.46636832
0022400761,2025-02-10,2024-25,OKC,NOP,1,0.8599451
0022400762,2025-02-10,2024-25,DAL,SAC,0,0.47287533
0022400763,2025-02-10,2024-25,DEN,POR,1,0.81025416
0022400768,2025-02-10,2024-25,LAL,UTA,1,0.8092882
0022400764,2025-02-11,2024-25,PHI,TOR,0,0.78835773
0022400765,2025-02-11,2024-25,IND,NYK,0,0.58438146
0022400766,2025-02-11,2024-25,CHI,DET,0,0.36006242
0022400767,2025-02-11,2024-25,PHX,MEM,0,0.4235548
0022400769,2025-02-12,2024-25,BOS,SAS,1,0.677424
0022400770,2025-02-12,2024-25,ORL,CHA,1,0.58151144
0022400771,2025-02-12,2024-25,WAS,IND,0,0.28495145
0022400772,2025-02-12,2024-25,BKN,PHI,1,0.3493808
0022400773,2025-02-12,2024-25,NYK,ATL,1,0.6978421
0022400774,2025-02-12,2024-25,TOR,CLE,0,0.21985205
0022400775,2025-02-12,2024-25,CHI,DET,0,0.27525517
0022400776,2025-02-12,2024-25,MIN,MIL,0,0.645025
0022400777,2025-02-12,2024-25,NOP,SAC,0,0.33321923
0022400778,2025-02-12,2024-25,OKC,MIA,1,0.88270456
0022400779,2025-02-12,2024-25,HOU,PHX,1,0.6133733
0022400780,2025-02-12,2024-25,DEN,POR,1,0.82476056
0022400781,2025-02-12,2024-25,UTA,LAL,1,0.20259574
0022400782,2025-02-12,2024-25,DAL,GSW,1,0.4972485
0022400783,2025-02-12,2024-25,LAC,MEM,1,0.5808357
0022400784,2025-02-13,2024-25,HOU,GSW,0,0.55260605
0022400785,2025-02-13,2024-25,NOP,SAC,1,0.3366597
0022400786,2025-02-13,2024-25,DAL,MIA,1,0.5410268
0022400787,2025-02-13,2024-25,MIN,OKC,1,0.28532058
0022401004,2025-02-13,2024-25,UTA,LAC,0,0.27701327
0022400524,2025-02-19,2024-25,LAL,CHA,0,0.8845714
0022400788,2025-02-20,2024-25,IND,MEM,1,0.61985534
0022400789,2025-02-20,2024-25,PHI,BOS,0,0.28481483
0022400790,2025-02-20,2024-25,ATL,ORL,0,0.6038558
0022400791,2025-02-20,2024-25,BKN,CLE,0,0.22518042
0022400792,2025-02-20,2024-25,NYK,CHI,1,0.82676375
0022400793,2025-02-20,2024-25,MIL,LAC,1,0.38597792
0022400794,2025-02-20,2024-25,DEN,CHA,1,0.88440275
0022400795,2025-02-20,2024-25,SAS,PHX,1,0.63824445
0022400796,2025-02-20,2024-25,POR,LAL,0,0.33751926
0022400797,2025-02-21,2024-25,CLE,NYK,1,0.69010824
0022400798,2025-02-21,2024-25,ORL,MEM,0,0.36848262
0022400799,2025-02-21,2024-25,WAS,MIL,0,0.2853943
0022400800,2025-02-21,2024-25,TOR,MIA,0,0.5414484
0022400801,2025-02-21,2024-25,HOU,MIN,1,0.45659712
0022400802,2025-02-21,2024-25,SAS,DET,0,0.3317747
0022400803,2025-02-21,2024-25,DAL,NOP,1,0.5979084
0022400804,2025-02-21,2024-25,UTA,OKC,0,0.16907433
0022400805,2025-02-21,2024-25,SAC,GSW,0,0.57233083
0022400806,2025-02-22,2024-25,CHI,PHX,0,0.36156473
0022400807,2025-02-22,2024-25,PHI,BKN,0,0.74767077
0022400808,2025-02-22,2024-25,DEN,LAL,0,0.7311422
0022400809,2025-02-22,2024-25,UTA,HOU,1,0.39941624
0022400810,2025-02-22,2024-25,POR,CHA,1,0.7570982
0022400811,2025-02-23,2024-25,BOS,NYK,1,0.66127557
0022400812,2025-02-23,2024-25,GSW,DAL,1,0.69794005
0022400813,2025-02-23,2024-25,IND,LAC,1,0.5863803
0022400814,2025-02-23,2024-25,ATL,DET,0,0.3272306
0022400815,2025-02-23,2024-25,ORL,WAS,1,0.70563936
0022400816,2025-02-23,2024-25,TOR,PHX,1,0.41848204
0022400817,2025-02-23,2024-25,MIL,MIA,1,0.5838936
0022400818,2025-02-23,2024-25,NOP,SAS,1,0.48279992
0022400819,2025-02-23,2024-25,CLE,MEM,1,0.72252417
0022400820,2025-02-23,2024-25,MIN,OKC,0,0.3082109
0022400821,2025-02-24,2024-25,DET,LAC,1,0.6724501
0022400822,2025-02-24,2024-25,IND,DEN,0,0.36226267
0022400823,2025-02-24,2024-25,PHI,CHI,0,0.68261546
0022400824,2025-02-24,2024-25,WAS,BKN,1,0.33249626
0022400825,2025-02-24,2024-25,ATL,MIA,1,0.5515605
0022400826,2025-02-24,2024-25,OKC,MIN,0,0.7978039
0022400827,2025-02-24,2024-25,UTA,POR,0,0.33850393
0022400828,2025-02-24,2024-25,SAC,CHA,1,0.7467095
0022400829,2025-02-25,2024-25,TOR,BOS,0,0.27183828
0022400830,2025-02-25,2024-25,ORL,CLE,0,0.26640618
0022400831,2025-02-25,2024-25,HOU,MIL,1,0.5207536
0022400832,2025-02-25,2024-25,MEM,PHX,1,0.61474633
0022400833,2025-02-25,2024-25,NOP,SAS,1,0.53521645
0022400834,2025-02-25,2024-25,GSW,CHA,1,0.89250743
0022400835,2025-02-25,2024-25,LAL,DAL,1,0.8120689
0022400836,2025-02-26,2024-25,DET,BOS,1,0.6388776
0022400837,2025-02-26,2024-25,IND,TOR,1,0.8061555
0022400838,2025-02-26,2024-25,NYK,PHI,1,0.71998274
0022400839,2025-02-26,2024-25,WAS,POR,0,0.31156847
0022400840,2025-02-26,2024-25,BKN,OKC,0,0.14543065
0022400841,2025-02-26,2024-25,MIA,ATL,1,0.5184773
0022400842,2025-02-26,2024-25,CHI,LAC,0,0.39357522
0022400843,2025-02-26,2024-25,UTA,SAC,0,0.30829164
0022400844,2025-02-26,2024-25,HOU,SAS,1,0.5934511
0022400845,2025-02-27,2024-25,ORL,GSW,0,0.2686114
0022400846,2025-02-27,2024-25,MIL,DEN,1,0.4002915
0022400847,2025-02-27,2024-25,DAL,CHA,1,0.81707513
0022400848,2025-02-27,2024-25,PHX,NOP,0,0.6796769
0022400849,2025-02-27,2024-25,LAL,MIN,1,0.70353025
0022400850,2025-02-28,2024-25,DET,DEN,0,0.6199146
0022400851,2025-02-28,2024-25,ATL,OKC,0,0.22133748
0022400852,2025-02-28,2024-25,BOS,CLE,0,0.4645758
0022400853,2025-02-28,2024-25,BKN,POR,0,0.36893928
0022400854,2025-02-28,2024-25,MIA,IND,1,0.40292573
0022400855,2025-02-28,2024-25,CHI,TOR,1,0.65086555
0022400856,2025-02-28,2024-25,MEM,NYK,0,0.6005936
0022400857,2025-02-28,2024-25,PHX,NOP,1,0.63062465
0022400858,2025-02-28,2024-25,UTA,MIN,1,0.3297809
0022400859,2025-02-28,2024-25,LAL,LAC,1,0.66810197
0022400860,2025-03-01,2024-25,CHA,WAS,0,0.4021653
0022400861,2025-03-01,2024-25,DET,BKN,1,0.79576254
0022400862,2025-03-01,2024-25,HOU,SAC,0,0.46239153
0022400863,2025-03-01,2024-25,MEM,SAS,0,0.70763326
0022400864,2025-03-01,2024-25,PHI,GSW,1,0.29548246
0022400865,2025-03-01,2024-25,DAL,MIL,0,0.4394669
0022400866,2025-03-02,2024-25,BOS,DEN,1,0.5738969
0022400867,2025-03-02,2024-25,CLE,POR,1,0.77042276
0022400868,2025-03-02,2024-25,IND,CHI,1,0.76117414
0022400869,2025-03-02,2024-25,MIA,NYK,0,0.43475193
0022400870,2025-03-02,2024-25,ORL,TOR,0,0.5815304
0022400871,2025-03-02,2024-25,SAS,OKC,0,0.15721372
0022400872,2025-03-02,2024-25,UTA,NOP,0,0.59938735
0022400873,2025-03-02,2024-25,PHX,MIN,0,0.5091846
0022400874,2025-03-02,2024-25,LAL,LAC,1,0.74610996
0022400875,2025-03-03,2024-25,CHA,GSW,0,0.1681671
0022400876,2025-03-03,2024-25,PHI,POR,0,0.41317883
0022400877,2025-03-03,2024-25,MIA,WAS,1,0.68048406
0022400878,2025-03-03,2024-25,MEM,ATL,0,0.63324106
0022400879,2025-03-03,2024-25,OKC,HOU,1,0.7897188
0022400880,2025-03-03,2024-25,DAL,SAC,0,0.47360152
0022400881,2025-03-03,2024-25,UTA,DET,0,0.17894937
0022400882,2025-03-04,2024-25,IND,HOU,1,0.8613133
0022400883,2025-03-04,2024-25,ORL,TOR,0,0.55056924
0022400884,2025-03-04,2024-25,ATL,MIL,0,0.34537017
0022400885,2025-03-04,2024-25,NYK,GSW,0,0.50890297
0022400886,2025-03-04,2024-25,CHI,CLE,0,0.21899544
0022400887,2025-03-04,2024-25,MIN,PHI,1,0.8494311
0022400888,2025-03-04,2024-25,SAS,BKN,1,0.6271019
0022400889,2025-03-04,2024-25,PHX,LAC,1,0.50009584
0022400890,2025-03-04,2024-25,LAL,NOP,1,0.8256041
0022400891,2025-03-05,2024-25,BOS,POR,1,0.59209335
0022400892,2025-03-05,2024-25,CHA,MIN,0,0.19423023
0022400893,2025-03-05,2024-25,CLE,MIA,1,0.7655197
0022400894,2025-03-05,2024-25,WAS,UTA,1,0.5582957
0022400895,2025-03-05,2024-25,MEM,OKC,0,0.2512063
0022400896,2025-03-05,2024-25,DEN,SAC,1,0.7424388
0022400897,2025-03-05,2024-25,MIL,DAL,1,0.6669512
0022400898,2025-03-05,2024-25,LAC,DET,1,0.2876055
0022400899,2025-03-06,2024-25,ATL,IND,1,0.38969782
0022400900,2025-03-06,2024-25,BOS,PHI,1,0.7714963
0022400901,2025-03-06,2024-25,BKN,GSW,0,0.23103406
0022400902,2025-03-06,2024-25,NOP,HOU,0,0.49226314
0022400903,2025-03-06,2024-25,LAL,NYK,1,0.75618136
0022400944,2025-03-06,2024-25,ORL,CHI,0,0.67334086
0022400904,2025-03-07,2024-25,CHA,CLE,0,0.13579486
0022400905,2025-03-07,2024-25,TOR,UTA,1,0.7307951
0022400906,2025-03-07,2024-25,DAL,MEM,0,0.33054793
0022400907,2025-03-07,2024-25,MIA,MIN,0,0.32657278
0022400908,2025-03-07,2024-25,OKC,POR,1,0.7848063
0022400909,2025-03-07,2024-25,DEN,PHX,1,0.75221944
0022400910,2025-03-07,2024-25,SAC,SAS,1,0.6922257
0022400911,2025-03-07,2024-25,LAC,NYK,1,0.569563
0022400912,2025-03-08,2024-25,CHA,BKN,1,0.31573695
0022400913,2025-03-08,2024-25,HOU,NOP,1,0.6880593
0022400914,2025-03-08,2024-25,ATL,IND,1,0.50676686
0022400915,2025-03-08,2024-25,TOR,WAS,0,0.56367207
0022400916,2025-03-08,2024-25,MIA,CHI,0,0.6650143
0022400917,2025-03-08,2024-25,MIL,ORL,0,0.7501806
0022400918,2025-03-08,2024-25,BOS,LAL,1,0.41228968
0022400919,2025-03-08,2024-25,GSW,DET,1,0.60923505
0022400920,2025-03-09,2024-25,OKC,DEN,1,0.55582607
0022400921,2025-03-09,2024-25,DAL,PHX,0,0.38232306
0022400922,2025-03-09,2024-25,MIL,CLE,0,0.3295321
0022400923,2025-03-09,2024-25,NOP,MEM,0,0.3029606
0022400924,2025-03-09,2024-25,PHI,UTA,1,0.5684861
0022400925,2025-03-09,2024-25,MIN,SAS,1,0.8268128
0022400926,2025-03-09,2024-25,POR,DET,0,0.5102215
0022400927,2025-03-09,2024-25,LAC,SAC,1,0.6158434
0022400928,2025-03-10,2024-25,ATL,PHI,1,0.76946944
0022400929,2025-03-10,2024-25,BOS,UTA,1,0.8971094
0022400930,2025-03-10,2024-25,BKN,LAL,1,0.22766994
0022400931,2025-03-10,2024-25,MIA,CHA,0,0.84356725
0022400932,2025-03-10,2024-25,TOR,WAS,1,0.68238246
0022400933,2025-03-10,2024-25,CHI,IND,1,0.44588825
0022400934,2025-03-10,2024-25,HOU,ORL,1,0.6954617
0022400935,2025-03-10,2024-25,MEM,PHX,1,0.61185026
0022400936,2025-03-10,2024-25,OKC,DEN,0,0.7372656
0022400937,2025-03-10,2024-25,SAS,DAL,0,0.53318113
0022400938,2025-03-10,2024-25,GSW,POR,1,0.78838253
0022400939,2025-03-10,2024-25,SAC,NYK,0,0.5094891
0022400940,2025-03-11,2024-25,CLE,BKN,1,0.8758601
0022400941,2025-03-11,2024-25,DET,WAS,1,0.88460714
0022400942,2025-03-11,2024-25,IND,MIL,1,0.35881022
0022400943,2025-03-11,2024-25,NOP,LAC,1,0.2584972
0022400945,2025-03-12,2024-25,ATL,CHA,1,0.7047677
0022400946,2025-03-12,2024-25,BOS,OKC,0,0.3208328
0022400947,2025-03-12,2024-25,TOR,PHI,1,0.68841535
0022400948,2025-03-12,2024-25,MIA,LAC,0,0.54925257
0022400949,2025-03-12,2024-25,HOU,PHX,1,0.52030104
0022400950,2025-03-12,2024-25,MEM,UTA,1,0.80320656
0022400951,2025-03-12,2024-25,SAS,DAL,1,0.57103086
0022400952,2025-03-12,2024-25,DEN,MIN,0,0.60798407
0022400953,2025-03-12,2024-25,POR,NYK,0,0.6211554
0022400954,2025-03-13,2024-25,DET,WAS,0,0.82504344
0022400955,2025-03-13,2024-25,MIL,LAL,1,0.41968745
0022400956,2025-03-13,2024-25,CHI,BKN,1,0.54003245
0022400957,2025-03-13,2024-25,GSW,SAC,1,0.76531523
0022401141,2025-03-13,2024-25,NOP,ORL,0,0.46624038
0022400958,2025-03-14,2024-25,MIA,BOS,0,0.34131417
0022400959,2025-03-14,2024-25,PHI,IND,0,0.28537828
0022400960,2025-03-14,2024-25,ATL,LAC,0,0.577489
0022400961,2025-03-14,2024-25,HOU,DAL,1,0.75634617
0022400962,2025-03-14,2024-25,MEM,CLE,0,0.3423319
0022400963,2025-03-14,2024-25,MIN,ORL,1,0.8467156
0022400964,2025-03-14,2024-25,SAS,CHA,0,0.6525175
0022400965,2025-03-14,2024-25,DEN,LAL,1,0.6827212
0022400966,2025-03-14,2024-25,UTA,TOR,0,0.55400395
0022400967,2025-03-14,2024-25,PHX,SAC,1,0.6767899
0022400968,2025-03-15,2024-25,BKN,BOS,0,0.36189452
0022400969,2025-03-15,2024-25,DET,OKC,0,0.44749525
0022400970,2025-03-15,2024-25,HOU,CHI,1,0.73794204
0022400971,2025-03-15,2024-25,MEM,MIA,1,0.6518836
0022400972,2025-03-15,2024-25,MIL,IND,1,0.6480374
0022400973,2025-03-15,2024-25,SAS,NOP,1,0.51731026
0022400974,2025-03-15,2024-25,GSW,NYK,1,0.7662526
0022400975,2025-03-15,2024-25,DEN,WAS,0,0.806832
0022400538,2025-03-16,2024-25,LAC,CHA,1,0.7609734
0022400976,2025-03-16,2024-25,DAL,PHI,0,0.5103859
0022400977,2025-03-16,2024-25,LAL,PHX,1,0.45193422
0022400978,2025-03-16,2024-25,BKN,ATL,1,0.40923932
0022400979,2025-03-16,2024-25,CLE,ORL,0,0.8198475
0022400980,2025-03-16,2024-25,POR,TOR,1,0.6668359
0022400981,2025-03-16,2024-25,MIN,UTA,1,0.8740679
0022400982,2025-03-16,2024-25,MIL,OKC,0,0.3273265
0022400537,2025-03-17,2024-25,LAL,SAS,1,0.7843686
0022400984,2025-03-17,2024-25,NYK,MIA,1,0.6577753
0022400985,2025-03-17,2024-25,HOU,PHI,1,0.826762
0022400986,2025-03-17,2024-25,MIN,IND,0,0.66915226
0022400987,2025-03-17,2024-25,NOP,DET,0,0.23206691
0022400989,2025-03-17,2024-25,UTA,CHI,0,0.49061224
0022400990,2025-03-17,2024-25,GSW,DEN,0,0.5575919
0022400991,2025-03-17,2024-25,PHX,TOR,1,0.6603236
0022400992,2025-03-17,2024-25,SAC,MEM,1,0.55657923
0022400995,2025-03-17,2024-25,POR,WAS,1,0.67078125
0022400993,2025-03-18,2024-25,CHA,ATL,0,0.2894961
0022400994,2025-03-18,2024-25,BOS,BKN,1,0.8135558
0022400997,2025-03-18,2024-25,LAC,CLE,1,0.38708013
0022401012,2025-03-18,2024-25,GSW,MIL,1,0.6172017
0022400627,2025-03-19,2024-25,UTA,WAS,1,0.47910744
0022400998,2025-03-19,2024-25,IND,DAL,1,0.60151184
0022400999,2025-03-19,2024-25,ORL,HOU,0,0.4568547
0022401000,2025-03-19,2024-25,MIA,DET,0,0.27733624
0022401001,2025-03-19,2024-25,MIN,NOP,0,0.87892956
0022401002,2025-03-19,2024-25,OKC,PHI,1,0.8939792
0022401003,2025-03-19,2024-25,SAS,NYK,1,0.3838792
0022401006,2025-03-19,2024-25,LAL,DEN,1,0.76797956
0022401007,2025-03-19,2024-25,PHX,CHI,1,0.69708055
0022401008,2025-03-19,2024-25,POR,MEM,1,0.5228684
0022401009,2025-03-19,2024-25,SAC,CLE,1,0.41111705
0022400996,2025-03-20,2024-25,LAL,MIL,0,0.4947356
0022401005,2025-03-20,2024-25,GSW,TOR,1,0.8796323
0022401010,2025-03-20,2024-25,CHA,NYK,1,0.25955626
0022401011,2025-03-20,2024-25,IND,BKN,1,0.5420445
0022401013,2025-03-20,2024-25,SAC,CHI,0,0.6935755
0022401014,2025-03-21,2024-25,WAS,ORL,0,0.35447943
0022401015,2025-03-21,2024-25,MIA,HOU,0,0.36475837
0022401016,2025-03-21,2024-25,MIN,NOP,1,0.8553853
0022401017,2025-03-21,2024-25,OKC,CHA,1,0.88718665
0022401018,2025-03-21,2024-25,SAS,PHI,1,0.6467222
0022401019,2025-03-21,2024-25,DAL,DET,1,0.25145954
0022401020,2025-03-21,2024-25,UTA,BOS,0,0.26673424
0022401021,2025-03-21,2024-25,PHX,CLE,1,0.37784126
0022401022,2025-03-21,2024-25,POR,DEN,1,0.5642048
0022401023,2025-03-21,2024-25,LAC,MEM,1,0.68173546
0022401024,2025-03-22,2024-25,IND,BKN,1,0.6328171
0022401025,2025-03-22,2024-25,ATL,GSW,1,0.37276274
0022401026,2025-03-22,2024-25,NYK,WAS,1,0.7726979
0022401027,2025-03-22,2024-25,SAC,MIL,0,0.44991964
0022401028,2025-03-22,2024-25,LAL,CHI,0,0.507999
0022401029,2025-03-23,2024-25,DET,NOP,1,0.8874452
0022401030,2025-03-23,2024-25,UTA,CLE,0,0.18925604
0022401031,2025-03-23,2024-25,ATL,PHI,1,0.8021032
0022401032,2025-03-23,2024-25,MIA,CHA,1,0.793288
0022401033,2025-03-23,2024-25,TOR,SAS,0,0.47343856
0022401034,2025-03-23,2024-25,POR,BOS,0,0.3867093
0022401035,2025-03-23,2024-25,HOU,DEN,0,0.664594
0022401036,2025-03-23,2024-25,LAC,OKC,0,0.4160746
0022401037,2025-03-24,2024-25,IND,MIN,1,0.37643233
0022401038,2025-03-24,2024-25,ORL,LAL,1,0.37775558
0022401039,2025-03-24,2024-25,WAS,TOR,0,0.7107557
0022401040,2025-03-24,2024-25,BKN,DAL,0,0.5486014
0022401041,2025-03-24,2024-25,NOP,PHI,1,0.59566885
0022401042,2025-03-24,2024-25,DEN,CHI,0,0.51959217
0022401043,2025-03-24,2024-25,PHX,MIL,1,0.53995675
0022401044,2025-03-24,2024-25,SAC,BOS,0,0.45854452
0022401045,2025-03-25,2024-25,CHA,ORL,0,0.33277512
0022401046,2025-03-25,2024-25,DET,SAS,1,0.7667748
0022401047,2025-03-25,2024-25,MIA,GSW,1,0.3366729
0022401048,2025-03-25,2024-25,NYK,DAL,1,0.68309
0022401049,2025-03-25,2024-25,HOU,ATL,1,0.59974635
0022401050,2025-03-25,2024-25,UTA,MEM,0,0.31938356
0022401051,2025-03-25,2024-25,POR,CLE,0,0.3064823
0022401052,2025-03-25,2024-25,SAC,OKC,0,0.25667432
0022401053,2025-03-26,2024-25,PHI,WAS,0,0.39056462
0022401054,2025-03-26,2024-25,BKN,TOR,0,0.65411955
0022401055,2025-03-26,2024-25,IND,LAL,0,0.4773391
0022401056,2025-03-26,2024-25,NYK,LAC,0,0.34861118
0022401057,2025-03-26,2024-25,DEN,MIL,1,0.42705584
0022401058,2025-03-26,2024-25,PHX,BOS,0,0.40156513
0022401059,2025-03-27,2024-25,CLE,SAS,1,0.8444924
0022401060,2025-03-27,2024-25,ORL,DAL,0,0.7613143
0022401061,2025-03-27,2024-25,WAS,IND,0,0.24368802
0022401062,2025-03-27,2024-25,MIA,ATL,1,0.42424867
0022401063,2025-03-27,2024-25,CHI,LAL,1,0.54185677
0022401064,2025-03-27,2024-25,OKC,MEM,1,0.8040749
0022401065,2025-03-27,2024-25,UTA,HOU,0,0.22277413
0022401066,2025-03-27,2024-25,SAC,POR,1,0.6090489
0022401067,2025-03-28,2024-25,DET,CLE,1,0.55758774
0022401068,2025-03-28,2024-25,BKN,LAC,0,0.22562681
0022401069,2025-03-28,2024-25,TOR,CHA,1,0.62360054
0022401070,2025-03-28,2024-25,MIL,NYK,0,0.6103962
0022401071,2025-03-28,2024-25,MIN,PHX,1,0.7879563
0022401072,2025-03-28,2024-25,NOP,GSW,0,0.20569561
0022401073,2025-03-28,2024-25,DEN,UTA,1,0.89515954
0022401074,2025-03-29,2024-25,ORL,SAC,1,0.47524056
0022401075,2025-03-29,2024-25,WAS,BKN,0,0.55801255
0022401076,2025-03-29,2024-25,PHI,MIA,0,0.21850842
0022401077,2025-03-29,2024-25,CHI,DAL,0,0.7600602
0022401078,2025-03-29,2024-25,MEM,LAL,0,0.34374508
0022401079,2025-03-29,2024-25,OKC,IND,1,0.7443694
0022401080,2025-03-29,2024-25,SAS,BOS,0,0.23819214
0022401081,2025-03-30,2024-25,CLE,LAC,1,0.57534426
0022401082,2025-03-30,2024-25,NYK,POR,1,0.5777488
0022401083,2025-03-30,2024-25,MIL,ATL,0,0.59443486
0022401084,2025-03-30,2024-25,MIN,DET,1,0.7068087
0022401085,2025-03-30,2024-25,NOP,CHA,1,0.5685146
0022401086,2025-03-30,2024-25,SAS,GSW,0,0.19807337
0022401087,2025-03-30,2024-25,PHI,TOR,0,0.24028693
0022401088,2025-03-30,2024-25,PHX,HOU,0,0.43294254
0022401089,2025-03-31,2024-25,CHA,UTA,1,0.5060273
0022401090,2025-03-31,2024-25,IND,SAC,1,0.6284122
0022401091,2025-03-31,2024-25,ORL,LAC,0,0.47171283
0022401092,2025-03-31,2024-25,WAS,MIA,0,0.24817275
0022401093,2025-03-31,2024-25,MEM,BOS,0,0.3355258
0022401094,2025-03-31,2024-25,OKC,CHI,1,0.7427903
0022401095,2025-03-31,2024-25,DAL,BKN,0,0.7227282
0022401096,2025-03-31,2024-25,LAL,HOU,1,0.67249596
0022400988,2025-04-01,2024-25,SAS,ORL,0,0.41269895
0022401097,2025-04-01,2024-25,ATL,POR,0,0.6571254
0022401098,2025-04-01,2024-25,NYK,PHI,1,0.8720991
0022401099,2025-04-01,2024-25,CHI,TOR,1,0.6770325
0022401100,2025-04-01,2024-25,MEM,GSW,0,0.2631975
0022401101,2025-04-01,2024-25,MIL,PHX,1,0.70766056
0022401102,2025-04-01,2024-25,DEN,MIN,0,0.41288105
0022401103,2025-04-02,2024-25,CLE,NYK,1,0.8045262
0022401104,2025-04-02,2024-25,IND,CHA,1,0.8477861
0022401105,2025-04-02,2024-25,WAS,SAC,1,0.2225717
0022401106,2025-04-02,2024-25,BOS,MIA,0,0.7937257
0022401107,2025-04-02,2024-25,HOU,UTA,1,0.87954247
0022401108,2025-04-02,2024-25,OKC,DET,1,0.7942173
0022401109,2025-04-02,2024-25,DAL,ATL,1,0.4437691
0022401110,2025-04-02,2024-25,DEN,SAS,0,0.77960503
0022401111,2025-04-02,2024-25,LAC,NOP,1,0.9016132
0022401112,2025-04-03,2024-25,WAS,ORL,0,0.19991505
0022401113,2025-04-03,2024-25,BKN,MIN,0,0.18775627
0022401114,2025-04-03,2024-25,MIA,MEM,0,0.5294845
0022401115,2025-04-03,2024-25,PHI,MIL,0,0.18542771
0022401116,2025-04-03,2024-25,TOR,POR,0,0.44774327
0022401117,2025-04-03,2024-25,LAL,GSW,0,0.46361905
0022401118,2025-04-04,2024-25,CHA,SAC,0,0.27924114
0022401119,2025-04-04,2024-25,IND,UTA,1,0.8651755
0022401120,2025-04-04,2024-25,BOS,PHX,1,0.83844703
0022401121,2025-04-04,2024-25,TOR,DET,0,0.32840306
0022401122,2025-04-04,2024-25,CHI,POR,1,0.70139915
0022401123,2025-04-04,2024-25,HOU,OKC,1,0.37774774
0022401124,2025-04-04,2024-25,SAS,CLE,0,0.23402262
0022401125,2025-04-04,2024-25,GSW,DEN,1,0.8704789
0022401126,2025-04-04,2024-25,LAL,NOP,1,0.8859911
0022401127,2025-04-04,2024-25,LAC,DAL,1,0.827811
0022401128,2025-04-05,2024-25,ATL,NYK,0,0.623977
0022401129,2025-04-05,2024-25,DET,MEM,0,0.4845776
0022401130,2025-04-05,2024-25,PHI,MIN,0,0.13523169
0022401131,2025-04-05,2024-25,MIA,MIL,0,0.5104714
0022401132,2025-04-05,2024-25,LAC,DAL,1,0.8642079
0022400617,2025-04-06,2024-25,NOP,MIL,0,0.19823301
0022401133,2025-04-06,2024-25,CHA,CHI,0,0.19166566
0022401134,2025-04-06,2024-25,BKN,TOR,0,0.3224324
0022401135,2025-04-06,2024-25,OKC,LAL,0,0.688933
0022401136,2025-04-06,2024-25,ATL,UTA,1,0.81587404
0022401137,2025-04-06,2024-25,BOS,WAS,1,0.9143117
0022401138,2025-04-06,2024-25,CLE,SAC,0,0.69665104
0022401139,2025-04-06,2024-25,POR,SAS,1,0.7425868
0022401140,2025-04-06,2024-25,NYK,PHX,1,0.6736447
0022401142,2025-04-06,2024-25,DEN,IND,0,0.4601492
0022401143,2025-04-06,2024-25,GSW,HOU,0,0.64323086
0022401144,2025-04-07,2024-25,DET,SAC,0,0.71122795
0022401145,2025-04-07,2024-25,MIA,PHI,1,0.86723995
0022401146,2025-04-08,2024-25,CHA,MEM,0,0.31898192
0022401147,2025-04-08,2024-25,CLE,CHI,1,0.6253931
0022401148,2025-04-08,2024-25,IND,WAS,1,0.8830584
0022401149,2025-04-08,2024-25,ORL,ATL,1,0.5628602
0022401150,2025-04-08,2024-25,BKN,NOP,1,0.5697085
0022401151,2025-04-08,2024-25,NYK,BOS,0,0.46025372
0022401152,2025-04-08,2024-25,MIL,MIN,1,0.3566249
0022401153,2025-04-08,2024-25,OKC,LAL,1,0.61547863
0022401154,2025-04-08,2024-25,PHX,GSW,0,0.22897805
0022401155,2025-04-08,2024-25,LAC,SAS,1,0.8845481
0022401156,2025-04-09,2024-25,ORL,BOS,1,0.37650722
0022401157,2025-04-09,2024-25,WAS,PHI,0,0.50527847
0022401158,2025-04-09,2024-25,TOR,CHA,1,0.77786916
0022401159,2025-04-09,2024-25,DAL,LAL,0,0.33603096
0022401160,2025-04-09,2024-25,CHI,MIA,1,0.3210194
0022401162,2025-04-09,2024-25,UTA,POR,1,0.31842008
0022401163,2025-04-09,2024-25,GSW,SAS,0,0.87461233
0022401164,2025-04-09,2024-25,PHX,OKC,0,0.16689591
0022401165,2025-04-09,2024-25,SAC,DEN,0,0.55384666
0022401166,2025-04-09,2024-25,LAC,HOU,1,0.5406158
0022401161,2025-04-10,2024-25,MIL,NOP,1,0.8877351
0022401167,2025-04-10,2024-25,DET,NYK,1,0.56475836
0022401168,2025-04-10,2024-25,IND,CLE,1,0.5997901
0022401169,2025-04-10,2024-25,BKN,ATL,0,0.20522054
0022401170,2025-04-10,2024-25,MEM,MIN,0,0.4029973
0022401171,2025-04-11,2024-25,DET,MIL,0,0.49910003
0022401172,2025-04-11,2024-25,IND,ORL,0,0.4995325
0022401173,2025-04-11,2024-25,PHI,ATL,0,0.25431153
0022401174,2025-04-11,2024-25,BOS,CHA,1,0.86165386
0022401175,2025-04-11,2024-25,NYK,CLE,0,0.5935164
0022401176,2025-04-11,2024-25,CHI,WAS,1,0.9018113
0022401177,2025-04-11,2024-25,NOP,MIA,0,0.16664279
0022401178,2025-04-11,2024-25,DAL,TOR,1,0.4891377
0022401179,2025-04-11,2024-25,MIN,BKN,1,0.89327526
0022401180,2025-04-11,2024-25,DEN,MEM,1,0.63236296
0022401181,2025-04-11,2024-25,UTA,OKC,0,0.19462374
0022401182,2025-04-11,2024-25,PHX,SAS,1,0.5751526
0022401183,2025-04-11,2024-25,POR,GSW,0,0.2572583
0022401184,2025-04-11,2024-25,SAC,LAC,0,0.257605
0022401185,2025-04-11,2024-25,LAL,HOU,1,0.72574425
0022401186,2025-04-13,2024-25,ATL,ORL,1,0.66774774
0022401187,2025-04-13,2024-25,BOS,CHA,1,0.9368732
0022401188,2025-04-13,2024-25,BKN,NYK,0,0.2161839
0022401189,2025-04-13,2024-25,CLE,IND,0,0.7664622
0022401190,2025-04-13,2024-25,MIA,WAS,0,0.8910291
0022401191,2025-04-13,2024-25,PHI,CHI,0,0.21347244
0022401192,2025-04-13,2024-25,MIL,DET,1,0.6419608
0022401193,2025-04-13,2024-25,HOU,DEN,0,0.3361796
0022401194,2025-04-13,2024-25,MEM,DAL,1,0.6622128
0022401195,2025-04-13,2024-25,MIN,UTA,1,0.8898976
0022401196,2025-04-13,2024-25,NOP,OKC,0,0.12361347
0022401197,2025-04-13,2024-25,SAS,TOR,1,0.46534756
0022401198,2025-04-13,2024-25,GSW,LAC,0,0.49549642
0022401199,2025-04-13,2024-25,POR,LAL,1,0.25231597
0022401200,2025-04-13,2024-25,SAC,PHX,1,0.7081607
0022500001,2025-10-21,2025-26,OKC,HOU,1,0.77913827
0022500002,2025-10-21,2025-26,LAL,GSW,0,0.5921941
0022500003,2025-10-22,2025-26,NYK,CLE,1,0.6616029
0022500004,2025-10-22,2025-26,DAL,SAS,0,0.5181109
0022500080,2025-10-22,2025-26,CHA,BKN,1,0.470053
0022500081,2025-10-22,2025-26,ORL,MIA,1,0.6295346
0022500082,2025-10-22,2025-26,ATL,TOR,0,0.831928
0022500083,2025-10-22,2025-26,BOS,PHI,0,0.9139239
0022500084,2025-10-22,2025-26,CHI,DET,1,0.64125735
0022500085,2025-10-22,2025-26,MEM,NOP,1,0.9534828
0022500086,2025-10-22,2025-26,MIL,WAS,1,0.92746514
0022500087,2025-10-22,2025-26,UTA,LAC,1,0.17175278
0022500088,2025-10-22,2025-26,PHX,SAC,1,0.6542785
0022500089,2025-10-22,2025-26,POR,MIN,0,0.42539677
0022500005,2025-10-23,2025-26,IND,OKC,0,0.49239957
0022500006,2025-10-23,2025-26,GSW,DEN,1,0.70780104
0022500018,2025-10-24,2025-26,NYK,BOS,1,0.44580838
0022500019,2025-10-24,2025-26,LAL,MIN,1,0.43129
0022500090,2025-10-24,2025-26,ORL,ATL,0,0.5266866
0022500091,2025-10-24,2025-26,BKN,CLE,0,0.32100117
0022500092,2025-10-24,2025-26,TOR,MIL,0,0.38074696
0022500093,2025-10-24,2025-26,HOU,DET,0,0.5488927
0022500094,2025-10-24,2025-26,MEM,MIA,0,0.4975609
0022500095,2025-10-24,2025-26,NOP,SAS,0,0.46580252
0022500096,2025-10-24,2025-26,DAL,WAS,0,0.57790095
0022500097,2025-10-24,2025-26,POR,GSW,1,0.51459
0022500098,2025-10-24,2025-26,SAC,UTA,1,0.6173117
0022500099,2025-10-24,2025-26,LAC,PHX,1,0.8255464
0022500100,2025-10-25,2025-26,ORL,CHI,0,0.47968748
0022500101,2025-10-25,2025-26,ATL,OKC,0,0.45169848
0022500102,2025-10-25,2025-26,PHI,CHA,1,0.66005284
0022500103,2025-10-25,2025-26,MEM,IND,1,0.40879068
0022500104,2025-10-25,2025-26,DEN,PHX,1,0.81826234
0022500105,2025-10-26,2025-26,SAS,BKN,1,0.67812276
0022500106,2025-10-26,2025-26,DET,BOS,1,0.53618664
0022500107,2025-10-26,2025-26,CLE,MIL,1,0.4486259
0022500108,2025-10-26,2025-26,MIA,NYK,1,0.5653979
0022500109,2025-10-26,2025-26,WAS,CHA,0,0.6276586
0022500110,2025-10-26,2025-26,MIN,IND,1,0.7904743
0022500111,2025-10-26,2025-26,DAL,TOR,1,0.39296383
0022500112,2025-10-26,2025-26,LAC,POR,1,0.68370616
0022500113,2025-10-26,2025-26,SAC,LAL,0,0.44392955
0022500007,2025-10-27,2025-26,DET,CLE,0,0.5312921
0022500008,2025-10-27,2025-26,MIN,DEN,0,0.5427701
0022500114,2025-10-27,2025-26,PHI,ORL,1,0.35647824
0022500115,2025-10-27,2025-26,CHI,ATL,1,0.5876275
0022500116,2025-10-27,2025-26,HOU,BKN,1,0.80986404
0022500117,2025-10-27,2025-26,NOP,BOS,0,0.40258062
0022500118,2025-10-27,2025-26,SAS,TOR,1,0.49145022
0022500119,2025-10-27,2025-26,DAL,OKC,0,0.20445187
0022500120,2025-10-27,2025-26,UTA,PHX,1,0.4376597
0022500121,2025-10-27,2025-26,GSW,MEM,1,0.7465916
0022500122,2025-10-27,2025-26,LAL,POR,0,0.52471215
0022500123,2025-10-28,2025-26,WAS,PHI,0,0.48048186
0022500124,2025-10-28,2025-26,MIA,CHA,1,0.7761865
0022500125,2025-10-28,2025-26,MIL,NYK,1,0.67262566
0022500126,2025-10-28,2025-26,OKC,SAC,1,0.74745136
0022500127,2025-10-28,2025-26,GSW,LAC,1,0.39690712
0022500128,2025-10-29,2025-26,BOS,CLE,1,0.64599466
0022500129,2025-10-29,2025-26,DET,ORL,1,0.43752056
0022500130,2025-10-29,2025-26,BKN,ATL,0,0.24939375
0022500131,2025-10-29,2025-26,TOR,HOU,0,0.39343926
0022500132,2025-10-29,2025-26,CHI,SAC,1,0.7568666
0022500133,2025-10-29,2025-26,DAL,IND,1,0.39435273
0022500134,2025-10-29,2025-26,DEN,NOP,1,0.84780806
0022500135,2025-10-29,2025-26,UTA,POR,0,0.24832255
0022500136,2025-10-29,2025-26,MIN,LAL,0,0.69013727
0022500137,2025-10-29,2025-26,PHX,MEM,0,0.3745135
0022500138,2025-10-30,2025-26,CHA,ORL,0,0.39229694
0022500139,2025-10-30,2025-26,MIL,GSW,1,0.5580583
0022500140,2025-10-30,2025-26,OKC,WAS,1,0.8699942
0022500141,2025-10-30,2025-26,SAS,MIA,1,0.40798905
0022500020,2025-10-31,2025-26,IND,ATL,0,0.44886965
0022500021,2025-10-31,2025-26,PHI,BOS,0,0.401153
0022500022,2025-10-31,2025-26,CLE,TOR,0,0.68657726
0022500023,2025-10-31,2025-26,CHI,NYK,1,0.6565313
0022500024,2025-10-31,2025-26,MEM,LAL,0,0.5599031
0022500025,2025-10-31,2025-26,PHX,UTA,1,0.55978036
0022500026,2025-10-31,2025-26,POR,DEN,1,0.5245492
0022500027,2025-10-31,2025-26,LAC,NOP,1,0.8651669
0022500142,2025-11-01,2025-26,MIL,SAC,0,0.69062924
0022500143,2025-11-01,2025-26,CHA,MIN,0,0.2937575
0022500144,2025-11-01,2025-26,IND,GSW,1,0.27258623
0022500145,2025-11-01,2025-26,WAS,ORL,0,0.3102781
0022500146,2025-11-01,2025-26,BOS,HOU,0,0.4537287
0022500148,2025-11-02,2025-26,OKC,NOP,1,0.86775637
0022500149,2025-11-02,2025-26,BKN,PHI,0,0.4143138
0022500150,2025-11-02,2025-26,CHA,UTA,1,0.4892689
0022500151,2025-11-02,2025-26,CLE,ATL,1,0.37701288
0022500152,2025-11-02,2025-26,TOR,MEM,1,0.5008536
0022500153,2025-11-02,2025-26,NYK,CHI,1,0.4561492
0022500154,2025-11-02,2025-26,PHX,SAS,1,0.38108128
0022500155,2025-11-02,2025-26,LAL,MIA,1,0.58522934
0022500156,2025-11-03,2025-26,BKN,MIN,0,0.27169833
0022500157,2025-11-03,2025-26,IND,MIL,0,0.2999697
0022500158,2025-11-03,2025-26,BOS,UTA,0,0.8481547
0022500159,2025-11-03,2025-26,NYK,WAS,1,0.7834295
0022500160,2025-11-03,2025-26,HOU,DAL,1,0.7985807
0022500161,2025-11-03,2025-26,MEM,DET,0,0.32056382
0022500162,2025-11-03,2025-26,DEN,SAC,1,0.8182096
0022500163,2025-11-03,2025-26,POR,LAL,0,0.61372095
0022500164,2025-11-03,2025-26,LAC,MIA,0,0.74541694
0022500165,2025-11-04,2025-26,TOR,MIL,1,0.43680966
0022500166,2025-11-04,2025-26,ATL,ORL,1,0.5857117
0022500167,2025-11-04,2025-26,CHI,PHI,1,0.7508709
0022500168,2025-11-04,2025-26,NOP,CHA,1,0.61384726
0022500169,2025-11-04,2025-26,GSW,PHX,1,0.8180076
0022500170,2025-11-04,2025-26,LAC,OKC,0,0.4301027
0022500171,2025-11-05,2025-26,CLE,PHI,1,0.5991789
0022500172,2025-11-05,2025-26,DET,UTA,1,0.8340344
0022500173,2025-11-05,2025-26,IND,BKN,0,0.69615537
0022500174,2025-11-05,2025-26,BOS,WAS,1,0.8428167
0022500175,2025-11-05,2025-26,NYK,MIN,1,0.57888794
0022500176,2025-11-05,2025-26,MEM,HOU,0,0.3262522
0022500177,2025-11-05,2025-26,DAL,NOP,0,0.6765498
0022500178,2025-11-05,2025-26,DEN,MIA,1,0.6398235
0022500179,2025-11-05,2025-26,LAL,SAS,1,0.49400896
0022500180,2025-11-05,2025-26,POR,OKC,1,0.4502578
0022500181,2025-11-05,2025-26,SAC,GSW,1,0.37215015
0022500182,2025-11-06,2025-26,PHX,LAC,1,0.2721991
0022500028,2025-11-07,2025-26,ORL,BOS,1,0.50922394
0022500029,2025-11-07,2025-26,WAS,CLE,0,0.24430141
0022500030,2025-11-07,2025-26,ATL,TOR,0,0.65677524
0022500031,2025-11-07,2025-26,BKN,DET,0,0.3135535
0022500032,2025-11-07,2025-26,SAS,HOU,1,0.37743807
0022500033,2025-11-07,2025-26,MIA,CHA,1,0.83598876
0022500034,2025-11-07,2025-26,MEM,DAL,1,0.6414397
0022500035,2025-11-07,2025-26,MIL,CHI,1,0.54010916
0022500036,2025-11-07,2025-26,MIN,UTA,1,0.84883666
0022500037,2025-11-07,2025-26,DEN,GSW,1,0.7210078
0022500038,2025-11-07,2025-26,SAC,OKC,0,0.30102837
0022500183,2025-11-08,2025-26,WAS,DAL,0,0.39088508
0022500184,2025-11-08,2025-26,PHI,TOR,1,0.5341556
0022500185,2025-11-08,2025-26,ATL,LAL,1,0.532864
0022500186,2025-11-08,2025-26,CLE,CHI,1,0.5065554
0022500187,2025-11-08,2025-26,MIA,POR,1,0.45692155
0022500188,2025-11-08,2025-26,SAS,NOP,1,0.6993229
0022500189,2025-11-08,2025-26,DEN,IND,1,0.8164779
0022500190,2025-11-08,2025-26,LAC,PHX,0,0.67593795
0022500191,2025-11-09,2025-26,MIL,HOU,0,0.57480866
0022500192,2025-11-09,2025-26,NYK,BKN,1,0.82551277
0022500193,2025-11-09,2025-26,ORL,BOS,0,0.5603294
0022500194,2025-11-09,2025-26,MEM,OKC,0,0.28475153
0022500195,2025-11-09,2025-26,PHI,DET,0,0.3777705
0022500196,2025-11-09,2025-26,GSW,IND,1,0.80282205
0022500197,2025-11-09,2025-26,SAC,MIN,0,0.32332334
0022500198,2025-11-10,2025-26,CHA,LAL,0,0.32098985
0022500199,2025-11-10,2025-26,DET,WAS,1,0.82561904
0022500200,2025-11-10,2025-26,ORL,POR,1,0.44990736
0022500201,2025-11-10,2025-26,MIA,CLE,1,0.5914306
0022500202,2025-11-10,2025-26,CHI,SAS,0,0.69884866
0022500203,2025-11-10,2025-26,DAL,MIL,0,0.32103252
0022500204,2025-11-10,2025-26,PHX,NOP,1,0.7362476
0022500205,2025-11-10,2025-26,UTA,MIN,0,0.2548002
0022500206,2025-11-10,2025-26,LAC,ATL,0,0.66701156
0022500207,2025-11-11,2025-26,BKN,TOR,0,0.336256
0022500208,2025-11-11,2025-26,NYK,MEM,1,0.76467305
0022500209,2025-11-11,2025-26,PHI,BOS,1,0.47874597
0022500210,2025-11-11,2025-26,OKC,GSW,1,0.69730705
0022500211,2025-11-11,2025-26,UTA,IND,1,0.479092
0022500212,2025-11-11,2025-26,SAC,DEN,0,0.26108423
0022500213,2025-11-12,2025-26,CHA,MIL,1,0.22795826
0022500214,2025-11-12,2025-26,DET,CHI,1,0.58824104
0022500215,2025-11-12,2025-26,NYK,ORL,0,0.70236635
0022500216,2025-11-12,2025-26,BOS,MEM,1,0.6918272
0022500217,2025-11-12,2025-26,MIA,CLE,0,0.5285715
0022500218,2025-11-12,2025-26,HOU,WAS,1,0.86745155
0022500219,2025-11-12,2025-26,NOP,POR,0,0.26725402
0022500220,2025-11-12,2025-26,SAS,GSW,0,0.51690376
0022500221,2025-11-12,2025-26,DAL,PHX,0,0.42862394
0022500222,2025-11-12,2025-26,OKC,LAL,1,0.6787895
0022500223,2025-11-12,2025-26,SAC,ATL,0,0.31292805
0022500224,2025-11-12,2025-26,LAC,DEN,0,0.5040537
0022500225,2025-11-13,2025-26,CLE,TOR,0,0.42183894
0022500226,2025-11-13,2025-26,PHX,IND,1,0.67824817
0022500227,2025-11-13,2025-26,UTA,ATL,0,0.2958371
0022500039,2025-11-14,2025-26,NYK,MIA,1,0.6601814
0022500040,2025-11-14,2025-26,ORL,BKN,1,0.8109775
0022500041,2025-11-14,2025-26,DET,PHI,1,0.42175195
0022500042,2025-11-14,2025-26,HOU,POR,1,0.6415547
0022500043,2025-11-14,2025-26,MIL,CHA,1,0.7694686
0022500044,2025-11-14,2025-26,MIN,SAC,1,0.84293675
0022500045,2025-11-14,2025-26,NOP,LAL,0,0.27267072
0022500046,2025-11-14,2025-26,DAL,LAC,0,0.3331044
0022500047,2025-11-14,2025-26,SAS,GSW,0,0.44081643
0022500228,2025-11-15,2025-26,CLE,MEM,1,0.72982395
0022500229,2025-11-15,2025-26,CHA,OKC,0,0.15964724
0022500230,2025-11-15,2025-26,IND,TOR,0,0.27978638
0022500231,2025-11-15,2025-26,MIL,LAL,0,0.6073325
0022500232,2025-11-15,2025-26,MIN,DEN,0,0.3269933
0022500233,2025-11-16,2025-26,BOS,LAC,1,0.6139711
0022500234,2025-11-16,2025-26,SAS,SAC,1,0.77668613
0022500235,2025-11-16,2025-26,WAS,BKN,0,0.5062954
0022500236,2025-11-16,2025-26,HOU,ORL,1,0.71380717
0022500237,2025-11-16,2025-26,NOP,GSW,0,0.21104601
0022500238,2025-11-16,2025-26,DAL,POR,1,0.34761283
0022500239,2025-11-16,2025-26,PHX,ATL,0,0.5687239
0022500240,2025-11-16,2025-26,UTA,CHI,1,0.33345714
0022500241,2025-11-17,2025-26,CLE,MIL,1,0.5623678
0022500242,2025-11-17,2025-26,DET,IND,1,0.737901
0022500243,2025-11-17,2025-26,PHI,LAC,1,0.54489446
0022500244,2025-11-17,2025-26,MIA,NYK,1,0.4898869
0022500245,2025-11-17,2025-26,TOR,CHA,1,0.792821
0022500246,2025-11-17,2025-26,MIN,DAL,1,0.8371027
0022500247,2025-11-17,2025-26,NOP,OKC,0,0.12035228
0022500248,2025-11-17,2025-26,DEN,CHI,0,0.75222254
0022500249,2025-11-18,2025-26,ORL,GSW,1,0.3865805
0022500250,2025-11-18,2025-26,BKN,BOS,0,0.3034187
0022500251,2025-11-18,2025-26,ATL,DET,0,0.76854825
0022500252,2025-11-18,2025-26,SAS,MEM,1,0.7228764
0022500253,2025-11-18,2025-26,LAL,UTA,1,0.8069633
0022500254,2025-11-18,2025-26,POR,PHX,0,0.43650952
0022500255,2025-11-19,2025-26,CLE,HOU,0,0.4744573
0022500256,2025-11-19,2025-26,IND,CHA,1,0.36530226
0022500257,2025-11-19,2025-26,MIA,GSW,1,0.56801784
0022500258,2025-11-19,2025-26,PHI,TOR,0,0.51183456
0022500259,2025-11-19,2025-26,MIN,WAS,1,0.86551344
0022500260,2025-11-19,2025-26,NOP,DEN,0,0.15570593
0022500261,2025-11-19,2025-26,OKC,SAC,1,0.88700587
0022500262,2025-11-19,2025-26,DAL,NYK,0,0.29636177
0022500263,2025-11-19,2025-26,POR,CHI,0,0.3646356
0022500264,2025-11-20,2025-26,ORL,LAC,1,0.58176935
0022500265,2025-11-20,2025-26,MEM,SAC,1,0.6556615
0022500266,2025-11-20,2025-26,MIL,PHI,0,0.69337434
0022500267,2025-11-20,2025-26,SAS,ATL,1,0.482553
0022500048,2025-11-21,2025-26,CLE,IND,1,0.8375186
0022500049,2025-11-21,2025-26,BOS,BKN,0,0.80537385
0022500050,2025-11-21,2025-26,TOR,WAS,1,0.85786533
0022500051,2025-11-21,2025-26,CHI,MIA,0,0.59878796
0022500052,2025-11-21,2025-26,DAL,NOP,1,0.62840676
0022500053,2025-11-21,2025-26,PHX,MIN,1,0.50366896
0022500054,2025-11-21,2025-26,HOU,DEN,0,0.523123
0022500055,2025-11-21,2025-26,UTA,OKC,0,0.15701795
0022500056,2025-11-21,2025-26,GSW,POR,0,0.607898
0022500268,2025-11-22,2025-26,CHA,LAC,0,0.45085663
0022500269,2025-11-22,2025-26,ORL,NYK,1,0.4854995
0022500270,2025-11-22,2025-26,NOP,ATL,0,0.20271802
0022500271,2025-11-22,2025-26,CHI,WAS,1,0.8424963
0022500272,2025-11-22,2025-26,MIL,DET,0,0.45069256
0022500273,2025-11-22,2025-26,DAL,MEM,0,0.43580842
0022500274,2025-11-22,2025-26,DEN,SAC,0,0.83561885
0022500275,2025-11-23,2025-26,PHI,MIA,0,0.48426908
0022500276,2025-11-23,2025-26,ATL,CHA,1,0.7731542
0022500277,2025-11-23,2025-26,BOS,ORL,1,0.63147104
0022500278,2025-11-23,2025-26,CLE,LAC,1,0.76461077
0022500279,2025-11-23,2025-26,TOR,BKN,1,0.80891633
0022500280,2025-11-23,2025-26,OKC,POR,1,0.861174
0022500281,2025-11-23,2025-26,PHX,SAS,1,0.6573424
0022500282,2025-11-23,2025-26,UTA,LAL,0,0.22343902
0022500283,2025-11-24,2025-26,IND,DET,0,0.25765237
0022500284,2025-11-24,2025-26,TOR,CLE,1,0.5950485
0022500285,2025-11-24,2025-26,BKN,NYK,0,0.25206313
0022500286,2025-11-24,2025-26,MIA,DAL,1,0.7586479
0022500287,2025-11-24,2025-26,MEM,DEN,0,0.28427467
0022500288,2025-11-24,2025-26,MIL,POR,0,0.7059219
0022500289,2025-11-24,2025-26,NOP,CHI,1,0.19226798
0022500290,2025-11-24,2025-26,PHX,HOU,0,0.41032013
0022500291,2025-11-24,2025-26,GSW,UTA,1,0.85842985
0022500292,2025-11-24,2025-26,SAC,MIN,1,0.22288711
0022500057,2025-11-25,2025-26,WAS,ATL,1,0.21437967
0022500058,2025-11-25,2025-26,PHI,ORL,0,0.6458292
0022500059,2025-11-25,2025-26,LAL,LAC,1,0.6911087
0022500060,2025-11-26,2025-26,BOS,DET,1,0.5628548
0022500061,2025-11-26,2025-26,CHA,NYK,0,0.28677836
0022500062,2025-11-26,2025-26,MIA,MIL,1,0.7215492
0022500063,2025-11-26,2025-26,TOR,IND,1,0.82798666
0022500064,2025-11-26,2025-26,OKC,MIN,1,0.7797192
0022500065,2025-11-26,2025-26,NOP,MEM,0,0.41993448
0022500066,2025-11-26,2025-26,GSW,HOU,0,0.4502837
0022500067,2025-11-26,2025-26,POR,SAS,0,0.46405786
0022500068,2025-11-26,2025-26,SAC,PHX,0,0.29153392
0022500069,2025-11-28,2025-26,ATL,CLE,1,0.58382845
0022500070,2025-11-28,2025-26,BKN,PHI,0,0.37185532
0022500071,2025-11-28,2025-26,CHA,CHI,1,0.35184592
0022500072,2025-11-28,2025-26,DET,ORL,0,0.61424154
0022500073,2025-11-28,2025-26,IND,WAS,1,0.5775301
0022500074,2025-11-28,2025-26,NYK,MIL,1,0.7565744
0022500075,2025-11-28,2025-26,OKC,PHX,1,0.8144449
0022500076,2025-11-28,2025-26,DEN,SAS,0,0.7372408
0022500077,2025-11-28,2025-26,UTA,SAC,1,0.61188716
0022500078,2025-11-28,2025-26,LAL,DAL,1,0.84824675
0022500079,2025-11-28,2025-26,LAC,MEM,0,0.6844338
0022500293,2025-11-29,2025-26,MIN,BOS,1,0.62528014
0022500294,2025-11-29,2025-26,CHA,TOR,1,0.29487827
0022500295,2025-11-29,2025-26,IND,CHI,1,0.31714097
0022500296,2025-11-29,2025-26,MIA,DET,0,0.6820914
0022500297,2025-11-29,2025-26,MIL,BKN,1,0.817973
0022500298,2025-11-29,2025-26,GSW,NOP,1,0.8386555
0022500299,2025-11-29,2025-26,PHX,DEN,0,0.44320488
0022500300,2025-11-29,2025-26,LAC,DAL,0,0.72974163
0022500301,2025-11-30,2025-26,UTA,HOU,0,0.25396714
0022500302,2025-11-30,2025-26,CLE,BOS,0,0.6722658
0022500303,2025-11-30,2025-26,NYK,TOR,1,0.7055395
0022500304,2025-11-30,2025-26,PHI,ATL,0,0.4284187
0022500305,2025-11-30,2025-26,POR,OKC,0,0.19931091
0022500306,2025-11-30,2025-26,MIN,SAS,1,0.58655506
0022500307,2025-11-30,2025-26,SAC,MEM,0,0.4321139
0022500308,2025-11-30,2025-26,LAL,NOP,1,0.8962536
0022500309,2025-12-01,2025-26,DET,ATL,1,0.6101712
0022500310,2025-12-01,2025-26,IND,CLE,0,0.3805126
0022500311,2025-12-01,2025-26,WAS,MIL,1,0.23195925
0022500312,2025-12-01,2025-26,BKN,CHA,1,0.3820091
0022500313,2025-12-01,2025-26,MIA,LAC,1,0.65692663
0022500314,2025-12-01,2025-26,ORL,CHI,1,0.6581388
0022500315,2025-12-01,2025-26,DEN,DAL,0,0.8385614
0022500316,2025-12-01,2025-26,UTA,HOU,1,0.23256102
0022500317,2025-12-01,2025-26,LAL,PHX,0,0.55886495
0022500318,2025-12-02,2025-26,PHI,WAS,1,0.8508194
0022500319,2025-12-02,2025-26,TOR,POR,1,0.70150006
0022500320,2025-12-02,2025-26,BOS,NYK,1,0.44283348
0022500321,2025-12-02,2025-26,NOP,MIN,0,0.19314788
0022500322,2025-12-02,2025-26,SAS,MEM,1,0.7163628
0022500323,2025-12-02,2025-26,GSW,OKC,0,0.29668775
0022500324,2025-12-03,2025-26,CLE,POR,0,0.7644521
0022500325,2025-12-03,2025-26,IND,DEN,0,0.26649514
0022500326,2025-12-03,2025-26,ORL,SAS,0,0.69759613
0022500327,2025-12-03,2025-26,ATL,LAC,0,0.7348023
0022500328,2025-12-03,2025-26,NYK,CHA,1,0.7509655
0022500329,2025-12-03,2025-26,CHI,BKN,0,0.77510387
0022500330,2025-12-03,2025-26,HOU,SAC,1,0.8688761
0022500331,2025-12-03,2025-26,MIL,DET,1,0.56047153
0022500332,2025-12-03,2025-26,DAL,MIA,1,0.33026624
0022500333,2025-12-04,2025-26,PHI,GSW,1,0.5491806
0022500334,2025-12-04,2025-26,WAS,BOS,0,0.19762887
0022500335,2025-12-04,2025-26,BKN,UTA,0,0.4375106
0022500336,2025-12-04,2025-26,TOR,LAL,0,0.4629025
0022500337,2025-12-04,2025-26,NOP,MIN,0,0.21411459
0022500338,2025-12-05,2025-26,BOS,LAL,1,0.633422
0022500339,2025-12-05,2025-26,ORL,MIA,1,0.5622862
0022500340,2025-12-05,2025-26,ATL,DEN,0,0.42932135
0022500341,2025-12-05,2025-26,CLE,SAS,1,0.68513614
0022500342,2025-12-05,2025-26,DET,POR,1,0.6653416
0022500343,2025-12-05,2025-26,NYK,UTA,1,0.8470477
0022500344,2025-12-05,2025-26,TOR,CHA,0,0.6919156
0022500345,2025-12-05,2025-26,CHI,IND,0,0.6823189
0022500346,2025-12-05,2025-26,HOU,PHX,1,0.6559127
0022500347,2025-12-05,2025-26,MEM,LAC,1,0.45803306
0022500348,2025-12-05,2025-26,MIL,PHI,0,0.68845254
0022500349,2025-12-05,2025-26,OKC,DAL,1,0.87200576
0022500350,2025-12-06,2025-26,BKN,NOP,1,0.58525217
0022500351,2025-12-06,2025-26,WAS,ATL,0,0.1759291
0022500352,2025-12-06,2025-26,CLE,GSW,0,0.61592996
0022500353,2025-12-06,2025-26,DET,MIL,1,0.7134109
0022500354,2025-12-06,2025-26,MIA,SAC,0,0.8085507
0022500355,2025-12-06,2025-26,MIN,LAC,1,0.7840848
0022500356,2025-12-06,2025-26,DAL,HOU,1,0.29990265
0022500357,2025-12-07,2025-26,NYK,ORL,1,0.5988517
0022500358,2025-12-07,2025-26,TOR,BOS,0,0.44060397
0022500359,2025-12-07,2025-26,CHA,DEN,0,0.2738596
0022500360,2025-12-07,2025-26,MEM,POR,1,0.48350397
0022500361,2025-12-07,2025-26,CHI,GSW,0,0.7294853
0022500362,2025-12-07,2025-26,PHI,LAL,0,0.6374735
0022500363,2025-12-07,2025-26,UTA,OKC,0,0.1772776
0022500364,2025-12-08,2025-26,IND,SAC,1,0.72762567
0022500365,2025-12-08,2025-26,MIN,PHX,0,0.6505962
0022500366,2025-12-08,2025-26,NOP,SAS,0,0.3185473
0022501201,2025-12-09,2025-26,ORL,MIA,1,0.7037496
0022501202,2025-12-09,2025-26,TOR,NYK,0,0.43575004
0022501203,2025-12-10,2025-26,OKC,PHX,1,0.7556092
0022501204,2025-12-10,2025-26,LAL,SAS,0,0.64281476
0022501205,2025-12-11,2025-26,HOU,LAC,1,0.71230394
0022501206,2025-12-11,2025-26,MIL,BOS,1,0.28854
0022501207,2025-12-11,2025-26,NOP,POR,1,0.37138104
0022501208,2025-12-11,2025-26,SAC,DEN,0,0.1871823
0022501209,2025-12-12,2025-26,CHA,CHI,0,0.44395897
0022501210,2025-12-12,2025-26,DET,ATL,1,0.5693336
0022501211,2025-12-12,2025-26,PHI,IND,1,0.7255325
0022501212,2025-12-12,2025-26,WAS,CLE,0,0.16894041
0022501213,2025-12-12,2025-26,MEM,UTA,0,0.7394135
0022501214,2025-12-12,2025-26,DAL,BKN,1,0.6562372
0022501215,2025-12-12,2025-26,GSW,MIN,0,0.46996477
0022501216,2025-12-14,2025-26,IND,WAS,0,0.7920297
0022501217,2025-12-14,2025-26,ATL,PHI,1,0.7116501
0022501218,2025-12-14,2025-26,CLE,CHA,0,0.7906731
0022501219,2025-12-14,2025-26,BKN,MIL,1,0.47442788
0022501220,2025-12-14,2025-26,MIN,SAC,1,0.85982573
0022501221,2025-12-14,2025-26,POR,GSW,1,0.38531345
0022501223,2025-12-14,2025-26,CHI,NOP,0,0.73855525
0022501228,2025-12-14,2025-26,PHX,LAL,0,0.39471364
0022501222,2025-12-15,2025-26,BOS,DET,0,0.5650925
0022501224,2025-12-15,2025-26,UTA,DAL,1,0.39675227
0022501225,2025-12-15,2025-26,DEN,HOU,1,0.46233407
0022501226,2025-12-15,2025-26,LAC,MEM,0,0.6916843
0022501227,2025-12-15,2025-26,MIA,TOR,0,0.63722664
0022500367,2025-12-17,2025-26,CHI,CLE,1,0.4153586
0022500368,2025-12-17,2025-26,MIN,MEM,0,0.7578044
0022500369,2025-12-18,2025-26,OKC,LAC,1,0.89324796
0022500370,2025-12-18,2025-26,SAS,WAS,1,0.89030576
0022500371,2025-12-18,2025-26,CHA,ATL,1,0.30992246
0022500372,2025-12-18,2025-26,IND,NYK,0,0.22372131
0022500373,2025-12-18,2025-26,BKN,MIA,0,0.43363687
0022500374,2025-12-18,2025-26,MIL,TOR,0,0.36110643
0022500375,2025-12-18,2025-26,NOP,HOU,1,0.22038797
0022500376,2025-12-18,2025-26,DAL,DET,1,0.30627042
0022500377,2025-12-18,2025-26,DEN,ORL,1,0.5963468
0022500378,2025-12-18,2025-26,PHX,GSW,1,0.5388536
0022500379,2025-12-18,2025-26,UTA,LAL,0,0.27924103
0022500380,2025-12-18,2025-26,POR,SAC,1,0.7911339
0022500381,2025-12-19,2025-26,BOS,MIA,1,0.7469387
0022500382,2025-12-19,2025-26,NYK,PHI,0,0.6808187
0022500383,2025-12-19,2025-26,ATL,SAS,0,0.6003265
0022500384,2025-12-19,2025-26,CLE,CHI,0,0.68762255
0022500385,2025-12-19,2025-26,MIN,OKC,1,0.34274337
0022500386,2025-12-20,2025-26,DEN,HOU,0,0.50016534
0022500387,2025-12-20,2025-26,PHI,DAL,1,0.60119236
0022500388,2025-12-20,2025-26,TOR,BOS,0,0.54797953
0022500389,2025-12-20,2025-26,NOP,IND,1,0.546772
0022500390,2025-12-20,2025-26,DET,CHA,1,0.7703877
0022500391,2025-12-20,2025-26,MEM,WAS,0,0.7789526
0022500392,2025-12-20,2025-26,GSW,PHX,1,0.56693393
0022500393,2025-12-20,2025-26,UTA,ORL,0,0.31013206
0022500394,2025-12-20,2025-26,SAC,POR,0,0.29397646
0022500395,2025-12-20,2025-26,LAC,LAL,1,0.34233633
0022500396,2025-12-21,2025-26,ATL,CHI,0,0.69373584
0022500397,2025-12-21,2025-26,BKN,TOR,1,0.5026444
0022500398,2025-12-21,2025-26,NYK,MIA,1,0.81410444
0022500399,2025-12-21,2025-26,WAS,SAS,0,0.15746218
0022500400,2025-12-21,2025-26,MIN,MIL,1,0.7888959
0022500401,2025-12-21,2025-26,SAC,HOU,1,0.13834134
0022500402,2025-12-22,2025-26,CLE,CHA,1,0.6453034
0022500403,2025-12-22,2025-26,BOS,IND,1,0.79889524
0022500404,2025-12-22,2025-26,NOP,DAL,1,0.47330916
0022500405,2025-12-22,2025-26,DEN,UTA,1,0.83644664
0022500406,2025-12-22,2025-26,OKC,MEM,1,0.88741183
0022500407,2025-12-22,2025-26,GSW,ORL,1,0.6068827
0022500408,2025-12-22,2025-26,POR,DET,0,0.3483984
0022500409,2025-12-23,2025-26,CHA,WAS,1,0.724214
0022500410,2025-12-23,2025-26,PHI,BKN,0,0.7091512
0022500411,2025-12-23,2025-26,ATL,CHI,0,0.74098295
0022500412,2025-12-23,2025-26,CLE,NOP,1,0.725625
0022500413,2025-12-23,2025-26,IND,MIL,0,0.40169084
0022500414,2025-12-23,2025-26,MIA,TOR,0,0.55732787
0022500415,2025-12-23,2025-26,DAL,DEN,1,0.30224094
0022500416,2025-12-23,2025-26,MIN,NYK,1,0.48282737
0022500417,2025-12-23,2025-26,SAS,OKC,1,0.44591346
0022500418,2025-12-23,2025-26,PHX,LAL,1,0.51754224
0022500419,2025-12-23,2025-26,UTA,MEM,0,0.42629936
0022500420,2025-12-23,2025-26,POR,ORL,0,0.5012401
0022500421,2025-12-23,2025-26,SAC,DET,0,0.19263904
0022500422,2025-12-23,2025-26,LAC,HOU,1,0.3410456
0022500009,2025-12-25,2025-26,NYK,CLE,1,0.55454516
0022500010,2025-12-25,2025-26,OKC,SAS,0,0.74573517
0022500011,2025-12-25,2025-26,GSW,DAL,1,0.7482306
0022500012,2025-12-25,2025-26,LAL,HOU,0,0.39316198
0022500013,2025-12-25,2025-26,DEN,MIN,1,0.6153589
0022500423,2025-12-26,2025-26,ATL,MIA,0,0.7601369
0022500424,2025-12-26,2025-26,ORL,CHA,0,0.6585273
0022500425,2025-12-26,2025-26,WAS,TOR,1,0.28913856
0022500426,2025-12-26,2025-26,IND,BOS,0,0.26615697
0022500427,2025-12-26,2025-26,CHI,PHI,1,0.5008498
0022500428,2025-12-26,2025-26,MEM,MIL,1,0.5593742
0022500429,2025-12-26,2025-26,NOP,PHX,0,0.32987514
0022500430,2025-12-26,2025-26,UTA,DET,1,0.21101072
0022500431,2025-12-26,2025-26,POR,LAC,0,0.49592552
0022500432,2025-12-27,2025-26,SAC,DAL,1,0.3504003
0022500433,2025-12-27,2025-26,ORL,DEN,1,0.33029506
0022500434,2025-12-27,2025-26,NOP,PHX,0,0.33921206
0022500435,2025-12-27,2025-26,ATL,NYK,0,0.4086264
0022500436,2025-12-27,2025-26,MIA,IND,1,0.6990029
0022500437,2025-12-27,2025-26,CHI,MIL,0,0.62065005
0022500438,2025-12-27,2025-26,HOU,CLE,1,0.69271547
0022500439,2025-12-27,2025-26,MIN,BKN,0,0.741366
0022500440,2025-12-27,2025-26,SAS,UTA,0,0.8440915
0022500441,2025-12-28,2025-26,TOR,GSW,1,0.43777245
0022500442,2025-12-28,2025-26,OKC,PHI,1,0.8226269
0022500443,2025-12-28,2025-26,WAS,MEM,1,0.31910107
0022500444,2025-12-28,2025-26,POR,BOS,1,0.32270753
0022500445,2025-12-28,2025-26,LAC,DET,1,0.37755808
0022500446,2025-12-28,2025-26,LAL,SAC,1,0.8842487
0022500447,2025-12-29,2025-26,CHA,MIL,0,0.5178989
0022500448,2025-12-29,2025-26,WAS,PHX,0,0.21492188
0022500449,2025-12-29,2025-26,BKN,GSW,0,0.5249296
0022500450,2025-12-29,2025-26,MIA,DEN,1,0.38574997
0022500451,2025-12-29,2025-26,TOR,ORL,1,0.4533246
0022500452,2025-12-29,2025-26,CHI,MIN,0,0.37122616
0022500453,2025-12-29,2025-26,HOU,IND,1,0.83068997
0022500454,2025-12-29,2025-26,NOP,NYK,0,0.30082652
0022500455,2025-12-29,2025-26,OKC,ATL,1,0.7809507
0022500456,2025-12-29,2025-26,SAS,CLE,0,0.5886678
0022500457,2025-12-29,2025-26,POR,DAL,1,0.5262675
0022500458,2025-12-30,2025-26,MEM,PHI,0,0.57548225
0022500459,2025-12-30,2025-26,UTA,BOS,0,0.2860413
0022500460,2025-12-30,2025-26,LAL,DET,0,0.41669148
0022500461,2025-12-30,2025-26,LAC,SAC,1,0.8420855
0022500462,2025-12-31,2025-26,CHA,GSW,0,0.36457765
0022500463,2025-12-31,2025-26,ATL,MIN,1,0.334676
0022500464,2025-12-31,2025-26,IND,ORL,0,0.3813292
0022500465,2025-12-31,2025-26,CLE,PHX,1,0.53848535
0022500466,2025-12-31,2025-26,CHI,NOP,1,0.5923711
0022500467,2025-12-31,2025-26,SAS,NYK,1,0.5876861
0022500468,2025-12-31,2025-26,TOR,DEN,0,0.39285994
0022500469,2025-12-31,2025-26,MIL,WAS,0,0.79382795
0022500470,2025-12-31,2025-26,OKC,POR,1,0.8631132
0022500471,2026-01-01,2025-26,BKN,HOU,0,0.36872354
0022500472,2026-01-01,2025-26,DET,MIA,0,0.6983245
0022500473,2026-01-01,2025-26,DAL,PHI,0,0.4260331
0022500474,2026-01-01,2025-26,SAC,BOS,0,0.19595912
0022500475,2026-01-01,2025-26,LAC,UTA,1,0.7723155
0022500476,2026-01-02,2025-26,IND,SAS,0,0.31341833
0022500477,2026-01-02,2025-26,WAS,BKN,1,0.5136058
0022500478,2026-01-02,2025-26,CLE,DEN,1,0.6559751
0022500479,2026-01-02,2025-26,NYK,ATL,0,0.6630906
0022500480,2026-01-02,2025-26,CHI,ORL,1,0.32586142
0022500481,2026-01-02,2025-26,MIL,CHA,1,0.66290754
0022500482,2026-01-02,2025-26,NOP,POR,0,0.5338362
0022500483,2026-01-02,2025-26,PHX,SAC,1,0.87221766
0022500484,2026-01-02,2025-26,GSW,OKC,0,0.3247272
0022500485,2026-01-02,2025-26,LAL,MEM,1,0.6307929
0022500486,2026-01-03,2025-26,MIA,MIN,0,0.49429202
0022500487,2026-01-03,2025-26,NYK,PHI,0,0.59459805
0022500488,2026-01-03,2025-26,TOR,ATL,1,0.59803474
0022500489,2026-01-03,2025-26,CHI,CHA,0,0.41806224
0022500490,2026-01-03,2025-26,SAS,POR,0,0.76103175
0022500491,2026-01-03,2025-26,DAL,HOU,1,0.30422053
0022500492,2026-01-03,2025-26,GSW,UTA,1,0.73953235
0022500493,2026-01-03,2025-26,LAC,BOS,0,0.48139063
0022500494,2026-01-04,2025-26,CLE,DET,0,0.4392282
0022500495,2026-01-04,2025-26,ORL,IND,1,0.76416636
0022500496,2026-01-04,2025-26,BKN,DEN,1,0.48707035
0022500497,2026-01-04,2025-26,MIA,NOP,1,0.7045678
0022500498,2026-01-04,2025-26,WAS,MIN,0,0.3028767
0022500499,2026-01-04,2025-26,PHX,OKC,1,0.29748884
0022500500,2026-01-04,2025-26,SAC,MIL,0,0.2704913
0022500501,2026-01-04,2025-26,LAL,MEM,1,0.6064724
0022500502,2026-01-05,2025-26,DET,NYK,1,0.571826
0022500503,2026-01-05,2025-26,BOS,CHI,1,0.83270097
0022500504,2026-01-05,2025-26,TOR,ATL,1,0.5303365
0022500505,2026-01-05,2025-26,HOU,PHX,1,0.76230997
0022500506,2026-01-05,2025-26,OKC,CHA,0,0.8055191
0022500507,2026-01-05,2025-26,PHI,DEN,0,0.6861168
0022500508,2026-01-05,2025-26,LAC,GSW,1,0.5355714
0022500509,2026-01-05,2025-26,POR,UTA,1,0.6616621
0022500510,2026-01-06,2025-26,IND,CLE,0,0.3425776
0022500511,2026-01-06,2025-26,WAS,ORL,1,0.30767614
0022500512,2026-01-06,2025-26,MEM,SAS,1,0.45314944
0022500513,2026-01-06,2025-26,MIN,MIA,1,0.66953385
0022500514,2026-01-06,2025-26,NOP,LAL,0,0.3527988
0022500515,2026-01-06,2025-26,SAC,DAL,0,0.29986247
0022500516,2026-01-07,2025-26,CHA,TOR,0,0.52584517
0022500517,2026-01-07,2025-26,DET,CHI,1,0.8158766
0022500518,2026-01-07,2025-26,PHI,WAS,1,0.83125466
0022500519,2026-01-07,2025-26,ATL,NOP,1,0.739239
0022500520,2026-01-07,2025-26,BOS,DEN,0,0.8199912
0022500521,2026-01-07,2025-26,BKN,ORL,0,0.59145164
0022500522,2026-01-07,2025-26,NYK,LAC,1,0.61236036
0022500523,2026-01-07,2025-26,SAS,LAL,1,0.58459055
0022500524,2026-01-07,2025-26,MEM,PHX,0,0.4675034
0022500525,2026-01-07,2025-26,OKC,UTA,1,0.87700474
0022500526,2026-01-07,2025-26,GSW,MIL,1,0.6593216
0022500527,2026-01-07,2025-26,POR,HOU,1,0.35146183
0022500528,2026-01-08,2025-26,CHA,IND,0,0.6074547
0022500530,2026-01-08,2025-26,MIN,CLE,1,0.7149646
0022500531,2026-01-08,2025-26,UTA,DAL,1,0.40374264
0022500532,2026-01-09,2025-26,BOS,TOR,1,0.75247985
0022500533,2026-01-09,2025-26,ORL,PHI,0,0.45170474
0022500534,2026-01-09,2025-26,WAS,NOP,0,0.61894095
0022500535,2026-01-09,2025-26,BKN,LAC,0,0.44119444
0022500536,2026-01-09,2025-26,MEM,OKC,0,0.22912572
0022500537,2026-01-09,2025-26,DEN,ATL,0,0.6062908
0022500538,2026-01-09,2025-26,PHX,NYK,1,0.5068803
0022500539,2026-01-09,2025-26,GSW,SAC,1,0.87473893
0022500540,2026-01-09,2025-26,POR,HOU,1,0.35145178
0022500541,2026-01-09,2025-26,LAL,MIL,0,0.49604225
0022500542,2026-01-10,2025-26,CLE,MIN,1,0.42722243
0022500543,2026-01-10,2025-26,IND,MIA,1,0.43989816
0022500544,2026-01-10,2025-26,DET,LAC,0,0.6865005
0022500545,2026-01-10,2025-26,BOS,SAS,0,0.61797184
0022500546,2026-01-10,2025-26,CHI,DAL,1,0.43574277
0022500547,2026-01-10,2025-26,UTA,CHA,0,0.4452484
0022500548,2026-01-11,2025-26,ORL,NOP,1,0.6596698
0022500549,2026-01-11,2025-26,MEM,BKN,1,0.60198843
0022500550,2026-01-11,2025-26,TOR,PHI,1,0.3995129
0022500551,2026-01-11,2025-26,POR,NYK,0,0.43386465
0022500552,2026-01-11,2025-26,MIN,SAS,1,0.7088615
0022500553,2026-01-11,2025-26,OKC,MIA,1,0.7787059
0022500554,2026-01-11,2025-26,DEN,MIL,1,0.4093787
0022500555,2026-01-11,2025-26,PHX,WAS,1,0.8084378
0022500556,2026-01-11,2025-26,GSW,ATL,0,0.6518943
0022500557,2026-01-11,2025-26,SAC,HOU,1,0.16902587
0022500558,2026-01-12,2025-26,CLE,UTA,0,0.8248283
0022500559,2026-01-12,2025-26,IND,BOS,1,0.30668473
0022500560,2026-01-12,2025-26,TOR,PHI,0,0.4171544
0022500561,2026-01-12,2025-26,DAL,BKN,1,0.6864832
0022500562,2026-01-12,2025-26,SAC,LAL,1,0.19788188
0022500563,2026-01-12,2025-26,LAC,CHA,1,0.6776422
0022500564,2026-01-13,2025-26,MIA,PHX,1,0.44161212
0022500565,2026-01-13,2025-26,HOU,CHI,1,0.81038576
0022500566,2026-01-13,2025-26,MIL,MIN,0,0.4300058
0022500567,2026-01-13,2025-26,NOP,DEN,0,0.5272435
0022500568,2026-01-13,2025-26,OKC,SAS,1,0.80094516
0022500569,2026-01-13,2025-26,LAL,ATL,1,0.44414705
0022500570,2026-01-13,2025-26,GSW,POR,1,0.68342143
0022500571,2026-01-14,2025-26,IND,TOR,0,0.50211453
0022500572,2026-01-14,2025-26,PHI,CLE,0,0.63748646
0022500573,2026-01-14,2025-26,CHI,UTA,1,0.5656162
0022500574,2026-01-14,2025-26,NOP,BKN,1,0.40564677
0022500575,2026-01-14,2025-26,DAL,DEN,0,0.5765085
0022500576,2026-01-14,2025-26,SAC,NYK,1,0.21100338
0022500577,2026-01-14,2025-26,LAC,WAS,1,0.84197664
0022500579,2026-01-15,2025-26,DET,PHX,1,0.580477
0022500580,2026-01-15,2025-26,MIA,BOS,0,0.44486767
0022500581,2026-01-15,2025-26,HOU,OKC,0,0.37616125
0022500582,2026-01-15,2025-26,SAS,MIL,1,0.5718477
0022500583,2026-01-15,2025-26,DAL,UTA,1,0.74280083
0022500584,2026-01-15,2025-26,GSW,NYK,1,0.69124573
0022500585,2026-01-15,2025-26,POR,ATL,1,0.46442574
0022500586,2026-01-15,2025-26,LAL,CHA,0,0.6267265
0022500587,2026-01-16,2025-26,BKN,CHI,1,0.62474775
0022500588,2026-01-16,2025-26,IND,NOP,1,0.5699143
0022500589,2026-01-16,2025-26,PHI,CLE,0,0.55766296
0022500590,2026-01-16,2025-26,TOR,LAC,0,0.38624024
0022500591,2026-01-16,2025-26,HOU,MIN,1,0.41074157
0022500592,2026-01-16,2025-26,SAC,WAS,1,0.54623926
0022500593,2026-01-17,2025-26,DAL,UTA,1,0.7345433
0022500594,2026-01-17,2025-26,ATL,BOS,0,0.4090307
0022500595,2026-01-17,2025-26,DET,IND,1,0.8364119
0022500596,2026-01-17,2025-26,NYK,PHX,0,0.5995209
0022500597,2026-01-17,2025-26,MIA,OKC,1,0.2569159
0022500598,2026-01-17,2025-26,SAS,MIN,1,0.5096517
0022500599,2026-01-17,2025-26,GSW,CHA,1,0.73093146
0022500600,2026-01-17,2025-26,DEN,WAS,1,0.82718486
0022500601,2026-01-17,2025-26,POR,LAL,1,0.43537185
0022500603,2026-01-18,2025-26,CHI,BKN,1,0.5363923
0022500604,2026-01-18,2025-26,HOU,NOP,1,0.7716552
0022500605,2026-01-18,2025-26,DEN,CHA,0,0.57102543
0022500606,2026-01-18,2025-26,SAC,POR,0,0.46615613
0022500607,2026-01-18,2025-26,LAL,TOR,1,0.49225396
0022500014,2026-01-19,2025-26,ATL,MIL,0,0.56183827
0022500015,2026-01-19,2025-26,CLE,OKC,0,0.36827558
0022500016,2026-01-19,2025-26,NYK,DAL,0,0.6816304
0022500017,2026-01-19,2025-26,DET,BOS,1,0.645939
0022500608,2026-01-19,2025-26,WAS,LAC,0,0.29782203
0022500609,2026-01-19,2025-26,PHI,IND,1,0.83853453
0022500610,2026-01-19,2025-26,BKN,PHX,0,0.28209093
0022500611,2026-01-19,2025-26,SAS,UTA,1,0.8337075
0022500612,2026-01-19,2025-26,GSW,MIA,1,0.7781786
0022500613,2026-01-20,2025-26,PHI,PHX,0,0.5690948
0022500614,2026-01-20,2025-26,CHI,LAC,1,0.5302562
0022500615,2026-01-20,2025-26,HOU,SAS,1,0.69280493
0022500616,2026-01-20,2025-26,UTA,MIN,1,0.18177296
0022500617,2026-01-20,2025-26,DEN,LAL,0,0.5222561
0022500618,2026-01-20,2025-26,GSW,TOR,0,0.69972587
0022500619,2026-01-20,2025-26,SAC,MIA,0,0.4961813
0022500620,2026-01-21,2025-26,CHA,CLE,0,0.56283957
0022500621,2026-01-21,2025-26,BOS,IND,1,0.8112526
0022500622,2026-01-21,2025-26,NYK,BKN,1,0.71521896
0022500623,2026-01-21,2025-26,MEM,ATL,0,0.6114161
0022500624,2026-01-21,2025-26,NOP,DET,0,0.27331474
0022500625,2026-01-21,2025-26,MIL,OKC,0,0.28539896
0022500626,2026-01-21,2025-26,SAC,TOR,0,0.31331474
0022500627,2026-01-22,2025-26,ORL,CHA,0,0.52005625
0022500628,2026-01-22,2025-26,PHI,HOU,1,0.45199892
0022500629,2026-01-22,2025-26,WAS,DEN,0,0.3281932
0022500630,2026-01-22,2025-26,DAL,GSW,1,0.47502795
0022500631,2026-01-22,2025-26,MIN,CHI,0,0.6776671
0022500632,2026-01-22,2025-26,UTA,SAS,0,0.31505415
0022500633,2026-01-22,2025-26,LAC,LAL,1,0.55178744
0022500634,2026-01-22,2025-26,POR,MIA,1,0.61825705
0022500635,2026-01-23,2025-26,DET,HOU,0,0.6063471
0022500636,2026-01-23,2025-26,ATL,PHX,1,0.36421072
0022500637,2026-01-23,2025-26,BKN,BOS,0,0.35276455
0022500638,2026-01-23,2025-26,CLE,SAC,1,0.78933924
0022500639,2026-01-23,2025-26,MEM,NOP,0,0.67955524
0022500640,2026-01-23,2025-26,MIL,DEN,0,0.622622
0022500641,2026-01-23,2025-26,OKC,IND,0,0.8503032
0022500642,2026-01-23,2025-26,POR,TOR,0,0.4743194
0022500643,2026-01-24,2025-26,PHI,NYK,0,0.63005054
0022500645,2026-01-24,2025-26,CHA,WAS,1,0.7787014
0022500646,2026-01-24,2025-26,ORL,CLE,0,0.49642396
0022500647,2026-01-24,2025-26,CHI,BOS,1,0.6512398
0022500648,2026-01-24,2025-26,DAL,LAL,0,0.5541731
0022500649,2026-01-24,2025-26,UTA,MIA,0,0.41643164
0022500644,2026-01-25,2025-26,MIN,GSW,0,0.5984279
0022500650,2026-01-25,2025-26,DET,SAC,1,0.8486097
0022500653,2026-01-25,2025-26,OKC,TOR,0,0.66577935
0022500654,2026-01-25,2025-26,SAS,NOP,0,0.72616124
0022500655,2026-01-25,2025-26,PHX,MIA,0,0.8018988
0022500656,2026-01-25,2025-26,LAC,BKN,1,0.75396603
0022500657,2026-01-26,2025-26,CHA,PHI,1,0.5218689
0022500658,2026-01-26,2025-26,CLE,ORL,1,0.69597155
0022500659,2026-01-26,2025-26,ATL,IND,1,0.7032793
0022500660,2026-01-26,2025-26,BOS,POR,1,0.71531737
0022500661,2026-01-26,2025-26,CHI,LAL,0,0.5567182
0022500662,2026-01-26,2025-26,HOU,MEM,1,0.7297246
0022500663,2026-01-26,2025-26,MIN,GSW,1,0.4640147
0022500664,2026-01-27,2025-26,WAS,POR,1,0.45039737
0022500665,2026-01-27,2025-26,NYK,SAC,1,0.8095216
0022500666,2026-01-27,2025-26,PHI,MIL,1,0.49551797
0022500667,2026-01-27,2025-26,OKC,NOP,1,0.7620454
0022500668,2026-01-27,2025-26,DEN,DET,0,0.24913359
0022500669,2026-01-27,2025-26,PHX,BKN,1,0.74539024
0022500670,2026-01-27,2025-26,UTA,LAC,0,0.22836527
0022500671,2026-01-28,2025-26,CLE,LAL,1,0.58746964
0022500672,2026-01-28,2025-26,IND,CHI,1,0.34130406
0022500673,2026-01-28,2025-26,BOS,ATL,0,0.70463485
0022500674,2026-01-28,2025-26,MIA,ORL,0,0.5897963
0022500675,2026-01-28,2025-26,TOR,NYK,0,0.69005287
0022500676,2026-01-28,2025-26,MEM,CHA,0,0.36738598
0022500677,2026-01-28,2025-26,DAL,MIN,0,0.47499987
0022500678,2026-01-28,2025-26,UTA,GSW,0,0.20249754
0022500679,2026-01-28,2025-26,HOU,SAS,0,0.6557614
0022500529,2026-01-29,2025-26,CHI,MIA,0,0.6918293
0022500680,2026-01-29,2025-26,PHI,SAC,1,0.84516674
0022500681,2026-01-29,2025-26,WAS,MIL,1,0.47355077
0022500682,2026-01-29,2025-26,ATL,HOU,0,0.44232786
0022500683,2026-01-29,2025-26,DAL,CHA,0,0.34016666
0022500684,2026-01-29,2025-26,DEN,BKN,1,0.6601567
0022500685,2026-01-29,2025-26,PHX,DET,1,0.37565663
0022500686,2026-01-29,2025-26,MIN,OKC,1,0.49416098
0022500687,2026-01-30,2025-26,ORL,TOR,1,0.4518741
0022500688,2026-01-30,2025-26,WAS,LAL,0,0.33668125
0022500689,2026-01-30,2025-26,BOS,SAC,1,0.8727207
0022500690,2026-01-30,2025-26,NYK,POR,1,0.59590244
0022500691,2026-01-30,2025-26,NOP,MEM,1,0.60145706
0022500693,2026-01-30,2025-26,PHX,CLE,1,0.49131316
0022500694,2026-01-30,2025-26,UTA,BKN,0,0.62527
0022500695,2026-01-30,2025-26,DEN,LAC,1,0.29853034
0022500696,2026-01-30,2025-26,GSW,DET,0,0.6863233
0022500692,2026-01-31,2025-26,MIA,CHI,0,0.4811498
0022500697,2026-01-31,2025-26,CHA,SAS,1,0.643326
0022500698,2026-01-31,2025-26,IND,ATL,1,0.44318092
0022500699,2026-01-31,2025-26,PHI,NOP,1,0.77535814
0022500700,2026-01-31,2025-26,MEM,MIN,0,0.26168188
0022500701,2026-01-31,2025-26,HOU,DAL,1,0.7206866
0022500702,2026-02-01,2025-26,BOS,MIL,1,0.77080846
0022500703,2026-02-01,2025-26,SAS,ORL,1,0.53820825
0022500704,2026-02-01,2025-26,DET,BKN,1,0.83769196
0022500705,2026-02-01,2025-26,MIA,CHI,1,0.5443885
0022500706,2026-02-01,2025-26,TOR,UTA,1,0.8534306
0022500707,2026-02-01,2025-26,WAS,SAC,1,0.603043
0022500708,2026-02-01,2025-26,NYK,LAL,1,0.58937687
0022500709,2026-02-01,2025-26,PHX,LAC,0,0.51249
0022500710,2026-02-01,2025-26,POR,CLE,0,0.4689785
0022500711,2026-02-01,2025-26,DEN,OKC,0,0.47679698
0022500712,2026-02-02,2025-26,CHA,NOP,1,0.78424615
0022500713,2026-02-02,2025-26,IND,HOU,0,0.2762036
0022500714,2026-02-02,2025-26,MEM,MIN,1,0.2879935
0022500715,2026-02-02,2025-26,LAC,PHI,0,0.4719647
0022500716,2026-02-03,2025-26,DET,DEN,1,0.69261605
0022500717,2026-02-03,2025-26,IND,UTA,0,0.65800756
0022500718,2026-02-03,2025-26,WAS,NYK,0,0.29634103
0022500719,2026-02-03,2025-26,BKN,LAL,0,0.27480847
0022500720,2026-02-03,2025-26,MIA,ATL,0,0.60146695
0022500721,2026-02-03,2025-26,DAL,BOS,0,0.3525273
0022500722,2026-02-03,2025-26,MIL,CHI,1,0.46631026
0022500723,2026-02-03,2025-26,OKC,ORL,1,0.75629395
0022500724,2026-02-03,2025-26,GSW,PHI,0,0.72257024
0022500725,2026-02-03,2025-26,POR,PHX,0,0.35898453
0022500726,2026-02-04,2025-26,NYK,DEN,1,0.52790225
0022500727,2026-02-04,2025-26,TOR,MIN,0,0.46605578
0022500728,2026-02-04,2025-26,HOU,BOS,0,0.51270723
0022500729,2026-02-04,2025-26,MIL,NOP,1,0.47053465
0022500730,2026-02-04,2025-26,SAS,OKC,1,0.46236792
0022500731,2026-02-04,2025-26,SAC,MEM,0,0.3802966
0022500732,2026-02-04,2025-26,LAC,CLE,0,0.531159
0022500733,2026-02-05,2025-26,DET,WAS,0,0.8810271
0022500734,2026-02-05,2025-26,ORL,BKN,1,0.7369615
0022500735,2026-02-05,2025-26,ATL,UTA,1,0.7795354
0022500736,2026-02-05,2025-26,TOR,CHI,1,0.6521446
0022500737,2026-02-05,2025-26,HOU,CHA,0,0.41813827
0022500738,2026-02-05,2025-26,DAL,SAS,0,0.5344054
0022500739,2026-02-05,2025-26,PHX,GSW,0,0.5414437
0022500740,2026-02-05,2025-26,LAL,PHI,1,0.65978944
0022500741,2026-02-06,2025-26,BOS,MIA,1,0.73659796
0022500742,2026-02-06,2025-26,DET,NYK,1,0.59548485
0022500743,2026-02-06,2025-26,MIL,IND,1,0.7027337
0022500744,2026-02-06,2025-26,MIN,NOP,0,0.7861673
0022500745,2026-02-06,2025-26,POR,MEM,1,0.5722893
0022500746,2026-02-06,2025-26,SAC,LAC,0,0.30556917
0022500747,2026-02-07,2025-26,BKN,WAS,1,0.614138
0022500748,2026-02-07,2025-26,OKC,HOU,0,0.5381591
0022500749,2026-02-07,2025-26,SAS,DAL,1,0.7343719
0022500750,2026-02-07,2025-26,ORL,UTA,1,0.7809028
0022500751,2026-02-07,2025-26,ATL,CHA,0,0.37085372
0022500752,2026-02-07,2025-26,CHI,DEN,0,0.3505415
0022500753,2026-02-07,2025-26,LAL,GSW,1,0.61744326
0022500754,2026-02-07,2025-26,PHX,PHI,0,0.47463474
0022500755,2026-02-07,2025-26,POR,MEM,1,0.68547845
0022500756,2026-02-07,2025-26,SAC,CLE,0,0.2293808
0022500757,2026-02-08,2025-26,BOS,NYK,0,0.7475494
0022500758,2026-02-08,2025-26,WAS,MIA,0,0.18438025
0022500759,2026-02-08,2025-26,TOR,IND,1,0.779434
0022500760,2026-02-08,2025-26,MIN,LAC,0,0.69079965
0022500761,2026-02-09,2025-26,CHA,DET,0,0.49840447
0022500762,2026-02-09,2025-26,BKN,CHI,1,0.4117179
0022500763,2026-02-09,2025-26,MIA,UTA,0,0.69718033
0022500764,2026-02-09,2025-26,ORL,MIL,1,0.6209022
0022500765,2026-02-09,2025-26,MIN,ATL,1,0.6369642
0022500766,2026-02-09,2025-26,NOP,SAC,1,0.7646637
0022500767,2026-02-09,2025-26,DEN,CLE,0,0.57310236
0022500768,2026-02-09,2025-26,GSW,MEM,1,0.82848823
0022500769,2026-02-09,2025-26,LAL,OKC,0,0.53056246
0022500770,2026-02-09,2025-26,POR,PHI,1,0.3500239
0022500771,2026-02-10,2025-26,NYK,IND,0,0.7333099
0022500772,2026-02-10,2025-26,HOU,LAC,1,0.5914089
0022500773,2026-02-10,2025-26,PHX,DAL,1,0.74829495
0022500774,2026-02-10,2025-26,LAL,SAS,0,0.39088923
0022500775,2026-02-11,2025-26,CHA,ATL,1,0.7980138
0022500776,2026-02-11,2025-26,CLE,WAS,1,0.8965107
0022500777,2026-02-11,2025-26,ORL,MIL,0,0.7138489
0022500778,2026-02-11,2025-26,BOS,CHI,1,0.78587854
0022500779,2026-02-11,2025-26,BKN,IND,0,0.42203978
0022500780,2026-02-11,2025-26,PHI,NYK,0,0.5993919
0022500781,2026-02-11,2025-26,TOR,DET,0,0.49471214
0022500782,2026-02-11,2025-26,HOU,LAC,0,0.70937985
0022500783,2026-02-11,2025-26,MIN,POR,1,0.7017658
0022500784,2026-02-11,2025-26,NOP,MIA,0,0.51736575
0022500785,2026-02-11,2025-26,PHX,OKC,0,0.44005024
0022500786,2026-02-11,2025-26,UTA,SAC,1,0.6894772
0022500787,2026-02-11,2025-26,DEN,MEM,1,0.8148171
0022500788,2026-02-11,2025-26,GSW,SAS,0,0.52346694
0022500789,2026-02-12,2025-26,OKC,MIL,0,0.79505783
0022500790,2026-02-12,2025-26,UTA,POR,0,0.391031
0022500791,2026-02-12,2025-26,LAL,DAL,1,0.5711526
0022500792,2026-02-19,2025-26,CHA,HOU,0,0.6712721
0022500793,2026-02-19,2025-26,CLE,BKN,1,0.8429921
0022500794,2026-02-19,2025-26,PHI,ATL,0,0.4437333
0022500795,2026-02-19,2025-26,WAS,IND,1,0.35119355
0022500796,2026-02-19,2025-26,NYK,DET,0,0.39981976
0022500797,2026-02-19,2025-26,CHI,TOR,0,0.34484488
0022500798,2026-02-19,2025-26,SAS,PHX,1,0.77888507
0022500799,2026-02-19,2025-26,GSW,BOS,0,0.36242968
0022500800,2026-02-19,2025-26,SAC,ORL,0,0.23088601
0022500801,2026-02-19,2025-26,LAC,DEN,1,0.44421318
0022500802,2026-02-20,2025-26,CHA,CLE,0,0.46183985
0022500803,2026-02-20,2025-26,WAS,IND,1,0.392767
0022500804,2026-02-20,2025-26,MEM,UTA,1,0.5872018
0022500805,2026-02-20,2025-26,ATL,MIA,0,0.48478517
0022500806,2026-02-20,2025-26,MIN,DAL,1,0.808223
0022500807,2026-02-20,2025-26,NOP,MIL,0,0.61139715
0022500808,2026-02-20,2025-26,OKC,BKN,1,0.80760777
0022500809,2026-02-20,2025-26,LAL,LAC,1,0.6741338
0022500810,2026-02-20,2025-26,POR,DEN,0,0.52022624
0022500811,2026-02-21,2025-26,PHX,ORL,1,0.55947804
0022500812,2026-02-21,2025-26,NOP,PHI,1,0.4884148
0022500813,2026-02-21,2025-26,MIA,MEM,1,0.86017823
0022500814,2026-02-21,2025-26,CHI,DET,0,0.25184658
0022500815,2026-02-21,2025-26,SAS,SAC,1,0.9070237
0022500816,2026-02-21,2025-26,NYK,HOU,1,0.61076987
0022500817,2026-02-22,2025-26,OKC,CLE,1,0.49458086
0022500818,2026-02-22,2025-26,ATL,BKN,1,0.74932265
0022500819,2026-02-22,2025-26,MIL,TOR,0,0.36894086
0022500820,2026-02-22,2025-26,GSW,DEN,1,0.41612256
0022500821,2026-02-22,2025-26,IND,DAL,0,0.512071
0022500822,2026-02-22,2025-26,WAS,CHA,0,0.23511083
0022500823,2026-02-22,2025-26,LAL,BOS,0,0.47647882
0022500824,2026-02-22,2025-26,MIN,PHI,0,0.82878387
0022500825,2026-02-22,2025-26,CHI,NYK,0,0.3372502
0022500826,2026-02-22,2025-26,PHX,POR,0,0.44289172
0022500827,2026-02-22,2025-26,LAC,ORL,0,0.6931963
0022500828,2026-02-23,2025-26,DET,SAS,0,0.5788247
0022500829,2026-02-23,2025-26,MEM,SAC,0,0.6606999
0022500830,2026-02-23,2025-26,HOU,UTA,1,0.8271633
0022500831,2026-02-24,2025-26,IND,PHI,0,0.5217512
0022500832,2026-02-24,2025-26,ATL,WAS,1,0.8160411
0022500833,2026-02-24,2025-26,BKN,DAL,0,0.44751382
0022500834,2026-02-24,2025-26,TOR,OKC,0,0.5778781
0022500835,2026-02-24,2025-26,CLE,NYK,1,0.61975175
0022500836,2026-02-24,2025-26,CHI,CHA,0,0.31863925
0022500837,2026-02-24,2025-26,MIL,MIA,1,0.3920753
0022500838,2026-02-24,2025-26,NOP,GSW,1,0.48050553
0022500839,2026-02-24,2025-26,PHX,BOS,0,0.25965562
0022500840,2026-02-24,2025-26,LAL,ORL,0,0.6985177
0022500841,2026-02-24,2025-26,POR,MIN,0,0.4742603
0022500842,2026-02-25,2025-26,DET,OKC,1,0.73727447
0022500843,2026-02-25,2025-26,TOR,SAS,0,0.38523424
0022500844,2026-02-25,2025-26,MEM,GSW,0,0.34177524
0022500845,2026-02-25,2025-26,HOU,SAC,1,0.8366204
0022500846,2026-02-25,2025-26,MIL,CLE,1,0.28398496
0022500847,2026-02-25,2025-26,DEN,BOS,1,0.6851734
0022500848,2026-02-26,2025-26,IND,CHA,0,0.23972553
0022500849,2026-02-26,2025-26,PHI,MIA,1,0.48986608
0022500850,2026-02-26,2025-26,ATL,WAS,1,0.8426433
0022500851,2026-02-26,2025-26,BKN,SAS,0,0.20795321
0022500852,2026-02-26,2025-26,ORL,HOU,0,0.5440097
0022500853,2026-02-26,2025-26,CHI,POR,0,0.34399402
0022500854,2026-02-26,2025-26,DAL,SAC,0,0.8136841
0022500855,2026-02-26,2025-26,PHX,LAL,1,0.3474394
0022500856,2026-02-26,2025-26,UTA,NOP,0,0.36824158
0022500857,2026-02-26,2025-26,LAC,MIN,0,0.4249754
0022500858,2026-02-27,2025-26,DET,CLE,1,0.7503336
0022500859,2026-02-27,2025-26,BOS,BKN,1,0.8795585
0022500860,2026-02-27,2025-26,MIL,NYK,0,0.36653417
0022500861,2026-02-27,2025-26,DAL,MEM,0,0.7042397
0022500862,2026-02-27,2025-26,OKC,DEN,1,0.39235398
0022500863,2026-02-28,2025-26,CHA,POR,1,0.76567286
0022500864,2026-02-28,2025-26,MIA,HOU,1,0.54051626
0022500865,2026-02-28,2025-26,WAS,TOR,0,0.1902917
0022500866,2026-02-28,2025-26,GSW,LAL,0,0.46517938
0022500867,2026-02-28,2025-26,UTA,NOP,0,0.30880833
0022500868,2026-03-01,2025-26,NYK,SAS,1,0.44320616
0022500869,2026-03-01,2025-26,BKN,CLE,0,0.26173866
0022500870,2026-03-01,2025-26,CHI,MIL,1,0.4165512
0022500871,2026-03-01,2025-26,DEN,MIN,0,0.61054623
0022500872,2026-03-01,2025-26,IND,MEM,0,0.6459252
0022500873,2026-03-01,2025-26,ATL,POR,1,0.6003016
0022500874,2026-03-01,2025-26,BOS,PHI,1,0.6792967
0022500875,2026-03-01,2025-26,ORL,DET,0,0.3576715
0022500876,2026-03-01,2025-26,DAL,OKC,0,0.31113893
0022500877,2026-03-01,2025-26,LAC,NOP,1,0.5380706
0022500878,2026-03-01,2025-26,LAL,SAC,1,0.85548425
0022500879,2026-03-02,2025-26,WAS,HOU,0,0.20147015
0022500880,2026-03-02,2025-26,MIL,BOS,0,0.20927475
0022500881,2026-03-02,2025-26,UTA,DEN,0,0.26853696
0022500882,2026-03-02,2025-26,GSW,LAC,0,0.64091057
0022500883,2026-03-03,2025-26,CHA,DAL,1,0.837638
0022500884,2026-03-03,2025-26,CLE,DET,1,0.40587753
0022500885,2026-03-03,2025-26,ORL,WAS,1,0.8831857
0022500886,2026-03-03,2025-26,MIA,BKN,1,0.8577005
0022500887,2026-03-03,2025-26,TOR,NYK,0,0.48227942
0022500888,2026-03-03,2025-26,PHI,SAS,0,0.2755029
0022500889,2026-03-03,2025-26,CHI,OKC,0,0.20994501
0022500890,2026-03-03,2025-26,MIN,MEM,1,0.8565584
0022500891,2026-03-03,2025-26,LAL,NOP,1,0.64304084
0022500892,2026-03-03,2025-26,SAC,PHX,0,0.26456723
0022500893,2026-03-04,2025-26,NYK,OKC,0,0.7438061
0022500894,2026-03-04,2025-26,BOS,CHA,0,0.6161235
0022500895,2026-03-04,2025-26,PHI,UTA,1,0.5593984
0022500896,2026-03-04,2025-26,MEM,POR,0,0.34159076
0022500897,2026-03-04,2025-26,MIL,ATL,0,0.36557266
0022500898,2026-03-04,2025-26,LAC,IND,1,0.81223774
0022500899,2026-03-05,2025-26,ORL,DAL,1,0.8113293
0022500900,2026-03-05,2025-26,WAS,UTA,0,0.35901666
0022500901,2026-03-05,2025-26,MIA,BKN,1,0.8768395
0022500902,2026-03-05,2025-26,HOU,GSW,0,0.7081311
0022500903,2026-03-05,2025-26,MIN,TOR,1,0.5780147
0022500904,2026-03-05,2025-26,SAS,DET,1,0.67355365
0022500905,2026-03-05,2025-26,PHX,CHI,0,0.77311337
0022500906,2026-03-05,2025-26,DEN,LAL,1,0.5828868
0022500907,2026-03-05,2025-26,SAC,NOP,0,0.19993721
0022500908,2026-03-06,2025-26,BOS,DAL,1,0.8578181
0022500909,2026-03-06,2025-26,CHA,MIA,0,0.76360774
0022500910,2026-03-06,2025-26,HOU,POR,1,0.62714374
0022500911,2026-03-06,2025-26,DEN,NYK,0,0.3906796
0022500912,2026-03-06,2025-26,PHX,NOP,1,0.534013
0022500913,2026-03-06,2025-26,SAS,LAC,1,0.69502896
0022500914,2026-03-06,2025-26,LAL,IND,1,0.7728895
0022500915,2026-03-07,2025-26,MIN,ORL,0,0.65907717
0022500916,2026-03-07,2025-26,DET,BKN,0,0.88692456
0022500917,2026-03-07,2025-26,ATL,PHI,1,0.80345273
0022500918,2026-03-07,2025-26,MEM,LAC,0,0.33635417
0022500919,2026-03-07,2025-26,MIL,UTA,1,0.6275704
0022500920,2026-03-07,2025-26,OKC,GSW,1,0.81692547
0022500921,2026-03-08,2025-26,CLE,BOS,0,0.36047283
0022500922,2026-03-08,2025-26,LAL,NYK,1,0.43348423
0022500923,2026-03-08,2025-26,MIA,DET,1,0.76720285
0022500924,2026-03-08,2025-26,TOR,DAL,1,0.72167504
0022500925,2026-03-08,2025-26,NOP,WAS,1,0.8561623
0022500926,2026-03-08,2025-26,MIL,ORL,0,0.40579632
0022500927,2026-03-08,2025-26,SAS,HOU,1,0.7370954
0022500928,2026-03-08,2025-26,PHX,CHA,1,0.28679845
0022500929,2026-03-08,2025-26,POR,IND,1,0.72066134
0022500930,2026-03-08,2025-26,SAC,CHI,1,0.41958886
0022500931,2026-03-09,2025-26,CLE,PHI,1,0.7677678
0022500932,2026-03-09,2025-26,BKN,MEM,1,0.39432365
0022500933,2026-03-09,2025-26,OKC,DEN,1,0.5688561
0022500934,2026-03-09,2025-26,UTA,GSW,1,0.49218717
0022500935,2026-03-09,2025-26,LAC,NYK,1,0.5019604
0022500936,2026-03-10,2025-26,PHI,MEM,1,0.55877453
0022500937,2026-03-10,2025-26,BKN,DET,0,0.18233277
0022500938,2026-03-10,2025-26,MIA,WAS,1,0.8804035
0022500939,2026-03-10,2025-26,ATL,DAL,1,0.8231683
0022500940,2026-03-10,2025-26,HOU,TOR,1,0.5041811
0022500941,2026-03-10,2025-26,MIL,PHX,0,0.44501847
0022500942,2026-03-10,2025-26,SAS,BOS,1,0.5431476
0022500943,2026-03-10,2025-26,GSW,CHI,0,0.5963244
0022500944,2026-03-10,2025-26,POR,CHA,0,0.33156073
0022500945,2026-03-10,2025-26,SAC,IND,1,0.41074926
0022500946,2026-03-10,2025-26,LAL,MIN,1,0.54871815
0022500947,2026-03-11,2025-26,ORL,CLE,1,0.46215954
0022500948,2026-03-11,2025-26,NOP,TOR,1,0.6218358
0022500949,2026-03-11,2025-26,UTA,NYK,0,0.221972
0022500950,2026-03-11,2025-26,DEN,HOU,1,0.7314534
0022500951,2026-03-11,2025-26,SAC,CHA,0,0.14848277
0022500952,2026-03-11,2025-26,LAC,MIN,1,0.671116
0022500953,2026-03-12,2025-26,DET,PHI,1,0.81865346
0022500954,2026-03-12,2025-26,IND,PHX,0,0.29443297
0022500955,2026-03-12,2025-26,ORL,WAS,1,0.84592146
0022500956,2026-03-12,2025-26,ATL,BKN,1,0.90681505
0022500957,2026-03-12,2025-26,MIA,MIL,1,0.7846769
0022500958,2026-03-12,2025-26,SAS,DEN,0,0.74987495
0022500959,2026-03-12,2025-26,OKC,BOS,1,0.49860445
0022500960,2026-03-12,2025-26,LAL,CHI,1,0.8196756
0022501111,2026-03-12,2025-26,MEM,DAL,0,0.57677794
0022500961,2026-03-13,2025-26,DET,MEM,1,0.8766234
0022500962,2026-03-13,2025-26,IND,NYK,0,0.14998224
0022500963,2026-03-13,2025-26,TOR,PHX,1,0.7225319
0022500964,2026-03-13,2025-26,HOU,NOP,1,0.5328243
0022500965,2026-03-13,2025-26,DAL,CLE,0,0.17897746
0022500966,2026-03-13,2025-26,GSW,MIN,0,0.37466702
0022500967,2026-03-13,2025-26,POR,UTA,1,0.8449077
0022500968,2026-03-13,2025-26,LAC,CHI,1,0.84952384
0022500969,2026-03-14,2025-26,PHI,BKN,1,0.6931296
0022500970,2026-03-14,2025-26,ATL,MIL,1,0.7448844
0022500971,2026-03-14,2025-26,BOS,WAS,1,0.8555244
0022500972,2026-03-14,2025-26,MIA,ORL,0,0.6587599
0022500973,2026-03-14,2025-26,SAS,CHA,1,0.55850947
0022500974,2026-03-14,2025-26,LAL,DEN,1,0.5508517
0022500975,2026-03-14,2025-26,LAC,SAC,0,0.8104518
0022500976,2026-03-15,2025-26,OKC,MIN,1,0.6860641
0022500977,2026-03-15,2025-26,CLE,DAL,0,0.85849196
0022500978,2026-03-15,2025-26,TOR,DET,1,0.46461114
0022500979,2026-03-15,2025-26,MIL,IND,1,0.6184148
0022500980,2026-03-15,2025-26,PHI,POR,1,0.28117093
0022500981,2026-03-15,2025-26,NYK,GSW,1,0.7889016
0022500982,2026-03-15,2025-26,SAC,UTA,1,0.74275804
0022500983,2026-03-16,2025-26,ATL,ORL,1,0.6701096
0022500984,2026-03-16,2025-26,WAS,GSW,0,0.5835948
0022500985,2026-03-16,2025-26,BKN,POR,0,0.27438956
0022500986,2026-03-16,2025-26,BOS,PHX,1,0.717788
0022500987,2026-03-16,2025-26,CHI,MEM,1,0.638953
0022500988,2026-03-16,2025-26,NOP,DAL,1,0.8545697
0022500989,2026-03-16,2025-26,HOU,LAL,0,0.41264275
0022500990,2026-03-16,2025-26,LAC,SAS,0,0.40057462
0022500991,2026-03-17,2025-26,CHA,MIA,1,0.62684876
0022500992,2026-03-17,2025-26,ORL,OKC,0,0.3271301
0022500993,2026-03-17,2025-26,WAS,DET,0,0.14355512
0022500994,2026-03-17,2025-26,NYK,IND,1,0.883823
0022500995,2026-03-17,2025-26,MIL,CLE,0,0.3735468
0022500996,2026-03-17,2025-26,MIN,PHX,1,0.62938416
0022500997,2026-03-17,2025-26,DEN,PHI,1,0.87009394
0022500998,2026-03-17,2025-26,SAC,SAS,0,0.21007213
0022500651,2026-03-18,2025-26,MEM,DEN,1,0.19858693
0022500999,2026-03-18,2025-26,BOS,GSW,1,0.8526007
0022501000,2026-03-18,2025-26,BKN,OKC,0,0.15410404
0022501001,2026-03-18,2025-26,IND,POR,0,0.23227501
0022501002,2026-03-18,2025-26,CHI,TOR,0,0.34311587
0022501004,2026-03-18,2025-26,MIN,UTA,1,0.84715873
0022501005,2026-03-18,2025-26,NOP,LAC,1,0.5445628
0022501006,2026-03-18,2025-26,DAL,ATL,0,0.17978969
0022501007,2026-03-18,2025-26,HOU,LAL,0,0.35881796
0022501008,2026-03-19,2025-26,CHA,ORL,1,0.72833115
0022501009,2026-03-19,2025-26,WAS,DET,0,0.17635392
0022501010,2026-03-19,2025-26,MIA,LAL,0,0.47130823
0022501011,2026-03-19,2025-26,CHI,CLE,0,0.18997887
0022501012,2026-03-19,2025-26,NOP,LAC,1,0.6029688
0022501013,2026-03-19,2025-26,SAS,PHX,1,0.815773
0022501014,2026-03-19,2025-26,UTA,MIL,1,0.22542204
0022501015,2026-03-19,2025-26,SAC,PHI,0,0.5961778
0022501016,2026-03-20,2025-26,BKN,NYK,0,0.14868867
0022501017,2026-03-20,2025-26,DET,GSW,1,0.7645147
0022501018,2026-03-20,2025-26,HOU,ATL,1,0.31520247
0022501019,2026-03-20,2025-26,MEM,BOS,0,0.20322831
0022501020,2026-03-20,2025-26,MIN,POR,0,0.44459644
0022501021,2026-03-20,2025-26,DEN,TOR,1,0.71157473
0022501022,2026-03-21,2025-26,WAS,OKC,0,0.1591891
0022501023,2026-03-21,2025-26,CHA,MEM,1,0.8971833
0022501024,2026-03-21,2025-26,ORL,LAL,0,0.34192306
0022501025,2026-03-21,2025-26,NOP,CLE,0,0.48601267
0022501026,2026-03-21,2025-26,ATL,GSW,1,0.8621264
0022501027,2026-03-21,2025-26,HOU,MIA,1,0.4007536
0022501028,2026-03-21,2025-26,SAS,IND,1,0.8655271
0022501029,2026-03-21,2025-26,DAL,LAC,0,0.3171567
0022501030,2026-03-21,2025-26,UTA,PHI,0,0.43907985
0022501031,2026-03-21,2025-26,PHX,MIL,0,0.6449943
0022501032,2026-03-22,2025-26,DEN,POR,1,0.6931286
0022501033,2026-03-22,2025-26,SAC,BKN,1,0.7146851
0022501034,2026-03-22,2025-26,NYK,WAS,1,0.9024236
0022501035,2026-03-22,2025-26,BOS,MIN,0,0.75198096
0022501036,2026-03-22,2025-26,PHX,TOR,1,0.32500172
0022501037,2026-03-23,2025-26,ATL,MEM,1,0.87607723
0022501038,2026-03-23,2025-26,DET,LAL,1,0.35914418
0022501039,2026-03-23,2025-26,ORL,IND,0,0.8178792
0022501040,2026-03-23,2025-26,PHI,OKC,0,0.18074776
0022501041,2026-03-23,2025-26,MIA,SAS,0,0.51089054
0022501042,2026-03-23,2025-26,CHI,HOU,1,0.30339003
0022501043,2026-03-23,2025-26,UTA,TOR,0,0.31321976
0022501044,2026-03-23,2025-26,DAL,GSW,0,0.5573748
0022501045,2026-03-23,2025-26,POR,BKN,1,0.8629696
0022501046,2026-03-23,2025-26,LAC,MIL,1,0.7862309
0022501047,2026-03-24,2025-26,CHA,SAC,1,0.88426816
0022501048,2026-03-24,2025-26,NYK,NOP,1,0.635862
0022501049,2026-03-24,2025-26,CLE,ORL,1,0.748051
0022501050,2026-03-24,2025-26,PHX,DEN,0,0.29948744
0022501051,2026-03-25,2025-26,DET,ATL,0,0.44852352
0022501052,2026-03-25,2025-26,IND,LAL,0,0.23939402
0022501053,2026-03-25,2025-26,PHI,CHI,1,0.49784485
0022501054,2026-03-25,2025-26,BOS,OKC,1,0.50694346
0022501055,2026-03-25,2025-26,CLE,MIA,0,0.57889414
0022501056,2026-03-25,2025-26,MEM,SAS,0,0.13569628
0022501057,2026-03-25,2025-26,UTA,WAS,0,0.58622694
0022501058,2026-03-25,2025-26,MIN,HOU,1,0.50977
0022501059,2026-03-25,2025-26,DEN,DAL,1,0.8253614
0022501060,2026-03-25,2025-26,GSW,BKN,1,0.81019825
0022501061,2026-03-25,2025-26,POR,MIL,1,0.79829913
0022501062,2026-03-25,2025-26,LAC,TOR,1,0.7063118
0022501063,2026-03-26,2025-26,CHA,NYK,1,0.6276125
0022501064,2026-03-26,2025-26,DET,NOP,1,0.44463384
0022501065,2026-03-26,2025-26,ORL,SAC,1,0.86825603
0022501066,2026-03-27,2025-26,IND,LAC,0,0.23372468
0022501067,2026-03-27,2025-26,BOS,ATL,1,0.4635308
0022501068,2026-03-27,2025-26,CLE,MIA,1,0.62140083
0022501069,2026-03-27,2025-26,MEM,HOU,0,0.24030706
0022501070,2026-03-27,2025-26,OKC,CHI,1,0.86925304
0022501071,2026-03-27,2025-26,TOR,NOP,1,0.5957812
0022501072,2026-03-27,2025-26,DEN,UTA,1,0.9074312
0022501073,2026-03-27,2025-26,GSW,WAS,1,0.713945
0022501074,2026-03-27,2025-26,POR,DAL,0,0.7914069
0022501075,2026-03-27,2025-26,LAL,BKN,1,0.9247842
0022501076,2026-03-28,2025-26,MIL,SAS,0,0.14949475
0022501077,2026-03-28,2025-26,CHA,PHI,0,0.81368434
0022501078,2026-03-28,2025-26,ATL,SAC,1,0.8851515
0022501079,2026-03-28,2025-26,MEM,CHI,1,0.46891454
0022501080,2026-03-28,2025-26,MIN,DET,0,0.42945763
0022501081,2026-03-28,2025-26,PHX,UTA,1,0.878017
0022501082,2026-03-29,2025-26,MIL,LAC,0,0.15945484
0022501083,2026-03-29,2025-26,IND,MIA,1,0.28400767
0022501084,2026-03-29,2025-26,BKN,SAC,1,0.45674625
0022501085,2026-03-29,2025-26,CHA,BOS,0,0.61192095
0022501086,2026-03-29,2025-26,TOR,ORL,1,0.45425496
0022501087,2026-03-29,2025-26,POR,WAS,1,0.8372606
0022501088,2026-03-29,2025-26,NOP,HOU,0,0.39491352
0022501089,2026-03-29,2025-26,OKC,NYK,1,0.681416
0022501090,2026-03-29,2025-26,DEN,GSW,1,0.81729907
0022501091,2026-03-30,2025-26,MIA,PHI,1,0.5386725
0022501092,2026-03-30,2025-26,ATL,BOS,1,0.760394
0022501093,2026-03-30,2025-26,MEM,PHX,0,0.19204082
0022501094,2026-03-30,2025-26,SAS,CHI,1,0.8962266
0022501095,2026-03-30,2025-26,DAL,MIN,0,0.4060787
0022501096,2026-03-30,2025-26,UTA,CLE,0,0.17160244
0022501097,2026-03-30,2025-26,OKC,DET,1,0.5857404
0022501098,2026-03-30,2025-26,LAL,WAS,1,0.91912204
0022500652,2026-03-31,2025-26,MIL,DAL,1,0.49454787
0022501099,2026-03-31,2025-26,ORL,PHX,1,0.59083444
0022501100,2026-03-31,2025-26,BKN,CHA,0,0.14194293
0022501101,2026-03-31,2025-26,DET,TOR,1,0.43895853
0022501102,2026-03-31,2025-26,HOU,NYK,1,0.552827
0022501103,2026-03-31,2025-26,LAL,CLE,1,0.4691161
0022501104,2026-03-31,2025-26,LAC,POR,0,0.6677301
0022501003,2026-04-01,2025-26,MEM,NYK,0,0.1885266
0022501105,2026-04-01,2025-26,WAS,PHI,0,0.1884383
0022501106,2026-04-01,2025-26,MIA,BOS,0,0.57436967
0022501107,2026-04-01,2025-26,ORL,ATL,0,0.24028663
0022501108,2026-04-01,2025-26,TOR,SAC,0,0.7960259
0022501109,2026-04-01,2025-26,CHI,IND,0,0.538859
0022501110,2026-04-01,2025-26,HOU,MIL,1,0.8677918
0022501112,2026-04-01,2025-26,UTA,DEN,0,0.14005724
0022501113,2026-04-01,2025-26,GSW,SAS,0,0.20470124
0022501114,2026-04-02,2025-26,CHA,PHX,1,0.6923496
0022501115,2026-04-02,2025-26,DET,MIN,1,0.6192928
0022501116,2026-04-02,2025-26,OKC,LAL,1,0.5423659
0022501117,2026-04-02,2025-26,GSW,CLE,0,0.20245045
0022501118,2026-04-02,2025-26,POR,NOP,1,0.70150113
0022501119,2026-04-02,2025-26,LAC,SAS,0,0.4661168
0022501120,2026-04-03,2025-26,CHA,IND,1,0.82207024
0022501121,2026-04-03,2025-26,PHI,MIN,1,0.681209
0022501122,2026-04-03,2025-26,BKN,ATL,0,0.09817547
0022501123,2026-04-03,2025-26,NYK,CHI,1,0.8291231
0022501124,2026-04-03,2025-26,HOU,UTA,1,0.8989189
0022501125,2026-04-03,2025-26,MEM,TOR,0,0.18523043
0022501126,2026-04-03,2025-26,MIL,BOS,0,0.14477892
0022501127,2026-04-03,2025-26,DAL,ORL,0,0.30469802
0022501128,2026-04-03,2025-26,SAC,NOP,1,0.3363121
0022501129,2026-04-04,2025-26,MIA,WAS,1,0.8749953
0022501130,2026-04-04,2025-26,DEN,SAS,1,0.47714564
0022501131,2026-04-04,2025-26,PHI,DET,0,0.48249623
0022501132,2026-04-05,2025-26,BOS,TOR,1,0.68465644
0022501133,2026-04-05,2025-26,BKN,WAS,1,0.5532839
0022501134,2026-04-05,2025-26,CHI,PHX,0,0.28206983
0022501135,2026-04-05,2025-26,MIL,MEM,1,0.6741294
0022501136,2026-04-05,2025-26,CLE,IND,1,0.8309803
0022501137,2026-04-05,2025-26,MIN,CHA,0,0.38784593
0022501138,2026-04-05,2025-26,NOP,ORL,0,0.5048662
0022501139,2026-04-05,2025-26,OKC,UTA,1,0.9342973
0022501140,2026-04-05,2025-26,DAL,LAL,1,0.19113609
0022501141,2026-04-05,2025-26,SAC,LAC,0,0.23538095
0022501142,2026-04-05,2025-26,GSW,HOU,0,0.2767493
0022501143,2026-04-06,2025-26,ATL,NYK,0,0.74030817
0022501144,2026-04-06,2025-26,ORL,DET,1,0.34722233
0022501145,2026-04-06,2025-26,MEM,CLE,0,0.124270506
0022501146,2026-04-06,2025-26,SAS,PHI,1,0.7895187
0022501147,2026-04-06,2025-26,DEN,POR,1,0.6423084
0022501148,2026-04-07,2025-26,WAS,CHI,0,0.4245851
0022501149,2026-04-07,2025-26,BOS,CHA,1,0.5341388
0022501150,2026-04-07,2025-26,BKN,MIL,1,0.45133358
0022501151,2026-04-07,2025-26,TOR,MIA,1,0.53329355
0022501152,2026-04-07,2025-26,IND,MIN,0,0.35672396
0022501153,2026-04-07,2025-26,NOP,UTA,1,0.7822536
0022501154,2026-04-07,2025-26,GSW,SAC,1,0.7234683
0022501155,2026-04-07,2025-26,LAL,OKC,0,0.26398605
0022501156,2026-04-07,2025-26,LAC,DAL,1,0.8627058
0022501157,2026-04-07,2025-26,PHX,HOU,0,0.414591
0022501158,2026-04-08,2025-26,CLE,ATL,1,0.28906506
0022501159,2026-04-08,2025-26,ORL,MIN,1,0.65616524
0022501160,2026-04-08,2025-26,DET,MIL,1,0.89815414
0022501161,2026-04-08,2025-26,SAS,POR,1,0.73607135
0022501162,2026-04-08,2025-26,DEN,MEM,1,0.9289078
0022501163,2026-04-08,2025-26,LAC,OKC,0,0.38660458
0022501164,2026-04-08,2025-26,PHX,DAL,1,0.8013087
0022501165,2026-04-09,2025-26,TOR,MIA,1,0.6151079
0022501166,2026-04-09,2025-26,WAS,CHI,0,0.32428393
0022501167,2026-04-09,2025-26,BKN,IND,0,0.36088672
0022501168,2026-04-09,2025-26,NYK,BOS,1,0.53458375
0022501169,2026-04-09,2025-26,HOU,PHI,1,0.66607004
0022501170,2026-04-09,2025-26,GSW,LAL,0,0.58510756
0022501171,2026-04-10,2025-26,CHA,DET,0,0.50817215
0022501172,2026-04-10,2025-26,WAS,MIA,0,0.20298515
0022501173,2026-04-10,2025-26,ATL,CLE,1,0.74205303
0022501174,2026-04-10,2025-26,BOS,NOP,1,0.8568323
0022501175,2026-04-10,2025-26,IND,PHI,0,0.3221784
0022501176,2026-04-10,2025-26,NYK,TOR,1,0.59000826
0022501177,2026-04-10,2025-26,CHI,ORL,0,0.32470244
0022501178,2026-04-10,2025-26,HOU,MIN,0,0.7223314
0022501179,2026-04-10,2025-26,MIL,BKN,1,0.7513982
0022501180,2026-04-10,2025-26,SAS,DAL,1,0.856665
0022501181,2026-04-10,2025-26,UTA,MEM,1,0.5647849
0022501182,2026-04-10,2025-26,DEN,OKC,1,0.36467254
0022501183,2026-04-10,2025-26,POR,LAC,1,0.5734944
0022501184,2026-04-10,2025-26,SAC,GSW,1,0.65760183
0022501185,2026-04-10,2025-26,LAL,PHX,1,0.37980744
0022501186,2026-04-12,2025-26,BOS,ORL,1,0.5829382
0022501187,2026-04-12,2025-26,CLE,WAS,1,0.88872343
0022501188,2026-04-12,2025-26,IND,DET,0,0.18022974
0022501189,2026-04-12,2025-26,MIA,ATL,1,0.3185155
0022501190,2026-04-12,2025-26,NYK,CHA,0,0.60246617
0022501191,2026-04-12,2025-26,PHI,MIL,1,0.8201937
0022501192,2026-04-12,2025-26,TOR,BKN,1,0.89700127
0022501193,2026-04-12,2025-26,DAL,CHI,1,0.5081268
0022501194,2026-04-12,2025-26,HOU,MEM,1,0.9592154
0022501195,2026-04-12,2025-26,MIN,NOP,1,0.8485074
0022501196,2026-04-12,2025-26,OKC,PHX,0,0.43983182
0022501197,2026-04-12,2025-26,SAS,DEN,0,0.8444021
0022501198,2026-04-12,2025-26,LAL,UTA,1,0.8805341
0022501199,2026-04-12,2025-26,LAC,GSW,1,0.7681424
0022501200,2026-04-12,2025-26,POR,SAC,1,0.8271176
