game_id,date,season,home,away,home_win,p_home
0022400061,2024-10-22,2024-25,BOS,NYK,1,0.6589196
0022400062,2024-10-22,2024-25,LAL,MIN,1,0.49673563
0022400063,2024-10-23,2024-25,DET,IND,0,0.2991287
0022400064,2024-10-23,2024-25,ATL,BKN,1,0.70551735
0022400065,2024-10-23,2024-25,MIA,ORL,0,0.5728585
0022400066,2024-10-23,2024-25,PHI,MIL,0,0.46682832
0022400067,2024-10-23,2024-25,TOR,CLE,0,0.323201
0022400068,2024-10-23,2024-25,HOU,CHA,0,0.8442766
0022400069,2024-10-23,2024-25,NOP,CHI,1,0.5946428
0022400070,2024-10-23,2024-25,UTA,MEM,0,0.31147465
0022400071,2024-10-23,2024-25,LAC,PHX,0,0.2968588
0022400072,2024-10-23,2024-25,POR,GSW,0,0.25713718
0022400073,2024-10-24,2024-25,WAS,BOS,0,0.20483445
0022400074,2024-10-24,2024-25,DAL,SAS,1,0.75262433
0022400075,2024-10-24,2024-25,DEN,OKC,0,0.5722791
0022400076,2024-10-24,2024-25,SAC,MIN,0,0.69415677
0022400077,2024-10-25,2024-25,ORL,BKN,1,0.7954505
0022400078,2024-10-25,2024-25,TOR,PHI,1,0.3434603
0022400079,2024-10-25,2024-25,ATL,CHA,1,0.7832976
0022400080,2024-10-25,2024-25,CLE,DET,1,0.7042215
0022400081,2024-10-25,2024-25,NYK,IND,1,0.517595
0022400082,2024-10-25,2024-25,HOU,MEM,1,0.72850573
0022400083,2024-10-25,2024-25,MIL,CHI,0,0.6832794
0022400084,2024-10-25,2024-25,UTA,GSW,0,0.21042566
0022400085,2024-10-25,2024-25,LAL,PHX,1,0.5778714
0022400086,2024-10-25,2024-25,POR,NOP,0,0.28689045
0022400087,2024-10-26,2024-25,DEN,LAC,0,0.7786444
0022400088,2024-10-26,2024-25,CHA,MIA,0,0.25167373
0022400089,2024-10-26,2024-25,DET,BOS,0,0.16685891
0022400090,2024-10-26,2024-25,WAS,CLE,0,0.19778003
0022400091,2024-10-26,2024-25,CHI,OKC,0,0.3706131
0022400092,2024-10-26,2024-25,MEM,ORL,1,0.31327415
0022400093,2024-10-26,2024-25,MIN,TOR,1,0.8615237
0022400094,2024-10-26,2024-25,SAS,HOU,1,0.27228045
0022400095,2024-10-26,2024-25,PHX,DAL,1,0.46893376
0022400096,2024-10-26,2024-25,LAL,SAC,1,0.5145853
0022400097,2024-10-27,2024-25,IND,PHI,0,0.66031563
0022400098,2024-10-27,2024-25,BKN,MIL,1,0.2727003
0022400099,2024-10-27,2024-25,POR,NOP,1,0.24426033
0022400100,2024-10-27,2024-25,OKC,ATL,1,0.6452755
0022400101,2024-10-27,2024-25,GSW,LAC,0,0.73775566
0022400102,2024-10-28,2024-25,ORL,IND,1,0.6608788
0022400103,2024-10-28,2024-25,ATL,WAS,0,0.77753377
0022400104,2024-10-28,2024-25,BOS,MIL,1,0.7447193
0022400105,2024-10-28,2024-25,MIA,DET,1,0.66728616
0022400106,2024-10-28,2024-25,NYK,CLE,0,0.4998502
0022400107,2024-10-28,2024-25,TOR,DEN,0,0.22701472
0022400108,2024-10-28,2024-25,MEM,CHI,0,0.32069203
0022400109,2024-10-28,2024-25,SAS,HOU,0,0.2569178
0022400110,2024-10-28,2024-25,DAL,UTA,1,0.85226834
0022400111,2024-10-28,2024-25,PHX,LAL,1,0.46253976
0022400112,2024-10-28,2024-25,SAC,POR,1,0.86367506
0022400113,2024-10-29,2024-25,BKN,DEN,0,0.23971857
0022400114,2024-10-29,2024-25,MIN,DAL,0,0.65532887
0022400115,2024-10-29,2024-25,UTA,SAC,0,0.123720296
0022400116,2024-10-29,2024-25,GSW,NOP,1,0.53229153
0022400117,2024-10-30,2024-25,CHA,TOR,1,0.5969536
0022400118,2024-10-30,2024-25,CLE,LAL,1,0.49315244
0022400119,2024-10-30,2024-25,IND,BOS,1,0.37251192
0022400120,2024-10-30,2024-25,PHI,DET,0,0.5887506
0022400121,2024-10-30,2024-25,WAS,ATL,1,0.23148263
0022400122,2024-10-30,2024-25,MIA,NYK,0,0.5010367
0022400123,2024-10-30,2024-25,CHI,ORL,1,0.32691464
0022400124,2024-10-30,2024-25,MEM,BKN,0,0.7509483
0022400125,2024-10-30,2024-25,OKC,SAS,1,0.81134665
0022400126,2024-10-30,2024-25,GSW,NOP,1,0.6986781
0022400127,2024-10-30,2024-25,LAC,POR,0,0.67635876
0022400128,2024-10-31,2024-25,MEM,MIL,1,0.29940668
0022400129,2024-10-31,2024-25,DAL,HOU,0,0.58287483
0022400130,2024-10-31,2024-25,UTA,SAS,0,0.27972075
0022400131,2024-10-31,2024-25,LAC,PHX,0,0.28206378
0022400132,2024-11-01,2024-25,CHA,BOS,0,0.16897717
0022400133,2024-11-01,2024-25,CLE,ORL,1,0.6724545
0022400134,2024-11-01,2024-25,DET,NYK,0,0.2897164
0022400135,2024-11-01,2024-25,ATL,SAC,0,0.2562421
0022400136,2024-11-01,2024-25,BKN,CHI,1,0.40506124
0022400137,2024-11-01,2024-25,TOR,LAL,0,0.1560695
0022400138,2024-11-01,2024-25,NOP,IND,1,0.3456923
0022400139,2024-11-01,2024-25,MIN,DEN,1,0.5590939
0022400140,2024-11-01,2024-25,POR,OKC,0,0.20454548
0022400141,2024-11-02,2024-25,CHA,BOS,0,0.13161817
0022400142,2024-11-02,2024-25,PHI,MEM,0,0.5402258
0022400143,2024-11-02,2024-25,TOR,SAC,1,0.12300803
0022400144,2024-11-02,2024-25,HOU,GSW,0,0.5308641
0022400145,2024-11-02,2024-25,MIL,CLE,0,0.57850325
0022400146,2024-11-02,2024-25,SAS,MIN,1,0.38373303
0022400148,2024-11-02,2024-25,DEN,UTA,1,0.83747363
0022400149,2024-11-02,2024-25,PHX,POR,1,0.8572089
0022400150,2024-11-02,2024-25,LAC,OKC,0,0.36585763
0022400151,2024-11-03,2024-25,BKN,DET,0,0.57076246
0022400152,2024-11-03,2024-25,NOP,ATL,0,0.2998047
0022400153,2024-11-03,2024-25,DAL,ORL,1,0.6715704
0022400154,2024-11-04,2024-25,CLE,MIL,1,0.6524513
0022400155,2024-11-04,2024-25,WAS,GSW,0,0.16753335
0022400156,2024-11-04,2024-25,DET,LAL,1,0.22195281
0022400157,2024-11-04,2024-25,ATL,BOS,0,0.20440587
0022400158,2024-11-04,2024-25,BKN,MEM,1,0.41646913
0022400159,2024-11-04,2024-25,MIA,SAC,0,0.29403833
0022400160,2024-11-04,2024-25,CHI,UTA,0,0.82297957
0022400161,2024-11-04,2024-25,HOU,NYK,1,0.42277232
0022400162,2024-11-04,2024-25,MIN,CHA,1,0.8518545
0022400163,2024-11-04,2024-25,OKC,ORL,1,0.8479942
0022400164,2024-11-04,2024-25,NOP,POR,0,0.34549257
0022400165,2024-11-04,2024-25,DAL,IND,0,0.59336436
0022400166,2024-11-04,2024-25,DEN,TOR,1,0.8011847
0022400167,2024-11-04,2024-25,PHX,PHI,1,0.7308804
0022400168,2024-11-04,2024-25,LAC,SAS,1,0.6067187
0022400169,2024-11-06,2024-25,CHA,DET,1,0.36077634
0022400170,2024-11-06,2024-25,IND,ORL,1,0.71442145
0022400171,2024-11-06,2024-25,ATL,NYK,1,0.3031545
0022400172,2024-11-06,2024-25,BOS,GSW,0,0.67431664
0022400173,2024-11-06,2024-25,HOU,SAS,1,0.64475816
0022400174,2024-11-06,2024-25,MEM,LAL,1,0.46358994
0022400175,2024-11-06,2024-25,NOP,CLE,0,0.31997147
0022400176,2024-11-06,2024-25,DAL,CHI,1,0.7543156
0022400177,2024-11-06,2024-25,DEN,OKC,1,0.4018852
0022400178,2024-11-06,2024-25,PHX,MIA,1,0.6452277
0022400179,2024-11-06,2024-25,LAC,PHI,1,0.5379122
0022400180,2024-11-06,2024-25,SAC,TOR,1,0.8555977
0022400181,2024-11-07,2024-25,CHI,MIN,0,0.23779988
0022400182,2024-11-07,2024-25,MIL,UTA,1,0.81475574
0022400183,2024-11-07,2024-25,SAS,POR,1,0.64514655
0022400184,2024-11-08,2024-25,CHA,IND,1,0.27796018
0022400185,2024-11-08,2024-25,DET,ATL,1,0.4696318
0022400186,2024-11-08,2024-25,ORL,NOP,1,0.7030126
0022400187,2024-11-08,2024-25,BOS,BKN,1,0.80604964
0022400188,2024-11-08,2024-25,CLE,GSW,1,0.48644003
0022400189,2024-11-08,2024-25,NYK,MIL,1,0.73476154
0022400190,2024-11-08,2024-25,DAL,PHX,0,0.4083149
0022400191,2024-11-08,2024-25,MEM,WAS,1,0.7007509
0022400192,2024-11-08,2024-25,OKC,HOU,1,0.6876862
0022400193,2024-11-08,2024-25,MIN,POR,1,0.8323508
0022400194,2024-11-08,2024-25,DEN,MIA,1,0.58792627
0022400195,2024-11-08,2024-25,LAL,PHI,1,0.7310771
0022400196,2024-11-08,2024-25,SAC,LAC,0,0.70413506
0022400197,2024-11-09,2024-25,SAS,UTA,0,0.79609215
0022400198,2024-11-09,2024-25,ATL,CHI,0,0.5048945
0022400199,2024-11-09,2024-25,CLE,BKN,1,0.7800447
0022400200,2024-11-09,2024-25,LAC,TOR,1,0.6607574
0022400201,2024-11-10,2024-25,DET,HOU,0,0.34758794
0022400202,2024-11-10,2024-25,MIL,BOS,0,0.32044035
0022400203,2024-11-10,2024-25,IND,NYK,1,0.31632003
0022400204,2024-11-10,2024-25,ORL,WAS,1,0.70157397
0022400205,2024-11-10,2024-25,PHI,CHA,1,0.65886015
0022400206,2024-11-10,2024-25,MIN,MIA,0,0.7061892
0022400207,2024-11-10,2024-25,OKC,GSW,0,0.6452719
0022400208,2024-11-10,2024-25,DEN,DAL,1,0.5976481
0022400209,2024-11-10,2024-25,PHX,SAC,0,0.3961057
0022400210,2024-11-10,2024-25,POR,MEM,0,0.41684443
0022400211,2024-11-10,2024-25,LAL,TOR,1,0.80440754
0022400212,2024-11-11,2024-25,CHI,CLE,0,0.281545
0022400213,2024-11-11,2024-25,HOU,WAS,1,0.78984797
0022400214,2024-11-11,2024-25,NOP,BKN,0,0.35764402
0022400215,2024-11-11,2024-25,OKC,LAC,1,0.5704165
0022400216,2024-11-11,2024-25,SAS,SAC,1,0.33302742
0022400001,2024-11-12,2024-25,BOS,ATL,0,0.8080526
0022400002,2024-11-12,2024-25,DET,MIA,1,0.385371
0022400003,2024-11-12,2024-25,ORL,CHA,1,0.6633757
0022400004,2024-11-12,2024-25,PHI,NYK,0,0.3665115
0022400005,2024-11-12,2024-25,MIL,TOR,1,0.6619302
0022400006,2024-11-12,2024-25,UTA,PHX,0,0.17813112
0022400007,2024-11-12,2024-25,GSW,DAL,1,0.5226201
0022400008,2024-11-12,2024-25,POR,MIN,1,0.1794126
0022400217,2024-11-13,2024-25,ORL,IND,1,0.30799752
0022400218,2024-11-13,2024-25,BKN,BOS,0,0.30409348
0022400219,2024-11-13,2024-25,NYK,CHI,0,0.73310626
0022400220,2024-11-13,2024-25,PHI,CLE,0,0.19795385
0022400221,2024-11-13,2024-25,OKC,NOP,1,0.8701285
0022400222,2024-11-13,2024-25,HOU,LAC,1,0.58300674
0022400223,2024-11-13,2024-25,MIL,DET,1,0.6586986
0022400224,2024-11-13,2024-25,SAS,WAS,1,0.75552416
0022400225,2024-11-13,2024-25,LAL,MEM,1,0.7251245
0022400226,2024-11-13,2024-25,POR,MIN,1,0.16640288
0022400227,2024-11-13,2024-25,SAC,PHX,1,0.77417606
0022400228,2024-11-14,2024-25,UTA,DAL,1,0.19034275
0022400009,2024-11-15,2024-25,IND,MIA,0,0.47876465
0022400010,2024-11-15,2024-25,ORL,PHI,1,0.5149562
0022400011,2024-11-15,2024-25,TOR,DET,0,0.52556944
0022400012,2024-11-15,2024-25,ATL,WAS,1,0.71056706
0022400013,2024-11-15,2024-25,CLE,CHI,1,0.72448957
0022400014,2024-11-15,2024-25,NYK,BKN,1,0.76910126
0022400015,2024-11-15,2024-25,SAS,LAL,0,0.41312617
0022400016,2024-11-15,2024-25,HOU,LAC,1,0.5811139
0022400017,2024-11-15,2024-25,NOP,DEN,1,0.27564988
0022400018,2024-11-15,2024-25,OKC,PHX,1,0.72497654
0022400019,2024-11-15,2024-25,GSW,MEM,1,0.71351826
0022400020,2024-11-15,2024-25,SAC,MIN,0,0.5317691
0022400229,2024-11-16,2024-25,CHA,MIL,1,0.3541515
0022400230,2024-11-16,2024-25,BOS,TOR,1,0.87376875
0022400231,2024-11-16,2024-25,NOP,LAL,0,0.14987893
0022400232,2024-11-16,2024-25,DAL,SAS,1,0.79435366
0022400233,2024-11-16,2024-25,SAC,UTA,1,0.8188889
0022400234,2024-11-17,2024-25,MIN,PHX,1,0.62629575
0022400235,2024-11-17,2024-25,IND,MIA,1,0.4480981
0022400236,2024-11-17,2024-25,CLE,CHA,1,0.86559737
0022400237,2024-11-17,2024-25,WAS,DET,0,0.39122415
0022400238,2024-11-17,2024-25,MEM,DEN,1,0.5631104
0022400239,2024-11-17,2024-25,POR,ATL,1,0.3414159
0022400240,2024-11-17,2024-25,NYK,BKN,1,0.8142969
0022400241,2024-11-17,2024-25,CHI,HOU,0,0.34434924
0022400242,2024-11-17,2024-25,OKC,DAL,0,0.73304737
0022400243,2024-11-17,2024-25,LAC,UTA,1,0.86777604
0022400244,2024-11-18,2024-25,DET,CHI,0,0.5325135
0022400245,2024-11-18,2024-25,MIA,PHI,1,0.49392095
0022400246,2024-11-18,2024-25,NYK,WAS,1,0.8372896
0022400247,2024-11-18,2024-25,TOR,IND,1,0.42995524
0022400248,2024-11-18,2024-25,MIL,HOU,1,0.52783436
0022400249,2024-11-18,2024-25,PHX,ORL,0,0.4500559
0022400250,2024-11-18,2024-25,SAC,ATL,0,0.79628456
0022400251,2024-11-18,2024-25,LAC,GSW,1,0.35077393
0022400021,2024-11-19,2024-25,BOS,CLE,1,0.6050321
0022400022,2024-11-19,2024-25,BKN,CHA,1,0.47490263
0022400023,2024-11-19,2024-25,MEM,DEN,0,0.57305527
0022400024,2024-11-19,2024-25,DAL,NOP,1,0.8539309
0022400025,2024-11-19,2024-25,SAS,OKC,1,0.31827584
0022400026,2024-11-19,2024-25,LAL,UTA,1,0.86065984
0022400252,2024-11-20,2024-25,CLE,NOP,1,0.86894155
0022400253,2024-11-20,2024-25,MIL,CHI,1,0.68523467
0022400254,2024-11-20,2024-25,HOU,IND,1,0.69993144
0022400255,2024-11-20,2024-25,MEM,PHI,1,0.44214222
0022400256,2024-11-20,2024-25,OKC,POR,1,0.84736043
0022400257,2024-11-20,2024-25,PHX,NYK,0,0.32609597
0022400258,2024-11-20,2024-25,GSW,ATL,1,0.72482985
0022400259,2024-11-20,2024-25,LAC,ORL,1,0.58546007
0022400260,2024-11-21,2024-25,CHA,DET,1,0.44550633
0022400261,2024-11-21,2024-25,TOR,MIN,1,0.34002888
0022400262,2024-11-21,2024-25,SAS,UTA,1,0.7924846
0022400263,2024-11-21,2024-25,LAL,ORL,0,0.7758455
0022400027,2024-11-22,2024-25,PHI,BKN,1,0.4910527
0022400028,2024-11-22,2024-25,WAS,BOS,0,0.17917618
0022400029,2024-11-22,2024-25,MIL,IND,1,0.6257957
0022400030,2024-11-22,2024-25,CHI,ATL,1,0.51651084
0022400031,2024-11-22,2024-25,HOU,POR,1,0.8129717
0022400032,2024-11-22,2024-25,NOP,GSW,0,0.17664541
0022400033,2024-11-22,2024-25,DEN,DAL,0,0.6066835
0022400034,2024-11-22,2024-25,LAC,SAC,1,0.35167903
0022400264,2024-11-23,2024-25,UTA,NYK,1,0.14160459
0022400265,2024-11-23,2024-25,ORL,DET,1,0.65204865
0022400266,2024-11-23,2024-25,CHI,MEM,0,0.3438944
0022400267,2024-11-23,2024-25,HOU,POR,0,0.8481276
0022400268,2024-11-23,2024-25,MIL,CHA,1,0.77442294
0022400269,2024-11-23,2024-25,SAS,GSW,1,0.46879718
0022400270,2024-11-23,2024-25,LAL,DEN,0,0.63869846
0022400271,2024-11-24,2024-25,BOS,MIN,1,0.6715317
0022400272,2024-11-24,2024-25,IND,WAS,1,0.7446918
0022400273,2024-11-24,2024-25,MIA,DAL,1,0.603857
0022400274,2024-11-24,2024-25,PHI,LAC,0,0.37434256
0022400275,2024-11-24,2024-25,CLE,TOR,1,0.76728755
0022400276,2024-11-24,2024-25,SAC,BKN,0,0.87367785
0022400277,2024-11-25,2024-25,CHA,ORL,0,0.32686698
0022400278,2024-11-25,2024-25,DET,TOR,1,0.55685073
0022400279,2024-11-25,2024-25,IND,NOP,1,0.6509923
0022400280,2024-11-25,2024-25,ATL,DAL,0,0.5255859
0022400281,2024-11-25,2024-25,BOS,LAC,1,0.7234197
0022400282,2024-11-25,2024-25,MEM,POR,1,0.83554447
0022400283,2024-11-25,2024-25,DEN,NYK,0,0.48030975
0022400284,2024-11-25,2024-25,GSW,BKN,0,0.8271276
0022400285,2024-11-25,2024-25,SAC,OKC,0,0.39206523
0022400035,2024-11-26,2024-25,WAS,CHI,0,0.3190774
0022400036,2024-11-26,2024-25,MIA,MIL,0,0.6348195
0022400037,2024-11-26,2024-25,MIN,HOU,0,0.42310336
0022400038,2024-11-26,2024-25,UTA,SAS,0,0.24510974
0022400039,2024-11-26,2024-25,PHX,LAL,1,0.54989314
0022400286,2024-11-27,2024-25,CHA,MIA,0,0.29896188
0022400287,2024-11-27,2024-25,CLE,ATL,0,0.76003313
0022400288,2024-11-27,2024-25,IND,POR,1,0.7445476
0022400289,2024-11-27,2024-25,ORL,CHI,1,0.7132905
0022400290,2024-11-27,2024-25,PHI,HOU,0,0.2817584
0022400291,2024-11-27,2024-25,WAS,LAC,0,0.18632598
0022400292,2024-11-27,2024-25,DAL,NYK,1,0.3245939
0022400293,2024-11-27,2024-25,MEM,DET,1,0.78139055
0022400294,2024-11-27,2024-25,MIN,SAC,0,0.44608372
0022400295,2024-11-27,2024-25,NOP,TOR,0,0.34979796
0022400296,2024-11-27,2024-25,SAS,LAL,0,0.43194452
0022400297,2024-11-27,2024-25,PHX,BKN,0,0.7018137
0022400298,2024-11-27,2024-25,UTA,DEN,0,0.118638024
0022400299,2024-11-27,2024-25,GSW,OKC,0,0.31926924
0022400040,2024-11-29,2024-25,CHA,NYK,0,0.14816892
0022400041,2024-11-29,2024-25,ATL,CLE,1,0.26531923
0022400042,2024-11-29,2024-25,MEM,NOP,1,0.82155955
0022400043,2024-11-29,2024-25,BKN,ORL,0,0.29575115
0022400044,2024-11-29,2024-25,MIN,LAC,1,0.63392013
0022400045,2024-11-29,2024-25,IND,DET,0,0.51507974
0022400046,2024-11-29,2024-25,MIA,TOR,1,0.6783287
0022400047,2024-11-29,2024-25,CHI,BOS,0,0.22660737
0022400048,2024-11-29,2024-25,LAL,OKC,0,0.37144473
0022400049,2024-11-29,2024-25,POR,SAC,1,0.20722623
0022400300,2024-11-30,2024-25,CHA,ATL,0,0.30362767
0022400301,2024-11-30,2024-25,DET,PHI,0,0.49704155
0022400302,2024-11-30,2024-25,MIL,WAS,1,0.85486853
0022400303,2024-11-30,2024-25,PHX,GSW,1,0.5417325
0022400304,2024-11-30,2024-25,UTA,DAL,0,0.25956085
0022400305,2024-12-01,2024-25,BKN,ORL,0,0.33850184
0022400306,2024-12-01,2024-25,MEM,IND,1,0.74741423
0022400307,2024-12-01,2024-25,CLE,BOS,1,0.4946797
0022400308,2024-12-01,2024-25,NYK,NOP,1,0.8439281
0022400309,2024-12-01,2024-25,TOR,MIA,1,0.41030192
0022400310,2024-12-01,2024-25,HOU,OKC,1,0.5262942
0022400311,2024-12-01,2024-25,UTA,LAL,0,0.1623659
0022400312,2024-12-01,2024-25,POR,DAL,0,0.2947722
0022400313,2024-12-01,2024-25,SAC,SAS,0,0.6599433
0022400314,2024-12-01,2024-25,LAC,DEN,1,0.4093387
0022400315,2024-12-02,2024-25,ATL,NOP,1,0.80114514
0022400316,2024-12-02,2024-25,BOS,MIA,1,0.67579746
0022400317,2024-12-02,2024-25,CHI,BKN,1,0.72731245
0022400318,2024-12-02,2024-25,MIN,LAL,1,0.649771
0022400050,2024-12-03,2024-25,CHA,PHI,0,0.37434095
0022400051,2024-12-03,2024-25,CLE,WAS,1,0.89422953
0022400052,2024-12-03,2024-25,DET,MIL,0,0.42437217
0022400053,2024-12-03,2024-25,NYK,ORL,1,0.67543703
0022400054,2024-12-03,2024-25,TOR,IND,1,0.6100804
0022400055,2024-12-03,2024-25,OKC,UTA,1,0.87247056
0022400056,2024-12-03,2024-25,DAL,MEM,1,0.50835544
0022400057,2024-12-03,2024-25,PHX,SAS,1,0.61449575
0022400058,2024-12-03,2024-25,DEN,GSW,1,0.6949288
0022400059,2024-12-03,2024-25,SAC,HOU,1,0.42087552
0022400060,2024-12-03,2024-25,LAC,POR,1,0.82754505
0022400319,2024-12-04,2024-25,BOS,DET,1,0.7670001
0022400320,2024-12-04,2024-25,BKN,IND,1,0.51398593
0022400321,2024-12-04,2024-25,MIA,LAL,1,0.54232574
0022400322,2024-12-04,2024-25,PHI,ORL,0,0.28071165
0022400323,2024-12-04,2024-25,MIL,ATL,0,0.5509605
0022400324,2024-12-04,2024-25,LAC,MIN,0,0.40136248
0022400325,2024-12-05,2024-25,CLE,DEN,1,0.5571406
0022400326,2024-12-05,2024-25,WAS,DAL,0,0.12574513
0022400327,2024-12-05,2024-25,NYK,CHA,1,0.8629077
0022400328,2024-12-05,2024-25,TOR,OKC,0,0.2862714
0022400329,2024-12-05,2024-25,MEM,SAC,1,0.61677575
0022400330,2024-12-05,2024-25,NOP,PHX,1,0.36435375
0022400331,2024-12-05,2024-25,SAS,CHI,0,0.60066074
0022400332,2024-12-05,2024-25,GSW,HOU,1,0.272559
0022400333,2024-12-06,2024-25,PHI,ORL,1,0.35541424
0022400334,2024-12-06,2024-25,ATL,LAL,1,0.52550435
0022400335,2024-12-06,2024-25,BOS,MIL,1,0.64931095
0022400336,2024-12-06,2024-25,CHI,IND,0,0.43443897
0022400337,2024-12-06,2024-25,SAS,SAC,0,0.29726446
0022400338,2024-12-06,2024-25,GSW,MIN,0,0.37559596
0022400339,2024-12-06,2024-25,POR,UTA,0,0.5828907
0022400340,2024-12-07,2024-25,CHA,CLE,0,0.15017326
0022400341,2024-12-07,2024-25,WAS,DEN,1,0.12951244
0022400342,2024-12-07,2024-25,NOP,OKC,0,0.16947637
0022400343,2024-12-07,2024-25,NYK,DET,0,0.7199777
0022400344,2024-12-07,2024-25,TOR,DAL,0,0.30175567
0022400345,2024-12-07,2024-25,BOS,MEM,0,0.55343604
0022400346,2024-12-07,2024-25,MIA,PHX,1,0.60233325
0022400347,2024-12-08,2024-25,CHI,PHI,0,0.47942343
0022400348,2024-12-08,2024-25,BKN,MIL,0,0.3189978
0022400349,2024-12-08,2024-25,IND,CHA,0,0.824483
0022400350,2024-12-08,2024-25,ATL,DEN,0,0.3715025
0022400351,2024-12-08,2024-25,MIA,CLE,1,0.41331354
0022400352,2024-12-08,2024-25,ORL,PHX,1,0.5876377
0022400353,2024-12-08,2024-25,WAS,MEM,0,0.14704797
0022400354,2024-12-08,2024-25,SAS,NOP,1,0.76122266
0022400355,2024-12-08,2024-25,GSW,MIN,1,0.3728303
0022400356,2024-12-08,2024-25,LAC,HOU,0,0.33827302
0022400357,2024-12-08,2024-25,SAC,UTA,1,0.8287115
0022400358,2024-12-08,2024-25,LAL,POR,1,0.7755085
0022400359,2024-12-09,2024-25,TOR,NYK,0,0.23632334
0022401201,2024-12-10,2024-25,MIL,ORL,1,0.69798946
0022401203,2024-12-10,2024-25,OKC,DAL,1,0.61868346
0022401202,2024-12-11,2024-25,NYK,ATL,0,0.7462144
0022401204,2024-12-11,2024-25,HOU,GSW,1,0.6941037
0022401205,2024-12-12,2024-25,BOS,DET,1,0.7510953
0022401206,2024-12-12,2024-25,MIA,TOR,1,0.7408716
0022401207,2024-12-12,2024-25,NOP,SAC,0,0.23307838
0022401208,2024-12-13,2024-25,CLE,WAS,1,0.90027195
0022401209,2024-12-13,2024-25,PHI,IND,0,0.5853677
0022401210,2024-12-13,2024-25,MIN,LAL,1,0.699953
0022401211,2024-12-13,2024-25,MEM,BKN,1,0.7952135
0022401212,2024-12-13,2024-25,CHI,CHA,1,0.6558768
0022401213,2024-12-13,2024-25,DEN,LAC,1,0.75006646
0022401214,2024-12-13,2024-25,UTA,PHX,0,0.23820119
0022401215,2024-12-13,2024-25,POR,SAS,0,0.25706887
0022401216,2024-12-15,2024-25,IND,NOP,1,0.71527
0022401217,2024-12-15,2024-25,WAS,BOS,0,0.10479795
0022401218,2024-12-15,2024-25,SAS,MIN,0,0.34742418
0022401219,2024-12-15,2024-25,PHX,POR,1,0.81653404
0022401220,2024-12-15,2024-25,LAL,MEM,1,0.36336884
0022401227,2024-12-15,2024-25,ORL,NYK,0,0.25317025
0022401228,2024-12-15,2024-25,GSW,DAL,0,0.34494022
0022401221,2024-12-16,2024-25,DET,MIA,1,0.28739527
0022401222,2024-12-16,2024-25,CHA,PHI,0,0.39834777
0022401223,2024-12-16,2024-25,TOR,CHI,0,0.5087676
0022401224,2024-12-16,2024-25,BKN,CLE,0,0.18620996
0022401225,2024-12-16,2024-25,SAC,DEN,0,0.4546119
0022401226,2024-12-16,2024-25,LAC,UTA,1,0.7422831
0022400360,2024-12-19,2024-25,DET,UTA,0,0.69266295
0022400361,2024-12-19,2024-25,ORL,OKC,0,0.24226455
0022400362,2024-12-19,2024-25,WAS,CHA,1,0.36090583
0022400363,2024-12-19,2024-25,BOS,CHI,0,0.82826596
0022400364,2024-12-19,2024-25,TOR,BKN,0,0.5699695
0022400365,2024-12-19,2024-25,HOU,NOP,1,0.830933
0022400366,2024-12-19,2024-25,MEM,GSW,1,0.6613722
0022400367,2024-12-19,2024-25,MIN,NYK,0,0.47250286
0022400368,2024-12-19,2024-25,DAL,LAC,0,0.60434073
0022400369,2024-12-19,2024-25,PHX,IND,0,0.559326
0022400370,2024-12-19,2024-25,SAS,ATL,1,0.45347553
0022400371,2024-12-19,2024-25,POR,DEN,1,0.14107016
0022400372,2024-12-19,2024-25,SAC,LAL,0,0.6526232
0022400373,2024-12-20,2024-25,PHI,CHA,1,0.8327218
0022400374,2024-12-20,2024-25,CLE,MIL,1,0.6568391
0022400375,2024-12-20,2024-25,MIA,OKC,0,0.43404344
0022400376,2024-12-21,2024-25,SAC,LAL,0,0.6846606
0022400377,2024-12-21,2024-25,ORL,MIA,1,0.53449136
0022400378,2024-12-21,2024-25,ATL,MEM,0,0.34238434
0022400379,2024-12-21,2024-25,BKN,UTA,0,0.50730556
0022400380,2024-12-21,2024-25,CLE,PHI,1,0.81156105
0022400381,2024-12-21,2024-25,CHI,BOS,0,0.24745828
0022400382,2024-12-21,2024-25,MIL,WAS,1,0.78884846
0022400383,2024-12-21,2024-25,MIN,GSW,0,0.7418076
0022400384,2024-12-21,2024-25,NOP,NYK,0,0.13712575
0022400385,2024-12-21,2024-25,DAL,LAC,1,0.6410082
0022400386,2024-12-21,2024-25,SAS,POR,1,0.82612175
0022400387,2024-12-21,2024-25,PHX,DET,0,0.6599557
0022400388,2024-12-22,2024-25,TOR,HOU,0,0.26584843
0022400389,2024-12-22,2024-25,SAC,IND,0,0.6279424
0022400390,2024-12-22,2024-25,NOP,DEN,0,0.12548974
0022400391,2024-12-23,2024-25,CHA,HOU,0,0.2866534
0022400392,2024-12-23,2024-25,CLE,UTA,1,0.86852264
0022400393,2024-12-23,2024-25,ORL,BOS,1,0.25944617
0022400394,2024-12-23,2024-25,PHI,SAS,1,0.45767
0022400395,2024-12-23,2024-25,ATL,MIN,1,0.39268765
0022400396,2024-12-23,2024-25,MIA,BKN,1,0.7695238
0022400397,2024-12-23,2024-25,NYK,TOR,1,0.84907913
0022400398,2024-12-23,2024-25,CHI,MIL,0,0.5109575
0022400399,2024-12-23,2024-25,MEM,LAC,0,0.64236134
0022400400,2024-12-23,2024-25,OKC,WAS,1,0.9117361
0022400401,2024-12-23,2024-25,DAL,POR,1,0.87665004
0022400402,2024-12-23,2024-25,DEN,PHX,1,0.65808517
0022400403,2024-12-23,2024-25,GSW,IND,0,0.5638077
0022400404,2024-12-23,2024-25,LAL,DET,0,0.67312425
0022400405,2024-12-25,2024-25,NYK,SAS,1,0.7428781
0022400406,2024-12-25,2024-25,DAL,MIN,0,0.61804944
0022400407,2024-12-25,2024-25,BOS,PHI,0,0.75386876
0022400408,2024-12-25,2024-25,GSW,LAL,0,0.44079947
0022400409,2024-12-25,2024-25,PHX,DEN,1,0.2871741
0022400410,2024-12-26,2024-25,IND,OKC,0,0.3206323
0022400411,2024-12-26,2024-25,ORL,MIA,0,0.43737432
0022400412,2024-12-26,2024-25,WAS,CHA,1,0.37867042
0022400413,2024-12-26,2024-25,ATL,CHI,1,0.7281337
0022400414,2024-12-26,2024-25,MEM,TOR,1,0.82954323
0022400415,2024-12-26,2024-25,MIL,BKN,0,0.7421621
0022400416,2024-12-26,2024-25,NOP,HOU,0,0.19472279
0022400417,2024-12-26,2024-25,POR,UTA,1,0.52418786
0022400418,2024-12-26,2024-25,SAC,DET,0,0.68168694
0022400419,2024-12-27,2024-25,ORL,NYK,0,0.25530162
0022400420,2024-12-27,2024-25,BOS,IND,1,0.8146749
0022400421,2024-12-27,2024-25,BKN,SAS,0,0.1782793
0022400422,2024-12-27,2024-25,HOU,MIN,0,0.4538186
0022400423,2024-12-27,2024-25,NOP,MEM,0,0.159049
0022400424,2024-12-27,2024-25,DEN,CLE,0,0.47708672
0022400425,2024-12-27,2024-25,PHX,DAL,0,0.40093604
0022400426,2024-12-27,2024-25,LAC,GSW,1,0.76830053
0022400427,2024-12-28,2024-25,ATL,MIA,1,0.5583675
0022400428,2024-12-28,2024-25,CHA,OKC,0,0.1475705
0022400429,2024-12-28,2024-25,WAS,NYK,0,0.13411133
0022400430,2024-12-28,2024-25,CHI,MIL,1,0.4318642
0022400431,2024-12-28,2024-25,GSW,PHX,1,0.5753036
0022400432,2024-12-28,2024-25,DEN,DET,1,0.6732266
0022400433,2024-12-28,2024-25,UTA,PHI,0,0.2271381
0022400434,2024-12-28,2024-25,POR,DAL,1,0.24428035
0022400435,2024-12-28,2024-25,LAL,SAC,1,0.38469097
0022400436,2024-12-29,2024-25,ORL,BKN,1,0.67585224
0022400437,2024-12-29,2024-25,BOS,IND,0,0.75598097
0022400438,2024-12-29,2024-25,TOR,ATL,0,0.47140476
0022400439,2024-12-29,2024-25,HOU,MIA,0,0.7434183
0022400440,2024-12-29,2024-25,OKC,MEM,1,0.60488904
0022400441,2024-12-29,2024-25,MIN,SAS,1,0.58065504
0022400442,2024-12-30,2024-25,CHA,CHI,0,0.28203568
0022400443,2024-12-30,2024-25,WAS,NYK,0,0.103405416
0022400444,2024-12-30,2024-25,NOP,LAC,0,0.20925689
0022400445,2024-12-30,2024-25,UTA,DEN,0,0.15767711
0022400446,2024-12-30,2024-25,GSW,CLE,0,0.26591662
0022400447,2024-12-30,2024-25,POR,PHI,0,0.26462597
0022400448,2024-12-30,2024-25,SAC,DAL,1,0.68191904
0022400449,2024-12-31,2024-25,BOS,TOR,1,0.8703927
0022400450,2024-12-31,2024-25,IND,MIL,0,0.41036937
0022400451,2024-12-31,2024-25,SAS,LAC,1,0.5897719
0022400452,2024-12-31,2024-25,OKC,MIN,1,0.6899158
0022400453,2024-12-31,2024-25,PHX,MEM,0,0.39889374
0022400454,2024-12-31,2024-25,LAL,CLE,0,0.39164367
0022400455,2025-01-01,2024-25,DET,ORL,1,0.53584087
0022400456,2025-01-01,2024-25,WAS,CHI,1,0.23048297
0022400457,2025-01-01,2024-25,MIA,NOP,1,0.83891594
0022400458,2025-01-01,2024-25,NYK,UTA,1,0.87158597
0022400459,2025-01-01,2024-25,TOR,BKN,1,0.5050697
0022400460,2025-01-01,2024-25,HOU,DAL,1,0.5593977
0022400461,2025-01-01,2024-25,DEN,ATL,1,0.70098794
0022400462,2025-01-01,2024-25,SAC,PHI,1,0.74150044
0022400463,2025-01-02,2024-25,MIA,IND,0,0.453549
0022400464,2025-01-02,2024-25,MIN,BOS,0,0.37001687
0022400465,2025-01-02,2024-25,MIL,BKN,0,0.84733176
0022400466,2025-01-02,2024-25,OKC,LAC,1,0.80250216
0022400467,2025-01-02,2024-25,GSW,PHI,1,0.6106413
0022400468,2025-01-02,2024-25,LAL,POR,1,0.75493115
0022400469,2025-01-03,2024-25,DET,CHA,1,0.7264439
0022400470,2025-01-03,2024-25,TOR,ORL,0,0.45056358
0022400471,2025-01-03,2024-25,HOU,BOS,0,0.48389137
0022400472,2025-01-03,2024-25,NOP,WAS,1,0.677005
0022400473,2025-01-03,2024-25,OKC,NYK,1,0.4100486
0022400474,2025-01-03,2024-25,DAL,CLE,0,0.28864768
0022400475,2025-01-03,2024-25,DEN,SAS,0,0.6929147
0022400476,2025-01-03,2024-25,SAC,MEM,1,0.48118258
0022400477,2025-01-03,2024-25,LAL,ATL,1,0.37151954
0022400478,2025-01-04,2024-25,BKN,PHI,0,0.23434487
0022400479,2025-01-04,2024-25,DET,MIN,1,0.2629246
0022400480,2025-01-04,2024-25,IND,PHX,1,0.6059461
0022400481,2025-01-04,2024-25,MIA,UTA,0,0.70449877
0022400482,2025-01-04,2024-25,CHI,NYK,1,0.34122792
0022400483,2025-01-04,2024-25,MIL,POR,0,0.8693858
0022400484,2025-01-04,2024-25,SAS,DEN,0,0.36011565
0022400485,2025-01-04,2024-25,GSW,MEM,1,0.32999253
0022400486,2025-01-04,2024-25,LAC,ATL,1,0.7596746
0022400487,2025-01-05,2024-25,OKC,BOS,1,0.5354048
0022400488,2025-01-05,2024-25,CLE,CHA,1,0.8449399
0022400489,2025-01-05,2024-25,WAS,NOP,0,0.40253937
0022400490,2025-01-05,2024-25,ORL,UTA,0,0.73496956
0022400491,2025-01-05,2024-25,HOU,LAL,1,0.5840734
0022400492,2025-01-05,2024-25,GSW,SAC,0,0.3712216
0022400493,2025-01-06,2024-25,DET,POR,1,0.7027212
0022400494,2025-01-06,2024-25,PHI,PHX,0,0.51016474
0022400495,2025-01-06,2024-25,BKN,IND,0,0.15677595
0022400496,2025-01-06,2024-25,NYK,ORL,0,0.85762024
0022400497,2025-01-06,2024-25,TOR,MIL,0,0.26379535
0022400498,2025-01-06,2024-25,CHI,SAS,1,0.42706332
0022400499,2025-01-06,2024-25,MEM,DAL,1,0.58256733
0022400500,2025-01-06,2024-25,MIN,LAC,1,0.53725064
0022400501,2025-01-06,2024-25,SAC,MIA,1,0.4965887
0022400502,2025-01-07,2024-25,CHA,PHX,1,0.43235657
0022400503,2025-01-07,2024-25,WAS,HOU,0,0.21172968
0022400504,2025-01-07,2024-25,DAL,LAL,1,0.3929041
0022400505,2025-01-07,2024-25,NOP,MIN,0,0.44054085
0022400506,2025-01-07,2024-25,UTA,ATL,0,0.3085785
0022400507,2025-01-07,2024-25,DEN,BOS,0,0.34337592
0022400508,2025-01-07,2024-25,GSW,MIA,0,0.5959051
0022400509,2025-01-08,2024-25,CLE,OKC,1,0.4623883
0022400510,2025-01-08,2024-25,IND,CHI,1,0.57437265
0022400511,2025-01-08,2024-25,NYK,TOR,1,0.8216622
0022400512,2025-01-08,2024-25,PHI,WAS,1,0.8253068
0022400513,2025-01-08,2024-25,BKN,DET,0,0.24406117
0022400514,2025-01-08,2024-25,NOP,POR,0,0.5924989
0022400515,2025-01-08,2024-25,DEN,LAC,1,0.40822136
0022400516,2025-01-08,2024-25,MIL,SAS,1,0.699916
0022400517,2025-01-09,2024-25,CLE,TOR,1,0.79831773
0022400518,2025-01-09,2024-25,DET,GSW,0,0.47512966
0022400519,2025-01-09,2024-25,ORL,MIN,0,0.3428211
0022400520,2025-01-09,2024-25,MEM,HOU,0,0.7192853
0022400521,2025-01-09,2024-25,DAL,POR,1,0.7834366
0022400522,2025-01-09,2024-25,PHX,ATL,1,0.5981554
0022400523,2025-01-09,2024-25,UTA,MIA,0,0.28595653
0022400525,2025-01-10,2024-25,IND,GSW,1,0.86441445
0022400526,2025-01-10,2024-25,ORL,MIL,0,0.25594258
0022400527,2025-01-10,2024-25,PHI,NOP,0,0.71912515
0022400528,2025-01-10,2024-25,BOS,SAC,0,0.70306593
0022400529,2025-01-10,2024-25,NYK,OKC,0,0.46023998
0022400530,2025-01-10,2024-25,CHI,WAS,1,0.81565607
0022400531,2025-01-10,2024-25,DEN,BKN,1,0.885494
0022400533,2025-01-11,2024-25,PHX,UTA,1,0.73690784
0022400534,2025-01-11,2024-25,DET,TOR,1,0.6369403
0022400535,2025-01-11,2024-25,MIN,MEM,0,0.38182256
0022400536,2025-01-11,2024-25,POR,MIA,0,0.24125253
0022400539,2025-01-12,2024-25,NYK,MIL,1,0.6295503
0022400540,2025-01-12,2024-25,DAL,DEN,0,0.28619194
0022400541,2025-01-12,2024-25,CHI,SAC,0,0.38460842
0022400542,2025-01-12,2024-25,BOS,NOP,1,0.8667923
0022400543,2025-01-12,2024-25,CLE,IND,0,0.690599
0022400544,2025-01-12,2024-25,ORL,PHI,1,0.44621417
0022400545,2025-01-12,2024-25,WAS,OKC,0,0.120292336
0022400546,2025-01-12,2024-25,UTA,BKN,1,0.45902348
0022400547,2025-01-12,2024-25,PHX,CHA,1,0.67327774
0022400548,2025-01-13,2024-25,WAS,MIN,0,0.16103365
0022400549,2025-01-13,2024-25,NYK,DET,0,0.7499774
0022400550,2025-01-13,2024-25,TOR,GSW,1,0.5465656
0022400551,2025-01-13,2024-25,HOU,MEM,1,0.37620875
0022400552,2025-01-13,2024-25,LAL,SAS,0,0.60303587
0022400553,2025-01-13,2024-25,LAC,MIA,1,0.66519797
0022400554,2025-01-14,2024-25,IND,CLE,0,0.3087923
0022400555,2025-01-14,2024-25,PHI,OKC,0,0.14944853
0022400556,2025-01-14,2024-25,ATL,PHX,1,0.40755323
0022400557,2025-01-14,2024-25,CHI,NOP,0,0.70323974
0022400558,2025-01-14,2024-25,MIL,SAC,1,0.5619871
0022400559,2025-01-14,2024-25,DAL,DEN,0,0.3544711
0022400560,2025-01-14,2024-25,POR,BKN,0,0.5167502
0022400561,2025-01-15,2024-25,PHI,NYK,0,0.23683392
0022400562,2025-01-15,2024-25,TOR,BOS,1,0.18545559
0022400563,2025-01-15,2024-25,CHI,ATL,0,0.7637805
0022400564,2025-01-15,2024-25,MIL,ORL,1,0.690285
0022400565,2025-01-15,2024-25,MIN,GSW,0,0.80054456
0022400566,2025-01-15,2024-25,NOP,DAL,1,0.450727
0022400567,2025-01-15,2024-25,SAS,MEM,0,0.30155563
0022400568,2025-01-15,2024-25,DEN,HOU,0,0.45581996
0022400569,2025-01-15,2024-25,UTA,CHA,0,0.3954546
0022400570,2025-01-15,2024-25,LAL,MIA,1,0.46740124
0022400571,2025-01-15,2024-25,LAC,BKN,1,0.881963
0022400572,2025-01-16,2024-25,DET,IND,0,0.37741506
0022400573,2025-01-16,2024-25,WAS,PHX,0,0.17829391
0022400574,2025-01-16,2024-25,OKC,CLE,1,0.5161056
0022400575,2025-01-16,2024-25,POR,LAC,0,0.273143
0022400576,2025-01-16,2024-25,SAC,HOU,1,0.6867931
0022400577,2025-01-17,2024-25,BOS,ORL,1,0.83603215
0022400578,2025-01-17,2024-25,NYK,MIN,0,0.6022507
0022400579,2025-01-17,2024-25,MIA,DEN,0,0.3832446
0022400580,2025-01-17,2024-25,MIL,TOR,1,0.84863085
0022400581,2025-01-17,2024-25,NOP,UTA,1,0.7617216
0022400582,2025-01-17,2024-25,SAS,MEM,0,0.35326642
0022400583,2025-01-17,2024-25,DAL,OKC,1,0.39349905
0022400584,2025-01-17,2024-25,CHI,CHA,0,0.720276
0022400585,2025-01-17,2024-25,LAL,BKN,1,0.689702
0022400586,2025-01-18,2024-25,DET,PHX,0,0.40780604
0022400587,2025-01-18,2024-25,BOS,ATL,0,0.5991306
0022400588,2025-01-18,2024-25,IND,PHI,1,0.7748658
0022400589,2025-01-18,2024-25,GSW,WAS,1,0.75732344
0022400590,2025-01-18,2024-25,MIN,CLE,0,0.2747061
0022400591,2025-01-18,2024-25,POR,HOU,0,0.22128075
0022400592,2025-01-19,2024-25,MIA,SAS,1,0.62985766
0022400593,2025-01-19,2024-25,ORL,DEN,0,0.19415581
0022400594,2025-01-19,2024-25,MIL,PHI,1,0.85174054
0022400595,2025-01-19,2024-25,OKC,BKN,1,0.8584093
0022400596,2025-01-19,2024-25,LAC,LAL,1,0.6577272
0022400597,2025-01-19,2024-25,POR,CHI,1,0.2077561
0022400598,2025-01-19,2024-25,SAC,WAS,1,0.90645045
0022400599,2025-01-20,2024-25,CHA,DAL,1,0.36241528
0022400600,2025-01-20,2024-25,HOU,DET,0,0.7159304
0022400601,2025-01-20,2024-25,MEM,MIN,1,0.6441392
0022400602,2025-01-20,2024-25,NYK,ATL,1,0.65542614
0022400603,2025-01-20,2024-25,CLE,PHX,1,0.59156126
0022400604,2025-01-20,2024-25,GSW,BOS,0,0.19880421
0022400605,2025-01-20,2024-25,NOP,UTA,1,0.6623857
0022400611,2025-01-20,2024-25,LAC,CHI,0,0.43255785
0022400606,2025-01-21,2024-25,BKN,NYK,0,0.1919205
0022400607,2025-01-21,2024-25,MIA,POR,0,0.7766227
0022400608,2025-01-21,2024-25,TOR,ORL,1,0.47260514
0022400609,2025-01-21,2024-25,DEN,PHI,1,0.8423417
0022400610,2025-01-21,2024-25,LAL,WAS,1,0.82037103
0022400612,2025-01-22,2024-25,ATL,DET,0,0.64062756
0022400613,2025-01-22,2024-25,BKN,PHX,0,0.14779724
0022400614,2025-01-22,2024-25,DAL,MIN,0,0.4657519
0022400615,2025-01-22,2024-25,HOU,CLE,1,0.4985514
0022400616,2025-01-22,2024-25,MEM,CHA,1,0.8002443
0022400618,2025-01-22,2024-25,OKC,UTA,1,0.8543418
0022400619,2025-01-22,2024-25,SAC,GSW,1,0.8214231
0022400620,2025-01-22,2024-25,LAC,BOS,0,0.16397384
0022400622,2025-01-23,2024-25,ORL,POR,0,0.7464657
0022400623,2025-01-23,2024-25,ATL,TOR,0,0.75971615
0022400624,2025-01-23,2024-25,MIL,MIA,1,0.7117342
0022400625,2025-01-23,2024-25,OKC,DAL,0,0.83909625
0022400626,2025-01-23,2024-25,DEN,SAC,1,0.663775
0022400628,2025-01-23,2024-25,GSW,CHI,1,0.2629965
0022400629,2025-01-23,2024-25,LAL,BOS,1,0.43458548
0022400983,2025-01-23,2024-25,LAC,WAS,1,0.79480296
0022400630,2025-01-24,2024-25,CHA,POR,0,0.430159
0022400631,2025-01-24,2024-25,PHI,CLE,1,0.30932984
0022400632,2025-01-24,2024-25,MEM,NOP,1,0.72043115
0022400634,2025-01-25,2024-25,MIN,DEN,1,0.2879418
0022400635,2025-01-25,2024-25,DAL,BOS,0,0.26603964
0022400636,2025-01-25,2024-25,BKN,MIA,0,0.22753835
0022400637,2025-01-25,2024-25,CHA,NOP,1,0.3927173
0022400638,2025-01-25,2024-25,ORL,DET,1,0.410681
0022400639,2025-01-25,2024-25,ATL,TOR,0,0.7039527
0022400640,2025-01-25,2024-25,CLE,HOU,0,0.53831804
0022400641,2025-01-25,2024-25,NYK,SAC,1,0.5198728
0022400642,2025-01-25,2024-25,CHI,PHI,0,0.7515071
0022400643,2025-01-25,2024-25,MEM,UTA,1,0.75661933
0022400644,2025-01-25,2024-25,GSW,LAL,0,0.25904885
0022400645,2025-01-25,2024-25,PHX,WAS,1,0.82335943
0022400646,2025-01-25,2024-25,LAC,MIL,1,0.49247995
0022400647,2025-01-26,2024-25,POR,OKC,0,0.18793285
0022400648,2025-01-27,2024-25,CHA,LAL,0,0.26106957
0022400649,2025-01-27,2024-25,CLE,DET,1,0.66682
0022400650,2025-01-27,2024-25,BOS,HOU,0,0.5481879
0022400651,2025-01-27,2024-25,BKN,SAC,0,0.15838838
0022400652,2025-01-27,2024-25,MIA,ORL,1,0.5251657
0022400653,2025-01-27,2024-25,NYK,MEM,1,0.5172517
0022400654,2025-01-27,2024-25,TOR,NOP,1,0.43424308
0022400655,2025-01-27,2024-25,CHI,DEN,1,0.2801717
0022400656,2025-01-27,2024-25,MIN,ATL,1,0.73389053
0022400657,2025-01-27,2024-25,DAL,WAS,1,0.7465456
0022400658,2025-01-27,2024-25,UTA,MIL,0,0.1644974
0022400659,2025-01-27,2024-25,PHX,LAC,1,0.53507614
0022400532,2025-01-28,2024-25,ATL,HOU,0,0.3850029
0022400660,2025-01-28,2024-25,PHI,LAL,1,0.27340326
0022400661,2025-01-28,2024-25,GSW,UTA,1,0.64739525
0022400662,2025-01-28,2024-25,POR,MIL,1,0.27578315
0022400663,2025-01-29,2024-25,CHA,BKN,0,0.5327696
0022400664,2025-01-29,2024-25,IND,DET,1,0.6421192
0022400665,2025-01-29,2024-25,WAS,TOR,0,0.3800668
0022400666,2025-01-29,2024-25,BOS,CHI,1,0.70293075
0022400667,2025-01-29,2024-25,MIA,CLE,0,0.39915645
0022400668,2025-01-29,2024-25,NYK,DEN,1,0.4978128
0022400669,2025-01-29,2024-25,PHI,SAC,1,0.20791194
0022400670,2025-01-29,2024-25,NOP,DAL,0,0.57337654
0022400671,2025-01-29,2024-25,SAS,LAC,0,0.429709
0022400672,2025-01-29,2024-25,PHX,MIN,0,0.5159245
0022400673,2025-01-29,2024-25,GSW,OKC,1,0.1481423
0022400674,2025-01-30,2024-25,WAS,LAL,0,0.155639
0022400675,2025-01-30,2024-25,CLE,ATL,1,0.6821816
0022400676,2025-01-30,2024-25,MEM,HOU,1,0.5487525
0022400677,2025-01-30,2024-25,UTA,MIN,0,0.36145324
0022400678,2025-01-30,2024-25,POR,ORL,1,0.37524748
0022400679,2025-01-31,2024-25,CHA,LAC,0,0.17527704
0022400680,2025-01-31,2024-25,DET,DAL,1,0.5370974
0022400681,2025-01-31,2024-25,PHI,DEN,0,0.21522897
0022400682,2025-01-31,2024-25,TOR,CHI,0,0.37951547
0022400683,2025-01-31,2024-25,NOP,BOS,0,0.22701548
0022400684,2025-01-31,2024-25,SAS,MIL,1,0.3058671
0022400685,2025-01-31,2024-25,GSW,PHX,0,0.377241
0022400686,2025-02-01,2024-25,IND,ATL,1,0.75758183
0022400687,2025-02-01,2024-25,UTA,ORL,1,0.40456513
0022400688,2025-02-01,2024-25,CHA,DEN,0,0.13875534
0022400689,2025-02-01,2024-25,HOU,BKN,0,0.8479486
0022400690,2025-02-01,2024-25,MIN,WAS,0,0.8357676
0022400691,2025-02-01,2024-25,OKC,SAC,1,0.6345879
0022400692,2025-02-01,2024-25,NYK,LAL,0,0.66072327
0022400693,2025-02-01,2024-25,SAS,MIA,0,0.29711112
0022400694,2025-02-01,2024-25,POR,PHX,1,0.4433288
0022400695,2025-02-02,2024-25,DET,CHI,1,0.57669264
0022400696,2025-02-02,2024-25,CLE,DAL,1,0.8551685
0022400697,2025-02-02,2024-25,TOR,LAC,1,0.2527439
0022400698,2025-02-02,2024-25,PHI,BOS,0,0.24484085
0022400699,2025-02-02,2024-25,MIL,MEM,0,0.63046265
0022400700,2025-02-03,2024-25,CHA,WAS,0,0.6635639
0022400701,2025-02-03,2024-25,DET,ATL,0,0.53480047
0022400702,2025-02-03,2024-25,NYK,HOU,1,0.7370441
0022400703,2025-02-03,2024-25,MEM,SAS,1,0.60427064
0022400704,2025-02-03,2024-25,MIN,SAC,0,0.5690221
0022400705,2025-02-03,2024-25,OKC,MIL,1,0.8087889
0022400706,2025-02-03,2024-25,DEN,NOP,1,0.78875935
0022400707,2025-02-03,2024-25,UTA,IND,0,0.2713742
0022400708,2025-02-03,2024-25,GSW,ORL,1,0.4785164
0022400709,2025-02-03,2024-25,POR,PHX,1,0.38176578
0022400710,2025-02-04,2024-25,CLE,BOS,0,0.55414176
0022400711,2025-02-04,2024-25,BKN,HOU,1,0.21549809
0022400712,2025-02-04,2024-25,PHI,DAL,1,0.5398506
0022400713,2025-02-04,2024-25,TOR,NYK,0,0.20288005
0022400714,2025-02-04,2024-25,CHI,MIA,1,0.4383669
0022400715,2025-02-04,2024-25,LAC,LAL,0,0.58999395
0022400716,2025-02-04,2024-25,POR,IND,1,0.28828645
0022400717,2025-02-05,2024-25,CHA,MIL,0,0.2645494
0022400718,2025-02-05,2024-25,DET,CLE,0,0.43378586
0022400719,2025-02-05,2024-25,ATL,SAS,0,0.40723068
0022400720,2025-02-05,2024-25,BKN,WAS,0,0.5803011
0022400721,2025-02-05,2024-25,PHI,MIA,0,0.49580488
0022400722,2025-02-05,2024-25,TOR,MEM,0,0.19411461
0022400723,2025-02-05,2024-25,MIN,CHI,1,0.7658019
0022400724,2025-02-05,2024-25,OKC,PHX,1,0.7424592
0022400725,2025-02-05,2024-25,UTA,GSW,1,0.52749765
0022400726,2025-02-05,2024-25,DEN,NOP,1,0.7619089
0022400727,2025-02-05,2024-25,SAC,ORL,0,0.72164303
0022400728,2025-02-06,2024-25,BOS,DAL,0,0.73246175
0022400729,2025-02-06,2024-25,MIN,HOU,1,0.52213025
0022400730,2025-02-06,2024-25,DEN,ORL,1,0.72069776
0022400731,2025-02-06,2024-25,LAL,GSW,1,0.82084024
0022400732,2025-02-06,2024-25,POR,SAC,1,0.44545344
0022400733,2025-02-06,2024-25,LAC,IND,0,0.483117
0022400734,2025-02-07,2024-25,CHA,SAS,1,0.28762323
0022400735,2025-02-07,2024-25,WAS,CLE,0,0.13631535
0022400736,2025-02-07,2024-25,ATL,MIL,1,0.46503657
0022400737,2025-02-07,2024-25,BKN,MIA,1,0.23130153
0022400738,2025-02-07,2024-25,DET,PHI,1,0.5132842
0022400739,2025-02-07,2024-25,OKC,TOR,1,0.8738527
0022400740,2025-02-07,2024-25,PHX,UTA,1,0.6640656
0022400741,2025-02-08,2024-25,DAL,HOU,1,0.5318941
0022400742,2025-02-08,2024-25,LAL,IND,1,0.40064764
0022400743,2025-02-08,2024-25,ORL,SAS,1,0.525027
0022400744,2025-02-08,2024-25,WAS,ATL,0,0.18388024
0022400745,2025-02-08,2024-25,CHI,GSW,0,0.4427736
0022400746,2025-02-08,2024-25,MEM,OKC,0,0.46183702
0022400747,2025-02-08,2024-25,MIN,POR,1,0.5551821
0022400748,2025-02-08,2024-25,NYK,BOS,0,0.5479582
0022400749,2025-02-08,2024-25,PHX,DEN,0,0.27616897
0022400750,2025-02-08,2024-25,SAC,NOP,1,0.72033846
0022400751,2025-02-08,2024-25,LAC,UTA,1,0.87188673
0022400752,2025-02-09,2024-25,DET,CHA,1,0.83648217
0022400753,2025-02-09,2024-25,HOU,TOR,1,0.6383108
0022400754,2025-02-09,2024-25,MIL,PHI,1,0.46157455
0022400755,2025-02-10,2024-25,CLE,MIN,1,0.55854267
0022400756,2025-02-10,2024-25,ORL,ATL,0,0.5406582
0022400757,2025-02-10,2024-25,WAS,SAS,0,0.19700205
0022400758,2025-02-10,2024-25,BKN,CHA,1,0.5284212
0022400759,2025-02-10,2024-25,MIA,BOS,0,0.30189916
0022400760,2025-02-10,2024-25,MIL,GSW,0,0.4213285
0022400761,2025-02-10,2024-25,OKC,NOP,1,0.8199321
0022400762,2025-02-10,2024-25,DAL,SAC,0,0.31363267
0022400763,2025-02-10,2024-25,DEN,POR,1,0.6497935
0022400768,2025-02-10,2024-25,LAL,UTA,1,0.79994947
0022400764,2025-02-11,2024-25,PHI,TOR,0,0.76842266
0022400765,2025-02-11,2024-25,IND,NYK,0,0.42823216
0022400766,2025-02-11,2024-25,CHI,DET,0,0.32572782
0022400767,2025-02-11,2024-25,PHX,MEM,0,0.4498273
0022400769,2025-02-12,2024-25,BOS,SAS,1,0.58965623
0022400770,2025-02-12,2024-25,ORL,CHA,1,0.73039967
0022400771,2025-02-12,2024-25,WAS,IND,0,0.22456029
0022400772,2025-02-12,2024-25,BKN,PHI,1,0.5143565
0022400773,2025-02-12,2024-25,NYK,ATL,1,0.64485157
0022400774,2025-02-12,2024-25,TOR,CLE,0,0.1959538
0022400775,2025-02-12,2024-25,CHI,DET,0,0.27776623
0022400776,2025-02-12,2024-25,MIN,MIL,0,0.75699675
0022400777,2025-02-12,2024-25,NOP,SAC,0,0.28545606
0022400778,2025-02-12,2024-25,OKC,MIA,1,0.7899217
0022400779,2025-02-12,2024-25,HOU,PHX,1,0.7034958
0022400780,2025-02-12,2024-25,DEN,POR,1,0.6885038
0022400781,2025-02-12,2024-25,UTA,LAL,1,0.2698603
0022400782,2025-02-12,2024-25,DAL,GSW,1,0.3671768
0022400783,2025-02-12,2024-25,LAC,MEM,1,0.61504793
0022400784,2025-02-13,2024-25,HOU,GSW,0,0.45878768
0022400785,2025-02-13,2024-25,NOP,SAC,1,0.2104721
0022400786,2025-02-13,2024-25,DAL,MIA,1,0.43552306
0022400787,2025-02-13,2024-25,MIN,OKC,1,0.3011309
0022401004,2025-02-13,2024-25,UTA,LAC,0,0.22563809
0022400524,2025-02-19,2024-25,LAL,CHA,0,0.81769556
0022400788,2025-02-20,2024-25,IND,MEM,1,0.52914375
0022400789,2025-02-20,2024-25,PHI,BOS,0,0.35862386
0022400790,2025-02-20,2024-25,ATL,ORL,0,0.483805
0022400791,2025-02-20,2024-25,BKN,CLE,0,0.14717308
0022400792,2025-02-20,2024-25,NYK,CHI,1,0.74902564
0022400793,2025-02-20,2024-25,MIL,LAC,1,0.53691286
0022400794,2025-02-20,2024-25,DEN,CHA,1,0.91676885
0022400795,2025-02-20,2024-25,SAS,PHX,1,0.47818953
0022400796,2025-02-20,2024-25,POR,LAL,0,0.50100046
0022400797,2025-02-21,2024-25,CLE,NYK,1,0.70579016
0022400798,2025-02-21,2024-25,ORL,MEM,0,0.32758957
0022400799,2025-02-21,2024-25,WAS,MIL,0,0.44151846
0022400800,2025-02-21,2024-25,TOR,MIA,0,0.47942847
0022400801,2025-02-21,2024-25,HOU,MIN,1,0.46971592
0022400802,2025-02-21,2024-25,SAS,DET,0,0.21602659
0022400803,2025-02-21,2024-25,DAL,NOP,1,0.6283231
0022400804,2025-02-21,2024-25,UTA,OKC,0,0.1631325
0022400805,2025-02-21,2024-25,SAC,GSW,0,0.6151367
0022400806,2025-02-22,2024-25,CHI,PHX,0,0.28787935
0022400807,2025-02-22,2024-25,PHI,BKN,0,0.81234294
0022400808,2025-02-22,2024-25,DEN,LAL,0,0.5301427
0022400809,2025-02-22,2024-25,UTA,HOU,1,0.31908157
0022400810,2025-02-22,2024-25,POR,CHA,1,0.6176773
0022400811,2025-02-23,2024-25,BOS,NYK,1,0.5661896
0022400812,2025-02-23,2024-25,GSW,DAL,1,0.56566775
0022400813,2025-02-23,2024-25,IND,LAC,1,0.5924794
0022400814,2025-02-23,2024-25,ATL,DET,0,0.30524272
0022400815,2025-02-23,2024-25,ORL,WAS,1,0.8020663
0022400816,2025-02-23,2024-25,TOR,PHX,1,0.3768672
0022400817,2025-02-23,2024-25,MIL,MIA,1,0.68443346
0022400818,2025-02-23,2024-25,NOP,SAS,1,0.4309889
0022400819,2025-02-23,2024-25,CLE,MEM,1,0.6208833
0022400820,2025-02-23,2024-25,MIN,OKC,0,0.30105293
0022400821,2025-02-24,2024-25,DET,LAC,1,0.6311077
0022400822,2025-02-24,2024-25,IND,DEN,0,0.35450143
0022400823,2025-02-24,2024-25,PHI,CHI,0,0.65257597
0022400824,2025-02-24,2024-25,WAS,BKN,1,0.4938218
0022400825,2025-02-24,2024-25,ATL,MIA,1,0.53270113
0022400826,2025-02-24,2024-25,OKC,MIN,0,0.76220614
0022400827,2025-02-24,2024-25,UTA,POR,0,0.25447458
0022400828,2025-02-24,2024-25,SAC,CHA,1,0.8084603
0022400829,2025-02-25,2024-25,TOR,BOS,0,0.28389344
0022400830,2025-02-25,2024-25,ORL,CLE,0,0.27343714
0022400831,2025-02-25,2024-25,HOU,MIL,1,0.3990926
0022400832,2025-02-25,2024-25,MEM,PHX,1,0.53723043
0022400833,2025-02-25,2024-25,NOP,SAS,1,0.44537145
0022400834,2025-02-25,2024-25,GSW,CHA,1,0.8456411
0022400835,2025-02-25,2024-25,LAL,DAL,1,0.770678
0022400836,2025-02-26,2024-25,DET,BOS,1,0.6170424
0022400837,2025-02-26,2024-25,IND,TOR,1,0.8563576
0022400838,2025-02-26,2024-25,NYK,PHI,1,0.7621613
0022400839,2025-02-26,2024-25,WAS,POR,0,0.31614235
0022400840,2025-02-26,2024-25,BKN,OKC,0,0.11450859
0022400841,2025-02-26,2024-25,MIA,ATL,1,0.5302334
0022400842,2025-02-26,2024-25,CHI,LAC,0,0.24289952
0022400843,2025-02-26,2024-25,UTA,SAC,0,0.22568595
0022400844,2025-02-26,2024-25,HOU,SAS,1,0.5797
0022400845,2025-02-27,2024-25,ORL,GSW,0,0.30903384
0022400846,2025-02-27,2024-25,MIL,DEN,1,0.38938093
0022400847,2025-02-27,2024-25,DAL,CHA,1,0.7128193
0022400848,2025-02-27,2024-25,PHX,NOP,0,0.6311659
0022400849,2025-02-27,2024-25,LAL,MIN,1,0.6721532
0022400850,2025-02-28,2024-25,DET,DEN,0,0.6211785
0022400851,2025-02-28,2024-25,ATL,OKC,0,0.21361908
0022400852,2025-02-28,2024-25,BOS,CLE,0,0.45031154
0022400853,2025-02-28,2024-25,BKN,POR,0,0.3675325
0022400854,2025-02-28,2024-25,MIA,IND,1,0.34386626
0022400855,2025-02-28,2024-25,CHI,TOR,1,0.4583522
0022400856,2025-02-28,2024-25,MEM,NYK,0,0.48424768
0022400857,2025-02-28,2024-25,PHX,NOP,1,0.7194912
0022400858,2025-02-28,2024-25,UTA,MIN,1,0.461539
0022400859,2025-02-28,2024-25,LAL,LAC,1,0.6135962
0022400860,2025-03-01,2024-25,CHA,WAS,0,0.5438209
0022400861,2025-03-01,2024-25,DET,BKN,1,0.8330895
0022400862,2025-03-01,2024-25,HOU,SAC,0,0.5124506
0022400863,2025-03-01,2024-25,MEM,SAS,0,0.4583592
0022400864,2025-03-01,2024-25,PHI,GSW,1,0.29427218
0022400865,2025-03-01,2024-25,DAL,MIL,0,0.4272935
0022400866,2025-03-02,2024-25,BOS,DEN,1,0.47530228
0022400867,2025-03-02,2024-25,CLE,POR,1,0.74000263
0022400868,2025-03-02,2024-25,IND,CHI,1,0.8497604
0022400869,2025-03-02,2024-25,MIA,NYK,0,0.35761908
0022400870,2025-03-02,2024-25,ORL,TOR,0,0.5768695
0022400871,2025-03-02,2024-25,SAS,OKC,0,0.15509522
0022400872,2025-03-02,2024-25,UTA,NOP,0,0.28598318
0022400873,2025-03-02,2024-25,PHX,MIN,0,0.3947874
0022400874,2025-03-02,2024-25,LAL,LAC,1,0.61076003
0022400875,2025-03-03,2024-25,CHA,GSW,0,0.19198126
0022400876,2025-03-03,2024-25,PHI,POR,0,0.29241687
0022400877,2025-03-03,2024-25,MIA,WAS,1,0.5363116
0022400878,2025-03-03,2024-25,MEM,ATL,0,0.576814
0022400879,2025-03-03,2024-25,OKC,HOU,1,0.89742047
0022400880,2025-03-03,2024-25,DAL,SAC,0,0.43197656
0022400881,2025-03-03,2024-25,UTA,DET,0,0.19918159
0022400882,2025-03-04,2024-25,IND,HOU,1,0.7394464
0022400883,2025-03-04,2024-25,ORL,TOR,0,0.60762393
0022400884,2025-03-04,2024-25,ATL,MIL,0,0.27183184
0022400885,2025-03-04,2024-25,NYK,GSW,0,0.50056857
0022400886,2025-03-04,2024-25,CHI,CLE,0,0.12570173
0022400887,2025-03-04,2024-25,MIN,PHI,1,0.87454796
0022400888,2025-03-04,2024-25,SAS,BKN,1,0.5868379
0022400889,2025-03-04,2024-25,PHX,LAC,1,0.5487148
0022400890,2025-03-04,2024-25,LAL,NOP,1,0.76131886
0022400891,2025-03-05,2024-25,BOS,POR,1,0.6824033
0022400892,2025-03-05,2024-25,CHA,MIN,0,0.22656189
0022400893,2025-03-05,2024-25,CLE,MIA,1,0.82127297
0022400894,2025-03-05,2024-25,WAS,UTA,1,0.69066954
0022400895,2025-03-05,2024-25,MEM,OKC,0,0.26530316
0022400896,2025-03-05,2024-25,DEN,SAC,1,0.7586532
0022400897,2025-03-05,2024-25,MIL,DAL,1,0.6716126
0022400898,2025-03-05,2024-25,LAC,DET,1,0.28128386
0022400899,2025-03-06,2024-25,ATL,IND,1,0.39616176
0022400900,2025-03-06,2024-25,BOS,PHI,1,0.7794903
0022400901,2025-03-06,2024-25,BKN,GSW,0,0.19843638
0022400902,2025-03-06,2024-25,NOP,HOU,0,0.52644694
0022400903,2025-03-06,2024-25,LAL,NYK,1,0.68974406
0022400944,2025-03-06,2024-25,ORL,CHI,0,0.73618376
0022400904,2025-03-07,2024-25,CHA,CLE,0,0.13120127
0022400905,2025-03-07,2024-25,TOR,UTA,1,0.45892248
0022400906,2025-03-07,2024-25,DAL,MEM,0,0.3464634
0022400907,2025-03-07,2024-25,MIA,MIN,0,0.28931993
0022400908,2025-03-07,2024-25,OKC,POR,1,0.5373235
0022400909,2025-03-07,2024-25,DEN,PHX,1,0.7368668
0022400910,2025-03-07,2024-25,SAC,SAS,1,0.63274646
0022400911,2025-03-07,2024-25,LAC,NYK,1,0.58055776
0022400912,2025-03-08,2024-25,CHA,BKN,1,0.24453512
0022400913,2025-03-08,2024-25,HOU,NOP,1,0.5743336
0022400914,2025-03-08,2024-25,ATL,IND,1,0.39910403
0022400915,2025-03-08,2024-25,TOR,WAS,0,0.47331017
0022400916,2025-03-08,2024-25,MIA,CHI,0,0.7663516
0022400917,2025-03-08,2024-25,MIL,ORL,0,0.780014
0022400918,2025-03-08,2024-25,BOS,LAL,1,0.51596755
0022400919,2025-03-08,2024-25,GSW,DET,1,0.51076
0022400920,2025-03-09,2024-25,OKC,DEN,1,0.7062399
0022400921,2025-03-09,2024-25,DAL,PHX,0,0.3211472
0022400922,2025-03-09,2024-25,MIL,CLE,0,0.24647526
0022400923,2025-03-09,2024-25,NOP,MEM,0,0.28072342
0022400924,2025-03-09,2024-25,PHI,UTA,1,0.5690163
0022400925,2025-03-09,2024-25,MIN,SAS,1,0.82209843
0022400926,2025-03-09,2024-25,POR,DET,0,0.43832377
0022400927,2025-03-09,2024-25,LAC,SAC,1,0.65327835
0022400928,2025-03-10,2024-25,ATL,PHI,1,0.8347633
0022400929,2025-03-10,2024-25,BOS,UTA,1,0.83094406
0022400930,2025-03-10,2024-25,BKN,LAL,1,0.23800606
0022400931,2025-03-10,2024-25,MIA,CHA,0,0.7631103
0022400932,2025-03-10,2024-25,TOR,WAS,1,0.60329765
0022400933,2025-03-10,2024-25,CHI,IND,1,0.29002237
0022400934,2025-03-10,2024-25,HOU,ORL,1,0.57903385
0022400935,2025-03-10,2024-25,MEM,PHX,1,0.37455344
0022400936,2025-03-10,2024-25,OKC,DEN,0,0.66314733
0022400937,2025-03-10,2024-25,SAS,DAL,0,0.5156292
0022400938,2025-03-10,2024-25,GSW,POR,1,0.76761144
0022400939,2025-03-10,2024-25,SAC,NYK,0,0.43276876
0022400940,2025-03-11,2024-25,CLE,BKN,1,0.88719743
0022400941,2025-03-11,2024-25,DET,WAS,1,0.8632049
0022400942,2025-03-11,2024-25,IND,MIL,1,0.4135096
0022400943,2025-03-11,2024-25,NOP,LAC,1,0.2978629
0022400945,2025-03-12,2024-25,ATL,CHA,1,0.6832864
0022400946,2025-03-12,2024-25,BOS,OKC,0,0.5098764
0022400947,2025-03-12,2024-25,TOR,PHI,1,0.36653203
0022400948,2025-03-12,2024-25,MIA,LAC,0,0.54965687
0022400949,2025-03-12,2024-25,HOU,PHX,1,0.54760164
0022400950,2025-03-12,2024-25,MEM,UTA,1,0.6816947
0022400951,2025-03-12,2024-25,SAS,DAL,1,0.5406047
0022400952,2025-03-12,2024-25,DEN,MIN,0,0.46221423
0022400953,2025-03-12,2024-25,POR,NYK,0,0.5059273
0022400954,2025-03-13,2024-25,DET,WAS,0,0.80353624
0022400955,2025-03-13,2024-25,MIL,LAL,1,0.46204424
0022400956,2025-03-13,2024-25,CHI,BKN,1,0.3912022
0022400957,2025-03-13,2024-25,GSW,SAC,1,0.66297436
0022401141,2025-03-13,2024-25,NOP,ORL,0,0.49998403
0022400958,2025-03-14,2024-25,MIA,BOS,0,0.36333188
0022400959,2025-03-14,2024-25,PHI,IND,0,0.18121678
0022400960,2025-03-14,2024-25,ATL,LAC,0,0.43625164
0022400961,2025-03-14,2024-25,HOU,DAL,1,0.748771
0022400962,2025-03-14,2024-25,MEM,CLE,0,0.2880583
0022400963,2025-03-14,2024-25,MIN,ORL,1,0.88081104
0022400964,2025-03-14,2024-25,SAS,CHA,0,0.5699355
0022400965,2025-03-14,2024-25,DEN,LAL,1,0.8775579
0022400966,2025-03-14,2024-25,UTA,TOR,0,0.47372353
0022400967,2025-03-14,2024-25,PHX,SAC,1,0.5352317
0022400968,2025-03-15,2024-25,BKN,BOS,0,0.27314234
0022400969,2025-03-15,2024-25,DET,OKC,0,0.51572746
0022400970,2025-03-15,2024-25,HOU,CHI,1,0.74633926
0022400971,2025-03-15,2024-25,MEM,MIA,1,0.5043817
0022400972,2025-03-15,2024-25,MIL,IND,1,0.62658864
0022400973,2025-03-15,2024-25,SAS,NOP,1,0.47515196
0022400974,2025-03-15,2024-25,GSW,NYK,1,0.5862308
0022400975,2025-03-15,2024-25,DEN,WAS,0,0.80609596
0022400538,2025-03-16,2024-25,LAC,CHA,1,0.7980925
0022400976,2025-03-16,2024-25,DAL,PHI,0,0.6922568
0022400977,2025-03-16,2024-25,LAL,PHX,1,0.6657683
0022400978,2025-03-16,2024-25,BKN,ATL,1,0.22255208
0022400979,2025-03-16,2024-25,CLE,ORL,0,0.8392767
0022400980,2025-03-16,2024-25,POR,TOR,1,0.7224453
0022400981,2025-03-16,2024-25,MIN,UTA,1,0.83583957
0022400982,2025-03-16,2024-25,MIL,OKC,0,0.33747432
0022400537,2025-03-17,2024-25,LAL,SAS,1,0.7788681
0022400984,2025-03-17,2024-25,NYK,MIA,1,0.64405364
0022400985,2025-03-17,2024-25,HOU,PHI,1,0.8860822
0022400986,2025-03-17,2024-25,MIN,IND,0,0.8632728
0022400987,2025-03-17,2024-25,NOP,DET,0,0.23852518
0022400989,2025-03-17,2024-25,UTA,CHI,0,0.5151715
0022400990,2025-03-17,2024-25,GSW,DEN,0,0.7821266
0022400991,2025-03-17,2024-25,PHX,TOR,1,0.73001194
0022400992,2025-03-17,2024-25,SAC,MEM,1,0.6477109
0022400995,2025-03-17,2024-25,POR,WAS,1,0.5638493
0022400993,2025-03-18,2024-25,CHA,ATL,0,0.19515166
0022400994,2025-03-18,2024-25,BOS,BKN,1,0.7575021
0022400997,2025-03-18,2024-25,LAC,CLE,1,0.38926384
0022401012,2025-03-18,2024-25,GSW,MIL,1,0.5230262
0022400627,2025-03-19,2024-25,UTA,WAS,1,0.6732759
0022400998,2025-03-19,2024-25,IND,DAL,1,0.6938374
0022400999,2025-03-19,2024-25,ORL,HOU,0,0.41144603
0022401000,2025-03-19,2024-25,MIA,DET,0,0.29038247
0022401001,2025-03-19,2024-25,MIN,NOP,0,0.8322925
0022401002,2025-03-19,2024-25,OKC,PHI,1,0.8366063
0022401003,2025-03-19,2024-25,SAS,NYK,1,0.31324947
0022401006,2025-03-19,2024-25,LAL,DEN,1,0.67507064
0022401007,2025-03-19,2024-25,PHX,CHI,1,0.6143613
0022401008,2025-03-19,2024-25,POR,MEM,1,0.48119256
0022401009,2025-03-19,2024-25,SAC,CLE,1,0.33430725
0022400996,2025-03-20,2024-25,LAL,MIL,0,0.20971793
0022401005,2025-03-20,2024-25,GSW,TOR,1,0.88045925
0022401010,2025-03-20,2024-25,CHA,NYK,1,0.312377
0022401011,2025-03-20,2024-25,IND,BKN,1,0.5924702
0022401013,2025-03-20,2024-25,SAC,CHI,0,0.7164057
0022401014,2025-03-21,2024-25,WAS,ORL,0,0.38523212
0022401015,2025-03-21,2024-25,MIA,HOU,0,0.2584175
0022401016,2025-03-21,2024-25,MIN,NOP,1,0.8875513
0022401017,2025-03-21,2024-25,OKC,CHA,1,0.92509836
0022401018,2025-03-21,2024-25,SAS,PHI,1,0.7586577
0022401019,2025-03-21,2024-25,DAL,DET,1,0.17655224
0022401020,2025-03-21,2024-25,UTA,BOS,0,0.17279564
0022401021,2025-03-21,2024-25,PHX,CLE,1,0.2665143
0022401022,2025-03-21,2024-25,POR,DEN,1,0.34776044
0022401023,2025-03-21,2024-25,LAC,MEM,1,0.7300281
0022401024,2025-03-22,2024-25,IND,BKN,1,0.7922756
0022401025,2025-03-22,2024-25,ATL,GSW,1,0.37498957
0022401026,2025-03-22,2024-25,NYK,WAS,1,0.79201204
0022401027,2025-03-22,2024-25,SAC,MIL,0,0.41631046
0022401028,2025-03-22,2024-25,LAL,CHI,0,0.8153629
0022401029,2025-03-23,2024-25,DET,NOP,1,0.827625
0022401030,2025-03-23,2024-25,UTA,CLE,0,0.16109298
0022401031,2025-03-23,2024-25,ATL,PHI,1,0.80812865
0022401032,2025-03-23,2024-25,MIA,CHA,1,0.76810336
0022401033,2025-03-23,2024-25,TOR,SAS,0,0.45885313
0022401034,2025-03-23,2024-25,POR,BOS,0,0.3242422
0022401035,2025-03-23,2024-25,HOU,DEN,0,0.65223026
0022401036,2025-03-23,2024-25,LAC,OKC,0,0.51044124
0022401037,2025-03-24,2024-25,IND,MIN,1,0.3575964
0022401038,2025-03-24,2024-25,ORL,LAL,1,0.2997015
0022401039,2025-03-24,2024-25,WAS,TOR,0,0.66506493
0022401040,2025-03-24,2024-25,BKN,DAL,0,0.43790737
0022401041,2025-03-24,2024-25,NOP,PHI,1,0.6037142
0022401042,2025-03-24,2024-25,DEN,CHI,0,0.50596386
0022401043,2025-03-24,2024-25,PHX,MIL,1,0.39369583
0022401044,2025-03-24,2024-25,SAC,BOS,0,0.41286087
0022401045,2025-03-25,2024-25,CHA,ORL,0,0.29784918
0022401046,2025-03-25,2024-25,DET,SAS,1,0.7541563
0022401047,2025-03-25,2024-25,MIA,GSW,1,0.23871411
0022401048,2025-03-25,2024-25,NYK,DAL,1,0.82004124
0022401049,2025-03-25,2024-25,HOU,ATL,1,0.5932701
0022401050,2025-03-25,2024-25,UTA,MEM,0,0.33985746
0022401051,2025-03-25,2024-25,POR,CLE,0,0.28035834
0022401052,2025-03-25,2024-25,SAC,OKC,0,0.24113904
0022401053,2025-03-26,2024-25,PHI,WAS,0,0.50977963
0022401054,2025-03-26,2024-25,BKN,TOR,0,0.54274553
0022401055,2025-03-26,2024-25,IND,LAL,0,0.4191629
0022401056,2025-03-26,2024-25,NYK,LAC,0,0.23034678
0022401057,2025-03-26,2024-25,DEN,MIL,1,0.67279476
0022401058,2025-03-26,2024-25,PHX,BOS,0,0.34256124
0022401059,2025-03-27,2024-25,CLE,SAS,1,0.82030404
0022401060,2025-03-27,2024-25,ORL,DAL,0,0.70741075
0022401061,2025-03-27,2024-25,WAS,IND,0,0.19475141
0022401062,2025-03-27,2024-25,MIA,ATL,1,0.41123104
0022401063,2025-03-27,2024-25,CHI,LAL,1,0.43416968
0022401064,2025-03-27,2024-25,OKC,MEM,1,0.8337088
0022401065,2025-03-27,2024-25,UTA,HOU,0,0.18804385
0022401066,2025-03-27,2024-25,SAC,POR,1,0.5972488
0022401067,2025-03-28,2024-25,DET,CLE,1,0.401344
0022401068,2025-03-28,2024-25,BKN,LAC,0,0.20931216
0022401069,2025-03-28,2024-25,TOR,CHA,1,0.7376398
0022401070,2025-03-28,2024-25,MIL,NYK,0,0.61170083
0022401071,2025-03-28,2024-25,MIN,PHX,1,0.7696464
0022401072,2025-03-28,2024-25,NOP,GSW,0,0.13303618
0022401073,2025-03-28,2024-25,DEN,UTA,1,0.87742716
0022401074,2025-03-29,2024-25,ORL,SAC,1,0.5995313
0022401075,2025-03-29,2024-25,WAS,BKN,0,0.550573
0022401076,2025-03-29,2024-25,PHI,MIA,0,0.20184277
0022401077,2025-03-29,2024-25,CHI,DAL,0,0.69778657
0022401078,2025-03-29,2024-25,MEM,LAL,0,0.35530838
0022401079,2025-03-29,2024-25,OKC,IND,1,0.7113046
0022401080,2025-03-29,2024-25,SAS,BOS,0,0.18241999
0022401081,2025-03-30,2024-25,CLE,LAC,1,0.5419174
0022401082,2025-03-30,2024-25,NYK,POR,1,0.52019924
0022401083,2025-03-30,2024-25,MIL,ATL,0,0.4365725
0022401084,2025-03-30,2024-25,MIN,DET,1,0.7465207
0022401085,2025-03-30,2024-25,NOP,CHA,1,0.6563559
0022401086,2025-03-30,2024-25,SAS,GSW,0,0.15896262
0022401087,2025-03-30,2024-25,PHI,TOR,0,0.20912026
0022401088,2025-03-30,2024-25,PHX,HOU,0,0.35167384
0022401089,2025-03-31,2024-25,CHA,UTA,1,0.4348207
0022401090,2025-03-31,2024-25,IND,SAC,1,0.54685783
0022401091,2025-03-31,2024-25,ORL,LAC,0,0.403603
0022401092,2025-03-31,2024-25,WAS,MIA,0,0.29639685
0022401093,2025-03-31,2024-25,MEM,BOS,0,0.27312854
0022401094,2025-03-31,2024-25,OKC,CHI,1,0.7843763
0022401095,2025-03-31,2024-25,DAL,BKN,0,0.74862254
0022401096,2025-03-31,2024-25,LAL,HOU,1,0.5524273
0022400988,2025-04-01,2024-25,SAS,ORL,0,0.37704983
0022401097,2025-04-01,2024-25,ATL,POR,0,0.6244022
0022401098,2025-04-01,2024-25,NYK,PHI,1,0.7749451
0022401099,2025-04-01,2024-25,CHI,TOR,1,0.66422486
0022401100,2025-04-01,2024-25,MEM,GSW,0,0.23174085
0022401101,2025-04-01,2024-25,MIL,PHX,1,0.7352612
0022401102,2025-04-01,2024-25,DEN,MIN,0,0.43780297
0022401103,2025-04-02,2024-25,CLE,NYK,1,0.775648
0022401104,2025-04-02,2024-25,IND,CHA,1,0.86946535
0022401105,2025-04-02,2024-25,WAS,SAC,1,0.23283197
0022401106,2025-04-02,2024-25,BOS,MIA,0,0.69067866
0022401107,2025-04-02,2024-25,HOU,UTA,1,0.8636149
0022401108,2025-04-02,2024-25,OKC,DET,1,0.74988043
0022401109,2025-04-02,2024-25,DAL,ATL,1,0.41263914
0022401110,2025-04-02,2024-25,DEN,SAS,0,0.27613482
0022401111,2025-04-02,2024-25,LAC,NOP,1,0.90610814
0022401112,2025-04-03,2024-25,WAS,ORL,0,0.12986666
0022401113,2025-04-03,2024-25,BKN,MIN,0,0.12184105
0022401114,2025-04-03,2024-25,MIA,MEM,0,0.5161715
0022401115,2025-04-03,2024-25,PHI,MIL,0,0.18608038
0022401116,2025-04-03,2024-25,TOR,POR,0,0.36670628
0022401117,2025-04-03,2024-25,LAL,GSW,0,0.5114236
0022401118,2025-04-04,2024-25,CHA,SAC,0,0.21876435
0022401119,2025-04-04,2024-25,IND,UTA,1,0.87017095
0022401120,2025-04-04,2024-25,BOS,PHX,1,0.859105
0022401121,2025-04-04,2024-25,TOR,DET,0,0.33243796
0022401122,2025-04-04,2024-25,CHI,POR,1,0.68389344
0022401123,2025-04-04,2024-25,HOU,OKC,1,0.37099
0022401124,2025-04-04,2024-25,SAS,CLE,0,0.21226464
0022401125,2025-04-04,2024-25,GSW,DEN,1,0.62499285
0022401126,2025-04-04,2024-25,LAL,NOP,1,0.8733211
0022401127,2025-04-04,2024-25,LAC,DAL,1,0.8533428
0022401128,2025-04-05,2024-25,ATL,NYK,0,0.57164764
0022401129,2025-04-05,2024-25,DET,MEM,0,0.550382
0022401130,2025-04-05,2024-25,PHI,MIN,0,0.102736816
0022401131,2025-04-05,2024-25,MIA,MIL,0,0.4979569
0022401132,2025-04-05,2024-25,LAC,DAL,1,0.8294208
0022400617,2025-04-06,2024-25,NOP,MIL,0,0.20044953
0022401133,2025-04-06,2024-25,CHA,CHI,0,0.17120609
0022401134,2025-04-06,2024-25,BKN,TOR,0,0.28354967
0022401135,2025-04-06,2024-25,OKC,LAL,0,0.66338444
0022401136,2025-04-06,2024-25,ATL,UTA,1,0.8546373
0022401137,2025-04-06,2024-25,BOS,WAS,1,0.88443595
0022401138,2025-04-06,2024-25,CLE,SAC,0,0.73155224
0022401139,2025-04-06,2024-25,POR,SAS,1,0.595477
0022401140,2025-04-06,2024-25,NYK,PHX,1,0.76787144
0022401142,2025-04-06,2024-25,DEN,IND,0,0.5321593
0022401143,2025-04-06,2024-25,GSW,HOU,0,0.53956866
0022401144,2025-04-07,2024-25,DET,SAC,0,0.74096626
0022401145,2025-04-07,2024-25,MIA,PHI,1,0.8474684
0022401146,2025-04-08,2024-25,CHA,MEM,0,0.22764885
0022401147,2025-04-08,2024-25,CLE,CHI,1,0.8181985
0022401148,2025-04-08,2024-25,IND,WAS,1,0.8676589
0022401149,2025-04-08,2024-25,ORL,ATL,1,0.62901986
0022401150,2025-04-08,2024-25,BKN,NOP,1,0.47855794
0022401151,2025-04-08,2024-25,NYK,BOS,0,0.4287773
0022401152,2025-04-08,2024-25,MIL,MIN,1,0.39967716
0022401153,2025-04-08,2024-25,OKC,LAL,1,0.6793087
0022401154,2025-04-08,2024-25,PHX,GSW,0,0.23100407
0022401155,2025-04-08,2024-25,LAC,SAS,1,0.84102815
0022401156,2025-04-09,2024-25,ORL,BOS,1,0.7097216
0022401157,2025-04-09,2024-25,WAS,PHI,0,0.48599264
0022401158,2025-04-09,2024-25,TOR,CHA,1,0.8813672
0022401159,2025-04-09,2024-25,DAL,LAL,0,0.40507758
0022401160,2025-04-09,2024-25,CHI,MIA,1,0.3787128
0022401162,2025-04-09,2024-25,UTA,POR,1,0.25574338
0022401163,2025-04-09,2024-25,GSW,SAS,0,0.84121513
0022401164,2025-04-09,2024-25,PHX,OKC,0,0.2612501
0022401165,2025-04-09,2024-25,SAC,DEN,0,0.4428992
0022401166,2025-04-09,2024-25,LAC,HOU,1,0.8386923
0022401161,2025-04-10,2024-25,MIL,NOP,1,0.89543205
0022401167,2025-04-10,2024-25,DET,NYK,1,0.6548138
0022401168,2025-04-10,2024-25,IND,CLE,1,0.6926172
0022401169,2025-04-10,2024-25,BKN,ATL,0,0.18762386
0022401170,2025-04-10,2024-25,MEM,MIN,0,0.34879455
0022401171,2025-04-11,2024-25,DET,MIL,0,0.48000908
0022401172,2025-04-11,2024-25,IND,ORL,0,0.40770322
0022401173,2025-04-11,2024-25,PHI,ATL,0,0.16088694
0022401174,2025-04-11,2024-25,BOS,CHA,1,0.9212035
0022401175,2025-04-11,2024-25,NYK,CLE,0,0.6154546
0022401176,2025-04-11,2024-25,CHI,WAS,1,0.82083845
0022401177,2025-04-11,2024-25,NOP,MIA,0,0.10459941
0022401178,2025-04-11,2024-25,DAL,TOR,1,0.5988226
0022401179,2025-04-11,2024-25,MIN,BKN,1,0.9140528
0022401180,2025-04-11,2024-25,DEN,MEM,1,0.7344233
0022401181,2025-04-11,2024-25,UTA,OKC,0,0.27315006
0022401182,2025-04-11,2024-25,PHX,SAS,1,0.66120934
0022401183,2025-04-11,2024-25,POR,GSW,0,0.18415521
0022401184,2025-04-11,2024-25,SAC,LAC,0,0.23695403
0022401185,2025-04-11,2024-25,LAL,HOU,1,0.87777555
0022401186,2025-04-13,2024-25,ATL,ORL,1,0.4488245
0022401187,2025-04-13,2024-25,BOS,CHA,1,0.83726186
0022401188,2025-04-13,2024-25,BKN,NYK,0,0.45059645
0022401189,2025-04-13,2024-25,CLE,IND,0,0.23383823
0022401190,2025-04-13,2024-25,MIA,WAS,0,0.81111187
0022401191,2025-04-13,2024-25,PHI,CHI,0,0.19935496
0022401192,2025-04-13,2024-25,MIL,DET,1,0.2210008
0022401193,2025-04-13,2024-25,HOU,DEN,0,0.53979987
0022401194,2025-04-13,2024-25,MEM,DAL,1,0.31171086
0022401195,2025-04-13,2024-25,MIN,UTA,1,0.89889187
0022401196,2025-04-13,2024-25,NOP,OKC,0,0.18197398
0022401197,2025-04-13,2024-25,SAS,TOR,1,0.464277
0022401198,2025-04-13,2024-25,GSW,LAC,0,0.4508831
0022401199,2025-04-13,2024-25,POR,LAL,1,0.818461
0022401200,2025-04-13,2024-25,SAC,PHX,1,0.6250289
0022500001,2025-10-21,2025-26,OKC,HOU,1,0.61918825
0022500002,2025-10-21,2025-26,LAL,GSW,0,0.38964033
0022500003,2025-10-22,2025-26,NYK,CLE,1,0.5836064
0022500004,2025-10-22,2025-26,DAL,SAS,0,0.39250407
0022500080,2025-10-22,2025-26,CHA,BKN,1,0.4409194
0022500081,2025-10-22,2025-26,ORL,MIA,1,0.55576974
0022500082,2025-10-22,2025-26,ATL,TOR,0,0.79023707
0022500083,2025-10-22,2025-26,BOS,PHI,0,0.7388379
0022500084,2025-10-22,2025-26,CHI,DET,1,0.5718705
0022500085,2025-10-22,2025-26,MEM,NOP,1,0.6176446
0022500086,2025-10-22,2025-26,MIL,WAS,1,0.88337207
0022500087,2025-10-22,2025-26,UTA,LAC,1,0.11701768
0022500088,2025-10-22,2025-26,PHX,SAC,1,0.45524517
0022500089,2025-10-22,2025-26,POR,MIN,0,0.41725725
0022500005,2025-10-23,2025-26,IND,OKC,0,0.4632072
0022500006,2025-10-23,2025-26,GSW,DEN,1,0.45080304
0022500018,2025-10-24,2025-26,NYK,BOS,1,0.61413413
0022500019,2025-10-24,2025-26,LAL,MIN,1,0.43475023
0022500090,2025-10-24,2025-26,ORL,ATL,0,0.4502743
0022500091,2025-10-24,2025-26,BKN,CLE,0,0.2774281
0022500092,2025-10-24,2025-26,TOR,MIL,0,0.3963171
0022500093,2025-10-24,2025-26,HOU,DET,0,0.6878162
0022500094,2025-10-24,2025-26,MEM,MIA,0,0.3930056
0022500095,2025-10-24,2025-26,NOP,SAS,0,0.42401
0022500096,2025-10-24,2025-26,DAL,WAS,0,0.69376063
0022500097,2025-10-24,2025-26,POR,GSW,1,0.4266685
0022500098,2025-10-24,2025-26,SAC,UTA,1,0.7705077
0022500099,2025-10-24,2025-26,LAC,PHX,1,0.8290743
0022500100,2025-10-25,2025-26,ORL,CHI,0,0.553492
0022500101,2025-10-25,2025-26,ATL,OKC,0,0.3305305
0022500102,2025-10-25,2025-26,PHI,CHA,1,0.6499076
0022500103,2025-10-25,2025-26,MEM,IND,1,0.5422301
0022500104,2025-10-25,2025-26,DEN,PHX,1,0.81279093
0022500105,2025-10-26,2025-26,SAS,BKN,1,0.72159374
0022500106,2025-10-26,2025-26,DET,BOS,1,0.4691888
0022500107,2025-10-26,2025-26,CLE,MIL,1,0.49038905
0022500108,2025-10-26,2025-26,MIA,NYK,1,0.49857423
0022500109,2025-10-26,2025-26,WAS,CHA,0,0.5961889
0022500110,2025-10-26,2025-26,MIN,IND,1,0.81298786
0022500111,2025-10-26,2025-26,DAL,TOR,1,0.32790178
0022500112,2025-10-26,2025-26,LAC,POR,1,0.7092136
0022500113,2025-10-26,2025-26,SAC,LAL,0,0.51068556
0022500007,2025-10-27,2025-26,DET,CLE,0,0.41916776
0022500008,2025-10-27,2025-26,MIN,DEN,0,0.38696122
0022500114,2025-10-27,2025-26,PHI,ORL,1,0.21454802
0022500115,2025-10-27,2025-26,CHI,ATL,1,0.45602822
0022500116,2025-10-27,2025-26,HOU,BKN,1,0.8408445
0022500117,2025-10-27,2025-26,NOP,BOS,0,0.22590154
0022500118,2025-10-27,2025-26,SAS,TOR,1,0.54316664
0022500119,2025-10-27,2025-26,DAL,OKC,0,0.1350903
0022500120,2025-10-27,2025-26,UTA,PHX,1,0.439938
0022500121,2025-10-27,2025-26,GSW,MEM,1,0.75275177
0022500122,2025-10-27,2025-26,LAL,POR,0,0.3663156
0022500123,2025-10-28,2025-26,WAS,PHI,0,0.46996656
0022500124,2025-10-28,2025-26,MIA,CHA,1,0.8099398
0022500125,2025-10-28,2025-26,MIL,NYK,1,0.5201998
0022500126,2025-10-28,2025-26,OKC,SAC,1,0.7142211
0022500127,2025-10-28,2025-26,GSW,LAC,1,0.36988983
0022500128,2025-10-29,2025-26,BOS,CLE,1,0.5355695
0022500129,2025-10-29,2025-26,DET,ORL,1,0.4489809
0022500130,2025-10-29,2025-26,BKN,ATL,0,0.22871521
0022500131,2025-10-29,2025-26,TOR,HOU,0,0.31596562
0022500132,2025-10-29,2025-26,CHI,SAC,1,0.71350515
0022500133,2025-10-29,2025-26,DAL,IND,1,0.50043863
0022500134,2025-10-29,2025-26,DEN,NOP,1,0.8158285
0022500135,2025-10-29,2025-26,UTA,POR,0,0.18632472
0022500136,2025-10-29,2025-26,MIN,LAL,0,0.69124615
0022500137,2025-10-29,2025-26,PHX,MEM,0,0.3188932
0022500138,2025-10-30,2025-26,CHA,ORL,0,0.28467566
0022500139,2025-10-30,2025-26,MIL,GSW,1,0.3416233
0022500140,2025-10-30,2025-26,OKC,WAS,1,0.88371825
0022500141,2025-10-30,2025-26,SAS,MIA,1,0.4649958
0022500020,2025-10-31,2025-26,IND,ATL,0,0.35722667
0022500021,2025-10-31,2025-26,PHI,BOS,0,0.31321907
0022500022,2025-10-31,2025-26,CLE,TOR,0,0.51917243
0022500023,2025-10-31,2025-26,CHI,NYK,1,0.52742964
0022500024,2025-10-31,2025-26,MEM,LAL,0,0.40595603
0022500025,2025-10-31,2025-26,PHX,UTA,1,0.55427575
0022500026,2025-10-31,2025-26,POR,DEN,1,0.40628836
0022500027,2025-10-31,2025-26,LAC,NOP,1,0.8573675
0022500142,2025-11-01,2025-26,MIL,SAC,0,0.73597217
0022500143,2025-11-01,2025-26,CHA,MIN,0,0.29101494
0022500144,2025-11-01,2025-26,IND,GSW,1,0.16357806
0022500145,2025-11-01,2025-26,WAS,ORL,0,0.21696533
0022500146,2025-11-01,2025-26,BOS,HOU,0,0.41486022
0022500148,2025-11-02,2025-26,OKC,NOP,1,0.8297137
0022500149,2025-11-02,2025-26,BKN,PHI,0,0.45952284
0022500150,2025-11-02,2025-26,CHA,UTA,1,0.40959555
0022500151,2025-11-02,2025-26,CLE,ATL,1,0.42451838
0022500152,2025-11-02,2025-26,TOR,MEM,1,0.6094677
0022500153,2025-11-02,2025-26,NYK,CHI,1,0.48650256
0022500154,2025-11-02,2025-26,PHX,SAS,1,0.27957338
0022500155,2025-11-02,2025-26,LAL,MIA,1,0.4914443
0022500156,2025-11-03,2025-26,BKN,MIN,0,0.21671572
0022500157,2025-11-03,2025-26,IND,MIL,0,0.25130442
0022500158,2025-11-03,2025-26,BOS,UTA,0,0.87772477
0022500159,2025-11-03,2025-26,NYK,WAS,1,0.8339645
0022500160,2025-11-03,2025-26,HOU,DAL,1,0.83796334
0022500161,2025-11-03,2025-26,MEM,DET,0,0.32288152
0022500162,2025-11-03,2025-26,DEN,SAC,1,0.77064484
0022500163,2025-11-03,2025-26,POR,LAL,0,0.8494388
0022500164,2025-11-03,2025-26,LAC,MIA,0,0.6712894
0022500165,2025-11-04,2025-26,TOR,MIL,1,0.37874556
0022500166,2025-11-04,2025-26,ATL,ORL,1,0.5409393
0022500167,2025-11-04,2025-26,CHI,PHI,1,0.7495966
0022500168,2025-11-04,2025-26,NOP,CHA,1,0.5870553
0022500169,2025-11-04,2025-26,GSW,PHX,1,0.82486564
0022500170,2025-11-04,2025-26,LAC,OKC,0,0.3625937
0022500171,2025-11-05,2025-26,CLE,PHI,1,0.7592114
0022500172,2025-11-05,2025-26,DET,UTA,1,0.8234312
0022500173,2025-11-05,2025-26,IND,BKN,0,0.5967087
0022500174,2025-11-05,2025-26,BOS,WAS,1,0.82739526
0022500175,2025-11-05,2025-26,NYK,MIN,1,0.6266537
0022500176,2025-11-05,2025-26,MEM,HOU,0,0.29315042
0022500177,2025-11-05,2025-26,DAL,NOP,0,0.6052592
0022500178,2025-11-05,2025-26,DEN,MIA,1,0.59322625
0022500179,2025-11-05,2025-26,LAL,SAS,1,0.48276025
0022500180,2025-11-05,2025-26,POR,OKC,1,0.5146108
0022500181,2025-11-05,2025-26,SAC,GSW,1,0.5010106
0022500182,2025-11-06,2025-26,PHX,LAC,1,0.39616954
0022500028,2025-11-07,2025-26,ORL,BOS,1,0.55492705
0022500029,2025-11-07,2025-26,WAS,CLE,0,0.23794697
0022500030,2025-11-07,2025-26,ATL,TOR,0,0.7075087
0022500031,2025-11-07,2025-26,BKN,DET,0,0.2596377
0022500032,2025-11-07,2025-26,SAS,HOU,1,0.2642101
0022500033,2025-11-07,2025-26,MIA,CHA,1,0.8410018
0022500034,2025-11-07,2025-26,MEM,DAL,1,0.7465458
0022500035,2025-11-07,2025-26,MIL,CHI,1,0.48901448
0022500036,2025-11-07,2025-26,MIN,UTA,1,0.832844
0022500037,2025-11-07,2025-26,DEN,GSW,1,0.6637017
0022500038,2025-11-07,2025-26,SAC,OKC,0,0.19345857
0022500183,2025-11-08,2025-26,WAS,DAL,0,0.4530349
0022500184,2025-11-08,2025-26,PHI,TOR,1,0.5900574
0022500185,2025-11-08,2025-26,ATL,LAL,1,0.44308493
0022500186,2025-11-08,2025-26,CLE,CHI,1,0.43361336
0022500187,2025-11-08,2025-26,MIA,POR,1,0.44270873
0022500188,2025-11-08,2025-26,SAS,NOP,1,0.7095446
0022500189,2025-11-08,2025-26,DEN,IND,1,0.684624
0022500190,2025-11-08,2025-26,LAC,PHX,0,0.74940753
0022500191,2025-11-09,2025-26,MIL,HOU,0,0.4429686
0022500192,2025-11-09,2025-26,NYK,BKN,1,0.8548217
0022500193,2025-11-09,2025-26,ORL,BOS,0,0.580216
0022500194,2025-11-09,2025-26,MEM,OKC,0,0.25704595
0022500195,2025-11-09,2025-26,PHI,DET,0,0.26888955
0022500196,2025-11-09,2025-26,GSW,IND,1,0.8779315
0022500197,2025-11-09,2025-26,SAC,MIN,0,0.3151485
0022500198,2025-11-10,2025-26,CHA,LAL,0,0.20059319
0022500199,2025-11-10,2025-26,DET,WAS,1,0.7857846
0022500200,2025-11-10,2025-26,ORL,POR,1,0.45776913
0022500201,2025-11-10,2025-26,MIA,CLE,1,0.5373012
0022500202,2025-11-10,2025-26,CHI,SAS,0,0.58610696
0022500203,2025-11-10,2025-26,DAL,MIL,0,0.25312713
0022500204,2025-11-10,2025-26,PHX,NOP,1,0.7075863
0022500205,2025-11-10,2025-26,UTA,MIN,0,0.16182645
0022500206,2025-11-10,2025-26,LAC,ATL,0,0.55959916
0022500207,2025-11-11,2025-26,BKN,TOR,0,0.274916
0022500208,2025-11-11,2025-26,NYK,MEM,1,0.76616156
0022500209,2025-11-11,2025-26,PHI,BOS,1,0.40208763
0022500210,2025-11-11,2025-26,OKC,GSW,1,0.6760259
0022500211,2025-11-11,2025-26,UTA,IND,1,0.25250906
0022500212,2025-11-11,2025-26,SAC,DEN,0,0.22748052
0022500213,2025-11-12,2025-26,CHA,MIL,1,0.26201305
0022500214,2025-11-12,2025-26,DET,CHI,1,0.26191074
0022500215,2025-11-12,2025-26,NYK,ORL,0,0.62240076
0022500216,2025-11-12,2025-26,BOS,MEM,1,0.69959754
0022500217,2025-11-12,2025-26,MIA,CLE,0,0.7618106
0022500218,2025-11-12,2025-26,HOU,WAS,1,0.8869023
0022500219,2025-11-12,2025-26,NOP,POR,0,0.24877195
0022500220,2025-11-12,2025-26,SAS,GSW,0,0.47859585
0022500221,2025-11-12,2025-26,DAL,PHX,0,0.3687499
0022500222,2025-11-12,2025-26,OKC,LAL,1,0.70634234
0022500223,2025-11-12,2025-26,SAC,ATL,0,0.26272586
0022500224,2025-11-12,2025-26,LAC,DEN,0,0.42854652
0022500225,2025-11-13,2025-26,CLE,TOR,0,0.60445714
0022500226,2025-11-13,2025-26,PHX,IND,1,0.5656604
0022500227,2025-11-13,2025-26,UTA,ATL,0,0.20133491
0022500039,2025-11-14,2025-26,NYK,MIA,1,0.64872515
0022500040,2025-11-14,2025-26,ORL,BKN,1,0.74025035
0022500041,2025-11-14,2025-26,DET,PHI,1,0.37578392
0022500042,2025-11-14,2025-26,HOU,POR,1,0.6774052
0022500043,2025-11-14,2025-26,MIL,CHA,1,0.8374529
0022500044,2025-11-14,2025-26,MIN,SAC,1,0.74859494
0022500045,2025-11-14,2025-26,NOP,LAL,0,0.20174281
0022500046,2025-11-14,2025-26,DAL,LAC,0,0.26103988
0022500047,2025-11-14,2025-26,SAS,GSW,0,0.41562495
0022500228,2025-11-15,2025-26,CLE,MEM,1,0.70981574
0022500229,2025-11-15,2025-26,CHA,OKC,0,0.1032866
0022500230,2025-11-15,2025-26,IND,TOR,0,0.34924886
0022500231,2025-11-15,2025-26,MIL,LAL,0,0.63085824
0022500232,2025-11-15,2025-26,MIN,DEN,0,0.36857247
0022500233,2025-11-16,2025-26,BOS,LAC,1,0.5541757
0022500234,2025-11-16,2025-26,SAS,SAC,1,0.65796584
0022500235,2025-11-16,2025-26,WAS,BKN,0,0.49473572
0022500236,2025-11-16,2025-26,HOU,ORL,1,0.75797147
0022500237,2025-11-16,2025-26,NOP,GSW,0,0.1781217
0022500238,2025-11-16,2025-26,DAL,POR,1,0.33185938
0022500239,2025-11-16,2025-26,PHX,ATL,0,0.3767258
0022500240,2025-11-16,2025-26,UTA,CHI,1,0.15803856
0022500241,2025-11-17,2025-26,CLE,MIL,1,0.57615006
0022500242,2025-11-17,2025-26,DET,IND,1,0.6385389
0022500243,2025-11-17,2025-26,PHI,LAC,1,0.43304732
0022500244,2025-11-17,2025-26,MIA,NYK,1,0.5008611
0022500245,2025-11-17,2025-26,TOR,CHA,1,0.74732465
0022500246,2025-11-17,2025-26,MIN,DAL,1,0.86041623
0022500247,2025-11-17,2025-26,NOP,OKC,0,0.11514904
0022500248,2025-11-17,2025-26,DEN,CHI,0,0.74993575
0022500249,2025-11-18,2025-26,ORL,GSW,1,0.40324184
0022500250,2025-11-18,2025-26,BKN,BOS,0,0.2469181
0022500251,2025-11-18,2025-26,ATL,DET,0,0.6617548
0022500252,2025-11-18,2025-26,SAS,MEM,1,0.6025306
0022500253,2025-11-18,2025-26,LAL,UTA,1,0.8658668
0022500254,2025-11-18,2025-26,POR,PHX,0,0.52163815
0022500255,2025-11-19,2025-26,CLE,HOU,0,0.44080162
0022500256,2025-11-19,2025-26,IND,CHA,1,0.49609375
0022500257,2025-11-19,2025-26,MIA,GSW,1,0.82437587
0022500258,2025-11-19,2025-26,PHI,TOR,0,0.3745865
0022500259,2025-11-19,2025-26,MIN,WAS,1,0.8730798
0022500260,2025-11-19,2025-26,NOP,DEN,0,0.19705153
0022500261,2025-11-19,2025-26,OKC,SAC,1,0.8664494
0022500262,2025-11-19,2025-26,DAL,NYK,0,0.21583858
0022500263,2025-11-19,2025-26,POR,CHI,0,0.259081
0022500264,2025-11-20,2025-26,ORL,LAC,1,0.45926785
0022500265,2025-11-20,2025-26,MEM,SAC,1,0.6100957
0022500266,2025-11-20,2025-26,MIL,PHI,0,0.6406283
0022500267,2025-11-20,2025-26,SAS,ATL,1,0.34556535
0022500048,2025-11-21,2025-26,CLE,IND,1,0.80676347
0022500049,2025-11-21,2025-26,BOS,BKN,0,0.810038
0022500050,2025-11-21,2025-26,TOR,WAS,1,0.8465269
0022500051,2025-11-21,2025-26,CHI,MIA,0,0.48947945
0022500052,2025-11-21,2025-26,DAL,NOP,1,0.4954185
0022500053,2025-11-21,2025-26,PHX,MIN,1,0.37356803
0022500054,2025-11-21,2025-26,HOU,DEN,0,0.5797961
0022500055,2025-11-21,2025-26,UTA,OKC,0,0.13361196
0022500056,2025-11-21,2025-26,GSW,POR,0,0.7440729
0022500268,2025-11-22,2025-26,CHA,LAC,0,0.35286692
0022500269,2025-11-22,2025-26,ORL,NYK,1,0.46534738
0022500270,2025-11-22,2025-26,NOP,ATL,0,0.14328875
0022500271,2025-11-22,2025-26,CHI,WAS,1,0.8876351
0022500272,2025-11-22,2025-26,MIL,DET,0,0.39362136
0022500273,2025-11-22,2025-26,DAL,MEM,0,0.3334312
0022500274,2025-11-22,2025-26,DEN,SAC,0,0.8291969
0022500275,2025-11-23,2025-26,PHI,MIA,0,0.35078114
0022500276,2025-11-23,2025-26,ATL,CHA,1,0.8517048
0022500277,2025-11-23,2025-26,BOS,ORL,1,0.76500237
0022500278,2025-11-23,2025-26,CLE,LAC,1,0.62218195
0022500279,2025-11-23,2025-26,TOR,BKN,1,0.7800995
0022500280,2025-11-23,2025-26,OKC,POR,1,0.81877124
0022500281,2025-11-23,2025-26,PHX,SAS,1,0.58261245
0022500282,2025-11-23,2025-26,UTA,LAL,0,0.19558169
0022500283,2025-11-24,2025-26,IND,DET,0,0.2639345
0022500284,2025-11-24,2025-26,TOR,CLE,1,0.58326256
0022500285,2025-11-24,2025-26,BKN,NYK,0,0.21802704
0022500286,2025-11-24,2025-26,MIA,DAL,1,0.82079035
0022500287,2025-11-24,2025-26,MEM,DEN,0,0.2930712
0022500288,2025-11-24,2025-26,MIL,POR,0,0.6114169
0022500289,2025-11-24,2025-26,NOP,CHI,1,0.22840491
0022500290,2025-11-24,2025-26,PHX,HOU,0,0.26333648
0022500291,2025-11-24,2025-26,GSW,UTA,1,0.8122974
0022500292,2025-11-24,2025-26,SAC,MIN,1,0.19404598
0022500057,2025-11-25,2025-26,WAS,ATL,1,0.14100961
0022500058,2025-11-25,2025-26,PHI,ORL,0,0.50177115
0022500059,2025-11-25,2025-26,LAL,LAC,1,0.58569497
0022500060,2025-11-26,2025-26,BOS,DET,1,0.48158944
0022500061,2025-11-26,2025-26,CHA,NYK,0,0.25202364
0022500062,2025-11-26,2025-26,MIA,MIL,1,0.76741093
0022500063,2025-11-26,2025-26,TOR,IND,1,0.76009154
0022500064,2025-11-26,2025-26,OKC,MIN,1,0.67909354
0022500065,2025-11-26,2025-26,NOP,MEM,0,0.3906147
0022500066,2025-11-26,2025-26,GSW,HOU,0,0.40856087
0022500067,2025-11-26,2025-26,POR,SAS,0,0.5169599
0022500068,2025-11-26,2025-26,SAC,PHX,0,0.31243753
0022500069,2025-11-28,2025-26,ATL,CLE,1,0.4769781
0022500070,2025-11-28,2025-26,BKN,PHI,0,0.337593
0022500071,2025-11-28,2025-26,CHA,CHI,1,0.22867985
0022500072,2025-11-28,2025-26,DET,ORL,0,0.6021465
0022500073,2025-11-28,2025-26,IND,WAS,1,0.7064408
0022500074,2025-11-28,2025-26,NYK,MIL,1,0.648288
0022500075,2025-11-28,2025-26,OKC,PHX,1,0.7874657
0022500076,2025-11-28,2025-26,DEN,SAS,0,0.7080642
0022500077,2025-11-28,2025-26,UTA,SAC,1,0.552967
0022500078,2025-11-28,2025-26,LAL,DAL,1,0.826999
0022500079,2025-11-28,2025-26,LAC,MEM,0,0.68056166
0022500293,2025-11-29,2025-26,MIN,BOS,1,0.639143
0022500294,2025-11-29,2025-26,CHA,TOR,1,0.20882988
0022500295,2025-11-29,2025-26,IND,CHI,1,0.32002112
0022500296,2025-11-29,2025-26,MIA,DET,0,0.74688053
0022500297,2025-11-29,2025-26,MIL,BKN,1,0.8354779
0022500298,2025-11-29,2025-26,GSW,NOP,1,0.77122724
0022500299,2025-11-29,2025-26,PHX,DEN,0,0.42479214
0022500300,2025-11-29,2025-26,LAC,DAL,0,0.83133245
0022500301,2025-11-30,2025-26,UTA,HOU,0,0.18895544
0022500302,2025-11-30,2025-26,CLE,BOS,0,0.71652013
0022500303,2025-11-30,2025-26,NYK,TOR,1,0.62035257
0022500304,2025-11-30,2025-26,PHI,ATL,0,0.41982618
0022500305,2025-11-30,2025-26,POR,OKC,0,0.22782531
0022500306,2025-11-30,2025-26,MIN,SAS,1,0.67228657
0022500307,2025-11-30,2025-26,SAC,MEM,0,0.37234572
0022500308,2025-11-30,2025-26,LAL,NOP,1,0.9006612
0022500309,2025-12-01,2025-26,DET,ATL,1,0.5270448
0022500310,2025-12-01,2025-26,IND,CLE,0,0.43257636
0022500311,2025-12-01,2025-26,WAS,MIL,1,0.1937729
0022500312,2025-12-01,2025-26,BKN,CHA,1,0.42659184
0022500313,2025-12-01,2025-26,MIA,LAC,1,0.73992944
0022500314,2025-12-01,2025-26,ORL,CHI,1,0.54758173
0022500315,2025-12-01,2025-26,DEN,DAL,0,0.81339484
0022500316,2025-12-01,2025-26,UTA,HOU,1,0.15870535
0022500317,2025-12-01,2025-26,LAL,PHX,0,0.5918342
0022500318,2025-12-02,2025-26,PHI,WAS,1,0.8528525
0022500319,2025-12-02,2025-26,TOR,POR,1,0.7167417
0022500320,2025-12-02,2025-26,BOS,NYK,1,0.49403852
0022500321,2025-12-02,2025-26,NOP,MIN,0,0.16183333
0022500322,2025-12-02,2025-26,SAS,MEM,1,0.5709079
0022500323,2025-12-02,2025-26,GSW,OKC,0,0.2533585
0022500324,2025-12-03,2025-26,CLE,POR,0,0.7823287
0022500325,2025-12-03,2025-26,IND,DEN,0,0.2649483
0022500326,2025-12-03,2025-26,ORL,SAS,0,0.7309464
0022500327,2025-12-03,2025-26,ATL,LAC,0,0.5703825
0022500328,2025-12-03,2025-26,NYK,CHA,1,0.7571743
0022500329,2025-12-03,2025-26,CHI,BKN,0,0.7756147
0022500330,2025-12-03,2025-26,HOU,SAC,1,0.8737005
0022500331,2025-12-03,2025-26,MIL,DET,1,0.52767307
0022500332,2025-12-03,2025-26,DAL,MIA,1,0.24622494
0022500333,2025-12-04,2025-26,PHI,GSW,1,0.68030024
0022500334,2025-12-04,2025-26,WAS,BOS,0,0.17846435
0022500335,2025-12-04,2025-26,BKN,UTA,0,0.39068675
0022500336,2025-12-04,2025-26,TOR,LAL,0,0.5594937
0022500337,2025-12-04,2025-26,NOP,MIN,0,0.15757571
0022500338,2025-12-05,2025-26,BOS,LAL,1,0.7310061
0022500339,2025-12-05,2025-26,ORL,MIA,1,0.5109976
0022500340,2025-12-05,2025-26,ATL,DEN,0,0.5394949
0022500341,2025-12-05,2025-26,CLE,SAS,1,0.6882914
0022500342,2025-12-05,2025-26,DET,POR,1,0.73313946
0022500343,2025-12-05,2025-26,NYK,UTA,1,0.8501035
0022500344,2025-12-05,2025-26,TOR,CHA,0,0.70830536
0022500345,2025-12-05,2025-26,CHI,IND,0,0.75258243
0022500346,2025-12-05,2025-26,HOU,PHX,1,0.73139566
0022500347,2025-12-05,2025-26,MEM,LAC,1,0.4863975
0022500348,2025-12-05,2025-26,MIL,PHI,0,0.5886104
0022500349,2025-12-05,2025-26,OKC,DAL,1,0.83937705
0022500350,2025-12-06,2025-26,BKN,NOP,1,0.64824575
0022500351,2025-12-06,2025-26,WAS,ATL,0,0.16205227
0022500352,2025-12-06,2025-26,CLE,GSW,0,0.7194397
0022500353,2025-12-06,2025-26,DET,MIL,1,0.7290382
0022500354,2025-12-06,2025-26,MIA,SAC,0,0.7936992
0022500355,2025-12-06,2025-26,MIN,LAC,1,0.77491254
0022500356,2025-12-06,2025-26,DAL,HOU,1,0.22545226
0022500357,2025-12-07,2025-26,NYK,ORL,1,0.4985228
0022500358,2025-12-07,2025-26,TOR,BOS,0,0.42525974
0022500359,2025-12-07,2025-26,CHA,DEN,0,0.1726103
0022500360,2025-12-07,2025-26,MEM,POR,1,0.5960383
0022500361,2025-12-07,2025-26,CHI,GSW,0,0.7027559
0022500362,2025-12-07,2025-26,PHI,LAL,0,0.40313208
0022500363,2025-12-07,2025-26,UTA,OKC,0,0.1956764
0022500364,2025-12-08,2025-26,IND,SAC,1,0.5918469
0022500365,2025-12-08,2025-26,MIN,PHX,0,0.7175473
0022500366,2025-12-08,2025-26,NOP,SAS,0,0.22763689
0022501201,2025-12-09,2025-26,ORL,MIA,1,0.43500453
0022501202,2025-12-09,2025-26,TOR,NYK,0,0.382632
0022501203,2025-12-10,2025-26,OKC,PHX,1,0.8107058
0022501204,2025-12-10,2025-26,LAL,SAS,0,0.6854283
0022501205,2025-12-11,2025-26,HOU,LAC,1,0.77125704
0022501206,2025-12-11,2025-26,MIL,BOS,1,0.23231988
0022501207,2025-12-11,2025-26,NOP,POR,1,0.3237786
0022501208,2025-12-11,2025-26,SAC,DEN,0,0.20726974
0022501209,2025-12-12,2025-26,CHA,CHI,0,0.28469464
0022501210,2025-12-12,2025-26,DET,ATL,1,0.4526176
0022501211,2025-12-12,2025-26,PHI,IND,1,0.6669897
0022501212,2025-12-12,2025-26,WAS,CLE,0,0.13688242
0022501213,2025-12-12,2025-26,MEM,UTA,0,0.7119535
0022501214,2025-12-12,2025-26,DAL,BKN,1,0.6148291
0022501215,2025-12-12,2025-26,GSW,MIN,0,0.38070095
0022501216,2025-12-14,2025-26,IND,WAS,0,0.7791609
0022501217,2025-12-14,2025-26,ATL,PHI,1,0.7208652
0022501218,2025-12-14,2025-26,CLE,CHA,0,0.81175476
0022501219,2025-12-14,2025-26,BKN,MIL,1,0.52943397
0022501220,2025-12-14,2025-26,MIN,SAC,1,0.8202867
0022501221,2025-12-14,2025-26,POR,GSW,1,0.38157207
0022501223,2025-12-14,2025-26,CHI,NOP,0,0.70482767
0022501228,2025-12-14,2025-26,PHX,LAL,0,0.44868273
0022501222,2025-12-15,2025-26,BOS,DET,0,0.60081875
0022501224,2025-12-15,2025-26,UTA,DAL,1,0.4413532
0022501225,2025-12-15,2025-26,DEN,HOU,1,0.40111846
0022501226,2025-12-15,2025-26,LAC,MEM,0,0.645831
0022501227,2025-12-15,2025-26,MIA,TOR,0,0.575627
0022500367,2025-12-17,2025-26,CHI,CLE,1,0.41597766
0022500368,2025-12-17,2025-26,MIN,MEM,0,0.7765356
0022500369,2025-12-18,2025-26,OKC,LAC,1,0.8750392
0022500370,2025-12-18,2025-26,SAS,WAS,1,0.8938709
0022500371,2025-12-18,2025-26,CHA,ATL,1,0.21972927
0022500372,2025-12-18,2025-26,IND,NYK,0,0.26304796
0022500373,2025-12-18,2025-26,BKN,MIA,0,0.26710021
0022500374,2025-12-18,2025-26,MIL,TOR,0,0.39083228
0022500375,2025-12-18,2025-26,NOP,HOU,1,0.18312508
0022500376,2025-12-18,2025-26,DAL,DET,1,0.40535662
0022500377,2025-12-18,2025-26,DEN,ORL,1,0.5488893
0022500378,2025-12-18,2025-26,PHX,GSW,1,0.56767374
0022500379,2025-12-18,2025-26,UTA,LAL,0,0.18976834
0022500380,2025-12-18,2025-26,POR,SAC,1,0.7236011
0022500381,2025-12-19,2025-26,BOS,MIA,1,0.7530765
0022500382,2025-12-19,2025-26,NYK,PHI,0,0.6631817
0022500383,2025-12-19,2025-26,ATL,SAS,0,0.45707104
0022500384,2025-12-19,2025-26,CLE,CHI,0,0.5089686
0022500385,2025-12-19,2025-26,MIN,OKC,1,0.4387629
0022500386,2025-12-20,2025-26,DEN,HOU,0,0.38828972
0022500387,2025-12-20,2025-26,PHI,DAL,1,0.49924874
0022500388,2025-12-20,2025-26,TOR,BOS,0,0.57621914
0022500389,2025-12-20,2025-26,NOP,IND,1,0.64402705
0022500390,2025-12-20,2025-26,DET,CHA,1,0.7882919
0022500391,2025-12-20,2025-26,MEM,WAS,0,0.78329575
0022500392,2025-12-20,2025-26,GSW,PHX,1,0.5339838
0022500393,2025-12-20,2025-26,UTA,ORL,0,0.24364734
0022500394,2025-12-20,2025-26,SAC,POR,0,0.3031184
0022500395,2025-12-20,2025-26,LAC,LAL,1,0.469572
0022500396,2025-12-21,2025-26,ATL,CHI,0,0.7101037
0022500397,2025-12-21,2025-26,BKN,TOR,1,0.44843036
0022500398,2025-12-21,2025-26,NYK,MIA,1,0.69609463
0022500399,2025-12-21,2025-26,WAS,SAS,0,0.09197054
0022500400,2025-12-21,2025-26,MIN,MIL,1,0.7810366
0022500401,2025-12-21,2025-26,SAC,HOU,1,0.123021215
0022500402,2025-12-22,2025-26,CLE,CHA,1,0.7570282
0022500403,2025-12-22,2025-26,BOS,IND,1,0.8413059
0022500404,2025-12-22,2025-26,NOP,DAL,1,0.4710878
0022500405,2025-12-22,2025-26,DEN,UTA,1,0.83210486
0022500406,2025-12-22,2025-26,OKC,MEM,1,0.84086275
0022500407,2025-12-22,2025-26,GSW,ORL,1,0.5875944
0022500408,2025-12-22,2025-26,POR,DET,0,0.29650292
0022500409,2025-12-23,2025-26,CHA,WAS,1,0.6671512
0022500410,2025-12-23,2025-26,PHI,BKN,0,0.5729422
0022500411,2025-12-23,2025-26,ATL,CHI,0,0.70998865
0022500412,2025-12-23,2025-26,CLE,NOP,1,0.68381435
0022500413,2025-12-23,2025-26,IND,MIL,0,0.32256293
0022500414,2025-12-23,2025-26,MIA,TOR,0,0.5540145
0022500415,2025-12-23,2025-26,DAL,DEN,1,0.2703274
0022500416,2025-12-23,2025-26,MIN,NYK,1,0.6500558
0022500417,2025-12-23,2025-26,SAS,OKC,1,0.43458396
0022500418,2025-12-23,2025-26,PHX,LAL,1,0.5919668
0022500419,2025-12-23,2025-26,UTA,MEM,0,0.3872585
0022500420,2025-12-23,2025-26,POR,ORL,0,0.46338928
0022500421,2025-12-23,2025-26,SAC,DET,0,0.20759088
0022500422,2025-12-23,2025-26,LAC,HOU,1,0.26349714
0022500009,2025-12-25,2025-26,NYK,CLE,1,0.64713824
0022500010,2025-12-25,2025-26,OKC,SAS,0,0.671635
0022500011,2025-12-25,2025-26,GSW,DAL,1,0.665195
0022500012,2025-12-25,2025-26,LAL,HOU,0,0.4476602
0022500013,2025-12-25,2025-26,DEN,MIN,1,0.49022335
0022500423,2025-12-26,2025-26,ATL,MIA,0,0.5939809
0022500424,2025-12-26,2025-26,ORL,CHA,0,0.71220315
0022500425,2025-12-26,2025-26,WAS,TOR,1,0.21982582
0022500426,2025-12-26,2025-26,IND,BOS,0,0.19032018
0022500427,2025-12-26,2025-26,CHI,PHI,1,0.45130503
0022500428,2025-12-26,2025-26,MEM,MIL,1,0.50864434
0022500429,2025-12-26,2025-26,NOP,PHX,0,0.33421075
0022500430,2025-12-26,2025-26,UTA,DET,1,0.24118732
0022500431,2025-12-26,2025-26,POR,LAC,0,0.4887187
0022500432,2025-12-27,2025-26,SAC,DAL,1,0.31572562
0022500433,2025-12-27,2025-26,ORL,DEN,1,0.30787233
0022500434,2025-12-27,2025-26,NOP,PHX,0,0.35088944
0022500435,2025-12-27,2025-26,ATL,NYK,0,0.3519927
0022500436,2025-12-27,2025-26,MIA,IND,1,0.7354138
0022500437,2025-12-27,2025-26,CHI,MIL,0,0.50095725
0022500438,2025-12-27,2025-26,HOU,CLE,1,0.6146447
0022500439,2025-12-27,2025-26,MIN,BKN,0,0.7787699
0022500440,2025-12-27,2025-26,SAS,UTA,0,0.8316878
0022500441,2025-12-28,2025-26,TOR,GSW,1,0.52237695
0022500442,2025-12-28,2025-26,OKC,PHI,1,0.7910723
0022500443,2025-12-28,2025-26,WAS,MEM,1,0.28889042
0022500444,2025-12-28,2025-26,POR,BOS,1,0.25428748
0022500445,2025-12-28,2025-26,LAC,DET,1,0.36921638
0022500446,2025-12-28,2025-26,LAL,SAC,1,0.8434219
0022500447,2025-12-29,2025-26,CHA,MIL,0,0.3530329
0022500448,2025-12-29,2025-26,WAS,PHX,0,0.21753402
0022500449,2025-12-29,2025-26,BKN,GSW,0,0.44361994
0022500450,2025-12-29,2025-26,MIA,DEN,1,0.4451899
0022500451,2025-12-29,2025-26,TOR,ORL,1,0.3915811
0022500452,2025-12-29,2025-26,CHI,MIN,0,0.3380685
0022500453,2025-12-29,2025-26,HOU,IND,1,0.84465724
0022500454,2025-12-29,2025-26,NOP,NYK,0,0.28280568
0022500455,2025-12-29,2025-26,OKC,ATL,1,0.8147194
0022500456,2025-12-29,2025-26,SAS,CLE,0,0.65892446
0022500457,2025-12-29,2025-26,POR,DAL,1,0.46451357
0022500458,2025-12-30,2025-26,MEM,PHI,0,0.41035715
0022500459,2025-12-30,2025-26,UTA,BOS,0,0.22694127
0022500460,2025-12-30,2025-26,LAL,DET,0,0.44052282
0022500461,2025-12-30,2025-26,LAC,SAC,1,0.72737336
0022500462,2025-12-31,2025-26,CHA,GSW,0,0.27951553
0022500463,2025-12-31,2025-26,ATL,MIN,1,0.38640308
0022500464,2025-12-31,2025-26,IND,ORL,0,0.28208196
0022500465,2025-12-31,2025-26,CLE,PHX,1,0.56503433
0022500466,2025-12-31,2025-26,CHI,NOP,1,0.4091011
0022500467,2025-12-31,2025-26,SAS,NYK,1,0.62220013
0022500468,2025-12-31,2025-26,TOR,DEN,0,0.5073457
0022500469,2025-12-31,2025-26,MIL,WAS,0,0.8026712
0022500470,2025-12-31,2025-26,OKC,POR,1,0.83783704
0022500471,2026-01-01,2025-26,BKN,HOU,0,0.18444592
0022500472,2026-01-01,2025-26,DET,MIA,0,0.5987128
0022500473,2026-01-01,2025-26,DAL,PHI,0,0.4797713
0022500474,2026-01-01,2025-26,SAC,BOS,0,0.18988638
0022500475,2026-01-01,2025-26,LAC,UTA,1,0.8027686
0022500476,2026-01-02,2025-26,IND,SAS,0,0.25892672
0022500477,2026-01-02,2025-26,WAS,BKN,1,0.5429693
0022500478,2026-01-02,2025-26,CLE,DEN,1,0.63597035
0022500479,2026-01-02,2025-26,NYK,ATL,0,0.5825137
0022500480,2026-01-02,2025-26,CHI,ORL,1,0.24350062
0022500481,2026-01-02,2025-26,MIL,CHA,1,0.7442279
0022500482,2026-01-02,2025-26,NOP,POR,0,0.353107
0022500483,2026-01-02,2025-26,PHX,SAC,1,0.8318183
0022500484,2026-01-02,2025-26,GSW,OKC,0,0.20666346
0022500485,2026-01-02,2025-26,LAL,MEM,1,0.6157148
0022500486,2026-01-03,2025-26,MIA,MIN,0,0.3880135
0022500487,2026-01-03,2025-26,NYK,PHI,0,0.59843254
0022500488,2026-01-03,2025-26,TOR,ATL,1,0.6176575
0022500489,2026-01-03,2025-26,CHI,CHA,0,0.4892476
0022500490,2026-01-03,2025-26,SAS,POR,0,0.724062
0022500491,2026-01-03,2025-26,DAL,HOU,1,0.270324
0022500492,2026-01-03,2025-26,GSW,UTA,1,0.68286765
0022500493,2026-01-03,2025-26,LAC,BOS,0,0.41313204
0022500494,2026-01-04,2025-26,CLE,DET,0,0.45425203
0022500495,2026-01-04,2025-26,ORL,IND,1,0.77566916
0022500496,2026-01-04,2025-26,BKN,DEN,1,0.3406625
0022500497,2026-01-04,2025-26,MIA,NOP,1,0.659304
0022500498,2026-01-04,2025-26,WAS,MIN,0,0.23844343
0022500499,2026-01-04,2025-26,PHX,OKC,1,0.30251366
0022500500,2026-01-04,2025-26,SAC,MIL,0,0.24034418
0022500501,2026-01-04,2025-26,LAL,MEM,1,0.6380979
0022500502,2026-01-05,2025-26,DET,NYK,1,0.2941465
0022500503,2026-01-05,2025-26,BOS,CHI,1,0.82162905
0022500504,2026-01-05,2025-26,TOR,ATL,1,0.44574884
0022500505,2026-01-05,2025-26,HOU,PHX,1,0.74109983
0022500506,2026-01-05,2025-26,OKC,CHA,0,0.81530344
0022500507,2026-01-05,2025-26,PHI,DEN,0,0.8257704
0022500508,2026-01-05,2025-26,LAC,GSW,1,0.58190876
0022500509,2026-01-05,2025-26,POR,UTA,1,0.60702956
0022500510,2026-01-06,2025-26,IND,CLE,0,0.28656632
0022500511,2026-01-06,2025-26,WAS,ORL,1,0.2600087
0022500512,2026-01-06,2025-26,MEM,SAS,1,0.33009323
0022500513,2026-01-06,2025-26,MIN,MIA,1,0.5559776
0022500514,2026-01-06,2025-26,NOP,LAL,0,0.38067225
0022500515,2026-01-06,2025-26,SAC,DAL,0,0.27164364
0022500516,2026-01-07,2025-26,CHA,TOR,0,0.45394698
0022500517,2026-01-07,2025-26,DET,CHI,1,0.6576348
0022500518,2026-01-07,2025-26,PHI,WAS,1,0.8328434
0022500519,2026-01-07,2025-26,ATL,NOP,1,0.83885235
0022500520,2026-01-07,2025-26,BOS,DEN,0,0.672775
0022500521,2026-01-07,2025-26,BKN,ORL,0,0.464926
0022500522,2026-01-07,2025-26,NYK,LAC,1,0.59669125
0022500523,2026-01-07,2025-26,SAS,LAL,1,0.761418
0022500524,2026-01-07,2025-26,MEM,PHX,0,0.34329352
0022500525,2026-01-07,2025-26,OKC,UTA,1,0.83774316
0022500526,2026-01-07,2025-26,GSW,MIL,1,0.56179875
0022500527,2026-01-07,2025-26,POR,HOU,1,0.27808243
0022500528,2026-01-08,2025-26,CHA,IND,0,0.5756464
0022500530,2026-01-08,2025-26,MIN,CLE,1,0.6655296
0022500531,2026-01-08,2025-26,UTA,DAL,1,0.30297822
0022500532,2026-01-09,2025-26,BOS,TOR,1,0.8124412
0022500533,2026-01-09,2025-26,ORL,PHI,0,0.49284452
0022500534,2026-01-09,2025-26,WAS,NOP,0,0.41029078
0022500535,2026-01-09,2025-26,BKN,LAC,0,0.40635937
0022500536,2026-01-09,2025-26,MEM,OKC,0,0.43420097
0022500537,2026-01-09,2025-26,DEN,ATL,0,0.39830267
0022500538,2026-01-09,2025-26,PHX,NYK,1,0.4463297
0022500539,2026-01-09,2025-26,GSW,SAC,1,0.82908225
0022500540,2026-01-09,2025-26,POR,HOU,1,0.26779208
0022500541,2026-01-09,2025-26,LAL,MIL,0,0.5152548
0022500542,2026-01-10,2025-26,CLE,MIN,1,0.36147267
0022500543,2026-01-10,2025-26,IND,MIA,1,0.24982867
0022500544,2026-01-10,2025-26,DET,LAC,0,0.3739726
0022500545,2026-01-10,2025-26,BOS,SAS,0,0.51263535
0022500546,2026-01-10,2025-26,CHI,DAL,1,0.52079844
0022500547,2026-01-10,2025-26,UTA,CHA,0,0.3797621
0022500548,2026-01-11,2025-26,ORL,NOP,1,0.6191867
0022500549,2026-01-11,2025-26,MEM,BKN,1,0.6796756
0022500550,2026-01-11,2025-26,TOR,PHI,1,0.36032045
0022500551,2026-01-11,2025-26,POR,NYK,0,0.41513187
0022500552,2026-01-11,2025-26,MIN,SAS,1,0.616673
0022500553,2026-01-11,2025-26,OKC,MIA,1,0.7979346
0022500554,2026-01-11,2025-26,DEN,MIL,1,0.40971047
0022500555,2026-01-11,2025-26,PHX,WAS,1,0.7876282
0022500556,2026-01-11,2025-26,GSW,ATL,0,0.6167079
0022500557,2026-01-11,2025-26,SAC,HOU,1,0.13490279
0022500558,2026-01-12,2025-26,CLE,UTA,0,0.71288276
0022500559,2026-01-12,2025-26,IND,BOS,1,0.23561743
0022500560,2026-01-12,2025-26,TOR,PHI,0,0.32638028
0022500561,2026-01-12,2025-26,DAL,BKN,1,0.52390426
0022500562,2026-01-12,2025-26,SAC,LAL,1,0.19463463
0022500563,2026-01-12,2025-26,LAC,CHA,1,0.7333105
0022500564,2026-01-13,2025-26,MIA,PHX,1,0.47167745
0022500565,2026-01-13,2025-26,HOU,CHI,1,0.80942506
0022500566,2026-01-13,2025-26,MIL,MIN,0,0.48389944
0022500567,2026-01-13,2025-26,NOP,DEN,0,0.4020216
0022500568,2026-01-13,2025-26,OKC,SAS,1,0.6727548
0022500569,2026-01-13,2025-26,LAL,ATL,1,0.45707127
0022500570,2026-01-13,2025-26,GSW,POR,1,0.73662084
0022500571,2026-01-14,2025-26,IND,TOR,0,0.5335004
0022500572,2026-01-14,2025-26,PHI,CLE,0,0.64474845
0022500573,2026-01-14,2025-26,CHI,UTA,1,0.62378955
0022500574,2026-01-14,2025-26,NOP,BKN,1,0.40635976
0022500575,2026-01-14,2025-26,DAL,DEN,0,0.47379133
0022500576,2026-01-14,2025-26,SAC,NYK,1,0.18884653
0022500577,2026-01-14,2025-26,LAC,WAS,1,0.7832042
0022500579,2026-01-15,2025-26,DET,PHX,1,0.67593926
0022500580,2026-01-15,2025-26,MIA,BOS,0,0.3683277
0022500581,2026-01-15,2025-26,HOU,OKC,0,0.42330703
0022500582,2026-01-15,2025-26,SAS,MIL,1,0.5670847
0022500583,2026-01-15,2025-26,DAL,UTA,1,0.49285206
0022500584,2026-01-15,2025-26,GSW,NYK,1,0.68195826
0022500585,2026-01-15,2025-26,POR,ATL,1,0.4561863
0022500586,2026-01-15,2025-26,LAL,CHA,0,0.59930176
0022500587,2026-01-16,2025-26,BKN,CHI,1,0.6028259
0022500588,2026-01-16,2025-26,IND,NOP,1,0.4426465
0022500589,2026-01-16,2025-26,PHI,CLE,0,0.6139547
0022500590,2026-01-16,2025-26,TOR,LAC,0,0.4463563
0022500591,2026-01-16,2025-26,HOU,MIN,1,0.48814592
0022500592,2026-01-16,2025-26,SAC,WAS,1,0.60105455
0022500593,2026-01-17,2025-26,DAL,UTA,1,0.5535707
0022500594,2026-01-17,2025-26,ATL,BOS,0,0.37153506
0022500595,2026-01-17,2025-26,DET,IND,1,0.8716545
0022500596,2026-01-17,2025-26,NYK,PHX,0,0.421724
0022500597,2026-01-17,2025-26,MIA,OKC,1,0.2564625
0022500598,2026-01-17,2025-26,SAS,MIN,1,0.5819008
0022500599,2026-01-17,2025-26,GSW,CHA,1,0.61995053
0022500600,2026-01-17,2025-26,DEN,WAS,1,0.82737625
0022500601,2026-01-17,2025-26,POR,LAL,1,0.5160948
0022500603,2026-01-18,2025-26,CHI,BKN,1,0.56467164
0022500604,2026-01-18,2025-26,HOU,NOP,1,0.7680427
0022500605,2026-01-18,2025-26,DEN,CHA,0,0.5169945
0022500606,2026-01-18,2025-26,SAC,POR,0,0.45344698
0022500607,2026-01-18,2025-26,LAL,TOR,1,0.5511858
0022500014,2026-01-19,2025-26,ATL,MIL,0,0.4198477
0022500015,2026-01-19,2025-26,CLE,OKC,0,0.36424956
0022500016,2026-01-19,2025-26,NYK,DAL,0,0.75776225
0022500017,2026-01-19,2025-26,DET,BOS,1,0.4570062
0022500608,2026-01-19,2025-26,WAS,LAC,0,0.25915188
0022500609,2026-01-19,2025-26,PHI,IND,1,0.79165393
0022500610,2026-01-19,2025-26,BKN,PHX,0,0.26376793
0022500611,2026-01-19,2025-26,SAS,UTA,1,0.8334249
0022500612,2026-01-19,2025-26,GSW,MIA,1,0.63947767
0022500613,2026-01-20,2025-26,PHI,PHX,0,0.49186534
0022500614,2026-01-20,2025-26,CHI,LAC,1,0.5130767
0022500615,2026-01-20,2025-26,HOU,SAS,1,0.5988481
0022500616,2026-01-20,2025-26,UTA,MIN,1,0.1465841
0022500617,2026-01-20,2025-26,DEN,LAL,0,0.6084093
0022500618,2026-01-20,2025-26,GSW,TOR,0,0.51739115
0022500619,2026-01-20,2025-26,SAC,MIA,0,0.468937
0022500620,2026-01-21,2025-26,CHA,CLE,0,0.53202564
0022500621,2026-01-21,2025-26,BOS,IND,1,0.8238339
0022500622,2026-01-21,2025-26,NYK,BKN,1,0.7158444
0022500623,2026-01-21,2025-26,MEM,ATL,0,0.50178146
0022500624,2026-01-21,2025-26,NOP,DET,0,0.39074814
0022500625,2026-01-21,2025-26,MIL,OKC,0,0.29528177
0022500626,2026-01-21,2025-26,SAC,TOR,0,0.3464651
0022500627,2026-01-22,2025-26,ORL,CHA,0,0.54188585
0022500628,2026-01-22,2025-26,PHI,HOU,1,0.4936358
0022500629,2026-01-22,2025-26,WAS,DEN,0,0.27538282
0022500630,2026-01-22,2025-26,DAL,GSW,1,0.44992322
0022500631,2026-01-22,2025-26,MIN,CHI,0,0.6801325
0022500632,2026-01-22,2025-26,UTA,SAS,0,0.2303337
0022500633,2026-01-22,2025-26,LAC,LAL,1,0.63745767
0022500634,2026-01-22,2025-26,POR,MIA,1,0.7280515
0022500635,2026-01-23,2025-26,DET,HOU,0,0.57330686
0022500636,2026-01-23,2025-26,ATL,PHX,1,0.42170382
0022500637,2026-01-23,2025-26,BKN,BOS,0,0.28592303
0022500638,2026-01-23,2025-26,CLE,SAC,1,0.7371292
0022500639,2026-01-23,2025-26,MEM,NOP,0,0.5107785
0022500640,2026-01-23,2025-26,MIL,DEN,0,0.61884874
0022500641,2026-01-23,2025-26,OKC,IND,0,0.80141085
0022500642,2026-01-23,2025-26,POR,TOR,0,0.3344052
0022500643,2026-01-24,2025-26,PHI,NYK,0,0.59004503
0022500645,2026-01-24,2025-26,CHA,WAS,1,0.80748254
0022500646,2026-01-24,2025-26,ORL,CLE,0,0.4938739
0022500647,2026-01-24,2025-26,CHI,BOS,1,0.5036471
0022500648,2026-01-24,2025-26,DAL,LAL,0,0.446614
0022500649,2026-01-24,2025-26,UTA,MIA,0,0.40632454
0022500644,2026-01-25,2025-26,MIN,GSW,0,0.68907464
0022500650,2026-01-25,2025-26,DET,SAC,1,0.79276305
0022500653,2026-01-25,2025-26,OKC,TOR,0,0.60437024
0022500654,2026-01-25,2025-26,SAS,NOP,0,0.7521772
0022500655,2026-01-25,2025-26,PHX,MIA,0,0.75639385
0022500656,2026-01-25,2025-26,LAC,BKN,1,0.73753864
0022500657,2026-01-26,2025-26,CHA,PHI,1,0.62253124
0022500658,2026-01-26,2025-26,CLE,ORL,1,0.64034677
0022500659,2026-01-26,2025-26,ATL,IND,1,0.7716251
0022500660,2026-01-26,2025-26,BOS,POR,1,0.73359424
0022500661,2026-01-26,2025-26,CHI,LAL,0,0.50217354
0022500662,2026-01-26,2025-26,HOU,MEM,1,0.73324084
0022500663,2026-01-26,2025-26,MIN,GSW,1,0.71677065
0022500664,2026-01-27,2025-26,WAS,POR,1,0.31852654
0022500665,2026-01-27,2025-26,NYK,SAC,1,0.7800611
0022500666,2026-01-27,2025-26,PHI,MIL,1,0.7670368
0022500667,2026-01-27,2025-26,OKC,NOP,1,0.6932284
0022500668,2026-01-27,2025-26,DEN,DET,0,0.38033962
0022500669,2026-01-27,2025-26,PHX,BKN,1,0.61339164
0022500670,2026-01-27,2025-26,UTA,LAC,0,0.18348747
0022500671,2026-01-28,2025-26,CLE,LAL,1,0.5351682
0022500672,2026-01-28,2025-26,IND,CHI,1,0.29605502
0022500673,2026-01-28,2025-26,BOS,ATL,0,0.6761101
0022500674,2026-01-28,2025-26,MIA,ORL,0,0.5231425
0022500675,2026-01-28,2025-26,TOR,NYK,0,0.6957624
0022500676,2026-01-28,2025-26,MEM,CHA,0,0.33246824
0022500677,2026-01-28,2025-26,DAL,MIN,0,0.24653935
0022500678,2026-01-28,2025-26,UTA,GSW,0,0.22362122
0022500679,2026-01-28,2025-26,HOU,SAS,0,0.553594
0022500529,2026-01-29,2025-26,CHI,MIA,0,0.6181887
0022500680,2026-01-29,2025-26,PHI,SAC,1,0.7613449
0022500681,2026-01-29,2025-26,WAS,MIL,1,0.52788526
0022500682,2026-01-29,2025-26,ATL,HOU,0,0.30304727
0022500683,2026-01-29,2025-26,DAL,CHA,0,0.35538602
0022500684,2026-01-29,2025-26,DEN,BKN,1,0.711749
0022500685,2026-01-29,2025-26,PHX,DET,1,0.42208448
0022500686,2026-01-29,2025-26,MIN,OKC,1,0.43984258
0022500687,2026-01-30,2025-26,ORL,TOR,1,0.36400497
0022500688,2026-01-30,2025-26,WAS,LAL,0,0.2200952
0022500689,2026-01-30,2025-26,BOS,SAC,1,0.8609659
0022500690,2026-01-30,2025-26,NYK,POR,1,0.5297663
0022500691,2026-01-30,2025-26,NOP,MEM,1,0.604055
0022500693,2026-01-30,2025-26,PHX,CLE,1,0.42529815
0022500694,2026-01-30,2025-26,UTA,BKN,0,0.5871675
0022500695,2026-01-30,2025-26,DEN,LAC,1,0.38427565
0022500696,2026-01-30,2025-26,GSW,DET,0,0.59557766
0022500692,2026-01-31,2025-26,MIA,CHI,0,0.646425
0022500697,2026-01-31,2025-26,CHA,SAS,1,0.46770635
0022500698,2026-01-31,2025-26,IND,ATL,1,0.34399804
0022500699,2026-01-31,2025-26,PHI,NOP,1,0.71714604
0022500700,2026-01-31,2025-26,MEM,MIN,0,0.1863275
0022500701,2026-01-31,2025-26,HOU,DAL,1,0.74411976
0022500702,2026-02-01,2025-26,BOS,MIL,1,0.84573996
0022500703,2026-02-01,2025-26,SAS,ORL,1,0.6102265
0022500704,2026-02-01,2025-26,DET,BKN,1,0.85744053
0022500705,2026-02-01,2025-26,MIA,CHI,1,0.6274372
0022500706,2026-02-01,2025-26,TOR,UTA,1,0.8125522
0022500707,2026-02-01,2025-26,WAS,SAC,1,0.59122527
0022500708,2026-02-01,2025-26,NYK,LAL,1,0.48668197
0022500709,2026-02-01,2025-26,PHX,LAC,0,0.5196029
0022500710,2026-02-01,2025-26,POR,CLE,0,0.32642275
0022500711,2026-02-01,2025-26,DEN,OKC,0,0.42632297
0022500712,2026-02-02,2025-26,CHA,NOP,1,0.72844726
0022500713,2026-02-02,2025-26,IND,HOU,0,0.27934325
0022500714,2026-02-02,2025-26,MEM,MIN,1,0.22063032
0022500715,2026-02-02,2025-26,LAC,PHI,0,0.4532723
0022500716,2026-02-03,2025-26,DET,DEN,1,0.58256423
0022500717,2026-02-03,2025-26,IND,UTA,0,0.4157379
0022500718,2026-02-03,2025-26,WAS,NYK,0,0.2600645
0022500719,2026-02-03,2025-26,BKN,LAL,0,0.22242619
0022500720,2026-02-03,2025-26,MIA,ATL,0,0.5318655
0022500721,2026-02-03,2025-26,DAL,BOS,0,0.2926903
0022500722,2026-02-03,2025-26,MIL,CHI,1,0.32903603
0022500723,2026-02-03,2025-26,OKC,ORL,1,0.73139054
0022500724,2026-02-03,2025-26,GSW,PHI,0,0.6918154
0022500725,2026-02-03,2025-26,POR,PHX,0,0.41437736
0022500726,2026-02-04,2025-26,NYK,DEN,1,0.4198985
0022500727,2026-02-04,2025-26,TOR,MIN,0,0.4621902
0022500728,2026-02-04,2025-26,HOU,BOS,0,0.7206775
0022500729,2026-02-04,2025-26,MIL,NOP,1,0.3835305
0022500730,2026-02-04,2025-26,SAS,OKC,1,0.789864
0022500731,2026-02-04,2025-26,SAC,MEM,0,0.48820353
0022500732,2026-02-04,2025-26,LAC,CLE,0,0.46834522
0022500733,2026-02-05,2025-26,DET,WAS,0,0.82550806
0022500734,2026-02-05,2025-26,ORL,BKN,1,0.74620444
0022500735,2026-02-05,2025-26,ATL,UTA,1,0.7618356
0022500736,2026-02-05,2025-26,TOR,CHI,1,0.7330505
0022500737,2026-02-05,2025-26,HOU,CHA,0,0.44381398
0022500738,2026-02-05,2025-26,DAL,SAS,0,0.42555705
0022500739,2026-02-05,2025-26,PHX,GSW,0,0.5106337
0022500740,2026-02-05,2025-26,LAL,PHI,1,0.5811393
0022500741,2026-02-06,2025-26,BOS,MIA,1,0.69167376
0022500742,2026-02-06,2025-26,DET,NYK,1,0.53685766
0022500743,2026-02-06,2025-26,MIL,IND,1,0.6279253
0022500744,2026-02-06,2025-26,MIN,NOP,0,0.7677943
0022500745,2026-02-06,2025-26,POR,MEM,1,0.6288407
0022500746,2026-02-06,2025-26,SAC,LAC,0,0.25972736
0022500747,2026-02-07,2025-26,BKN,WAS,1,0.67346245
0022500748,2026-02-07,2025-26,OKC,HOU,0,0.57258177
0022500749,2026-02-07,2025-26,SAS,DAL,1,0.72545576
0022500750,2026-02-07,2025-26,ORL,UTA,1,0.66486263
0022500751,2026-02-07,2025-26,ATL,CHA,0,0.38172728
0022500752,2026-02-07,2025-26,CHI,DEN,0,0.24074493
0022500753,2026-02-07,2025-26,LAL,GSW,1,0.6268972
0022500754,2026-02-07,2025-26,PHX,PHI,0,0.46248183
0022500755,2026-02-07,2025-26,POR,MEM,1,0.78536355
0022500756,2026-02-07,2025-26,SAC,CLE,0,0.1320954
0022500757,2026-02-08,2025-26,BOS,NYK,0,0.67584383
0022500758,2026-02-08,2025-26,WAS,MIA,0,0.1815174
0022500759,2026-02-08,2025-26,TOR,IND,1,0.77802116
0022500760,2026-02-08,2025-26,MIN,LAC,0,0.7399095
0022500761,2026-02-09,2025-26,CHA,DET,0,0.54617274
0022500762,2026-02-09,2025-26,BKN,CHI,1,0.3764699
0022500763,2026-02-09,2025-26,MIA,UTA,0,0.607712
0022500764,2026-02-09,2025-26,ORL,MIL,1,0.7559863
0022500765,2026-02-09,2025-26,MIN,ATL,1,0.79483175
0022500766,2026-02-09,2025-26,NOP,SAC,1,0.80776054
0022500767,2026-02-09,2025-26,DEN,CLE,0,0.5270571
0022500768,2026-02-09,2025-26,GSW,MEM,1,0.744008
0022500769,2026-02-09,2025-26,LAL,OKC,0,0.5028635
0022500770,2026-02-09,2025-26,POR,PHI,1,0.5434536
0022500771,2026-02-10,2025-26,NYK,IND,0,0.75872606
0022500772,2026-02-10,2025-26,HOU,LAC,1,0.79371536
0022500773,2026-02-10,2025-26,PHX,DAL,1,0.732061
0022500774,2026-02-10,2025-26,LAL,SAS,0,0.18824868
0022500775,2026-02-11,2025-26,CHA,ATL,1,0.51232785
0022500776,2026-02-11,2025-26,CLE,WAS,1,0.85774124
0022500777,2026-02-11,2025-26,ORL,MIL,0,0.7514557
0022500778,2026-02-11,2025-26,BOS,CHI,1,0.8730474
0022500779,2026-02-11,2025-26,BKN,IND,0,0.6453795
0022500780,2026-02-11,2025-26,PHI,NYK,0,0.47534558
0022500781,2026-02-11,2025-26,TOR,DET,0,0.5344374
0022500782,2026-02-11,2025-26,HOU,LAC,0,0.704416
0022500783,2026-02-11,2025-26,MIN,POR,1,0.73702526
0022500784,2026-02-11,2025-26,NOP,MIA,0,0.42059442
0022500785,2026-02-11,2025-26,PHX,OKC,0,0.25213867
0022500786,2026-02-11,2025-26,UTA,SAC,1,0.7208088
0022500787,2026-02-11,2025-26,DEN,MEM,1,0.85271347
0022500788,2026-02-11,2025-26,GSW,SAS,0,0.3984206
0022500789,2026-02-12,2025-26,OKC,MIL,0,0.78612566
0022500790,2026-02-12,2025-26,UTA,POR,0,0.32224402
0022500791,2026-02-12,2025-26,LAL,DAL,1,0.7420843
0022500792,2026-02-19,2025-26,CHA,HOU,0,0.41511115
0022500793,2026-02-19,2025-26,CLE,BKN,1,0.87439835
0022500794,2026-02-19,2025-26,PHI,ATL,0,0.38768262
0022500795,2026-02-19,2025-26,WAS,IND,1,0.37240714
0022500796,2026-02-19,2025-26,NYK,DET,0,0.49187526
0022500797,2026-02-19,2025-26,CHI,TOR,0,0.3175778
0022500798,2026-02-19,2025-26,SAS,PHX,1,0.7040874
0022500799,2026-02-19,2025-26,GSW,BOS,0,0.31303164
0022500800,2026-02-19,2025-26,SAC,ORL,0,0.21487708
0022500801,2026-02-19,2025-26,LAC,DEN,1,0.36766338
0022500802,2026-02-20,2025-26,CHA,CLE,0,0.3149348
0022500803,2026-02-20,2025-26,WAS,IND,1,0.46855104
0022500804,2026-02-20,2025-26,MEM,UTA,1,0.41351262
0022500805,2026-02-20,2025-26,ATL,MIA,0,0.38988507
0022500806,2026-02-20,2025-26,MIN,DAL,1,0.86350363
0022500807,2026-02-20,2025-26,NOP,MIL,0,0.5442003
0022500808,2026-02-20,2025-26,OKC,BKN,1,0.8837713
0022500809,2026-02-20,2025-26,LAL,LAC,1,0.76302636
0022500810,2026-02-20,2025-26,POR,DEN,0,0.5836656
0022500811,2026-02-21,2025-26,PHX,ORL,1,0.5494167
0022500812,2026-02-21,2025-26,NOP,PHI,1,0.42141595
0022500813,2026-02-21,2025-26,MIA,MEM,1,0.8440835
0022500814,2026-02-21,2025-26,CHI,DET,0,0.23632513
0022500815,2026-02-21,2025-26,SAS,SAC,1,0.893747
0022500816,2026-02-21,2025-26,NYK,HOU,1,0.54595244
0022500817,2026-02-22,2025-26,OKC,CLE,1,0.3713665
0022500818,2026-02-22,2025-26,ATL,BKN,1,0.7901537
0022500819,2026-02-22,2025-26,MIL,TOR,0,0.33429384
0022500820,2026-02-22,2025-26,GSW,DEN,1,0.28292513
0022500821,2026-02-22,2025-26,IND,DAL,0,0.54578835
0022500822,2026-02-22,2025-26,WAS,CHA,0,0.21410866
0022500823,2026-02-22,2025-26,LAL,BOS,0,0.46319285
0022500824,2026-02-22,2025-26,MIN,PHI,0,0.82386595
0022500825,2026-02-22,2025-26,CHI,NYK,0,0.2513643
0022500826,2026-02-22,2025-26,PHX,POR,0,0.30833843
0022500827,2026-02-22,2025-26,LAC,ORL,0,0.62486553
0022500828,2026-02-23,2025-26,DET,SAS,0,0.5308864
0022500829,2026-02-23,2025-26,MEM,SAC,0,0.5253886
0022500830,2026-02-23,2025-26,HOU,UTA,1,0.763066
0022500831,2026-02-24,2025-26,IND,PHI,0,0.301369
0022500832,2026-02-24,2025-26,ATL,WAS,1,0.82248473
0022500833,2026-02-24,2025-26,BKN,DAL,0,0.40606123
0022500834,2026-02-24,2025-26,TOR,OKC,0,0.6181114
0022500835,2026-02-24,2025-26,CLE,NYK,1,0.5808948
0022500836,2026-02-24,2025-26,CHI,CHA,0,0.19595657
0022500837,2026-02-24,2025-26,MIL,MIA,1,0.39886272
0022500838,2026-02-24,2025-26,NOP,GSW,1,0.5796147
0022500839,2026-02-24,2025-26,PHX,BOS,0,0.32446015
0022500840,2026-02-24,2025-26,LAL,ORL,0,0.71729964
0022500841,2026-02-24,2025-26,POR,MIN,0,0.26986095
0022500842,2026-02-25,2025-26,DET,OKC,1,0.82937574
0022500843,2026-02-25,2025-26,TOR,SAS,0,0.37285239
0022500844,2026-02-25,2025-26,MEM,GSW,0,0.35997385
0022500845,2026-02-25,2025-26,HOU,SAC,1,0.8424649
0022500846,2026-02-25,2025-26,MIL,CLE,1,0.38567433
0022500847,2026-02-25,2025-26,DEN,BOS,1,0.60367596
0022500848,2026-02-26,2025-26,IND,CHA,0,0.20597446
0022500849,2026-02-26,2025-26,PHI,MIA,1,0.44750413
0022500850,2026-02-26,2025-26,ATL,WAS,1,0.77899474
0022500851,2026-02-26,2025-26,BKN,SAS,0,0.17622167
0022500852,2026-02-26,2025-26,ORL,HOU,0,0.46661985
0022500853,2026-02-26,2025-26,CHI,POR,0,0.44113234
0022500854,2026-02-26,2025-26,DAL,SAC,0,0.82224697
0022500855,2026-02-26,2025-26,PHX,LAL,1,0.28478488
0022500856,2026-02-26,2025-26,UTA,NOP,0,0.3100736
0022500857,2026-02-26,2025-26,LAC,MIN,0,0.22612081
0022500858,2026-02-27,2025-26,DET,CLE,1,0.70471823
0022500859,2026-02-27,2025-26,BOS,BKN,1,0.89050084
0022500860,2026-02-27,2025-26,MIL,NYK,0,0.26409134
0022500861,2026-02-27,2025-26,DAL,MEM,0,0.63473064
0022500862,2026-02-27,2025-26,OKC,DEN,1,0.5236931
0022500863,2026-02-28,2025-26,CHA,POR,1,0.7538587
0022500864,2026-02-28,2025-26,MIA,HOU,1,0.5232142
0022500865,2026-02-28,2025-26,WAS,TOR,0,0.16944577
0022500866,2026-02-28,2025-26,GSW,LAL,0,0.4076239
0022500867,2026-02-28,2025-26,UTA,NOP,0,0.36071545
0022500868,2026-03-01,2025-26,NYK,SAS,1,0.47198245
0022500869,2026-03-01,2025-26,BKN,CLE,0,0.17111546
0022500870,2026-03-01,2025-26,CHI,MIL,1,0.3355916
0022500871,2026-03-01,2025-26,DEN,MIN,0,0.43314695
0022500872,2026-03-01,2025-26,IND,MEM,0,0.50417614
0022500873,2026-03-01,2025-26,ATL,POR,1,0.7533492
0022500874,2026-03-01,2025-26,BOS,PHI,1,0.8002203
0022500875,2026-03-01,2025-26,ORL,DET,0,0.30533117
0022500876,2026-03-01,2025-26,DAL,OKC,0,0.16341855
0022500877,2026-03-01,2025-26,LAC,NOP,1,0.62413216
0022500878,2026-03-01,2025-26,LAL,SAC,1,0.85829455
0022500879,2026-03-02,2025-26,WAS,HOU,0,0.15222178
0022500880,2026-03-02,2025-26,MIL,BOS,0,0.39391392
0022500881,2026-03-02,2025-26,UTA,DEN,0,0.23736292
0022500882,2026-03-02,2025-26,GSW,LAC,0,0.64125246
0022500883,2026-03-03,2025-26,CHA,DAL,1,0.875795
0022500884,2026-03-03,2025-26,CLE,DET,1,0.48997197
0022500885,2026-03-03,2025-26,ORL,WAS,1,0.8960524
0022500886,2026-03-03,2025-26,MIA,BKN,1,0.8805353
0022500887,2026-03-03,2025-26,TOR,NYK,0,0.43896037
0022500888,2026-03-03,2025-26,PHI,SAS,0,0.20748
0022500889,2026-03-03,2025-26,CHI,OKC,0,0.22031905
0022500890,2026-03-03,2025-26,MIN,MEM,1,0.8305579
0022500891,2026-03-03,2025-26,LAL,NOP,1,0.6280285
0022500892,2026-03-03,2025-26,SAC,PHX,0,0.20176335
0022500893,2026-03-04,2025-26,NYK,OKC,0,0.5393883
0022500894,2026-03-04,2025-26,BOS,CHA,0,0.71712434
0022500895,2026-03-04,2025-26,PHI,UTA,1,0.49770042
0022500896,2026-03-04,2025-26,MEM,POR,0,0.26681933
0022500897,2026-03-04,2025-26,MIL,ATL,0,0.41419455
0022500898,2026-03-04,2025-26,LAC,IND,1,0.67652106
0022500899,2026-03-05,2025-26,ORL,DAL,1,0.680269
0022500900,2026-03-05,2025-26,WAS,UTA,0,0.4688383
0022500901,2026-03-05,2025-26,MIA,BKN,1,0.87376744
0022500902,2026-03-05,2025-26,HOU,GSW,0,0.8022973
0022500903,2026-03-05,2025-26,MIN,TOR,1,0.55356336
0022500904,2026-03-05,2025-26,SAS,DET,1,0.55432355
0022500905,2026-03-05,2025-26,PHX,CHI,0,0.8181726
0022500906,2026-03-05,2025-26,DEN,LAL,1,0.5446967
0022500907,2026-03-05,2025-26,SAC,NOP,0,0.18321215
0022500908,2026-03-06,2025-26,BOS,DAL,1,0.88352615
0022500909,2026-03-06,2025-26,CHA,MIA,0,0.637579
0022500910,2026-03-06,2025-26,HOU,POR,1,0.6770344
0022500911,2026-03-06,2025-26,DEN,NYK,0,0.4594456
0022500912,2026-03-06,2025-26,PHX,NOP,1,0.40555483
0022500913,2026-03-06,2025-26,SAS,LAC,1,0.68937576
0022500914,2026-03-06,2025-26,LAL,IND,1,0.70878905
0022500915,2026-03-07,2025-26,MIN,ORL,0,0.66532946
0022500916,2026-03-07,2025-26,DET,BKN,0,0.8343386
0022500917,2026-03-07,2025-26,ATL,PHI,1,0.71173775
0022500918,2026-03-07,2025-26,MEM,LAC,0,0.33966434
0022500919,2026-03-07,2025-26,MIL,UTA,1,0.68369055
0022500920,2026-03-07,2025-26,OKC,GSW,1,0.77645916
0022500921,2026-03-08,2025-26,CLE,BOS,0,0.45583692
0022500922,2026-03-08,2025-26,LAL,NYK,1,0.3922709
0022500923,2026-03-08,2025-26,MIA,DET,1,0.64312196
0022500924,2026-03-08,2025-26,TOR,DAL,1,0.7682781
0022500925,2026-03-08,2025-26,NOP,WAS,1,0.8548821
0022500926,2026-03-08,2025-26,MIL,ORL,0,0.31870124
0022500927,2026-03-08,2025-26,SAS,HOU,1,0.6151721
0022500928,2026-03-08,2025-26,PHX,CHA,1,0.2353613
0022500929,2026-03-08,2025-26,POR,IND,1,0.7234764
0022500930,2026-03-08,2025-26,SAC,CHI,1,0.31976992
0022500931,2026-03-09,2025-26,CLE,PHI,1,0.8390611
0022500932,2026-03-09,2025-26,BKN,MEM,1,0.3912821
0022500933,2026-03-09,2025-26,OKC,DEN,1,0.5164173
0022500934,2026-03-09,2025-26,UTA,GSW,1,0.5456541
0022500935,2026-03-09,2025-26,LAC,NYK,1,0.43587404
0022500936,2026-03-10,2025-26,PHI,MEM,1,0.5783326
0022500937,2026-03-10,2025-26,BKN,DET,0,0.12340198
0022500938,2026-03-10,2025-26,MIA,WAS,1,0.8964107
0022500939,2026-03-10,2025-26,ATL,DAL,1,0.7918163
0022500940,2026-03-10,2025-26,HOU,TOR,1,0.55447674
0022500941,2026-03-10,2025-26,MIL,PHX,0,0.5234062
0022500942,2026-03-10,2025-26,SAS,BOS,1,0.5356849
0022500943,2026-03-10,2025-26,GSW,CHI,0,0.5432289
0022500944,2026-03-10,2025-26,POR,CHA,0,0.32827082
0022500945,2026-03-10,2025-26,SAC,IND,1,0.41915137
0022500946,2026-03-10,2025-26,LAL,MIN,1,0.42248768
0022500947,2026-03-11,2025-26,ORL,CLE,1,0.4141172
0022500948,2026-03-11,2025-26,NOP,TOR,1,0.56508136
0022500949,2026-03-11,2025-26,UTA,NYK,0,0.19151953
0022500950,2026-03-11,2025-26,DEN,HOU,1,0.6699941
0022500951,2026-03-11,2025-26,SAC,CHA,0,0.1495581
0022500952,2026-03-11,2025-26,LAC,MIN,1,0.536471
0022500953,2026-03-12,2025-26,DET,PHI,1,0.8486389
0022500954,2026-03-12,2025-26,IND,PHX,0,0.37897065
0022500955,2026-03-12,2025-26,ORL,WAS,1,0.8106776
0022500956,2026-03-12,2025-26,ATL,BKN,1,0.891791
0022500957,2026-03-12,2025-26,MIA,MIL,1,0.75344133
0022500958,2026-03-12,2025-26,SAS,DEN,0,0.62427306
0022500959,2026-03-12,2025-26,OKC,BOS,1,0.5829026
0022500960,2026-03-12,2025-26,LAL,CHI,1,0.812573
0022501111,2026-03-12,2025-26,MEM,DAL,0,0.44290158
0022500961,2026-03-13,2025-26,DET,MEM,1,0.85055923
0022500962,2026-03-13,2025-26,IND,NYK,0,0.1560756
0022500963,2026-03-13,2025-26,TOR,PHX,1,0.73000747
0022500964,2026-03-13,2025-26,HOU,NOP,1,0.4798137
0022500965,2026-03-13,2025-26,DAL,CLE,0,0.16819938
0022500966,2026-03-13,2025-26,GSW,MIN,0,0.3161865
0022500967,2026-03-13,2025-26,POR,UTA,1,0.7584308
0022500968,2026-03-13,2025-26,LAC,CHI,1,0.8696873
0022500969,2026-03-14,2025-26,PHI,BKN,1,0.69907767
0022500970,2026-03-14,2025-26,ATL,MIL,1,0.7658278
0022500971,2026-03-14,2025-26,BOS,WAS,1,0.8878018
0022500972,2026-03-14,2025-26,MIA,ORL,0,0.554048
0022500973,2026-03-14,2025-26,SAS,CHA,1,0.6504472
0022500974,2026-03-14,2025-26,LAL,DEN,1,0.40636006
0022500975,2026-03-14,2025-26,LAC,SAC,0,0.81519616
0022500976,2026-03-15,2025-26,OKC,MIN,1,0.6757475
0022500977,2026-03-15,2025-26,CLE,DAL,0,0.85827667
0022500978,2026-03-15,2025-26,TOR,DET,1,0.38112622
0022500979,2026-03-15,2025-26,MIL,IND,1,0.7133839
0022500980,2026-03-15,2025-26,PHI,POR,1,0.21288975
0022500981,2026-03-15,2025-26,NYK,GSW,1,0.8767906
0022500982,2026-03-15,2025-26,SAC,UTA,1,0.59510934
0022500983,2026-03-16,2025-26,ATL,ORL,1,0.5529018
0022500984,2026-03-16,2025-26,WAS,GSW,0,0.43477267
0022500985,2026-03-16,2025-26,BKN,POR,0,0.19238837
0022500986,2026-03-16,2025-26,BOS,PHX,1,0.7434062
0022500987,2026-03-16,2025-26,CHI,MEM,1,0.5928261
0022500988,2026-03-16,2025-26,NOP,DAL,1,0.86656487
0022500989,2026-03-16,2025-26,HOU,LAL,0,0.45013443
0022500990,2026-03-16,2025-26,LAC,SAS,0,0.34831825
0022500991,2026-03-17,2025-26,CHA,MIA,1,0.5972567
0022500992,2026-03-17,2025-26,ORL,OKC,0,0.32439724
0022500993,2026-03-17,2025-26,WAS,DET,0,0.12054047
0022500994,2026-03-17,2025-26,NYK,IND,1,0.8813687
0022500995,2026-03-17,2025-26,MIL,CLE,0,0.2739381
0022500996,2026-03-17,2025-26,MIN,PHX,1,0.66690177
0022500997,2026-03-17,2025-26,DEN,PHI,1,0.8742365
0022500998,2026-03-17,2025-26,SAC,SAS,0,0.19703974
0022500651,2026-03-18,2025-26,MEM,DEN,1,0.22548087
0022500999,2026-03-18,2025-26,BOS,GSW,1,0.8294735
0022501000,2026-03-18,2025-26,BKN,OKC,0,0.118779466
0022501001,2026-03-18,2025-26,IND,POR,0,0.1737861
0022501002,2026-03-18,2025-26,CHI,TOR,0,0.2491006
0022501004,2026-03-18,2025-26,MIN,UTA,1,0.6886402
0022501005,2026-03-18,2025-26,NOP,LAC,1,0.5839449
0022501006,2026-03-18,2025-26,DAL,ATL,0,0.17393486
0022501007,2026-03-18,2025-26,HOU,LAL,0,0.40841344
0022501008,2026-03-19,2025-26,CHA,ORL,1,0.6448857
0022501009,2026-03-19,2025-26,WAS,DET,0,0.17535673
0022501010,2026-03-19,2025-26,MIA,LAL,0,0.5448197
0022501011,2026-03-19,2025-26,CHI,CLE,0,0.1567141
0022501012,2026-03-19,2025-26,NOP,LAC,1,0.7037652
0022501013,2026-03-19,2025-26,SAS,PHX,1,0.8042726
0022501014,2026-03-19,2025-26,UTA,MIL,1,0.31449935
0022501015,2026-03-19,2025-26,SAC,PHI,0,0.5214679
0022501016,2026-03-20,2025-26,BKN,NYK,0,0.10171745
0022501017,2026-03-20,2025-26,DET,GSW,1,0.6603688
0022501018,2026-03-20,2025-26,HOU,ATL,1,0.3769674
0022501019,2026-03-20,2025-26,MEM,BOS,0,0.15176965
0022501020,2026-03-20,2025-26,MIN,POR,0,0.4469243
0022501021,2026-03-20,2025-26,DEN,TOR,1,0.6815602
0022501022,2026-03-21,2025-26,WAS,OKC,0,0.12421937
0022501023,2026-03-21,2025-26,CHA,MEM,1,0.8831691
0022501024,2026-03-21,2025-26,ORL,LAL,0,0.41179812
0022501025,2026-03-21,2025-26,NOP,CLE,0,0.41654202
0022501026,2026-03-21,2025-26,ATL,GSW,1,0.76802677
0022501027,2026-03-21,2025-26,HOU,MIA,1,0.3626119
0022501028,2026-03-21,2025-26,SAS,IND,1,0.8521585
0022501029,2026-03-21,2025-26,DAL,LAC,0,0.2542918
0022501030,2026-03-21,2025-26,UTA,PHI,0,0.5551465
0022501031,2026-03-21,2025-26,PHX,MIL,0,0.6197618
0022501032,2026-03-22,2025-26,DEN,POR,1,0.72691965
0022501033,2026-03-22,2025-26,SAC,BKN,1,0.7431962
0022501034,2026-03-22,2025-26,NYK,WAS,1,0.92392266
0022501035,2026-03-22,2025-26,BOS,MIN,0,0.75164396
0022501036,2026-03-22,2025-26,PHX,TOR,1,0.24082497
0022501037,2026-03-23,2025-26,ATL,MEM,1,0.8449775
0022501038,2026-03-23,2025-26,DET,LAL,1,0.42766875
0022501039,2026-03-23,2025-26,ORL,IND,0,0.81710166
0022501040,2026-03-23,2025-26,PHI,OKC,0,0.14761953
0022501041,2026-03-23,2025-26,MIA,SAS,0,0.40322852
0022501042,2026-03-23,2025-26,CHI,HOU,1,0.26055464
0022501043,2026-03-23,2025-26,UTA,TOR,0,0.35389906
0022501044,2026-03-23,2025-26,DAL,GSW,0,0.31286845
0022501045,2026-03-23,2025-26,POR,BKN,1,0.8736181
0022501046,2026-03-23,2025-26,LAC,MIL,1,0.75569415
0022501047,2026-03-24,2025-26,CHA,SAC,1,0.88811445
0022501048,2026-03-24,2025-26,NYK,NOP,1,0.6307671
0022501049,2026-03-24,2025-26,CLE,ORL,1,0.75012344
0022501050,2026-03-24,2025-26,PHX,DEN,0,0.26064193
0022501051,2026-03-25,2025-26,DET,ATL,0,0.39083302
0022501052,2026-03-25,2025-26,IND,LAL,0,0.17901331
0022501053,2026-03-25,2025-26,PHI,CHI,1,0.71631116
0022501054,2026-03-25,2025-26,BOS,OKC,1,0.5159174
0022501055,2026-03-25,2025-26,CLE,MIA,0,0.5117878
0022501056,2026-03-25,2025-26,MEM,SAS,0,0.16494328
0022501057,2026-03-25,2025-26,UTA,WAS,0,0.66622454
0022501058,2026-03-25,2025-26,MIN,HOU,1,0.4824322
0022501059,2026-03-25,2025-26,DEN,DAL,1,0.8147672
0022501060,2026-03-25,2025-26,GSW,BKN,1,0.8442751
0022501061,2026-03-25,2025-26,POR,MIL,1,0.7977741
0022501062,2026-03-25,2025-26,LAC,TOR,1,0.6283868
0022501063,2026-03-26,2025-26,CHA,NYK,1,0.50216156
0022501064,2026-03-26,2025-26,DET,NOP,1,0.4204093
0022501065,2026-03-26,2025-26,ORL,SAC,1,0.8772003
0022501066,2026-03-27,2025-26,IND,LAC,0,0.18578589
0022501067,2026-03-27,2025-26,BOS,ATL,1,0.464395
0022501068,2026-03-27,2025-26,CLE,MIA,1,0.57063794
0022501069,2026-03-27,2025-26,MEM,HOU,0,0.19984072
0022501070,2026-03-27,2025-26,OKC,CHI,1,0.8715169
0022501071,2026-03-27,2025-26,TOR,NOP,1,0.66771054
0022501072,2026-03-27,2025-26,DEN,UTA,1,0.8743641
0022501073,2026-03-27,2025-26,GSW,WAS,1,0.7406848
0022501074,2026-03-27,2025-26,POR,DAL,0,0.8036272
0022501075,2026-03-27,2025-26,LAL,BKN,1,0.92272305
0022501076,2026-03-28,2025-26,MIL,SAS,0,0.12045578
0022501077,2026-03-28,2025-26,CHA,PHI,0,0.6648496
0022501078,2026-03-28,2025-26,ATL,SAC,1,0.83841985
0022501079,2026-03-28,2025-26,MEM,CHI,1,0.46768388
0022501080,2026-03-28,2025-26,MIN,DET,0,0.36154345
0022501081,2026-03-28,2025-26,PHX,UTA,1,0.8359271
0022501082,2026-03-29,2025-26,MIL,LAC,0,0.11560992
0022501083,2026-03-29,2025-26,IND,MIA,1,0.18203595
0022501084,2026-03-29,2025-26,BKN,SAC,1,0.3380101
0022501085,2026-03-29,2025-26,CHA,BOS,0,0.56601465
0022501086,2026-03-29,2025-26,TOR,ORL,1,0.3392715
0022501087,2026-03-29,2025-26,POR,WAS,1,0.82317024
0022501088,2026-03-29,2025-26,NOP,HOU,0,0.43509433
0022501089,2026-03-29,2025-26,OKC,NYK,1,0.62199485
0022501090,2026-03-29,2025-26,DEN,GSW,1,0.8264409
0022501091,2026-03-30,2025-26,MIA,PHI,1,0.47060037
0022501092,2026-03-30,2025-26,ATL,BOS,1,0.73185986
0022501093,2026-03-30,2025-26,MEM,PHX,0,0.24810542
0022501094,2026-03-30,2025-26,SAS,CHI,1,0.88215196
0022501095,2026-03-30,2025-26,DAL,MIN,0,0.2283288
0022501096,2026-03-30,2025-26,UTA,CLE,0,0.17477667
0022501097,2026-03-30,2025-26,OKC,DET,1,0.78748363
0022501098,2026-03-30,2025-26,LAL,WAS,1,0.9037026
0022500652,2026-03-31,2025-26,MIL,DAL,1,0.58287096
0022501099,2026-03-31,2025-26,ORL,PHX,1,0.6953832
0022501100,2026-03-31,2025-26,BKN,CHA,0,0.106118165
0022501101,2026-03-31,2025-26,DET,TOR,1,0.45679814
0022501102,2026-03-31,2025-26,HOU,NYK,1,0.47672114
0022501103,2026-03-31,2025-26,LAL,CLE,1,0.5679473
0022501104,2026-03-31,2025-26,LAC,POR,0,0.7176437
0022501003,2026-04-01,2025-26,MEM,NYK,0,0.22242057
0022501105,2026-04-01,2025-26,WAS,PHI,0,0.19029683
0022501106,2026-04-01,2025-26,MIA,BOS,0,0.42398545
0022501107,2026-04-01,2025-26,ORL,ATL,0,0.35534486
0022501108,2026-04-01,2025-26,TOR,SAC,0,0.79857486
0022501109,2026-04-01,2025-26,CHI,IND,0,0.5041005
0022501110,2026-04-01,2025-26,HOU,MIL,1,0.90090513
0022501112,2026-04-01,2025-26,UTA,DEN,0,0.13815655
0022501113,2026-04-01,2025-26,GSW,SAS,0,0.123134404
0022501114,2026-04-02,2025-26,CHA,PHX,1,0.6765898
0022501115,2026-04-02,2025-26,DET,MIN,1,0.6542888
0022501116,2026-04-02,2025-26,OKC,LAL,1,0.5983551
0022501117,2026-04-02,2025-26,GSW,CLE,0,0.19547598
0022501118,2026-04-02,2025-26,POR,NOP,1,0.48877466
0022501119,2026-04-02,2025-26,LAC,SAS,0,0.6036148
0022501120,2026-04-03,2025-26,CHA,IND,1,0.8388954
0022501121,2026-04-03,2025-26,PHI,MIN,1,0.7085659
0022501122,2026-04-03,2025-26,BKN,ATL,0,0.09154537
0022501123,2026-04-03,2025-26,NYK,CHI,1,0.85166025
0022501124,2026-04-03,2025-26,HOU,UTA,1,0.8675193
0022501125,2026-04-03,2025-26,MEM,TOR,0,0.18347926
0022501126,2026-04-03,2025-26,MIL,BOS,0,0.1138958
0022501127,2026-04-03,2025-26,DAL,ORL,0,0.23228696
0022501128,2026-04-03,2025-26,SAC,NOP,1,0.34991047
0022501129,2026-04-04,2025-26,MIA,WAS,1,0.8647498
0022501130,2026-04-04,2025-26,DEN,SAS,1,0.4860443
0022501131,2026-04-04,2025-26,PHI,DET,0,0.43989143
0022501132,2026-04-05,2025-26,BOS,TOR,1,0.72637784
0022501133,2026-04-05,2025-26,BKN,WAS,1,0.47961804
0022501134,2026-04-05,2025-26,CHI,PHX,0,0.19398615
0022501135,2026-04-05,2025-26,MIL,MEM,1,0.65173423
0022501136,2026-04-05,2025-26,CLE,IND,1,0.874818
0022501137,2026-04-05,2025-26,MIN,CHA,0,0.305685
0022501138,2026-04-05,2025-26,NOP,ORL,0,0.3393282
0022501139,2026-04-05,2025-26,OKC,UTA,1,0.9071769
0022501140,2026-04-05,2025-26,DAL,LAL,1,0.22942975
0022501141,2026-04-05,2025-26,SAC,LAC,0,0.20197542
0022501142,2026-04-05,2025-26,GSW,HOU,0,0.27425957
0022501143,2026-04-06,2025-26,ATL,NYK,0,0.62958086
0022501144,2026-04-06,2025-26,ORL,DET,1,0.38726717
0022501145,2026-04-06,2025-26,MEM,CLE,0,0.15139431
0022501146,2026-04-06,2025-26,SAS,PHI,1,0.5920601
0022501147,2026-04-06,2025-26,DEN,POR,1,0.70948637
0022501148,2026-04-07,2025-26,WAS,CHI,0,0.6229854
0022501149,2026-04-07,2025-26,BOS,CHA,1,0.6577808
0022501150,2026-04-07,2025-26,BKN,MIL,1,0.3905061
0022501151,2026-04-07,2025-26,TOR,MIA,1,0.59307647
0022501152,2026-04-07,2025-26,IND,MIN,0,0.2434325
0022501153,2026-04-07,2025-26,NOP,UTA,1,0.35859835
0022501154,2026-04-07,2025-26,GSW,SAC,1,0.5834993
0022501155,2026-04-07,2025-26,LAL,OKC,0,0.1552053
0022501156,2026-04-07,2025-26,LAC,DAL,1,0.8679164
0022501157,2026-04-07,2025-26,PHX,HOU,0,0.34568146
0022501158,2026-04-08,2025-26,CLE,ATL,1,0.43992943
0022501159,2026-04-08,2025-26,ORL,MIN,1,0.8079205
0022501160,2026-04-08,2025-26,DET,MIL,1,0.9145883
0022501161,2026-04-08,2025-26,SAS,POR,1,0.6465513
0022501162,2026-04-08,2025-26,DEN,MEM,1,0.9110293
0022501163,2026-04-08,2025-26,LAC,OKC,0,0.37915778
0022501164,2026-04-08,2025-26,PHX,DAL,1,0.84053373
0022501165,2026-04-09,2025-26,TOR,MIA,1,0.62315017
0022501166,2026-04-09,2025-26,WAS,CHI,0,0.52330464
0022501167,2026-04-09,2025-26,BKN,IND,0,0.31863692
0022501168,2026-04-09,2025-26,NYK,BOS,1,0.5139214
0022501169,2026-04-09,2025-26,HOU,PHI,1,0.6144508
0022501170,2026-04-09,2025-26,GSW,LAL,0,0.30041775
0022501171,2026-04-10,2025-26,CHA,DET,0,0.50212026
0022501172,2026-04-10,2025-26,WAS,MIA,0,0.19311012
0022501173,2026-04-10,2025-26,ATL,CLE,1,0.7097607
0022501174,2026-04-10,2025-26,BOS,NOP,1,0.90912753
0022501175,2026-04-10,2025-26,IND,PHI,0,0.19754186
0022501176,2026-04-10,2025-26,NYK,TOR,1,0.61385334
0022501177,2026-04-10,2025-26,CHI,ORL,0,0.15517591
0022501178,2026-04-10,2025-26,HOU,MIN,0,0.67139494
0022501179,2026-04-10,2025-26,MIL,BKN,1,0.7799209
0022501180,2026-04-10,2025-26,SAS,DAL,1,0.8828107
0022501181,2026-04-10,2025-26,UTA,MEM,1,0.684943
0022501182,2026-04-10,2025-26,DEN,OKC,1,0.35573173
0022501183,2026-04-10,2025-26,POR,LAC,1,0.42010635
0022501184,2026-04-10,2025-26,SAC,GSW,1,0.41199723
0022501185,2026-04-10,2025-26,LAL,PHX,1,0.48970273
0022501186,2026-04-12,2025-26,BOS,ORL,1,0.17348509
0022501187,2026-04-12,2025-26,CLE,WAS,1,0.68215173
0022501188,2026-04-12,2025-26,IND,DET,0,0.17991684
0022501189,2026-04-12,2025-26,MIA,ATL,1,0.88753206
0022501190,2026-04-12,2025-26,NYK,CHA,0,0.16901234
0022501191,2026-04-12,2025-26,PHI,MIL,1,0.83268595
0022501192,2026-04-12,2025-26,TOR,BKN,1,0.91918015
0022501193,2026-04-12,2025-26,DAL,CHI,1,0.56937844
0022501194,2026-04-12,2025-26,HOU,MEM,1,0.7592071
0022501195,2026-04-12,2025-26,MIN,NOP,1,0.5980482
0022501196,2026-04-12,2025-26,OKC,PHX,0,0.31478754
0022501197,2026-04-12,2025-26,SAS,DEN,0,0.79386663
0022501198,2026-04-12,2025-26,LAL,UTA,1,0.7987435
0022501199,2026-04-12,2025-26,LAC,GSW,1,0.6961331
0022501200,2026-04-12,2025-26,POR,SAC,1,0.76975775
