date,season,home,away,home_win,p_home
2024-10-25,2024-25,ORL,BKN,1,0.6742723708142957
2024-10-25,2024-25,TOR,PHI,1,0.44366168006555
2024-10-25,2024-25,ATL,CHA,1,0.5529376003863556
2024-10-25,2024-25,CLE,DET,1,0.6652370269569806
2024-10-25,2024-25,NYK,IND,1,0.5563560929203408
2024-10-25,2024-25,HOU,MEM,1,0.781976926517802
2024-10-25,2024-25,MIL,CHI,0,0.43465313201001404
2024-10-25,2024-25,UTA,GSW,0,0.6035109776001636
2024-10-25,2024-25,LAL,PHX,1,0.6152734069830519
2024-10-25,2024-25,POR,NOP,0,0.222398058299371
2024-10-26,2024-25,DEN,LAC,0,0.7151694981570798
2024-10-26,2024-25,CHA,MIA,0,0.4405243825807475
2024-10-26,2024-25,DET,BOS,0,0.16656165829726677
2024-10-26,2024-25,WAS,CLE,0,0.45355407691321453
2024-10-26,2024-25,CHI,OKC,0,0.389449332207431
2024-10-26,2024-25,MEM,ORL,1,0.40293327049422273
2024-10-26,2024-25,MIN,TOR,1,0.73080627821046
2024-10-26,2024-25,SAS,HOU,1,0.752928760082962
2024-10-26,2024-25,PHX,DAL,1,0.549989075018848
2024-10-26,2024-25,LAL,SAC,1,0.5385460785255834
2024-10-27,2024-25,IND,PHI,0,0.6752335498992867
2024-10-27,2024-25,BKN,MIL,1,0.5403675342918683
2024-10-27,2024-25,POR,NOP,1,0.2006515864312832
2024-10-27,2024-25,OKC,ATL,1,0.5563380956484035
2024-10-27,2024-25,GSW,LAC,0,0.7467121212761779
2024-10-28,2024-25,ORL,IND,1,0.6164013939056973
2024-10-28,2024-25,ATL,WAS,0,0.6105810033579679
2024-10-28,2024-25,BOS,MIL,1,0.8685428553074772
2024-10-28,2024-25,MIA,DET,1,0.7156788814906342
2024-10-28,2024-25,NYK,CLE,0,0.6604867084785226
2024-10-28,2024-25,TOR,DEN,0,0.4021336072144489
2024-10-28,2024-25,MEM,CHI,0,0.4925668013705868
2024-10-28,2024-25,SAS,HOU,0,0.6533174888800036
2024-10-28,2024-25,DAL,UTA,1,0.5671911552068984
2024-10-28,2024-25,PHX,LAL,1,0.5770324017986856
2024-10-28,2024-25,SAC,POR,1,0.7443403560518228
2024-10-29,2024-25,BKN,DEN,0,0.5612214214024372
2024-10-29,2024-25,MIN,DAL,0,0.7149272610847232
2024-10-29,2024-25,UTA,SAC,0,0.44213126384454
2024-10-29,2024-25,GSW,NOP,1,0.5921427335283803
2024-10-30,2024-25,CHA,TOR,1,0.6294203396740458
2024-10-30,2024-25,CLE,LAL,1,0.5917508898897472
2024-10-30,2024-25,IND,BOS,1,0.40825729067110744
2024-10-30,2024-25,PHI,DET,0,0.6863905066761854
2024-10-30,2024-25,WAS,ATL,1,0.4004743543878451
2024-10-30,2024-25,MIA,NYK,0,0.5182527448916905
2024-10-30,2024-25,CHI,ORL,1,0.45713828104646315
2024-10-30,2024-25,MEM,BKN,0,0.5647299874586779
2024-10-30,2024-25,OKC,SAS,1,0.688332507650223
2024-10-30,2024-25,GSW,NOP,1,0.6322978963554122
2024-10-30,2024-25,LAC,POR,0,0.6782846693562984
2024-10-31,2024-25,MEM,MIL,1,0.40365175240933726
2024-10-31,2024-25,DAL,HOU,0,0.5367249468220046
2024-10-31,2024-25,UTA,SAS,0,0.5995052993644147
2024-10-31,2024-25,LAC,PHX,0,0.3696713270073741
2024-11-01,2024-25,CHA,BOS,0,0.31370163218435404
2024-11-01,2024-25,CLE,ORL,1,0.6366194455689816
2024-11-01,2024-25,DET,NYK,0,0.3654217317117952
2024-11-01,2024-25,ATL,SAC,0,0.46296213842718237
2024-11-01,2024-25,BKN,CHI,1,0.5713439427559581
2024-11-01,2024-25,TOR,LAL,0,0.33617631360751316
2024-11-01,2024-25,NOP,IND,1,0.5253395081756254
2024-11-01,2024-25,MIN,DEN,1,0.5449730784450137
2024-11-01,2024-25,POR,OKC,0,0.2932106975782456
2024-11-02,2024-25,CHA,BOS,0,0.3089713084449867
2024-11-02,2024-25,PHI,MEM,0,0.6028071212732412
2024-11-02,2024-25,TOR,SAC,1,0.3879779492970116
2024-11-02,2024-25,HOU,GSW,0,0.5376462923100475
2024-11-02,2024-25,MIL,CLE,0,0.45693541940108046
2024-11-02,2024-25,SAS,MIN,1,0.5740752503491168
2024-11-02,2024-25,DEN,UTA,1,0.7112433618578456
2024-11-02,2024-25,PHX,POR,1,0.8273569557320694
2024-11-02,2024-25,LAC,OKC,0,0.5221416116925749
2024-11-03,2024-25,BKN,DET,0,0.6841026122925213
2024-11-03,2024-25,NOP,ATL,0,0.6282817539261534
2024-11-03,2024-25,DAL,ORL,1,0.5452810063621868
2024-11-04,2024-25,CLE,MIL,1,0.7546833526422883
2024-11-04,2024-25,WAS,GSW,0,0.3303227076257174
2024-11-04,2024-25,DET,LAL,1,0.33456623047310013
2024-11-04,2024-25,ATL,BOS,0,0.2692297559810146
2024-11-04,2024-25,BKN,MEM,1,0.5351012367641156
2024-11-04,2024-25,MIA,SAC,0,0.5187741210152236
2024-11-04,2024-25,CHI,UTA,0,0.6651868861313059
2024-11-04,2024-25,HOU,NYK,1,0.5084650291336313
2024-11-04,2024-25,MIN,CHA,1,0.7333873979548564
2024-11-04,2024-25,OKC,ORL,1,0.7895962045741818
2024-11-04,2024-25,NOP,POR,0,0.626094390236976
2024-11-04,2024-25,DAL,IND,0,0.49424294657791484
2024-11-04,2024-25,DEN,TOR,1,0.7348749602201257
2024-11-04,2024-25,PHX,PHI,1,0.7132482484013339
2024-11-04,2024-25,LAC,SAS,1,0.6249639518999387
2024-11-06,2024-25,CHA,DET,1,0.5909306346479175
2024-11-06,2024-25,IND,ORL,1,0.6278004957204562
2024-11-06,2024-25,ATL,NYK,1,0.4314269299857769
2024-11-06,2024-25,BOS,GSW,0,0.670525852996475
2024-11-06,2024-25,HOU,SAS,1,0.6617965166543238
2024-11-06,2024-25,MEM,LAL,1,0.46744127185274803
2024-11-06,2024-25,NOP,CLE,0,0.4321927731594449
2024-11-06,2024-25,DAL,CHI,1,0.6200110275262758
2024-11-06,2024-25,DEN,OKC,1,0.46663875132403043
2024-11-06,2024-25,PHX,MIA,1,0.6861967636516684
2024-11-06,2024-25,LAC,PHI,1,0.6038495959046184
2024-11-06,2024-25,SAC,TOR,1,0.746945893059193
2024-11-07,2024-25,CHI,MIN,0,0.35696688786602054
2024-11-07,2024-25,MIL,UTA,1,0.6340530152068086
2024-11-07,2024-25,SAS,POR,1,0.566935295508003
2024-11-08,2024-25,CHA,IND,1,0.421676136111018
2024-11-08,2024-25,DET,ATL,1,0.5067915483771468
2024-11-08,2024-25,ORL,NOP,1,0.5507476138615462
2024-11-08,2024-25,BOS,BKN,1,0.7929839747345228
2024-11-08,2024-25,CLE,GSW,1,0.5731047850272284
2024-11-08,2024-25,NYK,MIL,1,0.7691469114807341
2024-11-08,2024-25,DAL,PHX,0,0.4690510533086822
2024-11-08,2024-25,MEM,WAS,1,0.6584451658442879
2024-11-08,2024-25,OKC,HOU,1,0.6849526591270417
2024-11-08,2024-25,MIN,POR,1,0.7808257404794502
2024-11-08,2024-25,DEN,MIA,1,0.6329215549709453
2024-11-08,2024-25,LAL,PHI,1,0.6317644207055565
2024-11-08,2024-25,SAC,LAC,0,0.6459180393124214
2024-11-09,2024-25,SAS,UTA,0,0.6720325935646551
2024-11-09,2024-25,ATL,CHI,0,0.5378925919421668
2024-11-09,2024-25,CLE,BKN,1,0.7711189704585102
2024-11-09,2024-25,LAC,TOR,1,0.6979581795842403
2024-11-10,2024-25,DET,HOU,0,0.46740999444364895
2024-11-10,2024-25,MIL,BOS,0,0.3340687514315928
2024-11-10,2024-25,IND,NYK,1,0.5284472281835643
2024-11-10,2024-25,ORL,WAS,1,0.6731684089087575
2024-11-10,2024-25,PHI,CHA,1,0.5822910234206353
2024-11-10,2024-25,MIN,MIA,0,0.6771814269237505
2024-11-10,2024-25,OKC,GSW,0,0.6061804343869766
2024-11-10,2024-25,DEN,DAL,1,0.6102607121565758
2024-11-10,2024-25,PHX,SAC,0,0.647223017594495
2024-11-10,2024-25,POR,MEM,0,0.4696077850549602
2024-11-10,2024-25,LAL,TOR,1,0.7870312156378497
2024-11-11,2024-25,CHI,CLE,0,0.3487812012883626
2024-11-11,2024-25,HOU,WAS,1,0.7766179163078377
2024-11-11,2024-25,NOP,BKN,0,0.5482440264784924
2024-11-11,2024-25,OKC,LAC,1,0.5903069628796601
2024-11-11,2024-25,SAS,SAC,1,0.566125822507485
2024-11-12,2024-25,BOS,ATL,0,0.8009645372023961
2024-11-12,2024-25,DET,MIA,1,0.45904734706413747
2024-11-12,2024-25,ORL,CHA,1,0.672719155449784
2024-11-12,2024-25,PHI,NYK,0,0.41756184698499216
2024-11-12,2024-25,MIL,TOR,1,0.6524670765476267
2024-11-12,2024-25,UTA,PHX,0,0.32302171956639547
2024-11-12,2024-25,GSW,DAL,1,0.672407431013424
2024-11-12,2024-25,POR,MIN,1,0.32126552780543116
2024-11-13,2024-25,ORL,IND,1,0.48435640739349584
2024-11-13,2024-25,BKN,BOS,0,0.45641180225020955
2024-11-13,2024-25,NYK,CHI,0,0.6904321159787388
2024-11-13,2024-25,PHI,CLE,0,0.275535720827694
2024-11-13,2024-25,OKC,NOP,1,0.745295117452131
2024-11-13,2024-25,HOU,LAC,1,0.5873043812387122
2024-11-13,2024-25,MIL,DET,1,0.6544647562768585
2024-11-13,2024-25,SAS,WAS,1,0.6899250683830415
2024-11-13,2024-25,LAL,MEM,1,0.6180076534553044
2024-11-13,2024-25,POR,MIN,1,0.3807430645476835
2024-11-13,2024-25,SAC,PHX,1,0.6035997146092345
2024-11-14,2024-25,UTA,DAL,1,0.3768174099674303
2024-11-15,2024-25,IND,MIA,0,0.5814075649323147
2024-11-15,2024-25,ORL,PHI,1,0.6467275443501287
2024-11-15,2024-25,TOR,DET,0,0.5027409847386151
2024-11-15,2024-25,ATL,WAS,1,0.6565752042096934
2024-11-15,2024-25,CLE,CHI,1,0.7844472281885593
2024-11-15,2024-25,NYK,BKN,1,0.7069689884352163
2024-11-15,2024-25,SAS,LAL,0,0.5006312462534593
2024-11-15,2024-25,HOU,LAC,1,0.5955993881303344
2024-11-15,2024-25,NOP,DEN,1,0.4016859381059752
2024-11-15,2024-25,OKC,PHX,1,0.6303377077182225
2024-11-15,2024-25,GSW,MEM,1,0.7150677586598194
2024-11-15,2024-25,SAC,MIN,0,0.5793327233990107
2024-11-16,2024-25,CHA,MIL,1,0.47552323577506406
2024-11-16,2024-25,BOS,TOR,1,0.8962916373236974
2024-11-16,2024-25,NOP,LAL,0,0.4769716693504208
2024-11-16,2024-25,DAL,SAS,1,0.7262289922520856
2024-11-16,2024-25,SAC,UTA,1,0.7140422133314184
2024-11-17,2024-25,MIN,PHX,1,0.5597017196727085
2024-11-17,2024-25,IND,MIA,1,0.5352309214439321
2024-11-17,2024-25,CLE,CHA,1,0.8753259557248494
2024-11-17,2024-25,WAS,DET,0,0.4636498870425493
2024-11-17,2024-25,MEM,DEN,1,0.5189086622009726
2024-11-17,2024-25,POR,ATL,1,0.4915795254245474
2024-11-17,2024-25,NYK,BKN,1,0.7208162126814871
2024-11-17,2024-25,CHI,HOU,0,0.4539552748979034
2024-11-17,2024-25,OKC,DAL,0,0.7582540210047646
2024-11-17,2024-25,LAC,UTA,1,0.7958658951233503
2024-11-18,2024-25,DET,CHI,0,0.5764570776810723
2024-11-18,2024-25,MIA,PHI,1,0.610395718544917
2024-11-18,2024-25,NYK,WAS,1,0.8445032791272928
2024-11-18,2024-25,TOR,IND,1,0.4448433955034108
2024-11-18,2024-25,MIL,HOU,1,0.5276131125354293
2024-11-18,2024-25,PHX,ORL,0,0.536263516525889
2024-11-18,2024-25,SAC,ATL,0,0.7739285233035098
2024-11-18,2024-25,LAC,GSW,1,0.4013987019270718
2024-11-19,2024-25,BOS,CLE,1,0.608529694402109
2024-11-19,2024-25,BKN,CHA,1,0.6555502288901539
2024-11-19,2024-25,MEM,DEN,0,0.5524464258534627
2024-11-19,2024-25,DAL,NOP,1,0.738515474879632
2024-11-19,2024-25,SAS,OKC,1,0.3581794641228843
2024-11-19,2024-25,LAL,UTA,1,0.7536581379793627
2024-11-20,2024-25,CLE,NOP,1,0.8326036373180081
2024-11-20,2024-25,MIL,CHI,1,0.5579440573382355
2024-11-20,2024-25,HOU,IND,1,0.6480639435773851
2024-11-20,2024-25,MEM,PHI,1,0.5965268180569784
2024-11-20,2024-25,OKC,POR,1,0.7222967457775319
2024-11-20,2024-25,PHX,NYK,0,0.5674025411784478
2024-11-20,2024-25,GSW,ATL,1,0.7303133837598318
2024-11-20,2024-25,LAC,ORL,1,0.5621534262303717
2024-11-21,2024-25,CHA,DET,1,0.5699173928302542
2024-11-21,2024-25,TOR,MIN,1,0.32344469599723774
2024-11-21,2024-25,SAS,UTA,1,0.6665099026296636
2024-11-21,2024-25,LAL,ORL,0,0.6796027053713624
2024-11-22,2024-25,PHI,BKN,1,0.47599034937431434
2024-11-22,2024-25,WAS,BOS,0,0.19376920483052495
2024-11-22,2024-25,MIL,IND,1,0.5374821048338854
2024-11-22,2024-25,CHI,ATL,1,0.5434006091830073
2024-11-22,2024-25,HOU,POR,1,0.7389173307639724
2024-11-22,2024-25,NOP,GSW,0,0.34188155520696956
2024-11-22,2024-25,DEN,DAL,0,0.5802373854625006
2024-11-22,2024-25,LAC,SAC,1,0.5735184093282574
2024-11-23,2024-25,UTA,NYK,1,0.3451586479686306
2024-11-23,2024-25,ORL,DET,1,0.7271372433318978
2024-11-23,2024-25,CHI,MEM,0,0.4405148462775944
2024-11-23,2024-25,HOU,POR,0,0.7678943925510363
2024-11-23,2024-25,MIL,CHA,1,0.6160766710642177
2024-11-23,2024-25,SAS,GSW,1,0.5262268946172296
2024-11-23,2024-25,LAL,DEN,0,0.6521407297116514
2024-11-24,2024-25,BOS,MIN,1,0.7093019626407585
2024-11-24,2024-25,IND,WAS,1,0.7373388328231625
2024-11-24,2024-25,MIA,DAL,1,0.5136200116390556
2024-11-24,2024-25,PHI,LAC,0,0.38534618561177775
2024-11-24,2024-25,CLE,TOR,1,0.8615573447276532
2024-11-24,2024-25,SAC,BKN,0,0.6846328454351195
2024-11-25,2024-25,CHA,ORL,0,0.3995838798628695
2024-11-25,2024-25,DET,TOR,1,0.6902787854916852
2024-11-25,2024-25,IND,NOP,1,0.5911799564907074
2024-11-25,2024-25,ATL,DAL,0,0.4690586480404655
2024-11-25,2024-25,BOS,LAC,1,0.7212078954213917
2024-11-25,2024-25,MEM,POR,1,0.6503040747929667
2024-11-25,2024-25,DEN,NYK,0,0.568186956014572
2024-11-25,2024-25,GSW,BKN,0,0.8063900115119016
2024-11-25,2024-25,SAC,OKC,0,0.3707333124172301
2024-11-26,2024-25,WAS,CHI,0,0.36546851514159356
2024-11-26,2024-25,MIA,MIL,0,0.5906816354572707
2024-11-26,2024-25,MIN,HOU,0,0.5495349589980607
2024-11-26,2024-25,UTA,SAS,0,0.4506806226215508
2024-11-26,2024-25,PHX,LAL,1,0.5803682067651098
2024-11-27,2024-25,CHA,MIA,0,0.48739746699673414
2024-11-27,2024-25,CLE,ATL,0,0.8367475554295701
2024-11-27,2024-25,IND,POR,1,0.6019450717575747
2024-11-27,2024-25,ORL,CHI,1,0.7407224383719971
2024-11-27,2024-25,PHI,HOU,0,0.4596080143670796
2024-11-27,2024-25,WAS,LAC,0,0.216051774856975
2024-11-27,2024-25,DAL,NYK,1,0.5826448731219304
2024-11-27,2024-25,MEM,DET,1,0.6877163855306375
2024-11-27,2024-25,MIN,SAC,0,0.5707042821777478
2024-11-27,2024-25,NOP,TOR,0,0.6099195564527266
2024-11-27,2024-25,SAS,LAL,0,0.5945285505037032
2024-11-27,2024-25,PHX,BKN,0,0.5777336838559519
2024-11-27,2024-25,UTA,DEN,0,0.34038950344621205
2024-11-27,2024-25,GSW,OKC,0,0.48419392667016
2024-11-29,2024-25,CHA,NYK,0,0.31151698295375163
2024-11-29,2024-25,ATL,CLE,1,0.3136976036607194
2024-11-29,2024-25,MEM,NOP,1,0.7417307926445464
2024-11-29,2024-25,BKN,ORL,0,0.4894772736697355
2024-11-29,2024-25,MIN,LAC,1,0.5391430579213488
2024-11-29,2024-25,IND,DET,0,0.6546140522640783
2024-11-29,2024-25,MIA,TOR,1,0.742562142862916
2024-11-29,2024-25,CHI,BOS,0,0.28269779489040503
2024-11-29,2024-25,LAL,OKC,0,0.4227298291890428
2024-11-29,2024-25,POR,SAC,1,0.3699851718436387
2024-11-30,2024-25,CHA,ATL,0,0.48794464767737955
2024-11-30,2024-25,DET,PHI,0,0.5111117449743386
2024-11-30,2024-25,MIL,WAS,1,0.7869124877904632
2024-11-30,2024-25,PHX,GSW,1,0.5560880441192851
2024-11-30,2024-25,UTA,DAL,0,0.34615819339818044
2024-12-01,2024-25,BKN,ORL,0,0.4361194864773524
2024-12-01,2024-25,MEM,IND,1,0.629851096152289
2024-12-01,2024-25,CLE,BOS,1,0.538341618758336
2024-12-01,2024-25,NYK,NOP,1,0.8226587269795422
2024-12-01,2024-25,TOR,MIA,1,0.39450296961388426
2024-12-01,2024-25,HOU,OKC,1,0.45846099422056347
2024-12-01,2024-25,UTA,LAL,0,0.35475024962004625
2024-12-01,2024-25,POR,DAL,0,0.3780579862994304
2024-12-01,2024-25,SAC,SAS,0,0.5982805998703696
2024-12-01,2024-25,LAC,DEN,1,0.5878142731027116
2024-12-02,2024-25,ATL,NOP,1,0.7507161544818551
2024-12-02,2024-25,BOS,MIA,1,0.7625234806416397
2024-12-02,2024-25,CHI,BKN,1,0.5747556946820372
2024-12-02,2024-25,MIN,LAL,1,0.665365402410538
2024-12-03,2024-25,CHA,PHI,0,0.48788403005666986
2024-12-03,2024-25,CLE,WAS,1,0.8752179502055931
2024-12-03,2024-25,DET,MIL,0,0.4384019642202321
2024-12-03,2024-25,NYK,ORL,1,0.5931156256194475
2024-12-03,2024-25,TOR,IND,1,0.48067475830688267
2024-12-03,2024-25,OKC,UTA,1,0.8452155444164958
2024-12-03,2024-25,DAL,MEM,1,0.6510431763407774
2024-12-03,2024-25,PHX,SAS,1,0.6245613885857189
2024-12-03,2024-25,DEN,GSW,1,0.5670892055016898
2024-12-03,2024-25,SAC,HOU,1,0.49241513927752806
2024-12-03,2024-25,LAC,POR,1,0.7243375008521886
2024-12-04,2024-25,BOS,DET,1,0.8845403954915828
2024-12-04,2024-25,BKN,IND,1,0.6191639391420375
2024-12-04,2024-25,MIA,LAL,1,0.5991040688176431
2024-12-04,2024-25,PHI,ORL,0,0.354592617198188
2024-12-04,2024-25,MIL,ATL,0,0.5480501405391272
2024-12-04,2024-25,LAC,MIN,0,0.516423857856637
2024-12-05,2024-25,CLE,DEN,1,0.6462286515375925
2024-12-05,2024-25,WAS,DAL,0,0.19751310128254793
2024-12-05,2024-25,NYK,CHA,1,0.8204935243249699
2024-12-05,2024-25,TOR,OKC,0,0.2898596232792311
2024-12-05,2024-25,MEM,SAC,1,0.596104589517984
2024-12-05,2024-25,NOP,PHX,1,0.29933706376064106
2024-12-05,2024-25,SAS,CHI,0,0.6074191143931783
2024-12-05,2024-25,GSW,HOU,1,0.567975959427532
2024-12-06,2024-25,PHI,ORL,1,0.3167142241115844
2024-12-06,2024-25,ATL,LAL,1,0.5808043376634898
2024-12-06,2024-25,BOS,MIL,1,0.7614978020029314
2024-12-06,2024-25,CHI,IND,0,0.5312533592222034
2024-12-06,2024-25,SAS,SAC,0,0.5567562877164779
2024-12-06,2024-25,GSW,MIN,0,0.5122614356388202
2024-12-06,2024-25,POR,UTA,0,0.5955130574251275
2024-12-07,2024-25,CHA,CLE,0,0.2692846473969554
2024-12-07,2024-25,WAS,DEN,1,0.2245757493735235
2024-12-07,2024-25,NOP,OKC,0,0.21720861255484683
2024-12-07,2024-25,NYK,DET,0,0.7981029935300836
2024-12-07,2024-25,TOR,DAL,0,0.33094584744297617
2024-12-07,2024-25,BOS,MEM,0,0.7144781672732716
2024-12-07,2024-25,MIA,PHX,1,0.5574961674223541
2024-12-08,2024-25,CHI,PHI,0,0.5744226382286823
2024-12-08,2024-25,BKN,MIL,0,0.46781486856927285
2024-12-08,2024-25,IND,CHA,0,0.6733749524086023
2024-12-08,2024-25,ATL,DEN,0,0.5865270820429578
2024-12-08,2024-25,MIA,CLE,1,0.5373920501402667
2024-12-08,2024-25,ORL,PHX,1,0.6952137939741029
2024-12-08,2024-25,WAS,MEM,0,0.2567259817468237
2024-12-08,2024-25,SAS,NOP,1,0.72345835013206
2024-12-08,2024-25,GSW,MIN,1,0.5227054990130989
2024-12-08,2024-25,LAC,HOU,0,0.5712186505918362
2024-12-08,2024-25,SAC,UTA,1,0.7237950134156771
2024-12-08,2024-25,LAL,POR,1,0.6556301433762405
2024-12-09,2024-25,TOR,NYK,0,0.3378284982899617
2024-12-10,2024-25,MIL,ORL,1,0.514826482142288
2024-12-10,2024-25,OKC,DAL,1,0.6334483272630083
2024-12-11,2024-25,NYK,ATL,0,0.7317868165735295
2024-12-11,2024-25,HOU,GSW,1,0.6095473004295889
2024-12-12,2024-25,BOS,DET,1,0.8172152657120557
2024-12-12,2024-25,MIA,TOR,1,0.7657859920323395
2024-12-12,2024-25,NOP,SAC,0,0.3217694480874477
2024-12-13,2024-25,CLE,WAS,1,0.866756837279784
2024-12-13,2024-25,PHI,IND,0,0.5368602903860973
2024-12-13,2024-25,MIN,LAL,1,0.6778879787943721
2024-12-13,2024-25,MEM,BKN,1,0.6985675892177355
2024-12-13,2024-25,CHI,CHA,1,0.6607875746391161
2024-12-13,2024-25,DEN,LAC,1,0.5967686976303203
2024-12-13,2024-25,UTA,PHX,0,0.429648611712898
2024-12-13,2024-25,POR,SAS,0,0.4379800297914567
2024-12-15,2024-25,IND,NOP,1,0.6212869999022408
2024-12-15,2024-25,WAS,BOS,0,0.15333177058972405
2024-12-15,2024-25,SAS,MIN,0,0.4050116005027722
2024-12-15,2024-25,PHX,POR,1,0.782524941526373
2024-12-15,2024-25,LAL,MEM,1,0.4363092294251067
2024-12-15,2024-25,ORL,NYK,0,0.5488384073940664
2024-12-15,2024-25,GSW,DAL,0,0.49215934668839884
2024-12-16,2024-25,DET,MIA,1,0.4084755943816657
2024-12-16,2024-25,CHA,PHI,0,0.47295947817805634
2024-12-16,2024-25,TOR,CHI,0,0.4516500578438144
2024-12-16,2024-25,BKN,CLE,0,0.35274633343683337
2024-12-16,2024-25,SAC,DEN,0,0.544504502682927
2024-12-16,2024-25,LAC,UTA,1,0.7089827423958946
2024-12-19,2024-25,DET,UTA,0,0.601982415541267
2024-12-19,2024-25,ORL,OKC,0,0.412517025382781
2024-12-19,2024-25,WAS,CHA,1,0.43140469145430566
2024-12-19,2024-25,BOS,CHI,0,0.7903739942213677
2024-12-19,2024-25,TOR,BKN,0,0.44966405806828913
2024-12-19,2024-25,HOU,NOP,1,0.788905183080151
2024-12-19,2024-25,MEM,GSW,1,0.6326810118345357
2024-12-19,2024-25,MIN,NYK,0,0.5311647183047246
2024-12-19,2024-25,DAL,LAC,0,0.6599015675265801
2024-12-19,2024-25,PHX,IND,0,0.6602617887295712
2024-12-19,2024-25,SAS,ATL,1,0.5182292759492175
2024-12-19,2024-25,POR,DEN,1,0.2647268582183048
2024-12-19,2024-25,SAC,LAL,0,0.6522712115798694
2024-12-20,2024-25,PHI,CHA,1,0.7344770666257887
2024-12-20,2024-25,CLE,MIL,1,0.687261173652333
2024-12-20,2024-25,MIA,OKC,0,0.5516493606193731
2024-12-21,2024-25,SAC,LAL,0,0.5905386266535249
2024-12-21,2024-25,ORL,MIA,1,0.6598512852302937
2024-12-21,2024-25,ATL,MEM,0,0.41889539603925546
2024-12-21,2024-25,BKN,UTA,0,0.6095399954184805
2024-12-21,2024-25,CLE,PHI,1,0.7903492927098694
2024-12-21,2024-25,CHI,BOS,0,0.3717060998794927
2024-12-21,2024-25,MIL,WAS,1,0.738930450997192
2024-12-21,2024-25,MIN,GSW,0,0.57397696551072
2024-12-21,2024-25,NOP,NYK,0,0.2256686269865362
2024-12-21,2024-25,DAL,LAC,1,0.6005811624581724
2024-12-21,2024-25,SAS,POR,1,0.6593328422345442
2024-12-21,2024-25,PHX,DET,0,0.7074283402760829
2024-12-22,2024-25,TOR,HOU,0,0.30714412299829147
2024-12-22,2024-25,SAC,IND,0,0.5056658842569177
2024-12-22,2024-25,NOP,DEN,0,0.19527544321333712
2024-12-23,2024-25,CHA,HOU,0,0.35861626312393813
2024-12-23,2024-25,CLE,UTA,1,0.810430045679529
2024-12-23,2024-25,ORL,BOS,1,0.4738807927851845
2024-12-23,2024-25,PHI,SAS,1,0.5100529056141224
2024-12-23,2024-25,ATL,MIN,1,0.4435386378900744
2024-12-23,2024-25,MIA,BKN,1,0.7176631394453564
2024-12-23,2024-25,NYK,TOR,1,0.8619733704415982
2024-12-23,2024-25,CHI,MIL,0,0.48853865950387465
2024-12-23,2024-25,MEM,LAC,0,0.6099548245021291
2024-12-23,2024-25,OKC,WAS,1,0.9066302431558172
2024-12-23,2024-25,DAL,POR,1,0.8470162688190649
2024-12-23,2024-25,DEN,PHX,1,0.5503107061938286
2024-12-23,2024-25,GSW,IND,0,0.666431371337859
2024-12-23,2024-25,LAL,DET,0,0.6016749416057678
2024-12-25,2024-25,NYK,SAS,1,0.7425839123761003
2024-12-25,2024-25,DAL,MIN,0,0.6925858948119555
2024-12-25,2024-25,BOS,PHI,0,0.800338444399242
2024-12-25,2024-25,GSW,LAL,0,0.5787391265383723
2024-12-25,2024-25,PHX,DEN,1,0.4836318727012069
2024-12-26,2024-25,IND,OKC,0,0.3242855420202154
2024-12-26,2024-25,ORL,MIA,0,0.5960819900948721
2024-12-26,2024-25,WAS,CHA,1,0.45313172247536343
2024-12-26,2024-25,ATL,CHI,1,0.6042614115740587
2024-12-26,2024-25,MEM,TOR,1,0.7904921745922951
2024-12-26,2024-25,MIL,BKN,0,0.6822358808926886
2024-12-26,2024-25,NOP,HOU,0,0.22751441541867076
2024-12-26,2024-25,POR,UTA,1,0.5049235126738162
2024-12-26,2024-25,SAC,DET,0,0.5661317587052465
2024-12-27,2024-25,ORL,NYK,0,0.4115627770362042
2024-12-27,2024-25,BOS,IND,1,0.7895513108978869
2024-12-27,2024-25,BKN,SAS,0,0.434481950797164
2024-12-27,2024-25,HOU,MIN,0,0.594519500169454
2024-12-27,2024-25,NOP,MEM,0,0.22899507678886538
2024-12-27,2024-25,DEN,CLE,0,0.5365268554428091
2024-12-27,2024-25,PHX,DAL,0,0.4601424027866077
2024-12-27,2024-25,LAC,GSW,1,0.61789271719448
2024-12-28,2024-25,ATL,MIA,1,0.48517982490057787
2024-12-28,2024-25,CHA,OKC,0,0.17145834267349944
2024-12-28,2024-25,WAS,NYK,0,0.22143351273265352
2024-12-28,2024-25,CHI,MIL,1,0.4393620852854459
2024-12-28,2024-25,GSW,PHX,1,0.5645609345437835
2024-12-28,2024-25,DEN,DET,1,0.6298852617838024
2024-12-28,2024-25,UTA,PHI,0,0.4547921793036325
2024-12-28,2024-25,POR,DAL,1,0.3317960074210989
2024-12-28,2024-25,LAL,SAC,1,0.5532131569601478
2024-12-29,2024-25,ORL,BKN,1,0.7036816190247924
2024-12-29,2024-25,BOS,IND,0,0.7734332807753594
2024-12-29,2024-25,TOR,ATL,0,0.41139951583528134
2024-12-29,2024-25,HOU,MIA,0,0.7174057894470097
2024-12-29,2024-25,OKC,MEM,1,0.6310461221384108
2024-12-29,2024-25,MIN,SAS,1,0.6340510375123962
2024-12-30,2024-25,CHA,CHI,0,0.4229009653156303
2024-12-30,2024-25,WAS,NYK,0,0.15306795219358788
2024-12-30,2024-25,NOP,LAC,0,0.24527629366377546
2024-12-30,2024-25,UTA,DEN,0,0.3639417811837058
2024-12-30,2024-25,GSW,CLE,0,0.3863396513004092
2024-12-30,2024-25,POR,PHI,0,0.4251537190189139
2024-12-30,2024-25,SAC,DAL,1,0.3849687985864144
2024-12-31,2024-25,BOS,TOR,1,0.8483752103133226
2024-12-31,2024-25,IND,MIL,0,0.5499489640119386
2024-12-31,2024-25,SAS,LAC,1,0.4922638380623399
2024-12-31,2024-25,OKC,MIN,1,0.7549605957588915
2024-12-31,2024-25,PHX,MEM,0,0.468005187544717
2024-12-31,2024-25,LAL,CLE,0,0.431981629032444
2025-01-01,2024-25,DET,ORL,1,0.3969200031859553
2025-01-01,2024-25,WAS,CHI,1,0.33636218611623964
2025-01-01,2024-25,MIA,NOP,1,0.7920851660455831
2025-01-01,2024-25,NYK,UTA,1,0.8349321035288545
2025-01-01,2024-25,TOR,BKN,1,0.3403629432491752
2025-01-01,2024-25,HOU,DAL,1,0.5585466055726002
2025-01-01,2024-25,DEN,ATL,1,0.6630944156938474
2025-01-01,2024-25,SAC,PHI,1,0.5189335919366277
2025-01-02,2024-25,MIA,IND,0,0.5834809001133692
2025-01-02,2024-25,MIN,BOS,0,0.46950974591947203
2025-01-02,2024-25,MIL,BKN,0,0.7546753043052615
2025-01-02,2024-25,OKC,LAC,1,0.7639634777810795
2025-01-02,2024-25,GSW,PHI,1,0.6414340332647481
2025-01-02,2024-25,LAL,POR,1,0.7252680848533035
2025-01-03,2024-25,DET,CHA,1,0.6773062303535774
2025-01-03,2024-25,TOR,ORL,0,0.28511515673410187
2025-01-03,2024-25,HOU,BOS,0,0.6497118114342447
2025-01-03,2024-25,NOP,WAS,1,0.5032855873591079
2025-01-03,2024-25,OKC,NYK,1,0.6267745623516082
2025-01-03,2024-25,DAL,CLE,0,0.41119677005960564
2025-01-03,2024-25,DEN,SAS,0,0.7242949590320424
2025-01-03,2024-25,SAC,MEM,1,0.4322971770564032
2025-01-03,2024-25,LAL,ATL,1,0.46725407438285144
2025-01-04,2024-25,BKN,PHI,0,0.4522519838572919
2025-01-04,2024-25,DET,MIN,1,0.36759126439595635
2025-01-04,2024-25,IND,PHX,1,0.5695090843073335
2025-01-04,2024-25,MIA,UTA,0,0.7249009881473137
2025-01-04,2024-25,CHI,NYK,1,0.3791855633125508
2025-01-04,2024-25,MIL,POR,0,0.7417971435768094
2025-01-04,2024-25,SAS,DEN,0,0.4766628001598499
2025-01-04,2024-25,GSW,MEM,1,0.5391790179433958
2025-01-04,2024-25,LAC,ATL,1,0.6446299131459003
2025-01-05,2024-25,OKC,BOS,1,0.674015938850197
2025-01-05,2024-25,CLE,CHA,1,0.9029641211767181
2025-01-05,2024-25,WAS,NOP,0,0.4408511381499674
2025-01-05,2024-25,ORL,UTA,0,0.7470670848738526
2025-01-05,2024-25,HOU,LAL,1,0.6749094647425529
2025-01-05,2024-25,GSW,SAC,0,0.5180347678593528
2025-01-06,2024-25,DET,POR,1,0.6999625557042122
2025-01-06,2024-25,PHI,PHX,0,0.5385618025344749
2025-01-06,2024-25,BKN,IND,0,0.3826681095584107
2025-01-06,2024-25,NYK,ORL,0,0.7787079745220784
2025-01-06,2024-25,TOR,MIL,0,0.34094877873727225
2025-01-06,2024-25,CHI,SAS,1,0.4820401143156977
2025-01-06,2024-25,MEM,DAL,1,0.5792830288832455
2025-01-06,2024-25,MIN,LAC,1,0.5498507009341621
2025-01-06,2024-25,SAC,MIA,1,0.49639811668600875
2025-01-07,2024-25,CHA,PHX,1,0.387681891037314
2025-01-07,2024-25,WAS,HOU,0,0.23230516525002962
2025-01-07,2024-25,DAL,LAL,1,0.5279753811274661
2025-01-07,2024-25,NOP,MIN,0,0.3569063733177202
2025-01-07,2024-25,UTA,ATL,0,0.49037389674807746
2025-01-07,2024-25,DEN,BOS,0,0.5233057037757832
2025-01-07,2024-25,GSW,MIA,0,0.6569700309526185
2025-01-08,2024-25,CLE,OKC,1,0.5565235260835982
2025-01-08,2024-25,IND,CHI,1,0.690791229206125
2025-01-08,2024-25,NYK,TOR,1,0.8435580693456016
2025-01-08,2024-25,PHI,WAS,1,0.8097258655038647
2025-01-08,2024-25,BKN,DET,0,0.4168513271677599
2025-01-08,2024-25,NOP,POR,0,0.42893901241601917
2025-01-08,2024-25,DEN,LAC,1,0.5622524518180744
2025-01-08,2024-25,MIL,SAS,1,0.5735116502345503
2025-01-09,2024-25,CLE,TOR,1,0.8926214013199193
2025-01-09,2024-25,DET,GSW,0,0.4917223082152873
2025-01-09,2024-25,ORL,MIN,0,0.5221221915937568
2025-01-09,2024-25,MEM,HOU,0,0.6024381190044041
2025-01-09,2024-25,DAL,POR,1,0.8001400057148134
2025-01-09,2024-25,PHX,ATL,1,0.5104732594397958
2025-01-09,2024-25,UTA,MIA,0,0.46375308009349603
2025-01-10,2024-25,IND,GSW,1,0.7159615906041266
2025-01-10,2024-25,ORL,MIL,0,0.48123151476896464
2025-01-10,2024-25,PHI,NOP,0,0.6869833108561548
2025-01-10,2024-25,BOS,SAC,0,0.7678978932299495
2025-01-10,2024-25,NYK,OKC,0,0.47543963759574714
2025-01-10,2024-25,CHI,WAS,1,0.7154795162596689
2025-01-10,2024-25,DEN,BKN,1,0.8111918072481771
2025-01-11,2024-25,PHX,UTA,1,0.6072352312666632
2025-01-11,2024-25,DET,TOR,1,0.7069830623548148
2025-01-11,2024-25,MIN,MEM,0,0.5355417928388959
2025-01-11,2024-25,POR,MIA,0,0.3949557543975944
2025-01-12,2024-25,NYK,MIL,1,0.7146709374754117
2025-01-12,2024-25,DAL,DEN,0,0.5033546734837013
2025-01-12,2024-25,CHI,SAC,0,0.42088215978484067
2025-01-12,2024-25,BOS,NOP,1,0.8734641363432288
2025-01-12,2024-25,CLE,IND,0,0.7692122375024942
2025-01-12,2024-25,ORL,PHI,1,0.568034098438298
2025-01-12,2024-25,WAS,OKC,0,0.10203086054627257
2025-01-12,2024-25,UTA,BKN,1,0.5864953252328519
2025-01-12,2024-25,PHX,CHA,1,0.66735528849222
2025-01-13,2024-25,WAS,MIN,0,0.18473983991391524
2025-01-13,2024-25,NYK,DET,0,0.6906548504504686
2025-01-13,2024-25,TOR,GSW,1,0.36442163792266374
2025-01-13,2024-25,HOU,MEM,1,0.6104507581480529
2025-01-13,2024-25,LAL,SAS,0,0.6240189505888495
2025-01-13,2024-25,LAC,MIA,1,0.6076562373449811
2025-01-14,2024-25,IND,CLE,0,0.4698732563166902
2025-01-14,2024-25,PHI,OKC,0,0.24314094976269043
2025-01-14,2024-25,ATL,PHX,1,0.528638899694684
2025-01-14,2024-25,CHI,NOP,0,0.6440795055285253
2025-01-14,2024-25,MIL,SAC,1,0.5165729747268982
2025-01-14,2024-25,DAL,DEN,0,0.48445550150433364
2025-01-14,2024-25,POR,BKN,0,0.5742983986784005
2025-01-15,2024-25,PHI,NYK,0,0.3152901095090338
2025-01-15,2024-25,TOR,BOS,1,0.2049281680088372
2025-01-15,2024-25,CHI,ATL,0,0.4922346193324968
2025-01-15,2024-25,MIL,ORL,1,0.5217974717131442
2025-01-15,2024-25,MIN,GSW,0,0.6864900641571925
2025-01-15,2024-25,NOP,DAL,1,0.31830328874232294
2025-01-15,2024-25,SAS,MEM,0,0.42829267540207266
2025-01-15,2024-25,DEN,HOU,0,0.5817802958351986
2025-01-15,2024-25,UTA,CHA,0,0.668455382245276
2025-01-15,2024-25,LAL,MIA,1,0.5448866495851451
2025-01-15,2024-25,LAC,BKN,1,0.7988442076776762
2025-01-16,2024-25,DET,IND,0,0.5037566136147363
2025-01-16,2024-25,WAS,PHX,0,0.25014654186596275
2025-01-16,2024-25,OKC,CLE,1,0.6782769765202216
2025-01-16,2024-25,POR,LAC,0,0.3992266731097961
2025-01-16,2024-25,SAC,HOU,1,0.5690905181306267
2025-01-17,2024-25,BOS,ORL,1,0.7473081610893945
2025-01-17,2024-25,NYK,MIN,0,0.6543355237813502
2025-01-17,2024-25,MIA,DEN,0,0.4549686180338974
2025-01-17,2024-25,MIL,TOR,1,0.751322822956701
2025-01-17,2024-25,NOP,UTA,1,0.45723586750005835
2025-01-17,2024-25,SAS,MEM,0,0.39386208087320274
2025-01-17,2024-25,DAL,OKC,1,0.3503245457188829
2025-01-17,2024-25,CHI,CHA,0,0.6804749180315216
2025-01-17,2024-25,LAL,BKN,1,0.7248460401235631
2025-01-18,2024-25,DET,PHX,0,0.5683662657245625
2025-01-18,2024-25,BOS,ATL,0,0.6838780181120091
2025-01-18,2024-25,IND,PHI,1,0.6718456066904382
2025-01-18,2024-25,GSW,WAS,1,0.7867515984195991
2025-01-18,2024-25,MIN,CLE,0,0.4231788777131908
2025-01-18,2024-25,POR,HOU,0,0.23885192880585748
2025-01-19,2024-25,MIA,SAS,1,0.6019058191727034
2025-01-19,2024-25,ORL,DEN,0,0.3989609003234343
2025-01-19,2024-25,MIL,PHI,1,0.7492704360693848
2025-01-19,2024-25,OKC,BKN,1,0.9113139987371982
2025-01-19,2024-25,LAC,LAL,1,0.6313789833568312
2025-01-19,2024-25,POR,CHI,1,0.3556810364569924
2025-01-19,2024-25,SAC,WAS,1,0.8843938439427512
2025-01-20,2024-25,CHA,DAL,1,0.272931597723519
2025-01-20,2024-25,HOU,DET,0,0.7658315828239046
2025-01-20,2024-25,MEM,MIN,1,0.6264433562079658
2025-01-20,2024-25,NYK,ATL,1,0.6944685499594422
2025-01-20,2024-25,CLE,PHX,1,0.7926556258438905
2025-01-20,2024-25,GSW,BOS,0,0.4083508625149451
2025-01-20,2024-25,NOP,UTA,1,0.48870999448221003
2025-01-20,2024-25,LAC,CHI,0,0.7629949010379911
2025-01-21,2024-25,BKN,NYK,0,0.31877137719327603
2025-01-21,2024-25,MIA,POR,0,0.7405517104357588
2025-01-21,2024-25,TOR,ORL,1,0.38752747167616886
2025-01-21,2024-25,DEN,PHI,1,0.7817742045635814
2025-01-21,2024-25,LAL,WAS,1,0.790655169725008
2025-01-22,2024-25,ATL,DET,0,0.5288609949955714
2025-01-22,2024-25,BKN,PHX,0,0.2782295816689467
2025-01-22,2024-25,DAL,MIN,0,0.5295080784720951
2025-01-22,2024-25,HOU,CLE,1,0.5362368438216373
2025-01-22,2024-25,MEM,CHA,1,0.8548491258595289
2025-01-22,2024-25,OKC,UTA,1,0.8938815078362357
2025-01-22,2024-25,SAC,GSW,1,0.6669372209454381
2025-01-22,2024-25,LAC,BOS,0,0.4683171152212157
2025-01-23,2024-25,ORL,POR,0,0.663704683741302
2025-01-23,2024-25,ATL,TOR,0,0.5963883522675953
2025-01-23,2024-25,MIL,MIA,1,0.6675066270152703
2025-01-23,2024-25,OKC,DAL,0,0.8272524968300419
2025-01-23,2024-25,DEN,SAC,1,0.7540808990011577
2025-01-23,2024-25,GSW,CHI,1,0.5698023875745841
2025-01-23,2024-25,LAL,BOS,1,0.47715328107280564
2025-01-23,2024-25,LAC,WAS,1,0.7917866088562925
2025-01-24,2024-25,CHA,POR,0,0.5856450175285263
2025-01-24,2024-25,PHI,CLE,1,0.2540866830665708
2025-01-24,2024-25,MEM,NOP,1,0.8189999839881256
2025-01-25,2024-25,MIN,DEN,1,0.5068580158510856
2025-01-25,2024-25,DAL,BOS,0,0.4731744051044764
2025-01-25,2024-25,BKN,MIA,0,0.37246776058581416
2025-01-25,2024-25,CHA,NOP,1,0.4918919690325231
2025-01-25,2024-25,ORL,DET,1,0.4531504241604558
2025-01-25,2024-25,ATL,TOR,0,0.6182113468146164
2025-01-25,2024-25,CLE,HOU,0,0.6340143708074639
2025-01-25,2024-25,NYK,SAC,1,0.6579255800798512
2025-01-25,2024-25,CHI,PHI,0,0.6092769230598098
2025-01-25,2024-25,MEM,UTA,1,0.7960485680327875
2025-01-25,2024-25,GSW,LAL,0,0.5605784990108561
2025-01-25,2024-25,PHX,WAS,1,0.8088095720991444
2025-01-25,2024-25,LAC,MIL,1,0.5654452971526218
2025-01-26,2024-25,POR,OKC,0,0.17539543422465206
2025-01-27,2024-25,CHA,LAL,0,0.33539032640448857
2025-01-27,2024-25,CLE,DET,1,0.7848961222012997
2025-01-27,2024-25,BOS,HOU,0,0.5913736235832144
2025-01-27,2024-25,BKN,SAC,0,0.28380115473165596
2025-01-27,2024-25,MIA,ORL,1,0.6108541531575346
2025-01-27,2024-25,NYK,MEM,1,0.5811386446195449
2025-01-27,2024-25,TOR,NOP,1,0.5991947595552586
2025-01-27,2024-25,CHI,DEN,1,0.32076137150091916
2025-01-27,2024-25,MIN,ATL,1,0.7234294975809494
2025-01-27,2024-25,DAL,WAS,1,0.8467989371829234
2025-01-27,2024-25,UTA,MIL,0,0.32958664248939273
2025-01-27,2024-25,PHX,LAC,1,0.5305596157240786
2025-01-28,2024-25,ATL,HOU,0,0.33275100694835813
2025-01-28,2024-25,PHI,LAL,1,0.5088687407801846
2025-01-28,2024-25,GSW,UTA,1,0.7612876131095145
2025-01-28,2024-25,POR,MIL,1,0.4115379496847445
2025-01-29,2024-25,CHA,BKN,0,0.5903195269685589
2025-01-29,2024-25,IND,DET,1,0.675189008598989
2025-01-29,2024-25,WAS,TOR,0,0.26516523949871457
2025-01-29,2024-25,BOS,CHI,1,0.7941849242024553
2025-01-29,2024-25,MIA,CLE,0,0.34697506061442496
2025-01-29,2024-25,NYK,DEN,1,0.6392211497374807
2025-01-29,2024-25,PHI,SAC,1,0.3874273090707412
2025-01-29,2024-25,NOP,DAL,0,0.2805435398214714
2025-01-29,2024-25,SAS,LAC,0,0.43809545049329474
2025-01-29,2024-25,PHX,MIN,0,0.4615794372786283
2025-01-29,2024-25,GSW,OKC,1,0.23423086137546298
2025-01-30,2024-25,WAS,LAL,0,0.14643458792835132
2025-01-30,2024-25,CLE,ATL,1,0.7968689838327979
2025-01-30,2024-25,MEM,HOU,1,0.5637242142047353
2025-01-30,2024-25,UTA,MIN,0,0.30684193377667873
2025-01-30,2024-25,POR,ORL,1,0.4846472246295191
2025-01-31,2024-25,CHA,LAC,0,0.3128849207029339
2025-01-31,2024-25,DET,DAL,1,0.480649407201349
2025-01-31,2024-25,PHI,DEN,0,0.4055563005764194
2025-01-31,2024-25,TOR,CHI,0,0.5456657404327352
2025-01-31,2024-25,NOP,BOS,0,0.19724175348332557
2025-01-31,2024-25,SAS,MIL,1,0.434844909137432
2025-01-31,2024-25,GSW,PHX,0,0.5597001705171764
2025-02-01,2024-25,IND,ATL,1,0.7219015000086278
2025-02-01,2024-25,UTA,ORL,1,0.44014113924092196
2025-02-01,2024-25,CHA,DEN,0,0.2503851937954468
2025-02-01,2024-25,HOU,BKN,0,0.8610323898914304
2025-02-01,2024-25,MIN,WAS,0,0.8982915784272834
2025-02-01,2024-25,OKC,SAC,1,0.8135700613340662
2025-02-01,2024-25,NYK,LAL,0,0.7333553587785103
2025-02-01,2024-25,SAS,MIA,0,0.47186487077943806
2025-02-01,2024-25,POR,PHX,1,0.4886712999120921
2025-02-02,2024-25,DET,CHI,1,0.6339560341042906
2025-02-02,2024-25,CLE,DAL,1,0.776574344198841
2025-02-02,2024-25,TOR,LAC,1,0.36074695785415895
2025-02-02,2024-25,PHI,BOS,0,0.32518705858029756
2025-02-02,2024-25,MIL,MEM,0,0.5015817086263618
2025-02-03,2024-25,CHA,WAS,0,0.6302336421202698
2025-02-03,2024-25,DET,ATL,0,0.564244084348872
2025-02-03,2024-25,NYK,HOU,1,0.6305115271480339
2025-02-03,2024-25,MEM,SAS,1,0.6694875877376592
2025-02-03,2024-25,MIN,SAC,0,0.6787292115341161
2025-02-03,2024-25,OKC,MIL,1,0.8704014858212984
2025-02-03,2024-25,DEN,NOP,1,0.8443080141232341
2025-02-03,2024-25,UTA,IND,0,0.2740958209222473
2025-02-03,2024-25,GSW,ORL,1,0.6331668753496942
2025-02-03,2024-25,POR,PHX,1,0.44993051534065887
2025-02-04,2024-25,CLE,BOS,0,0.6775288523849959
2025-02-04,2024-25,BKN,HOU,1,0.34378357094677214
2025-02-04,2024-25,PHI,DAL,1,0.4947924212994022
2025-02-04,2024-25,TOR,NYK,0,0.33682496828832
2025-02-04,2024-25,CHI,MIA,1,0.4821460606108468
2025-02-04,2024-25,LAC,LAL,0,0.5867385662937344
2025-02-04,2024-25,POR,IND,1,0.3850634238062398
2025-02-05,2024-25,CHA,MIL,0,0.3165087396550064
2025-02-05,2024-25,DET,CLE,0,0.43640014121580567
2025-02-05,2024-25,ATL,SAS,0,0.475139812043833
2025-02-05,2024-25,BKN,WAS,0,0.5998225486942055
2025-02-05,2024-25,PHI,MIA,0,0.5736573013845024
2025-02-05,2024-25,TOR,MEM,0,0.23613219544652475
2025-02-05,2024-25,MIN,CHI,1,0.8112240944018932
2025-02-05,2024-25,OKC,PHX,1,0.8172921132356801
2025-02-05,2024-25,UTA,GSW,1,0.3892976633530378
2025-02-05,2024-25,DEN,NOP,1,0.8491055689966169
2025-02-05,2024-25,SAC,ORL,0,0.6987734104665628
2025-02-06,2024-25,BOS,DAL,0,0.7325707067365843
2025-02-06,2024-25,MIN,HOU,1,0.5586511308224223
2025-02-06,2024-25,DEN,ORL,1,0.8204535942800648
2025-02-06,2024-25,LAL,GSW,1,0.7813437975451306
2025-02-06,2024-25,POR,SAC,1,0.61378271910624
2025-02-06,2024-25,LAC,IND,0,0.5304110910263665
2025-02-07,2024-25,CHA,SAS,1,0.3236704861888901
2025-02-07,2024-25,WAS,CLE,0,0.1115374046989964
2025-02-07,2024-25,ATL,MIL,1,0.4114589174673394
2025-02-07,2024-25,BKN,MIA,1,0.372527039995864
2025-02-07,2024-25,DET,PHI,1,0.5595558637094489
2025-02-07,2024-25,OKC,TOR,1,0.8825904920385346
2025-02-07,2024-25,PHX,UTA,1,0.7176203449501419
2025-02-08,2024-25,DAL,HOU,1,0.5247220802691698
2025-02-08,2024-25,LAL,IND,1,0.6019807432781326
2025-02-08,2024-25,ORL,SAS,1,0.5281381487278511
2025-02-08,2024-25,WAS,ATL,0,0.28953151761134743
2025-02-08,2024-25,CHI,GSW,0,0.4980740293412497
2025-02-08,2024-25,MEM,OKC,0,0.5769801473603522
2025-02-08,2024-25,MIN,POR,1,0.7187545502606679
2025-02-08,2024-25,NYK,BOS,0,0.6002017940882929
2025-02-08,2024-25,PHX,DEN,0,0.37563825663329126
2025-02-08,2024-25,SAC,NOP,1,0.702819062150746
2025-02-08,2024-25,LAC,UTA,1,0.80094155286418
2025-02-09,2024-25,DET,CHA,1,0.7390704728737905
2025-02-09,2024-25,HOU,TOR,1,0.6907397542733801
2025-02-09,2024-25,MIL,PHI,1,0.590745878007331
2025-02-10,2024-25,CLE,MIN,1,0.7146982316411495
2025-02-10,2024-25,ORL,ATL,0,0.47994845094288174
2025-02-10,2024-25,WAS,SAS,0,0.2610525898731819
2025-02-10,2024-25,BKN,CHA,1,0.6601451769195791
2025-02-10,2024-25,MIA,BOS,0,0.3012761533999806
2025-02-10,2024-25,MIL,GSW,0,0.5483333903419955
2025-02-10,2024-25,OKC,NOP,1,0.9214546951761485
2025-02-10,2024-25,DAL,SAC,0,0.5999254330022462
2025-02-10,2024-25,DEN,POR,1,0.7638163611527065
2025-02-10,2024-25,LAL,UTA,1,0.8312433036834426
2025-02-11,2024-25,PHI,TOR,0,0.57851413166457
2025-02-11,2024-25,IND,NYK,0,0.4936503411129305
2025-02-11,2024-25,CHI,DET,0,0.42077757157856904
2025-02-11,2024-25,PHX,MEM,0,0.389240782000634
2025-02-12,2024-25,BOS,SAS,1,0.7775375941148472
2025-02-12,2024-25,ORL,CHA,1,0.6398622058338891
2025-02-12,2024-25,WAS,IND,0,0.2286146917664273
2025-02-12,2024-25,BKN,PHI,1,0.4986953005458197
2025-02-12,2024-25,NYK,ATL,1,0.7111631809875847
2025-02-12,2024-25,TOR,CLE,0,0.1609002965428413
2025-02-12,2024-25,CHI,DET,0,0.38946186552269163
2025-02-12,2024-25,MIN,MIL,0,0.6813960297892178
2025-02-12,2024-25,NOP,SAC,0,0.31584598799181074
2025-02-12,2024-25,OKC,MIA,1,0.8899013537535821
2025-02-12,2024-25,HOU,PHX,1,0.742746664859886
2025-02-12,2024-25,DEN,POR,1,0.7885377641688731
2025-02-12,2024-25,UTA,LAL,1,0.28654382453664373
2025-02-12,2024-25,DAL,GSW,1,0.5919970275225538
2025-02-12,2024-25,LAC,MEM,1,0.5320354868923568
2025-02-13,2024-25,HOU,GSW,0,0.6922953769969159
2025-02-13,2024-25,NOP,SAC,1,0.3151465316664237
2025-02-13,2024-25,DAL,MIA,1,0.693327646092905
2025-02-13,2024-25,MIN,OKC,1,0.4270488547313554
2025-02-13,2024-25,UTA,LAC,0,0.3469251644463442
2025-02-19,2024-25,LAL,CHA,0,0.8497495309008557
2025-02-20,2024-25,IND,MEM,1,0.4901043997381996
2025-02-20,2024-25,PHI,BOS,0,0.29487906528152436
2025-02-20,2024-25,ATL,ORL,0,0.5505007974986296
2025-02-20,2024-25,BKN,CLE,0,0.18761921102135662
2025-02-20,2024-25,NYK,CHI,1,0.8274032497378021
2025-02-20,2024-25,MIL,LAC,1,0.4739656713698665
2025-02-20,2024-25,DEN,CHA,1,0.9263140931357606
2025-02-20,2024-25,SAS,PHX,1,0.5126260699995382
2025-02-20,2024-25,POR,LAL,0,0.501370204625898
2025-02-21,2024-25,CLE,NYK,1,0.7513319641249158
2025-02-21,2024-25,ORL,MEM,0,0.3457245098790525
2025-02-21,2024-25,WAS,MIL,0,0.2801229114854562
2025-02-21,2024-25,TOR,MIA,0,0.43815467607430825
2025-02-21,2024-25,HOU,MIN,1,0.513185844319059
2025-02-21,2024-25,SAS,DET,0,0.3914337408534033
2025-02-21,2024-25,DAL,NOP,1,0.7308063806956642
2025-02-21,2024-25,UTA,OKC,0,0.17912776680644382
2025-02-21,2024-25,SAC,GSW,0,0.561878166027664
2025-02-22,2024-25,CHI,PHX,0,0.37019433050363615
2025-02-22,2024-25,PHI,BKN,0,0.6066042286667785
2025-02-22,2024-25,DEN,LAL,0,0.7254910133394418
2025-02-22,2024-25,UTA,HOU,1,0.3684503143409046
2025-02-22,2024-25,POR,CHA,1,0.680154146771872
2025-02-23,2024-25,BOS,NYK,1,0.6861164346297552
2025-02-23,2024-25,GSW,DAL,1,0.4919761912394116
2025-02-23,2024-25,IND,LAC,1,0.5674274399520074
2025-02-23,2024-25,ATL,DET,0,0.41540426380211964
2025-02-23,2024-25,ORL,WAS,1,0.7211068822700499
2025-02-23,2024-25,TOR,PHX,1,0.4448628851454958
2025-02-23,2024-25,MIL,MIA,1,0.6501482295830783
2025-02-23,2024-25,NOP,SAS,1,0.31051960007164386
2025-02-23,2024-25,CLE,MEM,1,0.7583729158406455
2025-02-23,2024-25,MIN,OKC,0,0.42438991551356897
2025-02-24,2024-25,DET,LAC,1,0.5936026781641259
2025-02-24,2024-25,IND,DEN,0,0.4771970055706551
2025-02-24,2024-25,PHI,CHI,0,0.5790095419740063
2025-02-24,2024-25,WAS,BKN,1,0.2790556280589419
2025-02-24,2024-25,ATL,MIA,1,0.5435056944626678
2025-02-24,2024-25,OKC,MIN,0,0.7773745508122102
2025-02-24,2024-25,UTA,POR,0,0.41597684044471295
2025-02-24,2024-25,SAC,CHA,1,0.7655834895516618
2025-02-25,2024-25,TOR,BOS,0,0.215359777694395
2025-02-25,2024-25,ORL,CLE,0,0.21657468905434363
2025-02-25,2024-25,HOU,MIL,1,0.5863313256908689
2025-02-25,2024-25,MEM,PHX,1,0.7077085909972453
2025-02-25,2024-25,NOP,SAS,1,0.35947458880936245
2025-02-25,2024-25,GSW,CHA,1,0.8499338026287683
2025-02-25,2024-25,LAL,DAL,1,0.6601750857422248
2025-02-26,2024-25,DET,BOS,1,0.5521028936601262
2025-02-26,2024-25,IND,TOR,1,0.8016975558896549
2025-02-26,2024-25,NYK,PHI,1,0.7798272269998374
2025-02-26,2024-25,WAS,POR,0,0.2477883743624264
2025-02-26,2024-25,BKN,OKC,0,0.1401144513696549
2025-02-26,2024-25,MIA,ATL,1,0.5427384082063098
2025-02-26,2024-25,CHI,LAC,0,0.34979437187393636
2025-02-26,2024-25,UTA,SAC,0,0.4033059233708931
2025-02-26,2024-25,HOU,SAS,1,0.6996942336657223
2025-02-27,2024-25,ORL,GSW,0,0.37353779063794
2025-02-27,2024-25,MIL,DEN,1,0.4641583617633259
2025-02-27,2024-25,DAL,CHA,1,0.768341080901721
2025-02-27,2024-25,PHX,NOP,0,0.6082276385161618
2025-02-27,2024-25,LAL,MIN,1,0.5912854608201186
2025-02-28,2024-25,DET,DEN,0,0.6703099477687745
2025-02-28,2024-25,ATL,OKC,0,0.187117996887646
2025-02-28,2024-25,BOS,CLE,0,0.57079288909414
2025-02-28,2024-25,BKN,POR,0,0.39298364052730006
2025-02-28,2024-25,MIA,IND,1,0.3878343893594219
2025-02-28,2024-25,CHI,TOR,1,0.49415352726317
2025-02-28,2024-25,MEM,NYK,0,0.5552583613258352
2025-02-28,2024-25,PHX,NOP,1,0.6253414177945478
2025-02-28,2024-25,UTA,MIN,1,0.33968417804276885
2025-02-28,2024-25,LAL,LAC,1,0.6112594042196685
2025-03-01,2024-25,CHA,WAS,0,0.4772834952497435
2025-03-01,2024-25,DET,BKN,1,0.7860233324800762
2025-03-01,2024-25,HOU,SAC,0,0.6267610572219993
2025-03-01,2024-25,MEM,SAS,0,0.7028380723521386
2025-03-01,2024-25,PHI,GSW,1,0.31147428077291994
2025-03-01,2024-25,DAL,MIL,0,0.5049409524149784
2025-03-02,2024-25,BOS,DEN,1,0.7009982691856974
2025-03-02,2024-25,CLE,POR,1,0.8804236800504254
2025-03-02,2024-25,IND,CHI,1,0.6943785178187617
2025-03-02,2024-25,MIA,NYK,0,0.3715642840654381
2025-03-02,2024-25,ORL,TOR,0,0.5670606465699604
2025-03-02,2024-25,SAS,OKC,0,0.14811749174075742
2025-03-02,2024-25,UTA,NOP,0,0.5440452292729325
2025-03-02,2024-25,PHX,MIN,0,0.3484853244512826
2025-03-02,2024-25,LAL,LAC,1,0.6756869148649155
2025-03-03,2024-25,CHA,GSW,0,0.1719645158979792
2025-03-03,2024-25,PHI,POR,0,0.47385494348664803
2025-03-03,2024-25,MIA,WAS,1,0.6884639524580709
2025-03-03,2024-25,MEM,ATL,0,0.7400015226361005
2025-03-03,2024-25,OKC,HOU,1,0.789263967890125
2025-03-03,2024-25,DAL,SAC,0,0.4962359307246682
2025-03-03,2024-25,UTA,DET,0,0.2335333629302692
2025-03-04,2024-25,IND,HOU,1,0.7094641441103081
2025-03-04,2024-25,ORL,TOR,0,0.5826733494742212
2025-03-04,2024-25,ATL,MIL,0,0.33059434090640927
2025-03-04,2024-25,NYK,GSW,0,0.6981848565026398
2025-03-04,2024-25,CHI,CLE,0,0.18234991849806687
2025-03-04,2024-25,MIN,PHI,1,0.8132979196486178
2025-03-04,2024-25,SAS,BKN,1,0.5633797567108717
2025-03-04,2024-25,PHX,LAC,1,0.4346597680835335
2025-03-04,2024-25,LAL,NOP,1,0.8331206642995266
2025-03-05,2024-25,BOS,POR,1,0.7999392652799489
2025-03-05,2024-25,CHA,MIN,0,0.16485022377656752
2025-03-05,2024-25,CLE,MIA,1,0.8508168848696012
2025-03-05,2024-25,WAS,UTA,1,0.3920205891094983
2025-03-05,2024-25,MEM,OKC,0,0.3546321581799632
2025-03-05,2024-25,DEN,SAC,1,0.7160559831068332
2025-03-05,2024-25,MIL,DAL,1,0.563970983833898
2025-03-05,2024-25,LAC,DET,1,0.43999898703831036
2025-03-06,2024-25,ATL,IND,1,0.31851373636237656
2025-03-06,2024-25,BOS,PHI,1,0.8393524348619221
2025-03-06,2024-25,BKN,GSW,0,0.26050153645197527
2025-03-06,2024-25,NOP,HOU,0,0.3639520607933175
2025-03-06,2024-25,LAL,NYK,1,0.6149419037170497
2025-03-06,2024-25,ORL,CHI,0,0.5160852814196124
2025-03-07,2024-25,CHA,CLE,0,0.07680653290422951
2025-03-07,2024-25,TOR,UTA,1,0.5703577296600885
2025-03-07,2024-25,DAL,MEM,0,0.36176271746274785
2025-03-07,2024-25,MIA,MIN,0,0.39281422474495803
2025-03-07,2024-25,OKC,POR,1,0.8622613083801215
2025-03-07,2024-25,DEN,PHX,1,0.7911407459842758
2025-03-07,2024-25,SAC,SAS,1,0.6713693296199983
2025-03-07,2024-25,LAC,NYK,1,0.5918682209270177
2025-03-08,2024-25,CHA,BKN,1,0.26372393066023786
2025-03-08,2024-25,HOU,NOP,1,0.7188047064764642
2025-03-08,2024-25,ATL,IND,1,0.35403686385098027
2025-03-08,2024-25,TOR,WAS,0,0.5605733884812035
2025-03-08,2024-25,MIA,CHI,0,0.5729607588418788
2025-03-08,2024-25,MIL,ORL,0,0.6974512021567639
2025-03-08,2024-25,BOS,LAL,1,0.7109667286129309
2025-03-08,2024-25,GSW,DET,1,0.5557480897570851
2025-03-09,2024-25,OKC,DEN,1,0.7591817849136868
2025-03-09,2024-25,DAL,PHX,0,0.5234643228503538
2025-03-09,2024-25,MIL,CLE,0,0.2900667350202115
2025-03-09,2024-25,NOP,MEM,0,0.18756301083518204
2025-03-09,2024-25,PHI,UTA,1,0.5701842781101576
2025-03-09,2024-25,MIN,SAS,1,0.7422517646246043
2025-03-09,2024-25,POR,DET,0,0.5085228658872009
2025-03-09,2024-25,LAC,SAC,1,0.5724577378347463
2025-03-10,2024-25,ATL,PHI,1,0.6784397008993448
2025-03-10,2024-25,BOS,UTA,1,0.9316417454386523
2025-03-10,2024-25,BKN,LAL,1,0.22668300023187185
2025-03-10,2024-25,MIA,CHA,0,0.7808753294307367
2025-03-10,2024-25,TOR,WAS,1,0.6211535152712181
2025-03-10,2024-25,CHI,IND,1,0.30650164873950525
2025-03-10,2024-25,HOU,ORL,1,0.6900796022138559
2025-03-10,2024-25,MEM,PHX,1,0.7291473685933791
2025-03-10,2024-25,OKC,DEN,0,0.7913355419636392
2025-03-10,2024-25,SAS,DAL,0,0.5093428188631058
2025-03-10,2024-25,GSW,POR,1,0.7641964976780957
2025-03-10,2024-25,SAC,NYK,0,0.4920049752055068
2025-03-11,2024-25,CLE,BKN,1,0.9425879974548229
2025-03-11,2024-25,DET,WAS,1,0.8792761140070213
2025-03-11,2024-25,IND,MIL,1,0.49610323830183894
2025-03-11,2024-25,NOP,LAC,1,0.28160005287155854
2025-03-12,2024-25,ATL,CHA,1,0.7515563860351426
2025-03-12,2024-25,BOS,OKC,0,0.542195812390538
2025-03-12,2024-25,TOR,PHI,1,0.5254508301405935
2025-03-12,2024-25,MIA,LAC,0,0.5382225822160478
2025-03-12,2024-25,HOU,PHX,1,0.6645835706462674
2025-03-12,2024-25,MEM,UTA,1,0.8278884661472463
2025-03-12,2024-25,SAS,DAL,1,0.4641756699305423
2025-03-12,2024-25,DEN,MIN,0,0.5765108649853773
2025-03-12,2024-25,POR,NYK,0,0.39824005804413126
2025-03-13,2024-25,DET,WAS,0,0.8404724785074184
2025-03-13,2024-25,MIL,LAL,1,0.5108548960267338
2025-03-13,2024-25,CHI,BKN,1,0.5757745016972576
2025-03-13,2024-25,GSW,SAC,1,0.6340841818974158
2025-03-13,2024-25,NOP,ORL,0,0.3956142451372072
2025-03-14,2024-25,MIA,BOS,0,0.2645691825962545
2025-03-14,2024-25,PHI,IND,0,0.26538219517646366
2025-03-14,2024-25,ATL,LAC,0,0.44724811303097045
2025-03-14,2024-25,HOU,DAL,1,0.6837435974317988
2025-03-14,2024-25,MEM,CLE,0,0.3794989049046186
2025-03-14,2024-25,MIN,ORL,1,0.8265176584880025
2025-03-14,2024-25,SAS,CHA,0,0.7475980331976153
2025-03-14,2024-25,DEN,LAL,1,0.7219818681135108
2025-03-14,2024-25,UTA,TOR,0,0.4300488545105721
2025-03-14,2024-25,PHX,SAC,1,0.587236187237005
2025-03-15,2024-25,BKN,BOS,0,0.22000236382842062
2025-03-15,2024-25,DET,OKC,0,0.349785300802799
2025-03-15,2024-25,HOU,CHI,1,0.6685682280907513
2025-03-15,2024-25,MEM,MIA,1,0.7551515219551743
2025-03-15,2024-25,MIL,IND,1,0.6723331519769954
2025-03-15,2024-25,SAS,NOP,1,0.567757433203985
2025-03-15,2024-25,GSW,NYK,1,0.571445549505858
2025-03-15,2024-25,DEN,WAS,0,0.8356966583361741
2025-03-16,2024-25,LAC,CHA,1,0.8492291573524082
2025-03-16,2024-25,DAL,PHI,0,0.5747487941373071
2025-03-16,2024-25,LAL,PHX,1,0.6944100776506822
2025-03-16,2024-25,BKN,ATL,1,0.2981392989321746
2025-03-16,2024-25,CLE,ORL,0,0.896235628559993
2025-03-16,2024-25,POR,TOR,1,0.6166457473294429
2025-03-16,2024-25,MIN,UTA,1,0.8529806223459637
2025-03-16,2024-25,MIL,OKC,0,0.3956285946515228
2025-03-17,2024-25,LAL,SAS,1,0.7054443881853227
2025-03-17,2024-25,NYK,MIA,1,0.735267930430478
2025-03-17,2024-25,HOU,PHI,1,0.831735114587045
2025-03-17,2024-25,MIN,IND,0,0.6026508522659259
2025-03-17,2024-25,NOP,DET,0,0.24670377401676835
2025-03-17,2024-25,UTA,CHI,0,0.3141724203680672
2025-03-17,2024-25,GSW,DEN,0,0.5721221269181952
2025-03-17,2024-25,PHX,TOR,1,0.6954638122015566
2025-03-17,2024-25,SAC,MEM,1,0.45810968311507166
2025-03-17,2024-25,POR,WAS,1,0.65759913648435
2025-03-18,2024-25,CHA,ATL,0,0.28016297995325046
2025-03-18,2024-25,BOS,BKN,1,0.8954625239160254
2025-03-18,2024-25,LAC,CLE,1,0.3826768735909718
2025-03-18,2024-25,GSW,MIL,1,0.5282274837480443
2025-03-19,2024-25,UTA,WAS,1,0.5024152320115665
2025-03-19,2024-25,IND,DAL,1,0.7040284089319845
2025-03-19,2024-25,ORL,HOU,0,0.4046574199386598
2025-03-19,2024-25,MIA,DET,0,0.33184451469969645
2025-03-19,2024-25,MIN,NOP,0,0.8473525384349132
2025-03-19,2024-25,OKC,PHI,1,0.9118837366804516
2025-03-19,2024-25,SAS,NYK,1,0.3524613973567239
2025-03-19,2024-25,LAL,DEN,1,0.5374420393541306
2025-03-19,2024-25,PHX,CHI,1,0.6652957639627509
2025-03-19,2024-25,POR,MEM,1,0.3978571281118486
2025-03-19,2024-25,SAC,CLE,1,0.386259604694093
2025-03-20,2024-25,LAL,MIL,0,0.5579591109899469
2025-03-20,2024-25,GSW,TOR,1,0.7958073356546627
2025-03-20,2024-25,CHA,NYK,1,0.2374108929283087
2025-03-20,2024-25,IND,BKN,1,0.7380829876217779
2025-03-20,2024-25,SAC,CHI,0,0.6934120382493375
2025-03-21,2024-25,WAS,ORL,0,0.2557339357454435
2025-03-21,2024-25,MIA,HOU,0,0.35574020915665466
2025-03-21,2024-25,MIN,NOP,1,0.8528715867986234
2025-03-21,2024-25,OKC,CHA,1,0.9615584167006445
2025-03-21,2024-25,SAS,PHI,1,0.6269023628793686
2025-03-21,2024-25,DAL,DET,1,0.33556532154850044
2025-03-21,2024-25,UTA,BOS,0,0.1328763561368416
2025-03-21,2024-25,PHX,CLE,1,0.34839965594445815
2025-03-21,2024-25,POR,DEN,1,0.4096038289849211
2025-03-21,2024-25,LAC,MEM,1,0.5851466507824034
2025-03-22,2024-25,IND,BKN,1,0.8048024087090524
2025-03-22,2024-25,ATL,GSW,1,0.32098785551513787
2025-03-22,2024-25,NYK,WAS,1,0.8678212597027647
2025-03-22,2024-25,SAC,MIL,0,0.435648311061737
2025-03-22,2024-25,LAL,CHI,0,0.7266524963650187
2025-03-23,2024-25,DET,NOP,1,0.7702784332803121
2025-03-23,2024-25,UTA,CLE,0,0.12331101162990521
2025-03-23,2024-25,ATL,PHI,1,0.5652735883703248
2025-03-23,2024-25,MIA,CHA,1,0.6367392955389483
2025-03-23,2024-25,TOR,SAS,0,0.3970468567198439
2025-03-23,2024-25,POR,BOS,0,0.3380452606598419
2025-03-23,2024-25,HOU,DEN,0,0.5774976031811838
2025-03-23,2024-25,LAC,OKC,0,0.3728226115742497
2025-03-24,2024-25,IND,MIN,1,0.4608050890877751
2025-03-24,2024-25,ORL,LAL,1,0.40572092728463255
2025-03-24,2024-25,WAS,TOR,0,0.4232036762450127
2025-03-24,2024-25,BKN,DAL,0,0.3651110092506282
2025-03-24,2024-25,NOP,PHI,1,0.44427345266618135
2025-03-24,2024-25,DEN,CHI,0,0.6534892503032157
2025-03-24,2024-25,PHX,MIL,1,0.47065148702412196
2025-03-24,2024-25,SAC,BOS,0,0.44828330974651565
2025-03-25,2024-25,CHA,ORL,0,0.37578732948574306
2025-03-25,2024-25,DET,SAS,1,0.6340817979528018
2025-03-25,2024-25,MIA,GSW,1,0.2759205551035708
2025-03-25,2024-25,NYK,DAL,1,0.7456034076813268
2025-03-25,2024-25,HOU,ATL,1,0.7022939909713062
2025-03-25,2024-25,UTA,MEM,0,0.21526121533541492
2025-03-25,2024-25,POR,CLE,0,0.3368349795870805
2025-03-25,2024-25,SAC,OKC,0,0.19910497540114708
2025-03-26,2024-25,PHI,WAS,0,0.5825594468497176
2025-03-26,2024-25,BKN,TOR,0,0.4760994216969452
2025-03-26,2024-25,IND,LAL,0,0.5985081818948331
2025-03-26,2024-25,NYK,LAC,0,0.4316115597773849
2025-03-26,2024-25,DEN,MIL,1,0.5614711647300559
2025-03-26,2024-25,PHX,BOS,0,0.39681483248728394
2025-03-27,2024-25,CLE,SAS,1,0.8327302460552921
2025-03-27,2024-25,ORL,DAL,0,0.5305726392403873
2025-03-27,2024-25,WAS,IND,0,0.15537505580786068
2025-03-27,2024-25,MIA,ATL,1,0.4753519764928883
2025-03-27,2024-25,CHI,LAL,1,0.5837897042884845
2025-03-27,2024-25,OKC,MEM,1,0.8336268753430524
2025-03-27,2024-25,UTA,HOU,0,0.19155263841238263
2025-03-27,2024-25,SAC,POR,1,0.5128199330542074
2025-03-28,2024-25,DET,CLE,1,0.5347130249077202
2025-03-28,2024-25,BKN,LAC,0,0.18689062562440548
2025-03-28,2024-25,TOR,CHA,1,0.5858455922385716
2025-03-28,2024-25,MIL,NYK,0,0.6111451584181624
2025-03-28,2024-25,MIN,PHX,1,0.6788445091898063
2025-03-28,2024-25,NOP,GSW,0,0.22630167649728467
2025-03-28,2024-25,DEN,UTA,1,0.8874386341747788
2025-03-29,2024-25,ORL,SAC,1,0.43487498653052226
2025-03-29,2024-25,WAS,BKN,0,0.4910406516999145
2025-03-29,2024-25,PHI,MIA,0,0.3180725863069859
2025-03-29,2024-25,CHI,DAL,0,0.5822559114740908
2025-03-29,2024-25,MEM,LAL,0,0.6010422638156147
2025-03-29,2024-25,OKC,IND,1,0.8255551795901196
2025-03-29,2024-25,SAS,BOS,0,0.28001803284651755
2025-03-30,2024-25,CLE,LAC,1,0.7267664251020989
2025-03-30,2024-25,NYK,POR,1,0.6376561702154805
2025-03-30,2024-25,MIL,ATL,0,0.6592287883589604
2025-03-30,2024-25,MIN,DET,1,0.6054346619982889
2025-03-30,2024-25,NOP,CHA,1,0.5816701410370337
2025-03-30,2024-25,SAS,GSW,0,0.3372959335279059
2025-03-30,2024-25,PHI,TOR,0,0.37601288958532697
2025-03-30,2024-25,PHX,HOU,0,0.48994334874841966
2025-03-31,2024-25,CHA,UTA,1,0.37037812451253416
2025-03-31,2024-25,IND,SAC,1,0.6548100443134102
2025-03-31,2024-25,ORL,LAC,0,0.4296219180467419
2025-03-31,2024-25,WAS,MIA,0,0.211523996572681
2025-03-31,2024-25,MEM,BOS,0,0.3904491039625576
2025-03-31,2024-25,OKC,CHI,1,0.8778797947439486
2025-03-31,2024-25,DAL,BKN,0,0.708359899548857
2025-03-31,2024-25,LAL,HOU,1,0.6166056390512095
2025-04-01,2024-25,SAS,ORL,0,0.5581418877657824
2025-04-01,2024-25,ATL,POR,0,0.5533000559350837
2025-04-01,2024-25,NYK,PHI,1,0.8085208810729474
2025-04-01,2024-25,CHI,TOR,1,0.6020052332377444
2025-04-01,2024-25,MEM,GSW,0,0.4305711462693121
2025-04-01,2024-25,MIL,PHX,1,0.6262253770754793
2025-04-01,2024-25,DEN,MIN,0,0.5399704098699897
2025-04-02,2024-25,CLE,NYK,1,0.8174460223876707
2025-04-02,2024-25,IND,CHA,1,0.8382487174425088
2025-04-02,2024-25,WAS,SAC,1,0.20107376835318685
2025-04-02,2024-25,BOS,MIA,0,0.8479065255509245
2025-04-02,2024-25,HOU,UTA,1,0.8566398482476807
2025-04-02,2024-25,OKC,DET,1,0.8167639261563238
2025-04-02,2024-25,DAL,ATL,1,0.5311941728786197
2025-04-02,2024-25,DEN,SAS,0,0.7724582178271152
2025-04-02,2024-25,LAC,NOP,1,0.8449762549201996
2025-04-03,2024-25,WAS,ORL,0,0.16185338954603454
2025-04-03,2024-25,BKN,MIN,0,0.1593395754281991
2025-04-03,2024-25,MIA,MEM,0,0.46175727408518763
2025-04-03,2024-25,PHI,MIL,0,0.20822595883531622
2025-04-03,2024-25,TOR,POR,0,0.3377045571263019
2025-04-03,2024-25,LAL,GSW,0,0.5170477057533049
2025-04-04,2024-25,CHA,SAC,0,0.2720987277642916
2025-04-04,2024-25,IND,UTA,1,0.8318688097016447
2025-04-04,2024-25,BOS,PHX,1,0.829550489491209
2025-04-04,2024-25,TOR,DET,0,0.1934042422503445
2025-04-04,2024-25,CHI,POR,1,0.6063210903839186
2025-04-04,2024-25,HOU,OKC,1,0.354757302342891
2025-04-04,2024-25,SAS,CLE,0,0.22801060881102161
2025-04-04,2024-25,GSW,DEN,1,0.5554689391002557
2025-04-04,2024-25,LAL,NOP,1,0.7321495933336816
2025-04-04,2024-25,LAC,DAL,1,0.7658472233306522
2025-04-05,2024-25,ATL,NYK,0,0.4215347582075371
2025-04-05,2024-25,DET,MEM,0,0.5033819267157196
2025-04-05,2024-25,PHI,MIN,0,0.15809162563363566
2025-04-05,2024-25,MIA,MIL,0,0.47180967605189517
2025-04-05,2024-25,LAC,DAL,1,0.7812021136196899
2025-04-06,2024-25,NOP,MIL,0,0.2951548693297688
2025-04-06,2024-25,CHA,CHI,0,0.23038383078932115
2025-04-06,2024-25,BKN,TOR,0,0.38810684070757656
2025-04-06,2024-25,OKC,LAL,0,0.8206450301305203
2025-04-06,2024-25,ATL,UTA,1,0.6690118105383057
2025-04-06,2024-25,BOS,WAS,1,0.9373047191845277
2025-04-06,2024-25,CLE,SAC,0,0.8439971332247042
2025-04-06,2024-25,POR,SAS,1,0.5956972487729588
2025-04-06,2024-25,NYK,PHX,1,0.6442969874309834
2025-04-06,2024-25,DEN,IND,0,0.5573284613715839
2025-04-06,2024-25,GSW,HOU,0,0.5592959129398883
2025-04-07,2024-25,DET,SAC,0,0.7243075780845409
2025-04-07,2024-25,MIA,PHI,1,0.7426131283033398
2025-04-08,2024-25,CHA,MEM,0,0.19002289805977887
2025-04-08,2024-25,CLE,CHI,1,0.8083628263262957
2025-04-08,2024-25,IND,WAS,1,0.860266878893371
2025-04-08,2024-25,ORL,ATL,1,0.5564435073192495
2025-04-08,2024-25,BKN,NOP,1,0.4170358270667978
2025-04-08,2024-25,NYK,BOS,0,0.5082094339468696
2025-04-08,2024-25,MIL,MIN,1,0.4791633282034166
2025-04-08,2024-25,OKC,LAL,1,0.7432221404705049
2025-04-08,2024-25,PHX,GSW,0,0.38188726034427356
2025-04-08,2024-25,LAC,SAS,1,0.7839946987111099
2025-04-09,2024-25,ORL,BOS,1,0.3528700711141458
2025-04-09,2024-25,WAS,PHI,0,0.3011509509262247
2025-04-09,2024-25,TOR,CHA,1,0.6747730409066452
2025-04-09,2024-25,DAL,LAL,0,0.41002145856136984
2025-04-09,2024-25,CHI,MIA,1,0.4972020510050987
2025-04-09,2024-25,UTA,POR,1,0.22157793942806486
2025-04-09,2024-25,GSW,SAS,0,0.798085412449392
2025-04-09,2024-25,PHX,OKC,0,0.241104335085482
2025-04-09,2024-25,SAC,DEN,0,0.482709018622088
2025-04-09,2024-25,LAC,HOU,1,0.5358782964236765
2025-04-10,2024-25,MIL,NOP,1,0.8184132200012908
2025-04-10,2024-25,DET,NYK,1,0.5286676258198556
2025-04-10,2024-25,IND,CLE,1,0.4456894345924677
2025-04-10,2024-25,BKN,ATL,0,0.27114743749187165
2025-04-10,2024-25,MEM,MIN,0,0.4740865108524936
2025-04-11,2024-25,DET,MIL,0,0.5298279223717104
2025-04-11,2024-25,IND,ORL,0,0.5842420938073215
2025-04-11,2024-25,PHI,ATL,0,0.38590457587356164
2025-04-11,2024-25,BOS,CHA,1,0.9348669664485751
2025-04-11,2024-25,NYK,CLE,0,0.500893643882923
2025-04-11,2024-25,CHI,WAS,1,0.8106078946210848
2025-04-11,2024-25,NOP,MIA,0,0.24374825001407288
2025-04-11,2024-25,DAL,TOR,1,0.5636626383644856
2025-04-11,2024-25,MIN,BKN,1,0.8835807995658518
2025-04-11,2024-25,DEN,MEM,1,0.724836037952862
2025-04-11,2024-25,UTA,OKC,0,0.08625329376825773
2025-04-11,2024-25,PHX,SAS,1,0.5558121694848505
2025-04-11,2024-25,POR,GSW,0,0.3634115056089858
2025-04-11,2024-25,SAC,LAC,0,0.3495413004593878
2025-04-11,2024-25,LAL,HOU,1,0.6107787457233391
2025-04-13,2024-25,ATL,ORL,1,0.48062573630793753
2025-04-13,2024-25,BOS,CHA,1,0.9359386836506199
2025-04-13,2024-25,BKN,NYK,0,0.18716110386784188
2025-04-13,2024-25,CLE,IND,0,0.7595323964544974
2025-04-13,2024-25,MIA,WAS,0,0.8227623308815589
2025-04-13,2024-25,PHI,CHI,0,0.22125873541655353
2025-04-13,2024-25,MIL,DET,1,0.609850647607111
2025-04-13,2024-25,HOU,DEN,0,0.6150479206192659
2025-04-13,2024-25,MEM,DAL,1,0.674226419899374
2025-04-13,2024-25,MIN,UTA,1,0.879982079025187
2025-04-13,2024-25,NOP,OKC,0,0.09791000136274973
2025-04-13,2024-25,SAS,TOR,1,0.5347355758779696
2025-04-13,2024-25,GSW,LAC,0,0.5580695323090437
2025-04-13,2024-25,POR,LAL,1,0.33226695407883844
2025-04-13,2024-25,SAC,PHX,1,0.5807473125986667
2025-10-24,2025-26,NYK,BOS,1,0.6113645447234469
2025-10-24,2025-26,LAL,MIN,1,0.4587302229277956
2025-10-24,2025-26,ORL,ATL,0,0.492426068181474
2025-10-24,2025-26,BKN,CLE,0,0.4677478389631433
2025-10-24,2025-26,TOR,MIL,0,0.5835874072387324
2025-10-24,2025-26,HOU,DET,0,0.7400053878353947
2025-10-24,2025-26,MEM,MIA,0,0.7228987929765484
2025-10-24,2025-26,NOP,SAS,0,0.3106741151760773
2025-10-24,2025-26,DAL,WAS,0,0.6395047678235533
2025-10-24,2025-26,POR,GSW,1,0.7061091813163684
2025-10-24,2025-26,SAC,UTA,1,0.6404009093749577
2025-10-24,2025-26,LAC,PHX,1,0.7273372732055611
2025-10-25,2025-26,ORL,CHI,0,0.4246882760982142
2025-10-25,2025-26,ATL,OKC,0,0.31166507946674854
2025-10-25,2025-26,PHI,CHA,1,0.577445356539228
2025-10-25,2025-26,MEM,IND,1,0.5143579353916267
2025-10-25,2025-26,DEN,PHX,1,0.6733250290121893
2025-10-26,2025-26,SAS,BKN,1,0.6656519219362561
2025-10-26,2025-26,DET,BOS,1,0.48072308419919174
2025-10-26,2025-26,CLE,MIL,1,0.6225419389067508
2025-10-26,2025-26,MIA,NYK,1,0.4711199406880716
2025-10-26,2025-26,WAS,CHA,0,0.6974618083150237
2025-10-26,2025-26,MIN,IND,1,0.7500378331383994
2025-10-26,2025-26,DAL,TOR,1,0.4027129373977406
2025-10-26,2025-26,LAC,POR,1,0.6926902576820423
2025-10-26,2025-26,SAC,LAL,0,0.4862342675624533
2025-10-27,2025-26,DET,CLE,0,0.5644889334497675
2025-10-27,2025-26,MIN,DEN,0,0.520827584006394
2025-10-27,2025-26,PHI,ORL,1,0.4383071501248481
2025-10-27,2025-26,CHI,ATL,1,0.5834895594475883
2025-10-27,2025-26,HOU,BKN,1,0.8226296872452421
2025-10-27,2025-26,NOP,BOS,0,0.3495333656477731
2025-10-27,2025-26,SAS,TOR,1,0.6785899274904768
2025-10-27,2025-26,DAL,OKC,0,0.21605604227062972
2025-10-27,2025-26,UTA,PHX,1,0.6564741251881971
2025-10-27,2025-26,GSW,MEM,1,0.6786036771263743
2025-10-27,2025-26,LAL,POR,0,0.715669225994591
2025-10-28,2025-26,WAS,PHI,0,0.5549294547756275
2025-10-28,2025-26,MIA,CHA,1,0.7577986617640033
2025-10-28,2025-26,MIL,NYK,1,0.6176500123008186
2025-10-28,2025-26,OKC,SAC,1,0.6344266290187711
2025-10-28,2025-26,GSW,LAC,1,0.46385753813495356
2025-10-29,2025-26,BOS,CLE,1,0.4868944531203741
2025-10-29,2025-26,DET,ORL,1,0.6311218545282226
2025-10-29,2025-26,BKN,ATL,0,0.4516543831079323
2025-10-29,2025-26,TOR,HOU,0,0.4425344792102438
2025-10-29,2025-26,CHI,SAC,1,0.6569420224015468
2025-10-29,2025-26,DAL,IND,1,0.47369693890559117
2025-10-29,2025-26,DEN,NOP,1,0.795904738422567
2025-10-29,2025-26,UTA,POR,0,0.5826381050966583
2025-10-29,2025-26,MIN,LAL,0,0.589152470241335
2025-10-29,2025-26,PHX,MEM,0,0.5016146455614443
2025-10-30,2025-26,CHA,ORL,0,0.6019111536196008
2025-10-30,2025-26,MIL,GSW,1,0.5569200649478719
2025-10-30,2025-26,OKC,WAS,1,0.8213421426056817
2025-10-30,2025-26,SAS,MIA,1,0.5820363086882125
2025-10-31,2025-26,IND,ATL,0,0.5007243221033866
2025-10-31,2025-26,PHI,BOS,0,0.43769946506429563
2025-10-31,2025-26,CLE,TOR,0,0.7373477827689671
2025-10-31,2025-26,CHI,NYK,1,0.5912699796319318
2025-10-31,2025-26,MEM,LAL,0,0.5054700278476569
2025-10-31,2025-26,PHX,UTA,1,0.558114668499666
2025-10-31,2025-26,POR,DEN,1,0.5257411612458514
2025-10-31,2025-26,LAC,NOP,1,0.8655683539777257
2025-11-01,2025-26,MIL,SAC,0,0.6743421332926561
2025-11-01,2025-26,CHA,MIN,0,0.3869327932411433
2025-11-01,2025-26,IND,GSW,1,0.2955281651606774
2025-11-01,2025-26,WAS,ORL,0,0.4221784211866976
2025-11-01,2025-26,BOS,HOU,0,0.5396510420805368
2025-11-02,2025-26,OKC,NOP,1,0.8273269500439928
2025-11-02,2025-26,BKN,PHI,0,0.506070044198889
2025-11-02,2025-26,CHA,UTA,1,0.49041538727007
2025-11-02,2025-26,CLE,ATL,1,0.6405121189537413
2025-11-02,2025-26,TOR,MEM,1,0.5046508239752314
2025-11-02,2025-26,NYK,CHI,1,0.5272925455631096
2025-11-02,2025-26,PHX,SAS,1,0.48680962589130433
2025-11-02,2025-26,LAL,MIA,1,0.6674570875219387
2025-11-03,2025-26,BKN,MIN,0,0.3050376707692664
2025-11-03,2025-26,IND,MIL,0,0.42657828924299324
2025-11-03,2025-26,BOS,UTA,0,0.805263798943131
2025-11-03,2025-26,NYK,WAS,1,0.7484198691356987
2025-11-03,2025-26,HOU,DAL,1,0.765057736775139
2025-11-03,2025-26,MEM,DET,0,0.4427762558957076
2025-11-03,2025-26,DEN,SAC,1,0.6932109835256891
2025-11-03,2025-26,POR,LAL,0,0.6289433964884515
2025-11-03,2025-26,LAC,MIA,0,0.7725897164574348
2025-11-04,2025-26,TOR,MIL,1,0.5548014533866247
2025-11-04,2025-26,ATL,ORL,1,0.5746026613600913
2025-11-04,2025-26,CHI,PHI,1,0.6815484324065464
2025-11-04,2025-26,NOP,CHA,1,0.4607812613077312
2025-11-04,2025-26,GSW,PHX,1,0.6878583773095579
2025-11-04,2025-26,LAC,OKC,0,0.4940436756828436
2025-11-05,2025-26,CLE,PHI,1,0.7571316375665584
2025-11-05,2025-26,DET,UTA,1,0.7254122397016212
2025-11-05,2025-26,IND,BKN,0,0.6756013698882358
2025-11-05,2025-26,BOS,WAS,1,0.803819757140749
2025-11-05,2025-26,NYK,MIN,1,0.5620086133732407
2025-11-05,2025-26,MEM,HOU,0,0.43004384212567276
2025-11-05,2025-26,DAL,NOP,0,0.6724447322096639
2025-11-05,2025-26,DEN,MIA,1,0.6396785431487219
2025-11-05,2025-26,LAL,SAS,1,0.6855889301407107
2025-11-05,2025-26,POR,OKC,1,0.5040652991787227
2025-11-05,2025-26,SAC,GSW,1,0.5414333559003378
2025-11-06,2025-26,PHX,LAC,1,0.43927330925978175
2025-11-07,2025-26,ORL,BOS,1,0.5460749725990943
2025-11-07,2025-26,WAS,CLE,0,0.2566397519363106
2025-11-07,2025-26,ATL,TOR,0,0.572541607516505
2025-11-07,2025-26,BKN,DET,0,0.37997732569704196
2025-11-07,2025-26,SAS,HOU,1,0.4978889213699539
2025-11-07,2025-26,MIA,CHA,1,0.7328494097957513
2025-11-07,2025-26,MEM,DAL,1,0.6315381237869502
2025-11-07,2025-26,MIL,CHI,1,0.5827635399647633
2025-11-07,2025-26,MIN,UTA,1,0.7488166739306995
2025-11-07,2025-26,DEN,GSW,1,0.6218109886991543
2025-11-07,2025-26,SAC,OKC,0,0.3689135776533788
2025-11-08,2025-26,WAS,DAL,0,0.46870190152231767
2025-11-08,2025-26,PHI,TOR,1,0.535899257514477
2025-11-08,2025-26,ATL,LAL,1,0.418578484183974
2025-11-08,2025-26,CLE,CHI,1,0.6526461414110434
2025-11-08,2025-26,MIA,POR,1,0.46663753798161073
2025-11-08,2025-26,SAS,NOP,1,0.7123326949779221
2025-11-08,2025-26,DEN,IND,1,0.7294413883902409
2025-11-08,2025-26,LAC,PHX,0,0.6913484221861383
2025-11-09,2025-26,MIL,HOU,0,0.5395083899483599
2025-11-09,2025-26,NYK,BKN,1,0.7797937352417247
2025-11-09,2025-26,ORL,BOS,0,0.5601877567507182
2025-11-09,2025-26,MEM,OKC,0,0.33670621330038286
2025-11-09,2025-26,PHI,DET,0,0.3900274088353194
2025-11-09,2025-26,GSW,IND,1,0.7748889606390702
2025-11-09,2025-26,SAC,MIN,0,0.4475559584862102
2025-11-10,2025-26,CHA,LAL,0,0.3869837702857937
2025-11-10,2025-26,DET,WAS,1,0.7866693442162871
2025-11-10,2025-26,ORL,POR,1,0.4771274515902202
2025-11-10,2025-26,MIA,CLE,1,0.5100927222551798
2025-11-10,2025-26,CHI,SAS,0,0.6117051581138856
2025-11-10,2025-26,DAL,MIL,0,0.4658426752987246
2025-11-10,2025-26,PHX,NOP,1,0.7336246204673165
2025-11-10,2025-26,UTA,MIN,0,0.4453142855571955
2025-11-10,2025-26,LAC,ATL,0,0.6126924340331626
2025-11-11,2025-26,BKN,TOR,0,0.37360784764112526
2025-11-11,2025-26,NYK,MEM,1,0.6988993931008681
2025-11-11,2025-26,PHI,BOS,1,0.4874736867283041
2025-11-11,2025-26,OKC,GSW,1,0.7217370414870954
2025-11-11,2025-26,UTA,IND,1,0.496654067582895
2025-11-11,2025-26,SAC,DEN,0,0.3943711639281157
2025-11-12,2025-26,CHA,MIL,1,0.3850763536505188
2025-11-12,2025-26,DET,CHI,1,0.643790631565475
2025-11-12,2025-26,NYK,ORL,0,0.604019146747424
2025-11-12,2025-26,BOS,MEM,1,0.6947334076812179
2025-11-12,2025-26,MIA,CLE,0,0.5407156752622193
2025-11-12,2025-26,HOU,WAS,1,0.8552201926651045
2025-11-12,2025-26,NOP,POR,0,0.33386895760447943
2025-11-12,2025-26,SAS,GSW,0,0.658672088488536
2025-11-12,2025-26,DAL,PHX,0,0.4137430347004744
2025-11-12,2025-26,OKC,LAL,1,0.6478830725941587
2025-11-12,2025-26,SAC,ATL,0,0.4056174119938423
2025-11-12,2025-26,LAC,DEN,0,0.613335670341585
2025-11-13,2025-26,CLE,TOR,0,0.6097883300400615
2025-11-13,2025-26,PHX,IND,1,0.6564593429435185
2025-11-13,2025-26,UTA,ATL,0,0.5137638387210346
2025-11-14,2025-26,NYK,MIA,1,0.5963247085893408
2025-11-14,2025-26,ORL,BKN,1,0.7713654122887738
2025-11-14,2025-26,DET,PHI,1,0.7106073098051371
2025-11-14,2025-26,HOU,POR,1,0.6823906826100546
2025-11-14,2025-26,MIL,CHA,1,0.7016975391674313
2025-11-14,2025-26,MIN,SAC,1,0.7637365863337959
2025-11-14,2025-26,NOP,LAL,0,0.31779381398361894
2025-11-14,2025-26,DAL,LAC,0,0.38237683996873495
2025-11-14,2025-26,SAS,GSW,0,0.5684219386409562
2025-11-15,2025-26,CLE,MEM,1,0.6914060123797918
2025-11-15,2025-26,CHA,OKC,0,0.20856677882288277
2025-11-15,2025-26,IND,TOR,0,0.37663434449423805
2025-11-15,2025-26,MIL,LAL,0,0.5649300435363196
2025-11-15,2025-26,MIN,DEN,0,0.5094853733204076
2025-11-16,2025-26,BOS,LAC,1,0.597851999413225
2025-11-16,2025-26,SAS,SAC,1,0.7176701960698825
2025-11-16,2025-26,WAS,BKN,0,0.4746290885694188
2025-11-16,2025-26,HOU,ORL,1,0.6907644569109573
2025-11-16,2025-26,NOP,GSW,0,0.2975533462665289
2025-11-16,2025-26,DAL,POR,1,0.39805888156550184
2025-11-16,2025-26,PHX,ATL,0,0.5430481215614125
2025-11-16,2025-26,UTA,CHI,1,0.42182207484655826
2025-11-17,2025-26,CLE,MIL,1,0.6142812935846284
2025-11-17,2025-26,DET,IND,1,0.7829419619927788
2025-11-17,2025-26,PHI,LAC,1,0.5513176904721422
2025-11-17,2025-26,MIA,NYK,1,0.5282180084735499
2025-11-17,2025-26,TOR,CHA,1,0.7268325770036604
2025-11-17,2025-26,MIN,DAL,1,0.8375079555496291
2025-11-17,2025-26,NOP,OKC,0,0.13602932206596158
2025-11-17,2025-26,DEN,CHI,0,0.7948458568063851
2025-11-18,2025-26,ORL,GSW,1,0.5360522681636929
2025-11-18,2025-26,BKN,BOS,0,0.33731403086082556
2025-11-18,2025-26,ATL,DET,0,0.6541488917288467
2025-11-18,2025-26,SAS,MEM,1,0.6855707172590555
2025-11-18,2025-26,LAL,UTA,1,0.7843258341828496
2025-11-18,2025-26,POR,PHX,0,0.5497766933101712
2025-11-19,2025-26,CLE,HOU,0,0.5196378009013248
2025-11-19,2025-26,IND,CHA,1,0.5094025856749417
2025-11-19,2025-26,MIA,GSW,1,0.6109778140088438
2025-11-19,2025-26,PHI,TOR,0,0.48117685225798656
2025-11-19,2025-26,MIN,WAS,1,0.8530353282721492
2025-11-19,2025-26,NOP,DEN,0,0.2514312773384001
2025-11-19,2025-26,OKC,SAC,1,0.8629779448664393
2025-11-19,2025-26,DAL,NYK,0,0.322282511982585
2025-11-19,2025-26,POR,CHI,0,0.48298705659884295
2025-11-20,2025-26,ORL,LAC,1,0.6028011652030882
2025-11-20,2025-26,MEM,SAC,1,0.6495191429013085
2025-11-20,2025-26,MIL,PHI,0,0.7102265818844578
2025-11-20,2025-26,SAS,ATL,1,0.5724249743125773
2025-11-21,2025-26,CLE,IND,1,0.7661691619620493
2025-11-21,2025-26,BOS,BKN,0,0.7875535014467719
2025-11-21,2025-26,TOR,WAS,1,0.8361791055674682
2025-11-21,2025-26,CHI,MIA,0,0.5266511820527733
2025-11-21,2025-26,DAL,NOP,1,0.5795293754016652
2025-11-21,2025-26,PHX,MIN,1,0.555990008167797
2025-11-21,2025-26,HOU,DEN,0,0.6258878949017449
2025-11-21,2025-26,UTA,OKC,0,0.20824483443814967
2025-11-21,2025-26,GSW,POR,0,0.6380495718787325
2025-11-22,2025-26,CHA,LAC,0,0.41976084752636694
2025-11-22,2025-26,ORL,NYK,1,0.6013678741429095
2025-11-22,2025-26,NOP,ATL,0,0.25498378804803923
2025-11-22,2025-26,CHI,WAS,1,0.7905966555597607
2025-11-22,2025-26,MIL,DET,0,0.4361244263120195
2025-11-22,2025-26,DAL,MEM,0,0.40659186034339656
2025-11-22,2025-26,DEN,SAC,0,0.8043556128428556
2025-11-23,2025-26,PHI,MIA,0,0.42495781037482916
2025-11-23,2025-26,ATL,CHA,1,0.7775402988447582
2025-11-23,2025-26,BOS,ORL,1,0.6425200625884314
2025-11-23,2025-26,CLE,LAC,1,0.7108651614978748
2025-11-23,2025-26,TOR,BKN,1,0.7716234897835574
2025-11-23,2025-26,OKC,POR,1,0.8148619626237332
2025-11-23,2025-26,PHX,SAS,1,0.6130769782569048
2025-11-23,2025-26,UTA,LAL,0,0.32966649380571944
2025-11-24,2025-26,IND,DET,0,0.280349433876772
2025-11-24,2025-26,TOR,CLE,1,0.6037599072380658
2025-11-24,2025-26,BKN,NYK,0,0.285445172013829
2025-11-24,2025-26,MIA,DAL,1,0.7051954663044226
2025-11-24,2025-26,MEM,DEN,0,0.3765159424901449
2025-11-24,2025-26,MIL,POR,0,0.6465626647450845
2025-11-24,2025-26,NOP,CHI,1,0.3538544748567854
2025-11-24,2025-26,PHX,HOU,0,0.49633409022198627
2025-11-24,2025-26,GSW,UTA,1,0.7922566879492311
2025-11-24,2025-26,SAC,MIN,1,0.2986379361262291
2025-11-25,2025-26,WAS,ATL,1,0.2397599102357867
2025-11-25,2025-26,PHI,ORL,0,0.44500497066264805
2025-11-25,2025-26,LAL,LAC,1,0.7004299754163545
2025-11-26,2025-26,BOS,DET,1,0.516925167129213
2025-11-26,2025-26,CHA,NYK,0,0.3798274699609315
2025-11-26,2025-26,MIA,MIL,1,0.6495876582260292
2025-11-26,2025-26,TOR,IND,1,0.7735735222826063
2025-11-26,2025-26,OKC,MIN,1,0.7385239782816422
2025-11-26,2025-26,NOP,MEM,0,0.43985778171810946
2025-11-26,2025-26,GSW,HOU,0,0.46588242927272544
2025-11-26,2025-26,POR,SAS,0,0.5321433497962228
2025-11-26,2025-26,SAC,PHX,0,0.37562634995810423
2025-11-28,2025-26,ATL,CLE,1,0.4860688521521309
2025-11-28,2025-26,BKN,PHI,0,0.47873561398208087
2025-11-28,2025-26,CHA,CHI,1,0.4400570750255179
2025-11-28,2025-26,DET,ORL,0,0.6744176341500472
2025-11-28,2025-26,IND,WAS,1,0.5736880594209548
2025-11-28,2025-26,NYK,MIL,1,0.688171199820762
2025-11-28,2025-26,OKC,PHX,1,0.7772861222653153
2025-11-28,2025-26,DEN,SAS,0,0.696159478352497
2025-11-28,2025-26,UTA,SAC,1,0.5186478298280036
2025-11-28,2025-26,LAL,DAL,1,0.8059906920830632
2025-11-28,2025-26,LAC,MEM,0,0.6179072441382023
2025-11-29,2025-26,MIN,BOS,1,0.5627338365594565
2025-11-29,2025-26,CHA,TOR,1,0.27485641174086684
2025-11-29,2025-26,IND,CHI,1,0.43667377007534475
2025-11-29,2025-26,MIA,DET,0,0.6219837460345322
2025-11-29,2025-26,MIL,BKN,1,0.6896432787519272
2025-11-29,2025-26,GSW,NOP,1,0.7592003354400524
2025-11-29,2025-26,PHX,DEN,0,0.5250756975690397
2025-11-29,2025-26,LAC,DAL,0,0.7046376537260687
2025-11-30,2025-26,UTA,HOU,0,0.2996532725828462
2025-11-30,2025-26,CLE,BOS,0,0.6556398342926825
2025-11-30,2025-26,NYK,TOR,1,0.7426343550336746
2025-11-30,2025-26,PHI,ATL,0,0.46893362781485254
2025-11-30,2025-26,POR,OKC,0,0.2902640001311677
2025-11-30,2025-26,MIN,SAS,1,0.5318358535598471
2025-11-30,2025-26,SAC,MEM,0,0.45645425849561233
2025-11-30,2025-26,LAL,NOP,1,0.884560025457515
2025-12-01,2025-26,DET,ATL,1,0.7487395309423989
2025-12-01,2025-26,IND,CLE,0,0.4250455320023369
2025-12-01,2025-26,WAS,MIL,1,0.2978469605564986
2025-12-01,2025-26,BKN,CHA,1,0.5000302570282108
2025-12-01,2025-26,MIA,LAC,1,0.6425811424824283
2025-12-01,2025-26,ORL,CHI,1,0.7320299206830202
2025-12-01,2025-26,DEN,DAL,0,0.8425696982223372
2025-12-01,2025-26,UTA,HOU,1,0.30777982634168505
2025-12-01,2025-26,LAL,PHX,0,0.6478529823616564
2025-12-02,2025-26,PHI,WAS,1,0.765552774162916
2025-12-02,2025-26,TOR,POR,1,0.6699949128981278
2025-12-02,2025-26,BOS,NYK,1,0.6066104562898577
2025-12-02,2025-26,NOP,MIN,0,0.2618893470272655
2025-12-02,2025-26,SAS,MEM,1,0.7123975558793032
2025-12-02,2025-26,GSW,OKC,0,0.33236220384473075
2025-12-03,2025-26,CLE,POR,0,0.7588994182903466
2025-12-03,2025-26,IND,DEN,0,0.26028157350481884
2025-12-03,2025-26,ORL,SAS,0,0.6869304324530157
2025-12-03,2025-26,ATL,LAC,0,0.6068279555479237
2025-12-03,2025-26,NYK,CHA,1,0.7852599359696676
2025-12-03,2025-26,CHI,BKN,0,0.6462552861172677
2025-12-03,2025-26,HOU,SAC,1,0.8313620070640312
2025-12-03,2025-26,MIL,DET,1,0.3841318456141152
2025-12-03,2025-26,DAL,MIA,1,0.3313312152965465
2025-12-04,2025-26,PHI,GSW,1,0.42645171006458193
2025-12-04,2025-26,WAS,BOS,0,0.23235417682842274
2025-12-04,2025-26,BKN,UTA,0,0.4252646058716651
2025-12-04,2025-26,TOR,LAL,0,0.5320061625536048
2025-12-04,2025-26,NOP,MIN,0,0.2619431309412888
2025-12-05,2025-26,BOS,LAL,1,0.6329739693334648
2025-12-05,2025-26,ORL,MIA,1,0.5761246223940802
2025-12-05,2025-26,ATL,DEN,0,0.41601001236992874
2025-12-05,2025-26,CLE,SAS,1,0.5559951300979504
2025-12-05,2025-26,DET,POR,1,0.7429141868885317
2025-12-05,2025-26,NYK,UTA,1,0.837445686114647
2025-12-05,2025-26,TOR,CHA,0,0.7341715006805115
2025-12-05,2025-26,CHI,IND,0,0.598398758838765
2025-12-05,2025-26,HOU,PHX,1,0.7083308747751754
2025-12-05,2025-26,MEM,LAC,1,0.5483745128053226
2025-12-05,2025-26,MIL,PHI,0,0.7002365504970476
2025-12-05,2025-26,OKC,DAL,1,0.8587612568629195
2025-12-06,2025-26,BKN,NOP,1,0.5994327531822548
2025-12-06,2025-26,WAS,ATL,0,0.38258579728026926
2025-12-06,2025-26,CLE,GSW,0,0.5716962491822138
2025-12-06,2025-26,DET,MIL,1,0.7726050222941817
2025-12-06,2025-26,MIA,SAC,0,0.676598153194121
2025-12-06,2025-26,MIN,LAC,1,0.7637502395549387
2025-12-06,2025-26,DAL,HOU,1,0.3039013598069992
2025-12-07,2025-26,NYK,ORL,1,0.6447749141105165
2025-12-07,2025-26,TOR,BOS,0,0.45133945502826583
2025-12-07,2025-26,CHA,DEN,0,0.28809478204780564
2025-12-07,2025-26,MEM,POR,1,0.5471610151888031
2025-12-07,2025-26,CHI,GSW,0,0.4986788036679268
2025-12-07,2025-26,PHI,LAL,0,0.4028332035324234
2025-12-07,2025-26,UTA,OKC,0,0.2019570740226506
2025-12-08,2025-26,IND,SAC,1,0.5069558832853693
2025-12-08,2025-26,MIN,PHX,0,0.619547741102987
2025-12-08,2025-26,NOP,SAS,0,0.26817307689331504
2025-12-09,2025-26,ORL,MIA,1,0.6021341101610257
2025-12-09,2025-26,TOR,NYK,0,0.4600003001363623
2025-12-10,2025-26,OKC,PHX,1,0.7919048499721714
2025-12-10,2025-26,LAL,SAS,0,0.6462050117497297
2025-12-11,2025-26,HOU,LAC,1,0.760008953397215
2025-12-11,2025-26,MIL,BOS,1,0.3713670900683516
2025-12-11,2025-26,NOP,POR,1,0.3453273523683855
2025-12-11,2025-26,SAC,DEN,0,0.24912265803405415
2025-12-12,2025-26,CHA,CHI,0,0.5390489823640845
2025-12-12,2025-26,DET,ATL,1,0.731276915971334
2025-12-12,2025-26,PHI,IND,1,0.5697553321955676
2025-12-12,2025-26,WAS,CLE,0,0.23403903936465173
2025-12-12,2025-26,MEM,UTA,0,0.6877158048280069
2025-12-12,2025-26,DAL,BKN,1,0.6354933227589037
2025-12-12,2025-26,GSW,MIN,0,0.513747950193142
2025-12-14,2025-26,IND,WAS,0,0.6719165734669487
2025-12-14,2025-26,ATL,PHI,1,0.5983302898724572
2025-12-14,2025-26,CLE,CHA,0,0.7791063106979397
2025-12-14,2025-26,BKN,MIL,1,0.407253610050227
2025-12-14,2025-26,MIN,SAC,1,0.7801694303868613
2025-12-14,2025-26,POR,GSW,1,0.44423135823785304
2025-12-14,2025-26,CHI,NOP,0,0.6216838370443583
2025-12-14,2025-26,PHX,LAL,0,0.5401418503632558
2025-12-15,2025-26,BOS,DET,0,0.6078335991255731
2025-12-15,2025-26,UTA,DAL,1,0.4951439519146768
2025-12-15,2025-26,DEN,HOU,1,0.6651084723728371
2025-12-15,2025-26,LAC,MEM,0,0.5798734685198046
2025-12-15,2025-26,MIA,TOR,0,0.6066126504019411
2025-12-17,2025-26,CHI,CLE,1,0.38783671910768036
2025-12-17,2025-26,MIN,MEM,0,0.6960374642935417
2025-12-18,2025-26,OKC,LAC,1,0.8636601204423204
2025-12-18,2025-26,SAS,WAS,1,0.8308711474832906
2025-12-18,2025-26,CHA,ATL,1,0.43130657332243616
2025-12-18,2025-26,IND,NYK,0,0.2558396796563863
2025-12-18,2025-26,BKN,MIA,0,0.4291173220062643
2025-12-18,2025-26,MIL,TOR,0,0.5353274649865292
2025-12-18,2025-26,NOP,HOU,1,0.24832648597895177
2025-12-18,2025-26,DAL,DET,1,0.3306373253940749
2025-12-18,2025-26,DEN,ORL,1,0.7218285309393817
2025-12-18,2025-26,PHX,GSW,1,0.5778215583967629
2025-12-18,2025-26,UTA,LAL,0,0.3523220514698649
2025-12-18,2025-26,POR,SAC,1,0.6112502453026724
2025-12-19,2025-26,BOS,MIA,1,0.7621372860757804
2025-12-19,2025-26,NYK,PHI,0,0.7386131291380826
2025-12-19,2025-26,ATL,SAS,0,0.4908718173460427
2025-12-19,2025-26,CLE,CHI,0,0.7045061080203721
2025-12-19,2025-26,MIN,OKC,1,0.44628997681268634
2025-12-20,2025-26,DEN,HOU,0,0.6748186533363468
2025-12-20,2025-26,PHI,DAL,1,0.4882638659332259
2025-12-20,2025-26,TOR,BOS,0,0.5341217674524943
2025-12-20,2025-26,NOP,IND,1,0.5181547217206489
2025-12-20,2025-26,DET,CHA,1,0.8072513448417051
2025-12-20,2025-26,MEM,WAS,0,0.7980892903027548
2025-12-20,2025-26,GSW,PHX,1,0.5582347539065885
2025-12-20,2025-26,UTA,ORL,0,0.3765827052618447
2025-12-20,2025-26,SAC,POR,0,0.3972357501470179
2025-12-20,2025-26,LAC,LAL,1,0.4061531391443367
2025-12-21,2025-26,ATL,CHI,0,0.5941915168343267
2025-12-21,2025-26,BKN,TOR,1,0.5375010966799542
2025-12-21,2025-26,NYK,MIA,1,0.7335357922423101
2025-12-21,2025-26,WAS,SAS,0,0.20353402767000384
2025-12-21,2025-26,MIN,MIL,1,0.7796171318846039
2025-12-21,2025-26,SAC,HOU,1,0.24303282140426075
2025-12-22,2025-26,CLE,CHA,1,0.6677553448640771
2025-12-22,2025-26,BOS,IND,1,0.8326827953175018
2025-12-22,2025-26,NOP,DAL,1,0.45647187835332925
2025-12-22,2025-26,DEN,UTA,1,0.8395303166085192
2025-12-22,2025-26,OKC,MEM,1,0.8402869106546408
2025-12-22,2025-26,GSW,ORL,1,0.558257401754025
2025-12-22,2025-26,POR,DET,0,0.35967465427344963
2025-12-23,2025-26,CHA,WAS,1,0.5798254082241014
2025-12-23,2025-26,PHI,BKN,0,0.6343350682463742
2025-12-23,2025-26,ATL,CHI,0,0.5845687266371395
2025-12-23,2025-26,CLE,NOP,1,0.7176116056578734
2025-12-23,2025-26,IND,MIL,0,0.37663537897791
2025-12-23,2025-26,MIA,TOR,0,0.5948462735221082
2025-12-23,2025-26,DAL,DEN,1,0.3066772791301437
2025-12-23,2025-26,MIN,NYK,1,0.5906205507266102
2025-12-23,2025-26,SAS,OKC,1,0.4630777253500126
2025-12-23,2025-26,PHX,LAL,1,0.5347963852182656
2025-12-23,2025-26,UTA,MEM,0,0.458443830410307
2025-12-23,2025-26,POR,ORL,0,0.45636854709770264
2025-12-23,2025-26,SAC,DET,0,0.31686689134176027
2025-12-23,2025-26,LAC,HOU,1,0.3949961457438625
2025-12-25,2025-26,NYK,CLE,1,0.7185654329195191
2025-12-25,2025-26,OKC,SAS,0,0.7331694299895137
2025-12-25,2025-26,GSW,DAL,1,0.6747006191168028
2025-12-25,2025-26,LAL,HOU,0,0.5245242047577872
2025-12-25,2025-26,DEN,MIN,1,0.6416584330625501
2025-12-26,2025-26,ATL,MIA,0,0.49042580359378785
2025-12-26,2025-26,ORL,CHA,0,0.6952549705852288
2025-12-26,2025-26,WAS,TOR,1,0.32306247235059693
2025-12-26,2025-26,IND,BOS,0,0.23486681778386628
2025-12-26,2025-26,CHI,PHI,1,0.5350407073239571
2025-12-26,2025-26,MEM,MIL,1,0.6441192543310414
2025-12-26,2025-26,NOP,PHX,0,0.33023633361262344
2025-12-26,2025-26,UTA,DET,1,0.3007207111731863
2025-12-26,2025-26,POR,LAC,0,0.47393080465959514
2025-12-27,2025-26,SAC,DAL,1,0.4079556188316928
2025-12-27,2025-26,ORL,DEN,1,0.331588505951945
2025-12-27,2025-26,NOP,PHX,0,0.3343720264528437
2025-12-27,2025-26,ATL,NYK,0,0.31071217092966774
2025-12-27,2025-26,MIA,IND,1,0.7494696257098314
2025-12-27,2025-26,CHI,MIL,0,0.6441731203262134
2025-12-27,2025-26,HOU,CLE,1,0.7136672384868817
2025-12-27,2025-26,MIN,BKN,0,0.750911454881833
2025-12-27,2025-26,SAS,UTA,0,0.8443922049410162
2025-12-28,2025-26,TOR,GSW,1,0.4735138680475996
2025-12-28,2025-26,OKC,PHI,1,0.8287803407915554
2025-12-28,2025-26,WAS,MEM,1,0.3119234326089566
2025-12-28,2025-26,POR,BOS,1,0.36348485983571044
2025-12-28,2025-26,LAC,DET,1,0.4567766444379598
2025-12-28,2025-26,LAL,SAC,1,0.7774822226493997
2025-12-29,2025-26,CHA,MIL,0,0.5400449737865692
2025-12-29,2025-26,WAS,PHX,0,0.2500780131286458
2025-12-29,2025-26,BKN,GSW,0,0.5459408838094776
2025-12-29,2025-26,MIA,DEN,1,0.3635976987096745
2025-12-29,2025-26,TOR,ORL,1,0.4235963654260449
2025-12-29,2025-26,CHI,MIN,0,0.42605860518247746
2025-12-29,2025-26,HOU,IND,1,0.8638083145247518
2025-12-29,2025-26,NOP,NYK,0,0.2748974461698998
2025-12-29,2025-26,OKC,ATL,1,0.811553957000365
2025-12-29,2025-26,SAS,CLE,0,0.7112639375569697
2025-12-29,2025-26,POR,DAL,1,0.46071203065145294
2025-12-30,2025-26,MEM,PHI,0,0.6065939605795923
2025-12-30,2025-26,UTA,BOS,0,0.34990381768777196
2025-12-30,2025-26,LAL,DET,0,0.5119739083406069
2025-12-30,2025-26,LAC,SAC,1,0.7453938587950596
2025-12-31,2025-26,CHA,GSW,0,0.38045822023839254
2025-12-31,2025-26,ATL,MIN,1,0.3836254899878707
2025-12-31,2025-26,IND,ORL,0,0.26575053626049056
2025-12-31,2025-26,CLE,PHX,1,0.5276128674276884
2025-12-31,2025-26,CHI,NOP,1,0.6063058890978014
2025-12-31,2025-26,SAS,NYK,1,0.5874071415712413
2025-12-31,2025-26,TOR,DEN,0,0.4089459667437585
2025-12-31,2025-26,MIL,WAS,0,0.7032511163416401
2025-12-31,2025-26,OKC,POR,1,0.8499201117242695
2026-01-01,2025-26,BKN,HOU,0,0.35379912769590915
2026-01-01,2025-26,DET,MIA,0,0.6754371148924847
2026-01-01,2025-26,DAL,PHI,0,0.4902128288376187
2026-01-01,2025-26,SAC,BOS,0,0.2579076994031523
2026-01-01,2025-26,LAC,UTA,1,0.7033601850657335
2026-01-02,2025-26,IND,SAS,0,0.21893470228819836
2026-01-02,2025-26,WAS,BKN,1,0.4878721181891156
2026-01-02,2025-26,CLE,DEN,1,0.44343573265608144
2026-01-02,2025-26,NYK,ATL,0,0.7519271560392365
2026-01-02,2025-26,CHI,ORL,1,0.41762372767914807
2026-01-02,2025-26,MIL,CHA,1,0.5839599690912992
2026-01-02,2025-26,NOP,POR,0,0.42973171220647816
2026-01-02,2025-26,PHX,SAC,1,0.8103894555101938
2026-01-02,2025-26,GSW,OKC,0,0.37833238964754046
2026-01-02,2025-26,LAL,MEM,1,0.5846806012182326
2026-01-03,2025-26,MIA,MIN,0,0.5602838341742288
2026-01-03,2025-26,NYK,PHI,0,0.6743071596707185
2026-01-03,2025-26,TOR,ATL,1,0.662604534515472
2026-01-03,2025-26,CHI,CHA,0,0.6153164170702707
2026-01-03,2025-26,SAS,POR,0,0.7765679501634253
2026-01-03,2025-26,DAL,HOU,1,0.3013816574534083
2026-01-03,2025-26,GSW,UTA,1,0.6609303199817387
2026-01-03,2025-26,LAC,BOS,0,0.533850305955593
2026-01-04,2025-26,CLE,DET,0,0.44987707696498785
2026-01-04,2025-26,ORL,IND,1,0.7537576886080738
2026-01-04,2025-26,BKN,DEN,1,0.30606914820534736
2026-01-04,2025-26,MIA,NOP,1,0.7022442471332874
2026-01-04,2025-26,WAS,MIN,0,0.3533832084786998
2026-01-04,2025-26,PHX,OKC,1,0.3673859915812002
2026-01-04,2025-26,SAC,MIL,0,0.4058554943125155
2026-01-04,2025-26,LAL,MEM,1,0.6034676850771169
2026-01-05,2025-26,DET,NYK,1,0.5751851851155141
2026-01-05,2025-26,BOS,CHI,1,0.8194872346588724
2026-01-05,2025-26,TOR,ATL,1,0.5813452318128924
2026-01-05,2025-26,HOU,PHX,1,0.7682223249998376
2026-01-05,2025-26,OKC,CHA,0,0.8041912622616203
2026-01-05,2025-26,PHI,DEN,0,0.4701052071053955
2026-01-05,2025-26,LAC,GSW,1,0.5540666636832675
2026-01-05,2025-26,POR,UTA,1,0.5890670378960537
2026-01-06,2025-26,IND,CLE,0,0.22205747711456206
2026-01-06,2025-26,WAS,ORL,1,0.2994622900392487
2026-01-06,2025-26,MEM,SAS,1,0.48199063322467467
2026-01-06,2025-26,MIN,MIA,1,0.5823211032939237
2026-01-06,2025-26,NOP,LAL,0,0.2851422896628774
2026-01-06,2025-26,SAC,DAL,0,0.40612295662050296
2026-01-07,2025-26,CHA,TOR,0,0.5601586697971217
2026-01-07,2025-26,DET,CHI,1,0.80152246380839
2026-01-07,2025-26,PHI,WAS,1,0.7350248896302485
2026-01-07,2025-26,ATL,NOP,1,0.7356503402361202
2026-01-07,2025-26,BOS,DEN,0,0.6306219763849055
2026-01-07,2025-26,BKN,ORL,0,0.5410088075887711
2026-01-07,2025-26,NYK,LAC,1,0.6001580420725104
2026-01-07,2025-26,SAS,LAL,1,0.6934976270265056
2026-01-07,2025-26,MEM,PHX,0,0.4096636711698541
2026-01-07,2025-26,OKC,UTA,1,0.8364886177953362
2026-01-07,2025-26,GSW,MIL,1,0.7007922467691629
2026-01-07,2025-26,POR,HOU,1,0.4106356681026529
2026-01-08,2025-26,CHA,IND,0,0.6942014902118732
2026-01-08,2025-26,MIN,CLE,1,0.601448544749623
2026-01-08,2025-26,UTA,DAL,1,0.4709764804025403
2026-01-09,2025-26,BOS,TOR,1,0.738762052261722
2026-01-09,2025-26,ORL,PHI,0,0.5537338470163857
2026-01-09,2025-26,WAS,NOP,0,0.5413034262411711
2026-01-09,2025-26,BKN,LAC,0,0.4123333608029991
2026-01-09,2025-26,MEM,OKC,0,0.29466915377705594
2026-01-09,2025-26,DEN,ATL,0,0.7173956816052453
2026-01-09,2025-26,PHX,NYK,1,0.5703263766578178
2026-01-09,2025-26,GSW,SAC,1,0.7893393347246792
2026-01-09,2025-26,POR,HOU,1,0.42997226541719114
2026-01-09,2025-26,LAL,MIL,0,0.681758102058317
2026-01-10,2025-26,CLE,MIN,1,0.5166201239974478
2026-01-10,2025-26,IND,MIA,1,0.25453730493161864
2026-01-10,2025-26,DET,LAC,0,0.7348934853683613
2026-01-10,2025-26,BOS,SAS,0,0.6239956005623627
2026-01-10,2025-26,CHI,DAL,1,0.5761965591970749
2026-01-10,2025-26,UTA,CHA,0,0.46074173345907765
2026-01-11,2025-26,ORL,NOP,1,0.7105908533091697
2026-01-11,2025-26,MEM,BKN,1,0.5890052755766912
2026-01-11,2025-26,TOR,PHI,1,0.5181326942363517
2026-01-11,2025-26,POR,NYK,0,0.48883420623564
2026-01-11,2025-26,MIN,SAS,1,0.6108876378585834
2026-01-11,2025-26,OKC,MIA,1,0.8318075383508219
2026-01-11,2025-26,DEN,MIL,1,0.7418921087041488
2026-01-11,2025-26,PHX,WAS,1,0.8020295007985548
2026-01-11,2025-26,GSW,ATL,0,0.6627031291037822
2026-01-11,2025-26,SAC,HOU,1,0.22164949601015807
2026-01-12,2025-26,CLE,UTA,0,0.7458713571597976
2026-01-12,2025-26,IND,BOS,1,0.22766076287625647
2026-01-12,2025-26,TOR,PHI,0,0.5807834088726135
2026-01-12,2025-26,DAL,BKN,1,0.5791774725679534
2026-01-12,2025-26,SAC,LAL,1,0.2891417755326005
2026-01-12,2025-26,LAC,CHA,1,0.6369638580842394
2026-01-13,2025-26,MIA,PHX,1,0.426900212380611
2026-01-13,2025-26,HOU,CHI,1,0.803408351336707
2026-01-13,2025-26,MIL,MIN,0,0.39751694327737186
2026-01-13,2025-26,NOP,DEN,0,0.2162018171118658
2026-01-13,2025-26,OKC,SAS,1,0.7049965044411273
2026-01-13,2025-26,LAL,ATL,1,0.5077575387871525
2026-01-13,2025-26,GSW,POR,1,0.6822645001224183
2026-01-14,2025-26,IND,TOR,0,0.3385523367319849
2026-01-14,2025-26,PHI,CLE,0,0.4941156417612479
2026-01-14,2025-26,CHI,UTA,1,0.5282399147821472
2026-01-14,2025-26,NOP,BKN,1,0.3427081194037822
2026-01-14,2025-26,DAL,DEN,0,0.41225040805992336
2026-01-14,2025-26,SAC,NYK,1,0.26878527561979193
2026-01-14,2025-26,LAC,WAS,1,0.7743037429492224
2026-01-15,2025-26,DET,PHX,1,0.6616237174907605
2026-01-15,2025-26,MIA,BOS,0,0.3997502724092324
2026-01-15,2025-26,HOU,OKC,0,0.4823015965156994
2026-01-15,2025-26,SAS,MIL,1,0.7304311759072836
2026-01-15,2025-26,DAL,UTA,1,0.5853662067458489
2026-01-15,2025-26,GSW,NYK,1,0.6753808178077102
2026-01-15,2025-26,POR,ATL,1,0.5504308393324864
2026-01-15,2025-26,LAL,CHA,0,0.6281192581650009
2026-01-16,2025-26,BKN,CHI,1,0.5165434655228913
2026-01-16,2025-26,IND,NOP,1,0.5140220649735237
2026-01-16,2025-26,PHI,CLE,0,0.4805754012108731
2026-01-16,2025-26,TOR,LAC,0,0.4725265199405342
2026-01-16,2025-26,HOU,MIN,1,0.5326324593342068
2026-01-16,2025-26,SAC,WAS,1,0.5819988958614414
2026-01-17,2025-26,DAL,UTA,1,0.5774766467203114
2026-01-17,2025-26,ATL,BOS,0,0.37552459769863655
2026-01-17,2025-26,DET,IND,1,0.8739231574972305
2026-01-17,2025-26,NYK,PHX,0,0.5434957901847581
2026-01-17,2025-26,MIA,OKC,1,0.2838530625470179
2026-01-17,2025-26,SAS,MIN,1,0.6549279973226878
2026-01-17,2025-26,GSW,CHA,1,0.6505816201536393
2026-01-17,2025-26,DEN,WAS,1,0.86625139106386
2026-01-17,2025-26,POR,LAL,1,0.5634405356083166
2026-01-18,2025-26,CHI,BKN,1,0.5471025782344591
2026-01-18,2025-26,HOU,NOP,1,0.8216308412954293
2026-01-18,2025-26,DEN,CHA,0,0.7013313312030983
2026-01-18,2025-26,SAC,POR,0,0.4922066766076443
2026-01-18,2025-26,LAL,TOR,1,0.5268166974965596
2026-01-19,2025-26,ATL,MIL,0,0.5708024257016727
2026-01-19,2025-26,CLE,OKC,0,0.38138905601154444
2026-01-19,2025-26,NYK,DAL,0,0.7100489591241355
2026-01-19,2025-26,DET,BOS,1,0.620620155964236
2026-01-19,2025-26,WAS,LAC,0,0.22320845149089458
2026-01-19,2025-26,PHI,IND,1,0.6936858075266775
2026-01-19,2025-26,BKN,PHX,0,0.26398955618999626
2026-01-19,2025-26,SAS,UTA,1,0.786695658937217
2026-01-19,2025-26,GSW,MIA,1,0.6698592427317228
2026-01-20,2025-26,PHI,PHX,0,0.4962050572595863
2026-01-20,2025-26,CHI,LAC,1,0.4617343282010542
2026-01-20,2025-26,HOU,SAS,1,0.6922656303016043
2026-01-20,2025-26,UTA,MIN,1,0.22838292503886282
2026-01-20,2025-26,DEN,LAL,0,0.6575013375790956
2026-01-20,2025-26,GSW,TOR,0,0.6774253608368392
2026-01-20,2025-26,SAC,MIA,0,0.47686477186421133
2026-01-21,2025-26,CHA,CLE,0,0.5697988195369758
2026-01-21,2025-26,BOS,IND,1,0.860904884683791
2026-01-21,2025-26,NYK,BKN,1,0.6829175832546056
2026-01-21,2025-26,MEM,ATL,0,0.5489755462533505
2026-01-21,2025-26,NOP,DET,0,0.17872112757793326
2026-01-21,2025-26,MIL,OKC,0,0.23536080036526913
2026-01-21,2025-26,SAC,TOR,0,0.40288010211590225
2026-01-22,2025-26,ORL,CHA,0,0.6741580082954559
2026-01-22,2025-26,PHI,HOU,1,0.5062270626073115
2026-01-22,2025-26,WAS,DEN,0,0.24131383565955258
2026-01-22,2025-26,DAL,GSW,1,0.4114828997548617
2026-01-22,2025-26,MIN,CHI,0,0.7248883911084258
2026-01-22,2025-26,UTA,SAS,0,0.31692423771877676
2026-01-22,2025-26,LAC,LAL,1,0.6107672479179728
2026-01-22,2025-26,POR,MIA,1,0.6088224753420449
2026-01-23,2025-26,DET,HOU,0,0.7534655802568735
2026-01-23,2025-26,ATL,PHX,1,0.3730574379635605
2026-01-23,2025-26,BKN,BOS,0,0.24951948374289623
2026-01-23,2025-26,CLE,SAC,1,0.766667687305661
2026-01-23,2025-26,MEM,NOP,0,0.6747361847843095
2026-01-23,2025-26,MIL,DEN,0,0.4716419619545866
2026-01-23,2025-26,OKC,IND,0,0.8871875349789321
2026-01-23,2025-26,POR,TOR,0,0.5069953026930958
2026-01-24,2025-26,PHI,NYK,0,0.5725001362012156
2026-01-24,2025-26,CHA,WAS,1,0.7921246590160399
2026-01-24,2025-26,ORL,CLE,0,0.5459087746018313
2026-01-24,2025-26,CHI,BOS,1,0.5043028928723914
2026-01-24,2025-26,DAL,LAL,0,0.4982716916230324
2026-01-24,2025-26,UTA,MIA,0,0.4160595073517229
2026-01-25,2025-26,MIN,GSW,0,0.5892528101630914
2026-01-25,2025-26,DET,SAC,1,0.8356592582436574
2026-01-25,2025-26,OKC,TOR,0,0.7799265247304281
2026-01-25,2025-26,SAS,NOP,0,0.7889125209330106
2026-01-25,2025-26,PHX,MIA,0,0.740871309811142
2026-01-25,2025-26,LAC,BKN,1,0.7474024502417846
2026-01-26,2025-26,CHA,PHI,1,0.6089112884002396
2026-01-26,2025-26,CLE,ORL,1,0.6341889917079463
2026-01-26,2025-26,ATL,IND,1,0.6446577121174243
2026-01-26,2025-26,BOS,POR,1,0.7376854559283751
2026-01-26,2025-26,CHI,LAL,0,0.5510907020679214
2026-01-26,2025-26,HOU,MEM,1,0.7358849055533484
2026-01-26,2025-26,MIN,GSW,1,0.5559422948149648
2026-01-27,2025-26,WAS,POR,1,0.35425191732473493
2026-01-27,2025-26,NYK,SAC,1,0.7408412676678882
2026-01-27,2025-26,PHI,MIL,1,0.557234091977115
2026-01-27,2025-26,OKC,NOP,1,0.8687722116909979
2026-01-27,2025-26,DEN,DET,0,0.4912285733006265
2026-01-27,2025-26,PHX,BKN,1,0.7686316429122106
2026-01-27,2025-26,UTA,LAC,0,0.27755276973682036
2026-01-28,2025-26,CLE,LAL,1,0.644880468543723
2026-01-28,2025-26,IND,CHI,1,0.33749008276833586
2026-01-28,2025-26,BOS,ATL,0,0.7518101619672368
2026-01-28,2025-26,MIA,ORL,0,0.570302915011271
2026-01-28,2025-26,TOR,NYK,0,0.6812155456862697
2026-01-28,2025-26,MEM,CHA,0,0.47774776323577145
2026-01-28,2025-26,DAL,MIN,0,0.40991576471958485
2026-01-28,2025-26,UTA,GSW,0,0.24346526099157914
2026-01-28,2025-26,HOU,SAS,0,0.628028144473821
2026-01-29,2025-26,CHI,MIA,0,0.6004177885729524
2026-01-29,2025-26,PHI,SAC,1,0.6825905795482115
2026-01-29,2025-26,WAS,MIL,1,0.3514012194504603
2026-01-29,2025-26,ATL,HOU,0,0.4713232691600306
2026-01-29,2025-26,DAL,CHA,0,0.4702359422266547
2026-01-29,2025-26,DEN,BKN,1,0.7755490600023242
2026-01-29,2025-26,PHX,DET,1,0.47583246029650117
2026-01-29,2025-26,MIN,OKC,1,0.35500019197743754
2026-01-30,2025-26,ORL,TOR,1,0.48746972213862494
2026-01-30,2025-26,WAS,LAL,0,0.2402450547705182
2026-01-30,2025-26,BOS,SAC,1,0.8727610444583853
2026-01-30,2025-26,NYK,POR,1,0.6882556648735967
2026-01-30,2025-26,NOP,MEM,1,0.4520428956364279
2026-01-30,2025-26,PHX,CLE,1,0.5070394558463178
2026-01-30,2025-26,UTA,BKN,0,0.5855722426362834
2026-01-30,2025-26,DEN,LAC,1,0.47832518702630716
2026-01-30,2025-26,GSW,DET,0,0.5694405200880318
2026-01-31,2025-26,MIA,CHI,0,0.5989097618940159
2026-01-31,2025-26,CHA,SAS,1,0.6219420035325373
2026-01-31,2025-26,IND,ATL,1,0.32795571193408785
2026-01-31,2025-26,PHI,NOP,1,0.7585029045281912
2026-01-31,2025-26,MEM,MIN,0,0.3098080307878862
2026-01-31,2025-26,HOU,DAL,1,0.7282467709790668
2026-02-01,2025-26,BOS,MIL,1,0.8009571322089285
2026-02-01,2025-26,SAS,ORL,1,0.5952617126448557
2026-02-01,2025-26,DET,BKN,1,0.840753178144265
2026-02-01,2025-26,MIA,CHI,1,0.5927671380255422
2026-02-01,2025-26,TOR,UTA,1,0.7230726022547127
2026-02-01,2025-26,WAS,SAC,1,0.40333962522611994
2026-02-01,2025-26,NYK,LAL,1,0.6325148468607114
2026-02-01,2025-26,PHX,LAC,0,0.6041204153533904
2026-02-01,2025-26,POR,CLE,0,0.4396794086666306
2026-02-01,2025-26,DEN,OKC,0,0.4225030754679024
2026-02-02,2025-26,CHA,NOP,1,0.8018940444216683
2026-02-02,2025-26,IND,HOU,0,0.2636970837313101
2026-02-02,2025-26,MEM,MIN,1,0.33042281108270805
2026-02-02,2025-26,LAC,PHI,0,0.5632734589706011
2026-02-03,2025-26,DET,DEN,1,0.6620588840930688
2026-02-03,2025-26,IND,UTA,0,0.4492590372510856
2026-02-03,2025-26,WAS,NYK,0,0.22159516921044353
2026-02-03,2025-26,BKN,LAL,0,0.3616467774844318
2026-02-03,2025-26,MIA,ATL,0,0.5601582140106943
2026-02-03,2025-26,DAL,BOS,0,0.3425455410317066
2026-02-03,2025-26,MIL,CHI,1,0.45193217821061854
2026-02-03,2025-26,OKC,ORL,1,0.7882450194575991
2026-02-03,2025-26,GSW,PHI,0,0.6495023850830127
2026-02-03,2025-26,POR,PHX,0,0.39529730739737007
2026-02-04,2025-26,NYK,DEN,1,0.6164044420365218
2026-02-04,2025-26,TOR,MIN,0,0.42854808427986096
2026-02-04,2025-26,HOU,BOS,0,0.6630542237253886
2026-02-04,2025-26,MIL,NOP,1,0.4863956722263269
2026-02-04,2025-26,SAS,OKC,1,0.5167531529674765
2026-02-04,2025-26,SAC,MEM,0,0.3949289143731617
2026-02-04,2025-26,LAC,CLE,0,0.5587822059700729
2026-02-05,2025-26,DET,WAS,0,0.8714237409375076
2026-02-05,2025-26,ORL,BKN,1,0.68679226037459
2026-02-05,2025-26,ATL,UTA,1,0.6621775751194606
2026-02-05,2025-26,TOR,CHI,1,0.5535604995901382
2026-02-05,2025-26,HOU,CHA,0,0.5342156647826604
2026-02-05,2025-26,DAL,SAS,0,0.44401829891537015
2026-02-05,2025-26,PHX,GSW,0,0.604028355204577
2026-02-05,2025-26,LAL,PHI,1,0.5344439851876777
2026-02-06,2025-26,BOS,MIA,1,0.7599185946104718
2026-02-06,2025-26,DET,NYK,1,0.6158529121594403
2026-02-06,2025-26,MIL,IND,1,0.6037782227335523
2026-02-06,2025-26,MIN,NOP,0,0.7703318452500475
2026-02-06,2025-26,POR,MEM,1,0.5594564469303754
2026-02-06,2025-26,SAC,LAC,0,0.3307464767142087
2026-02-07,2025-26,BKN,WAS,1,0.5277975611214141
2026-02-07,2025-26,OKC,HOU,0,0.7382532989149947
2026-02-07,2025-26,SAS,DAL,1,0.779213253572951
2026-02-07,2025-26,ORL,UTA,1,0.6830015438963326
2026-02-07,2025-26,ATL,CHA,0,0.4213234725905428
2026-02-07,2025-26,CHI,DEN,0,0.3836847056784598
2026-02-07,2025-26,LAL,GSW,1,0.5499534057570995
2026-02-07,2025-26,PHX,PHI,0,0.581090639143634
2026-02-07,2025-26,POR,MEM,1,0.625326972145914
2026-02-07,2025-26,SAC,CLE,0,0.19619101957127694
2026-02-08,2025-26,BOS,NYK,0,0.7039201593184233
2026-02-08,2025-26,WAS,MIA,0,0.2675142361475414
2026-02-08,2025-26,TOR,IND,1,0.7181652655907196
2026-02-08,2025-26,MIN,LAC,0,0.6045420763431874
2026-02-09,2025-26,CHA,DET,0,0.53408324436199
2026-02-09,2025-26,BKN,CHI,1,0.38908090871790224
2026-02-09,2025-26,MIA,UTA,0,0.691625280248682
2026-02-09,2025-26,ORL,MIL,1,0.6265335767452276
2026-02-09,2025-26,MIN,ATL,1,0.5758098142222025
2026-02-09,2025-26,NOP,SAC,1,0.5196280879924106
2026-02-09,2025-26,DEN,CLE,0,0.5006240937892266
2026-02-09,2025-26,GSW,MEM,1,0.6601738250689078
2026-02-09,2025-26,LAL,OKC,0,0.42287603966178555
2026-02-09,2025-26,POR,PHI,1,0.4450227044476963
2026-02-10,2025-26,NYK,IND,0,0.8183042059866088
2026-02-10,2025-26,HOU,LAC,1,0.6126297433833793
2026-02-10,2025-26,PHX,DAL,1,0.7410154915134092
2026-02-10,2025-26,LAL,SAS,0,0.43655329628907197
2026-02-11,2025-26,CHA,ATL,1,0.7120565240790434
2026-02-11,2025-26,CLE,WAS,1,0.8445405296544637
2026-02-11,2025-26,ORL,MIL,0,0.6535225990782206
2026-02-11,2025-26,BOS,CHI,1,0.7935544648249608
2026-02-11,2025-26,BKN,IND,0,0.5870893859279223
2026-02-11,2025-26,PHI,NYK,0,0.6403471043615773
2026-02-11,2025-26,TOR,DET,0,0.39007538878300024
2026-02-11,2025-26,HOU,LAC,0,0.6477998721402118
2026-02-11,2025-26,MIN,POR,1,0.6677752433995747
2026-02-11,2025-26,NOP,MIA,0,0.3601891087353501
2026-02-11,2025-26,PHX,OKC,0,0.3361095084345978
2026-02-11,2025-26,UTA,SAC,1,0.5422754466011674
2026-02-11,2025-26,DEN,MEM,1,0.7270149099828774
2026-02-11,2025-26,GSW,SAS,0,0.562737917023285
2026-02-12,2025-26,OKC,MIL,0,0.8740427999007166
2026-02-12,2025-26,UTA,POR,0,0.4096738162245874
2026-02-12,2025-26,LAL,DAL,1,0.6786024098203021
2026-02-19,2025-26,CHA,HOU,0,0.6399487519422058
2026-02-19,2025-26,CLE,BKN,1,0.8500985902732875
2026-02-19,2025-26,PHI,ATL,0,0.6032769205353453
2026-02-19,2025-26,WAS,IND,1,0.3990121849119394
2026-02-19,2025-26,NYK,DET,0,0.5243587428710508
2026-02-19,2025-26,CHI,TOR,0,0.37953675494245986
2026-02-19,2025-26,SAS,PHX,1,0.6944202711282998
2026-02-19,2025-26,GSW,BOS,0,0.5049506569254811
2026-02-19,2025-26,SAC,ORL,0,0.26401525413380494
2026-02-19,2025-26,LAC,DEN,1,0.5766747466842665
2026-02-20,2025-26,CHA,CLE,0,0.5783665869281424
2026-02-20,2025-26,WAS,IND,1,0.42798830412856725
2026-02-20,2025-26,MEM,UTA,1,0.6268859971522955
2026-02-20,2025-26,ATL,MIA,0,0.46041846082970683
2026-02-20,2025-26,MIN,DAL,1,0.7445574121860622
2026-02-20,2025-26,NOP,MIL,0,0.4093853710200647
2026-02-20,2025-26,OKC,BKN,1,0.9202329566153142
2026-02-20,2025-26,LAL,LAC,1,0.6268653718081312
2026-02-20,2025-26,POR,DEN,0,0.5712356739821733
2026-02-21,2025-26,PHX,ORL,1,0.5579005578219022
2026-02-21,2025-26,NOP,PHI,1,0.2560562753180678
2026-02-21,2025-26,MIA,MEM,1,0.6490748301943342
2026-02-21,2025-26,CHI,DET,0,0.21902370410114436
2026-02-21,2025-26,SAS,SAC,1,0.8898634865558407
2026-02-21,2025-26,NYK,HOU,1,0.5975142522081449
2026-02-22,2025-26,OKC,CLE,1,0.6423235091551007
2026-02-22,2025-26,ATL,BKN,1,0.6675721485450525
2026-02-22,2025-26,MIL,TOR,0,0.4674317052047203
2026-02-22,2025-26,GSW,DEN,1,0.4707615632927063
2026-02-22,2025-26,IND,DAL,0,0.3909784877782813
2026-02-22,2025-26,WAS,CHA,0,0.19159210201350663
2026-02-22,2025-26,LAL,BOS,0,0.5392399495499779
2026-02-22,2025-26,MIN,PHI,0,0.7301540272927575
2026-02-22,2025-26,CHI,NYK,0,0.28741374586907625
2026-02-22,2025-26,PHX,POR,0,0.627912092172985
2026-02-22,2025-26,LAC,ORL,0,0.6835195892251756
2026-02-23,2025-26,DET,SAS,0,0.639486938323476
2026-02-23,2025-26,MEM,SAC,0,0.6749555851681567
2026-02-23,2025-26,HOU,UTA,1,0.8135830789303622
2026-02-24,2025-26,IND,PHI,0,0.26457343813417816
2026-02-24,2025-26,ATL,WAS,1,0.6787275614846657
2026-02-24,2025-26,BKN,DAL,0,0.3903485546113841
2026-02-24,2025-26,TOR,OKC,0,0.38937002092669554
2026-02-24,2025-26,CLE,NYK,1,0.6461284330337173
2026-02-24,2025-26,CHI,CHA,0,0.259707021571657
2026-02-24,2025-26,MIL,MIA,1,0.48920956977246144
2026-02-24,2025-26,NOP,GSW,1,0.31913766320246884
2026-02-24,2025-26,PHX,BOS,0,0.45144506674791907
2026-02-24,2025-26,LAL,ORL,0,0.5506864749945705
2026-02-24,2025-26,POR,MIN,0,0.42450390769144347
2026-02-25,2025-26,DET,OKC,1,0.6660160554219624
2026-02-25,2025-26,TOR,SAS,0,0.33057879578623867
2026-02-25,2025-26,MEM,GSW,0,0.4821190580188794
2026-02-25,2025-26,HOU,SAC,1,0.833396005092968
2026-02-25,2025-26,MIL,CLE,1,0.3763556870237475
2026-02-25,2025-26,DEN,BOS,1,0.6891306576597601
2026-02-26,2025-26,IND,CHA,0,0.1904315798990093
2026-02-26,2025-26,PHI,MIA,1,0.5600046348307409
2026-02-26,2025-26,ATL,WAS,1,0.6861943092301264
2026-02-26,2025-26,BKN,SAS,0,0.2166412371904187
2026-02-26,2025-26,ORL,HOU,0,0.5091007406933221
2026-02-26,2025-26,CHI,POR,0,0.4225693414990448
2026-02-26,2025-26,DAL,SAC,0,0.6974132286738881
2026-02-26,2025-26,PHX,LAL,1,0.5484185774404524
2026-02-26,2025-26,UTA,NOP,0,0.42923773806457793
2026-02-26,2025-26,LAC,MIN,0,0.5587727100741777
2026-02-27,2025-26,DET,CLE,1,0.6357350026628451
2026-02-27,2025-26,BOS,BKN,1,0.9189986018781322
2026-02-27,2025-26,MIL,NYK,0,0.4176131027521077
2026-02-27,2025-26,DAL,MEM,0,0.38767367730844793
2026-02-27,2025-26,OKC,DEN,1,0.7088301759475181
2026-02-28,2025-26,CHA,POR,1,0.7238952638517622
2026-02-28,2025-26,MIA,HOU,1,0.44253827248347716
2026-02-28,2025-26,WAS,TOR,0,0.22554119976604203
2026-02-28,2025-26,GSW,LAL,0,0.6017690693133435
2026-02-28,2025-26,UTA,NOP,0,0.38116503201286767
2026-03-01,2025-26,NYK,SAS,1,0.5033051900996256
2026-03-01,2025-26,BKN,CLE,0,0.1675131860719477
2026-03-01,2025-26,CHI,MIL,1,0.37586137858178087
2026-03-01,2025-26,DEN,MIN,0,0.6152995607397921
2026-03-01,2025-26,IND,MEM,0,0.31526593855568313
2026-03-01,2025-26,ATL,POR,1,0.6556969433645433
2026-03-01,2025-26,BOS,PHI,1,0.7006450109901852
2026-03-01,2025-26,ORL,DET,0,0.3265348305638458
2026-03-01,2025-26,DAL,OKC,0,0.19820165849130839
2026-03-01,2025-26,LAC,NOP,1,0.7697984564916658
2026-03-01,2025-26,LAL,SAC,1,0.7493445442816005
2026-03-02,2025-26,WAS,HOU,0,0.16679065188800865
2026-03-02,2025-26,MIL,BOS,0,0.3929602884670799
2026-03-02,2025-26,UTA,DEN,0,0.3067639237628879
2026-03-02,2025-26,GSW,LAC,0,0.5817179246329011
2026-03-03,2025-26,CHA,DAL,1,0.8070747845669807
2026-03-03,2025-26,CLE,DET,1,0.5512755041855409
2026-03-03,2025-26,ORL,WAS,1,0.788902102615122
2026-03-03,2025-26,MIA,BKN,1,0.7827812146530428
2026-03-03,2025-26,TOR,NYK,0,0.4249740749833219
2026-03-03,2025-26,PHI,SAS,0,0.39466219915270373
2026-03-03,2025-26,CHI,OKC,0,0.20651113028672138
2026-03-03,2025-26,MIN,MEM,1,0.6724483045638875
2026-03-03,2025-26,LAL,NOP,1,0.698787459243297
2026-03-03,2025-26,SAC,PHX,0,0.2518431447906541
2026-03-04,2025-26,NYK,OKC,0,0.543403744250197
2026-03-04,2025-26,BOS,CHA,0,0.7185143481142443
2026-03-04,2025-26,PHI,UTA,1,0.6621220067953419
2026-03-04,2025-26,MEM,POR,0,0.43596950560553877
2026-03-04,2025-26,MIL,ATL,0,0.4793397825958285
2026-03-04,2025-26,LAC,IND,1,0.7991712788598531
2026-03-05,2025-26,ORL,DAL,1,0.6634513393865473
2026-03-05,2025-26,WAS,UTA,0,0.47712231742812317
2026-03-05,2025-26,MIA,BKN,1,0.7634612696120336
2026-03-05,2025-26,HOU,GSW,0,0.7220959755740443
2026-03-05,2025-26,MIN,TOR,1,0.6299330862536144
2026-03-05,2025-26,SAS,DET,1,0.5777474283985433
2026-03-05,2025-26,PHX,CHI,0,0.6818513612456278
2026-03-05,2025-26,DEN,LAL,1,0.6195575283547783
2026-03-05,2025-26,SAC,NOP,0,0.33051677576851435
2026-03-06,2025-26,BOS,DAL,1,0.8876966183902018
2026-03-06,2025-26,CHA,MIA,0,0.77148499520664
2026-03-06,2025-26,HOU,POR,1,0.7000684685974551
2026-03-06,2025-26,DEN,NYK,0,0.5001675770136582
2026-03-06,2025-26,PHX,NOP,1,0.6775318093611132
2026-03-06,2025-26,SAS,LAC,1,0.6620754649080324
2026-03-06,2025-26,LAL,IND,1,0.7278491616644194
2026-03-07,2025-26,MIN,ORL,0,0.6388256904347069
2026-03-07,2025-26,DET,BKN,0,0.8939721113178601
2026-03-07,2025-26,ATL,PHI,1,0.5366338386993036
2026-03-07,2025-26,MEM,LAC,0,0.4009306145550586
2026-03-07,2025-26,MIL,UTA,1,0.6345444252250723
2026-03-07,2025-26,OKC,GSW,1,0.7864088003815813
2026-03-08,2025-26,CLE,BOS,0,0.6473383356832839
2026-03-08,2025-26,LAL,NYK,1,0.44119940170168315
2026-03-08,2025-26,MIA,DET,1,0.5391188264294525
2026-03-08,2025-26,TOR,DAL,1,0.7204246633645289
2026-03-08,2025-26,NOP,WAS,1,0.6486363892903876
2026-03-08,2025-26,MIL,ORL,0,0.39428584436779607
2026-03-08,2025-26,SAS,HOU,1,0.6946519324003334
2026-03-08,2025-26,PHX,CHA,1,0.3587456929897106
2026-03-08,2025-26,POR,IND,1,0.667206878431307
2026-03-08,2025-26,SAC,CHI,1,0.34403613214521694
2026-03-09,2025-26,CLE,PHI,1,0.6715391482930086
2026-03-09,2025-26,BKN,MEM,1,0.33663125383368625
2026-03-09,2025-26,OKC,DEN,1,0.7494432036722116
2026-03-09,2025-26,UTA,GSW,1,0.3073977892879463
2026-03-09,2025-26,LAC,NYK,1,0.5858519088671774
2026-03-10,2025-26,PHI,MEM,1,0.5883517171101161
2026-03-10,2025-26,BKN,DET,0,0.1388124212327963
2026-03-10,2025-26,MIA,WAS,1,0.8278947606498405
2026-03-10,2025-26,ATL,DAL,1,0.7381070915432055
2026-03-10,2025-26,HOU,TOR,1,0.6683325424999493
2026-03-10,2025-26,MIL,PHX,0,0.3968698812723434
2026-03-10,2025-26,SAS,BOS,1,0.6632795874591351
2026-03-10,2025-26,GSW,CHI,0,0.6382758298667763
2026-03-10,2025-26,POR,CHA,0,0.31885728051213874
2026-03-10,2025-26,SAC,IND,1,0.46439200233791106
2026-03-10,2025-26,LAL,MIN,1,0.5652421472043017
2026-03-11,2025-26,ORL,CLE,1,0.4582450984293039
2026-03-11,2025-26,NOP,TOR,1,0.4533347649854219
2026-03-11,2025-26,UTA,NYK,0,0.210623262905967
2026-03-11,2025-26,DEN,HOU,1,0.630881282864956
2026-03-11,2025-26,SAC,CHA,0,0.1634176114848981
2026-03-11,2025-26,LAC,MIN,1,0.6770444492880691
2026-03-12,2025-26,DET,PHI,1,0.7359954784445873
2026-03-12,2025-26,IND,PHX,0,0.21606681712263406
2026-03-12,2025-26,ORL,WAS,1,0.7939334053186028
2026-03-12,2025-26,ATL,BKN,1,0.7258430090059562
2026-03-12,2025-26,MIA,MIL,1,0.7669897108369645
2026-03-12,2025-26,SAS,DEN,0,0.7953741620397422
2026-03-12,2025-26,OKC,BOS,1,0.6650858930845638
2026-03-12,2025-26,LAL,CHI,1,0.7731392024381523
2026-03-12,2025-26,MEM,DAL,0,0.5668313461769348
2026-03-13,2025-26,DET,MEM,1,0.838319176958664
2026-03-13,2025-26,IND,NYK,0,0.11060652413709257
2026-03-13,2025-26,TOR,PHX,1,0.5693913849070824
2026-03-13,2025-26,HOU,NOP,1,0.7343756224079877
2026-03-13,2025-26,DAL,CLE,0,0.17946394311603237
2026-03-13,2025-26,GSW,MIN,0,0.48806757025230935
2026-03-13,2025-26,POR,UTA,1,0.6319402426570849
2026-03-13,2025-26,LAC,CHI,1,0.837463626697779
2026-03-14,2025-26,PHI,BKN,1,0.6785124997533859
2026-03-14,2025-26,ATL,MIL,1,0.7227831556847506
2026-03-14,2025-26,BOS,WAS,1,0.892525029857291
2026-03-14,2025-26,MIA,ORL,0,0.6017051706243904
2026-03-14,2025-26,SAS,CHA,1,0.6673763534658371
2026-03-14,2025-26,LAL,DEN,1,0.5428828727830658
2026-03-14,2025-26,LAC,SAC,0,0.7946374747463273
2026-03-15,2025-26,OKC,MIN,1,0.7355557257711273
2026-03-15,2025-26,CLE,DAL,0,0.82027651316059
2026-03-15,2025-26,TOR,DET,1,0.34162751250675366
2026-03-15,2025-26,MIL,IND,1,0.5646923124305134
2026-03-15,2025-26,PHI,POR,1,0.5530491302706344
2026-03-15,2025-26,NYK,GSW,1,0.7866092784294724
2026-03-15,2025-26,SAC,UTA,1,0.37085674923548895
2026-03-16,2025-26,ATL,ORL,1,0.5105843668337869
2026-03-16,2025-26,WAS,GSW,0,0.3046338877622438
2026-03-16,2025-26,BKN,POR,0,0.4350238535351707
2026-03-16,2025-26,BOS,PHX,1,0.7163599287588034
2026-03-16,2025-26,CHI,MEM,1,0.46987185316480157
2026-03-16,2025-26,NOP,DAL,1,0.6459724608991498
2026-03-16,2025-26,HOU,LAL,0,0.5998273206752868
2026-03-16,2025-26,LAC,SAS,0,0.4025429949983
2026-03-17,2025-26,CHA,MIA,1,0.6142952447528245
2026-03-17,2025-26,ORL,OKC,0,0.34256987467925054
2026-03-17,2025-26,WAS,DET,0,0.08450990113183543
2026-03-17,2025-26,NYK,IND,1,0.9018051119994835
2026-03-17,2025-26,MIL,CLE,0,0.2717004695215774
2026-03-17,2025-26,MIN,PHX,1,0.6414723890371743
2026-03-17,2025-26,DEN,PHI,1,0.6634346298034555
2026-03-17,2025-26,SAC,SAS,0,0.18498185713602222
2026-03-18,2025-26,MEM,DEN,1,0.30327242180927017
2026-03-18,2025-26,BOS,GSW,1,0.7839276633737421
2026-03-18,2025-26,BKN,OKC,0,0.170449183685755
2026-03-18,2025-26,IND,POR,0,0.2127077681059755
2026-03-18,2025-26,CHI,TOR,0,0.33992752345661603
2026-03-18,2025-26,MIN,UTA,1,0.7571883534232944
2026-03-18,2025-26,NOP,LAC,1,0.32089665302440146
2026-03-18,2025-26,DAL,ATL,0,0.28290104807803473
2026-03-18,2025-26,HOU,LAL,0,0.5755709417776655
2026-03-19,2025-26,CHA,ORL,1,0.653578830957717
2026-03-19,2025-26,WAS,DET,0,0.10667568107430228
2026-03-19,2025-26,MIA,LAL,0,0.5950176655897153
2026-03-19,2025-26,CHI,CLE,0,0.20936782600631174
2026-03-19,2025-26,NOP,LAC,1,0.3883789750255625
2026-03-19,2025-26,SAS,PHX,1,0.7808142707680108
2026-03-19,2025-26,UTA,MIL,1,0.34714500409467014
2026-03-19,2025-26,SAC,PHI,0,0.29234488121979274
2026-03-20,2025-26,BKN,NYK,0,0.15576841204146816
2026-03-20,2025-26,DET,GSW,1,0.7358406632604708
2026-03-20,2025-26,HOU,ATL,1,0.6240205154344607
2026-03-20,2025-26,MEM,BOS,0,0.2163481137520773
2026-03-20,2025-26,MIN,POR,0,0.6949920654491951
2026-03-20,2025-26,DEN,TOR,1,0.6242335190723303
2026-03-21,2025-26,WAS,OKC,0,0.09206594525936136
2026-03-21,2025-26,CHA,MEM,1,0.8506466076530185
2026-03-21,2025-26,ORL,LAL,0,0.4774342166045938
2026-03-21,2025-26,NOP,CLE,0,0.3312317564411434
2026-03-21,2025-26,ATL,GSW,1,0.6539728826686414
2026-03-21,2025-26,HOU,MIA,1,0.5547421072714869
2026-03-21,2025-26,SAS,IND,1,0.9259902331669166
2026-03-21,2025-26,DAL,LAC,0,0.25486940610084113
2026-03-21,2025-26,UTA,PHI,0,0.30351712496429445
2026-03-21,2025-26,PHX,MIL,0,0.7458224167024745
2026-03-22,2025-26,DEN,POR,1,0.7160924026046879
2026-03-22,2025-26,SAC,BKN,1,0.45580604696361765
2026-03-22,2025-26,NYK,WAS,1,0.9377101610009937
2026-03-22,2025-26,BOS,MIN,0,0.7207157210631733
2026-03-22,2025-26,PHX,TOR,1,0.45789047649721104
2026-03-23,2025-26,ATL,MEM,1,0.7202200098263404
2026-03-23,2025-26,DET,LAL,1,0.652106305319502
2026-03-23,2025-26,ORL,IND,0,0.8170660710724267
2026-03-23,2025-26,PHI,OKC,0,0.32529396584820275
2026-03-23,2025-26,MIA,SAS,0,0.36748730948346714
2026-03-23,2025-26,CHI,HOU,1,0.298796757377906
2026-03-23,2025-26,UTA,TOR,0,0.360985805637051
2026-03-23,2025-26,DAL,GSW,0,0.3406973478787854
2026-03-23,2025-26,POR,BKN,1,0.7038434012493052
2026-03-23,2025-26,LAC,MIL,1,0.7448004332488779
2026-03-24,2025-26,CHA,SAC,1,0.8553907453488807
2026-03-24,2025-26,NYK,NOP,1,0.8029889582070652
2026-03-24,2025-26,CLE,ORL,1,0.7606352002478525
2026-03-24,2025-26,PHX,DEN,0,0.4828682696645354
2026-03-25,2025-26,DET,ATL,0,0.7059060164181641
2026-03-25,2025-26,IND,LAL,0,0.1479646520626722
2026-03-25,2025-26,PHI,CHI,1,0.6510353920583414
2026-03-25,2025-26,BOS,OKC,1,0.5524162936093858
2026-03-25,2025-26,CLE,MIA,0,0.6395426558053975
2026-03-25,2025-26,MEM,SAS,0,0.15705061593351582
2026-03-25,2025-26,UTA,WAS,0,0.5383736390465284
2026-03-25,2025-26,MIN,HOU,1,0.5853239352741191
2026-03-25,2025-26,DEN,DAL,1,0.7782627155252728
2026-03-25,2025-26,GSW,BKN,1,0.669052175987174
2026-03-25,2025-26,POR,MIL,1,0.6589633856330661
2026-03-25,2025-26,LAC,TOR,1,0.5915993511655377
2026-03-26,2025-26,CHA,NYK,1,0.5715561341485383
2026-03-26,2025-26,DET,NOP,1,0.7412849947177895
2026-03-26,2025-26,ORL,SAC,1,0.8000935977832713
2026-03-27,2025-26,IND,LAC,0,0.1604042067647851
2026-03-27,2025-26,BOS,ATL,1,0.6925393863299452
2026-03-27,2025-26,CLE,MIA,1,0.6673497715936869
2026-03-27,2025-26,MEM,HOU,0,0.26515431306459913
2026-03-27,2025-26,OKC,CHI,1,0.8845372128391659
2026-03-27,2025-26,TOR,NOP,1,0.6953847478986331
2026-03-27,2025-26,DEN,UTA,1,0.8446116779847264
2026-03-27,2025-26,GSW,WAS,1,0.7178954267173053
2026-03-27,2025-26,POR,DAL,0,0.6588324700633665
2026-03-27,2025-26,LAL,BKN,1,0.8552398211358455
2026-03-28,2025-26,MIL,SAS,0,0.1665997172478473
2026-03-28,2025-26,CHA,PHI,0,0.7510434623371357
2026-03-28,2025-26,ATL,SAC,1,0.7580377786030462
2026-03-28,2025-26,MEM,CHI,1,0.4619828086717155
2026-03-28,2025-26,MIN,DET,0,0.4382601231174464
2026-03-28,2025-26,PHX,UTA,1,0.8430626160639995
2026-03-29,2025-26,MIL,LAC,0,0.19428207153804247
2026-03-29,2025-26,IND,MIA,1,0.19487178562369298
2026-03-29,2025-26,BKN,SAC,1,0.467835222365395
2026-03-29,2025-26,CHA,BOS,0,0.5418852554788989
2026-03-29,2025-26,TOR,ORL,1,0.531138013801206
2026-03-29,2025-26,POR,WAS,1,0.7213715366114845
2026-03-29,2025-26,NOP,HOU,0,0.37944106172068925
2026-03-29,2025-26,OKC,NYK,1,0.6858818980738862
2026-03-29,2025-26,DEN,GSW,1,0.7267226575922072
2026-03-30,2025-26,MIA,PHI,1,0.45768519645950034
2026-03-30,2025-26,ATL,BOS,1,0.5530905739142409
2026-03-30,2025-26,MEM,PHX,0,0.26773823342905717
2026-03-30,2025-26,SAS,CHI,1,0.909631480209734
2026-03-30,2025-26,DAL,MIN,0,0.26280436088841574
2026-03-30,2025-26,UTA,CLE,0,0.13985034791923312
2026-03-30,2025-26,OKC,DET,1,0.5962133204878887
2026-03-30,2025-26,LAL,WAS,1,0.9001309182340482
2026-03-31,2025-26,MIL,DAL,1,0.5632889164543431
2026-03-31,2025-26,ORL,PHX,1,0.6127591955451692
2026-03-31,2025-26,BKN,CHA,0,0.11627394550940419
2026-03-31,2025-26,DET,TOR,1,0.6502866009524907
2026-03-31,2025-26,HOU,NYK,1,0.4935169995412539
2026-03-31,2025-26,LAL,CLE,1,0.6204656382714393
2026-03-31,2025-26,LAC,POR,0,0.6701045770229227
2026-04-01,2025-26,MEM,NYK,0,0.23926128502704203
2026-04-01,2025-26,WAS,PHI,0,0.1984196932853831
2026-04-01,2025-26,MIA,BOS,0,0.3899117108979826
2026-04-01,2025-26,ORL,ATL,0,0.4429633720706606
2026-04-01,2025-26,TOR,SAC,0,0.771647596562293
2026-04-01,2025-26,CHI,IND,0,0.5517548073091141
2026-04-01,2025-26,HOU,MIL,1,0.8133054588275449
2026-04-01,2025-26,UTA,DEN,0,0.13726526638232758
2026-04-01,2025-26,GSW,SAS,0,0.2701162724569901
2026-04-02,2025-26,CHA,PHX,1,0.7036681293769305
2026-04-02,2025-26,DET,MIN,1,0.7191325127195104
2026-04-02,2025-26,OKC,LAL,1,0.7226596680715632
2026-04-02,2025-26,GSW,CLE,0,0.3035405958262612
2026-04-02,2025-26,POR,NOP,1,0.6117548243002358
2026-04-02,2025-26,LAC,SAS,0,0.4727331315904181
2026-04-03,2025-26,CHA,IND,1,0.8188681666362173
2026-04-03,2025-26,PHI,MIN,1,0.5624087426725473
2026-04-03,2025-26,BKN,ATL,0,0.14379973082096895
2026-04-03,2025-26,NYK,CHI,1,0.8675228499215746
2026-04-03,2025-26,HOU,UTA,1,0.8594607590388638
2026-04-03,2025-26,MEM,TOR,0,0.24482350800486416
2026-04-03,2025-26,MIL,BOS,0,0.22149556258031994
2026-04-03,2025-26,DAL,ORL,0,0.27948421580016236
2026-04-03,2025-26,SAC,NOP,1,0.45543738760288915
2026-04-04,2025-26,MIA,WAS,1,0.7729082811313477
2026-04-04,2025-26,DEN,SAS,1,0.48355359442669354
2026-04-04,2025-26,PHI,DET,0,0.28362411129943943
2026-04-05,2025-26,BOS,TOR,1,0.7434297199891335
2026-04-05,2025-26,BKN,WAS,1,0.49500516852065324
2026-04-05,2025-26,CHI,PHX,0,0.29649676383000434
2026-04-05,2025-26,MIL,MEM,1,0.499722148772586
2026-04-05,2025-26,CLE,IND,1,0.8512108784166067
2026-04-05,2025-26,MIN,CHA,0,0.41755063897272676
2026-04-05,2025-26,NOP,ORL,0,0.36509980518145196
2026-04-05,2025-26,OKC,UTA,1,0.9317212492424503
2026-04-05,2025-26,DAL,LAL,1,0.15132516206539337
2026-04-05,2025-26,SAC,LAC,0,0.22762120015488674
2026-04-05,2025-26,GSW,HOU,0,0.38763570681303783
2026-04-06,2025-26,ATL,NYK,0,0.5080634817173317
2026-04-06,2025-26,ORL,DET,1,0.28468948653464493
2026-04-06,2025-26,MEM,CLE,0,0.19796397634752666
2026-04-06,2025-26,SAS,PHI,1,0.846692521681391
2026-04-06,2025-26,DEN,POR,1,0.7364869421729732
2026-04-07,2025-26,WAS,CHI,0,0.3221185734997578
2026-04-07,2025-26,BOS,CHA,1,0.6805718740366739
2026-04-07,2025-26,BKN,MIL,1,0.3160613993627205
2026-04-07,2025-26,TOR,MIA,1,0.5785627725605401
2026-04-07,2025-26,IND,MIN,0,0.27241756257097616
2026-04-07,2025-26,NOP,UTA,1,0.6263335365659461
2026-04-07,2025-26,GSW,SAC,1,0.7017318191302028
2026-04-07,2025-26,LAL,OKC,0,0.4403486463227936
2026-04-07,2025-26,LAC,DAL,1,0.775888337785048
2026-04-07,2025-26,PHX,HOU,0,0.4373123477993198
2026-04-08,2025-26,CLE,ATL,1,0.6208202168184556
2026-04-08,2025-26,ORL,MIN,1,0.6282195115351432
2026-04-08,2025-26,DET,MIL,1,0.896909353600813
2026-04-08,2025-26,SAS,POR,1,0.8562494029567588
2026-04-08,2025-26,DEN,MEM,1,0.8531775591989709
2026-04-08,2025-26,LAC,OKC,0,0.36167270865267825
2026-04-08,2025-26,PHX,DAL,1,0.7341685088287891
2026-04-09,2025-26,TOR,MIA,1,0.5945115795588016
2026-04-09,2025-26,WAS,CHI,0,0.3079024958593404
2026-04-09,2025-26,BKN,IND,0,0.35834781564370427
2026-04-09,2025-26,NYK,BOS,1,0.6079842380850047
2026-04-09,2025-26,HOU,PHI,1,0.7105588257729837
2026-04-09,2025-26,GSW,LAL,0,0.37615438856751926
2026-04-10,2025-26,CHA,DET,0,0.5572553122921357
2026-04-10,2025-26,WAS,MIA,0,0.19976187637323695
2026-04-10,2025-26,ATL,CLE,1,0.5044181772503181
2026-04-10,2025-26,BOS,NOP,1,0.8102324296979206
2026-04-10,2025-26,IND,PHI,0,0.3077676178396026
2026-04-10,2025-26,NYK,TOR,1,0.7476977074274793
2026-04-10,2025-26,CHI,ORL,0,0.25262154478600324
2026-04-10,2025-26,HOU,MIN,0,0.627182147352766
2026-04-10,2025-26,MIL,BKN,1,0.6525640668272445
2026-04-10,2025-26,SAS,DAL,1,0.9179255629619805
2026-04-10,2025-26,UTA,MEM,1,0.32751750830379
2026-04-10,2025-26,DEN,OKC,1,0.4579360258369138
2026-04-10,2025-26,POR,LAC,1,0.4026402973733654
2026-04-10,2025-26,SAC,GSW,1,0.4002923901014221
2026-04-10,2025-26,LAL,PHX,1,0.5974567776627806
2026-04-12,2025-26,BOS,ORL,1,0.7680915240866016
2026-04-12,2025-26,CLE,WAS,1,0.9092117125179482
2026-04-12,2025-26,IND,DET,0,0.13302118232612092
2026-04-12,2025-26,MIA,ATL,1,0.4197478246961675
2026-04-12,2025-26,NYK,CHA,0,0.6855983218365173
2026-04-12,2025-26,PHI,MIL,1,0.685174197976533
2026-04-12,2025-26,TOR,BKN,1,0.8171062238933635
2026-04-12,2025-26,DAL,CHI,1,0.4000256071242796
2026-04-12,2025-26,HOU,MEM,1,0.8606014818003122
2026-04-12,2025-26,MIN,NOP,1,0.6093410066828993
2026-04-12,2025-26,OKC,PHX,0,0.8436019825932016
2026-04-12,2025-26,SAS,DEN,0,0.7572105434606963
2026-04-12,2025-26,LAL,UTA,1,0.8727609820880574
2026-04-12,2025-26,LAC,GSW,1,0.6461128261924252
2026-04-12,2025-26,POR,SAC,1,0.7409367318336372
