game_id,date,season,home,away,home_win,p_home_raw,p_home
0022400061,2024-10-22,2024-25,BOS,NYK,1,0.6210547,0.62424815
0022400062,2024-10-22,2024-25,LAL,MIN,1,0.4678695,0.466988
0022400063,2024-10-23,2024-25,DET,IND,0,0.4045294,0.40196973
0022400064,2024-10-23,2024-25,ATL,BKN,1,0.591055,0.593502
0022400065,2024-10-23,2024-25,MIA,ORL,0,0.55495703,0.55645627
0022400066,2024-10-23,2024-25,PHI,MIL,0,0.50666803,0.5068515
0022400067,2024-10-23,2024-25,TOR,CLE,0,0.40759847,0.40511698
0022400068,2024-10-23,2024-25,HOU,CHA,0,0.62706035,0.6303974
0022400069,2024-10-23,2024-25,NOP,CHI,1,0.51524067,0.51565975
0022400070,2024-10-23,2024-25,UTA,MEM,0,0.37456474,0.3712663
0022400071,2024-10-23,2024-25,LAC,PHX,0,0.44512385,0.44362673
0022400072,2024-10-23,2024-25,POR,GSW,0,0.30267453,0.2978503
0022400073,2024-10-24,2024-25,WAS,BOS,0,0.14218526,0.13626043
0022400074,2024-10-24,2024-25,DAL,SAS,1,0.6798238,0.6843159
0022400075,2024-10-24,2024-25,DEN,OKC,0,0.6091075,0.61200917
0022400076,2024-10-24,2024-25,SAC,MIN,0,0.41361654,0.41128945
0022400077,2024-10-25,2024-25,ORL,BKN,1,0.7453766,0.75094414
0022400078,2024-10-25,2024-25,TOR,PHI,1,0.32820505,0.32387468
0022400079,2024-10-25,2024-25,ATL,CHA,1,0.5532283,0.5546812
0022400080,2024-10-25,2024-25,CLE,DET,1,0.7687023,0.77452487
0022400081,2024-10-25,2024-25,NYK,IND,1,0.36816084,0.36471105
0022400082,2024-10-25,2024-25,HOU,MEM,1,0.5708241,0.5727454
0022400083,2024-10-25,2024-25,MIL,CHI,0,0.8244025,0.8304769
0022400084,2024-10-25,2024-25,UTA,GSW,0,0.3580834,0.35440063
0022400085,2024-10-25,2024-25,LAL,PHX,1,0.6409229,0.644583
0022400086,2024-10-25,2024-25,POR,NOP,0,0.18439291,0.17832014
0022400087,2024-10-26,2024-25,DEN,LAC,0,0.53643656,0.5374353
0022400088,2024-10-26,2024-25,CHA,MIA,0,0.68246007,0.687004
0022400089,2024-10-26,2024-25,DET,BOS,0,0.18288071,0.17680655
0022400090,2024-10-26,2024-25,WAS,CLE,0,0.15734437,0.15131943
0022400091,2024-10-26,2024-25,CHI,OKC,0,0.3750068,0.37171894
0022400092,2024-10-26,2024-25,MEM,ORL,1,0.2983213,0.29341915
0022400093,2024-10-26,2024-25,MIN,TOR,1,0.8728116,0.8785787
0022400094,2024-10-26,2024-25,SAS,HOU,1,0.3367196,0.3325667
0022400095,2024-10-26,2024-25,PHX,DAL,1,0.34390733,0.3399088
0022400096,2024-10-26,2024-25,LAL,SAC,1,0.5046587,0.50478685
0022400097,2024-10-27,2024-25,IND,PHI,0,0.6234162,0.6266663
0022400098,2024-10-27,2024-25,BKN,MIL,1,0.22456215,0.2186809
0022400099,2024-10-27,2024-25,POR,NOP,1,0.22103907,0.21512994
0022400100,2024-10-27,2024-25,OKC,ATL,1,0.49326193,0.49307662
0022400101,2024-10-27,2024-25,GSW,LAC,0,0.63416415,0.63766825
0022400102,2024-10-28,2024-25,ORL,IND,1,0.7276264,0.732951
0022400103,2024-10-28,2024-25,ATL,WAS,0,0.8160785,0.8221517
0022400104,2024-10-28,2024-25,BOS,MIL,1,0.68081594,0.6853276
0022400105,2024-10-28,2024-25,MIA,DET,1,0.5463778,0.54764605
0022400106,2024-10-28,2024-25,NYK,CLE,0,0.45529786,0.45407486
0022400107,2024-10-28,2024-25,TOR,DEN,0,0.23013118,0.22429793
0022400108,2024-10-28,2024-25,MEM,CHI,0,0.4642399,0.46325958
0022400109,2024-10-28,2024-25,SAS,HOU,0,0.3810644,0.37792212
0022400110,2024-10-28,2024-25,DAL,UTA,1,0.77738863,0.7832856
0022400111,2024-10-28,2024-25,PHX,LAL,1,0.43994462,0.43830898
0022400112,2024-10-28,2024-25,SAC,POR,1,0.8075777,0.81363565
0022400113,2024-10-29,2024-25,BKN,DEN,0,0.39606944,0.3932966
0022400114,2024-10-29,2024-25,MIN,DAL,0,0.6718389,0.6761702
0022400115,2024-10-29,2024-25,UTA,SAC,0,0.17346406,0.16739173
0022400116,2024-10-29,2024-25,GSW,NOP,1,0.4619814,0.4609396
0022400117,2024-10-30,2024-25,CHA,TOR,1,0.74234414,0.7478731
0022400118,2024-10-30,2024-25,CLE,LAL,1,0.57268775,0.5746581
0022400119,2024-10-30,2024-25,IND,BOS,1,0.3093757,0.30467522
0022400120,2024-10-30,2024-25,PHI,DET,0,0.5338764,0.5348055
0022400121,2024-10-30,2024-25,WAS,ATL,1,0.2357648,0.229985
0022400122,2024-10-30,2024-25,MIA,NYK,0,0.37170476,0.36833847
0022400123,2024-10-30,2024-25,CHI,ORL,1,0.36171213,0.35811248
0022400124,2024-10-30,2024-25,MEM,BKN,0,0.6562825,0.6602851
0022400125,2024-10-30,2024-25,OKC,SAS,1,0.7592541,0.76498276
0022400126,2024-10-30,2024-25,GSW,NOP,1,0.6986957,0.7035447
0022400127,2024-10-30,2024-25,LAC,POR,0,0.75917655,0.76490444
0022400128,2024-10-31,2024-25,MEM,MIL,1,0.3464335,0.3424902
0022400129,2024-10-31,2024-25,DAL,HOU,0,0.5932802,0.5957841
0022400130,2024-10-31,2024-25,UTA,SAS,0,0.41558442,0.4133082
0022400131,2024-10-31,2024-25,LAC,PHX,0,0.5489862,0.5503249
0022400132,2024-11-01,2024-25,CHA,BOS,0,0.40257743,0.39996827
0022400133,2024-11-01,2024-25,CLE,ORL,1,0.7127193,0.71781033
0022400134,2024-11-01,2024-25,DET,NYK,0,0.4037271,0.40114713
0022400135,2024-11-01,2024-25,ATL,SAC,0,0.3133173,0.3086916
0022400136,2024-11-01,2024-25,BKN,CHI,1,0.5239038,0.5245604
0022400137,2024-11-01,2024-25,TOR,LAL,0,0.28685266,0.28175455
0022400138,2024-11-01,2024-25,NOP,IND,1,0.36707243,0.36359715
0022400139,2024-11-01,2024-25,MIN,DEN,1,0.535841,0.5368236
0022400140,2024-11-01,2024-25,POR,OKC,0,0.30209482,0.2972601
0022400141,2024-11-02,2024-25,CHA,BOS,0,0.26553077,0.2601078
0022400142,2024-11-02,2024-25,PHI,MEM,0,0.47782448,0.47721526
0022400143,2024-11-02,2024-25,TOR,SAC,1,0.17849885,0.17242327
0022400144,2024-11-02,2024-25,HOU,GSW,0,0.47911417,0.47854027
0022400145,2024-11-02,2024-25,MIL,CLE,0,0.4488606,0.44746384
0022400146,2024-11-02,2024-25,SAS,MIN,1,0.42957014,0.42765933
0022400148,2024-11-02,2024-25,DEN,UTA,1,0.8099163,0.8159797
0022400149,2024-11-02,2024-25,PHX,POR,1,0.81911623,0.82519156
0022400150,2024-11-02,2024-25,LAC,OKC,0,0.49443156,0.49427837
0022400151,2024-11-03,2024-25,BKN,DET,0,0.64252937,0.6462261
0022400152,2024-11-03,2024-25,NOP,ATL,0,0.32585362,0.3214753
0022400153,2024-11-03,2024-25,DAL,ORL,1,0.63069886,0.63412195
0022400154,2024-11-04,2024-25,CLE,MIL,1,0.73103863,0.73641294
0022400155,2024-11-04,2024-25,WAS,GSW,0,0.22953464,0.22369602
0022400156,2024-11-04,2024-25,DET,LAL,1,0.3289234,0.32460776
0022400157,2024-11-04,2024-25,ATL,BOS,0,0.34313825,0.339123
0022400158,2024-11-04,2024-25,BKN,MEM,1,0.5220224,0.5226275
0022400159,2024-11-04,2024-25,MIA,SAC,0,0.3291478,0.32483676
0022400160,2024-11-04,2024-25,CHI,UTA,0,0.8131786,0.81924814
0022400161,2024-11-04,2024-25,HOU,NYK,1,0.38364333,0.38056374
0022400162,2024-11-04,2024-25,MIN,CHA,1,0.7402688,0.7457707
0022400163,2024-11-04,2024-25,OKC,ORL,1,0.8013428,0.8073806
0022400164,2024-11-04,2024-25,NOP,POR,0,0.4047742,0.40222076
0022400165,2024-11-04,2024-25,DAL,IND,0,0.64233506,0.64602727
0022400166,2024-11-04,2024-25,DEN,TOR,1,0.7850031,0.7909555
0022400167,2024-11-04,2024-25,PHX,PHI,1,0.72561806,0.73091274
0022400168,2024-11-04,2024-25,LAC,SAS,1,0.6353433,0.6388749
0022400169,2024-11-06,2024-25,CHA,DET,1,0.42522886,0.42320386
0022400170,2024-11-06,2024-25,IND,ORL,1,0.719949,0.72515655
0022400171,2024-11-06,2024-25,ATL,NYK,1,0.35448003,0.35071567
0022400172,2024-11-06,2024-25,BOS,GSW,0,0.60784745,0.61071783
0022400173,2024-11-06,2024-25,HOU,SAS,1,0.67932,0.6838021
0022400174,2024-11-06,2024-25,MEM,LAL,1,0.5407605,0.54187673
0022400175,2024-11-06,2024-25,NOP,CLE,0,0.26854953,0.26316923
0022400176,2024-11-06,2024-25,DAL,CHI,1,0.6361109,0.63966024
0022400177,2024-11-06,2024-25,DEN,OKC,1,0.54611695,0.5473782
0022400178,2024-11-06,2024-25,PHX,MIA,1,0.6670318,0.6712636
0022400179,2024-11-06,2024-25,LAC,PHI,1,0.6497805,0.6536403
0022400180,2024-11-06,2024-25,SAC,TOR,1,0.80296934,0.80901307
0022400181,2024-11-07,2024-25,CHI,MIN,0,0.30736026,0.30262208
0022400182,2024-11-07,2024-25,MIL,UTA,1,0.7760607,0.781947
0022400183,2024-11-07,2024-25,SAS,POR,1,0.5802323,0.5824
0022400184,2024-11-08,2024-25,CHA,IND,1,0.43706053,0.43534803
0022400185,2024-11-08,2024-25,DET,ATL,1,0.52371824,0.5243697
0022400186,2024-11-08,2024-25,ORL,NOP,1,0.64878345,0.6526209
0022400187,2024-11-08,2024-25,BOS,BKN,1,0.69118446,0.6958955
0022400188,2024-11-08,2024-25,CLE,GSW,1,0.63172424,0.6351713
0022400189,2024-11-08,2024-25,NYK,MIL,1,0.6172741,0.62037605
0022400190,2024-11-08,2024-25,DAL,PHX,0,0.46005812,0.45896414
0022400191,2024-11-08,2024-25,MEM,WAS,1,0.73072517,0.736095
0022400192,2024-11-08,2024-25,OKC,HOU,1,0.6624788,0.66661465
0022400193,2024-11-08,2024-25,MIN,POR,1,0.80714315,0.8131998
0022400194,2024-11-08,2024-25,DEN,MIA,1,0.7265925,0.7319017
0022400195,2024-11-08,2024-25,LAL,PHI,1,0.71827906,0.7234602
0022400196,2024-11-08,2024-25,SAC,LAC,0,0.65717924,0.66120136
0022400197,2024-11-09,2024-25,SAS,UTA,0,0.72814316,0.7334753
0022400198,2024-11-09,2024-25,ATL,CHI,0,0.6049008,0.6076979
0022400199,2024-11-09,2024-25,CLE,BKN,1,0.78867835,0.7946539
0022400200,2024-11-09,2024-25,LAC,TOR,1,0.6927994,0.69754046
0022400201,2024-11-10,2024-25,DET,HOU,0,0.5128944,0.513249
0022400202,2024-11-10,2024-25,MIL,BOS,0,0.40826663,0.40580222
0022400203,2024-11-10,2024-25,IND,NYK,1,0.3004399,0.2955754
0022400204,2024-11-10,2024-25,ORL,WAS,1,0.7225738,0.72782207
0022400205,2024-11-10,2024-25,PHI,CHA,1,0.46109504,0.4600292
0022400206,2024-11-10,2024-25,MIN,MIA,0,0.75578874,0.7614797
0022400207,2024-11-10,2024-25,OKC,GSW,0,0.5878346,0.59019905
0022400208,2024-11-10,2024-25,DEN,DAL,1,0.6452315,0.6489893
0022400209,2024-11-10,2024-25,PHX,SAC,0,0.37771446,0.3744914
0022400210,2024-11-10,2024-25,POR,MEM,0,0.3793794,0.3761964
0022400211,2024-11-10,2024-25,LAL,TOR,1,0.761579,0.76733196
0022400212,2024-11-11,2024-25,CHI,CLE,0,0.26270568,0.25724375
0022400213,2024-11-11,2024-25,HOU,WAS,1,0.790625,0.7966119
0022400214,2024-11-11,2024-25,NOP,BKN,0,0.33238086,0.3281368
0022400215,2024-11-11,2024-25,OKC,LAC,1,0.394787,0.39198214
0022400216,2024-11-11,2024-25,SAS,SAC,1,0.36224458,0.3586572
0022400001,2024-11-12,2024-25,BOS,ATL,0,0.7618189,0.7675743
0022400002,2024-11-12,2024-25,DET,MIA,1,0.57266635,0.5746361
0022400003,2024-11-12,2024-25,ORL,CHA,1,0.5846288,0.58691055
0022400004,2024-11-12,2024-25,PHI,NYK,0,0.2880193,0.28294048
0022400005,2024-11-12,2024-25,MIL,TOR,1,0.67106515,0.67538047
0022400006,2024-11-12,2024-25,UTA,PHX,0,0.23752248,0.23176028
0022400007,2024-11-12,2024-25,GSW,DAL,1,0.51339614,0.5137645
0022400008,2024-11-12,2024-25,POR,MIN,1,0.19782107,0.19178014
0022400217,2024-11-13,2024-25,ORL,IND,1,0.3943267,0.3915103
0022400218,2024-11-13,2024-25,BKN,BOS,0,0.36250123,0.35891983
0022400219,2024-11-13,2024-25,NYK,CHI,0,0.6870395,0.691672
0022400220,2024-11-13,2024-25,PHI,CLE,0,0.16252849,0.15648192
0022400221,2024-11-13,2024-25,OKC,NOP,1,0.80767065,0.8137287
0022400222,2024-11-13,2024-25,HOU,LAC,1,0.5070431,0.50723684
0022400223,2024-11-13,2024-25,MIL,DET,1,0.70647067,0.7114564
0022400224,2024-11-13,2024-25,SAS,WAS,1,0.7769556,0.7828492
0022400225,2024-11-13,2024-25,LAL,MEM,1,0.6555215,0.65950763
0022400226,2024-11-13,2024-25,POR,MIN,1,0.17368007,0.16760747
0022400227,2024-11-13,2024-25,SAC,PHX,1,0.81001544,0.81607914
0022400228,2024-11-14,2024-25,UTA,DAL,1,0.23303947,0.2272332
0022400009,2024-11-15,2024-25,IND,MIA,0,0.45932266,0.45820868
0022400010,2024-11-15,2024-25,ORL,PHI,1,0.60473055,0.60752344
0022400011,2024-11-15,2024-25,TOR,DET,0,0.38070053,0.37754947
0022400012,2024-11-15,2024-25,ATL,WAS,1,0.79989105,0.8059232
0022400013,2024-11-15,2024-25,CLE,CHI,1,0.74665695,0.7522406
0022400014,2024-11-15,2024-25,NYK,BKN,1,0.65120083,0.655092
0022400015,2024-11-15,2024-25,SAS,LAL,0,0.41078264,0.40838265
0022400016,2024-11-15,2024-25,HOU,LAC,1,0.4819643,0.48146853
0022400017,2024-11-15,2024-25,NOP,DEN,1,0.3278205,0.32348228
0022400018,2024-11-15,2024-25,OKC,PHX,1,0.74836695,0.75397146
0022400019,2024-11-15,2024-25,GSW,MEM,1,0.6835084,0.68807274
0022400020,2024-11-15,2024-25,SAC,MIN,0,0.5469659,0.54825014
0022400229,2024-11-16,2024-25,CHA,MIL,1,0.34852988,0.3446327
0022400230,2024-11-16,2024-25,BOS,TOR,1,0.8580118,0.86393493
0022400231,2024-11-16,2024-25,NOP,LAL,0,0.23326412,0.22746
0022400232,2024-11-16,2024-25,DAL,SAS,1,0.7211503,0.72637653
0022400233,2024-11-16,2024-25,SAC,UTA,1,0.7681672,0.77398485
0022400234,2024-11-17,2024-25,MIN,PHX,1,0.74950725,0.7551256
0022400235,2024-11-17,2024-25,IND,MIA,1,0.42836836,0.42642584
0022400236,2024-11-17,2024-25,CLE,CHA,1,0.81920254,0.82527786
0022400237,2024-11-17,2024-25,WAS,DET,0,0.3005952,0.2957335
0022400238,2024-11-17,2024-25,MEM,DEN,1,0.62926525,0.63265455
0022400239,2024-11-17,2024-25,POR,ATL,1,0.33857682,0.33446345
0022400240,2024-11-17,2024-25,NYK,BKN,1,0.7911638,0.7971538
0022400241,2024-11-17,2024-25,CHI,HOU,0,0.4569805,0.45580304
0022400242,2024-11-17,2024-25,OKC,DAL,0,0.72455025,0.7298288
0022400243,2024-11-17,2024-25,LAC,UTA,1,0.8249219,0.83099586
0022400244,2024-11-18,2024-25,DET,CHI,0,0.674606,0.67899364
0022400245,2024-11-18,2024-25,MIA,PHI,1,0.62775844,0.63111204
0022400246,2024-11-18,2024-25,NYK,WAS,1,0.85641474,0.86235124
0022400247,2024-11-18,2024-25,TOR,IND,1,0.59988946,0.6025609
0022400248,2024-11-18,2024-25,MIL,HOU,1,0.6769534,0.68138826
0022400249,2024-11-18,2024-25,PHX,ORL,0,0.4141298,0.41181597
0022400250,2024-11-18,2024-25,SAC,ATL,0,0.7068888,0.71188176
0022400251,2024-11-18,2024-25,LAC,GSW,1,0.44838762,0.4469782
0022400021,2024-11-19,2024-25,BOS,CLE,1,0.57548356,0.5775273
0022400022,2024-11-19,2024-25,BKN,CHA,1,0.49003023,0.48975605
0022400023,2024-11-19,2024-25,MEM,DEN,0,0.5974095,0.6000183
0022400024,2024-11-19,2024-25,DAL,NOP,1,0.7730601,0.7789214
0022400025,2024-11-19,2024-25,SAS,OKC,1,0.3672074,0.36373532
0022400026,2024-11-19,2024-25,LAL,UTA,1,0.8182715,0.8243464
0022400252,2024-11-20,2024-25,CLE,NOP,1,0.88629794,0.8918681
0022400253,2024-11-20,2024-25,MIL,CHI,1,0.7050925,0.7100545
0022400254,2024-11-20,2024-25,HOU,IND,1,0.65498954,0.658964
0022400255,2024-11-20,2024-25,MEM,PHI,1,0.61503404,0.6180814
0022400256,2024-11-20,2024-25,OKC,POR,1,0.7362836,0.7417317
0022400257,2024-11-20,2024-25,PHX,NYK,0,0.2614917,0.25601333
0022400258,2024-11-20,2024-25,GSW,ATL,1,0.60440296,0.6071876
0022400259,2024-11-20,2024-25,LAC,ORL,1,0.5861093,0.5884292
0022400260,2024-11-21,2024-25,CHA,DET,1,0.41007486,0.4076568
0022400261,2024-11-21,2024-25,TOR,MIN,1,0.31956792,0.31506377
0022400262,2024-11-21,2024-25,SAS,UTA,1,0.73876625,0.7442481
0022400263,2024-11-21,2024-25,LAL,ORL,0,0.76376987,0.7695451
0022400027,2024-11-22,2024-25,PHI,BKN,1,0.37098223,0.36759883
0022400028,2024-11-22,2024-25,WAS,BOS,0,0.16177514,0.15573135
0022400029,2024-11-22,2024-25,MIL,IND,1,0.7326053,0.73800206
0022400030,2024-11-22,2024-25,CHI,ATL,1,0.49953434,0.49952152
0022400031,2024-11-22,2024-25,HOU,POR,1,0.7688475,0.7746715
0022400032,2024-11-22,2024-25,NOP,GSW,0,0.25518033,0.24961971
0022400033,2024-11-22,2024-25,DEN,DAL,0,0.64008445,0.64372534
0022400034,2024-11-22,2024-25,LAC,SAC,1,0.3824702,0.37936202
0022400264,2024-11-23,2024-25,UTA,NYK,1,0.19221881,0.1861604
0022400265,2024-11-23,2024-25,ORL,DET,1,0.6090601,0.6119606
0022400266,2024-11-23,2024-25,CHI,MEM,0,0.39365137,0.39081818
0022400267,2024-11-23,2024-25,HOU,POR,0,0.8299002,0.83596736
0022400268,2024-11-23,2024-25,MIL,CHA,1,0.7581905,0.76390785
0022400269,2024-11-23,2024-25,SAS,GSW,1,0.51877135,0.5192873
0022400270,2024-11-23,2024-25,LAL,DEN,0,0.5827052,0.58493716
0022400271,2024-11-24,2024-25,BOS,MIN,1,0.70015854,0.7050338
0022400272,2024-11-24,2024-25,IND,WAS,1,0.7577349,0.76344734
0022400273,2024-11-24,2024-25,MIA,DAL,1,0.56102175,0.56268317
0022400274,2024-11-24,2024-25,PHI,LAC,0,0.29519716,0.29024023
0022400275,2024-11-24,2024-25,CLE,TOR,1,0.76713693,0.7729449
0022400276,2024-11-24,2024-25,SAC,BKN,0,0.8181732,0.824248
0022400277,2024-11-25,2024-25,CHA,ORL,0,0.36525446,0.36173677
0022400278,2024-11-25,2024-25,DET,TOR,1,0.6122434,0.6152224
0022400279,2024-11-25,2024-25,IND,NOP,1,0.62039256,0.62357
0022400280,2024-11-25,2024-25,ATL,DAL,0,0.5851655,0.5874612
0022400281,2024-11-25,2024-25,BOS,LAC,1,0.68712145,0.69175553
0022400282,2024-11-25,2024-25,MEM,POR,1,0.80309474,0.80913895
0022400283,2024-11-25,2024-25,DEN,NYK,0,0.5129787,0.5133356
0022400284,2024-11-25,2024-25,GSW,BKN,0,0.7698434,0.77567637
0022400285,2024-11-25,2024-25,SAC,OKC,0,0.5030561,0.5031402
0022400035,2024-11-26,2024-25,WAS,CHI,0,0.28106073,0.27586913
0022400036,2024-11-26,2024-25,MIA,MIL,0,0.5064969,0.5066756
0022400037,2024-11-26,2024-25,MIN,HOU,0,0.5771271,0.5792138
0022400038,2024-11-26,2024-25,UTA,SAS,0,0.370553,0.36715946
0022400039,2024-11-26,2024-25,PHX,LAL,1,0.46230915,0.46127626
0022400286,2024-11-27,2024-25,CHA,MIA,0,0.38679883,0.3837963
0022400287,2024-11-27,2024-25,CLE,ATL,0,0.7614819,0.7672339
0022400288,2024-11-27,2024-25,IND,POR,1,0.6891118,0.6937838
0022400289,2024-11-27,2024-25,ORL,CHI,1,0.6573467,0.6613725
0022400290,2024-11-27,2024-25,PHI,HOU,0,0.27604198,0.27077246
0022400291,2024-11-27,2024-25,WAS,LAC,0,0.19658224,0.19053695
0022400292,2024-11-27,2024-25,DAL,NYK,1,0.28121182,0.2760226
0022400293,2024-11-27,2024-25,MEM,DET,1,0.7006425,0.7055263
0022400294,2024-11-27,2024-25,MIN,SAC,0,0.5381198,0.5391643
0022400295,2024-11-27,2024-25,NOP,TOR,0,0.47966853,0.47910973
0022400296,2024-11-27,2024-25,SAS,LAL,0,0.42346072,0.4213894
0022400297,2024-11-27,2024-25,PHX,BKN,0,0.5807302,0.58291084
0022400298,2024-11-27,2024-25,UTA,DEN,0,0.15871155,0.15268031
0022400299,2024-11-27,2024-25,GSW,OKC,0,0.3184661,0.31394032
0022400040,2024-11-29,2024-25,CHA,NYK,0,0.15305226,0.14704993
0022400041,2024-11-29,2024-25,ATL,CLE,1,0.31639278,0.31182647
0022400042,2024-11-29,2024-25,MEM,NOP,1,0.8004865,0.80652106
0022400043,2024-11-29,2024-25,BKN,ORL,0,0.37809786,0.374884
0022400044,2024-11-29,2024-25,MIN,LAC,1,0.6300604,0.6334684
0022400045,2024-11-29,2024-25,IND,DET,0,0.47008035,0.4692592
0022400046,2024-11-29,2024-25,MIA,TOR,1,0.6520104,0.6559195
0022400047,2024-11-29,2024-25,CHI,BOS,0,0.24015312,0.23441817
0022400048,2024-11-29,2024-25,LAL,OKC,0,0.4768443,0.47620824
0022400049,2024-11-29,2024-25,POR,SAC,1,0.28499463,0.27986613
0022400300,2024-11-30,2024-25,CHA,ATL,0,0.26633868,0.26092702
0022400301,2024-11-30,2024-25,DET,PHI,0,0.65951145,0.6635838
0022400302,2024-11-30,2024-25,MIL,WAS,1,0.889845,0.895354
0022400303,2024-11-30,2024-25,PHX,GSW,1,0.4962322,0.49612856
0022400304,2024-11-30,2024-25,UTA,DAL,0,0.3508228,0.3469765
0022400305,2024-12-01,2024-25,BKN,ORL,0,0.34364668,0.3396425
0022400306,2024-12-01,2024-25,MEM,IND,1,0.71659684,0.72175103
0022400307,2024-12-01,2024-25,CLE,BOS,1,0.5324237,0.53331316
0022400308,2024-12-01,2024-25,NYK,NOP,1,0.849237,0.85522544
0022400309,2024-12-01,2024-25,TOR,MIA,1,0.4213135,0.41918606
0022400310,2024-12-01,2024-25,HOU,OKC,1,0.48303255,0.48256606
0022400311,2024-12-01,2024-25,UTA,LAL,0,0.23510477,0.22931844
0022400312,2024-12-01,2024-25,POR,DAL,0,0.3509892,0.34714663
0022400313,2024-12-01,2024-25,SAC,SAS,0,0.7226616,0.72791123
0022400314,2024-12-01,2024-25,LAC,DEN,1,0.38497883,0.3819318
0022400315,2024-12-02,2024-25,ATL,NOP,1,0.8342192,0.8402762
0022400316,2024-12-02,2024-25,BOS,MIA,1,0.736999,0.74245685
0022400317,2024-12-02,2024-25,CHI,BKN,1,0.7367094,0.7421633
0022400318,2024-12-02,2024-25,MIN,LAL,1,0.6415949,0.6452702
0022400050,2024-12-03,2024-25,CHA,PHI,0,0.41157234,0.40919265
0022400051,2024-12-03,2024-25,CLE,WAS,1,0.8747796,0.8805214
0022400052,2024-12-03,2024-25,DET,MIL,0,0.34385696,0.33985734
0022400053,2024-12-03,2024-25,NYK,ORL,1,0.68073726,0.68524736
0022400054,2024-12-03,2024-25,TOR,IND,1,0.52882934,0.52962065
0022400055,2024-12-03,2024-25,OKC,UTA,1,0.8192479,0.8253233
0022400056,2024-12-03,2024-25,DAL,MEM,1,0.59304404,0.5955419
0022400057,2024-12-03,2024-25,PHX,SAS,1,0.53931373,0.5403907
0022400058,2024-12-03,2024-25,DEN,GSW,1,0.71874017,0.7239286
0022400059,2024-12-03,2024-25,SAC,HOU,1,0.5453732,0.54661435
0022400060,2024-12-03,2024-25,LAC,POR,1,0.72936606,0.7347162
0022400319,2024-12-04,2024-25,BOS,DET,1,0.767936,0.7737515
0022400320,2024-12-04,2024-25,BKN,IND,1,0.5950918,0.5976418
0022400321,2024-12-04,2024-25,MIA,LAL,1,0.4780056,0.47740135
0022400322,2024-12-04,2024-25,PHI,ORL,0,0.2781649,0.272928
0022400323,2024-12-04,2024-25,MIL,ATL,0,0.55627626,0.5578109
0022400324,2024-12-04,2024-25,LAC,MIN,0,0.325451,0.3210645
0022400325,2024-12-05,2024-25,CLE,DEN,1,0.5626031,0.5643067
0022400326,2024-12-05,2024-25,WAS,DAL,0,0.16321057,0.15716164
0022400327,2024-12-05,2024-25,NYK,CHA,1,0.835614,0.8416668
0022400328,2024-12-05,2024-25,TOR,OKC,0,0.29203996,0.28702876
0022400329,2024-12-05,2024-25,MEM,SAC,1,0.5103004,0.51058376
0022400330,2024-12-05,2024-25,NOP,PHX,1,0.3525812,0.3487742
0022400331,2024-12-05,2024-25,SAS,CHI,0,0.4387166,0.4370482
0022400332,2024-12-05,2024-25,GSW,HOU,1,0.32213345,0.31768027
0022400333,2024-12-06,2024-25,PHI,ORL,1,0.3834507,0.38036636
0022400334,2024-12-06,2024-25,ATL,LAL,1,0.627057,0.630394
0022400335,2024-12-06,2024-25,BOS,MIL,1,0.6680382,0.67229104
0022400336,2024-12-06,2024-25,CHI,IND,0,0.5015,0.50154126
0022400337,2024-12-06,2024-25,SAS,SAC,0,0.27943176,0.27421454
0022400338,2024-12-06,2024-25,GSW,MIN,0,0.3962855,0.39351806
0022400339,2024-12-06,2024-25,POR,UTA,0,0.65871084,0.66276604
0022400340,2024-12-07,2024-25,CHA,CLE,0,0.16105402,0.155013
0022400341,2024-12-07,2024-25,WAS,DEN,1,0.14607252,0.14011657
0022400342,2024-12-07,2024-25,NOP,OKC,0,0.21258992,0.20662215
0022400343,2024-12-07,2024-25,NYK,DET,0,0.67044514,0.6747477
0022400344,2024-12-07,2024-25,TOR,DAL,0,0.338443,0.33432677
0022400345,2024-12-07,2024-25,BOS,MEM,0,0.6481393,0.6519624
0022400346,2024-12-07,2024-25,MIA,PHX,1,0.6331592,0.6366399
0022400347,2024-12-08,2024-25,CHI,PHI,0,0.60717857,0.6100324
0022400348,2024-12-08,2024-25,BKN,MIL,0,0.292472,0.28746814
0022400349,2024-12-08,2024-25,IND,CHA,0,0.7882422,0.7942151
0022400350,2024-12-08,2024-25,ATL,DEN,0,0.4539956,0.45273733
0022400351,2024-12-08,2024-25,MIA,CLE,1,0.42134058,0.41921386
0022400352,2024-12-08,2024-25,ORL,PHX,1,0.5685492,0.5704105
0022400353,2024-12-08,2024-25,WAS,MEM,0,0.22175135,0.21584769
0022400354,2024-12-08,2024-25,SAS,NOP,1,0.79584247,0.8018568
0022400355,2024-12-08,2024-25,GSW,MIN,1,0.4059532,0.40342978
0022400356,2024-12-08,2024-25,LAC,HOU,0,0.43165505,0.42979923
0022400357,2024-12-08,2024-25,SAC,UTA,1,0.80034864,0.8063826
0022400358,2024-12-08,2024-25,LAL,POR,1,0.6750991,0.6794967
0022400359,2024-12-09,2024-25,TOR,NYK,0,0.3033444,0.29853234
0022401201,2024-12-10,2024-25,MIL,ORL,1,0.7701257,0.7759612
0022401203,2024-12-10,2024-25,OKC,DAL,1,0.5772151,0.5793041
0022401202,2024-12-11,2024-25,NYK,ATL,0,0.7077154,0.7127225
0022401204,2024-12-11,2024-25,HOU,GSW,1,0.69329494,0.69804525
0022401205,2024-12-12,2024-25,BOS,DET,1,0.72740114,0.73272246
0022401206,2024-12-12,2024-25,MIA,TOR,1,0.736191,0.74163777
0022401207,2024-12-12,2024-25,NOP,SAC,0,0.1889013,0.18283536
0022401208,2024-12-13,2024-25,CLE,WAS,1,0.89917254,0.9045005
0022401209,2024-12-13,2024-25,PHI,IND,0,0.56900024,0.57087344
0022401210,2024-12-13,2024-25,MIN,LAL,1,0.68918973,0.69386315
0022401211,2024-12-13,2024-25,MEM,BKN,1,0.7411708,0.74668455
0022401212,2024-12-13,2024-25,CHI,CHA,1,0.7202047,0.72541624
0022401213,2024-12-13,2024-25,DEN,LAC,1,0.69170606,0.69642687
0022401214,2024-12-13,2024-25,UTA,PHX,0,0.3179481,0.31341213
0022401215,2024-12-13,2024-25,POR,SAS,0,0.29324383,0.2882532
0022401216,2024-12-15,2024-25,IND,NOP,1,0.7272113,0.73252976
0022401217,2024-12-15,2024-25,WAS,BOS,0,0.11438323,0.108801775
0022401218,2024-12-15,2024-25,SAS,MIN,0,0.39150372,0.38861725
0022401219,2024-12-15,2024-25,PHX,POR,1,0.7638341,0.7696099
0022401220,2024-12-15,2024-25,LAL,MEM,1,0.43234497,0.4305074
0022401227,2024-12-15,2024-25,ORL,NYK,0,0.22346133,0.21757112
0022401228,2024-12-15,2024-25,GSW,DAL,0,0.41755176,0.41532648
0022401221,2024-12-16,2024-25,DET,MIA,1,0.32837903,0.32405224
0022401222,2024-12-16,2024-25,CHA,PHI,0,0.49251685,0.49231094
0022401223,2024-12-16,2024-25,TOR,CHI,0,0.43452975,0.43275005
0022401224,2024-12-16,2024-25,BKN,CLE,0,0.24974075,0.24411339
0022401225,2024-12-16,2024-25,SAC,DEN,0,0.492711,0.4925105
0022401226,2024-12-16,2024-25,LAC,UTA,1,0.7460432,0.75161916
0022400360,2024-12-19,2024-25,DET,UTA,0,0.70065695,0.70554096
0022400361,2024-12-19,2024-25,ORL,OKC,0,0.24685283,0.24119173
0022400362,2024-12-19,2024-25,WAS,CHA,1,0.3142011,0.30959237
0022400363,2024-12-19,2024-25,BOS,CHI,0,0.77977157,0.78568685
0022400364,2024-12-19,2024-25,TOR,BKN,0,0.55004466,0.5514119
0022400365,2024-12-19,2024-25,HOU,NOP,1,0.8011015,0.8071385
0022400366,2024-12-19,2024-25,MEM,GSW,1,0.5436965,0.5448923
0022400367,2024-12-19,2024-25,MIN,NYK,0,0.53463095,0.5355805
0022400368,2024-12-19,2024-25,DAL,LAC,0,0.42902416,0.42709893
0022400369,2024-12-19,2024-25,PHX,IND,0,0.5770138,0.57909757
0022400370,2024-12-19,2024-25,SAS,ATL,1,0.41447067,0.41216564
0022400371,2024-12-19,2024-25,POR,DEN,1,0.21408735,0.20812914
0022400372,2024-12-19,2024-25,SAC,LAL,0,0.66525334,0.6694479
0022400373,2024-12-20,2024-25,PHI,CHA,1,0.79230183,0.798298
0022400374,2024-12-20,2024-25,CLE,MIL,1,0.5646972,0.5664564
0022400375,2024-12-20,2024-25,MIA,OKC,0,0.43704402,0.43533114
0022400376,2024-12-21,2024-25,SAC,LAL,0,0.6842036,0.6887815
0022400377,2024-12-21,2024-25,ORL,MIA,1,0.46002433,0.45892945
0022400378,2024-12-21,2024-25,ATL,MEM,0,0.39918867,0.396494
0022400379,2024-12-21,2024-25,BKN,UTA,0,0.57294434,0.5749214
0022400380,2024-12-21,2024-25,CLE,PHI,1,0.7975745,0.8035968
0022400381,2024-12-21,2024-25,CHI,BOS,0,0.2728826,0.26756558
0022400382,2024-12-21,2024-25,MIL,WAS,1,0.8065031,0.81255805
0022400383,2024-12-21,2024-25,MIN,GSW,0,0.69899195,0.7038462
0022400384,2024-12-21,2024-25,NOP,NYK,0,0.17081045,0.16474195
0022400385,2024-12-21,2024-25,DAL,LAC,1,0.4786651,0.47807893
0022400386,2024-12-21,2024-25,SAS,POR,1,0.72015357,0.72536427
0022400387,2024-12-21,2024-25,PHX,DET,0,0.62694687,0.6302812
0022400388,2024-12-22,2024-25,TOR,HOU,0,0.29753953,0.29262355
0022400389,2024-12-22,2024-25,SAC,IND,0,0.6324087,0.6358718
0022400390,2024-12-22,2024-25,NOP,DEN,0,0.15747477,0.15144919
0022400391,2024-12-23,2024-25,CHA,HOU,0,0.3491172,0.34523305
0022400392,2024-12-23,2024-25,CLE,UTA,1,0.8579293,0.8638531
0022400393,2024-12-23,2024-25,ORL,BOS,1,0.23923296,0.23348838
0022400394,2024-12-23,2024-25,PHI,SAS,1,0.52298445,0.5236159
0022400395,2024-12-23,2024-25,ATL,MIN,1,0.44080013,0.4391873
0022400396,2024-12-23,2024-25,MIA,BKN,1,0.7188592,0.72404957
0022400397,2024-12-23,2024-25,NYK,TOR,1,0.82393724,0.8300119
0022400398,2024-12-23,2024-25,CHI,MIL,0,0.5088698,0.50911385
0022400399,2024-12-23,2024-25,MEM,LAC,0,0.5604185,0.56206375
0022400400,2024-12-23,2024-25,OKC,WAS,1,0.88836586,0.8939009
0022400401,2024-12-23,2024-25,DAL,POR,1,0.8160318,0.822105
0022400402,2024-12-23,2024-25,DEN,PHX,1,0.6520533,0.65596336
0022400403,2024-12-23,2024-25,GSW,IND,0,0.6100072,0.6129311
0022400404,2024-12-23,2024-25,LAL,DET,0,0.6365152,0.64007384
0022400405,2024-12-25,2024-25,NYK,SAS,1,0.75620735,0.761903
0022400406,2024-12-25,2024-25,DAL,MIN,0,0.5509358,0.55232704
0022400407,2024-12-25,2024-25,BOS,PHI,0,0.7515198,0.757162
0022400408,2024-12-25,2024-25,GSW,LAL,0,0.53693575,0.5379481
0022400409,2024-12-25,2024-25,PHX,DEN,1,0.29859477,0.29369745
0022400410,2024-12-26,2024-25,IND,OKC,0,0.39087254,0.38797042
0022400411,2024-12-26,2024-25,ORL,MIA,0,0.367313,0.36384332
0022400412,2024-12-26,2024-25,WAS,CHA,1,0.36257857,0.3589989
0022400413,2024-12-26,2024-25,ATL,CHI,1,0.6798261,0.6843182
0022400414,2024-12-26,2024-25,MEM,TOR,1,0.72434634,0.7296218
0022400415,2024-12-26,2024-25,MIL,BKN,0,0.78692406,0.7928887
0022400416,2024-12-26,2024-25,NOP,HOU,0,0.27924934,0.2740293
0022400417,2024-12-26,2024-25,POR,UTA,1,0.61203194,0.61500573
0022400418,2024-12-26,2024-25,SAC,DET,0,0.6700628,0.67435753
0022400419,2024-12-27,2024-25,ORL,NYK,0,0.2132202,0.20725639
0022400420,2024-12-27,2024-25,BOS,IND,1,0.8192521,0.8253274
0022400421,2024-12-27,2024-25,BKN,SAS,0,0.2310976,0.22527318
0022400422,2024-12-27,2024-25,HOU,MIN,0,0.3423214,0.33828852
0022400423,2024-12-27,2024-25,NOP,MEM,0,0.21314518,0.20718089
0022400424,2024-12-27,2024-25,DEN,CLE,0,0.46906927,0.46822056
0022400425,2024-12-27,2024-25,PHX,DAL,0,0.47396153,0.47324648
0022400426,2024-12-27,2024-25,LAC,GSW,1,0.77251506,0.77837175
0022400427,2024-12-28,2024-25,ATL,MIA,1,0.5480119,0.5493243
0022400428,2024-12-28,2024-25,CHA,OKC,0,0.17827332,0.17219776
0022400429,2024-12-28,2024-25,WAS,NYK,0,0.1470874,0.14112395
0022400430,2024-12-28,2024-25,CHI,MIL,1,0.3602267,0.35659292
0022400431,2024-12-28,2024-25,GSW,PHX,1,0.6560309,0.66002804
0022400432,2024-12-28,2024-25,DEN,DET,1,0.71850884,0.72369355
0022400433,2024-12-28,2024-25,UTA,PHI,0,0.2640711,0.25862786
0022400434,2024-12-28,2024-25,POR,DAL,1,0.35803583,0.35435203
0022400435,2024-12-28,2024-25,LAL,SAC,1,0.4095665,0.4071353
0022400436,2024-12-29,2024-25,ORL,BKN,1,0.6210584,0.62425196
0022400437,2024-12-29,2024-25,BOS,IND,0,0.7738778,0.77974606
0022400438,2024-12-29,2024-25,TOR,ATL,0,0.43847248,0.4367976
0022400439,2024-12-29,2024-25,HOU,MIA,0,0.73227113,0.73766315
0022400440,2024-12-29,2024-25,OKC,MEM,1,0.6054312,0.6082415
0022400441,2024-12-29,2024-25,MIN,SAS,1,0.7137195,0.71882695
0022400442,2024-12-30,2024-25,CHA,CHI,0,0.2723952,0.26707092
0022400443,2024-12-30,2024-25,WAS,NYK,0,0.14347187,0.1375363
0022400444,2024-12-30,2024-25,NOP,LAC,0,0.22150435,0.21559876
0022400445,2024-12-30,2024-25,UTA,DEN,0,0.18266398,0.17658965
0022400446,2024-12-30,2024-25,GSW,CLE,0,0.41524047,0.41295534
0022400447,2024-12-30,2024-25,POR,PHI,0,0.33394697,0.32973564
0022400448,2024-12-30,2024-25,SAC,DAL,1,0.7538867,0.7595563
0022400449,2024-12-31,2024-25,BOS,TOR,1,0.8561685,0.862107
0022400450,2024-12-31,2024-25,IND,MIL,0,0.38629103,0.3832761
0022400451,2024-12-31,2024-25,SAS,LAC,1,0.5122005,0.5125359
0022400452,2024-12-31,2024-25,OKC,MIN,1,0.61709327,0.6201908
0022400453,2024-12-31,2024-25,PHX,MEM,0,0.44032538,0.43869993
0022400454,2024-12-31,2024-25,LAL,CLE,0,0.45636797,0.45517394
0022400455,2025-01-01,2024-25,DET,ORL,1,0.61584044,0.6189074
0022400456,2025-01-01,2024-25,WAS,CHI,1,0.2467716,0.2411096
0022400457,2025-01-01,2024-25,MIA,NOP,1,0.79296327,0.7989631
0022400458,2025-01-01,2024-25,NYK,UTA,1,0.8580786,0.86400115
0022400459,2025-01-01,2024-25,TOR,BKN,1,0.46998996,0.4691664
0022400460,2025-01-01,2024-25,HOU,DAL,1,0.70903736,0.71406686
0022400461,2025-01-01,2024-25,DEN,ATL,1,0.6872685,0.69190544
0022400462,2025-01-01,2024-25,SAC,PHI,1,0.77701765,0.7829117
0022400463,2025-01-02,2024-25,MIA,IND,0,0.42013472,0.4179766
0022400464,2025-01-02,2024-25,MIN,BOS,0,0.46136102,0.4603024
0022400465,2025-01-02,2024-25,MIL,BKN,0,0.83634716,0.84239763
0022400466,2025-01-02,2024-25,OKC,LAC,1,0.73525435,0.7406882
0022400467,2025-01-02,2024-25,GSW,PHI,1,0.65626806,0.6602704
0022400468,2025-01-02,2024-25,LAL,POR,1,0.74465334,0.7502119
0022400469,2025-01-03,2024-25,DET,CHA,1,0.7525236,0.7581775
0022400470,2025-01-03,2024-25,TOR,ORL,0,0.49284545,0.49264863
0022400471,2025-01-03,2024-25,HOU,BOS,0,0.4706367,0.46983075
0022400472,2025-01-03,2024-25,NOP,WAS,1,0.6609234,0.6650261
0022400473,2025-01-03,2024-25,OKC,NYK,1,0.40679955,0.4042977
0022400474,2025-01-03,2024-25,DAL,CLE,0,0.28032187,0.27511862
0022400475,2025-01-03,2024-25,DEN,SAS,0,0.6990805,0.7039364
0022400476,2025-01-03,2024-25,SAC,MEM,1,0.6041135,0.6068909
0022400477,2025-01-03,2024-25,LAL,ATL,1,0.46193886,0.46089593
0022400478,2025-01-04,2024-25,BKN,PHI,0,0.28589785,0.28078407
0022400479,2025-01-04,2024-25,DET,MIN,1,0.27467573,0.26938552
0022400480,2025-01-04,2024-25,IND,PHX,1,0.64732563,0.6511306
0022400481,2025-01-04,2024-25,MIA,UTA,0,0.7155945,0.7207325
0022400482,2025-01-04,2024-25,CHI,NYK,1,0.33071277,0.32643405
0022400483,2025-01-04,2024-25,MIL,POR,0,0.83483964,0.84089476
0022400484,2025-01-04,2024-25,SAS,DEN,0,0.32863092,0.3243093
0022400485,2025-01-04,2024-25,GSW,MEM,1,0.5825896,0.58481854
0022400486,2025-01-04,2024-25,LAC,ATL,1,0.6328698,0.63634366
0022400487,2025-01-05,2024-25,OKC,BOS,1,0.49459255,0.49444374
0022400488,2025-01-05,2024-25,CLE,CHA,1,0.8214838,0.8275593
0022400489,2025-01-05,2024-25,WAS,NOP,0,0.39730066,0.3945586
0022400490,2025-01-05,2024-25,ORL,UTA,0,0.734038,0.739455
0022400491,2025-01-05,2024-25,HOU,LAL,1,0.5507146,0.5520999
0022400492,2025-01-05,2024-25,GSW,SAC,0,0.43095425,0.4290799
0022400493,2025-01-06,2024-25,DET,POR,1,0.72788084,0.7332092
0022400494,2025-01-06,2024-25,PHI,PHX,0,0.44726247,0.4458228
0022400495,2025-01-06,2024-25,BKN,IND,0,0.18899299,0.1829272
0022400496,2025-01-06,2024-25,NYK,ORL,0,0.84971714,0.85570246
0022400497,2025-01-06,2024-25,TOR,MIL,0,0.3271341,0.32278183
0022400498,2025-01-06,2024-25,CHI,SAS,1,0.45695814,0.45578003
0022400499,2025-01-06,2024-25,MEM,DAL,1,0.56014186,0.5617798
0022400500,2025-01-06,2024-25,MIN,LAC,1,0.55850804,0.56010234
0022400501,2025-01-06,2024-25,SAC,MIA,1,0.59059715,0.59303254
0022400502,2025-01-07,2024-25,CHA,PHX,1,0.44668117,0.44522586
0022400503,2025-01-07,2024-25,WAS,HOU,0,0.2179887,0.21205702
0022400504,2025-01-07,2024-25,DAL,LAL,1,0.28056628,0.27536687
0022400505,2025-01-07,2024-25,NOP,MIN,0,0.3280479,0.32371432
0022400506,2025-01-07,2024-25,UTA,ATL,0,0.30931595,0.30461437
0022400507,2025-01-07,2024-25,DEN,BOS,0,0.30137733,0.29652968
0022400508,2025-01-07,2024-25,GSW,MIA,0,0.6888229,0.6934894
0022400509,2025-01-08,2024-25,CLE,OKC,1,0.516815,0.51727724
0022400510,2025-01-08,2024-25,IND,CHI,1,0.55967236,0.5612978
0022400511,2025-01-08,2024-25,NYK,TOR,1,0.8187817,0.8248568
0022400512,2025-01-08,2024-25,PHI,WAS,1,0.76769984,0.7735131
0022400513,2025-01-08,2024-25,BKN,DET,0,0.26474202,0.25930804
0022400514,2025-01-08,2024-25,NOP,POR,0,0.46179274,0.46074584
0022400515,2025-01-08,2024-25,DEN,LAC,1,0.40798524,0.4055136
0022400516,2025-01-08,2024-25,MIL,SAS,1,0.6714957,0.67581993
0022400517,2025-01-09,2024-25,CLE,TOR,1,0.8414005,0.8474312
0022400518,2025-01-09,2024-25,DET,GSW,0,0.41699207,0.41475233
0022400519,2025-01-09,2024-25,ORL,MIN,0,0.3163755,0.31180882
0022400520,2025-01-09,2024-25,MEM,HOU,0,0.5694773,0.57136303
0022400521,2025-01-09,2024-25,DAL,POR,1,0.77510774,0.7809863
0022400522,2025-01-09,2024-25,PHX,ATL,1,0.5040755,0.50418764
0022400523,2025-01-09,2024-25,UTA,MIA,0,0.29050222,0.2854649
0022400525,2025-01-10,2024-25,IND,GSW,1,0.7647352,0.77052
0022400526,2025-01-10,2024-25,ORL,MIL,0,0.24512804,0.23944733
0022400527,2025-01-10,2024-25,PHI,NOP,0,0.6906499,0.69535094
0022400528,2025-01-10,2024-25,BOS,SAC,0,0.6667617,0.67098784
0022400529,2025-01-10,2024-25,NYK,OKC,0,0.45946485,0.4583547
0022400530,2025-01-10,2024-25,CHI,WAS,1,0.7893116,0.79529095
0022400531,2025-01-10,2024-25,DEN,BKN,1,0.89149064,0.8969698
0022400533,2025-01-11,2024-25,PHX,UTA,1,0.7664899,0.77229166
0022400534,2025-01-11,2024-25,DET,TOR,1,0.7020222,0.7069304
0022400535,2025-01-11,2024-25,MIN,MEM,0,0.58964396,0.59205484
0022400536,2025-01-11,2024-25,POR,MIA,0,0.27689114,0.2716346
0022400539,2025-01-12,2024-25,NYK,MIL,1,0.57499444,0.5770253
0022400540,2025-01-12,2024-25,DAL,DEN,0,0.3082819,0.3035609
0022400541,2025-01-12,2024-25,CHI,SAC,0,0.35655674,0.35283932
0022400542,2025-01-12,2024-25,BOS,NOP,1,0.85787904,0.86380327
0022400543,2025-01-12,2024-25,CLE,IND,0,0.6979315,0.70276666
0022400544,2025-01-12,2024-25,ORL,PHI,1,0.61527765,0.61833096
0022400545,2025-01-12,2024-25,WAS,OKC,0,0.13990532,0.13400054
0022400546,2025-01-12,2024-25,UTA,BKN,1,0.45527017,0.45404646
0022400547,2025-01-12,2024-25,PHX,CHA,1,0.63320875,0.6366906
0022400548,2025-01-13,2024-25,WAS,MIN,0,0.15026005,0.14427485
0022400549,2025-01-13,2024-25,NYK,DET,0,0.7514751,0.7571168
0022400550,2025-01-13,2024-25,TOR,GSW,1,0.41541824,0.41313773
0022400551,2025-01-13,2024-25,HOU,MEM,1,0.4969365,0.4968522
0022400552,2025-01-13,2024-25,LAL,SAS,0,0.63389415,0.6373919
0022400553,2025-01-13,2024-25,LAC,MIA,1,0.66837215,0.6726319
0022400554,2025-01-14,2024-25,IND,CLE,0,0.29623175,0.29129285
0022400555,2025-01-14,2024-25,PHI,OKC,0,0.15046535,0.14447883
0022400556,2025-01-14,2024-25,ATL,PHX,1,0.52056265,0.5211277
0022400557,2025-01-14,2024-25,CHI,NOP,0,0.7101955,0.71524453
0022400558,2025-01-14,2024-25,MIL,SAC,1,0.5555286,0.55704314
0022400559,2025-01-14,2024-25,DAL,DEN,0,0.37236413,0.36901343
0022400560,2025-01-14,2024-25,POR,BKN,0,0.54130465,0.54243565
0022400561,2025-01-15,2024-25,PHI,NYK,0,0.18453775,0.17846516
0022400562,2025-01-15,2024-25,TOR,BOS,1,0.22583854,0.21996786
0022400563,2025-01-15,2024-25,CHI,ATL,0,0.7270169,0.7323325
0022400564,2025-01-15,2024-25,MIL,ORL,1,0.6604215,0.6645135
0022400565,2025-01-15,2024-25,MIN,GSW,0,0.7495205,0.755139
0022400566,2025-01-15,2024-25,NOP,DAL,1,0.39218315,0.3893135
0022400567,2025-01-15,2024-25,SAS,MEM,0,0.4570047,0.4558279
0022400568,2025-01-15,2024-25,DEN,HOU,0,0.4285712,0.42663398
0022400569,2025-01-15,2024-25,UTA,CHA,0,0.29985908,0.29498422
0022400570,2025-01-15,2024-25,LAL,MIA,1,0.5703849,0.57229465
0022400571,2025-01-15,2024-25,LAC,BKN,1,0.86268765,0.8685679
0022400572,2025-01-16,2024-25,DET,IND,0,0.48719618,0.4868441
0022400573,2025-01-16,2024-25,WAS,PHX,0,0.22743113,0.22157402
0022400574,2025-01-16,2024-25,OKC,CLE,1,0.505786,0.5059452
0022400575,2025-01-16,2024-25,POR,LAC,0,0.272152,0.26682416
0022400576,2025-01-16,2024-25,SAC,HOU,1,0.7178976,0.72307265
0022400577,2025-01-17,2024-25,BOS,ORL,1,0.79239887,0.79839563
0022400578,2025-01-17,2024-25,NYK,MIN,0,0.595683,0.598248
0022400579,2025-01-17,2024-25,MIA,DEN,0,0.3542474,0.35047778
0022400580,2025-01-17,2024-25,MIL,TOR,1,0.799744,0.8057756
0022400581,2025-01-17,2024-25,NOP,UTA,1,0.7576117,0.7633228
0022400582,2025-01-17,2024-25,SAS,MEM,0,0.45058683,0.44923663
0022400583,2025-01-17,2024-25,DAL,OKC,1,0.54676825,0.5480471
0022400584,2025-01-17,2024-25,CHI,CHA,0,0.6629,0.6670449
0022400585,2025-01-17,2024-25,LAL,BKN,1,0.7811426,0.78706795
0022400586,2025-01-18,2024-25,DET,PHX,0,0.47477862,0.47408596
0022400587,2025-01-18,2024-25,BOS,ATL,0,0.67300063,0.6773556
0022400588,2025-01-18,2024-25,IND,PHI,1,0.78835154,0.79432505
0022400589,2025-01-18,2024-25,GSW,WAS,1,0.8212134,0.827289
0022400590,2025-01-18,2024-25,MIN,CLE,0,0.35873002,0.355062
0022400591,2025-01-18,2024-25,POR,HOU,0,0.20437405,0.19836085
0022400592,2025-01-19,2024-25,MIA,SAS,1,0.5493813,0.5507307
0022400593,2025-01-19,2024-25,ORL,DEN,0,0.25879595,0.2532818
0022400594,2025-01-19,2024-25,MIL,PHI,1,0.8685565,0.8743747
0022400595,2025-01-19,2024-25,OKC,BKN,1,0.8503244,0.8563057
0022400596,2025-01-19,2024-25,LAC,LAL,1,0.5268269,0.52756345
0022400597,2025-01-19,2024-25,POR,CHI,1,0.25234842,0.24675256
0022400598,2025-01-19,2024-25,SAC,WAS,1,0.91383183,0.91881174
0022400599,2025-01-20,2024-25,CHA,DAL,1,0.40855387,0.40609682
0022400600,2025-01-20,2024-25,HOU,DET,0,0.7157878,0.7209291
0022400601,2025-01-20,2024-25,MEM,MIN,1,0.42577085,0.42376003
0022400602,2025-01-20,2024-25,NYK,ATL,1,0.7145399,0.7196608
0022400603,2025-01-20,2024-25,CLE,PHX,1,0.66994154,0.6742338
0022400604,2025-01-20,2024-25,GSW,BOS,0,0.28901002,0.2839477
0022400605,2025-01-20,2024-25,NOP,UTA,1,0.75564265,0.7613319
0022400611,2025-01-20,2024-25,LAC,CHI,0,0.4059325,0.40340856
0022400606,2025-01-21,2024-25,BKN,NYK,0,0.14728077,0.14131594
0022400607,2025-01-21,2024-25,MIA,POR,0,0.73059934,0.7359674
0022400608,2025-01-21,2024-25,TOR,ORL,1,0.43578637,0.43404007
0022400609,2025-01-21,2024-25,DEN,PHI,1,0.83364046,0.8396991
0022400610,2025-01-21,2024-25,LAL,WAS,1,0.8477466,0.8537442
0022400612,2025-01-22,2024-25,ATL,DET,0,0.6678449,0.6720937
0022400613,2025-01-22,2024-25,BKN,PHX,0,0.16648045,0.16042155
0022400614,2025-01-22,2024-25,DAL,MIN,0,0.37093326,0.3675487
0022400615,2025-01-22,2024-25,HOU,CLE,1,0.4869836,0.4866256
0022400616,2025-01-22,2024-25,MEM,CHA,1,0.72508633,0.73037297
0022400618,2025-01-22,2024-25,OKC,UTA,1,0.83056724,0.8366331
0022400619,2025-01-22,2024-25,SAC,GSW,1,0.7741863,0.78005713
0022400620,2025-01-22,2024-25,LAC,BOS,0,0.18296202,0.17688791
0022400622,2025-01-23,2024-25,ORL,POR,0,0.7859832,0.7919419
0022400623,2025-01-23,2024-25,ATL,TOR,0,0.6392722,0.6428945
0022400624,2025-01-23,2024-25,MIL,MIA,1,0.7278758,0.73320407
0022400625,2025-01-23,2024-25,OKC,DAL,0,0.7667249,0.7725288
0022400626,2025-01-23,2024-25,DEN,SAC,1,0.65499115,0.65896565
0022400628,2025-01-23,2024-25,GSW,CHI,1,0.36503258,0.3615098
0022400629,2025-01-23,2024-25,LAL,BOS,1,0.3973703,0.39463004
0022400983,2025-01-23,2024-25,LAC,WAS,1,0.83334553,0.8394049
0022400630,2025-01-24,2024-25,CHA,POR,0,0.49528298,0.4951532
0022400631,2025-01-24,2024-25,PHI,CLE,1,0.24486578,0.2391821
0022400632,2025-01-24,2024-25,MEM,NOP,1,0.7097033,0.7147441
0022400634,2025-01-25,2024-25,MIN,DEN,1,0.44530362,0.4438113
0022400635,2025-01-25,2024-25,DAL,BOS,0,0.28397605,0.27883103
0022400636,2025-01-25,2024-25,BKN,MIA,0,0.2357956,0.2300161
0022400637,2025-01-25,2024-25,CHA,NOP,1,0.48966205,0.48937768
0022400638,2025-01-25,2024-25,ORL,DET,1,0.497365,0.49729255
0022400639,2025-01-25,2024-25,ATL,TOR,0,0.6134142,0.61642194
0022400640,2025-01-25,2024-25,CLE,HOU,0,0.5638921,0.5656299
0022400641,2025-01-25,2024-25,NYK,SAC,1,0.5947329,0.59727377
0022400642,2025-01-25,2024-25,CHI,PHI,0,0.7498326,0.7554549
0022400643,2025-01-25,2024-25,MEM,UTA,1,0.78742176,0.79338956
0022400644,2025-01-25,2024-25,GSW,LAL,0,0.41541725,0.41313672
0022400645,2025-01-25,2024-25,PHX,WAS,1,0.8507578,0.85673624
0022400646,2025-01-25,2024-25,LAC,MIL,1,0.45502186,0.45379138
0022400647,2025-01-26,2024-25,POR,OKC,0,0.17358999,0.1675175
0022400648,2025-01-27,2024-25,CHA,LAL,0,0.29650033,0.29156613
0022400649,2025-01-27,2024-25,CLE,DET,1,0.72906685,0.7344126
0022400650,2025-01-27,2024-25,BOS,HOU,0,0.5675821,0.5694177
0022400651,2025-01-27,2024-25,BKN,SAC,0,0.14707787,0.1411145
0022400652,2025-01-27,2024-25,MIA,ORL,1,0.5001785,0.5001834
0022400653,2025-01-27,2024-25,NYK,MEM,1,0.66689306,0.67112195
0022400654,2025-01-27,2024-25,TOR,NOP,1,0.6004973,0.60318404
0022400655,2025-01-27,2024-25,CHI,DEN,1,0.2493428,0.24371076
0022400656,2025-01-27,2024-25,MIN,ATL,1,0.8316534,0.837717
0022400657,2025-01-27,2024-25,DAL,WAS,1,0.8166429,0.82271665
0022400658,2025-01-27,2024-25,UTA,MIL,0,0.14739408,0.14142843
0022400659,2025-01-27,2024-25,PHX,LAC,1,0.51794916,0.5184426
0022400532,2025-01-28,2024-25,ATL,HOU,0,0.27591655,0.27064514
0022400660,2025-01-28,2024-25,PHI,LAL,1,0.27957842,0.2743635
0022400661,2025-01-28,2024-25,GSW,UTA,1,0.81458724,0.82065886
0022400662,2025-01-28,2024-25,POR,MIL,1,0.20262499,0.19660361
0022400663,2025-01-29,2024-25,CHA,BKN,0,0.4799224,0.47937068
0022400664,2025-01-29,2024-25,IND,DET,1,0.6832903,0.6878505
0022400665,2025-01-29,2024-25,WAS,TOR,0,0.24497601,0.23929362
0022400666,2025-01-29,2024-25,BOS,CHI,1,0.7870584,0.793024
0022400667,2025-01-29,2024-25,MIA,CLE,0,0.39793515,0.395209
0022400668,2025-01-29,2024-25,NYK,DEN,1,0.58117366,0.58336586
0022400669,2025-01-29,2024-25,PHI,SAC,1,0.16730988,0.16124882
0022400670,2025-01-29,2024-25,NOP,DAL,0,0.37869078,0.37549117
0022400671,2025-01-29,2024-25,SAS,LAC,0,0.46434233,0.4633648
0022400672,2025-01-29,2024-25,PHX,MIN,0,0.39388883,0.39106157
0022400673,2025-01-29,2024-25,GSW,OKC,1,0.21572573,0.20977834
0022400674,2025-01-30,2024-25,WAS,LAL,0,0.20184503,0.19582021
0022400675,2025-01-30,2024-25,CLE,ATL,1,0.7625734,0.7683366
0022400676,2025-01-30,2024-25,MEM,HOU,1,0.5289581,0.5297529
0022400677,2025-01-30,2024-25,UTA,MIN,0,0.27291065,0.267594
0022400678,2025-01-30,2024-25,POR,ORL,1,0.3370653,0.3329198
0022400679,2025-01-31,2024-25,CHA,LAC,0,0.20921122,0.20322335
0022400680,2025-01-31,2024-25,DET,DAL,1,0.47467604,0.47398058
0022400681,2025-01-31,2024-25,PHI,DEN,0,0.19311471,0.18705869
0022400682,2025-01-31,2024-25,TOR,CHI,0,0.5426756,0.54384375
0022400683,2025-01-31,2024-25,NOP,BOS,0,0.17813763,0.1720621
0022400684,2025-01-31,2024-25,SAS,MIL,1,0.3098091,0.30511677
0022400685,2025-01-31,2024-25,GSW,PHX,0,0.5053542,0.5055015
0022400686,2025-02-01,2024-25,IND,ATL,1,0.75552917,0.76121724
0022400687,2025-02-01,2024-25,UTA,ORL,1,0.31641388,0.31184798
0022400688,2025-02-01,2024-25,CHA,DEN,0,0.11645446,0.11083957
0022400689,2025-02-01,2024-25,HOU,BKN,0,0.76758474,0.7733969
0022400690,2025-02-01,2024-25,MIN,WAS,0,0.837677,0.8437228
0022400691,2025-02-01,2024-25,OKC,SAC,1,0.5730919,0.5750729
0022400692,2025-02-01,2024-25,NYK,LAL,0,0.75666136,0.76236194
0022400693,2025-02-01,2024-25,SAS,MIA,0,0.34781876,0.3439059
0022400694,2025-02-01,2024-25,POR,PHX,1,0.39786097,0.39513296
0022400695,2025-02-02,2024-25,DET,CHI,1,0.5904712,0.5929033
0022400696,2025-02-02,2024-25,CLE,DAL,1,0.84380466,0.84982395
0022400697,2025-02-02,2024-25,TOR,LAC,1,0.3834869,0.38040343
0022400698,2025-02-02,2024-25,PHI,BOS,0,0.18882917,0.18276307
0022400699,2025-02-02,2024-25,MIL,MEM,0,0.70801663,0.71302885
0022400700,2025-02-03,2024-25,CHA,WAS,0,0.64250666,0.6462028
0022400701,2025-02-03,2024-25,DET,ATL,0,0.60001105,0.6026856
0022400702,2025-02-03,2024-25,NYK,HOU,1,0.77233124,0.7781863
0022400703,2025-02-03,2024-25,MEM,SAS,1,0.49646005,0.49636263
0022400704,2025-02-03,2024-25,MIN,SAC,0,0.48074132,0.48021197
0022400705,2025-02-03,2024-25,OKC,MIL,1,0.8277093,0.83378017
0022400706,2025-02-03,2024-25,DEN,NOP,1,0.83624613,0.84229684
0022400707,2025-02-03,2024-25,UTA,IND,0,0.24819586,0.2425503
0022400708,2025-02-03,2024-25,GSW,ORL,1,0.56348205,0.565209
0022400709,2025-02-03,2024-25,POR,PHX,1,0.3463241,0.34237835
0022400710,2025-02-04,2024-25,CLE,BOS,0,0.5085625,0.508798
0022400711,2025-02-04,2024-25,BKN,HOU,1,0.22666755,0.22080389
0022400712,2025-02-04,2024-25,PHI,DAL,1,0.5057205,0.50587785
0022400713,2025-02-04,2024-25,TOR,NYK,0,0.22176188,0.2158583
0022400714,2025-02-04,2024-25,CHI,MIA,1,0.44979885,0.4484274
0022400715,2025-02-04,2024-25,LAC,LAL,0,0.637722,0.6413086
0022400716,2025-02-04,2024-25,POR,IND,1,0.30369177,0.2988861
0022400717,2025-02-05,2024-25,CHA,MIL,0,0.25595516,0.25040433
0022400718,2025-02-05,2024-25,DET,CLE,0,0.39723125,0.39448747
0022400719,2025-02-05,2024-25,ATL,SAS,0,0.33562002,0.33144388
0022400720,2025-02-05,2024-25,BKN,WAS,0,0.6049604,0.607759
0022400721,2025-02-05,2024-25,PHI,MIA,0,0.4452976,0.44380516
0022400722,2025-02-05,2024-25,TOR,MEM,0,0.2536369,0.2480569
0022400723,2025-02-05,2024-25,MIN,CHI,1,0.7151415,0.7202722
0022400724,2025-02-05,2024-25,OKC,PHX,1,0.7910793,0.79706883
0022400725,2025-02-05,2024-25,UTA,GSW,1,0.38563943,0.38260853
0022400726,2025-02-05,2024-25,DEN,NOP,1,0.8450517,0.85106456
0022400727,2025-02-05,2024-25,SAC,ORL,0,0.7547147,0.76039374
0022400728,2025-02-06,2024-25,BOS,DAL,0,0.76852626,0.77434725
0022400729,2025-02-06,2024-25,MIN,HOU,1,0.5232256,0.5238636
0022400730,2025-02-06,2024-25,DEN,ORL,1,0.7758754,0.7817603
0022400731,2025-02-06,2024-25,LAL,GSW,1,0.8078063,0.8138647
0022400732,2025-02-06,2024-25,POR,SAC,1,0.29774305,0.29283068
0022400733,2025-02-06,2024-25,LAC,IND,0,0.5762462,0.5783098
0022400734,2025-02-07,2024-25,CHA,SAS,1,0.23544627,0.2296633
0022400735,2025-02-07,2024-25,WAS,CLE,0,0.14215113,0.1362266
0022400736,2025-02-07,2024-25,ATL,MIL,1,0.325082,0.32068807
0022400737,2025-02-07,2024-25,BKN,MIA,1,0.2745689,0.26927704
0022400738,2025-02-07,2024-25,DET,PHI,1,0.48106018,0.48053962
0022400739,2025-02-07,2024-25,OKC,TOR,1,0.84888273,0.8548734
0022400740,2025-02-07,2024-25,PHX,UTA,1,0.7491839,0.75479835
0022400741,2025-02-08,2024-25,DAL,HOU,1,0.60141927,0.6041292
0022400742,2025-02-08,2024-25,LAL,IND,1,0.3133138,0.308688
0022400743,2025-02-08,2024-25,ORL,SAS,1,0.49883875,0.49880683
0022400744,2025-02-08,2024-25,WAS,ATL,0,0.19353153,0.18747668
0022400745,2025-02-08,2024-25,CHI,GSW,0,0.6043217,0.6071044
0022400746,2025-02-08,2024-25,MEM,OKC,0,0.45428175,0.45303127
0022400747,2025-02-08,2024-25,MIN,POR,1,0.6895966,0.69427776
0022400748,2025-02-08,2024-25,NYK,BOS,0,0.54405457,0.5452601
0022400749,2025-02-08,2024-25,PHX,DEN,0,0.21024765,0.20426574
0022400750,2025-02-08,2024-25,SAC,NOP,1,0.8234155,0.8294905
0022400751,2025-02-08,2024-25,LAC,UTA,1,0.9042902,0.90950596
0022400752,2025-02-09,2024-25,DET,CHA,1,0.835964,0.8420157
0022400753,2025-02-09,2024-25,HOU,TOR,1,0.7657267,0.7715212
0022400754,2025-02-09,2024-25,MIL,PHI,1,0.6081661,0.61104447
0022400755,2025-02-10,2024-25,CLE,MIN,1,0.6169672,0.6200617
0022400756,2025-02-10,2024-25,ORL,ATL,0,0.6048676,0.60766387
0022400757,2025-02-10,2024-25,WAS,SAS,0,0.19040115,0.18433838
0022400758,2025-02-10,2024-25,BKN,CHA,1,0.5330226,0.53392833
0022400759,2025-02-10,2024-25,MIA,BOS,0,0.27312025,0.26780674
0022400760,2025-02-10,2024-25,MIL,GSW,0,0.6492377,0.6530853
0022400761,2025-02-10,2024-25,OKC,NOP,1,0.8362701,0.8423208
0022400762,2025-02-10,2024-25,DAL,SAC,0,0.29642156,0.29148597
0022400763,2025-02-10,2024-25,DEN,POR,1,0.80199754,0.8080378
0022400768,2025-02-10,2024-25,LAL,UTA,1,0.84271824,0.8487429
0022400764,2025-02-11,2024-25,PHI,TOR,0,0.79195136,0.79794574
0022400765,2025-02-11,2024-25,IND,NYK,0,0.3317845,0.327528
0022400766,2025-02-11,2024-25,CHI,DET,0,0.3945842,0.39177427
0022400767,2025-02-11,2024-25,PHX,MEM,0,0.47734293,0.47672048
0022400769,2025-02-12,2024-25,BOS,SAS,1,0.6788456,0.6833183
0022400770,2025-02-12,2024-25,ORL,CHA,1,0.7959016,0.8019162
0022400771,2025-02-12,2024-25,WAS,IND,0,0.18371964,0.1776462
0022400772,2025-02-12,2024-25,BKN,PHI,1,0.5167101,0.5171695
0022400773,2025-02-12,2024-25,NYK,ATL,1,0.74639237,0.7519727
0022400774,2025-02-12,2024-25,TOR,CLE,0,0.21448132,0.20852564
0022400775,2025-02-12,2024-25,CHI,DET,0,0.3256804,0.32129857
0022400776,2025-02-12,2024-25,MIN,MIL,0,0.6571022,0.66112274
0022400777,2025-02-12,2024-25,NOP,SAC,0,0.21665707,0.21071605
0022400778,2025-02-12,2024-25,OKC,MIA,1,0.77013034,0.775966
0022400779,2025-02-12,2024-25,HOU,PHX,1,0.7397268,0.7452214
0022400780,2025-02-12,2024-25,DEN,POR,1,0.83019394,0.83626056
0022400781,2025-02-12,2024-25,UTA,LAL,1,0.22102354,0.21511427
0022400782,2025-02-12,2024-25,DAL,GSW,1,0.43750778,0.4358072
0022400783,2025-02-12,2024-25,LAC,MEM,1,0.6416628,0.6453398
0022400784,2025-02-13,2024-25,HOU,GSW,0,0.5351557,0.5361196
0022400785,2025-02-13,2024-25,NOP,SAC,1,0.16308518,0.15703668
0022400786,2025-02-13,2024-25,DAL,MIA,1,0.34723398,0.34330824
0022400787,2025-02-13,2024-25,MIN,OKC,1,0.284282,0.27914196
0022401004,2025-02-13,2024-25,UTA,LAC,0,0.16522944,0.15917405
0022400524,2025-02-19,2024-25,LAL,CHA,0,0.8346591,0.8407148
0022400788,2025-02-20,2024-25,IND,MEM,1,0.53682965,0.53783906
0022400789,2025-02-20,2024-25,PHI,BOS,0,0.23859802,0.23284686
0022400790,2025-02-20,2024-25,ATL,ORL,0,0.48941413,0.489123
0022400791,2025-02-20,2024-25,BKN,CLE,0,0.24197231,0.23625676
0022400792,2025-02-20,2024-25,NYK,CHI,1,0.78502584,0.7909783
0022400793,2025-02-20,2024-25,MIL,LAC,1,0.58294976,0.58518803
0022400794,2025-02-20,2024-25,DEN,CHA,1,0.93080825,0.9352742
0022400795,2025-02-20,2024-25,SAS,PHX,1,0.5294387,0.5302467
0022400796,2025-02-20,2024-25,POR,LAL,0,0.36210355,0.35851297
0022400797,2025-02-21,2024-25,CLE,NYK,1,0.51522326,0.51564187
0022400798,2025-02-21,2024-25,ORL,MEM,0,0.38900298,0.38605466
0022400799,2025-02-21,2024-25,WAS,MIL,0,0.27608767,0.27081883
0022400800,2025-02-21,2024-25,TOR,MIA,0,0.3367532,0.33260104
0022400801,2025-02-21,2024-25,HOU,MIN,1,0.5805327,0.58270824
0022400802,2025-02-21,2024-25,SAS,DET,0,0.3279591,0.3236237
0022400803,2025-02-21,2024-25,DAL,NOP,1,0.75010467,0.75573015
0022400804,2025-02-21,2024-25,UTA,OKC,0,0.20264186,0.19662055
0022400805,2025-02-21,2024-25,SAC,GSW,0,0.6979162,0.7027511
0022400806,2025-02-22,2024-25,CHI,PHX,0,0.37295213,0.36961538
0022400807,2025-02-22,2024-25,PHI,BKN,0,0.74091434,0.7464247
0022400808,2025-02-22,2024-25,DEN,LAL,0,0.62831104,0.6316777
0022400809,2025-02-22,2024-25,UTA,HOU,1,0.22111234,0.21520376
0022400810,2025-02-22,2024-25,POR,CHA,1,0.50597674,0.5061412
0022400811,2025-02-23,2024-25,BOS,NYK,1,0.608278,0.611159
0022400812,2025-02-23,2024-25,GSW,DAL,1,0.46307963,0.4620678
0022400813,2025-02-23,2024-25,IND,LAC,1,0.57832664,0.58044463
0022400814,2025-02-23,2024-25,ATL,DET,0,0.465623,0.4646803
0022400815,2025-02-23,2024-25,ORL,WAS,1,0.8305605,0.8366264
0022400816,2025-02-23,2024-25,TOR,PHX,1,0.3545419,0.35077894
0022400817,2025-02-23,2024-25,MIL,MIA,1,0.6434222,0.6471392
0022400818,2025-02-23,2024-25,NOP,SAS,1,0.32205287,0.3175981
0022400819,2025-02-23,2024-25,CLE,MEM,1,0.65615326,0.66015315
0022400820,2025-02-23,2024-25,MIN,OKC,0,0.28749162,0.28240407
0022400821,2025-02-24,2024-25,DET,LAC,1,0.58426046,0.58653265
0022400822,2025-02-24,2024-25,IND,DEN,0,0.34587532,0.34191972
0022400823,2025-02-24,2024-25,PHI,CHI,0,0.53770214,0.5387353
0022400824,2025-02-24,2024-25,WAS,BKN,1,0.33299026,0.3287589
0022400825,2025-02-24,2024-25,ATL,MIA,1,0.564143,0.56588745
0022400826,2025-02-24,2024-25,OKC,MIN,0,0.7907058,0.7966932
0022400827,2025-02-24,2024-25,UTA,POR,0,0.29940292,0.29451993
0022400828,2025-02-24,2024-25,SAC,CHA,1,0.82810044,0.83417076
0022400829,2025-02-25,2024-25,TOR,BOS,0,0.18319501,0.17712109
0022400830,2025-02-25,2024-25,ORL,CLE,0,0.38062203,0.3774691
0022400831,2025-02-25,2024-25,HOU,MIL,1,0.4484617,0.44705424
0022400832,2025-02-25,2024-25,MEM,PHX,1,0.62952566,0.63292104
0022400833,2025-02-25,2024-25,NOP,SAS,1,0.31094822,0.3062774
0022400834,2025-02-25,2024-25,GSW,CHA,1,0.8385806,0.8446231
0022400835,2025-02-25,2024-25,LAL,DAL,1,0.7067103,0.7117002
0022400836,2025-02-26,2024-25,DET,BOS,1,0.4432078,0.4416594
0022400837,2025-02-26,2024-25,IND,TOR,1,0.8078148,0.8138733
0022400838,2025-02-26,2024-25,NYK,PHI,1,0.82045174,0.82652736
0022400839,2025-02-26,2024-25,WAS,POR,0,0.3199777,0.31548166
0022400840,2025-02-26,2024-25,BKN,OKC,0,0.15990934,0.15387292
0022400841,2025-02-26,2024-25,MIA,ATL,1,0.45536798,0.4541469
0022400842,2025-02-26,2024-25,CHI,LAC,0,0.27887848,0.27365267
0022400843,2025-02-26,2024-25,UTA,SAC,0,0.18566558,0.17959434
0022400844,2025-02-26,2024-25,HOU,SAS,1,0.50818753,0.5084127
0022400845,2025-02-27,2024-25,ORL,GSW,0,0.53955734,0.5406409
0022400846,2025-02-27,2024-25,MIL,DEN,1,0.41051283,0.40810594
0022400847,2025-02-27,2024-25,DAL,CHA,1,0.8393478,0.8453873
0022400848,2025-02-27,2024-25,PHX,NOP,0,0.7330495,0.73845255
0022400849,2025-02-27,2024-25,LAL,MIN,1,0.63046956,0.63388723
0022400850,2025-02-28,2024-25,DET,DEN,0,0.50372624,0.50382876
0022400851,2025-02-28,2024-25,ATL,OKC,0,0.25593165,0.25038052
0022400852,2025-02-28,2024-25,BOS,CLE,0,0.5848513,0.5871389
0022400853,2025-02-28,2024-25,BKN,POR,0,0.6191049,0.6222513
0022400854,2025-02-28,2024-25,MIA,IND,1,0.44977733,0.44840527
0022400855,2025-02-28,2024-25,CHI,TOR,1,0.5881304,0.5905025
0022400856,2025-02-28,2024-25,MEM,NYK,0,0.47347158,0.47274315
0022400857,2025-02-28,2024-25,PHX,NOP,1,0.81397724,0.8200481
0022400858,2025-02-28,2024-25,UTA,MIN,1,0.41043893,0.40803012
0022400859,2025-02-28,2024-25,LAL,LAC,1,0.4312114,0.42934385
0022400860,2025-03-01,2024-25,CHA,WAS,0,0.48290464,0.48243475
0022400861,2025-03-01,2024-25,DET,BKN,1,0.78253037,0.7884657
0022400862,2025-03-01,2024-25,HOU,SAC,0,0.5469199,0.5482028
0022400863,2025-03-01,2024-25,MEM,SAS,0,0.3581138,0.35443178
0022400864,2025-03-01,2024-25,PHI,GSW,1,0.42846107,0.42652097
0022400865,2025-03-01,2024-25,DAL,MIL,0,0.38448057,0.3814214
0022400866,2025-03-02,2024-25,BOS,DEN,1,0.6469175,0.6507133
0022400867,2025-03-02,2024-25,CLE,POR,1,0.82210773,0.8281832
0022400868,2025-03-02,2024-25,IND,CHI,1,0.76003057,0.76576746
0022400869,2025-03-02,2024-25,MIA,NYK,0,0.31395438,0.3093409
0022400870,2025-03-02,2024-25,ORL,TOR,0,0.75665665,0.7623572
0022400871,2025-03-02,2024-25,SAS,OKC,0,0.22499207,0.21911433
0022400872,2025-03-02,2024-25,UTA,NOP,0,0.28795797,0.28287813
0022400873,2025-03-02,2024-25,PHX,MIN,0,0.48197648,0.48148108
0022400874,2025-03-02,2024-25,LAL,LAC,1,0.5444816,0.5456986
0022400875,2025-03-03,2024-25,CHA,GSW,0,0.22242303,0.2165246
0022400876,2025-03-03,2024-25,PHI,POR,0,0.5509537,0.5523454
0022400877,2025-03-03,2024-25,MIA,WAS,1,0.8325276,0.838589
0022400878,2025-03-03,2024-25,MEM,ATL,0,0.5697059,0.57159764
0022400879,2025-03-03,2024-25,OKC,HOU,1,0.8936887,0.89912665
0022400880,2025-03-03,2024-25,DAL,SAC,0,0.47676328,0.47612497
0022400881,2025-03-03,2024-25,UTA,DET,0,0.17426635,0.16819316
0022400882,2025-03-04,2024-25,IND,HOU,1,0.6757435,0.68015414
0022400883,2025-03-04,2024-25,ORL,TOR,0,0.7709966,0.7768399
0022400884,2025-03-04,2024-25,ATL,MIL,0,0.3027157,0.2978922
0022400885,2025-03-04,2024-25,NYK,GSW,0,0.7366208,0.7420735
0022400886,2025-03-04,2024-25,CHI,CLE,0,0.14690262,0.14094053
0022400887,2025-03-04,2024-25,MIN,PHI,1,0.8295618,0.83562964
0022400888,2025-03-04,2024-25,SAS,BKN,1,0.7118483,0.7169249
0022400889,2025-03-04,2024-25,PHX,LAC,1,0.44257942,0.4410142
0022400890,2025-03-04,2024-25,LAL,NOP,1,0.780467,0.7863874
0022400891,2025-03-05,2024-25,BOS,POR,1,0.8064315,0.8124861
0022400892,2025-03-05,2024-25,CHA,MIN,0,0.17310233,0.16703042
0022400893,2025-03-05,2024-25,CLE,MIA,1,0.76351446,0.7692871
0022400894,2025-03-05,2024-25,WAS,UTA,1,0.6069638,0.6098124
0022400895,2025-03-05,2024-25,MEM,OKC,0,0.21293667,0.20697108
0022400896,2025-03-05,2024-25,DEN,SAC,1,0.7553438,0.76102984
0022400897,2025-03-05,2024-25,MIL,DAL,1,0.6832679,0.6878275
0022400898,2025-03-05,2024-25,LAC,DET,1,0.465876,0.46494025
0022400899,2025-03-06,2024-25,ATL,IND,1,0.5068321,0.50702006
0022400900,2025-03-06,2024-25,BOS,PHI,1,0.80421233,0.8102603
0022400901,2025-03-06,2024-25,BKN,GSW,0,0.3397756,0.33568785
0022400902,2025-03-06,2024-25,NOP,HOU,0,0.29633296,0.2913958
0022400903,2025-03-06,2024-25,LAL,NYK,1,0.43830472,0.43662536
0022400944,2025-03-06,2024-25,ORL,CHI,0,0.69917256,0.7040301
0022400904,2025-03-07,2024-25,CHA,CLE,0,0.11698057,0.1113574
0022400905,2025-03-07,2024-25,TOR,UTA,1,0.42894492,0.42701757
0022400906,2025-03-07,2024-25,DAL,MEM,0,0.3412171,0.33716032
0022400907,2025-03-07,2024-25,MIA,MIN,0,0.38585073,0.38282505
0022400908,2025-03-07,2024-25,OKC,POR,1,0.75438744,0.7600627
0022400909,2025-03-07,2024-25,DEN,PHX,1,0.7740216,0.77989113
0022400910,2025-03-07,2024-25,SAC,SAS,1,0.5022466,0.50230837
0022400911,2025-03-07,2024-25,LAC,NYK,1,0.5221408,0.5227491
0022400912,2025-03-08,2024-25,CHA,BKN,1,0.20535558,0.19934717
0022400913,2025-03-08,2024-25,HOU,NOP,1,0.73287016,0.7382707
0022400914,2025-03-08,2024-25,ATL,IND,1,0.5134532,0.5138231
0022400915,2025-03-08,2024-25,TOR,WAS,0,0.56845975,0.57031864
0022400916,2025-03-08,2024-25,MIA,CHI,0,0.6904938,0.69519186
0022400917,2025-03-08,2024-25,MIL,ORL,0,0.7354649,0.74090165
0022400918,2025-03-08,2024-25,BOS,LAL,1,0.73961645,0.7451096
0022400919,2025-03-08,2024-25,GSW,DET,1,0.4495898,0.44821274
0022400920,2025-03-09,2024-25,OKC,DEN,1,0.66034526,0.66443557
0022400921,2025-03-09,2024-25,DAL,PHX,0,0.362685,0.35910782
0022400922,2025-03-09,2024-25,MIL,CLE,0,0.3330893,0.32886
0022400923,2025-03-09,2024-25,NOP,MEM,0,0.20827308,0.20228
0022400924,2025-03-09,2024-25,PHI,UTA,1,0.6333921,0.6368782
0022400925,2025-03-09,2024-25,MIN,SAS,1,0.673196,0.677555
0022400926,2025-03-09,2024-25,POR,DET,0,0.32175878,0.3172981
0022400927,2025-03-09,2024-25,LAC,SAC,1,0.6320875,0.6355431
0022400928,2025-03-10,2024-25,ATL,PHI,1,0.845874,0.8518824
0022400929,2025-03-10,2024-25,BOS,UTA,1,0.882691,0.8883193
0022400930,2025-03-10,2024-25,BKN,LAL,1,0.26416412,0.25872216
0022400931,2025-03-10,2024-25,MIA,CHA,0,0.7850829,0.79103565
0022400932,2025-03-10,2024-25,TOR,WAS,1,0.7141576,0.7192722
0022400933,2025-03-10,2024-25,CHI,IND,1,0.42924684,0.42732745
0022400934,2025-03-10,2024-25,HOU,ORL,1,0.6028384,0.6055839
0022400935,2025-03-10,2024-25,MEM,PHX,1,0.412856,0.41050935
0022400936,2025-03-10,2024-25,OKC,DEN,0,0.52438265,0.52505237
0022400937,2025-03-10,2024-25,SAS,DAL,0,0.6822435,0.68678325
0022400938,2025-03-10,2024-25,GSW,POR,1,0.79487795,0.8008876
0022400939,2025-03-10,2024-25,SAC,NYK,0,0.3964366,0.39367288
0022400940,2025-03-11,2024-25,CLE,BKN,1,0.8816475,0.88729185
0022400941,2025-03-11,2024-25,DET,WAS,1,0.8740136,0.8797654
0022400942,2025-03-11,2024-25,IND,MIL,1,0.43561372,0.43386275
0022400943,2025-03-11,2024-25,NOP,LAC,1,0.21303345,0.20706847
0022400945,2025-03-12,2024-25,ATL,CHA,1,0.7868446,0.79280883
0022400946,2025-03-12,2024-25,BOS,OKC,0,0.5813681,0.58356535
0022400947,2025-03-12,2024-25,TOR,PHI,1,0.41258562,0.410232
0022400948,2025-03-12,2024-25,MIA,LAC,0,0.5193025,0.519833
0022400949,2025-03-12,2024-25,HOU,PHX,1,0.6054745,0.6082859
0022400950,2025-03-12,2024-25,MEM,UTA,1,0.7443707,0.7499257
0022400951,2025-03-12,2024-25,SAS,DAL,1,0.6785881,0.68305564
0022400952,2025-03-12,2024-25,DEN,MIN,0,0.58917505,0.5915739
0022400953,2025-03-12,2024-25,POR,NYK,0,0.22532739,0.21945244
0022400954,2025-03-13,2024-25,DET,WAS,0,0.8504716,0.856452
0022400955,2025-03-13,2024-25,MIL,LAL,1,0.49920353,0.49918166
0022400956,2025-03-13,2024-25,CHI,BKN,1,0.5491482,0.5504913
0022400957,2025-03-13,2024-25,GSW,SAC,1,0.5667543,0.568568
0022401141,2025-03-13,2024-25,NOP,ORL,0,0.34977314,0.34590352
0022400958,2025-03-14,2024-25,MIA,BOS,0,0.26590934,0.26049164
0022400959,2025-03-14,2024-25,PHI,IND,0,0.14138053,0.13546261
0022400960,2025-03-14,2024-25,ATL,LAC,0,0.43707758,0.43536553
0022400961,2025-03-14,2024-25,HOU,DAL,1,0.7453751,0.75094277
0022400962,2025-03-14,2024-25,MEM,CLE,0,0.36592436,0.36242232
0022400963,2025-03-14,2024-25,MIN,ORL,1,0.84930193,0.8552899
0022400964,2025-03-14,2024-25,SAS,CHA,0,0.70665926,0.7116483
0022400965,2025-03-14,2024-25,DEN,LAL,1,0.90978146,0.91486573
0022400966,2025-03-14,2024-25,UTA,TOR,0,0.44418055,0.4426582
0022400967,2025-03-14,2024-25,PHX,SAC,1,0.49379656,0.49362594
0022400968,2025-03-15,2024-25,BKN,BOS,0,0.17415756,0.16808444
0022400969,2025-03-15,2024-25,DET,OKC,0,0.38484693,0.38179666
0022400970,2025-03-15,2024-25,HOU,CHI,1,0.7530761,0.75873643
0022400971,2025-03-15,2024-25,MEM,MIA,1,0.5112349,0.51154387
0022400972,2025-03-15,2024-25,MIL,IND,1,0.6122799,0.6152597
0022400973,2025-03-15,2024-25,SAS,NOP,1,0.7253908,0.730682
0022400974,2025-03-15,2024-25,GSW,NYK,1,0.3822787,0.37916595
0022400975,2025-03-15,2024-25,DEN,WAS,0,0.8939861,0.89941835
0022400538,2025-03-16,2024-25,LAC,CHA,1,0.82104605,0.82712173
0022400976,2025-03-16,2024-25,DAL,PHI,0,0.8188483,0.82492346
0022400977,2025-03-16,2024-25,LAL,PHX,1,0.64081067,0.6444682
0022400978,2025-03-16,2024-25,BKN,ATL,1,0.2363145,0.23054014
0022400979,2025-03-16,2024-25,CLE,ORL,0,0.7658107,0.771606
0022400980,2025-03-16,2024-25,POR,TOR,1,0.68066525,0.685174
0022400981,2025-03-16,2024-25,MIN,UTA,1,0.83595127,0.842003
0022400982,2025-03-16,2024-25,MIL,OKC,0,0.3593241,0.3556697
0022400537,2025-03-17,2024-25,LAL,SAS,1,0.6159844,0.6190549
0022400984,2025-03-17,2024-25,NYK,MIA,1,0.65988225,0.66396266
0022400985,2025-03-17,2024-25,HOU,PHI,1,0.9160046,0.9209258
0022400986,2025-03-17,2024-25,MIN,IND,0,0.82632494,0.8323976
0022400987,2025-03-17,2024-25,NOP,DET,0,0.25319305,0.24760757
0022400989,2025-03-17,2024-25,UTA,CHI,0,0.29981288,0.2949372
0022400990,2025-03-17,2024-25,GSW,DEN,0,0.6731864,0.67754513
0022400991,2025-03-17,2024-25,PHX,TOR,1,0.7924586,0.79845566
0022400992,2025-03-17,2024-25,SAC,MEM,1,0.66478276,0.6689674
0022400995,2025-03-17,2024-25,POR,WAS,1,0.66481954,0.6690049
0022400993,2025-03-18,2024-25,CHA,ATL,0,0.18582194,0.1797509
0022400994,2025-03-18,2024-25,BOS,BKN,1,0.8350089,0.84106356
0022400997,2025-03-18,2024-25,LAC,CLE,1,0.49543926,0.49531382
0022401012,2025-03-18,2024-25,GSW,MIL,1,0.2819684,0.27679121
0022400627,2025-03-19,2024-25,UTA,WAS,1,0.7415788,0.7470978
0022400998,2025-03-19,2024-25,IND,DAL,1,0.7031738,0.70810235
0022400999,2025-03-19,2024-25,ORL,HOU,0,0.36451596,0.36098114
0022401000,2025-03-19,2024-25,MIA,DET,0,0.41911253,0.41692784
0022401001,2025-03-19,2024-25,MIN,NOP,0,0.8553684,0.8613133
0022401002,2025-03-19,2024-25,OKC,PHI,1,0.8054146,0.81146634
0022401003,2025-03-19,2024-25,SAS,NYK,1,0.3576432,0.3539504
0022401006,2025-03-19,2024-25,LAL,DEN,1,0.6444249,0.6481646
0022401007,2025-03-19,2024-25,PHX,CHI,1,0.6485187,0.65235025
0022401008,2025-03-19,2024-25,POR,MEM,1,0.29500708,0.29004684
0022401009,2025-03-19,2024-25,SAC,CLE,1,0.37446493,0.37116414
0022400996,2025-03-20,2024-25,LAL,MIL,0,0.18747342,0.18140487
0022401005,2025-03-20,2024-25,GSW,TOR,1,0.83635265,0.8424031
0022401010,2025-03-20,2024-25,CHA,NYK,1,0.20619194,0.20018774
0022401011,2025-03-20,2024-25,IND,BKN,1,0.7493431,0.75495946
0022401013,2025-03-20,2024-25,SAC,CHI,0,0.76213306,0.76789176
0022401014,2025-03-21,2024-25,WAS,ORL,0,0.21272673,0.20675981
0022401015,2025-03-21,2024-25,MIA,HOU,0,0.31737834,0.31283122
0022401016,2025-03-21,2024-25,MIN,NOP,1,0.8740291,0.8797807
0022401017,2025-03-21,2024-25,OKC,CHA,1,0.901612,0.9068876
0022401018,2025-03-21,2024-25,SAS,PHI,1,0.8268611,0.83293307
0022401019,2025-03-21,2024-25,DAL,DET,1,0.3105173,0.30583832
0022401020,2025-03-21,2024-25,UTA,BOS,0,0.16273667,0.15668938
0022401021,2025-03-21,2024-25,PHX,CLE,1,0.3150824,0.31049067
0022401022,2025-03-21,2024-25,POR,DEN,1,0.3278588,0.32352135
0022401023,2025-03-21,2024-25,LAC,MEM,1,0.6775957,0.68204343
0022401024,2025-03-22,2024-25,IND,BKN,1,0.8285625,0.83463204
0022401025,2025-03-22,2024-25,ATL,GSW,1,0.51432884,0.5147228
0022401026,2025-03-22,2024-25,NYK,WAS,1,0.927488,0.9320649
0022401027,2025-03-22,2024-25,SAC,MIL,0,0.46767506,0.46678832
0022401028,2025-03-22,2024-25,LAL,CHI,0,0.69427043,0.6990388
0022401029,2025-03-23,2024-25,DET,NOP,1,0.85954314,0.8654529
0022401030,2025-03-23,2024-25,UTA,CLE,0,0.13678862,0.13091348
0022401031,2025-03-23,2024-25,ATL,PHI,1,0.8239217,0.82999635
0022401032,2025-03-23,2024-25,MIA,CHA,1,0.7815981,0.7875268
0022401033,2025-03-23,2024-25,TOR,SAS,0,0.2802354,0.27503082
0022401034,2025-03-23,2024-25,POR,BOS,0,0.21924876,0.2133262
0022401035,2025-03-23,2024-25,HOU,DEN,0,0.6433316,0.64704645
0022401036,2025-03-23,2024-25,LAC,OKC,0,0.41646802,0.4142147
0022401037,2025-03-24,2024-25,IND,MIN,1,0.48891214,0.48860723
0022401038,2025-03-24,2024-25,ORL,LAL,1,0.41561615,0.41334075
0022401039,2025-03-24,2024-25,WAS,TOR,0,0.4621178,0.46107975
0022401040,2025-03-24,2024-25,BKN,DAL,0,0.29753816,0.29262218
0022401041,2025-03-24,2024-25,NOP,PHI,1,0.5419845,0.54313385
0022401042,2025-03-24,2024-25,DEN,CHI,0,0.5291576,0.5299579
0022401043,2025-03-24,2024-25,PHX,MIL,1,0.42163372,0.41951463
0022401044,2025-03-24,2024-25,SAC,BOS,0,0.44148746,0.43989298
0022401045,2025-03-25,2024-25,CHA,ORL,0,0.27230772,0.26698217
0022401046,2025-03-25,2024-25,DET,SAS,1,0.6398559,0.6434915
0022401047,2025-03-25,2024-25,MIA,GSW,1,0.48878214,0.4884736
0022401048,2025-03-25,2024-25,NYK,DAL,1,0.8176293,0.8237038
0022401049,2025-03-25,2024-25,HOU,ATL,1,0.6951735,0.69995844
0022401050,2025-03-25,2024-25,UTA,MEM,0,0.18275094,0.17667668
0022401051,2025-03-25,2024-25,POR,CLE,0,0.23493469,0.2291467
0022401052,2025-03-25,2024-25,SAC,OKC,0,0.3135808,0.30896017
0022401053,2025-03-26,2024-25,PHI,WAS,0,0.6051888,0.60799307
0022401054,2025-03-26,2024-25,BKN,TOR,0,0.634236,0.6377418
0022401055,2025-03-26,2024-25,IND,LAL,0,0.4863952,0.48602113
0022401056,2025-03-26,2024-25,NYK,LAC,0,0.42277277,0.42068344
0022401057,2025-03-26,2024-25,DEN,MIL,1,0.7826817,0.7886181
0022401058,2025-03-26,2024-25,PHX,BOS,0,0.32180429,0.31734452
0022401059,2025-03-27,2024-25,CLE,SAS,1,0.8129019,0.8189711
0022401060,2025-03-27,2024-25,ORL,DAL,0,0.65231687,0.6562327
0022401061,2025-03-27,2024-25,WAS,IND,0,0.12385958,0.11813597
0022401062,2025-03-27,2024-25,MIA,ATL,1,0.456672,0.45548624
0022401063,2025-03-27,2024-25,CHI,LAL,1,0.4137809,0.41145808
0022401064,2025-03-27,2024-25,OKC,MEM,1,0.72992414,0.73528236
0022401065,2025-03-27,2024-25,UTA,HOU,0,0.14564027,0.13968758
0022401066,2025-03-27,2024-25,SAC,POR,1,0.7591611,0.76488876
0022401067,2025-03-28,2024-25,DET,CLE,1,0.32926714,0.32495856
0022401068,2025-03-28,2024-25,BKN,LAC,0,0.13963945,0.13373712
0022401069,2025-03-28,2024-25,TOR,CHA,1,0.6052742,0.6080806
0022401070,2025-03-28,2024-25,MIL,NYK,0,0.4592443,0.4581282
0022401071,2025-03-28,2024-25,MIN,PHX,1,0.76296675,0.7687338
0022401072,2025-03-28,2024-25,NOP,GSW,0,0.14911716,0.1431395
0022401073,2025-03-28,2024-25,DEN,UTA,1,0.9136697,0.9186539
0022401074,2025-03-29,2024-25,ORL,SAC,1,0.46844262,0.46757683
0022401075,2025-03-29,2024-25,WAS,BKN,0,0.42506865,0.42303944
0022401076,2025-03-29,2024-25,PHI,MIA,0,0.19555213,0.18950342
0022401077,2025-03-29,2024-25,CHI,DAL,0,0.5926594,0.59514743
0022401078,2025-03-29,2024-25,MEM,LAL,0,0.46018815,0.45909774
0022401079,2025-03-29,2024-25,OKC,IND,1,0.7228026,0.72805434
0022401080,2025-03-29,2024-25,SAS,BOS,0,0.21596359,0.21001782
0022401081,2025-03-30,2024-25,CLE,LAC,1,0.652364,0.6562808
0022401082,2025-03-30,2024-25,NYK,POR,1,0.7847544,0.790705
0022401083,2025-03-30,2024-25,MIL,ATL,0,0.47533363,0.47465616
0022401084,2025-03-30,2024-25,MIN,DET,1,0.7442616,0.7498152
0022401085,2025-03-30,2024-25,NOP,CHA,1,0.46304145,0.4620285
0022401086,2025-03-30,2024-25,SAS,GSW,0,0.31225833,0.3076124
0022401087,2025-03-30,2024-25,PHI,TOR,0,0.16479994,0.15874587
0022401088,2025-03-30,2024-25,PHX,HOU,0,0.3664994,0.36301076
0022401089,2025-03-31,2024-25,CHA,UTA,1,0.5660094,0.56780344
0022401090,2025-03-31,2024-25,IND,SAC,1,0.453998,0.45273983
0022401091,2025-03-31,2024-25,ORL,LAC,0,0.42069855,0.41855508
0022401092,2025-03-31,2024-25,WAS,MIA,0,0.17241204,0.16634104
0022401093,2025-03-31,2024-25,MEM,BOS,0,0.3150564,0.31046414
0022401094,2025-03-31,2024-25,OKC,CHI,1,0.77885985,0.7847682
0022401095,2025-03-31,2024-25,DAL,BKN,0,0.8550997,0.8610466
0022401096,2025-03-31,2024-25,LAL,HOU,1,0.6240841,0.6273503
0022400988,2025-04-01,2024-25,SAS,ORL,0,0.43159118,0.4297337
0022401097,2025-04-01,2024-25,ATL,POR,0,0.6531184,0.65705186
0022401098,2025-04-01,2024-25,NYK,PHI,1,0.91127497,0.9163216
0022401099,2025-04-01,2024-25,CHI,TOR,1,0.7263371,0.73164254
0022401100,2025-04-01,2024-25,MEM,GSW,0,0.51936615,0.5198984
0022401101,2025-04-01,2024-25,MIL,PHX,1,0.7577209,0.76343316
0022401102,2025-04-01,2024-25,DEN,MIN,0,0.5897916,0.59220624
0022401103,2025-04-02,2024-25,CLE,NYK,1,0.6137376,0.6167533
0022401104,2025-04-02,2024-25,IND,CHA,1,0.86960995,0.875416
0022401105,2025-04-02,2024-25,WAS,SAC,1,0.0996622,0.09435896
0022401106,2025-04-02,2024-25,BOS,MIA,0,0.77785486,0.7837554
0022401107,2025-04-02,2024-25,HOU,UTA,1,0.84925395,0.85524225
0022401108,2025-04-02,2024-25,OKC,DET,1,0.69500595,0.69978786
0022401109,2025-04-02,2024-25,DAL,ATL,1,0.60244364,0.6051792
0022401110,2025-04-02,2024-25,DEN,SAS,0,0.22868145,0.22283523
0022401111,2025-04-02,2024-25,LAC,NOP,1,0.90746605,0.9126072
0022401112,2025-04-03,2024-25,WAS,ORL,0,0.08792195,0.082895994
0022401113,2025-04-03,2024-25,BKN,MIN,0,0.10909996,0.10360997
0022401114,2025-04-03,2024-25,MIA,MEM,0,0.30810738,0.30338314
0022401115,2025-04-03,2024-25,PHI,MIL,0,0.16266778,0.15662074
0022401116,2025-04-03,2024-25,TOR,POR,0,0.34420073,0.34020862
0022401117,2025-04-03,2024-25,LAL,GSW,0,0.6592053,0.6632712
0022401118,2025-04-04,2024-25,CHA,SAC,0,0.16167948,0.15563604
0022401119,2025-04-04,2024-25,IND,UTA,1,0.8758208,0.88154876
0022401120,2025-04-04,2024-25,BOS,PHX,1,0.83881223,0.84485376
0022401121,2025-04-04,2024-25,TOR,DET,0,0.18325993,0.1771861
0022401122,2025-04-04,2024-25,CHI,POR,1,0.731203,0.7365798
0022401123,2025-04-04,2024-25,HOU,OKC,1,0.3836001,0.3805194
0022401124,2025-04-04,2024-25,SAS,CLE,0,0.19845876,0.19242017
0022401125,2025-04-04,2024-25,GSW,DEN,1,0.36261788,0.35903913
0022401126,2025-04-04,2024-25,LAL,NOP,1,0.9062182,0.91138905
0022401127,2025-04-04,2024-25,LAC,DAL,1,0.72541356,0.7307052
0022401128,2025-04-05,2024-25,ATL,NYK,0,0.27741864,0.27217022
0022401129,2025-04-05,2024-25,DET,MEM,0,0.46596906,0.4650358
0022401130,2025-04-05,2024-25,PHI,MIN,0,0.08940516,0.08434124
0022401131,2025-04-05,2024-25,MIA,MIL,0,0.41187838,0.4095066
0022401132,2025-04-05,2024-25,LAC,DAL,1,0.6853704,0.68997085
0022400617,2025-04-06,2024-25,NOP,MIL,0,0.16002004,0.15398316
0022401133,2025-04-06,2024-25,CHA,CHI,0,0.19321539,0.18715967
0022401134,2025-04-06,2024-25,BKN,TOR,0,0.3208918,0.31641385
0022401135,2025-04-06,2024-25,OKC,LAL,0,0.6920916,0.6968195
0022401136,2025-04-06,2024-25,ATL,UTA,1,0.8452479,0.85125965
0022401137,2025-04-06,2024-25,BOS,WAS,1,0.9207024,0.9254898
0022401138,2025-04-06,2024-25,CLE,SAC,0,0.727234,0.73255277
0022401139,2025-04-06,2024-25,POR,SAS,1,0.4313403,0.4294762
0022401140,2025-04-06,2024-25,NYK,PHX,1,0.8126965,0.81876534
0022401142,2025-04-06,2024-25,DEN,IND,0,0.6579465,0.6619852
0022401143,2025-04-06,2024-25,GSW,HOU,0,0.47355637,0.47283024
0022401144,2025-04-07,2024-25,DET,SAC,0,0.55347884,0.5549385
0022401145,2025-04-07,2024-25,MIA,PHI,1,0.8769915,0.8827034
0022401146,2025-04-08,2024-25,CHA,MEM,0,0.16717605,0.16111532
0022401147,2025-04-08,2024-25,CLE,CHI,1,0.85600346,0.8619433
0022401148,2025-04-08,2024-25,IND,WAS,1,0.92042875,0.9252242
0022401149,2025-04-08,2024-25,ORL,ATL,1,0.62697566,0.6303107
0022401150,2025-04-08,2024-25,BKN,NOP,1,0.4725845,0.47183174
0022401151,2025-04-08,2024-25,NYK,BOS,0,0.42144856,0.41932464
0022401152,2025-04-08,2024-25,MIL,MIN,1,0.44914156,0.44775245
0022401153,2025-04-08,2024-25,OKC,LAL,1,0.6538346,0.6577838
0022401154,2025-04-08,2024-25,PHX,GSW,0,0.34946504,0.34558862
0022401155,2025-04-08,2024-25,LAC,SAS,1,0.78322846,0.78916866
0022401156,2025-04-09,2024-25,ORL,BOS,1,0.74651116,0.752093
0022401157,2025-04-09,2024-25,WAS,PHI,0,0.35244417,0.34863406
0022401158,2025-04-09,2024-25,TOR,CHA,1,0.88166493,0.887309
0022401159,2025-04-09,2024-25,DAL,LAL,0,0.5351172,0.53608006
0022401160,2025-04-09,2024-25,CHI,MIA,1,0.40053314,0.39787233
0022401162,2025-04-09,2024-25,UTA,POR,1,0.3249666,0.32057032
0022401163,2025-04-09,2024-25,GSW,SAS,0,0.7806919,0.786614
0022401164,2025-04-09,2024-25,PHX,OKC,0,0.3144554,0.30985156
0022401165,2025-04-09,2024-25,SAC,DEN,0,0.43548164,0.43372717
0022401166,2025-04-09,2024-25,LAC,HOU,1,0.8284088,0.8344786
0022401161,2025-04-10,2024-25,MIL,NOP,1,0.92610776,0.93072915
0022401167,2025-04-10,2024-25,DET,NYK,1,0.52418077,0.52484494
0022401168,2025-04-10,2024-25,IND,CLE,1,0.65880555,0.66286284
0022401169,2025-04-10,2024-25,BKN,ATL,0,0.1654928,0.15943667
0022401170,2025-04-10,2024-25,MEM,MIN,0,0.35423115,0.35046118
0022401171,2025-04-11,2024-25,DET,MIL,0,0.48326668,0.48280668
0022401172,2025-04-11,2024-25,IND,ORL,0,0.43681663,0.43509766
0022401173,2025-04-11,2024-25,PHI,ATL,0,0.12639669,0.1206396
0022401174,2025-04-11,2024-25,BOS,CHA,1,0.932538,0.936944
0022401175,2025-04-11,2024-25,NYK,CLE,0,0.45969892,0.45859516
0022401176,2025-04-11,2024-25,CHI,WAS,1,0.8867475,0.8923102
0022401177,2025-04-11,2024-25,NOP,MIA,0,0.09145557,0.08634063
0022401178,2025-04-11,2024-25,DAL,TOR,1,0.75711685,0.7628225
0022401179,2025-04-11,2024-25,MIN,BKN,1,0.94477427,0.94871145
0022401180,2025-04-11,2024-25,DEN,MEM,1,0.72278434,0.7280358
0022401181,2025-04-11,2024-25,UTA,OKC,0,0.27232262,0.26699728
0022401182,2025-04-11,2024-25,PHX,SAS,1,0.60097,0.60366863
0022401183,2025-04-11,2024-25,POR,GSW,0,0.2365635,0.23079163
0022401184,2025-04-11,2024-25,SAC,LAC,0,0.5055948,0.5057487
0022401185,2025-04-11,2024-25,LAL,HOU,1,0.8668902,0.872727
0022401186,2025-04-13,2024-25,ATL,ORL,1,0.24453552,0.23884812
0022401187,2025-04-13,2024-25,BOS,CHA,1,0.8790839,0.8847664
0022401188,2025-04-13,2024-25,BKN,NYK,0,0.19092959,0.18486801
0022401189,2025-04-13,2024-25,CLE,IND,0,0.25353986,0.24795869
0022401190,2025-04-13,2024-25,MIA,WAS,0,0.90599424,0.91117036
0022401191,2025-04-13,2024-25,PHI,CHI,0,0.17214651,0.1660759
0022401192,2025-04-13,2024-25,MIL,DET,1,0.22830588,0.22245637
0022401193,2025-04-13,2024-25,HOU,DEN,0,0.3516726,0.34784523
0022401194,2025-04-13,2024-25,MEM,DAL,1,0.238425,0.23267204
0022401195,2025-04-13,2024-25,MIN,UTA,1,0.9221974,0.92694014
0022401196,2025-04-13,2024-25,NOP,OKC,0,0.13977928,0.13387567
0022401197,2025-04-13,2024-25,SAS,TOR,1,0.75683486,0.7625374
0022401198,2025-04-13,2024-25,GSW,LAC,0,0.44772816,0.44630098
0022401199,2025-04-13,2024-25,POR,LAL,1,0.8121884,0.81825626
0022401200,2025-04-13,2024-25,SAC,PHX,1,0.8077692,0.8138276
0022500001,2025-10-21,2025-26,OKC,HOU,1,0.5841277,0.5863965
0022500002,2025-10-21,2025-26,LAL,GSW,0,0.5055524,0.5057052
0022500003,2025-10-22,2025-26,NYK,CLE,1,0.6156605,0.61872315
0022500004,2025-10-22,2025-26,DAL,SAS,0,0.55596113,0.55748725
0022500080,2025-10-22,2025-26,CHA,BKN,1,0.47518116,0.4744995
0022500081,2025-10-22,2025-26,ORL,MIA,1,0.5639758,0.56571585
0022500082,2025-10-22,2025-26,ATL,TOR,0,0.61337227,0.61637896
0022500083,2025-10-22,2025-26,BOS,PHI,0,0.73446643,0.73988944
0022500084,2025-10-22,2025-26,CHI,DET,1,0.6150121,0.618059
0022500085,2025-10-22,2025-26,MEM,NOP,1,0.63928926,0.6429119
0022500086,2025-10-22,2025-26,MIL,WAS,1,0.84073436,0.8467681
0022500087,2025-10-22,2025-26,UTA,LAC,1,0.20168135,0.19565581
0022500088,2025-10-22,2025-26,PHX,SAC,1,0.3824624,0.37935406
0022500089,2025-10-22,2025-26,POR,MIN,0,0.49554583,0.4954233
0022500005,2025-10-23,2025-26,IND,OKC,0,0.21735269,0.21141651
0022500006,2025-10-23,2025-26,GSW,DEN,1,0.7458986,0.75147283
0022500018,2025-10-24,2025-26,NYK,BOS,1,0.7092834,0.714317
0022500019,2025-10-24,2025-26,LAL,MIN,1,0.5190633,0.5195872
0022500090,2025-10-24,2025-26,ORL,ATL,0,0.7220138,0.72725344
0022500091,2025-10-24,2025-26,BKN,CLE,0,0.31881124,0.31429222
0022500092,2025-10-24,2025-26,TOR,MIL,0,0.44726762,0.44582805
0022500093,2025-10-24,2025-26,HOU,DET,0,0.68889284,0.6935606
0022500094,2025-10-24,2025-26,MEM,MIA,0,0.47744253,0.4768228
0022500095,2025-10-24,2025-26,NOP,SAS,0,0.3250862,0.3206923
0022500096,2025-10-24,2025-26,DAL,WAS,0,0.43422478,0.43243697
0022500097,2025-10-24,2025-26,POR,GSW,1,0.47000876,0.46918565
0022500098,2025-10-24,2025-26,SAC,UTA,1,0.60018235,0.60286117
0022500099,2025-10-24,2025-26,LAC,PHX,1,0.5627509,0.5644583
0022500100,2025-10-25,2025-26,ORL,CHI,0,0.29644945,0.29151437
0022500101,2025-10-25,2025-26,ATL,OKC,0,0.27676737,0.27150896
0022500102,2025-10-25,2025-26,PHI,CHA,1,0.5234142,0.5240574
0022500103,2025-10-25,2025-26,MEM,IND,1,0.345515,0.34155157
0022500104,2025-10-25,2025-26,DEN,PHX,1,0.76416874,0.7699478
0022500105,2025-10-26,2025-26,SAS,BKN,1,0.7780644,0.7839666
0022500106,2025-10-26,2025-26,DET,BOS,1,0.6061011,0.60892814
0022500107,2025-10-26,2025-26,CLE,MIL,1,0.5272109,0.527958
0022500108,2025-10-26,2025-26,MIA,NYK,1,0.5130459,0.5134046
0022500109,2025-10-26,2025-26,WAS,CHA,0,0.50033987,0.5003492
0022500110,2025-10-26,2025-26,MIN,IND,1,0.7417237,0.7472446
0022500111,2025-10-26,2025-26,DAL,TOR,1,0.25287706,0.24728766
0022500112,2025-10-26,2025-26,LAC,POR,1,0.5554179,0.55692947
0022500113,2025-10-26,2025-26,SAC,LAL,0,0.46196002,0.46091765
0022500007,2025-10-27,2025-26,DET,CLE,0,0.39103696,0.38813892
0022500008,2025-10-27,2025-26,MIN,DEN,0,0.32603335,0.32165867
0022500114,2025-10-27,2025-26,PHI,ORL,1,0.48494175,0.4845277
0022500115,2025-10-27,2025-26,CHI,ATL,1,0.729973,0.73533195
0022500116,2025-10-27,2025-26,HOU,BKN,1,0.8187006,0.8247757
0022500117,2025-10-27,2025-26,NOP,BOS,0,0.34434438,0.34035543
0022500118,2025-10-27,2025-26,SAS,TOR,1,0.6768948,0.68132854
0022500119,2025-10-27,2025-26,DAL,OKC,0,0.21829475,0.21236527
0022500120,2025-10-27,2025-26,UTA,PHX,1,0.6990658,0.7039214
0022500121,2025-10-27,2025-26,GSW,MEM,1,0.67269784,0.67704666
0022500122,2025-10-27,2025-26,LAL,POR,0,0.51089716,0.51119685
0022500123,2025-10-28,2025-26,WAS,PHI,0,0.3615694,0.35796648
0022500124,2025-10-28,2025-26,MIA,CHA,1,0.5859386,0.5882541
0022500125,2025-10-28,2025-26,MIL,NYK,1,0.6625731,0.666711
0022500126,2025-10-28,2025-26,OKC,SAC,1,0.5638942,0.56563205
0022500127,2025-10-28,2025-26,GSW,LAC,1,0.4569281,0.45574924
0022500128,2025-10-29,2025-26,BOS,CLE,1,0.486163,0.48578244
0022500129,2025-10-29,2025-26,DET,ORL,1,0.55398095,0.555454
0022500130,2025-10-29,2025-26,BKN,ATL,0,0.35932827,0.35567394
0022500131,2025-10-29,2025-26,TOR,HOU,0,0.32269737,0.31825545
0022500132,2025-10-29,2025-26,CHI,SAC,1,0.7704591,0.7762976
0022500133,2025-10-29,2025-26,DAL,IND,1,0.5086582,0.5088963
0022500134,2025-10-29,2025-26,DEN,NOP,1,0.79230314,0.79829943
0022500135,2025-10-29,2025-26,UTA,POR,0,0.38780177,0.3848239
0022500136,2025-10-29,2025-26,MIN,LAL,0,0.5745876,0.5766078
0022500137,2025-10-29,2025-26,PHX,MEM,0,0.45893392,0.4578094
0022500138,2025-10-30,2025-26,CHA,ORL,0,0.65391314,0.6578641
0022500139,2025-10-30,2025-26,MIL,GSW,1,0.47062695,0.46982074
0022500140,2025-10-30,2025-26,OKC,WAS,1,0.82998204,0.83604914
0022500141,2025-10-30,2025-26,SAS,MIA,1,0.6104018,0.61333543
0022500020,2025-10-31,2025-26,IND,ATL,0,0.5346514,0.5356015
0022500021,2025-10-31,2025-26,PHI,BOS,0,0.53456247,0.5355101
0022500022,2025-10-31,2025-26,CLE,TOR,0,0.5652097,0.5669825
0022500023,2025-10-31,2025-26,CHI,NYK,1,0.6734045,0.67776775
0022500024,2025-10-31,2025-26,MEM,LAL,0,0.31529632,0.31070873
0022500025,2025-10-31,2025-26,PHX,UTA,1,0.47304216,0.47230208
0022500026,2025-10-31,2025-26,POR,DEN,1,0.3567588,0.35304597
0022500027,2025-10-31,2025-26,LAC,NOP,1,0.82188976,0.82796526
0022500142,2025-11-01,2025-26,MIL,SAC,0,0.82852185,0.83459145
0022500143,2025-11-01,2025-26,CHA,MIN,0,0.45197362,0.45066082
0022500144,2025-11-01,2025-26,IND,GSW,1,0.19675751,0.19071282
0022500145,2025-11-01,2025-26,WAS,ORL,0,0.31084377,0.30617094
0022500146,2025-11-01,2025-26,BOS,HOU,0,0.33689854,0.33274946
0022500148,2025-11-02,2025-26,OKC,NOP,1,0.82971764,0.8357852
0022500149,2025-11-02,2025-26,BKN,PHI,0,0.44734222,0.44590464
0022500150,2025-11-02,2025-26,CHA,UTA,1,0.2980534,0.29314646
0022500151,2025-11-02,2025-26,CLE,ATL,1,0.54758155,0.5488823
0022500152,2025-11-02,2025-26,TOR,MEM,1,0.5671033,0.56892633
0022500153,2025-11-02,2025-26,NYK,CHI,1,0.41612554,0.41386327
0022500154,2025-11-02,2025-26,PHX,SAS,1,0.3325909,0.3283512
0022500155,2025-11-02,2025-26,LAL,MIA,1,0.63264114,0.6361097
0022500156,2025-11-03,2025-26,BKN,MIN,0,0.19300553,0.18694924
0022500157,2025-11-03,2025-26,IND,MIL,0,0.21729732,0.21136077
0022500158,2025-11-03,2025-26,BOS,UTA,0,0.71069413,0.7157515
0022500159,2025-11-03,2025-26,NYK,WAS,1,0.80584735,0.8119004
0022500160,2025-11-03,2025-26,HOU,DAL,1,0.81284016,0.8189092
0022500161,2025-11-03,2025-26,MEM,DET,0,0.31453246,0.30993015
0022500162,2025-11-03,2025-26,DEN,SAC,1,0.779492,0.7854053
0022500163,2025-11-03,2025-26,POR,LAL,0,0.77254456,0.7784015
0022500164,2025-11-03,2025-26,LAC,MIA,0,0.66193277,0.6660571
0022500165,2025-11-04,2025-26,TOR,MIL,1,0.38000357,0.37683567
0022500166,2025-11-04,2025-26,ATL,ORL,1,0.4935341,0.49335623
0022500167,2025-11-04,2025-26,CHI,PHI,1,0.66560614,0.6698081
0022500168,2025-11-04,2025-26,NOP,CHA,1,0.42798716,0.42603457
0022500169,2025-11-04,2025-26,GSW,PHX,1,0.6708484,0.67515934
0022500170,2025-11-04,2025-26,LAC,OKC,0,0.35315654,0.34936243
0022500171,2025-11-05,2025-26,CLE,PHI,1,0.6389239,0.64253813
0022500172,2025-11-05,2025-26,DET,UTA,1,0.74371576,0.74926245
0022500173,2025-11-05,2025-26,IND,BKN,0,0.53411764,0.53505325
0022500174,2025-11-05,2025-26,BOS,WAS,1,0.7942752,0.80028176
0022500175,2025-11-05,2025-26,NYK,MIN,1,0.48353925,0.48308674
0022500176,2025-11-05,2025-26,MEM,HOU,0,0.26481038,0.25937736
0022500177,2025-11-05,2025-26,DAL,NOP,0,0.70830625,0.71332335
0022500178,2025-11-05,2025-26,DEN,MIA,1,0.6992819,0.7041414
0022500179,2025-11-05,2025-26,LAL,SAS,1,0.5137406,0.51411843
0022500180,2025-11-05,2025-26,POR,OKC,1,0.5180648,0.5185613
0022500181,2025-11-05,2025-26,SAC,GSW,1,0.5188865,0.5194056
0022500182,2025-11-06,2025-26,PHX,LAC,1,0.56002355,0.5616583
0022500028,2025-11-07,2025-26,ORL,BOS,1,0.5239142,0.5245711
0022500029,2025-11-07,2025-26,WAS,CLE,0,0.20461302,0.19860095
0022500030,2025-11-07,2025-26,ATL,TOR,0,0.5710374,0.57296425
0022500031,2025-11-07,2025-26,BKN,DET,0,0.27750036,0.27225322
0022500032,2025-11-07,2025-26,SAS,HOU,1,0.49372774,0.4935552
0022500033,2025-11-07,2025-26,MIA,CHA,1,0.77979225,0.78570765
0022500034,2025-11-07,2025-26,MEM,DAL,1,0.585318,0.5876176
0022500035,2025-11-07,2025-26,MIL,CHI,1,0.5293077,0.5301121
0022500036,2025-11-07,2025-26,MIN,UTA,1,0.73728937,0.74275124
0022500037,2025-11-07,2025-26,DEN,GSW,1,0.6082467,0.611127
0022500038,2025-11-07,2025-26,SAC,OKC,0,0.2833894,0.27823493
0022500183,2025-11-08,2025-26,WAS,DAL,0,0.4138995,0.41157976
0022500184,2025-11-08,2025-26,PHI,TOR,1,0.6613943,0.6655071
0022500185,2025-11-08,2025-26,ATL,LAL,1,0.27086374,0.26551694
0022500186,2025-11-08,2025-26,CLE,CHI,1,0.51198035,0.51230985
0022500187,2025-11-08,2025-26,MIA,POR,1,0.44255254,0.4409865
0022500188,2025-11-08,2025-26,SAS,NOP,1,0.8024706,0.80851257
0022500189,2025-11-08,2025-26,DEN,IND,1,0.71121454,0.71628064
0022500190,2025-11-08,2025-26,LAC,PHX,0,0.5121669,0.51250154
0022500191,2025-11-09,2025-26,MIL,HOU,0,0.5542568,0.55573726
0022500192,2025-11-09,2025-26,NYK,BKN,1,0.8182017,0.82427657
0022500193,2025-11-09,2025-26,ORL,BOS,0,0.5359114,0.5368959
0022500194,2025-11-09,2025-26,MEM,OKC,0,0.27648687,0.27122414
0022500195,2025-11-09,2025-26,PHI,DET,0,0.35118476,0.34734654
0022500196,2025-11-09,2025-26,GSW,IND,1,0.83511275,0.84116703
0022500197,2025-11-09,2025-26,SAC,MIN,0,0.33712006,0.33297566
0022500198,2025-11-10,2025-26,CHA,LAL,0,0.21561731,0.2096692
0022500199,2025-11-10,2025-26,DET,WAS,1,0.81811744,0.8241922
0022500200,2025-11-10,2025-26,ORL,POR,1,0.39032868,0.38741308
0022500201,2025-11-10,2025-26,MIA,CLE,1,0.390922,0.3880211
0022500202,2025-11-10,2025-26,CHI,SAS,0,0.43108955,0.42921877
0022500203,2025-11-10,2025-26,DAL,MIL,0,0.23956774,0.23382661
0022500204,2025-11-10,2025-26,PHX,NOP,1,0.75702274,0.76272726
0022500205,2025-11-10,2025-26,UTA,MIN,0,0.21659088,0.21064939
0022500206,2025-11-10,2025-26,LAC,ATL,0,0.5702405,0.57214636
0022500207,2025-11-11,2025-26,BKN,TOR,0,0.25987926,0.2543794
0022500208,2025-11-11,2025-26,NYK,MEM,1,0.7789689,0.7848781
0022500209,2025-11-11,2025-26,PHI,BOS,1,0.5114853,0.5118011
0022500210,2025-11-11,2025-26,OKC,GSW,1,0.67427886,0.67865986
0022500211,2025-11-11,2025-26,UTA,IND,1,0.4134206,0.41108847
0022500212,2025-11-11,2025-26,SAC,DEN,0,0.24772146,0.24207038
0022500213,2025-11-12,2025-26,CHA,MIL,1,0.34243572,0.33840528
0022500214,2025-11-12,2025-26,DET,CHI,1,0.29721788,0.29229623
0022500215,2025-11-12,2025-26,NYK,ORL,0,0.6292793,0.6326689
0022500216,2025-11-12,2025-26,BOS,MEM,1,0.6738629,0.6782354
0022500217,2025-11-12,2025-26,MIA,CLE,0,0.7030187,0.7079445
0022500218,2025-11-12,2025-26,HOU,WAS,1,0.84914136,0.85513043
0022500219,2025-11-12,2025-26,NOP,POR,0,0.26307362,0.2576167
0022500220,2025-11-12,2025-26,SAS,GSW,0,0.7269553,0.7322699
0022500221,2025-11-12,2025-26,DAL,PHX,0,0.30890423,0.3041949
0022500222,2025-11-12,2025-26,OKC,LAL,1,0.48213783,0.48164684
0022500223,2025-11-12,2025-26,SAC,ATL,0,0.29369912,0.28871632
0022500224,2025-11-12,2025-26,LAC,DEN,0,0.43473175,0.43295738
0022500225,2025-11-13,2025-26,CLE,TOR,0,0.53779835,0.5388341
0022500226,2025-11-13,2025-26,PHX,IND,1,0.7384299,0.7439072
0022500227,2025-11-13,2025-26,UTA,ATL,0,0.40955248,0.40712094
0022500039,2025-11-14,2025-26,NYK,MIA,1,0.6229657,0.6262051
0022500040,2025-11-14,2025-26,ORL,BKN,1,0.7227763,0.72802776
0022500041,2025-11-14,2025-26,DET,PHI,1,0.36482424,0.36129662
0022500042,2025-11-14,2025-26,HOU,POR,1,0.660923,0.66502565
0022500043,2025-11-14,2025-26,MIL,CHA,1,0.7407272,0.74623513
0022500044,2025-11-14,2025-26,MIN,SAC,1,0.78041303,0.78633314
0022500045,2025-11-14,2025-26,NOP,LAL,0,0.20755962,0.20156264
0022500046,2025-11-14,2025-26,DAL,LAC,0,0.34975174,0.34588164
0022500047,2025-11-14,2025-26,SAS,GSW,0,0.6518202,0.65572506
0022500228,2025-11-15,2025-26,CLE,MEM,1,0.7559519,0.76164466
0022500229,2025-11-15,2025-26,CHA,OKC,0,0.17579974,0.16972524
0022500230,2025-11-15,2025-26,IND,TOR,0,0.23751587,0.23175357
0022500231,2025-11-15,2025-26,MIL,LAL,0,0.63134414,0.6347823
0022500232,2025-11-15,2025-26,MIN,DEN,0,0.41084167,0.40844318
0022500233,2025-11-16,2025-26,BOS,LAC,1,0.5867404,0.58907664
0022500234,2025-11-16,2025-26,SAS,SAC,1,0.71068347,0.71574074
0022500235,2025-11-16,2025-26,WAS,BKN,0,0.49534523,0.49521714
0022500236,2025-11-16,2025-26,HOU,ORL,1,0.74026376,0.7457655
0022500237,2025-11-16,2025-26,NOP,GSW,0,0.27312228,0.2678088
0022500238,2025-11-16,2025-26,DAL,POR,1,0.42131808,0.4191908
0022500239,2025-11-16,2025-26,PHX,ATL,0,0.5370036,0.53801775
0022500240,2025-11-16,2025-26,UTA,CHI,1,0.31455022,0.30994824
0022500241,2025-11-17,2025-26,CLE,MIL,1,0.527359,0.52811015
0022500242,2025-11-17,2025-26,DET,IND,1,0.74349964,0.7490435
0022500243,2025-11-17,2025-26,PHI,LAC,1,0.5775727,0.5796711
0022500244,2025-11-17,2025-26,MIA,NYK,1,0.45213047,0.45082185
0022500245,2025-11-17,2025-26,TOR,CHA,1,0.68340075,0.68796307
0022500246,2025-11-17,2025-26,MIN,DAL,1,0.8262389,0.8323115
0022500247,2025-11-17,2025-26,NOP,OKC,0,0.16548905,0.1594329
0022500248,2025-11-17,2025-26,DEN,CHI,0,0.71785825,0.7230327
0022500249,2025-11-18,2025-26,ORL,GSW,1,0.44048458,0.43886337
0022500250,2025-11-18,2025-26,BKN,BOS,0,0.26941395,0.2640461
0022500251,2025-11-18,2025-26,ATL,DET,0,0.5806455,0.58282393
0022500252,2025-11-18,2025-26,SAS,MEM,1,0.70458686,0.70954
0022500253,2025-11-18,2025-26,LAL,UTA,1,0.74921834,0.7548332
0022500254,2025-11-18,2025-26,POR,PHX,0,0.47767058,0.47705707
0022500255,2025-11-19,2025-26,CLE,HOU,0,0.45434082,0.45309195
0022500256,2025-11-19,2025-26,IND,CHA,1,0.3685554,0.36511484
0022500257,2025-11-19,2025-26,MIA,GSW,1,0.80264705,0.80868965
0022500258,2025-11-19,2025-26,PHI,TOR,0,0.41116932,0.4087793
0022500259,2025-11-19,2025-26,MIN,WAS,1,0.8747825,0.8805242
0022500260,2025-11-19,2025-26,NOP,DEN,0,0.20487437,0.19886357
0022500261,2025-11-19,2025-26,OKC,SAC,1,0.8124964,0.8185649
0022500262,2025-11-19,2025-26,DAL,NYK,0,0.28037128,0.2751688
0022500263,2025-11-19,2025-26,POR,CHI,0,0.2216757,0.21577144
0022500264,2025-11-20,2025-26,ORL,LAC,1,0.5881953,0.590569
0022500265,2025-11-20,2025-26,MEM,SAC,1,0.53119797,0.532054
0022500266,2025-11-20,2025-26,MIL,PHI,0,0.67067593,0.6749833
0022500267,2025-11-20,2025-26,SAS,ATL,1,0.43890166,0.43723825
0022500048,2025-11-21,2025-26,CLE,IND,1,0.82119024,0.82726586
0022500049,2025-11-21,2025-26,BOS,BKN,0,0.7508544,0.75648874
0022500050,2025-11-21,2025-26,TOR,WAS,1,0.8514901,0.85746366
0022500051,2025-11-21,2025-26,CHI,MIA,0,0.57434124,0.57635504
0022500052,2025-11-21,2025-26,DAL,NOP,1,0.54585224,0.5471064
0022500053,2025-11-21,2025-26,PHX,MIN,1,0.40910476,0.40666178
0022500054,2025-11-21,2025-26,HOU,DEN,0,0.4883659,0.4880459
0022500055,2025-11-21,2025-26,UTA,OKC,0,0.25350317,0.24792154
0022500056,2025-11-21,2025-26,GSW,POR,0,0.7253967,0.73068804
0022500268,2025-11-22,2025-26,CHA,LAC,0,0.53599817,0.536985
0022500269,2025-11-22,2025-26,ORL,NYK,1,0.43381134,0.4320126
0022500270,2025-11-22,2025-26,NOP,ATL,0,0.19215772,0.18609914
0022500271,2025-11-22,2025-26,CHI,WAS,1,0.85754585,0.863473
0022500272,2025-11-22,2025-26,MIL,DET,0,0.4197043,0.41753495
0022500273,2025-11-22,2025-26,DAL,MEM,0,0.48919886,0.48890176
0022500274,2025-11-22,2025-26,DEN,SAC,0,0.84484994,0.8508639
0022500275,2025-11-23,2025-26,PHI,MIA,0,0.49438995,0.49423563
0022500276,2025-11-23,2025-26,ATL,CHA,1,0.8412179,0.8472494
0022500277,2025-11-23,2025-26,BOS,ORL,1,0.75682247,0.7625249
0022500278,2025-11-23,2025-26,CLE,LAC,1,0.71268433,0.7177748
0022500279,2025-11-23,2025-26,TOR,BKN,1,0.76795554,0.77377117
0022500280,2025-11-23,2025-26,OKC,POR,1,0.77761304,0.7835118
0022500281,2025-11-23,2025-26,PHX,SAS,1,0.58320844,0.5854534
0022500282,2025-11-23,2025-26,UTA,LAL,0,0.21889989,0.21297477
0022500283,2025-11-24,2025-26,IND,DET,0,0.24180952,0.2360922
0022500284,2025-11-24,2025-26,TOR,CLE,1,0.6097573,0.612675
0022500285,2025-11-24,2025-26,BKN,NYK,0,0.23410164,0.22830555
0022500286,2025-11-24,2025-26,MIA,DAL,1,0.73520774,0.740641
0022500287,2025-11-24,2025-26,MEM,DEN,0,0.24028228,0.2345487
0022500288,2025-11-24,2025-26,MIL,POR,0,0.6965248,0.7013344
0022500289,2025-11-24,2025-26,NOP,CHI,1,0.27556974,0.27029303
0022500290,2025-11-24,2025-26,PHX,HOU,0,0.3252882,0.32089844
0022500291,2025-11-24,2025-26,GSW,UTA,1,0.7178261,0.72300005
0022500292,2025-11-24,2025-26,SAC,MIN,1,0.23574866,0.22996868
0022500057,2025-11-25,2025-26,WAS,ATL,1,0.18671027,0.1806405
0022500058,2025-11-25,2025-26,PHI,ORL,0,0.57062256,0.5725385
0022500059,2025-11-25,2025-26,LAL,LAC,1,0.62571007,0.629015
0022500060,2025-11-26,2025-26,BOS,DET,1,0.47908866,0.47851408
0022500061,2025-11-26,2025-26,CHA,NYK,0,0.30256632,0.29774016
0022500062,2025-11-26,2025-26,MIA,MIL,1,0.6999174,0.7047882
0022500063,2025-11-26,2025-26,TOR,IND,1,0.78073186,0.78665423
0022500064,2025-11-26,2025-26,OKC,MIN,1,0.5773617,0.57945454
0022500065,2025-11-26,2025-26,NOP,MEM,0,0.46670374,0.46579054
0022500066,2025-11-26,2025-26,GSW,HOU,0,0.42472512,0.42268687
0022500067,2025-11-26,2025-26,POR,SAS,0,0.43622625,0.4344916
0022500068,2025-11-26,2025-26,SAC,PHX,0,0.34302408,0.33900636
0022500069,2025-11-28,2025-26,ATL,CLE,1,0.48409536,0.48365808
0022500070,2025-11-28,2025-26,BKN,PHI,0,0.35511398,0.3513639
0022500071,2025-11-28,2025-26,CHA,CHI,1,0.28528413,0.28016037
0022500072,2025-11-28,2025-26,DET,ORL,0,0.5359062,0.5368905
0022500073,2025-11-28,2025-26,IND,WAS,1,0.61744195,0.620548
0022500074,2025-11-28,2025-26,NYK,MIL,1,0.59667104,0.59926116
0022500075,2025-11-28,2025-26,OKC,PHX,1,0.66845727,0.67271876
0022500076,2025-11-28,2025-26,DEN,SAS,0,0.7417238,0.7472447
0022500077,2025-11-28,2025-26,UTA,SAC,1,0.5599085,0.56154025
0022500078,2025-11-28,2025-26,LAL,DAL,1,0.8167185,0.82279235
0022500079,2025-11-28,2025-26,LAC,MEM,0,0.675783,0.68019444
0022500293,2025-11-29,2025-26,MIN,BOS,1,0.59769803,0.60031414
0022500294,2025-11-29,2025-26,CHA,TOR,1,0.2507655,0.24515042
0022500295,2025-11-29,2025-26,IND,CHI,1,0.3667624,0.3632799
0022500296,2025-11-29,2025-26,MIA,DET,0,0.6845446,0.6891292
0022500297,2025-11-29,2025-26,MIL,BKN,1,0.8622663,0.8681507
0022500298,2025-11-29,2025-26,GSW,NOP,1,0.75789285,0.7636069
0022500299,2025-11-29,2025-26,PHX,DEN,0,0.39553764,0.39275146
0022500300,2025-11-29,2025-26,LAC,DAL,0,0.8038977,0.80994457
0022500301,2025-11-30,2025-26,UTA,HOU,0,0.3026712,0.29784694
0022500302,2025-11-30,2025-26,CLE,BOS,0,0.66191083,0.66603464
0022500303,2025-11-30,2025-26,NYK,TOR,1,0.7340608,0.7394782
0022500304,2025-11-30,2025-26,PHI,ATL,0,0.4002323,0.3975639
0022500305,2025-11-30,2025-26,POR,OKC,0,0.2893848,0.28432876
0022500306,2025-11-30,2025-26,MIN,SAS,1,0.62949425,0.6328889
0022500307,2025-11-30,2025-26,SAC,MEM,0,0.50010806,0.500111
0022500308,2025-11-30,2025-26,LAL,NOP,1,0.90425545,0.9094719
0022500309,2025-12-01,2025-26,DET,ATL,1,0.5546544,0.55614555
0022500310,2025-12-01,2025-26,IND,CLE,0,0.36585677,0.36235312
0022500311,2025-12-01,2025-26,WAS,MIL,1,0.19141531,0.18535487
0022500312,2025-12-01,2025-26,BKN,CHA,1,0.46366578,0.46266985
0022500313,2025-12-01,2025-26,MIA,LAC,1,0.6590024,0.663064
0022500314,2025-12-01,2025-26,ORL,CHI,1,0.62496513,0.62825227
0022500315,2025-12-01,2025-26,DEN,DAL,0,0.8261194,0.8321921
0022500316,2025-12-01,2025-26,UTA,HOU,1,0.23074417,0.2249165
0022500317,2025-12-01,2025-26,LAL,PHX,0,0.658956,0.6630165
0022500318,2025-12-02,2025-26,PHI,WAS,1,0.80570954,0.8117622
0022500319,2025-12-02,2025-26,TOR,POR,1,0.6753681,0.6797712
0022500320,2025-12-02,2025-26,BOS,NYK,1,0.42639115,0.4243966
0022500321,2025-12-02,2025-26,NOP,MIN,0,0.1980525,0.1920124
0022500322,2025-12-02,2025-26,SAS,MEM,1,0.6817807,0.68631136
0022500323,2025-12-02,2025-26,GSW,OKC,0,0.34347034,0.3394623
0022500324,2025-12-03,2025-26,CLE,POR,0,0.7692865,0.7751145
0022500325,2025-12-03,2025-26,IND,DEN,0,0.23111787,0.22529362
0022500326,2025-12-03,2025-26,ORL,SAS,0,0.66510963,0.66930115
0022500327,2025-12-03,2025-26,ATL,LAC,0,0.6117818,0.61474943
0022500328,2025-12-03,2025-26,NYK,CHA,1,0.81554896,0.8216217
0022500329,2025-12-03,2025-26,CHI,BKN,0,0.7226575,0.72790706
0022500330,2025-12-03,2025-26,HOU,SAC,1,0.78806794,0.7940397
0022500331,2025-12-03,2025-26,MIL,DET,1,0.6159536,0.61902344
0022500332,2025-12-03,2025-26,DAL,MIA,1,0.3063863,0.30163008
0022500333,2025-12-04,2025-26,PHI,GSW,1,0.64391285,0.64764094
0022500334,2025-12-04,2025-26,WAS,BOS,0,0.2325539,0.22674306
0022500335,2025-12-04,2025-26,BKN,UTA,0,0.33754072,0.3334053
0022500336,2025-12-04,2025-26,TOR,LAL,0,0.4785228,0.47793272
0022500337,2025-12-04,2025-26,NOP,MIN,0,0.1938501,0.18779618
0022500338,2025-12-05,2025-26,BOS,LAL,1,0.72973084,0.7350863
0022500339,2025-12-05,2025-26,ORL,MIA,1,0.5750993,0.57713294
0022500340,2025-12-05,2025-26,ATL,DEN,0,0.44699508,0.44554818
0022500341,2025-12-05,2025-26,CLE,SAS,1,0.6094223,0.61233175
0022500342,2025-12-05,2025-26,DET,POR,1,0.6822976,0.6868384
0022500343,2025-12-05,2025-26,NYK,UTA,1,0.82386845,0.82994324
0022500344,2025-12-05,2025-26,TOR,CHA,0,0.7625645,0.76832753
0022500345,2025-12-05,2025-26,CHI,IND,0,0.72756726,0.7328909
0022500346,2025-12-05,2025-26,HOU,PHX,1,0.6591465,0.66321105
0022500347,2025-12-05,2025-26,MEM,LAC,1,0.38187784,0.37875527
0022500348,2025-12-05,2025-26,MIL,PHI,0,0.64448583,0.6482268
0022500349,2025-12-05,2025-26,OKC,DAL,1,0.77169126,0.77754074
0022500350,2025-12-06,2025-26,BKN,NOP,1,0.5803845,0.5825562
0022500351,2025-12-06,2025-26,WAS,ATL,0,0.15585199,0.14983442
0022500352,2025-12-06,2025-26,CLE,GSW,0,0.7375176,0.7429826
0022500353,2025-12-06,2025-26,DET,MIL,1,0.6504825,0.6543578
0022500354,2025-12-06,2025-26,MIA,SAC,0,0.7157088,0.7208486
0022500355,2025-12-06,2025-26,MIN,LAC,1,0.717294,0.7224594
0022500356,2025-12-06,2025-26,DAL,HOU,1,0.26688135,0.2614773
0022500357,2025-12-07,2025-26,NYK,ORL,1,0.52850497,0.5292874
0022500358,2025-12-07,2025-26,TOR,BOS,0,0.30599594,0.3012325
0022500359,2025-12-07,2025-26,CHA,DEN,0,0.15385684,0.14784995
0022500360,2025-12-07,2025-26,MEM,POR,1,0.4641591,0.4631766
0022500361,2025-12-07,2025-26,CHI,GSW,0,0.67044544,0.67474806
0022500362,2025-12-07,2025-26,PHI,LAL,0,0.38028356,0.3771224
0022500363,2025-12-07,2025-26,UTA,OKC,0,0.31060392,0.30592656
0022500364,2025-12-08,2025-26,IND,SAC,1,0.5792916,0.5814347
0022500365,2025-12-08,2025-26,MIN,PHX,0,0.7025104,0.70742726
0022500366,2025-12-08,2025-26,NOP,SAS,0,0.25065246,0.24503602
0022501201,2025-12-09,2025-26,ORL,MIA,1,0.500274,0.5002815
0022501202,2025-12-09,2025-26,TOR,NYK,0,0.34995353,0.3460879
0022501203,2025-12-10,2025-26,OKC,PHX,1,0.749916,0.75553924
0022501204,2025-12-10,2025-26,LAL,SAS,0,0.63646173,0.64001924
0022501205,2025-12-11,2025-26,HOU,LAC,1,0.68248427,0.6870287
0022501206,2025-12-11,2025-26,MIL,BOS,1,0.28630045,0.28119326
0022501207,2025-12-11,2025-26,NOP,POR,1,0.3442645,0.3402738
0022501208,2025-12-11,2025-26,SAC,DEN,0,0.21761253,0.21167818
0022501209,2025-12-12,2025-26,CHA,CHI,0,0.27181658,0.26648378
0022501210,2025-12-12,2025-26,DET,ATL,1,0.47194907,0.47117904
0022501211,2025-12-12,2025-26,PHI,IND,1,0.5961857,0.59876347
0022501212,2025-12-12,2025-26,WAS,CLE,0,0.14846496,0.14249177
0022501213,2025-12-12,2025-26,MEM,UTA,0,0.647964,0.6517832
0022501214,2025-12-12,2025-26,DAL,BKN,1,0.6549478,0.65892136
0022501215,2025-12-12,2025-26,GSW,MIN,0,0.43609336,0.4343552
0022501216,2025-12-14,2025-26,IND,WAS,0,0.783853,0.78979754
0022501217,2025-12-14,2025-26,ATL,PHI,1,0.69874954,0.7035995
0022501218,2025-12-14,2025-26,CLE,CHA,0,0.785979,0.79193753
0022501219,2025-12-14,2025-26,BKN,MIL,1,0.35674685,0.35303372
0022501220,2025-12-14,2025-26,MIN,SAC,1,0.78617424,0.7921342
0022501221,2025-12-14,2025-26,POR,GSW,1,0.4156812,0.4134075
0022501223,2025-12-14,2025-26,CHI,NOP,0,0.689193,0.69386655
0022501228,2025-12-14,2025-26,PHX,LAL,0,0.3406818,0.33661354
0022501222,2025-12-15,2025-26,BOS,DET,0,0.59711945,0.5997209
0022501224,2025-12-15,2025-26,UTA,DAL,1,0.42407072,0.42201534
0022501225,2025-12-15,2025-26,DEN,HOU,1,0.5510774,0.5524725
0022501226,2025-12-15,2025-26,LAC,MEM,0,0.645296,0.6490553
0022501227,2025-12-15,2025-26,MIA,TOR,0,0.6096517,0.6125668
0022500367,2025-12-17,2025-26,CHI,CLE,1,0.5154417,0.5158663
0022500368,2025-12-17,2025-26,MIN,MEM,0,0.782491,0.7884261
0022500369,2025-12-18,2025-26,OKC,LAC,1,0.79995745,0.80598986
0022500370,2025-12-18,2025-26,SAS,WAS,1,0.85781384,0.86373866
0022500371,2025-12-18,2025-26,CHA,ATL,1,0.25475648,0.24919048
0022500372,2025-12-18,2025-26,IND,NYK,0,0.31890368,0.3143865
0022500373,2025-12-18,2025-26,BKN,MIA,0,0.29402876,0.28905162
0022500374,2025-12-18,2025-26,MIL,TOR,0,0.55644363,0.55798274
0022500375,2025-12-18,2025-26,NOP,HOU,1,0.24026826,0.23453452
0022500376,2025-12-18,2025-26,DAL,DET,1,0.39715496,0.39440927
0022500377,2025-12-18,2025-26,DEN,ORL,1,0.67255527,0.6769012
0022500378,2025-12-18,2025-26,PHX,GSW,1,0.52065563,0.5212232
0022500379,2025-12-18,2025-26,UTA,LAL,0,0.2489651,0.24332856
0022500380,2025-12-18,2025-26,POR,SAC,1,0.72061753,0.72583556
0022500381,2025-12-19,2025-26,BOS,MIA,1,0.8065442,0.8125993
0022500382,2025-12-19,2025-26,NYK,PHI,0,0.6819918,0.6865266
0022500383,2025-12-19,2025-26,ATL,SAS,0,0.55216634,0.55359066
0022500384,2025-12-19,2025-26,CLE,CHI,0,0.38648114,0.3834709
0022500385,2025-12-19,2025-26,MIN,OKC,1,0.55869657,0.560296
0022500386,2025-12-20,2025-26,DEN,HOU,0,0.5042045,0.50432014
0022500387,2025-12-20,2025-26,PHI,DAL,1,0.48902148,0.48871955
0022500388,2025-12-20,2025-26,TOR,BOS,0,0.5069863,0.50717854
0022500389,2025-12-20,2025-26,NOP,IND,1,0.5658132,0.567602
0022500390,2025-12-20,2025-26,DET,CHA,1,0.74535036,0.7509176
0022500391,2025-12-20,2025-26,MEM,WAS,0,0.7579614,0.76367617
0022500392,2025-12-20,2025-26,GSW,PHX,1,0.54279554,0.54396695
0022500393,2025-12-20,2025-26,UTA,ORL,0,0.29914758,0.29426005
0022500394,2025-12-20,2025-26,SAC,POR,0,0.3397563,0.33566818
0022500395,2025-12-20,2025-26,LAC,LAL,1,0.38952288,0.3865874
0022500396,2025-12-21,2025-26,ATL,CHI,0,0.62184805,0.62506056
0022500397,2025-12-21,2025-26,BKN,TOR,1,0.46441463,0.46343905
0022500398,2025-12-21,2025-26,NYK,MIA,1,0.68037295,0.6848759
0022500399,2025-12-21,2025-26,WAS,SAS,0,0.115538165,0.1099379
0022500400,2025-12-21,2025-26,MIN,MIL,1,0.7272132,0.7325317
0022500401,2025-12-21,2025-26,SAC,HOU,1,0.16287199,0.15682422
0022500402,2025-12-22,2025-26,CLE,CHA,1,0.7105682,0.7156235
0022500403,2025-12-22,2025-26,BOS,IND,1,0.8546577,0.86060804
0022500404,2025-12-22,2025-26,NOP,DAL,1,0.52181834,0.52241784
0022500405,2025-12-22,2025-26,DEN,UTA,1,0.8059598,0.8120132
0022500406,2025-12-22,2025-26,OKC,MEM,1,0.7908381,0.79682624
0022500407,2025-12-22,2025-26,GSW,ORL,1,0.58929163,0.5916935
0022500408,2025-12-22,2025-26,POR,DET,0,0.37303752,0.3697028
0022500409,2025-12-23,2025-26,CHA,WAS,1,0.6615804,0.66569716
0022500410,2025-12-23,2025-26,PHI,BKN,0,0.62912804,0.632514
0022500411,2025-12-23,2025-26,ATL,CHI,0,0.6372151,0.6407899
0022500412,2025-12-23,2025-26,CLE,NOP,1,0.7187692,0.7239581
0022500413,2025-12-23,2025-26,IND,MIL,0,0.27800518,0.2727658
0022500414,2025-12-23,2025-26,MIA,TOR,0,0.59497803,0.5975252
0022500415,2025-12-23,2025-26,DAL,DEN,1,0.22011553,0.21419938
0022500416,2025-12-23,2025-26,MIN,NYK,1,0.7445271,0.7500841
0022500417,2025-12-23,2025-26,SAS,OKC,1,0.5373095,0.538332
0022500418,2025-12-23,2025-26,PHX,LAL,1,0.4667265,0.4658139
0022500419,2025-12-23,2025-26,UTA,MEM,0,0.42572793,0.42371598
0022500420,2025-12-23,2025-26,POR,ORL,0,0.53597856,0.5369648
0022500421,2025-12-23,2025-26,SAC,DET,0,0.24554308,0.23986703
0022500422,2025-12-23,2025-26,LAC,HOU,1,0.30545452,0.30068108
0022500009,2025-12-25,2025-26,NYK,CLE,1,0.5446383,0.5458596
0022500010,2025-12-25,2025-26,OKC,SAS,0,0.6173509,0.62045467
0022500011,2025-12-25,2025-26,GSW,DAL,1,0.678782,0.68325347
0022500012,2025-12-25,2025-26,LAL,HOU,0,0.55332583,0.5547814
0022500013,2025-12-25,2025-26,DEN,MIN,1,0.60182196,0.604542
0022500423,2025-12-26,2025-26,ATL,MIA,0,0.6775886,0.6820362
0022500424,2025-12-26,2025-26,ORL,CHA,0,0.5611424,0.562807
0022500425,2025-12-26,2025-26,WAS,TOR,1,0.24760656,0.24195413
0022500426,2025-12-26,2025-26,IND,BOS,0,0.18777184,0.18170384
0022500427,2025-12-26,2025-26,CHI,PHI,1,0.6049032,0.6077004
0022500428,2025-12-26,2025-26,MEM,MIL,1,0.4577653,0.45660907
0022500429,2025-12-26,2025-26,NOP,PHX,0,0.37000158,0.36659503
0022500430,2025-12-26,2025-26,UTA,DET,1,0.29249492,0.28749147
0022500431,2025-12-26,2025-26,POR,LAC,0,0.49207544,0.4918575
0022500432,2025-12-27,2025-26,SAC,DAL,1,0.4359283,0.43418568
0022500433,2025-12-27,2025-26,ORL,DEN,1,0.20855121,0.20255966
0022500434,2025-12-27,2025-26,NOP,PHX,0,0.39068508,0.3877783
0022500435,2025-12-27,2025-26,ATL,NYK,0,0.41023555,0.40782157
0022500436,2025-12-27,2025-26,MIA,IND,1,0.7491185,0.7547322
0022500437,2025-12-27,2025-26,CHI,MIL,0,0.45177886,0.45046076
0022500438,2025-12-27,2025-26,HOU,CLE,1,0.5418203,0.54296523
0022500439,2025-12-27,2025-26,MIN,BKN,0,0.78738624,0.79335386
0022500440,2025-12-27,2025-26,SAS,UTA,0,0.7959182,0.8019328
0022500441,2025-12-28,2025-26,TOR,GSW,1,0.4515551,0.45023108
0022500442,2025-12-28,2025-26,OKC,PHI,1,0.74881023,0.7544202
0022500443,2025-12-28,2025-26,WAS,MEM,1,0.31642878,0.31186315
0022500444,2025-12-28,2025-26,POR,BOS,1,0.32105753,0.31658292
0022500445,2025-12-28,2025-26,LAC,DET,1,0.4058408,0.40331453
0022500446,2025-12-28,2025-26,LAL,SAC,1,0.7981921,0.80421704
0022500447,2025-12-29,2025-26,CHA,MIL,0,0.33885577,0.33474836
0022500448,2025-12-29,2025-26,WAS,PHX,0,0.23849936,0.23274717
0022500449,2025-12-29,2025-26,BKN,GSW,0,0.45842314,0.45728475
0022500450,2025-12-29,2025-26,MIA,DEN,1,0.35458535,0.35082337
0022500451,2025-12-29,2025-26,TOR,ORL,1,0.48454624,0.4841213
0022500452,2025-12-29,2025-26,CHI,MIN,0,0.3814284,0.37829491
0022500453,2025-12-29,2025-26,HOU,IND,1,0.8282915,0.83436143
0022500454,2025-12-29,2025-26,NOP,NYK,0,0.29282564,0.28782782
0022500455,2025-12-29,2025-26,OKC,ATL,1,0.72809964,0.7334312
0022500456,2025-12-29,2025-26,SAS,CLE,0,0.6019932,0.60471755
0022500457,2025-12-29,2025-26,POR,DAL,1,0.5443826,0.54559696
0022500458,2025-12-30,2025-26,MEM,PHI,0,0.41975805,0.4175901
0022500459,2025-12-30,2025-26,UTA,BOS,0,0.280718,0.27552098
0022500460,2025-12-30,2025-26,LAL,DET,0,0.52574027,0.5264472
0022500461,2025-12-30,2025-26,LAC,SAC,1,0.707711,0.712718
0022500462,2025-12-31,2025-26,CHA,GSW,0,0.37656868,0.37331814
0022500463,2025-12-31,2025-26,ATL,MIN,1,0.46937808,0.4685378
0022500464,2025-12-31,2025-26,IND,ORL,0,0.29944715,0.29456496
0022500465,2025-12-31,2025-26,CLE,PHX,1,0.6638168,0.667981
0022500466,2025-12-31,2025-26,CHI,NOP,1,0.65471286,0.6586813
0022500467,2025-12-31,2025-26,SAS,NYK,1,0.55501086,0.5565115
0022500468,2025-12-31,2025-26,TOR,DEN,0,0.5248264,0.5255083
0022500469,2025-12-31,2025-26,MIL,WAS,0,0.8355968,0.8416497
0022500470,2025-12-31,2025-26,OKC,POR,1,0.7975264,0.80354846
0022500471,2026-01-01,2025-26,BKN,HOU,0,0.17978714,0.17371158
0022500472,2026-01-01,2025-26,DET,MIA,0,0.61922073,0.62236995
0022500473,2026-01-01,2025-26,DAL,PHI,0,0.4440804,0.44255537
0022500474,2026-01-01,2025-26,SAC,BOS,0,0.22736566,0.22150798
0022500475,2026-01-01,2025-26,LAC,UTA,1,0.8279024,0.8339729
0022500476,2026-01-02,2025-26,IND,SAS,0,0.2682433,0.26285863
0022500477,2026-01-02,2025-26,WAS,BKN,1,0.6658675,0.6700749
0022500478,2026-01-02,2025-26,CLE,DEN,1,0.64267635,0.64637643
0022500479,2026-01-02,2025-26,NYK,ATL,0,0.44352922,0.44198936
0022500480,2026-01-02,2025-26,CHI,ORL,1,0.42485774,0.42282295
0022500481,2026-01-02,2025-26,MIL,CHA,1,0.72663,0.7319398
0022500482,2026-01-02,2025-26,NOP,POR,0,0.38527444,0.3822346
0022500483,2026-01-02,2025-26,PHX,SAC,1,0.7821891,0.78812206
0022500484,2026-01-02,2025-26,GSW,OKC,0,0.27337828,0.2680686
0022500485,2026-01-02,2025-26,LAL,MEM,1,0.6749387,0.67933303
0022500486,2026-01-03,2025-26,MIA,MIN,0,0.36797518,0.36452103
0022500487,2026-01-03,2025-26,NYK,PHI,0,0.54392517,0.5451272
0022500488,2026-01-03,2025-26,TOR,ATL,1,0.53561807,0.5365945
0022500489,2026-01-03,2025-26,CHI,CHA,0,0.5770372,0.57912153
0022500490,2026-01-03,2025-26,SAS,POR,0,0.65063506,0.6545137
0022500491,2026-01-03,2025-26,DAL,HOU,1,0.25029486,0.24467409
0022500492,2026-01-03,2025-26,GSW,UTA,1,0.6859171,0.69052804
0022500493,2026-01-03,2025-26,LAC,BOS,0,0.40949875,0.40706587
0022500494,2026-01-04,2025-26,CLE,DET,0,0.5060357,0.50620174
0022500495,2026-01-04,2025-26,ORL,IND,1,0.72984797,0.7352051
0022500496,2026-01-04,2025-26,BKN,DEN,1,0.3132186,0.308591
0022500497,2026-01-04,2025-26,MIA,NOP,1,0.7218894,0.7271271
0022500498,2026-01-04,2025-26,WAS,MIN,0,0.22676,0.2208971
0022500499,2026-01-04,2025-26,PHX,OKC,1,0.32252514,0.31807977
0022500500,2026-01-04,2025-26,SAC,MIL,0,0.22314975,0.21725707
0022500501,2026-01-04,2025-26,LAL,MEM,1,0.735657,0.74109644
0022500502,2026-01-05,2025-26,DET,NYK,1,0.37614098,0.37288022
0022500503,2026-01-05,2025-26,BOS,CHI,1,0.75538236,0.7610688
0022500504,2026-01-05,2025-26,TOR,ATL,1,0.4568625,0.4556819
0022500505,2026-01-05,2025-26,HOU,PHX,1,0.7245681,0.7298469
0022500506,2026-01-05,2025-26,OKC,CHA,0,0.77794224,0.7838436
0022500507,2026-01-05,2025-26,PHI,DEN,0,0.8271515,0.83322304
0022500508,2026-01-05,2025-26,LAC,GSW,1,0.60217035,0.6048991
0022500509,2026-01-05,2025-26,POR,UTA,1,0.57214665,0.57410276
0022500510,2026-01-06,2025-26,IND,CLE,0,0.2869725,0.28187636
0022500511,2026-01-06,2025-26,WAS,ORL,1,0.30390134,0.29909945
0022500512,2026-01-06,2025-26,MEM,SAS,1,0.3517751,0.34795004
0022500513,2026-01-06,2025-26,MIN,MIA,1,0.65794593,0.6619846
0022500514,2026-01-06,2025-26,NOP,LAL,0,0.27310252,0.26778874
0022500515,2026-01-06,2025-26,SAC,DAL,0,0.33373737,0.32952166
0022500516,2026-01-07,2025-26,CHA,TOR,0,0.38192293,0.37880147
0022500517,2026-01-07,2025-26,DET,CHI,1,0.52815354,0.52892643
0022500518,2026-01-07,2025-26,PHI,WAS,1,0.84375405,0.8497737
0022500519,2026-01-07,2025-26,ATL,NOP,1,0.8559271,0.8618676
0022500520,2026-01-07,2025-26,BOS,DEN,0,0.6767719,0.6812032
0022500521,2026-01-07,2025-26,BKN,ORL,0,0.4376982,0.4360027
0022500522,2026-01-07,2025-26,NYK,LAC,1,0.60376,0.60652864
0022500523,2026-01-07,2025-26,SAS,LAL,1,0.6580549,0.66209596
0022500524,2026-01-07,2025-26,MEM,PHX,0,0.33821565,0.33409455
0022500525,2026-01-07,2025-26,OKC,UTA,1,0.84063935,0.84667337
0022500526,2026-01-07,2025-26,GSW,MIL,1,0.47912848,0.47855496
0022500527,2026-01-07,2025-26,POR,HOU,1,0.31941697,0.31490988
0022500528,2026-01-08,2025-26,CHA,IND,0,0.66651106,0.670732
0022500530,2026-01-08,2025-26,MIN,CLE,1,0.6651193,0.669311
0022500531,2026-01-08,2025-26,UTA,DAL,1,0.38702223,0.38402525
0022500532,2026-01-09,2025-26,BOS,TOR,1,0.7936528,0.79965615
0022500533,2026-01-09,2025-26,ORL,PHI,0,0.36068854,0.35706535
0022500534,2026-01-09,2025-26,WAS,NOP,0,0.49936327,0.4993457
0022500535,2026-01-09,2025-26,BKN,LAC,0,0.3354315,0.33125138
0022500536,2026-01-09,2025-26,MEM,OKC,0,0.4204435,0.4182934
0022500537,2026-01-09,2025-26,DEN,ATL,0,0.33335215,0.32912838
0022500538,2026-01-09,2025-26,PHX,NYK,1,0.45160723,0.45028454
0022500539,2026-01-09,2025-26,GSW,SAC,1,0.811713,0.8177801
0022500540,2026-01-09,2025-26,POR,HOU,1,0.30217788,0.29734468
0022500541,2026-01-09,2025-26,LAL,MIL,0,0.4953953,0.49526867
0022500542,2026-01-10,2025-26,CLE,MIN,1,0.42951137,0.42759895
0022500543,2026-01-10,2025-26,IND,MIA,1,0.29422358,0.28924978
0022500544,2026-01-10,2025-26,DET,LAC,0,0.3564339,0.35271364
0022500545,2026-01-10,2025-26,BOS,SAS,0,0.54092795,0.5420487
0022500546,2026-01-10,2025-26,CHI,DAL,1,0.7010412,0.7059321
0022500547,2026-01-10,2025-26,UTA,CHA,0,0.36015424,0.3565188
0022500548,2026-01-11,2025-26,ORL,NOP,1,0.6651629,0.6693556
0022500549,2026-01-11,2025-26,MEM,BKN,1,0.70797,0.71298134
0022500550,2026-01-11,2025-26,TOR,PHI,1,0.45084345,0.44950017
0022500551,2026-01-11,2025-26,POR,NYK,0,0.36506155,0.3615394
0022500552,2026-01-11,2025-26,MIN,SAS,1,0.7088148,0.7138406
0022500553,2026-01-11,2025-26,OKC,MIA,1,0.80787545,0.81393415
0022500554,2026-01-11,2025-26,DEN,MIL,1,0.32148275,0.31701657
0022500555,2026-01-11,2025-26,PHX,WAS,1,0.8093252,0.81538737
0022500556,2026-01-11,2025-26,GSW,ATL,0,0.50792384,0.5081418
0022500557,2026-01-11,2025-26,SAC,HOU,1,0.13968593,0.13378316
0022500558,2026-01-12,2025-26,CLE,UTA,0,0.7861109,0.7920703
0022500559,2026-01-12,2025-26,IND,BOS,1,0.2986502,0.2937539
0022500560,2026-01-12,2025-26,TOR,PHI,0,0.42985943,0.4279562
0022500561,2026-01-12,2025-26,DAL,BKN,1,0.48589468,0.4855068
0022500562,2026-01-12,2025-26,SAC,LAL,1,0.17808995,0.17201443
0022500563,2026-01-12,2025-26,LAC,CHA,1,0.6051362,0.60793924
0022500564,2026-01-13,2025-26,MIA,PHX,1,0.5400539,0.5411509
0022500565,2026-01-13,2025-26,HOU,CHI,1,0.74688995,0.7524765
0022500566,2026-01-13,2025-26,MIL,MIN,0,0.47316372,0.47242686
0022500567,2026-01-13,2025-26,NOP,DEN,0,0.2633379,0.25788462
0022500568,2026-01-13,2025-26,OKC,SAS,1,0.72853595,0.73387396
0022500569,2026-01-13,2025-26,LAL,ATL,1,0.3611382,0.35752535
0022500570,2026-01-13,2025-26,GSW,POR,1,0.72364867,0.7289135
0022500571,2026-01-14,2025-26,IND,TOR,0,0.43406597,0.43227398
0022500572,2026-01-14,2025-26,PHI,CLE,0,0.5500064,0.5513726
0022500573,2026-01-14,2025-26,CHI,UTA,1,0.80491835,0.8109685
0022500574,2026-01-14,2025-26,NOP,BKN,1,0.42191952,0.41980788
0022500575,2026-01-14,2025-26,DAL,DEN,0,0.31595394,0.31137908
0022500576,2026-01-14,2025-26,SAC,NYK,1,0.19401428,0.18796082
0022500577,2026-01-14,2025-26,LAC,WAS,1,0.8372204,0.84326774
0022500579,2026-01-15,2025-26,DET,PHX,1,0.7171832,0.72234684
0022500580,2026-01-15,2025-26,MIA,BOS,0,0.36099467,0.35737854
0022500581,2026-01-15,2025-26,HOU,OKC,0,0.532361,0.53324866
0022500582,2026-01-15,2025-26,SAS,MIL,1,0.5447878,0.5460131
0022500583,2026-01-15,2025-26,DAL,UTA,1,0.550635,0.5520181
0022500584,2026-01-15,2025-26,GSW,NYK,1,0.6316732,0.63511914
0022500585,2026-01-15,2025-26,POR,ATL,1,0.334544,0.33034518
0022500586,2026-01-15,2025-26,LAL,CHA,0,0.5979125,0.6005341
0022500587,2026-01-16,2025-26,BKN,CHI,1,0.34603152,0.34207937
0022500588,2026-01-16,2025-26,IND,NOP,1,0.62047625,0.6236558
0022500589,2026-01-16,2025-26,PHI,CLE,0,0.5038383,0.50394386
0022500590,2026-01-16,2025-26,TOR,LAC,0,0.6144953,0.61752945
0022500591,2026-01-16,2025-26,HOU,MIN,1,0.45752305,0.45636025
0022500592,2026-01-16,2025-26,SAC,WAS,1,0.7121634,0.7172453
0022500593,2026-01-17,2025-26,DAL,UTA,1,0.6617571,0.66587764
0022500594,2026-01-17,2025-26,ATL,BOS,0,0.46196422,0.460922
0022500595,2026-01-17,2025-26,DET,IND,1,0.8766163,0.88233346
0022500596,2026-01-17,2025-26,NYK,PHX,0,0.5038765,0.5039832
0022500597,2026-01-17,2025-26,MIA,OKC,1,0.29123354,0.28620863
0022500598,2026-01-17,2025-26,SAS,MIN,1,0.49018314,0.48991314
0022500599,2026-01-17,2025-26,GSW,CHA,1,0.58277494,0.5850087
0022500600,2026-01-17,2025-26,DEN,WAS,1,0.8851597,0.8907487
0022500601,2026-01-17,2025-26,POR,LAL,1,0.5026938,0.5027679
0022500603,2026-01-18,2025-26,CHI,BKN,1,0.74132395,0.74683964
0022500604,2026-01-18,2025-26,HOU,NOP,1,0.8398079,0.84584546
0022500605,2026-01-18,2025-26,DEN,CHA,0,0.5451462,0.54638124
0022500606,2026-01-18,2025-26,SAC,POR,0,0.385306,0.38226694
0022500607,2026-01-18,2025-26,LAL,TOR,1,0.54343987,0.5446287
0022500014,2026-01-19,2025-26,ATL,MIL,0,0.46507463,0.46411702
0022500015,2026-01-19,2025-26,CLE,OKC,0,0.44087684,0.4392661
0022500016,2026-01-19,2025-26,NYK,DAL,0,0.8123514,0.8184197
0022500017,2026-01-19,2025-26,DET,BOS,1,0.5354536,0.5364256
0022500608,2026-01-19,2025-26,WAS,LAC,0,0.20036967,0.1943386
0022500609,2026-01-19,2025-26,PHI,IND,1,0.7516745,0.7573185
0022500610,2026-01-19,2025-26,BKN,PHX,0,0.22902209,0.22317886
0022500611,2026-01-19,2025-26,SAS,UTA,1,0.8156718,0.8217447
0022500612,2026-01-19,2025-26,GSW,MIA,1,0.5138316,0.5142119
0022500613,2026-01-20,2025-26,PHI,PHX,0,0.38807875,0.38510767
0022500614,2026-01-20,2025-26,CHI,LAC,1,0.657029,0.6610479
0022500615,2026-01-20,2025-26,HOU,SAS,1,0.72328484,0.72854406
0022500616,2026-01-20,2025-26,UTA,MIN,1,0.14136925,0.13545145
0022500617,2026-01-20,2025-26,DEN,LAL,0,0.52238053,0.5229954
0022500618,2026-01-20,2025-26,GSW,TOR,0,0.45683277,0.45565125
0022500619,2026-01-20,2025-26,SAC,MIA,0,0.3214279,0.31696066
0022500620,2026-01-21,2025-26,CHA,CLE,0,0.4461193,0.44464892
0022500621,2026-01-21,2025-26,BOS,IND,1,0.7991606,0.8051897
0022500622,2026-01-21,2025-26,NYK,BKN,1,0.7863192,0.79228014
0022500623,2026-01-21,2025-26,MEM,ATL,0,0.42416218,0.42210925
0022500624,2026-01-21,2025-26,NOP,DET,0,0.29575044,0.29080313
0022500625,2026-01-21,2025-26,MIL,OKC,0,0.3875773,0.38459387
0022500626,2026-01-21,2025-26,SAC,TOR,0,0.22552209,0.21964875
0022500627,2026-01-22,2025-26,ORL,CHA,0,0.6055267,0.6083394
0022500628,2026-01-22,2025-26,PHI,HOU,1,0.39668557,0.3939281
0022500629,2026-01-22,2025-26,WAS,DEN,0,0.17727089,0.17119561
0022500630,2026-01-22,2025-26,DAL,GSW,1,0.2942984,0.28932592
0022500631,2026-01-22,2025-26,MIN,CHI,0,0.65052706,0.6544033
0022500632,2026-01-22,2025-26,UTA,SAS,0,0.24821874,0.24257344
0022500633,2026-01-22,2025-26,LAC,LAL,1,0.5177565,0.51824456
0022500634,2026-01-22,2025-26,POR,MIA,1,0.61361426,0.6166269
0022500635,2026-01-23,2025-26,DET,HOU,0,0.48811832,0.48779157
0022500636,2026-01-23,2025-26,ATL,PHX,1,0.4912709,0.49103072
0022500637,2026-01-23,2025-26,BKN,BOS,0,0.25220415,0.24660656
0022500638,2026-01-23,2025-26,CLE,SAC,1,0.82487524,0.83094925
0022500639,2026-01-23,2025-26,MEM,NOP,0,0.61585015,0.61891735
0022500640,2026-01-23,2025-26,MIL,DEN,0,0.8167665,0.82284045
0022500641,2026-01-23,2025-26,OKC,IND,0,0.8110217,0.8170875
0022500642,2026-01-23,2025-26,POR,TOR,0,0.2752865,0.27000552
0022500643,2026-01-24,2025-26,PHI,NYK,0,0.45527527,0.45405164
0022500645,2026-01-24,2025-26,CHA,WAS,1,0.85191566,0.85788625
0022500646,2026-01-24,2025-26,ORL,CLE,0,0.47397262,0.4732579
0022500647,2026-01-24,2025-26,CHI,BOS,1,0.5765631,0.5786351
0022500648,2026-01-24,2025-26,DAL,LAL,0,0.29624817,0.29130954
0022500649,2026-01-24,2025-26,UTA,MIA,0,0.32813853,0.3238068
0022500644,2026-01-25,2025-26,MIN,GSW,0,0.71685535,0.7220137
0022500650,2026-01-25,2025-26,DET,SAC,1,0.805389,0.8114406
0022500653,2026-01-25,2025-26,OKC,TOR,0,0.64362067,0.6473421
0022500654,2026-01-25,2025-26,SAS,NOP,0,0.78890926,0.7948862
0022500655,2026-01-25,2025-26,PHX,MIA,0,0.55941486,0.56103337
0022500656,2026-01-25,2025-26,LAC,BKN,1,0.76266223,0.7684263
0022500657,2026-01-26,2025-26,CHA,PHI,1,0.5719347,0.57388526
0022500658,2026-01-26,2025-26,CLE,ORL,1,0.7202953,0.7255082
0022500659,2026-01-26,2025-26,ATL,IND,1,0.7874704,0.79343855
0022500660,2026-01-26,2025-26,BOS,POR,1,0.7640235,0.76980126
0022500661,2026-01-26,2025-26,CHI,LAL,0,0.43684587,0.43512768
0022500662,2026-01-26,2025-26,HOU,MEM,1,0.7930104,0.79901046
0022500663,2026-01-26,2025-26,MIN,GSW,1,0.78160095,0.7875297
0022500664,2026-01-27,2025-26,WAS,POR,1,0.24827017,0.2426255
0022500665,2026-01-27,2025-26,NYK,SAC,1,0.8675018,0.87333184
0022500666,2026-01-27,2025-26,PHI,MIL,1,0.55638045,0.5579179
0022500667,2026-01-27,2025-26,OKC,NOP,1,0.7926192,0.7986171
0022500668,2026-01-27,2025-26,DEN,DET,0,0.44221473,0.4406397
0022500669,2026-01-27,2025-26,PHX,BKN,1,0.70533454,0.7103006
0022500670,2026-01-27,2025-26,UTA,LAC,0,0.2497222,0.24409467
0022500671,2026-01-28,2025-26,CLE,LAL,1,0.5109255,0.51122594
0022500672,2026-01-28,2025-26,IND,CHI,1,0.28283885,0.27767557
0022500673,2026-01-28,2025-26,BOS,ATL,0,0.6317549,0.6352027
0022500674,2026-01-28,2025-26,MIA,ORL,0,0.6185732,0.6217066
0022500675,2026-01-28,2025-26,TOR,NYK,0,0.51879865,0.51931536
0022500676,2026-01-28,2025-26,MEM,CHA,0,0.44083896,0.43922716
0022500677,2026-01-28,2025-26,DAL,MIN,0,0.22055592,0.21464312
0022500678,2026-01-28,2025-26,UTA,GSW,0,0.27564967,0.27037418
0022500679,2026-01-28,2025-26,HOU,SAS,0,0.66803414,0.67228687
0022500529,2026-01-29,2025-26,CHI,MIA,0,0.5967892,0.5993822
0022500680,2026-01-29,2025-26,PHI,SAC,1,0.82180077,0.82787627
0022500681,2026-01-29,2025-26,WAS,MIL,1,0.25567397,0.25011957
0022500682,2026-01-29,2025-26,ATL,HOU,0,0.28516743,0.28004172
0022500683,2026-01-29,2025-26,DAL,CHA,0,0.3197027,0.31520125
0022500684,2026-01-29,2025-26,DEN,BKN,1,0.8009799,0.80701643
0022500685,2026-01-29,2025-26,PHX,DET,1,0.40076274,0.39810774
0022500686,2026-01-29,2025-26,MIN,OKC,1,0.44318128,0.44163212
0022500687,2026-01-30,2025-26,ORL,TOR,1,0.44122186,0.43962032
0022500688,2026-01-30,2025-26,WAS,LAL,0,0.17458284,0.16850932
0022500689,2026-01-30,2025-26,BOS,SAC,1,0.8739492,0.87970185
0022500690,2026-01-30,2025-26,NYK,POR,1,0.6734723,0.6778369
0022500691,2026-01-30,2025-26,NOP,MEM,1,0.5095026,0.50976396
0022500693,2026-01-30,2025-26,PHX,CLE,1,0.32586026,0.32148206
0022500694,2026-01-30,2025-26,UTA,BKN,0,0.64307,0.64677894
0022500695,2026-01-30,2025-26,DEN,LAC,1,0.53387755,0.5348066
0022500696,2026-01-30,2025-26,GSW,DET,0,0.57370293,0.5756999
0022500692,2026-01-31,2025-26,MIA,CHI,0,0.644927,0.648678
0022500697,2026-01-31,2025-26,CHA,SAS,1,0.3822187,0.3791044
0022500698,2026-01-31,2025-26,IND,ATL,1,0.34648156,0.34253928
0022500699,2026-01-31,2025-26,PHI,NOP,1,0.7964017,0.8024186
0022500700,2026-01-31,2025-26,MEM,MIN,0,0.14666444,0.1407041
0022500701,2026-01-31,2025-26,HOU,DAL,1,0.8289361,0.8350051
0022500702,2026-02-01,2025-26,BOS,MIL,1,0.76073325,0.7664775
0022500703,2026-02-01,2025-26,SAS,ORL,1,0.622513,0.6257415
0022500704,2026-02-01,2025-26,DET,BKN,1,0.8544434,0.8603954
0022500705,2026-02-01,2025-26,MIA,CHI,1,0.5173295,0.5178059
0022500706,2026-02-01,2025-26,TOR,UTA,1,0.7866378,0.7926007
0022500707,2026-02-01,2025-26,WAS,SAC,1,0.48964867,0.489364
0022500708,2026-02-01,2025-26,NYK,LAL,1,0.57822394,0.5803394
0022500709,2026-02-01,2025-26,PHX,LAC,0,0.53862494,0.53968316
0022500710,2026-02-01,2025-26,POR,CLE,0,0.35733557,0.35363582
0022500711,2026-02-01,2025-26,DEN,OKC,0,0.41362357,0.41129667
0022500712,2026-02-02,2025-26,CHA,NOP,1,0.6928388,0.69758064
0022500713,2026-02-02,2025-26,IND,HOU,0,0.25431716,0.24874562
0022500714,2026-02-02,2025-26,MEM,MIN,1,0.19478689,0.18873577
0022500715,2026-02-02,2025-26,LAC,PHI,0,0.33988804,0.3358027
0022500716,2026-02-03,2025-26,DET,DEN,1,0.49677634,0.49668768
0022500717,2026-02-03,2025-26,IND,UTA,0,0.2714336,0.26609513
0022500718,2026-02-03,2025-26,WAS,NYK,0,0.18248276,0.1764083
0022500719,2026-02-03,2025-26,BKN,LAL,0,0.20675823,0.20075698
0022500720,2026-02-03,2025-26,MIA,ATL,0,0.44869414,0.4472929
0022500721,2026-02-03,2025-26,DAL,BOS,0,0.22850847,0.22266074
0022500722,2026-02-03,2025-26,MIL,CHI,1,0.47610456,0.4754482
0022500723,2026-02-03,2025-26,OKC,ORL,1,0.77927464,0.7851862
0022500724,2026-02-03,2025-26,GSW,PHI,0,0.6620902,0.6662178
0022500725,2026-02-03,2025-26,POR,PHX,0,0.40184525,0.39921758
0022500726,2026-02-04,2025-26,NYK,DEN,1,0.3913209,0.38842988
0022500727,2026-02-04,2025-26,TOR,MIN,0,0.35988376,0.35624215
0022500728,2026-02-04,2025-26,HOU,BOS,0,0.8226211,0.8286964
0022500729,2026-02-04,2025-26,MIL,NOP,1,0.53126764,0.53212553
0022500730,2026-02-04,2025-26,SAS,OKC,1,0.7976846,0.80370736
0022500731,2026-02-04,2025-26,SAC,MEM,0,0.45316687,0.45188627
0022500732,2026-02-04,2025-26,LAC,CLE,0,0.4219339,0.4198227
0022500733,2026-02-05,2025-26,DET,WAS,0,0.8747557,0.8804979
0022500734,2026-02-05,2025-26,ORL,BKN,1,0.74097073,0.74648184
0022500735,2026-02-05,2025-26,ATL,UTA,1,0.79545313,0.8014655
0022500736,2026-02-05,2025-26,TOR,CHI,1,0.6404625,0.644112
0022500737,2026-02-05,2025-26,HOU,CHA,0,0.6738112,0.6781827
0022500738,2026-02-05,2025-26,DAL,SAS,0,0.27843767,0.273205
0022500739,2026-02-05,2025-26,PHX,GSW,0,0.535119,0.53608185
0022500740,2026-02-05,2025-26,LAL,PHI,1,0.61203265,0.6150065
0022500741,2026-02-06,2025-26,BOS,MIA,1,0.7028247,0.7077471
0022500742,2026-02-06,2025-26,DET,NYK,1,0.5156528,0.51608306
0022500743,2026-02-06,2025-26,MIL,IND,1,0.7153109,0.7204444
0022500744,2026-02-06,2025-26,MIN,NOP,0,0.8360572,0.84210855
0022500745,2026-02-06,2025-26,POR,MEM,1,0.7702712,0.776108
0022500746,2026-02-06,2025-26,SAC,LAC,0,0.2894576,0.2844028
0022500747,2026-02-07,2025-26,BKN,WAS,1,0.77345794,0.77932274
0022500748,2026-02-07,2025-26,OKC,HOU,0,0.4894132,0.48912203
0022500749,2026-02-07,2025-26,SAS,DAL,1,0.76080793,0.7665529
0022500750,2026-02-07,2025-26,ORL,UTA,1,0.6205458,0.623727
0022500751,2026-02-07,2025-26,ATL,CHA,0,0.63254535,0.6360117
0022500752,2026-02-07,2025-26,CHI,DEN,0,0.24754412,0.24189101
0022500753,2026-02-07,2025-26,LAL,GSW,1,0.571444,0.5733816
0022500754,2026-02-07,2025-26,PHX,PHI,0,0.50744194,0.5076466
0022500755,2026-02-07,2025-26,POR,MEM,1,0.7717571,0.7776072
0022500756,2026-02-07,2025-26,SAC,CLE,0,0.13926014,0.13336131
0022500757,2026-02-08,2025-26,BOS,NYK,0,0.6452263,0.648984
0022500758,2026-02-08,2025-26,WAS,MIA,0,0.119848765,0.11418196
0022500759,2026-02-08,2025-26,TOR,IND,1,0.74563825,0.7512092
0022500760,2026-02-08,2025-26,MIN,LAC,0,0.81233805,0.8184063
0022500761,2026-02-09,2025-26,CHA,DET,0,0.40737465,0.4048874
0022500762,2026-02-09,2025-26,BKN,CHI,1,0.2980788,0.2931724
0022500763,2026-02-09,2025-26,MIA,UTA,0,0.6267424,0.630072
0022500764,2026-02-09,2025-26,ORL,MIL,1,0.62063974,0.62382317
0022500765,2026-02-09,2025-26,MIN,ATL,1,0.77588385,0.7817688
0022500766,2026-02-09,2025-26,NOP,SAC,1,0.7628776,0.76864386
0022500767,2026-02-09,2025-26,DEN,CLE,0,0.6393763,0.6430009
0022500768,2026-02-09,2025-26,GSW,MEM,1,0.7810315,0.7869561
0022500769,2026-02-09,2025-26,LAL,OKC,0,0.4552856,0.45406228
0022500770,2026-02-09,2025-26,POR,PHI,1,0.59644645,0.59903085
0022500771,2026-02-10,2025-26,NYK,IND,0,0.81122494,0.8172912
0022500772,2026-02-10,2025-26,HOU,LAC,1,0.85648733,0.86242324
0022500773,2026-02-10,2025-26,PHX,DAL,1,0.76474947,0.77053434
0022500774,2026-02-10,2025-26,LAL,SAS,0,0.1721529,0.16608228
0022500775,2026-02-11,2025-26,CHA,ATL,1,0.39360774,0.39077345
0022500776,2026-02-11,2025-26,CLE,WAS,1,0.9052256,0.9104197
0022500777,2026-02-11,2025-26,ORL,MIL,0,0.66946596,0.6737484
0022500778,2026-02-11,2025-26,BOS,CHI,1,0.8293107,0.83537894
0022500779,2026-02-11,2025-26,BKN,IND,0,0.6187264,0.62186354
0022500780,2026-02-11,2025-26,PHI,NYK,0,0.4554259,0.45420635
0022500781,2026-02-11,2025-26,TOR,DET,0,0.64841866,0.6522481
0022500782,2026-02-11,2025-26,HOU,LAC,0,0.8157954,0.82186836
0022500783,2026-02-11,2025-26,MIN,POR,1,0.71407324,0.7191865
0022500784,2026-02-11,2025-26,NOP,MIA,0,0.40840405,0.40594319
0022500785,2026-02-11,2025-26,PHX,OKC,0,0.31789953,0.3133626
0022500786,2026-02-11,2025-26,UTA,SAC,1,0.81493336,0.8210054
0022500787,2026-02-11,2025-26,DEN,MEM,1,0.8753229,0.88105756
0022500788,2026-02-11,2025-26,GSW,SAS,0,0.39935476,0.39666432
0022500789,2026-02-12,2025-26,OKC,MIL,0,0.67246425,0.6768083
0022500790,2026-02-12,2025-26,UTA,POR,0,0.32011384,0.31562048
0022500791,2026-02-12,2025-26,LAL,DAL,1,0.6178849,0.62100166
0022500792,2026-02-19,2025-26,CHA,HOU,0,0.25491822,0.24935427
0022500793,2026-02-19,2025-26,CLE,BKN,1,0.8529913,0.85895413
0022500794,2026-02-19,2025-26,PHI,ATL,0,0.39304602,0.39019778
0022500795,2026-02-19,2025-26,WAS,IND,1,0.37393773,0.3706244
0022500796,2026-02-19,2025-26,NYK,DET,0,0.6668246,0.6710521
0022500797,2026-02-19,2025-26,CHI,TOR,0,0.38802576,0.3850534
0022500798,2026-02-19,2025-26,SAS,PHX,1,0.7169574,0.72211736
0022500799,2026-02-19,2025-26,GSW,BOS,0,0.37408352,0.37077364
0022500800,2026-02-19,2025-26,SAC,ORL,0,0.25384927,0.24827193
0022500801,2026-02-19,2025-26,LAC,DEN,1,0.30121726,0.29636675
0022500802,2026-02-20,2025-26,CHA,CLE,0,0.24598745,0.24031645
0022500803,2026-02-20,2025-26,WAS,IND,1,0.361517,0.35791287
0022500804,2026-02-20,2025-26,MEM,UTA,1,0.4589555,0.45783156
0022500805,2026-02-20,2025-26,ATL,MIA,0,0.48147202,0.48096275
0022500806,2026-02-20,2025-26,MIN,DAL,1,0.85873795,0.86465484
0022500807,2026-02-20,2025-26,NOP,MIL,0,0.49639118,0.49629194
0022500808,2026-02-20,2025-26,OKC,BKN,1,0.8356864,0.8417389
0022500809,2026-02-20,2025-26,LAL,LAC,1,0.7886198,0.794595
0022500810,2026-02-20,2025-26,POR,DEN,0,0.5159933,0.51643294
0022500811,2026-02-21,2025-26,PHX,ORL,1,0.5896365,0.5920472
0022500812,2026-02-21,2025-26,NOP,PHI,1,0.32252386,0.31807846
0022500813,2026-02-21,2025-26,MIA,MEM,1,0.8323991,0.83846086
0022500814,2026-02-21,2025-26,CHI,DET,0,0.3151381,0.31054744
0022500815,2026-02-21,2025-26,SAS,SAC,1,0.8779201,0.8836191
0022500816,2026-02-21,2025-26,NYK,HOU,1,0.4847522,0.48433295
0022500817,2026-02-22,2025-26,OKC,CLE,1,0.3844314,0.38137096
0022500818,2026-02-22,2025-26,ATL,BKN,1,0.8050962,0.8111469
0022500819,2026-02-22,2025-26,MIL,TOR,0,0.4806606,0.4801291
0022500820,2026-02-22,2025-26,GSW,DEN,1,0.28366843,0.27851847
0022500821,2026-02-22,2025-26,IND,DAL,0,0.40048367,0.39782164
0022500822,2026-02-22,2025-26,WAS,CHA,0,0.2136989,0.20773812
0022500823,2026-02-22,2025-26,LAL,BOS,0,0.5099169,0.51018965
0022500824,2026-02-22,2025-26,MIN,PHI,0,0.7730592,0.77892053
0022500825,2026-02-22,2025-26,CHI,NYK,0,0.2349126,0.2291244
0022500826,2026-02-22,2025-26,PHX,POR,0,0.31203744,0.3073873
0022500827,2026-02-22,2025-26,LAC,ORL,0,0.57741797,0.57951236
0022500828,2026-02-23,2025-26,DET,SAS,0,0.48309875,0.48263413
0022500829,2026-02-23,2025-26,MEM,SAC,0,0.50323236,0.50332135
0022500830,2026-02-23,2025-26,HOU,UTA,1,0.8250657,0.8311396
0022500831,2026-02-24,2025-26,IND,PHI,0,0.23703045,0.23126325
0022500832,2026-02-24,2025-26,ATL,WAS,1,0.88000333,0.8856723
0022500833,2026-02-24,2025-26,BKN,DAL,0,0.469059,0.46821
0022500834,2026-02-24,2025-26,TOR,OKC,0,0.5836971,0.5859547
0022500835,2026-02-24,2025-26,CLE,NYK,1,0.54467803,0.5459004
0022500836,2026-02-24,2025-26,CHI,CHA,0,0.30581066,0.3010438
0022500837,2026-02-24,2025-26,MIL,MIA,1,0.45705503,0.45587963
0022500838,2026-02-24,2025-26,NOP,GSW,1,0.389737,0.38680682
0022500839,2026-02-24,2025-26,PHX,BOS,0,0.46396762,0.46297985
0022500840,2026-02-24,2025-26,LAL,ORL,0,0.7181098,0.72328824
0022500841,2026-02-24,2025-26,POR,MIN,0,0.28920376,0.28414467
0022500842,2026-02-25,2025-26,DET,OKC,1,0.81334513,0.8194149
0022500843,2026-02-25,2025-26,TOR,SAS,0,0.32641345,0.32204652
0022500844,2026-02-25,2025-26,MEM,GSW,0,0.31914622,0.31463376
0022500845,2026-02-25,2025-26,HOU,SAC,1,0.88097745,0.8866319
0022500846,2026-02-25,2025-26,MIL,CLE,1,0.5146412,0.51504385
0022500847,2026-02-25,2025-26,DEN,BOS,1,0.6636615,0.6678224
0022500848,2026-02-26,2025-26,IND,CHA,0,0.22025372,0.21433863
0022500849,2026-02-26,2025-26,PHI,MIA,1,0.5309826,0.5318327
0022500850,2026-02-26,2025-26,ATL,WAS,1,0.8372399,0.8432872
0022500851,2026-02-26,2025-26,BKN,SAS,0,0.22022076,0.21430545
0022500852,2026-02-26,2025-26,ORL,HOU,0,0.3946426,0.39183408
0022500853,2026-02-26,2025-26,CHI,POR,0,0.41572112,0.41344842
0022500854,2026-02-26,2025-26,DAL,SAC,0,0.8128556,0.8189247
0022500855,2026-02-26,2025-26,PHX,LAL,1,0.2929821,0.287987
0022500856,2026-02-26,2025-26,UTA,NOP,0,0.2997356,0.29485855
0022500857,2026-02-26,2025-26,LAC,MIN,0,0.19097191,0.18491043
0022500858,2026-02-27,2025-26,DET,CLE,1,0.6591187,0.66318274
0022500859,2026-02-27,2025-26,BOS,BKN,1,0.86217666,0.8680619
0022500860,2026-02-27,2025-26,MIL,NYK,0,0.35361317,0.34982932
0022500861,2026-02-27,2025-26,DAL,MEM,0,0.679294,0.6837756
0022500862,2026-02-27,2025-26,OKC,DEN,1,0.52715594,0.52790153
0022500863,2026-02-28,2025-26,CHA,POR,1,0.6859608,0.6905727
0022500864,2026-02-28,2025-26,MIA,HOU,1,0.406884,0.40438432
0022500865,2026-02-28,2025-26,WAS,TOR,0,0.13500878,0.12915175
0022500866,2026-02-28,2025-26,GSW,LAL,0,0.38958693,0.386653
0022500867,2026-02-28,2025-26,UTA,NOP,0,0.34992898,0.34606287
0022500868,2026-03-01,2025-26,NYK,SAS,1,0.49216568,0.4919502
0022500869,2026-03-01,2025-26,BKN,CLE,0,0.2033471,0.19732903
0022500870,2026-03-01,2025-26,CHI,MIL,1,0.3657787,0.36227325
0022500871,2026-03-01,2025-26,DEN,MIN,0,0.3478576,0.34394556
0022500872,2026-03-01,2025-26,IND,MEM,0,0.5967986,0.59939194
0022500873,2026-03-01,2025-26,ATL,POR,1,0.76331216,0.7690827
0022500874,2026-03-01,2025-26,BOS,PHI,1,0.76671994,0.772524
0022500875,2026-03-01,2025-26,ORL,DET,0,0.36727875,0.36380833
0022500876,2026-03-01,2025-26,DAL,OKC,0,0.17394699,0.1678741
0022500877,2026-03-01,2025-26,LAC,NOP,1,0.6944578,0.6992296
0022500878,2026-03-01,2025-26,LAL,SAC,1,0.8502481,0.85623
0022500879,2026-03-02,2025-26,WAS,HOU,0,0.092283174,0.08714808
0022500880,2026-03-02,2025-26,MIL,BOS,0,0.5210289,0.5216067
0022500881,2026-03-02,2025-26,UTA,DEN,0,0.16057791,0.15453877
0022500882,2026-03-02,2025-26,GSW,LAC,0,0.66539025,0.6695877
0022500883,2026-03-03,2025-26,CHA,DAL,1,0.83275354,0.8388145
0022500884,2026-03-03,2025-26,CLE,DET,1,0.4518779,0.4505625
0022500885,2026-03-03,2025-26,ORL,WAS,1,0.90011585,0.9054238
0022500886,2026-03-03,2025-26,MIA,BKN,1,0.8012716,0.8073092
0022500887,2026-03-03,2025-26,TOR,NYK,0,0.43298286,0.43116215
0022500888,2026-03-03,2025-26,PHI,SAS,0,0.33568057,0.33150572
0022500889,2026-03-03,2025-26,CHI,OKC,0,0.2858688,0.28075454
0022500890,2026-03-03,2025-26,MIN,MEM,1,0.8795501,0.8852257
0022500891,2026-03-03,2025-26,LAL,NOP,1,0.7982205,0.8042456
0022500892,2026-03-03,2025-26,SAC,PHX,0,0.18303071,0.17695668
0022500893,2026-03-04,2025-26,NYK,OKC,0,0.5024159,0.5024824
0022500894,2026-03-04,2025-26,BOS,CHA,0,0.75523895,0.7609238
0022500895,2026-03-04,2025-26,PHI,UTA,1,0.7946361,0.80064446
0022500896,2026-03-04,2025-26,MEM,POR,0,0.21865876,0.21273191
0022500897,2026-03-04,2025-26,MIL,ATL,0,0.44268966,0.4411274
0022500898,2026-03-04,2025-26,LAC,IND,1,0.6668403,0.67106813
0022500899,2026-03-05,2025-26,ORL,DAL,1,0.72359174,0.7288556
0022500900,2026-03-05,2025-26,WAS,UTA,0,0.5682149,0.5700673
0022500901,2026-03-05,2025-26,MIA,BKN,1,0.8013843,0.80742234
0022500902,2026-03-05,2025-26,HOU,GSW,0,0.835367,0.8414206
0022500903,2026-03-05,2025-26,MIN,TOR,1,0.6385021,0.64210665
0022500904,2026-03-05,2025-26,SAS,DET,1,0.59608966,0.59866506
0022500905,2026-03-05,2025-26,PHX,CHI,0,0.8047986,0.8108484
0022500906,2026-03-05,2025-26,DEN,LAL,1,0.6075652,0.61042863
0022500907,2026-03-05,2025-26,SAC,NOP,0,0.3096654,0.30497035
0022500908,2026-03-06,2025-26,BOS,DAL,1,0.8635915,0.86946285
0022500909,2026-03-06,2025-26,CHA,MIA,0,0.7207825,0.72600305
0022500910,2026-03-06,2025-26,HOU,POR,1,0.7402365,0.7457379
0022500911,2026-03-06,2025-26,DEN,NYK,0,0.48078924,0.48026124
0022500912,2026-03-06,2025-26,PHX,NOP,1,0.5962084,0.5987868
0022500913,2026-03-06,2025-26,SAS,LAC,1,0.643621,0.64734256
0022500914,2026-03-06,2025-26,LAL,IND,1,0.7405854,0.7460915
0022500915,2026-03-07,2025-26,MIN,ORL,0,0.72418183,0.7294548
0022500916,2026-03-07,2025-26,DET,BKN,0,0.7862223,0.79218256
0022500917,2026-03-07,2025-26,ATL,PHI,1,0.69724596,0.70206875
0022500918,2026-03-07,2025-26,MEM,LAC,0,0.30500528,0.30022362
0022500919,2026-03-07,2025-26,MIL,UTA,1,0.82100034,0.82707596
0022500920,2026-03-07,2025-26,OKC,GSW,1,0.807015,0.81307137
0022500921,2026-03-08,2025-26,CLE,BOS,0,0.41723147,0.41499788
0022500922,2026-03-08,2025-26,LAL,NYK,1,0.46988812,0.46906182
0022500923,2026-03-08,2025-26,MIA,DET,1,0.51497215,0.5153838
0022500924,2026-03-08,2025-26,TOR,DAL,1,0.793343,0.7993447
0022500925,2026-03-08,2025-26,NOP,WAS,1,0.7878514,0.7938218
0022500926,2026-03-08,2025-26,MIL,ORL,0,0.3863617,0.3833485
0022500927,2026-03-08,2025-26,SAS,HOU,1,0.48203388,0.48154005
0022500928,2026-03-08,2025-26,PHX,CHA,1,0.35824963,0.3545707
0022500929,2026-03-08,2025-26,POR,IND,1,0.7744818,0.78035516
0022500930,2026-03-08,2025-26,SAC,CHI,1,0.3140503,0.30943868
0022500931,2026-03-09,2025-26,CLE,PHI,1,0.7476511,0.75324696
0022500932,2026-03-09,2025-26,BKN,MEM,1,0.36510804,0.361587
0022500933,2026-03-09,2025-26,OKC,DEN,1,0.52433574,0.5250041
0022500934,2026-03-09,2025-26,UTA,GSW,1,0.389153,0.38620844
0022500935,2026-03-09,2025-26,LAC,NYK,1,0.43283486,0.43101022
0022500936,2026-03-10,2025-26,PHI,MEM,1,0.6705749,0.67488027
0022500937,2026-03-10,2025-26,BKN,DET,0,0.12325087,0.117535576
0022500938,2026-03-10,2025-26,MIA,WAS,1,0.8496419,0.8556278
0022500939,2026-03-10,2025-26,ATL,DAL,1,0.79635155,0.8023682
0022500940,2026-03-10,2025-26,HOU,TOR,1,0.6859288,0.6905401
0022500941,2026-03-10,2025-26,MIL,PHX,0,0.5219212,0.5225235
0022500942,2026-03-10,2025-26,SAS,BOS,1,0.56852186,0.57038236
0022500943,2026-03-10,2025-26,GSW,CHI,0,0.5127787,0.5131301
0022500944,2026-03-10,2025-26,POR,CHA,0,0.45112452,0.44978875
0022500945,2026-03-10,2025-26,SAC,IND,1,0.59310234,0.5956017
0022500946,2026-03-10,2025-26,LAL,MIN,1,0.41653466,0.414283
0022500947,2026-03-11,2025-26,ORL,CLE,1,0.40628994,0.40377507
0022500948,2026-03-11,2025-26,NOP,TOR,1,0.39591676,0.39314002
0022500949,2026-03-11,2025-26,UTA,NYK,0,0.14686386,0.14090206
0022500950,2026-03-11,2025-26,DEN,HOU,1,0.5404484,0.5415562
0022500951,2026-03-11,2025-26,SAC,CHA,0,0.14615533,0.14019877
0022500952,2026-03-11,2025-26,LAC,MIN,1,0.34954056,0.3456658
0022500953,2026-03-12,2025-26,DET,PHI,1,0.8253222,0.8313958
0022500954,2026-03-12,2025-26,IND,PHX,0,0.23720863,0.23144326
0022500955,2026-03-12,2025-26,ORL,WAS,1,0.834304,0.84036076
0022500956,2026-03-12,2025-26,ATL,BKN,1,0.8890152,0.8945389
0022500957,2026-03-12,2025-26,MIA,MIL,1,0.5690319,0.57090586
0022500958,2026-03-12,2025-26,SAS,DEN,0,0.5029519,0.5030331
0022500959,2026-03-12,2025-26,OKC,BOS,1,0.62399083,0.62725466
0022500960,2026-03-12,2025-26,LAL,CHI,1,0.8449335,0.85094696
0022501111,2026-03-12,2025-26,MEM,DAL,0,0.30644086,0.30168563
0022500961,2026-03-13,2025-26,DET,MEM,1,0.9184172,0.92327094
0022500962,2026-03-13,2025-26,IND,NYK,0,0.17538488,0.16931066
0022500963,2026-03-13,2025-26,TOR,PHX,1,0.66694504,0.67117506
0022500964,2026-03-13,2025-26,HOU,NOP,1,0.7613054,0.7670556
0022500965,2026-03-13,2025-26,DAL,CLE,0,0.20393729,0.19792198
0022500966,2026-03-13,2025-26,GSW,MIN,0,0.22519733,0.21932133
0022500967,2026-03-13,2025-26,POR,UTA,1,0.90267795,0.90793
0022500968,2026-03-13,2025-26,LAC,CHI,1,0.8332002,0.8392599
0022500969,2026-03-14,2025-26,PHI,BKN,1,0.8352385,0.8412925
0022500970,2026-03-14,2025-26,ATL,MIL,1,0.69069,0.6953918
0022500971,2026-03-14,2025-26,BOS,WAS,1,0.9026292,0.90788245
0022500972,2026-03-14,2025-26,MIA,ORL,0,0.6173205,0.62042356
0022500973,2026-03-14,2025-26,SAS,CHA,1,0.67714393,0.6815827
0022500974,2026-03-14,2025-26,LAL,DEN,1,0.46154976,0.46049625
0022500975,2026-03-14,2025-26,LAC,SAC,0,0.813768,0.8198384
0022500976,2026-03-15,2025-26,OKC,MIN,1,0.6271763,0.6305161
0022500977,2026-03-15,2025-26,CLE,DAL,0,0.8343048,0.84036154
0022500978,2026-03-15,2025-26,TOR,DET,1,0.45209265,0.45078307
0022500979,2026-03-15,2025-26,MIL,IND,1,0.811753,0.8178202
0022500980,2026-03-15,2025-26,PHI,POR,1,0.22630416,0.22043738
0022500981,2026-03-15,2025-26,NYK,GSW,1,0.8928175,0.898272
0022500982,2026-03-15,2025-26,SAC,UTA,1,0.85179955,0.85777086
0022500983,2026-03-16,2025-26,ATL,ORL,1,0.6983841,0.70322746
0022500984,2026-03-16,2025-26,WAS,GSW,0,0.28594425,0.28083125
0022500985,2026-03-16,2025-26,BKN,POR,0,0.1611968,0.15515521
0022500986,2026-03-16,2025-26,BOS,PHX,1,0.7595265,0.76525813
0022500987,2026-03-16,2025-26,CHI,MEM,1,0.797417,0.80343854
0022500988,2026-03-16,2025-26,NOP,DAL,1,0.7554706,0.76115805
0022500989,2026-03-16,2025-26,HOU,LAL,0,0.5367559,0.53776336
0022500990,2026-03-16,2025-26,LAC,SAS,0,0.28177768,0.27659747
0022500991,2026-03-17,2025-26,CHA,MIA,1,0.65964365,0.66371894
0022500992,2026-03-17,2025-26,ORL,OKC,0,0.23788767,0.23212917
0022500993,2026-03-17,2025-26,WAS,DET,0,0.10064775,0.095323555
0022500994,2026-03-17,2025-26,NYK,IND,1,0.8677106,0.87353826
0022500995,2026-03-17,2025-26,MIL,CLE,0,0.3112547,0.3065897
0022500996,2026-03-17,2025-26,MIN,PHX,1,0.80211735,0.80815804
0022500997,2026-03-17,2025-26,DEN,PHI,1,0.84669715,0.8527008
0022500998,2026-03-17,2025-26,SAC,SAS,0,0.18710557,0.18103644
0022500651,2026-03-18,2025-26,MEM,DEN,1,0.11918646,0.1135295
0022500999,2026-03-18,2025-26,BOS,GSW,1,0.8265344,0.83260673
0022501000,2026-03-18,2025-26,BKN,OKC,0,0.13185318,0.12603036
0022501001,2026-03-18,2025-26,IND,POR,0,0.16058871,0.15454951
0022501002,2026-03-18,2025-26,CHI,TOR,0,0.2907373,0.28570402
0022501004,2026-03-18,2025-26,MIN,UTA,1,0.88803035,0.89357114
0022501005,2026-03-18,2025-26,NOP,LAC,1,0.500239,0.50024563
0022501006,2026-03-18,2025-26,DAL,ATL,0,0.26760077,0.26220694
0022501007,2026-03-18,2025-26,HOU,LAL,0,0.55513406,0.55663806
0022501008,2026-03-19,2025-26,CHA,ORL,1,0.7933914,0.7993934
0022501009,2026-03-19,2025-26,WAS,DET,0,0.18066674,0.17459138
0022501010,2026-03-19,2025-26,MIA,LAL,0,0.45429036,0.45304012
0022501011,2026-03-19,2025-26,CHI,CLE,0,0.23922272,0.23347804
0022501012,2026-03-19,2025-26,NOP,LAC,1,0.54489994,0.5461283
0022501013,2026-03-19,2025-26,SAS,PHX,1,0.7689816,0.77480674
0022501014,2026-03-19,2025-26,UTA,MIL,1,0.12946089,0.12366584
0022501015,2026-03-19,2025-26,SAC,PHI,0,0.4603508,0.45926479
0022501016,2026-03-20,2025-26,BKN,NYK,0,0.083411805,0.07850674
0022501017,2026-03-20,2025-26,DET,GSW,1,0.6699656,0.67425835
0022501018,2026-03-20,2025-26,HOU,ATL,1,0.6037181,0.60648566
0022501019,2026-03-20,2025-26,MEM,BOS,0,0.12231721,0.11661488
0022501020,2026-03-20,2025-26,MIN,POR,0,0.6553376,0.65931964
0022501021,2026-03-20,2025-26,DEN,TOR,1,0.7137417,0.7188496
0022501022,2026-03-21,2025-26,WAS,OKC,0,0.121385075,0.11569596
0022501023,2026-03-21,2025-26,CHA,MEM,1,0.91068757,0.91574913
0022501024,2026-03-21,2025-26,ORL,LAL,0,0.31038842,0.305707
0022501025,2026-03-21,2025-26,NOP,CLE,0,0.3572296,0.3535274
0022501026,2026-03-21,2025-26,ATL,GSW,1,0.8198272,0.8259027
0022501027,2026-03-21,2025-26,HOU,MIA,1,0.64859015,0.6524234
0022501028,2026-03-21,2025-26,SAS,IND,1,0.8480885,0.854084
0022501029,2026-03-21,2025-26,DAL,LAC,0,0.33653075,0.3323739
0022501030,2026-03-21,2025-26,UTA,PHI,0,0.25945497,0.2539495
0022501031,2026-03-21,2025-26,PHX,MIL,0,0.6346146,0.63812923
0022501032,2026-03-22,2025-26,DEN,POR,1,0.7380217,0.74349344
0022501033,2026-03-22,2025-26,SAC,BKN,1,0.7919875,0.79798204
0022501034,2026-03-22,2025-26,NYK,WAS,1,0.92767656,0.93224716
0022501035,2026-03-22,2025-26,BOS,MIN,0,0.62618667,0.62950295
0022501036,2026-03-22,2025-26,PHX,TOR,1,0.25571197,0.25015804
0022501037,2026-03-23,2025-26,ATL,MEM,1,0.8632487,0.8691234
0022501038,2026-03-23,2025-26,DET,LAL,1,0.423442,0.42137015
0022501039,2026-03-23,2025-26,ORL,IND,0,0.7158775,0.72102016
0022501040,2026-03-23,2025-26,PHI,OKC,0,0.19454226,0.18849039
0022501041,2026-03-23,2025-26,MIA,SAS,0,0.43759432,0.435896
0022501042,2026-03-23,2025-26,CHI,HOU,1,0.26389894,0.25845334
0022501043,2026-03-23,2025-26,UTA,TOR,0,0.25628045,0.25073382
0022501044,2026-03-23,2025-26,DAL,GSW,0,0.41744402,0.41521597
0022501045,2026-03-23,2025-26,POR,BKN,1,0.90120995,0.9064943
0022501046,2026-03-23,2025-26,LAC,MIL,1,0.66426164,0.6684353
0022501047,2026-03-24,2025-26,CHA,SAC,1,0.8875669,0.8931157
0022501048,2026-03-24,2025-26,NYK,NOP,1,0.7755684,0.7814508
0022501049,2026-03-24,2025-26,CLE,ORL,1,0.7929784,0.7989783
0022501050,2026-03-24,2025-26,PHX,DEN,0,0.29975086,0.2948741
0022501051,2026-03-25,2025-26,DET,ATL,0,0.4658252,0.46488798
0022501052,2026-03-25,2025-26,IND,LAL,0,0.18931055,0.18324542
0022501053,2026-03-25,2025-26,PHI,CHI,1,0.6438404,0.64756685
0022501054,2026-03-25,2025-26,BOS,OKC,1,0.53847724,0.53953147
0022501055,2026-03-25,2025-26,CLE,MIA,0,0.48052746,0.47999227
0022501056,2026-03-25,2025-26,MEM,SAS,0,0.12031348,0.114639856
0022501057,2026-03-25,2025-26,UTA,WAS,0,0.50489664,0.50503135
0022501058,2026-03-25,2025-26,MIN,HOU,1,0.5343048,0.5352455
0022501059,2026-03-25,2025-26,DEN,DAL,1,0.85891783,0.8648331
0022501060,2026-03-25,2025-26,GSW,BKN,1,0.84468865,0.85070336
0022501061,2026-03-25,2025-26,POR,MIL,1,0.78521156,0.7911652
0022501062,2026-03-25,2025-26,LAC,TOR,1,0.62093514,0.6241257
0022501063,2026-03-26,2025-26,CHA,NYK,1,0.43702647,0.43531305
0022501064,2026-03-26,2025-26,DET,NOP,1,0.4671532,0.46625218
0022501065,2026-03-26,2025-26,ORL,SAC,1,0.85994864,0.8658547
0022501066,2026-03-27,2025-26,IND,LAC,0,0.2309119,0.22508577
0022501067,2026-03-27,2025-26,BOS,ATL,1,0.5734393,0.5754294
0022501068,2026-03-27,2025-26,CLE,MIA,1,0.5339443,0.5348752
0022501069,2026-03-27,2025-26,MEM,HOU,0,0.10591947,0.100489
0022501070,2026-03-27,2025-26,OKC,CHI,1,0.80034775,0.8063817
0022501071,2026-03-27,2025-26,TOR,NOP,1,0.7367502,0.74220467
0022501072,2026-03-27,2025-26,DEN,UTA,1,0.9290869,0.93361104
0022501073,2026-03-27,2025-26,GSW,WAS,1,0.75825334,0.76397127
0022501074,2026-03-27,2025-26,POR,DAL,0,0.7750716,0.78094995
0022501075,2026-03-27,2025-26,LAL,BKN,1,0.9130127,0.91801417
0022501076,2026-03-28,2025-26,MIL,SAS,0,0.16407184,0.15802005
0022501077,2026-03-28,2025-26,CHA,PHI,0,0.62681043,0.63014156
0022501078,2026-03-28,2025-26,ATL,SAC,1,0.8705991,0.8763935
0022501079,2026-03-28,2025-26,MEM,CHI,1,0.16136731,0.15532507
0022501080,2026-03-28,2025-26,MIN,DET,0,0.6409235,0.6445836
0022501081,2026-03-28,2025-26,PHX,UTA,1,0.89282644,0.8982808
0022501082,2026-03-29,2025-26,MIL,LAC,0,0.1445075,0.13856362
0022501083,2026-03-29,2025-26,IND,MIA,1,0.20769672,0.20170046
0022501084,2026-03-29,2025-26,BKN,SAC,1,0.43234578,0.4305082
0022501085,2026-03-29,2025-26,CHA,BOS,0,0.54636383,0.54763174
0022501086,2026-03-29,2025-26,TOR,ORL,1,0.508046,0.5082673
0022501087,2026-03-29,2025-26,POR,WAS,1,0.87202823,0.8778052
0022501088,2026-03-29,2025-26,NOP,HOU,0,0.27155578,0.26621914
0022501089,2026-03-29,2025-26,OKC,NYK,1,0.5483524,0.5496741
0022501090,2026-03-29,2025-26,DEN,GSW,1,0.84849024,0.8544833
0022501091,2026-03-30,2025-26,MIA,PHI,1,0.5215812,0.5221742
0022501092,2026-03-30,2025-26,ATL,BOS,1,0.64019626,0.6438397
0022501093,2026-03-30,2025-26,MEM,PHX,0,0.13404237,0.12819552
0022501094,2026-03-30,2025-26,SAS,CHI,1,0.8627666,0.8686461
0022501095,2026-03-30,2025-26,DAL,MIN,0,0.18386228,0.17778897
0022501096,2026-03-30,2025-26,UTA,CLE,0,0.12995946,0.124158494
0022501097,2026-03-30,2025-26,OKC,DET,1,0.809234,0.815296
0022501098,2026-03-30,2025-26,LAL,WAS,1,0.9002502,0.9055553
0022500652,2026-03-31,2025-26,MIL,DAL,1,0.71089745,0.7159582
0022501099,2026-03-31,2025-26,ORL,PHX,1,0.49048248,0.49022067
0022501100,2026-03-31,2025-26,BKN,CHA,0,0.12936932,0.123575374
0022501101,2026-03-31,2025-26,DET,TOR,1,0.5293712,0.53017735
0022501102,2026-03-31,2025-26,HOU,NYK,1,0.5672206,0.56904674
0022501103,2026-03-31,2025-26,LAL,CLE,1,0.50412244,0.50423586
0022501104,2026-03-31,2025-26,LAC,POR,0,0.61559767,0.61865884
0022501003,2026-04-01,2025-26,MEM,NYK,0,0.09336585,0.08820481
0022501105,2026-04-01,2025-26,WAS,PHI,0,0.18779016,0.18172216
0022501106,2026-04-01,2025-26,MIA,BOS,0,0.44623417,0.4447669
0022501107,2026-04-01,2025-26,ORL,ATL,0,0.3385842,0.334471
0022501108,2026-04-01,2025-26,TOR,SAC,0,0.82969517,0.8357628
0022501109,2026-04-01,2025-26,CHI,IND,0,0.58805233,0.59042233
0022501110,2026-04-01,2025-26,HOU,MIL,1,0.9256299,0.93026644
0022501112,2026-04-01,2025-26,UTA,DEN,0,0.11873795,0.11308774
0022501113,2026-04-01,2025-26,GSW,SAS,0,0.12700732,0.12124245
0022501114,2026-04-02,2025-26,CHA,PHX,1,0.65220326,0.6561166
0022501115,2026-04-02,2025-26,DET,MIN,1,0.4716775,0.47090006
0022501116,2026-04-02,2025-26,OKC,LAL,1,0.490814,0.49056137
0022501117,2026-04-02,2025-26,GSW,CLE,0,0.20313926,0.1971202
0022501118,2026-04-02,2025-26,POR,NOP,1,0.63521045,0.63873893
0022501119,2026-04-02,2025-26,LAC,SAS,0,0.50707567,0.50727034
0022501120,2026-04-03,2025-26,CHA,IND,1,0.8453222,0.8513336
0022501121,2026-04-03,2025-26,PHI,MIN,1,0.53890187,0.53996766
0022501122,2026-04-03,2025-26,BKN,ATL,0,0.13576007,0.12989528
0022501123,2026-04-03,2025-26,NYK,CHI,1,0.8313515,0.83741575
0022501124,2026-04-03,2025-26,HOU,UTA,1,0.90994954,0.9150297
0022501125,2026-04-03,2025-26,MEM,TOR,0,0.11878282,0.11313195
0022501126,2026-04-03,2025-26,MIL,BOS,0,0.14473161,0.13878594
0022501127,2026-04-03,2025-26,DAL,ORL,0,0.2880182,0.28293934
0022501128,2026-04-03,2025-26,SAC,NOP,1,0.32216552,0.31771293
0022501129,2026-04-04,2025-26,MIA,WAS,1,0.89976656,0.9050819
0022501130,2026-04-04,2025-26,DEN,SAS,1,0.5778934,0.5800001
0022501131,2026-04-04,2025-26,PHI,DET,0,0.36414093,0.36059737
0022501132,2026-04-05,2025-26,BOS,TOR,1,0.78251714,0.78845245
0022501133,2026-04-05,2025-26,BKN,WAS,1,0.45527187,0.45404813
0022501134,2026-04-05,2025-26,CHI,PHX,0,0.15958261,0.15354757
0022501135,2026-04-05,2025-26,MIL,MEM,1,0.8786089,0.8842981
0022501136,2026-04-05,2025-26,CLE,IND,1,0.88755506,0.8931041
0022501137,2026-04-05,2025-26,MIN,CHA,0,0.50026745,0.50027484
0022501138,2026-04-05,2025-26,NOP,ORL,0,0.2703834,0.26502958
0022501139,2026-04-05,2025-26,OKC,UTA,1,0.89198947,0.8974595
0022501140,2026-04-05,2025-26,DAL,LAL,1,0.3921699,0.3892999
0022501141,2026-04-05,2025-26,SAC,LAC,0,0.22544973,0.21957578
0022501142,2026-04-05,2025-26,GSW,HOU,0,0.2661483,0.26073396
0022501143,2026-04-06,2025-26,ATL,NYK,0,0.43962935,0.4379853
0022501144,2026-04-06,2025-26,ORL,DET,1,0.34669286,0.34275523
0022501145,2026-04-06,2025-26,MEM,CLE,0,0.113498695,0.107931934
0022501146,2026-04-06,2025-26,SAS,PHI,1,0.65430146,0.6582609
0022501147,2026-04-06,2025-26,DEN,POR,1,0.76163244,0.767386
0022501148,2026-04-07,2025-26,WAS,CHI,0,0.38480496,0.38175368
0022501149,2026-04-07,2025-26,BOS,CHA,1,0.7076264,0.7126319
0022501150,2026-04-07,2025-26,BKN,MIL,1,0.1912719,0.18521114
0022501151,2026-04-07,2025-26,TOR,MIA,1,0.5013401,0.501377
0022501152,2026-04-07,2025-26,IND,MIN,0,0.16618688,0.16012877
0022501153,2026-04-07,2025-26,NOP,UTA,1,0.4839884,0.48354822
0022501154,2026-04-07,2025-26,GSW,SAC,1,0.807908,0.8139667
0022501155,2026-04-07,2025-26,LAL,OKC,0,0.22113377,0.21522535
0022501156,2026-04-07,2025-26,LAC,DAL,1,0.77241355,0.77826935
0022501157,2026-04-07,2025-26,PHX,HOU,0,0.29170868,0.2866918
0022501158,2026-04-08,2025-26,CLE,ATL,1,0.55283546,0.5542778
0022501159,2026-04-08,2025-26,ORL,MIN,1,0.47673142,0.47609222
0022501160,2026-04-08,2025-26,DET,MIL,1,0.87010235,0.87590253
0022501161,2026-04-08,2025-26,SAS,POR,1,0.6876056,0.692249
0022501162,2026-04-08,2025-26,DEN,MEM,1,0.95917994,0.9624482
0022501163,2026-04-08,2025-26,LAC,OKC,0,0.32902735,0.32471386
0022501164,2026-04-08,2025-26,PHX,DAL,1,0.8776656,0.8833681
0022501165,2026-04-09,2025-26,TOR,MIA,1,0.54125386,0.5423835
0022501166,2026-04-09,2025-26,WAS,CHI,0,0.37126625,0.36788955
0022501167,2026-04-09,2025-26,BKN,IND,0,0.2874417,0.2823533
0022501168,2026-04-09,2025-26,NYK,BOS,1,0.5418096,0.54295427
0022501169,2026-04-09,2025-26,HOU,PHI,1,0.7708314,0.77667326
0022501170,2026-04-09,2025-26,GSW,LAL,0,0.33653852,0.3323818
0022501171,2026-04-10,2025-26,CHA,DET,0,0.53746045,0.538487
0022501172,2026-04-10,2025-26,WAS,MIA,0,0.12140591,0.11571648
0022501173,2026-04-10,2025-26,ATL,CLE,1,0.65463823,0.65860504
0022501174,2026-04-10,2025-26,BOS,NOP,1,0.9311449,0.9355993
0022501175,2026-04-10,2025-26,IND,PHI,0,0.16026013,0.15422226
0022501176,2026-04-10,2025-26,NYK,TOR,1,0.6865636,0.691187
0022501177,2026-04-10,2025-26,CHI,ORL,0,0.19506371,0.18901342
0022501178,2026-04-10,2025-26,HOU,MIN,0,0.66452587,0.6687051
0022501179,2026-04-10,2025-26,MIL,BKN,1,0.9063866,0.91155344
0022501180,2026-04-10,2025-26,SAS,DAL,1,0.9073733,0.9125166
0022501181,2026-04-10,2025-26,UTA,MEM,1,0.79727656,0.80329746
0022501182,2026-04-10,2025-26,DEN,OKC,1,0.60062915,0.6033192
0022501183,2026-04-10,2025-26,POR,LAC,1,0.5162633,0.51671046
0022501184,2026-04-10,2025-26,SAC,GSW,1,0.30117056,0.2963192
0022501185,2026-04-10,2025-26,LAL,PHX,1,0.48619002,0.48581025
0022501186,2026-04-12,2025-26,BOS,ORL,1,0.20015763,0.19412568
0022501187,2026-04-12,2025-26,CLE,WAS,1,0.7574536,0.763163
0022501188,2026-04-12,2025-26,IND,DET,0,0.17514919,0.16907518
0022501189,2026-04-12,2025-26,MIA,ATL,1,0.92438996,0.9290655
0022501190,2026-04-12,2025-26,NYK,CHA,0,0.2712813,0.2659406
0022501191,2026-04-12,2025-26,PHI,MIL,1,0.77226454,0.778119
0022501192,2026-04-12,2025-26,TOR,BKN,1,0.93262774,0.9370307
0022501193,2026-04-12,2025-26,DAL,CHI,1,0.6269146,0.63024825
0022501194,2026-04-12,2025-26,HOU,MEM,1,0.9231923,0.92790484
0022501195,2026-04-12,2025-26,MIN,NOP,1,0.77378136,0.7796489
0022501196,2026-04-12,2025-26,OKC,PHX,0,0.51641977,0.51687115
0022501197,2026-04-12,2025-26,SAS,DEN,0,0.534756,0.53570896
0022501198,2026-04-12,2025-26,LAL,UTA,1,0.86802155,0.87384576
0022501199,2026-04-12,2025-26,LAC,GSW,1,0.7164186,0.72157
0022501200,2026-04-12,2025-26,POR,SAC,1,0.83675444,0.8428034
