game_id,date,season,home,away,home_win,p_home
0022400061,2024-10-22,2024-25,BOS,NYK,1,0.7626698
0022400062,2024-10-22,2024-25,LAL,MIN,1,0.5455202
0022400063,2024-10-23,2024-25,DET,IND,0,0.2153926
0022400064,2024-10-23,2024-25,ATL,BKN,1,0.7023475
0022400065,2024-10-23,2024-25,MIA,ORL,0,0.58858865
0022400066,2024-10-23,2024-25,PHI,MIL,0,0.49777576
0022400067,2024-10-23,2024-25,TOR,CLE,0,0.2405622
0022400068,2024-10-23,2024-25,HOU,CHA,0,0.5370345
0022400069,2024-10-23,2024-25,NOP,CHI,1,0.6166616
0022400070,2024-10-23,2024-25,UTA,MEM,0,0.8246483
0022400071,2024-10-23,2024-25,LAC,PHX,0,0.60565364
0022400072,2024-10-23,2024-25,POR,GSW,0,0.24360967
0022400073,2024-10-24,2024-25,WAS,BOS,0,0.23014529
0022400074,2024-10-24,2024-25,DAL,SAS,1,0.6545825
0022400075,2024-10-24,2024-25,DEN,OKC,0,0.5054341
0022400076,2024-10-24,2024-25,SAC,MIN,0,0.52098536
0022400077,2024-10-25,2024-25,ORL,BKN,1,0.7972107
0022400078,2024-10-25,2024-25,TOR,PHI,1,0.44476652
0022400079,2024-10-25,2024-25,ATL,CHA,1,0.7095727
0022400080,2024-10-25,2024-25,CLE,DET,1,0.75615275
0022400081,2024-10-25,2024-25,NYK,IND,1,0.67394614
0022400082,2024-10-25,2024-25,HOU,MEM,1,0.71326643
0022400083,2024-10-25,2024-25,MIL,CHI,0,0.64947766
0022400084,2024-10-25,2024-25,UTA,GSW,0,0.29154024
0022400085,2024-10-25,2024-25,LAL,PHX,1,0.60175264
0022400086,2024-10-25,2024-25,POR,NOP,0,0.27554342
0022400087,2024-10-26,2024-25,DEN,LAC,0,0.8101004
0022400088,2024-10-26,2024-25,CHA,MIA,0,0.30407178
0022400089,2024-10-26,2024-25,DET,BOS,0,0.23824099
0022400090,2024-10-26,2024-25,WAS,CLE,0,0.28332758
0022400091,2024-10-26,2024-25,CHI,OKC,0,0.26037094
0022400092,2024-10-26,2024-25,MEM,ORL,1,0.38917547
0022400093,2024-10-26,2024-25,MIN,TOR,1,0.87523484
0022400094,2024-10-26,2024-25,SAS,HOU,1,0.49403816
0022400095,2024-10-26,2024-25,PHX,DAL,1,0.41322166
0022400096,2024-10-26,2024-25,LAL,SAC,1,0.4397441
0022400097,2024-10-27,2024-25,IND,PHI,0,0.6854457
0022400098,2024-10-27,2024-25,BKN,MIL,1,0.28644732
0022400099,2024-10-27,2024-25,POR,NOP,1,0.2608605
0022400100,2024-10-27,2024-25,OKC,ATL,1,0.6589173
0022400101,2024-10-27,2024-25,GSW,LAC,0,0.77672553
0022400102,2024-10-28,2024-25,ORL,IND,1,0.70837283
0022400103,2024-10-28,2024-25,ATL,WAS,0,0.759188
0022400104,2024-10-28,2024-25,BOS,MIL,1,0.79437333
0022400105,2024-10-28,2024-25,MIA,DET,1,0.7202164
0022400106,2024-10-28,2024-25,NYK,CLE,0,0.5574618
0022400107,2024-10-28,2024-25,TOR,DEN,0,0.18918663
0022400108,2024-10-28,2024-25,MEM,CHI,0,0.4853259
0022400109,2024-10-28,2024-25,SAS,HOU,0,0.35024697
0022400110,2024-10-28,2024-25,DAL,UTA,1,0.84715736
0022400111,2024-10-28,2024-25,PHX,LAL,1,0.50987434
0022400112,2024-10-28,2024-25,SAC,POR,1,0.88685226
0022400113,2024-10-29,2024-25,BKN,DEN,0,0.3131097
0022400114,2024-10-29,2024-25,MIN,DAL,0,0.5919925
0022400115,2024-10-29,2024-25,UTA,SAC,0,0.21042682
0022400116,2024-10-29,2024-25,GSW,NOP,1,0.61388755
0022400117,2024-10-30,2024-25,CHA,TOR,1,0.618837
0022400118,2024-10-30,2024-25,CLE,LAL,1,0.5729659
0022400119,2024-10-30,2024-25,IND,BOS,1,0.37163693
0022400120,2024-10-30,2024-25,PHI,DET,0,0.49305505
0022400121,2024-10-30,2024-25,WAS,ATL,1,0.34876242
0022400122,2024-10-30,2024-25,MIA,NYK,0,0.462793
0022400123,2024-10-30,2024-25,CHI,ORL,1,0.4400553
0022400124,2024-10-30,2024-25,MEM,BKN,0,0.66994554
0022400125,2024-10-30,2024-25,OKC,SAS,1,0.8501737
0022400126,2024-10-30,2024-25,GSW,NOP,1,0.5571601
0022400127,2024-10-30,2024-25,LAC,POR,0,0.7036717
0022400128,2024-10-31,2024-25,MEM,MIL,1,0.39460883
0022400129,2024-10-31,2024-25,DAL,HOU,0,0.64934754
0022400130,2024-10-31,2024-25,UTA,SAS,0,0.55830187
0022400131,2024-10-31,2024-25,LAC,PHX,0,0.3811892
0022400132,2024-11-01,2024-25,CHA,BOS,0,0.15766463
0022400133,2024-11-01,2024-25,CLE,ORL,1,0.67128336
0022400134,2024-11-01,2024-25,DET,NYK,0,0.32553053
0022400135,2024-11-01,2024-25,ATL,SAC,0,0.23480716
0022400136,2024-11-01,2024-25,BKN,CHI,1,0.40848804
0022400137,2024-11-01,2024-25,TOR,LAL,0,0.2051683
0022400138,2024-11-01,2024-25,NOP,IND,1,0.4681102
0022400139,2024-11-01,2024-25,MIN,DEN,1,0.628949
0022400140,2024-11-01,2024-25,POR,OKC,0,0.21841547
0022400141,2024-11-02,2024-25,CHA,BOS,0,0.17187025
0022400142,2024-11-02,2024-25,PHI,MEM,0,0.5384016
0022400143,2024-11-02,2024-25,TOR,SAC,1,0.14774098
0022400144,2024-11-02,2024-25,HOU,GSW,0,0.54299265
0022400145,2024-11-02,2024-25,MIL,CLE,0,0.5077627
0022400146,2024-11-02,2024-25,SAS,MIN,1,0.41427827
0022400148,2024-11-02,2024-25,DEN,UTA,1,0.81091017
0022400149,2024-11-02,2024-25,PHX,POR,1,0.8523878
0022400150,2024-11-02,2024-25,LAC,OKC,0,0.38482997
0022400151,2024-11-03,2024-25,BKN,DET,0,0.5467826
0022400152,2024-11-03,2024-25,NOP,ATL,0,0.67858005
0022400153,2024-11-03,2024-25,DAL,ORL,1,0.6658413
0022400154,2024-11-04,2024-25,CLE,MIL,1,0.67525816
0022400155,2024-11-04,2024-25,WAS,GSW,0,0.28240967
0022400156,2024-11-04,2024-25,DET,LAL,1,0.26299033
0022400157,2024-11-04,2024-25,ATL,BOS,0,0.16252063
0022400158,2024-11-04,2024-25,BKN,MEM,1,0.44640952
0022400159,2024-11-04,2024-25,MIA,SAC,0,0.48379776
0022400160,2024-11-04,2024-25,CHI,UTA,0,0.7939905
0022400161,2024-11-04,2024-25,HOU,NYK,1,0.37110528
0022400162,2024-11-04,2024-25,MIN,CHA,1,0.7941399
0022400163,2024-11-04,2024-25,OKC,ORL,1,0.83292156
0022400164,2024-11-04,2024-25,NOP,POR,0,0.49329558
0022400165,2024-11-04,2024-25,DAL,IND,0,0.6531139
0022400166,2024-11-04,2024-25,DEN,TOR,1,0.8724073
0022400167,2024-11-04,2024-25,PHX,PHI,1,0.8079872
0022400168,2024-11-04,2024-25,LAC,SAS,1,0.6700359
0022400169,2024-11-06,2024-25,CHA,DET,1,0.48904482
0022400170,2024-11-06,2024-25,IND,ORL,1,0.6495844
0022400171,2024-11-06,2024-25,ATL,NYK,1,0.25730887
0022400172,2024-11-06,2024-25,BOS,GSW,0,0.7172742
0022400173,2024-11-06,2024-25,HOU,SAS,1,0.667871
0022400174,2024-11-06,2024-25,MEM,LAL,1,0.38240778
0022400175,2024-11-06,2024-25,NOP,CLE,0,0.2526586
0022400176,2024-11-06,2024-25,DAL,CHI,1,0.79675514
0022400177,2024-11-06,2024-25,DEN,OKC,1,0.39195272
0022400178,2024-11-06,2024-25,PHX,MIA,1,0.6443786
0022400179,2024-11-06,2024-25,LAC,PHI,1,0.6476032
0022400180,2024-11-06,2024-25,SAC,TOR,1,0.84753025
0022400181,2024-11-07,2024-25,CHI,MIN,0,0.3260602
0022400182,2024-11-07,2024-25,MIL,UTA,1,0.8351695
0022400183,2024-11-07,2024-25,SAS,POR,1,0.58047044
0022400184,2024-11-08,2024-25,CHA,IND,1,0.39962068
0022400185,2024-11-08,2024-25,DET,ATL,1,0.61073214
0022400186,2024-11-08,2024-25,ORL,NOP,1,0.6660959
0022400187,2024-11-08,2024-25,BOS,BKN,1,0.8741647
0022400188,2024-11-08,2024-25,CLE,GSW,1,0.51835763
0022400189,2024-11-08,2024-25,NYK,MIL,1,0.6823816
0022400190,2024-11-08,2024-25,DAL,PHX,0,0.59202874
0022400191,2024-11-08,2024-25,MEM,WAS,1,0.7973442
0022400192,2024-11-08,2024-25,OKC,HOU,1,0.770877
0022400193,2024-11-08,2024-25,MIN,POR,1,0.8136393
0022400194,2024-11-08,2024-25,DEN,MIA,1,0.60807043
0022400195,2024-11-08,2024-25,LAL,PHI,1,0.59028935
0022400196,2024-11-08,2024-25,SAC,LAC,0,0.6791994
0022400197,2024-11-09,2024-25,SAS,UTA,0,0.73102695
0022400198,2024-11-09,2024-25,ATL,CHI,0,0.5326471
0022400199,2024-11-09,2024-25,CLE,BKN,1,0.7978986
0022400200,2024-11-09,2024-25,LAC,TOR,1,0.7532079
0022400201,2024-11-10,2024-25,DET,HOU,0,0.4291118
0022400202,2024-11-10,2024-25,MIL,BOS,0,0.38050085
0022400203,2024-11-10,2024-25,IND,NYK,1,0.42491314
0022400204,2024-11-10,2024-25,ORL,WAS,1,0.7890338
0022400205,2024-11-10,2024-25,PHI,CHA,1,0.53927594
0022400206,2024-11-10,2024-25,MIN,MIA,0,0.67922467
0022400207,2024-11-10,2024-25,OKC,GSW,0,0.63422734
0022400208,2024-11-10,2024-25,DEN,DAL,1,0.56657183
0022400209,2024-11-10,2024-25,PHX,SAC,0,0.5486407
0022400210,2024-11-10,2024-25,POR,MEM,0,0.4618533
0022400211,2024-11-10,2024-25,LAL,TOR,1,0.801465
0022400212,2024-11-11,2024-25,CHI,CLE,0,0.3183041
0022400213,2024-11-11,2024-25,HOU,WAS,1,0.8684713
0022400214,2024-11-11,2024-25,NOP,BKN,0,0.31626168
0022400215,2024-11-11,2024-25,OKC,LAC,1,0.69630605
0022400216,2024-11-11,2024-25,SAS,SAC,1,0.439518
0022400001,2024-11-12,2024-25,BOS,ATL,0,0.8490362
0022400002,2024-11-12,2024-25,DET,MIA,1,0.41427362
0022400003,2024-11-12,2024-25,ORL,CHA,1,0.5665338
0022400004,2024-11-12,2024-25,PHI,NYK,0,0.33034182
0022400005,2024-11-12,2024-25,MIL,TOR,1,0.7917678
0022400006,2024-11-12,2024-25,UTA,PHX,0,0.30777878
0022400007,2024-11-12,2024-25,GSW,DAL,1,0.63764626
0022400008,2024-11-12,2024-25,POR,MIN,1,0.24198149
0022400217,2024-11-13,2024-25,ORL,IND,1,0.5284643
0022400218,2024-11-13,2024-25,BKN,BOS,0,0.23562346
0022400219,2024-11-13,2024-25,NYK,CHI,0,0.7631895
0022400220,2024-11-13,2024-25,PHI,CLE,0,0.2682154
0022400221,2024-11-13,2024-25,OKC,NOP,1,0.9140333
0022400222,2024-11-13,2024-25,HOU,LAC,1,0.562083
0022400223,2024-11-13,2024-25,MIL,DET,1,0.6741706
0022400224,2024-11-13,2024-25,SAS,WAS,1,0.76882565
0022400225,2024-11-13,2024-25,LAL,MEM,1,0.62380844
0022400226,2024-11-13,2024-25,POR,MIN,1,0.25719956
0022400227,2024-11-13,2024-25,SAC,PHX,1,0.6916978
0022400228,2024-11-14,2024-25,UTA,DAL,1,0.21347253
0022400009,2024-11-15,2024-25,IND,MIA,0,0.5304449
0022400010,2024-11-15,2024-25,ORL,PHI,1,0.72363436
0022400011,2024-11-15,2024-25,TOR,DET,0,0.5505718
0022400012,2024-11-15,2024-25,ATL,WAS,1,0.79153895
0022400013,2024-11-15,2024-25,CLE,CHI,1,0.79154533
0022400014,2024-11-15,2024-25,NYK,BKN,1,0.8038934
0022400015,2024-11-15,2024-25,SAS,LAL,0,0.41449034
0022400016,2024-11-15,2024-25,HOU,LAC,1,0.5467303
0022400017,2024-11-15,2024-25,NOP,DEN,1,0.16692251
0022400018,2024-11-15,2024-25,OKC,PHX,1,0.73664796
0022400019,2024-11-15,2024-25,GSW,MEM,1,0.751857
0022400020,2024-11-15,2024-25,SAC,MIN,0,0.64676553
0022400229,2024-11-16,2024-25,CHA,MIL,1,0.46745923
0022400230,2024-11-16,2024-25,BOS,TOR,1,0.91183513
0022400231,2024-11-16,2024-25,NOP,LAL,0,0.20027068
0022400232,2024-11-16,2024-25,DAL,SAS,1,0.7272794
0022400233,2024-11-16,2024-25,SAC,UTA,1,0.81518507
0022400234,2024-11-17,2024-25,MIN,PHX,1,0.5495452
0022400235,2024-11-17,2024-25,IND,MIA,1,0.5269538
0022400236,2024-11-17,2024-25,CLE,CHA,1,0.8732479
0022400237,2024-11-17,2024-25,WAS,DET,0,0.37636817
0022400238,2024-11-17,2024-25,MEM,DEN,1,0.58397436
0022400239,2024-11-17,2024-25,POR,ATL,1,0.40783253
0022400240,2024-11-17,2024-25,NYK,BKN,1,0.76530474
0022400241,2024-11-17,2024-25,CHI,HOU,0,0.47838974
0022400242,2024-11-17,2024-25,OKC,DAL,0,0.7137185
0022400243,2024-11-17,2024-25,LAC,UTA,1,0.83759093
0022400244,2024-11-18,2024-25,DET,CHI,0,0.5516651
0022400245,2024-11-18,2024-25,MIA,PHI,1,0.5701492
0022400246,2024-11-18,2024-25,NYK,WAS,1,0.87434995
0022400247,2024-11-18,2024-25,TOR,IND,1,0.4229047
0022400248,2024-11-18,2024-25,MIL,HOU,1,0.4966544
0022400249,2024-11-18,2024-25,PHX,ORL,0,0.54704934
0022400250,2024-11-18,2024-25,SAC,ATL,0,0.76741886
0022400251,2024-11-18,2024-25,LAC,GSW,1,0.32324117
0022400021,2024-11-19,2024-25,BOS,CLE,1,0.6424158
0022400022,2024-11-19,2024-25,BKN,CHA,1,0.5328788
0022400023,2024-11-19,2024-25,MEM,DEN,0,0.59187025
0022400024,2024-11-19,2024-25,DAL,NOP,1,0.90839183
0022400025,2024-11-19,2024-25,SAS,OKC,1,0.3053219
0022400026,2024-11-19,2024-25,LAL,UTA,1,0.8555441
0022400252,2024-11-20,2024-25,CLE,NOP,1,0.87806463
0022400253,2024-11-20,2024-25,MIL,CHI,1,0.71324915
0022400254,2024-11-20,2024-25,HOU,IND,1,0.7511008
0022400255,2024-11-20,2024-25,MEM,PHI,1,0.549748
0022400256,2024-11-20,2024-25,OKC,POR,1,0.88425696
0022400257,2024-11-20,2024-25,PHX,NYK,0,0.43302158
0022400258,2024-11-20,2024-25,GSW,ATL,1,0.8275857
0022400259,2024-11-20,2024-25,LAC,ORL,1,0.5924018
0022400260,2024-11-21,2024-25,CHA,DET,1,0.5495565
0022400261,2024-11-21,2024-25,TOR,MIN,1,0.32859454
0022400262,2024-11-21,2024-25,SAS,UTA,1,0.7361127
0022400263,2024-11-21,2024-25,LAL,ORL,0,0.6441543
0022400027,2024-11-22,2024-25,PHI,BKN,1,0.6977967
0022400028,2024-11-22,2024-25,WAS,BOS,0,0.14059272
0022400029,2024-11-22,2024-25,MIL,IND,1,0.6518411
0022400030,2024-11-22,2024-25,CHI,ATL,1,0.5623811
0022400031,2024-11-22,2024-25,HOU,POR,1,0.84574646
0022400032,2024-11-22,2024-25,NOP,GSW,0,0.08185531
0022400033,2024-11-22,2024-25,DEN,DAL,0,0.39667407
0022400034,2024-11-22,2024-25,LAC,SAC,1,0.58073026
0022400264,2024-11-23,2024-25,UTA,NYK,1,0.17503202
0022400265,2024-11-23,2024-25,ORL,DET,1,0.64448285
0022400266,2024-11-23,2024-25,CHI,MEM,0,0.4467343
0022400267,2024-11-23,2024-25,HOU,POR,0,0.7967612
0022400268,2024-11-23,2024-25,MIL,CHA,1,0.71679485
0022400269,2024-11-23,2024-25,SAS,GSW,1,0.3359479
0022400270,2024-11-23,2024-25,LAL,DEN,0,0.5459834
0022400271,2024-11-24,2024-25,BOS,MIN,1,0.78326887
0022400272,2024-11-24,2024-25,IND,WAS,1,0.75551367
0022400273,2024-11-24,2024-25,MIA,DAL,1,0.5648493
0022400274,2024-11-24,2024-25,PHI,LAC,0,0.42059013
0022400275,2024-11-24,2024-25,CLE,TOR,1,0.74426734
0022400276,2024-11-24,2024-25,SAC,BKN,0,0.80068403
0022400277,2024-11-25,2024-25,CHA,ORL,0,0.29095098
0022400278,2024-11-25,2024-25,DET,TOR,1,0.7050886
0022400279,2024-11-25,2024-25,IND,NOP,1,0.7509783
0022400280,2024-11-25,2024-25,ATL,DAL,0,0.44242328
0022400281,2024-11-25,2024-25,BOS,LAC,1,0.7364601
0022400282,2024-11-25,2024-25,MEM,POR,1,0.70772296
0022400283,2024-11-25,2024-25,DEN,NYK,0,0.5495703
0022400284,2024-11-25,2024-25,GSW,BKN,0,0.8967535
0022400285,2024-11-25,2024-25,SAC,OKC,0,0.31077757
0022400035,2024-11-26,2024-25,WAS,CHI,0,0.35058838
0022400036,2024-11-26,2024-25,MIA,MIL,0,0.60624087
0022400037,2024-11-26,2024-25,MIN,HOU,0,0.43547404
0022400038,2024-11-26,2024-25,UTA,SAS,0,0.36930576
0022400039,2024-11-26,2024-25,PHX,LAL,1,0.4814403
0022400286,2024-11-27,2024-25,CHA,MIA,0,0.3514252
0022400287,2024-11-27,2024-25,CLE,ATL,0,0.8103722
0022400288,2024-11-27,2024-25,IND,POR,1,0.68948066
0022400289,2024-11-27,2024-25,ORL,CHI,1,0.8041072
0022400290,2024-11-27,2024-25,PHI,HOU,0,0.4641892
0022400291,2024-11-27,2024-25,WAS,LAC,0,0.14951734
0022400292,2024-11-27,2024-25,DAL,NYK,1,0.49293518
0022400293,2024-11-27,2024-25,MEM,DET,1,0.77435046
0022400294,2024-11-27,2024-25,MIN,SAC,0,0.39868757
0022400295,2024-11-27,2024-25,NOP,TOR,0,0.30553675
0022400296,2024-11-27,2024-25,SAS,LAL,0,0.49567574
0022400297,2024-11-27,2024-25,PHX,BKN,0,0.7290884
0022400298,2024-11-27,2024-25,UTA,DEN,0,0.18240151
0022400299,2024-11-27,2024-25,GSW,OKC,0,0.42537975
0022400040,2024-11-29,2024-25,CHA,NYK,0,0.20806347
0022400041,2024-11-29,2024-25,ATL,CLE,1,0.3323753
0022400042,2024-11-29,2024-25,MEM,NOP,1,0.8713267
0022400043,2024-11-29,2024-25,BKN,ORL,0,0.42303193
0022400044,2024-11-29,2024-25,MIN,LAC,1,0.46351704
0022400045,2024-11-29,2024-25,IND,DET,0,0.6362482
0022400046,2024-11-29,2024-25,MIA,TOR,1,0.69083047
0022400047,2024-11-29,2024-25,CHI,BOS,0,0.2759176
0022400048,2024-11-29,2024-25,LAL,OKC,0,0.31202385
0022400049,2024-11-29,2024-25,POR,SAC,1,0.22792849
0022400300,2024-11-30,2024-25,CHA,ATL,0,0.36441222
0022400301,2024-11-30,2024-25,DET,PHI,0,0.5657306
0022400302,2024-11-30,2024-25,MIL,WAS,1,0.8628213
0022400303,2024-11-30,2024-25,PHX,GSW,1,0.5633911
0022400304,2024-11-30,2024-25,UTA,DAL,0,0.2020769
0022400305,2024-12-01,2024-25,BKN,ORL,0,0.323295
0022400306,2024-12-01,2024-25,MEM,IND,1,0.78578895
0022400307,2024-12-01,2024-25,CLE,BOS,1,0.48108363
0022400308,2024-12-01,2024-25,NYK,NOP,1,0.8909377
0022400309,2024-12-01,2024-25,TOR,MIA,1,0.5097657
0022400310,2024-12-01,2024-25,HOU,OKC,1,0.40729696
0022400311,2024-12-01,2024-25,UTA,LAL,0,0.22612742
0022400312,2024-12-01,2024-25,POR,DAL,0,0.27256492
0022400313,2024-12-01,2024-25,SAC,SAS,0,0.67987853
0022400314,2024-12-01,2024-25,LAC,DEN,1,0.53326714
0022400315,2024-12-02,2024-25,ATL,NOP,1,0.79486734
0022400316,2024-12-02,2024-25,BOS,MIA,1,0.708509
0022400317,2024-12-02,2024-25,CHI,BKN,1,0.6900743
0022400318,2024-12-02,2024-25,MIN,LAL,1,0.6806142
0022400050,2024-12-03,2024-25,CHA,PHI,0,0.3714971
0022400051,2024-12-03,2024-25,CLE,WAS,1,0.9045348
0022400052,2024-12-03,2024-25,DET,MIL,0,0.3796239
0022400053,2024-12-03,2024-25,NYK,ORL,1,0.6324378
0022400054,2024-12-03,2024-25,TOR,IND,1,0.65618545
0022400055,2024-12-03,2024-25,OKC,UTA,1,0.9215981
0022400056,2024-12-03,2024-25,DAL,MEM,1,0.52143
0022400057,2024-12-03,2024-25,PHX,SAS,1,0.67539394
0022400058,2024-12-03,2024-25,DEN,GSW,1,0.58234876
0022400059,2024-12-03,2024-25,SAC,HOU,1,0.5324511
0022400060,2024-12-03,2024-25,LAC,POR,1,0.8352351
0022400319,2024-12-04,2024-25,BOS,DET,1,0.7948745
0022400320,2024-12-04,2024-25,BKN,IND,1,0.47878772
0022400321,2024-12-04,2024-25,MIA,LAL,1,0.6129509
0022400322,2024-12-04,2024-25,PHI,ORL,0,0.3454697
0022400323,2024-12-04,2024-25,MIL,ATL,0,0.64115626
0022400324,2024-12-04,2024-25,LAC,MIN,0,0.47351292
0022400325,2024-12-05,2024-25,CLE,DEN,1,0.59968215
0022400326,2024-12-05,2024-25,WAS,DAL,0,0.15474238
0022400327,2024-12-05,2024-25,NYK,CHA,1,0.88331944
0022400328,2024-12-05,2024-25,TOR,OKC,0,0.29760614
0022400329,2024-12-05,2024-25,MEM,SAC,1,0.65252304
0022400330,2024-12-05,2024-25,NOP,PHX,1,0.23587225
0022400331,2024-12-05,2024-25,SAS,CHI,0,0.5985027
0022400332,2024-12-05,2024-25,GSW,HOU,1,0.5912194
0022400333,2024-12-06,2024-25,PHI,ORL,1,0.2590911
0022400334,2024-12-06,2024-25,ATL,LAL,1,0.5485095
0022400335,2024-12-06,2024-25,BOS,MIL,1,0.63597894
0022400336,2024-12-06,2024-25,CHI,IND,0,0.5777381
0022400337,2024-12-06,2024-25,SAS,SAC,0,0.4211963
0022400338,2024-12-06,2024-25,GSW,MIN,0,0.35852394
0022400339,2024-12-06,2024-25,POR,UTA,0,0.635252
0022400340,2024-12-07,2024-25,CHA,CLE,0,0.1982594
0022400341,2024-12-07,2024-25,WAS,DEN,1,0.13526286
0022400342,2024-12-07,2024-25,NOP,OKC,0,0.14007938
0022400343,2024-12-07,2024-25,NYK,DET,0,0.7157723
0022400344,2024-12-07,2024-25,TOR,DAL,0,0.31687057
0022400345,2024-12-07,2024-25,BOS,MEM,0,0.610152
0022400346,2024-12-07,2024-25,MIA,PHX,1,0.614695
0022400347,2024-12-08,2024-25,CHI,PHI,0,0.62952936
0022400348,2024-12-08,2024-25,BKN,MIL,0,0.3129049
0022400349,2024-12-08,2024-25,IND,CHA,0,0.7765581
0022400350,2024-12-08,2024-25,ATL,DEN,0,0.48104832
0022400351,2024-12-08,2024-25,MIA,CLE,1,0.5156643
0022400352,2024-12-08,2024-25,ORL,PHX,1,0.70440495
0022400353,2024-12-08,2024-25,WAS,MEM,0,0.127664
0022400354,2024-12-08,2024-25,SAS,NOP,1,0.69138604
0022400355,2024-12-08,2024-25,GSW,MIN,1,0.4867139
0022400356,2024-12-08,2024-25,LAC,HOU,0,0.4440124
0022400357,2024-12-08,2024-25,SAC,UTA,1,0.8229641
0022400358,2024-12-08,2024-25,LAL,POR,1,0.7324416
0022400359,2024-12-09,2024-25,TOR,NYK,0,0.33343402
0022401201,2024-12-10,2024-25,MIL,ORL,1,0.6001662
0022401203,2024-12-10,2024-25,OKC,DAL,1,0.7008394
0022401202,2024-12-11,2024-25,NYK,ATL,0,0.7419445
0022401204,2024-12-11,2024-25,HOU,GSW,1,0.5150685
0022401205,2024-12-12,2024-25,BOS,DET,1,0.8068134
0022401206,2024-12-12,2024-25,MIA,TOR,1,0.77409756
0022401207,2024-12-12,2024-25,NOP,SAC,0,0.22950448
0022401208,2024-12-13,2024-25,CLE,WAS,1,0.91906613
0022401209,2024-12-13,2024-25,PHI,IND,0,0.67239964
0022401210,2024-12-13,2024-25,MIN,LAL,1,0.7674763
0022401211,2024-12-13,2024-25,MEM,BKN,1,0.8038497
0022401212,2024-12-13,2024-25,CHI,CHA,1,0.7838231
0022401213,2024-12-13,2024-25,DEN,LAC,1,0.734958
0022401214,2024-12-13,2024-25,UTA,PHX,0,0.38655463
0022401215,2024-12-13,2024-25,POR,SAS,0,0.4058328
0022401216,2024-12-15,2024-25,IND,NOP,1,0.67238736
0022401217,2024-12-15,2024-25,WAS,BOS,0,0.08560473
0022401218,2024-12-15,2024-25,SAS,MIN,0,0.33058146
0022401219,2024-12-15,2024-25,PHX,POR,1,0.80698705
0022401220,2024-12-15,2024-25,LAL,MEM,1,0.3482376
0022401227,2024-12-15,2024-25,ORL,NYK,0,0.49227434
0022401228,2024-12-15,2024-25,GSW,DAL,0,0.39136142
0022401221,2024-12-16,2024-25,DET,MIA,1,0.43668368
0022401222,2024-12-16,2024-25,CHA,PHI,0,0.328291
0022401223,2024-12-16,2024-25,TOR,CHI,0,0.45708755
0022401224,2024-12-16,2024-25,BKN,CLE,0,0.31385294
0022401225,2024-12-16,2024-25,SAC,DEN,0,0.5612774
0022401226,2024-12-16,2024-25,LAC,UTA,1,0.73942155
0022400360,2024-12-19,2024-25,DET,UTA,0,0.68020874
0022400361,2024-12-19,2024-25,ORL,OKC,0,0.3137242
0022400362,2024-12-19,2024-25,WAS,CHA,1,0.32731423
0022400363,2024-12-19,2024-25,BOS,CHI,0,0.82724977
0022400364,2024-12-19,2024-25,TOR,BKN,0,0.5265297
0022400365,2024-12-19,2024-25,HOU,NOP,1,0.7952913
0022400366,2024-12-19,2024-25,MEM,GSW,1,0.72799915
0022400367,2024-12-19,2024-25,MIN,NYK,0,0.5103594
0022400368,2024-12-19,2024-25,DAL,LAC,0,0.77056
0022400369,2024-12-19,2024-25,PHX,IND,0,0.6278184
0022400370,2024-12-19,2024-25,SAS,ATL,1,0.47424647
0022400371,2024-12-19,2024-25,POR,DEN,1,0.23902655
0022400372,2024-12-19,2024-25,SAC,LAL,0,0.70666736
0022400373,2024-12-20,2024-25,PHI,CHA,1,0.73159295
0022400374,2024-12-20,2024-25,CLE,MIL,1,0.64273804
0022400375,2024-12-20,2024-25,MIA,OKC,0,0.4016744
0022400376,2024-12-21,2024-25,SAC,LAL,0,0.7260849
0022400377,2024-12-21,2024-25,ORL,MIA,1,0.588453
0022400378,2024-12-21,2024-25,ATL,MEM,0,0.34247515
0022400379,2024-12-21,2024-25,BKN,UTA,0,0.62121904
0022400380,2024-12-21,2024-25,CLE,PHI,1,0.729595
0022400381,2024-12-21,2024-25,CHI,BOS,0,0.26073977
0022400382,2024-12-21,2024-25,MIL,WAS,1,0.8736367
0022400383,2024-12-21,2024-25,MIN,GSW,0,0.65524584
0022400384,2024-12-21,2024-25,NOP,NYK,0,0.21284008
0022400385,2024-12-21,2024-25,DAL,LAC,1,0.61344904
0022400386,2024-12-21,2024-25,SAS,POR,1,0.70023614
0022400387,2024-12-21,2024-25,PHX,DET,0,0.7063057
0022400388,2024-12-22,2024-25,TOR,HOU,0,0.24767287
0022400389,2024-12-22,2024-25,SAC,IND,0,0.62243533
0022400390,2024-12-22,2024-25,NOP,DEN,0,0.16590466
0022400391,2024-12-23,2024-25,CHA,HOU,0,0.30916744
0022400392,2024-12-23,2024-25,CLE,UTA,1,0.82725155
0022400393,2024-12-23,2024-25,ORL,BOS,1,0.33473775
0022400394,2024-12-23,2024-25,PHI,SAS,1,0.5359908
0022400395,2024-12-23,2024-25,ATL,MIN,1,0.41264236
0022400396,2024-12-23,2024-25,MIA,BKN,1,0.752193
0022400397,2024-12-23,2024-25,NYK,TOR,1,0.91637456
0022400398,2024-12-23,2024-25,CHI,MIL,0,0.54233223
0022400399,2024-12-23,2024-25,MEM,LAC,0,0.68199956
0022400400,2024-12-23,2024-25,OKC,WAS,1,0.9522086
0022400401,2024-12-23,2024-25,DAL,POR,1,0.80071974
0022400402,2024-12-23,2024-25,DEN,PHX,1,0.5893771
0022400403,2024-12-23,2024-25,GSW,IND,0,0.60001117
0022400404,2024-12-23,2024-25,LAL,DET,0,0.6301745
0022400405,2024-12-25,2024-25,NYK,SAS,1,0.7764732
0022400406,2024-12-25,2024-25,DAL,MIN,0,0.6743549
0022400407,2024-12-25,2024-25,BOS,PHI,0,0.851905
0022400408,2024-12-25,2024-25,GSW,LAL,0,0.5778158
0022400409,2024-12-25,2024-25,PHX,DEN,1,0.4575105
0022400410,2024-12-26,2024-25,IND,OKC,0,0.2917907
0022400411,2024-12-26,2024-25,ORL,MIA,0,0.6275917
0022400412,2024-12-26,2024-25,WAS,CHA,1,0.49684265
0022400413,2024-12-26,2024-25,ATL,CHI,1,0.5419973
0022400414,2024-12-26,2024-25,MEM,TOR,1,0.866082
0022400415,2024-12-26,2024-25,MIL,BKN,0,0.7786909
0022400416,2024-12-26,2024-25,NOP,HOU,0,0.28348145
0022400417,2024-12-26,2024-25,POR,UTA,1,0.5216007
0022400418,2024-12-26,2024-25,SAC,DET,0,0.6835016
0022400419,2024-12-27,2024-25,ORL,NYK,0,0.31747535
0022400420,2024-12-27,2024-25,BOS,IND,1,0.77198356
0022400421,2024-12-27,2024-25,BKN,SAS,0,0.27176535
0022400422,2024-12-27,2024-25,HOU,MIN,0,0.52507216
0022400423,2024-12-27,2024-25,NOP,MEM,0,0.17890024
0022400424,2024-12-27,2024-25,DEN,CLE,0,0.56235415
0022400425,2024-12-27,2024-25,PHX,DAL,0,0.36598662
0022400426,2024-12-27,2024-25,LAC,GSW,1,0.68110347
0022400427,2024-12-28,2024-25,ATL,MIA,1,0.5209734
0022400428,2024-12-28,2024-25,CHA,OKC,0,0.15954305
0022400429,2024-12-28,2024-25,WAS,NYK,0,0.13814452
0022400430,2024-12-28,2024-25,CHI,MIL,1,0.5013572
0022400431,2024-12-28,2024-25,GSW,PHX,1,0.47295234
0022400432,2024-12-28,2024-25,DEN,DET,1,0.70693934
0022400433,2024-12-28,2024-25,UTA,PHI,0,0.33965302
0022400434,2024-12-28,2024-25,POR,DAL,1,0.30165264
0022400435,2024-12-28,2024-25,LAL,SAC,1,0.5409443
0022400436,2024-12-29,2024-25,ORL,BKN,1,0.8125633
0022400437,2024-12-29,2024-25,BOS,IND,0,0.807992
0022400438,2024-12-29,2024-25,TOR,ATL,0,0.5034934
0022400439,2024-12-29,2024-25,HOU,MIA,0,0.6938367
0022400440,2024-12-29,2024-25,OKC,MEM,1,0.52798235
0022400441,2024-12-29,2024-25,MIN,SAS,1,0.6283398
0022400442,2024-12-30,2024-25,CHA,CHI,0,0.3700232
0022400443,2024-12-30,2024-25,WAS,NYK,0,0.119384006
0022400444,2024-12-30,2024-25,NOP,LAC,0,0.27468115
0022400445,2024-12-30,2024-25,UTA,DEN,0,0.27974406
0022400446,2024-12-30,2024-25,GSW,CLE,0,0.35857993
0022400447,2024-12-30,2024-25,POR,PHI,0,0.2936334
0022400448,2024-12-30,2024-25,SAC,DAL,1,0.5805152
0022400449,2024-12-31,2024-25,BOS,TOR,1,0.8571811
0022400450,2024-12-31,2024-25,IND,MIL,0,0.49873042
0022400451,2024-12-31,2024-25,SAS,LAC,1,0.49430355
0022400452,2024-12-31,2024-25,OKC,MIN,1,0.77591336
0022400453,2024-12-31,2024-25,PHX,MEM,0,0.39670247
0022400454,2024-12-31,2024-25,LAL,CLE,0,0.3927876
0022400455,2025-01-01,2024-25,DET,ORL,1,0.54491365
0022400456,2025-01-01,2024-25,WAS,CHI,1,0.29797414
0022400457,2025-01-01,2024-25,MIA,NOP,1,0.7515876
0022400458,2025-01-01,2024-25,NYK,UTA,1,0.88875073
0022400459,2025-01-01,2024-25,TOR,BKN,1,0.6219895
0022400460,2025-01-01,2024-25,HOU,DAL,1,0.64343965
0022400461,2025-01-01,2024-25,DEN,ATL,1,0.7264649
0022400462,2025-01-01,2024-25,SAC,PHI,1,0.6085279
0022400463,2025-01-02,2024-25,MIA,IND,0,0.5422258
0022400464,2025-01-02,2024-25,MIN,BOS,0,0.3187299
0022400465,2025-01-02,2024-25,MIL,BKN,0,0.864211
0022400466,2025-01-02,2024-25,OKC,LAC,1,0.812414
0022400467,2025-01-02,2024-25,GSW,PHI,1,0.6313415
0022400468,2025-01-02,2024-25,LAL,POR,1,0.7864285
0022400469,2025-01-03,2024-25,DET,CHA,1,0.7766062
0022400470,2025-01-03,2024-25,TOR,ORL,0,0.41110656
0022400471,2025-01-03,2024-25,HOU,BOS,0,0.43267572
0022400472,2025-01-03,2024-25,NOP,WAS,1,0.65413076
0022400473,2025-01-03,2024-25,OKC,NYK,1,0.63683605
0022400474,2025-01-03,2024-25,DAL,CLE,0,0.3815599
0022400475,2025-01-03,2024-25,DEN,SAS,0,0.77179295
0022400476,2025-01-03,2024-25,SAC,MEM,1,0.56156534
0022400477,2025-01-03,2024-25,LAL,ATL,1,0.5461082
0022400478,2025-01-04,2024-25,BKN,PHI,0,0.31321326
0022400479,2025-01-04,2024-25,DET,MIN,1,0.44099358
0022400480,2025-01-04,2024-25,IND,PHX,1,0.52746254
0022400481,2025-01-04,2024-25,MIA,UTA,0,0.7949019
0022400482,2025-01-04,2024-25,CHI,NYK,1,0.45862433
0022400483,2025-01-04,2024-25,MIL,POR,0,0.84575266
0022400484,2025-01-04,2024-25,SAS,DEN,0,0.41562387
0022400485,2025-01-04,2024-25,GSW,MEM,1,0.5375364
0022400486,2025-01-04,2024-25,LAC,ATL,1,0.6172533
0022400487,2025-01-05,2024-25,OKC,BOS,1,0.66103476
0022400488,2025-01-05,2024-25,CLE,CHA,1,0.8883738
0022400489,2025-01-05,2024-25,WAS,NOP,0,0.50274414
0022400490,2025-01-05,2024-25,ORL,UTA,0,0.72550255
0022400491,2025-01-05,2024-25,HOU,LAL,1,0.5736353
0022400492,2025-01-05,2024-25,GSW,SAC,0,0.45003736
0022400493,2025-01-06,2024-25,DET,POR,1,0.76349014
0022400494,2025-01-06,2024-25,PHI,PHX,0,0.5623918
0022400495,2025-01-06,2024-25,BKN,IND,0,0.19025432
0022400496,2025-01-06,2024-25,NYK,ORL,0,0.7852595
0022400497,2025-01-06,2024-25,TOR,MIL,0,0.29298893
0022400498,2025-01-06,2024-25,CHI,SAS,1,0.55021995
0022400499,2025-01-06,2024-25,MEM,DAL,1,0.69303626
0022400500,2025-01-06,2024-25,MIN,LAC,1,0.5365734
0022400501,2025-01-06,2024-25,SAC,MIA,1,0.60391784
0022400502,2025-01-07,2024-25,CHA,PHX,1,0.3476577
0022400503,2025-01-07,2024-25,WAS,HOU,0,0.2733322
0022400504,2025-01-07,2024-25,DAL,LAL,1,0.49427757
0022400505,2025-01-07,2024-25,NOP,MIN,0,0.3540383
0022400506,2025-01-07,2024-25,UTA,ATL,0,0.6001173
0022400507,2025-01-07,2024-25,DEN,BOS,0,0.4320677
0022400508,2025-01-07,2024-25,GSW,MIA,0,0.73811865
0022400509,2025-01-08,2024-25,CLE,OKC,1,0.4207952
0022400510,2025-01-08,2024-25,IND,CHI,1,0.64857036
0022400511,2025-01-08,2024-25,NYK,TOR,1,0.8315783
0022400512,2025-01-08,2024-25,PHI,WAS,1,0.8561093
0022400513,2025-01-08,2024-25,BKN,DET,0,0.22411528
0022400514,2025-01-08,2024-25,NOP,POR,0,0.654095
0022400515,2025-01-08,2024-25,DEN,LAC,1,0.42418236
0022400516,2025-01-08,2024-25,MIL,SAS,1,0.72136354
0022400517,2025-01-09,2024-25,CLE,TOR,1,0.84832644
0022400518,2025-01-09,2024-25,DET,GSW,0,0.46819204
0022400519,2025-01-09,2024-25,ORL,MIN,0,0.47869363
0022400520,2025-01-09,2024-25,MEM,HOU,0,0.60896087
0022400521,2025-01-09,2024-25,DAL,POR,1,0.7533911
0022400522,2025-01-09,2024-25,PHX,ATL,1,0.6903424
0022400523,2025-01-09,2024-25,UTA,MIA,0,0.5133882
0022400525,2025-01-10,2024-25,IND,GSW,1,0.71252894
0022400526,2025-01-10,2024-25,ORL,MIL,0,0.39241114
0022400527,2025-01-10,2024-25,PHI,NOP,0,0.68723214
0022400528,2025-01-10,2024-25,BOS,SAC,0,0.79037595
0022400529,2025-01-10,2024-25,NYK,OKC,0,0.33880225
0022400530,2025-01-10,2024-25,CHI,WAS,1,0.82216907
0022400531,2025-01-10,2024-25,DEN,BKN,1,0.9025382
0022400533,2025-01-11,2024-25,PHX,UTA,1,0.7213137
0022400534,2025-01-11,2024-25,DET,TOR,1,0.66570264
0022400535,2025-01-11,2024-25,MIN,MEM,0,0.46224675
0022400536,2025-01-11,2024-25,POR,MIA,0,0.36955824
0022400539,2025-01-12,2024-25,NYK,MIL,1,0.57263666
0022400540,2025-01-12,2024-25,DAL,DEN,0,0.40803957
0022400541,2025-01-12,2024-25,CHI,SAC,0,0.4479376
0022400542,2025-01-12,2024-25,BOS,NOP,1,0.9245311
0022400543,2025-01-12,2024-25,CLE,IND,0,0.65452456
0022400544,2025-01-12,2024-25,ORL,PHI,1,0.6087551
0022400545,2025-01-12,2024-25,WAS,OKC,0,0.085592695
0022400546,2025-01-12,2024-25,UTA,BKN,1,0.776395
0022400547,2025-01-12,2024-25,PHX,CHA,1,0.69374204
0022400548,2025-01-13,2024-25,WAS,MIN,0,0.20329069
0022400549,2025-01-13,2024-25,NYK,DET,0,0.7072306
0022400550,2025-01-13,2024-25,TOR,GSW,1,0.51406294
0022400551,2025-01-13,2024-25,HOU,MEM,1,0.49387684
0022400552,2025-01-13,2024-25,LAL,SAS,0,0.694969
0022400553,2025-01-13,2024-25,LAC,MIA,1,0.6149968
0022400554,2025-01-14,2024-25,IND,CLE,0,0.41694707
0022400555,2025-01-14,2024-25,PHI,OKC,0,0.23975287
0022400556,2025-01-14,2024-25,ATL,PHX,1,0.45618674
0022400557,2025-01-14,2024-25,CHI,NOP,0,0.6706486
0022400558,2025-01-14,2024-25,MIL,SAC,1,0.6461701
0022400559,2025-01-14,2024-25,DAL,DEN,0,0.3729922
0022400560,2025-01-14,2024-25,POR,BKN,0,0.7057701
0022400561,2025-01-15,2024-25,PHI,NYK,0,0.20538102
0022400562,2025-01-15,2024-25,TOR,BOS,1,0.20338978
0022400563,2025-01-15,2024-25,CHI,ATL,0,0.6188948
0022400564,2025-01-15,2024-25,MIL,ORL,1,0.60655814
0022400565,2025-01-15,2024-25,MIN,GSW,0,0.7266169
0022400566,2025-01-15,2024-25,NOP,DAL,1,0.3900361
0022400567,2025-01-15,2024-25,SAS,MEM,0,0.37467736
0022400568,2025-01-15,2024-25,DEN,HOU,0,0.6514375
0022400569,2025-01-15,2024-25,UTA,CHA,0,0.4319681
0022400570,2025-01-15,2024-25,LAL,MIA,1,0.64243627
0022400571,2025-01-15,2024-25,LAC,BKN,1,0.88243073
0022400572,2025-01-16,2024-25,DET,IND,0,0.49408194
0022400573,2025-01-16,2024-25,WAS,PHX,0,0.21932784
0022400574,2025-01-16,2024-25,OKC,CLE,1,0.7103857
0022400575,2025-01-16,2024-25,POR,LAC,0,0.26233318
0022400576,2025-01-16,2024-25,SAC,HOU,1,0.55780953
0022400577,2025-01-17,2024-25,BOS,ORL,1,0.82473767
0022400578,2025-01-17,2024-25,NYK,MIN,0,0.69471955
0022400579,2025-01-17,2024-25,MIA,DEN,0,0.49385807
0022400580,2025-01-17,2024-25,MIL,TOR,1,0.7936552
0022400581,2025-01-17,2024-25,NOP,UTA,1,0.72432333
0022400582,2025-01-17,2024-25,SAS,MEM,0,0.325403
0022400583,2025-01-17,2024-25,DAL,OKC,1,0.25493842
0022400584,2025-01-17,2024-25,CHI,CHA,0,0.6852909
0022400585,2025-01-17,2024-25,LAL,BKN,1,0.8816686
0022400586,2025-01-18,2024-25,DET,PHX,0,0.5001428
0022400587,2025-01-18,2024-25,BOS,ATL,0,0.81373453
0022400588,2025-01-18,2024-25,IND,PHI,1,0.7757099
0022400589,2025-01-18,2024-25,GSW,WAS,1,0.810029
0022400590,2025-01-18,2024-25,MIN,CLE,0,0.2726868
0022400591,2025-01-18,2024-25,POR,HOU,0,0.28506616
0022400592,2025-01-19,2024-25,MIA,SAS,1,0.668056
0022400593,2025-01-19,2024-25,ORL,DEN,0,0.28472745
0022400594,2025-01-19,2024-25,MIL,PHI,1,0.8409121
0022400595,2025-01-19,2024-25,OKC,BKN,1,0.937472
0022400596,2025-01-19,2024-25,LAC,LAL,1,0.6482935
0022400597,2025-01-19,2024-25,POR,CHI,1,0.27525842
0022400598,2025-01-19,2024-25,SAC,WAS,1,0.92578965
0022400599,2025-01-20,2024-25,CHA,DAL,1,0.4034462
0022400600,2025-01-20,2024-25,HOU,DET,0,0.72431594
0022400601,2025-01-20,2024-25,MEM,MIN,1,0.69334096
0022400602,2025-01-20,2024-25,NYK,ATL,1,0.65944815
0022400603,2025-01-20,2024-25,CLE,PHX,1,0.787328
0022400604,2025-01-20,2024-25,GSW,BOS,0,0.28801537
0022400605,2025-01-20,2024-25,NOP,UTA,1,0.78906065
0022400611,2025-01-20,2024-25,LAC,CHI,0,0.78214526
0022400606,2025-01-21,2024-25,BKN,NYK,0,0.21999457
0022400607,2025-01-21,2024-25,MIA,POR,0,0.7963479
0022400608,2025-01-21,2024-25,TOR,ORL,1,0.5514457
0022400609,2025-01-21,2024-25,DEN,PHI,1,0.8713277
0022400610,2025-01-21,2024-25,LAL,WAS,1,0.8553512
0022400612,2025-01-22,2024-25,ATL,DET,0,0.6224503
0022400613,2025-01-22,2024-25,BKN,PHX,0,0.24480495
0022400614,2025-01-22,2024-25,DAL,MIN,0,0.6572681
0022400615,2025-01-22,2024-25,HOU,CLE,1,0.45350206
0022400616,2025-01-22,2024-25,MEM,CHA,1,0.766172
0022400618,2025-01-22,2024-25,OKC,UTA,1,0.93682903
0022400619,2025-01-22,2024-25,SAC,GSW,1,0.7652595
0022400620,2025-01-22,2024-25,LAC,BOS,0,0.29238716
0022400622,2025-01-23,2024-25,ORL,POR,0,0.6791279
0022400623,2025-01-23,2024-25,ATL,TOR,0,0.65816146
0022400624,2025-01-23,2024-25,MIL,MIA,1,0.691851
0022400625,2025-01-23,2024-25,OKC,DAL,0,0.8388965
0022400626,2025-01-23,2024-25,DEN,SAC,1,0.6858225
0022400628,2025-01-23,2024-25,GSW,CHI,1,0.40018547
0022400629,2025-01-23,2024-25,LAL,BOS,1,0.47318968
0022400983,2025-01-23,2024-25,LAC,WAS,1,0.6995173
0022400630,2025-01-24,2024-25,CHA,POR,0,0.7782841
0022400631,2025-01-24,2024-25,PHI,CLE,1,0.2186239
0022400632,2025-01-24,2024-25,MEM,NOP,1,0.7590046
0022400634,2025-01-25,2024-25,MIN,DEN,1,0.32350355
0022400635,2025-01-25,2024-25,DAL,BOS,0,0.32780793
0022400636,2025-01-25,2024-25,BKN,MIA,0,0.21924417
0022400637,2025-01-25,2024-25,CHA,NOP,1,0.5566159
0022400638,2025-01-25,2024-25,ORL,DET,1,0.48847777
0022400639,2025-01-25,2024-25,ATL,TOR,0,0.6689931
0022400640,2025-01-25,2024-25,CLE,HOU,0,0.6082887
0022400641,2025-01-25,2024-25,NYK,SAC,1,0.60659504
0022400642,2025-01-25,2024-25,CHI,PHI,0,0.66229695
0022400643,2025-01-25,2024-25,MEM,UTA,1,0.7333661
0022400644,2025-01-25,2024-25,GSW,LAL,0,0.41877678
0022400645,2025-01-25,2024-25,PHX,WAS,1,0.82611436
0022400646,2025-01-25,2024-25,LAC,MIL,1,0.5401495
0022400647,2025-01-26,2024-25,POR,OKC,0,0.14035244
0022400648,2025-01-27,2024-25,CHA,LAL,0,0.366207
0022400649,2025-01-27,2024-25,CLE,DET,1,0.7091038
0022400650,2025-01-27,2024-25,BOS,HOU,0,0.6599241
0022400651,2025-01-27,2024-25,BKN,SAC,0,0.16154455
0022400652,2025-01-27,2024-25,MIA,ORL,1,0.61878455
0022400653,2025-01-27,2024-25,NYK,MEM,1,0.5953806
0022400654,2025-01-27,2024-25,TOR,NOP,1,0.5568459
0022400655,2025-01-27,2024-25,CHI,DEN,1,0.25994742
0022400656,2025-01-27,2024-25,MIN,ATL,1,0.6980685
0022400657,2025-01-27,2024-25,DAL,WAS,1,0.85868436
0022400658,2025-01-27,2024-25,UTA,MIL,0,0.25225237
0022400659,2025-01-27,2024-25,PHX,LAC,1,0.45037857
0022400532,2025-01-28,2024-25,ATL,HOU,0,0.26892936
0022400660,2025-01-28,2024-25,PHI,LAL,1,0.44203612
0022400661,2025-01-28,2024-25,GSW,UTA,1,0.80149263
0022400662,2025-01-28,2024-25,POR,MIL,1,0.33670217
0022400663,2025-01-29,2024-25,CHA,BKN,0,0.8139037
0022400664,2025-01-29,2024-25,IND,DET,1,0.7076893
0022400665,2025-01-29,2024-25,WAS,TOR,0,0.32012758
0022400666,2025-01-29,2024-25,BOS,CHI,1,0.7793704
0022400667,2025-01-29,2024-25,MIA,CLE,0,0.348568
0022400668,2025-01-29,2024-25,NYK,DEN,1,0.5546024
0022400669,2025-01-29,2024-25,PHI,SAC,1,0.30035755
0022400670,2025-01-29,2024-25,NOP,DAL,0,0.5035348
0022400671,2025-01-29,2024-25,SAS,LAC,0,0.40107664
0022400672,2025-01-29,2024-25,PHX,MIN,0,0.51881164
0022400673,2025-01-29,2024-25,GSW,OKC,1,0.14408474
0022400674,2025-01-30,2024-25,WAS,LAL,0,0.14150783
0022400675,2025-01-30,2024-25,CLE,ATL,1,0.7838468
0022400676,2025-01-30,2024-25,MEM,HOU,1,0.5580175
0022400677,2025-01-30,2024-25,UTA,MIN,0,0.3874162
0022400678,2025-01-30,2024-25,POR,ORL,1,0.50032365
0022400679,2025-01-31,2024-25,CHA,LAC,0,0.21090245
0022400680,2025-01-31,2024-25,DET,DAL,1,0.51397747
0022400681,2025-01-31,2024-25,PHI,DEN,0,0.31661704
0022400682,2025-01-31,2024-25,TOR,CHI,0,0.6294414
0022400683,2025-01-31,2024-25,NOP,BOS,0,0.3131127
0022400684,2025-01-31,2024-25,SAS,MIL,1,0.39895412
0022400685,2025-01-31,2024-25,GSW,PHX,0,0.54875606
0022400686,2025-02-01,2024-25,IND,ATL,1,0.7959094
0022400687,2025-02-01,2024-25,UTA,ORL,1,0.39662108
0022400688,2025-02-01,2024-25,CHA,DEN,0,0.20658486
0022400689,2025-02-01,2024-25,HOU,BKN,0,0.8856793
0022400690,2025-02-01,2024-25,MIN,WAS,0,0.8595828
0022400691,2025-02-01,2024-25,OKC,SAC,1,0.80552393
0022400692,2025-02-01,2024-25,NYK,LAL,0,0.7186826
0022400693,2025-02-01,2024-25,SAS,MIA,0,0.49158552
0022400694,2025-02-01,2024-25,POR,PHX,1,0.4835508
0022400695,2025-02-02,2024-25,DET,CHI,1,0.6433021
0022400696,2025-02-02,2024-25,CLE,DAL,1,0.68936056
0022400697,2025-02-02,2024-25,TOR,LAC,1,0.2975078
0022400698,2025-02-02,2024-25,PHI,BOS,0,0.28397974
0022400699,2025-02-02,2024-25,MIL,MEM,0,0.5709114
0022400700,2025-02-03,2024-25,CHA,WAS,0,0.709107
0022400701,2025-02-03,2024-25,DET,ATL,0,0.6304071
0022400702,2025-02-03,2024-25,NYK,HOU,1,0.6699789
0022400703,2025-02-03,2024-25,MEM,SAS,1,0.6910419
0022400704,2025-02-03,2024-25,MIN,SAC,0,0.5575526
0022400705,2025-02-03,2024-25,OKC,MIL,1,0.81879026
0022400706,2025-02-03,2024-25,DEN,NOP,1,0.84209675
0022400707,2025-02-03,2024-25,UTA,IND,0,0.25083703
0022400708,2025-02-03,2024-25,GSW,ORL,1,0.62398916
0022400709,2025-02-03,2024-25,POR,PHX,1,0.44308335
0022400710,2025-02-04,2024-25,CLE,BOS,0,0.60407513
0022400711,2025-02-04,2024-25,BKN,HOU,1,0.28687996
0022400712,2025-02-04,2024-25,PHI,DAL,1,0.55472237
0022400713,2025-02-04,2024-25,TOR,NYK,0,0.3763335
0022400714,2025-02-04,2024-25,CHI,MIA,1,0.5436339
0022400715,2025-02-04,2024-25,LAC,LAL,0,0.58325803
0022400716,2025-02-04,2024-25,POR,IND,1,0.3522518
0022400717,2025-02-05,2024-25,CHA,MIL,0,0.33797184
0022400718,2025-02-05,2024-25,DET,CLE,0,0.3721121
0022400719,2025-02-05,2024-25,ATL,SAS,0,0.5220454
0022400720,2025-02-05,2024-25,BKN,WAS,0,0.5694784
0022400721,2025-02-05,2024-25,PHI,MIA,0,0.5680184
0022400722,2025-02-05,2024-25,TOR,MEM,0,0.24430737
0022400723,2025-02-05,2024-25,MIN,CHI,1,0.7477382
0022400724,2025-02-05,2024-25,OKC,PHX,1,0.81944263
0022400725,2025-02-05,2024-25,UTA,GSW,1,0.3678671
0022400726,2025-02-05,2024-25,DEN,NOP,1,0.82059324
0022400727,2025-02-05,2024-25,SAC,ORL,0,0.69178563
0022400728,2025-02-06,2024-25,BOS,DAL,0,0.8079348
0022400729,2025-02-06,2024-25,MIN,HOU,1,0.46044067
0022400730,2025-02-06,2024-25,DEN,ORL,1,0.7728939
0022400731,2025-02-06,2024-25,LAL,GSW,1,0.77204925
0022400732,2025-02-06,2024-25,POR,SAC,1,0.47195238
0022400733,2025-02-06,2024-25,LAC,IND,0,0.47266963
0022400734,2025-02-07,2024-25,CHA,SAS,1,0.3253149
0022400735,2025-02-07,2024-25,WAS,CLE,0,0.15007153
0022400736,2025-02-07,2024-25,ATL,MIL,1,0.43991423
0022400737,2025-02-07,2024-25,BKN,MIA,1,0.3293865
0022400738,2025-02-07,2024-25,DET,PHI,1,0.5842627
0022400739,2025-02-07,2024-25,OKC,TOR,1,0.924036
0022400740,2025-02-07,2024-25,PHX,UTA,1,0.6388705
0022400741,2025-02-08,2024-25,DAL,HOU,1,0.5255174
0022400742,2025-02-08,2024-25,LAL,IND,1,0.61883813
0022400743,2025-02-08,2024-25,ORL,SAS,1,0.58692175
0022400744,2025-02-08,2024-25,WAS,ATL,0,0.300793
0022400745,2025-02-08,2024-25,CHI,GSW,0,0.5351963
0022400746,2025-02-08,2024-25,MEM,OKC,0,0.46758777
0022400747,2025-02-08,2024-25,MIN,POR,1,0.7326621
0022400748,2025-02-08,2024-25,NYK,BOS,0,0.5109522
0022400749,2025-02-08,2024-25,PHX,DEN,0,0.24416773
0022400750,2025-02-08,2024-25,SAC,NOP,1,0.7289396
0022400751,2025-02-08,2024-25,LAC,UTA,1,0.8113037
0022400752,2025-02-09,2024-25,DET,CHA,1,0.7592717
0022400753,2025-02-09,2024-25,HOU,TOR,1,0.7268926
0022400754,2025-02-09,2024-25,MIL,PHI,1,0.42772937
0022400755,2025-02-10,2024-25,CLE,MIN,1,0.66277456
0022400756,2025-02-10,2024-25,ORL,ATL,0,0.6083766
0022400757,2025-02-10,2024-25,WAS,SAS,0,0.26502785
0022400758,2025-02-10,2024-25,BKN,CHA,1,0.6835262
0022400759,2025-02-10,2024-25,MIA,BOS,0,0.31822306
0022400760,2025-02-10,2024-25,MIL,GSW,0,0.4326401
0022400761,2025-02-10,2024-25,OKC,NOP,1,0.88407856
0022400762,2025-02-10,2024-25,DAL,SAC,0,0.57158995
0022400763,2025-02-10,2024-25,DEN,POR,1,0.7868028
0022400768,2025-02-10,2024-25,LAL,UTA,1,0.8265752
0022400764,2025-02-11,2024-25,PHI,TOR,0,0.79913545
0022400765,2025-02-11,2024-25,IND,NYK,0,0.57722133
0022400766,2025-02-11,2024-25,CHI,DET,0,0.39739305
0022400767,2025-02-11,2024-25,PHX,MEM,0,0.36490068
0022400769,2025-02-12,2024-25,BOS,SAS,1,0.7230063
0022400770,2025-02-12,2024-25,ORL,CHA,1,0.71251804
0022400771,2025-02-12,2024-25,WAS,IND,0,0.23665565
0022400772,2025-02-12,2024-25,BKN,PHI,1,0.39925987
0022400773,2025-02-12,2024-25,NYK,ATL,1,0.6448673
0022400774,2025-02-12,2024-25,TOR,CLE,0,0.18184426
0022400775,2025-02-12,2024-25,CHI,DET,0,0.38607708
0022400776,2025-02-12,2024-25,MIN,MIL,0,0.65562505
0022400777,2025-02-12,2024-25,NOP,SAC,0,0.36534667
0022400778,2025-02-12,2024-25,OKC,MIA,1,0.8857846
0022400779,2025-02-12,2024-25,HOU,PHX,1,0.646556
0022400780,2025-02-12,2024-25,DEN,POR,1,0.8265802
0022400781,2025-02-12,2024-25,UTA,LAL,1,0.22166555
0022400782,2025-02-12,2024-25,DAL,GSW,1,0.4654711
0022400783,2025-02-12,2024-25,LAC,MEM,1,0.599957
0022400784,2025-02-13,2024-25,HOU,GSW,0,0.39237893
0022400785,2025-02-13,2024-25,NOP,SAC,1,0.37578487
0022400786,2025-02-13,2024-25,DAL,MIA,1,0.5736166
0022400787,2025-02-13,2024-25,MIN,OKC,1,0.26395074
0022401004,2025-02-13,2024-25,UTA,LAC,0,0.27872494
0022400524,2025-02-19,2024-25,LAL,CHA,0,0.8733089
0022400788,2025-02-20,2024-25,IND,MEM,1,0.47374082
0022400789,2025-02-20,2024-25,PHI,BOS,0,0.31402656
0022400790,2025-02-20,2024-25,ATL,ORL,0,0.55025965
0022400791,2025-02-20,2024-25,BKN,CLE,0,0.2270315
0022400792,2025-02-20,2024-25,NYK,CHI,1,0.73255557
0022400793,2025-02-20,2024-25,MIL,LAC,1,0.37439042
0022400794,2025-02-20,2024-25,DEN,CHA,1,0.88728625
0022400795,2025-02-20,2024-25,SAS,PHX,1,0.67279184
0022400796,2025-02-20,2024-25,POR,LAL,0,0.31824103
0022400797,2025-02-21,2024-25,CLE,NYK,1,0.7457976
0022400798,2025-02-21,2024-25,ORL,MEM,0,0.46131524
0022400799,2025-02-21,2024-25,WAS,MIL,0,0.2865152
0022400800,2025-02-21,2024-25,TOR,MIA,0,0.47677302
0022400801,2025-02-21,2024-25,HOU,MIN,1,0.55154544
0022400802,2025-02-21,2024-25,SAS,DET,0,0.31655353
0022400803,2025-02-21,2024-25,DAL,NOP,1,0.60681164
0022400804,2025-02-21,2024-25,UTA,OKC,0,0.135611
0022400805,2025-02-21,2024-25,SAC,GSW,0,0.45572978
0022400806,2025-02-22,2024-25,CHI,PHX,0,0.42346177
0022400807,2025-02-22,2024-25,PHI,BKN,0,0.7430232
0022400808,2025-02-22,2024-25,DEN,LAL,0,0.62785155
0022400809,2025-02-22,2024-25,UTA,HOU,1,0.37650925
0022400810,2025-02-22,2024-25,POR,CHA,1,0.7448409
0022400811,2025-02-23,2024-25,BOS,NYK,1,0.63315254
0022400812,2025-02-23,2024-25,GSW,DAL,1,0.6662417
0022400813,2025-02-23,2024-25,IND,LAC,1,0.5218475
0022400814,2025-02-23,2024-25,ATL,DET,0,0.33480123
0022400815,2025-02-23,2024-25,ORL,WAS,1,0.7634682
0022400816,2025-02-23,2024-25,TOR,PHX,1,0.4094206
0022400817,2025-02-23,2024-25,MIL,MIA,1,0.60377115
0022400818,2025-02-23,2024-25,NOP,SAS,1,0.47863913
0022400819,2025-02-23,2024-25,CLE,MEM,1,0.7139896
0022400820,2025-02-23,2024-25,MIN,OKC,0,0.2560416
0022400821,2025-02-24,2024-25,DET,LAC,1,0.6445952
0022400822,2025-02-24,2024-25,IND,DEN,0,0.39798617
0022400823,2025-02-24,2024-25,PHI,CHI,0,0.67868817
0022400824,2025-02-24,2024-25,WAS,BKN,1,0.39556196
0022400825,2025-02-24,2024-25,ATL,MIA,1,0.58473504
0022400826,2025-02-24,2024-25,OKC,MIN,0,0.84772724
0022400827,2025-02-24,2024-25,UTA,POR,0,0.4521896
0022400828,2025-02-24,2024-25,SAC,CHA,1,0.7872313
0022400829,2025-02-25,2024-25,TOR,BOS,0,0.17340806
0022400830,2025-02-25,2024-25,ORL,CLE,0,0.24633393
0022400831,2025-02-25,2024-25,HOU,MIL,1,0.5241351
0022400832,2025-02-25,2024-25,MEM,PHX,1,0.63108224
0022400833,2025-02-25,2024-25,NOP,SAS,1,0.5100448
0022400834,2025-02-25,2024-25,GSW,CHA,1,0.92168945
0022400835,2025-02-25,2024-25,LAL,DAL,1,0.75144774
0022400836,2025-02-26,2024-25,DET,BOS,1,0.5780508
0022400837,2025-02-26,2024-25,IND,TOR,1,0.83678716
0022400838,2025-02-26,2024-25,NYK,PHI,1,0.78211135
0022400839,2025-02-26,2024-25,WAS,POR,0,0.3682695
0022400840,2025-02-26,2024-25,BKN,OKC,0,0.090644434
0022400841,2025-02-26,2024-25,MIA,ATL,1,0.5421093
0022400842,2025-02-26,2024-25,CHI,LAC,0,0.41967258
0022400843,2025-02-26,2024-25,UTA,SAC,0,0.23415346
0022400844,2025-02-26,2024-25,HOU,SAS,1,0.60421926
0022400845,2025-02-27,2024-25,ORL,GSW,0,0.30554658
0022400846,2025-02-27,2024-25,MIL,DEN,1,0.33530506
0022400847,2025-02-27,2024-25,DAL,CHA,1,0.8680637
0022400848,2025-02-27,2024-25,PHX,NOP,0,0.6540774
0022400849,2025-02-27,2024-25,LAL,MIN,1,0.74215275
0022400850,2025-02-28,2024-25,DET,DEN,0,0.5589009
0022400851,2025-02-28,2024-25,ATL,OKC,0,0.21245895
0022400852,2025-02-28,2024-25,BOS,CLE,0,0.5544937
0022400853,2025-02-28,2024-25,BKN,POR,0,0.35167378
0022400854,2025-02-28,2024-25,MIA,IND,1,0.37435666
0022400855,2025-02-28,2024-25,CHI,TOR,1,0.6274138
0022400856,2025-02-28,2024-25,MEM,NYK,0,0.50885975
0022400857,2025-02-28,2024-25,PHX,NOP,1,0.66705894
0022400858,2025-02-28,2024-25,UTA,MIN,1,0.30305272
0022400859,2025-02-28,2024-25,LAL,LAC,1,0.6537764
0022400860,2025-03-01,2024-25,CHA,WAS,0,0.5002372
0022400861,2025-03-01,2024-25,DET,BKN,1,0.8314776
0022400862,2025-03-01,2024-25,HOU,SAC,0,0.5116725
0022400863,2025-03-01,2024-25,MEM,SAS,0,0.6993038
0022400864,2025-03-01,2024-25,PHI,GSW,1,0.22174525
0022400865,2025-03-01,2024-25,DAL,MIL,0,0.544146
0022400866,2025-03-02,2024-25,BOS,DEN,1,0.5967567
0022400867,2025-03-02,2024-25,CLE,POR,1,0.88289493
0022400868,2025-03-02,2024-25,IND,CHI,1,0.79029816
0022400869,2025-03-02,2024-25,MIA,NYK,0,0.4407612
0022400870,2025-03-02,2024-25,ORL,TOR,0,0.6919982
0022400871,2025-03-02,2024-25,SAS,OKC,0,0.15812142
0022400872,2025-03-02,2024-25,UTA,NOP,0,0.5727783
0022400873,2025-03-02,2024-25,PHX,MIN,0,0.46375683
0022400874,2025-03-02,2024-25,LAL,LAC,1,0.7053497
0022400875,2025-03-03,2024-25,CHA,GSW,0,0.1405405
0022400876,2025-03-03,2024-25,PHI,POR,0,0.5960433
0022400877,2025-03-03,2024-25,MIA,WAS,1,0.7761812
0022400878,2025-03-03,2024-25,MEM,ATL,0,0.6296119
0022400879,2025-03-03,2024-25,OKC,HOU,1,0.7002725
0022400880,2025-03-03,2024-25,DAL,SAC,0,0.45513105
0022400881,2025-03-03,2024-25,UTA,DET,0,0.17570439
0022400882,2025-03-04,2024-25,IND,HOU,1,0.81322193
0022400883,2025-03-04,2024-25,ORL,TOR,0,0.6139664
0022400884,2025-03-04,2024-25,ATL,MIL,0,0.41247696
0022400885,2025-03-04,2024-25,NYK,GSW,0,0.5425395
0022400886,2025-03-04,2024-25,CHI,CLE,0,0.21247865
0022400887,2025-03-04,2024-25,MIN,PHI,1,0.8649526
0022400888,2025-03-04,2024-25,SAS,BKN,1,0.63943356
0022400889,2025-03-04,2024-25,PHX,LAC,1,0.54713833
0022400890,2025-03-04,2024-25,LAL,NOP,1,0.8364258
0022400891,2025-03-05,2024-25,BOS,POR,1,0.78095746
0022400892,2025-03-05,2024-25,CHA,MIN,0,0.21931487
0022400893,2025-03-05,2024-25,CLE,MIA,1,0.721926
0022400894,2025-03-05,2024-25,WAS,UTA,1,0.4455675
0022400895,2025-03-05,2024-25,MEM,OKC,0,0.26396668
0022400896,2025-03-05,2024-25,DEN,SAC,1,0.7247632
0022400897,2025-03-05,2024-25,MIL,DAL,1,0.5576917
0022400898,2025-03-05,2024-25,LAC,DET,1,0.3878853
0022400899,2025-03-06,2024-25,ATL,IND,1,0.35970274
0022400900,2025-03-06,2024-25,BOS,PHI,1,0.82222563
0022400901,2025-03-06,2024-25,BKN,GSW,0,0.18045531
0022400902,2025-03-06,2024-25,NOP,HOU,0,0.43681815
0022400903,2025-03-06,2024-25,LAL,NYK,1,0.68872225
0022400944,2025-03-06,2024-25,ORL,CHI,0,0.6888979
0022400904,2025-03-07,2024-25,CHA,CLE,0,0.11083689
0022400905,2025-03-07,2024-25,TOR,UTA,1,0.7400953
0022400906,2025-03-07,2024-25,DAL,MEM,0,0.33536997
0022400907,2025-03-07,2024-25,MIA,MIN,0,0.4496051
0022400908,2025-03-07,2024-25,OKC,POR,1,0.8869095
0022400909,2025-03-07,2024-25,DEN,PHX,1,0.7380717
0022400910,2025-03-07,2024-25,SAC,SAS,1,0.7265597
0022400911,2025-03-07,2024-25,LAC,NYK,1,0.55929416
0022400912,2025-03-08,2024-25,CHA,BKN,1,0.4120313
0022400913,2025-03-08,2024-25,HOU,NOP,1,0.71127874
0022400914,2025-03-08,2024-25,ATL,IND,1,0.43036944
0022400915,2025-03-08,2024-25,TOR,WAS,0,0.6307646
0022400916,2025-03-08,2024-25,MIA,CHI,0,0.6810105
0022400917,2025-03-08,2024-25,MIL,ORL,0,0.7526179
0022400918,2025-03-08,2024-25,BOS,LAL,1,0.553312
0022400919,2025-03-08,2024-25,GSW,DET,1,0.7274463
0022400920,2025-03-09,2024-25,OKC,DEN,1,0.68969
0022400921,2025-03-09,2024-25,DAL,PHX,0,0.3880993
0022400922,2025-03-09,2024-25,MIL,CLE,0,0.33999082
0022400923,2025-03-09,2024-25,NOP,MEM,0,0.24856116
0022400924,2025-03-09,2024-25,PHI,UTA,1,0.5708019
0022400925,2025-03-09,2024-25,MIN,SAS,1,0.82869625
0022400926,2025-03-09,2024-25,POR,DET,0,0.39596415
0022400927,2025-03-09,2024-25,LAC,SAC,1,0.6430471
0022400928,2025-03-10,2024-25,ATL,PHI,1,0.80618215
0022400929,2025-03-10,2024-25,BOS,UTA,1,0.9428966
0022400930,2025-03-10,2024-25,BKN,LAL,1,0.18589827
0022400931,2025-03-10,2024-25,MIA,CHA,0,0.83313
0022400932,2025-03-10,2024-25,TOR,WAS,1,0.7352543
0022400933,2025-03-10,2024-25,CHI,IND,1,0.40051648
0022400934,2025-03-10,2024-25,HOU,ORL,1,0.6906961
0022400935,2025-03-10,2024-25,MEM,PHX,1,0.6367647
0022400936,2025-03-10,2024-25,OKC,DEN,0,0.77261114
0022400937,2025-03-10,2024-25,SAS,DAL,0,0.71380883
0022400938,2025-03-10,2024-25,GSW,POR,1,0.86579007
0022400939,2025-03-10,2024-25,SAC,NYK,0,0.38534912
0022400940,2025-03-11,2024-25,CLE,BKN,1,0.885642
0022400941,2025-03-11,2024-25,DET,WAS,1,0.9193279
0022400942,2025-03-11,2024-25,IND,MIL,1,0.4298255
0022400943,2025-03-11,2024-25,NOP,LAC,1,0.22959895
0022400945,2025-03-12,2024-25,ATL,CHA,1,0.74044263
0022400946,2025-03-12,2024-25,BOS,OKC,0,0.42742652
0022400947,2025-03-12,2024-25,TOR,PHI,1,0.7098349
0022400948,2025-03-12,2024-25,MIA,LAC,0,0.4300034
0022400949,2025-03-12,2024-25,HOU,PHX,1,0.56273955
0022400950,2025-03-12,2024-25,MEM,UTA,1,0.76740676
0022400951,2025-03-12,2024-25,SAS,DAL,1,0.6559217
0022400952,2025-03-12,2024-25,DEN,MIN,0,0.5338838
0022400953,2025-03-12,2024-25,POR,NYK,0,0.42909727
0022400954,2025-03-13,2024-25,DET,WAS,0,0.8640466
0022400955,2025-03-13,2024-25,MIL,LAL,1,0.49972728
0022400956,2025-03-13,2024-25,CHI,BKN,1,0.6645095
0022400957,2025-03-13,2024-25,GSW,SAC,1,0.74664
0022401141,2025-03-13,2024-25,NOP,ORL,0,0.5113193
0022400958,2025-03-14,2024-25,MIA,BOS,0,0.3134195
0022400959,2025-03-14,2024-25,PHI,IND,0,0.23849116
0022400960,2025-03-14,2024-25,ATL,LAC,0,0.518779
0022400961,2025-03-14,2024-25,HOU,DAL,1,0.8247928
0022400962,2025-03-14,2024-25,MEM,CLE,0,0.40301266
0022400963,2025-03-14,2024-25,MIN,ORL,1,0.8549855
0022400964,2025-03-14,2024-25,SAS,CHA,0,0.6646552
0022400965,2025-03-14,2024-25,DEN,LAL,1,0.7009746
0022400966,2025-03-14,2024-25,UTA,TOR,0,0.67105603
0022400967,2025-03-14,2024-25,PHX,SAC,1,0.6291921
0022400968,2025-03-15,2024-25,BKN,BOS,0,0.25567973
0022400969,2025-03-15,2024-25,DET,OKC,0,0.4057429
0022400970,2025-03-15,2024-25,HOU,CHI,1,0.6964582
0022400971,2025-03-15,2024-25,MEM,MIA,1,0.645216
0022400972,2025-03-15,2024-25,MIL,IND,1,0.60024947
0022400973,2025-03-15,2024-25,SAS,NOP,1,0.48584357
0022400974,2025-03-15,2024-25,GSW,NYK,1,0.67051595
0022400975,2025-03-15,2024-25,DEN,WAS,0,0.8548177
0022400538,2025-03-16,2024-25,LAC,CHA,1,0.8526255
0022400976,2025-03-16,2024-25,DAL,PHI,0,0.6496916
0022400977,2025-03-16,2024-25,LAL,PHX,1,0.49709734
0022400978,2025-03-16,2024-25,BKN,ATL,1,0.37779617
0022400979,2025-03-16,2024-25,CLE,ORL,0,0.8038234
0022400980,2025-03-16,2024-25,POR,TOR,1,0.58312213
0022400981,2025-03-16,2024-25,MIN,UTA,1,0.89002544
0022400982,2025-03-16,2024-25,MIL,OKC,0,0.3028133
0022400537,2025-03-17,2024-25,LAL,SAS,1,0.761049
0022400984,2025-03-17,2024-25,NYK,MIA,1,0.7104093
0022400985,2025-03-17,2024-25,HOU,PHI,1,0.87860703
0022400986,2025-03-17,2024-25,MIN,IND,0,0.6402196
0022400987,2025-03-17,2024-25,NOP,DET,0,0.24906538
0022400989,2025-03-17,2024-25,UTA,CHI,0,0.42967162
0022400990,2025-03-17,2024-25,GSW,DEN,0,0.6207061
0022400991,2025-03-17,2024-25,PHX,TOR,1,0.72174156
0022400992,2025-03-17,2024-25,SAC,MEM,1,0.50432134
0022400995,2025-03-17,2024-25,POR,WAS,1,0.6767804
0022400993,2025-03-18,2024-25,CHA,ATL,0,0.4015329
0022400994,2025-03-18,2024-25,BOS,BKN,1,0.9038787
0022400997,2025-03-18,2024-25,LAC,CLE,1,0.4855564
0022401012,2025-03-18,2024-25,GSW,MIL,1,0.71853983
0022400627,2025-03-19,2024-25,UTA,WAS,1,0.59184337
0022400998,2025-03-19,2024-25,IND,DAL,1,0.79286146
0022400999,2025-03-19,2024-25,ORL,HOU,0,0.48254085
0022401000,2025-03-19,2024-25,MIA,DET,0,0.4163618
0022401001,2025-03-19,2024-25,MIN,NOP,0,0.86691314
0022401002,2025-03-19,2024-25,OKC,PHI,1,0.95001245
0022401003,2025-03-19,2024-25,SAS,NYK,1,0.29619995
0022401006,2025-03-19,2024-25,LAL,DEN,1,0.67178804
0022401007,2025-03-19,2024-25,PHX,CHI,1,0.6786157
0022401008,2025-03-19,2024-25,POR,MEM,1,0.32918167
0022401009,2025-03-19,2024-25,SAC,CLE,1,0.41290194
0022400996,2025-03-20,2024-25,LAL,MIL,0,0.58056915
0022401005,2025-03-20,2024-25,GSW,TOR,1,0.90650755
0022401010,2025-03-20,2024-25,CHA,NYK,1,0.2591033
0022401011,2025-03-20,2024-25,IND,BKN,1,0.6246982
0022401013,2025-03-20,2024-25,SAC,CHI,0,0.66657734
0022401014,2025-03-21,2024-25,WAS,ORL,0,0.33418417
0022401015,2025-03-21,2024-25,MIA,HOU,0,0.43442914
0022401016,2025-03-21,2024-25,MIN,NOP,1,0.87405187
0022401017,2025-03-21,2024-25,OKC,CHA,1,0.9034485
0022401018,2025-03-21,2024-25,SAS,PHI,1,0.72047883
0022401019,2025-03-21,2024-25,DAL,DET,1,0.20519805
0022401020,2025-03-21,2024-25,UTA,BOS,0,0.17774011
0022401021,2025-03-21,2024-25,PHX,CLE,1,0.34169397
0022401022,2025-03-21,2024-25,POR,DEN,1,0.40081453
0022401023,2025-03-21,2024-25,LAC,MEM,1,0.6792078
0022401024,2025-03-22,2024-25,IND,BKN,1,0.7057988
0022401025,2025-03-22,2024-25,ATL,GSW,1,0.29944602
0022401026,2025-03-22,2024-25,NYK,WAS,1,0.8435505
0022401027,2025-03-22,2024-25,SAC,MIL,0,0.5142609
0022401028,2025-03-22,2024-25,LAL,CHI,0,0.46786478
0022401029,2025-03-23,2024-25,DET,NOP,1,0.89229196
0022401030,2025-03-23,2024-25,UTA,CLE,0,0.16447748
0022401031,2025-03-23,2024-25,ATL,PHI,1,0.80390394
0022401032,2025-03-23,2024-25,MIA,CHA,1,0.78559303
0022401033,2025-03-23,2024-25,TOR,SAS,0,0.5246
0022401034,2025-03-23,2024-25,POR,BOS,0,0.25769332
0022401035,2025-03-23,2024-25,HOU,DEN,0,0.6332956
0022401036,2025-03-23,2024-25,LAC,OKC,0,0.4621563
0022401037,2025-03-24,2024-25,IND,MIN,1,0.46614626
0022401038,2025-03-24,2024-25,ORL,LAL,1,0.3875323
0022401039,2025-03-24,2024-25,WAS,TOR,0,0.6843592
0022401040,2025-03-24,2024-25,BKN,DAL,0,0.5299866
0022401041,2025-03-24,2024-25,NOP,PHI,1,0.6104714
0022401042,2025-03-24,2024-25,DEN,CHI,0,0.501886
0022401043,2025-03-24,2024-25,PHX,MIL,1,0.598369
0022401044,2025-03-24,2024-25,SAC,BOS,0,0.4404051
0022401045,2025-03-25,2024-25,CHA,ORL,0,0.39878476
0022401046,2025-03-25,2024-25,DET,SAS,1,0.7352092
0022401047,2025-03-25,2024-25,MIA,GSW,1,0.32642186
0022401048,2025-03-25,2024-25,NYK,DAL,1,0.8024664
0022401049,2025-03-25,2024-25,HOU,ATL,1,0.6255712
0022401050,2025-03-25,2024-25,UTA,MEM,0,0.27381748
0022401051,2025-03-25,2024-25,POR,CLE,0,0.24428084
0022401052,2025-03-25,2024-25,SAC,OKC,0,0.21848738
0022401053,2025-03-26,2024-25,PHI,WAS,0,0.3203569
0022401054,2025-03-26,2024-25,BKN,TOR,0,0.61037576
0022401055,2025-03-26,2024-25,IND,LAL,0,0.496138
0022401056,2025-03-26,2024-25,NYK,LAC,0,0.3297908
0022401057,2025-03-26,2024-25,DEN,MIL,1,0.49329954
0022401058,2025-03-26,2024-25,PHX,BOS,0,0.4173249
0022401059,2025-03-27,2024-25,CLE,SAS,1,0.8289741
0022401060,2025-03-27,2024-25,ORL,DAL,0,0.76370513
0022401061,2025-03-27,2024-25,WAS,IND,0,0.14113693
0022401062,2025-03-27,2024-25,MIA,ATL,1,0.49811208
0022401063,2025-03-27,2024-25,CHI,LAL,1,0.5433226
0022401064,2025-03-27,2024-25,OKC,MEM,1,0.8291111
0022401065,2025-03-27,2024-25,UTA,HOU,0,0.236158
0022401066,2025-03-27,2024-25,SAC,POR,1,0.6359944
0022401067,2025-03-28,2024-25,DET,CLE,1,0.54846954
0022401068,2025-03-28,2024-25,BKN,LAC,0,0.22188202
0022401069,2025-03-28,2024-25,TOR,CHA,1,0.616272
0022401070,2025-03-28,2024-25,MIL,NYK,0,0.5069562
0022401071,2025-03-28,2024-25,MIN,PHX,1,0.7139178
0022401072,2025-03-28,2024-25,NOP,GSW,0,0.13421312
0022401073,2025-03-28,2024-25,DEN,UTA,1,0.89769393
0022401074,2025-03-29,2024-25,ORL,SAC,1,0.5522873
0022401075,2025-03-29,2024-25,WAS,BKN,0,0.43893766
0022401076,2025-03-29,2024-25,PHI,MIA,0,0.16555747
0022401077,2025-03-29,2024-25,CHI,DAL,0,0.76519454
0022401078,2025-03-29,2024-25,MEM,LAL,0,0.43893442
0022401079,2025-03-29,2024-25,OKC,IND,1,0.7783766
0022401080,2025-03-29,2024-25,SAS,BOS,0,0.23567633
0022401081,2025-03-30,2024-25,CLE,LAC,1,0.5778217
0022401082,2025-03-30,2024-25,NYK,POR,1,0.6575319
0022401083,2025-03-30,2024-25,MIL,ATL,0,0.5639024
0022401084,2025-03-30,2024-25,MIN,DET,1,0.70956403
0022401085,2025-03-30,2024-25,NOP,CHA,1,0.45698327
0022401086,2025-03-30,2024-25,SAS,GSW,0,0.20309314
0022401087,2025-03-30,2024-25,PHI,TOR,0,0.22876903
0022401088,2025-03-30,2024-25,PHX,HOU,0,0.47251478
0022401089,2025-03-31,2024-25,CHA,UTA,1,0.52674544
0022401090,2025-03-31,2024-25,IND,SAC,1,0.6600747
0022401091,2025-03-31,2024-25,ORL,LAC,0,0.42798007
0022401092,2025-03-31,2024-25,WAS,MIA,0,0.21520129
0022401093,2025-03-31,2024-25,MEM,BOS,0,0.4226861
0022401094,2025-03-31,2024-25,OKC,CHI,1,0.8012487
0022401095,2025-03-31,2024-25,DAL,BKN,0,0.72629976
0022401096,2025-03-31,2024-25,LAL,HOU,1,0.6390825
0022400988,2025-04-01,2024-25,SAS,ORL,0,0.4469498
0022401097,2025-04-01,2024-25,ATL,POR,0,0.64270353
0022401098,2025-04-01,2024-25,NYK,PHI,1,0.9191314
0022401099,2025-04-01,2024-25,CHI,TOR,1,0.6781805
0022401100,2025-04-01,2024-25,MEM,GSW,0,0.31389368
0022401101,2025-04-01,2024-25,MIL,PHX,1,0.55569
0022401102,2025-04-01,2024-25,DEN,MIN,0,0.48936126
0022401103,2025-04-02,2024-25,CLE,NYK,1,0.8008364
0022401104,2025-04-02,2024-25,IND,CHA,1,0.8646618
0022401105,2025-04-02,2024-25,WAS,SAC,1,0.20569661
0022401106,2025-04-02,2024-25,BOS,MIA,0,0.7772396
0022401107,2025-04-02,2024-25,HOU,UTA,1,0.90993905
0022401108,2025-04-02,2024-25,OKC,DET,1,0.83241516
0022401109,2025-04-02,2024-25,DAL,ATL,1,0.50433505
0022401110,2025-04-02,2024-25,DEN,SAS,0,0.7925955
0022401111,2025-04-02,2024-25,LAC,NOP,1,0.93717945
0022401112,2025-04-03,2024-25,WAS,ORL,0,0.11658887
0022401113,2025-04-03,2024-25,BKN,MIN,0,0.20327693
0022401114,2025-04-03,2024-25,MIA,MEM,0,0.5213703
0022401115,2025-04-03,2024-25,PHI,MIL,0,0.21334729
0022401116,2025-04-03,2024-25,TOR,POR,0,0.43562624
0022401117,2025-04-03,2024-25,LAL,GSW,0,0.48863202
0022401118,2025-04-04,2024-25,CHA,SAC,0,0.31468585
0022401119,2025-04-04,2024-25,IND,UTA,1,0.8963706
0022401120,2025-04-04,2024-25,BOS,PHX,1,0.8724697
0022401121,2025-04-04,2024-25,TOR,DET,0,0.3413415
0022401122,2025-04-04,2024-25,CHI,POR,1,0.691702
0022401123,2025-04-04,2024-25,HOU,OKC,1,0.32179192
0022401124,2025-04-04,2024-25,SAS,CLE,0,0.25540864
0022401125,2025-04-04,2024-25,GSW,DEN,1,0.8263594
0022401126,2025-04-04,2024-25,LAL,NOP,1,0.9053084
0022401127,2025-04-04,2024-25,LAC,DAL,1,0.79320127
0022401128,2025-04-05,2024-25,ATL,NYK,0,0.55159944
0022401129,2025-04-05,2024-25,DET,MEM,0,0.40844488
0022401130,2025-04-05,2024-25,PHI,MIN,0,0.09508579
0022401131,2025-04-05,2024-25,MIA,MIL,0,0.6190875
0022401132,2025-04-05,2024-25,LAC,DAL,1,0.82812566
0022400617,2025-04-06,2024-25,NOP,MIL,0,0.23125896
0022401133,2025-04-06,2024-25,CHA,CHI,0,0.21860518
0022401134,2025-04-06,2024-25,BKN,TOR,0,0.3944569
0022401135,2025-04-06,2024-25,OKC,LAL,0,0.71238947
0022401136,2025-04-06,2024-25,ATL,UTA,1,0.8217376
0022401137,2025-04-06,2024-25,BOS,WAS,1,0.9586592
0022401138,2025-04-06,2024-25,CLE,SAC,0,0.7156134
0022401139,2025-04-06,2024-25,POR,SAS,1,0.6388476
0022401140,2025-04-06,2024-25,NYK,PHX,1,0.6427785
0022401142,2025-04-06,2024-25,DEN,IND,0,0.53526014
0022401143,2025-04-06,2024-25,GSW,HOU,0,0.68392813
0022401144,2025-04-07,2024-25,DET,SAC,0,0.6391931
0022401145,2025-04-07,2024-25,MIA,PHI,1,0.85910106
0022401146,2025-04-08,2024-25,CHA,MEM,0,0.22323099
0022401147,2025-04-08,2024-25,CLE,CHI,1,0.73253256
0022401148,2025-04-08,2024-25,IND,WAS,1,0.9345643
0022401149,2025-04-08,2024-25,ORL,ATL,1,0.6666761
0022401150,2025-04-08,2024-25,BKN,NOP,1,0.64014345
0022401151,2025-04-08,2024-25,NYK,BOS,0,0.4412653
0022401152,2025-04-08,2024-25,MIL,MIN,1,0.34443617
0022401153,2025-04-08,2024-25,OKC,LAL,1,0.69503194
0022401154,2025-04-08,2024-25,PHX,GSW,0,0.25707236
0022401155,2025-04-08,2024-25,LAC,SAS,1,0.8783001
0022401156,2025-04-09,2024-25,ORL,BOS,1,0.3697711
0022401157,2025-04-09,2024-25,WAS,PHI,0,0.4005985
0022401158,2025-04-09,2024-25,TOR,CHA,1,0.799009
0022401159,2025-04-09,2024-25,DAL,LAL,0,0.35294703
0022401160,2025-04-09,2024-25,CHI,MIA,1,0.4079217
0022401162,2025-04-09,2024-25,UTA,POR,1,0.34994993
0022401163,2025-04-09,2024-25,GSW,SAS,0,0.8814202
0022401164,2025-04-09,2024-25,PHX,OKC,0,0.18266842
0022401165,2025-04-09,2024-25,SAC,DEN,0,0.5191129
0022401166,2025-04-09,2024-25,LAC,HOU,1,0.49942786
0022401161,2025-04-10,2024-25,MIL,NOP,1,0.87194693
0022401167,2025-04-10,2024-25,DET,NYK,1,0.4713453
0022401168,2025-04-10,2024-25,IND,CLE,1,0.53756535
0022401169,2025-04-10,2024-25,BKN,ATL,0,0.2297304
0022401170,2025-04-10,2024-25,MEM,MIN,0,0.4706853
0022401171,2025-04-11,2024-25,DET,MIL,0,0.59171414
0022401172,2025-04-11,2024-25,IND,ORL,0,0.5371098
0022401173,2025-04-11,2024-25,PHI,ATL,0,0.2610739
0022401174,2025-04-11,2024-25,BOS,CHA,1,0.92366964
0022401175,2025-04-11,2024-25,NYK,CLE,0,0.4310163
0022401176,2025-04-11,2024-25,CHI,WAS,1,0.9285923
0022401177,2025-04-11,2024-25,NOP,MIA,0,0.10324644
0022401178,2025-04-11,2024-25,DAL,TOR,1,0.6945898
0022401179,2025-04-11,2024-25,MIN,BKN,1,0.91678053
0022401180,2025-04-11,2024-25,DEN,MEM,1,0.69890755
0022401181,2025-04-11,2024-25,UTA,OKC,0,0.12846357
0022401182,2025-04-11,2024-25,PHX,SAS,1,0.60614884
0022401183,2025-04-11,2024-25,POR,GSW,0,0.18845324
0022401184,2025-04-11,2024-25,SAC,LAC,0,0.23495674
0022401185,2025-04-11,2024-25,LAL,HOU,1,0.76835227
0022401186,2025-04-13,2024-25,ATL,ORL,1,0.5574163
0022401187,2025-04-13,2024-25,BOS,CHA,1,0.94258946
0022401188,2025-04-13,2024-25,BKN,NYK,0,0.1526205
0022401189,2025-04-13,2024-25,CLE,IND,0,0.75055003
0022401190,2025-04-13,2024-25,MIA,WAS,0,0.9279111
0022401191,2025-04-13,2024-25,PHI,CHI,0,0.1265186
0022401192,2025-04-13,2024-25,MIL,DET,1,0.608707
0022401193,2025-04-13,2024-25,HOU,DEN,0,0.3210762
0022401194,2025-04-13,2024-25,MEM,DAL,1,0.6363452
0022401195,2025-04-13,2024-25,MIN,UTA,1,0.90993315
0022401196,2025-04-13,2024-25,NOP,OKC,0,0.062392436
0022401197,2025-04-13,2024-25,SAS,TOR,1,0.7347304
0022401198,2025-04-13,2024-25,GSW,LAC,0,0.5431788
0022401199,2025-04-13,2024-25,POR,LAL,1,0.22547893
0022401200,2025-04-13,2024-25,SAC,PHX,1,0.63605446
0022500001,2025-10-21,2025-26,OKC,HOU,1,0.7771927
0022500002,2025-10-21,2025-26,LAL,GSW,0,0.5436
0022500003,2025-10-22,2025-26,NYK,CLE,1,0.55795145
0022500004,2025-10-22,2025-26,DAL,SAS,0,0.40604177
0022500080,2025-10-22,2025-26,CHA,BKN,1,0.618054
0022500081,2025-10-22,2025-26,ORL,MIA,1,0.592157
0022500082,2025-10-22,2025-26,ATL,TOR,0,0.89752847
0022500083,2025-10-22,2025-26,BOS,PHI,0,0.9423856
0022500084,2025-10-22,2025-26,CHI,DET,1,0.58214307
0022500085,2025-10-22,2025-26,MEM,NOP,1,0.9646721
0022500086,2025-10-22,2025-26,MIL,WAS,1,0.93855697
0022500087,2025-10-22,2025-26,UTA,LAC,1,0.12090732
0022500088,2025-10-22,2025-26,PHX,SAC,1,0.67362744
0022500089,2025-10-22,2025-26,POR,MIN,0,0.3908128
0022500005,2025-10-23,2025-26,IND,OKC,0,0.5903707
0022500006,2025-10-23,2025-26,GSW,DEN,1,0.6691844
0022500018,2025-10-24,2025-26,NYK,BOS,1,0.5730812
0022500019,2025-10-24,2025-26,LAL,MIN,1,0.5692533
0022500090,2025-10-24,2025-26,ORL,ATL,0,0.49183303
0022500091,2025-10-24,2025-26,BKN,CLE,0,0.2312757
0022500092,2025-10-24,2025-26,TOR,MIL,0,0.4310816
0022500093,2025-10-24,2025-26,HOU,DET,0,0.6377955
0022500094,2025-10-24,2025-26,MEM,MIA,0,0.5414612
0022500095,2025-10-24,2025-26,NOP,SAS,0,0.42288357
0022500096,2025-10-24,2025-26,DAL,WAS,0,0.7180736
0022500097,2025-10-24,2025-26,POR,GSW,1,0.5039798
0022500098,2025-10-24,2025-26,SAC,UTA,1,0.6434691
0022500099,2025-10-24,2025-26,LAC,PHX,1,0.8309359
0022500100,2025-10-25,2025-26,ORL,CHI,0,0.33705422
0022500101,2025-10-25,2025-26,ATL,OKC,0,0.39193907
0022500102,2025-10-25,2025-26,PHI,CHA,1,0.7508695
0022500103,2025-10-25,2025-26,MEM,IND,1,0.4726396
0022500104,2025-10-25,2025-26,DEN,PHX,1,0.87330353
0022500105,2025-10-26,2025-26,SAS,BKN,1,0.75888526
0022500106,2025-10-26,2025-26,DET,BOS,1,0.5718685
0022500107,2025-10-26,2025-26,CLE,MIL,1,0.6370312
0022500108,2025-10-26,2025-26,MIA,NYK,1,0.42733338
0022500109,2025-10-26,2025-26,WAS,CHA,0,0.5915665
0022500110,2025-10-26,2025-26,MIN,IND,1,0.8411833
0022500111,2025-10-26,2025-26,DAL,TOR,1,0.5022901
0022500112,2025-10-26,2025-26,LAC,POR,1,0.73686844
0022500113,2025-10-26,2025-26,SAC,LAL,0,0.3948713
0022500007,2025-10-27,2025-26,DET,CLE,0,0.4310824
0022500008,2025-10-27,2025-26,MIN,DEN,0,0.3942441
0022500114,2025-10-27,2025-26,PHI,ORL,1,0.4746638
0022500115,2025-10-27,2025-26,CHI,ATL,1,0.63806415
0022500116,2025-10-27,2025-26,HOU,BKN,1,0.88522387
0022500117,2025-10-27,2025-26,NOP,BOS,0,0.48956293
0022500118,2025-10-27,2025-26,SAS,TOR,1,0.552681
0022500119,2025-10-27,2025-26,DAL,OKC,0,0.19058158
0022500120,2025-10-27,2025-26,UTA,PHX,1,0.4369325
0022500121,2025-10-27,2025-26,GSW,MEM,1,0.7784462
0022500122,2025-10-27,2025-26,LAL,POR,0,0.6107819
0022500123,2025-10-28,2025-26,WAS,PHI,0,0.4383044
0022500124,2025-10-28,2025-26,MIA,CHA,1,0.7511144
0022500125,2025-10-28,2025-26,MIL,NYK,1,0.52324384
0022500126,2025-10-28,2025-26,OKC,SAC,1,0.7941582
0022500127,2025-10-28,2025-26,GSW,LAC,1,0.33322254
0022500128,2025-10-29,2025-26,BOS,CLE,1,0.4801791
0022500129,2025-10-29,2025-26,DET,ORL,1,0.574345
0022500130,2025-10-29,2025-26,BKN,ATL,0,0.2883557
0022500131,2025-10-29,2025-26,TOR,HOU,0,0.35062492
0022500132,2025-10-29,2025-26,CHI,SAC,1,0.6790617
0022500133,2025-10-29,2025-26,DAL,IND,1,0.52520084
0022500134,2025-10-29,2025-26,DEN,NOP,1,0.8841622
0022500135,2025-10-29,2025-26,UTA,POR,0,0.25282058
0022500136,2025-10-29,2025-26,MIN,LAL,0,0.5950664
0022500137,2025-10-29,2025-26,PHX,MEM,0,0.39847872
0022500138,2025-10-30,2025-26,CHA,ORL,0,0.530488
0022500139,2025-10-30,2025-26,MIL,GSW,1,0.46316886
0022500140,2025-10-30,2025-26,OKC,WAS,1,0.9216085
0022500141,2025-10-30,2025-26,SAS,MIA,1,0.5076819
0022500020,2025-10-31,2025-26,IND,ATL,0,0.40108448
0022500021,2025-10-31,2025-26,PHI,BOS,0,0.47119007
0022500022,2025-10-31,2025-26,CLE,TOR,0,0.7791267
0022500023,2025-10-31,2025-26,CHI,NYK,1,0.5311635
0022500024,2025-10-31,2025-26,MEM,LAL,0,0.6140478
0022500025,2025-10-31,2025-26,PHX,UTA,1,0.48311567
0022500026,2025-10-31,2025-26,POR,DEN,1,0.37824312
0022500027,2025-10-31,2025-26,LAC,NOP,1,0.88669753
0022500142,2025-11-01,2025-26,MIL,SAC,0,0.60358906
0022500143,2025-11-01,2025-26,CHA,MIN,0,0.39017963
0022500144,2025-11-01,2025-26,IND,GSW,1,0.15376954
0022500145,2025-11-01,2025-26,WAS,ORL,0,0.28988475
0022500146,2025-11-01,2025-26,BOS,HOU,0,0.4743855
0022500148,2025-11-02,2025-26,OKC,NOP,1,0.88607955
0022500149,2025-11-02,2025-26,BKN,PHI,0,0.3526289
0022500150,2025-11-02,2025-26,CHA,UTA,1,0.4567467
0022500151,2025-11-02,2025-26,CLE,ATL,1,0.48004293
0022500152,2025-11-02,2025-26,TOR,MEM,1,0.49683678
0022500153,2025-11-02,2025-26,NYK,CHI,1,0.5467334
0022500154,2025-11-02,2025-26,PHX,SAS,1,0.37990865
0022500155,2025-11-02,2025-26,LAL,MIA,1,0.67108756
0022500156,2025-11-03,2025-26,BKN,MIN,0,0.2917513
0022500157,2025-11-03,2025-26,IND,MIL,0,0.29705924
0022500158,2025-11-03,2025-26,BOS,UTA,0,0.8406967
0022500159,2025-11-03,2025-26,NYK,WAS,1,0.8210222
0022500160,2025-11-03,2025-26,HOU,DAL,1,0.8466928
0022500161,2025-11-03,2025-26,MEM,DET,0,0.34750146
0022500162,2025-11-03,2025-26,DEN,SAC,1,0.8587674
0022500163,2025-11-03,2025-26,POR,LAL,0,0.60940135
0022500164,2025-11-03,2025-26,LAC,MIA,0,0.7966139
0022500165,2025-11-04,2025-26,TOR,MIL,1,0.46126008
0022500166,2025-11-04,2025-26,ATL,ORL,1,0.59274864
0022500167,2025-11-04,2025-26,CHI,PHI,1,0.73619837
0022500168,2025-11-04,2025-26,NOP,CHA,1,0.70111597
0022500169,2025-11-04,2025-26,GSW,PHX,1,0.8631789
0022500170,2025-11-04,2025-26,LAC,OKC,0,0.490622
0022500171,2025-11-05,2025-26,CLE,PHI,1,0.62637967
0022500172,2025-11-05,2025-26,DET,UTA,1,0.7717405
0022500173,2025-11-05,2025-26,IND,BKN,0,0.65788454
0022500174,2025-11-05,2025-26,BOS,WAS,1,0.8750184
0022500175,2025-11-05,2025-26,NYK,MIN,1,0.654643
0022500176,2025-11-05,2025-26,MEM,HOU,0,0.26493818
0022500177,2025-11-05,2025-26,DAL,NOP,0,0.67781883
0022500178,2025-11-05,2025-26,DEN,MIA,1,0.70905006
0022500179,2025-11-05,2025-26,LAL,SAS,1,0.4908905
0022500180,2025-11-05,2025-26,POR,OKC,1,0.45487365
0022500181,2025-11-05,2025-26,SAC,GSW,1,0.39231688
0022500182,2025-11-06,2025-26,PHX,LAC,1,0.28167883
0022500028,2025-11-07,2025-26,ORL,BOS,1,0.4847799
0022500029,2025-11-07,2025-26,WAS,CLE,0,0.21801771
0022500030,2025-11-07,2025-26,ATL,TOR,0,0.6525534
0022500031,2025-11-07,2025-26,BKN,DET,0,0.28978562
0022500032,2025-11-07,2025-26,SAS,HOU,1,0.27794364
0022500033,2025-11-07,2025-26,MIA,CHA,1,0.84868765
0022500034,2025-11-07,2025-26,MEM,DAL,1,0.69529766
0022500035,2025-11-07,2025-26,MIL,CHI,1,0.49609703
0022500036,2025-11-07,2025-26,MIN,UTA,1,0.83794177
0022500037,2025-11-07,2025-26,DEN,GSW,1,0.77173555
0022500038,2025-11-07,2025-26,SAC,OKC,0,0.21211593
0022500183,2025-11-08,2025-26,WAS,DAL,0,0.4315565
0022500184,2025-11-08,2025-26,PHI,TOR,1,0.5427459
0022500185,2025-11-08,2025-26,ATL,LAL,1,0.4600849
0022500186,2025-11-08,2025-26,CLE,CHI,1,0.55154395
0022500187,2025-11-08,2025-26,MIA,POR,1,0.45483926
0022500188,2025-11-08,2025-26,SAS,NOP,1,0.62964416
0022500189,2025-11-08,2025-26,DEN,IND,1,0.88580513
0022500190,2025-11-08,2025-26,LAC,PHX,0,0.7225829
0022500191,2025-11-09,2025-26,MIL,HOU,0,0.44797066
0022500192,2025-11-09,2025-26,NYK,BKN,1,0.87848866
0022500193,2025-11-09,2025-26,ORL,BOS,0,0.4472124
0022500194,2025-11-09,2025-26,MEM,OKC,0,0.22737461
0022500195,2025-11-09,2025-26,PHI,DET,0,0.3986457
0022500196,2025-11-09,2025-26,GSW,IND,1,0.8141537
0022500197,2025-11-09,2025-26,SAC,MIN,0,0.24943213
0022500198,2025-11-10,2025-26,CHA,LAL,0,0.26866952
0022500199,2025-11-10,2025-26,DET,WAS,1,0.8364613
0022500200,2025-11-10,2025-26,ORL,POR,1,0.4179449
0022500201,2025-11-10,2025-26,MIA,CLE,1,0.49520844
0022500202,2025-11-10,2025-26,CHI,SAS,0,0.72366273
0022500203,2025-11-10,2025-26,DAL,MIL,0,0.34946877
0022500204,2025-11-10,2025-26,PHX,NOP,1,0.7219303
0022500205,2025-11-10,2025-26,UTA,MIN,0,0.21673198
0022500206,2025-11-10,2025-26,LAC,ATL,0,0.6592957
0022500207,2025-11-11,2025-26,BKN,TOR,0,0.3410025
0022500208,2025-11-11,2025-26,NYK,MEM,1,0.77933735
0022500209,2025-11-11,2025-26,PHI,BOS,1,0.44468024
0022500210,2025-11-11,2025-26,OKC,GSW,1,0.7430748
0022500211,2025-11-11,2025-26,UTA,IND,1,0.46196103
0022500212,2025-11-11,2025-26,SAC,DEN,0,0.19761126
0022500213,2025-11-12,2025-26,CHA,MIL,1,0.25400686
0022500214,2025-11-12,2025-26,DET,CHI,1,0.5032213
0022500215,2025-11-12,2025-26,NYK,ORL,0,0.68406856
0022500216,2025-11-12,2025-26,BOS,MEM,1,0.699405
0022500217,2025-11-12,2025-26,MIA,CLE,0,0.48543623
0022500218,2025-11-12,2025-26,HOU,WAS,1,0.9285998
0022500219,2025-11-12,2025-26,NOP,POR,0,0.27810267
0022500220,2025-11-12,2025-26,SAS,GSW,0,0.47615314
0022500221,2025-11-12,2025-26,DAL,PHX,0,0.41085395
0022500222,2025-11-12,2025-26,OKC,LAL,1,0.70817816
0022500223,2025-11-12,2025-26,SAC,ATL,0,0.3412238
0022500224,2025-11-12,2025-26,LAC,DEN,0,0.42064738
0022500225,2025-11-13,2025-26,CLE,TOR,0,0.5890605
0022500226,2025-11-13,2025-26,PHX,IND,1,0.73064035
0022500227,2025-11-13,2025-26,UTA,ATL,0,0.2893914
0022500039,2025-11-14,2025-26,NYK,MIA,1,0.7228339
0022500040,2025-11-14,2025-26,ORL,BKN,1,0.8109409
0022500041,2025-11-14,2025-26,DET,PHI,1,0.44060767
0022500042,2025-11-14,2025-26,HOU,POR,1,0.69997174
0022500043,2025-11-14,2025-26,MIL,CHA,1,0.7786095
0022500044,2025-11-14,2025-26,MIN,SAC,1,0.84209436
0022500045,2025-11-14,2025-26,NOP,LAL,0,0.2040527
0022500046,2025-11-14,2025-26,DAL,LAC,0,0.30216956
0022500047,2025-11-14,2025-26,SAS,GSW,0,0.38462895
0022500228,2025-11-15,2025-26,CLE,MEM,1,0.78199565
0022500229,2025-11-15,2025-26,CHA,OKC,0,0.08954497
0022500230,2025-11-15,2025-26,IND,TOR,0,0.34216377
0022500231,2025-11-15,2025-26,MIL,LAL,0,0.45982382
0022500232,2025-11-15,2025-26,MIN,DEN,0,0.31989485
0022500233,2025-11-16,2025-26,BOS,LAC,1,0.65074307
0022500234,2025-11-16,2025-26,SAS,SAC,1,0.75301254
0022500235,2025-11-16,2025-26,WAS,BKN,0,0.51930195
0022500236,2025-11-16,2025-26,HOU,ORL,1,0.8060212
0022500237,2025-11-16,2025-26,NOP,GSW,0,0.1573878
0022500238,2025-11-16,2025-26,DAL,POR,1,0.27464896
0022500239,2025-11-16,2025-26,PHX,ATL,0,0.4913104
0022500240,2025-11-16,2025-26,UTA,CHI,1,0.3029839
0022500241,2025-11-17,2025-26,CLE,MIL,1,0.6396181
0022500242,2025-11-17,2025-26,DET,IND,1,0.7252219
0022500243,2025-11-17,2025-26,PHI,LAC,1,0.5360193
0022500244,2025-11-17,2025-26,MIA,NYK,1,0.40046
0022500245,2025-11-17,2025-26,TOR,CHA,1,0.79833645
0022500246,2025-11-17,2025-26,MIN,DAL,1,0.876832
0022500247,2025-11-17,2025-26,NOP,OKC,0,0.079071544
0022500248,2025-11-17,2025-26,DEN,CHI,0,0.81605196
0022500249,2025-11-18,2025-26,ORL,GSW,1,0.32374176
0022500250,2025-11-18,2025-26,BKN,BOS,0,0.19787091
0022500251,2025-11-18,2025-26,ATL,DET,0,0.8091755
0022500252,2025-11-18,2025-26,SAS,MEM,1,0.6582334
0022500253,2025-11-18,2025-26,LAL,UTA,1,0.8037828
0022500254,2025-11-18,2025-26,POR,PHX,0,0.4489628
0022500255,2025-11-19,2025-26,CLE,HOU,0,0.4996919
0022500256,2025-11-19,2025-26,IND,CHA,1,0.35256252
0022500257,2025-11-19,2025-26,MIA,GSW,1,0.3984311
0022500258,2025-11-19,2025-26,PHI,TOR,0,0.44759277
0022500259,2025-11-19,2025-26,MIN,WAS,1,0.90105397
0022500260,2025-11-19,2025-26,NOP,DEN,0,0.13083509
0022500261,2025-11-19,2025-26,OKC,SAC,1,0.8948192
0022500262,2025-11-19,2025-26,DAL,NYK,0,0.32274103
0022500263,2025-11-19,2025-26,POR,CHI,0,0.39762715
0022500264,2025-11-20,2025-26,ORL,LAC,1,0.52077496
0022500265,2025-11-20,2025-26,MEM,SAC,1,0.6429741
0022500266,2025-11-20,2025-26,MIL,PHI,0,0.71411717
0022500267,2025-11-20,2025-26,SAS,ATL,1,0.41272625
0022500048,2025-11-21,2025-26,CLE,IND,1,0.8690636
0022500049,2025-11-21,2025-26,BOS,BKN,0,0.8665251
0022500050,2025-11-21,2025-26,TOR,WAS,1,0.8673625
0022500051,2025-11-21,2025-26,CHI,MIA,0,0.5546693
0022500052,2025-11-21,2025-26,DAL,NOP,1,0.54361725
0022500053,2025-11-21,2025-26,PHX,MIN,1,0.49027717
0022500054,2025-11-21,2025-26,HOU,DEN,0,0.5448957
0022500055,2025-11-21,2025-26,UTA,OKC,0,0.13934799
0022500056,2025-11-21,2025-26,GSW,POR,0,0.61576766
0022500268,2025-11-22,2025-26,CHA,LAC,0,0.36322236
0022500269,2025-11-22,2025-26,ORL,NYK,1,0.46530923
0022500270,2025-11-22,2025-26,NOP,ATL,0,0.22912006
0022500271,2025-11-22,2025-26,CHI,WAS,1,0.8815555
0022500272,2025-11-22,2025-26,MIL,DET,0,0.4343996
0022500273,2025-11-22,2025-26,DAL,MEM,0,0.36833465
0022500274,2025-11-22,2025-26,DEN,SAC,0,0.85508937
0022500275,2025-11-23,2025-26,PHI,MIA,0,0.40022358
0022500276,2025-11-23,2025-26,ATL,CHA,1,0.772637
0022500277,2025-11-23,2025-26,BOS,ORL,1,0.71925867
0022500278,2025-11-23,2025-26,CLE,LAC,1,0.70800465
0022500279,2025-11-23,2025-26,TOR,BKN,1,0.8056402
0022500280,2025-11-23,2025-26,OKC,POR,1,0.88024247
0022500281,2025-11-23,2025-26,PHX,SAS,1,0.6759719
0022500282,2025-11-23,2025-26,UTA,LAL,0,0.22483881
0022500283,2025-11-24,2025-26,IND,DET,0,0.29100803
0022500284,2025-11-24,2025-26,TOR,CLE,1,0.4872942
0022500285,2025-11-24,2025-26,BKN,NYK,0,0.28934216
0022500286,2025-11-24,2025-26,MIA,DAL,1,0.8309024
0022500287,2025-11-24,2025-26,MEM,DEN,0,0.32872635
0022500288,2025-11-24,2025-26,MIL,POR,0,0.5760264
0022500289,2025-11-24,2025-26,NOP,CHI,1,0.21541373
0022500290,2025-11-24,2025-26,PHX,HOU,0,0.3195729
0022500291,2025-11-24,2025-26,GSW,UTA,1,0.88492525
0022500292,2025-11-24,2025-26,SAC,MIN,1,0.18604504
0022500057,2025-11-25,2025-26,WAS,ATL,1,0.18339628
0022500058,2025-11-25,2025-26,PHI,ORL,0,0.54215956
0022500059,2025-11-25,2025-26,LAL,LAC,1,0.67713004
0022500060,2025-11-26,2025-26,BOS,DET,1,0.6076637
0022500061,2025-11-26,2025-26,CHA,NYK,0,0.334687
0022500062,2025-11-26,2025-26,MIA,MIL,1,0.7373363
0022500063,2025-11-26,2025-26,TOR,IND,1,0.80883116
0022500064,2025-11-26,2025-26,OKC,MIN,1,0.8156712
0022500065,2025-11-26,2025-26,NOP,MEM,0,0.41345385
0022500066,2025-11-26,2025-26,GSW,HOU,0,0.44234186
0022500067,2025-11-26,2025-26,POR,SAS,0,0.5302241
0022500068,2025-11-26,2025-26,SAC,PHX,0,0.37542692
0022500069,2025-11-28,2025-26,ATL,CLE,1,0.57040566
0022500070,2025-11-28,2025-26,BKN,PHI,0,0.3511489
0022500071,2025-11-28,2025-26,CHA,CHI,1,0.45769787
0022500072,2025-11-28,2025-26,DET,ORL,0,0.6206983
0022500073,2025-11-28,2025-26,IND,WAS,1,0.6668869
0022500074,2025-11-28,2025-26,NYK,MIL,1,0.75526667
0022500075,2025-11-28,2025-26,OKC,PHX,1,0.8659248
0022500076,2025-11-28,2025-26,DEN,SAS,0,0.70666796
0022500077,2025-11-28,2025-26,UTA,SAC,1,0.6313475
0022500078,2025-11-28,2025-26,LAL,DAL,1,0.8756196
0022500079,2025-11-28,2025-26,LAC,MEM,0,0.72307396
0022500293,2025-11-29,2025-26,MIN,BOS,1,0.5931881
0022500294,2025-11-29,2025-26,CHA,TOR,1,0.30088204
0022500295,2025-11-29,2025-26,IND,CHI,1,0.31239218
0022500296,2025-11-29,2025-26,MIA,DET,0,0.62881184
0022500297,2025-11-29,2025-26,MIL,BKN,1,0.80288565
0022500298,2025-11-29,2025-26,GSW,NOP,1,0.88223094
0022500299,2025-11-29,2025-26,PHX,DEN,0,0.41856736
0022500300,2025-11-29,2025-26,LAC,DAL,0,0.7757883
0022500301,2025-11-30,2025-26,UTA,HOU,0,0.25810918
0022500302,2025-11-30,2025-26,CLE,BOS,0,0.66268015
0022500303,2025-11-30,2025-26,NYK,TOR,1,0.71477675
0022500304,2025-11-30,2025-26,PHI,ATL,0,0.41642383
0022500305,2025-11-30,2025-26,POR,OKC,0,0.19694068
0022500306,2025-11-30,2025-26,MIN,SAS,1,0.64364266
0022500307,2025-11-30,2025-26,SAC,MEM,0,0.4677546
0022500308,2025-11-30,2025-26,LAL,NOP,1,0.91991174
0022500309,2025-12-01,2025-26,DET,ATL,1,0.6519208
0022500310,2025-12-01,2025-26,IND,CLE,0,0.3660132
0022500311,2025-12-01,2025-26,WAS,MIL,1,0.23026896
0022500312,2025-12-01,2025-26,BKN,CHA,1,0.4303626
0022500313,2025-12-01,2025-26,MIA,LAC,1,0.60606277
0022500314,2025-12-01,2025-26,ORL,CHI,1,0.6944567
0022500315,2025-12-01,2025-26,DEN,DAL,0,0.87082154
0022500316,2025-12-01,2025-26,UTA,HOU,1,0.17445536
0022500317,2025-12-01,2025-26,LAL,PHX,0,0.6145601
0022500318,2025-12-02,2025-26,PHI,WAS,1,0.8598153
0022500319,2025-12-02,2025-26,TOR,POR,1,0.6329648
0022500320,2025-12-02,2025-26,BOS,NYK,1,0.55264723
0022500321,2025-12-02,2025-26,NOP,MIN,0,0.15478207
0022500322,2025-12-02,2025-26,SAS,MEM,1,0.65095496
0022500323,2025-12-02,2025-26,GSW,OKC,0,0.3178976
0022500324,2025-12-03,2025-26,CLE,POR,0,0.7875134
0022500325,2025-12-03,2025-26,IND,DEN,0,0.26594818
0022500326,2025-12-03,2025-26,ORL,SAS,0,0.742169
0022500327,2025-12-03,2025-26,ATL,LAC,0,0.6487196
0022500328,2025-12-03,2025-26,NYK,CHA,1,0.7873834
0022500329,2025-12-03,2025-26,CHI,BKN,0,0.7770233
0022500330,2025-12-03,2025-26,HOU,SAC,1,0.8673335
0022500331,2025-12-03,2025-26,MIL,DET,1,0.45336697
0022500332,2025-12-03,2025-26,DAL,MIA,1,0.2924315
0022500333,2025-12-04,2025-26,PHI,GSW,1,0.4703187
0022500334,2025-12-04,2025-26,WAS,BOS,0,0.1767796
0022500335,2025-12-04,2025-26,BKN,UTA,0,0.4072711
0022500336,2025-12-04,2025-26,TOR,LAL,0,0.39900738
0022500337,2025-12-04,2025-26,NOP,MIN,0,0.18868582
0022500338,2025-12-05,2025-26,BOS,LAL,1,0.59202605
0022500339,2025-12-05,2025-26,ORL,MIA,1,0.58252966
0022500340,2025-12-05,2025-26,ATL,DEN,0,0.42042547
0022500341,2025-12-05,2025-26,CLE,SAS,1,0.6642882
0022500342,2025-12-05,2025-26,DET,POR,1,0.6654969
0022500343,2025-12-05,2025-26,NYK,UTA,1,0.8639102
0022500344,2025-12-05,2025-26,TOR,CHA,0,0.66236544
0022500345,2025-12-05,2025-26,CHI,IND,0,0.6146902
0022500346,2025-12-05,2025-26,HOU,PHX,1,0.7281892
0022500347,2025-12-05,2025-26,MEM,LAC,1,0.43633935
0022500348,2025-12-05,2025-26,MIL,PHI,0,0.6849782
0022500349,2025-12-05,2025-26,OKC,DAL,1,0.8947938
0022500350,2025-12-06,2025-26,BKN,NOP,1,0.638305
0022500351,2025-12-06,2025-26,WAS,ATL,0,0.21199988
0022500352,2025-12-06,2025-26,CLE,GSW,0,0.57767206
0022500353,2025-12-06,2025-26,DET,MIL,1,0.6481951
0022500354,2025-12-06,2025-26,MIA,SAC,0,0.8038745
0022500355,2025-12-06,2025-26,MIN,LAC,1,0.76558036
0022500356,2025-12-06,2025-26,DAL,HOU,1,0.27129602
0022500357,2025-12-07,2025-26,NYK,ORL,1,0.66540235
0022500358,2025-12-07,2025-26,TOR,BOS,0,0.3992768
0022500359,2025-12-07,2025-26,CHA,DEN,0,0.22847563
0022500360,2025-12-07,2025-26,MEM,POR,1,0.500463
0022500361,2025-12-07,2025-26,CHI,GSW,0,0.57949156
0022500362,2025-12-07,2025-26,PHI,LAL,0,0.5482187
0022500363,2025-12-07,2025-26,UTA,OKC,0,0.15580574
0022500364,2025-12-08,2025-26,IND,SAC,1,0.6694281
0022500365,2025-12-08,2025-26,MIN,PHX,0,0.6677346
0022500366,2025-12-08,2025-26,NOP,SAS,0,0.2745647
0022501201,2025-12-09,2025-26,ORL,MIA,1,0.6376933
0022501202,2025-12-09,2025-26,TOR,NYK,0,0.31138054
0022501203,2025-12-10,2025-26,OKC,PHX,1,0.78673834
0022501204,2025-12-10,2025-26,LAL,SAS,0,0.6710911
0022501205,2025-12-11,2025-26,HOU,LAC,1,0.6425369
0022501206,2025-12-11,2025-26,MIL,BOS,1,0.3322114
0022501207,2025-12-11,2025-26,NOP,POR,1,0.31476018
0022501208,2025-12-11,2025-26,SAC,DEN,0,0.22899465
0022501209,2025-12-12,2025-26,CHA,CHI,0,0.45402202
0022501210,2025-12-12,2025-26,DET,ATL,1,0.49308184
0022501211,2025-12-12,2025-26,PHI,IND,1,0.6686542
0022501212,2025-12-12,2025-26,WAS,CLE,0,0.14386553
0022501213,2025-12-12,2025-26,MEM,UTA,0,0.7327997
0022501214,2025-12-12,2025-26,DAL,BKN,1,0.6813732
0022501215,2025-12-12,2025-26,GSW,MIN,0,0.4676163
0022501216,2025-12-14,2025-26,IND,WAS,0,0.8317248
0022501217,2025-12-14,2025-26,ATL,PHI,1,0.69608027
0022501218,2025-12-14,2025-26,CLE,CHA,0,0.79722464
0022501219,2025-12-14,2025-26,BKN,MIL,1,0.5013632
0022501220,2025-12-14,2025-26,MIN,SAC,1,0.81381947
0022501221,2025-12-14,2025-26,POR,GSW,1,0.32157356
0022501223,2025-12-14,2025-26,CHI,NOP,0,0.7467826
0022501228,2025-12-14,2025-26,PHX,LAL,0,0.43447965
0022501222,2025-12-15,2025-26,BOS,DET,0,0.62573344
0022501224,2025-12-15,2025-26,UTA,DAL,1,0.46931124
0022501225,2025-12-15,2025-26,DEN,HOU,1,0.5275236
0022501226,2025-12-15,2025-26,LAC,MEM,0,0.75374925
0022501227,2025-12-15,2025-26,MIA,TOR,0,0.6774874
0022500367,2025-12-17,2025-26,CHI,CLE,1,0.5168832
0022500368,2025-12-17,2025-26,MIN,MEM,0,0.79186374
0022500369,2025-12-18,2025-26,OKC,LAC,1,0.86522907
0022500370,2025-12-18,2025-26,SAS,WAS,1,0.91069627
0022500371,2025-12-18,2025-26,CHA,ATL,1,0.2902757
0022500372,2025-12-18,2025-26,IND,NYK,0,0.27165058
0022500373,2025-12-18,2025-26,BKN,MIA,0,0.37573105
0022500374,2025-12-18,2025-26,MIL,TOR,0,0.4794579
0022500375,2025-12-18,2025-26,NOP,HOU,1,0.21071464
0022500376,2025-12-18,2025-26,DAL,DET,1,0.3210368
0022500377,2025-12-18,2025-26,DEN,ORL,1,0.68361217
0022500378,2025-12-18,2025-26,PHX,GSW,1,0.44625297
0022500379,2025-12-18,2025-26,UTA,LAL,0,0.1595613
0022500380,2025-12-18,2025-26,POR,SAC,1,0.7569033
0022500381,2025-12-19,2025-26,BOS,MIA,1,0.7093474
0022500382,2025-12-19,2025-26,NYK,PHI,0,0.59987855
0022500383,2025-12-19,2025-26,ATL,SAS,0,0.49048415
0022500384,2025-12-19,2025-26,CLE,CHI,0,0.5578836
0022500385,2025-12-19,2025-26,MIN,OKC,1,0.32088774
0022500386,2025-12-20,2025-26,DEN,HOU,0,0.5700286
0022500387,2025-12-20,2025-26,PHI,DAL,1,0.52713346
0022500388,2025-12-20,2025-26,TOR,BOS,0,0.4841813
0022500389,2025-12-20,2025-26,NOP,IND,1,0.57310444
0022500390,2025-12-20,2025-26,DET,CHA,1,0.77925414
0022500391,2025-12-20,2025-26,MEM,WAS,0,0.8041724
0022500392,2025-12-20,2025-26,GSW,PHX,1,0.6650309
0022500393,2025-12-20,2025-26,UTA,ORL,0,0.30687496
0022500394,2025-12-20,2025-26,SAC,POR,0,0.36833078
0022500395,2025-12-20,2025-26,LAC,LAL,1,0.39519095
0022500396,2025-12-21,2025-26,ATL,CHI,0,0.62171066
0022500397,2025-12-21,2025-26,BKN,TOR,1,0.60668147
0022500398,2025-12-21,2025-26,NYK,MIA,1,0.76464254
0022500399,2025-12-21,2025-26,WAS,SAS,0,0.10043759
0022500400,2025-12-21,2025-26,MIN,MIL,1,0.6801891
0022500401,2025-12-21,2025-26,SAC,HOU,1,0.13461384
0022500402,2025-12-22,2025-26,CLE,CHA,1,0.6084296
0022500403,2025-12-22,2025-26,BOS,IND,1,0.8227851
0022500404,2025-12-22,2025-26,NOP,DAL,1,0.4262044
0022500405,2025-12-22,2025-26,DEN,UTA,1,0.8961227
0022500406,2025-12-22,2025-26,OKC,MEM,1,0.90232474
0022500407,2025-12-22,2025-26,GSW,ORL,1,0.6886073
0022500408,2025-12-22,2025-26,POR,DET,0,0.36036786
0022500409,2025-12-23,2025-26,CHA,WAS,1,0.7074209
0022500410,2025-12-23,2025-26,PHI,BKN,0,0.6479176
0022500411,2025-12-23,2025-26,ATL,CHI,0,0.6061852
0022500412,2025-12-23,2025-26,CLE,NOP,1,0.6787496
0022500413,2025-12-23,2025-26,IND,MIL,0,0.4103314
0022500414,2025-12-23,2025-26,MIA,TOR,0,0.5862949
0022500415,2025-12-23,2025-26,DAL,DEN,1,0.32189918
0022500416,2025-12-23,2025-26,MIN,NYK,1,0.54097897
0022500417,2025-12-23,2025-26,SAS,OKC,1,0.46947992
0022500418,2025-12-23,2025-26,PHX,LAL,1,0.5201181
0022500419,2025-12-23,2025-26,UTA,MEM,0,0.45534828
0022500420,2025-12-23,2025-26,POR,ORL,0,0.5392301
0022500421,2025-12-23,2025-26,SAC,DET,0,0.20092078
0022500422,2025-12-23,2025-26,LAC,HOU,1,0.47215405
0022500009,2025-12-25,2025-26,NYK,CLE,1,0.5413379
0022500010,2025-12-25,2025-26,OKC,SAS,0,0.7167437
0022500011,2025-12-25,2025-26,GSW,DAL,1,0.7582959
0022500012,2025-12-25,2025-26,LAL,HOU,0,0.32784966
0022500013,2025-12-25,2025-26,DEN,MIN,1,0.6581966
0022500423,2025-12-26,2025-26,ATL,MIA,0,0.59665483
0022500424,2025-12-26,2025-26,ORL,CHA,0,0.6603201
0022500425,2025-12-26,2025-26,WAS,TOR,1,0.2768099
0022500426,2025-12-26,2025-26,IND,BOS,0,0.29144955
0022500427,2025-12-26,2025-26,CHI,PHI,1,0.5817105
0022500428,2025-12-26,2025-26,MEM,MIL,1,0.54402137
0022500429,2025-12-26,2025-26,NOP,PHX,0,0.36948824
0022500430,2025-12-26,2025-26,UTA,DET,1,0.19907682
0022500431,2025-12-26,2025-26,POR,LAC,0,0.4197261
0022500432,2025-12-27,2025-26,SAC,DAL,1,0.37357923
0022500433,2025-12-27,2025-26,ORL,DEN,1,0.28816643
0022500434,2025-12-27,2025-26,NOP,PHX,0,0.36582813
0022500435,2025-12-27,2025-26,ATL,NYK,0,0.40968546
0022500436,2025-12-27,2025-26,MIA,IND,1,0.72628
0022500437,2025-12-27,2025-26,CHI,MIL,0,0.6870536
0022500438,2025-12-27,2025-26,HOU,CLE,1,0.7164235
0022500439,2025-12-27,2025-26,MIN,BKN,0,0.7592705
0022500440,2025-12-27,2025-26,SAS,UTA,0,0.8574245
0022500441,2025-12-28,2025-26,TOR,GSW,1,0.3263684
0022500442,2025-12-28,2025-26,OKC,PHI,1,0.8571419
0022500443,2025-12-28,2025-26,WAS,MEM,1,0.30795816
0022500444,2025-12-28,2025-26,POR,BOS,1,0.35480088
0022500445,2025-12-28,2025-26,LAC,DET,1,0.5209668
0022500446,2025-12-28,2025-26,LAL,SAC,1,0.8771475
0022500447,2025-12-29,2025-26,CHA,MIL,0,0.45274657
0022500448,2025-12-29,2025-26,WAS,PHX,0,0.20987928
0022500449,2025-12-29,2025-26,BKN,GSW,0,0.41350538
0022500450,2025-12-29,2025-26,MIA,DEN,1,0.42132705
0022500451,2025-12-29,2025-26,TOR,ORL,1,0.5279521
0022500452,2025-12-29,2025-26,CHI,MIN,0,0.47493532
0022500453,2025-12-29,2025-26,HOU,IND,1,0.8814515
0022500454,2025-12-29,2025-26,NOP,NYK,0,0.3260479
0022500455,2025-12-29,2025-26,OKC,ATL,1,0.81718194
0022500456,2025-12-29,2025-26,SAS,CLE,0,0.55288106
0022500457,2025-12-29,2025-26,POR,DAL,1,0.4759764
0022500458,2025-12-30,2025-26,MEM,PHI,0,0.487283
0022500459,2025-12-30,2025-26,UTA,BOS,0,0.27174404
0022500460,2025-12-30,2025-26,LAL,DET,0,0.44620863
0022500461,2025-12-30,2025-26,LAC,SAC,1,0.8686788
0022500462,2025-12-31,2025-26,CHA,GSW,0,0.26354727
0022500463,2025-12-31,2025-26,ATL,MIN,1,0.362572
0022500464,2025-12-31,2025-26,IND,ORL,0,0.44600627
0022500465,2025-12-31,2025-26,CLE,PHX,1,0.6914602
0022500466,2025-12-31,2025-26,CHI,NOP,1,0.696453
0022500467,2025-12-31,2025-26,SAS,NYK,1,0.61192846
0022500468,2025-12-31,2025-26,TOR,DEN,0,0.3801261
0022500469,2025-12-31,2025-26,MIL,WAS,0,0.82341427
0022500470,2025-12-31,2025-26,OKC,POR,1,0.8759222
0022500471,2026-01-01,2025-26,BKN,HOU,0,0.28462616
0022500472,2026-01-01,2025-26,DET,MIA,0,0.6234558
0022500473,2026-01-01,2025-26,DAL,PHI,0,0.43660477
0022500474,2026-01-01,2025-26,SAC,BOS,0,0.2449145
0022500475,2026-01-01,2025-26,LAC,UTA,1,0.8527155
0022500476,2026-01-02,2025-26,IND,SAS,0,0.31932244
0022500477,2026-01-02,2025-26,WAS,BKN,1,0.41026092
0022500478,2026-01-02,2025-26,CLE,DEN,1,0.7366636
0022500479,2026-01-02,2025-26,NYK,ATL,0,0.6398473
0022500480,2026-01-02,2025-26,CHI,ORL,1,0.44015893
0022500481,2026-01-02,2025-26,MIL,CHA,1,0.6619219
0022500482,2026-01-02,2025-26,NOP,POR,0,0.40090874
0022500483,2026-01-02,2025-26,PHX,SAC,1,0.87642473
0022500484,2026-01-02,2025-26,GSW,OKC,0,0.32139713
0022500485,2026-01-02,2025-26,LAL,MEM,1,0.6663851
0022500486,2026-01-03,2025-26,MIA,MIN,0,0.47210914
0022500487,2026-01-03,2025-26,NYK,PHI,0,0.5677923
0022500488,2026-01-03,2025-26,TOR,ATL,1,0.5861277
0022500489,2026-01-03,2025-26,CHI,CHA,0,0.52562034
0022500490,2026-01-03,2025-26,SAS,POR,0,0.73756695
0022500491,2026-01-03,2025-26,DAL,HOU,1,0.2395021
0022500492,2026-01-03,2025-26,GSW,UTA,1,0.7705807
0022500493,2026-01-03,2025-26,LAC,BOS,0,0.60888815
0022500494,2026-01-04,2025-26,CLE,DET,0,0.46119508
0022500495,2026-01-04,2025-26,ORL,IND,1,0.6670583
0022500496,2026-01-04,2025-26,BKN,DEN,1,0.54223365
0022500497,2026-01-04,2025-26,MIA,NOP,1,0.7156924
0022500498,2026-01-04,2025-26,WAS,MIN,0,0.22759414
0022500499,2026-01-04,2025-26,PHX,OKC,1,0.25941706
0022500500,2026-01-04,2025-26,SAC,MIL,0,0.3330139
0022500501,2026-01-04,2025-26,LAL,MEM,1,0.64518005
0022500502,2026-01-05,2025-26,DET,NYK,1,0.5155564
0022500503,2026-01-05,2025-26,BOS,CHI,1,0.7931025
0022500504,2026-01-05,2025-26,TOR,ATL,1,0.5155549
0022500505,2026-01-05,2025-26,HOU,PHX,1,0.77845114
0022500506,2026-01-05,2025-26,OKC,CHA,0,0.8510499
0022500507,2026-01-05,2025-26,PHI,DEN,0,0.7004294
0022500508,2026-01-05,2025-26,LAC,GSW,1,0.5641598
0022500509,2026-01-05,2025-26,POR,UTA,1,0.62766904
0022500510,2026-01-06,2025-26,IND,CLE,0,0.31816286
0022500511,2026-01-06,2025-26,WAS,ORL,1,0.3787688
0022500512,2026-01-06,2025-26,MEM,SAS,1,0.4018778
0022500513,2026-01-06,2025-26,MIN,MIA,1,0.6847152
0022500514,2026-01-06,2025-26,NOP,LAL,0,0.38430756
0022500515,2026-01-06,2025-26,SAC,DAL,0,0.37803504
0022500516,2026-01-07,2025-26,CHA,TOR,0,0.5061319
0022500517,2026-01-07,2025-26,DET,CHI,1,0.75624335
0022500518,2026-01-07,2025-26,PHI,WAS,1,0.84459186
0022500519,2026-01-07,2025-26,ATL,NOP,1,0.7761325
0022500520,2026-01-07,2025-26,BOS,DEN,0,0.8230177
0022500521,2026-01-07,2025-26,BKN,ORL,0,0.59007394
0022500522,2026-01-07,2025-26,NYK,LAC,1,0.5390392
0022500523,2026-01-07,2025-26,SAS,LAL,1,0.61426985
0022500524,2026-01-07,2025-26,MEM,PHX,0,0.4091663
0022500525,2026-01-07,2025-26,OKC,UTA,1,0.91357905
0022500526,2026-01-07,2025-26,GSW,MIL,1,0.74676394
0022500527,2026-01-07,2025-26,POR,HOU,1,0.32667363
0022500528,2026-01-08,2025-26,CHA,IND,0,0.62448215
0022500530,2026-01-08,2025-26,MIN,CLE,1,0.68454593
0022500531,2026-01-08,2025-26,UTA,DAL,1,0.4054393
0022500532,2026-01-09,2025-26,BOS,TOR,1,0.767299
0022500533,2026-01-09,2025-26,ORL,PHI,0,0.43052086
0022500534,2026-01-09,2025-26,WAS,NOP,0,0.46173328
0022500535,2026-01-09,2025-26,BKN,LAC,0,0.3621304
0022500536,2026-01-09,2025-26,MEM,OKC,0,0.2144665
0022500537,2026-01-09,2025-26,DEN,ATL,0,0.55489415
0022500538,2026-01-09,2025-26,PHX,NYK,1,0.50636
0022500539,2026-01-09,2025-26,GSW,SAC,1,0.8880857
0022500540,2026-01-09,2025-26,POR,HOU,1,0.37826115
0022500541,2026-01-09,2025-26,LAL,MIL,0,0.5424406
0022500542,2026-01-10,2025-26,CLE,MIN,1,0.43541637
0022500543,2026-01-10,2025-26,IND,MIA,1,0.38464305
0022500544,2026-01-10,2025-26,DET,LAC,0,0.6301362
0022500545,2026-01-10,2025-26,BOS,SAS,0,0.5879963
0022500546,2026-01-10,2025-26,CHI,DAL,1,0.5689469
0022500547,2026-01-10,2025-26,UTA,CHA,0,0.4058833
0022500548,2026-01-11,2025-26,ORL,NOP,1,0.6556408
0022500549,2026-01-11,2025-26,MEM,BKN,1,0.60977244
0022500550,2026-01-11,2025-26,TOR,PHI,1,0.3206348
0022500551,2026-01-11,2025-26,POR,NYK,0,0.45545566
0022500552,2026-01-11,2025-26,MIN,SAS,1,0.65846074
0022500553,2026-01-11,2025-26,OKC,MIA,1,0.7855462
0022500554,2026-01-11,2025-26,DEN,MIL,1,0.51084316
0022500555,2026-01-11,2025-26,PHX,WAS,1,0.86858237
0022500556,2026-01-11,2025-26,GSW,ATL,0,0.6215452
0022500557,2026-01-11,2025-26,SAC,HOU,1,0.19565439
0022500558,2026-01-12,2025-26,CLE,UTA,0,0.85367113
0022500559,2026-01-12,2025-26,IND,BOS,1,0.3102836
0022500560,2026-01-12,2025-26,TOR,PHI,0,0.38494745
0022500561,2026-01-12,2025-26,DAL,BKN,1,0.70880765
0022500562,2026-01-12,2025-26,SAC,LAL,1,0.18811738
0022500563,2026-01-12,2025-26,LAC,CHA,1,0.7139386
0022500564,2026-01-13,2025-26,MIA,PHX,1,0.4630092
0022500565,2026-01-13,2025-26,HOU,CHI,1,0.80163795
0022500566,2026-01-13,2025-26,MIL,MIN,0,0.40683842
0022500567,2026-01-13,2025-26,NOP,DEN,0,0.45903644
0022500568,2026-01-13,2025-26,OKC,SAS,1,0.7950553
0022500569,2026-01-13,2025-26,LAL,ATL,1,0.46055472
0022500570,2026-01-13,2025-26,GSW,POR,1,0.67890155
0022500571,2026-01-14,2025-26,IND,TOR,0,0.5636769
0022500572,2026-01-14,2025-26,PHI,CLE,0,0.57260865
0022500573,2026-01-14,2025-26,CHI,UTA,1,0.586682
0022500574,2026-01-14,2025-26,NOP,BKN,1,0.4300587
0022500575,2026-01-14,2025-26,DAL,DEN,0,0.4984059
0022500576,2026-01-14,2025-26,SAC,NYK,1,0.19765344
0022500577,2026-01-14,2025-26,LAC,WAS,1,0.8732416
0022500579,2026-01-15,2025-26,DET,PHX,1,0.567927
0022500580,2026-01-15,2025-26,MIA,BOS,0,0.4002877
0022500581,2026-01-15,2025-26,HOU,OKC,0,0.3883197
0022500582,2026-01-15,2025-26,SAS,MIL,1,0.62420344
0022500583,2026-01-15,2025-26,DAL,UTA,1,0.758848
0022500584,2026-01-15,2025-26,GSW,NYK,1,0.69413865
0022500585,2026-01-15,2025-26,POR,ATL,1,0.525493
0022500586,2026-01-15,2025-26,LAL,CHA,0,0.6160802
0022500587,2026-01-16,2025-26,BKN,CHI,1,0.53382224
0022500588,2026-01-16,2025-26,IND,NOP,1,0.6606995
0022500589,2026-01-16,2025-26,PHI,CLE,0,0.5550849
0022500590,2026-01-16,2025-26,TOR,LAC,0,0.3223344
0022500591,2026-01-16,2025-26,HOU,MIN,1,0.5590109
0022500592,2026-01-16,2025-26,SAC,WAS,1,0.643708
0022500593,2026-01-17,2025-26,DAL,UTA,1,0.7036996
0022500594,2026-01-17,2025-26,ATL,BOS,0,0.47123623
0022500595,2026-01-17,2025-26,DET,IND,1,0.8503376
0022500596,2026-01-17,2025-26,NYK,PHX,0,0.55974704
0022500597,2026-01-17,2025-26,MIA,OKC,1,0.26725295
0022500598,2026-01-17,2025-26,SAS,MIN,1,0.57837653
0022500599,2026-01-17,2025-26,GSW,CHA,1,0.7705958
0022500600,2026-01-17,2025-26,DEN,WAS,1,0.8430289
0022500601,2026-01-17,2025-26,POR,LAL,1,0.48530456
0022500603,2026-01-18,2025-26,CHI,BKN,1,0.60957265
0022500604,2026-01-18,2025-26,HOU,NOP,1,0.83583826
0022500605,2026-01-18,2025-26,DEN,CHA,0,0.5283889
0022500606,2026-01-18,2025-26,SAC,POR,0,0.5361037
0022500607,2026-01-18,2025-26,LAL,TOR,1,0.63695866
0022500014,2026-01-19,2025-26,ATL,MIL,0,0.54335093
0022500015,2026-01-19,2025-26,CLE,OKC,0,0.31882596
0022500016,2026-01-19,2025-26,NYK,DAL,0,0.7904307
0022500017,2026-01-19,2025-26,DET,BOS,1,0.6196639
0022500608,2026-01-19,2025-26,WAS,LAC,0,0.22344717
0022500609,2026-01-19,2025-26,PHI,IND,1,0.76691043
0022500610,2026-01-19,2025-26,BKN,PHX,0,0.22979468
0022500611,2026-01-19,2025-26,SAS,UTA,1,0.9108688
0022500612,2026-01-19,2025-26,GSW,MIA,1,0.6851327
0022500613,2026-01-20,2025-26,PHI,PHX,0,0.6334113
0022500614,2026-01-20,2025-26,CHI,LAC,1,0.47388533
0022500615,2026-01-20,2025-26,HOU,SAS,1,0.69300944
0022500616,2026-01-20,2025-26,UTA,MIN,1,0.17886013
0022500617,2026-01-20,2025-26,DEN,LAL,0,0.5342546
0022500618,2026-01-20,2025-26,GSW,TOR,0,0.72903955
0022500619,2026-01-20,2025-26,SAC,MIA,0,0.47742853
0022500620,2026-01-21,2025-26,CHA,CLE,0,0.4918004
0022500621,2026-01-21,2025-26,BOS,IND,1,0.76487786
0022500622,2026-01-21,2025-26,NYK,BKN,1,0.7790826
0022500623,2026-01-21,2025-26,MEM,ATL,0,0.5315177
0022500624,2026-01-21,2025-26,NOP,DET,0,0.2636952
0022500625,2026-01-21,2025-26,MIL,OKC,0,0.23760413
0022500626,2026-01-21,2025-26,SAC,TOR,0,0.41504034
0022500627,2026-01-22,2025-26,ORL,CHA,0,0.5414958
0022500628,2026-01-22,2025-26,PHI,HOU,1,0.45793715
0022500629,2026-01-22,2025-26,WAS,DEN,0,0.29257077
0022500630,2026-01-22,2025-26,DAL,GSW,1,0.29382497
0022500631,2026-01-22,2025-26,MIN,CHI,0,0.701362
0022500632,2026-01-22,2025-26,UTA,SAS,0,0.26570722
0022500633,2026-01-22,2025-26,LAC,LAL,1,0.48235673
0022500634,2026-01-22,2025-26,POR,MIA,1,0.580724
0022500635,2026-01-23,2025-26,DET,HOU,0,0.6425557
0022500636,2026-01-23,2025-26,ATL,PHX,1,0.42536297
0022500637,2026-01-23,2025-26,BKN,BOS,0,0.3172819
0022500638,2026-01-23,2025-26,CLE,SAC,1,0.80624765
0022500639,2026-01-23,2025-26,MEM,NOP,0,0.65141934
0022500640,2026-01-23,2025-26,MIL,DEN,0,0.5775658
0022500641,2026-01-23,2025-26,OKC,IND,0,0.8819419
0022500642,2026-01-23,2025-26,POR,TOR,0,0.50311154
0022500643,2026-01-24,2025-26,PHI,NYK,0,0.5275311
0022500645,2026-01-24,2025-26,CHA,WAS,1,0.8137594
0022500646,2026-01-24,2025-26,ORL,CLE,0,0.5089017
0022500647,2026-01-24,2025-26,CHI,BOS,1,0.62377864
0022500648,2026-01-24,2025-26,DAL,LAL,0,0.3789141
0022500649,2026-01-24,2025-26,UTA,MIA,0,0.33294418
0022500644,2026-01-25,2025-26,MIN,GSW,0,0.5400118
0022500650,2026-01-25,2025-26,DET,SAC,1,0.84394634
0022500653,2026-01-25,2025-26,OKC,TOR,0,0.78192717
0022500654,2026-01-25,2025-26,SAS,NOP,0,0.7307966
0022500655,2026-01-25,2025-26,PHX,MIA,0,0.77369887
0022500656,2026-01-25,2025-26,LAC,BKN,1,0.7898494
0022500657,2026-01-26,2025-26,CHA,PHI,1,0.5378124
0022500658,2026-01-26,2025-26,CLE,ORL,1,0.662119
0022500659,2026-01-26,2025-26,ATL,IND,1,0.7133677
0022500660,2026-01-26,2025-26,BOS,POR,1,0.70984304
0022500661,2026-01-26,2025-26,CHI,LAL,0,0.44247523
0022500662,2026-01-26,2025-26,HOU,MEM,1,0.79415435
0022500663,2026-01-26,2025-26,MIN,GSW,1,0.50399375
0022500664,2026-01-27,2025-26,WAS,POR,1,0.26459944
0022500665,2026-01-27,2025-26,NYK,SAC,1,0.77670735
0022500666,2026-01-27,2025-26,PHI,MIL,1,0.5694042
0022500667,2026-01-27,2025-26,OKC,NOP,1,0.8489661
0022500668,2026-01-27,2025-26,DEN,DET,0,0.3377683
0022500669,2026-01-27,2025-26,PHX,BKN,1,0.7163478
0022500670,2026-01-27,2025-26,UTA,LAC,0,0.22482988
0022500671,2026-01-28,2025-26,CLE,LAL,1,0.57449186
0022500672,2026-01-28,2025-26,IND,CHI,1,0.4198389
0022500673,2026-01-28,2025-26,BOS,ATL,0,0.6875013
0022500674,2026-01-28,2025-26,MIA,ORL,0,0.63522214
0022500675,2026-01-28,2025-26,TOR,NYK,0,0.64000636
0022500676,2026-01-28,2025-26,MEM,CHA,0,0.4072377
0022500677,2026-01-28,2025-26,DAL,MIN,0,0.35443467
0022500678,2026-01-28,2025-26,UTA,GSW,0,0.2098071
0022500679,2026-01-28,2025-26,HOU,SAS,0,0.675092
0022500529,2026-01-29,2025-26,CHI,MIA,0,0.5581986
0022500680,2026-01-29,2025-26,PHI,SAC,1,0.7838629
0022500681,2026-01-29,2025-26,WAS,MIL,1,0.42098197
0022500682,2026-01-29,2025-26,ATL,HOU,0,0.399602
0022500683,2026-01-29,2025-26,DAL,CHA,0,0.40040654
0022500684,2026-01-29,2025-26,DEN,BKN,1,0.62184054
0022500685,2026-01-29,2025-26,PHX,DET,1,0.4228904
0022500686,2026-01-29,2025-26,MIN,OKC,1,0.40318814
0022500687,2026-01-30,2025-26,ORL,TOR,1,0.44629163
0022500688,2026-01-30,2025-26,WAS,LAL,0,0.2217987
0022500689,2026-01-30,2025-26,BOS,SAC,1,0.8776845
0022500690,2026-01-30,2025-26,NYK,POR,1,0.614376
0022500691,2026-01-30,2025-26,NOP,MEM,1,0.6201944
0022500693,2026-01-30,2025-26,PHX,CLE,1,0.35201988
0022500694,2026-01-30,2025-26,UTA,BKN,0,0.6526304
0022500695,2026-01-30,2025-26,DEN,LAC,1,0.32903787
0022500696,2026-01-30,2025-26,GSW,DET,0,0.6255412
0022500692,2026-01-31,2025-26,MIA,CHI,0,0.554578
0022500697,2026-01-31,2025-26,CHA,SAS,1,0.5304089
0022500698,2026-01-31,2025-26,IND,ATL,1,0.36791453
0022500699,2026-01-31,2025-26,PHI,NOP,1,0.7692956
0022500700,2026-01-31,2025-26,MEM,MIN,0,0.28724843
0022500701,2026-01-31,2025-26,HOU,DAL,1,0.83167183
0022500702,2026-02-01,2025-26,BOS,MIL,1,0.8238245
0022500703,2026-02-01,2025-26,SAS,ORL,1,0.6319923
0022500704,2026-02-01,2025-26,DET,BKN,1,0.8712271
0022500705,2026-02-01,2025-26,MIA,CHI,1,0.61514723
0022500706,2026-02-01,2025-26,TOR,UTA,1,0.8670616
0022500707,2026-02-01,2025-26,WAS,SAC,1,0.44169846
0022500708,2026-02-01,2025-26,NYK,LAL,1,0.5739534
0022500709,2026-02-01,2025-26,PHX,LAC,0,0.49024892
0022500710,2026-02-01,2025-26,POR,CLE,0,0.4406452
0022500711,2026-02-01,2025-26,DEN,OKC,0,0.33974692
0022500712,2026-02-02,2025-26,CHA,NOP,1,0.75427127
0022500713,2026-02-02,2025-26,IND,HOU,0,0.23696215
0022500714,2026-02-02,2025-26,MEM,MIN,1,0.30339152
0022500715,2026-02-02,2025-26,LAC,PHI,0,0.49513975
0022500716,2026-02-03,2025-26,DET,DEN,1,0.6344525
0022500717,2026-02-03,2025-26,IND,UTA,0,0.54665095
0022500718,2026-02-03,2025-26,WAS,NYK,0,0.20893878
0022500719,2026-02-03,2025-26,BKN,LAL,0,0.2757657
0022500720,2026-02-03,2025-26,MIA,ATL,0,0.55520993
0022500721,2026-02-03,2025-26,DAL,BOS,0,0.29748568
0022500722,2026-02-03,2025-26,MIL,CHI,1,0.4521294
0022500723,2026-02-03,2025-26,OKC,ORL,1,0.7766708
0022500724,2026-02-03,2025-26,GSW,PHI,0,0.7050632
0022500725,2026-02-03,2025-26,POR,PHX,0,0.4188215
0022500726,2026-02-04,2025-26,NYK,DEN,1,0.5346906
0022500727,2026-02-04,2025-26,TOR,MIN,0,0.44966155
0022500728,2026-02-04,2025-26,HOU,BOS,0,0.62406904
0022500729,2026-02-04,2025-26,MIL,NOP,1,0.406181
0022500730,2026-02-04,2025-26,SAS,OKC,1,0.3981985
0022500731,2026-02-04,2025-26,SAC,MEM,0,0.49337208
0022500732,2026-02-04,2025-26,LAC,CLE,0,0.45299748
0022500733,2026-02-05,2025-26,DET,WAS,0,0.89537984
0022500734,2026-02-05,2025-26,ORL,BKN,1,0.7244269
0022500735,2026-02-05,2025-26,ATL,UTA,1,0.8021421
0022500736,2026-02-05,2025-26,TOR,CHI,1,0.69091105
0022500737,2026-02-05,2025-26,HOU,CHA,0,0.56049603
0022500738,2026-02-05,2025-26,DAL,SAS,0,0.41432467
0022500739,2026-02-05,2025-26,PHX,GSW,0,0.5128593
0022500740,2026-02-05,2025-26,LAL,PHI,1,0.6621581
0022500741,2026-02-06,2025-26,BOS,MIA,1,0.73789054
0022500742,2026-02-06,2025-26,DET,NYK,1,0.6097069
0022500743,2026-02-06,2025-26,MIL,IND,1,0.61000687
0022500744,2026-02-06,2025-26,MIN,NOP,0,0.7510345
0022500745,2026-02-06,2025-26,POR,MEM,1,0.63212866
0022500746,2026-02-06,2025-26,SAC,LAC,0,0.26880655
0022500747,2026-02-07,2025-26,BKN,WAS,1,0.66977435
0022500748,2026-02-07,2025-26,OKC,HOU,0,0.5868692
0022500749,2026-02-07,2025-26,SAS,DAL,1,0.77701735
0022500750,2026-02-07,2025-26,ORL,UTA,1,0.834601
0022500751,2026-02-07,2025-26,ATL,CHA,0,0.43929183
0022500752,2026-02-07,2025-26,CHI,DEN,0,0.3059022
0022500753,2026-02-07,2025-26,LAL,GSW,1,0.62591475
0022500754,2026-02-07,2025-26,PHX,PHI,0,0.42865032
0022500755,2026-02-07,2025-26,POR,MEM,1,0.72009426
0022500756,2026-02-07,2025-26,SAC,CLE,0,0.1739881
0022500757,2026-02-08,2025-26,BOS,NYK,0,0.67439514
0022500758,2026-02-08,2025-26,WAS,MIA,0,0.19316345
0022500759,2026-02-08,2025-26,TOR,IND,1,0.7237852
0022500760,2026-02-08,2025-26,MIN,LAC,0,0.6422896
0022500761,2026-02-09,2025-26,CHA,DET,0,0.42987242
0022500762,2026-02-09,2025-26,BKN,CHI,1,0.5635209
0022500763,2026-02-09,2025-26,MIA,UTA,0,0.70556706
0022500764,2026-02-09,2025-26,ORL,MIL,1,0.69263196
0022500765,2026-02-09,2025-26,MIN,ATL,1,0.63034457
0022500766,2026-02-09,2025-26,NOP,SAC,1,0.7612081
0022500767,2026-02-09,2025-26,DEN,CLE,0,0.5092868
0022500768,2026-02-09,2025-26,GSW,MEM,1,0.86475164
0022500769,2026-02-09,2025-26,LAL,OKC,0,0.5009068
0022500770,2026-02-09,2025-26,POR,PHI,1,0.36952195
0022500771,2026-02-10,2025-26,NYK,IND,0,0.74960077
0022500772,2026-02-10,2025-26,HOU,LAC,1,0.6658551
0022500773,2026-02-10,2025-26,PHX,DAL,1,0.8146993
0022500774,2026-02-10,2025-26,LAL,SAS,0,0.46185848
0022500775,2026-02-11,2025-26,CHA,ATL,1,0.70104957
0022500776,2026-02-11,2025-26,CLE,WAS,1,0.91369975
0022500777,2026-02-11,2025-26,ORL,MIL,0,0.7172228
0022500778,2026-02-11,2025-26,BOS,CHI,1,0.82120246
0022500779,2026-02-11,2025-26,BKN,IND,0,0.4600767
0022500780,2026-02-11,2025-26,PHI,NYK,0,0.64052874
0022500781,2026-02-11,2025-26,TOR,DET,0,0.394761
0022500782,2026-02-11,2025-26,HOU,LAC,0,0.71087474
0022500783,2026-02-11,2025-26,MIN,POR,1,0.64579976
0022500784,2026-02-11,2025-26,NOP,MIA,0,0.4767756
0022500785,2026-02-11,2025-26,PHX,OKC,0,0.3555913
0022500786,2026-02-11,2025-26,UTA,SAC,1,0.7275894
0022500787,2026-02-11,2025-26,DEN,MEM,1,0.8035445
0022500788,2026-02-11,2025-26,GSW,SAS,0,0.50932544
0022500789,2026-02-12,2025-26,OKC,MIL,0,0.8098691
0022500790,2026-02-12,2025-26,UTA,POR,0,0.35597402
0022500791,2026-02-12,2025-26,LAL,DAL,1,0.7162505
0022500792,2026-02-19,2025-26,CHA,HOU,0,0.5597241
0022500793,2026-02-19,2025-26,CLE,BKN,1,0.8928661
0022500794,2026-02-19,2025-26,PHI,ATL,0,0.5105332
0022500795,2026-02-19,2025-26,WAS,IND,1,0.49646804
0022500796,2026-02-19,2025-26,NYK,DET,0,0.4072763
0022500797,2026-02-19,2025-26,CHI,TOR,0,0.29461542
0022500798,2026-02-19,2025-26,SAS,PHX,1,0.7157372
0022500799,2026-02-19,2025-26,GSW,BOS,0,0.34043568
0022500800,2026-02-19,2025-26,SAC,ORL,0,0.17998302
0022500801,2026-02-19,2025-26,LAC,DEN,1,0.42742425
0022500802,2026-02-20,2025-26,CHA,CLE,0,0.33679488
0022500803,2026-02-20,2025-26,WAS,IND,1,0.43471354
0022500804,2026-02-20,2025-26,MEM,UTA,1,0.6219255
0022500805,2026-02-20,2025-26,ATL,MIA,0,0.5314403
0022500806,2026-02-20,2025-26,MIN,DAL,1,0.7861409
0022500807,2026-02-20,2025-26,NOP,MIL,0,0.5967746
0022500808,2026-02-20,2025-26,OKC,BKN,1,0.88256663
0022500809,2026-02-20,2025-26,LAL,LAC,1,0.6480687
0022500810,2026-02-20,2025-26,POR,DEN,0,0.4521827
0022500811,2026-02-21,2025-26,PHX,ORL,1,0.6757968
0022500812,2026-02-21,2025-26,NOP,PHI,1,0.41017616
0022500813,2026-02-21,2025-26,MIA,MEM,1,0.84289795
0022500814,2026-02-21,2025-26,CHI,DET,0,0.21599811
0022500815,2026-02-21,2025-26,SAS,SAC,1,0.9319242
0022500816,2026-02-21,2025-26,NYK,HOU,1,0.59992
0022500817,2026-02-22,2025-26,OKC,CLE,1,0.4687091
0022500818,2026-02-22,2025-26,ATL,BKN,1,0.6982471
0022500819,2026-02-22,2025-26,MIL,TOR,0,0.37551296
0022500820,2026-02-22,2025-26,GSW,DEN,1,0.35610962
0022500821,2026-02-22,2025-26,IND,DAL,0,0.3848331
0022500822,2026-02-22,2025-26,WAS,CHA,0,0.27061692
0022500823,2026-02-22,2025-26,LAL,BOS,0,0.52600855
0022500824,2026-02-22,2025-26,MIN,PHI,0,0.7790748
0022500825,2026-02-22,2025-26,CHI,NYK,0,0.31117418
0022500826,2026-02-22,2025-26,PHX,POR,0,0.41850618
0022500827,2026-02-22,2025-26,LAC,ORL,0,0.71102136
0022500828,2026-02-23,2025-26,DET,SAS,0,0.6289229
0022500829,2026-02-23,2025-26,MEM,SAC,0,0.6378701
0022500830,2026-02-23,2025-26,HOU,UTA,1,0.8696177
0022500831,2026-02-24,2025-26,IND,PHI,0,0.4695458
0022500832,2026-02-24,2025-26,ATL,WAS,1,0.83037645
0022500833,2026-02-24,2025-26,BKN,DAL,0,0.53336763
0022500834,2026-02-24,2025-26,TOR,OKC,0,0.4204033
0022500835,2026-02-24,2025-26,CLE,NYK,1,0.6876225
0022500836,2026-02-24,2025-26,CHI,CHA,0,0.29911894
0022500837,2026-02-24,2025-26,MIL,MIA,1,0.48701423
0022500838,2026-02-24,2025-26,NOP,GSW,1,0.40752417
0022500839,2026-02-24,2025-26,PHX,BOS,0,0.28031838
0022500840,2026-02-24,2025-26,LAL,ORL,0,0.7483834
0022500841,2026-02-24,2025-26,POR,MIN,0,0.52275074
0022500842,2026-02-25,2025-26,DET,OKC,1,0.6873779
0022500843,2026-02-25,2025-26,TOR,SAS,0,0.37563908
0022500844,2026-02-25,2025-26,MEM,GSW,0,0.29623434
0022500845,2026-02-25,2025-26,HOU,SAC,1,0.89831966
0022500846,2026-02-25,2025-26,MIL,CLE,1,0.25999883
0022500847,2026-02-25,2025-26,DEN,BOS,1,0.6710696
0022500848,2026-02-26,2025-26,IND,CHA,0,0.2157056
0022500849,2026-02-26,2025-26,PHI,MIA,1,0.48483348
0022500850,2026-02-26,2025-26,ATL,WAS,1,0.8146206
0022500851,2026-02-26,2025-26,BKN,SAS,0,0.21018612
0022500852,2026-02-26,2025-26,ORL,HOU,0,0.48803023
0022500853,2026-02-26,2025-26,CHI,POR,0,0.38140297
0022500854,2026-02-26,2025-26,DAL,SAC,0,0.7782466
0022500855,2026-02-26,2025-26,PHX,LAL,1,0.3356805
0022500856,2026-02-26,2025-26,UTA,NOP,0,0.45937508
0022500857,2026-02-26,2025-26,LAC,MIN,0,0.55254924
0022500858,2026-02-27,2025-26,DET,CLE,1,0.7348437
0022500859,2026-02-27,2025-26,BOS,BKN,1,0.90828246
0022500860,2026-02-27,2025-26,MIL,NYK,0,0.31845886
0022500861,2026-02-27,2025-26,DAL,MEM,0,0.65829146
0022500862,2026-02-27,2025-26,OKC,DEN,1,0.48034552
0022500863,2026-02-28,2025-26,CHA,POR,1,0.75372475
0022500864,2026-02-28,2025-26,MIA,HOU,1,0.40611833
0022500865,2026-02-28,2025-26,WAS,TOR,0,0.154981
0022500866,2026-02-28,2025-26,GSW,LAL,0,0.41564175
0022500867,2026-02-28,2025-26,UTA,NOP,0,0.2820371
0022500868,2026-03-01,2025-26,NYK,SAS,1,0.4541732
0022500869,2026-03-01,2025-26,BKN,CLE,0,0.242707
0022500870,2026-03-01,2025-26,CHI,MIL,1,0.35101828
0022500871,2026-03-01,2025-26,DEN,MIN,0,0.70606077
0022500872,2026-03-01,2025-26,IND,MEM,0,0.61712307
0022500873,2026-03-01,2025-26,ATL,POR,1,0.6391776
0022500874,2026-03-01,2025-26,BOS,PHI,1,0.66853327
0022500875,2026-03-01,2025-26,ORL,DET,0,0.30899513
0022500876,2026-03-01,2025-26,DAL,OKC,0,0.18193343
0022500877,2026-03-01,2025-26,LAC,NOP,1,0.7096855
0022500878,2026-03-01,2025-26,LAL,SAC,1,0.8859651
0022500879,2026-03-02,2025-26,WAS,HOU,0,0.16192816
0022500880,2026-03-02,2025-26,MIL,BOS,0,0.28736398
0022500881,2026-03-02,2025-26,UTA,DEN,0,0.18141471
0022500882,2026-03-02,2025-26,GSW,LAC,0,0.6750607
0022500883,2026-03-03,2025-26,CHA,DAL,1,0.8425342
0022500884,2026-03-03,2025-26,CLE,DET,1,0.37537283
0022500885,2026-03-03,2025-26,ORL,WAS,1,0.87430716
0022500886,2026-03-03,2025-26,MIA,BKN,1,0.79390335
0022500887,2026-03-03,2025-26,TOR,NYK,0,0.42400426
0022500888,2026-03-03,2025-26,PHI,SAS,0,0.30792734
0022500889,2026-03-03,2025-26,CHI,OKC,0,0.12983586
0022500890,2026-03-03,2025-26,MIN,MEM,1,0.84248286
0022500891,2026-03-03,2025-26,LAL,NOP,1,0.7608798
0022500892,2026-03-03,2025-26,SAC,PHX,0,0.26700994
0022500893,2026-03-04,2025-26,NYK,OKC,0,0.62261826
0022500894,2026-03-04,2025-26,BOS,CHA,0,0.685197
0022500895,2026-03-04,2025-26,PHI,UTA,1,0.74734366
0022500896,2026-03-04,2025-26,MEM,POR,0,0.35010546
0022500897,2026-03-04,2025-26,MIL,ATL,0,0.5518603
0022500898,2026-03-04,2025-26,LAC,IND,1,0.8667959
0022500899,2026-03-05,2025-26,ORL,DAL,1,0.77990365
0022500900,2026-03-05,2025-26,WAS,UTA,0,0.50278443
0022500901,2026-03-05,2025-26,MIA,BKN,1,0.80937284
0022500902,2026-03-05,2025-26,HOU,GSW,0,0.75272405
0022500903,2026-03-05,2025-26,MIN,TOR,1,0.6108688
0022500904,2026-03-05,2025-26,SAS,DET,1,0.55842644
0022500905,2026-03-05,2025-26,PHX,CHI,0,0.81859636
0022500906,2026-03-05,2025-26,DEN,LAL,1,0.5182896
0022500907,2026-03-05,2025-26,SAC,NOP,0,0.21100558
0022500908,2026-03-06,2025-26,BOS,DAL,1,0.879903
0022500909,2026-03-06,2025-26,CHA,MIA,0,0.73736787
0022500910,2026-03-06,2025-26,HOU,POR,1,0.6527453
0022500911,2026-03-06,2025-26,DEN,NYK,0,0.367613
0022500912,2026-03-06,2025-26,PHX,NOP,1,0.6395989
0022500913,2026-03-06,2025-26,SAS,LAC,1,0.66543424
0022500914,2026-03-06,2025-26,LAL,IND,1,0.810924
0022500915,2026-03-07,2025-26,MIN,ORL,0,0.6453801
0022500916,2026-03-07,2025-26,DET,BKN,0,0.9045846
0022500917,2026-03-07,2025-26,ATL,PHI,1,0.75777304
0022500918,2026-03-07,2025-26,MEM,LAC,0,0.25089416
0022500919,2026-03-07,2025-26,MIL,UTA,1,0.8069981
0022500920,2026-03-07,2025-26,OKC,GSW,1,0.85499114
0022500921,2026-03-08,2025-26,CLE,BOS,0,0.37263787
0022500922,2026-03-08,2025-26,LAL,NYK,1,0.40346208
0022500923,2026-03-08,2025-26,MIA,DET,1,0.48239046
0022500924,2026-03-08,2025-26,TOR,DAL,1,0.7503472
0022500925,2026-03-08,2025-26,NOP,WAS,1,0.8452249
0022500926,2026-03-08,2025-26,MIL,ORL,0,0.43825012
0022500927,2026-03-08,2025-26,SAS,HOU,1,0.6673173
0022500928,2026-03-08,2025-26,PHX,CHA,1,0.3450143
0022500929,2026-03-08,2025-26,POR,IND,1,0.66422504
0022500930,2026-03-08,2025-26,SAC,CHI,1,0.42910984
0022500931,2026-03-09,2025-26,CLE,PHI,1,0.7201693
0022500932,2026-03-09,2025-26,BKN,MEM,1,0.5416126
0022500933,2026-03-09,2025-26,OKC,DEN,1,0.5957065
0022500934,2026-03-09,2025-26,UTA,GSW,1,0.3487437
0022500935,2026-03-09,2025-26,LAC,NYK,1,0.4480484
0022500936,2026-03-10,2025-26,PHI,MEM,1,0.66000885
0022500937,2026-03-10,2025-26,BKN,DET,0,0.13091831
0022500938,2026-03-10,2025-26,MIA,WAS,1,0.8915636
0022500939,2026-03-10,2025-26,ATL,DAL,1,0.7823063
0022500940,2026-03-10,2025-26,HOU,TOR,1,0.5714202
0022500941,2026-03-10,2025-26,MIL,PHX,0,0.46102965
0022500942,2026-03-10,2025-26,SAS,BOS,1,0.5222278
0022500943,2026-03-10,2025-26,GSW,CHI,0,0.60086346
0022500944,2026-03-10,2025-26,POR,CHA,0,0.34889442
0022500945,2026-03-10,2025-26,SAC,IND,1,0.33021694
0022500946,2026-03-10,2025-26,LAL,MIN,1,0.64324427
0022500947,2026-03-11,2025-26,ORL,CLE,1,0.47454083
0022500948,2026-03-11,2025-26,NOP,TOR,1,0.5595647
0022500949,2026-03-11,2025-26,UTA,NYK,0,0.13536774
0022500950,2026-03-11,2025-26,DEN,HOU,1,0.7001258
0022500951,2026-03-11,2025-26,SAC,CHA,0,0.12197806
0022500952,2026-03-11,2025-26,LAC,MIN,1,0.65666765
0022500953,2026-03-12,2025-26,DET,PHI,1,0.8107539
0022500954,2026-03-12,2025-26,IND,PHX,0,0.23632328
0022500955,2026-03-12,2025-26,ORL,WAS,1,0.85856986
0022500956,2026-03-12,2025-26,ATL,BKN,1,0.8635616
0022500957,2026-03-12,2025-26,MIA,MIL,1,0.72723013
0022500958,2026-03-12,2025-26,SAS,DEN,0,0.6836736
0022500959,2026-03-12,2025-26,OKC,BOS,1,0.5652338
0022500960,2026-03-12,2025-26,LAL,CHI,1,0.8459167
0022501111,2026-03-12,2025-26,MEM,DAL,0,0.4607153
0022500961,2026-03-13,2025-26,DET,MEM,1,0.93069035
0022500962,2026-03-13,2025-26,IND,NYK,0,0.11152015
0022500963,2026-03-13,2025-26,TOR,PHX,1,0.6769306
0022500964,2026-03-13,2025-26,HOU,NOP,1,0.6788886
0022500965,2026-03-13,2025-26,DAL,CLE,0,0.20814545
0022500966,2026-03-13,2025-26,GSW,MIN,0,0.36549774
0022500967,2026-03-13,2025-26,POR,UTA,1,0.85458213
0022500968,2026-03-13,2025-26,LAC,CHI,1,0.88097686
0022500969,2026-03-14,2025-26,PHI,BKN,1,0.6991272
0022500970,2026-03-14,2025-26,ATL,MIL,1,0.62060463
0022500971,2026-03-14,2025-26,BOS,WAS,1,0.9059603
0022500972,2026-03-14,2025-26,MIA,ORL,0,0.58324796
0022500973,2026-03-14,2025-26,SAS,CHA,1,0.6235101
0022500974,2026-03-14,2025-26,LAL,DEN,1,0.46824536
0022500975,2026-03-14,2025-26,LAC,SAC,0,0.8966463
0022500976,2026-03-15,2025-26,OKC,MIN,1,0.7573869
0022500977,2026-03-15,2025-26,CLE,DAL,0,0.83720416
0022500978,2026-03-15,2025-26,TOR,DET,1,0.40320095
0022500979,2026-03-15,2025-26,MIL,IND,1,0.64436615
0022500980,2026-03-15,2025-26,PHI,POR,1,0.33920756
0022500981,2026-03-15,2025-26,NYK,GSW,1,0.7980767
0022500982,2026-03-15,2025-26,SAC,UTA,1,0.58277786
0022500983,2026-03-16,2025-26,ATL,ORL,1,0.64045405
0022500984,2026-03-16,2025-26,WAS,GSW,0,0.5158658
0022500985,2026-03-16,2025-26,BKN,POR,0,0.31828922
0022500986,2026-03-16,2025-26,BOS,PHX,1,0.6954458
0022500987,2026-03-16,2025-26,CHI,MEM,1,0.584061
0022500988,2026-03-16,2025-26,NOP,DAL,1,0.7449012
0022500989,2026-03-16,2025-26,HOU,LAL,0,0.4715253
0022500990,2026-03-16,2025-26,LAC,SAS,0,0.3719153
0022500991,2026-03-17,2025-26,CHA,MIA,1,0.6210442
0022500992,2026-03-17,2025-26,ORL,OKC,0,0.20158146
0022500993,2026-03-17,2025-26,WAS,DET,0,0.08575022
0022500994,2026-03-17,2025-26,NYK,IND,1,0.9212511
0022500995,2026-03-17,2025-26,MIL,CLE,0,0.3599904
0022500996,2026-03-17,2025-26,MIN,PHX,1,0.58980846
0022500997,2026-03-17,2025-26,DEN,PHI,1,0.8815766
0022500998,2026-03-17,2025-26,SAC,SAS,0,0.17335095
0022500651,2026-03-18,2025-26,MEM,DEN,1,0.14458397
0022500999,2026-03-18,2025-26,BOS,GSW,1,0.8476653
0022501000,2026-03-18,2025-26,BKN,OKC,0,0.09024117
0022501001,2026-03-18,2025-26,IND,POR,0,0.2173965
0022501002,2026-03-18,2025-26,CHI,TOR,0,0.30919272
0022501004,2026-03-18,2025-26,MIN,UTA,1,0.89585656
0022501005,2026-03-18,2025-26,NOP,LAC,1,0.4946104
0022501006,2026-03-18,2025-26,DAL,ATL,0,0.24175353
0022501007,2026-03-18,2025-26,HOU,LAL,0,0.42370474
0022501008,2026-03-19,2025-26,CHA,ORL,1,0.6975501
0022501009,2026-03-19,2025-26,WAS,DET,0,0.11597465
0022501010,2026-03-19,2025-26,MIA,LAL,0,0.50169903
0022501011,2026-03-19,2025-26,CHI,CLE,0,0.18888266
0022501012,2026-03-19,2025-26,NOP,LAC,1,0.48309213
0022501013,2026-03-19,2025-26,SAS,PHX,1,0.75018704
0022501014,2026-03-19,2025-26,UTA,MIL,1,0.2736882
0022501015,2026-03-19,2025-26,SAC,PHI,0,0.49207976
0022501016,2026-03-20,2025-26,BKN,NYK,0,0.17878996
0022501017,2026-03-20,2025-26,DET,GSW,1,0.7813791
0022501018,2026-03-20,2025-26,HOU,ATL,1,0.44612747
0022501019,2026-03-20,2025-26,MEM,BOS,0,0.13946086
0022501020,2026-03-20,2025-26,MIN,POR,0,0.54905754
0022501021,2026-03-20,2025-26,DEN,TOR,1,0.7455235
0022501022,2026-03-21,2025-26,WAS,OKC,0,0.07989395
0022501023,2026-03-21,2025-26,CHA,MEM,1,0.9066789
0022501024,2026-03-21,2025-26,ORL,LAL,0,0.33639824
0022501025,2026-03-21,2025-26,NOP,CLE,0,0.3351116
0022501026,2026-03-21,2025-26,ATL,GSW,1,0.7897178
0022501027,2026-03-21,2025-26,HOU,MIA,1,0.5093241
0022501028,2026-03-21,2025-26,SAS,IND,1,0.9075099
0022501029,2026-03-21,2025-26,DAL,LAC,0,0.40366223
0022501030,2026-03-21,2025-26,UTA,PHI,0,0.3926137
0022501031,2026-03-21,2025-26,PHX,MIL,0,0.6252502
0022501032,2026-03-22,2025-26,DEN,POR,1,0.67447335
0022501033,2026-03-22,2025-26,SAC,BKN,1,0.63743025
0022501034,2026-03-22,2025-26,NYK,WAS,1,0.940502
0022501035,2026-03-22,2025-26,BOS,MIN,0,0.7794421
0022501036,2026-03-22,2025-26,PHX,TOR,1,0.304571
0022501037,2026-03-23,2025-26,ATL,MEM,1,0.8776286
0022501038,2026-03-23,2025-26,DET,LAL,1,0.44024065
0022501039,2026-03-23,2025-26,ORL,IND,0,0.81008667
0022501040,2026-03-23,2025-26,PHI,OKC,0,0.13391516
0022501041,2026-03-23,2025-26,MIA,SAS,0,0.38126612
0022501042,2026-03-23,2025-26,CHI,HOU,1,0.24985525
0022501043,2026-03-23,2025-26,UTA,TOR,0,0.22293057
0022501044,2026-03-23,2025-26,DAL,GSW,0,0.510364
0022501045,2026-03-23,2025-26,POR,BKN,1,0.8677778
0022501046,2026-03-23,2025-26,LAC,MIL,1,0.6957334
0022501047,2026-03-24,2025-26,CHA,SAC,1,0.904094
0022501048,2026-03-24,2025-26,NYK,NOP,1,0.7262973
0022501049,2026-03-24,2025-26,CLE,ORL,1,0.7925418
0022501050,2026-03-24,2025-26,PHX,DEN,0,0.32286894
0022501051,2026-03-25,2025-26,DET,ATL,0,0.59228015
0022501052,2026-03-25,2025-26,IND,LAL,0,0.23296662
0022501053,2026-03-25,2025-26,PHI,CHI,1,0.5727803
0022501054,2026-03-25,2025-26,BOS,OKC,1,0.4943639
0022501055,2026-03-25,2025-26,CLE,MIA,0,0.60800296
0022501056,2026-03-25,2025-26,MEM,SAS,0,0.1018982
0022501057,2026-03-25,2025-26,UTA,WAS,0,0.58516914
0022501058,2026-03-25,2025-26,MIN,HOU,1,0.4893769
0022501059,2026-03-25,2025-26,DEN,DAL,1,0.84343684
0022501060,2026-03-25,2025-26,GSW,BKN,1,0.82736987
0022501061,2026-03-25,2025-26,POR,MIL,1,0.7244723
0022501062,2026-03-25,2025-26,LAC,TOR,1,0.6754891
0022501063,2026-03-26,2025-26,CHA,NYK,1,0.602518
0022501064,2026-03-26,2025-26,DET,NOP,1,0.6374342
0022501065,2026-03-26,2025-26,ORL,SAC,1,0.8587441
0022501066,2026-03-27,2025-26,IND,LAC,0,0.24366131
0022501067,2026-03-27,2025-26,BOS,ATL,1,0.60939753
0022501068,2026-03-27,2025-26,CLE,MIA,1,0.5908098
0022501069,2026-03-27,2025-26,MEM,HOU,0,0.15386644
0022501070,2026-03-27,2025-26,OKC,CHI,1,0.90774786
0022501071,2026-03-27,2025-26,TOR,NOP,1,0.64225674
0022501072,2026-03-27,2025-26,DEN,UTA,1,0.9335603
0022501073,2026-03-27,2025-26,GSW,WAS,1,0.80627185
0022501074,2026-03-27,2025-26,POR,DAL,0,0.7696502
0022501075,2026-03-27,2025-26,LAL,BKN,1,0.9308984
0022501076,2026-03-28,2025-26,MIL,SAS,0,0.16352929
0022501077,2026-03-28,2025-26,CHA,PHI,0,0.79314005
0022501078,2026-03-28,2025-26,ATL,SAC,1,0.88135445
0022501079,2026-03-28,2025-26,MEM,CHI,1,0.38189495
0022501080,2026-03-28,2025-26,MIN,DET,0,0.4826859
0022501081,2026-03-28,2025-26,PHX,UTA,1,0.90984935
0022501082,2026-03-29,2025-26,MIL,LAC,0,0.19544642
0022501083,2026-03-29,2025-26,IND,MIA,1,0.31096676
0022501084,2026-03-29,2025-26,BKN,SAC,1,0.5598898
0022501085,2026-03-29,2025-26,CHA,BOS,0,0.4709532
0022501086,2026-03-29,2025-26,TOR,ORL,1,0.57171285
0022501087,2026-03-29,2025-26,POR,WAS,1,0.8746447
0022501088,2026-03-29,2025-26,NOP,HOU,0,0.43633333
0022501089,2026-03-29,2025-26,OKC,NYK,1,0.7369186
0022501090,2026-03-29,2025-26,DEN,GSW,1,0.83754086
0022501091,2026-03-30,2025-26,MIA,PHI,1,0.5382432
0022501092,2026-03-30,2025-26,ATL,BOS,1,0.62481576
0022501093,2026-03-30,2025-26,MEM,PHX,0,0.16088848
0022501094,2026-03-30,2025-26,SAS,CHI,1,0.8795287
0022501095,2026-03-30,2025-26,DAL,MIN,0,0.38197333
0022501096,2026-03-30,2025-26,UTA,CLE,0,0.123071864
0022501097,2026-03-30,2025-26,OKC,DET,1,0.62294614
0022501098,2026-03-30,2025-26,LAL,WAS,1,0.9349064
0022500652,2026-03-31,2025-26,MIL,DAL,1,0.45331427
0022501099,2026-03-31,2025-26,ORL,PHX,1,0.6015834
0022501100,2026-03-31,2025-26,BKN,CHA,0,0.1523186
0022501101,2026-03-31,2025-26,DET,TOR,1,0.5441224
0022501102,2026-03-31,2025-26,HOU,NYK,1,0.46770963
0022501103,2026-03-31,2025-26,LAL,CLE,1,0.49358293
0022501104,2026-03-31,2025-26,LAC,POR,0,0.6807308
0022501003,2026-04-01,2025-26,MEM,NYK,0,0.14096296
0022501105,2026-04-01,2025-26,WAS,PHI,0,0.20254393
0022501106,2026-04-01,2025-26,MIA,BOS,0,0.4629031
0022501107,2026-04-01,2025-26,ORL,ATL,0,0.35826772
0022501108,2026-04-01,2025-26,TOR,SAC,0,0.85218877
0022501109,2026-04-01,2025-26,CHI,IND,0,0.51087
0022501110,2026-04-01,2025-26,HOU,MIL,1,0.8669378
0022501112,2026-04-01,2025-26,UTA,DEN,0,0.08016917
0022501113,2026-04-01,2025-26,GSW,SAS,0,0.17315693
0022501114,2026-04-02,2025-26,CHA,PHX,1,0.6181201
0022501115,2026-04-02,2025-26,DET,MIN,1,0.70282274
0022501116,2026-04-02,2025-26,OKC,LAL,1,0.6981767
0022501117,2026-04-02,2025-26,GSW,CLE,0,0.18991396
0022501118,2026-04-02,2025-26,POR,NOP,1,0.67110884
0022501119,2026-04-02,2025-26,LAC,SAS,0,0.49124998
0022501120,2026-04-03,2025-26,CHA,IND,1,0.77595127
0022501121,2026-04-03,2025-26,PHI,MIN,1,0.6270147
0022501122,2026-04-03,2025-26,BKN,ATL,0,0.116141796
0022501123,2026-04-03,2025-26,NYK,CHI,1,0.8592554
0022501124,2026-04-03,2025-26,HOU,UTA,1,0.927968
0022501125,2026-04-03,2025-26,MEM,TOR,0,0.20152563
0022501126,2026-04-03,2025-26,MIL,BOS,0,0.10810256
0022501127,2026-04-03,2025-26,DAL,ORL,0,0.29735848
0022501128,2026-04-03,2025-26,SAC,NOP,1,0.40920016
0022501129,2026-04-04,2025-26,MIA,WAS,1,0.8833827
0022501130,2026-04-04,2025-26,DEN,SAS,1,0.5278589
0022501131,2026-04-04,2025-26,PHI,DET,0,0.45000935
0022501132,2026-04-05,2025-26,BOS,TOR,1,0.73273164
0022501133,2026-04-05,2025-26,BKN,WAS,1,0.6346009
0022501134,2026-04-05,2025-26,CHI,PHX,0,0.27444622
0022501135,2026-04-05,2025-26,MIL,MEM,1,0.7117387
0022501136,2026-04-05,2025-26,CLE,IND,1,0.84059185
0022501137,2026-04-05,2025-26,MIN,CHA,0,0.4448087
0022501138,2026-04-05,2025-26,NOP,ORL,0,0.42786804
0022501139,2026-04-05,2025-26,OKC,UTA,1,0.9682192
0022501140,2026-04-05,2025-26,DAL,LAL,1,0.16980071
0022501141,2026-04-05,2025-26,SAC,LAC,0,0.19412473
0022501142,2026-04-05,2025-26,GSW,HOU,0,0.28853118
0022501143,2026-04-06,2025-26,ATL,NYK,0,0.60723746
0022501144,2026-04-06,2025-26,ORL,DET,1,0.25797465
0022501145,2026-04-06,2025-26,MEM,CLE,0,0.083378635
0022501146,2026-04-06,2025-26,SAS,PHI,1,0.7212678
0022501147,2026-04-06,2025-26,DEN,POR,1,0.6585059
0022501148,2026-04-07,2025-26,WAS,CHI,0,0.40510312
0022501149,2026-04-07,2025-26,BOS,CHA,1,0.6743512
0022501150,2026-04-07,2025-26,BKN,MIL,1,0.45091295
0022501151,2026-04-07,2025-26,TOR,MIA,1,0.4895099
0022501152,2026-04-07,2025-26,IND,MIN,0,0.28604046
0022501153,2026-04-07,2025-26,NOP,UTA,1,0.7697646
0022501154,2026-04-07,2025-26,GSW,SAC,1,0.7152275
0022501155,2026-04-07,2025-26,LAL,OKC,0,0.18799868
0022501156,2026-04-07,2025-26,LAC,DAL,1,0.82591
0022501157,2026-04-07,2025-26,PHX,HOU,0,0.49079722
0022501158,2026-04-08,2025-26,CLE,ATL,1,0.41635218
0022501159,2026-04-08,2025-26,ORL,MIN,1,0.6611928
0022501160,2026-04-08,2025-26,DET,MIL,1,0.94122803
0022501161,2026-04-08,2025-26,SAS,POR,1,0.7554198
0022501162,2026-04-08,2025-26,DEN,MEM,1,0.9610166
0022501163,2026-04-08,2025-26,LAC,OKC,0,0.3231391
0022501164,2026-04-08,2025-26,PHX,DAL,1,0.78797805
0022501165,2026-04-09,2025-26,TOR,MIA,1,0.59447473
0022501166,2026-04-09,2025-26,WAS,CHI,0,0.31756154
0022501167,2026-04-09,2025-26,BKN,IND,0,0.3665552
0022501168,2026-04-09,2025-26,NYK,BOS,1,0.52239174
0022501169,2026-04-09,2025-26,HOU,PHI,1,0.6081446
0022501170,2026-04-09,2025-26,GSW,LAL,0,0.51832604
0022501171,2026-04-10,2025-26,CHA,DET,0,0.50455564
0022501172,2026-04-10,2025-26,WAS,MIA,0,0.14905287
0022501173,2026-04-10,2025-26,ATL,CLE,1,0.6140156
0022501174,2026-04-10,2025-26,BOS,NOP,1,0.9199815
0022501175,2026-04-10,2025-26,IND,PHI,0,0.23086832
0022501176,2026-04-10,2025-26,NYK,TOR,1,0.6849701
0022501177,2026-04-10,2025-26,CHI,ORL,0,0.29372275
0022501178,2026-04-10,2025-26,HOU,MIN,0,0.6512567
0022501179,2026-04-10,2025-26,MIL,BKN,1,0.81781864
0022501180,2026-04-10,2025-26,SAS,DAL,1,0.9053749
0022501181,2026-04-10,2025-26,UTA,MEM,1,0.5799921
0022501182,2026-04-10,2025-26,DEN,OKC,1,0.33899426
0022501183,2026-04-10,2025-26,POR,LAC,1,0.5424422
0022501184,2026-04-10,2025-26,SAC,GSW,1,0.5827086
0022501185,2026-04-10,2025-26,LAL,PHX,1,0.32890522
0022501186,2026-04-12,2025-26,BOS,ORL,1,0.64964664
0022501187,2026-04-12,2025-26,CLE,WAS,1,0.94309145
0022501188,2026-04-12,2025-26,IND,DET,0,0.10060708
0022501189,2026-04-12,2025-26,MIA,ATL,1,0.37444985
0022501190,2026-04-12,2025-26,NYK,CHA,0,0.5994967
0022501191,2026-04-12,2025-26,PHI,MIL,1,0.8544422
0022501192,2026-04-12,2025-26,TOR,BKN,1,0.95947856
0022501193,2026-04-12,2025-26,DAL,CHI,1,0.5665708
0022501194,2026-04-12,2025-26,HOU,MEM,1,0.97570807
0022501195,2026-04-12,2025-26,MIN,NOP,1,0.84731907
0022501196,2026-04-12,2025-26,OKC,PHX,0,0.49973956
0022501197,2026-04-12,2025-26,SAS,DEN,0,0.79245317
0022501198,2026-04-12,2025-26,LAL,UTA,1,0.8771838
0022501199,2026-04-12,2025-26,LAC,GSW,1,0.69480324
0022501200,2026-04-12,2025-26,POR,SAC,1,0.8767792
