game_id,date,season,home,away,home_win,p_home
0022400061,2024-10-22,2024-25,BOS,NYK,1,0.76813704
0022400062,2024-10-22,2024-25,LAL,MIN,1,0.5068926
0022400063,2024-10-23,2024-25,DET,IND,0,0.24554886
0022400064,2024-10-23,2024-25,ATL,BKN,1,0.6224854
0022400065,2024-10-23,2024-25,MIA,ORL,0,0.608928
0022400066,2024-10-23,2024-25,PHI,MIL,0,0.5006173
0022400067,2024-10-23,2024-25,TOR,CLE,0,0.22025056
0022400068,2024-10-23,2024-25,HOU,CHA,0,0.5689388
0022400069,2024-10-23,2024-25,NOP,CHI,1,0.59987754
0022400070,2024-10-23,2024-25,UTA,MEM,0,0.8318168
0022400071,2024-10-23,2024-25,LAC,PHX,0,0.61109155
0022400072,2024-10-23,2024-25,POR,GSW,0,0.22820158
0022400073,2024-10-24,2024-25,WAS,BOS,0,0.21372236
0022400074,2024-10-24,2024-25,DAL,SAS,1,0.66479754
0022400075,2024-10-24,2024-25,DEN,OKC,0,0.5161025
0022400076,2024-10-24,2024-25,SAC,MIN,0,0.43907708
0022400077,2024-10-25,2024-25,ORL,BKN,1,0.7212441
0022400078,2024-10-25,2024-25,TOR,PHI,1,0.40250513
0022400079,2024-10-25,2024-25,ATL,CHA,1,0.5477247
0022400080,2024-10-25,2024-25,CLE,DET,1,0.7864095
0022400081,2024-10-25,2024-25,NYK,IND,1,0.65352523
0022400082,2024-10-25,2024-25,HOU,MEM,1,0.70820874
0022400083,2024-10-25,2024-25,MIL,CHI,0,0.6453489
0022400084,2024-10-25,2024-25,UTA,GSW,0,0.26314723
0022400085,2024-10-25,2024-25,LAL,PHX,1,0.5682749
0022400086,2024-10-25,2024-25,POR,NOP,0,0.22310299
0022400087,2024-10-26,2024-25,DEN,LAC,0,0.77044785
0022400088,2024-10-26,2024-25,CHA,MIA,0,0.43117464
0022400089,2024-10-26,2024-25,DET,BOS,0,0.17294829
0022400090,2024-10-26,2024-25,WAS,CLE,0,0.19456084
0022400091,2024-10-26,2024-25,CHI,OKC,0,0.30022216
0022400092,2024-10-26,2024-25,MEM,ORL,1,0.3367234
0022400093,2024-10-26,2024-25,MIN,TOR,1,0.9012843
0022400094,2024-10-26,2024-25,SAS,HOU,1,0.47720397
0022400095,2024-10-26,2024-25,PHX,DAL,1,0.45783216
0022400096,2024-10-26,2024-25,LAL,SAC,1,0.46332058
0022400097,2024-10-27,2024-25,IND,PHI,0,0.68906415
0022400098,2024-10-27,2024-25,BKN,MIL,1,0.2741152
0022400099,2024-10-27,2024-25,POR,NOP,1,0.23858567
0022400100,2024-10-27,2024-25,OKC,ATL,1,0.6875863
0022400101,2024-10-27,2024-25,GSW,LAC,0,0.7987647
0022400102,2024-10-28,2024-25,ORL,IND,1,0.607859
0022400103,2024-10-28,2024-25,ATL,WAS,0,0.706247
0022400104,2024-10-28,2024-25,BOS,MIL,1,0.8209064
0022400105,2024-10-28,2024-25,MIA,DET,1,0.69673926
0022400106,2024-10-28,2024-25,NYK,CLE,0,0.6031018
0022400107,2024-10-28,2024-25,TOR,DEN,0,0.1591973
0022400108,2024-10-28,2024-25,MEM,CHI,0,0.43027738
0022400109,2024-10-28,2024-25,SAS,HOU,0,0.3681447
0022400110,2024-10-28,2024-25,DAL,UTA,1,0.83308446
0022400111,2024-10-28,2024-25,PHX,LAL,1,0.51354325
0022400112,2024-10-28,2024-25,SAC,POR,1,0.8642073
0022400113,2024-10-29,2024-25,BKN,DEN,0,0.32525146
0022400114,2024-10-29,2024-25,MIN,DAL,0,0.6797592
0022400115,2024-10-29,2024-25,UTA,SAC,0,0.24140596
0022400116,2024-10-29,2024-25,GSW,NOP,1,0.65343565
0022400117,2024-10-30,2024-25,CHA,TOR,1,0.7057091
0022400118,2024-10-30,2024-25,CLE,LAL,1,0.53922576
0022400119,2024-10-30,2024-25,IND,BOS,1,0.35231054
0022400120,2024-10-30,2024-25,PHI,DET,0,0.601357
0022400121,2024-10-30,2024-25,WAS,ATL,1,0.35651112
0022400122,2024-10-30,2024-25,MIA,NYK,0,0.44330278
0022400123,2024-10-30,2024-25,CHI,ORL,1,0.51642305
0022400124,2024-10-30,2024-25,MEM,BKN,0,0.57127875
0022400125,2024-10-30,2024-25,OKC,SAS,1,0.8568887
0022400126,2024-10-30,2024-25,GSW,NOP,1,0.6384318
0022400127,2024-10-30,2024-25,LAC,POR,0,0.7382978
0022400128,2024-10-31,2024-25,MEM,MIL,1,0.33387318
0022400129,2024-10-31,2024-25,DAL,HOU,0,0.6733478
0022400130,2024-10-31,2024-25,UTA,SAS,0,0.52681917
0022400131,2024-10-31,2024-25,LAC,PHX,0,0.32344714
0022400132,2024-11-01,2024-25,CHA,BOS,0,0.23756123
0022400133,2024-11-01,2024-25,CLE,ORL,1,0.6626842
0022400134,2024-11-01,2024-25,DET,NYK,0,0.2556122
0022400135,2024-11-01,2024-25,ATL,SAC,0,0.3031118
0022400136,2024-11-01,2024-25,BKN,CHI,1,0.44527322
0022400137,2024-11-01,2024-25,TOR,LAL,0,0.20491382
0022400138,2024-11-01,2024-25,NOP,IND,1,0.38026983
0022400139,2024-11-01,2024-25,MIN,DEN,1,0.5514367
0022400140,2024-11-01,2024-25,POR,OKC,0,0.187454
0022400141,2024-11-02,2024-25,CHA,BOS,0,0.2275121
0022400142,2024-11-02,2024-25,PHI,MEM,0,0.54767203
0022400143,2024-11-02,2024-25,TOR,SAC,1,0.159683
0022400144,2024-11-02,2024-25,HOU,GSW,0,0.46886525
0022400145,2024-11-02,2024-25,MIL,CLE,0,0.5422679
0022400146,2024-11-02,2024-25,SAS,MIN,1,0.37885055
0022400148,2024-11-02,2024-25,DEN,UTA,1,0.8393403
0022400149,2024-11-02,2024-25,PHX,POR,1,0.8342853
0022400150,2024-11-02,2024-25,LAC,OKC,0,0.36225706
0022400151,2024-11-03,2024-25,BKN,DET,0,0.5921569
0022400152,2024-11-03,2024-25,NOP,ATL,0,0.61799335
0022400153,2024-11-03,2024-25,DAL,ORL,1,0.6991529
0022400154,2024-11-04,2024-25,CLE,MIL,1,0.63674825
0022400155,2024-11-04,2024-25,WAS,GSW,0,0.25452638
0022400156,2024-11-04,2024-25,DET,LAL,1,0.22649337
0022400157,2024-11-04,2024-25,ATL,BOS,0,0.16295491
0022400158,2024-11-04,2024-25,BKN,MEM,1,0.45559865
0022400159,2024-11-04,2024-25,MIA,SAC,0,0.5093911
0022400160,2024-11-04,2024-25,CHI,UTA,0,0.7848054
0022400161,2024-11-04,2024-25,HOU,NYK,1,0.4200436
0022400162,2024-11-04,2024-25,MIN,CHA,1,0.7302552
0022400163,2024-11-04,2024-25,OKC,ORL,1,0.8559805
0022400164,2024-11-04,2024-25,NOP,POR,0,0.4779072
0022400165,2024-11-04,2024-25,DAL,IND,0,0.55955976
0022400166,2024-11-04,2024-25,DEN,TOR,1,0.86289775
0022400167,2024-11-04,2024-25,PHX,PHI,1,0.7817152
0022400168,2024-11-04,2024-25,LAC,SAS,1,0.62112063
0022400169,2024-11-06,2024-25,CHA,DET,1,0.5433654
0022400170,2024-11-06,2024-25,IND,ORL,1,0.7068482
0022400171,2024-11-06,2024-25,ATL,NYK,1,0.26853517
0022400172,2024-11-06,2024-25,BOS,GSW,0,0.6304655
0022400173,2024-11-06,2024-25,HOU,SAS,1,0.6962651
0022400174,2024-11-06,2024-25,MEM,LAL,1,0.38209245
0022400175,2024-11-06,2024-25,NOP,CLE,0,0.20267473
0022400176,2024-11-06,2024-25,DAL,CHI,1,0.79014736
0022400177,2024-11-06,2024-25,DEN,OKC,1,0.37349367
0022400178,2024-11-06,2024-25,PHX,MIA,1,0.6242843
0022400179,2024-11-06,2024-25,LAC,PHI,1,0.6536254
0022400180,2024-11-06,2024-25,SAC,TOR,1,0.8313052
0022400181,2024-11-07,2024-25,CHI,MIN,0,0.31517154
0022400182,2024-11-07,2024-25,MIL,UTA,1,0.7813023
0022400183,2024-11-07,2024-25,SAS,POR,1,0.5340578
0022400184,2024-11-08,2024-25,CHA,IND,1,0.38450938
0022400185,2024-11-08,2024-25,DET,ATL,1,0.59530616
0022400186,2024-11-08,2024-25,ORL,NOP,1,0.62512964
0022400187,2024-11-08,2024-25,BOS,BKN,1,0.8032055
0022400188,2024-11-08,2024-25,CLE,GSW,1,0.5208345
0022400189,2024-11-08,2024-25,NYK,MIL,1,0.73723614
0022400190,2024-11-08,2024-25,DAL,PHX,0,0.62393695
0022400191,2024-11-08,2024-25,MEM,WAS,1,0.75828266
0022400192,2024-11-08,2024-25,OKC,HOU,1,0.7929014
0022400193,2024-11-08,2024-25,MIN,POR,1,0.7679046
0022400194,2024-11-08,2024-25,DEN,MIA,1,0.6613482
0022400195,2024-11-08,2024-25,LAL,PHI,1,0.6631237
0022400196,2024-11-08,2024-25,SAC,LAC,0,0.63831705
0022400197,2024-11-09,2024-25,SAS,UTA,0,0.663427
0022400198,2024-11-09,2024-25,ATL,CHI,0,0.46968627
0022400199,2024-11-09,2024-25,CLE,BKN,1,0.76635075
0022400200,2024-11-09,2024-25,LAC,TOR,1,0.7339301
0022400201,2024-11-10,2024-25,DET,HOU,0,0.44579238
0022400202,2024-11-10,2024-25,MIL,BOS,0,0.36260843
0022400203,2024-11-10,2024-25,IND,NYK,1,0.4023859
0022400204,2024-11-10,2024-25,ORL,WAS,1,0.78024894
0022400205,2024-11-10,2024-25,PHI,CHA,1,0.4882178
0022400206,2024-11-10,2024-25,MIN,MIA,0,0.6467613
0022400207,2024-11-10,2024-25,OKC,GSW,0,0.6759775
0022400208,2024-11-10,2024-25,DEN,DAL,1,0.5587656
0022400209,2024-11-10,2024-25,PHX,SAC,0,0.624099
0022400210,2024-11-10,2024-25,POR,MEM,0,0.5335366
0022400211,2024-11-10,2024-25,LAL,TOR,1,0.816815
0022400212,2024-11-11,2024-25,CHI,CLE,0,0.33985037
0022400213,2024-11-11,2024-25,HOU,WAS,1,0.8083787
0022400214,2024-11-11,2024-25,NOP,BKN,0,0.3228168
0022400215,2024-11-11,2024-25,OKC,LAC,1,0.68943226
0022400216,2024-11-11,2024-25,SAS,SAC,1,0.497449
0022400001,2024-11-12,2024-25,BOS,ATL,0,0.84715426
0022400002,2024-11-12,2024-25,DET,MIA,1,0.45179942
0022400003,2024-11-12,2024-25,ORL,CHA,1,0.5862059
0022400004,2024-11-12,2024-25,PHI,NYK,0,0.34301618
0022400005,2024-11-12,2024-25,MIL,TOR,1,0.7722725
0022400006,2024-11-12,2024-25,UTA,PHX,0,0.2828771
0022400007,2024-11-12,2024-25,GSW,DAL,1,0.5953909
0022400008,2024-11-12,2024-25,POR,MIN,1,0.2746425
0022400217,2024-11-13,2024-25,ORL,IND,1,0.49111387
0022400218,2024-11-13,2024-25,BKN,BOS,0,0.33563492
0022400219,2024-11-13,2024-25,NYK,CHI,0,0.7097388
0022400220,2024-11-13,2024-25,PHI,CLE,0,0.2528627
0022400221,2024-11-13,2024-25,OKC,NOP,1,0.9184263
0022400222,2024-11-13,2024-25,HOU,LAC,1,0.4879485
0022400223,2024-11-13,2024-25,MIL,DET,1,0.6403583
0022400224,2024-11-13,2024-25,SAS,WAS,1,0.76127166
0022400225,2024-11-13,2024-25,LAL,MEM,1,0.65857136
0022400226,2024-11-13,2024-25,POR,MIN,1,0.33839992
0022400227,2024-11-13,2024-25,SAC,PHX,1,0.6154133
0022400228,2024-11-14,2024-25,UTA,DAL,1,0.19649279
0022400009,2024-11-15,2024-25,IND,MIA,0,0.5544692
0022400010,2024-11-15,2024-25,ORL,PHI,1,0.72268045
0022400011,2024-11-15,2024-25,TOR,DET,0,0.3981398
0022400012,2024-11-15,2024-25,ATL,WAS,1,0.6898879
0022400013,2024-11-15,2024-25,CLE,CHI,1,0.7719855
0022400014,2024-11-15,2024-25,NYK,BKN,1,0.7733817
0022400015,2024-11-15,2024-25,SAS,LAL,0,0.45955798
0022400016,2024-11-15,2024-25,HOU,LAC,1,0.5743005
0022400017,2024-11-15,2024-25,NOP,DEN,1,0.13897513
0022400018,2024-11-15,2024-25,OKC,PHX,1,0.7671072
0022400019,2024-11-15,2024-25,GSW,MEM,1,0.777747
0022400020,2024-11-15,2024-25,SAC,MIN,0,0.575824
0022400229,2024-11-16,2024-25,CHA,MIL,1,0.38198352
0022400230,2024-11-16,2024-25,BOS,TOR,1,0.93442404
0022400231,2024-11-16,2024-25,NOP,LAL,0,0.21661083
0022400232,2024-11-16,2024-25,DAL,SAS,1,0.74344325
0022400233,2024-11-16,2024-25,SAC,UTA,1,0.76353073
0022400234,2024-11-17,2024-25,MIN,PHX,1,0.62944186
0022400235,2024-11-17,2024-25,IND,MIA,1,0.50450575
0022400236,2024-11-17,2024-25,CLE,CHA,1,0.87556475
0022400237,2024-11-17,2024-25,WAS,DET,0,0.40809143
0022400238,2024-11-17,2024-25,MEM,DEN,1,0.5673202
0022400239,2024-11-17,2024-25,POR,ATL,1,0.50327337
0022400240,2024-11-17,2024-25,NYK,BKN,1,0.74789476
0022400241,2024-11-17,2024-25,CHI,HOU,0,0.46073592
0022400242,2024-11-17,2024-25,OKC,DAL,0,0.76305246
0022400243,2024-11-17,2024-25,LAC,UTA,1,0.7787152
0022400244,2024-11-18,2024-25,DET,CHI,0,0.5403455
0022400245,2024-11-18,2024-25,MIA,PHI,1,0.60532075
0022400246,2024-11-18,2024-25,NYK,WAS,1,0.88058853
0022400247,2024-11-18,2024-25,TOR,IND,1,0.37181336
0022400248,2024-11-18,2024-25,MIL,HOU,1,0.5745432
0022400249,2024-11-18,2024-25,PHX,ORL,0,0.50698125
0022400250,2024-11-18,2024-25,SAC,ATL,0,0.75029975
0022400251,2024-11-18,2024-25,LAC,GSW,1,0.29328197
0022400021,2024-11-19,2024-25,BOS,CLE,1,0.62387574
0022400022,2024-11-19,2024-25,BKN,CHA,1,0.5210815
0022400023,2024-11-19,2024-25,MEM,DEN,0,0.6135745
0022400024,2024-11-19,2024-25,DAL,NOP,1,0.8777853
0022400025,2024-11-19,2024-25,SAS,OKC,1,0.24784443
0022400026,2024-11-19,2024-25,LAL,UTA,1,0.83937913
0022400252,2024-11-20,2024-25,CLE,NOP,1,0.9042002
0022400253,2024-11-20,2024-25,MIL,CHI,1,0.6659451
0022400254,2024-11-20,2024-25,HOU,IND,1,0.71487606
0022400255,2024-11-20,2024-25,MEM,PHI,1,0.55158067
0022400256,2024-11-20,2024-25,OKC,POR,1,0.83151215
0022400257,2024-11-20,2024-25,PHX,NYK,0,0.45230404
0022400258,2024-11-20,2024-25,GSW,ATL,1,0.8027067
0022400259,2024-11-20,2024-25,LAC,ORL,1,0.58524525
0022400260,2024-11-21,2024-25,CHA,DET,1,0.56586117
0022400261,2024-11-21,2024-25,TOR,MIN,1,0.24987885
0022400262,2024-11-21,2024-25,SAS,UTA,1,0.7157141
0022400263,2024-11-21,2024-25,LAL,ORL,0,0.6796852
0022400027,2024-11-22,2024-25,PHI,BKN,1,0.6504841
0022400028,2024-11-22,2024-25,WAS,BOS,0,0.14278217
0022400029,2024-11-22,2024-25,MIL,IND,1,0.6750464
0022400030,2024-11-22,2024-25,CHI,ATL,1,0.5884159
0022400031,2024-11-22,2024-25,HOU,POR,1,0.7595784
0022400032,2024-11-22,2024-25,NOP,GSW,0,0.075135335
0022400033,2024-11-22,2024-25,DEN,DAL,0,0.3930378
0022400034,2024-11-22,2024-25,LAC,SAC,1,0.55819005
0022400264,2024-11-23,2024-25,UTA,NYK,1,0.20105484
0022400265,2024-11-23,2024-25,ORL,DET,1,0.6459558
0022400266,2024-11-23,2024-25,CHI,MEM,0,0.4714021
0022400267,2024-11-23,2024-25,HOU,POR,0,0.7834882
0022400268,2024-11-23,2024-25,MIL,CHA,1,0.67149854
0022400269,2024-11-23,2024-25,SAS,GSW,1,0.3760636
0022400270,2024-11-23,2024-25,LAL,DEN,0,0.6118193
0022400271,2024-11-24,2024-25,BOS,MIN,1,0.72033536
0022400272,2024-11-24,2024-25,IND,WAS,1,0.75464314
0022400273,2024-11-24,2024-25,MIA,DAL,1,0.58137816
0022400274,2024-11-24,2024-25,PHI,LAC,0,0.3510982
0022400275,2024-11-24,2024-25,CLE,TOR,1,0.782001
0022400276,2024-11-24,2024-25,SAC,BKN,0,0.77396894
0022400277,2024-11-25,2024-25,CHA,ORL,0,0.36991692
0022400278,2024-11-25,2024-25,DET,TOR,1,0.6477377
0022400279,2024-11-25,2024-25,IND,NOP,1,0.74687946
0022400280,2024-11-25,2024-25,ATL,DAL,0,0.48892674
0022400281,2024-11-25,2024-25,BOS,LAC,1,0.7733656
0022400282,2024-11-25,2024-25,MEM,POR,1,0.68909436
0022400283,2024-11-25,2024-25,DEN,NYK,0,0.5876544
0022400284,2024-11-25,2024-25,GSW,BKN,0,0.8883436
0022400285,2024-11-25,2024-25,SAC,OKC,0,0.2710941
0022400035,2024-11-26,2024-25,WAS,CHI,0,0.32746115
0022400036,2024-11-26,2024-25,MIA,MIL,0,0.541018
0022400037,2024-11-26,2024-25,MIN,HOU,0,0.46540567
0022400038,2024-11-26,2024-25,UTA,SAS,0,0.35769418
0022400039,2024-11-26,2024-25,PHX,LAL,1,0.5087765
0022400286,2024-11-27,2024-25,CHA,MIA,0,0.36998045
0022400287,2024-11-27,2024-25,CLE,ATL,0,0.7804172
0022400288,2024-11-27,2024-25,IND,POR,1,0.66031086
0022400289,2024-11-27,2024-25,ORL,CHI,1,0.76309395
0022400290,2024-11-27,2024-25,PHI,HOU,0,0.3605323
0022400291,2024-11-27,2024-25,WAS,LAC,0,0.20715587
0022400292,2024-11-27,2024-25,DAL,NYK,1,0.43947917
0022400293,2024-11-27,2024-25,MEM,DET,1,0.79489833
0022400294,2024-11-27,2024-25,MIN,SAC,0,0.4469591
0022400295,2024-11-27,2024-25,NOP,TOR,0,0.3707697
0022400296,2024-11-27,2024-25,SAS,LAL,0,0.581267
0022400297,2024-11-27,2024-25,PHX,BKN,0,0.68843895
0022400298,2024-11-27,2024-25,UTA,DEN,0,0.19448505
0022400299,2024-11-27,2024-25,GSW,OKC,0,0.46511295
0022400040,2024-11-29,2024-25,CHA,NYK,0,0.20458004
0022400041,2024-11-29,2024-25,ATL,CLE,1,0.38876307
0022400042,2024-11-29,2024-25,MEM,NOP,1,0.8468067
0022400043,2024-11-29,2024-25,BKN,ORL,0,0.41541418
0022400044,2024-11-29,2024-25,MIN,LAC,1,0.511234
0022400045,2024-11-29,2024-25,IND,DET,0,0.6422011
0022400046,2024-11-29,2024-25,MIA,TOR,1,0.65009224
0022400047,2024-11-29,2024-25,CHI,BOS,0,0.26282197
0022400048,2024-11-29,2024-25,LAL,OKC,0,0.32303002
0022400049,2024-11-29,2024-25,POR,SAC,1,0.2849697
0022400300,2024-11-30,2024-25,CHA,ATL,0,0.3444024
0022400301,2024-11-30,2024-25,DET,PHI,0,0.61647093
0022400302,2024-11-30,2024-25,MIL,WAS,1,0.8383498
0022400303,2024-11-30,2024-25,PHX,GSW,1,0.5050771
0022400304,2024-11-30,2024-25,UTA,DAL,0,0.21935181
0022400305,2024-12-01,2024-25,BKN,ORL,0,0.3116862
0022400306,2024-12-01,2024-25,MEM,IND,1,0.7946843
0022400307,2024-12-01,2024-25,CLE,BOS,1,0.4131122
0022400308,2024-12-01,2024-25,NYK,NOP,1,0.86666024
0022400309,2024-12-01,2024-25,TOR,MIA,1,0.45421892
0022400310,2024-12-01,2024-25,HOU,OKC,1,0.4365119
0022400311,2024-12-01,2024-25,UTA,LAL,0,0.25524735
0022400312,2024-12-01,2024-25,POR,DAL,0,0.36875227
0022400313,2024-12-01,2024-25,SAC,SAS,0,0.6271928
0022400314,2024-12-01,2024-25,LAC,DEN,1,0.4621147
0022400315,2024-12-02,2024-25,ATL,NOP,1,0.7872903
0022400316,2024-12-02,2024-25,BOS,MIA,1,0.77166367
0022400317,2024-12-02,2024-25,CHI,BKN,1,0.6830397
0022400318,2024-12-02,2024-25,MIN,LAL,1,0.68878
0022400050,2024-12-03,2024-25,CHA,PHI,0,0.37871107
0022400051,2024-12-03,2024-25,CLE,WAS,1,0.88012135
0022400052,2024-12-03,2024-25,DET,MIL,0,0.32881936
0022400053,2024-12-03,2024-25,NYK,ORL,1,0.584523
0022400054,2024-12-03,2024-25,TOR,IND,1,0.59236413
0022400055,2024-12-03,2024-25,OKC,UTA,1,0.91415024
0022400056,2024-12-03,2024-25,DAL,MEM,1,0.5577038
0022400057,2024-12-03,2024-25,PHX,SAS,1,0.5968266
0022400058,2024-12-03,2024-25,DEN,GSW,1,0.57940674
0022400059,2024-12-03,2024-25,SAC,HOU,1,0.48898008
0022400060,2024-12-03,2024-25,LAC,POR,1,0.763206
0022400319,2024-12-04,2024-25,BOS,DET,1,0.87332946
0022400320,2024-12-04,2024-25,BKN,IND,1,0.44230574
0022400321,2024-12-04,2024-25,MIA,LAL,1,0.5972368
0022400322,2024-12-04,2024-25,PHI,ORL,0,0.3667727
0022400323,2024-12-04,2024-25,MIL,ATL,0,0.56463784
0022400324,2024-12-04,2024-25,LAC,MIN,0,0.4763588
0022400325,2024-12-05,2024-25,CLE,DEN,1,0.55273384
0022400326,2024-12-05,2024-25,WAS,DAL,0,0.13806741
0022400327,2024-12-05,2024-25,NYK,CHA,1,0.89062303
0022400328,2024-12-05,2024-25,TOR,OKC,0,0.2589725
0022400329,2024-12-05,2024-25,MEM,SAC,1,0.6345965
0022400330,2024-12-05,2024-25,NOP,PHX,1,0.28540468
0022400331,2024-12-05,2024-25,SAS,CHI,0,0.56937975
0022400332,2024-12-05,2024-25,GSW,HOU,1,0.5510029
0022400333,2024-12-06,2024-25,PHI,ORL,1,0.27969375
0022400334,2024-12-06,2024-25,ATL,LAL,1,0.66850615
0022400335,2024-12-06,2024-25,BOS,MIL,1,0.69739354
0022400336,2024-12-06,2024-25,CHI,IND,0,0.60164994
0022400337,2024-12-06,2024-25,SAS,SAC,0,0.42306432
0022400338,2024-12-06,2024-25,GSW,MIN,0,0.3914874
0022400339,2024-12-06,2024-25,POR,UTA,0,0.6284624
0022400340,2024-12-07,2024-25,CHA,CLE,0,0.14957291
0022400341,2024-12-07,2024-25,WAS,DEN,1,0.1465863
0022400342,2024-12-07,2024-25,NOP,OKC,0,0.15584068
0022400343,2024-12-07,2024-25,NYK,DET,0,0.7143409
0022400344,2024-12-07,2024-25,TOR,DAL,0,0.27510175
0022400345,2024-12-07,2024-25,BOS,MEM,0,0.6443001
0022400346,2024-12-07,2024-25,MIA,PHX,1,0.5942888
0022400347,2024-12-08,2024-25,CHI,PHI,0,0.6091476
0022400348,2024-12-08,2024-25,BKN,MIL,0,0.32058746
0022400349,2024-12-08,2024-25,IND,CHA,0,0.7758883
0022400350,2024-12-08,2024-25,ATL,DEN,0,0.5847553
0022400351,2024-12-08,2024-25,MIA,CLE,1,0.50831103
0022400352,2024-12-08,2024-25,ORL,PHX,1,0.7011433
0022400353,2024-12-08,2024-25,WAS,MEM,0,0.18015803
0022400354,2024-12-08,2024-25,SAS,NOP,1,0.605448
0022400355,2024-12-08,2024-25,GSW,MIN,1,0.52019846
0022400356,2024-12-08,2024-25,LAC,HOU,0,0.3913631
0022400357,2024-12-08,2024-25,SAC,UTA,1,0.8117337
0022400358,2024-12-08,2024-25,LAL,POR,1,0.70655566
0022400359,2024-12-09,2024-25,TOR,NYK,0,0.35307074
0022401201,2024-12-10,2024-25,MIL,ORL,1,0.6415707
0022401203,2024-12-10,2024-25,OKC,DAL,1,0.69567055
0022401202,2024-12-11,2024-25,NYK,ATL,0,0.7538096
0022401204,2024-12-11,2024-25,HOU,GSW,1,0.5079706
0022401205,2024-12-12,2024-25,BOS,DET,1,0.82101375
0022401206,2024-12-12,2024-25,MIA,TOR,1,0.76683956
0022401207,2024-12-12,2024-25,NOP,SAC,0,0.26092175
0022401208,2024-12-13,2024-25,CLE,WAS,1,0.8937578
0022401209,2024-12-13,2024-25,PHI,IND,0,0.6374573
0022401210,2024-12-13,2024-25,MIN,LAL,1,0.7690619
0022401211,2024-12-13,2024-25,MEM,BKN,1,0.76121837
0022401212,2024-12-13,2024-25,CHI,CHA,1,0.7748445
0022401213,2024-12-13,2024-25,DEN,LAC,1,0.7353265
0022401214,2024-12-13,2024-25,UTA,PHX,0,0.34019437
0022401215,2024-12-13,2024-25,POR,SAS,0,0.40084392
0022401216,2024-12-15,2024-25,IND,NOP,1,0.6093589
0022401217,2024-12-15,2024-25,WAS,BOS,0,0.09833485
0022401218,2024-12-15,2024-25,SAS,MIN,0,0.39608175
0022401219,2024-12-15,2024-25,PHX,POR,1,0.7729776
0022401220,2024-12-15,2024-25,LAL,MEM,1,0.3740878
0022401227,2024-12-15,2024-25,ORL,NYK,0,0.41128737
0022401228,2024-12-15,2024-25,GSW,DAL,0,0.41723868
0022401221,2024-12-16,2024-25,DET,MIA,1,0.3902758
0022401222,2024-12-16,2024-25,CHA,PHI,0,0.32408035
0022401223,2024-12-16,2024-25,TOR,CHI,0,0.45724592
0022401224,2024-12-16,2024-25,BKN,CLE,0,0.26690668
0022401225,2024-12-16,2024-25,SAC,DEN,0,0.5558425
0022401226,2024-12-16,2024-25,LAC,UTA,1,0.72757787
0022400360,2024-12-19,2024-25,DET,UTA,0,0.6975148
0022400361,2024-12-19,2024-25,ORL,OKC,0,0.23750298
0022400362,2024-12-19,2024-25,WAS,CHA,1,0.41622373
0022400363,2024-12-19,2024-25,BOS,CHI,0,0.837127
0022400364,2024-12-19,2024-25,TOR,BKN,0,0.5593748
0022400365,2024-12-19,2024-25,HOU,NOP,1,0.8176539
0022400366,2024-12-19,2024-25,MEM,GSW,1,0.64303714
0022400367,2024-12-19,2024-25,MIN,NYK,0,0.520723
0022400368,2024-12-19,2024-25,DAL,LAC,0,0.7529564
0022400369,2024-12-19,2024-25,PHX,IND,0,0.6722944
0022400370,2024-12-19,2024-25,SAS,ATL,1,0.4741149
0022400371,2024-12-19,2024-25,POR,DEN,1,0.21099603
0022400372,2024-12-19,2024-25,SAC,LAL,0,0.6717544
0022400373,2024-12-20,2024-25,PHI,CHA,1,0.7414495
0022400374,2024-12-20,2024-25,CLE,MIL,1,0.60079
0022400375,2024-12-20,2024-25,MIA,OKC,0,0.42381725
0022400376,2024-12-21,2024-25,SAC,LAL,0,0.65092075
0022400377,2024-12-21,2024-25,ORL,MIA,1,0.5838342
0022400378,2024-12-21,2024-25,ATL,MEM,0,0.38645005
0022400379,2024-12-21,2024-25,BKN,UTA,0,0.56917524
0022400380,2024-12-21,2024-25,CLE,PHI,1,0.7467839
0022400381,2024-12-21,2024-25,CHI,BOS,0,0.2638327
0022400382,2024-12-21,2024-25,MIL,WAS,1,0.80916923
0022400383,2024-12-21,2024-25,MIN,GSW,0,0.6680392
0022400384,2024-12-21,2024-25,NOP,NYK,0,0.22572784
0022400385,2024-12-21,2024-25,DAL,LAC,1,0.50794697
0022400386,2024-12-21,2024-25,SAS,POR,1,0.66163754
0022400387,2024-12-21,2024-25,PHX,DET,0,0.65680116
0022400388,2024-12-22,2024-25,TOR,HOU,0,0.23361276
0022400389,2024-12-22,2024-25,SAC,IND,0,0.56568855
0022400390,2024-12-22,2024-25,NOP,DEN,0,0.1776997
0022400391,2024-12-23,2024-25,CHA,HOU,0,0.24587928
0022400392,2024-12-23,2024-25,CLE,UTA,1,0.8358355
0022400393,2024-12-23,2024-25,ORL,BOS,1,0.30245596
0022400394,2024-12-23,2024-25,PHI,SAS,1,0.42995906
0022400395,2024-12-23,2024-25,ATL,MIN,1,0.36518314
0022400396,2024-12-23,2024-25,MIA,BKN,1,0.74758595
0022400397,2024-12-23,2024-25,NYK,TOR,1,0.9129927
0022400398,2024-12-23,2024-25,CHI,MIL,0,0.5205269
0022400399,2024-12-23,2024-25,MEM,LAC,0,0.66274863
0022400400,2024-12-23,2024-25,OKC,WAS,1,0.95188385
0022400401,2024-12-23,2024-25,DAL,POR,1,0.79579276
0022400402,2024-12-23,2024-25,DEN,PHX,1,0.59500545
0022400403,2024-12-23,2024-25,GSW,IND,0,0.599258
0022400404,2024-12-23,2024-25,LAL,DET,0,0.57070184
0022400405,2024-12-25,2024-25,NYK,SAS,1,0.7297398
0022400406,2024-12-25,2024-25,DAL,MIN,0,0.65598124
0022400407,2024-12-25,2024-25,BOS,PHI,0,0.79548323
0022400408,2024-12-25,2024-25,GSW,LAL,0,0.5757536
0022400409,2024-12-25,2024-25,PHX,DEN,1,0.40185067
0022400410,2024-12-26,2024-25,IND,OKC,0,0.25931367
0022400411,2024-12-26,2024-25,ORL,MIA,0,0.5969868
0022400412,2024-12-26,2024-25,WAS,CHA,1,0.48999417
0022400413,2024-12-26,2024-25,ATL,CHI,1,0.59475005
0022400414,2024-12-26,2024-25,MEM,TOR,1,0.85957605
0022400415,2024-12-26,2024-25,MIL,BKN,0,0.7952344
0022400416,2024-12-26,2024-25,NOP,HOU,0,0.30376643
0022400417,2024-12-26,2024-25,POR,UTA,1,0.49637133
0022400418,2024-12-26,2024-25,SAC,DET,0,0.6037349
0022400419,2024-12-27,2024-25,ORL,NYK,0,0.29704705
0022400420,2024-12-27,2024-25,BOS,IND,1,0.7977726
0022400421,2024-12-27,2024-25,BKN,SAS,0,0.30460903
0022400422,2024-12-27,2024-25,HOU,MIN,0,0.43838772
0022400423,2024-12-27,2024-25,NOP,MEM,0,0.18927814
0022400424,2024-12-27,2024-25,DEN,CLE,0,0.513984
0022400425,2024-12-27,2024-25,PHX,DAL,0,0.39372724
0022400426,2024-12-27,2024-25,LAC,GSW,1,0.63512135
0022400427,2024-12-28,2024-25,ATL,MIA,1,0.5704266
0022400428,2024-12-28,2024-25,CHA,OKC,0,0.11814565
0022400429,2024-12-28,2024-25,WAS,NYK,0,0.18024729
0022400430,2024-12-28,2024-25,CHI,MIL,1,0.47091085
0022400431,2024-12-28,2024-25,GSW,PHX,1,0.48417854
0022400432,2024-12-28,2024-25,DEN,DET,1,0.6495614
0022400433,2024-12-28,2024-25,UTA,PHI,0,0.30309844
0022400434,2024-12-28,2024-25,POR,DAL,1,0.31911752
0022400435,2024-12-28,2024-25,LAL,SAC,1,0.5880865
0022400436,2024-12-29,2024-25,ORL,BKN,1,0.8082372
0022400437,2024-12-29,2024-25,BOS,IND,0,0.8215531
0022400438,2024-12-29,2024-25,TOR,ATL,0,0.4359606
0022400439,2024-12-29,2024-25,HOU,MIA,0,0.7160665
0022400440,2024-12-29,2024-25,OKC,MEM,1,0.553926
0022400441,2024-12-29,2024-25,MIN,SAS,1,0.66426563
0022400442,2024-12-30,2024-25,CHA,CHI,0,0.31078407
0022400443,2024-12-30,2024-25,WAS,NYK,0,0.1386003
0022400444,2024-12-30,2024-25,NOP,LAC,0,0.24943791
0022400445,2024-12-30,2024-25,UTA,DEN,0,0.2521217
0022400446,2024-12-30,2024-25,GSW,CLE,0,0.36806527
0022400447,2024-12-30,2024-25,POR,PHI,0,0.3556049
0022400448,2024-12-30,2024-25,SAC,DAL,1,0.51867104
0022400449,2024-12-31,2024-25,BOS,TOR,1,0.88056785
0022400450,2024-12-31,2024-25,IND,MIL,0,0.48336923
0022400451,2024-12-31,2024-25,SAS,LAC,1,0.5300036
0022400452,2024-12-31,2024-25,OKC,MIN,1,0.773368
0022400453,2024-12-31,2024-25,PHX,MEM,0,0.42239594
0022400454,2024-12-31,2024-25,LAL,CLE,0,0.44571927
0022400455,2025-01-01,2024-25,DET,ORL,1,0.48358846
0022400456,2025-01-01,2024-25,WAS,CHI,1,0.2775889
0022400457,2025-01-01,2024-25,MIA,NOP,1,0.75425315
0022400458,2025-01-01,2024-25,NYK,UTA,1,0.8649755
0022400459,2025-01-01,2024-25,TOR,BKN,1,0.5391403
0022400460,2025-01-01,2024-25,HOU,DAL,1,0.67133975
0022400461,2025-01-01,2024-25,DEN,ATL,1,0.70095444
0022400462,2025-01-01,2024-25,SAC,PHI,1,0.5749783
0022400463,2025-01-02,2024-25,MIA,IND,0,0.52805936
0022400464,2025-01-02,2024-25,MIN,BOS,0,0.39084592
0022400465,2025-01-02,2024-25,MIL,BKN,0,0.8581042
0022400466,2025-01-02,2024-25,OKC,LAC,1,0.8535921
0022400467,2025-01-02,2024-25,GSW,PHI,1,0.6453063
0022400468,2025-01-02,2024-25,LAL,POR,1,0.76138705
0022400469,2025-01-03,2024-25,DET,CHA,1,0.7649229
0022400470,2025-01-03,2024-25,TOR,ORL,0,0.3931576
0022400471,2025-01-03,2024-25,HOU,BOS,0,0.47052372
0022400472,2025-01-03,2024-25,NOP,WAS,1,0.6493188
0022400473,2025-01-03,2024-25,OKC,NYK,1,0.63806456
0022400474,2025-01-03,2024-25,DAL,CLE,0,0.33034673
0022400475,2025-01-03,2024-25,DEN,SAS,0,0.75194603
0022400476,2025-01-03,2024-25,SAC,MEM,1,0.46982718
0022400477,2025-01-03,2024-25,LAL,ATL,1,0.48276624
0022400478,2025-01-04,2024-25,BKN,PHI,0,0.33584288
0022400479,2025-01-04,2024-25,DET,MIN,1,0.34371927
0022400480,2025-01-04,2024-25,IND,PHX,1,0.5067615
0022400481,2025-01-04,2024-25,MIA,UTA,0,0.7389697
0022400482,2025-01-04,2024-25,CHI,NYK,1,0.39184344
0022400483,2025-01-04,2024-25,MIL,POR,0,0.81762505
0022400484,2025-01-04,2024-25,SAS,DEN,0,0.42537472
0022400485,2025-01-04,2024-25,GSW,MEM,1,0.5636599
0022400486,2025-01-04,2024-25,LAC,ATL,1,0.57788235
0022400487,2025-01-05,2024-25,OKC,BOS,1,0.68431896
0022400488,2025-01-05,2024-25,CLE,CHA,1,0.91300386
0022400489,2025-01-05,2024-25,WAS,NOP,0,0.47684014
0022400490,2025-01-05,2024-25,ORL,UTA,0,0.6975003
0022400491,2025-01-05,2024-25,HOU,LAL,1,0.5705261
0022400492,2025-01-05,2024-25,GSW,SAC,0,0.4863895
0022400493,2025-01-06,2024-25,DET,POR,1,0.71393657
0022400494,2025-01-06,2024-25,PHI,PHX,0,0.5159392
0022400495,2025-01-06,2024-25,BKN,IND,0,0.20119542
0022400496,2025-01-06,2024-25,NYK,ORL,0,0.80312616
0022400497,2025-01-06,2024-25,TOR,MIL,0,0.34991497
0022400498,2025-01-06,2024-25,CHI,SAS,1,0.5676123
0022400499,2025-01-06,2024-25,MEM,DAL,1,0.6720597
0022400500,2025-01-06,2024-25,MIN,LAC,1,0.564184
0022400501,2025-01-06,2024-25,SAC,MIA,1,0.6191817
0022400502,2025-01-07,2024-25,CHA,PHX,1,0.33255526
0022400503,2025-01-07,2024-25,WAS,HOU,0,0.23117091
0022400504,2025-01-07,2024-25,DAL,LAL,1,0.44033048
0022400505,2025-01-07,2024-25,NOP,MIN,0,0.37140548
0022400506,2025-01-07,2024-25,UTA,ATL,0,0.5405597
0022400507,2025-01-07,2024-25,DEN,BOS,0,0.47282565
0022400508,2025-01-07,2024-25,GSW,MIA,0,0.6839022
0022400509,2025-01-08,2024-25,CLE,OKC,1,0.37344924
0022400510,2025-01-08,2024-25,IND,CHI,1,0.59201777
0022400511,2025-01-08,2024-25,NYK,TOR,1,0.82831144
0022400512,2025-01-08,2024-25,PHI,WAS,1,0.83147055
0022400513,2025-01-08,2024-25,BKN,DET,0,0.2164502
0022400514,2025-01-08,2024-25,NOP,POR,0,0.62389
0022400515,2025-01-08,2024-25,DEN,LAC,1,0.45359018
0022400516,2025-01-08,2024-25,MIL,SAS,1,0.66424274
0022400517,2025-01-09,2024-25,CLE,TOR,1,0.8828004
0022400518,2025-01-09,2024-25,DET,GSW,0,0.48935822
0022400519,2025-01-09,2024-25,ORL,MIN,0,0.485095
0022400520,2025-01-09,2024-25,MEM,HOU,0,0.558095
0022400521,2025-01-09,2024-25,DAL,POR,1,0.7822808
0022400522,2025-01-09,2024-25,PHX,ATL,1,0.62893337
0022400523,2025-01-09,2024-25,UTA,MIA,0,0.5199971
0022400525,2025-01-10,2024-25,IND,GSW,1,0.66329163
0022400526,2025-01-10,2024-25,ORL,MIL,0,0.37565044
0022400527,2025-01-10,2024-25,PHI,NOP,0,0.68178695
0022400528,2025-01-10,2024-25,BOS,SAC,0,0.74922764
0022400529,2025-01-10,2024-25,NYK,OKC,0,0.28650868
0022400530,2025-01-10,2024-25,CHI,WAS,1,0.82499504
0022400531,2025-01-10,2024-25,DEN,BKN,1,0.9074553
0022400533,2025-01-11,2024-25,PHX,UTA,1,0.7209199
0022400534,2025-01-11,2024-25,DET,TOR,1,0.64520067
0022400535,2025-01-11,2024-25,MIN,MEM,0,0.46473375
0022400536,2025-01-11,2024-25,POR,MIA,0,0.37646884
0022400539,2025-01-12,2024-25,NYK,MIL,1,0.57027054
0022400540,2025-01-12,2024-25,DAL,DEN,0,0.39001748
0022400541,2025-01-12,2024-25,CHI,SAC,0,0.45838615
0022400542,2025-01-12,2024-25,BOS,NOP,1,0.8968209
0022400543,2025-01-12,2024-25,CLE,IND,0,0.7060983
0022400544,2025-01-12,2024-25,ORL,PHI,1,0.5983427
0022400545,2025-01-12,2024-25,WAS,OKC,0,0.05439022
0022400546,2025-01-12,2024-25,UTA,BKN,1,0.7671792
0022400547,2025-01-12,2024-25,PHX,CHA,1,0.6915807
0022400548,2025-01-13,2024-25,WAS,MIN,0,0.18906865
0022400549,2025-01-13,2024-25,NYK,DET,0,0.6312934
0022400550,2025-01-13,2024-25,TOR,GSW,1,0.50902355
0022400551,2025-01-13,2024-25,HOU,MEM,1,0.51942307
0022400552,2025-01-13,2024-25,LAL,SAS,0,0.6579273
0022400553,2025-01-13,2024-25,LAC,MIA,1,0.6060281
0022400554,2025-01-14,2024-25,IND,CLE,0,0.4117231
0022400555,2025-01-14,2024-25,PHI,OKC,0,0.16513263
0022400556,2025-01-14,2024-25,ATL,PHX,1,0.50561947
0022400557,2025-01-14,2024-25,CHI,NOP,0,0.6588144
0022400558,2025-01-14,2024-25,MIL,SAC,1,0.5220932
0022400559,2025-01-14,2024-25,DAL,DEN,0,0.3835708
0022400560,2025-01-14,2024-25,POR,BKN,0,0.6718639
0022400561,2025-01-15,2024-25,PHI,NYK,0,0.19456641
0022400562,2025-01-15,2024-25,TOR,BOS,1,0.17607997
0022400563,2025-01-15,2024-25,CHI,ATL,0,0.5654088
0022400564,2025-01-15,2024-25,MIL,ORL,1,0.63157254
0022400565,2025-01-15,2024-25,MIN,GSW,0,0.66720927
0022400566,2025-01-15,2024-25,NOP,DAL,1,0.39583603
0022400567,2025-01-15,2024-25,SAS,MEM,0,0.4150737
0022400568,2025-01-15,2024-25,DEN,HOU,0,0.55723906
0022400569,2025-01-15,2024-25,UTA,CHA,0,0.4859565
0022400570,2025-01-15,2024-25,LAL,MIA,1,0.6264234
0022400571,2025-01-15,2024-25,LAC,BKN,1,0.8383576
0022400572,2025-01-16,2024-25,DET,IND,0,0.5466901
0022400573,2025-01-16,2024-25,WAS,PHX,0,0.21902029
0022400574,2025-01-16,2024-25,OKC,CLE,1,0.72709876
0022400575,2025-01-16,2024-25,POR,LAC,0,0.28627214
0022400576,2025-01-16,2024-25,SAC,HOU,1,0.5627625
0022400577,2025-01-17,2024-25,BOS,ORL,1,0.81836045
0022400578,2025-01-17,2024-25,NYK,MIN,0,0.71789294
0022400579,2025-01-17,2024-25,MIA,DEN,0,0.46222404
0022400580,2025-01-17,2024-25,MIL,TOR,1,0.78227997
0022400581,2025-01-17,2024-25,NOP,UTA,1,0.6675572
0022400582,2025-01-17,2024-25,SAS,MEM,0,0.38580093
0022400583,2025-01-17,2024-25,DAL,OKC,1,0.2261707
0022400584,2025-01-17,2024-25,CHI,CHA,0,0.6259899
0022400585,2025-01-17,2024-25,LAL,BKN,1,0.89474446
0022400586,2025-01-18,2024-25,DET,PHX,0,0.4855899
0022400587,2025-01-18,2024-25,BOS,ATL,0,0.7940313
0022400588,2025-01-18,2024-25,IND,PHI,1,0.74332774
0022400589,2025-01-18,2024-25,GSW,WAS,1,0.7957955
0022400590,2025-01-18,2024-25,MIN,CLE,0,0.30154884
0022400591,2025-01-18,2024-25,POR,HOU,0,0.18952957
0022400592,2025-01-19,2024-25,MIA,SAS,1,0.59265184
0022400593,2025-01-19,2024-25,ORL,DEN,0,0.24037614
0022400594,2025-01-19,2024-25,MIL,PHI,1,0.8292904
0022400595,2025-01-19,2024-25,OKC,BKN,1,0.9394739
0022400596,2025-01-19,2024-25,LAC,LAL,1,0.59665513
0022400597,2025-01-19,2024-25,POR,CHI,1,0.328443
0022400598,2025-01-19,2024-25,SAC,WAS,1,0.91591966
0022400599,2025-01-20,2024-25,CHA,DAL,1,0.38410953
0022400600,2025-01-20,2024-25,HOU,DET,0,0.7448139
0022400601,2025-01-20,2024-25,MEM,MIN,1,0.6395726
0022400602,2025-01-20,2024-25,NYK,ATL,1,0.6481421
0022400603,2025-01-20,2024-25,CLE,PHX,1,0.8057499
0022400604,2025-01-20,2024-25,GSW,BOS,0,0.27482834
0022400605,2025-01-20,2024-25,NOP,UTA,1,0.7486904
0022400611,2025-01-20,2024-25,LAC,CHI,0,0.7618921
0022400606,2025-01-21,2024-25,BKN,NYK,0,0.20018183
0022400607,2025-01-21,2024-25,MIA,POR,0,0.7747388
0022400608,2025-01-21,2024-25,TOR,ORL,1,0.5008968
0022400609,2025-01-21,2024-25,DEN,PHI,1,0.8299501
0022400610,2025-01-21,2024-25,LAL,WAS,1,0.8514142
0022400612,2025-01-22,2024-25,ATL,DET,0,0.65666515
0022400613,2025-01-22,2024-25,BKN,PHX,0,0.25715715
0022400614,2025-01-22,2024-25,DAL,MIN,0,0.60222685
0022400615,2025-01-22,2024-25,HOU,CLE,1,0.4699059
0022400616,2025-01-22,2024-25,MEM,CHA,1,0.7673706
0022400618,2025-01-22,2024-25,OKC,UTA,1,0.9454061
0022400619,2025-01-22,2024-25,SAC,GSW,1,0.7702434
0022400620,2025-01-22,2024-25,LAC,BOS,0,0.32341698
0022400622,2025-01-23,2024-25,ORL,POR,0,0.5738982
0022400623,2025-01-23,2024-25,ATL,TOR,0,0.67504126
0022400624,2025-01-23,2024-25,MIL,MIA,1,0.73487157
0022400625,2025-01-23,2024-25,OKC,DAL,0,0.83062327
0022400626,2025-01-23,2024-25,DEN,SAC,1,0.75583625
0022400628,2025-01-23,2024-25,GSW,CHI,1,0.45936412
0022400629,2025-01-23,2024-25,LAL,BOS,1,0.45302233
0022400983,2025-01-23,2024-25,LAC,WAS,1,0.7688678
0022400630,2025-01-24,2024-25,CHA,POR,0,0.6842581
0022400631,2025-01-24,2024-25,PHI,CLE,1,0.22218338
0022400632,2025-01-24,2024-25,MEM,NOP,1,0.784271
0022400634,2025-01-25,2024-25,MIN,DEN,1,0.3974469
0022400635,2025-01-25,2024-25,DAL,BOS,0,0.41305742
0022400636,2025-01-25,2024-25,BKN,MIA,0,0.22920726
0022400637,2025-01-25,2024-25,CHA,NOP,1,0.46205604
0022400638,2025-01-25,2024-25,ORL,DET,1,0.46802455
0022400639,2025-01-25,2024-25,ATL,TOR,0,0.6975441
0022400640,2025-01-25,2024-25,CLE,HOU,0,0.5421885
0022400641,2025-01-25,2024-25,NYK,SAC,1,0.6390662
0022400642,2025-01-25,2024-25,CHI,PHI,0,0.61567473
0022400643,2025-01-25,2024-25,MEM,UTA,1,0.77441806
0022400644,2025-01-25,2024-25,GSW,LAL,0,0.41926405
0022400645,2025-01-25,2024-25,PHX,WAS,1,0.84188116
0022400646,2025-01-25,2024-25,LAC,MIL,1,0.49200648
0022400647,2025-01-26,2024-25,POR,OKC,0,0.13081087
0022400648,2025-01-27,2024-25,CHA,LAL,0,0.3780362
0022400649,2025-01-27,2024-25,CLE,DET,1,0.76479715
0022400650,2025-01-27,2024-25,BOS,HOU,0,0.6266829
0022400651,2025-01-27,2024-25,BKN,SAC,0,0.17035413
0022400652,2025-01-27,2024-25,MIA,ORL,1,0.5309872
0022400653,2025-01-27,2024-25,NYK,MEM,1,0.56792694
0022400654,2025-01-27,2024-25,TOR,NOP,1,0.62478405
0022400655,2025-01-27,2024-25,CHI,DEN,1,0.2617144
0022400656,2025-01-27,2024-25,MIN,ATL,1,0.7467998
0022400657,2025-01-27,2024-25,DAL,WAS,1,0.85889757
0022400658,2025-01-27,2024-25,UTA,MIL,0,0.21701118
0022400659,2025-01-27,2024-25,PHX,LAC,1,0.4697331
0022400532,2025-01-28,2024-25,ATL,HOU,0,0.22507437
0022400660,2025-01-28,2024-25,PHI,LAL,1,0.46978012
0022400661,2025-01-28,2024-25,GSW,UTA,1,0.72645414
0022400662,2025-01-28,2024-25,POR,MIL,1,0.35396847
0022400663,2025-01-29,2024-25,CHA,BKN,0,0.7860926
0022400664,2025-01-29,2024-25,IND,DET,1,0.7582617
0022400665,2025-01-29,2024-25,WAS,TOR,0,0.29462674
0022400666,2025-01-29,2024-25,BOS,CHI,1,0.7739455
0022400667,2025-01-29,2024-25,MIA,CLE,0,0.36861315
0022400668,2025-01-29,2024-25,NYK,DEN,1,0.5247118
0022400669,2025-01-29,2024-25,PHI,SAC,1,0.3015449
0022400670,2025-01-29,2024-25,NOP,DAL,0,0.43216875
0022400671,2025-01-29,2024-25,SAS,LAC,0,0.44455147
0022400672,2025-01-29,2024-25,PHX,MIN,0,0.5139637
0022400673,2025-01-29,2024-25,GSW,OKC,1,0.11136018
0022400674,2025-01-30,2024-25,WAS,LAL,0,0.15730648
0022400675,2025-01-30,2024-25,CLE,ATL,1,0.720354
0022400676,2025-01-30,2024-25,MEM,HOU,1,0.50439894
0022400677,2025-01-30,2024-25,UTA,MIN,0,0.26112312
0022400678,2025-01-30,2024-25,POR,ORL,1,0.4707004
0022400679,2025-01-31,2024-25,CHA,LAC,0,0.19202462
0022400680,2025-01-31,2024-25,DET,DAL,1,0.4612227
0022400681,2025-01-31,2024-25,PHI,DEN,0,0.29057324
0022400682,2025-01-31,2024-25,TOR,CHI,0,0.6008465
0022400683,2025-01-31,2024-25,NOP,BOS,0,0.2527331
0022400684,2025-01-31,2024-25,SAS,MIL,1,0.40412527
0022400685,2025-01-31,2024-25,GSW,PHX,0,0.5420731
0022400686,2025-02-01,2024-25,IND,ATL,1,0.8019701
0022400687,2025-02-01,2024-25,UTA,ORL,1,0.44690958
0022400688,2025-02-01,2024-25,CHA,DEN,0,0.14486626
0022400689,2025-02-01,2024-25,HOU,BKN,0,0.8821176
0022400690,2025-02-01,2024-25,MIN,WAS,0,0.908676
0022400691,2025-02-01,2024-25,OKC,SAC,1,0.7916504
0022400692,2025-02-01,2024-25,NYK,LAL,0,0.7219009
0022400693,2025-02-01,2024-25,SAS,MIA,0,0.5418695
0022400694,2025-02-01,2024-25,POR,PHX,1,0.5031388
0022400695,2025-02-02,2024-25,DET,CHI,1,0.56595755
0022400696,2025-02-02,2024-25,CLE,DAL,1,0.7040503
0022400697,2025-02-02,2024-25,TOR,LAC,1,0.38187546
0022400698,2025-02-02,2024-25,PHI,BOS,0,0.2867921
0022400699,2025-02-02,2024-25,MIL,MEM,0,0.5077117
0022400700,2025-02-03,2024-25,CHA,WAS,0,0.6432995
0022400701,2025-02-03,2024-25,DET,ATL,0,0.6154494
0022400702,2025-02-03,2024-25,NYK,HOU,1,0.6511009
0022400703,2025-02-03,2024-25,MEM,SAS,1,0.6912955
0022400704,2025-02-03,2024-25,MIN,SAC,0,0.54651976
0022400705,2025-02-03,2024-25,OKC,MIL,1,0.8539647
0022400706,2025-02-03,2024-25,DEN,NOP,1,0.87986743
0022400707,2025-02-03,2024-25,UTA,IND,0,0.24041551
0022400708,2025-02-03,2024-25,GSW,ORL,1,0.65246266
0022400709,2025-02-03,2024-25,POR,PHX,1,0.4909979
0022400710,2025-02-04,2024-25,CLE,BOS,0,0.5365147
0022400711,2025-02-04,2024-25,BKN,HOU,1,0.33610156
0022400712,2025-02-04,2024-25,PHI,DAL,1,0.6498387
0022400713,2025-02-04,2024-25,TOR,NYK,0,0.35869017
0022400714,2025-02-04,2024-25,CHI,MIA,1,0.53364986
0022400715,2025-02-04,2024-25,LAC,LAL,0,0.5613918
0022400716,2025-02-04,2024-25,POR,IND,1,0.3525219
0022400717,2025-02-05,2024-25,CHA,MIL,0,0.38560206
0022400718,2025-02-05,2024-25,DET,CLE,0,0.42060497
0022400719,2025-02-05,2024-25,ATL,SAS,0,0.49938112
0022400720,2025-02-05,2024-25,BKN,WAS,0,0.6381174
0022400721,2025-02-05,2024-25,PHI,MIA,0,0.58078444
0022400722,2025-02-05,2024-25,TOR,MEM,0,0.2581338
0022400723,2025-02-05,2024-25,MIN,CHI,1,0.7292282
0022400724,2025-02-05,2024-25,OKC,PHX,1,0.825896
0022400725,2025-02-05,2024-25,UTA,GSW,1,0.38662076
0022400726,2025-02-05,2024-25,DEN,NOP,1,0.86508214
0022400727,2025-02-05,2024-25,SAC,ORL,0,0.75793874
0022400728,2025-02-06,2024-25,BOS,DAL,0,0.830057
0022400729,2025-02-06,2024-25,MIN,HOU,1,0.43946785
0022400730,2025-02-06,2024-25,DEN,ORL,1,0.8228839
0022400731,2025-02-06,2024-25,LAL,GSW,1,0.78823024
0022400732,2025-02-06,2024-25,POR,SAC,1,0.4907523
0022400733,2025-02-06,2024-25,LAC,IND,0,0.43661124
0022400734,2025-02-07,2024-25,CHA,SAS,1,0.2719793
0022400735,2025-02-07,2024-25,WAS,CLE,0,0.17785507
0022400736,2025-02-07,2024-25,ATL,MIL,1,0.4478587
0022400737,2025-02-07,2024-25,BKN,MIA,1,0.3923023
0022400738,2025-02-07,2024-25,DET,PHI,1,0.5863792
0022400739,2025-02-07,2024-25,OKC,TOR,1,0.9159892
0022400740,2025-02-07,2024-25,PHX,UTA,1,0.6366291
0022400741,2025-02-08,2024-25,DAL,HOU,1,0.4580767
0022400742,2025-02-08,2024-25,LAL,IND,1,0.6371154
0022400743,2025-02-08,2024-25,ORL,SAS,1,0.4587377
0022400744,2025-02-08,2024-25,WAS,ATL,0,0.35132042
0022400745,2025-02-08,2024-25,CHI,GSW,0,0.55095714
0022400746,2025-02-08,2024-25,MEM,OKC,0,0.46988937
0022400747,2025-02-08,2024-25,MIN,POR,1,0.7374695
0022400748,2025-02-08,2024-25,NYK,BOS,0,0.555095
0022400749,2025-02-08,2024-25,PHX,DEN,0,0.24376565
0022400750,2025-02-08,2024-25,SAC,NOP,1,0.778601
0022400751,2025-02-08,2024-25,LAC,UTA,1,0.8174891
0022400752,2025-02-09,2024-25,DET,CHA,1,0.74739
0022400753,2025-02-09,2024-25,HOU,TOR,1,0.74602073
0022400754,2025-02-09,2024-25,MIL,PHI,1,0.4883292
0022400755,2025-02-10,2024-25,CLE,MIN,1,0.73300534
0022400756,2025-02-10,2024-25,ORL,ATL,0,0.50673944
0022400757,2025-02-10,2024-25,WAS,SAS,0,0.2886461
0022400758,2025-02-10,2024-25,BKN,CHA,1,0.66284156
0022400759,2025-02-10,2024-25,MIA,BOS,0,0.2632547
0022400760,2025-02-10,2024-25,MIL,GSW,0,0.44934723
0022400761,2025-02-10,2024-25,OKC,NOP,1,0.9108543
0022400762,2025-02-10,2024-25,DAL,SAC,0,0.5131465
0022400763,2025-02-10,2024-25,DEN,POR,1,0.829436
0022400768,2025-02-10,2024-25,LAL,UTA,1,0.81317663
0022400764,2025-02-11,2024-25,PHI,TOR,0,0.768242
0022400765,2025-02-11,2024-25,IND,NYK,0,0.53616107
0022400766,2025-02-11,2024-25,CHI,DET,0,0.41551208
0022400767,2025-02-11,2024-25,PHX,MEM,0,0.3236842
0022400769,2025-02-12,2024-25,BOS,SAS,1,0.7452403
0022400770,2025-02-12,2024-25,ORL,CHA,1,0.70165664
0022400771,2025-02-12,2024-25,WAS,IND,0,0.23990202
0022400772,2025-02-12,2024-25,BKN,PHI,1,0.38114542
0022400773,2025-02-12,2024-25,NYK,ATL,1,0.7003616
0022400774,2025-02-12,2024-25,TOR,CLE,0,0.15556525
0022400775,2025-02-12,2024-25,CHI,DET,0,0.36318415
0022400776,2025-02-12,2024-25,MIN,MIL,0,0.6426899
0022400777,2025-02-12,2024-25,NOP,SAC,0,0.2750927
0022400778,2025-02-12,2024-25,OKC,MIA,1,0.8847841
0022400779,2025-02-12,2024-25,HOU,PHX,1,0.6893869
0022400780,2025-02-12,2024-25,DEN,POR,1,0.8442805
0022400781,2025-02-12,2024-25,UTA,LAL,1,0.18169868
0022400782,2025-02-12,2024-25,DAL,GSW,1,0.48982376
0022400783,2025-02-12,2024-25,LAC,MEM,1,0.53356045
0022400784,2025-02-13,2024-25,HOU,GSW,0,0.5308831
0022400785,2025-02-13,2024-25,NOP,SAC,1,0.3158151
0022400786,2025-02-13,2024-25,DAL,MIA,1,0.57553506
0022400787,2025-02-13,2024-25,MIN,OKC,1,0.2773625
0022401004,2025-02-13,2024-25,UTA,LAC,0,0.2794496
0022400524,2025-02-19,2024-25,LAL,CHA,0,0.9094722
0022400788,2025-02-20,2024-25,IND,MEM,1,0.54434246
0022400789,2025-02-20,2024-25,PHI,BOS,0,0.20175038
0022400790,2025-02-20,2024-25,ATL,ORL,0,0.60144556
0022400791,2025-02-20,2024-25,BKN,CLE,0,0.17353354
0022400792,2025-02-20,2024-25,NYK,CHI,1,0.81367624
0022400793,2025-02-20,2024-25,MIL,LAC,1,0.3455045
0022400794,2025-02-20,2024-25,DEN,CHA,1,0.91321236
0022400795,2025-02-20,2024-25,SAS,PHX,1,0.6526741
0022400796,2025-02-20,2024-25,POR,LAL,0,0.3310972
0022400797,2025-02-21,2024-25,CLE,NYK,1,0.620514
0022400798,2025-02-21,2024-25,ORL,MEM,0,0.37007192
0022400799,2025-02-21,2024-25,WAS,MIL,0,0.2674874
0022400800,2025-02-21,2024-25,TOR,MIA,0,0.49858975
0022400801,2025-02-21,2024-25,HOU,MIN,1,0.5262677
0022400802,2025-02-21,2024-25,SAS,DET,0,0.3627608
0022400803,2025-02-21,2024-25,DAL,NOP,1,0.66489124
0022400804,2025-02-21,2024-25,UTA,OKC,0,0.13711944
0022400805,2025-02-21,2024-25,SAC,GSW,0,0.49580768
0022400806,2025-02-22,2024-25,CHI,PHX,0,0.43882
0022400807,2025-02-22,2024-25,PHI,BKN,0,0.7152483
0022400808,2025-02-22,2024-25,DEN,LAL,0,0.7050357
0022400809,2025-02-22,2024-25,UTA,HOU,1,0.3170161
0022400810,2025-02-22,2024-25,POR,CHA,1,0.7533415
0022400811,2025-02-23,2024-25,BOS,NYK,1,0.66042733
0022400812,2025-02-23,2024-25,GSW,DAL,1,0.64180505
0022400813,2025-02-23,2024-25,IND,LAC,1,0.52435386
0022400814,2025-02-23,2024-25,ATL,DET,0,0.43265626
0022400815,2025-02-23,2024-25,ORL,WAS,1,0.77276874
0022400816,2025-02-23,2024-25,TOR,PHX,1,0.40367657
0022400817,2025-02-23,2024-25,MIL,MIA,1,0.55905676
0022400818,2025-02-23,2024-25,NOP,SAS,1,0.41418076
0022400819,2025-02-23,2024-25,CLE,MEM,1,0.6635338
0022400820,2025-02-23,2024-25,MIN,OKC,0,0.30992082
0022400821,2025-02-24,2024-25,DET,LAC,1,0.6193204
0022400822,2025-02-24,2024-25,IND,DEN,0,0.4071703
0022400823,2025-02-24,2024-25,PHI,CHI,0,0.66794604
0022400824,2025-02-24,2024-25,WAS,BKN,1,0.35423416
0022400825,2025-02-24,2024-25,ATL,MIA,1,0.58536166
0022400826,2025-02-24,2024-25,OKC,MIN,0,0.80679107
0022400827,2025-02-24,2024-25,UTA,POR,0,0.37825626
0022400828,2025-02-24,2024-25,SAC,CHA,1,0.7877654
0022400829,2025-02-25,2024-25,TOR,BOS,0,0.17212386
0022400830,2025-02-25,2024-25,ORL,CLE,0,0.22769234
0022400831,2025-02-25,2024-25,HOU,MIL,1,0.58062625
0022400832,2025-02-25,2024-25,MEM,PHX,1,0.6974951
0022400833,2025-02-25,2024-25,NOP,SAS,1,0.4327936
0022400834,2025-02-25,2024-25,GSW,CHA,1,0.91418487
0022400835,2025-02-25,2024-25,LAL,DAL,1,0.76531935
0022400836,2025-02-26,2024-25,DET,BOS,1,0.53513503
0022400837,2025-02-26,2024-25,IND,TOR,1,0.8414555
0022400838,2025-02-26,2024-25,NYK,PHI,1,0.7844667
0022400839,2025-02-26,2024-25,WAS,POR,0,0.28299108
0022400840,2025-02-26,2024-25,BKN,OKC,0,0.09691034
0022400841,2025-02-26,2024-25,MIA,ATL,1,0.50805306
0022400842,2025-02-26,2024-25,CHI,LAC,0,0.39714628
0022400843,2025-02-26,2024-25,UTA,SAC,0,0.28830138
0022400844,2025-02-26,2024-25,HOU,SAS,1,0.6588218
0022400845,2025-02-27,2024-25,ORL,GSW,0,0.31542808
0022400846,2025-02-27,2024-25,MIL,DEN,1,0.39757586
0022400847,2025-02-27,2024-25,DAL,CHA,1,0.8560716
0022400848,2025-02-27,2024-25,PHX,NOP,0,0.70066935
0022400849,2025-02-27,2024-25,LAL,MIN,1,0.67529935
0022400850,2025-02-28,2024-25,DET,DEN,0,0.6223671
0022400851,2025-02-28,2024-25,ATL,OKC,0,0.1867802
0022400852,2025-02-28,2024-25,BOS,CLE,0,0.5118092
0022400853,2025-02-28,2024-25,BKN,POR,0,0.37379265
0022400854,2025-02-28,2024-25,MIA,IND,1,0.41404524
0022400855,2025-02-28,2024-25,CHI,TOR,1,0.6720324
0022400856,2025-02-28,2024-25,MEM,NYK,0,0.5581199
0022400857,2025-02-28,2024-25,PHX,NOP,1,0.61416006
0022400858,2025-02-28,2024-25,UTA,MIN,1,0.31711274
0022400859,2025-02-28,2024-25,LAL,LAC,1,0.57171375
0022400860,2025-03-01,2024-25,CHA,WAS,0,0.52290654
0022400861,2025-03-01,2024-25,DET,BKN,1,0.8187943
0022400862,2025-03-01,2024-25,HOU,SAC,0,0.51034886
0022400863,2025-03-01,2024-25,MEM,SAS,0,0.7446927
0022400864,2025-03-01,2024-25,PHI,GSW,1,0.2923934
0022400865,2025-03-01,2024-25,DAL,MIL,0,0.5062567
0022400866,2025-03-02,2024-25,BOS,DEN,1,0.61018586
0022400867,2025-03-02,2024-25,CLE,POR,1,0.8625371
0022400868,2025-03-02,2024-25,IND,CHI,1,0.7682993
0022400869,2025-03-02,2024-25,MIA,NYK,0,0.3916654
0022400870,2025-03-02,2024-25,ORL,TOR,0,0.68393433
0022400871,2025-03-02,2024-25,SAS,OKC,0,0.12329126
0022400872,2025-03-02,2024-25,UTA,NOP,0,0.62657267
0022400873,2025-03-02,2024-25,PHX,MIN,0,0.44827828
0022400874,2025-03-02,2024-25,LAL,LAC,1,0.6789733
0022400875,2025-03-03,2024-25,CHA,GSW,0,0.1487114
0022400876,2025-03-03,2024-25,PHI,POR,0,0.56475693
0022400877,2025-03-03,2024-25,MIA,WAS,1,0.802461
0022400878,2025-03-03,2024-25,MEM,ATL,0,0.6338443
0022400879,2025-03-03,2024-25,OKC,HOU,1,0.78082496
0022400880,2025-03-03,2024-25,DAL,SAC,0,0.47796044
0022400881,2025-03-03,2024-25,UTA,DET,0,0.17290096
0022400882,2025-03-04,2024-25,IND,HOU,1,0.83464867
0022400883,2025-03-04,2024-25,ORL,TOR,0,0.6375235
0022400884,2025-03-04,2024-25,ATL,MIL,0,0.3667645
0022400885,2025-03-04,2024-25,NYK,GSW,0,0.67048246
0022400886,2025-03-04,2024-25,CHI,CLE,0,0.1921007
0022400887,2025-03-04,2024-25,MIN,PHI,1,0.8399819
0022400888,2025-03-04,2024-25,SAS,BKN,1,0.6627026
0022400889,2025-03-04,2024-25,PHX,LAC,1,0.48263437
0022400890,2025-03-04,2024-25,LAL,NOP,1,0.84019285
0022400891,2025-03-05,2024-25,BOS,POR,1,0.7773776
0022400892,2025-03-05,2024-25,CHA,MIN,0,0.18014818
0022400893,2025-03-05,2024-25,CLE,MIA,1,0.72832555
0022400894,2025-03-05,2024-25,WAS,UTA,1,0.4418574
0022400895,2025-03-05,2024-25,MEM,OKC,0,0.22382824
0022400896,2025-03-05,2024-25,DEN,SAC,1,0.71927637
0022400897,2025-03-05,2024-25,MIL,DAL,1,0.6258319
0022400898,2025-03-05,2024-25,LAC,DET,1,0.35390157
0022400899,2025-03-06,2024-25,ATL,IND,1,0.3469153
0022400900,2025-03-06,2024-25,BOS,PHI,1,0.8246619
0022400901,2025-03-06,2024-25,BKN,GSW,0,0.20398688
0022400902,2025-03-06,2024-25,NOP,HOU,0,0.40123796
0022400903,2025-03-06,2024-25,LAL,NYK,1,0.649062
0022400944,2025-03-06,2024-25,ORL,CHI,0,0.66775763
0022400904,2025-03-07,2024-25,CHA,CLE,0,0.08672785
0022400905,2025-03-07,2024-25,TOR,UTA,1,0.7025163
0022400906,2025-03-07,2024-25,DAL,MEM,0,0.29417413
0022400907,2025-03-07,2024-25,MIA,MIN,0,0.39067763
0022400908,2025-03-07,2024-25,OKC,POR,1,0.90808874
0022400909,2025-03-07,2024-25,DEN,PHX,1,0.753057
0022400910,2025-03-07,2024-25,SAC,SAS,1,0.6667896
0022400911,2025-03-07,2024-25,LAC,NYK,1,0.47268158
0022400912,2025-03-08,2024-25,CHA,BKN,1,0.41179997
0022400913,2025-03-08,2024-25,HOU,NOP,1,0.73181665
0022400914,2025-03-08,2024-25,ATL,IND,1,0.45826477
0022400915,2025-03-08,2024-25,TOR,WAS,0,0.6930738
0022400916,2025-03-08,2024-25,MIA,CHI,0,0.6841938
0022400917,2025-03-08,2024-25,MIL,ORL,0,0.7373774
0022400918,2025-03-08,2024-25,BOS,LAL,1,0.5085976
0022400919,2025-03-08,2024-25,GSW,DET,1,0.5980084
0022400920,2025-03-09,2024-25,OKC,DEN,1,0.6029034
0022400921,2025-03-09,2024-25,DAL,PHX,0,0.4189203
0022400922,2025-03-09,2024-25,MIL,CLE,0,0.25655907
0022400923,2025-03-09,2024-25,NOP,MEM,0,0.25995064
0022400924,2025-03-09,2024-25,PHI,UTA,1,0.56227857
0022400925,2025-03-09,2024-25,MIN,SAS,1,0.8028511
0022400926,2025-03-09,2024-25,POR,DET,0,0.41809958
0022400927,2025-03-09,2024-25,LAC,SAC,1,0.60886973
0022400928,2025-03-10,2024-25,ATL,PHI,1,0.75643694
0022400929,2025-03-10,2024-25,BOS,UTA,1,0.93744516
0022400930,2025-03-10,2024-25,BKN,LAL,1,0.1544692
0022400931,2025-03-10,2024-25,MIA,CHA,0,0.85775167
0022400932,2025-03-10,2024-25,TOR,WAS,1,0.75902855
0022400933,2025-03-10,2024-25,CHI,IND,1,0.45747283
0022400934,2025-03-10,2024-25,HOU,ORL,1,0.6883577
0022400935,2025-03-10,2024-25,MEM,PHX,1,0.67169315
0022400936,2025-03-10,2024-25,OKC,DEN,0,0.7706323
0022400937,2025-03-10,2024-25,SAS,DAL,0,0.58948904
0022400938,2025-03-10,2024-25,GSW,POR,1,0.83086216
0022400939,2025-03-10,2024-25,SAC,NYK,0,0.43517056
0022400940,2025-03-11,2024-25,CLE,BKN,1,0.91544473
0022400941,2025-03-11,2024-25,DET,WAS,1,0.9217865
0022400942,2025-03-11,2024-25,IND,MIL,1,0.45302248
0022400943,2025-03-11,2024-25,NOP,LAC,1,0.21694116
0022400945,2025-03-12,2024-25,ATL,CHA,1,0.7255469
0022400946,2025-03-12,2024-25,BOS,OKC,0,0.38681105
0022400947,2025-03-12,2024-25,TOR,PHI,1,0.67065537
0022400948,2025-03-12,2024-25,MIA,LAC,0,0.495022
0022400949,2025-03-12,2024-25,HOU,PHX,1,0.5801012
0022400950,2025-03-12,2024-25,MEM,UTA,1,0.82107985
0022400951,2025-03-12,2024-25,SAS,DAL,1,0.58308566
0022400952,2025-03-12,2024-25,DEN,MIN,0,0.642113
0022400953,2025-03-12,2024-25,POR,NYK,0,0.3634471
0022400954,2025-03-13,2024-25,DET,WAS,0,0.8527913
0022400955,2025-03-13,2024-25,MIL,LAL,1,0.42439893
0022400956,2025-03-13,2024-25,CHI,BKN,1,0.6596529
0022400957,2025-03-13,2024-25,GSW,SAC,1,0.7583234
0022401141,2025-03-13,2024-25,NOP,ORL,0,0.5605745
0022400958,2025-03-14,2024-25,MIA,BOS,0,0.2512364
0022400959,2025-03-14,2024-25,PHI,IND,0,0.21497199
0022400960,2025-03-14,2024-25,ATL,LAC,0,0.5260993
0022400961,2025-03-14,2024-25,HOU,DAL,1,0.76486856
0022400962,2025-03-14,2024-25,MEM,CLE,0,0.42207605
0022400963,2025-03-14,2024-25,MIN,ORL,1,0.8538232
0022400964,2025-03-14,2024-25,SAS,CHA,0,0.6693315
0022400965,2025-03-14,2024-25,DEN,LAL,1,0.70523983
0022400966,2025-03-14,2024-25,UTA,TOR,0,0.5576399
0022400967,2025-03-14,2024-25,PHX,SAC,1,0.607926
0022400968,2025-03-15,2024-25,BKN,BOS,0,0.1901191
0022400969,2025-03-15,2024-25,DET,OKC,0,0.29439613
0022400970,2025-03-15,2024-25,HOU,CHI,1,0.7136938
0022400971,2025-03-15,2024-25,MEM,MIA,1,0.6894066
0022400972,2025-03-15,2024-25,MIL,IND,1,0.60112935
0022400973,2025-03-15,2024-25,SAS,NOP,1,0.5155992
0022400974,2025-03-15,2024-25,GSW,NYK,1,0.63475794
0022400975,2025-03-15,2024-25,DEN,WAS,0,0.8576638
0022400538,2025-03-16,2024-25,LAC,CHA,1,0.79116106
0022400976,2025-03-16,2024-25,DAL,PHI,0,0.67327285
0022400977,2025-03-16,2024-25,LAL,PHX,1,0.5009699
0022400978,2025-03-16,2024-25,BKN,ATL,1,0.37784815
0022400979,2025-03-16,2024-25,CLE,ORL,0,0.82737494
0022400980,2025-03-16,2024-25,POR,TOR,1,0.56821936
0022400981,2025-03-16,2024-25,MIN,UTA,1,0.89456135
0022400982,2025-03-16,2024-25,MIL,OKC,0,0.291727
0022400537,2025-03-17,2024-25,LAL,SAS,1,0.76913965
0022400984,2025-03-17,2024-25,NYK,MIA,1,0.7307126
0022400985,2025-03-17,2024-25,HOU,PHI,1,0.8710237
0022400986,2025-03-17,2024-25,MIN,IND,0,0.550725
0022400987,2025-03-17,2024-25,NOP,DET,0,0.25279608
0022400989,2025-03-17,2024-25,UTA,CHI,0,0.44060916
0022400990,2025-03-17,2024-25,GSW,DEN,0,0.53572077
0022400991,2025-03-17,2024-25,PHX,TOR,1,0.66273624
0022400992,2025-03-17,2024-25,SAC,MEM,1,0.48442054
0022400995,2025-03-17,2024-25,POR,WAS,1,0.6880442
0022400993,2025-03-18,2024-25,CHA,ATL,0,0.34518722
0022400994,2025-03-18,2024-25,BOS,BKN,1,0.90601027
0022400997,2025-03-18,2024-25,LAC,CLE,1,0.37087926
0022401012,2025-03-18,2024-25,GSW,MIL,1,0.58858824
0022400627,2025-03-19,2024-25,UTA,WAS,1,0.57891524
0022400998,2025-03-19,2024-25,IND,DAL,1,0.7616446
0022400999,2025-03-19,2024-25,ORL,HOU,0,0.37409225
0022401000,2025-03-19,2024-25,MIA,DET,0,0.37152344
0022401001,2025-03-19,2024-25,MIN,NOP,0,0.8803115
0022401002,2025-03-19,2024-25,OKC,PHI,1,0.94316185
0022401003,2025-03-19,2024-25,SAS,NYK,1,0.28396717
0022401006,2025-03-19,2024-25,LAL,DEN,1,0.65857136
0022401007,2025-03-19,2024-25,PHX,CHI,1,0.64809567
0022401008,2025-03-19,2024-25,POR,MEM,1,0.35118386
0022401009,2025-03-19,2024-25,SAC,CLE,1,0.42064524
0022400996,2025-03-20,2024-25,LAL,MIL,0,0.48791787
0022401005,2025-03-20,2024-25,GSW,TOR,1,0.89423937
0022401010,2025-03-20,2024-25,CHA,NYK,1,0.16225389
0022401011,2025-03-20,2024-25,IND,BKN,1,0.72488135
0022401013,2025-03-20,2024-25,SAC,CHI,0,0.65994173
0022401014,2025-03-21,2024-25,WAS,ORL,0,0.3363589
0022401015,2025-03-21,2024-25,MIA,HOU,0,0.3486137
0022401016,2025-03-21,2024-25,MIN,NOP,1,0.852374
0022401017,2025-03-21,2024-25,OKC,CHA,1,0.9037581
0022401018,2025-03-21,2024-25,SAS,PHI,1,0.68458414
0022401019,2025-03-21,2024-25,DAL,DET,1,0.2895446
0022401020,2025-03-21,2024-25,UTA,BOS,0,0.18231766
0022401021,2025-03-21,2024-25,PHX,CLE,1,0.3335108
0022401022,2025-03-21,2024-25,POR,DEN,1,0.40482527
0022401023,2025-03-21,2024-25,LAC,MEM,1,0.60070246
0022401024,2025-03-22,2024-25,IND,BKN,1,0.75257385
0022401025,2025-03-22,2024-25,ATL,GSW,1,0.33490375
0022401026,2025-03-22,2024-25,NYK,WAS,1,0.8647696
0022401027,2025-03-22,2024-25,SAC,MIL,0,0.469531
0022401028,2025-03-22,2024-25,LAL,CHI,0,0.416313
0022401029,2025-03-23,2024-25,DET,NOP,1,0.8785349
0022401030,2025-03-23,2024-25,UTA,CLE,0,0.13321927
0022401031,2025-03-23,2024-25,ATL,PHI,1,0.76359576
0022401032,2025-03-23,2024-25,MIA,CHA,1,0.7957206
0022401033,2025-03-23,2024-25,TOR,SAS,0,0.4413362
0022401034,2025-03-23,2024-25,POR,BOS,0,0.29413047
0022401035,2025-03-23,2024-25,HOU,DEN,0,0.62839085
0022401036,2025-03-23,2024-25,LAC,OKC,0,0.36584693
0022401037,2025-03-24,2024-25,IND,MIN,1,0.49082917
0022401038,2025-03-24,2024-25,ORL,LAL,1,0.3835159
0022401039,2025-03-24,2024-25,WAS,TOR,0,0.5699304
0022401040,2025-03-24,2024-25,BKN,DAL,0,0.449345
0022401041,2025-03-24,2024-25,NOP,PHI,1,0.5883492
0022401042,2025-03-24,2024-25,DEN,CHI,0,0.5644814
0022401043,2025-03-24,2024-25,PHX,MIL,1,0.5714719
0022401044,2025-03-24,2024-25,SAC,BOS,0,0.33782804
0022401045,2025-03-25,2024-25,CHA,ORL,0,0.36747232
0022401046,2025-03-25,2024-25,DET,SAS,1,0.69985074
0022401047,2025-03-25,2024-25,MIA,GSW,1,0.35626638
0022401048,2025-03-25,2024-25,NYK,DAL,1,0.767081
0022401049,2025-03-25,2024-25,HOU,ATL,1,0.6572184
0022401050,2025-03-25,2024-25,UTA,MEM,0,0.24851215
0022401051,2025-03-25,2024-25,POR,CLE,0,0.25247583
0022401052,2025-03-25,2024-25,SAC,OKC,0,0.17475563
0022401053,2025-03-26,2024-25,PHI,WAS,0,0.4094197
0022401054,2025-03-26,2024-25,BKN,TOR,0,0.596196
0022401055,2025-03-26,2024-25,IND,LAL,0,0.5695481
0022401056,2025-03-26,2024-25,NYK,LAC,0,0.40025407
0022401057,2025-03-26,2024-25,DEN,MIL,1,0.53331995
0022401058,2025-03-26,2024-25,PHX,BOS,0,0.35261804
0022401059,2025-03-27,2024-25,CLE,SAS,1,0.84851444
0022401060,2025-03-27,2024-25,ORL,DAL,0,0.71697134
0022401061,2025-03-27,2024-25,WAS,IND,0,0.14849226
0022401062,2025-03-27,2024-25,MIA,ATL,1,0.5305511
0022401063,2025-03-27,2024-25,CHI,LAL,1,0.6006652
0022401064,2025-03-27,2024-25,OKC,MEM,1,0.77849084
0022401065,2025-03-27,2024-25,UTA,HOU,0,0.17507735
0022401066,2025-03-27,2024-25,SAC,POR,1,0.59887636
0022401067,2025-03-28,2024-25,DET,CLE,1,0.45107424
0022401068,2025-03-28,2024-25,BKN,LAC,0,0.17177004
0022401069,2025-03-28,2024-25,TOR,CHA,1,0.5754655
0022401070,2025-03-28,2024-25,MIL,NYK,0,0.54549
0022401071,2025-03-28,2024-25,MIN,PHX,1,0.7412874
0022401072,2025-03-28,2024-25,NOP,GSW,0,0.16821937
0022401073,2025-03-28,2024-25,DEN,UTA,1,0.9238769
0022401074,2025-03-29,2024-25,ORL,SAC,1,0.41861486
0022401075,2025-03-29,2024-25,WAS,BKN,0,0.41139883
0022401076,2025-03-29,2024-25,PHI,MIA,0,0.16476293
0022401077,2025-03-29,2024-25,CHI,DAL,0,0.7538716
0022401078,2025-03-29,2024-25,MEM,LAL,0,0.48625767
0022401079,2025-03-29,2024-25,OKC,IND,1,0.7763578
0022401080,2025-03-29,2024-25,SAS,BOS,0,0.20685808
0022401081,2025-03-30,2024-25,CLE,LAC,1,0.6400893
0022401082,2025-03-30,2024-25,NYK,POR,1,0.67695445
0022401083,2025-03-30,2024-25,MIL,ATL,0,0.61640984
0022401084,2025-03-30,2024-25,MIN,DET,1,0.6985419
0022401085,2025-03-30,2024-25,NOP,CHA,1,0.5006145
0022401086,2025-03-30,2024-25,SAS,GSW,0,0.2310599
0022401087,2025-03-30,2024-25,PHI,TOR,0,0.31072706
0022401088,2025-03-30,2024-25,PHX,HOU,0,0.4378625
0022401089,2025-03-31,2024-25,CHA,UTA,1,0.56652445
0022401090,2025-03-31,2024-25,IND,SAC,1,0.633621
0022401091,2025-03-31,2024-25,ORL,LAC,0,0.4278931
0022401092,2025-03-31,2024-25,WAS,MIA,0,0.17712434
0022401093,2025-03-31,2024-25,MEM,BOS,0,0.37474477
0022401094,2025-03-31,2024-25,OKC,CHI,1,0.8145746
0022401095,2025-03-31,2024-25,DAL,BKN,0,0.76790774
0022401096,2025-03-31,2024-25,LAL,HOU,1,0.67158234
0022400988,2025-04-01,2024-25,SAS,ORL,0,0.4646774
0022401097,2025-04-01,2024-25,ATL,POR,0,0.6676746
0022401098,2025-04-01,2024-25,NYK,PHI,1,0.9269065
0022401099,2025-04-01,2024-25,CHI,TOR,1,0.68773526
0022401100,2025-04-01,2024-25,MEM,GSW,0,0.3700389
0022401101,2025-04-01,2024-25,MIL,PHX,1,0.6478035
0022401102,2025-04-01,2024-25,DEN,MIN,0,0.5597884
0022401103,2025-04-02,2024-25,CLE,NYK,1,0.80575716
0022401104,2025-04-02,2024-25,IND,CHA,1,0.87867904
0022401105,2025-04-02,2024-25,WAS,SAC,1,0.15853758
0022401106,2025-04-02,2024-25,BOS,MIA,0,0.8371979
0022401107,2025-04-02,2024-25,HOU,UTA,1,0.89760387
0022401108,2025-04-02,2024-25,OKC,DET,1,0.83738565
0022401109,2025-04-02,2024-25,DAL,ATL,1,0.538139
0022401110,2025-04-02,2024-25,DEN,SAS,0,0.8089166
0022401111,2025-04-02,2024-25,LAC,NOP,1,0.923722
0022401112,2025-04-03,2024-25,WAS,ORL,0,0.18497135
0022401113,2025-04-03,2024-25,BKN,MIN,0,0.1470911
0022401114,2025-04-03,2024-25,MIA,MEM,0,0.45546538
0022401115,2025-04-03,2024-25,PHI,MIL,0,0.15682758
0022401116,2025-04-03,2024-25,TOR,POR,0,0.46354035
0022401117,2025-04-03,2024-25,LAL,GSW,0,0.5148334
0022401118,2025-04-04,2024-25,CHA,SAC,0,0.2541694
0022401119,2025-04-04,2024-25,IND,UTA,1,0.88486195
0022401120,2025-04-04,2024-25,BOS,PHX,1,0.86080134
0022401121,2025-04-04,2024-25,TOR,DET,0,0.2527013
0022401122,2025-04-04,2024-25,CHI,POR,1,0.74360543
0022401123,2025-04-04,2024-25,HOU,OKC,1,0.24922208
0022401124,2025-04-04,2024-25,SAS,CLE,0,0.20110671
0022401125,2025-04-04,2024-25,GSW,DEN,1,0.75193584
0022401126,2025-04-04,2024-25,LAL,NOP,1,0.9008825
0022401127,2025-04-04,2024-25,LAC,DAL,1,0.7817942
0022401128,2025-04-05,2024-25,ATL,NYK,0,0.511149
0022401129,2025-04-05,2024-25,DET,MEM,0,0.4470358
0022401130,2025-04-05,2024-25,PHI,MIN,0,0.09486172
0022401131,2025-04-05,2024-25,MIA,MIL,0,0.5468099
0022401132,2025-04-05,2024-25,LAC,DAL,1,0.82075197
0022400617,2025-04-06,2024-25,NOP,MIL,0,0.20907359
0022401133,2025-04-06,2024-25,CHA,CHI,0,0.1706811
0022401134,2025-04-06,2024-25,BKN,TOR,0,0.37634063
0022401135,2025-04-06,2024-25,OKC,LAL,0,0.7414961
0022401136,2025-04-06,2024-25,ATL,UTA,1,0.7884628
0022401137,2025-04-06,2024-25,BOS,WAS,1,0.96003056
0022401138,2025-04-06,2024-25,CLE,SAC,0,0.7649572
0022401139,2025-04-06,2024-25,POR,SAS,1,0.65480655
0022401140,2025-04-06,2024-25,NYK,PHX,1,0.7039547
0022401142,2025-04-06,2024-25,DEN,IND,0,0.5466383
0022401143,2025-04-06,2024-25,GSW,HOU,0,0.65256923
0022401144,2025-04-07,2024-25,DET,SAC,0,0.6320634
0022401145,2025-04-07,2024-25,MIA,PHI,1,0.8685222
0022401146,2025-04-08,2024-25,CHA,MEM,0,0.2092964
0022401147,2025-04-08,2024-25,CLE,CHI,1,0.72104234
0022401148,2025-04-08,2024-25,IND,WAS,1,0.9386314
0022401149,2025-04-08,2024-25,ORL,ATL,1,0.57020444
0022401150,2025-04-08,2024-25,BKN,NOP,1,0.49993503
0022401151,2025-04-08,2024-25,NYK,BOS,0,0.45966402
0022401152,2025-04-08,2024-25,MIL,MIN,1,0.34329438
0022401153,2025-04-08,2024-25,OKC,LAL,1,0.6518775
0022401154,2025-04-08,2024-25,PHX,GSW,0,0.25312462
0022401155,2025-04-08,2024-25,LAC,SAS,1,0.86516094
0022401156,2025-04-09,2024-25,ORL,BOS,1,0.2892328
0022401157,2025-04-09,2024-25,WAS,PHI,0,0.50724596
0022401158,2025-04-09,2024-25,TOR,CHA,1,0.73566455
0022401159,2025-04-09,2024-25,DAL,LAL,0,0.36667517
0022401160,2025-04-09,2024-25,CHI,MIA,1,0.42690942
0022401162,2025-04-09,2024-25,UTA,POR,1,0.34662965
0022401163,2025-04-09,2024-25,GSW,SAS,0,0.86169934
0022401164,2025-04-09,2024-25,PHX,OKC,0,0.13686955
0022401165,2025-04-09,2024-25,SAC,DEN,0,0.47531882
0022401166,2025-04-09,2024-25,LAC,HOU,1,0.44329426
0022401161,2025-04-10,2024-25,MIL,NOP,1,0.8795705
0022401167,2025-04-10,2024-25,DET,NYK,1,0.48447528
0022401168,2025-04-10,2024-25,IND,CLE,1,0.50206345
0022401169,2025-04-10,2024-25,BKN,ATL,0,0.21009408
0022401170,2025-04-10,2024-25,MEM,MIN,0,0.47452825
0022401171,2025-04-11,2024-25,DET,MIL,0,0.5988972
0022401172,2025-04-11,2024-25,IND,ORL,0,0.59647995
0022401173,2025-04-11,2024-25,PHI,ATL,0,0.26758534
0022401174,2025-04-11,2024-25,BOS,CHA,1,0.91818106
0022401175,2025-04-11,2024-25,NYK,CLE,0,0.4306169
0022401176,2025-04-11,2024-25,CHI,WAS,1,0.94031614
0022401177,2025-04-11,2024-25,NOP,MIA,0,0.13806735
0022401178,2025-04-11,2024-25,DAL,TOR,1,0.66343606
0022401179,2025-04-11,2024-25,MIN,BKN,1,0.91892457
0022401180,2025-04-11,2024-25,DEN,MEM,1,0.7070113
0022401181,2025-04-11,2024-25,UTA,OKC,0,0.12637939
0022401182,2025-04-11,2024-25,PHX,SAS,1,0.56293744
0022401183,2025-04-11,2024-25,POR,GSW,0,0.21879926
0022401184,2025-04-11,2024-25,SAC,LAC,0,0.3325999
0022401185,2025-04-11,2024-25,LAL,HOU,1,0.7247125
0022401186,2025-04-13,2024-25,ATL,ORL,1,0.5627136
0022401187,2025-04-13,2024-25,BOS,CHA,1,0.9492334
0022401188,2025-04-13,2024-25,BKN,NYK,0,0.12016357
0022401189,2025-04-13,2024-25,CLE,IND,0,0.7828575
0022401190,2025-04-13,2024-25,MIA,WAS,0,0.91759
0022401191,2025-04-13,2024-25,PHI,CHI,0,0.1517355
0022401192,2025-04-13,2024-25,MIL,DET,1,0.5493936
0022401193,2025-04-13,2024-25,HOU,DEN,0,0.34306002
0022401194,2025-04-13,2024-25,MEM,DAL,1,0.6637391
0022401195,2025-04-13,2024-25,MIN,UTA,1,0.9014786
0022401196,2025-04-13,2024-25,NOP,OKC,0,0.06949882
0022401197,2025-04-13,2024-25,SAS,TOR,1,0.60928994
0022401198,2025-04-13,2024-25,GSW,LAC,0,0.5238371
0022401199,2025-04-13,2024-25,POR,LAL,1,0.21480606
0022401200,2025-04-13,2024-25,SAC,PHX,1,0.65236926
0022500001,2025-10-21,2025-26,OKC,HOU,1,0.7986524
0022500002,2025-10-21,2025-26,LAL,GSW,0,0.529861
0022500003,2025-10-22,2025-26,NYK,CLE,1,0.6218992
0022500004,2025-10-22,2025-26,DAL,SAS,0,0.4694784
0022500080,2025-10-22,2025-26,CHA,BKN,1,0.5863657
0022500081,2025-10-22,2025-26,ORL,MIA,1,0.58462423
0022500082,2025-10-22,2025-26,ATL,TOR,0,0.80753434
0022500083,2025-10-22,2025-26,BOS,PHI,0,0.92901164
0022500084,2025-10-22,2025-26,CHI,DET,1,0.6046767
0022500085,2025-10-22,2025-26,MEM,NOP,1,0.9304589
0022500086,2025-10-22,2025-26,MIL,WAS,1,0.91757536
0022500087,2025-10-22,2025-26,UTA,LAC,1,0.18280819
0022500088,2025-10-22,2025-26,PHX,SAC,1,0.634799
0022500089,2025-10-22,2025-26,POR,MIN,0,0.49544096
0022500005,2025-10-23,2025-26,IND,OKC,0,0.5105189
0022500006,2025-10-23,2025-26,GSW,DEN,1,0.63974375
0022500018,2025-10-24,2025-26,NYK,BOS,1,0.49485302
0022500019,2025-10-24,2025-26,LAL,MIN,1,0.59736544
0022500090,2025-10-24,2025-26,ORL,ATL,0,0.58202124
0022500091,2025-10-24,2025-26,BKN,CLE,0,0.17925237
0022500092,2025-10-24,2025-26,TOR,MIL,0,0.44433352
0022500093,2025-10-24,2025-26,HOU,DET,0,0.54841155
0022500094,2025-10-24,2025-26,MEM,MIA,0,0.55273795
0022500095,2025-10-24,2025-26,NOP,SAS,0,0.50676036
0022500096,2025-10-24,2025-26,DAL,WAS,0,0.6540357
0022500097,2025-10-24,2025-26,POR,GSW,1,0.4772829
0022500098,2025-10-24,2025-26,SAC,UTA,1,0.6185588
0022500099,2025-10-24,2025-26,LAC,PHX,1,0.7847493
0022500100,2025-10-25,2025-26,ORL,CHI,0,0.3798384
0022500101,2025-10-25,2025-26,ATL,OKC,0,0.32607037
0022500102,2025-10-25,2025-26,PHI,CHA,1,0.6804814
0022500103,2025-10-25,2025-26,MEM,IND,1,0.43641096
0022500104,2025-10-25,2025-26,DEN,PHX,1,0.82817936
0022500105,2025-10-26,2025-26,SAS,BKN,1,0.6797609
0022500106,2025-10-26,2025-26,DET,BOS,1,0.59065765
0022500107,2025-10-26,2025-26,CLE,MIL,1,0.6386349
0022500108,2025-10-26,2025-26,MIA,NYK,1,0.46568018
0022500109,2025-10-26,2025-26,WAS,CHA,0,0.58874315
0022500110,2025-10-26,2025-26,MIN,IND,1,0.7840394
0022500111,2025-10-26,2025-26,DAL,TOR,1,0.47764665
0022500112,2025-10-26,2025-26,LAC,POR,1,0.7015853
0022500113,2025-10-26,2025-26,SAC,LAL,0,0.4014716
0022500007,2025-10-27,2025-26,DET,CLE,0,0.44532105
0022500008,2025-10-27,2025-26,MIN,DEN,0,0.4049361
0022500114,2025-10-27,2025-26,PHI,ORL,1,0.48329508
0022500115,2025-10-27,2025-26,CHI,ATL,1,0.6535883
0022500116,2025-10-27,2025-26,HOU,BKN,1,0.85287964
0022500117,2025-10-27,2025-26,NOP,BOS,0,0.44866785
0022500118,2025-10-27,2025-26,SAS,TOR,1,0.531322
0022500119,2025-10-27,2025-26,DAL,OKC,0,0.19043924
0022500120,2025-10-27,2025-26,UTA,PHX,1,0.47237977
0022500121,2025-10-27,2025-26,GSW,MEM,1,0.72660166
0022500122,2025-10-27,2025-26,LAL,POR,0,0.61409634
0022500123,2025-10-28,2025-26,WAS,PHI,0,0.418638
0022500124,2025-10-28,2025-26,MIA,CHA,1,0.75107944
0022500125,2025-10-28,2025-26,MIL,NYK,1,0.55507714
0022500126,2025-10-28,2025-26,OKC,SAC,1,0.7195782
0022500127,2025-10-28,2025-26,GSW,LAC,1,0.3815301
0022500128,2025-10-29,2025-26,BOS,CLE,1,0.47176674
0022500129,2025-10-29,2025-26,DET,ORL,1,0.4923989
0022500130,2025-10-29,2025-26,BKN,ATL,0,0.24631286
0022500131,2025-10-29,2025-26,TOR,HOU,0,0.38933158
0022500132,2025-10-29,2025-26,CHI,SAC,1,0.7313882
0022500133,2025-10-29,2025-26,DAL,IND,1,0.47116688
0022500134,2025-10-29,2025-26,DEN,NOP,1,0.8784369
0022500135,2025-10-29,2025-26,UTA,POR,0,0.28656742
0022500136,2025-10-29,2025-26,MIN,LAL,0,0.62106985
0022500137,2025-10-29,2025-26,PHX,MEM,0,0.4104333
0022500138,2025-10-30,2025-26,CHA,ORL,0,0.45890695
0022500139,2025-10-30,2025-26,MIL,GSW,1,0.48571387
0022500140,2025-10-30,2025-26,OKC,WAS,1,0.9096952
0022500141,2025-10-30,2025-26,SAS,MIA,1,0.44925034
0022500020,2025-10-31,2025-26,IND,ATL,0,0.4604633
0022500021,2025-10-31,2025-26,PHI,BOS,0,0.4160845
0022500022,2025-10-31,2025-26,CLE,TOR,0,0.78306293
0022500023,2025-10-31,2025-26,CHI,NYK,1,0.58857095
0022500024,2025-10-31,2025-26,MEM,LAL,0,0.53434974
0022500025,2025-10-31,2025-26,PHX,UTA,1,0.55714136
0022500026,2025-10-31,2025-26,POR,DEN,1,0.44077742
0022500027,2025-10-31,2025-26,LAC,NOP,1,0.85020524
0022500142,2025-11-01,2025-26,MIL,SAC,0,0.6286876
0022500143,2025-11-01,2025-26,CHA,MIN,0,0.2631043
0022500144,2025-11-01,2025-26,IND,GSW,1,0.20340832
0022500145,2025-11-01,2025-26,WAS,ORL,0,0.32589322
0022500146,2025-11-01,2025-26,BOS,HOU,0,0.44332454
0022500148,2025-11-02,2025-26,OKC,NOP,1,0.8852871
0022500149,2025-11-02,2025-26,BKN,PHI,0,0.34831157
0022500150,2025-11-02,2025-26,CHA,UTA,1,0.46840495
0022500151,2025-11-02,2025-26,CLE,ATL,1,0.53826094
0022500152,2025-11-02,2025-26,TOR,MEM,1,0.45158234
0022500153,2025-11-02,2025-26,NYK,CHI,1,0.47804755
0022500154,2025-11-02,2025-26,PHX,SAS,1,0.43198964
0022500155,2025-11-02,2025-26,LAL,MIA,1,0.6924414
0022500156,2025-11-03,2025-26,BKN,MIN,0,0.2157685
0022500157,2025-11-03,2025-26,IND,MIL,0,0.26615733
0022500158,2025-11-03,2025-26,BOS,UTA,0,0.8388858
0022500159,2025-11-03,2025-26,NYK,WAS,1,0.82746977
0022500160,2025-11-03,2025-26,HOU,DAL,1,0.77741694
0022500161,2025-11-03,2025-26,MEM,DET,0,0.31636736
0022500162,2025-11-03,2025-26,DEN,SAC,1,0.8203119
0022500163,2025-11-03,2025-26,POR,LAL,0,0.56065965
0022500164,2025-11-03,2025-26,LAC,MIA,0,0.78283614
0022500165,2025-11-04,2025-26,TOR,MIL,1,0.46966028
0022500166,2025-11-04,2025-26,ATL,ORL,1,0.57935786
0022500167,2025-11-04,2025-26,CHI,PHI,1,0.7494651
0022500168,2025-11-04,2025-26,NOP,CHA,1,0.6661992
0022500169,2025-11-04,2025-26,GSW,PHX,1,0.8063279
0022500170,2025-11-04,2025-26,LAC,OKC,0,0.38760164
0022500171,2025-11-05,2025-26,CLE,PHI,1,0.70976394
0022500172,2025-11-05,2025-26,DET,UTA,1,0.82403183
0022500173,2025-11-05,2025-26,IND,BKN,0,0.6732968
0022500174,2025-11-05,2025-26,BOS,WAS,1,0.86301583
0022500175,2025-11-05,2025-26,NYK,MIN,1,0.6019633
0022500176,2025-11-05,2025-26,MEM,HOU,0,0.3440462
0022500177,2025-11-05,2025-26,DAL,NOP,0,0.6353512
0022500178,2025-11-05,2025-26,DEN,MIA,1,0.7257692
0022500179,2025-11-05,2025-26,LAL,SAS,1,0.60045254
0022500180,2025-11-05,2025-26,POR,OKC,1,0.48398834
0022500181,2025-11-05,2025-26,SAC,GSW,1,0.45224005
0022500182,2025-11-06,2025-26,PHX,LAC,1,0.30372292
0022500028,2025-11-07,2025-26,ORL,BOS,1,0.4573055
0022500029,2025-11-07,2025-26,WAS,CLE,0,0.17246708
0022500030,2025-11-07,2025-26,ATL,TOR,0,0.6182649
0022500031,2025-11-07,2025-26,BKN,DET,0,0.26277575
0022500032,2025-11-07,2025-26,SAS,HOU,1,0.3340908
0022500033,2025-11-07,2025-26,MIA,CHA,1,0.81864125
0022500034,2025-11-07,2025-26,MEM,DAL,1,0.6511865
0022500035,2025-11-07,2025-26,MIL,CHI,1,0.48690316
0022500036,2025-11-07,2025-26,MIN,UTA,1,0.830938
0022500037,2025-11-07,2025-26,DEN,GSW,1,0.7708562
0022500038,2025-11-07,2025-26,SAC,OKC,0,0.24028943
0022500183,2025-11-08,2025-26,WAS,DAL,0,0.38537025
0022500184,2025-11-08,2025-26,PHI,TOR,1,0.54561484
0022500185,2025-11-08,2025-26,ATL,LAL,1,0.3866949
0022500186,2025-11-08,2025-26,CLE,CHI,1,0.5687856
0022500187,2025-11-08,2025-26,MIA,POR,1,0.3756226
0022500188,2025-11-08,2025-26,SAS,NOP,1,0.6834447
0022500189,2025-11-08,2025-26,DEN,IND,1,0.85785264
0022500190,2025-11-08,2025-26,LAC,PHX,0,0.66990083
0022500191,2025-11-09,2025-26,MIL,HOU,0,0.5117035
0022500192,2025-11-09,2025-26,NYK,BKN,1,0.8760117
0022500193,2025-11-09,2025-26,ORL,BOS,0,0.49822664
0022500194,2025-11-09,2025-26,MEM,OKC,0,0.27282673
0022500195,2025-11-09,2025-26,PHI,DET,0,0.38976434
0022500196,2025-11-09,2025-26,GSW,IND,1,0.7855999
0022500197,2025-11-09,2025-26,SAC,MIN,0,0.36410162
0022500198,2025-11-10,2025-26,CHA,LAL,0,0.2057103
0022500199,2025-11-10,2025-26,DET,WAS,1,0.8401627
0022500200,2025-11-10,2025-26,ORL,POR,1,0.35506353
0022500201,2025-11-10,2025-26,MIA,CLE,1,0.46203756
0022500202,2025-11-10,2025-26,CHI,SAS,0,0.6758552
0022500203,2025-11-10,2025-26,DAL,MIL,0,0.3511264
0022500204,2025-11-10,2025-26,PHX,NOP,1,0.7512715
0022500205,2025-11-10,2025-26,UTA,MIN,0,0.27742526
0022500206,2025-11-10,2025-26,LAC,ATL,0,0.69213
0022500207,2025-11-11,2025-26,BKN,TOR,0,0.28568557
0022500208,2025-11-11,2025-26,NYK,MEM,1,0.73934263
0022500209,2025-11-11,2025-26,PHI,BOS,1,0.43611982
0022500210,2025-11-11,2025-26,OKC,GSW,1,0.7444574
0022500211,2025-11-11,2025-26,UTA,IND,1,0.54844165
0022500212,2025-11-11,2025-26,SAC,DEN,0,0.20571321
0022500213,2025-11-12,2025-26,CHA,MIL,1,0.22190274
0022500214,2025-11-12,2025-26,DET,CHI,1,0.53800493
0022500215,2025-11-12,2025-26,NYK,ORL,0,0.67648137
0022500216,2025-11-12,2025-26,BOS,MEM,1,0.66119117
0022500217,2025-11-12,2025-26,MIA,CLE,0,0.42922738
0022500218,2025-11-12,2025-26,HOU,WAS,1,0.90142417
0022500219,2025-11-12,2025-26,NOP,POR,0,0.2257647
0022500220,2025-11-12,2025-26,SAS,GSW,0,0.54611796
0022500221,2025-11-12,2025-26,DAL,PHX,0,0.37292865
0022500222,2025-11-12,2025-26,OKC,LAL,1,0.58900225
0022500223,2025-11-12,2025-26,SAC,ATL,0,0.3562183
0022500224,2025-11-12,2025-26,LAC,DEN,0,0.48120505
0022500225,2025-11-13,2025-26,CLE,TOR,0,0.53540325
0022500226,2025-11-13,2025-26,PHX,IND,1,0.7060461
0022500227,2025-11-13,2025-26,UTA,ATL,0,0.3415799
0022500039,2025-11-14,2025-26,NYK,MIA,1,0.6742109
0022500040,2025-11-14,2025-26,ORL,BKN,1,0.8280385
0022500041,2025-11-14,2025-26,DET,PHI,1,0.45705178
0022500042,2025-11-14,2025-26,HOU,POR,1,0.6143888
0022500043,2025-11-14,2025-26,MIL,CHA,1,0.7627541
0022500044,2025-11-14,2025-26,MIN,SAC,1,0.8351625
0022500045,2025-11-14,2025-26,NOP,LAL,0,0.19191782
0022500046,2025-11-14,2025-26,DAL,LAC,0,0.30545342
0022500047,2025-11-14,2025-26,SAS,GSW,0,0.42281055
0022500228,2025-11-15,2025-26,CLE,MEM,1,0.78350896
0022500229,2025-11-15,2025-26,CHA,OKC,0,0.09165438
0022500230,2025-11-15,2025-26,IND,TOR,0,0.27120662
0022500231,2025-11-15,2025-26,MIL,LAL,0,0.46453884
0022500232,2025-11-15,2025-26,MIN,DEN,0,0.2969691
0022500233,2025-11-16,2025-26,BOS,LAC,1,0.56444204
0022500234,2025-11-16,2025-26,SAS,SAC,1,0.71885175
0022500235,2025-11-16,2025-26,WAS,BKN,0,0.5390065
0022500236,2025-11-16,2025-26,HOU,ORL,1,0.71153706
0022500237,2025-11-16,2025-26,NOP,GSW,0,0.17789721
0022500238,2025-11-16,2025-26,DAL,POR,1,0.31852335
0022500239,2025-11-16,2025-26,PHX,ATL,0,0.5411423
0022500240,2025-11-16,2025-26,UTA,CHI,1,0.3256221
0022500241,2025-11-17,2025-26,CLE,MIL,1,0.62918586
0022500242,2025-11-17,2025-26,DET,IND,1,0.7543565
0022500243,2025-11-17,2025-26,PHI,LAC,1,0.49728435
0022500244,2025-11-17,2025-26,MIA,NYK,1,0.44404486
0022500245,2025-11-17,2025-26,TOR,CHA,1,0.80378985
0022500246,2025-11-17,2025-26,MIN,DAL,1,0.84757906
0022500247,2025-11-17,2025-26,NOP,OKC,0,0.07600439
0022500248,2025-11-17,2025-26,DEN,CHI,0,0.80678636
0022500249,2025-11-18,2025-26,ORL,GSW,1,0.3767861
0022500250,2025-11-18,2025-26,BKN,BOS,0,0.2282157
0022500251,2025-11-18,2025-26,ATL,DET,0,0.7558298
0022500252,2025-11-18,2025-26,SAS,MEM,1,0.6648815
0022500253,2025-11-18,2025-26,LAL,UTA,1,0.8175376
0022500254,2025-11-18,2025-26,POR,PHX,0,0.46316084
0022500255,2025-11-19,2025-26,CLE,HOU,0,0.502939
0022500256,2025-11-19,2025-26,IND,CHA,1,0.37908205
0022500257,2025-11-19,2025-26,MIA,GSW,1,0.5185397
0022500258,2025-11-19,2025-26,PHI,TOR,0,0.4765604
0022500259,2025-11-19,2025-26,MIN,WAS,1,0.89369774
0022500260,2025-11-19,2025-26,NOP,DEN,0,0.12130748
0022500261,2025-11-19,2025-26,OKC,SAC,1,0.89023244
0022500262,2025-11-19,2025-26,DAL,NYK,0,0.2867799
0022500263,2025-11-19,2025-26,POR,CHI,0,0.36584127
0022500264,2025-11-20,2025-26,ORL,LAC,1,0.5342415
0022500265,2025-11-20,2025-26,MEM,SAC,1,0.6107338
0022500266,2025-11-20,2025-26,MIL,PHI,0,0.7157925
0022500267,2025-11-20,2025-26,SAS,ATL,1,0.4338171
0022500048,2025-11-21,2025-26,CLE,IND,1,0.850742
0022500049,2025-11-21,2025-26,BOS,BKN,0,0.85526496
0022500050,2025-11-21,2025-26,TOR,WAS,1,0.8628998
0022500051,2025-11-21,2025-26,CHI,MIA,0,0.6137223
0022500052,2025-11-21,2025-26,DAL,NOP,1,0.5897692
0022500053,2025-11-21,2025-26,PHX,MIN,1,0.50173235
0022500054,2025-11-21,2025-26,HOU,DEN,0,0.46685675
0022500055,2025-11-21,2025-26,UTA,OKC,0,0.14353634
0022500056,2025-11-21,2025-26,GSW,POR,0,0.524368
0022500268,2025-11-22,2025-26,CHA,LAC,0,0.3845852
0022500269,2025-11-22,2025-26,ORL,NYK,1,0.44817337
0022500270,2025-11-22,2025-26,NOP,ATL,0,0.20523122
0022500271,2025-11-22,2025-26,CHI,WAS,1,0.8560142
0022500272,2025-11-22,2025-26,MIL,DET,0,0.3838463
0022500273,2025-11-22,2025-26,DAL,MEM,0,0.46258953
0022500274,2025-11-22,2025-26,DEN,SAC,0,0.85488325
0022500275,2025-11-23,2025-26,PHI,MIA,0,0.4418149
0022500276,2025-11-23,2025-26,ATL,CHA,1,0.774791
0022500277,2025-11-23,2025-26,BOS,ORL,1,0.6578117
0022500278,2025-11-23,2025-26,CLE,LAC,1,0.7464747
0022500279,2025-11-23,2025-26,TOR,BKN,1,0.8004499
0022500280,2025-11-23,2025-26,OKC,POR,1,0.8574639
0022500281,2025-11-23,2025-26,PHX,SAS,1,0.6402571
0022500282,2025-11-23,2025-26,UTA,LAL,0,0.19135088
0022500283,2025-11-24,2025-26,IND,DET,0,0.22602303
0022500284,2025-11-24,2025-26,TOR,CLE,1,0.49584803
0022500285,2025-11-24,2025-26,BKN,NYK,0,0.19765027
0022500286,2025-11-24,2025-26,MIA,DAL,1,0.7575819
0022500287,2025-11-24,2025-26,MEM,DEN,0,0.22257172
0022500288,2025-11-24,2025-26,MIL,POR,0,0.5689751
0022500289,2025-11-24,2025-26,NOP,CHI,1,0.18396236
0022500290,2025-11-24,2025-26,PHX,HOU,0,0.35770974
0022500291,2025-11-24,2025-26,GSW,UTA,1,0.84993863
0022500292,2025-11-24,2025-26,SAC,MIN,1,0.22643566
0022500057,2025-11-25,2025-26,WAS,ATL,1,0.19834992
0022500058,2025-11-25,2025-26,PHI,ORL,0,0.52520335
0022500059,2025-11-25,2025-26,LAL,LAC,1,0.73071694
0022500060,2025-11-26,2025-26,BOS,DET,1,0.52242607
0022500061,2025-11-26,2025-26,CHA,NYK,0,0.26143458
0022500062,2025-11-26,2025-26,MIA,MIL,1,0.72621703
0022500063,2025-11-26,2025-26,TOR,IND,1,0.7864776
0022500064,2025-11-26,2025-26,OKC,MIN,1,0.7817121
0022500065,2025-11-26,2025-26,NOP,MEM,0,0.4144051
0022500066,2025-11-26,2025-26,GSW,HOU,0,0.46692717
0022500067,2025-11-26,2025-26,POR,SAS,0,0.5204851
0022500068,2025-11-26,2025-26,SAC,PHX,0,0.33659407
0022500069,2025-11-28,2025-26,ATL,CLE,1,0.5108144
0022500070,2025-11-28,2025-26,BKN,PHI,0,0.37371656
0022500071,2025-11-28,2025-26,CHA,CHI,1,0.3725645
0022500072,2025-11-28,2025-26,DET,ORL,0,0.6374843
0022500073,2025-11-28,2025-26,IND,WAS,1,0.63266516
0022500074,2025-11-28,2025-26,NYK,MIL,1,0.7653983
0022500075,2025-11-28,2025-26,OKC,PHX,1,0.8156596
0022500076,2025-11-28,2025-26,DEN,SAS,0,0.779745
0022500077,2025-11-28,2025-26,UTA,SAC,1,0.5710794
0022500078,2025-11-28,2025-26,LAL,DAL,1,0.87742263
0022500079,2025-11-28,2025-26,LAC,MEM,0,0.696585
0022500293,2025-11-29,2025-26,MIN,BOS,1,0.55722845
0022500294,2025-11-29,2025-26,CHA,TOR,1,0.30868664
0022500295,2025-11-29,2025-26,IND,CHI,1,0.32383573
0022500296,2025-11-29,2025-26,MIA,DET,0,0.68145597
0022500297,2025-11-29,2025-26,MIL,BKN,1,0.8004664
0022500298,2025-11-29,2025-26,GSW,NOP,1,0.84992504
0022500299,2025-11-29,2025-26,PHX,DEN,0,0.42166603
0022500300,2025-11-29,2025-26,LAC,DAL,0,0.742606
0022500301,2025-11-30,2025-26,UTA,HOU,0,0.23426192
0022500302,2025-11-30,2025-26,CLE,BOS,0,0.6792178
0022500303,2025-11-30,2025-26,NYK,TOR,1,0.75412226
0022500304,2025-11-30,2025-26,PHI,ATL,0,0.4138637
0022500305,2025-11-30,2025-26,POR,OKC,0,0.18251857
0022500306,2025-11-30,2025-26,MIN,SAS,1,0.554176
0022500307,2025-11-30,2025-26,SAC,MEM,0,0.4303048
0022500308,2025-11-30,2025-26,LAL,NOP,1,0.9378625
0022500309,2025-12-01,2025-26,DET,ATL,1,0.6595306
0022500310,2025-12-01,2025-26,IND,CLE,0,0.37451574
0022500311,2025-12-01,2025-26,WAS,MIL,1,0.23909855
0022500312,2025-12-01,2025-26,BKN,CHA,1,0.35162896
0022500313,2025-12-01,2025-26,MIA,LAC,1,0.5943902
0022500314,2025-12-01,2025-26,ORL,CHI,1,0.6528631
0022500315,2025-12-01,2025-26,DEN,DAL,0,0.8801054
0022500316,2025-12-01,2025-26,UTA,HOU,1,0.18574117
0022500317,2025-12-01,2025-26,LAL,PHX,0,0.6184544
0022500318,2025-12-02,2025-26,PHI,WAS,1,0.8186254
0022500319,2025-12-02,2025-26,TOR,POR,1,0.5806646
0022500320,2025-12-02,2025-26,BOS,NYK,1,0.49405614
0022500321,2025-12-02,2025-26,NOP,MIN,0,0.15193601
0022500322,2025-12-02,2025-26,SAS,MEM,1,0.6713452
0022500323,2025-12-02,2025-26,GSW,OKC,0,0.2944781
0022500324,2025-12-03,2025-26,CLE,POR,0,0.7526892
0022500325,2025-12-03,2025-26,IND,DEN,0,0.23901486
0022500326,2025-12-03,2025-26,ORL,SAS,0,0.6965233
0022500327,2025-12-03,2025-26,ATL,LAC,0,0.6755304
0022500328,2025-12-03,2025-26,NYK,CHA,1,0.7679991
0022500329,2025-12-03,2025-26,CHI,BKN,0,0.8089539
0022500330,2025-12-03,2025-26,HOU,SAC,1,0.86723983
0022500331,2025-12-03,2025-26,MIL,DET,1,0.45865503
0022500332,2025-12-03,2025-26,DAL,MIA,1,0.35457796
0022500333,2025-12-04,2025-26,PHI,GSW,1,0.44263127
0022500334,2025-12-04,2025-26,WAS,BOS,0,0.15257491
0022500335,2025-12-04,2025-26,BKN,UTA,0,0.3941349
0022500336,2025-12-04,2025-26,TOR,LAL,0,0.37611142
0022500337,2025-12-04,2025-26,NOP,MIN,0,0.1932644
0022500338,2025-12-05,2025-26,BOS,LAL,1,0.5702632
0022500339,2025-12-05,2025-26,ORL,MIA,1,0.5837418
0022500340,2025-12-05,2025-26,ATL,DEN,0,0.35282442
0022500341,2025-12-05,2025-26,CLE,SAS,1,0.63529694
0022500342,2025-12-05,2025-26,DET,POR,1,0.65654606
0022500343,2025-12-05,2025-26,NYK,UTA,1,0.8542988
0022500344,2025-12-05,2025-26,TOR,CHA,0,0.6772062
0022500345,2025-12-05,2025-26,CHI,IND,0,0.62090564
0022500346,2025-12-05,2025-26,HOU,PHX,1,0.641675
0022500347,2025-12-05,2025-26,MEM,LAC,1,0.42504138
0022500348,2025-12-05,2025-26,MIL,PHI,0,0.69288194
0022500349,2025-12-05,2025-26,OKC,DAL,1,0.89035785
0022500350,2025-12-06,2025-26,BKN,NOP,1,0.5647211
0022500351,2025-12-06,2025-26,WAS,ATL,0,0.19050275
0022500352,2025-12-06,2025-26,CLE,GSW,0,0.5887951
0022500353,2025-12-06,2025-26,DET,MIL,1,0.71996045
0022500354,2025-12-06,2025-26,MIA,SAC,0,0.7757582
0022500355,2025-12-06,2025-26,MIN,LAC,1,0.7460481
0022500356,2025-12-06,2025-26,DAL,HOU,1,0.31630892
0022500357,2025-12-07,2025-26,NYK,ORL,1,0.54606247
0022500358,2025-12-07,2025-26,TOR,BOS,0,0.37605083
0022500359,2025-12-07,2025-26,CHA,DEN,0,0.23056222
0022500360,2025-12-07,2025-26,MEM,POR,1,0.466523
0022500361,2025-12-07,2025-26,CHI,GSW,0,0.62890047
0022500362,2025-12-07,2025-26,PHI,LAL,0,0.54292554
0022500363,2025-12-07,2025-26,UTA,OKC,0,0.1508575
0022500364,2025-12-08,2025-26,IND,SAC,1,0.6511373
0022500365,2025-12-08,2025-26,MIN,PHX,0,0.6758118
0022500366,2025-12-08,2025-26,NOP,SAS,0,0.24178149
0022501201,2025-12-09,2025-26,ORL,MIA,1,0.66645324
0022501202,2025-12-09,2025-26,TOR,NYK,0,0.3903433
0022501203,2025-12-10,2025-26,OKC,PHX,1,0.7871535
0022501204,2025-12-10,2025-26,LAL,SAS,0,0.6889878
0022501205,2025-12-11,2025-26,HOU,LAC,1,0.6133094
0022501206,2025-12-11,2025-26,MIL,BOS,1,0.31729314
0022501207,2025-12-11,2025-26,NOP,POR,1,0.29091665
0022501208,2025-12-11,2025-26,SAC,DEN,0,0.1845811
0022501209,2025-12-12,2025-26,CHA,CHI,0,0.50331867
0022501210,2025-12-12,2025-26,DET,ATL,1,0.5749966
0022501211,2025-12-12,2025-26,PHI,IND,1,0.6451892
0022501212,2025-12-12,2025-26,WAS,CLE,0,0.13643594
0022501213,2025-12-12,2025-26,MEM,UTA,0,0.69737506
0022501214,2025-12-12,2025-26,DAL,BKN,1,0.6892919
0022501215,2025-12-12,2025-26,GSW,MIN,0,0.53613365
0022501216,2025-12-14,2025-26,IND,WAS,0,0.80279773
0022501217,2025-12-14,2025-26,ATL,PHI,1,0.65532005
0022501218,2025-12-14,2025-26,CLE,CHA,0,0.7683895
0022501219,2025-12-14,2025-26,BKN,MIL,1,0.38111922
0022501220,2025-12-14,2025-26,MIN,SAC,1,0.8155959
0022501221,2025-12-14,2025-26,POR,GSW,1,0.3619997
0022501223,2025-12-14,2025-26,CHI,NOP,0,0.7505413
0022501228,2025-12-14,2025-26,PHX,LAL,0,0.35490763
0022501222,2025-12-15,2025-26,BOS,DET,0,0.5458669
0022501224,2025-12-15,2025-26,UTA,DAL,1,0.44780365
0022501225,2025-12-15,2025-26,DEN,HOU,1,0.5597741
0022501226,2025-12-15,2025-26,LAC,MEM,0,0.68943125
0022501227,2025-12-15,2025-26,MIA,TOR,0,0.6740421
0022500367,2025-12-17,2025-26,CHI,CLE,1,0.46279544
0022500368,2025-12-17,2025-26,MIN,MEM,0,0.69692
0022500369,2025-12-18,2025-26,OKC,LAC,1,0.8758039
0022500370,2025-12-18,2025-26,SAS,WAS,1,0.9040103
0022500371,2025-12-18,2025-26,CHA,ATL,1,0.36402863
0022500372,2025-12-18,2025-26,IND,NYK,0,0.24744327
0022500373,2025-12-18,2025-26,BKN,MIA,0,0.37509862
0022500374,2025-12-18,2025-26,MIL,TOR,0,0.46926567
0022500375,2025-12-18,2025-26,NOP,HOU,1,0.2164189
0022500376,2025-12-18,2025-26,DAL,DET,1,0.25450093
0022500377,2025-12-18,2025-26,DEN,ORL,1,0.6438557
0022500378,2025-12-18,2025-26,PHX,GSW,1,0.50105673
0022500379,2025-12-18,2025-26,UTA,LAL,0,0.2117999
0022500380,2025-12-18,2025-26,POR,SAC,1,0.72235286
0022500381,2025-12-19,2025-26,BOS,MIA,1,0.7134519
0022500382,2025-12-19,2025-26,NYK,PHI,0,0.6588242
0022500383,2025-12-19,2025-26,ATL,SAS,0,0.48934212
0022500384,2025-12-19,2025-26,CLE,CHI,0,0.6056422
0022500385,2025-12-19,2025-26,MIN,OKC,1,0.3691807
0022500386,2025-12-20,2025-26,DEN,HOU,0,0.64053726
0022500387,2025-12-20,2025-26,PHI,DAL,1,0.512674
0022500388,2025-12-20,2025-26,TOR,BOS,0,0.48781526
0022500389,2025-12-20,2025-26,NOP,IND,1,0.5410245
0022500390,2025-12-20,2025-26,DET,CHA,1,0.74317056
0022500391,2025-12-20,2025-26,MEM,WAS,0,0.8059
0022500392,2025-12-20,2025-26,GSW,PHX,1,0.57496893
0022500393,2025-12-20,2025-26,UTA,ORL,0,0.33739713
0022500394,2025-12-20,2025-26,SAC,POR,0,0.3485004
0022500395,2025-12-20,2025-26,LAC,LAL,1,0.32719263
0022500396,2025-12-21,2025-26,ATL,CHI,0,0.57032853
0022500397,2025-12-21,2025-26,BKN,TOR,1,0.500947
0022500398,2025-12-21,2025-26,NYK,MIA,1,0.72918624
0022500399,2025-12-21,2025-26,WAS,SAS,0,0.12190726
0022500400,2025-12-21,2025-26,MIN,MIL,1,0.7404118
0022500401,2025-12-21,2025-26,SAC,HOU,1,0.1472269
0022500402,2025-12-22,2025-26,CLE,CHA,1,0.59039503
0022500403,2025-12-22,2025-26,BOS,IND,1,0.8012587
0022500404,2025-12-22,2025-26,NOP,DAL,1,0.45195547
0022500405,2025-12-22,2025-26,DEN,UTA,1,0.8672263
0022500406,2025-12-22,2025-26,OKC,MEM,1,0.8944337
0022500407,2025-12-22,2025-26,GSW,ORL,1,0.61423165
0022500408,2025-12-22,2025-26,POR,DET,0,0.37272355
0022500409,2025-12-23,2025-26,CHA,WAS,1,0.725873
0022500410,2025-12-23,2025-26,PHI,BKN,0,0.687645
0022500411,2025-12-23,2025-26,ATL,CHI,0,0.6104627
0022500412,2025-12-23,2025-26,CLE,NOP,1,0.6851776
0022500413,2025-12-23,2025-26,IND,MIL,0,0.43996498
0022500414,2025-12-23,2025-26,MIA,TOR,0,0.626143
0022500415,2025-12-23,2025-26,DAL,DEN,1,0.2652999
0022500416,2025-12-23,2025-26,MIN,NYK,1,0.5117748
0022500417,2025-12-23,2025-26,SAS,OKC,1,0.41394073
0022500418,2025-12-23,2025-26,PHX,LAL,1,0.48620322
0022500419,2025-12-23,2025-26,UTA,MEM,0,0.44386265
0022500420,2025-12-23,2025-26,POR,ORL,0,0.51130897
0022500421,2025-12-23,2025-26,SAC,DET,0,0.22645424
0022500422,2025-12-23,2025-26,LAC,HOU,1,0.41702673
0022500009,2025-12-25,2025-26,NYK,CLE,1,0.5103461
0022500010,2025-12-25,2025-26,OKC,SAS,0,0.7222744
0022500011,2025-12-25,2025-26,GSW,DAL,1,0.71529007
0022500012,2025-12-25,2025-26,LAL,HOU,0,0.4186203
0022500013,2025-12-25,2025-26,DEN,MIN,1,0.6391346
0022500423,2025-12-26,2025-26,ATL,MIA,0,0.6639256
0022500424,2025-12-26,2025-26,ORL,CHA,0,0.6327937
0022500425,2025-12-26,2025-26,WAS,TOR,1,0.28928038
0022500426,2025-12-26,2025-26,IND,BOS,0,0.26099274
0022500427,2025-12-26,2025-26,CHI,PHI,1,0.5637867
0022500428,2025-12-26,2025-26,MEM,MIL,1,0.5823935
0022500429,2025-12-26,2025-26,NOP,PHX,0,0.2786573
0022500430,2025-12-26,2025-26,UTA,DET,1,0.17176987
0022500431,2025-12-26,2025-26,POR,LAC,0,0.41345593
0022500432,2025-12-27,2025-26,SAC,DAL,1,0.40297252
0022500433,2025-12-27,2025-26,ORL,DEN,1,0.23539437
0022500434,2025-12-27,2025-26,NOP,PHX,0,0.3039517
0022500435,2025-12-27,2025-26,ATL,NYK,0,0.35666573
0022500436,2025-12-27,2025-26,MIA,IND,1,0.6751432
0022500437,2025-12-27,2025-26,CHI,MIL,0,0.6341793
0022500438,2025-12-27,2025-26,HOU,CLE,1,0.6355883
0022500439,2025-12-27,2025-26,MIN,BKN,0,0.76323605
0022500440,2025-12-27,2025-26,SAS,UTA,0,0.8678548
0022500441,2025-12-28,2025-26,TOR,GSW,1,0.3003538
0022500442,2025-12-28,2025-26,OKC,PHI,1,0.8575256
0022500443,2025-12-28,2025-26,WAS,MEM,1,0.2599189
0022500444,2025-12-28,2025-26,POR,BOS,1,0.37182122
0022500445,2025-12-28,2025-26,LAC,DET,1,0.48431036
0022500446,2025-12-28,2025-26,LAL,SAC,1,0.8634654
0022500447,2025-12-29,2025-26,CHA,MIL,0,0.52492225
0022500448,2025-12-29,2025-26,WAS,PHX,0,0.17164707
0022500449,2025-12-29,2025-26,BKN,GSW,0,0.41800526
0022500450,2025-12-29,2025-26,MIA,DEN,1,0.30375978
0022500451,2025-12-29,2025-26,TOR,ORL,1,0.47073972
0022500452,2025-12-29,2025-26,CHI,MIN,0,0.4003686
0022500453,2025-12-29,2025-26,HOU,IND,1,0.8387829
0022500454,2025-12-29,2025-26,NOP,NYK,0,0.2821233
0022500455,2025-12-29,2025-26,OKC,ATL,1,0.7752571
0022500456,2025-12-29,2025-26,SAS,CLE,0,0.5691481
0022500457,2025-12-29,2025-26,POR,DAL,1,0.5584868
0022500458,2025-12-30,2025-26,MEM,PHI,0,0.59141445
0022500459,2025-12-30,2025-26,UTA,BOS,0,0.34775463
0022500460,2025-12-30,2025-26,LAL,DET,0,0.43252134
0022500461,2025-12-30,2025-26,LAC,SAC,1,0.8631676
0022500462,2025-12-31,2025-26,CHA,GSW,0,0.31687784
0022500463,2025-12-31,2025-26,ATL,MIN,1,0.35966545
0022500464,2025-12-31,2025-26,IND,ORL,0,0.4228499
0022500465,2025-12-31,2025-26,CLE,PHX,1,0.58086336
0022500466,2025-12-31,2025-26,CHI,NOP,1,0.6465671
0022500467,2025-12-31,2025-26,SAS,NYK,1,0.6181661
0022500468,2025-12-31,2025-26,TOR,DEN,0,0.30543777
0022500469,2025-12-31,2025-26,MIL,WAS,0,0.8195416
0022500470,2025-12-31,2025-26,OKC,POR,1,0.8645485
0022500471,2026-01-01,2025-26,BKN,HOU,0,0.31625307
0022500472,2026-01-01,2025-26,DET,MIA,0,0.67107576
0022500473,2026-01-01,2025-26,DAL,PHI,0,0.4099394
0022500474,2026-01-01,2025-26,SAC,BOS,0,0.21425614
0022500475,2026-01-01,2025-26,LAC,UTA,1,0.7838968
0022500476,2026-01-02,2025-26,IND,SAS,0,0.30506027
0022500477,2026-01-02,2025-26,WAS,BKN,1,0.5001234
0022500478,2026-01-02,2025-26,CLE,DEN,1,0.6472758
0022500479,2026-01-02,2025-26,NYK,ATL,0,0.6210795
0022500480,2026-01-02,2025-26,CHI,ORL,1,0.4441439
0022500481,2026-01-02,2025-26,MIL,CHA,1,0.6619094
0022500482,2026-01-02,2025-26,NOP,POR,0,0.4523256
0022500483,2026-01-02,2025-26,PHX,SAC,1,0.8577372
0022500484,2026-01-02,2025-26,GSW,OKC,0,0.32785487
0022500485,2026-01-02,2025-26,LAL,MEM,1,0.62760234
0022500486,2026-01-03,2025-26,MIA,MIN,0,0.44968155
0022500487,2026-01-03,2025-26,NYK,PHI,0,0.54448116
0022500488,2026-01-03,2025-26,TOR,ATL,1,0.534635
0022500489,2026-01-03,2025-26,CHI,CHA,0,0.5750399
0022500490,2026-01-03,2025-26,SAS,POR,0,0.74833846
0022500491,2026-01-03,2025-26,DAL,HOU,1,0.2528284
0022500492,2026-01-03,2025-26,GSW,UTA,1,0.75796
0022500493,2026-01-03,2025-26,LAC,BOS,0,0.56973314
0022500494,2026-01-04,2025-26,CLE,DET,0,0.4939146
0022500495,2026-01-04,2025-26,ORL,IND,1,0.69055045
0022500496,2026-01-04,2025-26,BKN,DEN,1,0.35891208
0022500497,2026-01-04,2025-26,MIA,NOP,1,0.7273361
0022500498,2026-01-04,2025-26,WAS,MIN,0,0.22362012
0022500499,2026-01-04,2025-26,PHX,OKC,1,0.265104
0022500500,2026-01-04,2025-26,SAC,MIL,0,0.30172208
0022500501,2026-01-04,2025-26,LAL,MEM,1,0.6284394
0022500502,2026-01-05,2025-26,DET,NYK,1,0.5483462
0022500503,2026-01-05,2025-26,BOS,CHI,1,0.7797969
0022500504,2026-01-05,2025-26,TOR,ATL,1,0.48240462
0022500505,2026-01-05,2025-26,HOU,PHX,1,0.7300603
0022500506,2026-01-05,2025-26,OKC,CHA,0,0.82775414
0022500507,2026-01-05,2025-26,PHI,DEN,0,0.6688913
0022500508,2026-01-05,2025-26,LAC,GSW,1,0.500412
0022500509,2026-01-05,2025-26,POR,UTA,1,0.6524189
0022500510,2026-01-06,2025-26,IND,CLE,0,0.3214845
0022500511,2026-01-06,2025-26,WAS,ORL,1,0.2852436
0022500512,2026-01-06,2025-26,MEM,SAS,1,0.3641297
0022500513,2026-01-06,2025-26,MIN,MIA,1,0.66194284
0022500514,2026-01-06,2025-26,NOP,LAL,0,0.3038161
0022500515,2026-01-06,2025-26,SAC,DAL,0,0.32705352
0022500516,2026-01-07,2025-26,CHA,TOR,0,0.50648594
0022500517,2026-01-07,2025-26,DET,CHI,1,0.76801217
0022500518,2026-01-07,2025-26,PHI,WAS,1,0.8266381
0022500519,2026-01-07,2025-26,ATL,NOP,1,0.7531464
0022500520,2026-01-07,2025-26,BOS,DEN,0,0.777923
0022500521,2026-01-07,2025-26,BKN,ORL,0,0.5478988
0022500522,2026-01-07,2025-26,NYK,LAC,1,0.531008
0022500523,2026-01-07,2025-26,SAS,LAL,1,0.58166385
0022500524,2026-01-07,2025-26,MEM,PHX,0,0.3501015
0022500525,2026-01-07,2025-26,OKC,UTA,1,0.89885074
0022500526,2026-01-07,2025-26,GSW,MIL,1,0.70350766
0022500527,2026-01-07,2025-26,POR,HOU,1,0.3649706
0022500528,2026-01-08,2025-26,CHA,IND,0,0.5950696
0022500530,2026-01-08,2025-26,MIN,CLE,1,0.63195246
0022500531,2026-01-08,2025-26,UTA,DAL,1,0.4197318
0022500532,2026-01-09,2025-26,BOS,TOR,1,0.69664407
0022500533,2026-01-09,2025-26,ORL,PHI,0,0.50624365
0022500534,2026-01-09,2025-26,WAS,NOP,0,0.51646775
0022500535,2026-01-09,2025-26,BKN,LAC,0,0.363722
0022500536,2026-01-09,2025-26,MEM,OKC,0,0.17574008
0022500537,2026-01-09,2025-26,DEN,ATL,0,0.5517515
0022500538,2026-01-09,2025-26,PHX,NYK,1,0.55366063
0022500539,2026-01-09,2025-26,GSW,SAC,1,0.8951109
0022500540,2026-01-09,2025-26,POR,HOU,1,0.40013295
0022500541,2026-01-09,2025-26,LAL,MIL,0,0.56879795
0022500542,2026-01-10,2025-26,CLE,MIN,1,0.4762129
0022500543,2026-01-10,2025-26,IND,MIA,1,0.37685204
0022500544,2026-01-10,2025-26,DET,LAC,0,0.6607787
0022500545,2026-01-10,2025-26,BOS,SAS,0,0.5146578
0022500546,2026-01-10,2025-26,CHI,DAL,1,0.5345861
0022500547,2026-01-10,2025-26,UTA,CHA,0,0.443919
0022500548,2026-01-11,2025-26,ORL,NOP,1,0.6882347
0022500549,2026-01-11,2025-26,MEM,BKN,1,0.6097218
0022500550,2026-01-11,2025-26,TOR,PHI,1,0.391762
0022500551,2026-01-11,2025-26,POR,NYK,0,0.48282593
0022500552,2026-01-11,2025-26,MIN,SAS,1,0.614081
0022500553,2026-01-11,2025-26,OKC,MIA,1,0.83768845
0022500554,2026-01-11,2025-26,DEN,MIL,1,0.49851397
0022500555,2026-01-11,2025-26,PHX,WAS,1,0.87756026
0022500556,2026-01-11,2025-26,GSW,ATL,0,0.6292109
0022500557,2026-01-11,2025-26,SAC,HOU,1,0.16447479
0022500558,2026-01-12,2025-26,CLE,UTA,0,0.87859786
0022500559,2026-01-12,2025-26,IND,BOS,1,0.31611514
0022500560,2026-01-12,2025-26,TOR,PHI,0,0.4387072
0022500561,2026-01-12,2025-26,DAL,BKN,1,0.66868067
0022500562,2026-01-12,2025-26,SAC,LAL,1,0.1997159
0022500563,2026-01-12,2025-26,LAC,CHA,1,0.6909259
0022500564,2026-01-13,2025-26,MIA,PHX,1,0.38390478
0022500565,2026-01-13,2025-26,HOU,CHI,1,0.79109913
0022500566,2026-01-13,2025-26,MIL,MIN,0,0.3538727
0022500567,2026-01-13,2025-26,NOP,DEN,0,0.44397497
0022500568,2026-01-13,2025-26,OKC,SAS,1,0.7802523
0022500569,2026-01-13,2025-26,LAL,ATL,1,0.40678176
0022500570,2026-01-13,2025-26,GSW,POR,1,0.6366232
0022500571,2026-01-14,2025-26,IND,TOR,0,0.51875925
0022500572,2026-01-14,2025-26,PHI,CLE,0,0.51388144
0022500573,2026-01-14,2025-26,CHI,UTA,1,0.5900805
0022500574,2026-01-14,2025-26,NOP,BKN,1,0.42390138
0022500575,2026-01-14,2025-26,DAL,DEN,0,0.46575686
0022500576,2026-01-14,2025-26,SAC,NYK,1,0.20084658
0022500577,2026-01-14,2025-26,LAC,WAS,1,0.87894446
0022500579,2026-01-15,2025-26,DET,PHX,1,0.54524696
0022500580,2026-01-15,2025-26,MIA,BOS,0,0.428907
0022500581,2026-01-15,2025-26,HOU,OKC,0,0.35160726
0022500582,2026-01-15,2025-26,SAS,MIL,1,0.67069006
0022500583,2026-01-15,2025-26,DAL,UTA,1,0.69566774
0022500584,2026-01-15,2025-26,GSW,NYK,1,0.6780864
0022500585,2026-01-15,2025-26,POR,ATL,1,0.45743072
0022500586,2026-01-15,2025-26,LAL,CHA,0,0.63324195
0022500587,2026-01-16,2025-26,BKN,CHI,1,0.4987645
0022500588,2026-01-16,2025-26,IND,NOP,1,0.6428792
0022500589,2026-01-16,2025-26,PHI,CLE,0,0.45148513
0022500590,2026-01-16,2025-26,TOR,LAC,0,0.34098864
0022500591,2026-01-16,2025-26,HOU,MIN,1,0.42390412
0022500592,2026-01-16,2025-26,SAC,WAS,1,0.6400894
0022500593,2026-01-17,2025-26,DAL,UTA,1,0.6872721
0022500594,2026-01-17,2025-26,ATL,BOS,0,0.4779625
0022500595,2026-01-17,2025-26,DET,IND,1,0.866052
0022500596,2026-01-17,2025-26,NYK,PHX,0,0.56734145
0022500597,2026-01-17,2025-26,MIA,OKC,1,0.2278668
0022500598,2026-01-17,2025-26,SAS,MIN,1,0.57532203
0022500599,2026-01-17,2025-26,GSW,CHA,1,0.74944586
0022500600,2026-01-17,2025-26,DEN,WAS,1,0.8543346
0022500601,2026-01-17,2025-26,POR,LAL,1,0.5071629
0022500603,2026-01-18,2025-26,CHI,BKN,1,0.6047443
0022500604,2026-01-18,2025-26,HOU,NOP,1,0.8638825
0022500605,2026-01-18,2025-26,DEN,CHA,0,0.5775316
0022500606,2026-01-18,2025-26,SAC,POR,0,0.44766194
0022500607,2026-01-18,2025-26,LAL,TOR,1,0.53212106
0022500014,2026-01-19,2025-26,ATL,MIL,0,0.5835844
0022500015,2026-01-19,2025-26,CLE,OKC,0,0.37387073
0022500016,2026-01-19,2025-26,NYK,DAL,0,0.7543564
0022500017,2026-01-19,2025-26,DET,BOS,1,0.66174346
0022500608,2026-01-19,2025-26,WAS,LAC,0,0.22710475
0022500609,2026-01-19,2025-26,PHI,IND,1,0.8283791
0022500610,2026-01-19,2025-26,BKN,PHX,0,0.1849705
0022500611,2026-01-19,2025-26,SAS,UTA,1,0.8772173
0022500612,2026-01-19,2025-26,GSW,MIA,1,0.70446885
0022500613,2026-01-20,2025-26,PHI,PHX,0,0.47023222
0022500614,2026-01-20,2025-26,CHI,LAC,1,0.4597591
0022500615,2026-01-20,2025-26,HOU,SAS,1,0.70312136
0022500616,2026-01-20,2025-26,UTA,MIN,1,0.16670443
0022500617,2026-01-20,2025-26,DEN,LAL,0,0.48189586
0022500618,2026-01-20,2025-26,GSW,TOR,0,0.70508367
0022500619,2026-01-20,2025-26,SAC,MIA,0,0.4382706
0022500620,2026-01-21,2025-26,CHA,CLE,0,0.47900814
0022500621,2026-01-21,2025-26,BOS,IND,1,0.7957089
0022500622,2026-01-21,2025-26,NYK,BKN,1,0.7563293
0022500623,2026-01-21,2025-26,MEM,ATL,0,0.51824224
0022500624,2026-01-21,2025-26,NOP,DET,0,0.17788246
0022500625,2026-01-21,2025-26,MIL,OKC,0,0.24146071
0022500626,2026-01-21,2025-26,SAC,TOR,0,0.38229364
0022500627,2026-01-22,2025-26,ORL,CHA,0,0.54171765
0022500628,2026-01-22,2025-26,PHI,HOU,1,0.39043048
0022500629,2026-01-22,2025-26,WAS,DEN,0,0.29476804
0022500630,2026-01-22,2025-26,DAL,GSW,1,0.35190275
0022500631,2026-01-22,2025-26,MIN,CHI,0,0.7004889
0022500632,2026-01-22,2025-26,UTA,SAS,0,0.28203893
0022500633,2026-01-22,2025-26,LAC,LAL,1,0.44387344
0022500634,2026-01-22,2025-26,POR,MIA,1,0.5404852
0022500635,2026-01-23,2025-26,DET,HOU,0,0.5911561
0022500636,2026-01-23,2025-26,ATL,PHX,1,0.38685882
0022500637,2026-01-23,2025-26,BKN,BOS,0,0.2624728
0022500638,2026-01-23,2025-26,CLE,SAC,1,0.80836695
0022500639,2026-01-23,2025-26,MEM,NOP,0,0.7183949
0022500640,2026-01-23,2025-26,MIL,DEN,0,0.55424905
0022500641,2026-01-23,2025-26,OKC,IND,0,0.8877702
0022500642,2026-01-23,2025-26,POR,TOR,0,0.51074505
0022500643,2026-01-24,2025-26,PHI,NYK,0,0.5489417
0022500645,2026-01-24,2025-26,CHA,WAS,1,0.8027903
0022500646,2026-01-24,2025-26,ORL,CLE,0,0.46036273
0022500647,2026-01-24,2025-26,CHI,BOS,1,0.56448287
0022500648,2026-01-24,2025-26,DAL,LAL,0,0.3757343
0022500649,2026-01-24,2025-26,UTA,MIA,0,0.32946348
0022500644,2026-01-25,2025-26,MIN,GSW,0,0.55433935
0022500650,2026-01-25,2025-26,DET,SAC,1,0.8420258
0022500653,2026-01-25,2025-26,OKC,TOR,0,0.73919487
0022500654,2026-01-25,2025-26,SAS,NOP,0,0.77962583
0022500655,2026-01-25,2025-26,PHX,MIA,0,0.7261876
0022500656,2026-01-25,2025-26,LAC,BKN,1,0.78722394
0022500657,2026-01-26,2025-26,CHA,PHI,1,0.51695806
0022500658,2026-01-26,2025-26,CLE,ORL,1,0.6882967
0022500659,2026-01-26,2025-26,ATL,IND,1,0.6929094
0022500660,2026-01-26,2025-26,BOS,POR,1,0.702529
0022500661,2026-01-26,2025-26,CHI,LAL,0,0.427416
0022500662,2026-01-26,2025-26,HOU,MEM,1,0.81096256
0022500663,2026-01-26,2025-26,MIN,GSW,1,0.46752092
0022500664,2026-01-27,2025-26,WAS,POR,1,0.290401
0022500665,2026-01-27,2025-26,NYK,SAC,1,0.80020416
0022500666,2026-01-27,2025-26,PHI,MIL,1,0.52723384
0022500667,2026-01-27,2025-26,OKC,NOP,1,0.859156
0022500668,2026-01-27,2025-26,DEN,DET,0,0.27854785
0022500669,2026-01-27,2025-26,PHX,BKN,1,0.7523637
0022500670,2026-01-27,2025-26,UTA,LAC,0,0.23597598
0022500671,2026-01-28,2025-26,CLE,LAL,1,0.54160297
0022500672,2026-01-28,2025-26,IND,CHI,1,0.41742828
0022500673,2026-01-28,2025-26,BOS,ATL,0,0.6665824
0022500674,2026-01-28,2025-26,MIA,ORL,0,0.60478735
0022500675,2026-01-28,2025-26,TOR,NYK,0,0.6375982
0022500676,2026-01-28,2025-26,MEM,CHA,0,0.40019357
0022500677,2026-01-28,2025-26,DAL,MIN,0,0.38025522
0022500678,2026-01-28,2025-26,UTA,GSW,0,0.22859547
0022500679,2026-01-28,2025-26,HOU,SAS,0,0.6625107
0022500529,2026-01-29,2025-26,CHI,MIA,0,0.5360185
0022500680,2026-01-29,2025-26,PHI,SAC,1,0.80301297
0022500681,2026-01-29,2025-26,WAS,MIL,1,0.3840776
0022500682,2026-01-29,2025-26,ATL,HOU,0,0.44528717
0022500683,2026-01-29,2025-26,DAL,CHA,0,0.34869334
0022500684,2026-01-29,2025-26,DEN,BKN,1,0.6956336
0022500685,2026-01-29,2025-26,PHX,DET,1,0.36103547
0022500686,2026-01-29,2025-26,MIN,OKC,1,0.36745706
0022500687,2026-01-30,2025-26,ORL,TOR,1,0.5459412
0022500688,2026-01-30,2025-26,WAS,LAL,0,0.20237485
0022500689,2026-01-30,2025-26,BOS,SAC,1,0.8635653
0022500690,2026-01-30,2025-26,NYK,POR,1,0.64202935
0022500691,2026-01-30,2025-26,NOP,MEM,1,0.5466553
0022500693,2026-01-30,2025-26,PHX,CLE,1,0.4043727
0022500694,2026-01-30,2025-26,UTA,BKN,0,0.6055205
0022500695,2026-01-30,2025-26,DEN,LAC,1,0.37476087
0022500696,2026-01-30,2025-26,GSW,DET,0,0.63009125
0022500692,2026-01-31,2025-26,MIA,CHI,0,0.6060833
0022500697,2026-01-31,2025-26,CHA,SAS,1,0.5175406
0022500698,2026-01-31,2025-26,IND,ATL,1,0.42604375
0022500699,2026-01-31,2025-26,PHI,NOP,1,0.7818624
0022500700,2026-01-31,2025-26,MEM,MIN,0,0.2511131
0022500701,2026-01-31,2025-26,HOU,DAL,1,0.8079608
0022500702,2026-02-01,2025-26,BOS,MIL,1,0.7939922
0022500703,2026-02-01,2025-26,SAS,ORL,1,0.57061744
0022500704,2026-02-01,2025-26,DET,BKN,1,0.8767466
0022500705,2026-02-01,2025-26,MIA,CHI,1,0.5693746
0022500706,2026-02-01,2025-26,TOR,UTA,1,0.85559416
0022500707,2026-02-01,2025-26,WAS,SAC,1,0.43977472
0022500708,2026-02-01,2025-26,NYK,LAL,1,0.5822753
0022500709,2026-02-01,2025-26,PHX,LAC,0,0.5461749
0022500710,2026-02-01,2025-26,POR,CLE,0,0.45166764
0022500711,2026-02-01,2025-26,DEN,OKC,0,0.42574683
0022500712,2026-02-02,2025-26,CHA,NOP,1,0.7515258
0022500713,2026-02-02,2025-26,IND,HOU,0,0.28493574
0022500714,2026-02-02,2025-26,MEM,MIN,1,0.28963745
0022500715,2026-02-02,2025-26,LAC,PHI,0,0.4509519
0022500716,2026-02-03,2025-26,DET,DEN,1,0.6333725
0022500717,2026-02-03,2025-26,IND,UTA,0,0.65949035
0022500718,2026-02-03,2025-26,WAS,NYK,0,0.17060782
0022500719,2026-02-03,2025-26,BKN,LAL,0,0.20776252
0022500720,2026-02-03,2025-26,MIA,ATL,0,0.53723705
0022500721,2026-02-03,2025-26,DAL,BOS,0,0.3068376
0022500722,2026-02-03,2025-26,MIL,CHI,1,0.49093074
0022500723,2026-02-03,2025-26,OKC,ORL,1,0.7732121
0022500724,2026-02-03,2025-26,GSW,PHI,0,0.6841895
0022500725,2026-02-03,2025-26,POR,PHX,0,0.39568883
0022500726,2026-02-04,2025-26,NYK,DEN,1,0.53543454
0022500727,2026-02-04,2025-26,TOR,MIN,0,0.43429062
0022500728,2026-02-04,2025-26,HOU,BOS,0,0.60010105
0022500729,2026-02-04,2025-26,MIL,NOP,1,0.50708807
0022500730,2026-02-04,2025-26,SAS,OKC,1,0.43569684
0022500731,2026-02-04,2025-26,SAC,MEM,0,0.42982936
0022500732,2026-02-04,2025-26,LAC,CLE,0,0.40725082
0022500733,2026-02-05,2025-26,DET,WAS,0,0.9195559
0022500734,2026-02-05,2025-26,ORL,BKN,1,0.74707276
0022500735,2026-02-05,2025-26,ATL,UTA,1,0.8056157
0022500736,2026-02-05,2025-26,TOR,CHI,1,0.691755
0022500737,2026-02-05,2025-26,HOU,CHA,0,0.5034427
0022500738,2026-02-05,2025-26,DAL,SAS,0,0.37711698
0022500739,2026-02-05,2025-26,PHX,GSW,0,0.56676775
0022500740,2026-02-05,2025-26,LAL,PHI,1,0.6332131
0022500741,2026-02-06,2025-26,BOS,MIA,1,0.75194275
0022500742,2026-02-06,2025-26,DET,NYK,1,0.5368437
0022500743,2026-02-06,2025-26,MIL,IND,1,0.7204865
0022500744,2026-02-06,2025-26,MIN,NOP,0,0.7825216
0022500745,2026-02-06,2025-26,POR,MEM,1,0.587237
0022500746,2026-02-06,2025-26,SAC,LAC,0,0.35895467
0022500747,2026-02-07,2025-26,BKN,WAS,1,0.65645105
0022500748,2026-02-07,2025-26,OKC,HOU,0,0.6037342
0022500749,2026-02-07,2025-26,SAS,DAL,1,0.79612905
0022500750,2026-02-07,2025-26,ORL,UTA,1,0.82143915
0022500751,2026-02-07,2025-26,ATL,CHA,0,0.44571027
0022500752,2026-02-07,2025-26,CHI,DEN,0,0.25185978
0022500753,2026-02-07,2025-26,LAL,GSW,1,0.62925065
0022500754,2026-02-07,2025-26,PHX,PHI,0,0.484419
0022500755,2026-02-07,2025-26,POR,MEM,1,0.6914055
0022500756,2026-02-07,2025-26,SAC,CLE,0,0.18543276
0022500757,2026-02-08,2025-26,BOS,NYK,0,0.6929811
0022500758,2026-02-08,2025-26,WAS,MIA,0,0.21875663
0022500759,2026-02-08,2025-26,TOR,IND,1,0.7189385
0022500760,2026-02-08,2025-26,MIN,LAC,0,0.6464249
0022500761,2026-02-09,2025-26,CHA,DET,0,0.40299803
0022500762,2026-02-09,2025-26,BKN,CHI,1,0.492223
0022500763,2026-02-09,2025-26,MIA,UTA,0,0.68781465
0022500764,2026-02-09,2025-26,ORL,MIL,1,0.65358806
0022500765,2026-02-09,2025-26,MIN,ATL,1,0.54113454
0022500766,2026-02-09,2025-26,NOP,SAC,1,0.6948239
0022500767,2026-02-09,2025-26,DEN,CLE,0,0.5167303
0022500768,2026-02-09,2025-26,GSW,MEM,1,0.81560236
0022500769,2026-02-09,2025-26,LAL,OKC,0,0.5114479
0022500770,2026-02-09,2025-26,POR,PHI,1,0.3909655
0022500771,2026-02-10,2025-26,NYK,IND,0,0.77299446
0022500772,2026-02-10,2025-26,HOU,LAC,1,0.6724564
0022500773,2026-02-10,2025-26,PHX,DAL,1,0.78025395
0022500774,2026-02-10,2025-26,LAL,SAS,0,0.43518397
0022500775,2026-02-11,2025-26,CHA,ATL,1,0.73162556
0022500776,2026-02-11,2025-26,CLE,WAS,1,0.9246908
0022500777,2026-02-11,2025-26,ORL,MIL,0,0.75936484
0022500778,2026-02-11,2025-26,BOS,CHI,1,0.78729767
0022500779,2026-02-11,2025-26,BKN,IND,0,0.38222554
0022500780,2026-02-11,2025-26,PHI,NYK,0,0.5562205
0022500781,2026-02-11,2025-26,TOR,DET,0,0.39167124
0022500782,2026-02-11,2025-26,HOU,LAC,0,0.71591467
0022500783,2026-02-11,2025-26,MIN,POR,1,0.600922
0022500784,2026-02-11,2025-26,NOP,MIA,0,0.45519468
0022500785,2026-02-11,2025-26,PHX,OKC,0,0.39233005
0022500786,2026-02-11,2025-26,UTA,SAC,1,0.67890745
0022500787,2026-02-11,2025-26,DEN,MEM,1,0.8212923
0022500788,2026-02-11,2025-26,GSW,SAS,0,0.4983102
0022500789,2026-02-12,2025-26,OKC,MIL,0,0.82623005
0022500790,2026-02-12,2025-26,UTA,POR,0,0.34936243
0022500791,2026-02-12,2025-26,LAL,DAL,1,0.6085175
0022500792,2026-02-19,2025-26,CHA,HOU,0,0.55692804
0022500793,2026-02-19,2025-26,CLE,BKN,1,0.8951091
0022500794,2026-02-19,2025-26,PHI,ATL,0,0.5055391
0022500795,2026-02-19,2025-26,WAS,IND,1,0.43255708
0022500796,2026-02-19,2025-26,NYK,DET,0,0.43220687
0022500797,2026-02-19,2025-26,CHI,TOR,0,0.3321327
0022500798,2026-02-19,2025-26,SAS,PHX,1,0.7347722
0022500799,2026-02-19,2025-26,GSW,BOS,0,0.37203717
0022500800,2026-02-19,2025-26,SAC,ORL,0,0.16736308
0022500801,2026-02-19,2025-26,LAC,DEN,1,0.44412556
0022500802,2026-02-20,2025-26,CHA,CLE,0,0.40418842
0022500803,2026-02-20,2025-26,WAS,IND,1,0.40699926
0022500804,2026-02-20,2025-26,MEM,UTA,1,0.64282006
0022500805,2026-02-20,2025-26,ATL,MIA,0,0.51515794
0022500806,2026-02-20,2025-26,MIN,DAL,1,0.7464331
0022500807,2026-02-20,2025-26,NOP,MIL,0,0.5433412
0022500808,2026-02-20,2025-26,OKC,BKN,1,0.84910935
0022500809,2026-02-20,2025-26,LAL,LAC,1,0.5958466
0022500810,2026-02-20,2025-26,POR,DEN,0,0.44446245
0022500811,2026-02-21,2025-26,PHX,ORL,1,0.5829641
0022500812,2026-02-21,2025-26,NOP,PHI,1,0.3862313
0022500813,2026-02-21,2025-26,MIA,MEM,1,0.8217302
0022500814,2026-02-21,2025-26,CHI,DET,0,0.20542237
0022500815,2026-02-21,2025-26,SAS,SAC,1,0.93195885
0022500816,2026-02-21,2025-26,NYK,HOU,1,0.5206224
0022500817,2026-02-22,2025-26,OKC,CLE,1,0.4739258
0022500818,2026-02-22,2025-26,ATL,BKN,1,0.7399039
0022500819,2026-02-22,2025-26,MIL,TOR,0,0.3779595
0022500820,2026-02-22,2025-26,GSW,DEN,1,0.36240458
0022500821,2026-02-22,2025-26,IND,DAL,0,0.4055911
0022500822,2026-02-22,2025-26,WAS,CHA,0,0.19829683
0022500823,2026-02-22,2025-26,LAL,BOS,0,0.5362639
0022500824,2026-02-22,2025-26,MIN,PHI,0,0.7640246
0022500825,2026-02-22,2025-26,CHI,NYK,0,0.2800798
0022500826,2026-02-22,2025-26,PHX,POR,0,0.5313576
0022500827,2026-02-22,2025-26,LAC,ORL,0,0.7122428
0022500828,2026-02-23,2025-26,DET,SAS,0,0.6093461
0022500829,2026-02-23,2025-26,MEM,SAC,0,0.6909618
0022500830,2026-02-23,2025-26,HOU,UTA,1,0.8997625
0022500831,2026-02-24,2025-26,IND,PHI,0,0.37284008
0022500832,2026-02-24,2025-26,ATL,WAS,1,0.83207375
0022500833,2026-02-24,2025-26,BKN,DAL,0,0.46331182
0022500834,2026-02-24,2025-26,TOR,OKC,0,0.44046167
0022500835,2026-02-24,2025-26,CLE,NYK,1,0.61970484
0022500836,2026-02-24,2025-26,CHI,CHA,0,0.31782845
0022500837,2026-02-24,2025-26,MIL,MIA,1,0.42164022
0022500838,2026-02-24,2025-26,NOP,GSW,1,0.43823877
0022500839,2026-02-24,2025-26,PHX,BOS,0,0.2634488
0022500840,2026-02-24,2025-26,LAL,ORL,0,0.70421964
0022500841,2026-02-24,2025-26,POR,MIN,0,0.50755364
0022500842,2026-02-25,2025-26,DET,OKC,1,0.6702344
0022500843,2026-02-25,2025-26,TOR,SAS,0,0.34471115
0022500844,2026-02-25,2025-26,MEM,GSW,0,0.30073774
0022500845,2026-02-25,2025-26,HOU,SAC,1,0.89538187
0022500846,2026-02-25,2025-26,MIL,CLE,1,0.2659596
0022500847,2026-02-25,2025-26,DEN,BOS,1,0.6518099
0022500848,2026-02-26,2025-26,IND,CHA,0,0.21088019
0022500849,2026-02-26,2025-26,PHI,MIA,1,0.5220773
0022500850,2026-02-26,2025-26,ATL,WAS,1,0.8392303
0022500851,2026-02-26,2025-26,BKN,SAS,0,0.1979236
0022500852,2026-02-26,2025-26,ORL,HOU,0,0.45642066
0022500853,2026-02-26,2025-26,CHI,POR,0,0.39461
0022500854,2026-02-26,2025-26,DAL,SAC,0,0.75862026
0022500855,2026-02-26,2025-26,PHX,LAL,1,0.3168243
0022500856,2026-02-26,2025-26,UTA,NOP,0,0.3920303
0022500857,2026-02-26,2025-26,LAC,MIN,0,0.58257955
0022500858,2026-02-27,2025-26,DET,CLE,1,0.72530514
0022500859,2026-02-27,2025-26,BOS,BKN,1,0.88980764
0022500860,2026-02-27,2025-26,MIL,NYK,0,0.35720927
0022500861,2026-02-27,2025-26,DAL,MEM,0,0.6631422
0022500862,2026-02-27,2025-26,OKC,DEN,1,0.47547188
0022500863,2026-02-28,2025-26,CHA,POR,1,0.7030973
0022500864,2026-02-28,2025-26,MIA,HOU,1,0.39123955
0022500865,2026-02-28,2025-26,WAS,TOR,0,0.1329315
0022500866,2026-02-28,2025-26,GSW,LAL,0,0.4149103
0022500867,2026-02-28,2025-26,UTA,NOP,0,0.28040797
0022500868,2026-03-01,2025-26,NYK,SAS,1,0.43082595
0022500869,2026-03-01,2025-26,BKN,CLE,0,0.23511659
0022500870,2026-03-01,2025-26,CHI,MIL,1,0.38835233
0022500871,2026-03-01,2025-26,DEN,MIN,0,0.66668427
0022500872,2026-03-01,2025-26,IND,MEM,0,0.56179595
0022500873,2026-03-01,2025-26,ATL,POR,1,0.5999636
0022500874,2026-03-01,2025-26,BOS,PHI,1,0.64237344
0022500875,2026-03-01,2025-26,ORL,DET,0,0.34588885
0022500876,2026-03-01,2025-26,DAL,OKC,0,0.17751366
0022500877,2026-03-01,2025-26,LAC,NOP,1,0.67906195
0022500878,2026-03-01,2025-26,LAL,SAC,1,0.89030963
0022500879,2026-03-02,2025-26,WAS,HOU,0,0.12809011
0022500880,2026-03-02,2025-26,MIL,BOS,0,0.24412046
0022500881,2026-03-02,2025-26,UTA,DEN,0,0.17456459
0022500882,2026-03-02,2025-26,GSW,LAC,0,0.5360932
0022500883,2026-03-03,2025-26,CHA,DAL,1,0.8133684
0022500884,2026-03-03,2025-26,CLE,DET,1,0.42014086
0022500885,2026-03-03,2025-26,ORL,WAS,1,0.8533083
0022500886,2026-03-03,2025-26,MIA,BKN,1,0.7795645
0022500887,2026-03-03,2025-26,TOR,NYK,0,0.5014174
0022500888,2026-03-03,2025-26,PHI,SAS,0,0.34371927
0022500889,2026-03-03,2025-26,CHI,OKC,0,0.14113098
0022500890,2026-03-03,2025-26,MIN,MEM,1,0.8578499
0022500891,2026-03-03,2025-26,LAL,NOP,1,0.7530903
0022500892,2026-03-03,2025-26,SAC,PHX,0,0.23379658
0022500893,2026-03-04,2025-26,NYK,OKC,0,0.5869119
0022500894,2026-03-04,2025-26,BOS,CHA,0,0.71936584
0022500895,2026-03-04,2025-26,PHI,UTA,1,0.7278088
0022500896,2026-03-04,2025-26,MEM,POR,0,0.41814935
0022500897,2026-03-04,2025-26,MIL,ATL,0,0.40863025
0022500898,2026-03-04,2025-26,LAC,IND,1,0.8831468
0022500899,2026-03-05,2025-26,ORL,DAL,1,0.75116396
0022500900,2026-03-05,2025-26,WAS,UTA,0,0.42592144
0022500901,2026-03-05,2025-26,MIA,BKN,1,0.8212031
0022500902,2026-03-05,2025-26,HOU,GSW,0,0.7351556
0022500903,2026-03-05,2025-26,MIN,TOR,1,0.5631035
0022500904,2026-03-05,2025-26,SAS,DET,1,0.5724885
0022500905,2026-03-05,2025-26,PHX,CHI,0,0.7605493
0022500906,2026-03-05,2025-26,DEN,LAL,1,0.5673947
0022500907,2026-03-05,2025-26,SAC,NOP,0,0.23028737
0022500908,2026-03-06,2025-26,BOS,DAL,1,0.843089
0022500909,2026-03-06,2025-26,CHA,MIA,0,0.7545654
0022500910,2026-03-06,2025-26,HOU,POR,1,0.6604216
0022500911,2026-03-06,2025-26,DEN,NYK,0,0.3856212
0022500912,2026-03-06,2025-26,PHX,NOP,1,0.6598086
0022500913,2026-03-06,2025-26,SAS,LAC,1,0.6311987
0022500914,2026-03-06,2025-26,LAL,IND,1,0.826988
0022500915,2026-03-07,2025-26,MIN,ORL,0,0.6268417
0022500916,2026-03-07,2025-26,DET,BKN,0,0.9040705
0022500917,2026-03-07,2025-26,ATL,PHI,1,0.7379565
0022500918,2026-03-07,2025-26,MEM,LAC,0,0.22600193
0022500919,2026-03-07,2025-26,MIL,UTA,1,0.74054044
0022500920,2026-03-07,2025-26,OKC,GSW,1,0.8578024
0022500921,2026-03-08,2025-26,CLE,BOS,0,0.4633043
0022500922,2026-03-08,2025-26,LAL,NYK,1,0.40805712
0022500923,2026-03-08,2025-26,MIA,DET,1,0.5609382
0022500924,2026-03-08,2025-26,TOR,DAL,1,0.7232958
0022500925,2026-03-08,2025-26,NOP,WAS,1,0.81912714
0022500926,2026-03-08,2025-26,MIL,ORL,0,0.43413666
0022500927,2026-03-08,2025-26,SAS,HOU,1,0.6915315
0022500928,2026-03-08,2025-26,PHX,CHA,1,0.3663942
0022500929,2026-03-08,2025-26,POR,IND,1,0.7302548
0022500930,2026-03-08,2025-26,SAC,CHI,1,0.40888664
0022500931,2026-03-09,2025-26,CLE,PHI,1,0.7355626
0022500932,2026-03-09,2025-26,BKN,MEM,1,0.5407356
0022500933,2026-03-09,2025-26,OKC,DEN,1,0.6869231
0022500934,2026-03-09,2025-26,UTA,GSW,1,0.35706696
0022500935,2026-03-09,2025-26,LAC,NYK,1,0.4732296
0022500936,2026-03-10,2025-26,PHI,MEM,1,0.64856344
0022500937,2026-03-10,2025-26,BKN,DET,0,0.12833205
0022500938,2026-03-10,2025-26,MIA,WAS,1,0.8931365
0022500939,2026-03-10,2025-26,ATL,DAL,1,0.7882302
0022500940,2026-03-10,2025-26,HOU,TOR,1,0.5472325
0022500941,2026-03-10,2025-26,MIL,PHX,0,0.38643155
0022500942,2026-03-10,2025-26,SAS,BOS,1,0.54035836
0022500943,2026-03-10,2025-26,GSW,CHI,0,0.66538984
0022500944,2026-03-10,2025-26,POR,CHA,0,0.37579253
0022500945,2026-03-10,2025-26,SAC,IND,1,0.43368223
0022500946,2026-03-10,2025-26,LAL,MIN,1,0.6224801
0022500947,2026-03-11,2025-26,ORL,CLE,1,0.41633832
0022500948,2026-03-11,2025-26,NOP,TOR,1,0.47612768
0022500949,2026-03-11,2025-26,UTA,NYK,0,0.13163337
0022500950,2026-03-11,2025-26,DEN,HOU,1,0.68501806
0022500951,2026-03-11,2025-26,SAC,CHA,0,0.14017716
0022500952,2026-03-11,2025-26,LAC,MIN,1,0.7150619
0022500953,2026-03-12,2025-26,DET,PHI,1,0.80363816
0022500954,2026-03-12,2025-26,IND,PHX,0,0.18611345
0022500955,2026-03-12,2025-26,ORL,WAS,1,0.86581796
0022500956,2026-03-12,2025-26,ATL,BKN,1,0.8610349
0022500957,2026-03-12,2025-26,MIA,MIL,1,0.6716142
0022500958,2026-03-12,2025-26,SAS,DEN,0,0.7447762
0022500959,2026-03-12,2025-26,OKC,BOS,1,0.63835746
0022500960,2026-03-12,2025-26,LAL,CHI,1,0.8372109
0022501111,2026-03-12,2025-26,MEM,DAL,0,0.4418519
0022500961,2026-03-13,2025-26,DET,MEM,1,0.91531223
0022500962,2026-03-13,2025-26,IND,NYK,0,0.0886737
0022500963,2026-03-13,2025-26,TOR,PHX,1,0.6444194
0022500964,2026-03-13,2025-26,HOU,NOP,1,0.6697208
0022500965,2026-03-13,2025-26,DAL,CLE,0,0.18187796
0022500966,2026-03-13,2025-26,GSW,MIN,0,0.38245872
0022500967,2026-03-13,2025-26,POR,UTA,1,0.84528136
0022500968,2026-03-13,2025-26,LAC,CHI,1,0.84921485
0022500969,2026-03-14,2025-26,PHI,BKN,1,0.67961043
0022500970,2026-03-14,2025-26,ATL,MIL,1,0.655481
0022500971,2026-03-14,2025-26,BOS,WAS,1,0.8928944
0022500972,2026-03-14,2025-26,MIA,ORL,0,0.5619131
0022500973,2026-03-14,2025-26,SAS,CHA,1,0.58829963
0022500974,2026-03-14,2025-26,LAL,DEN,1,0.52432215
0022500975,2026-03-14,2025-26,LAC,SAC,0,0.86522746
0022500976,2026-03-15,2025-26,OKC,MIN,1,0.7678426
0022500977,2026-03-15,2025-26,CLE,DAL,0,0.8359617
0022500978,2026-03-15,2025-26,TOR,DET,1,0.42998093
0022500979,2026-03-15,2025-26,MIL,IND,1,0.65936273
0022500980,2026-03-15,2025-26,PHI,POR,1,0.39518657
0022500981,2026-03-15,2025-26,NYK,GSW,1,0.7990535
0022500982,2026-03-15,2025-26,SAC,UTA,1,0.6643936
0022500983,2026-03-16,2025-26,ATL,ORL,1,0.6121004
0022500984,2026-03-16,2025-26,WAS,GSW,0,0.4232206
0022500985,2026-03-16,2025-26,BKN,POR,0,0.29935995
0022500986,2026-03-16,2025-26,BOS,PHX,1,0.70603335
0022500987,2026-03-16,2025-26,CHI,MEM,1,0.60270417
0022500988,2026-03-16,2025-26,NOP,DAL,1,0.70662177
0022500989,2026-03-16,2025-26,HOU,LAL,0,0.4479895
0022500990,2026-03-16,2025-26,LAC,SAS,0,0.3625358
0022500991,2026-03-17,2025-26,CHA,MIA,1,0.6317505
0022500992,2026-03-17,2025-26,ORL,OKC,0,0.20189297
0022500993,2026-03-17,2025-26,WAS,DET,0,0.07872396
0022500994,2026-03-17,2025-26,NYK,IND,1,0.9190188
0022500995,2026-03-17,2025-26,MIL,CLE,0,0.37643966
0022500996,2026-03-17,2025-26,MIN,PHX,1,0.6242961
0022500997,2026-03-17,2025-26,DEN,PHI,1,0.8589049
0022500998,2026-03-17,2025-26,SAC,SAS,0,0.16366659
0022500651,2026-03-18,2025-26,MEM,DEN,1,0.13092254
0022500999,2026-03-18,2025-26,BOS,GSW,1,0.8469084
0022501000,2026-03-18,2025-26,BKN,OKC,0,0.077345155
0022501001,2026-03-18,2025-26,IND,POR,0,0.24446711
0022501002,2026-03-18,2025-26,CHI,TOR,0,0.29402196
0022501004,2026-03-18,2025-26,MIN,UTA,1,0.9030151
0022501005,2026-03-18,2025-26,NOP,LAC,1,0.4635698
0022501006,2026-03-18,2025-26,DAL,ATL,0,0.23548588
0022501007,2026-03-18,2025-26,HOU,LAL,0,0.40878874
0022501008,2026-03-19,2025-26,CHA,ORL,1,0.698562
0022501009,2026-03-19,2025-26,WAS,DET,0,0.1130303
0022501010,2026-03-19,2025-26,MIA,LAL,0,0.46094483
0022501011,2026-03-19,2025-26,CHI,CLE,0,0.18833424
0022501012,2026-03-19,2025-26,NOP,LAC,1,0.46310154
0022501013,2026-03-19,2025-26,SAS,PHX,1,0.797154
0022501014,2026-03-19,2025-26,UTA,MIL,1,0.2787255
0022501015,2026-03-19,2025-26,SAC,PHI,0,0.46917853
0022501016,2026-03-20,2025-26,BKN,NYK,0,0.13983266
0022501017,2026-03-20,2025-26,DET,GSW,1,0.74333054
0022501018,2026-03-20,2025-26,HOU,ATL,1,0.46667594
0022501019,2026-03-20,2025-26,MEM,BOS,0,0.14537317
0022501020,2026-03-20,2025-26,MIN,POR,0,0.5735064
0022501021,2026-03-20,2025-26,DEN,TOR,1,0.72693783
0022501022,2026-03-21,2025-26,WAS,OKC,0,0.07785373
0022501023,2026-03-21,2025-26,CHA,MEM,1,0.90274304
0022501024,2026-03-21,2025-26,ORL,LAL,0,0.31379285
0022501025,2026-03-21,2025-26,NOP,CLE,0,0.42162454
0022501026,2026-03-21,2025-26,ATL,GSW,1,0.7625748
0022501027,2026-03-21,2025-26,HOU,MIA,1,0.5061232
0022501028,2026-03-21,2025-26,SAS,IND,1,0.911226
0022501029,2026-03-21,2025-26,DAL,LAC,0,0.4175286
0022501030,2026-03-21,2025-26,UTA,PHI,0,0.36966792
0022501031,2026-03-21,2025-26,PHX,MIL,0,0.683113
0022501032,2026-03-22,2025-26,DEN,POR,1,0.71928245
0022501033,2026-03-22,2025-26,SAC,BKN,1,0.67030734
0022501034,2026-03-22,2025-26,NYK,WAS,1,0.9332275
0022501035,2026-03-22,2025-26,BOS,MIN,0,0.7204928
0022501036,2026-03-22,2025-26,PHX,TOR,1,0.35776696
0022501037,2026-03-23,2025-26,ATL,MEM,1,0.8658117
0022501038,2026-03-23,2025-26,DET,LAL,1,0.3833303
0022501039,2026-03-23,2025-26,ORL,IND,0,0.7764827
0022501040,2026-03-23,2025-26,PHI,OKC,0,0.13775311
0022501041,2026-03-23,2025-26,MIA,SAS,0,0.3591449
0022501042,2026-03-23,2025-26,CHI,HOU,1,0.24777652
0022501043,2026-03-23,2025-26,UTA,TOR,0,0.26151717
0022501044,2026-03-23,2025-26,DAL,GSW,0,0.54442096
0022501045,2026-03-23,2025-26,POR,BKN,1,0.84555733
0022501046,2026-03-23,2025-26,LAC,MIL,1,0.7766053
0022501047,2026-03-24,2025-26,CHA,SAC,1,0.90572584
0022501048,2026-03-24,2025-26,NYK,NOP,1,0.73040366
0022501049,2026-03-24,2025-26,CLE,ORL,1,0.7782042
0022501050,2026-03-24,2025-26,PHX,DEN,0,0.333075
0022501051,2026-03-25,2025-26,DET,ATL,0,0.6245439
0022501052,2026-03-25,2025-26,IND,LAL,0,0.24388047
0022501053,2026-03-25,2025-26,PHI,CHI,1,0.5023423
0022501054,2026-03-25,2025-26,BOS,OKC,1,0.4530596
0022501055,2026-03-25,2025-26,CLE,MIA,0,0.58566785
0022501056,2026-03-25,2025-26,MEM,SAS,0,0.101453155
0022501057,2026-03-25,2025-26,UTA,WAS,0,0.5648573
0022501058,2026-03-25,2025-26,MIN,HOU,1,0.5285728
0022501059,2026-03-25,2025-26,DEN,DAL,1,0.8348747
0022501060,2026-03-25,2025-26,GSW,BKN,1,0.81271863
0022501061,2026-03-25,2025-26,POR,MIL,1,0.76817596
0022501062,2026-03-25,2025-26,LAC,TOR,1,0.6980233
0022501063,2026-03-26,2025-26,CHA,NYK,1,0.5153388
0022501064,2026-03-26,2025-26,DET,NOP,1,0.64091265
0022501065,2026-03-26,2025-26,ORL,SAC,1,0.82909274
0022501066,2026-03-27,2025-26,IND,LAC,0,0.277662
0022501067,2026-03-27,2025-26,BOS,ATL,1,0.6226775
0022501068,2026-03-27,2025-26,CLE,MIA,1,0.59907657
0022501069,2026-03-27,2025-26,MEM,HOU,0,0.16373971
0022501070,2026-03-27,2025-26,OKC,CHI,1,0.9015213
0022501071,2026-03-27,2025-26,TOR,NOP,1,0.6507961
0022501072,2026-03-27,2025-26,DEN,UTA,1,0.94283146
0022501073,2026-03-27,2025-26,GSW,WAS,1,0.74556476
0022501074,2026-03-27,2025-26,POR,DAL,0,0.70951736
0022501075,2026-03-27,2025-26,LAL,BKN,1,0.94235736
0022501076,2026-03-28,2025-26,MIL,SAS,0,0.15546408
0022501077,2026-03-28,2025-26,CHA,PHI,0,0.7793481
0022501078,2026-03-28,2025-26,ATL,SAC,1,0.8493518
0022501079,2026-03-28,2025-26,MEM,CHI,1,0.38210973
0022501080,2026-03-28,2025-26,MIN,DET,0,0.5327265
0022501081,2026-03-28,2025-26,PHX,UTA,1,0.88665974
0022501082,2026-03-29,2025-26,MIL,LAC,0,0.1947898
0022501083,2026-03-29,2025-26,IND,MIA,1,0.30992708
0022501084,2026-03-29,2025-26,BKN,SAC,1,0.42706516
0022501085,2026-03-29,2025-26,CHA,BOS,0,0.45017782
0022501086,2026-03-29,2025-26,TOR,ORL,1,0.4903482
0022501087,2026-03-29,2025-26,POR,WAS,1,0.8196111
0022501088,2026-03-29,2025-26,NOP,HOU,0,0.34391972
0022501089,2026-03-29,2025-26,OKC,NYK,1,0.66324866
0022501090,2026-03-29,2025-26,DEN,GSW,1,0.8127729
0022501091,2026-03-30,2025-26,MIA,PHI,1,0.46411175
0022501092,2026-03-30,2025-26,ATL,BOS,1,0.5835401
0022501093,2026-03-30,2025-26,MEM,PHX,0,0.15004048
0022501094,2026-03-30,2025-26,SAS,CHI,1,0.8728706
0022501095,2026-03-30,2025-26,DAL,MIN,0,0.35378665
0022501096,2026-03-30,2025-26,UTA,CLE,0,0.11825499
0022501097,2026-03-30,2025-26,OKC,DET,1,0.57959336
0022501098,2026-03-30,2025-26,LAL,WAS,1,0.9451449
0022500652,2026-03-31,2025-26,MIL,DAL,1,0.4504233
0022501099,2026-03-31,2025-26,ORL,PHX,1,0.54874456
0022501100,2026-03-31,2025-26,BKN,CHA,0,0.1264632
0022501101,2026-03-31,2025-26,DET,TOR,1,0.60590684
0022501102,2026-03-31,2025-26,HOU,NYK,1,0.49776864
0022501103,2026-03-31,2025-26,LAL,CLE,1,0.4738557
0022501104,2026-03-31,2025-26,LAC,POR,0,0.6569398
0022501003,2026-04-01,2025-26,MEM,NYK,0,0.1242154
0022501105,2026-04-01,2025-26,WAS,PHI,0,0.19370605
0022501106,2026-04-01,2025-26,MIA,BOS,0,0.45447427
0022501107,2026-04-01,2025-26,ORL,ATL,0,0.30647224
0022501108,2026-04-01,2025-26,TOR,SAC,0,0.85257393
0022501109,2026-04-01,2025-26,CHI,IND,0,0.5484963
0022501110,2026-04-01,2025-26,HOU,MIL,1,0.84005284
0022501112,2026-04-01,2025-26,UTA,DEN,0,0.08453278
0022501113,2026-04-01,2025-26,GSW,SAS,0,0.21700901
0022501114,2026-04-02,2025-26,CHA,PHX,1,0.61212385
0022501115,2026-04-02,2025-26,DET,MIN,1,0.65003407
0022501116,2026-04-02,2025-26,OKC,LAL,1,0.66762894
0022501117,2026-04-02,2025-26,GSW,CLE,0,0.22174524
0022501118,2026-04-02,2025-26,POR,NOP,1,0.68286204
0022501119,2026-04-02,2025-26,LAC,SAS,0,0.47403505
0022501120,2026-04-03,2025-26,CHA,IND,1,0.8093352
0022501121,2026-04-03,2025-26,PHI,MIN,1,0.57331055
0022501122,2026-04-03,2025-26,BKN,ATL,0,0.09490581
0022501123,2026-04-03,2025-26,NYK,CHI,1,0.8181195
0022501124,2026-04-03,2025-26,HOU,UTA,1,0.916468
0022501125,2026-04-03,2025-26,MEM,TOR,0,0.17277767
0022501126,2026-04-03,2025-26,MIL,BOS,0,0.112610035
0022501127,2026-04-03,2025-26,DAL,ORL,0,0.29619175
0022501128,2026-04-03,2025-26,SAC,NOP,1,0.36270124
0022501129,2026-04-04,2025-26,MIA,WAS,1,0.889315
0022501130,2026-04-04,2025-26,DEN,SAS,1,0.50312734
0022501131,2026-04-04,2025-26,PHI,DET,0,0.37121138
0022501132,2026-04-05,2025-26,BOS,TOR,1,0.72557765
0022501133,2026-04-05,2025-26,BKN,WAS,1,0.49718636
0022501134,2026-04-05,2025-26,CHI,PHX,0,0.33126843
0022501135,2026-04-05,2025-26,MIL,MEM,1,0.79268575
0022501136,2026-04-05,2025-26,CLE,IND,1,0.8556383
0022501137,2026-04-05,2025-26,MIN,CHA,0,0.42491356
0022501138,2026-04-05,2025-26,NOP,ORL,0,0.39925256
0022501139,2026-04-05,2025-26,OKC,UTA,1,0.9628148
0022501140,2026-04-05,2025-26,DAL,LAL,1,0.19314347
0022501141,2026-04-05,2025-26,SAC,LAC,0,0.21200682
0022501142,2026-04-05,2025-26,GSW,HOU,0,0.2935861
0022501143,2026-04-06,2025-26,ATL,NYK,0,0.58733356
0022501144,2026-04-06,2025-26,ORL,DET,1,0.27669248
0022501145,2026-04-06,2025-26,MEM,CLE,0,0.08174288
0022501146,2026-04-06,2025-26,SAS,PHI,1,0.78705734
0022501147,2026-04-06,2025-26,DEN,POR,1,0.68128365
0022501148,2026-04-07,2025-26,WAS,CHI,0,0.3520897
0022501149,2026-04-07,2025-26,BOS,CHA,1,0.624259
0022501150,2026-04-07,2025-26,BKN,MIL,1,0.33216673
0022501151,2026-04-07,2025-26,TOR,MIA,1,0.48968378
0022501152,2026-04-07,2025-26,IND,MIN,0,0.28075722
0022501153,2026-04-07,2025-26,NOP,UTA,1,0.7302708
0022501154,2026-04-07,2025-26,GSW,SAC,1,0.75671375
0022501155,2026-04-07,2025-26,LAL,OKC,0,0.22802432
0022501156,2026-04-07,2025-26,LAC,DAL,1,0.7988527
0022501157,2026-04-07,2025-26,PHX,HOU,0,0.49224362
0022501158,2026-04-08,2025-26,CLE,ATL,1,0.39504015
0022501159,2026-04-08,2025-26,ORL,MIN,1,0.57918614
0022501160,2026-04-08,2025-26,DET,MIL,1,0.9044887
0022501161,2026-04-08,2025-26,SAS,POR,1,0.7448389
0022501162,2026-04-08,2025-26,DEN,MEM,1,0.9603137
0022501163,2026-04-08,2025-26,LAC,OKC,0,0.31329337
0022501164,2026-04-08,2025-26,PHX,DAL,1,0.78062385
0022501165,2026-04-09,2025-26,TOR,MIA,1,0.55065817
0022501166,2026-04-09,2025-26,WAS,CHI,0,0.2789215
0022501167,2026-04-09,2025-26,BKN,IND,0,0.3956209
0022501168,2026-04-09,2025-26,NYK,BOS,1,0.514965
0022501169,2026-04-09,2025-26,HOU,PHI,1,0.6152805
0022501170,2026-04-09,2025-26,GSW,LAL,0,0.6187099
0022501171,2026-04-10,2025-26,CHA,DET,0,0.51016957
0022501172,2026-04-10,2025-26,WAS,MIA,0,0.15096521
0022501173,2026-04-10,2025-26,ATL,CLE,1,0.58781886
0022501174,2026-04-10,2025-26,BOS,NOP,1,0.92081517
0022501175,2026-04-10,2025-26,IND,PHI,0,0.24694777
0022501176,2026-04-10,2025-26,NYK,TOR,1,0.6860103
0022501177,2026-04-10,2025-26,CHI,ORL,0,0.32547426
0022501178,2026-04-10,2025-26,HOU,MIN,0,0.66627187
0022501179,2026-04-10,2025-26,MIL,BKN,1,0.7673078
0022501180,2026-04-10,2025-26,SAS,DAL,1,0.8969909
0022501181,2026-04-10,2025-26,UTA,MEM,1,0.5685796
0022501182,2026-04-10,2025-26,DEN,OKC,1,0.38258138
0022501183,2026-04-10,2025-26,POR,LAC,1,0.527575
0022501184,2026-04-10,2025-26,SAC,GSW,1,0.44142753
0022501185,2026-04-10,2025-26,LAL,PHX,1,0.41266134
0022501186,2026-04-12,2025-26,BOS,ORL,1,0.6539785
0022501187,2026-04-12,2025-26,CLE,WAS,1,0.91402876
0022501188,2026-04-12,2025-26,IND,DET,0,0.087001786
0022501189,2026-04-12,2025-26,MIA,ATL,1,0.43500352
0022501190,2026-04-12,2025-26,NYK,CHA,0,0.63665324
0022501191,2026-04-12,2025-26,PHI,MIL,1,0.76794904
0022501192,2026-04-12,2025-26,TOR,BKN,1,0.9448277
0022501193,2026-04-12,2025-26,DAL,CHI,1,0.52028865
0022501194,2026-04-12,2025-26,HOU,MEM,1,0.972091
0022501195,2026-04-12,2025-26,MIN,NOP,1,0.8771943
0022501196,2026-04-12,2025-26,OKC,PHX,0,0.6231901
0022501197,2026-04-12,2025-26,SAS,DEN,0,0.7780287
0022501198,2026-04-12,2025-26,LAL,UTA,1,0.8719654
0022501199,2026-04-12,2025-26,LAC,GSW,1,0.69584674
0022501200,2026-04-12,2025-26,POR,SAC,1,0.8089059
