date,season,home,away,home_win,p_home
2024-10-22,2024-25,BOS,NYK,1,0.5524975266031834
2024-10-22,2024-25,LAL,MIN,1,0.5216243645254584
2024-10-23,2024-25,DET,IND,0,0.242518093488855
2024-10-23,2024-25,ATL,BKN,1,0.6895822456661899
2024-10-23,2024-25,MIA,ORL,0,0.592994075635889
2024-10-23,2024-25,PHI,MIL,0,0.5544542596804081
2024-10-23,2024-25,TOR,CLE,0,0.32294563019712946
2024-10-23,2024-25,HOU,CHA,0,0.653775390961638
2024-10-23,2024-25,NOP,CHI,1,0.6439107095598327
2024-10-23,2024-25,UTA,MEM,0,0.6145133302003771
2024-10-23,2024-25,LAC,PHX,0,0.352650379173135
2024-10-23,2024-25,POR,GSW,0,0.24936306508038936
2024-10-24,2024-25,WAS,BOS,0,0.1504525114668793
2024-10-24,2024-25,DAL,SAS,1,0.5271838451008624
2024-10-24,2024-25,DEN,OKC,0,0.5680969654371237
2024-10-24,2024-25,SAC,MIN,0,0.5229137317678313
2024-10-25,2024-25,ORL,BKN,1,0.7051019075905927
2024-10-25,2024-25,TOR,PHI,1,0.39191641940994065
2024-10-25,2024-25,ATL,CHA,1,0.6261767439088891
2024-10-25,2024-25,CLE,DET,1,0.7340555386140242
2024-10-25,2024-25,NYK,IND,1,0.6340417774597576
2024-10-25,2024-25,HOU,MEM,1,0.614187339625089
2024-10-25,2024-25,MIL,CHI,0,0.6726419710000439
2024-10-25,2024-25,UTA,GSW,0,0.2802056167401317
2024-10-25,2024-25,LAL,PHX,1,0.5190542710800922
2024-10-25,2024-25,POR,NOP,0,0.23847991739368554
2024-10-26,2024-25,DEN,LAC,0,0.6573728093706889
2024-10-26,2024-25,CHA,MIA,0,0.3908643936560007
2024-10-26,2024-25,DET,BOS,0,0.17548319326767892
2024-10-26,2024-25,WAS,CLE,0,0.32149180118377485
2024-10-26,2024-25,CHI,OKC,0,0.3066470964469785
2024-10-26,2024-25,MEM,ORL,1,0.38669216682214325
2024-10-26,2024-25,MIN,TOR,1,0.8647927235625983
2024-10-26,2024-25,SAS,HOU,1,0.5406334211759094
2024-10-26,2024-25,PHX,DAL,1,0.5421410923400691
2024-10-26,2024-25,LAL,SAC,1,0.5611815361807547
2024-10-27,2024-25,IND,PHI,0,0.6664016254687295
2024-10-27,2024-25,BKN,MIL,1,0.3714005333145068
2024-10-27,2024-25,POR,NOP,1,0.24480233120281006
2024-10-27,2024-25,OKC,ATL,1,0.7056829021435171
2024-10-27,2024-25,GSW,LAC,0,0.7765480737265407
2024-10-28,2024-25,ORL,IND,1,0.6261343487450668
2024-10-28,2024-25,ATL,WAS,0,0.6570129405078102
2024-10-28,2024-25,BOS,MIL,1,0.8558701904782031
2024-10-28,2024-25,MIA,DET,1,0.6755554329454965
2024-10-28,2024-25,NYK,CLE,0,0.631200558623471
2024-10-28,2024-25,TOR,DEN,0,0.28124179267277644
2024-10-28,2024-25,MEM,CHI,0,0.5146018986694336
2024-10-28,2024-25,SAS,HOU,0,0.46349967399938596
2024-10-28,2024-25,DAL,UTA,1,0.7970013920453274
2024-10-28,2024-25,PHX,LAL,1,0.5785622506314037
2024-10-28,2024-25,SAC,POR,1,0.8306412934438356
2024-10-29,2024-25,BKN,DEN,0,0.44175965556358543
2024-10-29,2024-25,MIN,DAL,0,0.695851720469095
2024-10-29,2024-25,UTA,SAC,0,0.3461539805279613
2024-10-29,2024-25,GSW,NOP,1,0.6675910930978252
2024-10-30,2024-25,CHA,TOR,1,0.6401694963065566
2024-10-30,2024-25,CLE,LAL,1,0.5506596560585294
2024-10-30,2024-25,IND,BOS,1,0.34092346311514027
2024-10-30,2024-25,PHI,DET,0,0.6169498970679075
2024-10-30,2024-25,WAS,ATL,1,0.4277505971483838
2024-10-30,2024-25,MIA,NYK,0,0.43953130885853764
2024-10-30,2024-25,CHI,ORL,1,0.4522172146532125
2024-10-30,2024-25,MEM,BKN,0,0.6519446515760398
2024-10-30,2024-25,OKC,SAS,1,0.8034503190596379
2024-10-30,2024-25,GSW,NOP,1,0.7002276375339133
2024-10-30,2024-25,LAC,POR,0,0.7767036775400886
2024-10-31,2024-25,MEM,MIL,1,0.3810504880968582
2024-10-31,2024-25,DAL,HOU,0,0.6378373727853548
2024-10-31,2024-25,UTA,SAS,0,0.566954038294428
2024-10-31,2024-25,LAC,PHX,0,0.3585515880382188
2024-11-01,2024-25,CHA,BOS,0,0.20746242783752872
2024-11-01,2024-25,CLE,ORL,1,0.6179194066113065
2024-11-01,2024-25,DET,NYK,0,0.29999692462794975
2024-11-01,2024-25,ATL,SAC,0,0.3402309503138938
2024-11-01,2024-25,BKN,CHI,1,0.515795459289918
2024-11-01,2024-25,TOR,LAL,0,0.29725449373126595
2024-11-01,2024-25,NOP,IND,1,0.4527677985552508
2024-11-01,2024-25,MIN,DEN,1,0.5706701153911037
2024-11-01,2024-25,POR,OKC,0,0.2163109497440691
2024-11-02,2024-25,CHA,BOS,0,0.2318148398690036
2024-11-02,2024-25,PHI,MEM,0,0.5650753355342145
2024-11-02,2024-25,TOR,SAC,1,0.3149479283509798
2024-11-02,2024-25,HOU,GSW,0,0.45623756381457076
2024-11-02,2024-25,MIL,CLE,0,0.4630196608920117
2024-11-02,2024-25,SAS,MIN,1,0.45138165208449227
2024-11-02,2024-25,DEN,UTA,1,0.7846178518965297
2024-11-02,2024-25,PHX,POR,1,0.887814249980506
2024-11-02,2024-25,LAC,OKC,0,0.461384189871447
2024-11-03,2024-25,BKN,DET,0,0.6175367934746258
2024-11-03,2024-25,NOP,ATL,0,0.6834494022223787
2024-11-03,2024-25,DAL,ORL,1,0.6434055200728266
2024-11-04,2024-25,CLE,MIL,1,0.7157583265156793
2024-11-04,2024-25,WAS,GSW,0,0.2452048301849506
2024-11-04,2024-25,DET,LAL,1,0.28633578690348827
2024-11-04,2024-25,ATL,BOS,0,0.15727013619784086
2024-11-04,2024-25,BKN,MEM,1,0.4577028111088023
2024-11-04,2024-25,MIA,SAC,0,0.5571251747875152
2024-11-04,2024-25,CHI,UTA,0,0.7607292454952295
2024-11-04,2024-25,HOU,NYK,1,0.37873768782213224
2024-11-04,2024-25,MIN,CHA,1,0.7518081523792612
2024-11-04,2024-25,OKC,ORL,1,0.8209824402076055
2024-11-04,2024-25,NOP,POR,0,0.5749199046377811
2024-11-04,2024-25,DAL,IND,0,0.5319670597695187
2024-11-04,2024-25,DEN,TOR,1,0.7851841036249249
2024-11-04,2024-25,PHX,PHI,1,0.7912072798776808
2024-11-04,2024-25,LAC,SAS,1,0.60876346627431
2024-11-06,2024-25,CHA,DET,1,0.4576185966083238
2024-11-06,2024-25,IND,ORL,1,0.660354218457393
2024-11-06,2024-25,ATL,NYK,1,0.2593035533130955
2024-11-06,2024-25,BOS,GSW,0,0.6562535543053357
2024-11-06,2024-25,HOU,SAS,1,0.6821537113982631
2024-11-06,2024-25,MEM,LAL,1,0.42953955381387854
2024-11-06,2024-25,NOP,CLE,0,0.28856791495416767
2024-11-06,2024-25,DAL,CHI,1,0.7503645554204272
2024-11-06,2024-25,DEN,OKC,1,0.4263700221264855
2024-11-06,2024-25,PHX,MIA,1,0.7023458345551249
2024-11-06,2024-25,LAC,PHI,1,0.636115222112068
2024-11-06,2024-25,SAC,TOR,1,0.7539221721407029
2024-11-07,2024-25,CHI,MIN,0,0.31741724776180896
2024-11-07,2024-25,MIL,UTA,1,0.7415144122249022
2024-11-07,2024-25,SAS,POR,1,0.5472592848561509
2024-11-08,2024-25,CHA,IND,1,0.3447501240197495
2024-11-08,2024-25,DET,ATL,1,0.6056010144173841
2024-11-08,2024-25,ORL,NOP,1,0.642471269437151
2024-11-08,2024-25,BOS,BKN,1,0.8425321292400655
2024-11-08,2024-25,CLE,GSW,1,0.46540244508377593
2024-11-08,2024-25,NYK,MIL,1,0.7845805742695391
2024-11-08,2024-25,DAL,PHX,0,0.4724604744568928
2024-11-08,2024-25,MEM,WAS,1,0.7221188555338962
2024-11-08,2024-25,OKC,HOU,1,0.7292885021666171
2024-11-08,2024-25,MIN,POR,1,0.8150751988565536
2024-11-08,2024-25,DEN,MIA,1,0.6723535062876159
2024-11-08,2024-25,LAL,PHI,1,0.5928958299795757
2024-11-08,2024-25,SAC,LAC,0,0.605503100319306
2024-11-09,2024-25,SAS,UTA,0,0.6998809813939278
2024-11-09,2024-25,ATL,CHI,0,0.4884763794963248
2024-11-09,2024-25,CLE,BKN,1,0.7714318591640719
2024-11-09,2024-25,LAC,TOR,1,0.6954426013155779
2024-11-10,2024-25,DET,HOU,0,0.42606962679870364
2024-11-10,2024-25,MIL,BOS,0,0.24879322777843219
2024-11-10,2024-25,IND,NYK,1,0.4405748932345647
2024-11-10,2024-25,ORL,WAS,1,0.7712063299337046
2024-11-10,2024-25,PHI,CHA,1,0.5236715355622105
2024-11-10,2024-25,MIN,MIA,0,0.681765381047966
2024-11-10,2024-25,OKC,GSW,0,0.617949491324019
2024-11-10,2024-25,DEN,DAL,1,0.5919400077589839
2024-11-10,2024-25,PHX,SAC,0,0.6683185492336734
2024-11-10,2024-25,POR,MEM,0,0.4110565902130749
2024-11-10,2024-25,LAL,TOR,1,0.8014540309940876
2024-11-11,2024-25,CHI,CLE,0,0.3166258516751823
2024-11-11,2024-25,HOU,WAS,1,0.8407863871361337
2024-11-11,2024-25,NOP,BKN,0,0.4289514144104824
2024-11-11,2024-25,OKC,LAC,1,0.6600029689162039
2024-11-11,2024-25,SAS,SAC,1,0.4996819478764446
2024-11-12,2024-25,BOS,ATL,0,0.8718655237241201
2024-11-12,2024-25,DET,MIA,1,0.48592778289257504
2024-11-12,2024-25,ORL,CHA,1,0.6276356766775636
2024-11-12,2024-25,PHI,NYK,0,0.36032105316951174
2024-11-12,2024-25,MIL,TOR,1,0.706187266638537
2024-11-12,2024-25,UTA,PHX,0,0.31049314611966267
2024-11-12,2024-25,GSW,DAL,1,0.6506984837406358
2024-11-12,2024-25,POR,MIN,1,0.24640043589895394
2024-11-13,2024-25,ORL,IND,1,0.48327666326131175
2024-11-13,2024-25,BKN,BOS,0,0.30012133483969383
2024-11-13,2024-25,NYK,CHI,0,0.7313611285500244
2024-11-13,2024-25,PHI,CLE,0,0.277135046412031
2024-11-13,2024-25,OKC,NOP,1,0.8546571130519144
2024-11-13,2024-25,HOU,LAC,1,0.5531042377807739
2024-11-13,2024-25,MIL,DET,1,0.58762988246108
2024-11-13,2024-25,SAS,WAS,1,0.7670218613071511
2024-11-13,2024-25,LAL,MEM,1,0.5733060757312434
2024-11-13,2024-25,POR,MIN,1,0.3214030355311242
2024-11-13,2024-25,SAC,PHX,1,0.6016797656905389
2024-11-14,2024-25,UTA,DAL,1,0.24226847897972198
2024-11-15,2024-25,IND,MIA,0,0.6042136156911042
2024-11-15,2024-25,ORL,PHI,1,0.7419215730761041
2024-11-15,2024-25,TOR,DET,0,0.479946934777055
2024-11-15,2024-25,ATL,WAS,1,0.7235367119379348
2024-11-15,2024-25,CLE,CHI,1,0.7668921772707602
2024-11-15,2024-25,NYK,BKN,1,0.7832306268410849
2024-11-15,2024-25,SAS,LAL,0,0.44483516425882114
2024-11-15,2024-25,HOU,LAC,1,0.6074393590083721
2024-11-15,2024-25,NOP,DEN,1,0.21429374419802327
2024-11-15,2024-25,OKC,PHX,1,0.6948288877278228
2024-11-15,2024-25,GSW,MEM,1,0.7178648974736891
2024-11-15,2024-25,SAC,MIN,0,0.5782913448853474
2024-11-16,2024-25,CHA,MIL,1,0.4652403955238461
2024-11-16,2024-25,BOS,TOR,1,0.928733939233614
2024-11-16,2024-25,NOP,LAL,0,0.3558929632074355
2024-11-16,2024-25,DAL,SAS,1,0.7412048834480527
2024-11-16,2024-25,SAC,UTA,1,0.7378898356347388
2024-11-17,2024-25,MIN,PHX,1,0.5898892996647879
2024-11-17,2024-25,IND,MIA,1,0.542138173769189
2024-11-17,2024-25,CLE,CHA,1,0.8666527555698446
2024-11-17,2024-25,WAS,DET,0,0.40233707201445984
2024-11-17,2024-25,MEM,DEN,1,0.4860081997008567
2024-11-17,2024-25,POR,ATL,1,0.43778777148651904
2024-11-17,2024-25,NYK,BKN,1,0.7354285851454417
2024-11-17,2024-25,CHI,HOU,0,0.3686183554434249
2024-11-17,2024-25,OKC,DAL,0,0.7557136069422017
2024-11-17,2024-25,LAC,UTA,1,0.7911242000375934
2024-11-18,2024-25,DET,CHI,0,0.6118360104630275
2024-11-18,2024-25,MIA,PHI,1,0.5978806040085521
2024-11-18,2024-25,NYK,WAS,1,0.8821382551614427
2024-11-18,2024-25,TOR,IND,1,0.41070514305181866
2024-11-18,2024-25,MIL,HOU,1,0.4980476820882955
2024-11-18,2024-25,PHX,ORL,0,0.48120030515591694
2024-11-18,2024-25,SAC,ATL,0,0.7732400507711756
2024-11-18,2024-25,LAC,GSW,1,0.3175588117205543
2024-11-19,2024-25,BOS,CLE,1,0.6830625832359425
2024-11-19,2024-25,BKN,CHA,1,0.5983723550616861
2024-11-19,2024-25,MEM,DEN,0,0.5370917849521281
2024-11-19,2024-25,DAL,NOP,1,0.8177454979940851
2024-11-19,2024-25,SAS,OKC,1,0.2967449237807696
2024-11-19,2024-25,LAL,UTA,1,0.7741679743326573
2024-11-20,2024-25,CLE,NOP,1,0.8522981365720756
2024-11-20,2024-25,MIL,CHI,1,0.6282005266431188
2024-11-20,2024-25,HOU,IND,1,0.7055230785543222
2024-11-20,2024-25,MEM,PHI,1,0.5849810422115508
2024-11-20,2024-25,OKC,POR,1,0.8124591008446942
2024-11-20,2024-25,PHX,NYK,0,0.42242641382426754
2024-11-20,2024-25,GSW,ATL,1,0.7748808272020002
2024-11-20,2024-25,LAC,ORL,1,0.5010011126482826
2024-11-21,2024-25,CHA,DET,1,0.4990832727789248
2024-11-21,2024-25,TOR,MIN,1,0.3047144633366512
2024-11-21,2024-25,SAS,UTA,1,0.7016097623235303
2024-11-21,2024-25,LAL,ORL,0,0.6084432091804653
2024-11-22,2024-25,PHI,BKN,1,0.5448778190886842
2024-11-22,2024-25,WAS,BOS,0,0.1365070945668209
2024-11-22,2024-25,MIL,IND,1,0.5786620061108914
2024-11-22,2024-25,CHI,ATL,1,0.531991672076414
2024-11-22,2024-25,HOU,POR,1,0.7784246177117331
2024-11-22,2024-25,NOP,GSW,0,0.13200891506522328
2024-11-22,2024-25,DEN,DAL,0,0.49211226113861656
2024-11-22,2024-25,LAC,SAC,1,0.5420424771433837
2024-11-23,2024-25,UTA,NYK,1,0.1973399426709466
2024-11-23,2024-25,ORL,DET,1,0.6694186558070732
2024-11-23,2024-25,CHI,MEM,0,0.3910422333075595
2024-11-23,2024-25,HOU,POR,0,0.8176269797230995
2024-11-23,2024-25,MIL,CHA,1,0.6119258064726569
2024-11-23,2024-25,SAS,GSW,1,0.4134395535976412
2024-11-23,2024-25,LAL,DEN,0,0.5793103788529967
2024-11-24,2024-25,BOS,MIN,1,0.7431637503130212
2024-11-24,2024-25,IND,WAS,1,0.7614737813397896
2024-11-24,2024-25,MIA,DAL,1,0.5063771254377643
2024-11-24,2024-25,PHI,LAC,0,0.352406752630277
2024-11-24,2024-25,CLE,TOR,1,0.8187566351486955
2024-11-24,2024-25,SAC,BKN,0,0.7014053972286104
2024-11-25,2024-25,CHA,ORL,0,0.3678821512379908
2024-11-25,2024-25,DET,TOR,1,0.7162699839675304
2024-11-25,2024-25,IND,NOP,1,0.6389221606888351
2024-11-25,2024-25,ATL,DAL,0,0.4201682496980949
2024-11-25,2024-25,BOS,LAC,1,0.7809224266787843
2024-11-25,2024-25,MEM,POR,1,0.7191596592993325
2024-11-25,2024-25,DEN,NYK,0,0.5468511403535921
2024-11-25,2024-25,GSW,BKN,0,0.8722675685417479
2024-11-25,2024-25,SAC,OKC,0,0.2998869673437344
2024-11-26,2024-25,WAS,CHI,0,0.3722795129693915
2024-11-26,2024-25,MIA,MIL,0,0.5964303346646067
2024-11-26,2024-25,MIN,HOU,0,0.47326614996881017
2024-11-26,2024-25,UTA,SAS,0,0.39067477399193257
2024-11-26,2024-25,PHX,LAL,1,0.5788620993243738
2024-11-27,2024-25,CHA,MIA,0,0.4276950009623947
2024-11-27,2024-25,CLE,ATL,0,0.7847117023410788
2024-11-27,2024-25,IND,POR,1,0.6832115982636283
2024-11-27,2024-25,ORL,CHI,1,0.7943927711690565
2024-11-27,2024-25,PHI,HOU,0,0.35734524426050823
2024-11-27,2024-25,WAS,LAC,0,0.18821560470562926
2024-11-27,2024-25,DAL,NYK,1,0.5223146043761193
2024-11-27,2024-25,MEM,DET,1,0.6864223073313237
2024-11-27,2024-25,MIN,SAC,0,0.5329476432232094
2024-11-27,2024-25,NOP,TOR,0,0.455834220119907
2024-11-27,2024-25,SAS,LAL,0,0.6189362043755359
2024-11-27,2024-25,PHX,BKN,0,0.6875336517922166
2024-11-27,2024-25,UTA,DEN,0,0.23927249052943786
2024-11-27,2024-25,GSW,OKC,0,0.4958127975700509
2024-11-29,2024-25,CHA,NYK,0,0.2467106229457596
2024-11-29,2024-25,ATL,CLE,1,0.36548730049490186
2024-11-29,2024-25,MEM,NOP,1,0.8003012040460228
2024-11-29,2024-25,BKN,ORL,0,0.4663039531461695
2024-11-29,2024-25,MIN,LAC,1,0.5196501460441784
2024-11-29,2024-25,IND,DET,0,0.6467710651650661
2024-11-29,2024-25,MIA,TOR,1,0.6642056989727818
2024-11-29,2024-25,CHI,BOS,0,0.19980907484779684
2024-11-29,2024-25,LAL,OKC,0,0.3357709393935808
2024-11-29,2024-25,POR,SAC,1,0.3575756412077406
2024-11-30,2024-25,CHA,ATL,0,0.4804770149809595
2024-11-30,2024-25,DET,PHI,0,0.5645648973055091
2024-11-30,2024-25,MIL,WAS,1,0.835414070373442
2024-11-30,2024-25,PHX,GSW,1,0.5120213271259254
2024-11-30,2024-25,UTA,DAL,0,0.18520802373404524
2024-12-01,2024-25,BKN,ORL,0,0.36372849685714065
2024-12-01,2024-25,MEM,IND,1,0.7038174549885409
2024-12-01,2024-25,CLE,BOS,1,0.3581094332182915
2024-12-01,2024-25,NYK,NOP,1,0.845278088610571
2024-12-01,2024-25,TOR,MIA,1,0.42567274462005894
2024-12-01,2024-25,HOU,OKC,1,0.4748201187203377
2024-12-01,2024-25,UTA,LAL,0,0.2908071784613748
2024-12-01,2024-25,POR,DAL,0,0.3505428002268083
2024-12-01,2024-25,SAC,SAS,0,0.5737410364480405
2024-12-01,2024-25,LAC,DEN,1,0.5141880946547112
2024-12-02,2024-25,ATL,NOP,1,0.7925221516355428
2024-12-02,2024-25,BOS,MIA,1,0.7778683073732636
2024-12-02,2024-25,CHI,BKN,1,0.6389547406134269
2024-12-02,2024-25,MIN,LAL,1,0.6814725690832075
2024-12-03,2024-25,CHA,PHI,0,0.4549075963480163
2024-12-03,2024-25,CLE,WAS,1,0.8735681710862502
2024-12-03,2024-25,DET,MIL,0,0.4195934684506322
2024-12-03,2024-25,NYK,ORL,1,0.5878813660973599
2024-12-03,2024-25,TOR,IND,1,0.5696751804323493
2024-12-03,2024-25,OKC,UTA,1,0.879151903838264
2024-12-03,2024-25,DAL,MEM,1,0.6006011665287867
2024-12-03,2024-25,PHX,SAS,1,0.634424613573395
2024-12-03,2024-25,DEN,GSW,1,0.5135706708334059
2024-12-03,2024-25,SAC,HOU,1,0.38436895998312476
2024-12-03,2024-25,LAC,POR,1,0.7549508469987521
2024-12-04,2024-25,BOS,DET,1,0.8817898451185483
2024-12-04,2024-25,BKN,IND,1,0.5045117326121666
2024-12-04,2024-25,MIA,LAL,1,0.594976694299702
2024-12-04,2024-25,PHI,ORL,0,0.3924756207088046
2024-12-04,2024-25,MIL,ATL,0,0.562243101385936
2024-12-04,2024-25,LAC,MIN,0,0.5087620892309391
2024-12-05,2024-25,CLE,DEN,1,0.5994757906367171
2024-12-05,2024-25,WAS,DAL,0,0.1470192854064919
2024-12-05,2024-25,NYK,CHA,1,0.8428569027016322
2024-12-05,2024-25,TOR,OKC,0,0.2957653204544074
2024-12-05,2024-25,MEM,SAC,1,0.6296567413273969
2024-12-05,2024-25,NOP,PHX,1,0.26731755834957105
2024-12-05,2024-25,SAS,CHI,0,0.5898071479245763
2024-12-05,2024-25,GSW,HOU,1,0.5390377502547004
2024-12-06,2024-25,PHI,ORL,1,0.308945121002646
2024-12-06,2024-25,ATL,LAL,1,0.653264389365012
2024-12-06,2024-25,BOS,MIL,1,0.7644550725819729
2024-12-06,2024-25,CHI,IND,0,0.5732907178606886
2024-12-06,2024-25,SAS,SAC,0,0.49257974481550326
2024-12-06,2024-25,GSW,MIN,0,0.47193215216397183
2024-12-06,2024-25,POR,UTA,0,0.6011115480946395
2024-12-07,2024-25,CHA,CLE,0,0.2105158568236623
2024-12-07,2024-25,WAS,DEN,1,0.18024798784169574
2024-12-07,2024-25,NOP,OKC,0,0.18559071234727842
2024-12-07,2024-25,NYK,DET,0,0.7742347076230249
2024-12-07,2024-25,TOR,DAL,0,0.2522056632954552
2024-12-07,2024-25,BOS,MEM,0,0.7046785102657185
2024-12-07,2024-25,MIA,PHX,1,0.6006480609386392
2024-12-08,2024-25,CHI,PHI,0,0.5777203862031173
2024-12-08,2024-25,BKN,MIL,0,0.43516182580977497
2024-12-08,2024-25,IND,CHA,0,0.7510369752224716
2024-12-08,2024-25,ATL,DEN,0,0.5900814949389899
2024-12-08,2024-25,MIA,CLE,1,0.5053378230082536
2024-12-08,2024-25,ORL,PHX,1,0.6736314225940082
2024-12-08,2024-25,WAS,MEM,0,0.2205877976269191
2024-12-08,2024-25,SAS,NOP,1,0.6847907868294014
2024-12-08,2024-25,GSW,MIN,1,0.5430468068943884
2024-12-08,2024-25,LAC,HOU,0,0.4590226582225642
2024-12-08,2024-25,SAC,UTA,1,0.7253315682976725
2024-12-08,2024-25,LAL,POR,1,0.6897874190415195
2024-12-09,2024-25,TOR,NYK,0,0.2966489159198259
2024-12-10,2024-25,MIL,ORL,1,0.5402484666423389
2024-12-10,2024-25,OKC,DAL,1,0.6254181921646916
2024-12-11,2024-25,NYK,ATL,0,0.7648513876170229
2024-12-11,2024-25,HOU,GSW,1,0.5057128511022341
2024-12-12,2024-25,BOS,DET,1,0.8341659868374335
2024-12-12,2024-25,MIA,TOR,1,0.7822932783636386
2024-12-12,2024-25,NOP,SAC,0,0.2887681630886448
2024-12-13,2024-25,CLE,WAS,1,0.8915210845682462
2024-12-13,2024-25,PHI,IND,0,0.6068554670878411
2024-12-13,2024-25,MIN,LAL,1,0.7429585764095578
2024-12-13,2024-25,MEM,BKN,1,0.7427187621231517
2024-12-13,2024-25,CHI,CHA,1,0.6820234006575893
2024-12-13,2024-25,DEN,LAC,1,0.6278968816380402
2024-12-13,2024-25,UTA,PHX,0,0.37007898703504577
2024-12-13,2024-25,POR,SAS,0,0.41133443709333345
2024-12-15,2024-25,IND,NOP,1,0.64591054922919
2024-12-15,2024-25,WAS,BOS,0,0.10004985663967221
2024-12-15,2024-25,SAS,MIN,0,0.3613381137223303
2024-12-15,2024-25,PHX,POR,1,0.7943939482561698
2024-12-15,2024-25,LAL,MEM,1,0.3770312731487813
2024-12-15,2024-25,ORL,NYK,0,0.4728929955437088
2024-12-15,2024-25,GSW,DAL,0,0.47516630601206067
2024-12-16,2024-25,DET,MIA,1,0.3453366897240292
2024-12-16,2024-25,CHA,PHI,0,0.4008034529632555
2024-12-16,2024-25,TOR,CHI,0,0.48546969354877345
2024-12-16,2024-25,BKN,CLE,0,0.3068815988691505
2024-12-16,2024-25,SAC,DEN,0,0.5281502767838596
2024-12-16,2024-25,LAC,UTA,1,0.7072889628186021
2024-12-19,2024-25,DET,UTA,0,0.6437398983377063
2024-12-19,2024-25,ORL,OKC,0,0.3148442174943051
2024-12-19,2024-25,WAS,CHA,1,0.47300789918400477
2024-12-19,2024-25,BOS,CHI,0,0.8384027086166385
2024-12-19,2024-25,TOR,BKN,0,0.5437448494264475
2024-12-19,2024-25,HOU,NOP,1,0.8322925950889768
2024-12-19,2024-25,MEM,GSW,1,0.575623465163699
2024-12-19,2024-25,MIN,NYK,0,0.5243077079951886
2024-12-19,2024-25,DAL,LAC,0,0.7373678327523904
2024-12-19,2024-25,PHX,IND,0,0.667202215223531
2024-12-19,2024-25,SAS,ATL,1,0.42349681487259105
2024-12-19,2024-25,POR,DEN,1,0.26467463992943074
2024-12-19,2024-25,SAC,LAL,0,0.6263091931234026
2024-12-20,2024-25,PHI,CHA,1,0.7714229607076665
2024-12-20,2024-25,CLE,MIL,1,0.6463482010984195
2024-12-20,2024-25,MIA,OKC,0,0.47702526447734
2024-12-21,2024-25,SAC,LAL,0,0.6001502441010598
2024-12-21,2024-25,ORL,MIA,1,0.6027079082216257
2024-12-21,2024-25,ATL,MEM,0,0.39555999558864585
2024-12-21,2024-25,BKN,UTA,0,0.6130692987509959
2024-12-21,2024-25,CLE,PHI,1,0.7369897403333058
2024-12-21,2024-25,CHI,BOS,0,0.2743738761218912
2024-12-21,2024-25,MIL,WAS,1,0.7443582001786558
2024-12-21,2024-25,MIN,GSW,0,0.5929604310185324
2024-12-21,2024-25,NOP,NYK,0,0.20361995858445328
2024-12-21,2024-25,DAL,LAC,1,0.5725058545210314
2024-12-21,2024-25,SAS,POR,1,0.6324879874878351
2024-12-21,2024-25,PHX,DET,0,0.7055240746474257
2024-12-22,2024-25,TOR,HOU,0,0.2418108960379929
2024-12-22,2024-25,SAC,IND,0,0.5042768478768495
2024-12-22,2024-25,NOP,DEN,0,0.2059225668590886
2024-12-23,2024-25,CHA,HOU,0,0.3247767520867811
2024-12-23,2024-25,CLE,UTA,1,0.8044746823544788
2024-12-23,2024-25,ORL,BOS,1,0.3372704084922451
2024-12-23,2024-25,PHI,SAS,1,0.5369069407177447
2024-12-23,2024-25,ATL,MIN,1,0.4141267789978233
2024-12-23,2024-25,MIA,BKN,1,0.7427065130564185
2024-12-23,2024-25,NYK,TOR,1,0.9005751174224536
2024-12-23,2024-25,CHI,MIL,0,0.5281262289816464
2024-12-23,2024-25,MEM,LAC,0,0.6407469530410538
2024-12-23,2024-25,OKC,WAS,1,0.9325724629548464
2024-12-23,2024-25,DAL,POR,1,0.8485975228657964
2024-12-23,2024-25,DEN,PHX,1,0.5670043913489325
2024-12-23,2024-25,GSW,IND,0,0.6737826952995444
2024-12-23,2024-25,LAL,DET,0,0.6102932808145191
2024-12-25,2024-25,NYK,SAS,1,0.7537558120128948
2024-12-25,2024-25,DAL,MIN,0,0.6830777627279786
2024-12-25,2024-25,BOS,PHI,0,0.8078120961957272
2024-12-25,2024-25,GSW,LAL,0,0.6212600353256524
2024-12-25,2024-25,PHX,DEN,1,0.4184849159141116
2024-12-26,2024-25,IND,OKC,0,0.3450656677461546
2024-12-26,2024-25,ORL,MIA,0,0.5912441254788718
2024-12-26,2024-25,WAS,CHA,1,0.538324876366009
2024-12-26,2024-25,ATL,CHI,1,0.5694900949087255
2024-12-26,2024-25,MEM,TOR,1,0.8224912071814718
2024-12-26,2024-25,MIL,BKN,0,0.7370190279500065
2024-12-26,2024-25,NOP,HOU,0,0.3018452067585162
2024-12-26,2024-25,POR,UTA,1,0.4625164644299728
2024-12-26,2024-25,SAC,DET,0,0.6023921226890989
2024-12-27,2024-25,ORL,NYK,0,0.36319200673901153
2024-12-27,2024-25,BOS,IND,1,0.780020533136686
2024-12-27,2024-25,BKN,SAS,0,0.37490772230411706
2024-12-27,2024-25,HOU,MIN,0,0.5064720522900797
2024-12-27,2024-25,NOP,MEM,0,0.23539328163720064
2024-12-27,2024-25,DEN,CLE,0,0.49282333126956634
2024-12-27,2024-25,PHX,DAL,0,0.3723439179224743
2024-12-27,2024-25,LAC,GSW,1,0.6106477268016233
2024-12-28,2024-25,ATL,MIA,1,0.46862717253743336
2024-12-28,2024-25,CHA,OKC,0,0.12442351578946217
2024-12-28,2024-25,WAS,NYK,0,0.20617582214223687
2024-12-28,2024-25,CHI,MIL,1,0.46172193418230434
2024-12-28,2024-25,GSW,PHX,1,0.5493143178337303
2024-12-28,2024-25,DEN,DET,1,0.6468636052554972
2024-12-28,2024-25,UTA,PHI,0,0.3176344643698548
2024-12-28,2024-25,POR,DAL,1,0.29076394801311956
2024-12-28,2024-25,LAL,SAC,1,0.5817798861854178
2024-12-29,2024-25,ORL,BKN,1,0.76542162123403
2024-12-29,2024-25,BOS,IND,0,0.8016532070953512
2024-12-29,2024-25,TOR,ATL,0,0.5059073354106334
2024-12-29,2024-25,HOU,MIA,0,0.7052901009357501
2024-12-29,2024-25,OKC,MEM,1,0.5971901633661849
2024-12-29,2024-25,MIN,SAS,1,0.665983174111667
2024-12-30,2024-25,CHA,CHI,0,0.4033109522192343
2024-12-30,2024-25,WAS,NYK,0,0.15870715755092268
2024-12-30,2024-25,NOP,LAC,0,0.26291041124210407
2024-12-30,2024-25,UTA,DEN,0,0.29942997952262546
2024-12-30,2024-25,GSW,CLE,0,0.36686890613079826
2024-12-30,2024-25,POR,PHI,0,0.3286740090107904
2024-12-30,2024-25,SAC,DAL,1,0.41810709705961924
2024-12-31,2024-25,BOS,TOR,1,0.8682154967096847
2024-12-31,2024-25,IND,MIL,0,0.5511327170622448
2024-12-31,2024-25,SAS,LAC,1,0.49074795469553023
2024-12-31,2024-25,OKC,MIN,1,0.7363247499422907
2024-12-31,2024-25,PHX,MEM,0,0.4279585052539493
2024-12-31,2024-25,LAL,CLE,0,0.4836731534391749
2025-01-01,2024-25,DET,ORL,1,0.45529232346738774
2025-01-01,2024-25,WAS,CHI,1,0.3430929023094984
2025-01-01,2024-25,MIA,NOP,1,0.7702770624829899
2025-01-01,2024-25,NYK,UTA,1,0.8664645264212523
2025-01-01,2024-25,TOR,BKN,1,0.4787827770274784
2025-01-01,2024-25,HOU,DAL,1,0.6568860313095156
2025-01-01,2024-25,DEN,ATL,1,0.6644988195697742
2025-01-01,2024-25,SAC,PHI,1,0.49731818593822436
2025-01-02,2024-25,MIA,IND,0,0.5478346607037751
2025-01-02,2024-25,MIN,BOS,0,0.37500816388775116
2025-01-02,2024-25,MIL,BKN,0,0.8067692428131031
2025-01-02,2024-25,OKC,LAC,1,0.808022962734923
2025-01-02,2024-25,GSW,PHI,1,0.6454441695934973
2025-01-02,2024-25,LAL,POR,1,0.7578347360689139
2025-01-03,2024-25,DET,CHA,1,0.6965810469362289
2025-01-03,2024-25,TOR,ORL,0,0.33869210647310866
2025-01-03,2024-25,HOU,BOS,0,0.47913393702814044
2025-01-03,2024-25,NOP,WAS,1,0.6083166618127248
2025-01-03,2024-25,OKC,NYK,1,0.5787277932659252
2025-01-03,2024-25,DAL,CLE,0,0.3814395074006858
2025-01-03,2024-25,DEN,SAS,0,0.687143500656841
2025-01-03,2024-25,SAC,MEM,1,0.42603175450323455
2025-01-03,2024-25,LAL,ATL,1,0.5151407113957919
2025-01-04,2024-25,BKN,PHI,0,0.3960250768054833
2025-01-04,2024-25,DET,MIN,1,0.34106080535881406
2025-01-04,2024-25,IND,PHX,1,0.5879705710548904
2025-01-04,2024-25,MIA,UTA,0,0.7468780081236427
2025-01-04,2024-25,CHI,NYK,1,0.3510653872132476
2025-01-04,2024-25,MIL,POR,0,0.7707295841330096
2025-01-04,2024-25,SAS,DEN,0,0.5133419009662102
2025-01-04,2024-25,GSW,MEM,1,0.5561886836998772
2025-01-04,2024-25,LAC,ATL,1,0.6412194004157493
2025-01-05,2024-25,OKC,BOS,1,0.6016669533838093
2025-01-05,2024-25,CLE,CHA,1,0.8825251532093504
2025-01-05,2024-25,WAS,NOP,0,0.5005970465950798
2025-01-05,2024-25,ORL,UTA,0,0.7473273033518291
2025-01-05,2024-25,HOU,LAL,1,0.6164227538961944
2025-01-05,2024-25,GSW,SAC,0,0.5183337611492189
2025-01-06,2024-25,DET,POR,1,0.7068937665633162
2025-01-06,2024-25,PHI,PHX,0,0.5611817913241917
2025-01-06,2024-25,BKN,IND,0,0.2270893082981357
2025-01-06,2024-25,NYK,ORL,0,0.7911576889884907
2025-01-06,2024-25,TOR,MIL,0,0.3458752829332529
2025-01-06,2024-25,CHI,SAS,1,0.4948036588862463
2025-01-06,2024-25,MEM,DAL,1,0.6555083662567677
2025-01-06,2024-25,MIN,LAC,1,0.5503277666183843
2025-01-06,2024-25,SAC,MIA,1,0.6218772273562714
2025-01-07,2024-25,CHA,PHX,1,0.3593639795858894
2025-01-07,2024-25,WAS,HOU,0,0.21101516674334259
2025-01-07,2024-25,DAL,LAL,1,0.47904072483592014
2025-01-07,2024-25,NOP,MIN,0,0.41184953094326937
2025-01-07,2024-25,UTA,ATL,0,0.5403171630189958
2025-01-07,2024-25,DEN,BOS,0,0.4083815919185469
2025-01-07,2024-25,GSW,MIA,0,0.7108432860698095
2025-01-08,2024-25,CLE,OKC,1,0.40310945162105316
2025-01-08,2024-25,IND,CHI,1,0.6674350993514592
2025-01-08,2024-25,NYK,TOR,1,0.8398869136609265
2025-01-08,2024-25,PHI,WAS,1,0.8482795957626408
2025-01-08,2024-25,BKN,DET,0,0.2767423643796683
2025-01-08,2024-25,NOP,POR,0,0.5245034155030924
2025-01-08,2024-25,DEN,LAC,1,0.45747543661875095
2025-01-08,2024-25,MIL,SAS,1,0.5821866630901869
2025-01-09,2024-25,CLE,TOR,1,0.9019372140069667
2025-01-09,2024-25,DET,GSW,0,0.4753849045968874
2025-01-09,2024-25,ORL,MIN,0,0.5086811393052347
2025-01-09,2024-25,MEM,HOU,0,0.5958445063214898
2025-01-09,2024-25,DAL,POR,1,0.8190161128818528
2025-01-09,2024-25,PHX,ATL,1,0.6019410780579882
2025-01-09,2024-25,UTA,MIA,0,0.4892560406004832
2025-01-10,2024-25,IND,GSW,1,0.6739814321813978
2025-01-10,2024-25,ORL,MIL,0,0.46228805463683614
2025-01-10,2024-25,PHI,NOP,0,0.6936810906553665
2025-01-10,2024-25,BOS,SAC,0,0.7282276374198846
2025-01-10,2024-25,NYK,OKC,0,0.3482351878582733
2025-01-10,2024-25,CHI,WAS,1,0.7666784984164654
2025-01-10,2024-25,DEN,BKN,1,0.8679626823522256
2025-01-11,2024-25,PHX,UTA,1,0.6469562786711955
2025-01-11,2024-25,DET,TOR,1,0.7136990763306773
2025-01-11,2024-25,MIN,MEM,0,0.4953436775927464
2025-01-11,2024-25,POR,MIA,0,0.37355522969472543
2025-01-12,2024-25,NYK,MIL,1,0.6218816055915298
2025-01-12,2024-25,DAL,DEN,0,0.490114213892303
2025-01-12,2024-25,CHI,SAC,0,0.37260276636341744
2025-01-12,2024-25,BOS,NOP,1,0.9001014650918484
2025-01-12,2024-25,CLE,IND,0,0.6601320902311706
2025-01-12,2024-25,ORL,PHI,1,0.6241732526217698
2025-01-12,2024-25,WAS,OKC,0,0.0709408498679226
2025-01-12,2024-25,UTA,BKN,1,0.6734504186462376
2025-01-12,2024-25,PHX,CHA,1,0.6907008624426028
2025-01-13,2024-25,WAS,MIN,0,0.15058604630466685
2025-01-13,2024-25,NYK,DET,0,0.654127744485014
2025-01-13,2024-25,TOR,GSW,1,0.4018500858781924
2025-01-13,2024-25,HOU,MEM,1,0.5657862341034715
2025-01-13,2024-25,LAL,SAS,0,0.6107673614423528
2025-01-13,2024-25,LAC,MIA,1,0.6117928361287327
2025-01-14,2024-25,IND,CLE,0,0.47009523529384944
2025-01-14,2024-25,PHI,OKC,0,0.1767236234702932
2025-01-14,2024-25,ATL,PHX,1,0.5181504743521169
2025-01-14,2024-25,CHI,NOP,0,0.6508878938542504
2025-01-14,2024-25,MIL,SAC,1,0.4840344212122169
2025-01-14,2024-25,DAL,DEN,0,0.44925722354965997
2025-01-14,2024-25,POR,BKN,0,0.5930827447282877
2025-01-15,2024-25,PHI,NYK,0,0.21501563321633327
2025-01-15,2024-25,TOR,BOS,1,0.1608286469168029
2025-01-15,2024-25,CHI,ATL,0,0.5908392191008165
2025-01-15,2024-25,MIL,ORL,1,0.5342739981964262
2025-01-15,2024-25,MIN,GSW,0,0.6706633705678735
2025-01-15,2024-25,NOP,DAL,1,0.38655970318117966
2025-01-15,2024-25,SAS,MEM,0,0.4189097966354167
2025-01-15,2024-25,DEN,HOU,0,0.5085626559371352
2025-01-15,2024-25,UTA,CHA,0,0.6476281872316367
2025-01-15,2024-25,LAL,MIA,1,0.5157923698725949
2025-01-15,2024-25,LAC,BKN,1,0.8452823300810751
2025-01-16,2024-25,DET,IND,0,0.46475976915929434
2025-01-16,2024-25,WAS,PHX,0,0.2510888200956736
2025-01-16,2024-25,OKC,CLE,1,0.6727323134753991
2025-01-16,2024-25,POR,LAC,0,0.31248323923181054
2025-01-16,2024-25,SAC,HOU,1,0.5378474468279865
2025-01-17,2024-25,BOS,ORL,1,0.7725553601274001
2025-01-17,2024-25,NYK,MIN,0,0.6319432455854989
2025-01-17,2024-25,MIA,DEN,0,0.4678386585246868
2025-01-17,2024-25,MIL,TOR,1,0.7464722573683602
2025-01-17,2024-25,NOP,UTA,1,0.5922947332144621
2025-01-17,2024-25,SAS,MEM,0,0.40903259409609405
2025-01-17,2024-25,DAL,OKC,1,0.31333983168808394
2025-01-17,2024-25,CHI,CHA,0,0.6614649124491018
2025-01-17,2024-25,LAL,BKN,1,0.8349952311180915
2025-01-18,2024-25,DET,PHX,0,0.5536972908507285
2025-01-18,2024-25,BOS,ATL,0,0.7175850125462594
2025-01-18,2024-25,IND,PHI,1,0.7653193729350719
2025-01-18,2024-25,GSW,WAS,1,0.8378683324383236
2025-01-18,2024-25,MIN,CLE,0,0.37849949541913286
2025-01-18,2024-25,POR,HOU,0,0.20571613958854856
2025-01-19,2024-25,MIA,SAS,1,0.5687621756773314
2025-01-19,2024-25,ORL,DEN,0,0.33537070251150086
2025-01-19,2024-25,MIL,PHI,1,0.802601913143501
2025-01-19,2024-25,OKC,BKN,1,0.9221040832616989
2025-01-19,2024-25,LAC,LAL,1,0.6751949579628754
2025-01-19,2024-25,POR,CHI,1,0.2941849322488598
2025-01-19,2024-25,SAC,WAS,1,0.9223360114968666
2025-01-20,2024-25,CHA,DAL,1,0.30920559781238094
2025-01-20,2024-25,HOU,DET,0,0.7155273307689142
2025-01-20,2024-25,MEM,MIN,1,0.6427044266202464
2025-01-20,2024-25,NYK,ATL,1,0.6524114336646017
2025-01-20,2024-25,CLE,PHX,1,0.7940741605686411
2025-01-20,2024-25,GSW,BOS,0,0.3121647345440892
2025-01-20,2024-25,NOP,UTA,1,0.6859797415733374
2025-01-20,2024-25,LAC,CHI,0,0.797737591735224
2025-01-21,2024-25,BKN,NYK,0,0.25203883971069735
2025-01-21,2024-25,MIA,POR,0,0.7500771016132831
2025-01-21,2024-25,TOR,ORL,1,0.4706328222306506
2025-01-21,2024-25,DEN,PHI,1,0.8152681623241722
2025-01-21,2024-25,LAL,WAS,1,0.8186290060942045
2025-01-22,2024-25,ATL,DET,0,0.5584364308751142
2025-01-22,2024-25,BKN,PHX,0,0.2749254314583602
2025-01-22,2024-25,DAL,MIN,0,0.5765133626874278
2025-01-22,2024-25,HOU,CLE,1,0.46611244375951677
2025-01-22,2024-25,MEM,CHA,1,0.7707328528867865
2025-01-22,2024-25,OKC,UTA,1,0.9105839403370187
2025-01-22,2024-25,SAC,GSW,1,0.7235605561267532
2025-01-22,2024-25,LAC,BOS,0,0.34040357136843874
2025-01-23,2024-25,ORL,POR,0,0.586299743283235
2025-01-23,2024-25,ATL,TOR,0,0.6364217505810522
2025-01-23,2024-25,MIL,MIA,1,0.6769064473764701
2025-01-23,2024-25,OKC,DAL,0,0.7791317537843919
2025-01-23,2024-25,DEN,SAC,1,0.7107680887052538
2025-01-23,2024-25,GSW,CHI,1,0.4573991648912714
2025-01-23,2024-25,LAL,BOS,1,0.3894769154133958
2025-01-23,2024-25,LAC,WAS,1,0.7914351734889327
2025-01-24,2024-25,CHA,POR,0,0.7001299575090539
2025-01-24,2024-25,PHI,CLE,1,0.20656748516633833
2025-01-24,2024-25,MEM,NOP,1,0.7400367765803976
2025-01-25,2024-25,MIN,DEN,1,0.4481591248469613
2025-01-25,2024-25,DAL,BOS,0,0.4505815919115281
2025-01-25,2024-25,BKN,MIA,0,0.25119024046250393
2025-01-25,2024-25,CHA,NOP,1,0.5577934891581778
2025-01-25,2024-25,ORL,DET,1,0.40708450935057267
2025-01-25,2024-25,ATL,TOR,0,0.6302785869754789
2025-01-25,2024-25,CLE,HOU,0,0.569431787382845
2025-01-25,2024-25,NYK,SAC,1,0.6203657565385552
2025-01-25,2024-25,CHI,PHI,0,0.6409745548699387
2025-01-25,2024-25,MEM,UTA,1,0.7219378319671056
2025-01-25,2024-25,GSW,LAL,0,0.4894558663859882
2025-01-25,2024-25,PHX,WAS,1,0.8325240144320531
2025-01-25,2024-25,LAC,MIL,1,0.5466296975949274
2025-01-26,2024-25,POR,OKC,0,0.16194713174818706
2025-01-27,2024-25,CHA,LAL,0,0.4196055543237474
2025-01-27,2024-25,CLE,DET,1,0.7154355768413385
2025-01-27,2024-25,BOS,HOU,0,0.6137644307950952
2025-01-27,2024-25,BKN,SAC,0,0.1947933252087457
2025-01-27,2024-25,MIA,ORL,1,0.5407914109585537
2025-01-27,2024-25,NYK,MEM,1,0.5543996166222807
2025-01-27,2024-25,TOR,NOP,1,0.6334106390431701
2025-01-27,2024-25,CHI,DEN,1,0.2890370895438893
2025-01-27,2024-25,MIN,ATL,1,0.7562749039144204
2025-01-27,2024-25,DAL,WAS,1,0.8708104499536311
2025-01-27,2024-25,UTA,MIL,0,0.28388106517612144
2025-01-27,2024-25,PHX,LAC,1,0.4021117005548565
2025-01-28,2024-25,ATL,HOU,0,0.28740575678774705
2025-01-28,2024-25,PHI,LAL,1,0.5297869726937621
2025-01-28,2024-25,GSW,UTA,1,0.7575890846478432
2025-01-28,2024-25,POR,MIL,1,0.3666747717576009
2025-01-29,2024-25,CHA,BKN,0,0.7431768670250657
2025-01-29,2024-25,IND,DET,1,0.7335117797536642
2025-01-29,2024-25,WAS,TOR,0,0.26917745202281185
2025-01-29,2024-25,BOS,CHI,1,0.7923022976228303
2025-01-29,2024-25,MIA,CLE,0,0.3388835849573093
2025-01-29,2024-25,NYK,DEN,1,0.5773858656376136
2025-01-29,2024-25,PHI,SAC,1,0.3350062256314368
2025-01-29,2024-25,NOP,DAL,0,0.3819974922946559
2025-01-29,2024-25,SAS,LAC,0,0.4290603932769992
2025-01-29,2024-25,PHX,MIN,0,0.4438044563833121
2025-01-29,2024-25,GSW,OKC,1,0.16194160981905453
2025-01-30,2024-25,WAS,LAL,0,0.16721368445663484
2025-01-30,2024-25,CLE,ATL,1,0.7842424532677866
2025-01-30,2024-25,MEM,HOU,1,0.5054216355658744
2025-01-30,2024-25,UTA,MIN,0,0.30274897464610157
2025-01-30,2024-25,POR,ORL,1,0.44063927307157347
2025-01-31,2024-25,CHA,LAC,0,0.24406264390501597
2025-01-31,2024-25,DET,DAL,1,0.45851273963391204
2025-01-31,2024-25,PHI,DEN,0,0.3605427590198161
2025-01-31,2024-25,TOR,CHI,0,0.6381729701670185
2025-01-31,2024-25,NOP,BOS,0,0.22261925333940133
2025-01-31,2024-25,SAS,MIL,1,0.41402682756856385
2025-01-31,2024-25,GSW,PHX,0,0.6034884614690986
2025-02-01,2024-25,IND,ATL,1,0.7963949713716473
2025-02-01,2024-25,UTA,ORL,1,0.47491984567024415
2025-02-01,2024-25,CHA,DEN,0,0.2561948741051888
2025-02-01,2024-25,HOU,BKN,0,0.8528532490524537
2025-02-01,2024-25,MIN,WAS,0,0.9164154520101834
2025-02-01,2024-25,OKC,SAC,1,0.7915889194877999
2025-02-01,2024-25,NYK,LAL,0,0.7338862249919224
2025-02-01,2024-25,SAS,MIA,0,0.5263190388941327
2025-02-01,2024-25,POR,PHX,1,0.5146355194508597
2025-02-02,2024-25,DET,CHI,1,0.6217573919156346
2025-02-02,2024-25,CLE,DAL,1,0.6901146787587404
2025-02-02,2024-25,TOR,LAC,1,0.32724957822107503
2025-02-02,2024-25,PHI,BOS,0,0.2784652926595421
2025-02-02,2024-25,MIL,MEM,0,0.4578710664080291
2025-02-03,2024-25,CHA,WAS,0,0.690564554636639
2025-02-03,2024-25,DET,ATL,0,0.6197857343211929
2025-02-03,2024-25,NYK,HOU,1,0.5947513939898307
2025-02-03,2024-25,MEM,SAS,1,0.6724451192792361
2025-02-03,2024-25,MIN,SAC,0,0.649952450629091
2025-02-03,2024-25,OKC,MIL,1,0.8689033444390204
2025-02-03,2024-25,DEN,NOP,1,0.8293680905787301
2025-02-03,2024-25,UTA,IND,0,0.2537629263588981
2025-02-03,2024-25,GSW,ORL,1,0.6378986221178421
2025-02-03,2024-25,POR,PHX,1,0.49055293402234007
2025-02-04,2024-25,CLE,BOS,0,0.5472322329286881
2025-02-04,2024-25,BKN,HOU,1,0.4160157878702338
2025-02-04,2024-25,PHI,DAL,1,0.5733437912802293
2025-02-04,2024-25,TOR,NYK,0,0.388501820500099
2025-02-04,2024-25,CHI,MIA,1,0.5126591918722748
2025-02-04,2024-25,LAC,LAL,0,0.6357511439521053
2025-02-04,2024-25,POR,IND,1,0.42241776190861
2025-02-05,2024-25,CHA,MIL,0,0.4468154061301789
2025-02-05,2024-25,DET,CLE,0,0.4187384666792248
2025-02-05,2024-25,ATL,SAS,0,0.5217846119162983
2025-02-05,2024-25,BKN,WAS,0,0.5694489402739515
2025-02-05,2024-25,PHI,MIA,0,0.6074547891916924
2025-02-05,2024-25,TOR,MEM,0,0.22728365351389548
2025-02-05,2024-25,MIN,CHI,1,0.7810260404389938
2025-02-05,2024-25,OKC,PHX,1,0.8373544496316567
2025-02-05,2024-25,UTA,GSW,1,0.38602331882826807
2025-02-05,2024-25,DEN,NOP,1,0.8301386805268018
2025-02-05,2024-25,SAC,ORL,0,0.7114209268211822
2025-02-06,2024-25,BOS,DAL,0,0.7808501127275727
2025-02-06,2024-25,MIN,HOU,1,0.5222942330979813
2025-02-06,2024-25,DEN,ORL,1,0.7914430731851735
2025-02-06,2024-25,LAL,GSW,1,0.7201531026159804
2025-02-06,2024-25,POR,SAC,1,0.6069456016817667
2025-02-06,2024-25,LAC,IND,0,0.4971200401823632
2025-02-07,2024-25,CHA,SAS,1,0.351171793170624
2025-02-07,2024-25,WAS,CLE,0,0.1582375176521686
2025-02-07,2024-25,ATL,MIL,1,0.44560983344837435
2025-02-07,2024-25,BKN,MIA,1,0.41694930896815874
2025-02-07,2024-25,DET,PHI,1,0.5981708282577234
2025-02-07,2024-25,OKC,TOR,1,0.9091576333939255
2025-02-07,2024-25,PHX,UTA,1,0.5806923608695127
2025-02-08,2024-25,DAL,HOU,1,0.547097908942144
2025-02-08,2024-25,LAL,IND,1,0.5770557461801987
2025-02-08,2024-25,ORL,SAS,1,0.5769403600098971
2025-02-08,2024-25,WAS,ATL,0,0.3608725205254068
2025-02-08,2024-25,CHI,GSW,0,0.4867869831262737
2025-02-08,2024-25,MEM,OKC,0,0.49079228184723644
2025-02-08,2024-25,MIN,POR,1,0.7061149594866984
2025-02-08,2024-25,NYK,BOS,0,0.5299418579536483
2025-02-08,2024-25,PHX,DEN,0,0.2773447436577655
2025-02-08,2024-25,SAC,NOP,1,0.7473100294461755
2025-02-08,2024-25,LAC,UTA,1,0.8102053425189313
2025-02-09,2024-25,DET,CHA,1,0.7591960793582766
2025-02-09,2024-25,HOU,TOR,1,0.7267922876807593
2025-02-09,2024-25,MIL,PHI,1,0.542915617767834
2025-02-10,2024-25,CLE,MIN,1,0.6118877577327974
2025-02-10,2024-25,ORL,ATL,0,0.5267880678047814
2025-02-10,2024-25,WAS,SAS,0,0.3243498037951677
2025-02-10,2024-25,BKN,CHA,1,0.6687638677780745
2025-02-10,2024-25,MIA,BOS,0,0.2513199202874097
2025-02-10,2024-25,MIL,GSW,0,0.4232044297223597
2025-02-10,2024-25,OKC,NOP,1,0.9171065490262206
2025-02-10,2024-25,DAL,SAC,0,0.6031318475517629
2025-02-10,2024-25,DEN,POR,1,0.717246591488351
2025-02-10,2024-25,LAL,UTA,1,0.8198810994028762
2025-02-11,2024-25,PHI,TOR,0,0.7047515235807889
2025-02-11,2024-25,IND,NYK,0,0.543854128697676
2025-02-11,2024-25,CHI,DET,0,0.4425897599790465
2025-02-11,2024-25,PHX,MEM,0,0.3311217026526898
2025-02-12,2024-25,BOS,SAS,1,0.8062987952973885
2025-02-12,2024-25,ORL,CHA,1,0.6955566110463103
2025-02-12,2024-25,WAS,IND,0,0.27303198884808655
2025-02-12,2024-25,BKN,PHI,1,0.5040430262459257
2025-02-12,2024-25,NYK,ATL,1,0.6485144157767934
2025-02-12,2024-25,TOR,CLE,0,0.1625562635771201
2025-02-12,2024-25,CHI,DET,0,0.42686423045170085
2025-02-12,2024-25,MIN,MIL,0,0.7019246716148927
2025-02-12,2024-25,NOP,SAC,0,0.29175062578628513
2025-02-12,2024-25,OKC,MIA,1,0.8776822199651496
2025-02-12,2024-25,HOU,PHX,1,0.7112896625819823
2025-02-12,2024-25,DEN,POR,1,0.779316253769005
2025-02-12,2024-25,UTA,LAL,1,0.2621452580534765
2025-02-12,2024-25,DAL,GSW,1,0.5115380538678085
2025-02-12,2024-25,LAC,MEM,1,0.5849598438854907
2025-02-13,2024-25,HOU,GSW,0,0.5441160400669565
2025-02-13,2024-25,NOP,SAC,1,0.3528252272218767
2025-02-13,2024-25,DAL,MIA,1,0.6565615256144142
2025-02-13,2024-25,MIN,OKC,1,0.31292542224019837
2025-02-13,2024-25,UTA,LAC,0,0.35450550514808593
2025-02-19,2024-25,LAL,CHA,0,0.833280721733017
2025-02-20,2024-25,IND,MEM,1,0.519834531485196
2025-02-20,2024-25,PHI,BOS,0,0.21130094904168073
2025-02-20,2024-25,ATL,ORL,0,0.6530747324540693
2025-02-20,2024-25,BKN,CLE,0,0.20975524010284574
2025-02-20,2024-25,NYK,CHI,1,0.7972685313031602
2025-02-20,2024-25,MIL,LAC,1,0.392531708280324
2025-02-20,2024-25,DEN,CHA,1,0.8968682378788102
2025-02-20,2024-25,SAS,PHX,1,0.6275891498259797
2025-02-20,2024-25,POR,LAL,0,0.4469773890129307
2025-02-21,2024-25,CLE,NYK,1,0.6517172351730819
2025-02-21,2024-25,ORL,MEM,0,0.4349808588880438
2025-02-21,2024-25,WAS,MIL,0,0.39144441498179544
2025-02-21,2024-25,TOR,MIA,0,0.4823181037241431
2025-02-21,2024-25,HOU,MIN,1,0.49839632296732833
2025-02-21,2024-25,SAS,DET,0,0.3449240069050714
2025-02-21,2024-25,DAL,NOP,1,0.7048389478817099
2025-02-21,2024-25,UTA,OKC,0,0.159610650182378
2025-02-21,2024-25,SAC,GSW,0,0.4926162315729939
2025-02-22,2024-25,CHI,PHX,0,0.4465088306737128
2025-02-22,2024-25,PHI,BKN,0,0.6451403331702618
2025-02-22,2024-25,DEN,LAL,0,0.6720651638213593
2025-02-22,2024-25,UTA,HOU,1,0.35737137480657494
2025-02-22,2024-25,POR,CHA,1,0.6840460921131748
2025-02-23,2024-25,BOS,NYK,1,0.6965631151850953
2025-02-23,2024-25,GSW,DAL,1,0.5735674273293773
2025-02-23,2024-25,IND,LAC,1,0.5331932350238906
2025-02-23,2024-25,ATL,DET,0,0.48535279666675946
2025-02-23,2024-25,ORL,WAS,1,0.768052635079781
2025-02-23,2024-25,TOR,PHX,1,0.48969542358693896
2025-02-23,2024-25,MIL,MIA,1,0.5839406164282246
2025-02-23,2024-25,NOP,SAS,1,0.4492806458449981
2025-02-23,2024-25,CLE,MEM,1,0.6765026321483281
2025-02-23,2024-25,MIN,OKC,0,0.34716880990824733
2025-02-24,2024-25,DET,LAC,1,0.6434331063538595
2025-02-24,2024-25,IND,DEN,0,0.47500521410358054
2025-02-24,2024-25,PHI,CHI,0,0.6227278996579546
2025-02-24,2024-25,WAS,BKN,1,0.35196730672078896
2025-02-24,2024-25,ATL,MIA,1,0.6301753386721166
2025-02-24,2024-25,OKC,MIN,0,0.7919860689698135
2025-02-24,2024-25,UTA,POR,0,0.4395602858445122
2025-02-24,2024-25,SAC,CHA,1,0.7584059871338394
2025-02-25,2024-25,TOR,BOS,0,0.17864383911287413
2025-02-25,2024-25,ORL,CLE,0,0.21270692493635382
2025-02-25,2024-25,HOU,MIL,1,0.588922635003768
2025-02-25,2024-25,MEM,PHX,1,0.7167348475947698
2025-02-25,2024-25,NOP,SAS,1,0.4948414424172198
2025-02-25,2024-25,GSW,CHA,1,0.9117864556715554
2025-02-25,2024-25,LAL,DAL,1,0.6883166295797973
2025-02-26,2024-25,DET,BOS,1,0.499007860115627
2025-02-26,2024-25,IND,TOR,1,0.8518825282716309
2025-02-26,2024-25,NYK,PHI,1,0.8223878956197851
2025-02-26,2024-25,WAS,POR,0,0.333954177108174
2025-02-26,2024-25,BKN,OKC,0,0.10979969149231475
2025-02-26,2024-25,MIA,ATL,1,0.5010797436628416
2025-02-26,2024-25,CHI,LAC,0,0.433887539407048
2025-02-26,2024-25,UTA,SAC,0,0.3357390679550355
2025-02-26,2024-25,HOU,SAS,1,0.7064170109698985
2025-02-27,2024-25,ORL,GSW,0,0.33627921588051196
2025-02-27,2024-25,MIL,DEN,1,0.3758685459762445
2025-02-27,2024-25,DAL,CHA,1,0.8630649478257602
2025-02-27,2024-25,PHX,NOP,0,0.6352518663236496
2025-02-27,2024-25,LAL,MIN,1,0.5832082874029113
2025-02-28,2024-25,DET,DEN,0,0.5801869536046788
2025-02-28,2024-25,ATL,OKC,0,0.19897706304572887
2025-02-28,2024-25,BOS,CLE,0,0.5039657998738569
2025-02-28,2024-25,BKN,POR,0,0.39169905663005355
2025-02-28,2024-25,MIA,IND,1,0.39268384533205386
2025-02-28,2024-25,CHI,TOR,1,0.6141452887806277
2025-02-28,2024-25,MEM,NYK,0,0.578540476982119
2025-02-28,2024-25,PHX,NOP,1,0.6298418502736736
2025-02-28,2024-25,UTA,MIN,1,0.32760876287664326
2025-02-28,2024-25,LAL,LAC,1,0.5767485332228661
2025-03-01,2024-25,CHA,WAS,0,0.5389249757882718
2025-03-01,2024-25,DET,BKN,1,0.8331970617751535
2025-03-01,2024-25,HOU,SAC,0,0.5603067446739057
2025-03-01,2024-25,MEM,SAS,0,0.721955904374571
2025-03-01,2024-25,PHI,GSW,1,0.2701214969660105
2025-03-01,2024-25,DAL,MIL,0,0.5541116061693059
2025-03-02,2024-25,BOS,DEN,1,0.6329264393727848
2025-03-02,2024-25,CLE,POR,1,0.880105625263991
2025-03-02,2024-25,IND,CHI,1,0.7573398098156774
2025-03-02,2024-25,MIA,NYK,0,0.4065949298870732
2025-03-02,2024-25,ORL,TOR,0,0.6446478806167214
2025-03-02,2024-25,SAS,OKC,0,0.14608150871015496
2025-03-02,2024-25,UTA,NOP,0,0.5788331137541007
2025-03-02,2024-25,PHX,MIN,0,0.39067003196336064
2025-03-02,2024-25,LAL,LAC,1,0.5943644574761093
2025-03-03,2024-25,CHA,GSW,0,0.1767579872054262
2025-03-03,2024-25,PHI,POR,0,0.5980841840106084
2025-03-03,2024-25,MIA,WAS,1,0.7517014743786787
2025-03-03,2024-25,MEM,ATL,0,0.6699995987866091
2025-03-03,2024-25,OKC,HOU,1,0.7158326553337319
2025-03-03,2024-25,DAL,SAC,0,0.5020855447446962
2025-03-03,2024-25,UTA,DET,0,0.20112835116851055
2025-03-04,2024-25,IND,HOU,1,0.7973384421393558
2025-03-04,2024-25,ORL,TOR,0,0.612092520122634
2025-03-04,2024-25,ATL,MIL,0,0.37027275499361195
2025-03-04,2024-25,NYK,GSW,0,0.67755065446334
2025-03-04,2024-25,CHI,CLE,0,0.19586771473785397
2025-03-04,2024-25,MIN,PHI,1,0.8593373481516471
2025-03-04,2024-25,SAS,BKN,1,0.6883584745833868
2025-03-04,2024-25,PHX,LAC,1,0.4245484963596596
2025-03-04,2024-25,LAL,NOP,1,0.7869876782551376
2025-03-05,2024-25,BOS,POR,1,0.8188781357858631
2025-03-05,2024-25,CHA,MIN,0,0.24747270757600126
2025-03-05,2024-25,CLE,MIA,1,0.7434058546304572
2025-03-05,2024-25,WAS,UTA,1,0.4792651224429056
2025-03-05,2024-25,MEM,OKC,0,0.2739672368224874
2025-03-05,2024-25,DEN,SAC,1,0.6678342604671841
2025-03-05,2024-25,MIL,DAL,1,0.5849917973684833
2025-03-05,2024-25,LAC,DET,1,0.45989568195079
2025-03-06,2024-25,ATL,IND,1,0.3346581694362324
2025-03-06,2024-25,BOS,PHI,1,0.8519231511640986
2025-03-06,2024-25,BKN,GSW,0,0.21105013571555775
2025-03-06,2024-25,NOP,HOU,0,0.39957242752419764
2025-03-06,2024-25,LAL,NYK,1,0.6210148902269169
2025-03-06,2024-25,ORL,CHI,0,0.6101668503343206
2025-03-07,2024-25,CHA,CLE,0,0.0906269817110034
2025-03-07,2024-25,TOR,UTA,1,0.6848224245076788
2025-03-07,2024-25,DAL,MEM,0,0.3622250511269406
2025-03-07,2024-25,MIA,MIN,0,0.45319164868150236
2025-03-07,2024-25,OKC,POR,1,0.87042096872483
2025-03-07,2024-25,DEN,PHX,1,0.7522811631750043
2025-03-07,2024-25,SAC,SAS,1,0.687841362293511
2025-03-07,2024-25,LAC,NYK,1,0.5109346023938499
2025-03-08,2024-25,CHA,BKN,1,0.41309440127411823
2025-03-08,2024-25,HOU,NOP,1,0.7162627750134527
2025-03-08,2024-25,ATL,IND,1,0.37199667967648326
2025-03-08,2024-25,TOR,WAS,0,0.6614287159372954
2025-03-08,2024-25,MIA,CHI,0,0.6291287740827903
2025-03-08,2024-25,MIL,ORL,0,0.7301874132613678
2025-03-08,2024-25,BOS,LAL,1,0.5818117772370968
2025-03-08,2024-25,GSW,DET,1,0.6239799021102058
2025-03-09,2024-25,OKC,DEN,1,0.6370380615196931
2025-03-09,2024-25,DAL,PHX,0,0.4757010409160553
2025-03-09,2024-25,MIL,CLE,0,0.2643600055910059
2025-03-09,2024-25,NOP,MEM,0,0.2454871381711057
2025-03-09,2024-25,PHI,UTA,1,0.6060164024395607
2025-03-09,2024-25,MIN,SAS,1,0.7754283334208413
2025-03-09,2024-25,POR,DET,0,0.4384523316057158
2025-03-09,2024-25,LAC,SAC,1,0.5921369545137722
2025-03-10,2024-25,ATL,PHI,1,0.7900505171739369
2025-03-10,2024-25,BOS,UTA,1,0.9482200918884529
2025-03-10,2024-25,BKN,LAL,1,0.17961588431052436
2025-03-10,2024-25,MIA,CHA,0,0.81738546171527
2025-03-10,2024-25,TOR,WAS,1,0.7484726031696218
2025-03-10,2024-25,CHI,IND,1,0.3756870781198327
2025-03-10,2024-25,HOU,ORL,1,0.6640547765119944
2025-03-10,2024-25,MEM,PHX,1,0.677768610123865
2025-03-10,2024-25,OKC,DEN,0,0.7724272199493516
2025-03-10,2024-25,SAS,DAL,0,0.6266945310269347
2025-03-10,2024-25,GSW,POR,1,0.8161552534594464
2025-03-10,2024-25,SAC,NYK,0,0.4587406960066711
2025-03-11,2024-25,CLE,BKN,1,0.932690411128776
2025-03-11,2024-25,DET,WAS,1,0.9252154507111652
2025-03-11,2024-25,IND,MIL,1,0.5156959686342717
2025-03-11,2024-25,NOP,LAC,1,0.22837379302943
2025-03-12,2024-25,ATL,CHA,1,0.7506622728611718
2025-03-12,2024-25,BOS,OKC,0,0.4751601567150122
2025-03-12,2024-25,TOR,PHI,1,0.6863740485227299
2025-03-12,2024-25,MIA,LAC,0,0.48022289429322734
2025-03-12,2024-25,HOU,PHX,1,0.6455184673948675
2025-03-12,2024-25,MEM,UTA,1,0.7305784101007422
2025-03-12,2024-25,SAS,DAL,1,0.5482222981920795
2025-03-12,2024-25,DEN,MIN,0,0.5851593573578381
2025-03-12,2024-25,POR,NYK,0,0.37133679376309636
2025-03-13,2024-25,DET,WAS,0,0.8458893038770082
2025-03-13,2024-25,MIL,LAL,1,0.4922562292111076
2025-03-13,2024-25,CHI,BKN,1,0.7314858205682018
2025-03-13,2024-25,GSW,SAC,1,0.7170333553124983
2025-03-13,2024-25,NOP,ORL,0,0.5311675173677457
2025-03-14,2024-25,MIA,BOS,0,0.22508079590764318
2025-03-14,2024-25,PHI,IND,0,0.2122959592532052
2025-03-14,2024-25,ATL,LAC,0,0.4544800610008316
2025-03-14,2024-25,HOU,DAL,1,0.7726159410596455
2025-03-14,2024-25,MEM,CLE,0,0.38336433030534545
2025-03-14,2024-25,MIN,ORL,1,0.8382497724050045
2025-03-14,2024-25,SAS,CHA,0,0.6923984659480971
2025-03-14,2024-25,DEN,LAL,1,0.6796000358338139
2025-03-14,2024-25,UTA,TOR,0,0.485070068372563
2025-03-14,2024-25,PHX,SAC,1,0.5863136690492352
2025-03-15,2024-25,BKN,BOS,0,0.19308777222232404
2025-03-15,2024-25,DET,OKC,0,0.3051356512368917
2025-03-15,2024-25,HOU,CHI,1,0.6418771294145802
2025-03-15,2024-25,MEM,MIA,1,0.6992752143660617
2025-03-15,2024-25,MIL,IND,1,0.5961359535619041
2025-03-15,2024-25,SAS,NOP,1,0.5174142968468122
2025-03-15,2024-25,GSW,NYK,1,0.5800668301157915
2025-03-15,2024-25,DEN,WAS,0,0.8213241548754286
2025-03-16,2024-25,LAC,CHA,1,0.832588129548095
2025-03-16,2024-25,DAL,PHI,0,0.6301236774085192
2025-03-16,2024-25,LAL,PHX,1,0.5528655672225924
2025-03-16,2024-25,BKN,ATL,1,0.3938485110526409
2025-03-16,2024-25,CLE,ORL,0,0.8337846688216408
2025-03-16,2024-25,POR,TOR,1,0.5837042364370065
2025-03-16,2024-25,MIN,UTA,1,0.8694829984234552
2025-03-16,2024-25,MIL,OKC,0,0.3293367943856676
2025-03-17,2024-25,LAL,SAS,1,0.7284493582786364
2025-03-17,2024-25,NYK,MIA,1,0.7957191744923994
2025-03-17,2024-25,HOU,PHI,1,0.8851965288109828
2025-03-17,2024-25,MIN,IND,0,0.5479299604830181
2025-03-17,2024-25,NOP,DET,0,0.2697936987481361
2025-03-17,2024-25,UTA,CHI,0,0.328876026068858
2025-03-17,2024-25,GSW,DEN,0,0.622351077699257
2025-03-17,2024-25,PHX,TOR,1,0.6104244485612192
2025-03-17,2024-25,SAC,MEM,1,0.48061849474970675
2025-03-17,2024-25,POR,WAS,1,0.6602823095677294
2025-03-18,2024-25,CHA,ATL,0,0.4140515358915731
2025-03-18,2024-25,BOS,BKN,1,0.9032159272595391
2025-03-18,2024-25,LAC,CLE,1,0.3965348533079081
2025-03-18,2024-25,GSW,MIL,1,0.6374194501033735
2025-03-19,2024-25,UTA,WAS,1,0.5580714792362822
2025-03-19,2024-25,IND,DAL,1,0.7751759304593381
2025-03-19,2024-25,ORL,HOU,0,0.3799919753384502
2025-03-19,2024-25,MIA,DET,0,0.3496139116723453
2025-03-19,2024-25,MIN,NOP,0,0.8737247608412003
2025-03-19,2024-25,OKC,PHI,1,0.9266359465244348
2025-03-19,2024-25,SAS,NYK,1,0.27257856851277873
2025-03-19,2024-25,LAL,DEN,1,0.553010254620658
2025-03-19,2024-25,PHX,CHI,1,0.5518543774324846
2025-03-19,2024-25,POR,MEM,1,0.39039321647770187
2025-03-19,2024-25,SAC,CLE,1,0.39657431091883233
2025-03-20,2024-25,LAL,MIL,0,0.5769948498048648
2025-03-20,2024-25,GSW,TOR,1,0.8346205918382716
2025-03-20,2024-25,CHA,NYK,1,0.23292803748108007
2025-03-20,2024-25,IND,BKN,1,0.7438984034686035
2025-03-20,2024-25,SAC,CHI,0,0.6584978942045354
2025-03-21,2024-25,WAS,ORL,0,0.33434695387977525
2025-03-21,2024-25,MIA,HOU,0,0.3151577799747765
2025-03-21,2024-25,MIN,NOP,1,0.8550014785170055
2025-03-21,2024-25,OKC,CHA,1,0.9361362535128281
2025-03-21,2024-25,SAS,PHI,1,0.6700935049258707
2025-03-21,2024-25,DAL,DET,1,0.27467646899238274
2025-03-21,2024-25,UTA,BOS,0,0.14997594631961078
2025-03-21,2024-25,PHX,CLE,1,0.27331156936645473
2025-03-21,2024-25,POR,DEN,1,0.4218564931457559
2025-03-21,2024-25,LAC,MEM,1,0.6663844010333545
2025-03-22,2024-25,IND,BKN,1,0.803070225690718
2025-03-22,2024-25,ATL,GSW,1,0.31506737737826396
2025-03-22,2024-25,NYK,WAS,1,0.88282894782818
2025-03-22,2024-25,SAC,MIL,0,0.5154097277936377
2025-03-22,2024-25,LAL,CHI,0,0.444430035641511
2025-03-23,2024-25,DET,NOP,1,0.8671927842691171
2025-03-23,2024-25,UTA,CLE,0,0.14439936187655483
2025-03-23,2024-25,ATL,PHI,1,0.6739430751453794
2025-03-23,2024-25,MIA,CHA,1,0.7326153664424715
2025-03-23,2024-25,TOR,SAS,0,0.49389162437590733
2025-03-23,2024-25,POR,BOS,0,0.29259115473528186
2025-03-23,2024-25,HOU,DEN,0,0.6524759509597124
2025-03-23,2024-25,LAC,OKC,0,0.3731194032874565
2025-03-24,2024-25,IND,MIN,1,0.47974112265581603
2025-03-24,2024-25,ORL,LAL,1,0.4361611255913327
2025-03-24,2024-25,WAS,TOR,0,0.5741333657148416
2025-03-24,2024-25,BKN,DAL,0,0.4578279824357687
2025-03-24,2024-25,NOP,PHI,1,0.5786160814904905
2025-03-24,2024-25,DEN,CHI,0,0.5506568629816985
2025-03-24,2024-25,PHX,MIL,1,0.5804994940710654
2025-03-24,2024-25,SAC,BOS,0,0.36568924094494926
2025-03-25,2024-25,CHA,ORL,0,0.40716186974920654
2025-03-25,2024-25,DET,SAS,1,0.6933115753283797
2025-03-25,2024-25,MIA,GSW,1,0.3266233473539298
2025-03-25,2024-25,NYK,DAL,1,0.8134264591168338
2025-03-25,2024-25,HOU,ATL,1,0.7142093692657048
2025-03-25,2024-25,UTA,MEM,0,0.24224977945608941
2025-03-25,2024-25,POR,CLE,0,0.29614769981054884
2025-03-25,2024-25,SAC,OKC,0,0.1536914195676646
2025-03-26,2024-25,PHI,WAS,0,0.4938465078538955
2025-03-26,2024-25,BKN,TOR,0,0.4889867583628641
2025-03-26,2024-25,IND,LAL,0,0.583490375288528
2025-03-26,2024-25,NYK,LAC,0,0.38975323957609065
2025-03-26,2024-25,DEN,MIL,1,0.5231548648123834
2025-03-26,2024-25,PHX,BOS,0,0.32820646649652174
2025-03-27,2024-25,CLE,SAS,1,0.8104536321959406
2025-03-27,2024-25,ORL,DAL,0,0.7419704968136488
2025-03-27,2024-25,WAS,IND,0,0.20008004608022312
2025-03-27,2024-25,MIA,ATL,1,0.5613139565589073
2025-03-27,2024-25,CHI,LAL,1,0.6162983136158132
2025-03-27,2024-25,OKC,MEM,1,0.8037693435063616
2025-03-27,2024-25,UTA,HOU,0,0.15486495980998183
2025-03-27,2024-25,SAC,POR,1,0.5161762395969113
2025-03-28,2024-25,DET,CLE,1,0.5222824118208771
2025-03-28,2024-25,BKN,LAC,0,0.16204671157664546
2025-03-28,2024-25,TOR,CHA,1,0.6602249142751598
2025-03-28,2024-25,MIL,NYK,0,0.5113693552933022
2025-03-28,2024-25,MIN,PHX,1,0.7254987115716379
2025-03-28,2024-25,NOP,GSW,0,0.20937120419394326
2025-03-28,2024-25,DEN,UTA,1,0.9149097961224497
2025-03-29,2024-25,ORL,SAC,1,0.530102211996431
2025-03-29,2024-25,WAS,BKN,0,0.5333539253821802
2025-03-29,2024-25,PHI,MIA,0,0.27609801194452677
2025-03-29,2024-25,CHI,DAL,0,0.7309096430034941
2025-03-29,2024-25,MEM,LAL,0,0.5296980816168106
2025-03-29,2024-25,OKC,IND,1,0.7665052014105356
2025-03-29,2024-25,SAS,BOS,0,0.2263566077147402
2025-03-30,2024-25,CLE,LAC,1,0.6082765942288216
2025-03-30,2024-25,NYK,POR,1,0.6906274347870525
2025-03-30,2024-25,MIL,ATL,0,0.6350664088284363
2025-03-30,2024-25,MIN,DET,1,0.606414963845502
2025-03-30,2024-25,NOP,CHA,1,0.5449704331379923
2025-03-30,2024-25,SAS,GSW,0,0.28812136388034354
2025-03-30,2024-25,PHI,TOR,0,0.30786304375791795
2025-03-30,2024-25,PHX,HOU,0,0.405190294468522
2025-03-31,2024-25,CHA,UTA,1,0.5205910075986332
2025-03-31,2024-25,IND,SAC,1,0.7108128248161648
2025-03-31,2024-25,ORL,LAC,0,0.4536394326434326
2025-03-31,2024-25,WAS,MIA,0,0.2595398687301103
2025-03-31,2024-25,MEM,BOS,0,0.3287020714770362
2025-03-31,2024-25,OKC,CHI,1,0.8152369008353083
2025-03-31,2024-25,DAL,BKN,0,0.7191122673979706
2025-03-31,2024-25,LAL,HOU,1,0.6117606369174402
2025-04-01,2024-25,SAS,ORL,0,0.5018992911312661
2025-04-01,2024-25,ATL,POR,0,0.6092195394344823
2025-04-01,2024-25,NYK,PHI,1,0.8952136150797371
2025-04-01,2024-25,CHI,TOR,1,0.570075614680934
2025-04-01,2024-25,MEM,GSW,0,0.38682597748611236
2025-04-01,2024-25,MIL,PHX,1,0.6024220868089762
2025-04-01,2024-25,DEN,MIN,0,0.5187181651569617
2025-04-02,2024-25,CLE,NYK,1,0.7799525588276761
2025-04-02,2024-25,IND,CHA,1,0.8660635160046691
2025-04-02,2024-25,WAS,SAC,1,0.24904235918433618
2025-04-02,2024-25,BOS,MIA,0,0.8306566277940255
2025-04-02,2024-25,HOU,UTA,1,0.9019052168677103
2025-04-02,2024-25,OKC,DET,1,0.794720731768164
2025-04-02,2024-25,DAL,ATL,1,0.6237117772231465
2025-04-02,2024-25,DEN,SAS,0,0.8055322485386777
2025-04-02,2024-25,LAC,NOP,1,0.9038543854783665
2025-04-03,2024-25,WAS,ORL,0,0.17896736420812137
2025-04-03,2024-25,BKN,MIN,0,0.17825446966746103
2025-04-03,2024-25,MIA,MEM,0,0.49439824110773567
2025-04-03,2024-25,PHI,MIL,0,0.2333366310700901
2025-04-03,2024-25,TOR,POR,0,0.4466530149129987
2025-04-03,2024-25,LAL,GSW,0,0.49131797571011754
2025-04-04,2024-25,CHA,SAC,0,0.3423347970323637
2025-04-04,2024-25,IND,UTA,1,0.894712060477409
2025-04-04,2024-25,BOS,PHX,1,0.8213057957388751
2025-04-04,2024-25,TOR,DET,0,0.23442586031127952
2025-04-04,2024-25,CHI,POR,1,0.718319604397846
2025-04-04,2024-25,HOU,OKC,1,0.2556157669100269
2025-04-04,2024-25,SAS,CLE,0,0.26995955010824346
2025-04-04,2024-25,GSW,DEN,1,0.6834560668577617
2025-04-04,2024-25,LAL,NOP,1,0.8383920103410692
2025-04-04,2024-25,LAC,DAL,1,0.7841139278442616
2025-04-05,2024-25,ATL,NYK,0,0.4394835703849757
2025-04-05,2024-25,DET,MEM,0,0.5098426396698146
2025-04-05,2024-25,PHI,MIN,0,0.12642532285449842
2025-04-05,2024-25,MIA,MIL,0,0.6178717453263411
2025-04-05,2024-25,LAC,DAL,1,0.823886214909299
2025-04-06,2024-25,NOP,MIL,0,0.34017729964526355
2025-04-06,2024-25,CHA,CHI,0,0.2536110101745098
2025-04-06,2024-25,BKN,TOR,0,0.4900611936317316
2025-04-06,2024-25,OKC,LAL,0,0.7797393815716662
2025-04-06,2024-25,ATL,UTA,1,0.744957317458664
2025-04-06,2024-25,BOS,WAS,1,0.9376452354393564
2025-04-06,2024-25,CLE,SAC,0,0.7875388961607689
2025-04-06,2024-25,POR,SAS,1,0.639082846350201
2025-04-06,2024-25,NYK,PHX,1,0.7057565078014694
2025-04-06,2024-25,DEN,IND,0,0.5374724556011494
2025-04-06,2024-25,GSW,HOU,0,0.5804926642526276
2025-04-07,2024-25,DET,SAC,0,0.7011918406525148
2025-04-07,2024-25,MIA,PHI,1,0.83576802905881
2025-04-08,2024-25,CHA,MEM,0,0.21809800174973815
2025-04-08,2024-25,CLE,CHI,1,0.734441503964383
2025-04-08,2024-25,IND,WAS,1,0.9177161994908206
2025-04-08,2024-25,ORL,ATL,1,0.6459198790645972
2025-04-08,2024-25,BKN,NOP,1,0.5795555112161072
2025-04-08,2024-25,NYK,BOS,0,0.41127607404702105
2025-04-08,2024-25,MIL,MIN,1,0.345366289854526
2025-04-08,2024-25,OKC,LAL,1,0.693779148005071
2025-04-08,2024-25,PHX,GSW,0,0.2789616619876499
2025-04-08,2024-25,LAC,SAS,1,0.8440208395950183
2025-04-09,2024-25,ORL,BOS,1,0.30471969791239595
2025-04-09,2024-25,WAS,PHI,0,0.4153626760401515
2025-04-09,2024-25,TOR,CHA,1,0.8067222709632488
2025-04-09,2024-25,DAL,LAL,0,0.45509265583716485
2025-04-09,2024-25,CHI,MIA,1,0.3894231244888848
2025-04-09,2024-25,UTA,POR,1,0.28675729520039195
2025-04-09,2024-25,GSW,SAS,0,0.8387067970839407
2025-04-09,2024-25,PHX,OKC,0,0.17250927347714556
2025-04-09,2024-25,SAC,DEN,0,0.45849652766192883
2025-04-09,2024-25,LAC,HOU,1,0.48192421435976485
2025-04-10,2024-25,MIL,NOP,1,0.8317675748187459
2025-04-10,2024-25,DET,NYK,1,0.48363736824695674
2025-04-10,2024-25,IND,CLE,1,0.5100749124593569
2025-04-10,2024-25,BKN,ATL,0,0.34375171517751907
2025-04-10,2024-25,MEM,MIN,0,0.40415065812666406
2025-04-11,2024-25,DET,MIL,0,0.6400260718718984
2025-04-11,2024-25,IND,ORL,0,0.6289521945863243
2025-04-11,2024-25,PHI,ATL,0,0.40013516849345865
2025-04-11,2024-25,BOS,CHA,1,0.9052955710464899
2025-04-11,2024-25,NYK,CLE,0,0.4104826226199441
2025-04-11,2024-25,CHI,WAS,1,0.8908086583036228
2025-04-11,2024-25,NOP,MIA,0,0.16154209072629425
2025-04-11,2024-25,DAL,TOR,1,0.6011734021667103
2025-04-11,2024-25,MIN,BKN,1,0.918884560452582
2025-04-11,2024-25,DEN,MEM,1,0.7436876407899493
2025-04-11,2024-25,UTA,OKC,0,0.11070281269896043
2025-04-11,2024-25,PHX,SAS,1,0.5118322150711501
2025-04-11,2024-25,POR,GSW,0,0.2730806784861679
2025-04-11,2024-25,SAC,LAC,0,0.3200931906595491
2025-04-11,2024-25,LAL,HOU,1,0.7173516115282705
2025-04-13,2024-25,ATL,ORL,1,0.5357141655565639
2025-04-13,2024-25,BOS,CHA,1,0.9384054240190197
2025-04-13,2024-25,BKN,NYK,0,0.16121109342861342
2025-04-13,2024-25,CLE,IND,0,0.7717684311046136
2025-04-13,2024-25,MIA,WAS,0,0.8893223495549926
2025-04-13,2024-25,PHI,CHI,0,0.1972116323844052
2025-04-13,2024-25,MIL,DET,1,0.525123934256692
2025-04-13,2024-25,HOU,DEN,0,0.36340472144998287
2025-04-13,2024-25,MEM,DAL,1,0.6604322999795026
2025-04-13,2024-25,MIN,UTA,1,0.908812273269631
2025-04-13,2024-25,NOP,OKC,0,0.07326725555490225
2025-04-13,2024-25,SAS,TOR,1,0.6797514999589623
2025-04-13,2024-25,GSW,LAC,0,0.4634328335710909
2025-04-13,2024-25,POR,LAL,1,0.25078258966436096
2025-04-13,2024-25,SAC,PHX,1,0.6391355508327841
2025-10-21,2025-26,OKC,HOU,1,0.7072864488397124
2025-10-21,2025-26,LAL,GSW,0,0.2527295166011328
2025-10-22,2025-26,NYK,CLE,1,0.5450090734306784
2025-10-22,2025-26,DAL,SAS,0,0.4801696329196901
2025-10-22,2025-26,CHA,BKN,1,0.5742837217040214
2025-10-22,2025-26,ORL,MIA,1,0.5361036427239092
2025-10-22,2025-26,ATL,TOR,0,0.7077462644029269
2025-10-22,2025-26,BOS,PHI,0,0.8341189936257811
2025-10-22,2025-26,CHI,DET,1,0.5615832139378102
2025-10-22,2025-26,MEM,NOP,1,0.8014545638684564
2025-10-22,2025-26,MIL,WAS,1,0.7775810417396404
2025-10-22,2025-26,UTA,LAC,1,0.16458816454048533
2025-10-22,2025-26,PHX,SAC,1,0.4342928620604192
2025-10-22,2025-26,POR,MIN,0,0.3336462501435038
2025-10-23,2025-26,IND,OKC,0,0.4119197669674056
2025-10-23,2025-26,GSW,DEN,1,0.5956020990873917
2025-10-24,2025-26,NYK,BOS,1,0.47862618733145956
2025-10-24,2025-26,LAL,MIN,1,0.5647343848898017
2025-10-24,2025-26,ORL,ATL,0,0.5762543072354076
2025-10-24,2025-26,BKN,CLE,0,0.20802315458766177
2025-10-24,2025-26,TOR,MIL,0,0.39972241290502614
2025-10-24,2025-26,HOU,DET,0,0.6602533894737247
2025-10-24,2025-26,MEM,MIA,0,0.6168569383943107
2025-10-24,2025-26,NOP,SAS,0,0.4286503582929276
2025-10-24,2025-26,DAL,WAS,0,0.6684630906380413
2025-10-24,2025-26,POR,GSW,1,0.47485080727655327
2025-10-24,2025-26,SAC,UTA,1,0.6239689871388353
2025-10-24,2025-26,LAC,PHX,1,0.7486642758093978
2025-10-25,2025-26,ORL,CHI,0,0.3980623941444581
2025-10-25,2025-26,ATL,OKC,0,0.23698938858365476
2025-10-25,2025-26,PHI,CHA,1,0.6432068375348758
2025-10-25,2025-26,MEM,IND,1,0.44123629636419176
2025-10-25,2025-26,DEN,PHX,1,0.8136035576590366
2025-10-26,2025-26,SAS,BKN,1,0.7190536447278212
2025-10-26,2025-26,DET,BOS,1,0.5312620387993434
2025-10-26,2025-26,CLE,MIL,1,0.661226774432565
2025-10-26,2025-26,MIA,NYK,1,0.5051377730603411
2025-10-26,2025-26,WAS,CHA,0,0.60042875227006
2025-10-26,2025-26,MIN,IND,1,0.7890229673924889
2025-10-26,2025-26,DAL,TOR,1,0.500013537202378
2025-10-26,2025-26,LAC,POR,1,0.6573188875168051
2025-10-26,2025-26,SAC,LAL,0,0.3684762968118744
2025-10-27,2025-26,DET,CLE,0,0.4354510108290146
2025-10-27,2025-26,MIN,DEN,0,0.500034784222526
2025-10-27,2025-26,PHI,ORL,1,0.501940894523013
2025-10-27,2025-26,CHI,ATL,1,0.666213410190401
2025-10-27,2025-26,HOU,BKN,1,0.8748667066972935
2025-10-27,2025-26,NOP,BOS,0,0.49452803912486076
2025-10-27,2025-26,SAS,TOR,1,0.6825505899411902
2025-10-27,2025-26,DAL,OKC,0,0.17133135304247693
2025-10-27,2025-26,UTA,PHX,1,0.571825854211617
2025-10-27,2025-26,GSW,MEM,1,0.6734318882592659
2025-10-27,2025-26,LAL,POR,0,0.6569121833933153
2025-10-28,2025-26,WAS,PHI,0,0.4618118554263387
2025-10-28,2025-26,MIA,CHA,1,0.7042000608017364
2025-10-28,2025-26,MIL,NYK,1,0.5717282536885233
2025-10-28,2025-26,OKC,SAC,1,0.7757236568307303
2025-10-28,2025-26,GSW,LAC,1,0.4194032564344606
2025-10-29,2025-26,BOS,CLE,1,0.44586201192566455
2025-10-29,2025-26,DET,ORL,1,0.5889200908600567
2025-10-29,2025-26,BKN,ATL,0,0.34105243298722776
2025-10-29,2025-26,TOR,HOU,0,0.31513670800266613
2025-10-29,2025-26,CHI,SAC,1,0.7217536546350989
2025-10-29,2025-26,DAL,IND,1,0.4426216252616941
2025-10-29,2025-26,DEN,NOP,1,0.8371533687493035
2025-10-29,2025-26,UTA,POR,0,0.3754143330460988
2025-10-29,2025-26,MIN,LAL,0,0.6143109151453817
2025-10-29,2025-26,PHX,MEM,0,0.38416160179412506
2025-10-30,2025-26,CHA,ORL,0,0.5788352577932498
2025-10-30,2025-26,MIL,GSW,1,0.45334047562683927
2025-10-30,2025-26,OKC,WAS,1,0.9014463585502522
2025-10-30,2025-26,SAS,MIA,1,0.5092383169888918
2025-10-31,2025-26,IND,ATL,0,0.5207488747921389
2025-10-31,2025-26,PHI,BOS,0,0.3668482901772713
2025-10-31,2025-26,CLE,TOR,0,0.8092239877524393
2025-10-31,2025-26,CHI,NYK,1,0.5551994270585465
2025-10-31,2025-26,MEM,LAL,0,0.5497975918648307
2025-10-31,2025-26,PHX,UTA,1,0.5270932819788821
2025-10-31,2025-26,POR,DEN,1,0.4432832247437127
2025-10-31,2025-26,LAC,NOP,1,0.8452256530713264
2025-11-01,2025-26,MIL,SAC,0,0.6620975085674429
2025-11-01,2025-26,CHA,MIN,0,0.2826447839613771
2025-11-01,2025-26,IND,GSW,1,0.23109993483693692
2025-11-01,2025-26,WAS,ORL,0,0.33589253644211137
2025-11-01,2025-26,BOS,HOU,0,0.450029711949817
2025-11-02,2025-26,OKC,NOP,1,0.8981835960769708
2025-11-02,2025-26,BKN,PHI,0,0.400599218660605
2025-11-02,2025-26,CHA,UTA,1,0.43096486352991126
2025-11-02,2025-26,CLE,ATL,1,0.5716583358956377
2025-11-02,2025-26,TOR,MEM,1,0.41561494559320916
2025-11-02,2025-26,NYK,CHI,1,0.5037141337988613
2025-11-02,2025-26,PHX,SAS,1,0.38721750379448316
2025-11-02,2025-26,LAL,MIA,1,0.6601259695077796
2025-11-03,2025-26,BKN,MIN,0,0.1911244608955623
2025-11-03,2025-26,IND,MIL,0,0.3410212807008851
2025-11-03,2025-26,BOS,UTA,0,0.8105868342938223
2025-11-03,2025-26,NYK,WAS,1,0.8081804076062779
2025-11-03,2025-26,HOU,DAL,1,0.7958544274923998
2025-11-03,2025-26,MEM,DET,0,0.37484497231667535
2025-11-03,2025-26,DEN,SAC,1,0.7776228427509114
2025-11-03,2025-26,POR,LAL,0,0.5519566654010267
2025-11-03,2025-26,LAC,MIA,0,0.7362879749570967
2025-11-04,2025-26,TOR,MIL,1,0.459150889682838
2025-11-04,2025-26,ATL,ORL,1,0.5852835409973637
2025-11-04,2025-26,CHI,PHI,1,0.6940544614248552
2025-11-04,2025-26,NOP,CHA,1,0.550584797065289
2025-11-04,2025-26,GSW,PHX,1,0.801179018884703
2025-11-04,2025-26,LAC,OKC,0,0.34397833051455334
2025-11-05,2025-26,CLE,PHI,1,0.7577396755441546
2025-11-05,2025-26,DET,UTA,1,0.7184755650625
2025-11-05,2025-26,IND,BKN,0,0.705899202128657
2025-11-05,2025-26,BOS,WAS,1,0.8566502458637466
2025-11-05,2025-26,NYK,MIN,1,0.4993545938715881
2025-11-05,2025-26,MEM,HOU,0,0.33965875776616644
2025-11-05,2025-26,DAL,NOP,0,0.6742551230273759
2025-11-05,2025-26,DEN,MIA,1,0.6628578317611885
2025-11-05,2025-26,LAL,SAS,1,0.6194635051353751
2025-11-05,2025-26,POR,OKC,1,0.44234766635966244
2025-11-05,2025-26,SAC,GSW,1,0.4453224431984417
2025-11-06,2025-26,PHX,LAC,1,0.35517020279027284
2025-11-07,2025-26,ORL,BOS,1,0.4287297391516304
2025-11-07,2025-26,WAS,CLE,0,0.1635794423231068
2025-11-07,2025-26,ATL,TOR,0,0.6318240919429651
2025-11-07,2025-26,BKN,DET,0,0.2791913195302129
2025-11-07,2025-26,SAS,HOU,1,0.33474727977249463
2025-11-07,2025-26,MIA,CHA,1,0.7650077988698033
2025-11-07,2025-26,MEM,DAL,1,0.6134278608401263
2025-11-07,2025-26,MIL,CHI,1,0.4934840525469323
2025-11-07,2025-26,MIN,UTA,1,0.7742033737120043
2025-11-07,2025-26,DEN,GSW,1,0.7058194428567335
2025-11-07,2025-26,SAC,OKC,0,0.23112657706944018
2025-11-08,2025-26,WAS,DAL,0,0.43048230778776236
2025-11-08,2025-26,PHI,TOR,1,0.578265579524691
2025-11-08,2025-26,ATL,LAL,1,0.3750936862362388
2025-11-08,2025-26,CLE,CHI,1,0.6483735811755215
2025-11-08,2025-26,MIA,POR,1,0.4479691723086861
2025-11-08,2025-26,SAS,NOP,1,0.617961132508975
2025-11-08,2025-26,DEN,IND,1,0.7830211422888211
2025-11-08,2025-26,LAC,PHX,0,0.6418836500008169
2025-11-09,2025-26,MIL,HOU,0,0.45134953076757295
2025-11-09,2025-26,NYK,BKN,1,0.8463812036159386
2025-11-09,2025-26,ORL,BOS,0,0.4669883266199025
2025-11-09,2025-26,MEM,OKC,0,0.23837164957582077
2025-11-09,2025-26,PHI,DET,0,0.41797636440877717
2025-11-09,2025-26,GSW,IND,1,0.7675292665500753
2025-11-09,2025-26,SAC,MIN,0,0.36501721682085475
2025-11-10,2025-26,CHA,LAL,0,0.30690621451340266
2025-11-10,2025-26,DET,WAS,1,0.8288128797548989
2025-11-10,2025-26,ORL,POR,1,0.3738266196541505
2025-11-10,2025-26,MIA,CLE,1,0.46710831428734717
2025-11-10,2025-26,CHI,SAS,0,0.6231473685306709
2025-11-10,2025-26,DAL,MIL,0,0.41575203230393903
2025-11-10,2025-26,PHX,NOP,1,0.6776852753280543
2025-11-10,2025-26,UTA,MIN,0,0.335280458172489
2025-11-10,2025-26,LAC,ATL,0,0.5723848888300549
2025-11-11,2025-26,BKN,TOR,0,0.29064489829286133
2025-11-11,2025-26,NYK,MEM,1,0.7030875288667059
2025-11-11,2025-26,PHI,BOS,1,0.4277146848474302
2025-11-11,2025-26,OKC,GSW,1,0.7465576965337481
2025-11-11,2025-26,UTA,IND,1,0.445544148465246
2025-11-11,2025-26,SAC,DEN,0,0.25191893038935853
2025-11-12,2025-26,CHA,MIL,1,0.30061535011402957
2025-11-12,2025-26,DET,CHI,1,0.5220080484224273
2025-11-12,2025-26,NYK,ORL,0,0.6455814550509213
2025-11-12,2025-26,BOS,MEM,1,0.6893799996679506
2025-11-12,2025-26,MIA,CLE,0,0.48250907022366507
2025-11-12,2025-26,HOU,WAS,1,0.9015084690150401
2025-11-12,2025-26,NOP,POR,0,0.2855346516024486
2025-11-12,2025-26,SAS,GSW,0,0.5515871363100033
2025-11-12,2025-26,DAL,PHX,0,0.41912756454162836
2025-11-12,2025-26,OKC,LAL,1,0.6597435830806965
2025-11-12,2025-26,SAC,ATL,0,0.35108864862279615
2025-11-12,2025-26,LAC,DEN,0,0.42658729816661956
2025-11-13,2025-26,CLE,TOR,0,0.642063513304485
2025-11-13,2025-26,PHX,IND,1,0.6400043332403876
2025-11-13,2025-26,UTA,ATL,0,0.4145816733306217
2025-11-14,2025-26,NYK,MIA,1,0.5758337369816492
2025-11-14,2025-26,ORL,BKN,1,0.7984755716418565
2025-11-14,2025-26,DET,PHI,1,0.5739794835838345
2025-11-14,2025-26,HOU,POR,1,0.643892392290705
2025-11-14,2025-26,MIL,CHA,1,0.7012869856293238
2025-11-14,2025-26,MIN,SAC,1,0.8128864217501128
2025-11-14,2025-26,NOP,LAL,0,0.2545350718606155
2025-11-14,2025-26,DAL,LAC,0,0.36808799759117095
2025-11-14,2025-26,SAS,GSW,0,0.4250092035729298
2025-11-15,2025-26,CLE,MEM,1,0.7856575075705517
2025-11-15,2025-26,CHA,OKC,0,0.10567987601782718
2025-11-15,2025-26,IND,TOR,0,0.34218297325444086
2025-11-15,2025-26,MIL,LAL,0,0.48808137333268525
2025-11-15,2025-26,MIN,DEN,0,0.3963351052857334
2025-11-16,2025-26,BOS,LAC,1,0.622764851831915
2025-11-16,2025-26,SAS,SAC,1,0.7081438330621591
2025-11-16,2025-26,WAS,BKN,0,0.5364964814761981
2025-11-16,2025-26,HOU,ORL,1,0.7044708473966506
2025-11-16,2025-26,NOP,GSW,0,0.21241578116890603
2025-11-16,2025-26,DAL,POR,1,0.33756473450313057
2025-11-16,2025-26,PHX,ATL,0,0.4972554921498196
2025-11-16,2025-26,UTA,CHI,1,0.3460046032031477
2025-11-17,2025-26,CLE,MIL,1,0.6891773900236828
2025-11-17,2025-26,DET,IND,1,0.7620523558153155
2025-11-17,2025-26,PHI,LAC,1,0.5599404367058608
2025-11-17,2025-26,MIA,NYK,1,0.48187898634835574
2025-11-17,2025-26,TOR,CHA,1,0.7672124309443153
2025-11-17,2025-26,MIN,DAL,1,0.848375015566308
2025-11-17,2025-26,NOP,OKC,0,0.08624205636628035
2025-11-17,2025-26,DEN,CHI,0,0.8194529273670864
2025-11-18,2025-26,ORL,GSW,1,0.4415074031594061
2025-11-18,2025-26,BKN,BOS,0,0.22455277486805933
2025-11-18,2025-26,ATL,DET,0,0.6860825866005211
2025-11-18,2025-26,SAS,MEM,1,0.597746667934599
2025-11-18,2025-26,LAL,UTA,1,0.7650727851820589
2025-11-18,2025-26,POR,PHX,0,0.5257228587790898
2025-11-19,2025-26,CLE,HOU,0,0.5098152977193222
2025-11-19,2025-26,IND,CHA,1,0.4571705707129067
2025-11-19,2025-26,MIA,GSW,1,0.5426511760806884
2025-11-19,2025-26,PHI,TOR,0,0.4590056801264089
2025-11-19,2025-26,MIN,WAS,1,0.8907152989971062
2025-11-19,2025-26,NOP,DEN,0,0.15315215028858342
2025-11-19,2025-26,OKC,SAC,1,0.8955954331118381
2025-11-19,2025-26,DAL,NYK,0,0.28351734513173815
2025-11-19,2025-26,POR,CHI,0,0.4052235282041091
2025-11-20,2025-26,ORL,LAC,1,0.5910704485444189
2025-11-20,2025-26,MEM,SAC,1,0.7148165420673785
2025-11-20,2025-26,MIL,PHI,0,0.70808203409769
2025-11-20,2025-26,SAS,ATL,1,0.474320640326943
2025-11-21,2025-26,CLE,IND,1,0.8288687461133764
2025-11-21,2025-26,BOS,BKN,0,0.8473398129885598
2025-11-21,2025-26,TOR,WAS,1,0.8518707226794614
2025-11-21,2025-26,CHI,MIA,0,0.49630005558886137
2025-11-21,2025-26,DAL,NOP,1,0.6145758387751292
2025-11-21,2025-26,PHX,MIN,1,0.4456201387462482
2025-11-21,2025-26,HOU,DEN,0,0.5451632820875999
2025-11-21,2025-26,UTA,OKC,0,0.16530408172913486
2025-11-21,2025-26,GSW,POR,0,0.5428857184737143
2025-11-22,2025-26,CHA,LAC,0,0.42631187807971993
2025-11-22,2025-26,ORL,NYK,1,0.5097221649512391
2025-11-22,2025-26,NOP,ATL,0,0.2420950809323501
2025-11-22,2025-26,CHI,WAS,1,0.8369839669946655
2025-11-22,2025-26,MIL,DET,0,0.40570963125481735
2025-11-22,2025-26,DAL,MEM,0,0.3768974606280312
2025-11-22,2025-26,DEN,SAC,0,0.8625085338387185
2025-11-23,2025-26,PHI,MIA,0,0.39293027307729594
2025-11-23,2025-26,ATL,CHA,1,0.7901412407961115
2025-11-23,2025-26,BOS,ORL,1,0.6275368586672149
2025-11-23,2025-26,CLE,LAC,1,0.7498156444096991
2025-11-23,2025-26,TOR,BKN,1,0.7658408080216303
2025-11-23,2025-26,OKC,POR,1,0.846717661631182
2025-11-23,2025-26,PHX,SAS,1,0.5619745566500703
2025-11-23,2025-26,UTA,LAL,0,0.2231163684739886
2025-11-24,2025-26,IND,DET,0,0.29275981790414735
2025-11-24,2025-26,TOR,CLE,1,0.49719585893233714
2025-11-24,2025-26,BKN,NYK,0,0.24232876637712822
2025-11-24,2025-26,MIA,DAL,1,0.793167209741435
2025-11-24,2025-26,MEM,DEN,0,0.31051825985312925
2025-11-24,2025-26,MIL,POR,0,0.6095823688771997
2025-11-24,2025-26,NOP,CHI,1,0.31223179295316933
2025-11-24,2025-26,PHX,HOU,0,0.3338888108188715
2025-11-24,2025-26,GSW,UTA,1,0.8552413097257378
2025-11-24,2025-26,SAC,MIN,1,0.23407448750277987
2025-11-25,2025-26,WAS,ATL,1,0.20068710664867306
2025-11-25,2025-26,PHI,ORL,0,0.4432749599593964
2025-11-25,2025-26,LAL,LAC,1,0.7162716672878077
2025-11-26,2025-26,BOS,DET,1,0.5578346233524027
2025-11-26,2025-26,CHA,NYK,0,0.3198050889309693
2025-11-26,2025-26,MIA,MIL,1,0.7247975828493679
2025-11-26,2025-26,TOR,IND,1,0.7685575740549502
2025-11-26,2025-26,OKC,MIN,1,0.7626824366723012
2025-11-26,2025-26,NOP,MEM,0,0.3812300169123311
2025-11-26,2025-26,GSW,HOU,0,0.402067293756397
2025-11-26,2025-26,POR,SAS,0,0.515538634032296
2025-11-26,2025-26,SAC,PHX,0,0.3691337570973638
2025-11-28,2025-26,ATL,CLE,1,0.4987477971983861
2025-11-28,2025-26,BKN,PHI,0,0.45512635994242395
2025-11-28,2025-26,CHA,CHI,1,0.43561094660693295
2025-11-28,2025-26,DET,ORL,0,0.5446876023867114
2025-11-28,2025-26,IND,WAS,1,0.642051230109616
2025-11-28,2025-26,NYK,MIL,1,0.7380349380169225
2025-11-28,2025-26,OKC,PHX,1,0.8203598934461197
2025-11-28,2025-26,DEN,SAS,0,0.7331782525590969
2025-11-28,2025-26,UTA,SAC,1,0.5715535446715808
2025-11-28,2025-26,LAL,DAL,1,0.8162278938678196
2025-11-28,2025-26,LAC,MEM,0,0.5925096820285891
2025-11-29,2025-26,MIN,BOS,1,0.5719511326938366
2025-11-29,2025-26,CHA,TOR,1,0.2683320558336333
2025-11-29,2025-26,IND,CHI,1,0.4370790804467465
2025-11-29,2025-26,MIA,DET,0,0.6796204387488411
2025-11-29,2025-26,MIL,BKN,1,0.7658034107589868
2025-11-29,2025-26,GSW,NOP,1,0.8241068200307502
2025-11-29,2025-26,PHX,DEN,0,0.4533191808931848
2025-11-29,2025-26,LAC,DAL,0,0.7199513400092155
2025-11-30,2025-26,UTA,HOU,0,0.2032318302692338
2025-11-30,2025-26,CLE,BOS,0,0.6634652774580782
2025-11-30,2025-26,NYK,TOR,1,0.7288370062822495
2025-11-30,2025-26,PHI,ATL,0,0.42577684935192606
2025-11-30,2025-26,POR,OKC,0,0.22534094478338787
2025-11-30,2025-26,MIN,SAS,1,0.5580878037444166
2025-11-30,2025-26,SAC,MEM,0,0.4055803890208325
2025-11-30,2025-26,LAL,NOP,1,0.9070966896674474
2025-12-01,2025-26,DET,ATL,1,0.6745741336995972
2025-12-01,2025-26,IND,CLE,0,0.40883319540292357
2025-12-01,2025-26,WAS,MIL,1,0.279694926184642
2025-12-01,2025-26,BKN,CHA,1,0.43803960690450255
2025-12-01,2025-26,MIA,LAC,1,0.6769969582187901
2025-12-01,2025-26,ORL,CHI,1,0.7375917499046132
2025-12-01,2025-26,DEN,DAL,0,0.8748913720571458
2025-12-01,2025-26,UTA,HOU,1,0.19977400217452
2025-12-01,2025-26,LAL,PHX,0,0.6436499160761082
2025-12-02,2025-26,PHI,WAS,1,0.8125041335177322
2025-12-02,2025-26,TOR,POR,1,0.5753839200239821
2025-12-02,2025-26,BOS,NYK,1,0.49868905850305684
2025-12-02,2025-26,NOP,MIN,0,0.21789741498134263
2025-12-02,2025-26,SAS,MEM,1,0.6089547969193917
2025-12-02,2025-26,GSW,OKC,0,0.29782299271157664
2025-12-03,2025-26,CLE,POR,0,0.760044035722974
2025-12-03,2025-26,IND,DEN,0,0.24888276230373463
2025-12-03,2025-26,ORL,SAS,0,0.6987251413318598
2025-12-03,2025-26,ATL,LAC,0,0.6565142636149985
2025-12-03,2025-26,NYK,CHA,1,0.816553968635419
2025-12-03,2025-26,CHI,BKN,0,0.7023945294149038
2025-12-03,2025-26,HOU,SAC,1,0.8591184294693995
2025-12-03,2025-26,MIL,DET,1,0.4004188457098517
2025-12-03,2025-26,DAL,MIA,1,0.32953943480655706
2025-12-04,2025-26,PHI,GSW,1,0.4275288018594667
2025-12-04,2025-26,WAS,BOS,0,0.17139495240051225
2025-12-04,2025-26,BKN,UTA,0,0.41901609726291916
2025-12-04,2025-26,TOR,LAL,0,0.4618660313045707
2025-12-04,2025-26,NOP,MIN,0,0.22224995384941326
2025-12-05,2025-26,BOS,LAL,1,0.6385949675040368
2025-12-05,2025-26,ORL,MIA,1,0.6049572170117508
2025-12-05,2025-26,ATL,DEN,0,0.37456585324349984
2025-12-05,2025-26,CLE,SAS,1,0.549170615497841
2025-12-05,2025-26,DET,POR,1,0.6426132994973903
2025-12-05,2025-26,NYK,UTA,1,0.8601773135364487
2025-12-05,2025-26,TOR,CHA,0,0.7089518395259173
2025-12-05,2025-26,CHI,IND,0,0.5794997392837618
2025-12-05,2025-26,HOU,PHX,1,0.6787074936841921
2025-12-05,2025-26,MEM,LAC,1,0.5449069578309045
2025-12-05,2025-26,MIL,PHI,0,0.6708227633248893
2025-12-05,2025-26,OKC,DAL,1,0.8757416049968206
2025-12-06,2025-26,BKN,NOP,1,0.5348389563450501
2025-12-06,2025-26,WAS,ATL,0,0.3066670356493161
2025-12-06,2025-26,CLE,GSW,0,0.5478979027464774
2025-12-06,2025-26,DET,MIL,1,0.7435970536507666
2025-12-06,2025-26,MIA,SAC,0,0.7699787244432293
2025-12-06,2025-26,MIN,LAC,1,0.7734140081130143
2025-12-06,2025-26,DAL,HOU,1,0.2530636839515283
2025-12-07,2025-26,NYK,ORL,1,0.616003354980338
2025-12-07,2025-26,TOR,BOS,0,0.3543074873137323
2025-12-07,2025-26,CHA,DEN,0,0.21387132729461944
2025-12-07,2025-26,MEM,POR,1,0.5786686420498529
2025-12-07,2025-26,CHI,GSW,0,0.5697352425779937
2025-12-07,2025-26,PHI,LAL,0,0.4913934358745615
2025-12-07,2025-26,UTA,OKC,0,0.16365138266060156
2025-12-08,2025-26,IND,SAC,1,0.6197046584084229
2025-12-08,2025-26,MIN,PHX,0,0.6756198044393367
2025-12-08,2025-26,NOP,SAS,0,0.2608732472195885
2025-12-09,2025-26,ORL,MIA,1,0.5668488150509742
2025-12-09,2025-26,TOR,NYK,0,0.36278988190594125
2025-12-10,2025-26,OKC,PHX,1,0.7778212947346629
2025-12-10,2025-26,LAL,SAS,0,0.6770798594087871
2025-12-11,2025-26,HOU,LAC,1,0.7007865865292672
2025-12-11,2025-26,MIL,BOS,1,0.29967293270531836
2025-12-11,2025-26,NOP,POR,1,0.36740883215800796
2025-12-11,2025-26,SAC,DEN,0,0.22697941657518972
2025-12-12,2025-26,CHA,CHI,0,0.5136200267876255
2025-12-12,2025-26,DET,ATL,1,0.6063257135515623
2025-12-12,2025-26,PHI,IND,1,0.6282861173153276
2025-12-12,2025-26,WAS,CLE,0,0.18083650104035195
2025-12-12,2025-26,MEM,UTA,0,0.7576814934358566
2025-12-12,2025-26,DAL,BKN,1,0.6654076267801617
2025-12-12,2025-26,GSW,MIN,0,0.5036753703940136
2025-12-14,2025-26,IND,WAS,0,0.7863650312278517
2025-12-14,2025-26,ATL,PHI,1,0.5704062937853713
2025-12-14,2025-26,CLE,CHA,0,0.7728006087017566
2025-12-14,2025-26,BKN,MIL,1,0.4296779128277387
2025-12-14,2025-26,MIN,SAC,1,0.8078389234114027
2025-12-14,2025-26,POR,GSW,1,0.330325616216113
2025-12-14,2025-26,CHI,NOP,0,0.671013072706119
2025-12-14,2025-26,PHX,LAL,0,0.42154078623055113
2025-12-15,2025-26,BOS,DET,0,0.5899166465532375
2025-12-15,2025-26,UTA,DAL,1,0.4518109196287442
2025-12-15,2025-26,DEN,HOU,1,0.5248439265061162
2025-12-15,2025-26,LAC,MEM,0,0.6266785912912494
2025-12-15,2025-26,MIA,TOR,0,0.6963570735757628
2025-12-17,2025-26,CHI,CLE,1,0.449507795151967
2025-12-17,2025-26,MIN,MEM,0,0.7170355546209215
2025-12-18,2025-26,OKC,LAC,1,0.8732736038429278
2025-12-18,2025-26,SAS,WAS,1,0.8623233489682507
2025-12-18,2025-26,CHA,ATL,1,0.4151745258017444
2025-12-18,2025-26,IND,NYK,0,0.2619528196372451
2025-12-18,2025-26,BKN,MIA,0,0.3685592403184739
2025-12-18,2025-26,MIL,TOR,0,0.45572086929347133
2025-12-18,2025-26,NOP,HOU,1,0.21131430617743738
2025-12-18,2025-26,DAL,DET,1,0.32944350242326137
2025-12-18,2025-26,DEN,ORL,1,0.6439716582156239
2025-12-18,2025-26,PHX,GSW,1,0.47137817530787957
2025-12-18,2025-26,UTA,LAL,0,0.2389806693886991
2025-12-18,2025-26,POR,SAC,1,0.6769066880075059
2025-12-19,2025-26,BOS,MIA,1,0.6960121821795502
2025-12-19,2025-26,NYK,PHI,0,0.6237708451100522
2025-12-19,2025-26,ATL,SAS,0,0.44145246729823545
2025-12-19,2025-26,CLE,CHI,0,0.6096226197742791
2025-12-19,2025-26,MIN,OKC,1,0.39416583535042576
2025-12-20,2025-26,DEN,HOU,0,0.5761670040407754
2025-12-20,2025-26,PHI,DAL,1,0.49599978943006523
2025-12-20,2025-26,TOR,BOS,0,0.4715693864191192
2025-12-20,2025-26,NOP,IND,1,0.5421395546368002
2025-12-20,2025-26,DET,CHA,1,0.7597683962685189
2025-12-20,2025-26,MEM,WAS,0,0.8390120530874821
2025-12-20,2025-26,GSW,PHX,1,0.5951975908717501
2025-12-20,2025-26,UTA,ORL,0,0.3169665654321885
2025-12-20,2025-26,SAC,POR,0,0.426212630494088
2025-12-20,2025-26,LAC,LAL,1,0.3964619767975265
2025-12-21,2025-26,ATL,CHI,0,0.5481009707531604
2025-12-21,2025-26,BKN,TOR,1,0.5760284048887793
2025-12-21,2025-26,NYK,MIA,1,0.6642827679187562
2025-12-21,2025-26,WAS,SAS,0,0.15952734224149887
2025-12-21,2025-26,MIN,MIL,1,0.7596515680044007
2025-12-21,2025-26,SAC,HOU,1,0.20177236656687655
2025-12-22,2025-26,CLE,CHA,1,0.6506930978289311
2025-12-22,2025-26,BOS,IND,1,0.8287121397260351
2025-12-22,2025-26,NOP,DAL,1,0.45542035796644736
2025-12-22,2025-26,DEN,UTA,1,0.8541694400797027
2025-12-22,2025-26,OKC,MEM,1,0.8495302673836563
2025-12-22,2025-26,GSW,ORL,1,0.6037024760543204
2025-12-22,2025-26,POR,DET,0,0.36316554515090366
2025-12-23,2025-26,CHA,WAS,1,0.6364296428801515
2025-12-23,2025-26,PHI,BKN,0,0.6519887879783923
2025-12-23,2025-26,ATL,CHI,0,0.5203192860690725
2025-12-23,2025-26,CLE,NOP,1,0.6980412156297758
2025-12-23,2025-26,IND,MIL,0,0.42201709706880985
2025-12-23,2025-26,MIA,TOR,0,0.6677592797545042
2025-12-23,2025-26,DAL,DEN,1,0.3274696632838824
2025-12-23,2025-26,MIN,NYK,1,0.5236597713588133
2025-12-23,2025-26,SAS,OKC,1,0.4425472453483256
2025-12-23,2025-26,PHX,LAL,1,0.563573991001508
2025-12-23,2025-26,UTA,MEM,0,0.4391486106162428
2025-12-23,2025-26,POR,ORL,0,0.5114253680219754
2025-12-23,2025-26,SAC,DET,0,0.3274655789755178
2025-12-23,2025-26,LAC,HOU,1,0.37925207214431433
2025-12-25,2025-26,NYK,CLE,1,0.5665419407344567
2025-12-25,2025-26,OKC,SAS,0,0.7039937328549832
2025-12-25,2025-26,GSW,DAL,1,0.7058387965168551
2025-12-25,2025-26,LAL,HOU,0,0.3707826019176863
2025-12-25,2025-26,DEN,MIN,1,0.580292983626821
2025-12-26,2025-26,ATL,MIA,0,0.46579408904485364
2025-12-26,2025-26,ORL,CHA,0,0.6726410395275042
2025-12-26,2025-26,WAS,TOR,1,0.3012643475430532
2025-12-26,2025-26,IND,BOS,0,0.24131438346494513
2025-12-26,2025-26,CHI,PHI,1,0.5558659928097008
2025-12-26,2025-26,MEM,MIL,1,0.6343820368505063
2025-12-26,2025-26,NOP,PHX,0,0.3276864722398423
2025-12-26,2025-26,UTA,DET,1,0.19895765323569478
2025-12-26,2025-26,POR,LAC,0,0.417358410809708
2025-12-27,2025-26,SAC,DAL,1,0.4535602056094061
2025-12-27,2025-26,ORL,DEN,1,0.27504237522694014
2025-12-27,2025-26,NOP,PHX,0,0.35358073962623315
2025-12-27,2025-26,ATL,NYK,0,0.25796726706620615
2025-12-27,2025-26,MIA,IND,1,0.7345466012037127
2025-12-27,2025-26,CHI,MIL,0,0.6636648326045531
2025-12-27,2025-26,HOU,CLE,1,0.6579644639933256
2025-12-27,2025-26,MIN,BKN,0,0.748612378035062
2025-12-27,2025-26,SAS,UTA,0,0.867164885867537
2025-12-28,2025-26,TOR,GSW,1,0.2945324478747648
2025-12-28,2025-26,OKC,PHI,1,0.8183293796509956
2025-12-28,2025-26,WAS,MEM,1,0.27846685946356026
2025-12-28,2025-26,POR,BOS,1,0.3274754419204971
2025-12-28,2025-26,LAC,DET,1,0.4900875312311102
2025-12-28,2025-26,LAL,SAC,1,0.8321819384988394
2025-12-29,2025-26,CHA,MIL,0,0.5031002564388094
2025-12-29,2025-26,WAS,PHX,0,0.21008879380680495
2025-12-29,2025-26,BKN,GSW,0,0.45677109321001447
2025-12-29,2025-26,MIA,DEN,1,0.40047307924306674
2025-12-29,2025-26,TOR,ORL,1,0.49675476882914704
2025-12-29,2025-26,CHI,MIN,0,0.41570129384859644
2025-12-29,2025-26,HOU,IND,1,0.8613509654644373
2025-12-29,2025-26,NOP,NYK,0,0.27559157142153884
2025-12-29,2025-26,OKC,ATL,1,0.8389335348750553
2025-12-29,2025-26,SAS,CLE,0,0.6347846494778393
2025-12-29,2025-26,POR,DAL,1,0.5010456750751914
2025-12-30,2025-26,MEM,PHI,0,0.5767370900030695
2025-12-30,2025-26,UTA,BOS,0,0.322462565133228
2025-12-30,2025-26,LAL,DET,0,0.43499931693572624
2025-12-30,2025-26,LAC,SAC,1,0.8321241701616757
2025-12-31,2025-26,CHA,GSW,0,0.3142392599226742
2025-12-31,2025-26,ATL,MIN,1,0.33214747312693044
2025-12-31,2025-26,IND,ORL,0,0.3995424268212996
2025-12-31,2025-26,CLE,PHX,1,0.5926049918893463
2025-12-31,2025-26,CHI,NOP,1,0.6121892565278575
2025-12-31,2025-26,SAS,NYK,1,0.5679355223189936
2025-12-31,2025-26,TOR,DEN,0,0.3744355755189452
2025-12-31,2025-26,MIL,WAS,0,0.7582467548726703
2025-12-31,2025-26,OKC,POR,1,0.8411911348342821
2026-01-01,2025-26,BKN,HOU,0,0.30051199005997864
2026-01-01,2025-26,DET,MIA,0,0.6042028702452227
2026-01-01,2025-26,DAL,PHI,0,0.4499956676143731
2026-01-01,2025-26,SAC,BOS,0,0.23018496878861144
2026-01-01,2025-26,LAC,UTA,1,0.7825697195077113
2026-01-02,2025-26,IND,SAS,0,0.25729836472523065
2026-01-02,2025-26,WAS,BKN,1,0.6023089245036112
2026-01-02,2025-26,CLE,DEN,1,0.5947487896867639
2026-01-02,2025-26,NYK,ATL,0,0.7081608342468574
2026-01-02,2025-26,CHI,ORL,1,0.48172637874309265
2026-01-02,2025-26,MIL,CHA,1,0.6185778243451234
2026-01-02,2025-26,NOP,POR,0,0.476823643702267
2026-01-02,2025-26,PHX,SAC,1,0.8522203040394434
2026-01-02,2025-26,GSW,OKC,0,0.3676294242883292
2026-01-02,2025-26,LAL,MEM,1,0.5322377901489052
2026-01-03,2025-26,MIA,MIN,0,0.5095329188138574
2026-01-03,2025-26,NYK,PHI,0,0.5452260415898604
2026-01-03,2025-26,TOR,ATL,1,0.6255302564406358
2026-01-03,2025-26,CHI,CHA,0,0.6533682207320713
2026-01-03,2025-26,SAS,POR,0,0.7662835273464236
2026-01-03,2025-26,DAL,HOU,1,0.25420305923418623
2026-01-03,2025-26,GSW,UTA,1,0.6586060512479666
2026-01-03,2025-26,LAC,BOS,0,0.5495141360465453
2026-01-04,2025-26,CLE,DET,0,0.5034556372286196
2026-01-04,2025-26,ORL,IND,1,0.7059065362916888
2026-01-04,2025-26,BKN,DEN,1,0.32194556759320014
2026-01-04,2025-26,MIA,NOP,1,0.729743049384073
2026-01-04,2025-26,WAS,MIN,0,0.3252639907161825
2026-01-04,2025-26,PHX,OKC,1,0.29220467744215367
2026-01-04,2025-26,SAC,MIL,0,0.3595419280824917
2026-01-04,2025-26,LAL,MEM,1,0.5550276612565647
2026-01-05,2025-26,DET,NYK,1,0.4856344874059059
2026-01-05,2025-26,BOS,CHI,1,0.7649456718453578
2026-01-05,2025-26,TOR,ATL,1,0.5956302689925801
2026-01-05,2025-26,HOU,PHX,1,0.7145161758139207
2026-01-05,2025-26,OKC,CHA,0,0.8280619409259133
2026-01-05,2025-26,PHI,DEN,0,0.6449893683381741
2026-01-05,2025-26,LAC,GSW,1,0.4994299197418711
2026-01-05,2025-26,POR,UTA,1,0.6374439021596908
2026-01-06,2025-26,IND,CLE,0,0.32935266702706895
2026-01-06,2025-26,WAS,ORL,1,0.32980335797652593
2026-01-06,2025-26,MEM,SAS,1,0.3941465997431881
2026-01-06,2025-26,MIN,MIA,1,0.5975290902215501
2026-01-06,2025-26,NOP,LAL,0,0.3506772229194108
2026-01-06,2025-26,SAC,DAL,0,0.36805549425935596
2026-01-07,2025-26,CHA,TOR,0,0.495730121657699
2026-01-07,2025-26,DET,CHI,1,0.7225476498938206
2026-01-07,2025-26,PHI,WAS,1,0.8283469144967098
2026-01-07,2025-26,ATL,NOP,1,0.7614405325385551
2026-01-07,2025-26,BOS,DEN,0,0.7139894207616904
2026-01-07,2025-26,BKN,ORL,0,0.6321279519025815
2026-01-07,2025-26,NYK,LAC,1,0.5258408987313061
2026-01-07,2025-26,SAS,LAL,1,0.6746428096316722
2026-01-07,2025-26,MEM,PHX,0,0.3783581857315455
2026-01-07,2025-26,OKC,UTA,1,0.8779212766401467
2026-01-07,2025-26,GSW,MIL,1,0.686669991100961
2026-01-07,2025-26,POR,HOU,1,0.31090464749573754
2026-01-08,2025-26,CHA,IND,0,0.6142352230789693
2026-01-08,2025-26,MIN,CLE,1,0.5904040513398975
2026-01-08,2025-26,UTA,DAL,1,0.4005888865829074
2026-01-09,2025-26,BOS,TOR,1,0.6927644123410147
2026-01-09,2025-26,ORL,PHI,0,0.5163674592513098
2026-01-09,2025-26,WAS,NOP,0,0.49723289504919793
2026-01-09,2025-26,BKN,LAC,0,0.411581154579833
2026-01-09,2025-26,MEM,OKC,0,0.2456354097578348
2026-01-09,2025-26,DEN,ATL,0,0.6391426168322157
2026-01-09,2025-26,PHX,NYK,1,0.5499141755847696
2026-01-09,2025-26,GSW,SAC,1,0.8587767424043016
2026-01-09,2025-26,POR,HOU,1,0.35624304057623013
2026-01-09,2025-26,LAL,MIL,0,0.5542632447891925
2026-01-10,2025-26,CLE,MIN,1,0.4837288625933723
2026-01-10,2025-26,IND,MIA,1,0.3238863587280412
2026-01-10,2025-26,DET,LAC,0,0.6969817871802158
2026-01-10,2025-26,BOS,SAS,0,0.5348716446498258
2026-01-10,2025-26,CHI,DAL,1,0.5451648279232155
2026-01-10,2025-26,UTA,CHA,0,0.4474892567307297
2026-01-11,2025-26,ORL,NOP,1,0.697970770919654
2026-01-11,2025-26,MEM,BKN,1,0.6129083279155783
2026-01-11,2025-26,TOR,PHI,1,0.4216309852683229
2026-01-11,2025-26,POR,NYK,0,0.4749865846489126
2026-01-11,2025-26,MIN,SAS,1,0.5629118415667105
2026-01-11,2025-26,OKC,MIA,1,0.8198669386315144
2026-01-11,2025-26,DEN,MIL,1,0.6231679935645614
2026-01-11,2025-26,PHX,WAS,1,0.8786303573770329
2026-01-11,2025-26,GSW,ATL,0,0.6470688290881312
2026-01-11,2025-26,SAC,HOU,1,0.17288929301397388
2026-01-12,2025-26,CLE,UTA,0,0.8627231184768362
2026-01-12,2025-26,IND,BOS,1,0.28285978012596813
2026-01-12,2025-26,TOR,PHI,0,0.49033340415145016
2026-01-12,2025-26,DAL,BKN,1,0.6813306700433639
2026-01-12,2025-26,SAC,LAL,1,0.2342951231662632
2026-01-12,2025-26,LAC,CHA,1,0.6516289621514463
2026-01-13,2025-26,MIA,PHX,1,0.42164842667204766
2026-01-13,2025-26,HOU,CHI,1,0.767521640196385
2026-01-13,2025-26,MIL,MIN,0,0.3782361825330332
2026-01-13,2025-26,NOP,DEN,0,0.3018378323713879
2026-01-13,2025-26,OKC,SAS,1,0.6826559170983421
2026-01-13,2025-26,LAL,ATL,1,0.4078066625714863
2026-01-13,2025-26,GSW,POR,1,0.6202670042211366
2026-01-14,2025-26,IND,TOR,0,0.4918667189087809
2026-01-14,2025-26,PHI,CLE,0,0.5193124185718204
2026-01-14,2025-26,CHI,UTA,1,0.5645521520249751
2026-01-14,2025-26,NOP,BKN,1,0.42295220291618
2026-01-14,2025-26,DAL,DEN,0,0.4304928551690029
2026-01-14,2025-26,SAC,NYK,1,0.23820102039548355
2026-01-14,2025-26,LAC,WAS,1,0.8646790192376151
2026-01-15,2025-26,DET,PHX,1,0.5880478145366658
2026-01-15,2025-26,MIA,BOS,0,0.4004041725566756
2026-01-15,2025-26,HOU,OKC,0,0.39152023969497324
2026-01-15,2025-26,SAS,MIL,1,0.747839315593919
2026-01-15,2025-26,DAL,UTA,1,0.7220762669880803
2026-01-15,2025-26,GSW,NYK,1,0.6655830380827501
2026-01-15,2025-26,POR,ATL,1,0.5371912497507129
2026-01-15,2025-26,LAL,CHA,0,0.5339235109461976
2026-01-16,2025-26,BKN,CHI,1,0.48568423199601024
2026-01-16,2025-26,IND,NOP,1,0.6138612157214779
2026-01-16,2025-26,PHI,CLE,0,0.48203547933318375
2026-01-16,2025-26,TOR,LAC,0,0.3797879195305387
2026-01-16,2025-26,HOU,MIN,1,0.4680368849293171
2026-01-16,2025-26,SAC,WAS,1,0.6877022582559401
2026-01-17,2025-26,DAL,UTA,1,0.6968349447103802
2026-01-17,2025-26,ATL,BOS,0,0.38551929301864857
2026-01-17,2025-26,DET,IND,1,0.8504611543720829
2026-01-17,2025-26,NYK,PHX,0,0.5436905452542178
2026-01-17,2025-26,MIA,OKC,1,0.2563053459587493
2026-01-17,2025-26,SAS,MIN,1,0.6004000598607189
2026-01-17,2025-26,GSW,CHA,1,0.6816919037132556
2026-01-17,2025-26,DEN,WAS,1,0.8907355556546237
2026-01-17,2025-26,POR,LAL,1,0.570422796709985
2026-01-18,2025-26,CHI,BKN,1,0.5982221537108271
2026-01-18,2025-26,HOU,NOP,1,0.8363856976639656
2026-01-18,2025-26,DEN,CHA,0,0.6352355189968898
2026-01-18,2025-26,SAC,POR,0,0.5008519700292701
2026-01-18,2025-26,LAL,TOR,1,0.47104942494524854
2026-01-19,2025-26,ATL,MIL,0,0.5417962059187326
2026-01-19,2025-26,CLE,OKC,0,0.34664609403413754
2026-01-19,2025-26,NYK,DAL,0,0.7299572009922267
2026-01-19,2025-26,DET,BOS,1,0.5544516288893147
2026-01-19,2025-26,WAS,LAC,0,0.25302307596919604
2026-01-19,2025-26,PHI,IND,1,0.8035997777368361
2026-01-19,2025-26,BKN,PHX,0,0.192104946074833
2026-01-19,2025-26,SAS,UTA,1,0.895799353428427
2026-01-19,2025-26,GSW,MIA,1,0.6456136561239052
2026-01-20,2025-26,PHI,PHX,0,0.4783014455418159
2026-01-20,2025-26,CHI,LAC,1,0.5436171520447997
2026-01-20,2025-26,HOU,SAS,1,0.6533969142954166
2026-01-20,2025-26,UTA,MIN,1,0.16779628315836764
2026-01-20,2025-26,DEN,LAL,0,0.5428484955791959
2026-01-20,2025-26,GSW,TOR,0,0.6781962801788012
2026-01-20,2025-26,SAC,MIA,0,0.4852188931815085
2026-01-21,2025-26,CHA,CLE,0,0.5034214740343428
2026-01-21,2025-26,BOS,IND,1,0.8237943620476733
2026-01-21,2025-26,NYK,BKN,1,0.7175508747779759
2026-01-21,2025-26,MEM,ATL,0,0.6147180597720324
2026-01-21,2025-26,NOP,DET,0,0.20545124811719936
2026-01-21,2025-26,MIL,OKC,0,0.20532979824348885
2026-01-21,2025-26,SAC,TOR,0,0.4492719823459554
2026-01-22,2025-26,ORL,CHA,0,0.6158382793141518
2026-01-22,2025-26,PHI,HOU,1,0.3983979008909017
2026-01-22,2025-26,WAS,DEN,0,0.2924763435202553
2026-01-22,2025-26,DAL,GSW,1,0.350161502918518
2026-01-22,2025-26,MIN,CHI,0,0.7040650751302068
2026-01-22,2025-26,UTA,SAS,0,0.22289213592053944
2026-01-22,2025-26,LAC,LAL,1,0.4706887601786054
2026-01-22,2025-26,POR,MIA,1,0.5368641405913774
2026-01-23,2025-26,DET,HOU,0,0.669980679068282
2026-01-23,2025-26,ATL,PHX,1,0.37541196434544016
2026-01-23,2025-26,BKN,BOS,0,0.2232081112386001
2026-01-23,2025-26,CLE,SAC,1,0.7981085215452582
2026-01-23,2025-26,MEM,NOP,0,0.6969364739647675
2026-01-23,2025-26,MIL,DEN,0,0.4976732574371547
2026-01-23,2025-26,OKC,IND,0,0.9043826696893311
2026-01-23,2025-26,POR,TOR,0,0.5551343653484104
2026-01-24,2025-26,PHI,NYK,0,0.5507831121307726
2026-01-24,2025-26,CHA,WAS,1,0.8101125792048581
2026-01-24,2025-26,ORL,CLE,0,0.45686966988588185
2026-01-24,2025-26,CHI,BOS,1,0.5128853746038944
2026-01-24,2025-26,DAL,LAL,0,0.4104903765218694
2026-01-24,2025-26,UTA,MIA,0,0.32451756026475115
2026-01-25,2025-26,MIN,GSW,0,0.5768009420856731
2026-01-25,2025-26,DET,SAC,1,0.8219501856049932
2026-01-25,2025-26,OKC,TOR,0,0.7811496841400956
2026-01-25,2025-26,SAS,NOP,0,0.7979136275854168
2026-01-25,2025-26,PHX,MIA,0,0.720704195054132
2026-01-25,2025-26,LAC,BKN,1,0.7785288018048696
2026-01-26,2025-26,CHA,PHI,1,0.5486746245052593
2026-01-26,2025-26,CLE,ORL,1,0.7091741018666221
2026-01-26,2025-26,ATL,IND,1,0.6536578966781499
2026-01-26,2025-26,BOS,POR,1,0.6817775734899804
2026-01-26,2025-26,CHI,LAL,0,0.4953302847372329
2026-01-26,2025-26,HOU,MEM,1,0.7506086147698424
2026-01-26,2025-26,MIN,GSW,1,0.5387430029598582
2026-01-27,2025-26,WAS,POR,1,0.3170362801077462
2026-01-27,2025-26,NYK,SAC,1,0.790156584498878
2026-01-27,2025-26,PHI,MIL,1,0.5114424867970488
2026-01-27,2025-26,OKC,NOP,1,0.880088324386225
2026-01-27,2025-26,DEN,DET,0,0.4143807664332511
2026-01-27,2025-26,PHX,BKN,1,0.7561059697580576
2026-01-27,2025-26,UTA,LAC,0,0.24955072193961544
2026-01-28,2025-26,CLE,LAL,1,0.5955204973639063
2026-01-28,2025-26,IND,CHI,1,0.417658166710938
2026-01-28,2025-26,BOS,ATL,0,0.7092364358576572
2026-01-28,2025-26,MIA,ORL,0,0.6823820881809781
2026-01-28,2025-26,TOR,NYK,0,0.6199115516871747
2026-01-28,2025-26,MEM,CHA,0,0.40619484992556265
2026-01-28,2025-26,DAL,MIN,0,0.36477898270624826
2026-01-28,2025-26,UTA,GSW,0,0.2913012061513811
2026-01-28,2025-26,HOU,SAS,0,0.5764205852305612
2026-01-29,2025-26,CHI,MIA,0,0.5217958921759266
2026-01-29,2025-26,PHI,SAC,1,0.754199510914576
2026-01-29,2025-26,WAS,MIL,1,0.4079781395050948
2026-01-29,2025-26,ATL,HOU,0,0.4565827631664956
2026-01-29,2025-26,DAL,CHA,0,0.40708885915560733
2026-01-29,2025-26,DEN,BKN,1,0.7166545458544371
2026-01-29,2025-26,PHX,DET,1,0.4283179960604931
2026-01-29,2025-26,MIN,OKC,1,0.31522222120018845
2026-01-30,2025-26,ORL,TOR,1,0.5059360179148785
2026-01-30,2025-26,WAS,LAL,0,0.229861454970964
2026-01-30,2025-26,BOS,SAC,1,0.8729748174434673
2026-01-30,2025-26,NYK,POR,1,0.6389057515912784
2026-01-30,2025-26,NOP,MEM,1,0.5320094342903048
2026-01-30,2025-26,PHX,CLE,1,0.3899670549790115
2026-01-30,2025-26,UTA,BKN,0,0.6582995340719787
2026-01-30,2025-26,DEN,LAC,1,0.41451243302136254
2026-01-30,2025-26,GSW,DET,0,0.6230392592706022
2026-01-31,2025-26,MIA,CHI,0,0.6101018535941582
2026-01-31,2025-26,CHA,SAS,1,0.5042521156935633
2026-01-31,2025-26,IND,ATL,1,0.4325969979630574
2026-01-31,2025-26,PHI,NOP,1,0.7627903551265633
2026-01-31,2025-26,MEM,MIN,0,0.2649420827414087
2026-01-31,2025-26,HOU,DAL,1,0.7719806968471024
2026-02-01,2025-26,BOS,MIL,1,0.8184405397087577
2026-02-01,2025-26,SAS,ORL,1,0.6407676327660329
2026-02-01,2025-26,DET,BKN,1,0.8592513153698139
2026-02-01,2025-26,MIA,CHI,1,0.60250458608325
2026-02-01,2025-26,TOR,UTA,1,0.8315913913057231
2026-02-01,2025-26,WAS,SAC,1,0.40830974073706133
2026-02-01,2025-26,NYK,LAL,1,0.6417616020507181
2026-02-01,2025-26,PHX,LAC,0,0.5687403915105576
2026-02-01,2025-26,POR,CLE,0,0.4051340439210547
2026-02-01,2025-26,DEN,OKC,0,0.31820799063624
2026-02-02,2025-26,CHA,NOP,1,0.7636137338297031
2026-02-02,2025-26,IND,HOU,0,0.28671980280333875
2026-02-02,2025-26,MEM,MIN,1,0.2827562514321074
2026-02-02,2025-26,LAC,PHI,0,0.5442915437943282
2026-02-03,2025-26,DET,DEN,1,0.6575446309855636
2026-02-03,2025-26,IND,UTA,0,0.5477474256931903
2026-02-03,2025-26,WAS,NYK,0,0.19434606742025876
2026-02-03,2025-26,BKN,LAL,0,0.25596735918866476
2026-02-03,2025-26,MIA,ATL,0,0.5923111169891636
2026-02-03,2025-26,DAL,BOS,0,0.33012551173574617
2026-02-03,2025-26,MIL,CHI,1,0.4891991304196172
2026-02-03,2025-26,OKC,ORL,1,0.8272731668874022
2026-02-03,2025-26,GSW,PHI,0,0.7255220579177948
2026-02-03,2025-26,POR,PHX,0,0.4087412734799677
2026-02-04,2025-26,NYK,DEN,1,0.6170284853261518
2026-02-04,2025-26,TOR,MIN,0,0.42928377078992513
2026-02-04,2025-26,HOU,BOS,0,0.5908130828150455
2026-02-04,2025-26,MIL,NOP,1,0.45235400416573485
2026-02-04,2025-26,SAS,OKC,1,0.4589357377586712
2026-02-04,2025-26,SAC,MEM,0,0.4565089101373322
2026-02-04,2025-26,LAC,CLE,0,0.4302299317911549
2026-02-05,2025-26,DET,WAS,0,0.898875894880349
2026-02-05,2025-26,ORL,BKN,1,0.6877743099140208
2026-02-05,2025-26,ATL,UTA,1,0.7430049510532553
2026-02-05,2025-26,TOR,CHI,1,0.65507688532522
2026-02-05,2025-26,HOU,CHA,0,0.46791770590232956
2026-02-05,2025-26,DAL,SAS,0,0.39192861330551015
2026-02-05,2025-26,PHX,GSW,0,0.5750150109533724
2026-02-05,2025-26,LAL,PHI,1,0.5857631393553964
2026-02-06,2025-26,BOS,MIA,1,0.7414965627225999
2026-02-06,2025-26,DET,NYK,1,0.49833777068787155
2026-02-06,2025-26,MIL,IND,1,0.6870870849213426
2026-02-06,2025-26,MIN,NOP,0,0.7738421754072246
2026-02-06,2025-26,POR,MEM,1,0.5929848226310048
2026-02-06,2025-26,SAC,LAC,0,0.34145630630648416
2026-02-07,2025-26,BKN,WAS,1,0.6113517992158816
2026-02-07,2025-26,OKC,HOU,0,0.7025337516854583
2026-02-07,2025-26,SAS,DAL,1,0.7548371303807068
2026-02-07,2025-26,ORL,UTA,1,0.7168614433333614
2026-02-07,2025-26,ATL,CHA,0,0.3819051114926626
2026-02-07,2025-26,CHI,DEN,0,0.32408744680450885
2026-02-07,2025-26,LAL,GSW,1,0.5731188800837245
2026-02-07,2025-26,PHX,PHI,0,0.5234381094995681
2026-02-07,2025-26,POR,MEM,1,0.7246181372467396
2026-02-07,2025-26,SAC,CLE,0,0.173076912481583
2026-02-08,2025-26,BOS,NYK,0,0.6777786012390906
2026-02-08,2025-26,WAS,MIA,0,0.2190449478102325
2026-02-08,2025-26,TOR,IND,1,0.685147368613848
2026-02-08,2025-26,MIN,LAC,0,0.6196696790546817
2026-02-09,2025-26,CHA,DET,0,0.4897936379933392
2026-02-09,2025-26,BKN,CHI,1,0.520579209176514
2026-02-09,2025-26,MIA,UTA,0,0.6949153679201422
2026-02-09,2025-26,ORL,MIL,1,0.5926258688067222
2026-02-09,2025-26,MIN,ATL,1,0.5610433162393452
2026-02-09,2025-26,NOP,SAC,1,0.6667507108286763
2026-02-09,2025-26,DEN,CLE,0,0.5083209036450844
2026-02-09,2025-26,GSW,MEM,1,0.7790490333814772
2026-02-09,2025-26,LAL,OKC,0,0.41816352008677954
2026-02-09,2025-26,POR,PHI,1,0.41488099274205753
2026-02-10,2025-26,NYK,IND,0,0.7799703329086168
2026-02-10,2025-26,HOU,LAC,1,0.6411713916153238
2026-02-10,2025-26,PHX,DAL,1,0.765953849270023
2026-02-10,2025-26,LAL,SAS,0,0.4318010121427883
2026-02-11,2025-26,CHA,ATL,1,0.7733878468425798
2026-02-11,2025-26,CLE,WAS,1,0.8952685309646103
2026-02-11,2025-26,ORL,MIL,0,0.696330940288823
2026-02-11,2025-26,BOS,CHI,1,0.8156675661377991
2026-02-11,2025-26,BKN,IND,0,0.46919518822537865
2026-02-11,2025-26,PHI,NYK,0,0.5149663628926003
2026-02-11,2025-26,TOR,DET,0,0.3563788550075307
2026-02-11,2025-26,HOU,LAC,0,0.6979203867948099
2026-02-11,2025-26,MIN,POR,1,0.5824700662498637
2026-02-11,2025-26,NOP,MIA,0,0.44159364036576115
2026-02-11,2025-26,PHX,OKC,0,0.35329328338935045
2026-02-11,2025-26,UTA,SAC,1,0.6668060045444433
2026-02-11,2025-26,DEN,MEM,1,0.7777356248890336
2026-02-11,2025-26,GSW,SAS,0,0.5266742376399717
2026-02-12,2025-26,OKC,MIL,0,0.8389270104677097
2026-02-12,2025-26,UTA,POR,0,0.435003811899976
2026-02-12,2025-26,LAL,DAL,1,0.6261504613133685
2026-02-19,2025-26,CHA,HOU,0,0.5690977960224908
2026-02-19,2025-26,CLE,BKN,1,0.8875996550306162
2026-02-19,2025-26,PHI,ATL,0,0.53775981712272
2026-02-19,2025-26,WAS,IND,1,0.5121478838225493
2026-02-19,2025-26,NYK,DET,0,0.4954137526136819
2026-02-19,2025-26,CHI,TOR,0,0.32487219797795736
2026-02-19,2025-26,SAS,PHX,1,0.7122807323203802
2026-02-19,2025-26,GSW,BOS,0,0.44542363223205583
2026-02-19,2025-26,SAC,ORL,0,0.24587283207011607
2026-02-19,2025-26,LAC,DEN,1,0.4786137286747891
2026-02-20,2025-26,CHA,CLE,0,0.48234463529048194
2026-02-20,2025-26,WAS,IND,1,0.4707560937510763
2026-02-20,2025-26,MEM,UTA,1,0.6885222160123184
2026-02-20,2025-26,ATL,MIA,0,0.40251743446600324
2026-02-20,2025-26,MIN,DAL,1,0.7454156382429825
2026-02-20,2025-26,NOP,MIL,0,0.5484467084865646
2026-02-20,2025-26,OKC,BKN,1,0.9164414523066163
2026-02-20,2025-26,LAL,LAC,1,0.6586183125426067
2026-02-20,2025-26,POR,DEN,0,0.5451444338337481
2026-02-21,2025-26,PHX,ORL,1,0.57692821324075
2026-02-21,2025-26,NOP,PHI,1,0.3676961239976408
2026-02-21,2025-26,MIA,MEM,1,0.7597327547145609
2026-02-21,2025-26,CHI,DET,0,0.19018167533755748
2026-02-21,2025-26,SAS,SAC,1,0.9116118349353801
2026-02-21,2025-26,NYK,HOU,1,0.5845695451208861
2026-02-22,2025-26,OKC,CLE,1,0.5368193221357859
2026-02-22,2025-26,ATL,BKN,1,0.7034929750774155
2026-02-22,2025-26,MIL,TOR,0,0.4322414419736076
2026-02-22,2025-26,GSW,DEN,1,0.4490406455210017
2026-02-22,2025-26,IND,DAL,0,0.4331111884937484
2026-02-22,2025-26,WAS,CHA,0,0.26077844943923006
2026-02-22,2025-26,LAL,BOS,0,0.4855431837892089
2026-02-22,2025-26,MIN,PHI,0,0.7665737290309016
2026-02-22,2025-26,CHI,NYK,0,0.26391796778812765
2026-02-22,2025-26,PHX,POR,0,0.5603847582816358
2026-02-22,2025-26,LAC,ORL,0,0.7394696975639853
2026-02-23,2025-26,DET,SAS,0,0.6034736407610524
2026-02-23,2025-26,MEM,SAC,0,0.7066666189264719
2026-02-23,2025-26,HOU,UTA,1,0.8465200136676131
2026-02-24,2025-26,IND,PHI,0,0.3909539279821054
2026-02-24,2025-26,ATL,WAS,1,0.7424520504949268
2026-02-24,2025-26,BKN,DAL,0,0.4640140715975306
2026-02-24,2025-26,TOR,OKC,0,0.3666359751497684
2026-02-24,2025-26,CLE,NYK,1,0.5757607969575067
2026-02-24,2025-26,CHI,CHA,0,0.28386737578490673
2026-02-24,2025-26,MIL,MIA,1,0.40624686771330043
2026-02-24,2025-26,NOP,GSW,1,0.41019856235978996
2026-02-24,2025-26,PHX,BOS,0,0.29931504977735085
2026-02-24,2025-26,LAL,ORL,0,0.6397159793051997
2026-02-24,2025-26,POR,MIN,0,0.5287539711702999
2026-02-25,2025-26,DET,OKC,1,0.6274980311976931
2026-02-25,2025-26,TOR,SAS,0,0.3247606112156881
2026-02-25,2025-26,MEM,GSW,0,0.3900029098446193
2026-02-25,2025-26,HOU,SAC,1,0.877513487058547
2026-02-25,2025-26,MIL,CLE,1,0.3352605101960312
2026-02-25,2025-26,DEN,BOS,1,0.6038786676195038
2026-02-26,2025-26,IND,CHA,0,0.2049949042048823
2026-02-26,2025-26,PHI,MIA,1,0.5049899597193281
2026-02-26,2025-26,ATL,WAS,1,0.761320241690779
2026-02-26,2025-26,BKN,SAS,0,0.21719749897902912
2026-02-26,2025-26,ORL,HOU,0,0.4901788626028383
2026-02-26,2025-26,CHI,POR,0,0.3669559553128288
2026-02-26,2025-26,DAL,SAC,0,0.7896539679991716
2026-02-26,2025-26,PHX,LAL,1,0.3961482920288987
2026-02-26,2025-26,UTA,NOP,0,0.451842707798125
2026-02-26,2025-26,LAC,MIN,0,0.6042329970768752
2026-02-27,2025-26,DET,CLE,1,0.6452573996145077
2026-02-27,2025-26,BOS,BKN,1,0.9050056977632716
2026-02-27,2025-26,MIL,NYK,0,0.3811664897942364
2026-02-27,2025-26,DAL,MEM,0,0.5697960299659548
2026-02-27,2025-26,OKC,DEN,1,0.5696794752382512
2026-02-28,2025-26,CHA,POR,1,0.7273985751349236
2026-02-28,2025-26,MIA,HOU,1,0.4377140024399293
2026-02-28,2025-26,WAS,TOR,0,0.19339193014064052
2026-02-28,2025-26,GSW,LAL,0,0.5291597350926812
2026-02-28,2025-26,UTA,NOP,0,0.35308001427693714
2026-03-01,2025-26,NYK,SAS,1,0.4729603889498949
2026-03-01,2025-26,BKN,CLE,0,0.19216296073602254
2026-03-01,2025-26,CHI,MIL,1,0.40241931586774293
2026-03-01,2025-26,DEN,MIN,0,0.6547529118719362
2026-03-01,2025-26,IND,MEM,0,0.541610327119025
2026-03-01,2025-26,ATL,POR,1,0.6413372234345042
2026-03-01,2025-26,BOS,PHI,1,0.6520751952088614
2026-03-01,2025-26,ORL,DET,0,0.34375139251967524
2026-03-01,2025-26,DAL,OKC,0,0.14234824032767115
2026-03-01,2025-26,LAC,NOP,1,0.7520839401187782
2026-03-01,2025-26,LAL,SAC,1,0.8077243006028935
2026-03-02,2025-26,WAS,HOU,0,0.17380736907536443
2026-03-02,2025-26,MIL,BOS,0,0.2686288934254534
2026-03-02,2025-26,UTA,DEN,0,0.2223589812160611
2026-03-02,2025-26,GSW,LAC,0,0.5859735050078821
2026-03-03,2025-26,CHA,DAL,1,0.829550811746753
2026-03-03,2025-26,CLE,DET,1,0.4555851513741299
2026-03-03,2025-26,ORL,WAS,1,0.8300588912835181
2026-03-03,2025-26,MIA,BKN,1,0.7711313924345553
2026-03-03,2025-26,TOR,NYK,0,0.4623982372845582
2026-03-03,2025-26,PHI,SAS,0,0.37310363207571046
2026-03-03,2025-26,CHI,OKC,0,0.1638515066056725
2026-03-03,2025-26,MIN,MEM,1,0.7937527419607018
2026-03-03,2025-26,LAL,NOP,1,0.7413081475070418
2026-03-03,2025-26,SAC,PHX,0,0.2684822148480347
2026-03-04,2025-26,NYK,OKC,0,0.5518299929144006
2026-03-04,2025-26,BOS,CHA,0,0.7239451101595992
2026-03-04,2025-26,PHI,UTA,1,0.6975174600296007
2026-03-04,2025-26,MEM,POR,0,0.3828388826287168
2026-03-04,2025-26,MIL,ATL,0,0.4605926045092326
2026-03-04,2025-26,LAC,IND,1,0.847358895010115
2026-03-05,2025-26,ORL,DAL,1,0.7053305575213982
2026-03-05,2025-26,WAS,UTA,0,0.6474922819649753
2026-03-05,2025-26,MIA,BKN,1,0.8017207348898922
2026-03-05,2025-26,HOU,GSW,0,0.6840213167461107
2026-03-05,2025-26,MIN,TOR,1,0.5851432629290177
2026-03-05,2025-26,SAS,DET,1,0.5090693446845111
2026-03-05,2025-26,PHX,CHI,0,0.7185395374177296
2026-03-05,2025-26,DEN,LAL,1,0.5651687293372827
2026-03-05,2025-26,SAC,NOP,0,0.31578853834772824
2026-03-06,2025-26,BOS,DAL,1,0.8616208636568802
2026-03-06,2025-26,CHA,MIA,0,0.7338678395630817
2026-03-06,2025-26,HOU,POR,1,0.6481493551018724
2026-03-06,2025-26,DEN,NYK,0,0.3985095790479587
2026-03-06,2025-26,PHX,NOP,1,0.6842964373067086
2026-03-06,2025-26,SAS,LAC,1,0.6290028938712492
2026-03-06,2025-26,LAL,IND,1,0.7803050340485377
2026-03-07,2025-26,MIN,ORL,0,0.6184872368729842
2026-03-07,2025-26,DET,BKN,0,0.8915608489161942
2026-03-07,2025-26,ATL,PHI,1,0.6783532079666614
2026-03-07,2025-26,MEM,LAC,0,0.3170408343209978
2026-03-07,2025-26,MIL,UTA,1,0.7153653979978633
2026-03-07,2025-26,OKC,GSW,1,0.8057603914354968
2026-03-08,2025-26,CLE,BOS,0,0.5562443283235535
2026-03-08,2025-26,LAL,NYK,1,0.4101942629738506
2026-03-08,2025-26,MIA,DET,1,0.5007177635827574
2026-03-08,2025-26,TOR,DAL,1,0.7453794235466826
2026-03-08,2025-26,NOP,WAS,1,0.7443371850911742
2026-03-08,2025-26,MIL,ORL,0,0.45351073667318237
2026-03-08,2025-26,SAS,HOU,1,0.6615459001030662
2026-03-08,2025-26,PHX,CHA,1,0.3536152537117374
2026-03-08,2025-26,POR,IND,1,0.6973047487160051
2026-03-08,2025-26,SAC,CHI,1,0.3626735912796745
2026-03-09,2025-26,CLE,PHI,1,0.7110094449872918
2026-03-09,2025-26,BKN,MEM,1,0.511995059660904
2026-03-09,2025-26,OKC,DEN,1,0.6954878560585118
2026-03-09,2025-26,UTA,GSW,1,0.2788944727996913
2026-03-09,2025-26,LAC,NYK,1,0.48441215998429576
2026-03-10,2025-26,PHI,MEM,1,0.6560960656699965
2026-03-10,2025-26,BKN,DET,0,0.12158508315234305
2026-03-10,2025-26,MIA,WAS,1,0.883546043023321
2026-03-10,2025-26,ATL,DAL,1,0.7537091373807844
2026-03-10,2025-26,HOU,TOR,1,0.5797773141087712
2026-03-10,2025-26,MIL,PHX,0,0.329462182291749
2026-03-10,2025-26,SAS,BOS,1,0.5449065560153793
2026-03-10,2025-26,GSW,CHI,0,0.6090465391729492
2026-03-10,2025-26,POR,CHA,0,0.33904257838307816
2026-03-10,2025-26,SAC,IND,1,0.4836728105102542
2026-03-10,2025-26,LAL,MIN,1,0.6412474415907651
2026-03-11,2025-26,ORL,CLE,1,0.47455268789967087
2026-03-11,2025-26,NOP,TOR,1,0.518162289694927
2026-03-11,2025-26,UTA,NYK,0,0.1477958332325889
2026-03-11,2025-26,DEN,HOU,1,0.6568773537778944
2026-03-11,2025-26,SAC,CHA,0,0.16827485328001604
2026-03-11,2025-26,LAC,MIN,1,0.7253355413213275
2026-03-12,2025-26,DET,PHI,1,0.7819654540933257
2026-03-12,2025-26,IND,PHX,0,0.2058774982756552
2026-03-12,2025-26,ORL,WAS,1,0.8552266944331645
2026-03-12,2025-26,ATL,BKN,1,0.8025386467158386
2026-03-12,2025-26,MIA,MIL,1,0.7480091656911942
2026-03-12,2025-26,SAS,DEN,0,0.7451147996370657
2026-03-12,2025-26,OKC,BOS,1,0.6531864663955006
2026-03-12,2025-26,LAL,CHI,1,0.7888534717344257
2026-03-12,2025-26,MEM,DAL,0,0.5124594686079023
2026-03-13,2025-26,DET,MEM,1,0.8991625528357878
2026-03-13,2025-26,IND,NYK,0,0.09805392810017119
2026-03-13,2025-26,TOR,PHX,1,0.6383847508465273
2026-03-13,2025-26,HOU,NOP,1,0.6691510396812747
2026-03-13,2025-26,DAL,CLE,0,0.1888121434112345
2026-03-13,2025-26,GSW,MIN,0,0.47272907260380226
2026-03-13,2025-26,POR,UTA,1,0.8054231010923554
2026-03-13,2025-26,LAC,CHI,1,0.8495499226033512
2026-03-14,2025-26,PHI,BKN,1,0.7012636974481573
2026-03-14,2025-26,ATL,MIL,1,0.663133122698676
2026-03-14,2025-26,BOS,WAS,1,0.8981910968146266
2026-03-14,2025-26,MIA,ORL,0,0.5869720667257927
2026-03-14,2025-26,SAS,CHA,1,0.5770361718283337
2026-03-14,2025-26,LAL,DEN,1,0.5324772882682314
2026-03-14,2025-26,LAC,SAC,0,0.8594936086616681
2026-03-15,2025-26,OKC,MIN,1,0.782755493427061
2026-03-15,2025-26,CLE,DAL,0,0.8373163599322225
2026-03-15,2025-26,TOR,DET,1,0.42769192367071585
2026-03-15,2025-26,MIL,IND,1,0.5563635615818555
2026-03-15,2025-26,PHI,POR,1,0.43192292862527204
2026-03-15,2025-26,NYK,GSW,1,0.7577511169576501
2026-03-15,2025-26,SAC,UTA,1,0.5164950355379121
2026-03-16,2025-26,ATL,ORL,1,0.5039202425883607
2026-03-16,2025-26,WAS,GSW,0,0.4117868726352329
2026-03-16,2025-26,BKN,POR,0,0.41599103134353443
2026-03-16,2025-26,BOS,PHX,1,0.6783877954785328
2026-03-16,2025-26,CHI,MEM,1,0.5733174470157624
2026-03-16,2025-26,NOP,DAL,1,0.7325384977623133
2026-03-16,2025-26,HOU,LAL,0,0.4592204459581592
2026-03-16,2025-26,LAC,SAS,0,0.3790645492102849
2026-03-17,2025-26,CHA,MIA,1,0.6003355902229806
2026-03-17,2025-26,ORL,OKC,0,0.2484229991382739
2026-03-17,2025-26,WAS,DET,0,0.08819322948337709
2026-03-17,2025-26,NYK,IND,1,0.9135441601870177
2026-03-17,2025-26,MIL,CLE,0,0.30436254007523744
2026-03-17,2025-26,MIN,PHX,1,0.6066106624604051
2026-03-17,2025-26,DEN,PHI,1,0.7950248119022523
2026-03-17,2025-26,SAC,SAS,0,0.19622625925910508
2026-03-18,2025-26,MEM,DEN,1,0.2259576660581316
2026-03-18,2025-26,BOS,GSW,1,0.7997397976174526
2026-03-18,2025-26,BKN,OKC,0,0.1200958017546165
2026-03-18,2025-26,IND,POR,0,0.24292527261480804
2026-03-18,2025-26,CHI,TOR,0,0.3174877731003539
2026-03-18,2025-26,MIN,UTA,1,0.7855662307422457
2026-03-18,2025-26,NOP,LAC,1,0.4460117499800161
2026-03-18,2025-26,DAL,ATL,0,0.28048410253096545
2026-03-18,2025-26,HOU,LAL,0,0.42863137117317074
2026-03-19,2025-26,CHA,ORL,1,0.6552042353002913
2026-03-19,2025-26,WAS,DET,0,0.11635067533915337
2026-03-19,2025-26,MIA,LAL,0,0.5195599045534597
2026-03-19,2025-26,CHI,CLE,0,0.20992225827567404
2026-03-19,2025-26,NOP,LAC,1,0.47872444623003146
2026-03-19,2025-26,SAS,PHX,1,0.758441448594764
2026-03-19,2025-26,UTA,MIL,1,0.33378152552335566
2026-03-19,2025-26,SAC,PHI,0,0.4075748752845372
2026-03-20,2025-26,BKN,NYK,0,0.14143972111121325
2026-03-20,2025-26,DET,GSW,1,0.7496323600299283
2026-03-20,2025-26,HOU,ATL,1,0.5410094718563245
2026-03-20,2025-26,MEM,BOS,0,0.17226779920883417
2026-03-20,2025-26,MIN,POR,0,0.6117264726129965
2026-03-20,2025-26,DEN,TOR,1,0.6371351461822169
2026-03-21,2025-26,WAS,OKC,0,0.07714320429757236
2026-03-21,2025-26,CHA,MEM,1,0.9003322375571208
2026-03-21,2025-26,ORL,LAL,0,0.36317364157162335
2026-03-21,2025-26,NOP,CLE,0,0.40566680968141755
2026-03-21,2025-26,ATL,GSW,1,0.6943996015430427
2026-03-21,2025-26,HOU,MIA,1,0.4825914783608877
2026-03-21,2025-26,SAS,IND,1,0.9327036185895348
2026-03-21,2025-26,DAL,LAC,0,0.3861875349027409
2026-03-21,2025-26,UTA,PHI,0,0.43467011197618444
2026-03-21,2025-26,PHX,MIL,0,0.7459340622685455
2026-03-22,2025-26,DEN,POR,1,0.6855365135011263
2026-03-22,2025-26,SAC,BKN,1,0.6029229040429285
2026-03-22,2025-26,NYK,WAS,1,0.9451629592348917
2026-03-22,2025-26,BOS,MIN,0,0.7343275580472018
2026-03-22,2025-26,PHX,TOR,1,0.37445017428069444
2026-03-23,2025-26,ATL,MEM,1,0.8153673801352291
2026-03-23,2025-26,DET,LAL,1,0.5715657333891203
2026-03-23,2025-26,ORL,IND,0,0.8072488529247908
2026-03-23,2025-26,PHI,OKC,0,0.18967270081408652
2026-03-23,2025-26,MIA,SAS,0,0.34038463081716896
2026-03-23,2025-26,CHI,HOU,1,0.2965286176530411
2026-03-23,2025-26,UTA,TOR,0,0.35581556227571176
2026-03-23,2025-26,DAL,GSW,0,0.4828012467424714
2026-03-23,2025-26,POR,BKN,1,0.8186585483211528
2026-03-23,2025-26,LAC,MIL,1,0.7829784001099767
2026-03-24,2025-26,CHA,SAC,1,0.8986985360611774
2026-03-24,2025-26,NYK,NOP,1,0.7443841151168576
2026-03-24,2025-26,CLE,ORL,1,0.7825993616045384
2026-03-24,2025-26,PHX,DEN,0,0.43204683015946427
2026-03-25,2025-26,DET,ATL,0,0.722649212080195
2026-03-25,2025-26,IND,LAL,0,0.2164506562098616
2026-03-25,2025-26,PHI,CHI,1,0.5429531355207388
2026-03-25,2025-26,BOS,OKC,1,0.4592896995164553
2026-03-25,2025-26,CLE,MIA,0,0.6008356947229483
2026-03-25,2025-26,MEM,SAS,0,0.11261502805638451
2026-03-25,2025-26,UTA,WAS,0,0.6638968467944883
2026-03-25,2025-26,MIN,HOU,1,0.5483900188640998
2026-03-25,2025-26,DEN,DAL,1,0.8122680727760191
2026-03-25,2025-26,GSW,BKN,1,0.7827180399067094
2026-03-25,2025-26,POR,MIL,1,0.7482646487108882
2026-03-25,2025-26,LAC,TOR,1,0.631897431231144
2026-03-26,2025-26,CHA,NYK,1,0.5057126331654435
2026-03-26,2025-26,DET,NOP,1,0.7350860554232932
2026-03-26,2025-26,ORL,SAC,1,0.8034986643331529
2026-03-27,2025-26,IND,LAC,0,0.23246584872355694
2026-03-27,2025-26,BOS,ATL,1,0.6664852811272022
2026-03-27,2025-26,CLE,MIA,1,0.5600728368001917
2026-03-27,2025-26,MEM,HOU,0,0.19448356111324594
2026-03-27,2025-26,OKC,CHI,1,0.8916208086953671
2026-03-27,2025-26,TOR,NOP,1,0.6732202460347115
2026-03-27,2025-26,DEN,UTA,1,0.88878592255215
2026-03-27,2025-26,GSW,WAS,1,0.7576728362722921
2026-03-27,2025-26,POR,DAL,0,0.7291134868072959
2026-03-27,2025-26,LAL,BKN,1,0.8888337146999327
2026-03-28,2025-26,MIL,SAS,0,0.14005131907042961
2026-03-28,2025-26,CHA,PHI,0,0.7661443400136263
2026-03-28,2025-26,ATL,SAC,1,0.8133044199309721
2026-03-28,2025-26,MEM,CHI,1,0.40663631813843626
2026-03-28,2025-26,MIN,DET,0,0.4766327114874146
2026-03-28,2025-26,PHX,UTA,1,0.888549156384965
2026-03-29,2025-26,MIL,LAC,0,0.18516574903969035
2026-03-29,2025-26,IND,MIA,1,0.28058141853037555
2026-03-29,2025-26,BKN,SAC,1,0.6136487381063852
2026-03-29,2025-26,CHA,BOS,0,0.4434644301881664
2026-03-29,2025-26,TOR,ORL,1,0.5393610507621129
2026-03-29,2025-26,POR,WAS,1,0.8185654463533107
2026-03-29,2025-26,NOP,HOU,0,0.40456197978685665
2026-03-29,2025-26,OKC,NYK,1,0.6163677136095913
2026-03-29,2025-26,DEN,GSW,1,0.779704640606718
2026-03-30,2025-26,MIA,PHI,1,0.4473935640130628
2026-03-30,2025-26,ATL,BOS,1,0.5002919308068243
2026-03-30,2025-26,MEM,PHX,0,0.23228449128018158
2026-03-30,2025-26,SAS,CHI,1,0.878630121268148
2026-03-30,2025-26,DAL,MIN,0,0.30543100535833834
2026-03-30,2025-26,UTA,CLE,0,0.15073765510225992
2026-03-30,2025-26,OKC,DET,1,0.567438585748462
2026-03-30,2025-26,LAL,WAS,1,0.9361432052916979
2026-03-31,2025-26,MIL,DAL,1,0.595729719865121
2026-03-31,2025-26,ORL,PHX,1,0.5474414538237171
2026-03-31,2025-26,BKN,CHA,0,0.15605396853896375
2026-03-31,2025-26,DET,TOR,1,0.652342274883798
2026-03-31,2025-26,HOU,NYK,1,0.447315415421868
2026-03-31,2025-26,LAL,CLE,1,0.5724183375173573
2026-03-31,2025-26,LAC,POR,0,0.6519218373198288
2026-04-01,2025-26,MEM,NYK,0,0.21333510003663456
2026-04-01,2025-26,WAS,PHI,0,0.200606837380941
2026-04-01,2025-26,MIA,BOS,0,0.39756585053882915
2026-04-01,2025-26,ORL,ATL,0,0.34329859202182555
2026-04-01,2025-26,TOR,SAC,0,0.8437213852548521
2026-04-01,2025-26,CHI,IND,0,0.5406650229492046
2026-04-01,2025-26,HOU,MIL,1,0.843513325240934
2026-04-01,2025-26,UTA,DEN,0,0.14223252542034553
2026-04-01,2025-26,GSW,SAS,0,0.19395765074168358
2026-04-02,2025-26,CHA,PHX,1,0.6605364478823386
2026-04-02,2025-26,DET,MIN,1,0.7240413528854469
2026-04-02,2025-26,OKC,LAL,1,0.6907354682512564
2026-04-02,2025-26,GSW,CLE,0,0.24108659568359114
2026-04-02,2025-26,POR,NOP,1,0.6765848275538674
2026-04-02,2025-26,LAC,SAS,0,0.4528291490400235
2026-04-03,2025-26,CHA,IND,1,0.8358031314062783
2026-04-03,2025-26,PHI,MIN,1,0.5422589054125566
2026-04-03,2025-26,BKN,ATL,0,0.16014822597119477
2026-04-03,2025-26,NYK,CHI,1,0.8501079130908252
2026-04-03,2025-26,HOU,UTA,1,0.8855621079044067
2026-04-03,2025-26,MEM,TOR,0,0.244103277748806
2026-04-03,2025-26,MIL,BOS,0,0.13744055048470916
2026-04-03,2025-26,DAL,ORL,0,0.3116351239130019
2026-04-03,2025-26,SAC,NOP,1,0.42925384272459033
2026-04-04,2025-26,MIA,WAS,1,0.8619951460074113
2026-04-04,2025-26,DEN,SAS,1,0.42825744084755235
2026-04-04,2025-26,PHI,DET,0,0.3357394290822839
2026-04-05,2025-26,BOS,TOR,1,0.7388758334423992
2026-04-05,2025-26,BKN,WAS,1,0.6779898811944896
2026-04-05,2025-26,CHI,PHX,0,0.29244563048330097
2026-04-05,2025-26,MIL,MEM,1,0.6881983103922925
2026-04-05,2025-26,CLE,IND,1,0.8626062090352001
2026-04-05,2025-26,MIN,CHA,0,0.3685872336102794
2026-04-05,2025-26,NOP,ORL,0,0.45334861026953926
2026-04-05,2025-26,OKC,UTA,1,0.9523518044861496
2026-04-05,2025-26,DAL,LAL,1,0.1946234987486913
2026-04-05,2025-26,SAC,LAC,0,0.20965517138770554
2026-04-05,2025-26,GSW,HOU,0,0.3286474213441925
2026-04-06,2025-26,ATL,NYK,0,0.527445253568767
2026-04-06,2025-26,ORL,DET,1,0.24598556873685662
2026-04-06,2025-26,MEM,CLE,0,0.16896921998770212
2026-04-06,2025-26,SAS,PHI,1,0.8236404944221147
2026-04-06,2025-26,DEN,POR,1,0.6532410632788117
2026-04-07,2025-26,WAS,CHI,0,0.40289555437528013
2026-04-07,2025-26,BOS,CHA,1,0.5744389734043236
2026-04-07,2025-26,BKN,MIL,1,0.4213669825852666
2026-04-07,2025-26,TOR,MIA,1,0.5334641689608957
2026-04-07,2025-26,IND,MIN,0,0.2707641603402055
2026-04-07,2025-26,NOP,UTA,1,0.7322231769758403
2026-04-07,2025-26,GSW,SAC,1,0.7590159066635449
2026-04-07,2025-26,LAL,OKC,0,0.2599779838548919
2026-04-07,2025-26,LAC,DAL,1,0.7928929228304058
2026-04-07,2025-26,PHX,HOU,0,0.49457708288118507
2026-04-08,2025-26,CLE,ATL,1,0.47862219338184214
2026-04-08,2025-26,ORL,MIN,1,0.5877684167076205
2026-04-08,2025-26,DET,MIL,1,0.9081647893088393
2026-04-08,2025-26,SAS,POR,1,0.7552610505938827
2026-04-08,2025-26,DEN,MEM,1,0.922117063878677
2026-04-08,2025-26,LAC,OKC,0,0.3377962629325159
2026-04-08,2025-26,PHX,DAL,1,0.7941671452069932
2026-04-09,2025-26,TOR,MIA,1,0.5983809004800491
2026-04-09,2025-26,WAS,CHI,0,0.3250770024872171
2026-04-09,2025-26,BKN,IND,0,0.520348527813869
2026-04-09,2025-26,NYK,BOS,1,0.4668503713164852
2026-04-09,2025-26,HOU,PHI,1,0.6074111636929752
2026-04-09,2025-26,GSW,LAL,0,0.5576103001502052
2026-04-10,2025-26,CHA,DET,0,0.6140031784871477
2026-04-10,2025-26,WAS,MIA,0,0.21221358636900492
2026-04-10,2025-26,ATL,CLE,1,0.5222198508481838
2026-04-10,2025-26,BOS,NOP,1,0.8686365462817442
2026-04-10,2025-26,IND,PHI,0,0.32691928838583634
2026-04-10,2025-26,NYK,TOR,1,0.7104823255023864
2026-04-10,2025-26,CHI,ORL,0,0.3093004106455679
2026-04-10,2025-26,HOU,MIN,0,0.6118414402202268
2026-04-10,2025-26,MIL,BKN,1,0.7488304456149866
2026-04-10,2025-26,SAS,DAL,1,0.9230213512047583
2026-04-10,2025-26,UTA,MEM,1,0.51888324826282
2026-04-10,2025-26,DEN,OKC,1,0.3611782323762878
2026-04-10,2025-26,POR,LAC,1,0.4973594276008878
2026-04-10,2025-26,SAC,GSW,1,0.48850415699337535
2026-04-10,2025-26,LAL,PHX,1,0.4138949450291431
2026-04-12,2025-26,BOS,ORL,1,0.7337409044407572
2026-04-12,2025-26,CLE,WAS,1,0.8957702786794266
2026-04-12,2025-26,IND,DET,0,0.12293952860752393
2026-04-12,2025-26,MIA,ATL,1,0.4076284965045404
2026-04-12,2025-26,NYK,CHA,0,0.5514514436363258
2026-04-12,2025-26,PHI,MIL,1,0.7315724299308577
2026-04-12,2025-26,TOR,BKN,1,0.896521925096736
2026-04-12,2025-26,DAL,CHI,1,0.5184370289644231
2026-04-12,2025-26,HOU,MEM,1,0.9399028098440168
2026-04-12,2025-26,MIN,NOP,1,0.745857257613763
2026-04-12,2025-26,OKC,PHX,0,0.6539612460768346
2026-04-12,2025-26,SAS,DEN,0,0.778654819752568
2026-04-12,2025-26,LAL,UTA,1,0.8026943425154264
2026-04-12,2025-26,LAC,GSW,1,0.6784586014285668
2026-04-12,2025-26,POR,SAC,1,0.8399131472416579
