date,season,home,away,home_win,p_home
2024-10-25,2024-25,ORL,BKN,1,0.6927961459444247
2024-10-25,2024-25,TOR,PHI,1,0.45335167921493663
2024-10-25,2024-25,ATL,CHA,1,0.5672838062441041
2024-10-25,2024-25,CLE,DET,1,0.6149633184723763
2024-10-25,2024-25,NYK,IND,1,0.7168166858571197
2024-10-25,2024-25,HOU,MEM,1,0.770449052229992
2024-10-25,2024-25,MIL,CHI,0,0.4323755336952078
2024-10-25,2024-25,UTA,GSW,0,0.5536031609964325
2024-10-25,2024-25,LAL,PHX,1,0.6238839821818717
2024-10-25,2024-25,POR,NOP,0,0.18105032281590505
2024-10-26,2024-25,DEN,LAC,0,0.826678544509422
2024-10-26,2024-25,CHA,MIA,0,0.4407185652916541
2024-10-26,2024-25,DET,BOS,0,0.1718932796504947
2024-10-26,2024-25,WAS,CLE,0,0.40859487612152284
2024-10-26,2024-25,CHI,OKC,0,0.33253035379956664
2024-10-26,2024-25,MEM,ORL,1,0.4309499568117565
2024-10-26,2024-25,MIN,TOR,1,0.7941701782798762
2024-10-26,2024-25,SAS,HOU,1,0.7685085114236685
2024-10-26,2024-25,PHX,DAL,1,0.594463171591262
2024-10-26,2024-25,LAL,SAC,1,0.5484539953854629
2024-10-27,2024-25,IND,PHI,0,0.73729093702869
2024-10-27,2024-25,BKN,MIL,1,0.4527904568530683
2024-10-27,2024-25,POR,NOP,1,0.15437351619302633
2024-10-27,2024-25,OKC,ATL,1,0.6384648800208812
2024-10-27,2024-25,GSW,LAC,0,0.7700878987220169
2024-10-28,2024-25,ORL,IND,1,0.5898796670700415
2024-10-28,2024-25,ATL,WAS,0,0.6265417570912408
2024-10-28,2024-25,BOS,MIL,1,0.9023874962492218
2024-10-28,2024-25,MIA,DET,1,0.6773272953136676
2024-10-28,2024-25,NYK,CLE,0,0.7173743781327216
2024-10-28,2024-25,TOR,DEN,0,0.30716032483248
2024-10-28,2024-25,MEM,CHI,0,0.510682242029649
2024-10-28,2024-25,SAS,HOU,0,0.6436663606051858
2024-10-28,2024-25,DAL,UTA,1,0.6469552176900802
2024-10-28,2024-25,PHX,LAL,1,0.5974718021852096
2024-10-28,2024-25,SAC,POR,1,0.817259749401867
2024-10-29,2024-25,BKN,DEN,0,0.44569324207918387
2024-10-29,2024-25,MIN,DAL,0,0.7240661568614641
2024-10-29,2024-25,UTA,SAC,0,0.4138840176039274
2024-10-29,2024-25,GSW,NOP,1,0.5951757282782103
2024-10-30,2024-25,CHA,TOR,1,0.6620052582873979
2024-10-30,2024-25,CLE,LAL,1,0.5713604086643919
2024-10-30,2024-25,IND,BOS,1,0.4024507319979678
2024-10-30,2024-25,PHI,DET,0,0.5873651361037407
2024-10-30,2024-25,WAS,ATL,1,0.3915351061126568
2024-10-30,2024-25,MIA,NYK,0,0.44384732739917016
2024-10-30,2024-25,CHI,ORL,1,0.4335655181291097
2024-10-30,2024-25,MEM,BKN,0,0.6336164814498151
2024-10-30,2024-25,OKC,SAS,1,0.7281704029049217
2024-10-30,2024-25,GSW,NOP,1,0.602446132714573
2024-10-30,2024-25,LAC,POR,0,0.7313282642073591
2024-10-31,2024-25,MEM,MIL,1,0.4107405085162184
2024-10-31,2024-25,DAL,HOU,0,0.5896326237146774
2024-10-31,2024-25,UTA,SAS,0,0.6177693410741414
2024-10-31,2024-25,LAC,PHX,0,0.3157852424571553
2024-11-01,2024-25,CHA,BOS,0,0.251342748217133
2024-11-01,2024-25,CLE,ORL,1,0.6181035996716335
2024-11-01,2024-25,DET,NYK,0,0.3237251693175905
2024-11-01,2024-25,ATL,SAC,0,0.38176003820918186
2024-11-01,2024-25,BKN,CHI,1,0.5398175220009267
2024-11-01,2024-25,TOR,LAL,0,0.2786542732388511
2024-11-01,2024-25,NOP,IND,1,0.47163545763760656
2024-11-01,2024-25,MIN,DEN,1,0.5566569227515055
2024-11-01,2024-25,POR,OKC,0,0.2256182871324287
2024-11-02,2024-25,CHA,BOS,0,0.2740893324664776
2024-11-02,2024-25,PHI,MEM,0,0.5472400947578683
2024-11-02,2024-25,TOR,SAC,1,0.3482199969219919
2024-11-02,2024-25,HOU,GSW,0,0.577142687195198
2024-11-02,2024-25,MIL,CLE,0,0.46595633219903876
2024-11-02,2024-25,SAS,MIN,1,0.5361865976129273
2024-11-02,2024-25,DEN,UTA,1,0.7654794534932973
2024-11-02,2024-25,PHX,POR,1,0.88968078218271
2024-11-02,2024-25,LAC,OKC,0,0.49916585936559044
2024-11-03,2024-25,BKN,DET,0,0.6047516009096512
2024-11-03,2024-25,NOP,ATL,0,0.6786532260415467
2024-11-03,2024-25,DAL,ORL,1,0.6005181356700384
2024-11-04,2024-25,CLE,MIL,1,0.7491274042810526
2024-11-04,2024-25,WAS,GSW,0,0.2900831610528246
2024-11-04,2024-25,DET,LAL,1,0.304829270455975
2024-11-04,2024-25,ATL,BOS,0,0.1652710525897006
2024-11-04,2024-25,BKN,MEM,1,0.48253152773281965
2024-11-04,2024-25,MIA,SAC,0,0.5252183945174543
2024-11-04,2024-25,CHI,UTA,0,0.708079087135148
2024-11-04,2024-25,HOU,NYK,1,0.4209157664589155
2024-11-04,2024-25,MIN,CHA,1,0.7543119114302782
2024-11-04,2024-25,OKC,ORL,1,0.8146398286353301
2024-11-04,2024-25,NOP,POR,0,0.5807412017246162
2024-11-04,2024-25,DAL,IND,0,0.48334192037110324
2024-11-04,2024-25,DEN,TOR,1,0.7562812910524435
2024-11-04,2024-25,PHX,PHI,1,0.7946008437843664
2024-11-04,2024-25,LAC,SAS,1,0.6410494351241328
2024-11-06,2024-25,CHA,DET,1,0.5356968206377467
2024-11-06,2024-25,IND,ORL,1,0.6860124880141345
2024-11-06,2024-25,ATL,NYK,1,0.2849371314644231
2024-11-06,2024-25,BOS,GSW,0,0.7151156114151664
2024-11-06,2024-25,HOU,SAS,1,0.7013513931515128
2024-11-06,2024-25,MEM,LAL,1,0.4309100033084064
2024-11-06,2024-25,NOP,CLE,0,0.3354637829528488
2024-11-06,2024-25,DAL,CHI,1,0.7221680617625075
2024-11-06,2024-25,DEN,OKC,1,0.45948085143101614
2024-11-06,2024-25,PHX,MIA,1,0.7426062176689854
2024-11-06,2024-25,LAC,PHI,1,0.5953592271305238
2024-11-06,2024-25,SAC,TOR,1,0.7521192756949405
2024-11-07,2024-25,CHI,MIN,0,0.33902116952462374
2024-11-07,2024-25,MIL,UTA,1,0.7114238717726238
2024-11-07,2024-25,SAS,POR,1,0.6029809150655657
2024-11-08,2024-25,CHA,IND,1,0.39692713492331894
2024-11-08,2024-25,DET,ATL,1,0.6127874498440901
2024-11-08,2024-25,ORL,NOP,1,0.6100356638353023
2024-11-08,2024-25,BOS,BKN,1,0.8680844332161212
2024-11-08,2024-25,CLE,GSW,1,0.5305410104022583
2024-11-08,2024-25,NYK,MIL,1,0.8166172742135422
2024-11-08,2024-25,DAL,PHX,0,0.42551295959403934
2024-11-08,2024-25,MEM,WAS,1,0.7292830014523397
2024-11-08,2024-25,OKC,HOU,1,0.748292218202081
2024-11-08,2024-25,MIN,POR,1,0.8269766298480103
2024-11-08,2024-25,DEN,MIA,1,0.6775446210811087
2024-11-08,2024-25,LAL,PHI,1,0.5867164722251588
2024-11-08,2024-25,SAC,LAC,0,0.6652165792180766
2024-11-09,2024-25,SAS,UTA,0,0.6905249514535914
2024-11-09,2024-25,ATL,CHI,0,0.5164107969848615
2024-11-09,2024-25,CLE,BKN,1,0.7875576433962191
2024-11-09,2024-25,LAC,TOR,1,0.7017119858291843
2024-11-10,2024-25,DET,HOU,0,0.49617922869952547
2024-11-10,2024-25,MIL,BOS,0,0.2835951609843322
2024-11-10,2024-25,IND,NYK,1,0.5055564239357072
2024-11-10,2024-25,ORL,WAS,1,0.7291913858546982
2024-11-10,2024-25,PHI,CHA,1,0.5325883133523165
2024-11-10,2024-25,MIN,MIA,0,0.6921273551598425
2024-11-10,2024-25,OKC,GSW,0,0.6168361207235671
2024-11-10,2024-25,DEN,DAL,1,0.6226319337068814
2024-11-10,2024-25,PHX,SAC,0,0.7017523678049998
2024-11-10,2024-25,POR,MEM,0,0.4404728189013919
2024-11-10,2024-25,LAL,TOR,1,0.8057041357742737
2024-11-11,2024-25,CHI,CLE,0,0.3255589002866918
2024-11-11,2024-25,HOU,WAS,1,0.8311892532689759
2024-11-11,2024-25,NOP,BKN,0,0.4435765992392997
2024-11-11,2024-25,OKC,LAC,1,0.6330309367343367
2024-11-11,2024-25,SAS,SAC,1,0.5637173804618443
2024-11-12,2024-25,BOS,ATL,0,0.8755755483294504
2024-11-12,2024-25,DET,MIA,1,0.504736605585919
2024-11-12,2024-25,ORL,CHA,1,0.6196793699148991
2024-11-12,2024-25,PHI,NYK,0,0.3809586183206374
2024-11-12,2024-25,MIL,TOR,1,0.6972431183134224
2024-11-12,2024-25,UTA,PHX,0,0.36700106422874673
2024-11-12,2024-25,GSW,DAL,1,0.6734905232130122
2024-11-12,2024-25,POR,MIN,1,0.2795029037002327
2024-11-13,2024-25,ORL,IND,1,0.4788392627738273
2024-11-13,2024-25,BKN,BOS,0,0.350679780924363
2024-11-13,2024-25,NYK,CHI,0,0.7736761380082736
2024-11-13,2024-25,PHI,CLE,0,0.29814396479754757
2024-11-13,2024-25,OKC,NOP,1,0.814510824740407
2024-11-13,2024-25,HOU,LAC,1,0.5681815549640156
2024-11-13,2024-25,MIL,DET,1,0.6221588930470207
2024-11-13,2024-25,SAS,WAS,1,0.7464021155117244
2024-11-13,2024-25,LAL,MEM,1,0.6314996255424247
2024-11-13,2024-25,POR,MIN,1,0.33607986514367627
2024-11-13,2024-25,SAC,PHX,1,0.6495088855182415
2024-11-14,2024-25,UTA,DAL,1,0.3018372174223358
2024-11-15,2024-25,IND,MIA,0,0.6190441745845002
2024-11-15,2024-25,ORL,PHI,1,0.7112817696072912
2024-11-15,2024-25,TOR,DET,0,0.5082921978795287
2024-11-15,2024-25,ATL,WAS,1,0.6956516608471528
2024-11-15,2024-25,CLE,CHI,1,0.7968380965234345
2024-11-15,2024-25,NYK,BKN,1,0.8052696594047924
2024-11-15,2024-25,SAS,LAL,0,0.4437071676637664
2024-11-15,2024-25,HOU,LAC,1,0.6181152078450659
2024-11-15,2024-25,NOP,DEN,1,0.2700690981016759
2024-11-15,2024-25,OKC,PHX,1,0.6608049905974819
2024-11-15,2024-25,GSW,MEM,1,0.7309215466832325
2024-11-15,2024-25,SAC,MIN,0,0.5955695737436584
2024-11-16,2024-25,CHA,MIL,1,0.4633619345550243
2024-11-16,2024-25,BOS,TOR,1,0.9203406211100799
2024-11-16,2024-25,NOP,LAL,0,0.37574235548229695
2024-11-16,2024-25,DAL,SAS,1,0.7516818034201169
2024-11-16,2024-25,SAC,UTA,1,0.7375832926922128
2024-11-17,2024-25,MIN,PHX,1,0.6001869619453596
2024-11-17,2024-25,IND,MIA,1,0.5371123331745116
2024-11-17,2024-25,CLE,CHA,1,0.8888701673791216
2024-11-17,2024-25,WAS,DET,0,0.44102604408088913
2024-11-17,2024-25,MEM,DEN,1,0.541090724535855
2024-11-17,2024-25,POR,ATL,1,0.41076852396294034
2024-11-17,2024-25,NYK,BKN,1,0.7654774436774556
2024-11-17,2024-25,CHI,HOU,0,0.4229343070952441
2024-11-17,2024-25,OKC,DAL,0,0.7612629791242409
2024-11-17,2024-25,LAC,UTA,1,0.8021071508879005
2024-11-18,2024-25,DET,CHI,0,0.5812076562421875
2024-11-18,2024-25,MIA,PHI,1,0.6067829424751556
2024-11-18,2024-25,NYK,WAS,1,0.8854430085631824
2024-11-18,2024-25,TOR,IND,1,0.41928831483253914
2024-11-18,2024-25,MIL,HOU,1,0.5468830099806927
2024-11-18,2024-25,PHX,ORL,0,0.5392034493029727
2024-11-18,2024-25,SAC,ATL,0,0.793407689753724
2024-11-18,2024-25,LAC,GSW,1,0.3773102138355636
2024-11-19,2024-25,BOS,CLE,1,0.6917364652260889
2024-11-19,2024-25,BKN,CHA,1,0.6445670057864943
2024-11-19,2024-25,MEM,DEN,0,0.577351134061644
2024-11-19,2024-25,DAL,NOP,1,0.8482829901856502
2024-11-19,2024-25,SAS,OKC,1,0.3236254120887034
2024-11-19,2024-25,LAL,UTA,1,0.7651342066706568
2024-11-20,2024-25,CLE,NOP,1,0.8706356160587984
2024-11-20,2024-25,MIL,CHI,1,0.5819179208366612
2024-11-20,2024-25,HOU,IND,1,0.6959735601491452
2024-11-20,2024-25,MEM,PHI,1,0.5415407623545357
2024-11-20,2024-25,OKC,POR,1,0.7824436740094559
2024-11-20,2024-25,PHX,NYK,0,0.5069008598522925
2024-11-20,2024-25,GSW,ATL,1,0.753473700265708
2024-11-20,2024-25,LAC,ORL,1,0.5620989144045905
2024-11-21,2024-25,CHA,DET,1,0.5777119558139683
2024-11-21,2024-25,TOR,MIN,1,0.3163403024649273
2024-11-21,2024-25,SAS,UTA,1,0.6733931055060475
2024-11-21,2024-25,LAL,ORL,0,0.6563600911304314
2024-11-22,2024-25,PHI,BKN,1,0.5448081905866101
2024-11-22,2024-25,WAS,BOS,0,0.17034507776888969
2024-11-22,2024-25,MIL,IND,1,0.5510349955734056
2024-11-22,2024-25,CHI,ATL,1,0.5413799549832229
2024-11-22,2024-25,HOU,POR,1,0.7411424797300081
2024-11-22,2024-25,NOP,GSW,0,0.16527368164439732
2024-11-22,2024-25,DEN,DAL,0,0.5376858939244091
2024-11-22,2024-25,LAC,SAC,1,0.5919084081902057
2024-11-23,2024-25,UTA,NYK,1,0.26736637987539014
2024-11-23,2024-25,ORL,DET,1,0.6877361983822549
2024-11-23,2024-25,CHI,MEM,0,0.45202302530447486
2024-11-23,2024-25,HOU,POR,0,0.77690851463125
2024-11-23,2024-25,MIL,CHA,1,0.6066633755179011
2024-11-23,2024-25,SAS,GSW,1,0.4881862865462151
2024-11-23,2024-25,LAL,DEN,0,0.6056028753243915
2024-11-24,2024-25,BOS,MIN,1,0.7499578960468177
2024-11-24,2024-25,IND,WAS,1,0.7444114582135423
2024-11-24,2024-25,MIA,DAL,1,0.5165113072803839
2024-11-24,2024-25,PHI,LAC,0,0.3479925179824217
2024-11-24,2024-25,CLE,TOR,1,0.8415200518655084
2024-11-24,2024-25,SAC,BKN,0,0.7216323246086475
2024-11-25,2024-25,CHA,ORL,0,0.4297126039476635
2024-11-25,2024-25,DET,TOR,1,0.7128268434973918
2024-11-25,2024-25,IND,NOP,1,0.6434531762807113
2024-11-25,2024-25,ATL,DAL,0,0.4477085988934533
2024-11-25,2024-25,BOS,LAC,1,0.7915195537634441
2024-11-25,2024-25,MEM,POR,1,0.6700270877803396
2024-11-25,2024-25,DEN,NYK,0,0.543252291144988
2024-11-25,2024-25,GSW,BKN,0,0.8790021920267774
2024-11-25,2024-25,SAC,OKC,0,0.3594928336125221
2024-11-26,2024-25,WAS,CHI,0,0.3648699385961526
2024-11-26,2024-25,MIA,MIL,0,0.6224058800305593
2024-11-26,2024-25,MIN,HOU,0,0.529818946896441
2024-11-26,2024-25,UTA,SAS,0,0.4259625064268445
2024-11-26,2024-25,PHX,LAL,1,0.5742576759331173
2024-11-27,2024-25,CHA,MIA,0,0.42858238088814027
2024-11-27,2024-25,CLE,ATL,0,0.8061569417884596
2024-11-27,2024-25,IND,POR,1,0.617509468913754
2024-11-27,2024-25,ORL,CHI,1,0.7632175681062744
2024-11-27,2024-25,PHI,HOU,0,0.41149840589944003
2024-11-27,2024-25,WAS,LAC,0,0.2049637291920996
2024-11-27,2024-25,DAL,NYK,1,0.5750905900097242
2024-11-27,2024-25,MEM,DET,1,0.6799494636651455
2024-11-27,2024-25,MIN,SAC,0,0.5674993015349135
2024-11-27,2024-25,NOP,TOR,0,0.4722327433350094
2024-11-27,2024-25,SAS,LAL,0,0.6151579588465357
2024-11-27,2024-25,PHX,BKN,0,0.6870607479140345
2024-11-27,2024-25,UTA,DEN,0,0.29398914812549015
2024-11-27,2024-25,GSW,OKC,0,0.5142367805615118
2024-11-29,2024-25,CHA,NYK,0,0.24723321415566735
2024-11-29,2024-25,ATL,CLE,1,0.3645020774153296
2024-11-29,2024-25,MEM,NOP,1,0.7776151741586933
2024-11-29,2024-25,BKN,ORL,0,0.546200523783959
2024-11-29,2024-25,MIN,LAC,1,0.5553408267975695
2024-11-29,2024-25,IND,DET,0,0.6541529458584124
2024-11-29,2024-25,MIA,TOR,1,0.7006975891291904
2024-11-29,2024-25,CHI,BOS,0,0.24968708976868606
2024-11-29,2024-25,LAL,OKC,0,0.37891209726555813
2024-11-29,2024-25,POR,SAC,1,0.34550675428996097
2024-11-30,2024-25,CHA,ATL,0,0.48648346123434494
2024-11-30,2024-25,DET,PHI,0,0.5306495347319357
2024-11-30,2024-25,MIL,WAS,1,0.8095057760511236
2024-11-30,2024-25,PHX,GSW,1,0.5979926519393082
2024-11-30,2024-25,UTA,DAL,0,0.23442061288445976
2024-12-01,2024-25,BKN,ORL,0,0.41764405721542813
2024-12-01,2024-25,MEM,IND,1,0.6636024086678597
2024-12-01,2024-25,CLE,BOS,1,0.4736802830032821
2024-12-01,2024-25,NYK,NOP,1,0.8613318028768617
2024-12-01,2024-25,TOR,MIA,1,0.4511053681522588
2024-12-01,2024-25,HOU,OKC,1,0.43442256482326413
2024-12-01,2024-25,UTA,LAL,0,0.3432214302856102
2024-12-01,2024-25,POR,DAL,0,0.3514280690900289
2024-12-01,2024-25,SAC,SAS,0,0.6309158744435971
2024-12-01,2024-25,LAC,DEN,1,0.5883956066344973
2024-12-02,2024-25,ATL,NOP,1,0.773952544163289
2024-12-02,2024-25,BOS,MIA,1,0.7747150209513365
2024-12-02,2024-25,CHI,BKN,1,0.588530024021278
2024-12-02,2024-25,MIN,LAL,1,0.698696354981799
2024-12-03,2024-25,CHA,PHI,0,0.4266538327247781
2024-12-03,2024-25,CLE,WAS,1,0.8814538335387703
2024-12-03,2024-25,DET,MIL,0,0.42212912516219064
2024-12-03,2024-25,NYK,ORL,1,0.6199931925764487
2024-12-03,2024-25,TOR,IND,1,0.55917007381677
2024-12-03,2024-25,OKC,UTA,1,0.8708292586154146
2024-12-03,2024-25,DAL,MEM,1,0.6278531752352784
2024-12-03,2024-25,PHX,SAS,1,0.6533482603569905
2024-12-03,2024-25,DEN,GSW,1,0.5530809081571519
2024-12-03,2024-25,SAC,HOU,1,0.4611565512710434
2024-12-03,2024-25,LAC,POR,1,0.7418646425615785
2024-12-04,2024-25,BOS,DET,1,0.8741750107968198
2024-12-04,2024-25,BKN,IND,1,0.47678556208469647
2024-12-04,2024-25,MIA,LAL,1,0.6046432925840749
2024-12-04,2024-25,PHI,ORL,0,0.3694315782627469
2024-12-04,2024-25,MIL,ATL,0,0.53050061485766
2024-12-04,2024-25,LAC,MIN,0,0.4880527887360059
2024-12-05,2024-25,CLE,DEN,1,0.6340837179848677
2024-12-05,2024-25,WAS,DAL,0,0.16988085094935387
2024-12-05,2024-25,NYK,CHA,1,0.8533884478694714
2024-12-05,2024-25,TOR,OKC,0,0.3394304617188657
2024-12-05,2024-25,MEM,SAC,1,0.615347130154674
2024-12-05,2024-25,NOP,PHX,1,0.25739281118039836
2024-12-05,2024-25,SAS,CHI,0,0.6198116425545109
2024-12-05,2024-25,GSW,HOU,1,0.5903076929927966
2024-12-06,2024-25,PHI,ORL,1,0.2718156237005167
2024-12-06,2024-25,ATL,LAL,1,0.642104900271827
2024-12-06,2024-25,BOS,MIL,1,0.760604471978187
2024-12-06,2024-25,CHI,IND,0,0.5444953301159883
2024-12-06,2024-25,SAS,SAC,0,0.5162389219134337
2024-12-06,2024-25,GSW,MIN,0,0.4943056504764421
2024-12-06,2024-25,POR,UTA,0,0.5929008912051881
2024-12-07,2024-25,CHA,CLE,0,0.22197992324426344
2024-12-07,2024-25,WAS,DEN,1,0.19482394586240892
2024-12-07,2024-25,NOP,OKC,0,0.23157959688992436
2024-12-07,2024-25,NYK,DET,0,0.7775502181569518
2024-12-07,2024-25,TOR,DAL,0,0.2904220116162133
2024-12-07,2024-25,BOS,MEM,0,0.749731398146439
2024-12-07,2024-25,MIA,PHX,1,0.5756163681343043
2024-12-08,2024-25,CHI,PHI,0,0.5527912871296923
2024-12-08,2024-25,BKN,MIL,0,0.42515804891730646
2024-12-08,2024-25,IND,CHA,0,0.709147430051019
2024-12-08,2024-25,ATL,DEN,0,0.580525816995627
2024-12-08,2024-25,MIA,CLE,1,0.5534019475144292
2024-12-08,2024-25,ORL,PHX,1,0.6860152890946385
2024-12-08,2024-25,WAS,MEM,0,0.2451555517188428
2024-12-08,2024-25,SAS,NOP,1,0.6489476220026833
2024-12-08,2024-25,GSW,MIN,1,0.5743667731280379
2024-12-08,2024-25,LAC,HOU,0,0.5129858305000559
2024-12-08,2024-25,SAC,UTA,1,0.744296455896288
2024-12-08,2024-25,LAL,POR,1,0.6643083946932866
2024-12-09,2024-25,TOR,NYK,0,0.3374464745273531
2024-12-10,2024-25,MIL,ORL,1,0.5733815191899316
2024-12-10,2024-25,OKC,DAL,1,0.6270470934387473
2024-12-11,2024-25,NYK,ATL,0,0.7917808650940357
2024-12-11,2024-25,HOU,GSW,1,0.5183651304033795
2024-12-12,2024-25,BOS,DET,1,0.8146664651813141
2024-12-12,2024-25,MIA,TOR,1,0.7840600481471492
2024-12-12,2024-25,NOP,SAC,0,0.30993414935025515
2024-12-13,2024-25,CLE,WAS,1,0.8764449379514857
2024-12-13,2024-25,PHI,IND,0,0.5645619413182354
2024-12-13,2024-25,MIN,LAL,1,0.7127500710726721
2024-12-13,2024-25,MEM,BKN,1,0.6999166636266364
2024-12-13,2024-25,CHI,CHA,1,0.6775487386100086
2024-12-13,2024-25,DEN,LAC,1,0.6205280619992011
2024-12-13,2024-25,UTA,PHX,0,0.4357344273564618
2024-12-13,2024-25,POR,SAS,0,0.42893744019815583
2024-12-15,2024-25,IND,NOP,1,0.5752986501762968
2024-12-15,2024-25,WAS,BOS,0,0.13454114978720116
2024-12-15,2024-25,SAS,MIN,0,0.3949162632642746
2024-12-15,2024-25,PHX,POR,1,0.8038335386326021
2024-12-15,2024-25,LAL,MEM,1,0.45691496563227424
2024-12-15,2024-25,ORL,NYK,0,0.4707967399418736
2024-12-15,2024-25,GSW,DAL,0,0.4817890385155268
2024-12-16,2024-25,DET,MIA,1,0.39958996091499555
2024-12-16,2024-25,CHA,PHI,0,0.4103538765227946
2024-12-16,2024-25,TOR,CHI,0,0.4797632295384127
2024-12-16,2024-25,BKN,CLE,0,0.3449394051217858
2024-12-16,2024-25,SAC,DEN,0,0.53549863082145
2024-12-16,2024-25,LAC,UTA,1,0.6903075476843176
2024-12-19,2024-25,DET,UTA,0,0.6078843278014293
2024-12-19,2024-25,ORL,OKC,0,0.3676185067280603
2024-12-19,2024-25,WAS,CHA,1,0.45190052984351714
2024-12-19,2024-25,BOS,CHI,0,0.8236996268097296
2024-12-19,2024-25,TOR,BKN,0,0.46562224331015545
2024-12-19,2024-25,HOU,NOP,1,0.7675152758265364
2024-12-19,2024-25,MEM,GSW,1,0.6116968830952787
2024-12-19,2024-25,MIN,NYK,0,0.49584757956222253
2024-12-19,2024-25,DAL,LAC,0,0.7251006939526181
2024-12-19,2024-25,PHX,IND,0,0.6752851835758232
2024-12-19,2024-25,SAS,ATL,1,0.47314563067307536
2024-12-19,2024-25,POR,DEN,1,0.2636492053231511
2024-12-19,2024-25,SAC,LAL,0,0.6062207927985674
2024-12-20,2024-25,PHI,CHA,1,0.730623384995614
2024-12-20,2024-25,CLE,MIL,1,0.6740222155325043
2024-12-20,2024-25,MIA,OKC,0,0.5301380447536768
2024-12-21,2024-25,SAC,LAL,0,0.5598227710438155
2024-12-21,2024-25,ORL,MIA,1,0.6432414302437346
2024-12-21,2024-25,ATL,MEM,0,0.4343947558769821
2024-12-21,2024-25,BKN,UTA,0,0.6023565051737322
2024-12-21,2024-25,CLE,PHI,1,0.7382549768167442
2024-12-21,2024-25,CHI,BOS,0,0.3166450449055031
2024-12-21,2024-25,MIL,WAS,1,0.7184170911803525
2024-12-21,2024-25,MIN,GSW,0,0.533533607943452
2024-12-21,2024-25,NOP,NYK,0,0.2182600502518798
2024-12-21,2024-25,DAL,LAC,1,0.5746785276469798
2024-12-21,2024-25,SAS,POR,1,0.613018024645604
2024-12-21,2024-25,PHX,DET,0,0.7215925132893856
2024-12-22,2024-25,TOR,HOU,0,0.254111086145282
2024-12-22,2024-25,SAC,IND,0,0.4484884060559689
2024-12-22,2024-25,NOP,DEN,0,0.19599028347967115
2024-12-23,2024-25,CHA,HOU,0,0.3736655528892679
2024-12-23,2024-25,CLE,UTA,1,0.7628821605505948
2024-12-23,2024-25,ORL,BOS,1,0.4196176976640974
2024-12-23,2024-25,PHI,SAS,1,0.5034089967454933
2024-12-23,2024-25,ATL,MIN,1,0.4191444745973338
2024-12-23,2024-25,MIA,BKN,1,0.7232876400043547
2024-12-23,2024-25,NYK,TOR,1,0.9003033492853583
2024-12-23,2024-25,CHI,MIL,0,0.5235843596821999
2024-12-23,2024-25,MEM,LAC,0,0.5961100693807442
2024-12-23,2024-25,OKC,WAS,1,0.9193831174658853
2024-12-23,2024-25,DAL,POR,1,0.8644468410823006
2024-12-23,2024-25,DEN,PHX,1,0.5347399969227888
2024-12-23,2024-25,GSW,IND,0,0.6837237228490849
2024-12-23,2024-25,LAL,DET,0,0.5875726279260869
2024-12-25,2024-25,NYK,SAS,1,0.7263619312716678
2024-12-25,2024-25,DAL,MIN,0,0.739400023839505
2024-12-25,2024-25,BOS,PHI,0,0.812163110524833
2024-12-25,2024-25,GSW,LAL,0,0.6005698047593945
2024-12-25,2024-25,PHX,DEN,1,0.4868992758355807
2024-12-26,2024-25,IND,OKC,0,0.3491707246144091
2024-12-26,2024-25,ORL,MIA,0,0.645476559565556
2024-12-26,2024-25,WAS,CHA,1,0.5142621443810423
2024-12-26,2024-25,ATL,CHI,1,0.5794125358719489
2024-12-26,2024-25,MEM,TOR,1,0.7962365821780827
2024-12-26,2024-25,MIL,BKN,0,0.6937713938243436
2024-12-26,2024-25,NOP,HOU,0,0.30276904933891025
2024-12-26,2024-25,POR,UTA,1,0.4684705250076004
2024-12-26,2024-25,SAC,DET,0,0.5134514226705952
2024-12-27,2024-25,ORL,NYK,0,0.38924084900248246
2024-12-27,2024-25,BOS,IND,1,0.7771244038890748
2024-12-27,2024-25,BKN,SAS,0,0.37273186632406186
2024-12-27,2024-25,HOU,MIN,0,0.5301917605113585
2024-12-27,2024-25,NOP,MEM,0,0.23413428987218182
2024-12-27,2024-25,DEN,CLE,0,0.604926116344641
2024-12-27,2024-25,PHX,DAL,0,0.3941558133968955
2024-12-27,2024-25,LAC,GSW,1,0.6046671010631073
2024-12-28,2024-25,ATL,MIA,1,0.49891764999194577
2024-12-28,2024-25,CHA,OKC,0,0.14922471931640385
2024-12-28,2024-25,WAS,NYK,0,0.22817093825364332
2024-12-28,2024-25,CHI,MIL,1,0.4424109701609521
2024-12-28,2024-25,GSW,PHX,1,0.5150934048543416
2024-12-28,2024-25,DEN,DET,1,0.6163679692766263
2024-12-28,2024-25,UTA,PHI,0,0.32667414518315535
2024-12-28,2024-25,POR,DAL,1,0.32666756270393704
2024-12-28,2024-25,LAL,SAC,1,0.5895835820146388
2024-12-29,2024-25,ORL,BKN,1,0.7572488332545867
2024-12-29,2024-25,BOS,IND,0,0.8170049900405782
2024-12-29,2024-25,TOR,ATL,0,0.45456235081423935
2024-12-29,2024-25,HOU,MIA,0,0.729417889628816
2024-12-29,2024-25,OKC,MEM,1,0.6181216348448383
2024-12-29,2024-25,MIN,SAS,1,0.6300047634356317
2024-12-30,2024-25,CHA,CHI,0,0.45006851608583004
2024-12-30,2024-25,WAS,NYK,0,0.15687078072113933
2024-12-30,2024-25,NOP,LAC,0,0.24082647428381654
2024-12-30,2024-25,UTA,DEN,0,0.37433734381319334
2024-12-30,2024-25,GSW,CLE,0,0.4230680108647494
2024-12-30,2024-25,POR,PHI,0,0.34875786405833964
2024-12-30,2024-25,SAC,DAL,1,0.3952692646192095
2024-12-31,2024-25,BOS,TOR,1,0.847330410199299
2024-12-31,2024-25,IND,MIL,0,0.5410928272909893
2024-12-31,2024-25,SAS,LAC,1,0.48028112959115216
2024-12-31,2024-25,OKC,MIN,1,0.7361932599423322
2024-12-31,2024-25,PHX,MEM,0,0.4917215031056295
2024-12-31,2024-25,LAL,CLE,0,0.5081693013133173
2025-01-01,2024-25,DET,ORL,1,0.42778325569799575
2025-01-01,2024-25,WAS,CHI,1,0.3422169045379279
2025-01-01,2024-25,MIA,NOP,1,0.7353428988833033
2025-01-01,2024-25,NYK,UTA,1,0.8551661734247794
2025-01-01,2024-25,TOR,BKN,1,0.4336788653338137
2025-01-01,2024-25,HOU,DAL,1,0.6348575076898026
2025-01-01,2024-25,DEN,ATL,1,0.6977954640017029
2025-01-01,2024-25,SAC,PHI,1,0.4318862254869857
2025-01-02,2024-25,MIA,IND,0,0.5706482193752181
2025-01-02,2024-25,MIN,BOS,0,0.4588900461163304
2025-01-02,2024-25,MIL,BKN,0,0.7804384637987418
2025-01-02,2024-25,OKC,LAC,1,0.792746359351482
2025-01-02,2024-25,GSW,PHI,1,0.6051026458416574
2025-01-02,2024-25,LAL,POR,1,0.7466990478826028
2025-01-03,2024-25,DET,CHA,1,0.6794586083431826
2025-01-03,2024-25,TOR,ORL,0,0.29442853506678074
2025-01-03,2024-25,HOU,BOS,0,0.5737649478393512
2025-01-03,2024-25,NOP,WAS,1,0.5508405849242458
2025-01-03,2024-25,OKC,NYK,1,0.6220834289952704
2025-01-03,2024-25,DAL,CLE,0,0.4055758635648527
2025-01-03,2024-25,DEN,SAS,0,0.7498032419556019
2025-01-03,2024-25,SAC,MEM,1,0.4659673779345904
2025-01-03,2024-25,LAL,ATL,1,0.4988422375386769
2025-01-04,2024-25,BKN,PHI,0,0.3731516045186167
2025-01-04,2024-25,DET,MIN,1,0.33517075923458267
2025-01-04,2024-25,IND,PHX,1,0.5637973359183591
2025-01-04,2024-25,MIA,UTA,0,0.7111000325306303
2025-01-04,2024-25,CHI,NYK,1,0.3739544156063028
2025-01-04,2024-25,MIL,POR,0,0.7541302198489455
2025-01-04,2024-25,SAS,DEN,0,0.51524492834841
2025-01-04,2024-25,GSW,MEM,1,0.5545498811691212
2025-01-04,2024-25,LAC,ATL,1,0.6225826499414179
2025-01-05,2024-25,OKC,BOS,1,0.6711966627204485
2025-01-05,2024-25,CLE,CHA,1,0.8818083532732817
2025-01-05,2024-25,WAS,NOP,0,0.42245371545946314
2025-01-05,2024-25,ORL,UTA,0,0.7365609965320501
2025-01-05,2024-25,HOU,LAL,1,0.6484600661283119
2025-01-05,2024-25,GSW,SAC,0,0.4932743051680494
2025-01-06,2024-25,DET,POR,1,0.7029729661607671
2025-01-06,2024-25,PHI,PHX,0,0.5366849473225033
2025-01-06,2024-25,BKN,IND,0,0.26126259663443363
2025-01-06,2024-25,NYK,ORL,0,0.8022368364181791
2025-01-06,2024-25,TOR,MIL,0,0.3226113339264185
2025-01-06,2024-25,CHI,SAS,1,0.49026660931724514
2025-01-06,2024-25,MEM,DAL,1,0.6584899420090461
2025-01-06,2024-25,MIN,LAC,1,0.561677564833443
2025-01-06,2024-25,SAC,MIA,1,0.5747512840134593
2025-01-07,2024-25,CHA,PHX,1,0.324703869784152
2025-01-07,2024-25,WAS,HOU,0,0.2411056715083185
2025-01-07,2024-25,DAL,LAL,1,0.47998244173504545
2025-01-07,2024-25,NOP,MIN,0,0.3632135739399254
2025-01-07,2024-25,UTA,ATL,0,0.53433685064219
2025-01-07,2024-25,DEN,BOS,0,0.4785960382247355
2025-01-07,2024-25,GSW,MIA,0,0.7142604291294651
2025-01-08,2024-25,CLE,OKC,1,0.4490695778633655
2025-01-08,2024-25,IND,CHI,1,0.6930147691863943
2025-01-08,2024-25,NYK,TOR,1,0.8386508595668812
2025-01-08,2024-25,PHI,WAS,1,0.8494224259343289
2025-01-08,2024-25,BKN,DET,0,0.27627208435109746
2025-01-08,2024-25,NOP,POR,0,0.4575322204567923
2025-01-08,2024-25,DEN,LAC,1,0.44404776542811547
2025-01-08,2024-25,MIL,SAS,1,0.5797848372877631
2025-01-09,2024-25,CLE,TOR,1,0.8823357009245779
2025-01-09,2024-25,DET,GSW,0,0.47927674045582946
2025-01-09,2024-25,ORL,MIN,0,0.4744471423155203
2025-01-09,2024-25,MEM,HOU,0,0.6365688490297593
2025-01-09,2024-25,DAL,POR,1,0.7778802272466909
2025-01-09,2024-25,PHX,ATL,1,0.5934032964042112
2025-01-09,2024-25,UTA,MIA,0,0.4848867601921557
2025-01-10,2024-25,IND,GSW,1,0.6720791809418264
2025-01-10,2024-25,ORL,MIL,0,0.47782573987199795
2025-01-10,2024-25,PHI,NOP,0,0.6514315286929081
2025-01-10,2024-25,BOS,SAC,0,0.7585126010592615
2025-01-10,2024-25,NYK,OKC,0,0.41188069184545734
2025-01-10,2024-25,CHI,WAS,1,0.7453790006107924
2025-01-10,2024-25,DEN,BKN,1,0.8579150391395535
2025-01-11,2024-25,PHX,UTA,1,0.6600969409689358
2025-01-11,2024-25,DET,TOR,1,0.6831012487229616
2025-01-11,2024-25,MIN,MEM,0,0.524568287914525
2025-01-11,2024-25,POR,MIA,0,0.4135283215206579
2025-01-12,2024-25,NYK,MIL,1,0.7078213363424141
2025-01-12,2024-25,DAL,DEN,0,0.4826863481064407
2025-01-12,2024-25,CHI,SAC,0,0.3762662452479042
2025-01-12,2024-25,BOS,NOP,1,0.9022909486519091
2025-01-12,2024-25,CLE,IND,0,0.6892987570365394
2025-01-12,2024-25,ORL,PHI,1,0.5814868044491274
2025-01-12,2024-25,WAS,OKC,0,0.07837729710044557
2025-01-12,2024-25,UTA,BKN,1,0.6705305240998626
2025-01-12,2024-25,PHX,CHA,1,0.7107209959912838
2025-01-13,2024-25,WAS,MIN,0,0.1553239533250262
2025-01-13,2024-25,NYK,DET,0,0.67642179258831
2025-01-13,2024-25,TOR,GSW,1,0.4397933388998421
2025-01-13,2024-25,HOU,MEM,1,0.5734656554197728
2025-01-13,2024-25,LAL,SAS,0,0.6423130258444499
2025-01-13,2024-25,LAC,MIA,1,0.6523273751792021
2025-01-14,2024-25,IND,CLE,0,0.5162745185600218
2025-01-14,2024-25,PHI,OKC,0,0.21472137974146419
2025-01-14,2024-25,ATL,PHX,1,0.4741701216882324
2025-01-14,2024-25,CHI,NOP,0,0.585242766876443
2025-01-14,2024-25,MIL,SAC,1,0.5302430651457886
2025-01-14,2024-25,DAL,DEN,0,0.4722846753820966
2025-01-14,2024-25,POR,BKN,0,0.6037817960619655
2025-01-15,2024-25,PHI,NYK,0,0.22933349807797557
2025-01-15,2024-25,TOR,BOS,1,0.19808538737528075
2025-01-15,2024-25,CHI,ATL,0,0.5474271311953594
2025-01-15,2024-25,MIL,ORL,1,0.5550542409842327
2025-01-15,2024-25,MIN,GSW,0,0.7061168937246727
2025-01-15,2024-25,NOP,DAL,1,0.3504732058946705
2025-01-15,2024-25,SAS,MEM,0,0.39545258516210485
2025-01-15,2024-25,DEN,HOU,0,0.5578219814308496
2025-01-15,2024-25,UTA,CHA,0,0.6306924899578016
2025-01-15,2024-25,LAL,MIA,1,0.5551013975441489
2025-01-15,2024-25,LAC,BKN,1,0.8530697462768017
2025-01-16,2024-25,DET,IND,0,0.5110056253289175
2025-01-16,2024-25,WAS,PHX,0,0.21361631662352956
2025-01-16,2024-25,OKC,CLE,1,0.694336597393563
2025-01-16,2024-25,POR,LAC,0,0.343289145025419
2025-01-16,2024-25,SAC,HOU,1,0.550322972193762
2025-01-17,2024-25,BOS,ORL,1,0.7869552958938737
2025-01-17,2024-25,NYK,MIN,0,0.6600746820383846
2025-01-17,2024-25,MIA,DEN,0,0.5282612592704303
2025-01-17,2024-25,MIL,TOR,1,0.7244867394370859
2025-01-17,2024-25,NOP,UTA,1,0.5860967316853702
2025-01-17,2024-25,SAS,MEM,0,0.3796640806195442
2025-01-17,2024-25,DAL,OKC,1,0.3476303445328412
2025-01-17,2024-25,CHI,CHA,0,0.6749047090164385
2025-01-17,2024-25,LAL,BKN,1,0.8421279171592274
2025-01-18,2024-25,DET,PHX,0,0.5767732382500965
2025-01-18,2024-25,BOS,ATL,0,0.7229403414148299
2025-01-18,2024-25,IND,PHI,1,0.7227237826418135
2025-01-18,2024-25,GSW,WAS,1,0.821634047219211
2025-01-18,2024-25,MIN,CLE,0,0.430504981980935
2025-01-18,2024-25,POR,HOU,0,0.2495071634829337
2025-01-19,2024-25,MIA,SAS,1,0.612091961121625
2025-01-19,2024-25,ORL,DEN,0,0.37483497698019336
2025-01-19,2024-25,MIL,PHI,1,0.7803328998017539
2025-01-19,2024-25,OKC,BKN,1,0.9128969741962442
2025-01-19,2024-25,LAC,LAL,1,0.6551066920936943
2025-01-19,2024-25,POR,CHI,1,0.30702484250172346
2025-01-19,2024-25,SAC,WAS,1,0.9059051996495073
2025-01-20,2024-25,CHA,DAL,1,0.267653211329449
2025-01-20,2024-25,HOU,DET,0,0.746794819576252
2025-01-20,2024-25,MEM,MIN,1,0.6463282290025676
2025-01-20,2024-25,NYK,ATL,1,0.6762021469241342
2025-01-20,2024-25,CLE,PHX,1,0.8299434787883965
2025-01-20,2024-25,GSW,BOS,0,0.3635160849406017
2025-01-20,2024-25,NOP,UTA,1,0.6782463997584016
2025-01-20,2024-25,LAC,CHI,0,0.8055099999198783
2025-01-21,2024-25,BKN,NYK,0,0.26604808331733865
2025-01-21,2024-25,MIA,POR,0,0.7393747050141779
2025-01-21,2024-25,TOR,ORL,1,0.42719918927917927
2025-01-21,2024-25,DEN,PHI,1,0.8153937846356811
2025-01-21,2024-25,LAL,WAS,1,0.8079156805972381
2025-01-22,2024-25,ATL,DET,0,0.5370789290929806
2025-01-22,2024-25,BKN,PHX,0,0.26708120985274214
2025-01-22,2024-25,DAL,MIN,0,0.6148290179939225
2025-01-22,2024-25,HOU,CLE,1,0.5447712586018368
2025-01-22,2024-25,MEM,CHA,1,0.7887310354686033
2025-01-22,2024-25,OKC,UTA,1,0.9106910582200872
2025-01-22,2024-25,SAC,GSW,1,0.6916508937817756
2025-01-22,2024-25,LAC,BOS,0,0.3917203983925156
2025-01-23,2024-25,ORL,POR,0,0.5639099522847428
2025-01-23,2024-25,ATL,TOR,0,0.6363111583429191
2025-01-23,2024-25,MIL,MIA,1,0.6645458502567072
2025-01-23,2024-25,OKC,DAL,0,0.7736131925263053
2025-01-23,2024-25,DEN,SAC,1,0.7467394354454981
2025-01-23,2024-25,GSW,CHI,1,0.5223827426964499
2025-01-23,2024-25,LAL,BOS,1,0.462919714825316
2025-01-23,2024-25,LAC,WAS,1,0.7369389319501145
2025-01-24,2024-25,CHA,POR,0,0.6864331755135794
2025-01-24,2024-25,PHI,CLE,1,0.20935599470497232
2025-01-24,2024-25,MEM,NOP,1,0.7422404690785864
2025-01-25,2024-25,MIN,DEN,1,0.4961624931205444
2025-01-25,2024-25,DAL,BOS,0,0.48561198369218816
2025-01-25,2024-25,BKN,MIA,0,0.2568000673849187
2025-01-25,2024-25,CHA,NOP,1,0.509045105951085
2025-01-25,2024-25,ORL,DET,1,0.44670368915806513
2025-01-25,2024-25,ATL,TOR,0,0.59449751162605
2025-01-25,2024-25,CLE,HOU,0,0.6442342948053431
2025-01-25,2024-25,NYK,SAC,1,0.6752082318928462
2025-01-25,2024-25,CHI,PHI,0,0.6244509574823733
2025-01-25,2024-25,MEM,UTA,1,0.7544929223219012
2025-01-25,2024-25,GSW,LAL,0,0.5611887022247779
2025-01-25,2024-25,PHX,WAS,1,0.7982481848897756
2025-01-25,2024-25,LAC,MIL,1,0.6027429745012536
2025-01-26,2024-25,POR,OKC,0,0.19177873469409934
2025-01-27,2024-25,CHA,LAL,0,0.39588287317317006
2025-01-27,2024-25,CLE,DET,1,0.7556671986819542
2025-01-27,2024-25,BOS,HOU,0,0.6210272708604184
2025-01-27,2024-25,BKN,SAC,0,0.21870386217773327
2025-01-27,2024-25,MIA,ORL,1,0.5279256358324681
2025-01-27,2024-25,NYK,MEM,1,0.6223721297034239
2025-01-27,2024-25,TOR,NOP,1,0.5809269046250735
2025-01-27,2024-25,CHI,DEN,1,0.3373676931561405
2025-01-27,2024-25,MIN,ATL,1,0.7394131516134711
2025-01-27,2024-25,DAL,WAS,1,0.8645977610203267
2025-01-27,2024-25,UTA,MIL,0,0.29840507916372366
2025-01-27,2024-25,PHX,LAC,1,0.4502316682249291
2025-01-28,2024-25,ATL,HOU,0,0.26887791368222663
2025-01-28,2024-25,PHI,LAL,1,0.5105107716921727
2025-01-28,2024-25,GSW,UTA,1,0.7810149918757702
2025-01-28,2024-25,POR,MIL,1,0.4135547740743222
2025-01-29,2024-25,CHA,BKN,0,0.7075196773541435
2025-01-29,2024-25,IND,DET,1,0.6710097889342123
2025-01-29,2024-25,WAS,TOR,0,0.24223499946959445
2025-01-29,2024-25,BOS,CHI,1,0.7871234571290571
2025-01-29,2024-25,MIA,CLE,0,0.37384094971904525
2025-01-29,2024-25,NYK,DEN,1,0.5991508962020866
2025-01-29,2024-25,PHI,SAC,1,0.3625314840821238
2025-01-29,2024-25,NOP,DAL,0,0.3570006904092802
2025-01-29,2024-25,SAS,LAC,0,0.4060566173607305
2025-01-29,2024-25,PHX,MIN,0,0.47754073660490093
2025-01-29,2024-25,GSW,OKC,1,0.2065981080424031
2025-01-30,2024-25,WAS,LAL,0,0.1476300268332326
2025-01-30,2024-25,CLE,ATL,1,0.8109510456626692
2025-01-30,2024-25,MEM,HOU,1,0.5142502851722115
2025-01-30,2024-25,UTA,MIN,0,0.27332510333146387
2025-01-30,2024-25,POR,ORL,1,0.40264737021565705
2025-01-31,2024-25,CHA,LAC,0,0.2744636552627196
2025-01-31,2024-25,DET,DAL,1,0.4697228335466652
2025-01-31,2024-25,PHI,DEN,0,0.36540719276248124
2025-01-31,2024-25,TOR,CHI,0,0.578607763064823
2025-01-31,2024-25,NOP,BOS,0,0.21873565546505133
2025-01-31,2024-25,SAS,MIL,1,0.47215308417976565
2025-01-31,2024-25,GSW,PHX,0,0.6328372152245787
2025-02-01,2024-25,IND,ATL,1,0.7613879463556454
2025-02-01,2024-25,UTA,ORL,1,0.40080966264608464
2025-02-01,2024-25,CHA,DEN,0,0.2361460595124833
2025-02-01,2024-25,HOU,BKN,0,0.8675043889819464
2025-02-01,2024-25,MIN,WAS,0,0.89676448696739
2025-02-01,2024-25,OKC,SAC,1,0.8277421148114782
2025-02-01,2024-25,NYK,LAL,0,0.7518992672645162
2025-02-01,2024-25,SAS,MIA,0,0.5203487996928515
2025-02-01,2024-25,POR,PHX,1,0.48582282614437816
2025-02-02,2024-25,DET,CHI,1,0.6172095901173753
2025-02-02,2024-25,CLE,DAL,1,0.704554566671099
2025-02-02,2024-25,TOR,LAC,1,0.3236328348350875
2025-02-02,2024-25,PHI,BOS,0,0.27425108024889455
2025-02-02,2024-25,MIL,MEM,0,0.5212018495362012
2025-02-03,2024-25,CHA,WAS,0,0.6145153284386972
2025-02-03,2024-25,DET,ATL,0,0.6098371129349962
2025-02-03,2024-25,NYK,HOU,1,0.6135859689168074
2025-02-03,2024-25,MEM,SAS,1,0.6481698976347285
2025-02-03,2024-25,MIN,SAC,0,0.6644265931662572
2025-02-03,2024-25,OKC,MIL,1,0.890787123435211
2025-02-03,2024-25,DEN,NOP,1,0.8550649858988922
2025-02-03,2024-25,UTA,IND,0,0.250126825396974
2025-02-03,2024-25,GSW,ORL,1,0.5969802475107153
2025-02-03,2024-25,POR,PHX,1,0.44860554721164564
2025-02-04,2024-25,CLE,BOS,0,0.6070240517259362
2025-02-04,2024-25,BKN,HOU,1,0.40980517385967696
2025-02-04,2024-25,PHI,DAL,1,0.5705919285585874
2025-02-04,2024-25,TOR,NYK,0,0.33093796901334305
2025-02-04,2024-25,CHI,MIA,1,0.5321550605147474
2025-02-04,2024-25,LAC,LAL,0,0.6887032320194372
2025-02-04,2024-25,POR,IND,1,0.40609380017161106
2025-02-05,2024-25,CHA,MIL,0,0.4588289039268544
2025-02-05,2024-25,DET,CLE,0,0.4912907088132777
2025-02-05,2024-25,ATL,SAS,0,0.4832980148733795
2025-02-05,2024-25,BKN,WAS,0,0.5136692088807283
2025-02-05,2024-25,PHI,MIA,0,0.5982252778897224
2025-02-05,2024-25,TOR,MEM,0,0.19995179351332693
2025-02-05,2024-25,MIN,CHI,1,0.7710093424972053
2025-02-05,2024-25,OKC,PHX,1,0.8350419514943611
2025-02-05,2024-25,UTA,GSW,1,0.34687400075728064
2025-02-05,2024-25,DEN,NOP,1,0.8449729211796175
2025-02-05,2024-25,SAC,ORL,0,0.6700588883713406
2025-02-06,2024-25,BOS,DAL,0,0.7741400544457983
2025-02-06,2024-25,MIN,HOU,1,0.5393193575705417
2025-02-06,2024-25,DEN,ORL,1,0.8158863482607772
2025-02-06,2024-25,LAL,GSW,1,0.730211855607757
2025-02-06,2024-25,POR,SAC,1,0.5760058354896984
2025-02-06,2024-25,LAC,IND,0,0.533248290934752
2025-02-07,2024-25,CHA,SAS,1,0.29835715991725337
2025-02-07,2024-25,WAS,CLE,0,0.16413036355100338
2025-02-07,2024-25,ATL,MIL,1,0.4244463468994685
2025-02-07,2024-25,BKN,MIA,1,0.40877209636610906
2025-02-07,2024-25,DET,PHI,1,0.5709604706535163
2025-02-07,2024-25,OKC,TOR,1,0.915395872806958
2025-02-07,2024-25,PHX,UTA,1,0.6096666138907834
2025-02-08,2024-25,DAL,HOU,1,0.5947907443123471
2025-02-08,2024-25,LAL,IND,1,0.6109046193946295
2025-02-08,2024-25,ORL,SAS,1,0.5413836747284276
2025-02-08,2024-25,WAS,ATL,0,0.29453111391990827
2025-02-08,2024-25,CHI,GSW,0,0.4654305652926601
2025-02-08,2024-25,MEM,OKC,0,0.5503220421843533
2025-02-08,2024-25,MIN,POR,1,0.7253126651868635
2025-02-08,2024-25,NYK,BOS,0,0.5634494902934025
2025-02-08,2024-25,PHX,DEN,0,0.3073395748770564
2025-02-08,2024-25,SAC,NOP,1,0.7164079487916003
2025-02-08,2024-25,LAC,UTA,1,0.8304428875399242
2025-02-09,2024-25,DET,CHA,1,0.7473273817849162
2025-02-09,2024-25,HOU,TOR,1,0.7604706047231581
2025-02-09,2024-25,MIL,PHI,1,0.5018843205058249
2025-02-10,2024-25,CLE,MIN,1,0.679747598849307
2025-02-10,2024-25,ORL,ATL,0,0.511631904385928
2025-02-10,2024-25,WAS,SAS,0,0.2827613792022255
2025-02-10,2024-25,BKN,CHA,1,0.6311731389488758
2025-02-10,2024-25,MIA,BOS,0,0.26350656919479487
2025-02-10,2024-25,MIL,GSW,0,0.4353771442819481
2025-02-10,2024-25,OKC,NOP,1,0.9072990646582149
2025-02-10,2024-25,DAL,SAC,0,0.6053684040240159
2025-02-10,2024-25,DEN,POR,1,0.7720585517455152
2025-02-10,2024-25,LAL,UTA,1,0.8456959159577948
2025-02-11,2024-25,PHI,TOR,0,0.6977264544554426
2025-02-11,2024-25,IND,NYK,0,0.5334155063248973
2025-02-11,2024-25,CHI,DET,0,0.42903240045355806
2025-02-11,2024-25,PHX,MEM,0,0.34658041639250015
2025-02-12,2024-25,BOS,SAS,1,0.7933057929216402
2025-02-12,2024-25,ORL,CHA,1,0.6856031697577419
2025-02-12,2024-25,WAS,IND,0,0.23462410098562647
2025-02-12,2024-25,BKN,PHI,1,0.4458102014875961
2025-02-12,2024-25,NYK,ATL,1,0.6466117629728678
2025-02-12,2024-25,TOR,CLE,0,0.15117818029239205
2025-02-12,2024-25,CHI,DET,0,0.45221483342738195
2025-02-12,2024-25,MIN,MIL,0,0.6694152053090967
2025-02-12,2024-25,NOP,SAC,0,0.27923595760035386
2025-02-12,2024-25,OKC,MIA,1,0.8909759985244021
2025-02-12,2024-25,HOU,PHX,1,0.7123827380087876
2025-02-12,2024-25,DEN,POR,1,0.8218244592667328
2025-02-12,2024-25,UTA,LAL,1,0.2966499325363338
2025-02-12,2024-25,DAL,GSW,1,0.5103850130996833
2025-02-12,2024-25,LAC,MEM,1,0.5944095144441276
2025-02-13,2024-25,HOU,GSW,0,0.5615632544849827
2025-02-13,2024-25,NOP,SAC,1,0.33877294263584423
2025-02-13,2024-25,DAL,MIA,1,0.6574124005261779
2025-02-13,2024-25,MIN,OKC,1,0.361034389083226
2025-02-13,2024-25,UTA,LAC,0,0.3335523822241619
2025-02-19,2024-25,LAL,CHA,0,0.8355767026964798
2025-02-20,2024-25,IND,MEM,1,0.5166886963043608
2025-02-20,2024-25,PHI,BOS,0,0.23989878199385065
2025-02-20,2024-25,ATL,ORL,0,0.5943594315686334
2025-02-20,2024-25,BKN,CLE,0,0.22043438483092542
2025-02-20,2024-25,NYK,CHI,1,0.777554693191048
2025-02-20,2024-25,MIL,LAC,1,0.3648586055105892
2025-02-20,2024-25,DEN,CHA,1,0.8894391100950859
2025-02-20,2024-25,SAS,PHX,1,0.5977628317092543
2025-02-20,2024-25,POR,LAL,0,0.36123938600017247
2025-02-21,2024-25,CLE,NYK,1,0.7052869532410315
2025-02-21,2024-25,ORL,MEM,0,0.43239647531082076
2025-02-21,2024-25,WAS,MIL,0,0.2920477575440333
2025-02-21,2024-25,TOR,MIA,0,0.3929072575192351
2025-02-21,2024-25,HOU,MIN,1,0.5605453425819229
2025-02-21,2024-25,SAS,DET,0,0.3674374821637057
2025-02-21,2024-25,DAL,NOP,1,0.6036745860806689
2025-02-21,2024-25,UTA,OKC,0,0.1796071196843737
2025-02-21,2024-25,SAC,GSW,0,0.500471403090453
2025-02-22,2024-25,CHI,PHX,0,0.38652431335237003
2025-02-22,2024-25,PHI,BKN,0,0.653830842656296
2025-02-22,2024-25,DEN,LAL,0,0.7410866152705461
2025-02-22,2024-25,UTA,HOU,1,0.37872380657750165
2025-02-22,2024-25,POR,CHA,1,0.6179092822078807
2025-02-23,2024-25,BOS,NYK,1,0.7030486380914207
2025-02-23,2024-25,GSW,DAL,1,0.5227135818398664
2025-02-23,2024-25,IND,LAC,1,0.481086701841222
2025-02-23,2024-25,ATL,DET,0,0.48641832661946394
2025-02-23,2024-25,ORL,WAS,1,0.7560773534132355
2025-02-23,2024-25,TOR,PHX,1,0.3748322803776941
2025-02-23,2024-25,MIL,MIA,1,0.613281741944547
2025-02-23,2024-25,NOP,SAS,1,0.389416425583964
2025-02-23,2024-25,CLE,MEM,1,0.6948994738545861
2025-02-23,2024-25,MIN,OKC,0,0.38421422133735067
2025-02-24,2024-25,DET,LAC,1,0.6039504457657668
2025-02-24,2024-25,IND,DEN,0,0.5105883430957423
2025-02-24,2024-25,PHI,CHI,0,0.5865392153802088
2025-02-24,2024-25,WAS,BKN,1,0.31222399788633975
2025-02-24,2024-25,ATL,MIA,1,0.5923354581874699
2025-02-24,2024-25,OKC,MIN,0,0.8110155871429496
2025-02-24,2024-25,UTA,POR,0,0.42644068700671467
2025-02-24,2024-25,SAC,CHA,1,0.7587575593437006
2025-02-25,2024-25,TOR,BOS,0,0.17779224281162534
2025-02-25,2024-25,ORL,CLE,0,0.23436548644288488
2025-02-25,2024-25,HOU,MIL,1,0.5782838140515341
2025-02-25,2024-25,MEM,PHX,1,0.6818784798834432
2025-02-25,2024-25,NOP,SAS,1,0.4176582311144283
2025-02-25,2024-25,GSW,CHA,1,0.8865443936321066
2025-02-25,2024-25,LAL,DAL,1,0.6757297756247012
2025-02-26,2024-25,DET,BOS,1,0.5831719114257068
2025-02-26,2024-25,IND,TOR,1,0.8552854930222487
2025-02-26,2024-25,NYK,PHI,1,0.8096668653156706
2025-02-26,2024-25,WAS,POR,0,0.2937830033709451
2025-02-26,2024-25,BKN,OKC,0,0.09958008881441732
2025-02-26,2024-25,MIA,ATL,1,0.536861974787254
2025-02-26,2024-25,CHI,LAC,0,0.38025064246251505
2025-02-26,2024-25,UTA,SAC,0,0.3039377621655671
2025-02-26,2024-25,HOU,SAS,1,0.6832554425460023
2025-02-27,2024-25,ORL,GSW,0,0.33697034580013835
2025-02-27,2024-25,MIL,DEN,1,0.45410663218997877
2025-02-27,2024-25,DAL,CHA,1,0.8224945712190939
2025-02-27,2024-25,PHX,NOP,0,0.5874109205865397
2025-02-27,2024-25,LAL,MIN,1,0.654916883162309
2025-02-28,2024-25,DET,DEN,0,0.6304571482820295
2025-02-28,2024-25,ATL,OKC,0,0.18921564083644027
2025-02-28,2024-25,BOS,CLE,0,0.6314491480002925
2025-02-28,2024-25,BKN,POR,0,0.3788548463138649
2025-02-28,2024-25,MIA,IND,1,0.40294954225935126
2025-02-28,2024-25,CHI,TOR,1,0.5769080757411189
2025-02-28,2024-25,MEM,NYK,0,0.554188007946947
2025-02-28,2024-25,PHX,NOP,1,0.6092622351964795
2025-02-28,2024-25,UTA,MIN,1,0.32129069130895926
2025-02-28,2024-25,LAL,LAC,1,0.5760235246086453
2025-03-01,2024-25,CHA,WAS,0,0.5079869411813189
2025-03-01,2024-25,DET,BKN,1,0.8031606825666993
2025-03-01,2024-25,HOU,SAC,0,0.5618845468615429
2025-03-01,2024-25,MEM,SAS,0,0.7266570684900151
2025-03-01,2024-25,PHI,GSW,1,0.2614617724868239
2025-03-01,2024-25,DAL,MIL,0,0.5193023516021025
2025-03-02,2024-25,BOS,DEN,1,0.7293035680319498
2025-03-02,2024-25,CLE,POR,1,0.920754058419153
2025-03-02,2024-25,IND,CHI,1,0.7056836589918916
2025-03-02,2024-25,MIA,NYK,0,0.40767946874718897
2025-03-02,2024-25,ORL,TOR,0,0.6243328416193634
2025-03-02,2024-25,SAS,OKC,0,0.14262481120580442
2025-03-02,2024-25,UTA,NOP,0,0.5448306278248378
2025-03-02,2024-25,PHX,MIN,0,0.3921276637481512
2025-03-02,2024-25,LAL,LAC,1,0.590540877234159
2025-03-03,2024-25,CHA,GSW,0,0.16697396004141843
2025-03-03,2024-25,PHI,POR,0,0.5879866864662759
2025-03-03,2024-25,MIA,WAS,1,0.7437590400487587
2025-03-03,2024-25,MEM,ATL,0,0.6740902298446425
2025-03-03,2024-25,OKC,HOU,1,0.7472714115133009
2025-03-03,2024-25,DAL,SAC,0,0.45902831584349474
2025-03-03,2024-25,UTA,DET,0,0.19360117883186734
2025-03-04,2024-25,IND,HOU,1,0.815549026929969
2025-03-04,2024-25,ORL,TOR,0,0.6413613259786177
2025-03-04,2024-25,ATL,MIL,0,0.34705517865103797
2025-03-04,2024-25,NYK,GSW,0,0.6960972963227054
2025-03-04,2024-25,CHI,CLE,0,0.23296195103162226
2025-03-04,2024-25,MIN,PHI,1,0.814273671316389
2025-03-04,2024-25,SAS,BKN,1,0.6179079202055889
2025-03-04,2024-25,PHX,LAC,1,0.41784082023580116
2025-03-04,2024-25,LAL,NOP,1,0.8047378570436909
2025-03-05,2024-25,BOS,POR,1,0.8553686018857672
2025-03-05,2024-25,CHA,MIN,0,0.2306034199574582
2025-03-05,2024-25,CLE,MIA,1,0.7683019180834444
2025-03-05,2024-25,WAS,UTA,1,0.45555345332805763
2025-03-05,2024-25,MEM,OKC,0,0.29450224945402137
2025-03-05,2024-25,DEN,SAC,1,0.7261190698456583
2025-03-05,2024-25,MIL,DAL,1,0.5692307683878084
2025-03-05,2024-25,LAC,DET,1,0.5375710141694581
2025-03-06,2024-25,ATL,IND,1,0.30766486744607396
2025-03-06,2024-25,BOS,PHI,1,0.8603984140816394
2025-03-06,2024-25,BKN,GSW,0,0.20689141464856295
2025-03-06,2024-25,NOP,HOU,0,0.4250262875901223
2025-03-06,2024-25,LAL,NYK,1,0.6385914414267199
2025-03-06,2024-25,ORL,CHI,0,0.5604042513667177
2025-03-07,2024-25,CHA,CLE,0,0.11016319496814897
2025-03-07,2024-25,TOR,UTA,1,0.6498228328869944
2025-03-07,2024-25,DAL,MEM,0,0.31800058529385583
2025-03-07,2024-25,MIA,MIN,0,0.50277729162703
2025-03-07,2024-25,OKC,POR,1,0.8979455897227723
2025-03-07,2024-25,DEN,PHX,1,0.7852204514870768
2025-03-07,2024-25,SAC,SAS,1,0.6819374117617315
2025-03-07,2024-25,LAC,NYK,1,0.5403767202338239
2025-03-08,2024-25,CHA,BKN,1,0.33044030977732286
2025-03-08,2024-25,HOU,NOP,1,0.6776989322291826
2025-03-08,2024-25,ATL,IND,1,0.35966946235919284
2025-03-08,2024-25,TOR,WAS,0,0.5711842009719728
2025-03-08,2024-25,MIA,CHI,0,0.6286734287704684
2025-03-08,2024-25,MIL,ORL,0,0.6750741052415388
2025-03-08,2024-25,BOS,LAL,1,0.6624154506495948
2025-03-08,2024-25,GSW,DET,1,0.6550504196239645
2025-03-09,2024-25,OKC,DEN,1,0.6612028730485665
2025-03-09,2024-25,DAL,PHX,0,0.43426307470342534
2025-03-09,2024-25,MIL,CLE,0,0.3092701082776722
2025-03-09,2024-25,NOP,MEM,0,0.2031284808922434
2025-03-09,2024-25,PHI,UTA,1,0.6019823124936747
2025-03-09,2024-25,MIN,SAS,1,0.730327535895237
2025-03-09,2024-25,POR,DET,0,0.39969252857790044
2025-03-09,2024-25,LAC,SAC,1,0.6479406945178102
2025-03-10,2024-25,ATL,PHI,1,0.7579847829773732
2025-03-10,2024-25,BOS,UTA,1,0.9610767633911197
2025-03-10,2024-25,BKN,LAL,1,0.18689628338255806
2025-03-10,2024-25,MIA,CHA,0,0.8015527237944825
2025-03-10,2024-25,TOR,WAS,1,0.6818786233430141
2025-03-10,2024-25,CHI,IND,1,0.34741893520587414
2025-03-10,2024-25,HOU,ORL,1,0.6342189612920355
2025-03-10,2024-25,MEM,PHX,1,0.6789409329885712
2025-03-10,2024-25,OKC,DEN,0,0.7848138884918399
2025-03-10,2024-25,SAS,DAL,0,0.5909336828211724
2025-03-10,2024-25,GSW,POR,1,0.8399820790886093
2025-03-10,2024-25,SAC,NYK,0,0.49209881010309026
2025-03-11,2024-25,CLE,BKN,1,0.9285635878151522
2025-03-11,2024-25,DET,WAS,1,0.9130381378228206
2025-03-11,2024-25,IND,MIL,1,0.5233375795303817
2025-03-11,2024-25,NOP,LAC,1,0.19281198874234556
2025-03-12,2024-25,ATL,CHA,1,0.7079025227071477
2025-03-12,2024-25,BOS,OKC,0,0.548347417102626
2025-03-12,2024-25,TOR,PHI,1,0.6060882189973484
2025-03-12,2024-25,MIA,LAC,0,0.4710339969392343
2025-03-12,2024-25,HOU,PHX,1,0.6262723835469356
2025-03-12,2024-25,MEM,UTA,1,0.7398867676580352
2025-03-12,2024-25,SAS,DAL,1,0.5025491097790225
2025-03-12,2024-25,DEN,MIN,0,0.6181872899519941
2025-03-12,2024-25,POR,NYK,0,0.34535038873024326
2025-03-13,2024-25,DET,WAS,0,0.8088762541846083
2025-03-13,2024-25,MIL,LAL,1,0.5417248321044611
2025-03-13,2024-25,CHI,BKN,1,0.6348858391324647
2025-03-13,2024-25,GSW,SAC,1,0.7131973894378103
2025-03-13,2024-25,NOP,ORL,0,0.44324980033202827
2025-03-14,2024-25,MIA,BOS,0,0.2277814736086853
2025-03-14,2024-25,PHI,IND,0,0.18245376189569135
2025-03-14,2024-25,ATL,LAC,0,0.44868425504097714
2025-03-14,2024-25,HOU,DAL,1,0.7576456624968276
2025-03-14,2024-25,MEM,CLE,0,0.46074653622685746
2025-03-14,2024-25,MIN,ORL,1,0.803358879385415
2025-03-14,2024-25,SAS,CHA,0,0.6732095399933243
2025-03-14,2024-25,DEN,LAL,1,0.7408506455242914
2025-03-14,2024-25,UTA,TOR,0,0.49115158667791375
2025-03-14,2024-25,PHX,SAC,1,0.6172206403934118
2025-03-15,2024-25,BKN,BOS,0,0.18954239703893067
2025-03-15,2024-25,DET,OKC,0,0.3429312881592562
2025-03-15,2024-25,HOU,CHI,1,0.6495450993970091
2025-03-15,2024-25,MEM,MIA,1,0.7032610799409756
2025-03-15,2024-25,MIL,IND,1,0.6132374133295416
2025-03-15,2024-25,SAS,NOP,1,0.5013548830084211
2025-03-15,2024-25,GSW,NYK,1,0.590521185097671
2025-03-15,2024-25,DEN,WAS,0,0.8001810822404538
2025-03-16,2024-25,LAC,CHA,1,0.8325609185244663
2025-03-16,2024-25,DAL,PHI,0,0.5715399894090883
2025-03-16,2024-25,LAL,PHX,1,0.544689252489759
2025-03-16,2024-25,BKN,ATL,1,0.3364021243090953
2025-03-16,2024-25,CLE,ORL,0,0.8412859221202843
2025-03-16,2024-25,POR,TOR,1,0.5562587237506358
2025-03-16,2024-25,MIN,UTA,1,0.8482050421258231
2025-03-16,2024-25,MIL,OKC,0,0.3830191150208512
2025-03-17,2024-25,LAL,SAS,1,0.7344946410074391
2025-03-17,2024-25,NYK,MIA,1,0.7804150534196334
2025-03-17,2024-25,HOU,PHI,1,0.8755106199254014
2025-03-17,2024-25,MIN,IND,0,0.5038770542357421
2025-03-17,2024-25,NOP,DET,0,0.24722740468287027
2025-03-17,2024-25,UTA,CHI,0,0.311407870688119
2025-03-17,2024-25,GSW,DEN,0,0.6386128212309021
2025-03-17,2024-25,PHX,TOR,1,0.6900068883799892
2025-03-17,2024-25,SAC,MEM,1,0.5131325437965173
2025-03-17,2024-25,POR,WAS,1,0.577704779839429
2025-03-18,2024-25,CHA,ATL,0,0.3497791514660214
2025-03-18,2024-25,BOS,BKN,1,0.9166299973108881
2025-03-18,2024-25,LAC,CLE,1,0.4698689812598139
2025-03-18,2024-25,GSW,MIL,1,0.6560976589004609
2025-03-19,2024-25,UTA,WAS,1,0.47230297106720404
2025-03-19,2024-25,IND,DAL,1,0.7599547239823967
2025-03-19,2024-25,ORL,HOU,0,0.4158308136837091
2025-03-19,2024-25,MIA,DET,0,0.376563589685991
2025-03-19,2024-25,MIN,NOP,0,0.8345509143032794
2025-03-19,2024-25,OKC,PHI,1,0.9193185733555018
2025-03-19,2024-25,SAS,NYK,1,0.3103740569271313
2025-03-19,2024-25,LAL,DEN,1,0.5698957794432765
2025-03-19,2024-25,PHX,CHI,1,0.6113181611715952
2025-03-19,2024-25,POR,MEM,1,0.3466519142657585
2025-03-19,2024-25,SAC,CLE,1,0.44147239861715604
2025-03-20,2024-25,LAL,MIL,0,0.5870039223691169
2025-03-20,2024-25,GSW,TOR,1,0.8570221566337216
2025-03-20,2024-25,CHA,NYK,1,0.2336753130786102
2025-03-20,2024-25,IND,BKN,1,0.7340313619823139
2025-03-20,2024-25,SAC,CHI,0,0.6981945644252773
2025-03-21,2024-25,WAS,ORL,0,0.2484771065400647
2025-03-21,2024-25,MIA,HOU,0,0.36791273664024576
2025-03-21,2024-25,MIN,NOP,1,0.8373035566285576
2025-03-21,2024-25,OKC,CHA,1,0.9368991113778633
2025-03-21,2024-25,SAS,PHI,1,0.6456162610567788
2025-03-21,2024-25,DAL,DET,1,0.2910570888526013
2025-03-21,2024-25,UTA,BOS,0,0.1333421441278083
2025-03-21,2024-25,PHX,CLE,1,0.3430519380342825
2025-03-21,2024-25,POR,DEN,1,0.4024945108377102
2025-03-21,2024-25,LAC,MEM,1,0.6481142772641857
2025-03-22,2024-25,IND,BKN,1,0.8212952061548746
2025-03-22,2024-25,ATL,GSW,1,0.25420212920609087
2025-03-22,2024-25,NYK,WAS,1,0.8646891474995553
2025-03-22,2024-25,SAC,MIL,0,0.5393598116914866
2025-03-22,2024-25,LAL,CHI,0,0.4668764911990241
2025-03-23,2024-25,DET,NOP,1,0.825041036108367
2025-03-23,2024-25,UTA,CLE,0,0.11933754667452197
2025-03-23,2024-25,ATL,PHI,1,0.6004592732234753
2025-03-23,2024-25,MIA,CHA,1,0.7049404709690649
2025-03-23,2024-25,TOR,SAS,0,0.38100642857135414
2025-03-23,2024-25,POR,BOS,0,0.28375191658497023
2025-03-23,2024-25,HOU,DEN,0,0.6613629996404216
2025-03-23,2024-25,LAC,OKC,0,0.4114306942669781
2025-03-24,2024-25,IND,MIN,1,0.5294320072628357
2025-03-24,2024-25,ORL,LAL,1,0.3744944730004778
2025-03-24,2024-25,WAS,TOR,0,0.5074821637596798
2025-03-24,2024-25,BKN,DAL,0,0.36601474247517585
2025-03-24,2024-25,NOP,PHI,1,0.4832699055891326
2025-03-24,2024-25,DEN,CHI,0,0.6091162622985921
2025-03-24,2024-25,PHX,MIL,1,0.604867375459078
2025-03-24,2024-25,SAC,BOS,0,0.4620521998426848
2025-03-25,2024-25,CHA,ORL,0,0.38277704547192243
2025-03-25,2024-25,DET,SAS,1,0.6339376339283312
2025-03-25,2024-25,MIA,GSW,1,0.2915886884462375
2025-03-25,2024-25,NYK,DAL,1,0.8012146313783246
2025-03-25,2024-25,HOU,ATL,1,0.7167975793716261
2025-03-25,2024-25,UTA,MEM,0,0.20128120111149725
2025-03-25,2024-25,POR,CLE,0,0.30340179857256594
2025-03-25,2024-25,SAC,OKC,0,0.19174272937717993
2025-03-26,2024-25,PHI,WAS,0,0.39906714380853986
2025-03-26,2024-25,BKN,TOR,0,0.45706628095002927
2025-03-26,2024-25,IND,LAL,0,0.5245939126976656
2025-03-26,2024-25,NYK,LAC,0,0.39878656323594136
2025-03-26,2024-25,DEN,MIL,1,0.567259544439471
2025-03-26,2024-25,PHX,BOS,0,0.4161433327066311
2025-03-27,2024-25,CLE,SAS,1,0.8181760006376988
2025-03-27,2024-25,ORL,DAL,0,0.7089366933625745
2025-03-27,2024-25,WAS,IND,0,0.1527734258191829
2025-03-27,2024-25,MIA,ATL,1,0.5269979871005661
2025-03-27,2024-25,CHI,LAL,1,0.5219751853513149
2025-03-27,2024-25,OKC,MEM,1,0.8312240839670586
2025-03-27,2024-25,UTA,HOU,0,0.13667468095276122
2025-03-27,2024-25,SAC,POR,1,0.5445146814107278
2025-03-28,2024-25,DET,CLE,1,0.5461794257880982
2025-03-28,2024-25,BKN,LAC,0,0.15370799390797987
2025-03-28,2024-25,TOR,CHA,1,0.5549183499438561
2025-03-28,2024-25,MIL,NYK,0,0.5144822217106058
2025-03-28,2024-25,MIN,PHX,1,0.6722367182778695
2025-03-28,2024-25,NOP,GSW,0,0.14908629755104227
2025-03-28,2024-25,DEN,UTA,1,0.9221482402733175
2025-03-29,2024-25,ORL,SAC,1,0.45947343165817384
2025-03-29,2024-25,WAS,BKN,0,0.4504876195832736
2025-03-29,2024-25,PHI,MIA,0,0.20980769910866257
2025-03-29,2024-25,CHI,DAL,0,0.676160933591606
2025-03-29,2024-25,MEM,LAL,0,0.5077933861678958
2025-03-29,2024-25,OKC,IND,1,0.815994048265114
2025-03-29,2024-25,SAS,BOS,0,0.283765823120677
2025-03-30,2024-25,CLE,LAC,1,0.7023291609712459
2025-03-30,2024-25,NYK,POR,1,0.7065021905503741
2025-03-30,2024-25,MIL,ATL,0,0.6019653587151151
2025-03-30,2024-25,MIN,DET,1,0.6173940522792731
2025-03-30,2024-25,NOP,CHA,1,0.49282965007534546
2025-03-30,2024-25,SAS,GSW,0,0.2634176325491447
2025-03-30,2024-25,PHI,TOR,0,0.3110503791707261
2025-03-30,2024-25,PHX,HOU,0,0.48240308182078495
2025-03-31,2024-25,CHA,UTA,1,0.4674543628963391
2025-03-31,2024-25,IND,SAC,1,0.6554580317803472
2025-03-31,2024-25,ORL,LAC,0,0.42249380690593086
2025-03-31,2024-25,WAS,MIA,0,0.20318188980796406
2025-03-31,2024-25,MEM,BOS,0,0.39571240269553865
2025-03-31,2024-25,OKC,CHI,1,0.8520276266904206
2025-03-31,2024-25,DAL,BKN,0,0.6974465203487077
2025-03-31,2024-25,LAL,HOU,1,0.7183688662885986
2025-04-01,2024-25,SAS,ORL,0,0.492630406954924
2025-04-01,2024-25,ATL,POR,0,0.6023770984217997
2025-04-01,2024-25,NYK,PHI,1,0.8831238352778717
2025-04-01,2024-25,CHI,TOR,1,0.5478577030019461
2025-04-01,2024-25,MEM,GSW,0,0.3822295431852121
2025-04-01,2024-25,MIL,PHX,1,0.578016732023874
2025-04-01,2024-25,DEN,MIN,0,0.5785046413963824
2025-04-02,2024-25,CLE,NYK,1,0.8172833193685691
2025-04-02,2024-25,IND,CHA,1,0.8341951411635777
2025-04-02,2024-25,WAS,SAC,1,0.186615278074548
2025-04-02,2024-25,BOS,MIA,0,0.8566690167084147
2025-04-02,2024-25,HOU,UTA,1,0.8937674567968726
2025-04-02,2024-25,OKC,DET,1,0.8237634738738405
2025-04-02,2024-25,DAL,ATL,1,0.5646927223729734
2025-04-02,2024-25,DEN,SAS,0,0.7998915254223341
2025-04-02,2024-25,LAC,NOP,1,0.9059142371544091
2025-04-03,2024-25,WAS,ORL,0,0.13513591217566578
2025-04-03,2024-25,BKN,MIN,0,0.16743012030955862
2025-04-03,2024-25,MIA,MEM,0,0.45442365984323485
2025-04-03,2024-25,PHI,MIL,0,0.2012403451834099
2025-04-03,2024-25,TOR,POR,0,0.35733304264141025
2025-04-03,2024-25,LAL,GSW,0,0.5249472226357423
2025-04-04,2024-25,CHA,SAC,0,0.310194587668767
2025-04-04,2024-25,IND,UTA,1,0.8685910803549887
2025-04-04,2024-25,BOS,PHX,1,0.8457477467359886
2025-04-04,2024-25,TOR,DET,0,0.1719858900664031
2025-04-04,2024-25,CHI,POR,1,0.6624292479289703
2025-04-04,2024-25,HOU,OKC,1,0.28170542235032625
2025-04-04,2024-25,SAS,CLE,0,0.2899705252804775
2025-04-04,2024-25,GSW,DEN,1,0.7311124709240897
2025-04-04,2024-25,LAL,NOP,1,0.8531793218349288
2025-04-04,2024-25,LAC,DAL,1,0.7822168134040829
2025-04-05,2024-25,ATL,NYK,0,0.42904771243653034
2025-04-05,2024-25,DET,MEM,0,0.4248129864807245
2025-04-05,2024-25,PHI,MIN,0,0.13780788680446227
2025-04-05,2024-25,MIA,MIL,0,0.5791679654602453
2025-04-05,2024-25,LAC,DAL,1,0.8120910849218459
2025-04-06,2024-25,NOP,MIL,0,0.31857149945163366
2025-04-06,2024-25,CHA,CHI,0,0.26687909580630637
2025-04-06,2024-25,BKN,TOR,0,0.4350074376131454
2025-04-06,2024-25,OKC,LAL,0,0.7564360435888828
2025-04-06,2024-25,ATL,UTA,1,0.7033530858645314
2025-04-06,2024-25,BOS,WAS,1,0.9438866140596426
2025-04-06,2024-25,CLE,SAC,0,0.8151927391289144
2025-04-06,2024-25,POR,SAS,1,0.5841990044655967
2025-04-06,2024-25,NYK,PHX,1,0.7120988807481672
2025-04-06,2024-25,DEN,IND,0,0.6021595378390929
2025-04-06,2024-25,GSW,HOU,0,0.6317776623164951
2025-04-07,2024-25,DET,SAC,0,0.6571867778045252
2025-04-07,2024-25,MIA,PHI,1,0.7687921453881545
2025-04-08,2024-25,CHA,MEM,0,0.19729844324093135
2025-04-08,2024-25,CLE,CHI,1,0.8046995111529909
2025-04-08,2024-25,IND,WAS,1,0.89084455018274
2025-04-08,2024-25,ORL,ATL,1,0.5889228604927401
2025-04-08,2024-25,BKN,NOP,1,0.49217636759125133
2025-04-08,2024-25,NYK,BOS,0,0.5291750126873981
2025-04-08,2024-25,MIL,MIN,1,0.39027017031923833
2025-04-08,2024-25,OKC,LAL,1,0.6883993676172354
2025-04-08,2024-25,PHX,GSW,0,0.2947914144770352
2025-04-08,2024-25,LAC,SAS,1,0.8150567205951641
2025-04-09,2024-25,ORL,BOS,1,0.3443413943803701
2025-04-09,2024-25,WAS,PHI,0,0.29413676616415024
2025-04-09,2024-25,TOR,CHA,1,0.6745761912398656
2025-04-09,2024-25,DAL,LAL,0,0.4011882893656923
2025-04-09,2024-25,CHI,MIA,1,0.392968739616221
2025-04-09,2024-25,UTA,POR,1,0.2495264532766463
2025-04-09,2024-25,GSW,SAS,0,0.8347193467363646
2025-04-09,2024-25,PHX,OKC,0,0.2103372804097584
2025-04-09,2024-25,SAC,DEN,0,0.4764879836427715
2025-04-09,2024-25,LAC,HOU,1,0.5292944070522994
2025-04-10,2024-25,MIL,NOP,1,0.8274844504813378
2025-04-10,2024-25,DET,NYK,1,0.46475713365725724
2025-04-10,2024-25,IND,CLE,1,0.523810144723814
2025-04-10,2024-25,BKN,ATL,0,0.26423933552021495
2025-04-10,2024-25,MEM,MIN,0,0.464584755106476
2025-04-11,2024-25,DET,MIL,0,0.6106648619489892
2025-04-11,2024-25,IND,ORL,0,0.6167749862382372
2025-04-11,2024-25,PHI,ATL,0,0.37029403186070425
2025-04-11,2024-25,BOS,CHA,1,0.9136582538595521
2025-04-11,2024-25,NYK,CLE,0,0.4909811644967046
2025-04-11,2024-25,CHI,WAS,1,0.8561044492668501
2025-04-11,2024-25,NOP,MIA,0,0.16408050870185392
2025-04-11,2024-25,DAL,TOR,1,0.6268066345874641
2025-04-11,2024-25,MIN,BKN,1,0.8986334738313397
2025-04-11,2024-25,DEN,MEM,1,0.7933708571446939
2025-04-11,2024-25,UTA,OKC,0,0.10049828064880932
2025-04-11,2024-25,PHX,SAS,1,0.5266966876749766
2025-04-11,2024-25,POR,GSW,0,0.23002686428699468
2025-04-11,2024-25,SAC,LAC,0,0.3358537379253223
2025-04-11,2024-25,LAL,HOU,1,0.8190923228729682
2025-04-13,2024-25,ATL,ORL,1,0.5738643837832775
2025-04-13,2024-25,BOS,CHA,1,0.9446697462520809
2025-04-13,2024-25,BKN,NYK,0,0.13652235638410068
2025-04-13,2024-25,CLE,IND,0,0.838226151755574
2025-04-13,2024-25,MIA,WAS,0,0.8436866467418135
2025-04-13,2024-25,PHI,CHI,0,0.16685783268655274
2025-04-13,2024-25,MIL,DET,1,0.5466857104277784
2025-04-13,2024-25,HOU,DEN,0,0.35615818657194026
2025-04-13,2024-25,MEM,DAL,1,0.6638417284822468
2025-04-13,2024-25,MIN,UTA,1,0.8799938800499827
2025-04-13,2024-25,NOP,OKC,0,0.07055052736910053
2025-04-13,2024-25,SAS,TOR,1,0.6884023415819245
2025-04-13,2024-25,GSW,LAC,0,0.5173295493856166
2025-04-13,2024-25,POR,LAL,1,0.21727701421206352
2025-04-13,2024-25,SAC,PHX,1,0.5838075757761446
2025-10-24,2025-26,NYK,BOS,1,0.5568820389349955
2025-10-24,2025-26,LAL,MIN,1,0.5457591942934243
2025-10-24,2025-26,ORL,ATL,0,0.40402999312794113
2025-10-24,2025-26,BKN,CLE,0,0.3247572934460681
2025-10-24,2025-26,TOR,MIL,0,0.5214739394281592
2025-10-24,2025-26,HOU,DET,0,0.7723730499070735
2025-10-24,2025-26,MEM,MIA,0,0.7119214603685124
2025-10-24,2025-26,NOP,SAS,0,0.3784653240356614
2025-10-24,2025-26,DAL,WAS,0,0.7063210494994459
2025-10-24,2025-26,POR,GSW,1,0.6673681134665813
2025-10-24,2025-26,SAC,UTA,1,0.7006881712125304
2025-10-24,2025-26,LAC,PHX,1,0.8607830083884276
2025-10-25,2025-26,ORL,CHI,0,0.36326786005020734
2025-10-25,2025-26,ATL,OKC,0,0.2870657758241793
2025-10-25,2025-26,PHI,CHA,1,0.6720460256247117
2025-10-25,2025-26,MEM,IND,1,0.5617691071416645
2025-10-25,2025-26,DEN,PHX,1,0.7572179797053677
2025-10-26,2025-26,SAS,BKN,1,0.6439553878183447
2025-10-26,2025-26,DET,BOS,1,0.49673914457654267
2025-10-26,2025-26,CLE,MIL,1,0.7093659508836281
2025-10-26,2025-26,MIA,NYK,1,0.43977690123103097
2025-10-26,2025-26,WAS,CHA,0,0.6878784541865409
2025-10-26,2025-26,MIN,IND,1,0.8390926800255923
2025-10-26,2025-26,DAL,TOR,1,0.47622776702662833
2025-10-26,2025-26,LAC,POR,1,0.7445612216388663
2025-10-26,2025-26,SAC,LAL,0,0.377957841414257
2025-10-27,2025-26,DET,CLE,0,0.4875321694496333
2025-10-27,2025-26,MIN,DEN,0,0.5431516305180635
2025-10-27,2025-26,PHI,ORL,1,0.4807366704177058
2025-10-27,2025-26,CHI,ATL,1,0.5882634486099051
2025-10-27,2025-26,HOU,BKN,1,0.8804673301147323
2025-10-27,2025-26,NOP,BOS,0,0.3826391947394063
2025-10-27,2025-26,SAS,TOR,1,0.6972054500226105
2025-10-27,2025-26,DAL,OKC,0,0.18170112792298174
2025-10-27,2025-26,UTA,PHX,1,0.6309775439436509
2025-10-27,2025-26,GSW,MEM,1,0.7465091131160623
2025-10-27,2025-26,LAL,POR,0,0.7292648094466673
2025-10-28,2025-26,WAS,PHI,0,0.4991981195975701
2025-10-28,2025-26,MIA,CHA,1,0.7554066205152968
2025-10-28,2025-26,MIL,NYK,1,0.6282097937796803
2025-10-28,2025-26,OKC,SAC,1,0.720120804190725
2025-10-28,2025-26,GSW,LAC,1,0.3894418516667865
2025-10-29,2025-26,BOS,CLE,1,0.4175316960478592
2025-10-29,2025-26,DET,ORL,1,0.6252651629561106
2025-10-29,2025-26,BKN,ATL,0,0.3630566140564047
2025-10-29,2025-26,TOR,HOU,0,0.3373104645003582
2025-10-29,2025-26,CHI,SAC,1,0.6576600247339505
2025-10-29,2025-26,DAL,IND,1,0.4922316382566518
2025-10-29,2025-26,DEN,NOP,1,0.8346543241463374
2025-10-29,2025-26,UTA,POR,0,0.5049701922679151
2025-10-29,2025-26,MIN,LAL,0,0.6524737289825622
2025-10-29,2025-26,PHX,MEM,0,0.42768860102326345
2025-10-30,2025-26,CHA,ORL,0,0.6038268512086069
2025-10-30,2025-26,MIL,GSW,1,0.4814306775727377
2025-10-30,2025-26,OKC,WAS,1,0.8711565687670297
2025-10-30,2025-26,SAS,MIA,1,0.5748542438718369
2025-10-31,2025-26,IND,ATL,0,0.41581712806901044
2025-10-31,2025-26,PHI,BOS,0,0.42866069273992463
2025-10-31,2025-26,CLE,TOR,0,0.8117634929280574
2025-10-31,2025-26,CHI,NYK,1,0.5580344237404107
2025-10-31,2025-26,MEM,LAL,0,0.5561549543135227
2025-10-31,2025-26,PHX,UTA,1,0.5494731126599092
2025-10-31,2025-26,POR,DEN,1,0.48997754169175356
2025-10-31,2025-26,LAC,NOP,1,0.909143508924034
2025-11-01,2025-26,MIL,SAC,0,0.6502387467850443
2025-11-01,2025-26,CHA,MIN,0,0.3047938559529057
2025-11-01,2025-26,IND,GSW,1,0.17282923793531094
2025-11-01,2025-26,WAS,ORL,0,0.3792418009134251
2025-11-01,2025-26,BOS,HOU,0,0.4583340140534095
2025-11-02,2025-26,OKC,NOP,1,0.8649281147189236
2025-11-02,2025-26,BKN,PHI,0,0.44534472198141956
2025-11-02,2025-26,CHA,UTA,1,0.47786064784711185
2025-11-02,2025-26,CLE,ATL,1,0.5573754942313514
2025-11-02,2025-26,TOR,MEM,1,0.42155757999460114
2025-11-02,2025-26,NYK,CHI,1,0.5502949712012987
2025-11-02,2025-26,PHX,SAS,1,0.4446855584579789
2025-11-02,2025-26,LAL,MIA,1,0.7852453673935328
2025-11-03,2025-26,BKN,MIN,0,0.2624061338104749
2025-11-03,2025-26,IND,MIL,0,0.3230428939908608
2025-11-03,2025-26,BOS,UTA,0,0.7994539928312048
2025-11-03,2025-26,NYK,WAS,1,0.8037291648654613
2025-11-03,2025-26,HOU,DAL,1,0.8069485295225858
2025-11-03,2025-26,MEM,DET,0,0.4001401277515486
2025-11-03,2025-26,DEN,SAC,1,0.7775666961432471
2025-11-03,2025-26,POR,LAL,0,0.5450974177893412
2025-11-03,2025-26,LAC,MIA,0,0.8448581227739356
2025-11-04,2025-26,TOR,MIL,1,0.5087353987185044
2025-11-04,2025-26,ATL,ORL,1,0.6372428091964771
2025-11-04,2025-26,CHI,PHI,1,0.7095439159442094
2025-11-04,2025-26,NOP,CHA,1,0.5458072105505214
2025-11-04,2025-26,GSW,PHX,1,0.8158715339699172
2025-11-04,2025-26,LAC,OKC,0,0.5191144462668479
2025-11-05,2025-26,CLE,PHI,1,0.738123388494245
2025-11-05,2025-26,DET,UTA,1,0.7202821429369264
2025-11-05,2025-26,IND,BKN,0,0.6221107547917312
2025-11-05,2025-26,BOS,WAS,1,0.8431311597791993
2025-11-05,2025-26,NYK,MIN,1,0.5348565467662606
2025-11-05,2025-26,MEM,HOU,0,0.36988082210645473
2025-11-05,2025-26,DAL,NOP,0,0.6315798950754328
2025-11-05,2025-26,DEN,MIA,1,0.697813104590501
2025-11-05,2025-26,LAL,SAS,1,0.698607552433127
2025-11-05,2025-26,POR,OKC,1,0.5026130160940591
2025-11-05,2025-26,SAC,GSW,1,0.46490700500361765
2025-11-06,2025-26,PHX,LAC,1,0.32351287692798686
2025-11-07,2025-26,ORL,BOS,1,0.5130336420883972
2025-11-07,2025-26,WAS,CLE,0,0.18444051221550284
2025-11-07,2025-26,ATL,TOR,0,0.6550521990514185
2025-11-07,2025-26,BKN,DET,0,0.3631960812005892
2025-11-07,2025-26,SAS,HOU,1,0.39061299478588385
2025-11-07,2025-26,MIA,CHA,1,0.7791597113659897
2025-11-07,2025-26,MEM,DAL,1,0.6121902440998742
2025-11-07,2025-26,MIL,CHI,1,0.5412724389535629
2025-11-07,2025-26,MIN,UTA,1,0.7902064401106373
2025-11-07,2025-26,DEN,GSW,1,0.7380589053824386
2025-11-07,2025-26,SAC,OKC,0,0.2718346626009301
2025-11-08,2025-26,WAS,DAL,0,0.4621353573085799
2025-11-08,2025-26,PHI,TOR,1,0.5492602138863882
2025-11-08,2025-26,ATL,LAL,1,0.43376765774591336
2025-11-08,2025-26,CLE,CHI,1,0.6536179081900226
2025-11-08,2025-26,MIA,POR,1,0.4073499795029292
2025-11-08,2025-26,SAS,NOP,1,0.6248443161429658
2025-11-08,2025-26,DEN,IND,1,0.8262674611089483
2025-11-08,2025-26,LAC,PHX,0,0.730264129112404
2025-11-09,2025-26,MIL,HOU,0,0.48494550348251053
2025-11-09,2025-26,NYK,BKN,1,0.8070637390522599
2025-11-09,2025-26,ORL,BOS,0,0.5322722830361739
2025-11-09,2025-26,MEM,OKC,0,0.27562441739160914
2025-11-09,2025-26,PHI,DET,0,0.4502933962259846
2025-11-09,2025-26,GSW,IND,1,0.8027608283150995
2025-11-09,2025-26,SAC,MIN,0,0.38000775534430625
2025-11-10,2025-26,CHA,LAL,0,0.33655472339907594
2025-11-10,2025-26,DET,WAS,1,0.8131928686895177
2025-11-10,2025-26,ORL,POR,1,0.3910659867269436
2025-11-10,2025-26,MIA,CLE,1,0.4737715032122477
2025-11-10,2025-26,CHI,SAS,0,0.6913829563359307
2025-11-10,2025-26,DAL,MIL,0,0.42467774526670327
2025-11-10,2025-26,PHX,NOP,1,0.6900207083710591
2025-11-10,2025-26,UTA,MIN,0,0.39967095683245457
2025-11-10,2025-26,LAC,ATL,0,0.6466821812434808
2025-11-11,2025-26,BKN,TOR,0,0.3431765788605346
2025-11-11,2025-26,NYK,MEM,1,0.7058645261599589
2025-11-11,2025-26,PHI,BOS,1,0.49300084099073227
2025-11-11,2025-26,OKC,GSW,1,0.7551108283601997
2025-11-11,2025-26,UTA,IND,1,0.5362674110602675
2025-11-11,2025-26,SAC,DEN,0,0.31645699236066643
2025-11-12,2025-26,CHA,MIL,1,0.3394520877079457
2025-11-12,2025-26,DET,CHI,1,0.5533912086430364
2025-11-12,2025-26,NYK,ORL,0,0.6439889209588285
2025-11-12,2025-26,BOS,MEM,1,0.6925614764099299
2025-11-12,2025-26,MIA,CLE,0,0.5077655392371866
2025-11-12,2025-26,HOU,WAS,1,0.8893998309359581
2025-11-12,2025-26,NOP,POR,0,0.2882703452470363
2025-11-12,2025-26,SAS,GSW,0,0.5711700269943376
2025-11-12,2025-26,DAL,PHX,0,0.4084396568035074
2025-11-12,2025-26,OKC,LAL,1,0.628000308941091
2025-11-12,2025-26,SAC,ATL,0,0.3597777686595484
2025-11-12,2025-26,LAC,DEN,0,0.5822682840952002
2025-11-13,2025-26,CLE,TOR,0,0.633673948876775
2025-11-13,2025-26,PHX,IND,1,0.6564512100883527
2025-11-13,2025-26,UTA,ATL,0,0.47697079015830635
2025-11-14,2025-26,NYK,MIA,1,0.5863685043124284
2025-11-14,2025-26,ORL,BKN,1,0.7880280826400572
2025-11-14,2025-26,DET,PHI,1,0.5866199995988304
2025-11-14,2025-26,HOU,POR,1,0.6744980627150178
2025-11-14,2025-26,MIL,CHA,1,0.6833700279518959
2025-11-14,2025-26,MIN,SAC,1,0.8028154768685758
2025-11-14,2025-26,NOP,LAL,0,0.25870430255411564
2025-11-14,2025-26,DAL,LAC,0,0.3129254661687295
2025-11-14,2025-26,SAS,GSW,0,0.464044121174076
2025-11-15,2025-26,CLE,MEM,1,0.763552677260271
2025-11-15,2025-26,CHA,OKC,0,0.15567319805864077
2025-11-15,2025-26,IND,TOR,0,0.3461111526215752
2025-11-15,2025-26,MIL,LAL,0,0.4687735832791441
2025-11-15,2025-26,MIN,DEN,0,0.48128813210259286
2025-11-16,2025-26,BOS,LAC,1,0.525360137253849
2025-11-16,2025-26,SAS,SAC,1,0.7267273720308572
2025-11-16,2025-26,WAS,BKN,0,0.4795535343302732
2025-11-16,2025-26,HOU,ORL,1,0.7238658872621336
2025-11-16,2025-26,NOP,GSW,0,0.21984134684845827
2025-11-16,2025-26,DAL,POR,1,0.3369599553386573
2025-11-16,2025-26,PHX,ATL,0,0.48454678718875727
2025-11-16,2025-26,UTA,CHI,1,0.38056676820681967
2025-11-17,2025-26,CLE,MIL,1,0.6643417375803637
2025-11-17,2025-26,DET,IND,1,0.745559474207271
2025-11-17,2025-26,PHI,LAC,1,0.5019984906140432
2025-11-17,2025-26,MIA,NYK,1,0.49961450751664066
2025-11-17,2025-26,TOR,CHA,1,0.7511194648654963
2025-11-17,2025-26,MIN,DAL,1,0.8623372843872069
2025-11-17,2025-26,NOP,OKC,0,0.106025274895831
2025-11-17,2025-26,DEN,CHI,0,0.8241364652730045
2025-11-18,2025-26,ORL,GSW,1,0.4560324473937625
2025-11-18,2025-26,BKN,BOS,0,0.2871687795439233
2025-11-18,2025-26,ATL,DET,0,0.7463528569561549
2025-11-18,2025-26,SAS,MEM,1,0.6102171563878012
2025-11-18,2025-26,LAL,UTA,1,0.7810441990360456
2025-11-18,2025-26,POR,PHX,0,0.559149863820355
2025-11-19,2025-26,CLE,HOU,0,0.5173188992438461
2025-11-19,2025-26,IND,CHA,1,0.4188954927768373
2025-11-19,2025-26,MIA,GSW,1,0.5295081385761958
2025-11-19,2025-26,PHI,TOR,0,0.5131463494109713
2025-11-19,2025-26,MIN,WAS,1,0.8710904298261071
2025-11-19,2025-26,NOP,DEN,0,0.197495236094411
2025-11-19,2025-26,OKC,SAC,1,0.8873868997093742
2025-11-19,2025-26,DAL,NYK,0,0.2752773205991867
2025-11-19,2025-26,POR,CHI,0,0.4202013700812537
2025-11-20,2025-26,ORL,LAC,1,0.5785586135529353
2025-11-20,2025-26,MEM,SAC,1,0.6955021641515549
2025-11-20,2025-26,MIL,PHI,0,0.7025039346373824
2025-11-20,2025-26,SAS,ATL,1,0.501646658694556
2025-11-21,2025-26,CLE,IND,1,0.810450527038999
2025-11-21,2025-26,BOS,BKN,0,0.8180657623710544
2025-11-21,2025-26,TOR,WAS,1,0.8294080269891179
2025-11-21,2025-26,CHI,MIA,0,0.5093435382806264
2025-11-21,2025-26,DAL,NOP,1,0.5535776410104187
2025-11-21,2025-26,PHX,MIN,1,0.48501140715155333
2025-11-21,2025-26,HOU,DEN,0,0.6274461319421638
2025-11-21,2025-26,UTA,OKC,0,0.19707565580878875
2025-11-21,2025-26,GSW,POR,0,0.5501325864035369
2025-11-22,2025-26,CHA,LAC,0,0.40282255838624587
2025-11-22,2025-26,ORL,NYK,1,0.5817234851665479
2025-11-22,2025-26,NOP,ATL,0,0.2513379022135247
2025-11-22,2025-26,CHI,WAS,1,0.8135770194687133
2025-11-22,2025-26,MIL,DET,0,0.4507947976856135
2025-11-22,2025-26,DAL,MEM,0,0.3666635135084166
2025-11-22,2025-26,DEN,SAC,0,0.8594995286025067
2025-11-23,2025-26,PHI,MIA,0,0.4082717964711183
2025-11-23,2025-26,ATL,CHA,1,0.7857993663723544
2025-11-23,2025-26,BOS,ORL,1,0.6356345660720857
2025-11-23,2025-26,CLE,LAC,1,0.6902698060851556
2025-11-23,2025-26,TOR,BKN,1,0.7407067196745925
2025-11-23,2025-26,OKC,POR,1,0.843644940425273
2025-11-23,2025-26,PHX,SAS,1,0.6183515457552489
2025-11-23,2025-26,UTA,LAL,0,0.2587293031395331
2025-11-24,2025-26,IND,DET,0,0.30063931844758296
2025-11-24,2025-26,TOR,CLE,1,0.5611995840018703
2025-11-24,2025-26,BKN,NYK,0,0.2817948750587974
2025-11-24,2025-26,MIA,DAL,1,0.7762771019794392
2025-11-24,2025-26,MEM,DEN,0,0.3483598048803319
2025-11-24,2025-26,MIL,POR,0,0.6149089836967011
2025-11-24,2025-26,NOP,CHI,1,0.32175856788529883
2025-11-24,2025-26,PHX,HOU,0,0.4161294495977004
2025-11-24,2025-26,GSW,UTA,1,0.8554749537697679
2025-11-24,2025-26,SAC,MIN,1,0.24842062871388426
2025-11-25,2025-26,WAS,ATL,1,0.21793186886662883
2025-11-25,2025-26,PHI,ORL,0,0.49286831402769826
2025-11-25,2025-26,LAL,LAC,1,0.7394469986033596
2025-11-26,2025-26,BOS,DET,1,0.5531674674281947
2025-11-26,2025-26,CHA,NYK,0,0.40486268603649145
2025-11-26,2025-26,MIA,MIL,1,0.6773891194993127
2025-11-26,2025-26,TOR,IND,1,0.7525422861319021
2025-11-26,2025-26,OKC,MIN,1,0.7456694965270251
2025-11-26,2025-26,NOP,MEM,0,0.42531636808593687
2025-11-26,2025-26,GSW,HOU,0,0.4487649609770558
2025-11-26,2025-26,POR,SAS,0,0.5696711656664679
2025-11-26,2025-26,SAC,PHX,0,0.39717116367508315
2025-11-28,2025-26,ATL,CLE,1,0.5387664837179748
2025-11-28,2025-26,BKN,PHI,0,0.4557363377549506
2025-11-28,2025-26,CHA,CHI,1,0.49930501632593843
2025-11-28,2025-26,DET,ORL,0,0.6552885530003673
2025-11-28,2025-26,IND,WAS,1,0.5659547907198664
2025-11-28,2025-26,NYK,MIL,1,0.7311385257078776
2025-11-28,2025-26,OKC,PHX,1,0.8209655881956255
2025-11-28,2025-26,DEN,SAS,0,0.7484148957483434
2025-11-28,2025-26,UTA,SAC,1,0.5305208492862498
2025-11-28,2025-26,LAL,DAL,1,0.842846191591704
2025-11-28,2025-26,LAC,MEM,0,0.6466695013927941
2025-11-29,2025-26,MIN,BOS,1,0.5865410446646145
2025-11-29,2025-26,CHA,TOR,1,0.32339743123190806
2025-11-29,2025-26,IND,CHI,1,0.36276574659136485
2025-11-29,2025-26,MIA,DET,0,0.6631386542086485
2025-11-29,2025-26,MIL,BKN,1,0.7422666311140207
2025-11-29,2025-26,GSW,NOP,1,0.802427541720944
2025-11-29,2025-26,PHX,DEN,0,0.5066999793281208
2025-11-29,2025-26,LAC,DAL,0,0.7527372362730104
2025-11-30,2025-26,UTA,HOU,0,0.2682886979593759
2025-11-30,2025-26,CLE,BOS,0,0.6782747592897319
2025-11-30,2025-26,NYK,TOR,1,0.8030251624596718
2025-11-30,2025-26,PHI,ATL,0,0.4615385000320492
2025-11-30,2025-26,POR,OKC,0,0.26634998691132045
2025-11-30,2025-26,MIN,SAS,1,0.5746788603530789
2025-11-30,2025-26,SAC,MEM,0,0.43112123538792674
2025-11-30,2025-26,LAL,NOP,1,0.9154844296237236
2025-12-01,2025-26,DET,ATL,1,0.7052178804552733
2025-12-01,2025-26,IND,CLE,0,0.4045107421377085
2025-12-01,2025-26,WAS,MIL,1,0.2566494279464192
2025-12-01,2025-26,BKN,CHA,1,0.44410040037732884
2025-12-01,2025-26,MIA,LAC,1,0.5942157449120969
2025-12-01,2025-26,ORL,CHI,1,0.734657252767613
2025-12-01,2025-26,DEN,DAL,0,0.8927741568719687
2025-12-01,2025-26,UTA,HOU,1,0.25119103142000215
2025-12-01,2025-26,LAL,PHX,0,0.7081244715944719
2025-12-02,2025-26,PHI,WAS,1,0.8017898641325066
2025-12-02,2025-26,TOR,POR,1,0.599715226898684
2025-12-02,2025-26,BOS,NYK,1,0.5683505570617181
2025-12-02,2025-26,NOP,MIN,0,0.23650706037966301
2025-12-02,2025-26,SAS,MEM,1,0.6885516349337867
2025-12-02,2025-26,GSW,OKC,0,0.33675395126511387
2025-12-03,2025-26,CLE,POR,0,0.756026762295486
2025-12-03,2025-26,IND,DEN,0,0.22749117222542234
2025-12-03,2025-26,ORL,SAS,0,0.6908532288155549
2025-12-03,2025-26,ATL,LAC,0,0.6087154013768974
2025-12-03,2025-26,NYK,CHA,1,0.8403161866091202
2025-12-03,2025-26,CHI,BKN,0,0.6758563428540466
2025-12-03,2025-26,HOU,SAC,1,0.8584706955341687
2025-12-03,2025-26,MIL,DET,1,0.41140294769140645
2025-12-03,2025-26,DAL,MIA,1,0.32711980797747536
2025-12-04,2025-26,PHI,GSW,1,0.4309798511263789
2025-12-04,2025-26,WAS,BOS,0,0.19916564901877876
2025-12-04,2025-26,BKN,UTA,0,0.39729663536490467
2025-12-04,2025-26,TOR,LAL,0,0.49649862518402516
2025-12-04,2025-26,NOP,MIN,0,0.24387829584487722
2025-12-05,2025-26,BOS,LAL,1,0.6679196977592682
2025-12-05,2025-26,ORL,MIA,1,0.6128351299729018
2025-12-05,2025-26,ATL,DEN,0,0.4109086874787203
2025-12-05,2025-26,CLE,SAS,1,0.5412380387478695
2025-12-05,2025-26,DET,POR,1,0.7117264594536176
2025-12-05,2025-26,NYK,UTA,1,0.8694622376902461
2025-12-05,2025-26,TOR,CHA,0,0.7255596757005197
2025-12-05,2025-26,CHI,IND,0,0.573059691935784
2025-12-05,2025-26,HOU,PHX,1,0.7238525895846669
2025-12-05,2025-26,MEM,LAC,1,0.5157257381079414
2025-12-05,2025-26,MIL,PHI,0,0.6994776545121584
2025-12-05,2025-26,OKC,DAL,1,0.8570870780426565
2025-12-06,2025-26,BKN,NOP,1,0.53663147543517
2025-12-06,2025-26,WAS,ATL,0,0.3385930413235265
2025-12-06,2025-26,CLE,GSW,0,0.5636823032978381
2025-12-06,2025-26,DET,MIL,1,0.7759764180788555
2025-12-06,2025-26,MIA,SAC,0,0.7131329594409549
2025-12-06,2025-26,MIN,LAC,1,0.7531320988707986
2025-12-06,2025-26,DAL,HOU,1,0.2591036563543493
2025-12-07,2025-26,NYK,ORL,1,0.6773755679565274
2025-12-07,2025-26,TOR,BOS,0,0.4043834151272574
2025-12-07,2025-26,CHA,DEN,0,0.2237561857512837
2025-12-07,2025-26,MEM,POR,1,0.5641599593452477
2025-12-07,2025-26,CHI,GSW,0,0.6001801013162537
2025-12-07,2025-26,PHI,LAL,0,0.505146716990296
2025-12-07,2025-26,UTA,OKC,0,0.21840513986991264
2025-12-08,2025-26,IND,SAC,1,0.5338265322618396
2025-12-08,2025-26,MIN,PHX,0,0.6678010902168016
2025-12-08,2025-26,NOP,SAS,0,0.2673643191759706
2025-12-09,2025-26,ORL,MIA,1,0.5683551903308627
2025-12-09,2025-26,TOR,NYK,0,0.43934835652441084
2025-12-10,2025-26,OKC,PHX,1,0.7462474992809605
2025-12-10,2025-26,LAL,SAS,0,0.7261754581399169
2025-12-11,2025-26,HOU,LAC,1,0.6902660021406963
2025-12-11,2025-26,MIL,BOS,1,0.32154845349979616
2025-12-11,2025-26,NOP,POR,1,0.35943051285133143
2025-12-11,2025-26,SAC,DEN,0,0.22664349828547953
2025-12-12,2025-26,CHA,CHI,0,0.4825739009887529
2025-12-12,2025-26,DET,ATL,1,0.6504263577173257
2025-12-12,2025-26,PHI,IND,1,0.6059732918273216
2025-12-12,2025-26,WAS,CLE,0,0.20453291317168576
2025-12-12,2025-26,MEM,UTA,0,0.7343068151501408
2025-12-12,2025-26,DAL,BKN,1,0.619198763475002
2025-12-12,2025-26,GSW,MIN,0,0.4946312775527122
2025-12-14,2025-26,IND,WAS,0,0.7251806753330718
2025-12-14,2025-26,ATL,PHI,1,0.5872584286889568
2025-12-14,2025-26,CLE,CHA,0,0.794518602877518
2025-12-14,2025-26,BKN,MIL,1,0.44107276725837374
2025-12-14,2025-26,MIN,SAC,1,0.793892554960819
2025-12-14,2025-26,POR,GSW,1,0.34498871559069083
2025-12-14,2025-26,CHI,NOP,0,0.690695397792062
2025-12-14,2025-26,PHX,LAL,0,0.4468185350315903
2025-12-15,2025-26,BOS,DET,0,0.6468993721714327
2025-12-15,2025-26,UTA,DAL,1,0.48163736894544723
2025-12-15,2025-26,DEN,HOU,1,0.6044053111984758
2025-12-15,2025-26,LAC,MEM,0,0.7026529713324814
2025-12-15,2025-26,MIA,TOR,0,0.6655774047091125
2025-12-17,2025-26,CHI,CLE,1,0.5099235789190736
2025-12-17,2025-26,MIN,MEM,0,0.7448332474145799
2025-12-18,2025-26,OKC,LAC,1,0.824680940543267
2025-12-18,2025-26,SAS,WAS,1,0.840643959774997
2025-12-18,2025-26,CHA,ATL,1,0.38186460992084675
2025-12-18,2025-26,IND,NYK,0,0.2779569320096698
2025-12-18,2025-26,BKN,MIA,0,0.3630474912312801
2025-12-18,2025-26,MIL,TOR,0,0.5112857151564493
2025-12-18,2025-26,NOP,HOU,1,0.20489217254016667
2025-12-18,2025-26,DAL,DET,1,0.31132765180584365
2025-12-18,2025-26,DEN,ORL,1,0.751417843577795
2025-12-18,2025-26,PHX,GSW,1,0.523683349020112
2025-12-18,2025-26,UTA,LAL,0,0.22481468220724948
2025-12-18,2025-26,POR,SAC,1,0.6479076071710008
2025-12-19,2025-26,BOS,MIA,1,0.7192369898909943
2025-12-19,2025-26,NYK,PHI,0,0.6652841578216722
2025-12-19,2025-26,ATL,SAS,0,0.47222289586718436
2025-12-19,2025-26,CLE,CHI,0,0.6131970402068833
2025-12-19,2025-26,MIN,OKC,1,0.4438220602514626
2025-12-20,2025-26,DEN,HOU,0,0.6318115925852582
2025-12-20,2025-26,PHI,DAL,1,0.47074266863017156
2025-12-20,2025-26,TOR,BOS,0,0.5107185306521734
2025-12-20,2025-26,NOP,IND,1,0.52008244889552
2025-12-20,2025-26,DET,CHA,1,0.7960466548515239
2025-12-20,2025-26,MEM,WAS,0,0.8156559966197617
2025-12-20,2025-26,GSW,PHX,1,0.5700733103675475
2025-12-20,2025-26,UTA,ORL,0,0.35258298003391614
2025-12-20,2025-26,SAC,POR,0,0.3721327345302211
2025-12-20,2025-26,LAC,LAL,1,0.41826973049682153
2025-12-21,2025-26,ATL,CHI,0,0.5539448458202163
2025-12-21,2025-26,BKN,TOR,1,0.5630086061802136
2025-12-21,2025-26,NYK,MIA,1,0.7229485295658701
2025-12-21,2025-26,WAS,SAS,0,0.178836168035174
2025-12-21,2025-26,MIN,MIL,1,0.7750075325665096
2025-12-21,2025-26,SAC,HOU,1,0.18655977187433276
2025-12-22,2025-26,CLE,CHA,1,0.627833278346483
2025-12-22,2025-26,BOS,IND,1,0.846410622475612
2025-12-22,2025-26,NOP,DAL,1,0.4330197896153623
2025-12-22,2025-26,DEN,UTA,1,0.8794602403253813
2025-12-22,2025-26,OKC,MEM,1,0.8587235289976419
2025-12-22,2025-26,GSW,ORL,1,0.6623011810639249
2025-12-22,2025-26,POR,DET,0,0.38269665052680346
2025-12-23,2025-26,CHA,WAS,1,0.5890890696017623
2025-12-23,2025-26,PHI,BKN,0,0.6391521843104919
2025-12-23,2025-26,ATL,CHI,0,0.526388126861612
2025-12-23,2025-26,CLE,NOP,1,0.6979584176921165
2025-12-23,2025-26,IND,MIL,0,0.3684900199223644
2025-12-23,2025-26,MIA,TOR,0,0.6539190967143813
2025-12-23,2025-26,DAL,DEN,1,0.31619953449502236
2025-12-23,2025-26,MIN,NYK,1,0.5766029087961388
2025-12-23,2025-26,SAS,OKC,1,0.5038042046513442
2025-12-23,2025-26,PHX,LAL,1,0.5837078424501658
2025-12-23,2025-26,UTA,MEM,0,0.4618861244074983
2025-12-23,2025-26,POR,ORL,0,0.5211417366134087
2025-12-23,2025-26,SAC,DET,0,0.3272910451990112
2025-12-23,2025-26,LAC,HOU,1,0.4326730948524787
2025-12-25,2025-26,NYK,CLE,1,0.6346359846477647
2025-12-25,2025-26,OKC,SAS,0,0.7391181196507554
2025-12-25,2025-26,GSW,DAL,1,0.6788790318028765
2025-12-25,2025-26,LAL,HOU,0,0.43548130124128354
2025-12-25,2025-26,DEN,MIN,1,0.6247012459974867
2025-12-26,2025-26,ATL,MIA,0,0.45148460887713054
2025-12-26,2025-26,ORL,CHA,0,0.6336132692736991
2025-12-26,2025-26,WAS,TOR,1,0.3170295940661287
2025-12-26,2025-26,IND,BOS,0,0.2490770406705955
2025-12-26,2025-26,CHI,PHI,1,0.5819494505461102
2025-12-26,2025-26,MEM,MIL,1,0.6170112060959391
2025-12-26,2025-26,NOP,PHX,0,0.2831487572059387
2025-12-26,2025-26,UTA,DET,1,0.22102843480115775
2025-12-26,2025-26,POR,LAC,0,0.3782202106281572
2025-12-27,2025-26,SAC,DAL,1,0.38189664233994786
2025-12-27,2025-26,ORL,DEN,1,0.2651292622148265
2025-12-27,2025-26,NOP,PHX,0,0.3093308188301171
2025-12-27,2025-26,ATL,NYK,0,0.28873949122169723
2025-12-27,2025-26,MIA,IND,1,0.7319709363518153
2025-12-27,2025-26,CHI,MIL,0,0.6877323920535792
2025-12-27,2025-26,HOU,CLE,1,0.7064973000589285
2025-12-27,2025-26,MIN,BKN,0,0.7664865463353896
2025-12-27,2025-26,SAS,UTA,0,0.844013938037172
2025-12-28,2025-26,TOR,GSW,1,0.35386149800430516
2025-12-28,2025-26,OKC,PHI,1,0.8151543448604075
2025-12-28,2025-26,WAS,MEM,1,0.2848457893781775
2025-12-28,2025-26,POR,BOS,1,0.3839124829433914
2025-12-28,2025-26,LAC,DET,1,0.5561094127440877
2025-12-28,2025-26,LAL,SAC,1,0.8431476263331025
2025-12-29,2025-26,CHA,MIL,0,0.445841338840464
2025-12-29,2025-26,WAS,PHX,0,0.21808243178723422
2025-12-29,2025-26,BKN,GSW,0,0.460855108396935
2025-12-29,2025-26,MIA,DEN,1,0.38752819901901886
2025-12-29,2025-26,TOR,ORL,1,0.5210532745745551
2025-12-29,2025-26,CHI,MIN,0,0.4752129730167072
2025-12-29,2025-26,HOU,IND,1,0.8773376760669389
2025-12-29,2025-26,NOP,NYK,0,0.2695938742916696
2025-12-29,2025-26,OKC,ATL,1,0.8338904938180728
2025-12-29,2025-26,SAS,CLE,0,0.6591551141085261
2025-12-29,2025-26,POR,DAL,1,0.4609222891338492
2025-12-30,2025-26,MEM,PHI,0,0.5415666083580939
2025-12-30,2025-26,UTA,BOS,0,0.34964311863301495
2025-12-30,2025-26,LAL,DET,0,0.522238393581957
2025-12-30,2025-26,LAC,SAC,1,0.8416827012744891
2025-12-31,2025-26,CHA,GSW,0,0.30655545967152775
2025-12-31,2025-26,ATL,MIN,1,0.3818782995008122
2025-12-31,2025-26,IND,ORL,0,0.37323872418423815
2025-12-31,2025-26,CLE,PHX,1,0.6088265320110018
2025-12-31,2025-26,CHI,NOP,1,0.6167396891720532
2025-12-31,2025-26,SAS,NYK,1,0.6061243637603433
2025-12-31,2025-26,TOR,DEN,0,0.40323303340255867
2025-12-31,2025-26,MIL,WAS,0,0.7893706267635022
2025-12-31,2025-26,OKC,POR,1,0.8540044883536134
2026-01-01,2025-26,BKN,HOU,0,0.30259823855878776
2026-01-01,2025-26,DET,MIA,0,0.6190014394699368
2026-01-01,2025-26,DAL,PHI,0,0.4033442017498129
2026-01-01,2025-26,SAC,BOS,0,0.2569614986490172
2026-01-01,2025-26,LAC,UTA,1,0.7862242209467597
2026-01-02,2025-26,IND,SAS,0,0.2581274172167488
2026-01-02,2025-26,WAS,BKN,1,0.6002263030232756
2026-01-02,2025-26,CLE,DEN,1,0.5892766782295081
2026-01-02,2025-26,NYK,ATL,0,0.732295197859437
2026-01-02,2025-26,CHI,ORL,1,0.4785528461568497
2026-01-02,2025-26,MIL,CHA,1,0.644893351188462
2026-01-02,2025-26,NOP,POR,0,0.4515832123140941
2026-01-02,2025-26,PHX,SAC,1,0.8323880879333939
2026-01-02,2025-26,GSW,OKC,0,0.38392829772480913
2026-01-02,2025-26,LAL,MEM,1,0.583687787169139
2026-01-03,2025-26,MIA,MIN,0,0.5357819249017273
2026-01-03,2025-26,NYK,PHI,0,0.5906555888545809
2026-01-03,2025-26,TOR,ATL,1,0.641475358164641
2026-01-03,2025-26,CHI,CHA,0,0.6619453131191019
2026-01-03,2025-26,SAS,POR,0,0.79388706121609
2026-01-03,2025-26,DAL,HOU,1,0.2776094140537781
2026-01-03,2025-26,GSW,UTA,1,0.6595476321811967
2026-01-03,2025-26,LAC,BOS,0,0.6096744549324351
2026-01-04,2025-26,CLE,DET,0,0.48910262402411303
2026-01-04,2025-26,ORL,IND,1,0.6675061792328594
2026-01-04,2025-26,BKN,DEN,1,0.30887044494671656
2026-01-04,2025-26,MIA,NOP,1,0.7077448468614517
2026-01-04,2025-26,WAS,MIN,0,0.30537613840999833
2026-01-04,2025-26,PHX,OKC,1,0.3375126681710921
2026-01-04,2025-26,SAC,MIL,0,0.34363150321002023
2026-01-04,2025-26,LAL,MEM,1,0.601381941893642
2026-01-05,2025-26,DET,NYK,1,0.4852423156409644
2026-01-05,2025-26,BOS,CHI,1,0.7949057092545331
2026-01-05,2025-26,TOR,ATL,1,0.5853338202539418
2026-01-05,2025-26,HOU,PHX,1,0.7770242937681237
2026-01-05,2025-26,OKC,CHA,0,0.8101896796239872
2026-01-05,2025-26,PHI,DEN,0,0.6073498062285798
2026-01-05,2025-26,LAC,GSW,1,0.5202966985541015
2026-01-05,2025-26,POR,UTA,1,0.605156469490935
2026-01-06,2025-26,IND,CLE,0,0.2747154563701375
2026-01-06,2025-26,WAS,ORL,1,0.305087685178129
2026-01-06,2025-26,MEM,SAS,1,0.46009346464322864
2026-01-06,2025-26,MIN,MIA,1,0.5761213512426535
2026-01-06,2025-26,NOP,LAL,0,0.29770412101286975
2026-01-06,2025-26,SAC,DAL,0,0.3624824976536866
2026-01-07,2025-26,CHA,TOR,0,0.5160627294851191
2026-01-07,2025-26,DET,CHI,1,0.7281716436791066
2026-01-07,2025-26,PHI,WAS,1,0.8013537512634196
2026-01-07,2025-26,ATL,NOP,1,0.7334041214924768
2026-01-07,2025-26,BOS,DEN,0,0.720813763895779
2026-01-07,2025-26,BKN,ORL,0,0.6325185217549384
2026-01-07,2025-26,NYK,LAC,1,0.5733603052817601
2026-01-07,2025-26,SAS,LAL,1,0.7044303494693633
2026-01-07,2025-26,MEM,PHX,0,0.38577477698221985
2026-01-07,2025-26,OKC,UTA,1,0.8750137719587668
2026-01-07,2025-26,GSW,MIL,1,0.7217656390393226
2026-01-07,2025-26,POR,HOU,1,0.34829779299960095
2026-01-08,2025-26,CHA,IND,0,0.5985652573819465
2026-01-08,2025-26,MIN,CLE,1,0.5586334731405632
2026-01-08,2025-26,UTA,DAL,1,0.4269969461757785
2026-01-09,2025-26,BOS,TOR,1,0.7210463748005359
2026-01-09,2025-26,ORL,PHI,0,0.4929672106635948
2026-01-09,2025-26,WAS,NOP,0,0.43003420344099064
2026-01-09,2025-26,BKN,LAC,0,0.385074675962325
2026-01-09,2025-26,MEM,OKC,0,0.23729656860713255
2026-01-09,2025-26,DEN,ATL,0,0.6310788151267651
2026-01-09,2025-26,PHX,NYK,1,0.5126284754127387
2026-01-09,2025-26,GSW,SAC,1,0.8488047229028407
2026-01-09,2025-26,POR,HOU,1,0.40584671080059265
2026-01-09,2025-26,LAL,MIL,0,0.61628092065882
2026-01-10,2025-26,CLE,MIN,1,0.5369565289722215
2026-01-10,2025-26,IND,MIA,1,0.28513447672375936
2026-01-10,2025-26,DET,LAC,0,0.6619377585160564
2026-01-10,2025-26,BOS,SAS,0,0.6088304865168983
2026-01-10,2025-26,CHI,DAL,1,0.5707140361874494
2026-01-10,2025-26,UTA,CHA,0,0.4763265146143405
2026-01-11,2025-26,ORL,NOP,1,0.6529647564649906
2026-01-11,2025-26,MEM,BKN,1,0.5773527257142924
2026-01-11,2025-26,TOR,PHI,1,0.3803729716126663
2026-01-11,2025-26,POR,NYK,0,0.463032278839293
2026-01-11,2025-26,MIN,SAS,1,0.5919352050951657
2026-01-11,2025-26,OKC,MIA,1,0.8245741265578049
2026-01-11,2025-26,DEN,MIL,1,0.695954619142025
2026-01-11,2025-26,PHX,WAS,1,0.8632585859755361
2026-01-11,2025-26,GSW,ATL,0,0.6568433634762783
2026-01-11,2025-26,SAC,HOU,1,0.18810408432223236
2026-01-12,2025-26,CLE,UTA,0,0.8453094865448922
2026-01-12,2025-26,IND,BOS,1,0.28140934954045504
2026-01-12,2025-26,TOR,PHI,0,0.4767090524740009
2026-01-12,2025-26,DAL,BKN,1,0.6451663123836484
2026-01-12,2025-26,SAC,LAL,1,0.23605776242943535
2026-01-12,2025-26,LAC,CHA,1,0.7029713806721936
2026-01-13,2025-26,MIA,PHX,1,0.42808388709504575
2026-01-13,2025-26,HOU,CHI,1,0.843335416963498
2026-01-13,2025-26,MIL,MIN,0,0.4127249903495226
2026-01-13,2025-26,NOP,DEN,0,0.2346006834332184
2026-01-13,2025-26,OKC,SAS,1,0.7229656789453203
2026-01-13,2025-26,LAL,ATL,1,0.4662887128298267
2026-01-13,2025-26,GSW,POR,1,0.6702086568579666
2026-01-14,2025-26,IND,TOR,0,0.4418666376399385
2026-01-14,2025-26,PHI,CLE,0,0.4584184248722837
2026-01-14,2025-26,CHI,UTA,1,0.5424727682372775
2026-01-14,2025-26,NOP,BKN,1,0.3606290862764133
2026-01-14,2025-26,DAL,DEN,0,0.3893169509788635
2026-01-14,2025-26,SAC,NYK,1,0.20622406522602213
2026-01-14,2025-26,LAC,WAS,1,0.8486981189306486
2026-01-15,2025-26,DET,PHX,1,0.5960091619168956
2026-01-15,2025-26,MIA,BOS,0,0.41780246964593576
2026-01-15,2025-26,HOU,OKC,0,0.4687533013659732
2026-01-15,2025-26,SAS,MIL,1,0.7600686506633272
2026-01-15,2025-26,DAL,UTA,1,0.7078850641272909
2026-01-15,2025-26,GSW,NYK,1,0.6613571741654672
2026-01-15,2025-26,POR,ATL,1,0.5591582636568171
2026-01-15,2025-26,LAL,CHA,0,0.6320330654564325
2026-01-16,2025-26,BKN,CHI,1,0.48988093903500163
2026-01-16,2025-26,IND,NOP,1,0.5495267755078701
2026-01-16,2025-26,PHI,CLE,0,0.477799338076941
2026-01-16,2025-26,TOR,LAC,0,0.349187665334573
2026-01-16,2025-26,HOU,MIN,1,0.6017818415545897
2026-01-16,2025-26,SAC,WAS,1,0.6548622047514563
2026-01-17,2025-26,DAL,UTA,1,0.6459711166684904
2026-01-17,2025-26,ATL,BOS,0,0.40390341085486303
2026-01-17,2025-26,DET,IND,1,0.8556520515542838
2026-01-17,2025-26,NYK,PHX,0,0.60902026427019
2026-01-17,2025-26,MIA,OKC,1,0.2538832321475391
2026-01-17,2025-26,SAS,MIN,1,0.651972309937394
2026-01-17,2025-26,GSW,CHA,1,0.7270135255158134
2026-01-17,2025-26,DEN,WAS,1,0.8805758727451604
2026-01-17,2025-26,POR,LAL,1,0.5892765783195476
2026-01-18,2025-26,CHI,BKN,1,0.5607896299609187
2026-01-18,2025-26,HOU,NOP,1,0.8530444733109724
2026-01-18,2025-26,DEN,CHA,0,0.6921905886595745
2026-01-18,2025-26,SAC,POR,0,0.5060061518398364
2026-01-18,2025-26,LAL,TOR,1,0.5551612032181011
2026-01-19,2025-26,ATL,MIL,0,0.5322963002929216
2026-01-19,2025-26,CLE,OKC,0,0.3361515340319884
2026-01-19,2025-26,NYK,DAL,0,0.8010679372054038
2026-01-19,2025-26,DET,BOS,1,0.627487988843965
2026-01-19,2025-26,WAS,LAC,0,0.2423276708885634
2026-01-19,2025-26,PHI,IND,1,0.780130275768878
2026-01-19,2025-26,BKN,PHX,0,0.19298210984058628
2026-01-19,2025-26,SAS,UTA,1,0.8822061586912879
2026-01-19,2025-26,GSW,MIA,1,0.6383116943943826
2026-01-20,2025-26,PHI,PHX,0,0.49809509119461287
2026-01-20,2025-26,CHI,LAC,1,0.5150156646790446
2026-01-20,2025-26,HOU,SAS,1,0.7444292813753717
2026-01-20,2025-26,UTA,MIN,1,0.20427572076065886
2026-01-20,2025-26,DEN,LAL,0,0.5760132266037367
2026-01-20,2025-26,GSW,TOR,0,0.716856439982077
2026-01-20,2025-26,SAC,MIA,0,0.43506966406669517
2026-01-21,2025-26,CHA,CLE,0,0.48863398258761004
2026-01-21,2025-26,BOS,IND,1,0.8396469762713838
2026-01-21,2025-26,NYK,BKN,1,0.7278852674032701
2026-01-21,2025-26,MEM,ATL,0,0.5199629531705185
2026-01-21,2025-26,NOP,DET,0,0.1766585067003545
2026-01-21,2025-26,MIL,OKC,0,0.22785867788479294
2026-01-21,2025-26,SAC,TOR,0,0.4636523593009749
2026-01-22,2025-26,ORL,CHA,0,0.6381750309486891
2026-01-22,2025-26,PHI,HOU,1,0.44132490911704414
2026-01-22,2025-26,WAS,DEN,0,0.26013459485311846
2026-01-22,2025-26,DAL,GSW,1,0.342574958498539
2026-01-22,2025-26,MIN,CHI,0,0.7311419619224709
2026-01-22,2025-26,UTA,SAS,0,0.27191831776033765
2026-01-22,2025-26,LAC,LAL,1,0.49315927499981693
2026-01-22,2025-26,POR,MIA,1,0.5251804823533799
2026-01-23,2025-26,DET,HOU,0,0.6924158391084102
2026-01-23,2025-26,ATL,PHX,1,0.38375218232516856
2026-01-23,2025-26,BKN,BOS,0,0.2612556311228729
2026-01-23,2025-26,CLE,SAC,1,0.8121149683203873
2026-01-23,2025-26,MEM,NOP,0,0.6482756909915329
2026-01-23,2025-26,MIL,DEN,0,0.48876698269585006
2026-01-23,2025-26,OKC,IND,0,0.8954576597991039
2026-01-23,2025-26,POR,TOR,0,0.5785342110451538
2026-01-24,2025-26,PHI,NYK,0,0.5910309160274646
2026-01-24,2025-26,CHA,WAS,1,0.7554220745894459
2026-01-24,2025-26,ORL,CLE,0,0.4432546910054273
2026-01-24,2025-26,CHI,BOS,1,0.5797212612676502
2026-01-24,2025-26,DAL,LAL,0,0.36142137957444437
2026-01-24,2025-26,UTA,MIA,0,0.34259549970336434
2026-01-25,2025-26,MIN,GSW,0,0.5886993416486074
2026-01-25,2025-26,DET,SAC,1,0.8291627221482412
2026-01-25,2025-26,OKC,TOR,0,0.8031455509721881
2026-01-25,2025-26,SAS,NOP,0,0.7477271304440456
2026-01-25,2025-26,PHX,MIA,0,0.720676337030776
2026-01-25,2025-26,LAC,BKN,1,0.7591749983999442
2026-01-26,2025-26,CHA,PHI,1,0.5150779028141231
2026-01-26,2025-26,CLE,ORL,1,0.6796447655543106
2026-01-26,2025-26,ATL,IND,1,0.6144600554200081
2026-01-26,2025-26,BOS,POR,1,0.7283928981609098
2026-01-26,2025-26,CHI,LAL,0,0.484095704912542
2026-01-26,2025-26,HOU,MEM,1,0.7905680269623911
2026-01-26,2025-26,MIN,GSW,1,0.5797564793479268
2026-01-27,2025-26,WAS,POR,1,0.28373815721236856
2026-01-27,2025-26,NYK,SAC,1,0.7911392760759963
2026-01-27,2025-26,PHI,MIL,1,0.525013134479201
2026-01-27,2025-26,OKC,NOP,1,0.8669987013712896
2026-01-27,2025-26,DEN,DET,0,0.45564537358329904
2026-01-27,2025-26,PHX,BKN,1,0.7032091978112361
2026-01-27,2025-26,UTA,LAC,0,0.23608212090081937
2026-01-28,2025-26,CLE,LAL,1,0.6028934064544629
2026-01-28,2025-26,IND,CHI,1,0.37811332546615556
2026-01-28,2025-26,BOS,ATL,0,0.7191891003343394
2026-01-28,2025-26,MIA,ORL,0,0.6376859436100755
2026-01-28,2025-26,TOR,NYK,0,0.6443996991010108
2026-01-28,2025-26,MEM,CHA,0,0.5135336463138443
2026-01-28,2025-26,DAL,MIN,0,0.3242208962537491
2026-01-28,2025-26,UTA,GSW,0,0.35488086690899634
2026-01-28,2025-26,HOU,SAS,0,0.6630862836182286
2026-01-29,2025-26,CHI,MIA,0,0.5535627834442391
2026-01-29,2025-26,PHI,SAC,1,0.7432030504974604
2026-01-29,2025-26,WAS,MIL,1,0.34348586063001346
2026-01-29,2025-26,ATL,HOU,0,0.4380392058156704
2026-01-29,2025-26,DAL,CHA,0,0.4854303030033432
2026-01-29,2025-26,DEN,BKN,1,0.705300566467411
2026-01-29,2025-26,PHX,DET,1,0.4445594507959797
2026-01-29,2025-26,MIN,OKC,1,0.34477622995246837
2026-01-30,2025-26,ORL,TOR,1,0.5013179999041704
2026-01-30,2025-26,WAS,LAL,0,0.19531634600008646
2026-01-30,2025-26,BOS,SAC,1,0.8759187966045051
2026-01-30,2025-26,NYK,POR,1,0.6892434705877056
2026-01-30,2025-26,NOP,MEM,1,0.5243293235685726
2026-01-30,2025-26,PHX,CLE,1,0.40922470653360554
2026-01-30,2025-26,UTA,BKN,0,0.6316664680647223
2026-01-30,2025-26,DEN,LAC,1,0.42362906258945116
2026-01-30,2025-26,GSW,DET,0,0.6182387448747972
2026-01-31,2025-26,MIA,CHI,0,0.621459164281088
2026-01-31,2025-26,CHA,SAS,1,0.5778013333851496
2026-01-31,2025-26,IND,ATL,1,0.35235438811376724
2026-01-31,2025-26,PHI,NOP,1,0.7598368139151829
2026-01-31,2025-26,MEM,MIN,0,0.2772579635303087
2026-01-31,2025-26,HOU,DAL,1,0.7956534811294493
2026-02-01,2025-26,BOS,MIL,1,0.8188403147720484
2026-02-01,2025-26,SAS,ORL,1,0.6105407682477271
2026-02-01,2025-26,DET,BKN,1,0.8615009880477495
2026-02-01,2025-26,MIA,CHI,1,0.6104363259355888
2026-02-01,2025-26,TOR,UTA,1,0.8014722729883922
2026-02-01,2025-26,WAS,SAC,1,0.3132150140360891
2026-02-01,2025-26,NYK,LAL,1,0.6337657773625773
2026-02-01,2025-26,PHX,LAC,0,0.5459454795544224
2026-02-01,2025-26,POR,CLE,0,0.44635798962011075
2026-02-01,2025-26,DEN,OKC,0,0.3646887597142122
2026-02-02,2025-26,CHA,NOP,1,0.7481790097924172
2026-02-02,2025-26,IND,HOU,0,0.26767677186751027
2026-02-02,2025-26,MEM,MIN,1,0.28054032960573627
2026-02-02,2025-26,LAC,PHI,0,0.5042156400621804
2026-02-03,2025-26,DET,DEN,1,0.6398782029414615
2026-02-03,2025-26,IND,UTA,0,0.42335476493496876
2026-02-03,2025-26,WAS,NYK,0,0.18867436591465483
2026-02-03,2025-26,BKN,LAL,0,0.27803630479745045
2026-02-03,2025-26,MIA,ATL,0,0.5286645214217872
2026-02-03,2025-26,DAL,BOS,0,0.3346957897582681
2026-02-03,2025-26,MIL,CHI,1,0.5022304003188663
2026-02-03,2025-26,OKC,ORL,1,0.81970327165583
2026-02-03,2025-26,GSW,PHI,0,0.6633446686680005
2026-02-03,2025-26,POR,PHX,0,0.40503564981209017
2026-02-04,2025-26,NYK,DEN,1,0.5616161801813814
2026-02-04,2025-26,TOR,MIN,0,0.39744895611845205
2026-02-04,2025-26,HOU,BOS,0,0.6713293808014089
2026-02-04,2025-26,MIL,NOP,1,0.4117217626457519
2026-02-04,2025-26,SAS,OKC,1,0.4697390019942088
2026-02-04,2025-26,SAC,MEM,0,0.4339877995663383
2026-02-04,2025-26,LAC,CLE,0,0.4970979531805992
2026-02-05,2025-26,DET,WAS,0,0.8884088878338751
2026-02-05,2025-26,ORL,BKN,1,0.6429281450709007
2026-02-05,2025-26,ATL,UTA,1,0.6521550517927777
2026-02-05,2025-26,TOR,CHI,1,0.6444607201122982
2026-02-05,2025-26,HOU,CHA,0,0.5670379673742271
2026-02-05,2025-26,DAL,SAS,0,0.4045227670176583
2026-02-05,2025-26,PHX,GSW,0,0.575337458644515
2026-02-05,2025-26,LAL,PHI,1,0.6125938079394943
2026-02-06,2025-26,BOS,MIA,1,0.7775294186702244
2026-02-06,2025-26,DET,NYK,1,0.6184918648144465
2026-02-06,2025-26,MIL,IND,1,0.7030300971877519
2026-02-06,2025-26,MIN,NOP,0,0.733518767264443
2026-02-06,2025-26,POR,MEM,1,0.591103651688406
2026-02-06,2025-26,SAC,LAC,0,0.36730605281360035
2026-02-07,2025-26,BKN,WAS,1,0.6241300218454432
2026-02-07,2025-26,OKC,HOU,0,0.7121671843569526
2026-02-07,2025-26,SAS,DAL,1,0.7773970974039109
2026-02-07,2025-26,ORL,UTA,1,0.6628460129124883
2026-02-07,2025-26,ATL,CHA,0,0.41020496606808066
2026-02-07,2025-26,CHI,DEN,0,0.31014840182073206
2026-02-07,2025-26,LAL,GSW,1,0.604854018745911
2026-02-07,2025-26,PHX,PHI,0,0.5046445551342814
2026-02-07,2025-26,POR,MEM,1,0.7398842081057564
2026-02-07,2025-26,SAC,CLE,0,0.2063090579570896
2026-02-08,2025-26,BOS,NYK,0,0.740196556724162
2026-02-08,2025-26,WAS,MIA,0,0.22196897628621295
2026-02-08,2025-26,TOR,IND,1,0.6394225700073227
2026-02-08,2025-26,MIN,LAC,0,0.5958852495885519
2026-02-09,2025-26,CHA,DET,0,0.5145788292359824
2026-02-09,2025-26,BKN,CHI,1,0.47722228871779293
2026-02-09,2025-26,MIA,UTA,0,0.6335130275251054
2026-02-09,2025-26,ORL,MIL,1,0.5927144221126154
2026-02-09,2025-26,MIN,ATL,1,0.5572619264433545
2026-02-09,2025-26,NOP,SAC,1,0.5683403677661436
2026-02-09,2025-26,DEN,CLE,0,0.5613385211467204
2026-02-09,2025-26,GSW,MEM,1,0.770694085372288
2026-02-09,2025-26,LAL,OKC,0,0.502614712864065
2026-02-09,2025-26,POR,PHI,1,0.406752435730505
2026-02-10,2025-26,NYK,IND,0,0.7407819859775541
2026-02-10,2025-26,HOU,LAC,1,0.6643864509827178
2026-02-10,2025-26,PHX,DAL,1,0.8047912834790538
2026-02-10,2025-26,LAL,SAS,0,0.5313967626117557
2026-02-11,2025-26,CHA,ATL,1,0.7725526618524736
2026-02-11,2025-26,CLE,WAS,1,0.8698024947190267
2026-02-11,2025-26,ORL,MIL,0,0.6902109113813015
2026-02-11,2025-26,BOS,CHI,1,0.7915004843202608
2026-02-11,2025-26,BKN,IND,0,0.42698548191604824
2026-02-11,2025-26,PHI,NYK,0,0.6171208219700485
2026-02-11,2025-26,TOR,DET,0,0.35135544406453917
2026-02-11,2025-26,HOU,LAC,0,0.730624871413572
2026-02-11,2025-26,MIN,POR,1,0.5801673673055399
2026-02-11,2025-26,NOP,MIA,0,0.39782113062596597
2026-02-11,2025-26,PHX,OKC,0,0.3588574393649535
2026-02-11,2025-26,UTA,SAC,1,0.655106507820884
2026-02-11,2025-26,DEN,MEM,1,0.804226485079279
2026-02-11,2025-26,GSW,SAS,0,0.5941289135960921
2026-02-12,2025-26,OKC,MIL,0,0.8511419026293217
2026-02-12,2025-26,UTA,POR,0,0.42428885330419713
2026-02-12,2025-26,LAL,DAL,1,0.6558579822546262
2026-02-19,2025-26,CHA,HOU,0,0.5840212570841133
2026-02-19,2025-26,CLE,BKN,1,0.8712839629306998
2026-02-19,2025-26,PHI,ATL,0,0.5531207846491466
2026-02-19,2025-26,WAS,IND,1,0.4501964297660616
2026-02-19,2025-26,NYK,DET,0,0.4731230818945792
2026-02-19,2025-26,CHI,TOR,0,0.2968981621566961
2026-02-19,2025-26,SAS,PHX,1,0.7095821334185308
2026-02-19,2025-26,GSW,BOS,0,0.5353754040011564
2026-02-19,2025-26,SAC,ORL,0,0.19305758238923912
2026-02-19,2025-26,LAC,DEN,1,0.48345262984516285
2026-02-20,2025-26,CHA,CLE,0,0.5353854078027125
2026-02-20,2025-26,WAS,IND,1,0.3928009282030996
2026-02-20,2025-26,MEM,UTA,1,0.6627383761173133
2026-02-20,2025-26,ATL,MIA,0,0.4585728896092764
2026-02-20,2025-26,MIN,DAL,1,0.7042513946363209
2026-02-20,2025-26,NOP,MIL,0,0.47642717817051666
2026-02-20,2025-26,OKC,BKN,1,0.9080440714059128
2026-02-20,2025-26,LAL,LAC,1,0.6386815910536234
2026-02-20,2025-26,POR,DEN,0,0.49576821285414263
2026-02-21,2025-26,PHX,ORL,1,0.5479630051758503
2026-02-21,2025-26,NOP,PHI,1,0.2646642300258815
2026-02-21,2025-26,MIA,MEM,1,0.693911830457237
2026-02-21,2025-26,CHI,DET,0,0.21239979564709108
2026-02-21,2025-26,SAS,SAC,1,0.8955978524215591
2026-02-21,2025-26,NYK,HOU,1,0.5545258047961382
2026-02-22,2025-26,OKC,CLE,1,0.6040467571441777
2026-02-22,2025-26,ATL,BKN,1,0.6642123861660985
2026-02-22,2025-26,MIL,TOR,0,0.3990803906114828
2026-02-22,2025-26,GSW,DEN,1,0.45786670940112223
2026-02-22,2025-26,IND,DAL,0,0.34113804343451026
2026-02-22,2025-26,WAS,CHA,0,0.22884809731562678
2026-02-22,2025-26,LAL,BOS,0,0.6527727556068319
2026-02-22,2025-26,MIN,PHI,0,0.7032477343954596
2026-02-22,2025-26,CHI,NYK,0,0.29999040231118834
2026-02-22,2025-26,PHX,POR,0,0.5781099147312666
2026-02-22,2025-26,LAC,ORL,0,0.750679472472702
2026-02-23,2025-26,DET,SAS,0,0.6644950867390296
2026-02-23,2025-26,MEM,SAC,0,0.6422426373656192
2026-02-23,2025-26,HOU,UTA,1,0.8564196412119071
2026-02-24,2025-26,IND,PHI,0,0.29490909848013647
2026-02-24,2025-26,ATL,WAS,1,0.6968941096916672
2026-02-24,2025-26,BKN,DAL,0,0.42832894093293744
2026-02-24,2025-26,TOR,OKC,0,0.3792155082404643
2026-02-24,2025-26,CLE,NYK,1,0.6460350282544087
2026-02-24,2025-26,CHI,CHA,0,0.28217792519175655
2026-02-24,2025-26,MIL,MIA,1,0.4985798335694815
2026-02-24,2025-26,NOP,GSW,1,0.33549055061308714
2026-02-24,2025-26,PHX,BOS,0,0.3836516122330953
2026-02-24,2025-26,LAL,ORL,0,0.6507761772687856
2026-02-24,2025-26,POR,MIN,0,0.5308132806129
2026-02-25,2025-26,DET,OKC,1,0.6611609786317135
2026-02-25,2025-26,TOR,SAS,0,0.3520253043879265
2026-02-25,2025-26,MEM,GSW,0,0.3707809007170079
2026-02-25,2025-26,HOU,SAC,1,0.8626331917383238
2026-02-25,2025-26,MIL,CLE,1,0.3717214682689742
2026-02-25,2025-26,DEN,BOS,1,0.7556257496399159
2026-02-26,2025-26,IND,CHA,0,0.1769888858528293
2026-02-26,2025-26,PHI,MIA,1,0.5578135407210634
2026-02-26,2025-26,ATL,WAS,1,0.702091036274069
2026-02-26,2025-26,BKN,SAS,0,0.24060199582897393
2026-02-26,2025-26,ORL,HOU,0,0.4645195041013331
2026-02-26,2025-26,CHI,POR,0,0.3867711712763574
2026-02-26,2025-26,DAL,SAC,0,0.7003375726491406
2026-02-26,2025-26,PHX,LAL,1,0.3894865049210862
2026-02-26,2025-26,UTA,NOP,0,0.41083623444595707
2026-02-26,2025-26,LAC,MIN,0,0.6251964308036905
2026-02-27,2025-26,DET,CLE,1,0.6857041219374604
2026-02-27,2025-26,BOS,BKN,1,0.9163160566446156
2026-02-27,2025-26,MIL,NYK,0,0.43135852761476867
2026-02-27,2025-26,DAL,MEM,0,0.45573182117369226
2026-02-27,2025-26,OKC,DEN,1,0.6243097428364699
2026-02-28,2025-26,CHA,POR,1,0.7223472540504904
2026-02-28,2025-26,MIA,HOU,1,0.3989248877327496
2026-02-28,2025-26,WAS,TOR,0,0.16629305869793498
2026-02-28,2025-26,GSW,LAL,0,0.5157332368009055
2026-02-28,2025-26,UTA,NOP,0,0.2959913046826253
2026-03-01,2025-26,NYK,SAS,1,0.5088855530695833
2026-03-01,2025-26,BKN,CLE,0,0.19104385603886442
2026-03-01,2025-26,CHI,MIL,1,0.36210306596844527
2026-03-01,2025-26,DEN,MIN,0,0.6896107381154165
2026-03-01,2025-26,IND,MEM,0,0.41745330900751076
2026-03-01,2025-26,ATL,POR,1,0.6243335855003252
2026-03-01,2025-26,BOS,PHI,1,0.6263936095091016
2026-03-01,2025-26,ORL,DET,0,0.32553226230170007
2026-03-01,2025-26,DAL,OKC,0,0.1234601196784859
2026-03-01,2025-26,LAC,NOP,1,0.7677470363212618
2026-03-01,2025-26,LAL,SAC,1,0.8043753753030839
2026-03-02,2025-26,WAS,HOU,0,0.1381981511998343
2026-03-02,2025-26,MIL,BOS,0,0.36824851890089044
2026-03-02,2025-26,UTA,DEN,0,0.2165981150403256
2026-03-02,2025-26,GSW,LAC,0,0.5809168341367762
2026-03-03,2025-26,CHA,DAL,1,0.8097220194418221
2026-03-03,2025-26,CLE,DET,1,0.4990334162495599
2026-03-03,2025-26,ORL,WAS,1,0.7682074821377486
2026-03-03,2025-26,MIA,BKN,1,0.7208267072877813
2026-03-03,2025-26,TOR,NYK,0,0.469651533846247
2026-03-03,2025-26,PHI,SAS,0,0.4269754708665295
2026-03-03,2025-26,CHI,OKC,0,0.1643848057537352
2026-03-03,2025-26,MIN,MEM,1,0.7519650142782618
2026-03-03,2025-26,LAL,NOP,1,0.7406280619331543
2026-03-03,2025-26,SAC,PHX,0,0.2609661677922662
2026-03-04,2025-26,NYK,OKC,0,0.533564048735353
2026-03-04,2025-26,BOS,CHA,0,0.7696620649672653
2026-03-04,2025-26,PHI,UTA,1,0.6737139049168842
2026-03-04,2025-26,MEM,POR,0,0.3418615578760827
2026-03-04,2025-26,MIL,ATL,0,0.5302188708000601
2026-03-04,2025-26,LAC,IND,1,0.8386926926447794
2026-03-05,2025-26,ORL,DAL,1,0.649335508444284
2026-03-05,2025-26,WAS,UTA,0,0.5380086031331045
2026-03-05,2025-26,MIA,BKN,1,0.7207746368279284
2026-03-05,2025-26,HOU,GSW,0,0.7277978301247691
2026-03-05,2025-26,MIN,TOR,1,0.5907434811141968
2026-03-05,2025-26,SAS,DET,1,0.5168538129530534
2026-03-05,2025-26,PHX,CHI,0,0.6980681721148906
2026-03-05,2025-26,DEN,LAL,1,0.558660782997695
2026-03-05,2025-26,SAC,NOP,0,0.25929586626860407
2026-03-06,2025-26,BOS,DAL,1,0.8759112686999393
2026-03-06,2025-26,CHA,MIA,0,0.74282340165295
2026-03-06,2025-26,HOU,POR,1,0.6776170611675489
2026-03-06,2025-26,DEN,NYK,0,0.49534387286167875
2026-03-06,2025-26,PHX,NOP,1,0.6803845093460822
2026-03-06,2025-26,SAS,LAC,1,0.6233927388289857
2026-03-06,2025-26,LAL,IND,1,0.7421024893460921
2026-03-07,2025-26,MIN,ORL,0,0.6032849383894843
2026-03-07,2025-26,DET,BKN,0,0.8878063854599962
2026-03-07,2025-26,ATL,PHI,1,0.6068083626674271
2026-03-07,2025-26,MEM,LAC,0,0.24378574969739356
2026-03-07,2025-26,MIL,UTA,1,0.70215675372368
2026-03-07,2025-26,OKC,GSW,1,0.816495209666894
2026-03-08,2025-26,CLE,BOS,0,0.6083582371224432
2026-03-08,2025-26,LAL,NYK,1,0.4835663826731706
2026-03-08,2025-26,MIA,DET,1,0.48207618366769417
2026-03-08,2025-26,TOR,DAL,1,0.7219621335797459
2026-03-08,2025-26,NOP,WAS,1,0.7031068144038821
2026-03-08,2025-26,MIL,ORL,0,0.4518792120173727
2026-03-08,2025-26,SAS,HOU,1,0.6699683189440946
2026-03-08,2025-26,PHX,CHA,1,0.3595248611726556
2026-03-08,2025-26,POR,IND,1,0.6455413383333084
2026-03-08,2025-26,SAC,CHI,1,0.30224005720125097
2026-03-09,2025-26,CLE,PHI,1,0.688803846841489
2026-03-09,2025-26,BKN,MEM,1,0.46290018994901233
2026-03-09,2025-26,OKC,DEN,1,0.7486773538519294
2026-03-09,2025-26,UTA,GSW,1,0.2598436976975976
2026-03-09,2025-26,LAC,NYK,1,0.5567570849505418
2026-03-10,2025-26,PHI,MEM,1,0.5767566571461082
2026-03-10,2025-26,BKN,DET,0,0.10492671150951648
2026-03-10,2025-26,MIA,WAS,1,0.846392848820732
2026-03-10,2025-26,ATL,DAL,1,0.7185392107268721
2026-03-10,2025-26,HOU,TOR,1,0.6393699585032028
2026-03-10,2025-26,MIL,PHX,0,0.35147110008927535
2026-03-10,2025-26,SAS,BOS,1,0.5731389449061104
2026-03-10,2025-26,GSW,CHI,0,0.6026851882586275
2026-03-10,2025-26,POR,CHA,0,0.34659533823925837
2026-03-10,2025-26,SAC,IND,1,0.3760083180071525
2026-03-10,2025-26,LAL,MIN,1,0.6595492792222903
2026-03-11,2025-26,ORL,CLE,1,0.4593765109276981
2026-03-11,2025-26,NOP,TOR,1,0.4567397629343767
2026-03-11,2025-26,UTA,NYK,0,0.17554389256513606
2026-03-11,2025-26,DEN,HOU,1,0.6963278429201897
2026-03-11,2025-26,SAC,CHA,0,0.14167614281269986
2026-03-11,2025-26,LAC,MIN,1,0.7285741441598086
2026-03-12,2025-26,DET,PHI,1,0.7762604825365655
2026-03-12,2025-26,IND,PHX,0,0.17943965115116506
2026-03-12,2025-26,ORL,WAS,1,0.8257892702587158
2026-03-12,2025-26,ATL,BKN,1,0.7158911337528023
2026-03-12,2025-26,MIA,MIL,1,0.6973819829120234
2026-03-12,2025-26,SAS,DEN,0,0.7649074127659177
2026-03-12,2025-26,OKC,BOS,1,0.6979654103181875
2026-03-12,2025-26,LAL,CHI,1,0.7902183853150384
2026-03-12,2025-26,MEM,DAL,0,0.45315565562794974
2026-03-13,2025-26,DET,MEM,1,0.8956254410454377
2026-03-13,2025-26,IND,NYK,0,0.09491251188827438
2026-03-13,2025-26,TOR,PHX,1,0.6231198350254815
2026-03-13,2025-26,HOU,NOP,1,0.70503999060778
2026-03-13,2025-26,DAL,CLE,0,0.18655458263936128
2026-03-13,2025-26,GSW,MIN,0,0.4474325616576101
2026-03-13,2025-26,POR,UTA,1,0.7483200484981799
2026-03-13,2025-26,LAC,CHI,1,0.8384125255961018
2026-03-14,2025-26,PHI,BKN,1,0.620743134642562
2026-03-14,2025-26,ATL,MIL,1,0.6053592585416834
2026-03-14,2025-26,BOS,WAS,1,0.8908379345275798
2026-03-14,2025-26,MIA,ORL,0,0.6120784355458131
2026-03-14,2025-26,SAS,CHA,1,0.6208293259201317
2026-03-14,2025-26,LAL,DEN,1,0.531995041556563
2026-03-14,2025-26,LAC,SAC,0,0.8520350648374422
2026-03-15,2025-26,OKC,MIN,1,0.7678353080218274
2026-03-15,2025-26,CLE,DAL,0,0.7948389234258877
2026-03-15,2025-26,TOR,DET,1,0.40301155245986603
2026-03-15,2025-26,MIL,IND,1,0.5277272720091774
2026-03-15,2025-26,PHI,POR,1,0.46907467405878794
2026-03-15,2025-26,NYK,GSW,1,0.771677859022135
2026-03-15,2025-26,SAC,UTA,1,0.36926509308502925
2026-03-16,2025-26,ATL,ORL,1,0.48508575828353306
2026-03-16,2025-26,WAS,GSW,0,0.34909838207562016
2026-03-16,2025-26,BKN,POR,0,0.4102033368961363
2026-03-16,2025-26,BOS,PHX,1,0.7222484026712639
2026-03-16,2025-26,CHI,MEM,1,0.5053165748310565
2026-03-16,2025-26,NOP,DAL,1,0.6635261311768375
2026-03-16,2025-26,HOU,LAL,0,0.5374916569127234
2026-03-16,2025-26,LAC,SAS,0,0.3936405223691489
2026-03-17,2025-26,CHA,MIA,1,0.5898560509902366
2026-03-17,2025-26,ORL,OKC,0,0.249889800817689
2026-03-17,2025-26,WAS,DET,0,0.06291806904204984
2026-03-17,2025-26,NYK,IND,1,0.906549234750742
2026-03-17,2025-26,MIL,CLE,0,0.35163183488044686
2026-03-17,2025-26,MIN,PHX,1,0.627084855981373
2026-03-17,2025-26,DEN,PHI,1,0.7714773165154012
2026-03-17,2025-26,SAC,SAS,0,0.18627042242571643
2026-03-18,2025-26,MEM,DEN,1,0.19701383977656808
2026-03-18,2025-26,BOS,GSW,1,0.82440822317821
2026-03-18,2025-26,BKN,OKC,0,0.12070167355312565
2026-03-18,2025-26,IND,POR,0,0.2090266792599516
2026-03-18,2025-26,CHI,TOR,0,0.28248503878875314
2026-03-18,2025-26,MIN,UTA,1,0.7953952159211525
2026-03-18,2025-26,NOP,LAC,1,0.38709508569319845
2026-03-18,2025-26,DAL,ATL,0,0.2909874525101395
2026-03-18,2025-26,HOU,LAL,0,0.5312116997546233
2026-03-19,2025-26,CHA,ORL,1,0.6458631710868104
2026-03-19,2025-26,WAS,DET,0,0.08574946614595143
2026-03-19,2025-26,MIA,LAL,0,0.5119312283681149
2026-03-19,2025-26,CHI,CLE,0,0.20876382899586193
2026-03-19,2025-26,NOP,LAC,1,0.40665006019212246
2026-03-19,2025-26,SAS,PHX,1,0.7599750671565966
2026-03-19,2025-26,UTA,MIL,1,0.28034886149379673
2026-03-19,2025-26,SAC,PHI,0,0.3078081383253273
2026-03-20,2025-26,BKN,NYK,0,0.16468273686259408
2026-03-20,2025-26,DET,GSW,1,0.7592668593877517
2026-03-20,2025-26,HOU,ATL,1,0.6886824020013951
2026-03-20,2025-26,MEM,BOS,0,0.1641059878363108
2026-03-20,2025-26,MIN,POR,0,0.651462341067141
2026-03-20,2025-26,DEN,TOR,1,0.6593609403321131
2026-03-21,2025-26,WAS,OKC,0,0.07011707092187928
2026-03-21,2025-26,CHA,MEM,1,0.8631131749701667
2026-03-21,2025-26,ORL,LAL,0,0.34435210512326725
2026-03-21,2025-26,NOP,CLE,0,0.3863424657801038
2026-03-21,2025-26,ATL,GSW,1,0.6394926414776512
2026-03-21,2025-26,HOU,MIA,1,0.5598745871922896
2026-03-21,2025-26,SAS,IND,1,0.9260522316332422
2026-03-21,2025-26,DAL,LAC,0,0.3294675534597329
2026-03-21,2025-26,UTA,PHI,0,0.36666164835120074
2026-03-21,2025-26,PHX,MIL,0,0.721055415025038
2026-03-22,2025-26,DEN,POR,1,0.694696606094032
2026-03-22,2025-26,SAC,BKN,1,0.45711054625289704
2026-03-22,2025-26,NYK,WAS,1,0.9457630852778461
2026-03-22,2025-26,BOS,MIN,0,0.7618211453134056
2026-03-22,2025-26,PHX,TOR,1,0.3744681430042842
2026-03-23,2025-26,ATL,MEM,1,0.7554243888043217
2026-03-23,2025-26,DET,LAL,1,0.5903159203045204
2026-03-23,2025-26,ORL,IND,0,0.7665612249134682
2026-03-23,2025-26,PHI,OKC,0,0.22314791216745505
2026-03-23,2025-26,MIA,SAS,0,0.36671778978156483
2026-03-23,2025-26,CHI,HOU,1,0.24755587760917636
2026-03-23,2025-26,UTA,TOR,0,0.3319195338241303
2026-03-23,2025-26,DAL,GSW,0,0.4114584281053183
2026-03-23,2025-26,POR,BKN,1,0.7535967275440042
2026-03-23,2025-26,LAC,MIL,1,0.7523738973145064
2026-03-24,2025-26,CHA,SAC,1,0.874604846888288
2026-03-24,2025-26,NYK,NOP,1,0.770849029090656
2026-03-24,2025-26,CLE,ORL,1,0.8004403530069547
2026-03-24,2025-26,PHX,DEN,0,0.45101358428242583
2026-03-25,2025-26,DET,ATL,0,0.7674015706043331
2026-03-25,2025-26,IND,LAL,0,0.19202137018481685
2026-03-25,2025-26,PHI,CHI,1,0.5258773300226159
2026-03-25,2025-26,BOS,OKC,1,0.5689287984668818
2026-03-25,2025-26,CLE,MIA,0,0.6193953372904982
2026-03-25,2025-26,MEM,SAS,0,0.12477621772228034
2026-03-25,2025-26,UTA,WAS,0,0.5779695756364294
2026-03-25,2025-26,MIN,HOU,1,0.556728441001617
2026-03-25,2025-26,DEN,DAL,1,0.7972010928316783
2026-03-25,2025-26,GSW,BKN,1,0.7050928965706766
2026-03-25,2025-26,POR,MIL,1,0.6831552689758081
2026-03-25,2025-26,LAC,TOR,1,0.6335056253219751
2026-03-26,2025-26,CHA,NYK,1,0.5105888473809511
2026-03-26,2025-26,DET,NOP,1,0.7449496030455057
2026-03-26,2025-26,ORL,SAC,1,0.8121267965319924
2026-03-27,2025-26,IND,LAC,0,0.19312168083462913
2026-03-27,2025-26,BOS,ATL,1,0.7225829065121483
2026-03-27,2025-26,CLE,MIA,1,0.6045490672200764
2026-03-27,2025-26,MEM,HOU,0,0.15786266271672109
2026-03-27,2025-26,OKC,CHI,1,0.9006913564290625
2026-03-27,2025-26,TOR,NOP,1,0.6649051710077097
2026-03-27,2025-26,DEN,UTA,1,0.859447738158957
2026-03-27,2025-26,GSW,WAS,1,0.7168003112123044
2026-03-27,2025-26,POR,DAL,0,0.643590996467161
2026-03-27,2025-26,LAL,BKN,1,0.8678188125203704
2026-03-28,2025-26,MIL,SAS,0,0.2017519795350466
2026-03-28,2025-26,CHA,PHI,0,0.7451537101672319
2026-03-28,2025-26,ATL,SAC,1,0.7869520588674446
2026-03-28,2025-26,MEM,CHI,1,0.33489110797747784
2026-03-28,2025-26,MIN,DET,0,0.5218545204020693
2026-03-28,2025-26,PHX,UTA,1,0.8601245362996348
2026-03-29,2025-26,MIL,LAC,0,0.187664196817301
2026-03-29,2025-26,IND,MIA,1,0.24386013272584112
2026-03-29,2025-26,BKN,SAC,1,0.5222947615722213
2026-03-29,2025-26,CHA,BOS,0,0.46117974961124275
2026-03-29,2025-26,TOR,ORL,1,0.5461781879804083
2026-03-29,2025-26,POR,WAS,1,0.7661679758053477
2026-03-29,2025-26,NOP,HOU,0,0.35229220818627816
2026-03-29,2025-26,OKC,NYK,1,0.6837827501129072
2026-03-29,2025-26,DEN,GSW,1,0.7666535869516768
2026-03-30,2025-26,MIA,PHI,1,0.3924278886656048
2026-03-30,2025-26,ATL,BOS,1,0.5234140294895896
2026-03-30,2025-26,MEM,PHX,0,0.19712660855939837
2026-03-30,2025-26,SAS,CHI,1,0.8893840929836804
2026-03-30,2025-26,DAL,MIN,0,0.2312252271204382
2026-03-30,2025-26,UTA,CLE,0,0.13066348120565704
2026-03-30,2025-26,OKC,DET,1,0.618482486992855
2026-03-30,2025-26,LAL,WAS,1,0.9226800676791188
2026-03-31,2025-26,MIL,DAL,1,0.5771269078276973
2026-03-31,2025-26,ORL,PHX,1,0.6052142080723627
2026-03-31,2025-26,BKN,CHA,0,0.12341263234316939
2026-03-31,2025-26,DET,TOR,1,0.6658111574026981
2026-03-31,2025-26,HOU,NYK,1,0.5046160359320359
2026-03-31,2025-26,LAL,CLE,1,0.6268249259485996
2026-03-31,2025-26,LAC,POR,0,0.6643721928138353
2026-04-01,2025-26,MEM,NYK,0,0.19270021149472796
2026-04-01,2025-26,WAS,PHI,0,0.13991710047222894
2026-04-01,2025-26,MIA,BOS,0,0.42188141208311236
2026-04-01,2025-26,ORL,ATL,0,0.42713630479685266
2026-04-01,2025-26,TOR,SAC,0,0.8385458537982637
2026-04-01,2025-26,CHI,IND,0,0.4677883423017779
2026-04-01,2025-26,HOU,MIL,1,0.8151506166676198
2026-04-01,2025-26,UTA,DEN,0,0.12248001109344121
2026-04-01,2025-26,GSW,SAS,0,0.24556939098485894
2026-04-02,2025-26,CHA,PHX,1,0.6454999713366956
2026-04-02,2025-26,DET,MIN,1,0.742738303240472
2026-04-02,2025-26,OKC,LAL,1,0.726544934673415
2026-04-02,2025-26,GSW,CLE,0,0.2576262471470041
2026-04-02,2025-26,POR,NOP,1,0.6403789378631068
2026-04-02,2025-26,LAC,SAS,0,0.5309596460317371
2026-04-03,2025-26,CHA,IND,1,0.7952842771313205
2026-04-03,2025-26,PHI,MIN,1,0.5242030801448329
2026-04-03,2025-26,BKN,ATL,0,0.12341498510018223
2026-04-03,2025-26,NYK,CHI,1,0.866989504258284
2026-04-03,2025-26,HOU,UTA,1,0.8783410287501044
2026-04-03,2025-26,MEM,TOR,0,0.20372638373253985
2026-04-03,2025-26,MIL,BOS,0,0.17348976234563876
2026-04-03,2025-26,DAL,ORL,0,0.22139902981789783
2026-04-03,2025-26,SAC,NOP,1,0.36990794012473566
2026-04-04,2025-26,MIA,WAS,1,0.8265801922027098
2026-04-04,2025-26,DEN,SAS,1,0.5170757903939253
2026-04-04,2025-26,PHI,DET,0,0.34130658428917604
2026-04-05,2025-26,BOS,TOR,1,0.7749617955038172
2026-04-05,2025-26,BKN,WAS,1,0.5171525388670023
2026-04-05,2025-26,CHI,PHX,0,0.2914831161227928
2026-04-05,2025-26,MIL,MEM,1,0.6566102479406073
2026-04-05,2025-26,CLE,IND,1,0.8672897019162106
2026-04-05,2025-26,MIN,CHA,0,0.4253958753747971
2026-04-05,2025-26,NOP,ORL,0,0.3565692368611146
2026-04-05,2025-26,OKC,UTA,1,0.9436576808422704
2026-04-05,2025-26,DAL,LAL,1,0.13571216205994052
2026-04-05,2025-26,SAC,LAC,0,0.1810823068360871
2026-04-05,2025-26,GSW,HOU,0,0.36907197627996435
2026-04-06,2025-26,ATL,NYK,0,0.5037747754454218
2026-04-06,2025-26,ORL,DET,1,0.30030462334769636
2026-04-06,2025-26,MEM,CLE,0,0.1630970567043164
2026-04-06,2025-26,SAS,PHI,1,0.8423126031677854
2026-04-06,2025-26,DEN,POR,1,0.7095620686586831
2026-04-07,2025-26,WAS,CHI,0,0.2876670685045849
2026-04-07,2025-26,BOS,CHA,1,0.7094460061738985
2026-04-07,2025-26,BKN,MIL,1,0.2649544582478794
2026-04-07,2025-26,TOR,MIA,1,0.5173102933214261
2026-04-07,2025-26,IND,MIN,0,0.24121976980984325
2026-04-07,2025-26,NOP,UTA,1,0.6496858055439456
2026-04-07,2025-26,GSW,SAC,1,0.7650579822054383
2026-04-07,2025-26,LAL,OKC,0,0.3386319544038056
2026-04-07,2025-26,LAC,DAL,1,0.750422669441368
2026-04-07,2025-26,PHX,HOU,0,0.47536650266031544
2026-04-08,2025-26,CLE,ATL,1,0.5267097554560143
2026-04-08,2025-26,ORL,MIN,1,0.6166057180286383
2026-04-08,2025-26,DET,MIL,1,0.889949146485332
2026-04-08,2025-26,SAS,POR,1,0.8005860541531585
2026-04-08,2025-26,DEN,MEM,1,0.9045619317236209
2026-04-08,2025-26,LAC,OKC,0,0.3715937563409186
2026-04-08,2025-26,PHX,DAL,1,0.73239644379529
2026-04-09,2025-26,TOR,MIA,1,0.542384658571407
2026-04-09,2025-26,WAS,CHI,0,0.25550457106858443
2026-04-09,2025-26,BKN,IND,0,0.3728949474114764
2026-04-09,2025-26,NYK,BOS,1,0.563440128454565
2026-04-09,2025-26,HOU,PHI,1,0.6133128032423846
2026-04-09,2025-26,GSW,LAL,0,0.5597649481841156
2026-04-10,2025-26,CHA,DET,0,0.6052730266122732
2026-04-10,2025-26,WAS,MIA,0,0.16873471252801117
2026-04-10,2025-26,ATL,CLE,1,0.4882143040392644
2026-04-10,2025-26,BOS,NOP,1,0.8816401937113861
2026-04-10,2025-26,IND,PHI,0,0.23910583535715696
2026-04-10,2025-26,NYK,TOR,1,0.7808088736691338
2026-04-10,2025-26,CHI,ORL,0,0.27344776791270375
2026-04-10,2025-26,HOU,MIN,0,0.6116044696402316
2026-04-10,2025-26,MIL,BKN,1,0.7188870843323117
2026-04-10,2025-26,SAS,DAL,1,0.9174956872511892
2026-04-10,2025-26,UTA,MEM,1,0.3450818749220518
2026-04-10,2025-26,DEN,OKC,1,0.43231622453424196
2026-04-10,2025-26,POR,LAC,1,0.41599712313308573
2026-04-10,2025-26,SAC,GSW,1,0.40926687137317186
2026-04-10,2025-26,LAL,PHX,1,0.4485976373473604
2026-04-12,2025-26,BOS,ORL,1,0.7515066762654853
2026-04-12,2025-26,CLE,WAS,1,0.8947690349539993
2026-04-12,2025-26,IND,DET,0,0.09501526768955189
2026-04-12,2025-26,MIA,ATL,1,0.45359110269281
2026-04-12,2025-26,NYK,CHA,0,0.6662953963495678
2026-04-12,2025-26,PHI,MIL,1,0.6821522243550946
2026-04-12,2025-26,TOR,BKN,1,0.8653016912749698
2026-04-12,2025-26,DAL,CHI,1,0.39195830810657745
2026-04-12,2025-26,HOU,MEM,1,0.9245078386389985
2026-04-12,2025-26,MIN,NOP,1,0.6462390977813014
2026-04-12,2025-26,OKC,PHX,0,0.6670907644439601
2026-04-12,2025-26,SAS,DEN,0,0.8501473665726003
2026-04-12,2025-26,LAL,UTA,1,0.8127913111782346
2026-04-12,2025-26,LAC,GSW,1,0.6234528320294453
2026-04-12,2025-26,POR,SAC,1,0.8032526727137034
