game_id,date,season,home,away,home_win,p_home
0022400061,2024-10-22,2024-25,BOS,NYK,1,0.6328222155570984
0022400062,2024-10-22,2024-25,LAL,MIN,1,0.49401068687438965
0022400063,2024-10-23,2024-25,DET,IND,0,0.3368365466594696
0022400064,2024-10-23,2024-25,ATL,BKN,1,0.56678706407547
0022400065,2024-10-23,2024-25,MIA,ORL,0,0.5648005604743958
0022400066,2024-10-23,2024-25,PHI,MIL,0,0.5404925346374512
0022400067,2024-10-23,2024-25,TOR,CLE,0,0.40259769558906555
0022400068,2024-10-23,2024-25,HOU,CHA,0,0.6832445859909058
0022400069,2024-10-23,2024-25,NOP,CHI,1,0.6254760026931763
0022400070,2024-10-23,2024-25,UTA,MEM,0,0.5731150507926941
0022400071,2024-10-23,2024-25,LAC,PHX,0,0.4773748219013214
0022400072,2024-10-23,2024-25,POR,GSW,0,0.3214589059352875
0022400073,2024-10-24,2024-25,WAS,BOS,0,0.2226216048002243
0022400074,2024-10-24,2024-25,DAL,SAS,1,0.6641793847084045
0022400075,2024-10-24,2024-25,DEN,OKC,0,0.5474620461463928
0022400076,2024-10-24,2024-25,SAC,MIN,0,0.48787665367126465
0022400077,2024-10-25,2024-25,ORL,BKN,1,0.6566034555435181
0022400078,2024-10-25,2024-25,TOR,PHI,1,0.38423648476600647
0022400079,2024-10-25,2024-25,ATL,CHA,1,0.6281847953796387
0022400080,2024-10-25,2024-25,CLE,DET,1,0.708357036113739
0022400081,2024-10-25,2024-25,NYK,IND,1,0.5310126543045044
0022400082,2024-10-25,2024-25,HOU,MEM,1,0.6616220474243164
0022400083,2024-10-25,2024-25,MIL,CHI,0,0.6091604232788086
0022400084,2024-10-25,2024-25,UTA,GSW,0,0.3372410237789154
0022400085,2024-10-25,2024-25,LAL,PHX,1,0.5088352560997009
0022400086,2024-10-25,2024-25,POR,NOP,0,0.30574873089790344
0022400087,2024-10-26,2024-25,DEN,LAC,0,0.6123142838478088
0022400088,2024-10-26,2024-25,CHA,MIA,0,0.4002416431903839
0022400089,2024-10-26,2024-25,DET,BOS,0,0.22050176560878754
0022400090,2024-10-26,2024-25,WAS,CLE,0,0.33909446001052856
0022400091,2024-10-26,2024-25,CHI,OKC,0,0.4084392189979553
0022400092,2024-10-26,2024-25,MEM,ORL,1,0.34939104318618774
0022400093,2024-10-26,2024-25,MIN,TOR,1,0.7597926259040833
0022400094,2024-10-26,2024-25,SAS,HOU,1,0.44694456458091736
0022400095,2024-10-26,2024-25,PHX,DAL,1,0.563740611076355
0022400096,2024-10-26,2024-25,LAL,SAC,1,0.5863717198371887
0022400097,2024-10-27,2024-25,IND,PHI,0,0.6082062721252441
0022400098,2024-10-27,2024-25,BKN,MIL,1,0.4411771595478058
0022400099,2024-10-27,2024-25,POR,NOP,1,0.30065786838531494
0022400100,2024-10-27,2024-25,OKC,ATL,1,0.7028534412384033
0022400101,2024-10-27,2024-25,GSW,LAC,0,0.6422197818756104
0022400102,2024-10-28,2024-25,ORL,IND,1,0.5432575941085815
0022400103,2024-10-28,2024-25,ATL,WAS,0,0.6821152567863464
0022400104,2024-10-28,2024-25,BOS,MIL,1,0.7267226576805115
0022400105,2024-10-28,2024-25,MIA,DET,1,0.7176514267921448
0022400106,2024-10-28,2024-25,NYK,CLE,0,0.5800961256027222
0022400107,2024-10-28,2024-25,TOR,DEN,0,0.3179304301738739
0022400108,2024-10-28,2024-25,MEM,CHI,0,0.4556075632572174
0022400109,2024-10-28,2024-25,SAS,HOU,0,0.46193334460258484
0022400110,2024-10-28,2024-25,DAL,UTA,1,0.7127466797828674
0022400111,2024-10-28,2024-25,PHX,LAL,1,0.563466489315033
0022400112,2024-10-28,2024-25,SAC,POR,1,0.687201201915741
0022400113,2024-10-29,2024-25,BKN,DEN,0,0.40143856406211853
0022400114,2024-10-29,2024-25,MIN,DAL,0,0.5854398012161255
0022400115,2024-10-29,2024-25,UTA,SAC,0,0.37546637654304504
0022400116,2024-10-29,2024-25,GSW,NOP,1,0.6151445508003235
0022400117,2024-10-30,2024-25,CHA,TOR,1,0.5663856863975525
0022400118,2024-10-30,2024-25,CLE,LAL,1,0.532052218914032
0022400119,2024-10-30,2024-25,IND,BOS,1,0.36667779088020325
0022400120,2024-10-30,2024-25,PHI,DET,0,0.6921792030334473
0022400121,2024-10-30,2024-25,WAS,ATL,1,0.41315677762031555
0022400122,2024-10-30,2024-25,MIA,NYK,0,0.5005208849906921
0022400123,2024-10-30,2024-25,CHI,ORL,1,0.47942185401916504
0022400124,2024-10-30,2024-25,MEM,BKN,0,0.49246683716773987
0022400125,2024-10-30,2024-25,OKC,SAS,1,0.7566633820533752
0022400126,2024-10-30,2024-25,GSW,NOP,1,0.6444022059440613
0022400127,2024-10-30,2024-25,LAC,POR,0,0.7150099873542786
0022400128,2024-10-31,2024-25,MEM,MIL,1,0.41390812397003174
0022400129,2024-10-31,2024-25,DAL,HOU,0,0.5956377983093262
0022400130,2024-10-31,2024-25,UTA,SAS,0,0.47795236110687256
0022400131,2024-10-31,2024-25,LAC,PHX,0,0.4765669107437134
0022400132,2024-11-01,2024-25,CHA,BOS,0,0.24161361157894135
0022400133,2024-11-01,2024-25,CLE,ORL,1,0.5916494131088257
0022400134,2024-11-01,2024-25,DET,NYK,0,0.3165434002876282
0022400135,2024-11-01,2024-25,ATL,SAC,0,0.4263794422149658
0022400136,2024-11-01,2024-25,BKN,CHI,1,0.5042789578437805
0022400137,2024-11-01,2024-25,TOR,LAL,0,0.33590325713157654
0022400138,2024-11-01,2024-25,NOP,IND,1,0.5181846618652344
0022400139,2024-11-01,2024-25,MIN,DEN,1,0.5441822409629822
0022400140,2024-11-01,2024-25,POR,OKC,0,0.2640743553638458
0022400141,2024-11-02,2024-25,CHA,BOS,0,0.2303052693605423
0022400142,2024-11-02,2024-25,PHI,MEM,0,0.6128157377243042
0022400143,2024-11-02,2024-25,TOR,SAC,1,0.32232335209846497
0022400144,2024-11-02,2024-25,HOU,GSW,0,0.42828789353370667
0022400145,2024-11-02,2024-25,MIL,CLE,0,0.4078071117401123
0022400146,2024-11-02,2024-25,SAS,MIN,1,0.3839336037635803
0022400148,2024-11-02,2024-25,DEN,UTA,1,0.7674212455749512
0022400149,2024-11-02,2024-25,PHX,POR,1,0.7709558606147766
0022400150,2024-11-02,2024-25,LAC,OKC,0,0.3961809277534485
0022400151,2024-11-03,2024-25,BKN,DET,0,0.6632645726203918
0022400152,2024-11-03,2024-25,NOP,ATL,0,0.6435465812683105
0022400153,2024-11-03,2024-25,DAL,ORL,1,0.5749622583389282
0022400154,2024-11-04,2024-25,CLE,MIL,1,0.6783816814422607
0022400155,2024-11-04,2024-25,WAS,GSW,0,0.2544943690299988
0022400156,2024-11-04,2024-25,DET,LAL,1,0.35419896245002747
0022400157,2024-11-04,2024-25,ATL,BOS,0,0.2893899083137512
0022400158,2024-11-04,2024-25,BKN,MEM,1,0.552565336227417
0022400159,2024-11-04,2024-25,MIA,SAC,0,0.5161550641059875
0022400160,2024-11-04,2024-25,CHI,UTA,0,0.6929245591163635
0022400161,2024-11-04,2024-25,HOU,NYK,1,0.45724722743034363
0022400162,2024-11-04,2024-25,MIN,CHA,1,0.7397443056106567
0022400163,2024-11-04,2024-25,OKC,ORL,1,0.7156233191490173
0022400164,2024-11-04,2024-25,NOP,POR,0,0.6814795732498169
0022400165,2024-11-04,2024-25,DAL,IND,0,0.5927244424819946
0022400166,2024-11-04,2024-25,DEN,TOR,1,0.7680307030677795
0022400167,2024-11-04,2024-25,PHX,PHI,1,0.7076552510261536
0022400168,2024-11-04,2024-25,LAC,SAS,1,0.6071286797523499
0022400169,2024-11-06,2024-25,CHA,DET,1,0.5083371996879578
0022400170,2024-11-06,2024-25,IND,ORL,1,0.590613842010498
0022400171,2024-11-06,2024-25,ATL,NYK,1,0.3855855464935303
0022400172,2024-11-06,2024-25,BOS,GSW,0,0.6126618981361389
0022400173,2024-11-06,2024-25,HOU,SAS,1,0.6358137130737305
0022400174,2024-11-06,2024-25,MEM,LAL,1,0.4320923388004303
0022400175,2024-11-06,2024-25,NOP,CLE,0,0.4043879508972168
0022400176,2024-11-06,2024-25,DAL,CHI,1,0.6492666602134705
0022400177,2024-11-06,2024-25,DEN,OKC,1,0.4379836618900299
0022400178,2024-11-06,2024-25,PHX,MIA,1,0.6455790400505066
0022400179,2024-11-06,2024-25,LAC,PHI,1,0.6289635896682739
0022400180,2024-11-06,2024-25,SAC,TOR,1,0.7381459474563599
0022400181,2024-11-07,2024-25,CHI,MIN,0,0.3971618413925171
0022400182,2024-11-07,2024-25,MIL,UTA,1,0.6573229432106018
0022400183,2024-11-07,2024-25,SAS,POR,1,0.5802551507949829
0022400184,2024-11-08,2024-25,CHA,IND,1,0.3490009307861328
0022400185,2024-11-08,2024-25,DET,ATL,1,0.4801207482814789
0022400186,2024-11-08,2024-25,ORL,NOP,1,0.573310136795044
0022400187,2024-11-08,2024-25,BOS,BKN,1,0.7846140265464783
0022400188,2024-11-08,2024-25,CLE,GSW,1,0.4852847456932068
0022400189,2024-11-08,2024-25,NYK,MIL,1,0.6450703144073486
0022400190,2024-11-08,2024-25,DAL,PHX,0,0.4984709322452545
0022400191,2024-11-08,2024-25,MEM,WAS,1,0.6495590806007385
0022400192,2024-11-08,2024-25,OKC,HOU,1,0.6720892190933228
0022400193,2024-11-08,2024-25,MIN,POR,1,0.750143826007843
0022400194,2024-11-08,2024-25,DEN,MIA,1,0.631600558757782
0022400195,2024-11-08,2024-25,LAL,PHI,1,0.6198844313621521
0022400196,2024-11-08,2024-25,SAC,LAC,0,0.564845860004425
0022400197,2024-11-09,2024-25,SAS,UTA,0,0.6547274589538574
0022400198,2024-11-09,2024-25,ATL,CHI,0,0.5540919899940491
0022400199,2024-11-09,2024-25,CLE,BKN,1,0.727707028388977
0022400200,2024-11-09,2024-25,LAC,TOR,1,0.7460188269615173
0022400201,2024-11-10,2024-25,DET,HOU,0,0.3826288878917694
0022400202,2024-11-10,2024-25,MIL,BOS,0,0.2905835211277008
0022400203,2024-11-10,2024-25,IND,NYK,1,0.4655517339706421
0022400204,2024-11-10,2024-25,ORL,WAS,1,0.7217321395874023
0022400205,2024-11-10,2024-25,PHI,CHA,1,0.5745930075645447
0022400206,2024-11-10,2024-25,MIN,MIA,0,0.6535285115242004
0022400207,2024-11-10,2024-25,OKC,GSW,0,0.6014023423194885
0022400208,2024-11-10,2024-25,DEN,DAL,1,0.5794936418533325
0022400209,2024-11-10,2024-25,PHX,SAC,0,0.626013994216919
0022400210,2024-11-10,2024-25,POR,MEM,0,0.44038715958595276
0022400211,2024-11-10,2024-25,LAL,TOR,1,0.719079852104187
0022400212,2024-11-11,2024-25,CHI,CLE,0,0.349042147397995
0022400213,2024-11-11,2024-25,HOU,WAS,1,0.7628542184829712
0022400214,2024-11-11,2024-25,NOP,BKN,0,0.5417768955230713
0022400215,2024-11-11,2024-25,OKC,LAC,1,0.6702748537063599
0022400216,2024-11-11,2024-25,SAS,SAC,1,0.4110477864742279
0022400001,2024-11-12,2024-25,BOS,ATL,0,0.8029212951660156
0022400002,2024-11-12,2024-25,DET,MIA,1,0.417001873254776
0022400003,2024-11-12,2024-25,ORL,CHA,1,0.678977906703949
0022400004,2024-11-12,2024-25,PHI,NYK,0,0.38867437839508057
0022400005,2024-11-12,2024-25,MIL,TOR,1,0.6729282736778259
0022400006,2024-11-12,2024-25,UTA,PHX,0,0.2730446457862854
0022400007,2024-11-12,2024-25,GSW,DAL,1,0.6352332234382629
0022400008,2024-11-12,2024-25,POR,MIN,1,0.2719540596008301
0022400217,2024-11-13,2024-25,ORL,IND,1,0.5514730215072632
0022400218,2024-11-13,2024-25,BKN,BOS,0,0.279657244682312
0022400219,2024-11-13,2024-25,NYK,CHI,0,0.6866381168365479
0022400220,2024-11-13,2024-25,PHI,CLE,0,0.31428277492523193
0022400221,2024-11-13,2024-25,OKC,NOP,1,0.7787231206893921
0022400222,2024-11-13,2024-25,HOU,LAC,1,0.5503683686256409
0022400223,2024-11-13,2024-25,MIL,DET,1,0.6161351799964905
0022400224,2024-11-13,2024-25,SAS,WAS,1,0.697752058506012
0022400225,2024-11-13,2024-25,LAL,MEM,1,0.569527804851532
0022400226,2024-11-13,2024-25,POR,MIN,1,0.3224395513534546
0022400227,2024-11-13,2024-25,SAC,PHX,1,0.45721879601478577
0022400228,2024-11-14,2024-25,UTA,DAL,1,0.30540695786476135
0022400009,2024-11-15,2024-25,IND,MIA,0,0.5703698396682739
0022400010,2024-11-15,2024-25,ORL,PHI,1,0.6793368458747864
0022400011,2024-11-15,2024-25,TOR,DET,0,0.46773645281791687
0022400012,2024-11-15,2024-25,ATL,WAS,1,0.6765963435173035
0022400013,2024-11-15,2024-25,CLE,CHI,1,0.7346754670143127
0022400014,2024-11-15,2024-25,NYK,BKN,1,0.6924035549163818
0022400015,2024-11-15,2024-25,SAS,LAL,0,0.4736288785934448
0022400016,2024-11-15,2024-25,HOU,LAC,1,0.5707284808158875
0022400017,2024-11-15,2024-25,NOP,DEN,1,0.3459363281726837
0022400018,2024-11-15,2024-25,OKC,PHX,1,0.6526064872741699
0022400019,2024-11-15,2024-25,GSW,MEM,1,0.7081345915794373
0022400020,2024-11-15,2024-25,SAC,MIN,0,0.5452630519866943
0022400229,2024-11-16,2024-25,CHA,MIL,1,0.43989503383636475
0022400230,2024-11-16,2024-25,BOS,TOR,1,0.871953010559082
0022400231,2024-11-16,2024-25,NOP,LAL,0,0.4316849112510681
0022400232,2024-11-16,2024-25,DAL,SAS,1,0.6411625146865845
0022400233,2024-11-16,2024-25,SAC,UTA,1,0.745663583278656
0022400234,2024-11-17,2024-25,MIN,PHX,1,0.5353349447250366
0022400235,2024-11-17,2024-25,IND,MIA,1,0.5306845307350159
0022400236,2024-11-17,2024-25,CLE,CHA,1,0.7950223088264465
0022400237,2024-11-17,2024-25,WAS,DET,0,0.4354538917541504
0022400238,2024-11-17,2024-25,MEM,DEN,1,0.430402934551239
0022400239,2024-11-17,2024-25,POR,ATL,1,0.4738876223564148
0022400240,2024-11-17,2024-25,NYK,BKN,1,0.6975463032722473
0022400241,2024-11-17,2024-25,CHI,HOU,0,0.39113253355026245
0022400242,2024-11-17,2024-25,OKC,DAL,0,0.6780112981796265
0022400243,2024-11-17,2024-25,LAC,UTA,1,0.7210932374000549
0022400244,2024-11-18,2024-25,DET,CHI,0,0.5420868992805481
0022400245,2024-11-18,2024-25,MIA,PHI,1,0.6509193778038025
0022400246,2024-11-18,2024-25,NYK,WAS,1,0.8207327127456665
0022400247,2024-11-18,2024-25,TOR,IND,1,0.3261989653110504
0022400248,2024-11-18,2024-25,MIL,HOU,1,0.3921036124229431
0022400249,2024-11-18,2024-25,PHX,ORL,0,0.5561279058456421
0022400250,2024-11-18,2024-25,SAC,ATL,0,0.6655873656272888
0022400251,2024-11-18,2024-25,LAC,GSW,1,0.3942398130893707
0022400021,2024-11-19,2024-25,BOS,CLE,1,0.602907657623291
0022400022,2024-11-19,2024-25,BKN,CHA,1,0.5916690230369568
0022400023,2024-11-19,2024-25,MEM,DEN,0,0.474692702293396
0022400024,2024-11-19,2024-25,DAL,NOP,1,0.6905850172042847
0022400025,2024-11-19,2024-25,SAS,OKC,1,0.292377769947052
0022400026,2024-11-19,2024-25,LAL,UTA,1,0.7513198852539062
0022400252,2024-11-20,2024-25,CLE,NOP,1,0.7751837372779846
0022400253,2024-11-20,2024-25,MIL,CHI,1,0.5901355743408203
0022400254,2024-11-20,2024-25,HOU,IND,1,0.6525346040725708
0022400255,2024-11-20,2024-25,MEM,PHI,1,0.653893232345581
0022400256,2024-11-20,2024-25,OKC,POR,1,0.8084322214126587
0022400257,2024-11-20,2024-25,PHX,NYK,0,0.4949578046798706
0022400258,2024-11-20,2024-25,GSW,ATL,1,0.751658022403717
0022400259,2024-11-20,2024-25,LAC,ORL,1,0.5047588348388672
0022400260,2024-11-21,2024-25,CHA,DET,1,0.5141958594322205
0022400261,2024-11-21,2024-25,TOR,MIN,1,0.29711970686912537
0022400262,2024-11-21,2024-25,SAS,UTA,1,0.6808844208717346
0022400263,2024-11-21,2024-25,LAL,ORL,0,0.5393602252006531
0022400027,2024-11-22,2024-25,PHI,BKN,1,0.501775860786438
0022400028,2024-11-22,2024-25,WAS,BOS,0,0.14329522848129272
0022400029,2024-11-22,2024-25,MIL,IND,1,0.5448675155639648
0022400030,2024-11-22,2024-25,CHI,ATL,1,0.5251686573028564
0022400031,2024-11-22,2024-25,HOU,POR,1,0.7654450535774231
0022400032,2024-11-22,2024-25,NOP,GSW,0,0.2703395187854767
0022400033,2024-11-22,2024-25,DEN,DAL,0,0.5329497456550598
0022400034,2024-11-22,2024-25,LAC,SAC,1,0.5420183539390564
0022400264,2024-11-23,2024-25,UTA,NYK,1,0.2512955367565155
0022400265,2024-11-23,2024-25,ORL,DET,1,0.7091861367225647
0022400266,2024-11-23,2024-25,CHI,MEM,0,0.46224918961524963
0022400267,2024-11-23,2024-25,HOU,POR,0,0.7829420566558838
0022400268,2024-11-23,2024-25,MIL,CHA,1,0.66922527551651
0022400269,2024-11-23,2024-25,SAS,GSW,1,0.3326403796672821
0022400270,2024-11-23,2024-25,LAL,DEN,0,0.5049197673797607
0022400271,2024-11-24,2024-25,BOS,MIN,1,0.7099365592002869
0022400272,2024-11-24,2024-25,IND,WAS,1,0.7448346018791199
0022400273,2024-11-24,2024-25,MIA,DAL,1,0.4510669708251953
0022400274,2024-11-24,2024-25,PHI,LAC,0,0.3726496696472168
0022400275,2024-11-24,2024-25,CLE,TOR,1,0.8272343277931213
0022400276,2024-11-24,2024-25,SAC,BKN,0,0.6711346507072449
0022400277,2024-11-25,2024-25,CHA,ORL,0,0.3377194106578827
0022400278,2024-11-25,2024-25,DET,TOR,1,0.5930991172790527
0022400279,2024-11-25,2024-25,IND,NOP,1,0.6306846737861633
0022400280,2024-11-25,2024-25,ATL,DAL,0,0.3517315685749054
0022400281,2024-11-25,2024-25,BOS,LAC,1,0.6898154020309448
0022400282,2024-11-25,2024-25,MEM,POR,1,0.6750591993331909
0022400283,2024-11-25,2024-25,DEN,NYK,0,0.5706869959831238
0022400284,2024-11-25,2024-25,GSW,BKN,0,0.7651773691177368
0022400285,2024-11-25,2024-25,SAC,OKC,0,0.369678795337677
0022400035,2024-11-26,2024-25,WAS,CHI,0,0.37395262718200684
0022400036,2024-11-26,2024-25,MIA,MIL,0,0.5687710046768188
0022400037,2024-11-26,2024-25,MIN,HOU,0,0.48391541838645935
0022400038,2024-11-26,2024-25,UTA,SAS,0,0.39754077792167664
0022400039,2024-11-26,2024-25,PHX,LAL,1,0.5570621490478516
0022400286,2024-11-27,2024-25,CHA,MIA,0,0.37395378947257996
0022400287,2024-11-27,2024-25,CLE,ATL,0,0.7885853052139282
0022400288,2024-11-27,2024-25,IND,POR,1,0.6579527258872986
0022400289,2024-11-27,2024-25,ORL,CHI,1,0.6890387535095215
0022400290,2024-11-27,2024-25,PHI,HOU,0,0.301618367433548
0022400291,2024-11-27,2024-25,WAS,LAC,0,0.22858797013759613
0022400292,2024-11-27,2024-25,DAL,NYK,1,0.5299636125564575
0022400293,2024-11-27,2024-25,MEM,DET,1,0.6866479516029358
0022400294,2024-11-27,2024-25,MIN,SAC,0,0.5879220962524414
0022400295,2024-11-27,2024-25,NOP,TOR,0,0.6006067991256714
0022400296,2024-11-27,2024-25,SAS,LAL,0,0.5477415919303894
0022400297,2024-11-27,2024-25,PHX,BKN,0,0.6653012633323669
0022400298,2024-11-27,2024-25,UTA,DEN,0,0.30097872018814087
0022400299,2024-11-27,2024-25,GSW,OKC,0,0.4707949161529541
0022400040,2024-11-29,2024-25,CHA,NYK,0,0.2936898171901703
0022400041,2024-11-29,2024-25,ATL,CLE,1,0.3230920732021332
0022400042,2024-11-29,2024-25,MEM,NOP,1,0.7292179465293884
0022400043,2024-11-29,2024-25,BKN,ORL,0,0.406924307346344
0022400044,2024-11-29,2024-25,MIN,LAC,1,0.4941991865634918
0022400045,2024-11-29,2024-25,IND,DET,0,0.6579848527908325
0022400046,2024-11-29,2024-25,MIA,TOR,1,0.7007504105567932
0022400047,2024-11-29,2024-25,CHI,BOS,0,0.22741036117076874
0022400048,2024-11-29,2024-25,LAL,OKC,0,0.34727421402931213
0022400049,2024-11-29,2024-25,POR,SAC,1,0.37799572944641113
0022400300,2024-11-30,2024-25,CHA,ATL,0,0.42978304624557495
0022400301,2024-11-30,2024-25,DET,PHI,0,0.5817917585372925
0022400302,2024-11-30,2024-25,MIL,WAS,1,0.7992153763771057
0022400303,2024-11-30,2024-25,PHX,GSW,1,0.4503808319568634
0022400304,2024-11-30,2024-25,UTA,DAL,0,0.25266674160957336
0022400305,2024-12-01,2024-25,BKN,ORL,0,0.3680710196495056
0022400306,2024-12-01,2024-25,MEM,IND,1,0.6451422572135925
0022400307,2024-12-01,2024-25,CLE,BOS,1,0.4007221758365631
0022400308,2024-12-01,2024-25,NYK,NOP,1,0.7810854911804199
0022400309,2024-12-01,2024-25,TOR,MIA,1,0.36251088976860046
0022400310,2024-12-01,2024-25,HOU,OKC,1,0.4478757977485657
0022400311,2024-12-01,2024-25,UTA,LAL,0,0.344591349363327
0022400312,2024-12-01,2024-25,POR,DAL,0,0.29130861163139343
0022400313,2024-12-01,2024-25,SAC,SAS,0,0.5716440081596375
0022400314,2024-12-01,2024-25,LAC,DEN,1,0.5247567296028137
0022400315,2024-12-02,2024-25,ATL,NOP,1,0.6755671501159668
0022400316,2024-12-02,2024-25,BOS,MIA,1,0.7509486079216003
0022400317,2024-12-02,2024-25,CHI,BKN,1,0.5283376574516296
0022400318,2024-12-02,2024-25,MIN,LAL,1,0.5629130005836487
0022400050,2024-12-03,2024-25,CHA,PHI,0,0.4899410605430603
0022400051,2024-12-03,2024-25,CLE,WAS,1,0.8687187433242798
0022400052,2024-12-03,2024-25,DET,MIL,0,0.41148641705513
0022400053,2024-12-03,2024-25,NYK,ORL,1,0.5473208427429199
0022400054,2024-12-03,2024-25,TOR,IND,1,0.468063086271286
0022400055,2024-12-03,2024-25,OKC,UTA,1,0.862219512462616
0022400056,2024-12-03,2024-25,DAL,MEM,1,0.6162756085395813
0022400057,2024-12-03,2024-25,PHX,SAS,1,0.6136844158172607
0022400058,2024-12-03,2024-25,DEN,GSW,1,0.5088066458702087
0022400059,2024-12-03,2024-25,SAC,HOU,1,0.4020750820636749
0022400060,2024-12-03,2024-25,LAC,POR,1,0.738416850566864
0022400319,2024-12-04,2024-25,BOS,DET,1,0.8567206859588623
0022400320,2024-12-04,2024-25,BKN,IND,1,0.5212201476097107
0022400321,2024-12-04,2024-25,MIA,LAL,1,0.5714877247810364
0022400322,2024-12-04,2024-25,PHI,ORL,0,0.3461260199546814
0022400323,2024-12-04,2024-25,MIL,ATL,0,0.6060965657234192
0022400324,2024-12-04,2024-25,LAC,MIN,0,0.5743420720100403
0022400325,2024-12-05,2024-25,CLE,DEN,1,0.5901548862457275
0022400326,2024-12-05,2024-25,WAS,DAL,0,0.1645335704088211
0022400327,2024-12-05,2024-25,NYK,CHA,1,0.8054709434509277
0022400328,2024-12-05,2024-25,TOR,OKC,0,0.22597968578338623
0022400329,2024-12-05,2024-25,MEM,SAC,1,0.5882782340049744
0022400330,2024-12-05,2024-25,NOP,PHX,1,0.30212143063545227
0022400331,2024-12-05,2024-25,SAS,CHI,0,0.576580822467804
0022400332,2024-12-05,2024-25,GSW,HOU,1,0.5324729681015015
0022400333,2024-12-06,2024-25,PHI,ORL,1,0.33739984035491943
0022400334,2024-12-06,2024-25,ATL,LAL,1,0.5858971476554871
0022400335,2024-12-06,2024-25,BOS,MIL,1,0.7708370685577393
0022400336,2024-12-06,2024-25,CHI,IND,0,0.5949103236198425
0022400337,2024-12-06,2024-25,SAS,SAC,0,0.4843922555446625
0022400338,2024-12-06,2024-25,GSW,MIN,0,0.56535404920578
0022400339,2024-12-06,2024-25,POR,UTA,0,0.5973994135856628
0022400340,2024-12-07,2024-25,CHA,CLE,0,0.23740814626216888
0022400341,2024-12-07,2024-25,WAS,DEN,1,0.19777558743953705
0022400342,2024-12-07,2024-25,NOP,OKC,0,0.18076474964618683
0022400343,2024-12-07,2024-25,NYK,DET,0,0.7894496917724609
0022400344,2024-12-07,2024-25,TOR,DAL,0,0.26607540249824524
0022400345,2024-12-07,2024-25,BOS,MEM,0,0.7327436208724976
0022400346,2024-12-07,2024-25,MIA,PHX,1,0.5384735465049744
0022400347,2024-12-08,2024-25,CHI,PHI,0,0.5736863613128662
0022400348,2024-12-08,2024-25,BKN,MIL,0,0.44485998153686523
0022400349,2024-12-08,2024-25,IND,CHA,0,0.6497654318809509
0022400350,2024-12-08,2024-25,ATL,DEN,0,0.48789986968040466
0022400351,2024-12-08,2024-25,MIA,CLE,1,0.4464683532714844
0022400352,2024-12-08,2024-25,ORL,PHX,1,0.5883367657661438
0022400353,2024-12-08,2024-25,WAS,MEM,0,0.21322514116764069
0022400354,2024-12-08,2024-25,SAS,NOP,1,0.6413155794143677
0022400355,2024-12-08,2024-25,GSW,MIN,1,0.516974925994873
0022400356,2024-12-08,2024-25,LAC,HOU,0,0.48464590311050415
0022400357,2024-12-08,2024-25,SAC,UTA,1,0.7108965516090393
0022400358,2024-12-08,2024-25,LAL,POR,1,0.6837051510810852
0022400359,2024-12-09,2024-25,TOR,NYK,0,0.2894316613674164
0022401201,2024-12-10,2024-25,MIL,ORL,1,0.46200722455978394
0022401203,2024-12-10,2024-25,OKC,DAL,1,0.6240508556365967
0022401202,2024-12-11,2024-25,NYK,ATL,0,0.6928691267967224
0022401204,2024-12-11,2024-25,HOU,GSW,1,0.5630351901054382
0022401205,2024-12-12,2024-25,BOS,DET,1,0.8406118154525757
0022401206,2024-12-12,2024-25,MIA,TOR,1,0.7469074130058289
0022401207,2024-12-12,2024-25,NOP,SAC,0,0.3058828115463257
0022401208,2024-12-13,2024-25,CLE,WAS,1,0.8753406405448914
0022401209,2024-12-13,2024-25,PHI,IND,0,0.5577605962753296
0022401210,2024-12-13,2024-25,MIN,LAL,1,0.6903982758522034
0022401211,2024-12-13,2024-25,MEM,BKN,1,0.7197611331939697
0022401212,2024-12-13,2024-25,CHI,CHA,1,0.6456930041313171
0022401213,2024-12-13,2024-25,DEN,LAC,1,0.5879299640655518
0022401214,2024-12-13,2024-25,UTA,PHX,0,0.34276336431503296
0022401215,2024-12-13,2024-25,POR,SAS,0,0.4102279245853424
0022401216,2024-12-15,2024-25,IND,NOP,1,0.6615312695503235
0022401217,2024-12-15,2024-25,WAS,BOS,0,0.1097802221775055
0022401218,2024-12-15,2024-25,SAS,MIN,0,0.35643360018730164
0022401219,2024-12-15,2024-25,PHX,POR,1,0.7691214680671692
0022401220,2024-12-15,2024-25,LAL,MEM,1,0.38828375935554504
0022401227,2024-12-15,2024-25,ORL,NYK,0,0.5206674337387085
0022401228,2024-12-15,2024-25,GSW,DAL,0,0.49800699949264526
0022401221,2024-12-16,2024-25,DET,MIA,1,0.3431139290332794
0022401222,2024-12-16,2024-25,CHA,PHI,0,0.4482157230377197
0022401223,2024-12-16,2024-25,TOR,CHI,0,0.4476754665374756
0022401224,2024-12-16,2024-25,BKN,CLE,0,0.2981734275817871
0022401225,2024-12-16,2024-25,SAC,DEN,0,0.49798184633255005
0022401226,2024-12-16,2024-25,LAC,UTA,1,0.7242164015769958
0022400360,2024-12-19,2024-25,DET,UTA,0,0.6220631003379822
0022400361,2024-12-19,2024-25,ORL,OKC,0,0.3615458905696869
0022400362,2024-12-19,2024-25,WAS,CHA,1,0.4439275562763214
0022400363,2024-12-19,2024-25,BOS,CHI,0,0.8130035996437073
0022400364,2024-12-19,2024-25,TOR,BKN,0,0.5098792910575867
0022400365,2024-12-19,2024-25,HOU,NOP,1,0.820149838924408
0022400366,2024-12-19,2024-25,MEM,GSW,1,0.543309211730957
0022400367,2024-12-19,2024-25,MIN,NYK,0,0.5517411828041077
0022400368,2024-12-19,2024-25,DAL,LAC,0,0.6607009172439575
0022400369,2024-12-19,2024-25,PHX,IND,0,0.6433963179588318
0022400370,2024-12-19,2024-25,SAS,ATL,1,0.4741961658000946
0022400371,2024-12-19,2024-25,POR,DEN,1,0.24132966995239258
0022400372,2024-12-19,2024-25,SAC,LAL,0,0.6373733282089233
0022400373,2024-12-20,2024-25,PHI,CHA,1,0.6748996376991272
0022400374,2024-12-20,2024-25,CLE,MIL,1,0.6765414476394653
0022400375,2024-12-20,2024-25,MIA,OKC,0,0.36013558506965637
0022400376,2024-12-21,2024-25,SAC,LAL,0,0.593038022518158
0022400377,2024-12-21,2024-25,ORL,MIA,1,0.5388405919075012
0022400378,2024-12-21,2024-25,ATL,MEM,0,0.38260945677757263
0022400379,2024-12-21,2024-25,BKN,UTA,0,0.6085437536239624
0022400380,2024-12-21,2024-25,CLE,PHI,1,0.7657113671302795
0022400381,2024-12-21,2024-25,CHI,BOS,0,0.2865169942378998
0022400382,2024-12-21,2024-25,MIL,WAS,1,0.7965118288993835
0022400383,2024-12-21,2024-25,MIN,GSW,0,0.5955309867858887
0022400384,2024-12-21,2024-25,NOP,NYK,0,0.21490542590618134
0022400385,2024-12-21,2024-25,DAL,LAC,1,0.5879653692245483
0022400386,2024-12-21,2024-25,SAS,POR,1,0.672451913356781
0022400387,2024-12-21,2024-25,PHX,DET,0,0.6920211911201477
0022400388,2024-12-22,2024-25,TOR,HOU,0,0.2564474642276764
0022400389,2024-12-22,2024-25,SAC,IND,0,0.6042690277099609
0022400390,2024-12-22,2024-25,NOP,DEN,0,0.2499854862689972
0022400391,2024-12-23,2024-25,CHA,HOU,0,0.21290278434753418
0022400392,2024-12-23,2024-25,CLE,UTA,1,0.8314515948295593
0022400393,2024-12-23,2024-25,ORL,BOS,1,0.3662283420562744
0022400394,2024-12-23,2024-25,PHI,SAS,1,0.5169547200202942
0022400395,2024-12-23,2024-25,ATL,MIN,1,0.4235820174217224
0022400396,2024-12-23,2024-25,MIA,BKN,1,0.72157222032547
0022400397,2024-12-23,2024-25,NYK,TOR,1,0.8194752335548401
0022400398,2024-12-23,2024-25,CHI,MIL,0,0.4857797622680664
0022400399,2024-12-23,2024-25,MEM,LAC,0,0.6282708048820496
0022400400,2024-12-23,2024-25,OKC,WAS,1,0.9196844100952148
0022400401,2024-12-23,2024-25,DAL,POR,1,0.8351957201957703
0022400402,2024-12-23,2024-25,DEN,PHX,1,0.6327998638153076
0022400403,2024-12-23,2024-25,GSW,IND,0,0.6028613448143005
0022400404,2024-12-23,2024-25,LAL,DET,0,0.6425270438194275
0022400405,2024-12-25,2024-25,NYK,SAS,1,0.7508828043937683
0022400406,2024-12-25,2024-25,DAL,MIN,0,0.6278928518295288
0022400407,2024-12-25,2024-25,BOS,PHI,0,0.811306893825531
0022400408,2024-12-25,2024-25,GSW,LAL,0,0.6074120998382568
0022400409,2024-12-25,2024-25,PHX,DEN,1,0.4101184010505676
0022400410,2024-12-26,2024-25,IND,OKC,0,0.2947075366973877
0022400411,2024-12-26,2024-25,ORL,MIA,0,0.559506356716156
0022400412,2024-12-26,2024-25,WAS,CHA,1,0.47994378209114075
0022400413,2024-12-26,2024-25,ATL,CHI,1,0.5900938510894775
0022400414,2024-12-26,2024-25,MEM,TOR,1,0.8103914856910706
0022400415,2024-12-26,2024-25,MIL,BKN,0,0.7101571559906006
0022400416,2024-12-26,2024-25,NOP,HOU,0,0.2142902910709381
0022400417,2024-12-26,2024-25,POR,UTA,1,0.48006677627563477
0022400418,2024-12-26,2024-25,SAC,DET,0,0.6272779107093811
0022400419,2024-12-27,2024-25,ORL,NYK,0,0.455289363861084
0022400420,2024-12-27,2024-25,BOS,IND,1,0.7429749965667725
0022400421,2024-12-27,2024-25,BKN,SAS,0,0.484514445066452
0022400422,2024-12-27,2024-25,HOU,MIN,0,0.6236051321029663
0022400423,2024-12-27,2024-25,NOP,MEM,0,0.20762816071510315
0022400424,2024-12-27,2024-25,DEN,CLE,0,0.45346397161483765
0022400425,2024-12-27,2024-25,PHX,DAL,0,0.41761767864227295
0022400426,2024-12-27,2024-25,LAC,GSW,1,0.5743420720100403
0022400427,2024-12-28,2024-25,ATL,MIA,1,0.4578065276145935
0022400428,2024-12-28,2024-25,CHA,OKC,0,0.1291590929031372
0022400429,2024-12-28,2024-25,WAS,NYK,0,0.14684447646141052
0022400430,2024-12-28,2024-25,CHI,MIL,1,0.4451565742492676
0022400431,2024-12-28,2024-25,GSW,PHX,1,0.5756277441978455
0022400432,2024-12-28,2024-25,DEN,DET,1,0.7155084609985352
0022400433,2024-12-28,2024-25,UTA,PHI,0,0.4311249256134033
0022400434,2024-12-28,2024-25,POR,DAL,1,0.2139669805765152
0022400435,2024-12-28,2024-25,LAL,SAC,1,0.5541225075721741
0022400436,2024-12-29,2024-25,ORL,BKN,1,0.7238500714302063
0022400437,2024-12-29,2024-25,BOS,IND,0,0.7689391374588013
0022400438,2024-12-29,2024-25,TOR,ATL,0,0.3534552752971649
0022400439,2024-12-29,2024-25,HOU,MIA,0,0.630644679069519
0022400440,2024-12-29,2024-25,OKC,MEM,1,0.6645976901054382
0022400441,2024-12-29,2024-25,MIN,SAS,1,0.6714970469474792
0022400442,2024-12-30,2024-25,CHA,CHI,0,0.36918002367019653
0022400443,2024-12-30,2024-25,WAS,NYK,0,0.14504903554916382
0022400444,2024-12-30,2024-25,NOP,LAC,0,0.2512820363044739
0022400445,2024-12-30,2024-25,UTA,DEN,0,0.2810615301132202
0022400446,2024-12-30,2024-25,GSW,CLE,0,0.36999714374542236
0022400447,2024-12-30,2024-25,POR,PHI,0,0.3903409540653229
0022400448,2024-12-30,2024-25,SAC,DAL,1,0.3830057382583618
0022400449,2024-12-31,2024-25,BOS,TOR,1,0.8709385395050049
0022400450,2024-12-31,2024-25,IND,MIL,0,0.5458140969276428
0022400451,2024-12-31,2024-25,SAS,LAC,1,0.39703771471977234
0022400452,2024-12-31,2024-25,OKC,MIN,1,0.7392997741699219
0022400453,2024-12-31,2024-25,PHX,MEM,0,0.3977247178554535
0022400454,2024-12-31,2024-25,LAL,CLE,0,0.3251589834690094
0022400455,2025-01-01,2024-25,DET,ORL,1,0.38127511739730835
0022400456,2025-01-01,2024-25,WAS,CHI,1,0.31445786356925964
0022400457,2025-01-01,2024-25,MIA,NOP,1,0.800545871257782
0022400458,2025-01-01,2024-25,NYK,UTA,1,0.847526490688324
0022400459,2025-01-01,2024-25,TOR,BKN,1,0.46401047706604004
0022400460,2025-01-01,2024-25,HOU,DAL,1,0.5711831450462341
0022400461,2025-01-01,2024-25,DEN,ATL,1,0.622174084186554
0022400462,2025-01-01,2024-25,SAC,PHI,1,0.5641049146652222
0022400463,2025-01-02,2024-25,MIA,IND,0,0.6152403950691223
0022400464,2025-01-02,2024-25,MIN,BOS,0,0.3870980441570282
0022400465,2025-01-02,2024-25,MIL,BKN,0,0.7172455787658691
0022400466,2025-01-02,2024-25,OKC,LAC,1,0.775483250617981
0022400467,2025-01-02,2024-25,GSW,PHI,1,0.6072542667388916
0022400468,2025-01-02,2024-25,LAL,POR,1,0.7419809699058533
0022400469,2025-01-03,2024-25,DET,CHA,1,0.6963005661964417
0022400470,2025-01-03,2024-25,TOR,ORL,0,0.31156349182128906
0022400471,2025-01-03,2024-25,HOU,BOS,0,0.4555146396160126
0022400472,2025-01-03,2024-25,NOP,WAS,1,0.5675926208496094
0022400473,2025-01-03,2024-25,OKC,NYK,1,0.6469103097915649
0022400474,2025-01-03,2024-25,DAL,CLE,0,0.40578415989875793
0022400475,2025-01-03,2024-25,DEN,SAS,0,0.6699977517127991
0022400476,2025-01-03,2024-25,SAC,MEM,1,0.3937279284000397
0022400477,2025-01-03,2024-25,LAL,ATL,1,0.531446635723114
0022400478,2025-01-04,2024-25,BKN,PHI,0,0.4606736898422241
0022400479,2025-01-04,2024-25,DET,MIN,1,0.38996395468711853
0022400480,2025-01-04,2024-25,IND,PHX,1,0.580853283405304
0022400481,2025-01-04,2024-25,MIA,UTA,0,0.7586897611618042
0022400482,2025-01-04,2024-25,CHI,NYK,1,0.2721032202243805
0022400483,2025-01-04,2024-25,MIL,POR,0,0.7615688443183899
0022400484,2025-01-04,2024-25,SAS,DEN,0,0.4294675588607788
0022400485,2025-01-04,2024-25,GSW,MEM,1,0.458701491355896
0022400486,2025-01-04,2024-25,LAC,ATL,1,0.5816671252250671
0022400487,2025-01-05,2024-25,OKC,BOS,1,0.6006902456283569
0022400488,2025-01-05,2024-25,CLE,CHA,1,0.8996862769126892
0022400489,2025-01-05,2024-25,WAS,NOP,0,0.49194589257240295
0022400490,2025-01-05,2024-25,ORL,UTA,0,0.7012282013893127
0022400491,2025-01-05,2024-25,HOU,LAL,1,0.6494549512863159
0022400492,2025-01-05,2024-25,GSW,SAC,0,0.5991217494010925
0022400493,2025-01-06,2024-25,DET,POR,1,0.6940191388130188
0022400494,2025-01-06,2024-25,PHI,PHX,0,0.5336103439331055
0022400495,2025-01-06,2024-25,BKN,IND,0,0.3272992670536041
0022400496,2025-01-06,2024-25,NYK,ORL,0,0.6792908906936646
0022400497,2025-01-06,2024-25,TOR,MIL,0,0.3413373827934265
0022400498,2025-01-06,2024-25,CHI,SAS,1,0.4918382465839386
0022400499,2025-01-06,2024-25,MEM,DAL,1,0.5763236284255981
0022400500,2025-01-06,2024-25,MIN,LAC,1,0.5384814143180847
0022400501,2025-01-06,2024-25,SAC,MIA,1,0.605954647064209
0022400502,2025-01-07,2024-25,CHA,PHX,1,0.312690794467926
0022400503,2025-01-07,2024-25,WAS,HOU,0,0.17794527113437653
0022400504,2025-01-07,2024-25,DAL,LAL,1,0.6008014678955078
0022400505,2025-01-07,2024-25,NOP,MIN,0,0.2924705147743225
0022400506,2025-01-07,2024-25,UTA,ATL,0,0.48314544558525085
0022400507,2025-01-07,2024-25,DEN,BOS,0,0.4192144274711609
0022400508,2025-01-07,2024-25,GSW,MIA,0,0.5861707925796509
0022400509,2025-01-08,2024-25,CLE,OKC,1,0.46008291840553284
0022400510,2025-01-08,2024-25,IND,CHI,1,0.6464358568191528
0022400511,2025-01-08,2024-25,NYK,TOR,1,0.8395564556121826
0022400512,2025-01-08,2024-25,PHI,WAS,1,0.7586537003517151
0022400513,2025-01-08,2024-25,BKN,DET,0,0.4071561396121979
0022400514,2025-01-08,2024-25,NOP,POR,0,0.5520559549331665
0022400515,2025-01-08,2024-25,DEN,LAC,1,0.6062368154525757
0022400516,2025-01-08,2024-25,MIL,SAS,1,0.5820749998092651
0022400517,2025-01-09,2024-25,CLE,TOR,1,0.8945654630661011
0022400518,2025-01-09,2024-25,DET,GSW,0,0.5061774253845215
0022400519,2025-01-09,2024-25,ORL,MIN,0,0.5263320803642273
0022400520,2025-01-09,2024-25,MEM,HOU,0,0.537897527217865
0022400521,2025-01-09,2024-25,DAL,POR,1,0.7906404137611389
0022400522,2025-01-09,2024-25,PHX,ATL,1,0.5288563370704651
0022400523,2025-01-09,2024-25,UTA,MIA,0,0.44342079758644104
0022400525,2025-01-10,2024-25,IND,GSW,1,0.6037636399269104
0022400526,2025-01-10,2024-25,ORL,MIL,0,0.5307755470275879
0022400527,2025-01-10,2024-25,PHI,NOP,0,0.7164202928543091
0022400528,2025-01-10,2024-25,BOS,SAC,0,0.7335107326507568
0022400529,2025-01-10,2024-25,NYK,OKC,0,0.3750670254230499
0022400530,2025-01-10,2024-25,CHI,WAS,1,0.752781093120575
0022400531,2025-01-10,2024-25,DEN,BKN,1,0.8228778839111328
0022400533,2025-01-11,2024-25,PHX,UTA,1,0.6177500486373901
0022400534,2025-01-11,2024-25,DET,TOR,1,0.7102423906326294
0022400535,2025-01-11,2024-25,MIN,MEM,0,0.49558332562446594
0022400536,2025-01-11,2024-25,POR,MIA,0,0.3383222818374634
0022400539,2025-01-12,2024-25,NYK,MIL,1,0.6306068897247314
0022400540,2025-01-12,2024-25,DAL,DEN,0,0.4970633387565613
0022400541,2025-01-12,2024-25,CHI,SAC,0,0.40120792388916016
0022400542,2025-01-12,2024-25,BOS,NOP,1,0.8778439164161682
0022400543,2025-01-12,2024-25,CLE,IND,0,0.7170135378837585
0022400544,2025-01-12,2024-25,ORL,PHI,1,0.6283999681472778
0022400545,2025-01-12,2024-25,WAS,OKC,0,0.07740925997495651
0022400546,2025-01-12,2024-25,UTA,BKN,1,0.6389263272285461
0022400547,2025-01-12,2024-25,PHX,CHA,1,0.7359705567359924
0022400548,2025-01-13,2024-25,WAS,MIN,0,0.19422005116939545
0022400549,2025-01-13,2024-25,NYK,DET,0,0.7250264286994934
0022400550,2025-01-13,2024-25,TOR,GSW,1,0.3250248432159424
0022400551,2025-01-13,2024-25,HOU,MEM,1,0.5595515966415405
0022400552,2025-01-13,2024-25,LAL,SAS,0,0.5729506015777588
0022400553,2025-01-13,2024-25,LAC,MIA,1,0.5483102202415466
0022400554,2025-01-14,2024-25,IND,CLE,0,0.41724616289138794
0022400555,2025-01-14,2024-25,PHI,OKC,0,0.17740841209888458
0022400556,2025-01-14,2024-25,ATL,PHX,1,0.5221594572067261
0022400557,2025-01-14,2024-25,CHI,NOP,0,0.6947219967842102
0022400558,2025-01-14,2024-25,MIL,SAC,1,0.464123398065567
0022400559,2025-01-14,2024-25,DAL,DEN,0,0.46752476692199707
0022400560,2025-01-14,2024-25,POR,BKN,0,0.5428209900856018
0022400561,2025-01-15,2024-25,PHI,NYK,0,0.32355251908302307
0022400562,2025-01-15,2024-25,TOR,BOS,1,0.16185182332992554
0022400563,2025-01-15,2024-25,CHI,ATL,0,0.49639540910720825
0022400564,2025-01-15,2024-25,MIL,ORL,1,0.5589356422424316
0022400565,2025-01-15,2024-25,MIN,GSW,0,0.6392057538032532
0022400566,2025-01-15,2024-25,NOP,DAL,1,0.291412353515625
0022400567,2025-01-15,2024-25,SAS,MEM,0,0.4126491844654083
0022400568,2025-01-15,2024-25,DEN,HOU,0,0.5640113949775696
0022400569,2025-01-15,2024-25,UTA,CHA,0,0.6641390919685364
0022400570,2025-01-15,2024-25,LAL,MIA,1,0.493458092212677
0022400571,2025-01-15,2024-25,LAC,BKN,1,0.7528021931648254
0022400572,2025-01-16,2024-25,DET,IND,0,0.4205082356929779
0022400573,2025-01-16,2024-25,WAS,PHX,0,0.2591174244880676
0022400574,2025-01-16,2024-25,OKC,CLE,1,0.6472742557525635
0022400575,2025-01-16,2024-25,POR,LAC,0,0.2566002607345581
0022400576,2025-01-16,2024-25,SAC,HOU,1,0.4370060861110687
0022400577,2025-01-17,2024-25,BOS,ORL,1,0.7237005233764648
0022400578,2025-01-17,2024-25,NYK,MIN,0,0.6159231066703796
0022400579,2025-01-17,2024-25,MIA,DEN,0,0.3947529196739197
0022400580,2025-01-17,2024-25,MIL,TOR,1,0.7662657499313354
0022400581,2025-01-17,2024-25,NOP,UTA,1,0.4712030291557312
0022400582,2025-01-17,2024-25,SAS,MEM,0,0.38568440079689026
0022400583,2025-01-17,2024-25,DAL,OKC,1,0.24682533740997314
0022400584,2025-01-17,2024-25,CHI,CHA,0,0.6673876047134399
0022400585,2025-01-17,2024-25,LAL,BKN,1,0.7193647027015686
0022400586,2025-01-18,2024-25,DET,PHX,0,0.5238895416259766
0022400587,2025-01-18,2024-25,BOS,ATL,0,0.7380383014678955
0022400588,2025-01-18,2024-25,IND,PHI,1,0.7245545983314514
0022400589,2025-01-18,2024-25,GSW,WAS,1,0.8114916086196899
0022400590,2025-01-18,2024-25,MIN,CLE,0,0.4156131446361542
0022400591,2025-01-18,2024-25,POR,HOU,0,0.17669755220413208
0022400592,2025-01-19,2024-25,MIA,SAS,1,0.5627098083496094
0022400593,2025-01-19,2024-25,ORL,DEN,0,0.36107075214385986
0022400594,2025-01-19,2024-25,MIL,PHI,1,0.7028290629386902
0022400595,2025-01-19,2024-25,OKC,BKN,1,0.9202542304992676
0022400596,2025-01-19,2024-25,LAC,LAL,1,0.6444571018218994
0022400597,2025-01-19,2024-25,POR,CHI,1,0.38525843620300293
0022400598,2025-01-19,2024-25,SAC,WAS,1,0.8665621280670166
0022400599,2025-01-20,2024-25,CHA,DAL,1,0.27403369545936584
0022400600,2025-01-20,2024-25,HOU,DET,0,0.7460087537765503
0022400601,2025-01-20,2024-25,MEM,MIN,1,0.6130591630935669
0022400602,2025-01-20,2024-25,NYK,ATL,1,0.655453085899353
0022400603,2025-01-20,2024-25,CLE,PHX,1,0.7635958790779114
0022400604,2025-01-20,2024-25,GSW,BOS,0,0.3454734981060028
0022400605,2025-01-20,2024-25,NOP,UTA,1,0.5075113773345947
0022400611,2025-01-20,2024-25,LAC,CHI,0,0.738691508769989
0022400606,2025-01-21,2024-25,BKN,NYK,0,0.22438475489616394
0022400607,2025-01-21,2024-25,MIA,POR,0,0.7599753141403198
0022400608,2025-01-21,2024-25,TOR,ORL,1,0.38010022044181824
0022400609,2025-01-21,2024-25,DEN,PHI,1,0.7875874638557434
0022400610,2025-01-21,2024-25,LAL,WAS,1,0.8035555481910706
0022400612,2025-01-22,2024-25,ATL,DET,0,0.5593312382698059
0022400613,2025-01-22,2024-25,BKN,PHX,0,0.3450973331928253
0022400614,2025-01-22,2024-25,DAL,MIN,0,0.5080718398094177
0022400615,2025-01-22,2024-25,HOU,CLE,1,0.44593214988708496
0022400616,2025-01-22,2024-25,MEM,CHA,1,0.8405523896217346
0022400618,2025-01-22,2024-25,OKC,UTA,1,0.8984757661819458
0022400619,2025-01-22,2024-25,SAC,GSW,1,0.6645380258560181
0022400620,2025-01-22,2024-25,LAC,BOS,0,0.3893197178840637
0022400622,2025-01-23,2024-25,ORL,POR,0,0.6947208046913147
0022400623,2025-01-23,2024-25,ATL,TOR,0,0.6845169067382812
0022400624,2025-01-23,2024-25,MIL,MIA,1,0.6448076963424683
0022400625,2025-01-23,2024-25,OKC,DAL,0,0.8004605174064636
0022400626,2025-01-23,2024-25,DEN,SAC,1,0.6327471137046814
0022400628,2025-01-23,2024-25,GSW,CHI,1,0.5936155319213867
0022400629,2025-01-23,2024-25,LAL,BOS,1,0.3023107945919037
0022400983,2025-01-23,2024-25,LAC,WAS,1,0.860538125038147
0022400630,2025-01-24,2024-25,CHA,POR,0,0.5159399509429932
0022400631,2025-01-24,2024-25,PHI,CLE,1,0.21525491774082184
0022400632,2025-01-24,2024-25,MEM,NOP,1,0.8248000144958496
0022400634,2025-01-25,2024-25,MIN,DEN,1,0.43817687034606934
0022400635,2025-01-25,2024-25,DAL,BOS,0,0.42646658420562744
0022400636,2025-01-25,2024-25,BKN,MIA,0,0.3477938175201416
0022400637,2025-01-25,2024-25,CHA,NOP,1,0.5024430751800537
0022400638,2025-01-25,2024-25,ORL,DET,1,0.44926318526268005
0022400639,2025-01-25,2024-25,ATL,TOR,0,0.6668825745582581
0022400640,2025-01-25,2024-25,CLE,HOU,0,0.6157938241958618
0022400641,2025-01-25,2024-25,NYK,SAC,1,0.5862975716590881
0022400642,2025-01-25,2024-25,CHI,PHI,0,0.5359856486320496
0022400643,2025-01-25,2024-25,MEM,UTA,1,0.8166607618331909
0022400644,2025-01-25,2024-25,GSW,LAL,0,0.5102722644805908
0022400645,2025-01-25,2024-25,PHX,WAS,1,0.8292484283447266
0022400646,2025-01-25,2024-25,LAC,MIL,1,0.5020144581794739
0022400647,2025-01-26,2024-25,POR,OKC,0,0.13610322773456573
0022400648,2025-01-27,2024-25,CHA,LAL,0,0.3393327295780182
0022400649,2025-01-27,2024-25,CLE,DET,1,0.7568874359130859
0022400650,2025-01-27,2024-25,BOS,HOU,0,0.5761886239051819
0022400651,2025-01-27,2024-25,BKN,SAC,0,0.2485622763633728
0022400652,2025-01-27,2024-25,MIA,ORL,1,0.5920163989067078
0022400653,2025-01-27,2024-25,NYK,MEM,1,0.5110321044921875
0022400654,2025-01-27,2024-25,TOR,NOP,1,0.628580629825592
0022400655,2025-01-27,2024-25,CHI,DEN,1,0.26779064536094666
0022400656,2025-01-27,2024-25,MIN,ATL,1,0.7263870239257812
0022400657,2025-01-27,2024-25,DAL,WAS,1,0.8621457815170288
0022400658,2025-01-27,2024-25,UTA,MIL,0,0.303648442029953
0022400659,2025-01-27,2024-25,PHX,LAC,1,0.46423017978668213
0022400532,2025-01-28,2024-25,ATL,HOU,0,0.3041198253631592
0022400660,2025-01-28,2024-25,PHI,LAL,1,0.42065104842185974
0022400661,2025-01-28,2024-25,GSW,UTA,1,0.6717032790184021
0022400662,2025-01-28,2024-25,POR,MIL,1,0.2834959328174591
0022400663,2025-01-29,2024-25,CHA,BKN,0,0.6128294467926025
0022400664,2025-01-29,2024-25,IND,DET,1,0.6791931986808777
0022400665,2025-01-29,2024-25,WAS,TOR,0,0.30017656087875366
0022400666,2025-01-29,2024-25,BOS,CHI,1,0.8029426336288452
0022400667,2025-01-29,2024-25,MIA,CLE,0,0.29576757550239563
0022400668,2025-01-29,2024-25,NYK,DEN,1,0.5926991701126099
0022400669,2025-01-29,2024-25,PHI,SAC,1,0.40021267533302307
0022400670,2025-01-29,2024-25,NOP,DAL,0,0.28137344121932983
0022400671,2025-01-29,2024-25,SAS,LAC,0,0.41249924898147583
0022400672,2025-01-29,2024-25,PHX,MIN,0,0.4113563895225525
0022400673,2025-01-29,2024-25,GSW,OKC,1,0.2178710699081421
0022400674,2025-01-30,2024-25,WAS,LAL,0,0.1983615607023239
0022400675,2025-01-30,2024-25,CLE,ATL,1,0.813099205493927
0022400676,2025-01-30,2024-25,MEM,HOU,1,0.5116868019104004
0022400677,2025-01-30,2024-25,UTA,MIN,0,0.24440975487232208
0022400678,2025-01-30,2024-25,POR,ORL,1,0.4900137484073639
0022400679,2025-01-31,2024-25,CHA,LAC,0,0.2603302597999573
0022400680,2025-01-31,2024-25,DET,DAL,1,0.4441971480846405
0022400681,2025-01-31,2024-25,PHI,DEN,0,0.36822712421417236
0022400682,2025-01-31,2024-25,TOR,CHI,0,0.5665330290794373
0022400683,2025-01-31,2024-25,NOP,BOS,0,0.17889393866062164
0022400684,2025-01-31,2024-25,SAS,MIL,1,0.3987278938293457
0022400685,2025-01-31,2024-25,GSW,PHX,0,0.5432263612747192
0022400686,2025-02-01,2024-25,IND,ATL,1,0.7372550964355469
0022400687,2025-02-01,2024-25,UTA,ORL,1,0.47769537568092346
0022400688,2025-02-01,2024-25,CHA,DEN,0,0.21901075541973114
0022400689,2025-02-01,2024-25,HOU,BKN,0,0.8558602333068848
0022400690,2025-02-01,2024-25,MIN,WAS,0,0.9158123731613159
0022400691,2025-02-01,2024-25,OKC,SAC,1,0.772720456123352
0022400692,2025-02-01,2024-25,NYK,LAL,0,0.7085203528404236
0022400693,2025-02-01,2024-25,SAS,MIA,0,0.547791063785553
0022400694,2025-02-01,2024-25,POR,PHX,1,0.4049103558063507
0022400695,2025-02-02,2024-25,DET,CHI,1,0.6224011778831482
0022400696,2025-02-02,2024-25,CLE,DAL,1,0.7359861135482788
0022400697,2025-02-02,2024-25,TOR,LAC,1,0.33911821246147156
0022400698,2025-02-02,2024-25,PHI,BOS,0,0.2981550395488739
0022400699,2025-02-02,2024-25,MIL,MEM,0,0.42727839946746826
0022400700,2025-02-03,2024-25,CHA,WAS,0,0.6855517029762268
0022400701,2025-02-03,2024-25,DET,ATL,0,0.6241395473480225
0022400702,2025-02-03,2024-25,NYK,HOU,1,0.5748449563980103
0022400703,2025-02-03,2024-25,MEM,SAS,1,0.7314450740814209
0022400704,2025-02-03,2024-25,MIN,SAC,0,0.6424915194511414
0022400705,2025-02-03,2024-25,OKC,MIL,1,0.8038750886917114
0022400706,2025-02-03,2024-25,DEN,NOP,1,0.8336797952651978
0022400707,2025-02-03,2024-25,UTA,IND,0,0.2608577609062195
0022400708,2025-02-03,2024-25,GSW,ORL,1,0.6466884016990662
0022400709,2025-02-03,2024-25,POR,PHX,1,0.4615016281604767
0022400710,2025-02-04,2024-25,CLE,BOS,0,0.6036516427993774
0022400711,2025-02-04,2024-25,BKN,HOU,1,0.2475496530532837
0022400712,2025-02-04,2024-25,PHI,DAL,1,0.4658398926258087
0022400713,2025-02-04,2024-25,TOR,NYK,0,0.276621550321579
0022400714,2025-02-04,2024-25,CHI,MIA,1,0.47106507420539856
0022400715,2025-02-04,2024-25,LAC,LAL,0,0.5600878596305847
0022400716,2025-02-04,2024-25,POR,IND,1,0.33795222640037537
0022400717,2025-02-05,2024-25,CHA,MIL,0,0.295268714427948
0022400718,2025-02-05,2024-25,DET,CLE,0,0.2837146520614624
0022400719,2025-02-05,2024-25,ATL,SAS,0,0.5115259885787964
0022400720,2025-02-05,2024-25,BKN,WAS,0,0.707517683506012
0022400721,2025-02-05,2024-25,PHI,MIA,0,0.5386825799942017
0022400722,2025-02-05,2024-25,TOR,MEM,0,0.27443355321884155
0022400723,2025-02-05,2024-25,MIN,CHI,1,0.7471835613250732
0022400724,2025-02-05,2024-25,OKC,PHX,1,0.8280737400054932
0022400725,2025-02-05,2024-25,UTA,GSW,1,0.40128469467163086
0022400726,2025-02-05,2024-25,DEN,NOP,1,0.8384069800376892
0022400727,2025-02-05,2024-25,SAC,ORL,0,0.7238578200340271
0022400728,2025-02-06,2024-25,BOS,DAL,0,0.7353477478027344
0022400729,2025-02-06,2024-25,MIN,HOU,1,0.5678306221961975
0022400730,2025-02-06,2024-25,DEN,ORL,1,0.7717618942260742
0022400731,2025-02-06,2024-25,LAL,GSW,1,0.665282666683197
0022400732,2025-02-06,2024-25,POR,SAC,1,0.4949987530708313
0022400733,2025-02-06,2024-25,LAC,IND,0,0.48908135294914246
0022400734,2025-02-07,2024-25,CHA,SAS,1,0.339738667011261
0022400735,2025-02-07,2024-25,WAS,CLE,0,0.10170672833919525
0022400736,2025-02-07,2024-25,ATL,MIL,1,0.43679866194725037
0022400737,2025-02-07,2024-25,BKN,MIA,1,0.3677734434604645
0022400738,2025-02-07,2024-25,DET,PHI,1,0.5880370140075684
0022400739,2025-02-07,2024-25,OKC,TOR,1,0.88917475938797
0022400740,2025-02-07,2024-25,PHX,UTA,1,0.6824131011962891
0022400741,2025-02-08,2024-25,DAL,HOU,1,0.46864819526672363
0022400742,2025-02-08,2024-25,LAL,IND,1,0.5346521139144897
0022400743,2025-02-08,2024-25,ORL,SAS,1,0.4754749536514282
0022400744,2025-02-08,2024-25,WAS,ATL,0,0.30535104870796204
0022400745,2025-02-08,2024-25,CHI,GSW,0,0.48745197057724
0022400746,2025-02-08,2024-25,MEM,OKC,0,0.38429200649261475
0022400747,2025-02-08,2024-25,MIN,POR,1,0.7164097428321838
0022400748,2025-02-08,2024-25,NYK,BOS,0,0.5195603966712952
0022400749,2025-02-08,2024-25,PHX,DEN,0,0.37544116377830505
0022400750,2025-02-08,2024-25,SAC,NOP,1,0.7513204216957092
0022400751,2025-02-08,2024-25,LAC,UTA,1,0.727630615234375
0022400752,2025-02-09,2024-25,DET,CHA,1,0.7603501677513123
0022400753,2025-02-09,2024-25,HOU,TOR,1,0.740736722946167
0022400754,2025-02-09,2024-25,MIL,PHI,1,0.6259341239929199
0022400755,2025-02-10,2024-25,CLE,MIN,1,0.6354587078094482
0022400756,2025-02-10,2024-25,ORL,ATL,0,0.4945690929889679
0022400757,2025-02-10,2024-25,WAS,SAS,0,0.28114885091781616
0022400758,2025-02-10,2024-25,BKN,CHA,1,0.6103349328041077
0022400759,2025-02-10,2024-25,MIA,BOS,0,0.2621542811393738
0022400760,2025-02-10,2024-25,MIL,GSW,0,0.5814599990844727
0022400761,2025-02-10,2024-25,OKC,NOP,1,0.9300767779350281
0022400762,2025-02-10,2024-25,DAL,SAC,0,0.5871868133544922
0022400763,2025-02-10,2024-25,DEN,POR,1,0.7358688116073608
0022400768,2025-02-10,2024-25,LAL,UTA,1,0.7915366291999817
0022400764,2025-02-11,2024-25,PHI,TOR,0,0.5903878808021545
0022400765,2025-02-11,2024-25,IND,NYK,0,0.4870525896549225
0022400766,2025-02-11,2024-25,CHI,DET,0,0.4171496331691742
0022400767,2025-02-11,2024-25,PHX,MEM,0,0.3426096737384796
0022400769,2025-02-12,2024-25,BOS,SAS,1,0.7983310222625732
0022400770,2025-02-12,2024-25,ORL,CHA,1,0.673871636390686
0022400771,2025-02-12,2024-25,WAS,IND,0,0.1799248456954956
0022400772,2025-02-12,2024-25,BKN,PHI,1,0.4585677981376648
0022400773,2025-02-12,2024-25,NYK,ATL,1,0.7463080883026123
0022400774,2025-02-12,2024-25,TOR,CLE,0,0.18892423808574677
0022400775,2025-02-12,2024-25,CHI,DET,0,0.35365357995033264
0022400776,2025-02-12,2024-25,MIN,MIL,0,0.6911309957504272
0022400777,2025-02-12,2024-25,NOP,SAC,0,0.3041442036628723
0022400778,2025-02-12,2024-25,OKC,MIA,1,0.8749721050262451
0022400779,2025-02-12,2024-25,HOU,PHX,1,0.664360523223877
0022400780,2025-02-12,2024-25,DEN,POR,1,0.7582821249961853
0022400781,2025-02-12,2024-25,UTA,LAL,1,0.2587476968765259
0022400782,2025-02-12,2024-25,DAL,GSW,1,0.5856726169586182
0022400783,2025-02-12,2024-25,LAC,MEM,1,0.39856716990470886
0022400784,2025-02-13,2024-25,HOU,GSW,0,0.64796382188797
0022400785,2025-02-13,2024-25,NOP,SAC,1,0.2933500111103058
0022400786,2025-02-13,2024-25,DAL,MIA,1,0.662242591381073
0022400787,2025-02-13,2024-25,MIN,OKC,1,0.3218940496444702
0022401004,2025-02-13,2024-25,UTA,LAC,0,0.32270121574401855
0022400524,2025-02-19,2024-25,LAL,CHA,0,0.8356436491012573
0022400788,2025-02-20,2024-25,IND,MEM,1,0.46007367968559265
0022400789,2025-02-20,2024-25,PHI,BOS,0,0.2218942493200302
0022400790,2025-02-20,2024-25,ATL,ORL,0,0.5962034463882446
0022400791,2025-02-20,2024-25,BKN,CLE,0,0.15869402885437012
0022400792,2025-02-20,2024-25,NYK,CHI,1,0.8245103359222412
0022400793,2025-02-20,2024-25,MIL,LAC,1,0.47762924432754517
0022400794,2025-02-20,2024-25,DEN,CHA,1,0.8810641169548035
0022400795,2025-02-20,2024-25,SAS,PHX,1,0.5251424312591553
0022400796,2025-02-20,2024-25,POR,LAL,0,0.4119065999984741
0022400797,2025-02-21,2024-25,CLE,NYK,1,0.6606730222702026
0022400798,2025-02-21,2024-25,ORL,MEM,0,0.30675482749938965
0022400799,2025-02-21,2024-25,WAS,MIL,0,0.2201078087091446
0022400800,2025-02-21,2024-25,TOR,MIA,0,0.4912564158439636
0022400801,2025-02-21,2024-25,HOU,MIN,1,0.45760390162467957
0022400802,2025-02-21,2024-25,SAS,DET,0,0.45131805539131165
0022400803,2025-02-21,2024-25,DAL,NOP,1,0.7876208424568176
0022400804,2025-02-21,2024-25,UTA,OKC,0,0.13219155371189117
0022400805,2025-02-21,2024-25,SAC,GSW,0,0.5322378277778625
0022400806,2025-02-22,2024-25,CHI,PHX,0,0.4219251573085785
0022400807,2025-02-22,2024-25,PHI,BKN,0,0.6046468615531921
0022400808,2025-02-22,2024-25,DEN,LAL,0,0.6547220349311829
0022400809,2025-02-22,2024-25,UTA,HOU,1,0.2857402265071869
0022400810,2025-02-22,2024-25,POR,CHA,1,0.7228111624717712
0022400811,2025-02-23,2024-25,BOS,NYK,1,0.6547116041183472
0022400812,2025-02-23,2024-25,GSW,DAL,1,0.5235854387283325
0022400813,2025-02-23,2024-25,IND,LAC,1,0.5848612189292908
0022400814,2025-02-23,2024-25,ATL,DET,0,0.4062410593032837
0022400815,2025-02-23,2024-25,ORL,WAS,1,0.7587860822677612
0022400816,2025-02-23,2024-25,TOR,PHX,1,0.44435179233551025
0022400817,2025-02-23,2024-25,MIL,MIA,1,0.6258217692375183
0022400818,2025-02-23,2024-25,NOP,SAS,1,0.3715507984161377
0022400819,2025-02-23,2024-25,CLE,MEM,1,0.7029568552970886
0022400820,2025-02-23,2024-25,MIN,OKC,0,0.3585371673107147
0022400821,2025-02-24,2024-25,DET,LAC,1,0.5731776356697083
0022400822,2025-02-24,2024-25,IND,DEN,0,0.5014238357543945
0022400823,2025-02-24,2024-25,PHI,CHI,0,0.6049031615257263
0022400824,2025-02-24,2024-25,WAS,BKN,1,0.3564167022705078
0022400825,2025-02-24,2024-25,ATL,MIA,1,0.5401361584663391
0022400826,2025-02-24,2024-25,OKC,MIN,0,0.7280270457267761
0022400827,2025-02-24,2024-25,UTA,POR,0,0.4336491823196411
0022400828,2025-02-24,2024-25,SAC,CHA,1,0.7703554630279541
0022400829,2025-02-25,2024-25,TOR,BOS,0,0.1963154673576355
0022400830,2025-02-25,2024-25,ORL,CLE,0,0.1817541867494583
0022400831,2025-02-25,2024-25,HOU,MIL,1,0.5953071713447571
0022400832,2025-02-25,2024-25,MEM,PHX,1,0.7369315028190613
0022400833,2025-02-25,2024-25,NOP,SAS,1,0.42843398451805115
0022400834,2025-02-25,2024-25,GSW,CHA,1,0.8411664962768555
0022400835,2025-02-25,2024-25,LAL,DAL,1,0.6280471086502075
0022400836,2025-02-26,2024-25,DET,BOS,1,0.35125985741615295
0022400837,2025-02-26,2024-25,IND,TOR,1,0.7498637437820435
0022400838,2025-02-26,2024-25,NYK,PHI,1,0.7975661754608154
0022400839,2025-02-26,2024-25,WAS,POR,0,0.26123812794685364
0022400840,2025-02-26,2024-25,BKN,OKC,0,0.12467718124389648
0022400841,2025-02-26,2024-25,MIA,ATL,1,0.5175946354866028
0022400842,2025-02-26,2024-25,CHI,LAC,0,0.3783929944038391
0022400843,2025-02-26,2024-25,UTA,SAC,0,0.40208256244659424
0022400844,2025-02-26,2024-25,HOU,SAS,1,0.7122757434844971
0022400845,2025-02-27,2024-25,ORL,GSW,0,0.3644948899745941
0022400846,2025-02-27,2024-25,MIL,DEN,1,0.3906383216381073
0022400847,2025-02-27,2024-25,DAL,CHA,1,0.824226975440979
0022400848,2025-02-27,2024-25,PHX,NOP,0,0.6557152271270752
0022400849,2025-02-27,2024-25,LAL,MIN,1,0.5054621696472168
0022400850,2025-02-28,2024-25,DET,DEN,0,0.5032572746276855
0022400851,2025-02-28,2024-25,ATL,OKC,0,0.17036835849285126
0022400852,2025-02-28,2024-25,BOS,CLE,0,0.4514158368110657
0022400853,2025-02-28,2024-25,BKN,POR,0,0.39197126030921936
0022400854,2025-02-28,2024-25,MIA,IND,1,0.36432674527168274
0022400855,2025-02-28,2024-25,CHI,TOR,1,0.5365333557128906
0022400856,2025-02-28,2024-25,MEM,NYK,0,0.548721432685852
0022400857,2025-02-28,2024-25,PHX,NOP,1,0.6241941452026367
0022400858,2025-02-28,2024-25,UTA,MIN,1,0.24332675337791443
0022400859,2025-02-28,2024-25,LAL,LAC,1,0.643191397190094
0022400860,2025-03-01,2024-25,CHA,WAS,0,0.5676710605621338
0022400861,2025-03-01,2024-25,DET,BKN,1,0.7978224754333496
0022400862,2025-03-01,2024-25,HOU,SAC,0,0.6296152472496033
0022400863,2025-03-01,2024-25,MEM,SAS,0,0.7631624937057495
0022400864,2025-03-01,2024-25,PHI,GSW,1,0.3064552843570709
0022400865,2025-03-01,2024-25,DAL,MIL,0,0.5350329279899597
0022400866,2025-03-02,2024-25,BOS,DEN,1,0.6017886996269226
0022400867,2025-03-02,2024-25,CLE,POR,1,0.8352513313293457
0022400868,2025-03-02,2024-25,IND,CHI,1,0.751829206943512
0022400869,2025-03-02,2024-25,MIA,NYK,0,0.3493897616863251
0022400870,2025-03-02,2024-25,ORL,TOR,0,0.5769994854927063
0022400871,2025-03-02,2024-25,SAS,OKC,0,0.16201317310333252
0022400872,2025-03-02,2024-25,UTA,NOP,0,0.5682440400123596
0022400873,2025-03-02,2024-25,PHX,MIN,0,0.3272700011730194
0022400874,2025-03-02,2024-25,LAL,LAC,1,0.652338981628418
0022400875,2025-03-03,2024-25,CHA,GSW,0,0.18974511325359344
0022400876,2025-03-03,2024-25,PHI,POR,0,0.41303786635398865
0022400877,2025-03-03,2024-25,MIA,WAS,1,0.7760788798332214
0022400878,2025-03-03,2024-25,MEM,ATL,0,0.7453477382659912
0022400879,2025-03-03,2024-25,OKC,HOU,1,0.7900503277778625
0022400880,2025-03-03,2024-25,DAL,SAC,0,0.5301727652549744
0022400881,2025-03-03,2024-25,UTA,DET,0,0.27648642659187317
0022400882,2025-03-04,2024-25,IND,HOU,1,0.5875686407089233
0022400883,2025-03-04,2024-25,ORL,TOR,0,0.5639614462852478
0022400884,2025-03-04,2024-25,ATL,MIL,0,0.40265098214149475
0022400885,2025-03-04,2024-25,NYK,GSW,0,0.618961751461029
0022400886,2025-03-04,2024-25,CHI,CLE,0,0.14509287476539612
0022400887,2025-03-04,2024-25,MIN,PHI,1,0.8129622340202332
0022400888,2025-03-04,2024-25,SAS,BKN,1,0.6458799242973328
0022400889,2025-03-04,2024-25,PHX,LAC,1,0.42707252502441406
0022400890,2025-03-04,2024-25,LAL,NOP,1,0.8167101740837097
0022400891,2025-03-05,2024-25,BOS,POR,1,0.7602913975715637
0022400892,2025-03-05,2024-25,CHA,MIN,0,0.132590189576149
0022400893,2025-03-05,2024-25,CLE,MIA,1,0.8578850030899048
0022400894,2025-03-05,2024-25,WAS,UTA,1,0.40335914492607117
0022400895,2025-03-05,2024-25,MEM,OKC,0,0.3096025288105011
0022400896,2025-03-05,2024-25,DEN,SAC,1,0.6557952761650085
0022400897,2025-03-05,2024-25,MIL,DAL,1,0.6269121170043945
0022400898,2025-03-05,2024-25,LAC,DET,1,0.44186311960220337
0022400899,2025-03-06,2024-25,ATL,IND,1,0.33159172534942627
0022400900,2025-03-06,2024-25,BOS,PHI,1,0.8647955060005188
0022400901,2025-03-06,2024-25,BKN,GSW,0,0.2520105242729187
0022400902,2025-03-06,2024-25,NOP,HOU,0,0.31375768780708313
0022400903,2025-03-06,2024-25,LAL,NYK,1,0.5746611952781677
0022400944,2025-03-06,2024-25,ORL,CHI,0,0.5609420537948608
0022400904,2025-03-07,2024-25,CHA,CLE,0,0.06512155383825302
0022400905,2025-03-07,2024-25,TOR,UTA,1,0.6064196825027466
0022400906,2025-03-07,2024-25,DAL,MEM,0,0.3904297351837158
0022400907,2025-03-07,2024-25,MIA,MIN,0,0.3287660777568817
0022400908,2025-03-07,2024-25,OKC,POR,1,0.8461205363273621
0022400909,2025-03-07,2024-25,DEN,PHX,1,0.7692892551422119
0022400910,2025-03-07,2024-25,SAC,SAS,1,0.6716464161872864
0022400911,2025-03-07,2024-25,LAC,NYK,1,0.45455101132392883
0022400912,2025-03-08,2024-25,CHA,BKN,1,0.41599908471107483
0022400913,2025-03-08,2024-25,HOU,NOP,1,0.768562376499176
0022400914,2025-03-08,2024-25,ATL,IND,1,0.35779809951782227
0022400915,2025-03-08,2024-25,TOR,WAS,0,0.7247697114944458
0022400916,2025-03-08,2024-25,MIA,CHI,0,0.6214000582695007
0022400917,2025-03-08,2024-25,MIL,ORL,0,0.7405378818511963
0022400918,2025-03-08,2024-25,BOS,LAL,1,0.6282860636711121
0022400919,2025-03-08,2024-25,GSW,DET,1,0.5307795405387878
0022400920,2025-03-09,2024-25,OKC,DEN,1,0.727837085723877
0022400921,2025-03-09,2024-25,DAL,PHX,0,0.5746777057647705
0022400922,2025-03-09,2024-25,MIL,CLE,0,0.2795235216617584
0022400923,2025-03-09,2024-25,NOP,MEM,0,0.24338628351688385
0022400924,2025-03-09,2024-25,PHI,UTA,1,0.5777660012245178
0022400925,2025-03-09,2024-25,MIN,SAS,1,0.7823401689529419
0022400926,2025-03-09,2024-25,POR,DET,0,0.4316580295562744
0022400927,2025-03-09,2024-25,LAC,SAC,1,0.5352949500083923
0022400928,2025-03-10,2024-25,ATL,PHI,1,0.6384472846984863
0022400929,2025-03-10,2024-25,BOS,UTA,1,0.8906176090240479
0022400930,2025-03-10,2024-25,BKN,LAL,1,0.20006029307842255
0022400931,2025-03-10,2024-25,MIA,CHA,0,0.7823147773742676
0022400932,2025-03-10,2024-25,TOR,WAS,1,0.7128210663795471
0022400933,2025-03-10,2024-25,CHI,IND,1,0.322126179933548
0022400934,2025-03-10,2024-25,HOU,ORL,1,0.7240511775016785
0022400935,2025-03-10,2024-25,MEM,PHX,1,0.7223236560821533
0022400936,2025-03-10,2024-25,OKC,DEN,0,0.7481945753097534
0022400937,2025-03-10,2024-25,SAS,DAL,0,0.5025137066841125
0022400938,2025-03-10,2024-25,GSW,POR,1,0.6618590354919434
0022400939,2025-03-10,2024-25,SAC,NYK,0,0.48959881067276
0022400940,2025-03-11,2024-25,CLE,BKN,1,0.9249811768531799
0022400941,2025-03-11,2024-25,DET,WAS,1,0.8720031976699829
0022400942,2025-03-11,2024-25,IND,MIL,1,0.5439673066139221
0022400943,2025-03-11,2024-25,NOP,LAC,1,0.2938041090965271
0022400945,2025-03-12,2024-25,ATL,CHA,1,0.778048038482666
0022400946,2025-03-12,2024-25,BOS,OKC,0,0.4446626901626587
0022400947,2025-03-12,2024-25,TOR,PHI,1,0.5954944491386414
0022400948,2025-03-12,2024-25,MIA,LAC,0,0.42750123143196106
0022400949,2025-03-12,2024-25,HOU,PHX,1,0.6923008561134338
0022400950,2025-03-12,2024-25,MEM,UTA,1,0.8247412443161011
0022400951,2025-03-12,2024-25,SAS,DAL,1,0.4871193468570709
0022400952,2025-03-12,2024-25,DEN,MIN,0,0.5590570569038391
0022400953,2025-03-12,2024-25,POR,NYK,0,0.3779757618904114
0022400954,2025-03-13,2024-25,DET,WAS,0,0.8762407898902893
0022400955,2025-03-13,2024-25,MIL,LAL,1,0.46515175700187683
0022400956,2025-03-13,2024-25,CHI,BKN,1,0.664938747882843
0022400957,2025-03-13,2024-25,GSW,SAC,1,0.6306096315383911
0022401141,2025-03-13,2024-25,NOP,ORL,0,0.4817654490470886
0022400958,2025-03-14,2024-25,MIA,BOS,0,0.22408846020698547
0022400959,2025-03-14,2024-25,PHI,IND,0,0.2914036512374878
0022400960,2025-03-14,2024-25,ATL,LAC,0,0.43707475066185
0022400961,2025-03-14,2024-25,HOU,DAL,1,0.6997813582420349
0022400962,2025-03-14,2024-25,MEM,CLE,0,0.31486761569976807
0022400963,2025-03-14,2024-25,MIN,ORL,1,0.8072246313095093
0022400964,2025-03-14,2024-25,SAS,CHA,0,0.7508065104484558
0022400965,2025-03-14,2024-25,DEN,LAL,1,0.5922760367393494
0022400966,2025-03-14,2024-25,UTA,TOR,0,0.43351253867149353
0022400967,2025-03-14,2024-25,PHX,SAC,1,0.46042972803115845
0022400968,2025-03-15,2024-25,BKN,BOS,0,0.14341647922992706
0022400969,2025-03-15,2024-25,DET,OKC,0,0.28099265694618225
0022400970,2025-03-15,2024-25,HOU,CHI,1,0.7236186861991882
0022400971,2025-03-15,2024-25,MEM,MIA,1,0.7441027164459229
0022400972,2025-03-15,2024-25,MIL,IND,1,0.5520341992378235
0022400973,2025-03-15,2024-25,SAS,NOP,1,0.6227929592132568
0022400974,2025-03-15,2024-25,GSW,NYK,1,0.5344460010528564
0022400975,2025-03-15,2024-25,DEN,WAS,0,0.8936185240745544
0022400538,2025-03-16,2024-25,LAC,CHA,1,0.8474459648132324
0022400976,2025-03-16,2024-25,DAL,PHI,0,0.6389203071594238
0022400977,2025-03-16,2024-25,LAL,PHX,1,0.701720118522644
0022400978,2025-03-16,2024-25,BKN,ATL,1,0.39480870962142944
0022400979,2025-03-16,2024-25,CLE,ORL,0,0.8920708894729614
0022400980,2025-03-16,2024-25,POR,TOR,1,0.6099146604537964
0022400981,2025-03-16,2024-25,MIN,UTA,1,0.8744004368782043
0022400982,2025-03-16,2024-25,MIL,OKC,0,0.28209367394447327
0022400537,2025-03-17,2024-25,LAL,SAS,1,0.76091068983078
0022400984,2025-03-17,2024-25,NYK,MIA,1,0.7662150263786316
0022400985,2025-03-17,2024-25,HOU,PHI,1,0.7985945343971252
0022400986,2025-03-17,2024-25,MIN,IND,0,0.6780754327774048
0022400987,2025-03-17,2024-25,NOP,DET,0,0.25584882497787476
0022400989,2025-03-17,2024-25,UTA,CHI,0,0.3970336616039276
0022400990,2025-03-17,2024-25,GSW,DEN,0,0.523294985294342
0022400991,2025-03-17,2024-25,PHX,TOR,1,0.5814520120620728
0022400992,2025-03-17,2024-25,SAC,MEM,1,0.3867325186729431
0022400995,2025-03-17,2024-25,POR,WAS,1,0.7771310806274414
0022400993,2025-03-18,2024-25,CHA,ATL,0,0.3230580985546112
0022400994,2025-03-18,2024-25,BOS,BKN,1,0.8891575932502747
0022400997,2025-03-18,2024-25,LAC,CLE,1,0.28891125321388245
0022401012,2025-03-18,2024-25,GSW,MIL,1,0.5759204030036926
0022400627,2025-03-19,2024-25,UTA,WAS,1,0.5957593321800232
0022400998,2025-03-19,2024-25,IND,DAL,1,0.720352828502655
0022400999,2025-03-19,2024-25,ORL,HOU,0,0.34189608693122864
0022401000,2025-03-19,2024-25,MIA,DET,0,0.3129737377166748
0022401001,2025-03-19,2024-25,MIN,NOP,0,0.877502977848053
0022401002,2025-03-19,2024-25,OKC,PHI,1,0.9232041835784912
0022401003,2025-03-19,2024-25,SAS,NYK,1,0.2793780565261841
0022401006,2025-03-19,2024-25,LAL,DEN,1,0.4986661672592163
0022401007,2025-03-19,2024-25,PHX,CHI,1,0.5848627686500549
0022401008,2025-03-19,2024-25,POR,MEM,1,0.40395474433898926
0022401009,2025-03-19,2024-25,SAC,CLE,1,0.2437838762998581
0022400996,2025-03-20,2024-25,LAL,MIL,0,0.6056294441223145
0022401005,2025-03-20,2024-25,GSW,TOR,1,0.7824208736419678
0022401010,2025-03-20,2024-25,CHA,NYK,1,0.16159775853157043
0022401011,2025-03-20,2024-25,IND,BKN,1,0.7977584004402161
0022401013,2025-03-20,2024-25,SAC,CHI,0,0.6350788474082947
0022401014,2025-03-21,2024-25,WAS,ORL,0,0.3274547755718231
0022401015,2025-03-21,2024-25,MIA,HOU,0,0.2979665696620941
0022401016,2025-03-21,2024-25,MIN,NOP,1,0.8605467677116394
0022401017,2025-03-21,2024-25,OKC,CHA,1,0.9489293098449707
0022401018,2025-03-21,2024-25,SAS,PHI,1,0.6311050057411194
0022401019,2025-03-21,2024-25,DAL,DET,1,0.32100430130958557
0022401020,2025-03-21,2024-25,UTA,BOS,0,0.13750942051410675
0022401021,2025-03-21,2024-25,PHX,CLE,1,0.23682405054569244
0022401022,2025-03-21,2024-25,POR,DEN,1,0.3931158483028412
0022401023,2025-03-21,2024-25,LAC,MEM,1,0.559217095375061
0022401024,2025-03-22,2024-25,IND,BKN,1,0.8019726276397705
0022401025,2025-03-22,2024-25,ATL,GSW,1,0.3377337157726288
0022401026,2025-03-22,2024-25,NYK,WAS,1,0.8538473844528198
0022401027,2025-03-22,2024-25,SAC,MIL,0,0.4127073884010315
0022401028,2025-03-22,2024-25,LAL,CHI,0,0.6957699656486511
0022401029,2025-03-23,2024-25,DET,NOP,1,0.8177525401115417
0022401030,2025-03-23,2024-25,UTA,CLE,0,0.12775687873363495
0022401031,2025-03-23,2024-25,ATL,PHI,1,0.6835113167762756
0022401032,2025-03-23,2024-25,MIA,CHA,1,0.6943070292472839
0022401033,2025-03-23,2024-25,TOR,SAS,0,0.4963113069534302
0022401034,2025-03-23,2024-25,POR,BOS,0,0.31374770402908325
0022401035,2025-03-23,2024-25,HOU,DEN,0,0.5460818409919739
0022401036,2025-03-23,2024-25,LAC,OKC,0,0.2926613688468933
0022401037,2025-03-24,2024-25,IND,MIN,1,0.4361531138420105
0022401038,2025-03-24,2024-25,ORL,LAL,1,0.41113030910491943
0022401039,2025-03-24,2024-25,WAS,TOR,0,0.38788992166519165
0022401040,2025-03-24,2024-25,BKN,DAL,0,0.42378512024879456
0022401041,2025-03-24,2024-25,NOP,PHI,1,0.5207752585411072
0022401042,2025-03-24,2024-25,DEN,CHI,0,0.6790878772735596
0022401043,2025-03-24,2024-25,PHX,MIL,1,0.41684603691101074
0022401044,2025-03-24,2024-25,SAC,BOS,0,0.2634270191192627
0022401045,2025-03-25,2024-25,CHA,ORL,0,0.30925989151000977
0022401046,2025-03-25,2024-25,DET,SAS,1,0.6945390701293945
0022401047,2025-03-25,2024-25,MIA,GSW,1,0.3084782063961029
0022401048,2025-03-25,2024-25,NYK,DAL,1,0.688191831111908
0022401049,2025-03-25,2024-25,HOU,ATL,1,0.6956709027290344
0022401050,2025-03-25,2024-25,UTA,MEM,0,0.24726428091526031
0022401051,2025-03-25,2024-25,POR,CLE,0,0.2917935252189636
0022401052,2025-03-25,2024-25,SAC,OKC,0,0.17788422107696533
0022401053,2025-03-26,2024-25,PHI,WAS,0,0.6544007658958435
0022401054,2025-03-26,2024-25,BKN,TOR,0,0.4743034243583679
0022401055,2025-03-26,2024-25,IND,LAL,0,0.6271671652793884
0022401056,2025-03-26,2024-25,NYK,LAC,0,0.49841490387916565
0022401057,2025-03-26,2024-25,DEN,MIL,1,0.5364279747009277
0022401058,2025-03-26,2024-25,PHX,BOS,0,0.2762431800365448
0022401059,2025-03-27,2024-25,CLE,SAS,1,0.8402795195579529
0022401060,2025-03-27,2024-25,ORL,DAL,0,0.5759851336479187
0022401061,2025-03-27,2024-25,WAS,IND,0,0.16913311183452606
0022401062,2025-03-27,2024-25,MIA,ATL,1,0.5142930746078491
0022401063,2025-03-27,2024-25,CHI,LAL,1,0.5221591591835022
0022401064,2025-03-27,2024-25,OKC,MEM,1,0.805770754814148
0022401065,2025-03-27,2024-25,UTA,HOU,0,0.19997179508209229
0022401066,2025-03-27,2024-25,SAC,POR,1,0.4927592873573303
0022401067,2025-03-28,2024-25,DET,CLE,1,0.366008996963501
0022401068,2025-03-28,2024-25,BKN,LAC,0,0.18432825803756714
0022401069,2025-03-28,2024-25,TOR,CHA,1,0.7064008116722107
0022401070,2025-03-28,2024-25,MIL,NYK,0,0.585086464881897
0022401071,2025-03-28,2024-25,MIN,PHX,1,0.7124447226524353
0022401072,2025-03-28,2024-25,NOP,GSW,0,0.26912495493888855
0022401073,2025-03-28,2024-25,DEN,UTA,1,0.8533442616462708
0022401074,2025-03-29,2024-25,ORL,SAC,1,0.47721144556999207
0022401075,2025-03-29,2024-25,WAS,BKN,0,0.4769534170627594
0022401076,2025-03-29,2024-25,PHI,MIA,0,0.37051132321357727
0022401077,2025-03-29,2024-25,CHI,DAL,0,0.6352229714393616
0022401078,2025-03-29,2024-25,MEM,LAL,0,0.5961340665817261
0022401079,2025-03-29,2024-25,OKC,IND,1,0.7898380756378174
0022401080,2025-03-29,2024-25,SAS,BOS,0,0.20210759341716766
0022401081,2025-03-30,2024-25,CLE,LAC,1,0.6608248949050903
0022401082,2025-03-30,2024-25,NYK,POR,1,0.6312301158905029
0022401083,2025-03-30,2024-25,MIL,ATL,0,0.6897256970405579
0022401084,2025-03-30,2024-25,MIN,DET,1,0.5877176523208618
0022401085,2025-03-30,2024-25,NOP,CHA,1,0.6348878145217896
0022401086,2025-03-30,2024-25,SAS,GSW,0,0.3791760802268982
0022401087,2025-03-30,2024-25,PHI,TOR,0,0.41610562801361084
0022401088,2025-03-30,2024-25,PHX,HOU,0,0.39666563272476196
0022401089,2025-03-31,2024-25,CHA,UTA,1,0.4931623041629791
0022401090,2025-03-31,2024-25,IND,SAC,1,0.6917888522148132
0022401091,2025-03-31,2024-25,ORL,LAC,0,0.3573550283908844
0022401092,2025-03-31,2024-25,WAS,MIA,0,0.2586808502674103
0022401093,2025-03-31,2024-25,MEM,BOS,0,0.3096160590648651
0022401094,2025-03-31,2024-25,OKC,CHI,1,0.85877525806427
0022401095,2025-03-31,2024-25,DAL,BKN,0,0.7284358739852905
0022401096,2025-03-31,2024-25,LAL,HOU,1,0.42486703395843506
0022400988,2025-04-01,2024-25,SAS,ORL,0,0.4773913323879242
0022401097,2025-04-01,2024-25,ATL,POR,0,0.5416404604911804
0022401098,2025-04-01,2024-25,NYK,PHI,1,0.841059684753418
0022401099,2025-04-01,2024-25,CHI,TOR,1,0.6569544672966003
0022401100,2025-04-01,2024-25,MEM,GSW,0,0.4877578616142273
0022401101,2025-04-01,2024-25,MIL,PHX,1,0.6424645185470581
0022401102,2025-04-01,2024-25,DEN,MIN,0,0.47682300209999084
0022401103,2025-04-02,2024-25,CLE,NYK,1,0.7121210098266602
0022401104,2025-04-02,2024-25,IND,CHA,1,0.872981071472168
0022401105,2025-04-02,2024-25,WAS,SAC,1,0.24873961508274078
0022401106,2025-04-02,2024-25,BOS,MIA,0,0.831911027431488
0022401107,2025-04-02,2024-25,HOU,UTA,1,0.8716752529144287
0022401108,2025-04-02,2024-25,OKC,DET,1,0.801227867603302
0022401109,2025-04-02,2024-25,DAL,ATL,1,0.503618597984314
0022401110,2025-04-02,2024-25,DEN,SAS,0,0.7714818716049194
0022401111,2025-04-02,2024-25,LAC,NOP,1,0.845504879951477
0022401112,2025-04-03,2024-25,WAS,ORL,0,0.2507385313510895
0022401113,2025-04-03,2024-25,BKN,MIN,0,0.1540534943342209
0022401114,2025-04-03,2024-25,MIA,MEM,0,0.516105592250824
0022401115,2025-04-03,2024-25,PHI,MIL,0,0.23002661764621735
0022401116,2025-04-03,2024-25,TOR,POR,0,0.41871100664138794
0022401117,2025-04-03,2024-25,LAL,GSW,0,0.47032976150512695
0022401118,2025-04-04,2024-25,CHA,SAC,0,0.2944141924381256
0022401119,2025-04-04,2024-25,IND,UTA,1,0.862525224685669
0022401120,2025-04-04,2024-25,BOS,PHX,1,0.8148196935653687
0022401121,2025-04-04,2024-25,TOR,DET,0,0.30074959993362427
0022401122,2025-04-04,2024-25,CHI,POR,1,0.5552870035171509
0022401123,2025-04-04,2024-25,HOU,OKC,1,0.2825784683227539
0022401124,2025-04-04,2024-25,SAS,CLE,0,0.19088856875896454
0022401125,2025-04-04,2024-25,GSW,DEN,1,0.5675370693206787
0022401126,2025-04-04,2024-25,LAL,NOP,1,0.7793760895729065
0022401127,2025-04-04,2024-25,LAC,DAL,1,0.7580321431159973
0022401128,2025-04-05,2024-25,ATL,NYK,0,0.40483400225639343
0022401129,2025-04-05,2024-25,DET,MEM,0,0.6125451326370239
0022401130,2025-04-05,2024-25,PHI,MIN,0,0.13855665922164917
0022401131,2025-04-05,2024-25,MIA,MIL,0,0.4867056906223297
0022401132,2025-04-05,2024-25,LAC,DAL,1,0.7739512324333191
0022400617,2025-04-06,2024-25,NOP,MIL,0,0.25179070234298706
0022401133,2025-04-06,2024-25,CHA,CHI,0,0.21619509160518646
0022401134,2025-04-06,2024-25,BKN,TOR,0,0.4247799813747406
0022401135,2025-04-06,2024-25,OKC,LAL,0,0.8295854330062866
0022401136,2025-04-06,2024-25,ATL,UTA,1,0.7533535957336426
0022401137,2025-04-06,2024-25,BOS,WAS,1,0.9377173185348511
0022401138,2025-04-06,2024-25,CLE,SAC,0,0.8260195255279541
0022401139,2025-04-06,2024-25,POR,SAS,1,0.6476850509643555
0022401140,2025-04-06,2024-25,NYK,PHX,1,0.7010221481323242
0022401142,2025-04-06,2024-25,DEN,IND,0,0.5124261379241943
0022401143,2025-04-06,2024-25,GSW,HOU,0,0.5078763365745544
0022401144,2025-04-07,2024-25,DET,SAC,0,0.67264723777771
0022401145,2025-04-07,2024-25,MIA,PHI,1,0.7942784428596497
0022401146,2025-04-08,2024-25,CHA,MEM,0,0.18725942075252533
0022401147,2025-04-08,2024-25,CLE,CHI,1,0.7571848630905151
0022401148,2025-04-08,2024-25,IND,WAS,1,0.8972905874252319
0022401149,2025-04-08,2024-25,ORL,ATL,1,0.5735127925872803
0022401150,2025-04-08,2024-25,BKN,NOP,1,0.5035320520401001
0022401151,2025-04-08,2024-25,NYK,BOS,0,0.3798482418060303
0022401152,2025-04-08,2024-25,MIL,MIN,1,0.4134634733200073
0022401153,2025-04-08,2024-25,OKC,LAL,1,0.7426244616508484
0022401154,2025-04-08,2024-25,PHX,GSW,0,0.33695319294929504
0022401155,2025-04-08,2024-25,LAC,SAS,1,0.8023399114608765
0022401156,2025-04-09,2024-25,ORL,BOS,1,0.2617364227771759
0022401157,2025-04-09,2024-25,WAS,PHI,0,0.47576940059661865
0022401158,2025-04-09,2024-25,TOR,CHA,1,0.7399939298629761
0022401159,2025-04-09,2024-25,DAL,LAL,0,0.3382129669189453
0022401160,2025-04-09,2024-25,CHI,MIA,1,0.5555469393730164
0022401162,2025-04-09,2024-25,UTA,POR,1,0.25019702315330505
0022401163,2025-04-09,2024-25,GSW,SAS,0,0.787848711013794
0022401164,2025-04-09,2024-25,PHX,OKC,0,0.16582734882831573
0022401165,2025-04-09,2024-25,SAC,DEN,0,0.4501255452632904
0022401166,2025-04-09,2024-25,LAC,HOU,1,0.532269299030304
0022401161,2025-04-10,2024-25,MIL,NOP,1,0.8248395919799805
0022401167,2025-04-10,2024-25,DET,NYK,1,0.5228721499443054
0022401168,2025-04-10,2024-25,IND,CLE,1,0.3982101082801819
0022401169,2025-04-10,2024-25,BKN,ATL,0,0.34556010365486145
0022401170,2025-04-10,2024-25,MEM,MIN,0,0.4172472059726715
0022401171,2025-04-11,2024-25,DET,MIL,0,0.5404646396636963
0022401172,2025-04-11,2024-25,IND,ORL,0,0.6604431867599487
0022401173,2025-04-11,2024-25,PHI,ATL,0,0.3262636661529541
0022401174,2025-04-11,2024-25,BOS,CHA,1,0.9320119619369507
0022401175,2025-04-11,2024-25,NYK,CLE,0,0.36655673384666443
0022401176,2025-04-11,2024-25,CHI,WAS,1,0.8630877733230591
0022401177,2025-04-11,2024-25,NOP,MIA,0,0.2995077073574066
0022401178,2025-04-11,2024-25,DAL,TOR,1,0.5485267043113708
0022401179,2025-04-11,2024-25,MIN,BKN,1,0.8991828560829163
0022401180,2025-04-11,2024-25,DEN,MEM,1,0.5833353400230408
0022401181,2025-04-11,2024-25,UTA,OKC,0,0.08370993286371231
0022401182,2025-04-11,2024-25,PHX,SAS,1,0.548393964767456
0022401183,2025-04-11,2024-25,POR,GSW,0,0.3852408230304718
0022401184,2025-04-11,2024-25,SAC,LAC,0,0.32591649889945984
0022401185,2025-04-11,2024-25,LAL,HOU,1,0.4806845188140869
0022401186,2025-04-13,2024-25,ATL,ORL,1,0.45557618141174316
0022401187,2025-04-13,2024-25,BOS,CHA,1,0.9339451193809509
0022401188,2025-04-13,2024-25,BKN,NYK,0,0.2040100246667862
0022401189,2025-04-13,2024-25,CLE,IND,0,0.6970169544219971
0022401190,2025-04-13,2024-25,MIA,WAS,0,0.863664984703064
0022401191,2025-04-13,2024-25,PHI,CHI,0,0.2448713630437851
0022401192,2025-04-13,2024-25,MIL,DET,1,0.5670808553695679
0022401193,2025-04-13,2024-25,HOU,DEN,0,0.5807397365570068
0022401194,2025-04-13,2024-25,MEM,DAL,1,0.6759486794471741
0022401195,2025-04-13,2024-25,MIN,UTA,1,0.9031186103820801
0022401196,2025-04-13,2024-25,NOP,OKC,0,0.08432826399803162
0022401197,2025-04-13,2024-25,SAS,TOR,1,0.5562734603881836
0022401198,2025-04-13,2024-25,GSW,LAC,0,0.4958183467388153
0022401199,2025-04-13,2024-25,POR,LAL,1,0.36567220091819763
0022401200,2025-04-13,2024-25,SAC,PHX,1,0.6077346205711365
0022500001,2025-10-21,2025-26,OKC,HOU,1,0.6567738056182861
0022500002,2025-10-21,2025-26,LAL,GSW,0,0.5210434198379517
0022500003,2025-10-22,2025-26,NYK,CLE,1,0.45725229382514954
0022500004,2025-10-22,2025-26,DAL,SAS,0,0.5460625290870667
0022500080,2025-10-22,2025-26,CHA,BKN,1,0.5040841102600098
0022500081,2025-10-22,2025-26,ORL,MIA,1,0.5504105091094971
0022500082,2025-10-22,2025-26,ATL,TOR,0,0.6076146960258484
0022500083,2025-10-22,2025-26,BOS,PHI,0,0.7804787158966064
0022500084,2025-10-22,2025-26,CHI,DET,1,0.5268763303756714
0022500085,2025-10-22,2025-26,MEM,NOP,1,0.7091472744941711
0022500086,2025-10-22,2025-26,MIL,WAS,1,0.7675672769546509
0022500087,2025-10-22,2025-26,UTA,LAC,1,0.29490241408348083
0022500088,2025-10-22,2025-26,PHX,SAC,1,0.4986315369606018
0022500089,2025-10-22,2025-26,POR,MIN,0,0.4398513734340668
0022500005,2025-10-23,2025-26,IND,OKC,0,0.4294588267803192
0022500006,2025-10-23,2025-26,GSW,DEN,1,0.5700337290763855
0022500018,2025-10-24,2025-26,NYK,BOS,1,0.4881102442741394
0022500019,2025-10-24,2025-26,LAL,MIN,1,0.4661630094051361
0022500090,2025-10-24,2025-26,ORL,ATL,0,0.6054819226264954
0022500091,2025-10-24,2025-26,BKN,CLE,0,0.2689060866832733
0022500092,2025-10-24,2025-26,TOR,MIL,0,0.4280819296836853
0022500093,2025-10-24,2025-26,HOU,DET,0,0.5679304599761963
0022500094,2025-10-24,2025-26,MEM,MIA,0,0.5815940499305725
0022500095,2025-10-24,2025-26,NOP,SAS,0,0.4154197573661804
0022500096,2025-10-24,2025-26,DAL,WAS,0,0.640566349029541
0022500097,2025-10-24,2025-26,POR,GSW,1,0.44427090883255005
0022500098,2025-10-24,2025-26,SAC,UTA,1,0.6380976438522339
0022500099,2025-10-24,2025-26,LAC,PHX,1,0.650405764579773
0022500100,2025-10-25,2025-26,ORL,CHI,0,0.523277997970581
0022500101,2025-10-25,2025-26,ATL,OKC,0,0.326763391494751
0022500102,2025-10-25,2025-26,PHI,CHA,1,0.5683552622795105
0022500103,2025-10-25,2025-26,MEM,IND,1,0.47951528429985046
0022500104,2025-10-25,2025-26,DEN,PHX,1,0.6558260321617126
0022500105,2025-10-26,2025-26,SAS,BKN,1,0.6951477527618408
0022500106,2025-10-26,2025-26,DET,BOS,1,0.48438525199890137
0022500107,2025-10-26,2025-26,CLE,MIL,1,0.5907151103019714
0022500108,2025-10-26,2025-26,MIA,NYK,1,0.511563241481781
0022500109,2025-10-26,2025-26,WAS,CHA,0,0.5356222987174988
0022500110,2025-10-26,2025-26,MIN,IND,1,0.6051459908485413
0022500111,2025-10-26,2025-26,DAL,TOR,1,0.47982314229011536
0022500112,2025-10-26,2025-26,LAC,POR,1,0.6029865741729736
0022500113,2025-10-26,2025-26,SAC,LAL,0,0.469308078289032
0022500007,2025-10-27,2025-26,DET,CLE,0,0.46389269828796387
0022500008,2025-10-27,2025-26,MIN,DEN,0,0.5695147514343262
0022500114,2025-10-27,2025-26,PHI,ORL,1,0.414231538772583
0022500115,2025-10-27,2025-26,CHI,ATL,1,0.6330658197402954
0022500116,2025-10-27,2025-26,HOU,BKN,1,0.7532976865768433
0022500117,2025-10-27,2025-26,NOP,BOS,0,0.3066045045852661
0022500118,2025-10-27,2025-26,SAS,TOR,1,0.6039994955062866
0022500119,2025-10-27,2025-26,DAL,OKC,0,0.25800713896751404
0022500120,2025-10-27,2025-26,UTA,PHX,1,0.5064672231674194
0022500121,2025-10-27,2025-26,GSW,MEM,1,0.5886052846908569
0022500122,2025-10-27,2025-26,LAL,POR,0,0.5960155129432678
0022500123,2025-10-28,2025-26,WAS,PHI,0,0.4459054172039032
0022500124,2025-10-28,2025-26,MIA,CHA,1,0.7223440408706665
0022500125,2025-10-28,2025-26,MIL,NYK,1,0.5496833324432373
0022500126,2025-10-28,2025-26,OKC,SAC,1,0.7469858527183533
0022500127,2025-10-28,2025-26,GSW,LAC,1,0.531583309173584
0022500128,2025-10-29,2025-26,BOS,CLE,1,0.4992006719112396
0022500129,2025-10-29,2025-26,DET,ORL,1,0.5970488786697388
0022500130,2025-10-29,2025-26,BKN,ATL,0,0.3959978520870209
0022500131,2025-10-29,2025-26,TOR,HOU,0,0.3961029052734375
0022500132,2025-10-29,2025-26,CHI,SAC,1,0.6183645725250244
0022500133,2025-10-29,2025-26,DAL,IND,1,0.4103533923625946
0022500134,2025-10-29,2025-26,DEN,NOP,1,0.7768404483795166
0022500135,2025-10-29,2025-26,UTA,POR,0,0.3954141438007355
0022500136,2025-10-29,2025-26,MIN,LAL,0,0.5707916617393494
0022500137,2025-10-29,2025-26,PHX,MEM,0,0.445211261510849
0022500138,2025-10-30,2025-26,CHA,ORL,0,0.4298364520072937
0022500139,2025-10-30,2025-26,MIL,GSW,1,0.5178301334381104
0022500140,2025-10-30,2025-26,OKC,WAS,1,0.8705493211746216
0022500141,2025-10-30,2025-26,SAS,MIA,1,0.48287221789360046
0022500020,2025-10-31,2025-26,IND,ATL,0,0.6044422388076782
0022500021,2025-10-31,2025-26,PHI,BOS,0,0.31105488538742065
0022500022,2025-10-31,2025-26,CLE,TOR,0,0.7509097456932068
0022500023,2025-10-31,2025-26,CHI,NYK,1,0.5580119490623474
0022500024,2025-10-31,2025-26,MEM,LAL,0,0.503350555896759
0022500025,2025-10-31,2025-26,PHX,UTA,1,0.5648345947265625
0022500026,2025-10-31,2025-26,POR,DEN,1,0.48330560326576233
0022500027,2025-10-31,2025-26,LAC,NOP,1,0.7753100991249084
0022500142,2025-11-01,2025-26,MIL,SAC,0,0.6672947406768799
0022500143,2025-11-01,2025-26,CHA,MIN,0,0.3063616454601288
0022500144,2025-11-01,2025-26,IND,GSW,1,0.43726545572280884
0022500145,2025-11-01,2025-26,WAS,ORL,0,0.348504900932312
0022500146,2025-11-01,2025-26,BOS,HOU,0,0.5992655158042908
0022500148,2025-11-02,2025-26,OKC,NOP,1,0.8589585423469543
0022500149,2025-11-02,2025-26,BKN,PHI,0,0.4476982057094574
0022500150,2025-11-02,2025-26,CHA,UTA,1,0.49097487330436707
0022500151,2025-11-02,2025-26,CLE,ATL,1,0.6559004783630371
0022500152,2025-11-02,2025-26,TOR,MEM,1,0.45891639590263367
0022500153,2025-11-02,2025-26,NYK,CHI,1,0.5044236779212952
0022500154,2025-11-02,2025-26,PHX,SAS,1,0.45733246207237244
0022500155,2025-11-02,2025-26,LAL,MIA,1,0.5501308441162109
0022500156,2025-11-03,2025-26,BKN,MIN,0,0.2510261833667755
0022500157,2025-11-03,2025-26,IND,MIL,0,0.45420923829078674
0022500158,2025-11-03,2025-26,BOS,UTA,0,0.7684987187385559
0022500159,2025-11-03,2025-26,NYK,WAS,1,0.799095094203949
0022500160,2025-11-03,2025-26,HOU,DAL,1,0.7408420443534851
0022500161,2025-11-03,2025-26,MEM,DET,0,0.48578763008117676
0022500162,2025-11-03,2025-26,DEN,SAC,1,0.6655789017677307
0022500163,2025-11-03,2025-26,POR,LAL,0,0.5179092288017273
0022500164,2025-11-03,2025-26,LAC,MIA,0,0.5750222206115723
0022500165,2025-11-04,2025-26,TOR,MIL,1,0.3958897590637207
0022500166,2025-11-04,2025-26,ATL,ORL,1,0.5258115530014038
0022500167,2025-11-04,2025-26,CHI,PHI,1,0.6832088828086853
0022500168,2025-11-04,2025-26,NOP,CHA,1,0.5011612176895142
0022500169,2025-11-04,2025-26,GSW,PHX,1,0.6694748997688293
0022500170,2025-11-04,2025-26,LAC,OKC,0,0.39402908086776733
0022500171,2025-11-05,2025-26,CLE,PHI,1,0.7266898155212402
0022500172,2025-11-05,2025-26,DET,UTA,1,0.7315386533737183
0022500173,2025-11-05,2025-26,IND,BKN,0,0.7502599358558655
0022500174,2025-11-05,2025-26,BOS,WAS,1,0.8233899474143982
0022500175,2025-11-05,2025-26,NYK,MIN,1,0.510125458240509
0022500176,2025-11-05,2025-26,MEM,HOU,0,0.4004250168800354
0022500177,2025-11-05,2025-26,DAL,NOP,0,0.624654233455658
0022500178,2025-11-05,2025-26,DEN,MIA,1,0.5970324277877808
0022500179,2025-11-05,2025-26,LAL,SAS,1,0.6295042634010315
0022500180,2025-11-05,2025-26,POR,OKC,1,0.3471689224243164
0022500181,2025-11-05,2025-26,SAC,GSW,1,0.4176214337348938
0022500182,2025-11-06,2025-26,PHX,LAC,1,0.4283826947212219
0022500028,2025-11-07,2025-26,ORL,BOS,1,0.42512598633766174
0022500029,2025-11-07,2025-26,WAS,CLE,0,0.20501454174518585
0022500030,2025-11-07,2025-26,ATL,TOR,0,0.5558201670646667
0022500031,2025-11-07,2025-26,BKN,DET,0,0.2780831754207611
0022500032,2025-11-07,2025-26,SAS,HOU,1,0.4049006998538971
0022500033,2025-11-07,2025-26,MIA,CHA,1,0.7306098341941833
0022500034,2025-11-07,2025-26,MEM,DAL,1,0.6199385523796082
0022500035,2025-11-07,2025-26,MIL,CHI,1,0.5294533371925354
0022500036,2025-11-07,2025-26,MIN,UTA,1,0.7449131011962891
0022500037,2025-11-07,2025-26,DEN,GSW,1,0.5782570242881775
0022500038,2025-11-07,2025-26,SAC,OKC,0,0.29892584681510925
0022500183,2025-11-08,2025-26,WAS,DAL,0,0.39645493030548096
0022500184,2025-11-08,2025-26,PHI,TOR,1,0.44493579864501953
0022500185,2025-11-08,2025-26,ATL,LAL,1,0.4270603358745575
0022500186,2025-11-08,2025-26,CLE,CHI,1,0.6244149804115295
0022500187,2025-11-08,2025-26,MIA,POR,1,0.546580970287323
0022500188,2025-11-08,2025-26,SAS,NOP,1,0.7258604168891907
0022500189,2025-11-08,2025-26,DEN,IND,1,0.7016905546188354
0022500190,2025-11-08,2025-26,LAC,PHX,0,0.6161407232284546
0022500191,2025-11-09,2025-26,MIL,HOU,0,0.49487170577049255
0022500192,2025-11-09,2025-26,NYK,BKN,1,0.8068587779998779
0022500193,2025-11-09,2025-26,ORL,BOS,0,0.4651830196380615
0022500194,2025-11-09,2025-26,MEM,OKC,0,0.2838587760925293
0022500195,2025-11-09,2025-26,PHI,DET,0,0.38771694898605347
0022500196,2025-11-09,2025-26,GSW,IND,1,0.6395842432975769
0022500197,2025-11-09,2025-26,SAC,MIN,0,0.41560664772987366
0022500198,2025-11-10,2025-26,CHA,LAL,0,0.31186380982398987
0022500199,2025-11-10,2025-26,DET,WAS,1,0.8360913991928101
0022500200,2025-11-10,2025-26,ORL,POR,1,0.4939599633216858
0022500201,2025-11-10,2025-26,MIA,CLE,1,0.46512284874916077
0022500202,2025-11-10,2025-26,CHI,SAS,0,0.5615835189819336
0022500203,2025-11-10,2025-26,DAL,MIL,0,0.3669978678226471
0022500204,2025-11-10,2025-26,PHX,NOP,1,0.701673150062561
0022500205,2025-11-10,2025-26,UTA,MIN,0,0.2748064398765564
0022500206,2025-11-10,2025-26,LAC,ATL,0,0.5542315244674683
0022500207,2025-11-11,2025-26,BKN,TOR,0,0.32634150981903076
0022500208,2025-11-11,2025-26,NYK,MEM,1,0.668232798576355
0022500209,2025-11-11,2025-26,PHI,BOS,1,0.376482754945755
0022500210,2025-11-11,2025-26,OKC,GSW,1,0.7083906531333923
0022500211,2025-11-11,2025-26,UTA,IND,1,0.4277774393558502
0022500212,2025-11-11,2025-26,SAC,DEN,0,0.33329492807388306
0022500213,2025-11-12,2025-26,CHA,MIL,1,0.30784332752227783
0022500214,2025-11-12,2025-26,DET,CHI,1,0.5934460759162903
0022500215,2025-11-12,2025-26,NYK,ORL,0,0.6503913402557373
0022500216,2025-11-12,2025-26,BOS,MEM,1,0.6560465097427368
0022500217,2025-11-12,2025-26,MIA,CLE,0,0.4770943522453308
0022500218,2025-11-12,2025-26,HOU,WAS,1,0.8613449335098267
0022500219,2025-11-12,2025-26,NOP,POR,0,0.315081387758255
0022500220,2025-11-12,2025-26,SAS,GSW,0,0.5058774352073669
0022500221,2025-11-12,2025-26,DAL,PHX,0,0.4242701232433319
0022500222,2025-11-12,2025-26,OKC,LAL,1,0.7263408303260803
0022500223,2025-11-12,2025-26,SAC,ATL,0,0.4541592299938202
0022500224,2025-11-12,2025-26,LAC,DEN,0,0.39207929372787476
0022500225,2025-11-13,2025-26,CLE,TOR,0,0.6883373260498047
0022500226,2025-11-13,2025-26,PHX,IND,1,0.6416081190109253
0022500227,2025-11-13,2025-26,UTA,ATL,0,0.3554844260215759
0022500039,2025-11-14,2025-26,NYK,MIA,1,0.5744346380233765
0022500040,2025-11-14,2025-26,ORL,BKN,1,0.7811964750289917
0022500041,2025-11-14,2025-26,DET,PHI,1,0.7032544612884521
0022500042,2025-11-14,2025-26,HOU,POR,1,0.6338679194450378
0022500043,2025-11-14,2025-26,MIL,CHA,1,0.7250525951385498
0022500044,2025-11-14,2025-26,MIN,SAC,1,0.7444365620613098
0022500045,2025-11-14,2025-26,NOP,LAL,0,0.28881698846817017
0022500046,2025-11-14,2025-26,DAL,LAC,0,0.41321897506713867
0022500047,2025-11-14,2025-26,SAS,GSW,0,0.48808667063713074
0022500228,2025-11-15,2025-26,CLE,MEM,1,0.7165638208389282
0022500229,2025-11-15,2025-26,CHA,OKC,0,0.16001038253307343
0022500230,2025-11-15,2025-26,IND,TOR,0,0.4035274386405945
0022500231,2025-11-15,2025-26,MIL,LAL,0,0.5234599113464355
0022500232,2025-11-15,2025-26,MIN,DEN,0,0.4920724928379059
0022500233,2025-11-16,2025-26,BOS,LAC,1,0.6358288526535034
0022500234,2025-11-16,2025-26,SAS,SAC,1,0.668730616569519
0022500235,2025-11-16,2025-26,WAS,BKN,0,0.5040830969810486
0022500236,2025-11-16,2025-26,HOU,ORL,1,0.6591823101043701
0022500237,2025-11-16,2025-26,NOP,GSW,0,0.26367509365081787
0022500238,2025-11-16,2025-26,DAL,POR,1,0.3812827467918396
0022500239,2025-11-16,2025-26,PHX,ATL,0,0.519706666469574
0022500240,2025-11-16,2025-26,UTA,CHI,1,0.370590478181839
0022500241,2025-11-17,2025-26,CLE,MIL,1,0.6480811238288879
0022500242,2025-11-17,2025-26,DET,IND,1,0.7554115653038025
0022500243,2025-11-17,2025-26,PHI,LAC,1,0.45835691690444946
0022500244,2025-11-17,2025-26,MIA,NYK,1,0.4921223819255829
0022500245,2025-11-17,2025-26,TOR,CHA,1,0.7322058081626892
0022500246,2025-11-17,2025-26,MIN,DAL,1,0.7569026947021484
0022500247,2025-11-17,2025-26,NOP,OKC,0,0.12765511870384216
0022500248,2025-11-17,2025-26,DEN,CHI,0,0.7091291546821594
0022500249,2025-11-18,2025-26,ORL,GSW,1,0.47932031750679016
0022500250,2025-11-18,2025-26,BKN,BOS,0,0.24166913330554962
0022500251,2025-11-18,2025-26,ATL,DET,0,0.49455928802490234
0022500252,2025-11-18,2025-26,SAS,MEM,1,0.6389777064323425
0022500253,2025-11-18,2025-26,LAL,UTA,1,0.7590898871421814
0022500254,2025-11-18,2025-26,POR,PHX,0,0.5286752581596375
0022500255,2025-11-19,2025-26,CLE,HOU,0,0.5235841870307922
0022500256,2025-11-19,2025-26,IND,CHA,1,0.5714095830917358
0022500257,2025-11-19,2025-26,MIA,GSW,1,0.5094634294509888
0022500258,2025-11-19,2025-26,PHI,TOR,0,0.4257836937904358
0022500259,2025-11-19,2025-26,MIN,WAS,1,0.8731075525283813
0022500260,2025-11-19,2025-26,NOP,DEN,0,0.18560698628425598
0022500261,2025-11-19,2025-26,OKC,SAC,1,0.8663899898529053
0022500262,2025-11-19,2025-26,DAL,NYK,0,0.3244337737560272
0022500263,2025-11-19,2025-26,POR,CHI,0,0.509896993637085
0022500264,2025-11-20,2025-26,ORL,LAC,1,0.5881479978561401
0022500265,2025-11-20,2025-26,MEM,SAC,1,0.5899609923362732
0022500266,2025-11-20,2025-26,MIL,PHI,0,0.637711226940155
0022500267,2025-11-20,2025-26,SAS,ATL,1,0.531319797039032
0022500048,2025-11-21,2025-26,CLE,IND,1,0.770173192024231
0022500049,2025-11-21,2025-26,BOS,BKN,0,0.8247274160385132
0022500050,2025-11-21,2025-26,TOR,WAS,1,0.8390353918075562
0022500051,2025-11-21,2025-26,CHI,MIA,0,0.5070610642433167
0022500052,2025-11-21,2025-26,DAL,NOP,1,0.6313771605491638
0022500053,2025-11-21,2025-26,PHX,MIN,1,0.46596840023994446
0022500054,2025-11-21,2025-26,HOU,DEN,0,0.5331533551216125
0022500055,2025-11-21,2025-26,UTA,OKC,0,0.16049520671367645
0022500056,2025-11-21,2025-26,GSW,POR,0,0.6180533170700073
0022500268,2025-11-22,2025-26,CHA,LAC,0,0.39076125621795654
0022500269,2025-11-22,2025-26,ORL,NYK,1,0.5192928314208984
0022500270,2025-11-22,2025-26,NOP,ATL,0,0.28129857778549194
0022500271,2025-11-22,2025-26,CHI,WAS,1,0.8077685236930847
0022500272,2025-11-22,2025-26,MIL,DET,0,0.41410812735557556
0022500273,2025-11-22,2025-26,DAL,MEM,0,0.4505862891674042
0022500274,2025-11-22,2025-26,DEN,SAC,0,0.8297438025474548
0022500275,2025-11-23,2025-26,PHI,MIA,0,0.3730584979057312
0022500276,2025-11-23,2025-26,ATL,CHA,1,0.7606586813926697
0022500277,2025-11-23,2025-26,BOS,ORL,1,0.55122309923172
0022500278,2025-11-23,2025-26,CLE,LAC,1,0.681278645992279
0022500279,2025-11-23,2025-26,TOR,BKN,1,0.774182140827179
0022500280,2025-11-23,2025-26,OKC,POR,1,0.8090116381645203
0022500281,2025-11-23,2025-26,PHX,SAS,1,0.5469290614128113
0022500282,2025-11-23,2025-26,UTA,LAL,0,0.2895331382751465
0022500283,2025-11-24,2025-26,IND,DET,0,0.28352561593055725
0022500284,2025-11-24,2025-26,TOR,CLE,1,0.4659762680530548
0022500285,2025-11-24,2025-26,BKN,NYK,0,0.2756178677082062
0022500286,2025-11-24,2025-26,MIA,DAL,1,0.7710224390029907
0022500287,2025-11-24,2025-26,MEM,DEN,0,0.33816590905189514
0022500288,2025-11-24,2025-26,MIL,POR,0,0.5361350774765015
0022500289,2025-11-24,2025-26,NOP,CHI,1,0.31301650404930115
0022500290,2025-11-24,2025-26,PHX,HOU,0,0.441327840089798
0022500291,2025-11-24,2025-26,GSW,UTA,1,0.7389723062515259
0022500292,2025-11-24,2025-26,SAC,MIN,1,0.29243141412734985
0022500057,2025-11-25,2025-26,WAS,ATL,1,0.2064676731824875
0022500058,2025-11-25,2025-26,PHI,ORL,0,0.3958439230918884
0022500059,2025-11-25,2025-26,LAL,LAC,1,0.670975387096405
0022500060,2025-11-26,2025-26,BOS,DET,1,0.5033802390098572
0022500061,2025-11-26,2025-26,CHA,NYK,0,0.277469664812088
0022500062,2025-11-26,2025-26,MIA,MIL,1,0.6877767443656921
0022500063,2025-11-26,2025-26,TOR,IND,1,0.7451202273368835
0022500064,2025-11-26,2025-26,OKC,MIN,1,0.7377194166183472
0022500065,2025-11-26,2025-26,NOP,MEM,0,0.36909621953964233
0022500066,2025-11-26,2025-26,GSW,HOU,0,0.41667187213897705
0022500067,2025-11-26,2025-26,POR,SAS,0,0.5079336166381836
0022500068,2025-11-26,2025-26,SAC,PHX,0,0.37407469749450684
0022500069,2025-11-28,2025-26,ATL,CLE,1,0.4241971969604492
0022500070,2025-11-28,2025-26,BKN,PHI,0,0.4365500509738922
0022500071,2025-11-28,2025-26,CHA,CHI,1,0.3673715889453888
0022500072,2025-11-28,2025-26,DET,ORL,0,0.5746738910675049
0022500073,2025-11-28,2025-26,IND,WAS,1,0.6732841730117798
0022500074,2025-11-28,2025-26,NYK,MIL,1,0.6753886342048645
0022500075,2025-11-28,2025-26,OKC,PHX,1,0.780346155166626
0022500076,2025-11-28,2025-26,DEN,SAS,0,0.6628899574279785
0022500077,2025-11-28,2025-26,UTA,SAC,1,0.5086212158203125
0022500078,2025-11-28,2025-26,LAL,DAL,1,0.7789842486381531
0022500079,2025-11-28,2025-26,LAC,MEM,0,0.5448577404022217
0022500293,2025-11-29,2025-26,MIN,BOS,1,0.5386238694190979
0022500294,2025-11-29,2025-26,CHA,TOR,1,0.27619218826293945
0022500295,2025-11-29,2025-26,IND,CHI,1,0.469142884016037
0022500296,2025-11-29,2025-26,MIA,DET,0,0.5370071530342102
0022500297,2025-11-29,2025-26,MIL,BKN,1,0.7113045454025269
0022500298,2025-11-29,2025-26,GSW,NOP,1,0.7882810831069946
0022500299,2025-11-29,2025-26,PHX,DEN,0,0.42337095737457275
0022500300,2025-11-29,2025-26,LAC,DAL,0,0.6462130546569824
0022500301,2025-11-30,2025-26,UTA,HOU,0,0.22193294763565063
0022500302,2025-11-30,2025-26,CLE,BOS,0,0.5563660264015198
0022500303,2025-11-30,2025-26,NYK,TOR,1,0.5820853114128113
0022500304,2025-11-30,2025-26,PHI,ATL,0,0.42603248357772827
0022500305,2025-11-30,2025-26,POR,OKC,0,0.23030216991901398
0022500306,2025-11-30,2025-26,MIN,SAS,1,0.585742175579071
0022500307,2025-11-30,2025-26,SAC,MEM,0,0.4224490225315094
0022500308,2025-11-30,2025-26,LAL,NOP,1,0.8339024186134338
0022500309,2025-12-01,2025-26,DET,ATL,1,0.6427245140075684
0022500310,2025-12-01,2025-26,IND,CLE,0,0.3250825107097626
0022500311,2025-12-01,2025-26,WAS,MIL,1,0.29107147455215454
0022500312,2025-12-01,2025-26,BKN,CHA,1,0.4829762578010559
0022500313,2025-12-01,2025-26,MIA,LAC,1,0.7022367119789124
0022500314,2025-12-01,2025-26,ORL,CHI,1,0.6979317665100098
0022500315,2025-12-01,2025-26,DEN,DAL,0,0.8193548917770386
0022500316,2025-12-01,2025-26,UTA,HOU,1,0.2061135321855545
0022500317,2025-12-01,2025-26,LAL,PHX,0,0.6362764835357666
0022500318,2025-12-02,2025-26,PHI,WAS,1,0.7146925330162048
0022500319,2025-12-02,2025-26,TOR,POR,1,0.60515958070755
0022500320,2025-12-02,2025-26,BOS,NYK,1,0.5235021710395813
0022500321,2025-12-02,2025-26,NOP,MIN,0,0.21944569051265717
0022500322,2025-12-02,2025-26,SAS,MEM,1,0.6146098971366882
0022500323,2025-12-02,2025-26,GSW,OKC,0,0.28293076157569885
0022500324,2025-12-03,2025-26,CLE,POR,0,0.6769953966140747
0022500325,2025-12-03,2025-26,IND,DEN,0,0.2701430320739746
0022500326,2025-12-03,2025-26,ORL,SAS,0,0.5958293676376343
0022500327,2025-12-03,2025-26,ATL,LAC,0,0.6361734867095947
0022500328,2025-12-03,2025-26,NYK,CHA,1,0.8083731532096863
0022500329,2025-12-03,2025-26,CHI,BKN,0,0.6956483125686646
0022500330,2025-12-03,2025-26,HOU,SAC,1,0.8256188631057739
0022500331,2025-12-03,2025-26,MIL,DET,1,0.3613898754119873
0022500332,2025-12-03,2025-26,DAL,MIA,1,0.3134903907775879
0022500333,2025-12-04,2025-26,PHI,GSW,1,0.39627939462661743
0022500334,2025-12-04,2025-26,WAS,BOS,0,0.18074581027030945
0022500335,2025-12-04,2025-26,BKN,UTA,0,0.4900739789009094
0022500336,2025-12-04,2025-26,TOR,LAL,0,0.49126675724983215
0022500337,2025-12-04,2025-26,NOP,MIN,0,0.21399475634098053
0022500338,2025-12-05,2025-26,BOS,LAL,1,0.5635346174240112
0022500339,2025-12-05,2025-26,ORL,MIA,1,0.5483304262161255
0022500340,2025-12-05,2025-26,ATL,DEN,0,0.3663195073604584
0022500341,2025-12-05,2025-26,CLE,SAS,1,0.5698674917221069
0022500342,2025-12-05,2025-26,DET,POR,1,0.6613903045654297
0022500343,2025-12-05,2025-26,NYK,UTA,1,0.7681382298469543
0022500344,2025-12-05,2025-26,TOR,CHA,0,0.7634002566337585
0022500345,2025-12-05,2025-26,CHI,IND,0,0.5982434749603271
0022500346,2025-12-05,2025-26,HOU,PHX,1,0.6661397218704224
0022500347,2025-12-05,2025-26,MEM,LAC,1,0.5476731657981873
0022500348,2025-12-05,2025-26,MIL,PHI,0,0.593537449836731
0022500349,2025-12-05,2025-26,OKC,DAL,1,0.8728192448616028
0022500350,2025-12-06,2025-26,BKN,NOP,1,0.5699923634529114
0022500351,2025-12-06,2025-26,WAS,ATL,0,0.25889745354652405
0022500352,2025-12-06,2025-26,CLE,GSW,0,0.6034795045852661
0022500353,2025-12-06,2025-26,DET,MIL,1,0.7209968566894531
0022500354,2025-12-06,2025-26,MIA,SAC,0,0.7763112783432007
0022500355,2025-12-06,2025-26,MIN,LAC,1,0.7060123085975647
0022500356,2025-12-06,2025-26,DAL,HOU,1,0.25928041338920593
0022500357,2025-12-07,2025-26,NYK,ORL,1,0.5690556764602661
0022500358,2025-12-07,2025-26,TOR,BOS,0,0.38673701882362366
0022500359,2025-12-07,2025-26,CHA,DEN,0,0.24354767799377441
0022500360,2025-12-07,2025-26,MEM,POR,1,0.5306882262229919
0022500361,2025-12-07,2025-26,CHI,GSW,0,0.38063710927963257
0022500362,2025-12-07,2025-26,PHI,LAL,0,0.3904881179332733
0022500363,2025-12-07,2025-26,UTA,OKC,0,0.14007751643657684
0022500364,2025-12-08,2025-26,IND,SAC,1,0.559724748134613
0022500365,2025-12-08,2025-26,MIN,PHX,0,0.6259004473686218
0022500366,2025-12-08,2025-26,NOP,SAS,0,0.2499084174633026
0022501201,2025-12-09,2025-26,ORL,MIA,1,0.5847206115722656
0022501202,2025-12-09,2025-26,TOR,NYK,0,0.3829313814640045
0022501203,2025-12-10,2025-26,OKC,PHX,1,0.7966805696487427
0022501204,2025-12-10,2025-26,LAL,SAS,0,0.5797927975654602
0022501205,2025-12-11,2025-26,HOU,LAC,1,0.7451396584510803
0022501206,2025-12-11,2025-26,MIL,BOS,1,0.3221145272254944
0022501207,2025-12-11,2025-26,NOP,POR,1,0.3144446909427643
0022501208,2025-12-11,2025-26,SAC,DEN,0,0.24578596651554108
0022501209,2025-12-12,2025-26,CHA,CHI,0,0.5162535309791565
0022501210,2025-12-12,2025-26,DET,ATL,1,0.6787772178649902
0022501211,2025-12-12,2025-26,PHI,IND,1,0.5734040141105652
0022501212,2025-12-12,2025-26,WAS,CLE,0,0.17825190722942352
0022501213,2025-12-12,2025-26,MEM,UTA,0,0.6947885751724243
0022501214,2025-12-12,2025-26,DAL,BKN,1,0.6678594350814819
0022501215,2025-12-12,2025-26,GSW,MIN,0,0.5000743269920349
0022501216,2025-12-14,2025-26,IND,WAS,0,0.7380945086479187
0022501217,2025-12-14,2025-26,ATL,PHI,1,0.5809862017631531
0022501218,2025-12-14,2025-26,CLE,CHA,0,0.7745972871780396
0022501219,2025-12-14,2025-26,BKN,MIL,1,0.3790875971317291
0022501220,2025-12-14,2025-26,MIN,SAC,1,0.7953121066093445
0022501221,2025-12-14,2025-26,POR,GSW,1,0.4023227393627167
0022501223,2025-12-14,2025-26,CHI,NOP,0,0.640593409538269
0022501228,2025-12-14,2025-26,PHX,LAL,0,0.5112659335136414
0022501222,2025-12-15,2025-26,BOS,DET,0,0.5163254737854004
0022501224,2025-12-15,2025-26,UTA,DAL,1,0.46273091435432434
0022501225,2025-12-15,2025-26,DEN,HOU,1,0.5564215779304504
0022501226,2025-12-15,2025-26,LAC,MEM,0,0.49764442443847656
0022501227,2025-12-15,2025-26,MIA,TOR,0,0.6224159002304077
0022500367,2025-12-17,2025-26,CHI,CLE,1,0.3285823464393616
0022500368,2025-12-17,2025-26,MIN,MEM,0,0.663017749786377
0022500369,2025-12-18,2025-26,OKC,LAC,1,0.8759775161743164
0022500370,2025-12-18,2025-26,SAS,WAS,1,0.8379237651824951
0022500371,2025-12-18,2025-26,CHA,ATL,1,0.41747361421585083
0022500372,2025-12-18,2025-26,IND,NYK,0,0.2533056437969208
0022500373,2025-12-18,2025-26,BKN,MIA,0,0.3684447109699249
0022500374,2025-12-18,2025-26,MIL,TOR,0,0.4516323208808899
0022500375,2025-12-18,2025-26,NOP,HOU,1,0.20586539804935455
0022500376,2025-12-18,2025-26,DAL,DET,1,0.31047767400741577
0022500377,2025-12-18,2025-26,DEN,ORL,1,0.6257292032241821
0022500378,2025-12-18,2025-26,PHX,GSW,1,0.5178136229515076
0022500379,2025-12-18,2025-26,UTA,LAL,0,0.3390513062477112
0022500380,2025-12-18,2025-26,POR,SAC,1,0.64524906873703
0022500381,2025-12-19,2025-26,BOS,MIA,1,0.6175910234451294
0022500382,2025-12-19,2025-26,NYK,PHI,0,0.7472123503684998
0022500383,2025-12-19,2025-26,ATL,SAS,0,0.4290686845779419
0022500384,2025-12-19,2025-26,CLE,CHI,0,0.6948119401931763
0022500385,2025-12-19,2025-26,MIN,OKC,1,0.3044719398021698
0022500386,2025-12-20,2025-26,DEN,HOU,0,0.5943459272384644
0022500387,2025-12-20,2025-26,PHI,DAL,1,0.5653732419013977
0022500388,2025-12-20,2025-26,TOR,BOS,0,0.409355491399765
0022500389,2025-12-20,2025-26,NOP,IND,1,0.5090168714523315
0022500390,2025-12-20,2025-26,DET,CHA,1,0.7912271618843079
0022500391,2025-12-20,2025-26,MEM,WAS,0,0.8160842657089233
0022500392,2025-12-20,2025-26,GSW,PHX,1,0.5598666667938232
0022500393,2025-12-20,2025-26,UTA,ORL,0,0.31144458055496216
0022500394,2025-12-20,2025-26,SAC,POR,0,0.43152013421058655
0022500395,2025-12-20,2025-26,LAC,LAL,1,0.38242223858833313
0022500396,2025-12-21,2025-26,ATL,CHI,0,0.5779517889022827
0022500397,2025-12-21,2025-26,BKN,TOR,1,0.40752631425857544
0022500398,2025-12-21,2025-26,NYK,MIA,1,0.6478250622749329
0022500399,2025-12-21,2025-26,WAS,SAS,0,0.20389284193515778
0022500400,2025-12-21,2025-26,MIN,MIL,1,0.7673506140708923
0022500401,2025-12-21,2025-26,SAC,HOU,1,0.22329896688461304
0022500402,2025-12-22,2025-26,CLE,CHA,1,0.696879506111145
0022500403,2025-12-22,2025-26,BOS,IND,1,0.8130748867988586
0022500404,2025-12-22,2025-26,NOP,DAL,1,0.4507068395614624
0022500405,2025-12-22,2025-26,DEN,UTA,1,0.8150716423988342
0022500406,2025-12-22,2025-26,OKC,MEM,1,0.8325558304786682
0022500407,2025-12-22,2025-26,GSW,ORL,1,0.500090479850769
0022500408,2025-12-22,2025-26,POR,DET,0,0.3310735821723938
0022500409,2025-12-23,2025-26,CHA,WAS,1,0.668631911277771
0022500410,2025-12-23,2025-26,PHI,BKN,0,0.6375873684883118
0022500411,2025-12-23,2025-26,ATL,CHI,0,0.5649012327194214
0022500412,2025-12-23,2025-26,CLE,NOP,1,0.7150248289108276
0022500413,2025-12-23,2025-26,IND,MIL,0,0.47715678811073303
0022500414,2025-12-23,2025-26,MIA,TOR,0,0.6076887249946594
0022500415,2025-12-23,2025-26,DAL,DEN,1,0.2790009081363678
0022500416,2025-12-23,2025-26,MIN,NYK,1,0.5419399738311768
0022500417,2025-12-23,2025-26,SAS,OKC,1,0.30031976103782654
0022500418,2025-12-23,2025-26,PHX,LAL,1,0.5162263512611389
0022500419,2025-12-23,2025-26,UTA,MEM,0,0.39434775710105896
0022500420,2025-12-23,2025-26,POR,ORL,0,0.4091598391532898
0022500421,2025-12-23,2025-26,SAC,DET,0,0.2306259423494339
0022500422,2025-12-23,2025-26,LAC,HOU,1,0.32780101895332336
0022500009,2025-12-25,2025-26,NYK,CLE,1,0.6294354200363159
0022500010,2025-12-25,2025-26,OKC,SAS,0,0.7084335088729858
0022500011,2025-12-25,2025-26,GSW,DAL,1,0.6989519596099854
0022500012,2025-12-25,2025-26,LAL,HOU,0,0.4429166913032532
0022500013,2025-12-25,2025-26,DEN,MIN,1,0.5716890692710876
0022500423,2025-12-26,2025-26,ATL,MIA,0,0.4819640815258026
0022500424,2025-12-26,2025-26,ORL,CHA,0,0.7403160333633423
0022500425,2025-12-26,2025-26,WAS,TOR,1,0.27948588132858276
0022500426,2025-12-26,2025-26,IND,BOS,0,0.22584587335586548
0022500427,2025-12-26,2025-26,CHI,PHI,1,0.5171377658843994
0022500428,2025-12-26,2025-26,MEM,MIL,1,0.6455197334289551
0022500429,2025-12-26,2025-26,NOP,PHX,0,0.32108840346336365
0022500430,2025-12-26,2025-26,UTA,DET,1,0.23308749496936798
0022500431,2025-12-26,2025-26,POR,LAC,0,0.49740782380104065
0022500432,2025-12-27,2025-26,SAC,DAL,1,0.4569345712661743
0022500433,2025-12-27,2025-26,ORL,DEN,1,0.40282806754112244
0022500434,2025-12-27,2025-26,NOP,PHX,0,0.31025493144989014
0022500435,2025-12-27,2025-26,ATL,NYK,0,0.3259362578392029
0022500436,2025-12-27,2025-26,MIA,IND,1,0.7401317954063416
0022500437,2025-12-27,2025-26,CHI,MIL,0,0.5877428650856018
0022500438,2025-12-27,2025-26,HOU,CLE,1,0.6560742259025574
0022500439,2025-12-27,2025-26,MIN,BKN,0,0.7763878107070923
0022500440,2025-12-27,2025-26,SAS,UTA,0,0.8179385662078857
0022500441,2025-12-28,2025-26,TOR,GSW,1,0.39608034491539
0022500442,2025-12-28,2025-26,OKC,PHI,1,0.8351321220397949
0022500443,2025-12-28,2025-26,WAS,MEM,1,0.2819179594516754
0022500444,2025-12-28,2025-26,POR,BOS,1,0.3123921751976013
0022500445,2025-12-28,2025-26,LAC,DET,1,0.3771568238735199
0022500446,2025-12-28,2025-26,LAL,SAC,1,0.7041099071502686
0022500447,2025-12-29,2025-26,CHA,MIL,0,0.5381886959075928
0022500448,2025-12-29,2025-26,WAS,PHX,0,0.25495991110801697
0022500449,2025-12-29,2025-26,BKN,GSW,0,0.39313432574272156
0022500450,2025-12-29,2025-26,MIA,DEN,1,0.3799031972885132
0022500451,2025-12-29,2025-26,TOR,ORL,1,0.45642581582069397
0022500452,2025-12-29,2025-26,CHI,MIN,0,0.3509579002857208
0022500453,2025-12-29,2025-26,HOU,IND,1,0.8517268896102905
0022500454,2025-12-29,2025-26,NOP,NYK,0,0.24555791914463043
0022500455,2025-12-29,2025-26,OKC,ATL,1,0.8553279042243958
0022500456,2025-12-29,2025-26,SAS,CLE,0,0.6591460108757019
0022500457,2025-12-29,2025-26,POR,DAL,1,0.5728315114974976
0022500458,2025-12-30,2025-26,MEM,PHI,0,0.6236079931259155
0022500459,2025-12-30,2025-26,UTA,BOS,0,0.29865920543670654
0022500460,2025-12-30,2025-26,LAL,DET,0,0.4210769832134247
0022500461,2025-12-30,2025-26,LAC,SAC,1,0.7273935079574585
0022500462,2025-12-31,2025-26,CHA,GSW,0,0.3461960256099701
0022500463,2025-12-31,2025-26,ATL,MIN,1,0.3177223205566406
0022500464,2025-12-31,2025-26,IND,ORL,0,0.2812110483646393
0022500465,2025-12-31,2025-26,CLE,PHX,1,0.5111985206604004
0022500466,2025-12-31,2025-26,CHI,NOP,1,0.6211203336715698
0022500467,2025-12-31,2025-26,SAS,NYK,1,0.5242363810539246
0022500468,2025-12-31,2025-26,TOR,DEN,0,0.37039250135421753
0022500469,2025-12-31,2025-26,MIL,WAS,0,0.6965179443359375
0022500470,2025-12-31,2025-26,OKC,POR,1,0.8412975072860718
0022500471,2026-01-01,2025-26,BKN,HOU,0,0.29188111424446106
0022500472,2026-01-01,2025-26,DET,MIA,0,0.6494875550270081
0022500473,2026-01-01,2025-26,DAL,PHI,0,0.5008521676063538
0022500474,2026-01-01,2025-26,SAC,BOS,0,0.22844499349594116
0022500475,2026-01-01,2025-26,LAC,UTA,1,0.6987687349319458
0022500476,2026-01-02,2025-26,IND,SAS,0,0.2208777368068695
0022500477,2026-01-02,2025-26,WAS,BKN,1,0.41120362281799316
0022500478,2026-01-02,2025-26,CLE,DEN,1,0.4565495550632477
0022500479,2026-01-02,2025-26,NYK,ATL,0,0.7195900678634644
0022500480,2026-01-02,2025-26,CHI,ORL,1,0.3967995047569275
0022500481,2026-01-02,2025-26,MIL,CHA,1,0.5779499411582947
0022500482,2026-01-02,2025-26,NOP,POR,0,0.4127052128314972
0022500483,2026-01-02,2025-26,PHX,SAC,1,0.7751160264015198
0022500484,2026-01-02,2025-26,GSW,OKC,0,0.3232775926589966
0022500485,2026-01-02,2025-26,LAL,MEM,1,0.5436092019081116
0022500486,2026-01-03,2025-26,MIA,MIN,0,0.5195077657699585
0022500487,2026-01-03,2025-26,NYK,PHI,0,0.6872066855430603
0022500488,2026-01-03,2025-26,TOR,ATL,1,0.5410342216491699
0022500489,2026-01-03,2025-26,CHI,CHA,0,0.5901771187782288
0022500490,2026-01-03,2025-26,SAS,POR,0,0.7192460894584656
0022500491,2026-01-03,2025-26,DAL,HOU,1,0.256552517414093
0022500492,2026-01-03,2025-26,GSW,UTA,1,0.7268738746643066
0022500493,2026-01-03,2025-26,LAC,BOS,0,0.4434056878089905
0022500494,2026-01-04,2025-26,CLE,DET,0,0.4659850001335144
0022500495,2026-01-04,2025-26,ORL,IND,1,0.7809790372848511
0022500496,2026-01-04,2025-26,BKN,DEN,1,0.2786058485507965
0022500497,2026-01-04,2025-26,MIA,NOP,1,0.7796118855476379
0022500498,2026-01-04,2025-26,WAS,MIN,0,0.2485238015651703
0022500499,2026-01-04,2025-26,PHX,OKC,1,0.28801801800727844
0022500500,2026-01-04,2025-26,SAC,MIL,0,0.4130576252937317
0022500501,2026-01-04,2025-26,LAL,MEM,1,0.5626333951950073
0022500502,2026-01-05,2025-26,DET,NYK,1,0.6145718097686768
0022500503,2026-01-05,2025-26,BOS,CHI,1,0.7891608476638794
0022500504,2026-01-05,2025-26,TOR,ATL,1,0.5780823826789856
0022500505,2026-01-05,2025-26,HOU,PHX,1,0.6263893246650696
0022500506,2026-01-05,2025-26,OKC,CHA,0,0.8729376792907715
0022500507,2026-01-05,2025-26,PHI,DEN,0,0.40665823221206665
0022500508,2026-01-05,2025-26,LAC,GSW,1,0.4959869682788849
0022500509,2026-01-05,2025-26,POR,UTA,1,0.6357126235961914
0022500510,2026-01-06,2025-26,IND,CLE,0,0.25643017888069153
0022500511,2026-01-06,2025-26,WAS,ORL,1,0.28988000750541687
0022500512,2026-01-06,2025-26,MEM,SAS,1,0.410602331161499
0022500513,2026-01-06,2025-26,MIN,MIA,1,0.5989174842834473
0022500514,2026-01-06,2025-26,NOP,LAL,0,0.3071138560771942
0022500515,2026-01-06,2025-26,SAC,DAL,0,0.4164884090423584
0022500516,2026-01-07,2025-26,CHA,TOR,0,0.5036546587944031
0022500517,2026-01-07,2025-26,DET,CHI,1,0.7937670350074768
0022500518,2026-01-07,2025-26,PHI,WAS,1,0.7099832892417908
0022500519,2026-01-07,2025-26,ATL,NOP,1,0.6977996230125427
0022500520,2026-01-07,2025-26,BOS,DEN,0,0.611598789691925
0022500521,2026-01-07,2025-26,BKN,ORL,0,0.40927600860595703
0022500522,2026-01-07,2025-26,NYK,LAC,1,0.5746337175369263
0022500523,2026-01-07,2025-26,SAS,LAL,1,0.6257951259613037
0022500524,2026-01-07,2025-26,MEM,PHX,0,0.4560473561286926
0022500525,2026-01-07,2025-26,OKC,UTA,1,0.8613050580024719
0022500526,2026-01-07,2025-26,GSW,MIL,1,0.6747264266014099
0022500527,2026-01-07,2025-26,POR,HOU,1,0.3468460142612457
0022500528,2026-01-08,2025-26,CHA,IND,0,0.7290958166122437
0022500530,2026-01-08,2025-26,MIN,CLE,1,0.6134760975837708
0022500531,2026-01-08,2025-26,UTA,DAL,1,0.48733577132225037
0022500532,2026-01-09,2025-26,BOS,TOR,1,0.7024455666542053
0022500533,2026-01-09,2025-26,ORL,PHI,0,0.5812477469444275
0022500534,2026-01-09,2025-26,WAS,NOP,0,0.5686007142066956
0022500535,2026-01-09,2025-26,BKN,LAC,0,0.41217848658561707
0022500536,2026-01-09,2025-26,MEM,OKC,0,0.2728760540485382
0022500537,2026-01-09,2025-26,DEN,ATL,0,0.7136613130569458
0022500538,2026-01-09,2025-26,PHX,NYK,1,0.5653086304664612
0022500539,2026-01-09,2025-26,GSW,SAC,1,0.8065624237060547
0022500540,2026-01-09,2025-26,POR,HOU,1,0.35843923687934875
0022500541,2026-01-09,2025-26,LAL,MIL,0,0.6307379603385925
0022500542,2026-01-10,2025-26,CLE,MIN,1,0.45242375135421753
0022500543,2026-01-10,2025-26,IND,MIA,1,0.2836606800556183
0022500544,2026-01-10,2025-26,DET,LAC,0,0.6913873553276062
0022500545,2026-01-10,2025-26,BOS,SAS,0,0.6019163131713867
0022500546,2026-01-10,2025-26,CHI,DAL,1,0.5358636379241943
0022500547,2026-01-10,2025-26,UTA,CHA,0,0.4394923448562622
0022500548,2026-01-11,2025-26,ORL,NOP,1,0.7429460287094116
0022500549,2026-01-11,2025-26,MEM,BKN,1,0.6377023458480835
0022500550,2026-01-11,2025-26,TOR,PHI,1,0.5380086302757263
0022500551,2026-01-11,2025-26,POR,NYK,0,0.46657535433769226
0022500552,2026-01-11,2025-26,MIN,SAS,1,0.5414841771125793
0022500553,2026-01-11,2025-26,OKC,MIA,1,0.7747054100036621
0022500554,2026-01-11,2025-26,DEN,MIL,1,0.686829686164856
0022500555,2026-01-11,2025-26,PHX,WAS,1,0.829245924949646
0022500556,2026-01-11,2025-26,GSW,ATL,0,0.6375294923782349
0022500557,2026-01-11,2025-26,SAC,HOU,1,0.19147641956806183
0022500558,2026-01-12,2025-26,CLE,UTA,0,0.7852113246917725
0022500559,2026-01-12,2025-26,IND,BOS,1,0.21649375557899475
0022500560,2026-01-12,2025-26,TOR,PHI,0,0.5459468364715576
0022500561,2026-01-12,2025-26,DAL,BKN,1,0.5510412454605103
0022500562,2026-01-12,2025-26,SAC,LAL,1,0.3307378590106964
0022500563,2026-01-12,2025-26,LAC,CHA,1,0.5920414924621582
0022500564,2026-01-13,2025-26,MIA,PHX,1,0.421203076839447
0022500565,2026-01-13,2025-26,HOU,CHI,1,0.7366451025009155
0022500566,2026-01-13,2025-26,MIL,MIN,0,0.338324636220932
0022500567,2026-01-13,2025-26,NOP,DEN,0,0.2549029290676117
0022500568,2026-01-13,2025-26,OKC,SAS,1,0.6690341234207153
0022500569,2026-01-13,2025-26,LAL,ATL,1,0.5106239914894104
0022500570,2026-01-13,2025-26,GSW,POR,1,0.624381422996521
0022500571,2026-01-14,2025-26,IND,TOR,0,0.3793712854385376
0022500572,2026-01-14,2025-26,PHI,CLE,0,0.5137327909469604
0022500573,2026-01-14,2025-26,CHI,UTA,1,0.6123486161231995
0022500574,2026-01-14,2025-26,NOP,BKN,1,0.46491745114326477
0022500575,2026-01-14,2025-26,DAL,DEN,0,0.33658185601234436
0022500576,2026-01-14,2025-26,SAC,NYK,1,0.28563737869262695
0022500577,2026-01-14,2025-26,LAC,WAS,1,0.8046274185180664
0022500579,2026-01-15,2025-26,DET,PHX,1,0.6174036860466003
0022500580,2026-01-15,2025-26,MIA,BOS,0,0.3808901011943817
0022500581,2026-01-15,2025-26,HOU,OKC,0,0.3866366744041443
0022500582,2026-01-15,2025-26,SAS,MIL,1,0.7350264191627502
0022500583,2026-01-15,2025-26,DAL,UTA,1,0.5917626023292542
0022500584,2026-01-15,2025-26,GSW,NYK,1,0.5687968730926514
0022500585,2026-01-15,2025-26,POR,ATL,1,0.5201481580734253
0022500586,2026-01-15,2025-26,LAL,CHA,0,0.5609861612319946
0022500587,2026-01-16,2025-26,BKN,CHI,1,0.4857628643512726
0022500588,2026-01-16,2025-26,IND,NOP,1,0.5692523121833801
0022500589,2026-01-16,2025-26,PHI,CLE,0,0.4530581831932068
0022500590,2026-01-16,2025-26,TOR,LAC,0,0.4804321229457855
0022500591,2026-01-16,2025-26,HOU,MIN,1,0.4866432249546051
0022500592,2026-01-16,2025-26,SAC,WAS,1,0.6309630274772644
0022500593,2026-01-17,2025-26,DAL,UTA,1,0.629477858543396
0022500594,2026-01-17,2025-26,ATL,BOS,0,0.34305864572525024
0022500595,2026-01-17,2025-26,DET,IND,1,0.8349301815032959
0022500596,2026-01-17,2025-26,NYK,PHX,0,0.48951926827430725
0022500597,2026-01-17,2025-26,MIA,OKC,1,0.26035773754119873
0022500598,2026-01-17,2025-26,SAS,MIN,1,0.519038200378418
0022500599,2026-01-17,2025-26,GSW,CHA,1,0.6215437054634094
0022500600,2026-01-17,2025-26,DEN,WAS,1,0.8413047194480896
0022500601,2026-01-17,2025-26,POR,LAL,1,0.5415459275245667
0022500603,2026-01-18,2025-26,CHI,BKN,1,0.5861445069313049
0022500604,2026-01-18,2025-26,HOU,NOP,1,0.8235777616500854
0022500605,2026-01-18,2025-26,DEN,CHA,0,0.6466449499130249
0022500606,2026-01-18,2025-26,SAC,POR,0,0.3902774155139923
0022500607,2026-01-18,2025-26,LAL,TOR,1,0.514153003692627
0022500014,2026-01-19,2025-26,ATL,MIL,0,0.5924745798110962
0022500015,2026-01-19,2025-26,CLE,OKC,0,0.34681880474090576
0022500016,2026-01-19,2025-26,NYK,DAL,0,0.6588594317436218
0022500017,2026-01-19,2025-26,DET,BOS,1,0.5459722280502319
0022500608,2026-01-19,2025-26,WAS,LAC,0,0.23113717138767242
0022500609,2026-01-19,2025-26,PHI,IND,1,0.7102270126342773
0022500610,2026-01-19,2025-26,BKN,PHX,0,0.2857043743133545
0022500611,2026-01-19,2025-26,SAS,UTA,1,0.8255434036254883
0022500612,2026-01-19,2025-26,GSW,MIA,1,0.6469820141792297
0022500613,2026-01-20,2025-26,PHI,PHX,0,0.4260886609554291
0022500614,2026-01-20,2025-26,CHI,LAC,1,0.38879260420799255
0022500615,2026-01-20,2025-26,HOU,SAS,1,0.5212878584861755
0022500616,2026-01-20,2025-26,UTA,MIN,1,0.21852809190750122
0022500617,2026-01-20,2025-26,DEN,LAL,0,0.62441086769104
0022500618,2026-01-20,2025-26,GSW,TOR,0,0.6894771456718445
0022500619,2026-01-20,2025-26,SAC,MIA,0,0.39366888999938965
0022500620,2026-01-21,2025-26,CHA,CLE,0,0.51326584815979
0022500621,2026-01-21,2025-26,BOS,IND,1,0.8476766347885132
0022500622,2026-01-21,2025-26,NYK,BKN,1,0.7042970657348633
0022500623,2026-01-21,2025-26,MEM,ATL,0,0.575959324836731
0022500624,2026-01-21,2025-26,NOP,DET,0,0.17676891386508942
0022500625,2026-01-21,2025-26,MIL,OKC,0,0.18899832665920258
0022500626,2026-01-21,2025-26,SAC,TOR,0,0.3626127243041992
0022500627,2026-01-22,2025-26,ORL,CHA,0,0.5330022573471069
0022500628,2026-01-22,2025-26,PHI,HOU,1,0.40403902530670166
0022500629,2026-01-22,2025-26,WAS,DEN,0,0.2422679215669632
0022500630,2026-01-22,2025-26,DAL,GSW,1,0.38912326097488403
0022500631,2026-01-22,2025-26,MIN,CHI,0,0.7029634714126587
0022500632,2026-01-22,2025-26,UTA,SAS,0,0.24082519114017487
0022500633,2026-01-22,2025-26,LAC,LAL,1,0.575097918510437
0022500634,2026-01-22,2025-26,POR,MIA,1,0.5499381422996521
0022500635,2026-01-23,2025-26,DET,HOU,0,0.626249372959137
0022500636,2026-01-23,2025-26,ATL,PHX,1,0.37331321835517883
0022500637,2026-01-23,2025-26,BKN,BOS,0,0.19816185534000397
0022500638,2026-01-23,2025-26,CLE,SAC,1,0.7743229866027832
0022500639,2026-01-23,2025-26,MEM,NOP,0,0.7270656824111938
0022500640,2026-01-23,2025-26,MIL,DEN,0,0.3838772475719452
0022500641,2026-01-23,2025-26,OKC,IND,0,0.906021773815155
0022500642,2026-01-23,2025-26,POR,TOR,0,0.549067497253418
0022500643,2026-01-24,2025-26,PHI,NYK,0,0.5127063393592834
0022500645,2026-01-24,2025-26,CHA,WAS,1,0.8220953345298767
0022500646,2026-01-24,2025-26,ORL,CLE,0,0.4443727433681488
0022500647,2026-01-24,2025-26,CHI,BOS,1,0.32942578196525574
0022500648,2026-01-24,2025-26,DAL,LAL,0,0.5077783465385437
0022500649,2026-01-24,2025-26,UTA,MIA,0,0.35914117097854614
0022500644,2026-01-25,2025-26,MIN,GSW,0,0.5788803100585938
0022500650,2026-01-25,2025-26,DET,SAC,1,0.8431191444396973
0022500653,2026-01-25,2025-26,OKC,TOR,0,0.77419513463974
0022500654,2026-01-25,2025-26,SAS,NOP,0,0.8330469727516174
0022500655,2026-01-25,2025-26,PHX,MIA,0,0.640945315361023
0022500656,2026-01-25,2025-26,LAC,BKN,1,0.7613866329193115
0022500657,2026-01-26,2025-26,CHA,PHI,1,0.6094352602958679
0022500658,2026-01-26,2025-26,CLE,ORL,1,0.6666721105575562
0022500659,2026-01-26,2025-26,ATL,IND,1,0.6830803751945496
0022500660,2026-01-26,2025-26,BOS,POR,1,0.7067148089408875
0022500661,2026-01-26,2025-26,CHI,LAL,0,0.5248270034790039
0022500662,2026-01-26,2025-26,HOU,MEM,1,0.7080913186073303
0022500663,2026-01-26,2025-26,MIN,GSW,1,0.5081896781921387
0022500664,2026-01-27,2025-26,WAS,POR,1,0.2758171260356903
0022500665,2026-01-27,2025-26,NYK,SAC,1,0.7521980404853821
0022500666,2026-01-27,2025-26,PHI,MIL,1,0.6116136312484741
0022500667,2026-01-27,2025-26,OKC,NOP,1,0.8906332850456238
0022500668,2026-01-27,2025-26,DEN,DET,0,0.413868248462677
0022500669,2026-01-27,2025-26,PHX,BKN,1,0.8028503060340881
0022500670,2026-01-27,2025-26,UTA,LAC,0,0.27312347292900085
0022500671,2026-01-28,2025-26,CLE,LAL,1,0.6311845183372498
0022500672,2026-01-28,2025-26,IND,CHI,1,0.38087835907936096
0022500673,2026-01-28,2025-26,BOS,ATL,0,0.7384667992591858
0022500674,2026-01-28,2025-26,MIA,ORL,0,0.6097959876060486
0022500675,2026-01-28,2025-26,TOR,NYK,0,0.5454012155532837
0022500676,2026-01-28,2025-26,MEM,CHA,0,0.3998883366584778
0022500677,2026-01-28,2025-26,DAL,MIN,0,0.38201606273651123
0022500678,2026-01-28,2025-26,UTA,GSW,0,0.244601309299469
0022500679,2026-01-28,2025-26,HOU,SAS,0,0.5657439231872559
0022500529,2026-01-29,2025-26,CHI,MIA,0,0.4958091080188751
0022500680,2026-01-29,2025-26,PHI,SAC,1,0.7136069536209106
0022500681,2026-01-29,2025-26,WAS,MIL,1,0.39622896909713745
0022500682,2026-01-29,2025-26,ATL,HOU,0,0.42572593688964844
0022500683,2026-01-29,2025-26,DAL,CHA,0,0.3759117126464844
0022500684,2026-01-29,2025-26,DEN,BKN,1,0.7852028012275696
0022500685,2026-01-29,2025-26,PHX,DET,1,0.43666887283325195
0022500686,2026-01-29,2025-26,MIN,OKC,1,0.3737207055091858
0022500687,2026-01-30,2025-26,ORL,TOR,1,0.5006835460662842
0022500688,2026-01-30,2025-26,WAS,LAL,0,0.30675646662712097
0022500689,2026-01-30,2025-26,BOS,SAC,1,0.8411068916320801
0022500690,2026-01-30,2025-26,NYK,POR,1,0.6310974359512329
0022500691,2026-01-30,2025-26,NOP,MEM,1,0.42169103026390076
0022500693,2026-01-30,2025-26,PHX,CLE,1,0.5281802415847778
0022500694,2026-01-30,2025-26,UTA,BKN,0,0.5237254500389099
0022500695,2026-01-30,2025-26,DEN,LAC,1,0.537450909614563
0022500696,2026-01-30,2025-26,GSW,DET,0,0.46859994530677795
0022500692,2026-01-31,2025-26,MIA,CHI,0,0.6021702289581299
0022500697,2026-01-31,2025-26,CHA,SAS,1,0.5185743570327759
0022500698,2026-01-31,2025-26,IND,ATL,1,0.37511444091796875
0022500699,2026-01-31,2025-26,PHI,NOP,1,0.691733717918396
0022500700,2026-01-31,2025-26,MEM,MIN,0,0.3242861032485962
0022500701,2026-01-31,2025-26,HOU,DAL,1,0.7301123738288879
0022500702,2026-02-01,2025-26,BOS,MIL,1,0.8041934967041016
0022500703,2026-02-01,2025-26,SAS,ORL,1,0.6747875213623047
0022500704,2026-02-01,2025-26,DET,BKN,1,0.8508874177932739
0022500705,2026-02-01,2025-26,MIA,CHI,1,0.5753917098045349
0022500706,2026-02-01,2025-26,TOR,UTA,1,0.7701196670532227
0022500707,2026-02-01,2025-26,WAS,SAC,1,0.48693203926086426
0022500708,2026-02-01,2025-26,NYK,LAL,1,0.6289785504341125
0022500709,2026-02-01,2025-26,PHX,LAC,0,0.620720386505127
0022500710,2026-02-01,2025-26,POR,CLE,0,0.39510270953178406
0022500711,2026-02-01,2025-26,DEN,OKC,0,0.35183122754096985
0022500712,2026-02-02,2025-26,CHA,NOP,1,0.798446774482727
0022500713,2026-02-02,2025-26,IND,HOU,0,0.25118619203567505
0022500714,2026-02-02,2025-26,MEM,MIN,1,0.30326274037361145
0022500715,2026-02-02,2025-26,LAC,PHI,0,0.63858562707901
0022500716,2026-02-03,2025-26,DET,DEN,1,0.6640959978103638
0022500717,2026-02-03,2025-26,IND,UTA,0,0.6239153742790222
0022500718,2026-02-03,2025-26,WAS,NYK,0,0.20882362127304077
0022500719,2026-02-03,2025-26,BKN,LAL,0,0.3254762589931488
0022500720,2026-02-03,2025-26,MIA,ATL,0,0.6061866879463196
0022500721,2026-02-03,2025-26,DAL,BOS,0,0.30078744888305664
0022500722,2026-02-03,2025-26,MIL,CHI,1,0.46416500210762024
0022500723,2026-02-03,2025-26,OKC,ORL,1,0.8005509972572327
0022500724,2026-02-03,2025-26,GSW,PHI,0,0.6129233241081238
0022500725,2026-02-03,2025-26,POR,PHX,0,0.3984745442867279
0022500726,2026-02-04,2025-26,NYK,DEN,1,0.6031518578529358
0022500727,2026-02-04,2025-26,TOR,MIN,0,0.41304975748062134
0022500728,2026-02-04,2025-26,HOU,BOS,0,0.4977816343307495
0022500729,2026-02-04,2025-26,MIL,NOP,1,0.6022176742553711
0022500730,2026-02-04,2025-26,SAS,OKC,1,0.38274291157722473
0022500731,2026-02-04,2025-26,SAC,MEM,0,0.3975156843662262
0022500732,2026-02-04,2025-26,LAC,CLE,0,0.47320878505706787
0022500733,2026-02-05,2025-26,DET,WAS,0,0.8878029584884644
0022500734,2026-02-05,2025-26,ORL,BKN,1,0.7250673770904541
0022500735,2026-02-05,2025-26,ATL,UTA,1,0.7543713450431824
0022500736,2026-02-05,2025-26,TOR,CHI,1,0.6319704651832581
0022500737,2026-02-05,2025-26,HOU,CHA,0,0.5413768887519836
0022500738,2026-02-05,2025-26,DAL,SAS,0,0.3204256296157837
0022500739,2026-02-05,2025-26,PHX,GSW,0,0.5866435766220093
0022500740,2026-02-05,2025-26,LAL,PHI,1,0.5115716457366943
0022500741,2026-02-06,2025-26,BOS,MIA,1,0.7243528962135315
0022500742,2026-02-06,2025-26,DET,NYK,1,0.5759679675102234
0022500743,2026-02-06,2025-26,MIL,IND,1,0.6162256002426147
0022500744,2026-02-06,2025-26,MIN,NOP,0,0.8185878396034241
0022500745,2026-02-06,2025-26,POR,MEM,1,0.5549879670143127
0022500746,2026-02-06,2025-26,SAC,LAC,0,0.29801008105278015
0022500747,2026-02-07,2025-26,BKN,WAS,1,0.5396332740783691
0022500748,2026-02-07,2025-26,OKC,HOU,0,0.7038090229034424
0022500749,2026-02-07,2025-26,SAS,DAL,1,0.7634310126304626
0022500750,2026-02-07,2025-26,ORL,UTA,1,0.7448838949203491
0022500751,2026-02-07,2025-26,ATL,CHA,0,0.4026479125022888
0022500752,2026-02-07,2025-26,CHI,DEN,0,0.38395074009895325
0022500753,2026-02-07,2025-26,LAL,GSW,1,0.49808570742607117
0022500754,2026-02-07,2025-26,PHX,PHI,0,0.5957664251327515
0022500755,2026-02-07,2025-26,POR,MEM,1,0.5950415730476379
0022500756,2026-02-07,2025-26,SAC,CLE,0,0.19498084485530853
0022500757,2026-02-08,2025-26,BOS,NYK,0,0.653275728225708
0022500758,2026-02-08,2025-26,WAS,MIA,0,0.2870793044567108
0022500759,2026-02-08,2025-26,TOR,IND,1,0.7394840717315674
0022500760,2026-02-08,2025-26,MIN,LAC,0,0.6309612393379211
0022500761,2026-02-09,2025-26,CHA,DET,0,0.48722854256629944
0022500762,2026-02-09,2025-26,BKN,CHI,1,0.43372151255607605
0022500763,2026-02-09,2025-26,MIA,UTA,0,0.785079836845398
0022500764,2026-02-09,2025-26,ORL,MIL,1,0.6340082883834839
0022500765,2026-02-09,2025-26,MIN,ATL,1,0.6460350155830383
0022500766,2026-02-09,2025-26,NOP,SAC,1,0.5987033247947693
0022500767,2026-02-09,2025-26,DEN,CLE,0,0.4442882239818573
0022500768,2026-02-09,2025-26,GSW,MEM,1,0.6887743473052979
0022500769,2026-02-09,2025-26,LAL,OKC,0,0.32245951890945435
0022500770,2026-02-09,2025-26,POR,PHI,1,0.4636796712875366
0022500771,2026-02-10,2025-26,NYK,IND,0,0.8290598392486572
0022500772,2026-02-10,2025-26,HOU,LAC,1,0.5967084765434265
0022500773,2026-02-10,2025-26,PHX,DAL,1,0.7068291306495667
0022500774,2026-02-10,2025-26,LAL,SAS,0,0.4019564986228943
0022500775,2026-02-11,2025-26,CHA,ATL,1,0.6974141597747803
0022500776,2026-02-11,2025-26,CLE,WAS,1,0.8778337240219116
0022500777,2026-02-11,2025-26,ORL,MIL,0,0.6622172594070435
0022500778,2026-02-11,2025-26,BOS,CHI,1,0.8059282302856445
0022500779,2026-02-11,2025-26,BKN,IND,0,0.5273609757423401
0022500780,2026-02-11,2025-26,PHI,NYK,0,0.4481250047683716
0022500781,2026-02-11,2025-26,TOR,DET,0,0.36124590039253235
0022500782,2026-02-11,2025-26,HOU,LAC,0,0.6124977469444275
0022500783,2026-02-11,2025-26,MIN,POR,1,0.653183102607727
0022500784,2026-02-11,2025-26,NOP,MIA,0,0.3755355477333069
0022500785,2026-02-11,2025-26,PHX,OKC,0,0.3654065728187561
0022500786,2026-02-11,2025-26,UTA,SAC,1,0.5632813572883606
0022500787,2026-02-11,2025-26,DEN,MEM,1,0.6978668570518494
0022500788,2026-02-11,2025-26,GSW,SAS,0,0.4132758677005768
0022500789,2026-02-12,2025-26,OKC,MIL,0,0.8555975556373596
0022500790,2026-02-12,2025-26,UTA,POR,0,0.3600468635559082
0022500791,2026-02-12,2025-26,LAL,DAL,1,0.642928957939148
0022500792,2026-02-19,2025-26,CHA,HOU,0,0.5623264312744141
0022500793,2026-02-19,2025-26,CLE,BKN,1,0.8571317791938782
0022500794,2026-02-19,2025-26,PHI,ATL,0,0.5622470378875732
0022500795,2026-02-19,2025-26,WAS,IND,1,0.4527115225791931
0022500796,2026-02-19,2025-26,NYK,DET,0,0.4865909516811371
0022500797,2026-02-19,2025-26,CHI,TOR,0,0.39483338594436646
0022500798,2026-02-19,2025-26,SAS,PHX,1,0.6733089685440063
0022500799,2026-02-19,2025-26,GSW,BOS,0,0.4043666124343872
0022500800,2026-02-19,2025-26,SAC,ORL,0,0.2952520549297333
0022500801,2026-02-19,2025-26,LAC,DEN,1,0.5368168950080872
0022500802,2026-02-20,2025-26,CHA,CLE,0,0.4853561818599701
0022500803,2026-02-20,2025-26,WAS,IND,1,0.4769609570503235
0022500804,2026-02-20,2025-26,MEM,UTA,1,0.6554744839668274
0022500805,2026-02-20,2025-26,ATL,MIA,0,0.49867281317710876
0022500806,2026-02-20,2025-26,MIN,DAL,1,0.7606357932090759
0022500807,2026-02-20,2025-26,NOP,MIL,0,0.4419308602809906
0022500808,2026-02-20,2025-26,OKC,BKN,1,0.8874644637107849
0022500809,2026-02-20,2025-26,LAL,LAC,1,0.4909118115901947
0022500810,2026-02-20,2025-26,POR,DEN,0,0.4665150046348572
0022500811,2026-02-21,2025-26,PHX,ORL,1,0.5921013951301575
0022500812,2026-02-21,2025-26,NOP,PHI,1,0.3888956308364868
0022500813,2026-02-21,2025-26,MIA,MEM,1,0.6907451152801514
0022500814,2026-02-21,2025-26,CHI,DET,0,0.19807153940200806
0022500815,2026-02-21,2025-26,SAS,SAC,1,0.9070194363594055
0022500816,2026-02-21,2025-26,NYK,HOU,1,0.5643044710159302
0022500817,2026-02-22,2025-26,OKC,CLE,1,0.5917510390281677
0022500818,2026-02-22,2025-26,ATL,BKN,1,0.7126147150993347
0022500819,2026-02-22,2025-26,MIL,TOR,0,0.4809165298938751
0022500820,2026-02-22,2025-26,GSW,DEN,1,0.46121475100517273
0022500821,2026-02-22,2025-26,IND,DAL,0,0.44790947437286377
0022500822,2026-02-22,2025-26,WAS,CHA,0,0.21190503239631653
0022500823,2026-02-22,2025-26,LAL,BOS,0,0.3712555170059204
0022500824,2026-02-22,2025-26,MIN,PHI,0,0.7170888185501099
0022500825,2026-02-22,2025-26,CHI,NYK,0,0.2554011940956116
0022500826,2026-02-22,2025-26,PHX,POR,0,0.651842474937439
0022500827,2026-02-22,2025-26,LAC,ORL,0,0.6098302602767944
0022500828,2026-02-23,2025-26,DET,SAS,0,0.5665059089660645
0022500829,2026-02-23,2025-26,MEM,SAC,0,0.7244016528129578
0022500830,2026-02-23,2025-26,HOU,UTA,1,0.8306336998939514
0022500831,2026-02-24,2025-26,IND,PHI,0,0.3289736211299896
0022500832,2026-02-24,2025-26,ATL,WAS,1,0.73636394739151
0022500833,2026-02-24,2025-26,BKN,DAL,0,0.41849464178085327
0022500834,2026-02-24,2025-26,TOR,OKC,0,0.34299325942993164
0022500835,2026-02-24,2025-26,CLE,NYK,1,0.57095867395401
0022500836,2026-02-24,2025-26,CHI,CHA,0,0.2717907428741455
0022500837,2026-02-24,2025-26,MIL,MIA,1,0.40000587701797485
0022500838,2026-02-24,2025-26,NOP,GSW,1,0.3350169360637665
0022500839,2026-02-24,2025-26,PHX,BOS,0,0.3580411672592163
0022500840,2026-02-24,2025-26,LAL,ORL,0,0.5478319525718689
0022500841,2026-02-24,2025-26,POR,MIN,0,0.4279145896434784
0022500842,2026-02-25,2025-26,DET,OKC,1,0.5123176574707031
0022500843,2026-02-25,2025-26,TOR,SAS,0,0.34597131609916687
0022500844,2026-02-25,2025-26,MEM,GSW,0,0.3754757344722748
0022500845,2026-02-25,2025-26,HOU,SAC,1,0.8620074987411499
0022500846,2026-02-25,2025-26,MIL,CLE,1,0.29907357692718506
0022500847,2026-02-25,2025-26,DEN,BOS,1,0.41582342982292175
0022500848,2026-02-26,2025-26,IND,CHA,0,0.20199847221374512
0022500849,2026-02-26,2025-26,PHI,MIA,1,0.5001224875450134
0022500850,2026-02-26,2025-26,ATL,WAS,1,0.753646969795227
0022500851,2026-02-26,2025-26,BKN,SAS,0,0.13814018666744232
0022500852,2026-02-26,2025-26,ORL,HOU,0,0.4127460718154907
0022500853,2026-02-26,2025-26,CHI,POR,0,0.4047904908657074
0022500854,2026-02-26,2025-26,DAL,SAC,0,0.7134143114089966
0022500855,2026-02-26,2025-26,PHX,LAL,1,0.5559974908828735
0022500856,2026-02-26,2025-26,UTA,NOP,0,0.45715442299842834
0022500857,2026-02-26,2025-26,LAC,MIN,0,0.509671688079834
0022500858,2026-02-27,2025-26,DET,CLE,1,0.5920414924621582
0022500859,2026-02-27,2025-26,BOS,BKN,1,0.8817788362503052
0022500860,2026-02-27,2025-26,MIL,NYK,0,0.3591634929180145
0022500861,2026-02-27,2025-26,DAL,MEM,0,0.5612014532089233
0022500862,2026-02-27,2025-26,OKC,DEN,1,0.6592562198638916
0022500863,2026-02-28,2025-26,CHA,POR,1,0.7117494344711304
0022500864,2026-02-28,2025-26,MIA,HOU,1,0.4410235285758972
0022500865,2026-02-28,2025-26,WAS,TOR,0,0.24844181537628174
0022500866,2026-02-28,2025-26,GSW,LAL,0,0.604507565498352
0022500867,2026-02-28,2025-26,UTA,NOP,0,0.4308643341064453
0022500868,2026-03-01,2025-26,NYK,SAS,1,0.4557657837867737
0022500869,2026-03-01,2025-26,BKN,CLE,0,0.16226623952388763
0022500870,2026-03-01,2025-26,CHI,MIL,1,0.422855019569397
0022500871,2026-03-01,2025-26,DEN,MIN,0,0.5674341320991516
0022500872,2026-03-01,2025-26,IND,MEM,0,0.41402751207351685
0022500873,2026-03-01,2025-26,ATL,POR,1,0.562362790107727
0022500874,2026-03-01,2025-26,BOS,PHI,1,0.716130256652832
0022500875,2026-03-01,2025-26,ORL,DET,0,0.304903507232666
0022500876,2026-03-01,2025-26,DAL,OKC,0,0.18588395416736603
0022500877,2026-03-01,2025-26,LAC,NOP,1,0.7024834752082825
0022500878,2026-03-01,2025-26,LAL,SAC,1,0.8020358085632324
0022500879,2026-03-02,2025-26,WAS,HOU,0,0.183106929063797
0022500880,2026-03-02,2025-26,MIL,BOS,0,0.2505326569080353
0022500881,2026-03-02,2025-26,UTA,DEN,0,0.2126915156841278
0022500882,2026-03-02,2025-26,GSW,LAC,0,0.5032493472099304
0022500883,2026-03-03,2025-26,CHA,DAL,1,0.8136463165283203
0022500884,2026-03-03,2025-26,CLE,DET,1,0.47537240386009216
0022500885,2026-03-03,2025-26,ORL,WAS,1,0.7852065563201904
0022500886,2026-03-03,2025-26,MIA,BKN,1,0.8136093616485596
0022500887,2026-03-03,2025-26,TOR,NYK,0,0.39114928245544434
0022500888,2026-03-03,2025-26,PHI,SAS,0,0.33954954147338867
0022500889,2026-03-03,2025-26,CHI,OKC,0,0.18272830545902252
0022500890,2026-03-03,2025-26,MIN,MEM,1,0.7386099100112915
0022500891,2026-03-03,2025-26,LAL,NOP,1,0.712611973285675
0022500892,2026-03-03,2025-26,SAC,PHX,0,0.2638818323612213
0022500893,2026-03-04,2025-26,NYK,OKC,0,0.4879002273082733
0022500894,2026-03-04,2025-26,BOS,CHA,0,0.5993306636810303
0022500895,2026-03-04,2025-26,PHI,UTA,1,0.7629159092903137
0022500896,2026-03-04,2025-26,MEM,POR,0,0.505101203918457
0022500897,2026-03-04,2025-26,MIL,ATL,0,0.4197440445423126
0022500898,2026-03-04,2025-26,LAC,IND,1,0.8245136141777039
0022500899,2026-03-05,2025-26,ORL,DAL,1,0.6985211968421936
0022500900,2026-03-05,2025-26,WAS,UTA,0,0.5119574069976807
0022500901,2026-03-05,2025-26,MIA,BKN,1,0.824394166469574
0022500902,2026-03-05,2025-26,HOU,GSW,0,0.6668521761894226
0022500903,2026-03-05,2025-26,MIN,TOR,1,0.6312950849533081
0022500904,2026-03-05,2025-26,SAS,DET,1,0.5391461849212646
0022500905,2026-03-05,2025-26,PHX,CHI,0,0.7138229012489319
0022500906,2026-03-05,2025-26,DEN,LAL,1,0.6010566353797913
0022500907,2026-03-05,2025-26,SAC,NOP,0,0.40319177508354187
0022500908,2026-03-06,2025-26,BOS,DAL,1,0.8353224396705627
0022500909,2026-03-06,2025-26,CHA,MIA,0,0.6776264309883118
0022500910,2026-03-06,2025-26,HOU,POR,1,0.7096601128578186
0022500911,2026-03-06,2025-26,DEN,NYK,0,0.45761847496032715
0022500912,2026-03-06,2025-26,PHX,NOP,1,0.6862973570823669
0022500913,2026-03-06,2025-26,SAS,LAC,1,0.7099311947822571
0022500914,2026-03-06,2025-26,LAL,IND,1,0.8100721836090088
0022500915,2026-03-07,2025-26,MIN,ORL,0,0.6643531322479248
0022500916,2026-03-07,2025-26,DET,BKN,0,0.9031979441642761
0022500917,2026-03-07,2025-26,ATL,PHI,1,0.5848965644836426
0022500918,2026-03-07,2025-26,MEM,LAC,0,0.34983378648757935
0022500919,2026-03-07,2025-26,MIL,UTA,1,0.6612794995307922
0022500920,2026-03-07,2025-26,OKC,GSW,1,0.7733360528945923
0022500921,2026-03-08,2025-26,CLE,BOS,0,0.544659435749054
0022500922,2026-03-08,2025-26,LAL,NYK,1,0.3540530204772949
0022500923,2026-03-08,2025-26,MIA,DET,1,0.41640540957450867
0022500924,2026-03-08,2025-26,TOR,DAL,1,0.7241154909133911
0022500925,2026-03-08,2025-26,NOP,WAS,1,0.7055495977401733
0022500926,2026-03-08,2025-26,MIL,ORL,0,0.38303712010383606
0022500927,2026-03-08,2025-26,SAS,HOU,1,0.6743555665016174
0022500928,2026-03-08,2025-26,PHX,CHA,1,0.3695980906486511
0022500929,2026-03-08,2025-26,POR,IND,1,0.7398002743721008
0022500930,2026-03-08,2025-26,SAC,CHI,1,0.3969317078590393
0022500931,2026-03-09,2025-26,CLE,PHI,1,0.7293468117713928
0022500932,2026-03-09,2025-26,BKN,MEM,1,0.4007638692855835
0022500933,2026-03-09,2025-26,OKC,DEN,1,0.7216137051582336
0022500934,2026-03-09,2025-26,UTA,GSW,1,0.28835806250572205
0022500935,2026-03-09,2025-26,LAC,NYK,1,0.4097912013530731
0022500936,2026-03-10,2025-26,PHI,MEM,1,0.6498693227767944
0022500937,2026-03-10,2025-26,BKN,DET,0,0.16497258841991425
0022500938,2026-03-10,2025-26,MIA,WAS,1,0.8714380264282227
0022500939,2026-03-10,2025-26,ATL,DAL,1,0.7524883151054382
0022500940,2026-03-10,2025-26,HOU,TOR,1,0.6169511079788208
0022500941,2026-03-10,2025-26,MIL,PHX,0,0.3572559356689453
0022500942,2026-03-10,2025-26,SAS,BOS,1,0.6115267872810364
0022500943,2026-03-10,2025-26,GSW,CHI,0,0.7004815340042114
0022500944,2026-03-10,2025-26,POR,CHA,0,0.3234385550022125
0022500945,2026-03-10,2025-26,SAC,IND,1,0.5626528859138489
0022500946,2026-03-10,2025-26,LAL,MIN,1,0.532682478427887
0022500947,2026-03-11,2025-26,ORL,CLE,1,0.42717400193214417
0022500948,2026-03-11,2025-26,NOP,TOR,1,0.3963204324245453
0022500949,2026-03-11,2025-26,UTA,NYK,0,0.1608567237854004
0022500950,2026-03-11,2025-26,DEN,HOU,1,0.497302383184433
0022500951,2026-03-11,2025-26,SAC,CHA,0,0.1678890883922577
0022500952,2026-03-11,2025-26,LAC,MIN,1,0.5747340321540833
0022500953,2026-03-12,2025-26,DET,PHI,1,0.7513803839683533
0022500954,2026-03-12,2025-26,IND,PHX,0,0.22397486865520477
0022500955,2026-03-12,2025-26,ORL,WAS,1,0.8627310991287231
0022500956,2026-03-12,2025-26,ATL,BKN,1,0.8018678426742554
0022500957,2026-03-12,2025-26,MIA,MIL,1,0.7809523344039917
0022500958,2026-03-12,2025-26,SAS,DEN,0,0.7061101198196411
0022500959,2026-03-12,2025-26,OKC,BOS,1,0.6165300011634827
0022500960,2026-03-12,2025-26,LAL,CHI,1,0.7621836066246033
0022501111,2026-03-12,2025-26,MEM,DAL,0,0.5920112729072571
0022500961,2026-03-13,2025-26,DET,MEM,1,0.8489676713943481
0022500962,2026-03-13,2025-26,IND,NYK,0,0.13188616931438446
0022500963,2026-03-13,2025-26,TOR,PHX,1,0.48467254638671875
0022500964,2026-03-13,2025-26,HOU,NOP,1,0.7191409468650818
0022500965,2026-03-13,2025-26,DAL,CLE,0,0.21615150570869446
0022500966,2026-03-13,2025-26,GSW,MIN,0,0.4792168140411377
0022500967,2026-03-13,2025-26,POR,UTA,1,0.7286032438278198
0022500968,2026-03-13,2025-26,LAC,CHI,1,0.7896363139152527
0022500969,2026-03-14,2025-26,PHI,BKN,1,0.74961256980896
0022500970,2026-03-14,2025-26,ATL,MIL,1,0.738316535949707
0022500971,2026-03-14,2025-26,BOS,WAS,1,0.9093188047409058
0022500972,2026-03-14,2025-26,MIA,ORL,0,0.5737152099609375
0022500973,2026-03-14,2025-26,SAS,CHA,1,0.6368033289909363
0022500974,2026-03-14,2025-26,LAL,DEN,1,0.5062878727912903
0022500975,2026-03-14,2025-26,LAC,SAC,0,0.8519802093505859
0022500976,2026-03-15,2025-26,OKC,MIN,1,0.7475360035896301
0022500977,2026-03-15,2025-26,CLE,DAL,0,0.8505380153656006
0022500978,2026-03-15,2025-26,TOR,DET,1,0.3372374176979065
0022500979,2026-03-15,2025-26,MIL,IND,1,0.6689287424087524
0022500980,2026-03-15,2025-26,PHI,POR,1,0.56300288438797
0022500981,2026-03-15,2025-26,NYK,GSW,1,0.7603364586830139
0022500982,2026-03-15,2025-26,SAC,UTA,1,0.5696589350700378
0022500983,2026-03-16,2025-26,ATL,ORL,1,0.5107272267341614
0022500984,2026-03-16,2025-26,WAS,GSW,0,0.2657042443752289
0022500985,2026-03-16,2025-26,BKN,POR,0,0.3373861610889435
0022500986,2026-03-16,2025-26,BOS,PHX,1,0.6856502890586853
0022500987,2026-03-16,2025-26,CHI,MEM,1,0.5427290797233582
0022500988,2026-03-16,2025-26,NOP,DAL,1,0.6009835004806519
0022500989,2026-03-16,2025-26,HOU,LAL,0,0.5312749743461609
0022500990,2026-03-16,2025-26,LAC,SAS,0,0.35441550612449646
0022500991,2026-03-17,2025-26,CHA,MIA,1,0.6030899882316589
0022500992,2026-03-17,2025-26,ORL,OKC,0,0.33899885416030884
0022500993,2026-03-17,2025-26,WAS,DET,0,0.11833421140909195
0022500994,2026-03-17,2025-26,NYK,IND,1,0.9087170362472534
0022500995,2026-03-17,2025-26,MIL,CLE,0,0.24266649782657623
0022500996,2026-03-17,2025-26,MIN,PHX,1,0.5473086833953857
0022500997,2026-03-17,2025-26,DEN,PHI,1,0.6812127828598022
0022500998,2026-03-17,2025-26,SAC,SAS,0,0.12611815333366394
0022500651,2026-03-18,2025-26,MEM,DEN,1,0.2331361025571823
0022500999,2026-03-18,2025-26,BOS,GSW,1,0.7571302056312561
0022501000,2026-03-18,2025-26,BKN,OKC,0,0.1047477200627327
0022501001,2026-03-18,2025-26,IND,POR,0,0.2801576554775238
0022501002,2026-03-18,2025-26,CHI,TOR,0,0.3639697730541229
0022501004,2026-03-18,2025-26,MIN,UTA,1,0.8195940852165222
0022501005,2026-03-18,2025-26,NOP,LAC,1,0.36194223165512085
0022501006,2026-03-18,2025-26,DAL,ATL,0,0.2922119200229645
0022501007,2026-03-18,2025-26,HOU,LAL,0,0.5056641697883606
0022501008,2026-03-19,2025-26,CHA,ORL,1,0.6574599742889404
0022501009,2026-03-19,2025-26,WAS,DET,0,0.11575723439455032
0022501010,2026-03-19,2025-26,MIA,LAL,0,0.5026658177375793
0022501011,2026-03-19,2025-26,CHI,CLE,0,0.23859545588493347
0022501012,2026-03-19,2025-26,NOP,LAC,1,0.4117344915866852
0022501013,2026-03-19,2025-26,SAS,PHX,1,0.7791205644607544
0022501014,2026-03-19,2025-26,UTA,MIL,1,0.4312255382537842
0022501015,2026-03-19,2025-26,SAC,PHI,0,0.3487316370010376
0022501016,2026-03-20,2025-26,BKN,NYK,0,0.13586843013763428
0022501017,2026-03-20,2025-26,DET,GSW,1,0.7672533392906189
0022501018,2026-03-20,2025-26,HOU,ATL,1,0.5171902179718018
0022501019,2026-03-20,2025-26,MEM,BOS,0,0.1960458755493164
0022501020,2026-03-20,2025-26,MIN,POR,0,0.6493610143661499
0022501021,2026-03-20,2025-26,DEN,TOR,1,0.6066206097602844
0022501022,2026-03-21,2025-26,WAS,OKC,0,0.0811738595366478
0022501023,2026-03-21,2025-26,CHA,MEM,1,0.849338948726654
0022501024,2026-03-21,2025-26,ORL,LAL,0,0.46769118309020996
0022501025,2026-03-21,2025-26,NOP,CLE,0,0.3279741704463959
0022501026,2026-03-21,2025-26,ATL,GSW,1,0.6524004340171814
0022501027,2026-03-21,2025-26,HOU,MIA,1,0.5584626197814941
0022501028,2026-03-21,2025-26,SAS,IND,1,0.936900794506073
0022501029,2026-03-21,2025-26,DAL,LAC,0,0.3053435981273651
0022501030,2026-03-21,2025-26,UTA,PHI,0,0.3300347328186035
0022501031,2026-03-21,2025-26,PHX,MIL,0,0.7575391530990601
0022501032,2026-03-22,2025-26,DEN,POR,1,0.6905204653739929
0022501033,2026-03-22,2025-26,SAC,BKN,1,0.5780839323997498
0022501034,2026-03-22,2025-26,NYK,WAS,1,0.9206163883209229
0022501035,2026-03-22,2025-26,BOS,MIN,0,0.6922076344490051
0022501036,2026-03-22,2025-26,PHX,TOR,1,0.5077412724494934
0022501037,2026-03-23,2025-26,ATL,MEM,1,0.7731596231460571
0022501038,2026-03-23,2025-26,DET,LAL,1,0.6196986436843872
0022501039,2026-03-23,2025-26,ORL,IND,0,0.8481743335723877
0022501040,2026-03-23,2025-26,PHI,OKC,0,0.2490798830986023
0022501041,2026-03-23,2025-26,MIA,SAS,0,0.3157634437084198
0022501042,2026-03-23,2025-26,CHI,HOU,1,0.29279664158821106
0022501043,2026-03-23,2025-26,UTA,TOR,0,0.28122299909591675
0022501044,2026-03-23,2025-26,DAL,GSW,0,0.4058566987514496
0022501045,2026-03-23,2025-26,POR,BKN,1,0.7695200443267822
0022501046,2026-03-23,2025-26,LAC,MIL,1,0.7718163728713989
0022501047,2026-03-24,2025-26,CHA,SAC,1,0.883692741394043
0022501048,2026-03-24,2025-26,NYK,NOP,1,0.7859176397323608
0022501049,2026-03-24,2025-26,CLE,ORL,1,0.6653860807418823
0022501050,2026-03-24,2025-26,PHX,DEN,0,0.44253647327423096
0022501051,2026-03-25,2025-26,DET,ATL,0,0.6675674915313721
0022501052,2026-03-25,2025-26,IND,LAL,0,0.16230110824108124
0022501053,2026-03-25,2025-26,PHI,CHI,1,0.6650588512420654
0022501054,2026-03-25,2025-26,BOS,OKC,1,0.4291907548904419
0022501055,2026-03-25,2025-26,CLE,MIA,0,0.6634944677352905
0022501056,2026-03-25,2025-26,MEM,SAS,0,0.1278645098209381
0022501057,2026-03-25,2025-26,UTA,WAS,0,0.6339800953865051
0022501058,2026-03-25,2025-26,MIN,HOU,1,0.5552070140838623
0022501059,2026-03-25,2025-26,DEN,DAL,1,0.831096887588501
0022501060,2026-03-25,2025-26,GSW,BKN,1,0.7677087187767029
0022501061,2026-03-25,2025-26,POR,MIL,1,0.7201414108276367
0022501062,2026-03-25,2025-26,LAC,TOR,1,0.5799004435539246
0022501063,2026-03-26,2025-26,CHA,NYK,1,0.5419374108314514
0022501064,2026-03-26,2025-26,DET,NOP,1,0.784929096698761
0022501065,2026-03-26,2025-26,ORL,SAC,1,0.7948625087738037
0022501066,2026-03-27,2025-26,IND,LAC,0,0.18323193490505219
0022501067,2026-03-27,2025-26,BOS,ATL,1,0.6550279855728149
0022501068,2026-03-27,2025-26,CLE,MIA,1,0.6068635582923889
0022501069,2026-03-27,2025-26,MEM,HOU,0,0.28327104449272156
0022501070,2026-03-27,2025-26,OKC,CHI,1,0.8845347166061401
0022501071,2026-03-27,2025-26,TOR,NOP,1,0.6255658864974976
0022501072,2026-03-27,2025-26,DEN,UTA,1,0.8769705295562744
0022501073,2026-03-27,2025-26,GSW,WAS,1,0.775439977645874
0022501074,2026-03-27,2025-26,POR,DAL,0,0.7300344109535217
0022501075,2026-03-27,2025-26,LAL,BKN,1,0.878757894039154
0022501076,2026-03-28,2025-26,MIL,SAS,0,0.11256992071866989
0022501077,2026-03-28,2025-26,CHA,PHI,0,0.7621575593948364
0022501078,2026-03-28,2025-26,ATL,SAC,1,0.8290975689888
0022501079,2026-03-28,2025-26,MEM,CHI,1,0.4999467730522156
0022501080,2026-03-28,2025-26,MIN,DET,0,0.40678831934928894
0022501081,2026-03-28,2025-26,PHX,UTA,1,0.8202773928642273
0022501082,2026-03-29,2025-26,MIL,LAC,0,0.23625034093856812
0022501083,2026-03-29,2025-26,IND,MIA,1,0.20240837335586548
0022501084,2026-03-29,2025-26,BKN,SAC,1,0.48873963952064514
0022501085,2026-03-29,2025-26,CHA,BOS,0,0.5430699586868286
0022501086,2026-03-29,2025-26,TOR,ORL,1,0.5264695286750793
0022501087,2026-03-29,2025-26,POR,WAS,1,0.7964902520179749
0022501088,2026-03-29,2025-26,NOP,HOU,0,0.3871895968914032
0022501089,2026-03-29,2025-26,OKC,NYK,1,0.6301794052124023
0022501090,2026-03-29,2025-26,DEN,GSW,1,0.7261123657226562
0022501091,2026-03-30,2025-26,MIA,PHI,1,0.5621395111083984
0022501092,2026-03-30,2025-26,ATL,BOS,1,0.3968346416950226
0022501093,2026-03-30,2025-26,MEM,PHX,0,0.2997799217700958
0022501094,2026-03-30,2025-26,SAS,CHI,1,0.9010247588157654
0022501095,2026-03-30,2025-26,DAL,MIN,0,0.2940066456794739
0022501096,2026-03-30,2025-26,UTA,CLE,0,0.15106721222400665
0022501097,2026-03-30,2025-26,OKC,DET,1,0.6073643565177917
0022501098,2026-03-30,2025-26,LAL,WAS,1,0.8893719911575317
0022500652,2026-03-31,2025-26,MIL,DAL,1,0.5075728893280029
0022501099,2026-03-31,2025-26,ORL,PHX,1,0.4751109778881073
0022501100,2026-03-31,2025-26,BKN,CHA,0,0.13950958847999573
0022501101,2026-03-31,2025-26,DET,TOR,1,0.6980208158493042
0022501102,2026-03-31,2025-26,HOU,NYK,1,0.4414503872394562
0022501103,2026-03-31,2025-26,LAL,CLE,1,0.5204906463623047
0022501104,2026-03-31,2025-26,LAC,POR,0,0.6544938087463379
0022501003,2026-04-01,2025-26,MEM,NYK,0,0.19115428626537323
0022501105,2026-04-01,2025-26,WAS,PHI,0,0.24033068120479584
0022501106,2026-04-01,2025-26,MIA,BOS,0,0.3554248809814453
0022501107,2026-04-01,2025-26,ORL,ATL,0,0.4297062158584595
0022501108,2026-04-01,2025-26,TOR,SAC,0,0.828642725944519
0022501109,2026-04-01,2025-26,CHI,IND,0,0.6406769156455994
0022501110,2026-04-01,2025-26,HOU,MIL,1,0.8239964246749878
0022501112,2026-04-01,2025-26,UTA,DEN,0,0.150446355342865
0022501113,2026-04-01,2025-26,GSW,SAS,0,0.19505397975444794
0022501114,2026-04-02,2025-26,CHA,PHX,1,0.6907714605331421
0022501115,2026-04-02,2025-26,DET,MIN,1,0.6946496963500977
0022501116,2026-04-02,2025-26,OKC,LAL,1,0.687802791595459
0022501117,2026-04-02,2025-26,GSW,CLE,0,0.3301789164543152
0022501118,2026-04-02,2025-26,POR,NOP,1,0.6555681228637695
0022501119,2026-04-02,2025-26,LAC,SAS,0,0.29869380593299866
0022501120,2026-04-03,2025-26,CHA,IND,1,0.8869163393974304
0022501121,2026-04-03,2025-26,PHI,MIN,1,0.4639783501625061
0022501122,2026-04-03,2025-26,BKN,ATL,0,0.16733096539974213
0022501123,2026-04-03,2025-26,NYK,CHI,1,0.8513813018798828
0022501124,2026-04-03,2025-26,HOU,UTA,1,0.8746188879013062
0022501125,2026-04-03,2025-26,MEM,TOR,0,0.28568899631500244
0022501126,2026-04-03,2025-26,MIL,BOS,0,0.15743674337863922
0022501127,2026-04-03,2025-26,DAL,ORL,0,0.33772146701812744
0022501128,2026-04-03,2025-26,SAC,NOP,1,0.4044894874095917
0022501129,2026-04-04,2025-26,MIA,WAS,1,0.8392226099967957
0022501130,2026-04-04,2025-26,DEN,SAS,1,0.3615661561489105
0022501131,2026-04-04,2025-26,PHI,DET,0,0.31836777925491333
0022501132,2026-04-05,2025-26,BOS,TOR,1,0.718313455581665
0022501133,2026-04-05,2025-26,BKN,WAS,1,0.5840908885002136
0022501134,2026-04-05,2025-26,CHI,PHX,0,0.29579874873161316
0022501135,2026-04-05,2025-26,MIL,MEM,1,0.5610052347183228
0022501136,2026-04-05,2025-26,CLE,IND,1,0.8604692220687866
0022501137,2026-04-05,2025-26,MIN,CHA,0,0.38207563757896423
0022501138,2026-04-05,2025-26,NOP,ORL,0,0.43150457739830017
0022501139,2026-04-05,2025-26,OKC,UTA,1,0.9446579813957214
0022501140,2026-04-05,2025-26,DAL,LAL,1,0.20295822620391846
0022501141,2026-04-05,2025-26,SAC,LAC,0,0.2468031495809555
0022501142,2026-04-05,2025-26,GSW,HOU,0,0.34088414907455444
0022501143,2026-04-06,2025-26,ATL,NYK,0,0.5021084547042847
0022501144,2026-04-06,2025-26,ORL,DET,1,0.28004130721092224
0022501145,2026-04-06,2025-26,MEM,CLE,0,0.17707568407058716
0022501146,2026-04-06,2025-26,SAS,PHI,1,0.8232237696647644
0022501147,2026-04-06,2025-26,DEN,POR,1,0.6905742287635803
0022501148,2026-04-07,2025-26,WAS,CHI,0,0.4097535014152527
0022501149,2026-04-07,2025-26,BOS,CHA,1,0.5611782670021057
0022501150,2026-04-07,2025-26,BKN,MIL,1,0.45166316628456116
0022501151,2026-04-07,2025-26,TOR,MIA,1,0.5674731135368347
0022501152,2026-04-07,2025-26,IND,MIN,0,0.2582288682460785
0022501153,2026-04-07,2025-26,NOP,UTA,1,0.7182673811912537
0022501154,2026-04-07,2025-26,GSW,SAC,1,0.7146047353744507
0022501155,2026-04-07,2025-26,LAL,OKC,0,0.32403668761253357
0022501156,2026-04-07,2025-26,LAC,DAL,1,0.8066636323928833
0022501157,2026-04-07,2025-26,PHX,HOU,0,0.4531545341014862
0022501158,2026-04-08,2025-26,CLE,ATL,1,0.5656289458274841
0022501159,2026-04-08,2025-26,ORL,MIN,1,0.5037277340888977
0022501160,2026-04-08,2025-26,DET,MIL,1,0.882368266582489
0022501161,2026-04-08,2025-26,SAS,POR,1,0.8208225965499878
0022501162,2026-04-08,2025-26,DEN,MEM,1,0.8788962960243225
0022501163,2026-04-08,2025-26,LAC,OKC,0,0.28203558921813965
0022501164,2026-04-08,2025-26,PHX,DAL,1,0.7732499241828918
0022501165,2026-04-09,2025-26,TOR,MIA,1,0.6148850321769714
0022501166,2026-04-09,2025-26,WAS,CHI,0,0.3595398962497711
0022501167,2026-04-09,2025-26,BKN,IND,0,0.5151092410087585
0022501168,2026-04-09,2025-26,NYK,BOS,1,0.4708908498287201
0022501169,2026-04-09,2025-26,HOU,PHI,1,0.6864340305328369
0022501170,2026-04-09,2025-26,GSW,LAL,0,0.37687578797340393
0022501171,2026-04-10,2025-26,CHA,DET,0,0.529724657535553
0022501172,2026-04-10,2025-26,WAS,MIA,0,0.20175720751285553
0022501173,2026-04-10,2025-26,ATL,CLE,1,0.5040639638900757
0022501174,2026-04-10,2025-26,BOS,NOP,1,0.8470854759216309
0022501175,2026-04-10,2025-26,IND,PHI,0,0.3265264332294464
0022501176,2026-04-10,2025-26,NYK,TOR,1,0.6594231724739075
0022501177,2026-04-10,2025-26,CHI,ORL,0,0.32122334837913513
0022501178,2026-04-10,2025-26,HOU,MIN,0,0.6528536677360535
0022501179,2026-04-10,2025-26,MIL,BKN,1,0.6373380422592163
0022501180,2026-04-10,2025-26,SAS,DAL,1,0.9268540143966675
0022501181,2026-04-10,2025-26,UTA,MEM,1,0.48117795586586
0022501182,2026-04-10,2025-26,DEN,OKC,1,0.3529147803783417
0022501183,2026-04-10,2025-26,POR,LAC,1,0.4715310037136078
0022501184,2026-04-10,2025-26,SAC,GSW,1,0.3655683696269989
0022501185,2026-04-10,2025-26,LAL,PHX,1,0.6174089312553406
0022501186,2026-04-12,2025-26,BOS,ORL,1,0.7364072203636169
0022501187,2026-04-12,2025-26,CLE,WAS,1,0.9173039793968201
0022501188,2026-04-12,2025-26,IND,DET,0,0.1355280578136444
0022501189,2026-04-12,2025-26,MIA,ATL,1,0.38053059577941895
0022501190,2026-04-12,2025-26,NYK,CHA,0,0.5612314343452454
0022501191,2026-04-12,2025-26,PHI,MIL,1,0.7384851574897766
0022501192,2026-04-12,2025-26,TOR,BKN,1,0.8628490567207336
0022501193,2026-04-12,2025-26,DAL,CHI,1,0.5123094320297241
0022501194,2026-04-12,2025-26,HOU,MEM,1,0.8883679509162903
0022501195,2026-04-12,2025-26,MIN,NOP,1,0.7162867784500122
0022501196,2026-04-12,2025-26,OKC,PHX,0,0.8190946578979492
0022501197,2026-04-12,2025-26,SAS,DEN,0,0.6748146414756775
0022501198,2026-04-12,2025-26,LAL,UTA,1,0.864564836025238
0022501199,2026-04-12,2025-26,LAC,GSW,1,0.6898195147514343
0022501200,2026-04-12,2025-26,POR,SAC,1,0.7899020314216614
