game_id,date,season,home,away,home_win,p_home
0022400061,2024-10-22,2024-25,BOS,NYK,1,0.7216864
0022400062,2024-10-22,2024-25,LAL,MIN,1,0.6151833
0022400063,2024-10-23,2024-25,DET,IND,0,0.23301455
0022400064,2024-10-23,2024-25,ATL,BKN,1,0.59614784
0022400065,2024-10-23,2024-25,MIA,ORL,0,0.5635323
0022400066,2024-10-23,2024-25,PHI,MIL,0,0.6222252
0022400067,2024-10-23,2024-25,TOR,CLE,0,0.25666174
0022400068,2024-10-23,2024-25,HOU,CHA,0,0.6179248
0022400069,2024-10-23,2024-25,NOP,CHI,1,0.64019805
0022400070,2024-10-23,2024-25,UTA,MEM,0,0.7935362
0022400071,2024-10-23,2024-25,LAC,PHX,0,0.52494514
0022400072,2024-10-23,2024-25,POR,GSW,0,0.24570538
0022400073,2024-10-24,2024-25,WAS,BOS,0,0.29783085
0022400074,2024-10-24,2024-25,DAL,SAS,1,0.5675769
0022400075,2024-10-24,2024-25,DEN,OKC,0,0.5335965
0022400076,2024-10-24,2024-25,SAC,MIN,0,0.56429225
0022400077,2024-10-25,2024-25,ORL,BKN,1,0.7902688
0022400078,2024-10-25,2024-25,TOR,PHI,1,0.36418024
0022400079,2024-10-25,2024-25,ATL,CHA,1,0.73315054
0022400080,2024-10-25,2024-25,CLE,DET,1,0.72017664
0022400081,2024-10-25,2024-25,NYK,IND,1,0.6194744
0022400082,2024-10-25,2024-25,HOU,MEM,1,0.71257293
0022400083,2024-10-25,2024-25,MIL,CHI,0,0.6450539
0022400084,2024-10-25,2024-25,UTA,GSW,0,0.26540786
0022400085,2024-10-25,2024-25,LAL,PHX,1,0.6278136
0022400086,2024-10-25,2024-25,POR,NOP,0,0.30477604
0022400087,2024-10-26,2024-25,DEN,LAC,0,0.7874483
0022400088,2024-10-26,2024-25,CHA,MIA,0,0.26616085
0022400089,2024-10-26,2024-25,DET,BOS,0,0.24918376
0022400090,2024-10-26,2024-25,WAS,CLE,0,0.22628531
0022400091,2024-10-26,2024-25,CHI,OKC,0,0.31570607
0022400092,2024-10-26,2024-25,MEM,ORL,1,0.31078324
0022400093,2024-10-26,2024-25,MIN,TOR,1,0.855083
0022400094,2024-10-26,2024-25,SAS,HOU,1,0.5063724
0022400095,2024-10-26,2024-25,PHX,DAL,1,0.3336991
0022400096,2024-10-26,2024-25,LAL,SAC,1,0.44265178
0022400097,2024-10-27,2024-25,IND,PHI,0,0.6737391
0022400098,2024-10-27,2024-25,BKN,MIL,1,0.3191082
0022400099,2024-10-27,2024-25,POR,NOP,1,0.29616576
0022400100,2024-10-27,2024-25,OKC,ATL,1,0.61801434
0022400101,2024-10-27,2024-25,GSW,LAC,0,0.77724284
0022400102,2024-10-28,2024-25,ORL,IND,1,0.72061926
0022400103,2024-10-28,2024-25,ATL,WAS,0,0.7777441
0022400104,2024-10-28,2024-25,BOS,MIL,1,0.75742984
0022400105,2024-10-28,2024-25,MIA,DET,1,0.7314618
0022400106,2024-10-28,2024-25,NYK,CLE,0,0.5540552
0022400107,2024-10-28,2024-25,TOR,DEN,0,0.22033235
0022400108,2024-10-28,2024-25,MEM,CHI,0,0.4478651
0022400109,2024-10-28,2024-25,SAS,HOU,0,0.35413617
0022400110,2024-10-28,2024-25,DAL,UTA,1,0.8656436
0022400111,2024-10-28,2024-25,PHX,LAL,1,0.41086134
0022400112,2024-10-28,2024-25,SAC,POR,1,0.8726805
0022400113,2024-10-29,2024-25,BKN,DEN,0,0.33776572
0022400114,2024-10-29,2024-25,MIN,DAL,0,0.55754656
0022400115,2024-10-29,2024-25,UTA,SAC,0,0.1694936
0022400116,2024-10-29,2024-25,GSW,NOP,1,0.62885106
0022400117,2024-10-30,2024-25,CHA,TOR,1,0.54512656
0022400118,2024-10-30,2024-25,CLE,LAL,1,0.52713925
0022400119,2024-10-30,2024-25,IND,BOS,1,0.39543977
0022400120,2024-10-30,2024-25,PHI,DET,0,0.5864292
0022400121,2024-10-30,2024-25,WAS,ATL,1,0.26512498
0022400122,2024-10-30,2024-25,MIA,NYK,0,0.5370702
0022400123,2024-10-30,2024-25,CHI,ORL,1,0.39297736
0022400124,2024-10-30,2024-25,MEM,BKN,0,0.63271207
0022400125,2024-10-30,2024-25,OKC,SAS,1,0.8068042
0022400126,2024-10-30,2024-25,GSW,NOP,1,0.5955456
0022400127,2024-10-30,2024-25,LAC,POR,0,0.68215597
0022400128,2024-10-31,2024-25,MEM,MIL,1,0.38565496
0022400129,2024-10-31,2024-25,DAL,HOU,0,0.64880943
0022400130,2024-10-31,2024-25,UTA,SAS,0,0.4312861
0022400131,2024-10-31,2024-25,LAC,PHX,0,0.38102147
0022400132,2024-11-01,2024-25,CHA,BOS,0,0.20054427
0022400133,2024-11-01,2024-25,CLE,ORL,1,0.58501625
0022400134,2024-11-01,2024-25,DET,NYK,0,0.32260245
0022400135,2024-11-01,2024-25,ATL,SAC,0,0.2649838
0022400136,2024-11-01,2024-25,BKN,CHI,1,0.40457615
0022400137,2024-11-01,2024-25,TOR,LAL,0,0.21981901
0022400138,2024-11-01,2024-25,NOP,IND,1,0.4061158
0022400139,2024-11-01,2024-25,MIN,DEN,1,0.6130694
0022400140,2024-11-01,2024-25,POR,OKC,0,0.23413187
0022400141,2024-11-02,2024-25,CHA,BOS,0,0.19961612
0022400142,2024-11-02,2024-25,PHI,MEM,0,0.61761916
0022400143,2024-11-02,2024-25,TOR,SAC,1,0.14414254
0022400144,2024-11-02,2024-25,HOU,GSW,0,0.48440623
0022400145,2024-11-02,2024-25,MIL,CLE,0,0.5274945
0022400146,2024-11-02,2024-25,SAS,MIN,1,0.45421338
0022400148,2024-11-02,2024-25,DEN,UTA,1,0.8232654
0022400149,2024-11-02,2024-25,PHX,POR,1,0.8107361
0022400150,2024-11-02,2024-25,LAC,OKC,0,0.3325614
0022400151,2024-11-03,2024-25,BKN,DET,0,0.5370179
0022400152,2024-11-03,2024-25,NOP,ATL,0,0.6008417
0022400153,2024-11-03,2024-25,DAL,ORL,1,0.65111935
0022400154,2024-11-04,2024-25,CLE,MIL,1,0.6305316
0022400155,2024-11-04,2024-25,WAS,GSW,0,0.26696658
0022400156,2024-11-04,2024-25,DET,LAL,1,0.2616663
0022400157,2024-11-04,2024-25,ATL,BOS,0,0.22957304
0022400158,2024-11-04,2024-25,BKN,MEM,1,0.456598
0022400159,2024-11-04,2024-25,MIA,SAC,0,0.44582474
0022400160,2024-11-04,2024-25,CHI,UTA,0,0.8141186
0022400161,2024-11-04,2024-25,HOU,NYK,1,0.3946674
0022400162,2024-11-04,2024-25,MIN,CHA,1,0.7995282
0022400163,2024-11-04,2024-25,OKC,ORL,1,0.8168412
0022400164,2024-11-04,2024-25,NOP,POR,0,0.43277505
0022400165,2024-11-04,2024-25,DAL,IND,0,0.67902064
0022400166,2024-11-04,2024-25,DEN,TOR,1,0.8350449
0022400167,2024-11-04,2024-25,PHX,PHI,1,0.72243613
0022400168,2024-11-04,2024-25,LAC,SAS,1,0.5888515
0022400169,2024-11-06,2024-25,CHA,DET,1,0.4711982
0022400170,2024-11-06,2024-25,IND,ORL,1,0.63846624
0022400171,2024-11-06,2024-25,ATL,NYK,1,0.29562807
0022400172,2024-11-06,2024-25,BOS,GSW,0,0.70431215
0022400173,2024-11-06,2024-25,HOU,SAS,1,0.5937893
0022400174,2024-11-06,2024-25,MEM,LAL,1,0.36546242
0022400175,2024-11-06,2024-25,NOP,CLE,0,0.29041278
0022400176,2024-11-06,2024-25,DAL,CHI,1,0.79351014
0022400177,2024-11-06,2024-25,DEN,OKC,1,0.35223895
0022400178,2024-11-06,2024-25,PHX,MIA,1,0.5427871
0022400179,2024-11-06,2024-25,LAC,PHI,1,0.5560835
0022400180,2024-11-06,2024-25,SAC,TOR,1,0.86479837
0022400181,2024-11-07,2024-25,CHI,MIN,0,0.29023194
0022400182,2024-11-07,2024-25,MIL,UTA,1,0.83247936
0022400183,2024-11-07,2024-25,SAS,POR,1,0.62256134
0022400184,2024-11-08,2024-25,CHA,IND,1,0.3641246
0022400185,2024-11-08,2024-25,DET,ATL,1,0.58926725
0022400186,2024-11-08,2024-25,ORL,NOP,1,0.65469444
0022400187,2024-11-08,2024-25,BOS,BKN,1,0.8098144
0022400188,2024-11-08,2024-25,CLE,GSW,1,0.5338521
0022400189,2024-11-08,2024-25,NYK,MIL,1,0.69535303
0022400190,2024-11-08,2024-25,DAL,PHX,0,0.65654206
0022400191,2024-11-08,2024-25,MEM,WAS,1,0.77527606
0022400192,2024-11-08,2024-25,OKC,HOU,1,0.74200386
0022400193,2024-11-08,2024-25,MIN,POR,1,0.80591136
0022400194,2024-11-08,2024-25,DEN,MIA,1,0.48006523
0022400195,2024-11-08,2024-25,LAL,PHI,1,0.54574686
0022400196,2024-11-08,2024-25,SAC,LAC,0,0.7175821
0022400197,2024-11-09,2024-25,SAS,UTA,0,0.7973014
0022400198,2024-11-09,2024-25,ATL,CHI,0,0.5211236
0022400199,2024-11-09,2024-25,CLE,BKN,1,0.7707036
0022400200,2024-11-09,2024-25,LAC,TOR,1,0.72117794
0022400201,2024-11-10,2024-25,DET,HOU,0,0.43751118
0022400202,2024-11-10,2024-25,MIL,BOS,0,0.3970508
0022400203,2024-11-10,2024-25,IND,NYK,1,0.38426062
0022400204,2024-11-10,2024-25,ORL,WAS,1,0.7986315
0022400205,2024-11-10,2024-25,PHI,CHA,1,0.59946084
0022400206,2024-11-10,2024-25,MIN,MIA,0,0.620335
0022400207,2024-11-10,2024-25,OKC,GSW,0,0.6468185
0022400208,2024-11-10,2024-25,DEN,DAL,1,0.4850072
0022400209,2024-11-10,2024-25,PHX,SAC,0,0.46592444
0022400210,2024-11-10,2024-25,POR,MEM,0,0.46564972
0022400211,2024-11-10,2024-25,LAL,TOR,1,0.79812956
0022400212,2024-11-11,2024-25,CHI,CLE,0,0.31172222
0022400213,2024-11-11,2024-25,HOU,WAS,1,0.83718055
0022400214,2024-11-11,2024-25,NOP,BKN,0,0.3208858
0022400215,2024-11-11,2024-25,OKC,LAC,1,0.7165235
0022400216,2024-11-11,2024-25,SAS,SAC,1,0.4185635
0022400001,2024-11-12,2024-25,BOS,ATL,0,0.8074818
0022400002,2024-11-12,2024-25,DET,MIA,1,0.38100255
0022400003,2024-11-12,2024-25,ORL,CHA,1,0.64176166
0022400004,2024-11-12,2024-25,PHI,NYK,0,0.33712107
0022400005,2024-11-12,2024-25,MIL,TOR,1,0.7507405
0022400006,2024-11-12,2024-25,UTA,PHX,0,0.23979181
0022400007,2024-11-12,2024-25,GSW,DAL,1,0.60495996
0022400008,2024-11-12,2024-25,POR,MIN,1,0.22908592
0022400217,2024-11-13,2024-25,ORL,IND,1,0.54390216
0022400218,2024-11-13,2024-25,BKN,BOS,0,0.30159926
0022400219,2024-11-13,2024-25,NYK,CHI,0,0.7414021
0022400220,2024-11-13,2024-25,PHI,CLE,0,0.27334905
0022400221,2024-11-13,2024-25,OKC,NOP,1,0.88193446
0022400222,2024-11-13,2024-25,HOU,LAC,1,0.5570616
0022400223,2024-11-13,2024-25,MIL,DET,1,0.68199056
0022400224,2024-11-13,2024-25,SAS,WAS,1,0.7863326
0022400225,2024-11-13,2024-25,LAL,MEM,1,0.6647849
0022400226,2024-11-13,2024-25,POR,MIN,1,0.26049572
0022400227,2024-11-13,2024-25,SAC,PHX,1,0.72911286
0022400228,2024-11-14,2024-25,UTA,DAL,1,0.18119682
0022400009,2024-11-15,2024-25,IND,MIA,0,0.44049212
0022400010,2024-11-15,2024-25,ORL,PHI,1,0.6483911
0022400011,2024-11-15,2024-25,TOR,DET,0,0.494131
0022400012,2024-11-15,2024-25,ATL,WAS,1,0.7656187
0022400013,2024-11-15,2024-25,CLE,CHI,1,0.81084037
0022400014,2024-11-15,2024-25,NYK,BKN,1,0.76185155
0022400015,2024-11-15,2024-25,SAS,LAL,0,0.40907195
0022400016,2024-11-15,2024-25,HOU,LAC,1,0.5435735
0022400017,2024-11-15,2024-25,NOP,DEN,1,0.21946576
0022400018,2024-11-15,2024-25,OKC,PHX,1,0.76715744
0022400019,2024-11-15,2024-25,GSW,MEM,1,0.73957276
0022400020,2024-11-15,2024-25,SAC,MIN,0,0.6574395
0022400229,2024-11-16,2024-25,CHA,MIL,1,0.41285914
0022400230,2024-11-16,2024-25,BOS,TOR,1,0.8791822
0022400231,2024-11-16,2024-25,NOP,LAL,0,0.20285128
0022400232,2024-11-16,2024-25,DAL,SAS,1,0.720398
0022400233,2024-11-16,2024-25,SAC,UTA,1,0.8421121
0022400234,2024-11-17,2024-25,MIN,PHX,1,0.61243105
0022400235,2024-11-17,2024-25,IND,MIA,1,0.4483652
0022400236,2024-11-17,2024-25,CLE,CHA,1,0.84830385
0022400237,2024-11-17,2024-25,WAS,DET,0,0.31646946
0022400238,2024-11-17,2024-25,MEM,DEN,1,0.60844934
0022400239,2024-11-17,2024-25,POR,ATL,1,0.4351253
0022400240,2024-11-17,2024-25,NYK,BKN,1,0.75307226
0022400241,2024-11-17,2024-25,CHI,HOU,0,0.43794897
0022400242,2024-11-17,2024-25,OKC,DAL,0,0.6763316
0022400243,2024-11-17,2024-25,LAC,UTA,1,0.85482377
0022400244,2024-11-18,2024-25,DET,CHI,0,0.6193185
0022400245,2024-11-18,2024-25,MIA,PHI,1,0.5550852
0022400246,2024-11-18,2024-25,NYK,WAS,1,0.844322
0022400247,2024-11-18,2024-25,TOR,IND,1,0.4516174
0022400248,2024-11-18,2024-25,MIL,HOU,1,0.4871191
0022400249,2024-11-18,2024-25,PHX,ORL,0,0.4621022
0022400250,2024-11-18,2024-25,SAC,ATL,0,0.7799003
0022400251,2024-11-18,2024-25,LAC,GSW,1,0.31703514
0022400021,2024-11-19,2024-25,BOS,CLE,1,0.59092426
0022400022,2024-11-19,2024-25,BKN,CHA,1,0.5113614
0022400023,2024-11-19,2024-25,MEM,DEN,0,0.6238999
0022400024,2024-11-19,2024-25,DAL,NOP,1,0.8713558
0022400025,2024-11-19,2024-25,SAS,OKC,1,0.31069118
0022400026,2024-11-19,2024-25,LAL,UTA,1,0.8712828
0022400252,2024-11-20,2024-25,CLE,NOP,1,0.8838897
0022400253,2024-11-20,2024-25,MIL,CHI,1,0.7197713
0022400254,2024-11-20,2024-25,HOU,IND,1,0.7425443
0022400255,2024-11-20,2024-25,MEM,PHI,1,0.54354185
0022400256,2024-11-20,2024-25,OKC,POR,1,0.8543361
0022400257,2024-11-20,2024-25,PHX,NYK,0,0.40072826
0022400258,2024-11-20,2024-25,GSW,ATL,1,0.81656575
0022400259,2024-11-20,2024-25,LAC,ORL,1,0.5943737
0022400260,2024-11-21,2024-25,CHA,DET,1,0.49333853
0022400261,2024-11-21,2024-25,TOR,MIN,1,0.3430108
0022400262,2024-11-21,2024-25,SAS,UTA,1,0.7865282
0022400263,2024-11-21,2024-25,LAL,ORL,0,0.7106961
0022400027,2024-11-22,2024-25,PHI,BKN,1,0.7287225
0022400028,2024-11-22,2024-25,WAS,BOS,0,0.16911776
0022400029,2024-11-22,2024-25,MIL,IND,1,0.6908267
0022400030,2024-11-22,2024-25,CHI,ATL,1,0.5386366
0022400031,2024-11-22,2024-25,HOU,POR,1,0.83924603
0022400032,2024-11-22,2024-25,NOP,GSW,0,0.1156932
0022400033,2024-11-22,2024-25,DEN,DAL,0,0.33515912
0022400034,2024-11-22,2024-25,LAC,SAC,1,0.51676315
0022400264,2024-11-23,2024-25,UTA,NYK,1,0.19457622
0022400265,2024-11-23,2024-25,ORL,DET,1,0.6186336
0022400266,2024-11-23,2024-25,CHI,MEM,0,0.37949404
0022400267,2024-11-23,2024-25,HOU,POR,0,0.81699514
0022400268,2024-11-23,2024-25,MIL,CHA,1,0.7128818
0022400269,2024-11-23,2024-25,SAS,GSW,1,0.34021088
0022400270,2024-11-23,2024-25,LAL,DEN,0,0.62184095
0022400271,2024-11-24,2024-25,BOS,MIN,1,0.7420068
0022400272,2024-11-24,2024-25,IND,WAS,1,0.7630386
0022400273,2024-11-24,2024-25,MIA,DAL,1,0.5866839
0022400274,2024-11-24,2024-25,PHI,LAC,0,0.4750442
0022400275,2024-11-24,2024-25,CLE,TOR,1,0.71753854
0022400276,2024-11-24,2024-25,SAC,BKN,0,0.7956908
0022400277,2024-11-25,2024-25,CHA,ORL,0,0.292044
0022400278,2024-11-25,2024-25,DET,TOR,1,0.6889004
0022400279,2024-11-25,2024-25,IND,NOP,1,0.7545924
0022400280,2024-11-25,2024-25,ATL,DAL,0,0.5037325
0022400281,2024-11-25,2024-25,BOS,LAC,1,0.7089551
0022400282,2024-11-25,2024-25,MEM,POR,1,0.74161726
0022400283,2024-11-25,2024-25,DEN,NYK,0,0.53359497
0022400284,2024-11-25,2024-25,GSW,BKN,0,0.86263084
0022400285,2024-11-25,2024-25,SAC,OKC,0,0.32821685
0022400035,2024-11-26,2024-25,WAS,CHI,0,0.30854228
0022400036,2024-11-26,2024-25,MIA,MIL,0,0.58847725
0022400037,2024-11-26,2024-25,MIN,HOU,0,0.397669
0022400038,2024-11-26,2024-25,UTA,SAS,0,0.29585493
0022400039,2024-11-26,2024-25,PHX,LAL,1,0.3847273
0022400286,2024-11-27,2024-25,CHA,MIA,0,0.35811886
0022400287,2024-11-27,2024-25,CLE,ATL,0,0.8170671
0022400288,2024-11-27,2024-25,IND,POR,1,0.71678525
0022400289,2024-11-27,2024-25,ORL,CHI,1,0.7944174
0022400290,2024-11-27,2024-25,PHI,HOU,0,0.45133725
0022400291,2024-11-27,2024-25,WAS,LAC,0,0.16948242
0022400292,2024-11-27,2024-25,DAL,NYK,1,0.40436974
0022400293,2024-11-27,2024-25,MEM,DET,1,0.7824543
0022400294,2024-11-27,2024-25,MIN,SAC,0,0.31996214
0022400295,2024-11-27,2024-25,NOP,TOR,0,0.34551334
0022400296,2024-11-27,2024-25,SAS,LAL,0,0.49724644
0022400297,2024-11-27,2024-25,PHX,BKN,0,0.67273706
0022400298,2024-11-27,2024-25,UTA,DEN,0,0.19559075
0022400299,2024-11-27,2024-25,GSW,OKC,0,0.35834798
0022400040,2024-11-29,2024-25,CHA,NYK,0,0.24678613
0022400041,2024-11-29,2024-25,ATL,CLE,1,0.28321224
0022400042,2024-11-29,2024-25,MEM,NOP,1,0.8621841
0022400043,2024-11-29,2024-25,BKN,ORL,0,0.34433973
0022400044,2024-11-29,2024-25,MIN,LAC,1,0.47140846
0022400045,2024-11-29,2024-25,IND,DET,0,0.59586173
0022400046,2024-11-29,2024-25,MIA,TOR,1,0.69855
0022400047,2024-11-29,2024-25,CHI,BOS,0,0.29599652
0022400048,2024-11-29,2024-25,LAL,OKC,0,0.32321364
0022400049,2024-11-29,2024-25,POR,SAC,1,0.18872432
0022400300,2024-11-30,2024-25,CHA,ATL,0,0.32464886
0022400301,2024-11-30,2024-25,DET,PHI,0,0.61385673
0022400302,2024-11-30,2024-25,MIL,WAS,1,0.86462015
0022400303,2024-11-30,2024-25,PHX,GSW,1,0.54799676
0022400304,2024-11-30,2024-25,UTA,DAL,0,0.280623
0022400305,2024-12-01,2024-25,BKN,ORL,0,0.27699038
0022400306,2024-12-01,2024-25,MEM,IND,1,0.8157493
0022400307,2024-12-01,2024-25,CLE,BOS,1,0.54949576
0022400308,2024-12-01,2024-25,NYK,NOP,1,0.85137844
0022400309,2024-12-01,2024-25,TOR,MIA,1,0.41917673
0022400310,2024-12-01,2024-25,HOU,OKC,1,0.39588925
0022400311,2024-12-01,2024-25,UTA,LAL,0,0.20639281
0022400312,2024-12-01,2024-25,POR,DAL,0,0.2946148
0022400313,2024-12-01,2024-25,SAC,SAS,0,0.6535076
0022400314,2024-12-01,2024-25,LAC,DEN,1,0.5327799
0022400315,2024-12-02,2024-25,ATL,NOP,1,0.8020115
0022400316,2024-12-02,2024-25,BOS,MIA,1,0.69390833
0022400317,2024-12-02,2024-25,CHI,BKN,1,0.72310925
0022400318,2024-12-02,2024-25,MIN,LAL,1,0.6978496
0022400050,2024-12-03,2024-25,CHA,PHI,0,0.37767488
0022400051,2024-12-03,2024-25,CLE,WAS,1,0.90462875
0022400052,2024-12-03,2024-25,DET,MIL,0,0.40067282
0022400053,2024-12-03,2024-25,NYK,ORL,1,0.62773925
0022400054,2024-12-03,2024-25,TOR,IND,1,0.6388133
0022400055,2024-12-03,2024-25,OKC,UTA,1,0.8957779
0022400056,2024-12-03,2024-25,DAL,MEM,1,0.425371
0022400057,2024-12-03,2024-25,PHX,SAS,1,0.63155043
0022400058,2024-12-03,2024-25,DEN,GSW,1,0.6375358
0022400059,2024-12-03,2024-25,SAC,HOU,1,0.5535832
0022400060,2024-12-03,2024-25,LAC,POR,1,0.8370038
0022400319,2024-12-04,2024-25,BOS,DET,1,0.7698164
0022400320,2024-12-04,2024-25,BKN,IND,1,0.50367826
0022400321,2024-12-04,2024-25,MIA,LAL,1,0.59890413
0022400322,2024-12-04,2024-25,PHI,ORL,0,0.35805866
0022400323,2024-12-04,2024-25,MIL,ATL,0,0.625888
0022400324,2024-12-04,2024-25,LAC,MIN,0,0.47728053
0022400325,2024-12-05,2024-25,CLE,DEN,1,0.6087618
0022400326,2024-12-05,2024-25,WAS,DAL,0,0.1644336
0022400327,2024-12-05,2024-25,NYK,CHA,1,0.86801636
0022400328,2024-12-05,2024-25,TOR,OKC,0,0.2702487
0022400329,2024-12-05,2024-25,MEM,SAC,1,0.6716579
0022400330,2024-12-05,2024-25,NOP,PHX,1,0.26765093
0022400331,2024-12-05,2024-25,SAS,CHI,0,0.59226817
0022400332,2024-12-05,2024-25,GSW,HOU,1,0.48828754
0022400333,2024-12-06,2024-25,PHI,ORL,1,0.29748988
0022400334,2024-12-06,2024-25,ATL,LAL,1,0.5690303
0022400335,2024-12-06,2024-25,BOS,MIL,1,0.59699124
0022400336,2024-12-06,2024-25,CHI,IND,0,0.553985
0022400337,2024-12-06,2024-25,SAS,SAC,0,0.39305094
0022400338,2024-12-06,2024-25,GSW,MIN,0,0.27465022
0022400339,2024-12-06,2024-25,POR,UTA,0,0.5814467
0022400340,2024-12-07,2024-25,CHA,CLE,0,0.19986877
0022400341,2024-12-07,2024-25,WAS,DEN,1,0.13072346
0022400342,2024-12-07,2024-25,NOP,OKC,0,0.15886429
0022400343,2024-12-07,2024-25,NYK,DET,0,0.6954309
0022400344,2024-12-07,2024-25,TOR,DAL,0,0.35443178
0022400345,2024-12-07,2024-25,BOS,MEM,0,0.51652837
0022400346,2024-12-07,2024-25,MIA,PHX,1,0.6425786
0022400347,2024-12-08,2024-25,CHI,PHI,0,0.6195222
0022400348,2024-12-08,2024-25,BKN,MIL,0,0.31714886
0022400349,2024-12-08,2024-25,IND,CHA,0,0.8042169
0022400350,2024-12-08,2024-25,ATL,DEN,0,0.519482
0022400351,2024-12-08,2024-25,MIA,CLE,1,0.47261658
0022400352,2024-12-08,2024-25,ORL,PHX,1,0.76415455
0022400353,2024-12-08,2024-25,WAS,MEM,0,0.12011374
0022400354,2024-12-08,2024-25,SAS,NOP,1,0.71745616
0022400355,2024-12-08,2024-25,GSW,MIN,1,0.4243353
0022400356,2024-12-08,2024-25,LAC,HOU,0,0.45350444
0022400357,2024-12-08,2024-25,SAC,UTA,1,0.81423783
0022400358,2024-12-08,2024-25,LAL,POR,1,0.7521308
0022400359,2024-12-09,2024-25,TOR,NYK,0,0.3526832
0022401201,2024-12-10,2024-25,MIL,ORL,1,0.5773746
0022401203,2024-12-10,2024-25,OKC,DAL,1,0.69168144
0022401202,2024-12-11,2024-25,NYK,ATL,0,0.76093847
0022401204,2024-12-11,2024-25,HOU,GSW,1,0.6003617
0022401205,2024-12-12,2024-25,BOS,DET,1,0.76423556
0022401206,2024-12-12,2024-25,MIA,TOR,1,0.7336949
0022401207,2024-12-12,2024-25,NOP,SAC,0,0.2467561
0022401208,2024-12-13,2024-25,CLE,WAS,1,0.9173183
0022401209,2024-12-13,2024-25,PHI,IND,0,0.63902545
0022401210,2024-12-13,2024-25,MIN,LAL,1,0.75991714
0022401211,2024-12-13,2024-25,MEM,BKN,1,0.81579876
0022401212,2024-12-13,2024-25,CHI,CHA,1,0.78903615
0022401213,2024-12-13,2024-25,DEN,LAC,1,0.7677607
0022401214,2024-12-13,2024-25,UTA,PHX,0,0.39255747
0022401215,2024-12-13,2024-25,POR,SAS,0,0.32332197
0022401216,2024-12-15,2024-25,IND,NOP,1,0.690356
0022401217,2024-12-15,2024-25,WAS,BOS,0,0.11541321
0022401218,2024-12-15,2024-25,SAS,MIN,0,0.35907072
0022401219,2024-12-15,2024-25,PHX,POR,1,0.78518337
0022401220,2024-12-15,2024-25,LAL,MEM,1,0.30092245
0022401227,2024-12-15,2024-25,ORL,NYK,0,0.4588203
0022401228,2024-12-15,2024-25,GSW,DAL,0,0.3632773
0022401221,2024-12-16,2024-25,DET,MIA,1,0.46496013
0022401222,2024-12-16,2024-25,CHA,PHI,0,0.33198795
0022401223,2024-12-16,2024-25,TOR,CHI,0,0.43453547
0022401224,2024-12-16,2024-25,BKN,CLE,0,0.29727077
0022401225,2024-12-16,2024-25,SAC,DEN,0,0.49223685
0022401226,2024-12-16,2024-25,LAC,UTA,1,0.76321
0022400360,2024-12-19,2024-25,DET,UTA,0,0.7566441
0022400361,2024-12-19,2024-25,ORL,OKC,0,0.321781
0022400362,2024-12-19,2024-25,WAS,CHA,1,0.26476422
0022400363,2024-12-19,2024-25,BOS,CHI,0,0.800785
0022400364,2024-12-19,2024-25,TOR,BKN,0,0.57431144
0022400365,2024-12-19,2024-25,HOU,NOP,1,0.8076354
0022400366,2024-12-19,2024-25,MEM,GSW,1,0.7675881
0022400367,2024-12-19,2024-25,MIN,NYK,0,0.5013877
0022400368,2024-12-19,2024-25,DAL,LAC,0,0.752357
0022400369,2024-12-19,2024-25,PHX,IND,0,0.55157197
0022400370,2024-12-19,2024-25,SAS,ATL,1,0.51559055
0022400371,2024-12-19,2024-25,POR,DEN,1,0.21097678
0022400372,2024-12-19,2024-25,SAC,LAL,0,0.72531664
0022400373,2024-12-20,2024-25,PHI,CHA,1,0.7337122
0022400374,2024-12-20,2024-25,CLE,MIL,1,0.63770485
0022400375,2024-12-20,2024-25,MIA,OKC,0,0.3873518
0022400376,2024-12-21,2024-25,SAC,LAL,0,0.7254226
0022400377,2024-12-21,2024-25,ORL,MIA,1,0.60743535
0022400378,2024-12-21,2024-25,ATL,MEM,0,0.30425385
0022400379,2024-12-21,2024-25,BKN,UTA,0,0.62190557
0022400380,2024-12-21,2024-25,CLE,PHI,1,0.7708454
0022400381,2024-12-21,2024-25,CHI,BOS,0,0.31188792
0022400382,2024-12-21,2024-25,MIL,WAS,1,0.89706314
0022400383,2024-12-21,2024-25,MIN,GSW,0,0.7504958
0022400384,2024-12-21,2024-25,NOP,NYK,0,0.21158426
0022400385,2024-12-21,2024-25,DAL,LAC,1,0.5822201
0022400386,2024-12-21,2024-25,SAS,POR,1,0.7928432
0022400387,2024-12-21,2024-25,PHX,DET,0,0.622261
0022400388,2024-12-22,2024-25,TOR,HOU,0,0.3140379
0022400389,2024-12-22,2024-25,SAC,IND,0,0.64496297
0022400390,2024-12-22,2024-25,NOP,DEN,0,0.15627846
0022400391,2024-12-23,2024-25,CHA,HOU,0,0.32462546
0022400392,2024-12-23,2024-25,CLE,UTA,1,0.85764503
0022400393,2024-12-23,2024-25,ORL,BOS,1,0.3208222
0022400394,2024-12-23,2024-25,PHI,SAS,1,0.44469202
0022400395,2024-12-23,2024-25,ATL,MIN,1,0.3598944
0022400396,2024-12-23,2024-25,MIA,BKN,1,0.7575883
0022400397,2024-12-23,2024-25,NYK,TOR,1,0.88111347
0022400398,2024-12-23,2024-25,CHI,MIL,0,0.47513688
0022400399,2024-12-23,2024-25,MEM,LAC,0,0.738753
0022400400,2024-12-23,2024-25,OKC,WAS,1,0.9377631
0022400401,2024-12-23,2024-25,DAL,POR,1,0.80983657
0022400402,2024-12-23,2024-25,DEN,PHX,1,0.67354447
0022400403,2024-12-23,2024-25,GSW,IND,0,0.501273
0022400404,2024-12-23,2024-25,LAL,DET,0,0.6095312
0022400405,2024-12-25,2024-25,NYK,SAS,1,0.7465295
0022400406,2024-12-25,2024-25,DAL,MIN,0,0.6757511
0022400407,2024-12-25,2024-25,BOS,PHI,0,0.8108028
0022400408,2024-12-25,2024-25,GSW,LAL,0,0.48569086
0022400409,2024-12-25,2024-25,PHX,DEN,1,0.37664703
0022400410,2024-12-26,2024-25,IND,OKC,0,0.30300266
0022400411,2024-12-26,2024-25,ORL,MIA,0,0.5750943
0022400412,2024-12-26,2024-25,WAS,CHA,1,0.38144657
0022400413,2024-12-26,2024-25,ATL,CHI,1,0.5916734
0022400414,2024-12-26,2024-25,MEM,TOR,1,0.85883147
0022400415,2024-12-26,2024-25,MIL,BKN,0,0.817281
0022400416,2024-12-26,2024-25,NOP,HOU,0,0.22543639
0022400417,2024-12-26,2024-25,POR,UTA,1,0.49701187
0022400418,2024-12-26,2024-25,SAC,DET,0,0.69083357
0022400419,2024-12-27,2024-25,ORL,NYK,0,0.27315778
0022400420,2024-12-27,2024-25,BOS,IND,1,0.78821194
0022400421,2024-12-27,2024-25,BKN,SAS,0,0.22052002
0022400422,2024-12-27,2024-25,HOU,MIN,0,0.5632395
0022400423,2024-12-27,2024-25,NOP,MEM,0,0.16830568
0022400424,2024-12-27,2024-25,DEN,CLE,0,0.5368007
0022400425,2024-12-27,2024-25,PHX,DAL,0,0.3377936
0022400426,2024-12-27,2024-25,LAC,GSW,1,0.708733
0022400427,2024-12-28,2024-25,ATL,MIA,1,0.55390036
0022400428,2024-12-28,2024-25,CHA,OKC,0,0.22269987
0022400429,2024-12-28,2024-25,WAS,NYK,0,0.1363381
0022400430,2024-12-28,2024-25,CHI,MIL,1,0.43365327
0022400431,2024-12-28,2024-25,GSW,PHX,1,0.44651958
0022400432,2024-12-28,2024-25,DEN,DET,1,0.6771598
0022400433,2024-12-28,2024-25,UTA,PHI,0,0.35201743
0022400434,2024-12-28,2024-25,POR,DAL,1,0.2505357
0022400435,2024-12-28,2024-25,LAL,SAC,1,0.4970173
0022400436,2024-12-29,2024-25,ORL,BKN,1,0.8063376
0022400437,2024-12-29,2024-25,BOS,IND,0,0.7986017
0022400438,2024-12-29,2024-25,TOR,ATL,0,0.47838882
0022400439,2024-12-29,2024-25,HOU,MIA,0,0.7176706
0022400440,2024-12-29,2024-25,OKC,MEM,1,0.5115301
0022400441,2024-12-29,2024-25,MIN,SAS,1,0.57863617
0022400442,2024-12-30,2024-25,CHA,CHI,0,0.33037362
0022400443,2024-12-30,2024-25,WAS,NYK,0,0.11579794
0022400444,2024-12-30,2024-25,NOP,LAC,0,0.24591047
0022400445,2024-12-30,2024-25,UTA,DEN,0,0.24161589
0022400446,2024-12-30,2024-25,GSW,CLE,0,0.3025436
0022400447,2024-12-30,2024-25,POR,PHI,0,0.2750843
0022400448,2024-12-30,2024-25,SAC,DAL,1,0.6085469
0022400449,2024-12-31,2024-25,BOS,TOR,1,0.8593557
0022400450,2024-12-31,2024-25,IND,MIL,0,0.45177695
0022400451,2024-12-31,2024-25,SAS,LAC,1,0.5387061
0022400452,2024-12-31,2024-25,OKC,MIN,1,0.7849787
0022400453,2024-12-31,2024-25,PHX,MEM,0,0.38471812
0022400454,2024-12-31,2024-25,LAL,CLE,0,0.31872737
0022400455,2025-01-01,2024-25,DET,ORL,1,0.51162475
0022400456,2025-01-01,2024-25,WAS,CHI,1,0.2460295
0022400457,2025-01-01,2024-25,MIA,NOP,1,0.785892
0022400458,2025-01-01,2024-25,NYK,UTA,1,0.88096297
0022400459,2025-01-01,2024-25,TOR,BKN,1,0.50946075
0022400460,2025-01-01,2024-25,HOU,DAL,1,0.70786
0022400461,2025-01-01,2024-25,DEN,ATL,1,0.68724453
0022400462,2025-01-01,2024-25,SAC,PHI,1,0.62081385
0022400463,2025-01-02,2024-25,MIA,IND,0,0.55498856
0022400464,2025-01-02,2024-25,MIN,BOS,0,0.2799286
0022400465,2025-01-02,2024-25,MIL,BKN,0,0.882131
0022400466,2025-01-02,2024-25,OKC,LAC,1,0.77497256
0022400467,2025-01-02,2024-25,GSW,PHI,1,0.63602495
0022400468,2025-01-02,2024-25,LAL,POR,1,0.7989928
0022400469,2025-01-03,2024-25,DET,CHA,1,0.7720232
0022400470,2025-01-03,2024-25,TOR,ORL,0,0.43705627
0022400471,2025-01-03,2024-25,HOU,BOS,0,0.5148059
0022400472,2025-01-03,2024-25,NOP,WAS,1,0.6246931
0022400473,2025-01-03,2024-25,OKC,NYK,1,0.6115013
0022400474,2025-01-03,2024-25,DAL,CLE,0,0.35710672
0022400475,2025-01-03,2024-25,DEN,SAS,0,0.7122689
0022400476,2025-01-03,2024-25,SAC,MEM,1,0.5835739
0022400477,2025-01-03,2024-25,LAL,ATL,1,0.48771453
0022400478,2025-01-04,2024-25,BKN,PHI,0,0.31561962
0022400479,2025-01-04,2024-25,DET,MIN,1,0.46062866
0022400480,2025-01-04,2024-25,IND,PHX,1,0.5361047
0022400481,2025-01-04,2024-25,MIA,UTA,0,0.8004077
0022400482,2025-01-04,2024-25,CHI,NYK,1,0.4684965
0022400483,2025-01-04,2024-25,MIL,POR,0,0.8606453
0022400484,2025-01-04,2024-25,SAS,DEN,0,0.40240923
0022400485,2025-01-04,2024-25,GSW,MEM,1,0.52676636
0022400486,2025-01-04,2024-25,LAC,ATL,1,0.6146178
0022400487,2025-01-05,2024-25,OKC,BOS,1,0.64011985
0022400488,2025-01-05,2024-25,CLE,CHA,1,0.8836372
0022400489,2025-01-05,2024-25,WAS,NOP,0,0.47573215
0022400490,2025-01-05,2024-25,ORL,UTA,0,0.73680085
0022400491,2025-01-05,2024-25,HOU,LAL,1,0.59002745
0022400492,2025-01-05,2024-25,GSW,SAC,0,0.39658758
0022400493,2025-01-06,2024-25,DET,POR,1,0.78163993
0022400494,2025-01-06,2024-25,PHI,PHX,0,0.60232884
0022400495,2025-01-06,2024-25,BKN,IND,0,0.22089115
0022400496,2025-01-06,2024-25,NYK,ORL,0,0.7993595
0022400497,2025-01-06,2024-25,TOR,MIL,0,0.2753394
0022400498,2025-01-06,2024-25,CHI,SAS,1,0.52670425
0022400499,2025-01-06,2024-25,MEM,DAL,1,0.6639554
0022400500,2025-01-06,2024-25,MIN,LAC,1,0.45899233
0022400501,2025-01-06,2024-25,SAC,MIA,1,0.5406551
0022400502,2025-01-07,2024-25,CHA,PHX,1,0.44065684
0022400503,2025-01-07,2024-25,WAS,HOU,0,0.26642948
0022400504,2025-01-07,2024-25,DAL,LAL,1,0.47094956
0022400505,2025-01-07,2024-25,NOP,MIN,0,0.4087918
0022400506,2025-01-07,2024-25,UTA,ATL,0,0.5505145
0022400507,2025-01-07,2024-25,DEN,BOS,0,0.47895083
0022400508,2025-01-07,2024-25,GSW,MIA,0,0.68352455
0022400509,2025-01-08,2024-25,CLE,OKC,1,0.4824092
0022400510,2025-01-08,2024-25,IND,CHI,1,0.6325394
0022400511,2025-01-08,2024-25,NYK,TOR,1,0.8234805
0022400512,2025-01-08,2024-25,PHI,WAS,1,0.8537476
0022400513,2025-01-08,2024-25,BKN,DET,0,0.24422987
0022400514,2025-01-08,2024-25,NOP,POR,0,0.700074
0022400515,2025-01-08,2024-25,DEN,LAC,1,0.43184385
0022400516,2025-01-08,2024-25,MIL,SAS,1,0.7333709
0022400517,2025-01-09,2024-25,CLE,TOR,1,0.8477237
0022400518,2025-01-09,2024-25,DET,GSW,0,0.51977247
0022400519,2025-01-09,2024-25,ORL,MIN,0,0.47995362
0022400520,2025-01-09,2024-25,MEM,HOU,0,0.55995023
0022400521,2025-01-09,2024-25,DAL,POR,1,0.77622753
0022400522,2025-01-09,2024-25,PHX,ATL,1,0.6359418
0022400523,2025-01-09,2024-25,UTA,MIA,0,0.44685754
0022400525,2025-01-10,2024-25,IND,GSW,1,0.78934443
0022400526,2025-01-10,2024-25,ORL,MIL,0,0.27463856
0022400527,2025-01-10,2024-25,PHI,NOP,0,0.7104061
0022400528,2025-01-10,2024-25,BOS,SAC,0,0.7813329
0022400529,2025-01-10,2024-25,NYK,OKC,0,0.41643205
0022400530,2025-01-10,2024-25,CHI,WAS,1,0.8396989
0022400531,2025-01-10,2024-25,DEN,BKN,1,0.8905908
0022400533,2025-01-11,2024-25,PHX,UTA,1,0.73226184
0022400534,2025-01-11,2024-25,DET,TOR,1,0.65182775
0022400535,2025-01-11,2024-25,MIN,MEM,0,0.40110096
0022400536,2025-01-11,2024-25,POR,MIA,0,0.32556453
0022400539,2025-01-12,2024-25,NYK,MIL,1,0.5532606
0022400540,2025-01-12,2024-25,DAL,DEN,0,0.34701988
0022400541,2025-01-12,2024-25,CHI,SAC,0,0.5396261
0022400542,2025-01-12,2024-25,BOS,NOP,1,0.8821598
0022400543,2025-01-12,2024-25,CLE,IND,0,0.6977166
0022400544,2025-01-12,2024-25,ORL,PHI,1,0.5044441
0022400545,2025-01-12,2024-25,WAS,OKC,0,0.12982573
0022400546,2025-01-12,2024-25,UTA,BKN,1,0.7815981
0022400547,2025-01-12,2024-25,PHX,CHA,1,0.60851216
0022400548,2025-01-13,2024-25,WAS,MIN,0,0.19115944
0022400549,2025-01-13,2024-25,NYK,DET,0,0.7244198
0022400550,2025-01-13,2024-25,TOR,GSW,1,0.585311
0022400551,2025-01-13,2024-25,HOU,MEM,1,0.42971304
0022400552,2025-01-13,2024-25,LAL,SAS,0,0.6464551
0022400553,2025-01-13,2024-25,LAC,MIA,1,0.5969427
0022400554,2025-01-14,2024-25,IND,CLE,0,0.39949366
0022400555,2025-01-14,2024-25,PHI,OKC,0,0.2928477
0022400556,2025-01-14,2024-25,ATL,PHX,1,0.48555937
0022400557,2025-01-14,2024-25,CHI,NOP,0,0.73324275
0022400558,2025-01-14,2024-25,MIL,SAC,1,0.6519046
0022400559,2025-01-14,2024-25,DAL,DEN,0,0.30257294
0022400560,2025-01-14,2024-25,POR,BKN,0,0.7550521
0022400561,2025-01-15,2024-25,PHI,NYK,0,0.20794709
0022400562,2025-01-15,2024-25,TOR,BOS,1,0.2183203
0022400563,2025-01-15,2024-25,CHI,ATL,0,0.6369097
0022400564,2025-01-15,2024-25,MIL,ORL,1,0.6902625
0022400565,2025-01-15,2024-25,MIN,GSW,0,0.7631086
0022400566,2025-01-15,2024-25,NOP,DAL,1,0.4242813
0022400567,2025-01-15,2024-25,SAS,MEM,0,0.34880087
0022400568,2025-01-15,2024-25,DEN,HOU,0,0.70973283
0022400569,2025-01-15,2024-25,UTA,CHA,0,0.3847437
0022400570,2025-01-15,2024-25,LAL,MIA,1,0.6134587
0022400571,2025-01-15,2024-25,LAC,BKN,1,0.86138606
0022400572,2025-01-16,2024-25,DET,IND,0,0.4859012
0022400573,2025-01-16,2024-25,WAS,PHX,0,0.21187599
0022400574,2025-01-16,2024-25,OKC,CLE,1,0.6700487
0022400575,2025-01-16,2024-25,POR,LAC,0,0.27195072
0022400576,2025-01-16,2024-25,SAC,HOU,1,0.6134178
0022400577,2025-01-17,2024-25,BOS,ORL,1,0.8335436
0022400578,2025-01-17,2024-25,NYK,MIN,0,0.70502317
0022400579,2025-01-17,2024-25,MIA,DEN,0,0.4726251
0022400580,2025-01-17,2024-25,MIL,TOR,1,0.83564335
0022400581,2025-01-17,2024-25,NOP,UTA,1,0.6984786
0022400582,2025-01-17,2024-25,SAS,MEM,0,0.31356195
0022400583,2025-01-17,2024-25,DAL,OKC,1,0.22455363
0022400584,2025-01-17,2024-25,CHI,CHA,0,0.6557852
0022400585,2025-01-17,2024-25,LAL,BKN,1,0.864846
0022400586,2025-01-18,2024-25,DET,PHX,0,0.44119433
0022400587,2025-01-18,2024-25,BOS,ATL,0,0.81065524
0022400588,2025-01-18,2024-25,IND,PHI,1,0.71262014
0022400589,2025-01-18,2024-25,GSW,WAS,1,0.76075417
0022400590,2025-01-18,2024-25,MIN,CLE,0,0.24714623
0022400591,2025-01-18,2024-25,POR,HOU,0,0.3040216
0022400592,2025-01-19,2024-25,MIA,SAS,1,0.6835854
0022400593,2025-01-19,2024-25,ORL,DEN,0,0.21397218
0022400594,2025-01-19,2024-25,MIL,PHI,1,0.8551337
0022400595,2025-01-19,2024-25,OKC,BKN,1,0.9149618
0022400596,2025-01-19,2024-25,LAC,LAL,1,0.66704625
0022400597,2025-01-19,2024-25,POR,CHI,1,0.2364244
0022400598,2025-01-19,2024-25,SAC,WAS,1,0.90676427
0022400599,2025-01-20,2024-25,CHA,DAL,1,0.5222722
0022400600,2025-01-20,2024-25,HOU,DET,0,0.7069624
0022400601,2025-01-20,2024-25,MEM,MIN,1,0.7255291
0022400602,2025-01-20,2024-25,NYK,ATL,1,0.62189883
0022400603,2025-01-20,2024-25,CLE,PHX,1,0.71625376
0022400604,2025-01-20,2024-25,GSW,BOS,0,0.26024145
0022400605,2025-01-20,2024-25,NOP,UTA,1,0.69965833
0022400611,2025-01-20,2024-25,LAC,CHI,0,0.7334464
0022400606,2025-01-21,2024-25,BKN,NYK,0,0.22094175
0022400607,2025-01-21,2024-25,MIA,POR,0,0.8044396
0022400608,2025-01-21,2024-25,TOR,ORL,1,0.5241865
0022400609,2025-01-21,2024-25,DEN,PHI,1,0.8632993
0022400610,2025-01-21,2024-25,LAL,WAS,1,0.85593414
0022400612,2025-01-22,2024-25,ATL,DET,0,0.6213549
0022400613,2025-01-22,2024-25,BKN,PHX,0,0.21893378
0022400614,2025-01-22,2024-25,DAL,MIN,0,0.58945584
0022400615,2025-01-22,2024-25,HOU,CLE,1,0.43925053
0022400616,2025-01-22,2024-25,MEM,CHA,1,0.7297376
0022400618,2025-01-22,2024-25,OKC,UTA,1,0.90522933
0022400619,2025-01-22,2024-25,SAC,GSW,1,0.802193
0022400620,2025-01-22,2024-25,LAC,BOS,0,0.34336165
0022400622,2025-01-23,2024-25,ORL,POR,0,0.69232136
0022400623,2025-01-23,2024-25,ATL,TOR,0,0.6834454
0022400624,2025-01-23,2024-25,MIL,MIA,1,0.71413964
0022400625,2025-01-23,2024-25,OKC,DAL,0,0.872333
0022400626,2025-01-23,2024-25,DEN,SAC,1,0.7296746
0022400628,2025-01-23,2024-25,GSW,CHI,1,0.30675495
0022400629,2025-01-23,2024-25,LAL,BOS,1,0.5272957
0022400983,2025-01-23,2024-25,LAC,WAS,1,0.66532
0022400630,2025-01-24,2024-25,CHA,POR,0,0.7572846
0022400631,2025-01-24,2024-25,PHI,CLE,1,0.27180663
0022400632,2025-01-24,2024-25,MEM,NOP,1,0.76529545
0022400634,2025-01-25,2024-25,MIN,DEN,1,0.2612997
0022400635,2025-01-25,2024-25,DAL,BOS,0,0.27003878
0022400636,2025-01-25,2024-25,BKN,MIA,0,0.2429627
0022400637,2025-01-25,2024-25,CHA,NOP,1,0.46275532
0022400638,2025-01-25,2024-25,ORL,DET,1,0.4459653
0022400639,2025-01-25,2024-25,ATL,TOR,0,0.76373506
0022400640,2025-01-25,2024-25,CLE,HOU,0,0.57781065
0022400641,2025-01-25,2024-25,NYK,SAC,1,0.59438807
0022400642,2025-01-25,2024-25,CHI,PHI,0,0.73315996
0022400643,2025-01-25,2024-25,MEM,UTA,1,0.7105958
0022400644,2025-01-25,2024-25,GSW,LAL,0,0.34008145
0022400645,2025-01-25,2024-25,PHX,WAS,1,0.8493783
0022400646,2025-01-25,2024-25,LAC,MIL,1,0.49612162
0022400647,2025-01-26,2024-25,POR,OKC,0,0.18714027
0022400648,2025-01-27,2024-25,CHA,LAL,0,0.37073246
0022400649,2025-01-27,2024-25,CLE,DET,1,0.71114415
0022400650,2025-01-27,2024-25,BOS,HOU,0,0.66340125
0022400651,2025-01-27,2024-25,BKN,SAC,0,0.18201546
0022400652,2025-01-27,2024-25,MIA,ORL,1,0.61618465
0022400653,2025-01-27,2024-25,NYK,MEM,1,0.58336353
0022400654,2025-01-27,2024-25,TOR,NOP,1,0.48532468
0022400655,2025-01-27,2024-25,CHI,DEN,1,0.2844846
0022400656,2025-01-27,2024-25,MIN,ATL,1,0.6144779
0022400657,2025-01-27,2024-25,DAL,WAS,1,0.79868686
0022400658,2025-01-27,2024-25,UTA,MIL,0,0.24991855
0022400659,2025-01-27,2024-25,PHX,LAC,1,0.4752427
0022400532,2025-01-28,2024-25,ATL,HOU,0,0.2944026
0022400660,2025-01-28,2024-25,PHI,LAL,1,0.40285435
0022400661,2025-01-28,2024-25,GSW,UTA,1,0.78176296
0022400662,2025-01-28,2024-25,POR,MIL,1,0.32448214
0022400663,2025-01-29,2024-25,CHA,BKN,0,0.8220163
0022400664,2025-01-29,2024-25,IND,DET,1,0.7306749
0022400665,2025-01-29,2024-25,WAS,TOR,0,0.35529113
0022400666,2025-01-29,2024-25,BOS,CHI,1,0.6855036
0022400667,2025-01-29,2024-25,MIA,CLE,0,0.34774148
0022400668,2025-01-29,2024-25,NYK,DEN,1,0.49677986
0022400669,2025-01-29,2024-25,PHI,SAC,1,0.2840597
0022400670,2025-01-29,2024-25,NOP,DAL,0,0.55223364
0022400671,2025-01-29,2024-25,SAS,LAC,0,0.40268645
0022400672,2025-01-29,2024-25,PHX,MIN,0,0.56009257
0022400673,2025-01-29,2024-25,GSW,OKC,1,0.16152184
0022400674,2025-01-30,2024-25,WAS,LAL,0,0.1326861
0022400675,2025-01-30,2024-25,CLE,ATL,1,0.6886692
0022400676,2025-01-30,2024-25,MEM,HOU,1,0.5954946
0022400677,2025-01-30,2024-25,UTA,MIN,0,0.43125537
0022400678,2025-01-30,2024-25,POR,ORL,1,0.52046037
0022400679,2025-01-31,2024-25,CHA,LAC,0,0.23927686
0022400680,2025-01-31,2024-25,DET,DAL,1,0.5706698
0022400681,2025-01-31,2024-25,PHI,DEN,0,0.30021468
0022400682,2025-01-31,2024-25,TOR,CHI,0,0.5362482
0022400683,2025-01-31,2024-25,NOP,BOS,0,0.38141048
0022400684,2025-01-31,2024-25,SAS,MIL,1,0.33320844
0022400685,2025-01-31,2024-25,GSW,PHX,0,0.42203653
0022400686,2025-02-01,2024-25,IND,ATL,1,0.77587515
0022400687,2025-02-01,2024-25,UTA,ORL,1,0.38016415
0022400688,2025-02-01,2024-25,CHA,DEN,0,0.19982232
0022400689,2025-02-01,2024-25,HOU,BKN,0,0.85698795
0022400690,2025-02-01,2024-25,MIN,WAS,0,0.84952927
0022400691,2025-02-01,2024-25,OKC,SAC,1,0.748401
0022400692,2025-02-01,2024-25,NYK,LAL,0,0.6683732
0022400693,2025-02-01,2024-25,SAS,MIA,0,0.47775552
0022400694,2025-02-01,2024-25,POR,PHX,1,0.48411477
0022400695,2025-02-02,2024-25,DET,CHI,1,0.6405723
0022400696,2025-02-02,2024-25,CLE,DAL,1,0.746923
0022400697,2025-02-02,2024-25,TOR,LAC,1,0.27716723
0022400698,2025-02-02,2024-25,PHI,BOS,0,0.31436336
0022400699,2025-02-02,2024-25,MIL,MEM,0,0.65577406
0022400700,2025-02-03,2024-25,CHA,WAS,0,0.74503493
0022400701,2025-02-03,2024-25,DET,ATL,0,0.6206976
0022400702,2025-02-03,2024-25,NYK,HOU,1,0.6852714
0022400703,2025-02-03,2024-25,MEM,SAS,1,0.65575665
0022400704,2025-02-03,2024-25,MIN,SAC,0,0.49979416
0022400705,2025-02-03,2024-25,OKC,MIL,1,0.72764367
0022400706,2025-02-03,2024-25,DEN,NOP,1,0.7967617
0022400707,2025-02-03,2024-25,UTA,IND,0,0.25613478
0022400708,2025-02-03,2024-25,GSW,ORL,1,0.5951416
0022400709,2025-02-03,2024-25,POR,PHX,1,0.4368719
0022400710,2025-02-04,2024-25,CLE,BOS,0,0.64927
0022400711,2025-02-04,2024-25,BKN,HOU,1,0.29195213
0022400712,2025-02-04,2024-25,PHI,DAL,1,0.5734553
0022400713,2025-02-04,2024-25,TOR,NYK,0,0.3876821
0022400714,2025-02-04,2024-25,CHI,MIA,1,0.54634964
0022400715,2025-02-04,2024-25,LAC,LAL,0,0.5135557
0022400716,2025-02-04,2024-25,POR,IND,1,0.33169675
0022400717,2025-02-05,2024-25,CHA,MIL,0,0.29250616
0022400718,2025-02-05,2024-25,DET,CLE,0,0.37420675
0022400719,2025-02-05,2024-25,ATL,SAS,0,0.4770816
0022400720,2025-02-05,2024-25,BKN,WAS,0,0.5813558
0022400721,2025-02-05,2024-25,PHI,MIA,0,0.5544151
0022400722,2025-02-05,2024-25,TOR,MEM,0,0.27460113
0022400723,2025-02-05,2024-25,MIN,CHI,1,0.72815996
0022400724,2025-02-05,2024-25,OKC,PHX,1,0.7520953
0022400725,2025-02-05,2024-25,UTA,GSW,1,0.4039622
0022400726,2025-02-05,2024-25,DEN,NOP,1,0.7562473
0022400727,2025-02-05,2024-25,SAC,ORL,0,0.67538136
0022400728,2025-02-06,2024-25,BOS,DAL,0,0.789209
0022400729,2025-02-06,2024-25,MIN,HOU,1,0.5007253
0022400730,2025-02-06,2024-25,DEN,ORL,1,0.78447443
0022400731,2025-02-06,2024-25,LAL,GSW,1,0.81591064
0022400732,2025-02-06,2024-25,POR,SAC,1,0.49765584
0022400733,2025-02-06,2024-25,LAC,IND,0,0.43873143
0022400734,2025-02-07,2024-25,CHA,SAS,1,0.34354198
0022400735,2025-02-07,2024-25,WAS,CLE,0,0.18520612
0022400736,2025-02-07,2024-25,ATL,MIL,1,0.3751739
0022400737,2025-02-07,2024-25,BKN,MIA,1,0.2999724
0022400738,2025-02-07,2024-25,DET,PHI,1,0.581485
0022400739,2025-02-07,2024-25,OKC,TOR,1,0.88779116
0022400740,2025-02-07,2024-25,PHX,UTA,1,0.71824986
0022400741,2025-02-08,2024-25,DAL,HOU,1,0.5016806
0022400742,2025-02-08,2024-25,LAL,IND,1,0.5729962
0022400743,2025-02-08,2024-25,ORL,SAS,1,0.51638913
0022400744,2025-02-08,2024-25,WAS,ATL,0,0.289727
0022400745,2025-02-08,2024-25,CHI,GSW,0,0.57504344
0022400746,2025-02-08,2024-25,MEM,OKC,0,0.43442312
0022400747,2025-02-08,2024-25,MIN,POR,1,0.68272483
0022400748,2025-02-08,2024-25,NYK,BOS,0,0.5243265
0022400749,2025-02-08,2024-25,PHX,DEN,0,0.27777746
0022400750,2025-02-08,2024-25,SAC,NOP,1,0.662273
0022400751,2025-02-08,2024-25,LAC,UTA,1,0.81193024
0022400752,2025-02-09,2024-25,DET,CHA,1,0.6949989
0022400753,2025-02-09,2024-25,HOU,TOR,1,0.635571
0022400754,2025-02-09,2024-25,MIL,PHI,1,0.45049095
0022400755,2025-02-10,2024-25,CLE,MIN,1,0.7024321
0022400756,2025-02-10,2024-25,ORL,ATL,0,0.566501
0022400757,2025-02-10,2024-25,WAS,SAS,0,0.2322661
0022400758,2025-02-10,2024-25,BKN,CHA,1,0.646037
0022400759,2025-02-10,2024-25,MIA,BOS,0,0.35866073
0022400760,2025-02-10,2024-25,MIL,GSW,0,0.44573918
0022400761,2025-02-10,2024-25,OKC,NOP,1,0.84152144
0022400762,2025-02-10,2024-25,DAL,SAC,0,0.5236056
0022400763,2025-02-10,2024-25,DEN,POR,1,0.75070846
0022400768,2025-02-10,2024-25,LAL,UTA,1,0.8018445
0022400764,2025-02-11,2024-25,PHI,TOR,0,0.7674047
0022400765,2025-02-11,2024-25,IND,NYK,0,0.5928229
0022400766,2025-02-11,2024-25,CHI,DET,0,0.34407893
0022400767,2025-02-11,2024-25,PHX,MEM,0,0.39407483
0022400769,2025-02-12,2024-25,BOS,SAS,1,0.63558507
0022400770,2025-02-12,2024-25,ORL,CHA,1,0.65486634
0022400771,2025-02-12,2024-25,WAS,IND,0,0.2522022
0022400772,2025-02-12,2024-25,BKN,PHI,1,0.38837305
0022400773,2025-02-12,2024-25,NYK,ATL,1,0.6120928
0022400774,2025-02-12,2024-25,TOR,CLE,0,0.23929448
0022400775,2025-02-12,2024-25,CHI,DET,0,0.28252587
0022400776,2025-02-12,2024-25,MIN,MIL,0,0.6391366
0022400777,2025-02-12,2024-25,NOP,SAC,0,0.40223494
0022400778,2025-02-12,2024-25,OKC,MIA,1,0.8687201
0022400779,2025-02-12,2024-25,HOU,PHX,1,0.6037578
0022400780,2025-02-12,2024-25,DEN,POR,1,0.7752619
0022400781,2025-02-12,2024-25,UTA,LAL,1,0.21704268
0022400782,2025-02-12,2024-25,DAL,GSW,1,0.48724005
0022400783,2025-02-12,2024-25,LAC,MEM,1,0.6034584
0022400784,2025-02-13,2024-25,HOU,GSW,0,0.42653415
0022400785,2025-02-13,2024-25,NOP,SAC,1,0.38701546
0022400786,2025-02-13,2024-25,DAL,MIA,1,0.55330896
0022400787,2025-02-13,2024-25,MIN,OKC,1,0.27355212
0022401004,2025-02-13,2024-25,UTA,LAC,0,0.24734673
0022400524,2025-02-19,2024-25,LAL,CHA,0,0.8643727
0022400788,2025-02-20,2024-25,IND,MEM,1,0.52475137
0022400789,2025-02-20,2024-25,PHI,BOS,0,0.37558496
0022400790,2025-02-20,2024-25,ATL,ORL,0,0.49926823
0022400791,2025-02-20,2024-25,BKN,CLE,0,0.27586573
0022400792,2025-02-20,2024-25,NYK,CHI,1,0.7624184
0022400793,2025-02-20,2024-25,MIL,LAC,1,0.3658283
0022400794,2025-02-20,2024-25,DEN,CHA,1,0.86556935
0022400795,2025-02-20,2024-25,SAS,PHX,1,0.6746255
0022400796,2025-02-20,2024-25,POR,LAL,0,0.3446408
0022400797,2025-02-21,2024-25,CLE,NYK,1,0.75698453
0022400798,2025-02-21,2024-25,ORL,MEM,0,0.45162162
0022400799,2025-02-21,2024-25,WAS,MIL,0,0.30091327
0022400800,2025-02-21,2024-25,TOR,MIA,0,0.49175715
0022400801,2025-02-21,2024-25,HOU,MIN,1,0.48682618
0022400802,2025-02-21,2024-25,SAS,DET,0,0.3151987
0022400803,2025-02-21,2024-25,DAL,NOP,1,0.6065791
0022400804,2025-02-21,2024-25,UTA,OKC,0,0.16202419
0022400805,2025-02-21,2024-25,SAC,GSW,0,0.49861458
0022400806,2025-02-22,2024-25,CHI,PHX,0,0.38582313
0022400807,2025-02-22,2024-25,PHI,BKN,0,0.74384606
0022400808,2025-02-22,2024-25,DEN,LAL,0,0.62082636
0022400809,2025-02-22,2024-25,UTA,HOU,1,0.4189905
0022400810,2025-02-22,2024-25,POR,CHA,1,0.7766039
0022400811,2025-02-23,2024-25,BOS,NYK,1,0.63600636
0022400812,2025-02-23,2024-25,GSW,DAL,1,0.69204056
0022400813,2025-02-23,2024-25,IND,LAC,1,0.56002706
0022400814,2025-02-23,2024-25,ATL,DET,0,0.2799242
0022400815,2025-02-23,2024-25,ORL,WAS,1,0.72675353
0022400816,2025-02-23,2024-25,TOR,PHX,1,0.44720215
0022400817,2025-02-23,2024-25,MIL,MIA,1,0.58818454
0022400818,2025-02-23,2024-25,NOP,SAS,1,0.42995498
0022400819,2025-02-23,2024-25,CLE,MEM,1,0.74075115
0022400820,2025-02-23,2024-25,MIN,OKC,0,0.26079145
0022400821,2025-02-24,2024-25,DET,LAC,1,0.64405715
0022400822,2025-02-24,2024-25,IND,DEN,0,0.3598869
0022400823,2025-02-24,2024-25,PHI,CHI,0,0.69178575
0022400824,2025-02-24,2024-25,WAS,BKN,1,0.33769226
0022400825,2025-02-24,2024-25,ATL,MIA,1,0.5096844
0022400826,2025-02-24,2024-25,OKC,MIN,0,0.8339805
0022400827,2025-02-24,2024-25,UTA,POR,0,0.36893383
0022400828,2025-02-24,2024-25,SAC,CHA,1,0.7479414
0022400829,2025-02-25,2024-25,TOR,BOS,0,0.25705513
0022400830,2025-02-25,2024-25,ORL,CLE,0,0.30647233
0022400831,2025-02-25,2024-25,HOU,MIL,1,0.50443834
0022400832,2025-02-25,2024-25,MEM,PHX,1,0.5751742
0022400833,2025-02-25,2024-25,NOP,SAS,1,0.48413974
0022400834,2025-02-25,2024-25,GSW,CHA,1,0.89746654
0022400835,2025-02-25,2024-25,LAL,DAL,1,0.77867985
0022400836,2025-02-26,2024-25,DET,BOS,1,0.6310254
0022400837,2025-02-26,2024-25,IND,TOR,1,0.79328424
0022400838,2025-02-26,2024-25,NYK,PHI,1,0.71256804
0022400839,2025-02-26,2024-25,WAS,POR,0,0.33951068
0022400840,2025-02-26,2024-25,BKN,OKC,0,0.14527635
0022400841,2025-02-26,2024-25,MIA,ATL,1,0.54648185
0022400842,2025-02-26,2024-25,CHI,LAC,0,0.39592427
0022400843,2025-02-26,2024-25,UTA,SAC,0,0.26841444
0022400844,2025-02-26,2024-25,HOU,SAS,1,0.5385726
0022400845,2025-02-27,2024-25,ORL,GSW,0,0.2955901
0022400846,2025-02-27,2024-25,MIL,DEN,1,0.34647644
0022400847,2025-02-27,2024-25,DAL,CHA,1,0.8369413
0022400848,2025-02-27,2024-25,PHX,NOP,0,0.6391431
0022400849,2025-02-27,2024-25,LAL,MIN,1,0.7701684
0022400850,2025-02-28,2024-25,DET,DEN,0,0.58951324
0022400851,2025-02-28,2024-25,ATL,OKC,0,0.22507864
0022400852,2025-02-28,2024-25,BOS,CLE,0,0.49743047
0022400853,2025-02-28,2024-25,BKN,POR,0,0.31671143
0022400854,2025-02-28,2024-25,MIA,IND,1,0.3704813
0022400855,2025-02-28,2024-25,CHI,TOR,1,0.599673
0022400856,2025-02-28,2024-25,MEM,NYK,0,0.52096236
0022400857,2025-02-28,2024-25,PHX,NOP,1,0.65830773
0022400858,2025-02-28,2024-25,UTA,MIN,1,0.3584502
0022400859,2025-02-28,2024-25,LAL,LAC,1,0.7093254
0022400860,2025-03-01,2024-25,CHA,WAS,0,0.37875405
0022400861,2025-03-01,2024-25,DET,BKN,1,0.8166236
0022400862,2025-03-01,2024-25,HOU,SAC,0,0.46210465
0022400863,2025-03-01,2024-25,MEM,SAS,0,0.6377284
0022400864,2025-03-01,2024-25,PHI,GSW,1,0.24772692
0022400865,2025-03-01,2024-25,DAL,MIL,0,0.50294065
0022400866,2025-03-02,2024-25,BOS,DEN,1,0.5638536
0022400867,2025-03-02,2024-25,CLE,POR,1,0.77372026
0022400868,2025-03-02,2024-25,IND,CHI,1,0.7826201
0022400869,2025-03-02,2024-25,MIA,NYK,0,0.45099175
0022400870,2025-03-02,2024-25,ORL,TOR,0,0.6592509
0022400871,2025-03-02,2024-25,SAS,OKC,0,0.16619074
0022400872,2025-03-02,2024-25,UTA,NOP,0,0.54538196
0022400873,2025-03-02,2024-25,PHX,MIN,0,0.54735434
0022400874,2025-03-02,2024-25,LAL,LAC,1,0.7774162
0022400875,2025-03-03,2024-25,CHA,GSW,0,0.1672665
0022400876,2025-03-03,2024-25,PHI,POR,0,0.4304379
0022400877,2025-03-03,2024-25,MIA,WAS,1,0.6537041
0022400878,2025-03-03,2024-25,MEM,ATL,0,0.6244649
0022400879,2025-03-03,2024-25,OKC,HOU,1,0.730139
0022400880,2025-03-03,2024-25,DAL,SAC,0,0.4684582
0022400881,2025-03-03,2024-25,UTA,DET,0,0.17265926
0022400882,2025-03-04,2024-25,IND,HOU,1,0.82698727
0022400883,2025-03-04,2024-25,ORL,TOR,0,0.58637595
0022400884,2025-03-04,2024-25,ATL,MIL,0,0.35890538
0022400885,2025-03-04,2024-25,NYK,GSW,0,0.48076186
0022400886,2025-03-04,2024-25,CHI,CLE,0,0.21763913
0022400887,2025-03-04,2024-25,MIN,PHI,1,0.84608537
0022400888,2025-03-04,2024-25,SAS,BKN,1,0.5878426
0022400889,2025-03-04,2024-25,PHX,LAC,1,0.5268922
0022400890,2025-03-04,2024-25,LAL,NOP,1,0.84109104
0022400891,2025-03-05,2024-25,BOS,POR,1,0.64322263
0022400892,2025-03-05,2024-25,CHA,MIN,0,0.19793175
0022400893,2025-03-05,2024-25,CLE,MIA,1,0.75564057
0022400894,2025-03-05,2024-25,WAS,UTA,1,0.54711413
0022400895,2025-03-05,2024-25,MEM,OKC,0,0.262401
0022400896,2025-03-05,2024-25,DEN,SAC,1,0.7231627
0022400897,2025-03-05,2024-25,MIL,DAL,1,0.55909497
0022400898,2025-03-05,2024-25,LAC,DET,1,0.2853716
0022400899,2025-03-06,2024-25,ATL,IND,1,0.35157317
0022400900,2025-03-06,2024-25,BOS,PHI,1,0.7866526
0022400901,2025-03-06,2024-25,BKN,GSW,0,0.21666966
0022400902,2025-03-06,2024-25,NOP,HOU,0,0.496801
0022400903,2025-03-06,2024-25,LAL,NYK,1,0.73506993
0022400944,2025-03-06,2024-25,ORL,CHI,0,0.7153876
0022400904,2025-03-07,2024-25,CHA,CLE,0,0.13738392
0022400905,2025-03-07,2024-25,TOR,UTA,1,0.7240813
0022400906,2025-03-07,2024-25,DAL,MEM,0,0.36330318
0022400907,2025-03-07,2024-25,MIA,MIN,0,0.33392134
0022400908,2025-03-07,2024-25,OKC,POR,1,0.7894696
0022400909,2025-03-07,2024-25,DEN,PHX,1,0.726881
0022400910,2025-03-07,2024-25,SAC,SAS,1,0.6996978
0022400911,2025-03-07,2024-25,LAC,NYK,1,0.5882573
0022400912,2025-03-08,2024-25,CHA,BKN,1,0.32195595
0022400913,2025-03-08,2024-25,HOU,NOP,1,0.64557284
0022400914,2025-03-08,2024-25,ATL,IND,1,0.43419513
0022400915,2025-03-08,2024-25,TOR,WAS,0,0.5072836
0022400916,2025-03-08,2024-25,MIA,CHI,0,0.67263407
0022400917,2025-03-08,2024-25,MIL,ORL,0,0.75430655
0022400918,2025-03-08,2024-25,BOS,LAL,1,0.43778953
0022400919,2025-03-08,2024-25,GSW,DET,1,0.67370886
0022400920,2025-03-09,2024-25,OKC,DEN,1,0.6131716
0022400921,2025-03-09,2024-25,DAL,PHX,0,0.38943943
0022400922,2025-03-09,2024-25,MIL,CLE,0,0.35355133
0022400923,2025-03-09,2024-25,NOP,MEM,0,0.28378066
0022400924,2025-03-09,2024-25,PHI,UTA,1,0.5311974
0022400925,2025-03-09,2024-25,MIN,SAS,1,0.8324948
0022400926,2025-03-09,2024-25,POR,DET,0,0.5039524
0022400927,2025-03-09,2024-25,LAC,SAC,1,0.61612874
0022400928,2025-03-10,2024-25,ATL,PHI,1,0.80636275
0022400929,2025-03-10,2024-25,BOS,UTA,1,0.9027873
0022400930,2025-03-10,2024-25,BKN,LAL,1,0.22689806
0022400931,2025-03-10,2024-25,MIA,CHA,0,0.82186204
0022400932,2025-03-10,2024-25,TOR,WAS,1,0.60355383
0022400933,2025-03-10,2024-25,CHI,IND,1,0.36541715
0022400934,2025-03-10,2024-25,HOU,ORL,1,0.6787301
0022400935,2025-03-10,2024-25,MEM,PHX,1,0.6006527
0022400936,2025-03-10,2024-25,OKC,DEN,0,0.73938036
0022400937,2025-03-10,2024-25,SAS,DAL,0,0.61019146
0022400938,2025-03-10,2024-25,GSW,POR,1,0.796356
0022400939,2025-03-10,2024-25,SAC,NYK,0,0.40395248
0022400940,2025-03-11,2024-25,CLE,BKN,1,0.8734532
0022400941,2025-03-11,2024-25,DET,WAS,1,0.86899704
0022400942,2025-03-11,2024-25,IND,MIL,1,0.37129667
0022400943,2025-03-11,2024-25,NOP,LAC,1,0.29439458
0022400945,2025-03-12,2024-25,ATL,CHA,1,0.710972
0022400946,2025-03-12,2024-25,BOS,OKC,0,0.36914164
0022400947,2025-03-12,2024-25,TOR,PHI,1,0.6828044
0022400948,2025-03-12,2024-25,MIA,LAC,0,0.5505561
0022400949,2025-03-12,2024-25,HOU,PHX,1,0.51749593
0022400950,2025-03-12,2024-25,MEM,UTA,1,0.77194524
0022400951,2025-03-12,2024-25,SAS,DAL,1,0.6246857
0022400952,2025-03-12,2024-25,DEN,MIN,0,0.50093764
0022400953,2025-03-12,2024-25,POR,NYK,0,0.5766013
0022400954,2025-03-13,2024-25,DET,WAS,0,0.8393574
0022400955,2025-03-13,2024-25,MIL,LAL,1,0.4623746
0022400956,2025-03-13,2024-25,CHI,BKN,1,0.5474882
0022400957,2025-03-13,2024-25,GSW,SAC,1,0.7191854
0022401141,2025-03-13,2024-25,NOP,ORL,0,0.43179584
0022400958,2025-03-14,2024-25,MIA,BOS,0,0.3906958
0022400959,2025-03-14,2024-25,PHI,IND,0,0.26587895
0022400960,2025-03-14,2024-25,ATL,LAC,0,0.56132966
0022400961,2025-03-14,2024-25,HOU,DAL,1,0.79958755
0022400962,2025-03-14,2024-25,MEM,CLE,0,0.31377912
0022400963,2025-03-14,2024-25,MIN,ORL,1,0.84627545
0022400964,2025-03-14,2024-25,SAS,CHA,0,0.66189957
0022400965,2025-03-14,2024-25,DEN,LAL,1,0.6641351
0022400966,2025-03-14,2024-25,UTA,TOR,0,0.6898234
0022400967,2025-03-14,2024-25,PHX,SAC,1,0.66025627
0022400968,2025-03-15,2024-25,BKN,BOS,0,0.36246172
0022400969,2025-03-15,2024-25,DET,OKC,0,0.4964395
0022400970,2025-03-15,2024-25,HOU,CHI,1,0.7275327
0022400971,2025-03-15,2024-25,MEM,MIA,1,0.597601
0022400972,2025-03-15,2024-25,MIL,IND,1,0.6384003
0022400973,2025-03-15,2024-25,SAS,NOP,1,0.462721
0022400974,2025-03-15,2024-25,GSW,NYK,1,0.7266
0022400975,2025-03-15,2024-25,DEN,WAS,0,0.80043834
0022400538,2025-03-16,2024-25,LAC,CHA,1,0.80723
0022400976,2025-03-16,2024-25,DAL,PHI,0,0.50455457
0022400977,2025-03-16,2024-25,LAL,PHX,1,0.44660863
0022400978,2025-03-16,2024-25,BKN,ATL,1,0.3625655
0022400979,2025-03-16,2024-25,CLE,ORL,0,0.8063276
0022400980,2025-03-16,2024-25,POR,TOR,1,0.6960612
0022400981,2025-03-16,2024-25,MIN,UTA,1,0.8775877
0022400982,2025-03-16,2024-25,MIL,OKC,0,0.36331275
0022400537,2025-03-17,2024-25,LAL,SAS,1,0.7614325
0022400984,2025-03-17,2024-25,NYK,MIA,1,0.60519516
0022400985,2025-03-17,2024-25,HOU,PHI,1,0.8299918
0022400986,2025-03-17,2024-25,MIN,IND,0,0.71169627
0022400987,2025-03-17,2024-25,NOP,DET,0,0.22695212
0022400989,2025-03-17,2024-25,UTA,CHI,0,0.44595614
0022400990,2025-03-17,2024-25,GSW,DEN,0,0.57960546
0022400991,2025-03-17,2024-25,PHX,TOR,1,0.73471516
0022400992,2025-03-17,2024-25,SAC,MEM,1,0.53994745
0022400995,2025-03-17,2024-25,POR,WAS,1,0.6625617
0022400993,2025-03-18,2024-25,CHA,ATL,0,0.30667716
0022400994,2025-03-18,2024-25,BOS,BKN,1,0.8251695
0022400997,2025-03-18,2024-25,LAC,CLE,1,0.4420311
0022401012,2025-03-18,2024-25,GSW,MIL,1,0.6483479
0022400627,2025-03-19,2024-25,UTA,WAS,1,0.5005325
0022400998,2025-03-19,2024-25,IND,DAL,1,0.6763454
0022400999,2025-03-19,2024-25,ORL,HOU,0,0.5267381
0022401000,2025-03-19,2024-25,MIA,DET,0,0.30959725
0022401001,2025-03-19,2024-25,MIN,NOP,0,0.87339973
0022401002,2025-03-19,2024-25,OKC,PHI,1,0.90263
0022401003,2025-03-19,2024-25,SAS,NYK,1,0.36400124
0022401006,2025-03-19,2024-25,LAL,DEN,1,0.75475866
0022401007,2025-03-19,2024-25,PHX,CHI,1,0.7158405
0022401008,2025-03-19,2024-25,POR,MEM,1,0.47406256
0022401009,2025-03-19,2024-25,SAC,CLE,1,0.39798474
0022400996,2025-03-20,2024-25,LAL,MIL,0,0.52313167
0022401005,2025-03-20,2024-25,GSW,TOR,1,0.89193505
0022401010,2025-03-20,2024-25,CHA,NYK,1,0.27208656
0022401011,2025-03-20,2024-25,IND,BKN,1,0.5071072
0022401013,2025-03-20,2024-25,SAC,CHI,0,0.66321933
0022401014,2025-03-21,2024-25,WAS,ORL,0,0.35389632
0022401015,2025-03-21,2024-25,MIA,HOU,0,0.43563995
0022401016,2025-03-21,2024-25,MIN,NOP,1,0.8679498
0022401017,2025-03-21,2024-25,OKC,CHA,1,0.87306315
0022401018,2025-03-21,2024-25,SAS,PHI,1,0.72810006
0022401019,2025-03-21,2024-25,DAL,DET,1,0.19642259
0022401020,2025-03-21,2024-25,UTA,BOS,0,0.25971836
0022401021,2025-03-21,2024-25,PHX,CLE,1,0.35470515
0022401022,2025-03-21,2024-25,POR,DEN,1,0.5244609
0022401023,2025-03-21,2024-25,LAC,MEM,1,0.696322
0022401024,2025-03-22,2024-25,IND,BKN,1,0.63170415
0022401025,2025-03-22,2024-25,ATL,GSW,1,0.3605119
0022401026,2025-03-22,2024-25,NYK,WAS,1,0.7533757
0022401027,2025-03-22,2024-25,SAC,MIL,0,0.4103089
0022401028,2025-03-22,2024-25,LAL,CHI,0,0.55537397
0022401029,2025-03-23,2024-25,DET,NOP,1,0.88678485
0022401030,2025-03-23,2024-25,UTA,CLE,0,0.20029286
0022401031,2025-03-23,2024-25,ATL,PHI,1,0.8396026
0022401032,2025-03-23,2024-25,MIA,CHA,1,0.79121995
0022401033,2025-03-23,2024-25,TOR,SAS,0,0.52533257
0022401034,2025-03-23,2024-25,POR,BOS,0,0.32177216
0022401035,2025-03-23,2024-25,HOU,DEN,0,0.6308143
0022401036,2025-03-23,2024-25,LAC,OKC,0,0.5056768
0022401037,2025-03-24,2024-25,IND,MIN,1,0.34681308
0022401038,2025-03-24,2024-25,ORL,LAL,1,0.3744681
0022401039,2025-03-24,2024-25,WAS,TOR,0,0.75055546
0022401040,2025-03-24,2024-25,BKN,DAL,0,0.60271806
0022401041,2025-03-24,2024-25,NOP,PHI,1,0.59969777
0022401042,2025-03-24,2024-25,DEN,CHI,0,0.43974817
0022401043,2025-03-24,2024-25,PHX,MIL,1,0.51994115
0022401044,2025-03-24,2024-25,SAC,BOS,0,0.41440576
0022401045,2025-03-25,2024-25,CHA,ORL,0,0.32927668
0022401046,2025-03-25,2024-25,DET,SAS,1,0.7484412
0022401047,2025-03-25,2024-25,MIA,GSW,1,0.31843352
0022401048,2025-03-25,2024-25,NYK,DAL,1,0.72740984
0022401049,2025-03-25,2024-25,HOU,ATL,1,0.54897213
0022401050,2025-03-25,2024-25,UTA,MEM,0,0.34395966
0022401051,2025-03-25,2024-25,POR,CLE,0,0.28687096
0022401052,2025-03-25,2024-25,SAC,OKC,0,0.25820324
0022401053,2025-03-26,2024-25,PHI,WAS,0,0.29660562
0022401054,2025-03-26,2024-25,BKN,TOR,0,0.63629144
0022401055,2025-03-26,2024-25,IND,LAL,0,0.45127964
0022401056,2025-03-26,2024-25,NYK,LAC,0,0.2963782
0022401057,2025-03-26,2024-25,DEN,MIL,1,0.38832182
0022401058,2025-03-26,2024-25,PHX,BOS,0,0.40843296
0022401059,2025-03-27,2024-25,CLE,SAS,1,0.8252001
0022401060,2025-03-27,2024-25,ORL,DAL,0,0.74796623
0022401061,2025-03-27,2024-25,WAS,IND,0,0.20358737
0022401062,2025-03-27,2024-25,MIA,ATL,1,0.419037
0022401063,2025-03-27,2024-25,CHI,LAL,1,0.5199486
0022401064,2025-03-27,2024-25,OKC,MEM,1,0.8133352
0022401065,2025-03-27,2024-25,UTA,HOU,0,0.26367998
0022401066,2025-03-27,2024-25,SAC,POR,1,0.57109994
0022401067,2025-03-28,2024-25,DET,CLE,1,0.58100975
0022401068,2025-03-28,2024-25,BKN,LAC,0,0.23093738
0022401069,2025-03-28,2024-25,TOR,CHA,1,0.62764007
0022401070,2025-03-28,2024-25,MIL,NYK,0,0.5719585
0022401071,2025-03-28,2024-25,MIN,PHX,1,0.7698762
0022401072,2025-03-28,2024-25,NOP,GSW,0,0.17364568
0022401073,2025-03-28,2024-25,DEN,UTA,1,0.86410075
0022401074,2025-03-29,2024-25,ORL,SAC,1,0.59107065
0022401075,2025-03-29,2024-25,WAS,BKN,0,0.5222788
0022401076,2025-03-29,2024-25,PHI,MIA,0,0.20220947
0022401077,2025-03-29,2024-25,CHI,DAL,0,0.71145934
0022401078,2025-03-29,2024-25,MEM,LAL,0,0.35092676
0022401079,2025-03-29,2024-25,OKC,IND,1,0.71767855
0022401080,2025-03-29,2024-25,SAS,BOS,0,0.2593129
0022401081,2025-03-30,2024-25,CLE,LAC,1,0.53790164
0022401082,2025-03-30,2024-25,NYK,POR,1,0.5341378
0022401083,2025-03-30,2024-25,MIL,ATL,0,0.52957493
0022401084,2025-03-30,2024-25,MIN,DET,1,0.7496983
0022401085,2025-03-30,2024-25,NOP,CHA,1,0.49439478
0022401086,2025-03-30,2024-25,SAS,GSW,0,0.18553549
0022401087,2025-03-30,2024-25,PHI,TOR,0,0.21484008
0022401088,2025-03-30,2024-25,PHX,HOU,0,0.45987654
0022401089,2025-03-31,2024-25,CHA,UTA,1,0.48291966
0022401090,2025-03-31,2024-25,IND,SAC,1,0.6926803
0022401091,2025-03-31,2024-25,ORL,LAC,0,0.5095719
0022401092,2025-03-31,2024-25,WAS,MIA,0,0.23919149
0022401093,2025-03-31,2024-25,MEM,BOS,0,0.36489952
0022401094,2025-03-31,2024-25,OKC,CHI,1,0.7552163
0022401095,2025-03-31,2024-25,DAL,BKN,0,0.72136426
0022401096,2025-03-31,2024-25,LAL,HOU,1,0.63254184
0022400988,2025-04-01,2024-25,SAS,ORL,0,0.39885727
0022401097,2025-04-01,2024-25,ATL,POR,0,0.6220089
0022401098,2025-04-01,2024-25,NYK,PHI,1,0.8674144
0022401099,2025-04-01,2024-25,CHI,TOR,1,0.6906994
0022401100,2025-04-01,2024-25,MEM,GSW,0,0.23723246
0022401101,2025-04-01,2024-25,MIL,PHX,1,0.5677553
0022401102,2025-04-01,2024-25,DEN,MIN,0,0.3918039
0022401103,2025-04-02,2024-25,CLE,NYK,1,0.8004576
0022401104,2025-04-02,2024-25,IND,CHA,1,0.84906435
0022401105,2025-04-02,2024-25,WAS,SAC,1,0.25506857
0022401106,2025-04-02,2024-25,BOS,MIA,0,0.71292824
0022401107,2025-04-02,2024-25,HOU,UTA,1,0.88314766
0022401108,2025-04-02,2024-25,OKC,DET,1,0.81210536
0022401109,2025-04-02,2024-25,DAL,ATL,1,0.43607086
0022401110,2025-04-02,2024-25,DEN,SAS,0,0.73565775
0022401111,2025-04-02,2024-25,LAC,NOP,1,0.90283614
0022401112,2025-04-03,2024-25,WAS,ORL,0,0.15205315
0022401113,2025-04-03,2024-25,BKN,MIN,0,0.22663909
0022401114,2025-04-03,2024-25,MIA,MEM,0,0.5783351
0022401115,2025-04-03,2024-25,PHI,MIL,0,0.22909759
0022401116,2025-04-03,2024-25,TOR,POR,0,0.40864816
0022401117,2025-04-03,2024-25,LAL,GSW,0,0.4517117
0022401118,2025-04-04,2024-25,CHA,SAC,0,0.30510706
0022401119,2025-04-04,2024-25,IND,UTA,1,0.89264154
0022401120,2025-04-04,2024-25,BOS,PHX,1,0.8359509
0022401121,2025-04-04,2024-25,TOR,DET,0,0.40313834
0022401122,2025-04-04,2024-25,CHI,POR,1,0.66568774
0022401123,2025-04-04,2024-25,HOU,OKC,1,0.40828228
0022401124,2025-04-04,2024-25,SAS,CLE,0,0.24142435
0022401125,2025-04-04,2024-25,GSW,DEN,1,0.86927456
0022401126,2025-04-04,2024-25,LAL,NOP,1,0.8695262
0022401127,2025-04-04,2024-25,LAC,DAL,1,0.80360526
0022401128,2025-04-05,2024-25,ATL,NYK,0,0.63766915
0022401129,2025-04-05,2024-25,DET,MEM,0,0.43090656
0022401130,2025-04-05,2024-25,PHI,MIN,0,0.13361873
0022401131,2025-04-05,2024-25,MIA,MIL,0,0.55808145
0022401132,2025-04-05,2024-25,LAC,DAL,1,0.8455333
0022400617,2025-04-06,2024-25,NOP,MIL,0,0.2123509
0022401133,2025-04-06,2024-25,CHA,CHI,0,0.19681512
0022401134,2025-04-06,2024-25,BKN,TOR,0,0.34114954
0022401135,2025-04-06,2024-25,OKC,LAL,0,0.6964479
0022401136,2025-04-06,2024-25,ATL,UTA,1,0.8527261
0022401137,2025-04-06,2024-25,BOS,WAS,1,0.9168171
0022401138,2025-04-06,2024-25,CLE,SAC,0,0.6981929
0022401139,2025-04-06,2024-25,POR,SAS,1,0.6851037
0022401140,2025-04-06,2024-25,NYK,PHX,1,0.597355
0022401142,2025-04-06,2024-25,DEN,IND,0,0.42762122
0022401143,2025-04-06,2024-25,GSW,HOU,0,0.6355422
0022401144,2025-04-07,2024-25,DET,SAC,0,0.69133747
0022401145,2025-04-07,2024-25,MIA,PHI,1,0.84714675
0022401146,2025-04-08,2024-25,CHA,MEM,0,0.2917865
0022401147,2025-04-08,2024-25,CLE,CHI,1,0.6430652
0022401148,2025-04-08,2024-25,IND,WAS,1,0.89650196
0022401149,2025-04-08,2024-25,ORL,ATL,1,0.64285696
0022401150,2025-04-08,2024-25,BKN,NOP,1,0.581599
0022401151,2025-04-08,2024-25,NYK,BOS,0,0.42994535
0022401152,2025-04-08,2024-25,MIL,MIN,1,0.34611902
0022401153,2025-04-08,2024-25,OKC,LAL,1,0.67181355
0022401154,2025-04-08,2024-25,PHX,GSW,0,0.23561928
0022401155,2025-04-08,2024-25,LAC,SAS,1,0.8797315
0022401156,2025-04-09,2024-25,ORL,BOS,1,0.43459994
0022401157,2025-04-09,2024-25,WAS,PHI,0,0.42739797
0022401158,2025-04-09,2024-25,TOR,CHA,1,0.79617816
0022401159,2025-04-09,2024-25,DAL,LAL,0,0.35893378
0022401160,2025-04-09,2024-25,CHI,MIA,1,0.37030017
0022401162,2025-04-09,2024-25,UTA,POR,1,0.27440456
0022401163,2025-04-09,2024-25,GSW,SAS,0,0.8767873
0022401164,2025-04-09,2024-25,PHX,OKC,0,0.19314761
0022401165,2025-04-09,2024-25,SAC,DEN,0,0.530665
0022401166,2025-04-09,2024-25,LAC,HOU,1,0.5043528
0022401161,2025-04-10,2024-25,MIL,NOP,1,0.87054175
0022401167,2025-04-10,2024-25,DET,NYK,1,0.4765848
0022401168,2025-04-10,2024-25,IND,CLE,1,0.59525657
0022401169,2025-04-10,2024-25,BKN,ATL,0,0.18753801
0022401170,2025-04-10,2024-25,MEM,MIN,0,0.3936973
0022401171,2025-04-11,2024-25,DET,MIL,0,0.48373604
0022401172,2025-04-11,2024-25,IND,ORL,0,0.4480455
0022401173,2025-04-11,2024-25,PHI,ATL,0,0.23952767
0022401174,2025-04-11,2024-25,BOS,CHA,1,0.8920776
0022401175,2025-04-11,2024-25,NYK,CLE,0,0.52701294
0022401176,2025-04-11,2024-25,CHI,WAS,1,0.9028843
0022401177,2025-04-11,2024-25,NOP,MIA,0,0.1408968
0022401178,2025-04-11,2024-25,DAL,TOR,1,0.571724
0022401179,2025-04-11,2024-25,MIN,BKN,1,0.8924227
0022401180,2025-04-11,2024-25,DEN,MEM,1,0.65043306
0022401181,2025-04-11,2024-25,UTA,OKC,0,0.16021232
0022401182,2025-04-11,2024-25,PHX,SAS,1,0.60320824
0022401183,2025-04-11,2024-25,POR,GSW,0,0.22606792
0022401184,2025-04-11,2024-25,SAC,LAC,0,0.19183993
0022401185,2025-04-11,2024-25,LAL,HOU,1,0.7012341
0022401186,2025-04-13,2024-25,ATL,ORL,1,0.64328694
0022401187,2025-04-13,2024-25,BOS,CHA,1,0.93174434
0022401188,2025-04-13,2024-25,BKN,NYK,0,0.20240906
0022401189,2025-04-13,2024-25,CLE,IND,0,0.6867199
0022401190,2025-04-13,2024-25,MIA,WAS,0,0.90876144
0022401191,2025-04-13,2024-25,PHI,CHI,0,0.17055206
0022401192,2025-04-13,2024-25,MIL,DET,1,0.6660152
0022401193,2025-04-13,2024-25,HOU,DEN,0,0.34821135
0022401194,2025-04-13,2024-25,MEM,DAL,1,0.603476
0022401195,2025-04-13,2024-25,MIN,UTA,1,0.9080238
0022401196,2025-04-13,2024-25,NOP,OKC,0,0.109797634
0022401197,2025-04-13,2024-25,SAS,TOR,1,0.56340617
0022401198,2025-04-13,2024-25,GSW,LAC,0,0.53471017
0022401199,2025-04-13,2024-25,POR,LAL,1,0.24604422
0022401200,2025-04-13,2024-25,SAC,PHX,1,0.6407698
0022500001,2025-10-21,2025-26,OKC,HOU,1,0.66674435
0022500002,2025-10-21,2025-26,LAL,GSW,0,0.5271133
0022500003,2025-10-22,2025-26,NYK,CLE,1,0.62135184
0022500004,2025-10-22,2025-26,DAL,SAS,0,0.5050138
0022500080,2025-10-22,2025-26,CHA,BKN,1,0.52040356
0022500081,2025-10-22,2025-26,ORL,MIA,1,0.60058665
0022500082,2025-10-22,2025-26,ATL,TOR,0,0.8489133
0022500083,2025-10-22,2025-26,BOS,PHI,0,0.89870924
0022500084,2025-10-22,2025-26,CHI,DET,1,0.62482953
0022500085,2025-10-22,2025-26,MEM,NOP,1,0.9449837
0022500086,2025-10-22,2025-26,MIL,WAS,1,0.91288036
0022500087,2025-10-22,2025-26,UTA,LAC,1,0.13981488
0022500088,2025-10-22,2025-26,PHX,SAC,1,0.6744994
0022500089,2025-10-22,2025-26,POR,MIN,0,0.37747836
0022500005,2025-10-23,2025-26,IND,OKC,0,0.5837572
0022500006,2025-10-23,2025-26,GSW,DEN,1,0.6426443
0022500018,2025-10-24,2025-26,NYK,BOS,1,0.5349928
0022500019,2025-10-24,2025-26,LAL,MIN,1,0.46832222
0022500090,2025-10-24,2025-26,ORL,ATL,0,0.46645153
0022500091,2025-10-24,2025-26,BKN,CLE,0,0.3440192
0022500092,2025-10-24,2025-26,TOR,MIL,0,0.37459558
0022500093,2025-10-24,2025-26,HOU,DET,0,0.576008
0022500094,2025-10-24,2025-26,MEM,MIA,0,0.46641898
0022500095,2025-10-24,2025-26,NOP,SAS,0,0.40751708
0022500096,2025-10-24,2025-26,DAL,WAS,0,0.6173539
0022500097,2025-10-24,2025-26,POR,GSW,1,0.5063036
0022500098,2025-10-24,2025-26,SAC,UTA,1,0.6835145
0022500099,2025-10-24,2025-26,LAC,PHX,1,0.8168104
0022500100,2025-10-25,2025-26,ORL,CHI,0,0.42239073
0022500101,2025-10-25,2025-26,ATL,OKC,0,0.4926195
0022500102,2025-10-25,2025-26,PHI,CHA,1,0.6788353
0022500103,2025-10-25,2025-26,MEM,IND,1,0.4269482
0022500104,2025-10-25,2025-26,DEN,PHX,1,0.8253957
0022500105,2025-10-26,2025-26,SAS,BKN,1,0.72176516
0022500106,2025-10-26,2025-26,DET,BOS,1,0.49746606
0022500107,2025-10-26,2025-26,CLE,MIL,1,0.43090457
0022500108,2025-10-26,2025-26,MIA,NYK,1,0.5008581
0022500109,2025-10-26,2025-26,WAS,CHA,0,0.611366
0022500110,2025-10-26,2025-26,MIN,IND,1,0.78119355
0022500111,2025-10-26,2025-26,DAL,TOR,1,0.4018518
0022500112,2025-10-26,2025-26,LAC,POR,1,0.7118413
0022500113,2025-10-26,2025-26,SAC,LAL,0,0.46449876
0022500007,2025-10-27,2025-26,DET,CLE,0,0.48165664
0022500008,2025-10-27,2025-26,MIN,DEN,0,0.4388705
0022500114,2025-10-27,2025-26,PHI,ORL,1,0.37577152
0022500115,2025-10-27,2025-26,CHI,ATL,1,0.5808618
0022500116,2025-10-27,2025-26,HOU,BKN,1,0.8072992
0022500117,2025-10-27,2025-26,NOP,BOS,0,0.40845242
0022500118,2025-10-27,2025-26,SAS,TOR,1,0.5162725
0022500119,2025-10-27,2025-26,DAL,OKC,0,0.2149122
0022500120,2025-10-27,2025-26,UTA,PHX,1,0.38622054
0022500121,2025-10-27,2025-26,GSW,MEM,1,0.7403089
0022500122,2025-10-27,2025-26,LAL,POR,0,0.5003593
0022500123,2025-10-28,2025-26,WAS,PHI,0,0.5121142
0022500124,2025-10-28,2025-26,MIA,CHA,1,0.75523597
0022500125,2025-10-28,2025-26,MIL,NYK,1,0.5898317
0022500126,2025-10-28,2025-26,OKC,SAC,1,0.7470509
0022500127,2025-10-28,2025-26,GSW,LAC,1,0.33413225
0022500128,2025-10-29,2025-26,BOS,CLE,1,0.62093186
0022500129,2025-10-29,2025-26,DET,ORL,1,0.4724656
0022500130,2025-10-29,2025-26,BKN,ATL,0,0.26297572
0022500131,2025-10-29,2025-26,TOR,HOU,0,0.43014875
0022500132,2025-10-29,2025-26,CHI,SAC,1,0.7268238
0022500133,2025-10-29,2025-26,DAL,IND,1,0.42753354
0022500134,2025-10-29,2025-26,DEN,NOP,1,0.8530259
0022500135,2025-10-29,2025-26,UTA,POR,0,0.22270408
0022500136,2025-10-29,2025-26,MIN,LAL,0,0.6312558
0022500137,2025-10-29,2025-26,PHX,MEM,0,0.36400995
0022500138,2025-10-30,2025-26,CHA,ORL,0,0.4460859
0022500139,2025-10-30,2025-26,MIL,GSW,1,0.52187985
0022500140,2025-10-30,2025-26,OKC,WAS,1,0.87160265
0022500141,2025-10-30,2025-26,SAS,MIA,1,0.4781816
0022500020,2025-10-31,2025-26,IND,ATL,0,0.38513568
0022500021,2025-10-31,2025-26,PHI,BOS,0,0.43767217
0022500022,2025-10-31,2025-26,CLE,TOR,0,0.6789969
0022500023,2025-10-31,2025-26,CHI,NYK,1,0.581336
0022500024,2025-10-31,2025-26,MEM,LAL,0,0.65376693
0022500025,2025-10-31,2025-26,PHX,UTA,1,0.52473354
0022500026,2025-10-31,2025-26,POR,DEN,1,0.44407675
0022500027,2025-10-31,2025-26,LAC,NOP,1,0.87918025
0022500142,2025-11-01,2025-26,MIL,SAC,0,0.64162856
0022500143,2025-11-01,2025-26,CHA,MIN,0,0.39515653
0022500144,2025-11-01,2025-26,IND,GSW,1,0.21124358
0022500145,2025-11-01,2025-26,WAS,ORL,0,0.30066213
0022500146,2025-11-01,2025-26,BOS,HOU,0,0.51138246
0022500148,2025-11-02,2025-26,OKC,NOP,1,0.85572064
0022500149,2025-11-02,2025-26,BKN,PHI,0,0.39070815
0022500150,2025-11-02,2025-26,CHA,UTA,1,0.46525753
0022500151,2025-11-02,2025-26,CLE,ATL,1,0.362816
0022500152,2025-11-02,2025-26,TOR,MEM,1,0.52557504
0022500153,2025-11-02,2025-26,NYK,CHI,1,0.49267524
0022500154,2025-11-02,2025-26,PHX,SAS,1,0.33840683
0022500155,2025-11-02,2025-26,LAL,MIA,1,0.51723206
0022500156,2025-11-03,2025-26,BKN,MIN,0,0.31146276
0022500157,2025-11-03,2025-26,IND,MIL,0,0.29983374
0022500158,2025-11-03,2025-26,BOS,UTA,0,0.8623883
0022500159,2025-11-03,2025-26,NYK,WAS,1,0.77952605
0022500160,2025-11-03,2025-26,HOU,DAL,1,0.81502855
0022500161,2025-11-03,2025-26,MEM,DET,0,0.356515
0022500162,2025-11-03,2025-26,DEN,SAC,1,0.8306893
0022500163,2025-11-03,2025-26,POR,LAL,0,0.6797174
0022500164,2025-11-03,2025-26,LAC,MIA,0,0.7675139
0022500165,2025-11-04,2025-26,TOR,MIL,1,0.4465501
0022500166,2025-11-04,2025-26,ATL,ORL,1,0.55315423
0022500167,2025-11-04,2025-26,CHI,PHI,1,0.7407079
0022500168,2025-11-04,2025-26,NOP,CHA,1,0.6054564
0022500169,2025-11-04,2025-26,GSW,PHX,1,0.8340455
0022500170,2025-11-04,2025-26,LAC,OKC,0,0.5116449
0022500171,2025-11-05,2025-26,CLE,PHI,1,0.5615651
0022500172,2025-11-05,2025-26,DET,UTA,1,0.78999966
0022500173,2025-11-05,2025-26,IND,BKN,0,0.6748183
0022500174,2025-11-05,2025-26,BOS,WAS,1,0.83641046
0022500175,2025-11-05,2025-26,NYK,MIN,1,0.7096974
0022500176,2025-11-05,2025-26,MEM,HOU,0,0.3034788
0022500177,2025-11-05,2025-26,DAL,NOP,0,0.6814923
0022500178,2025-11-05,2025-26,DEN,MIA,1,0.6355305
0022500179,2025-11-05,2025-26,LAL,SAS,1,0.374055
0022500180,2025-11-05,2025-26,POR,OKC,1,0.46453962
0022500181,2025-11-05,2025-26,SAC,GSW,1,0.3609569
0022500182,2025-11-06,2025-26,PHX,LAC,1,0.26817945
0022500028,2025-11-07,2025-26,ORL,BOS,1,0.52113885
0022500029,2025-11-07,2025-26,WAS,CLE,0,0.2859548
0022500030,2025-11-07,2025-26,ATL,TOR,0,0.6290428
0022500031,2025-11-07,2025-26,BKN,DET,0,0.3168976
0022500032,2025-11-07,2025-26,SAS,HOU,1,0.3328365
0022500033,2025-11-07,2025-26,MIA,CHA,1,0.83304906
0022500034,2025-11-07,2025-26,MEM,DAL,1,0.70738757
0022500035,2025-11-07,2025-26,MIL,CHI,1,0.50706184
0022500036,2025-11-07,2025-26,MIN,UTA,1,0.8338732
0022500037,2025-11-07,2025-26,DEN,GSW,1,0.746805
0022500038,2025-11-07,2025-26,SAC,OKC,0,0.28201842
0022500183,2025-11-08,2025-26,WAS,DAL,0,0.42412123
0022500184,2025-11-08,2025-26,PHI,TOR,1,0.5300961
0022500185,2025-11-08,2025-26,ATL,LAL,1,0.5498314
0022500186,2025-11-08,2025-26,CLE,CHI,1,0.4915884
0022500187,2025-11-08,2025-26,MIA,POR,1,0.45133987
0022500188,2025-11-08,2025-26,SAS,NOP,1,0.6910925
0022500189,2025-11-08,2025-26,DEN,IND,1,0.8370202
0022500190,2025-11-08,2025-26,LAC,PHX,0,0.68933284
0022500191,2025-11-09,2025-26,MIL,HOU,0,0.51021427
0022500192,2025-11-09,2025-26,NYK,BKN,1,0.8625114
0022500193,2025-11-09,2025-26,ORL,BOS,0,0.5183432
0022500194,2025-11-09,2025-26,MEM,OKC,0,0.2845696
0022500195,2025-11-09,2025-26,PHI,DET,0,0.361156
0022500196,2025-11-09,2025-26,GSW,IND,1,0.8146605
0022500197,2025-11-09,2025-26,SAC,MIN,0,0.26657915
0022500198,2025-11-10,2025-26,CHA,LAL,0,0.33370423
0022500199,2025-11-10,2025-26,DET,WAS,1,0.80318356
0022500200,2025-11-10,2025-26,ORL,POR,1,0.4723448
0022500201,2025-11-10,2025-26,MIA,CLE,1,0.5649379
0022500202,2025-11-10,2025-26,CHI,SAS,0,0.717111
0022500203,2025-11-10,2025-26,DAL,MIL,0,0.32968086
0022500204,2025-11-10,2025-26,PHX,NOP,1,0.7686565
0022500205,2025-11-10,2025-26,UTA,MIN,0,0.2333513
0022500206,2025-11-10,2025-26,LAC,ATL,0,0.64128786
0022500207,2025-11-11,2025-26,BKN,TOR,0,0.318521
0022500208,2025-11-11,2025-26,NYK,MEM,1,0.7969255
0022500209,2025-11-11,2025-26,PHI,BOS,1,0.44962525
0022500210,2025-11-11,2025-26,OKC,GSW,1,0.66400576
0022500211,2025-11-11,2025-26,UTA,IND,1,0.42786953
0022500212,2025-11-11,2025-26,SAC,DEN,0,0.23409095
0022500213,2025-11-12,2025-26,CHA,MIL,1,0.23465903
0022500214,2025-11-12,2025-26,DET,CHI,1,0.5544144
0022500215,2025-11-12,2025-26,NYK,ORL,0,0.68794507
0022500216,2025-11-12,2025-26,BOS,MEM,1,0.7246614
0022500217,2025-11-12,2025-26,MIA,CLE,0,0.5031459
0022500218,2025-11-12,2025-26,HOU,WAS,1,0.8878353
0022500219,2025-11-12,2025-26,NOP,POR,0,0.25591105
0022500220,2025-11-12,2025-26,SAS,GSW,0,0.5051663
0022500221,2025-11-12,2025-26,DAL,PHX,0,0.38263604
0022500222,2025-11-12,2025-26,OKC,LAL,1,0.69762427
0022500223,2025-11-12,2025-26,SAC,ATL,0,0.30224943
0022500224,2025-11-12,2025-26,LAC,DEN,0,0.4358693
0022500225,2025-11-13,2025-26,CLE,TOR,0,0.4485078
0022500226,2025-11-13,2025-26,PHX,IND,1,0.7364612
0022500227,2025-11-13,2025-26,UTA,ATL,0,0.25647604
0022500039,2025-11-14,2025-26,NYK,MIA,1,0.7411883
0022500040,2025-11-14,2025-26,ORL,BKN,1,0.830388
0022500041,2025-11-14,2025-26,DET,PHI,1,0.41956693
0022500042,2025-11-14,2025-26,HOU,POR,1,0.686603
0022500043,2025-11-14,2025-26,MIL,CHA,1,0.7816793
0022500044,2025-11-14,2025-26,MIN,SAC,1,0.8345025
0022500045,2025-11-14,2025-26,NOP,LAL,0,0.23902142
0022500046,2025-11-14,2025-26,DAL,LAC,0,0.3115202
0022500047,2025-11-14,2025-26,SAS,GSW,0,0.42509517
0022500228,2025-11-15,2025-26,CLE,MEM,1,0.75522506
0022500229,2025-11-15,2025-26,CHA,OKC,0,0.13681452
0022500230,2025-11-15,2025-26,IND,TOR,0,0.30956945
0022500231,2025-11-15,2025-26,MIL,LAL,0,0.5630007
0022500232,2025-11-15,2025-26,MIN,DEN,0,0.3044622
0022500233,2025-11-16,2025-26,BOS,LAC,1,0.6912238
0022500234,2025-11-16,2025-26,SAS,SAC,1,0.7818907
0022500235,2025-11-16,2025-26,WAS,BKN,0,0.5346043
0022500236,2025-11-16,2025-26,HOU,ORL,1,0.76819164
0022500237,2025-11-16,2025-26,NOP,GSW,0,0.16965067
0022500238,2025-11-16,2025-26,DAL,POR,1,0.28273994
0022500239,2025-11-16,2025-26,PHX,ATL,0,0.5099479
0022500240,2025-11-16,2025-26,UTA,CHI,1,0.28145626
0022500241,2025-11-17,2025-26,CLE,MIL,1,0.5648303
0022500242,2025-11-17,2025-26,DET,IND,1,0.72930604
0022500243,2025-11-17,2025-26,PHI,LAC,1,0.6043598
0022500244,2025-11-17,2025-26,MIA,NYK,1,0.39369345
0022500245,2025-11-17,2025-26,TOR,CHA,1,0.7737715
0022500246,2025-11-17,2025-26,MIN,DAL,1,0.8656849
0022500247,2025-11-17,2025-26,NOP,OKC,0,0.10355755
0022500248,2025-11-17,2025-26,DEN,CHI,0,0.7676137
0022500249,2025-11-18,2025-26,ORL,GSW,1,0.32477722
0022500250,2025-11-18,2025-26,BKN,BOS,0,0.24925402
0022500251,2025-11-18,2025-26,ATL,DET,0,0.81527555
0022500252,2025-11-18,2025-26,SAS,MEM,1,0.73321897
0022500253,2025-11-18,2025-26,LAL,UTA,1,0.8197429
0022500254,2025-11-18,2025-26,POR,PHX,0,0.42213345
0022500255,2025-11-19,2025-26,CLE,HOU,0,0.4947747
0022500256,2025-11-19,2025-26,IND,CHA,1,0.34489042
0022500257,2025-11-19,2025-26,MIA,GSW,1,0.44072425
0022500258,2025-11-19,2025-26,PHI,TOR,0,0.45848137
0022500259,2025-11-19,2025-26,MIN,WAS,1,0.8767988
0022500260,2025-11-19,2025-26,NOP,DEN,0,0.1514964
0022500261,2025-11-19,2025-26,OKC,SAC,1,0.87358856
0022500262,2025-11-19,2025-26,DAL,NYK,0,0.31779802
0022500263,2025-11-19,2025-26,POR,CHI,0,0.3866666
0022500264,2025-11-20,2025-26,ORL,LAC,1,0.54030156
0022500265,2025-11-20,2025-26,MEM,SAC,1,0.61398727
0022500266,2025-11-20,2025-26,MIL,PHI,0,0.6872917
0022500267,2025-11-20,2025-26,SAS,ATL,1,0.4664423
0022500048,2025-11-21,2025-26,CLE,IND,1,0.84194094
0022500049,2025-11-21,2025-26,BOS,BKN,0,0.8346052
0022500050,2025-11-21,2025-26,TOR,WAS,1,0.86429894
0022500051,2025-11-21,2025-26,CHI,MIA,0,0.57884556
0022500052,2025-11-21,2025-26,DAL,NOP,1,0.59604317
0022500053,2025-11-21,2025-26,PHX,MIN,1,0.5045092
0022500054,2025-11-21,2025-26,HOU,DEN,0,0.5735171
0022500055,2025-11-21,2025-26,UTA,OKC,0,0.15164033
0022500056,2025-11-21,2025-26,GSW,POR,0,0.6556184
0022500268,2025-11-22,2025-26,CHA,LAC,0,0.41381162
0022500269,2025-11-22,2025-26,ORL,NYK,1,0.46522748
0022500270,2025-11-22,2025-26,NOP,ATL,0,0.20022154
0022500271,2025-11-22,2025-26,CHI,WAS,1,0.86496454
0022500272,2025-11-22,2025-26,MIL,DET,0,0.4403313
0022500273,2025-11-22,2025-26,DAL,MEM,0,0.3949875
0022500274,2025-11-22,2025-26,DEN,SAC,0,0.82857007
0022500275,2025-11-23,2025-26,PHI,MIA,0,0.46855697
0022500276,2025-11-23,2025-26,ATL,CHA,1,0.76596683
0022500277,2025-11-23,2025-26,BOS,ORL,1,0.70818216
0022500278,2025-11-23,2025-26,CLE,LAC,1,0.74702567
0022500279,2025-11-23,2025-26,TOR,BKN,1,0.82730377
0022500280,2025-11-23,2025-26,OKC,POR,1,0.8613755
0022500281,2025-11-23,2025-26,PHX,SAS,1,0.66408694
0022500282,2025-11-23,2025-26,UTA,LAL,0,0.22923753
0022500283,2025-11-24,2025-26,IND,DET,0,0.28511697
0022500284,2025-11-24,2025-26,TOR,CLE,1,0.5679422
0022500285,2025-11-24,2025-26,BKN,NYK,0,0.26843306
0022500286,2025-11-24,2025-26,MIA,DAL,1,0.7695821
0022500287,2025-11-24,2025-26,MEM,DEN,0,0.3169122
0022500288,2025-11-24,2025-26,MIL,POR,0,0.6683678
0022500289,2025-11-24,2025-26,NOP,CHI,1,0.1889385
0022500290,2025-11-24,2025-26,PHX,HOU,0,0.34030956
0022500291,2025-11-24,2025-26,GSW,UTA,1,0.86243266
0022500292,2025-11-24,2025-26,SAC,MIN,1,0.19838661
0022500057,2025-11-25,2025-26,WAS,ATL,1,0.2004926
0022500058,2025-11-25,2025-26,PHI,ORL,0,0.60549164
0022500059,2025-11-25,2025-26,LAL,LAC,1,0.6857045
0022500060,2025-11-26,2025-26,BOS,DET,1,0.6042277
0022500061,2025-11-26,2025-26,CHA,NYK,0,0.3296026
0022500062,2025-11-26,2025-26,MIA,MIL,1,0.7494007
0022500063,2025-11-26,2025-26,TOR,IND,1,0.8319447
0022500064,2025-11-26,2025-26,OKC,MIN,1,0.78120255
0022500065,2025-11-26,2025-26,NOP,MEM,0,0.4071074
0022500066,2025-11-26,2025-26,GSW,HOU,0,0.4588234
0022500067,2025-11-26,2025-26,POR,SAS,0,0.45176527
0022500068,2025-11-26,2025-26,SAC,PHX,0,0.31125483
0022500069,2025-11-28,2025-26,ATL,CLE,1,0.5838212
0022500070,2025-11-28,2025-26,BKN,PHI,0,0.3517852
0022500071,2025-11-28,2025-26,CHA,CHI,1,0.35779884
0022500072,2025-11-28,2025-26,DET,ORL,0,0.6367587
0022500073,2025-11-28,2025-26,IND,WAS,1,0.63222075
0022500074,2025-11-28,2025-26,NYK,MIL,1,0.7556571
0022500075,2025-11-28,2025-26,OKC,PHX,1,0.8199077
0022500076,2025-11-28,2025-26,DEN,SAS,0,0.67431253
0022500077,2025-11-28,2025-26,UTA,SAC,1,0.64972353
0022500078,2025-11-28,2025-26,LAL,DAL,1,0.84561497
0022500079,2025-11-28,2025-26,LAC,MEM,0,0.714049
0022500293,2025-11-29,2025-26,MIN,BOS,1,0.6022639
0022500294,2025-11-29,2025-26,CHA,TOR,1,0.2655513
0022500295,2025-11-29,2025-26,IND,CHI,1,0.32401678
0022500296,2025-11-29,2025-26,MIA,DET,0,0.6686061
0022500297,2025-11-29,2025-26,MIL,BKN,1,0.8047432
0022500298,2025-11-29,2025-26,GSW,NOP,1,0.8549794
0022500299,2025-11-29,2025-26,PHX,DEN,0,0.4346419
0022500300,2025-11-29,2025-26,LAC,DAL,0,0.7246632
0022500301,2025-11-30,2025-26,UTA,HOU,0,0.2711721
0022500302,2025-11-30,2025-26,CLE,BOS,0,0.65847635
0022500303,2025-11-30,2025-26,NYK,TOR,1,0.6476811
0022500304,2025-11-30,2025-26,PHI,ATL,0,0.42921245
0022500305,2025-11-30,2025-26,POR,OKC,0,0.20987433
0022500306,2025-11-30,2025-26,MIN,SAS,1,0.62436956
0022500307,2025-11-30,2025-26,SAC,MEM,0,0.4552341
0022500308,2025-11-30,2025-26,LAL,NOP,1,0.89688396
0022500309,2025-12-01,2025-26,DET,ATL,1,0.64753115
0022500310,2025-12-01,2025-26,IND,CLE,0,0.38587847
0022500311,2025-12-01,2025-26,WAS,MIL,1,0.23052035
0022500312,2025-12-01,2025-26,BKN,CHA,1,0.40071538
0022500313,2025-12-01,2025-26,MIA,LAC,1,0.6904604
0022500314,2025-12-01,2025-26,ORL,CHI,1,0.64726144
0022500315,2025-12-01,2025-26,DEN,DAL,0,0.8150764
0022500316,2025-12-01,2025-26,UTA,HOU,1,0.2241283
0022500317,2025-12-01,2025-26,LAL,PHX,0,0.5626994
0022500318,2025-12-02,2025-26,PHI,WAS,1,0.86670375
0022500319,2025-12-02,2025-26,TOR,POR,1,0.72672266
0022500320,2025-12-02,2025-26,BOS,NYK,1,0.51132095
0022500321,2025-12-02,2025-26,NOP,MIN,0,0.16143164
0022500322,2025-12-02,2025-26,SAS,MEM,1,0.7064455
0022500323,2025-12-02,2025-26,GSW,OKC,0,0.31245154
0022500324,2025-12-03,2025-26,CLE,POR,0,0.77878934
0022500325,2025-12-03,2025-26,IND,DEN,0,0.29995573
0022500326,2025-12-03,2025-26,ORL,SAS,0,0.7278374
0022500327,2025-12-03,2025-26,ATL,LAC,0,0.71182895
0022500328,2025-12-03,2025-26,NYK,CHA,1,0.69642246
0022500329,2025-12-03,2025-26,CHI,BKN,0,0.75916654
0022500330,2025-12-03,2025-26,HOU,SAC,1,0.84980285
0022500331,2025-12-03,2025-26,MIL,DET,1,0.4831489
0022500332,2025-12-03,2025-26,DAL,MIA,1,0.28584254
0022500333,2025-12-04,2025-26,PHI,GSW,1,0.5783652
0022500334,2025-12-04,2025-26,WAS,BOS,0,0.18590099
0022500335,2025-12-04,2025-26,BKN,UTA,0,0.4484189
0022500336,2025-12-04,2025-26,TOR,LAL,0,0.42470437
0022500337,2025-12-04,2025-26,NOP,MIN,0,0.19034149
0022500338,2025-12-05,2025-26,BOS,LAL,1,0.57511026
0022500339,2025-12-05,2025-26,ORL,MIA,1,0.5131796
0022500340,2025-12-05,2025-26,ATL,DEN,0,0.49116188
0022500341,2025-12-05,2025-26,CLE,SAS,1,0.68116754
0022500342,2025-12-05,2025-26,DET,POR,1,0.6983332
0022500343,2025-12-05,2025-26,NYK,UTA,1,0.830537
0022500344,2025-12-05,2025-26,TOR,CHA,0,0.6554366
0022500345,2025-12-05,2025-26,CHI,IND,0,0.6445026
0022500346,2025-12-05,2025-26,HOU,PHX,1,0.70190907
0022500347,2025-12-05,2025-26,MEM,LAC,1,0.4248798
0022500348,2025-12-05,2025-26,MIL,PHI,0,0.6313899
0022500349,2025-12-05,2025-26,OKC,DAL,1,0.8611175
0022500350,2025-12-06,2025-26,BKN,NOP,1,0.6669649
0022500351,2025-12-06,2025-26,WAS,ATL,0,0.16772147
0022500352,2025-12-06,2025-26,CLE,GSW,0,0.58440447
0022500353,2025-12-06,2025-26,DET,MIL,1,0.6621446
0022500354,2025-12-06,2025-26,MIA,SAC,0,0.8114769
0022500355,2025-12-06,2025-26,MIN,LAC,1,0.79489064
0022500356,2025-12-06,2025-26,DAL,HOU,1,0.28960925
0022500357,2025-12-07,2025-26,NYK,ORL,1,0.6375539
0022500358,2025-12-07,2025-26,TOR,BOS,0,0.4306595
0022500359,2025-12-07,2025-26,CHA,DEN,0,0.30204383
0022500360,2025-12-07,2025-26,MEM,POR,1,0.49097902
0022500361,2025-12-07,2025-26,CHI,GSW,0,0.666681
0022500362,2025-12-07,2025-26,PHI,LAL,0,0.6242511
0022500363,2025-12-07,2025-26,UTA,OKC,0,0.1743794
0022500364,2025-12-08,2025-26,IND,SAC,1,0.71051794
0022500365,2025-12-08,2025-26,MIN,PHX,0,0.6486757
0022500366,2025-12-08,2025-26,NOP,SAS,0,0.306409
0022501201,2025-12-09,2025-26,ORL,MIA,1,0.67021906
0022501202,2025-12-09,2025-26,TOR,NYK,0,0.36878294
0022501203,2025-12-10,2025-26,OKC,PHX,1,0.7658907
0022501204,2025-12-10,2025-26,LAL,SAS,0,0.64502126
0022501205,2025-12-11,2025-26,HOU,LAC,1,0.71676725
0022501206,2025-12-11,2025-26,MIL,BOS,1,0.3018425
0022501207,2025-12-11,2025-26,NOP,POR,1,0.3355113
0022501208,2025-12-11,2025-26,SAC,DEN,0,0.22191277
0022501209,2025-12-12,2025-26,CHA,CHI,0,0.45588875
0022501210,2025-12-12,2025-26,DET,ATL,1,0.50006837
0022501211,2025-12-12,2025-26,PHI,IND,1,0.71390986
0022501212,2025-12-12,2025-26,WAS,CLE,0,0.15209347
0022501213,2025-12-12,2025-26,MEM,UTA,0,0.74854726
0022501214,2025-12-12,2025-26,DAL,BKN,1,0.6416614
0022501215,2025-12-12,2025-26,GSW,MIN,0,0.42550468
0022501216,2025-12-14,2025-26,IND,WAS,0,0.8376693
0022501217,2025-12-14,2025-26,ATL,PHI,1,0.71248764
0022501218,2025-12-14,2025-26,CLE,CHA,0,0.7839686
0022501219,2025-12-14,2025-26,BKN,MIL,1,0.50926113
0022501220,2025-12-14,2025-26,MIN,SAC,1,0.83261013
0022501221,2025-12-14,2025-26,POR,GSW,1,0.3581373
0022501223,2025-12-14,2025-26,CHI,NOP,0,0.72295535
0022501228,2025-12-14,2025-26,PHX,LAL,0,0.42885834
0022501222,2025-12-15,2025-26,BOS,DET,0,0.60079926
0022501224,2025-12-15,2025-26,UTA,DAL,1,0.41048503
0022501225,2025-12-15,2025-26,DEN,HOU,1,0.49312127
0022501226,2025-12-15,2025-26,LAC,MEM,0,0.70394826
0022501227,2025-12-15,2025-26,MIA,TOR,0,0.63672745
0022500367,2025-12-17,2025-26,CHI,CLE,1,0.41596714
0022500368,2025-12-17,2025-26,MIN,MEM,0,0.7741296
0022500369,2025-12-18,2025-26,OKC,LAC,1,0.88040406
0022500370,2025-12-18,2025-26,SAS,WAS,1,0.9035816
0022500371,2025-12-18,2025-26,CHA,ATL,1,0.27847356
0022500372,2025-12-18,2025-26,IND,NYK,0,0.23732011
0022500373,2025-12-18,2025-26,BKN,MIA,0,0.43072858
0022500374,2025-12-18,2025-26,MIL,TOR,0,0.39611194
0022500375,2025-12-18,2025-26,NOP,HOU,1,0.24067976
0022500376,2025-12-18,2025-26,DAL,DET,1,0.30449626
0022500377,2025-12-18,2025-26,DEN,ORL,1,0.6167277
0022500378,2025-12-18,2025-26,PHX,GSW,1,0.53109485
0022500379,2025-12-18,2025-26,UTA,LAL,0,0.24354535
0022500380,2025-12-18,2025-26,POR,SAC,1,0.76517373
0022500381,2025-12-19,2025-26,BOS,MIA,1,0.74314964
0022500382,2025-12-19,2025-26,NYK,PHI,0,0.6132158
0022500383,2025-12-19,2025-26,ATL,SAS,0,0.5454565
0022500384,2025-12-19,2025-26,CLE,CHI,0,0.6318856
0022500385,2025-12-19,2025-26,MIN,OKC,1,0.29689178
0022500386,2025-12-20,2025-26,DEN,HOU,0,0.5325639
0022500387,2025-12-20,2025-26,PHI,DAL,1,0.60644025
0022500388,2025-12-20,2025-26,TOR,BOS,0,0.5200449
0022500389,2025-12-20,2025-26,NOP,IND,1,0.5431612
0022500390,2025-12-20,2025-26,DET,CHA,1,0.78705627
0022500391,2025-12-20,2025-26,MEM,WAS,0,0.7779382
0022500392,2025-12-20,2025-26,GSW,PHX,1,0.5983972
0022500393,2025-12-20,2025-26,UTA,ORL,0,0.26611197
0022500394,2025-12-20,2025-26,SAC,POR,0,0.32787606
0022500395,2025-12-20,2025-26,LAC,LAL,1,0.34096706
0022500396,2025-12-21,2025-26,ATL,CHI,0,0.7085739
0022500397,2025-12-21,2025-26,BKN,TOR,1,0.5820438
0022500398,2025-12-21,2025-26,NYK,MIA,1,0.81064296
0022500399,2025-12-21,2025-26,WAS,SAS,0,0.11545971
0022500400,2025-12-21,2025-26,MIN,MIL,1,0.7206153
0022500401,2025-12-21,2025-26,SAC,HOU,1,0.1532409
0022500402,2025-12-22,2025-26,CLE,CHA,1,0.61238796
0022500403,2025-12-22,2025-26,BOS,IND,1,0.8103954
0022500404,2025-12-22,2025-26,NOP,DAL,1,0.47980383
0022500405,2025-12-22,2025-26,DEN,UTA,1,0.8555422
0022500406,2025-12-22,2025-26,OKC,MEM,1,0.89051
0022500407,2025-12-22,2025-26,GSW,ORL,1,0.6160979
0022500408,2025-12-22,2025-26,POR,DET,0,0.3097686
0022500409,2025-12-23,2025-26,CHA,WAS,1,0.72933763
0022500410,2025-12-23,2025-26,PHI,BKN,0,0.64550865
0022500411,2025-12-23,2025-26,ATL,CHI,0,0.71507967
0022500412,2025-12-23,2025-26,CLE,NOP,1,0.6735371
0022500413,2025-12-23,2025-26,IND,MIL,0,0.39424366
0022500414,2025-12-23,2025-26,MIA,TOR,0,0.48249623
0022500415,2025-12-23,2025-26,DAL,DEN,1,0.31737673
0022500416,2025-12-23,2025-26,MIN,NYK,1,0.52398777
0022500417,2025-12-23,2025-26,SAS,OKC,1,0.4707186
0022500418,2025-12-23,2025-26,PHX,LAL,1,0.524296
0022500419,2025-12-23,2025-26,UTA,MEM,0,0.4513109
0022500420,2025-12-23,2025-26,POR,ORL,0,0.4634971
0022500421,2025-12-23,2025-26,SAC,DET,0,0.18728718
0022500422,2025-12-23,2025-26,LAC,HOU,1,0.4240764
0022500009,2025-12-25,2025-26,NYK,CLE,1,0.57890344
0022500010,2025-12-25,2025-26,OKC,SAS,0,0.7171508
0022500011,2025-12-25,2025-26,GSW,DAL,1,0.7589988
0022500012,2025-12-25,2025-26,LAL,HOU,0,0.36606538
0022500013,2025-12-25,2025-26,DEN,MIN,1,0.6205644
0022500423,2025-12-26,2025-26,ATL,MIA,0,0.6954893
0022500424,2025-12-26,2025-26,ORL,CHA,0,0.68167454
0022500425,2025-12-26,2025-26,WAS,TOR,1,0.2654004
0022500426,2025-12-26,2025-26,IND,BOS,0,0.26509845
0022500427,2025-12-26,2025-26,CHI,PHI,1,0.4889354
0022500428,2025-12-26,2025-26,MEM,MIL,1,0.4888147
0022500429,2025-12-26,2025-26,NOP,PHX,0,0.37476403
0022500430,2025-12-26,2025-26,UTA,DET,1,0.22902663
0022500431,2025-12-26,2025-26,POR,LAC,0,0.44988665
0022500432,2025-12-27,2025-26,SAC,DAL,1,0.34333545
0022500433,2025-12-27,2025-26,ORL,DEN,1,0.34443483
0022500434,2025-12-27,2025-26,NOP,PHX,0,0.37071928
0022500435,2025-12-27,2025-26,ATL,NYK,0,0.4293341
0022500436,2025-12-27,2025-26,MIA,IND,1,0.72260016
0022500437,2025-12-27,2025-26,CHI,MIL,0,0.65388834
0022500438,2025-12-27,2025-26,HOU,CLE,1,0.70359194
0022500439,2025-12-27,2025-26,MIN,BKN,0,0.7175194
0022500440,2025-12-27,2025-26,SAS,UTA,0,0.85554904
0022500441,2025-12-28,2025-26,TOR,GSW,1,0.4408658
0022500442,2025-12-28,2025-26,OKC,PHI,1,0.8094996
0022500443,2025-12-28,2025-26,WAS,MEM,1,0.35135424
0022500444,2025-12-28,2025-26,POR,BOS,1,0.29169133
0022500445,2025-12-28,2025-26,LAC,DET,1,0.43592376
0022500446,2025-12-28,2025-26,LAL,SAC,1,0.8721506
0022500447,2025-12-29,2025-26,CHA,MIL,0,0.48235506
0022500448,2025-12-29,2025-26,WAS,PHX,0,0.22997773
0022500449,2025-12-29,2025-26,BKN,GSW,0,0.5205779
0022500450,2025-12-29,2025-26,MIA,DEN,1,0.42160356
0022500451,2025-12-29,2025-26,TOR,ORL,1,0.4875041
0022500452,2025-12-29,2025-26,CHI,MIN,0,0.4343243
0022500453,2025-12-29,2025-26,HOU,IND,1,0.85186744
0022500454,2025-12-29,2025-26,NOP,NYK,0,0.33211902
0022500455,2025-12-29,2025-26,OKC,ATL,1,0.7738868
0022500456,2025-12-29,2025-26,SAS,CLE,0,0.59432185
0022500457,2025-12-29,2025-26,POR,DAL,1,0.4400586
0022500458,2025-12-30,2025-26,MEM,PHI,0,0.47963724
0022500459,2025-12-30,2025-26,UTA,BOS,0,0.26256242
0022500460,2025-12-30,2025-26,LAL,DET,0,0.44643718
0022500461,2025-12-30,2025-26,LAC,SAC,1,0.82231545
0022500462,2025-12-31,2025-26,CHA,GSW,0,0.33525717
0022500463,2025-12-31,2025-26,ATL,MIN,1,0.31461152
0022500464,2025-12-31,2025-26,IND,ORL,0,0.38725153
0022500465,2025-12-31,2025-26,CLE,PHX,1,0.58615524
0022500466,2025-12-31,2025-26,CHI,NOP,1,0.6398633
0022500467,2025-12-31,2025-26,SAS,NYK,1,0.6001292
0022500468,2025-12-31,2025-26,TOR,DEN,0,0.43132538
0022500469,2025-12-31,2025-26,MIL,WAS,0,0.7780048
0022500470,2025-12-31,2025-26,OKC,POR,1,0.86494565
0022500471,2026-01-01,2025-26,BKN,HOU,0,0.34844747
0022500472,2026-01-01,2025-26,DET,MIA,0,0.66065496
0022500473,2026-01-01,2025-26,DAL,PHI,0,0.4405178
0022500474,2026-01-01,2025-26,SAC,BOS,0,0.20760915
0022500475,2026-01-01,2025-26,LAC,UTA,1,0.8023698
0022500476,2026-01-02,2025-26,IND,SAS,0,0.29360822
0022500477,2026-01-02,2025-26,WAS,BKN,1,0.41576684
0022500478,2026-01-02,2025-26,CLE,DEN,1,0.68554455
0022500479,2026-01-02,2025-26,NYK,ATL,0,0.66597426
0022500480,2026-01-02,2025-26,CHI,ORL,1,0.3208505
0022500481,2026-01-02,2025-26,MIL,CHA,1,0.6610739
0022500482,2026-01-02,2025-26,NOP,POR,0,0.4732583
0022500483,2026-01-02,2025-26,PHX,SAC,1,0.8731951
0022500484,2026-01-02,2025-26,GSW,OKC,0,0.3103959
0022500485,2026-01-02,2025-26,LAL,MEM,1,0.6515553
0022500486,2026-01-03,2025-26,MIA,MIN,0,0.45614094
0022500487,2026-01-03,2025-26,NYK,PHI,0,0.5836188
0022500488,2026-01-03,2025-26,TOR,ATL,1,0.59186447
0022500489,2026-01-03,2025-26,CHI,CHA,0,0.40914738
0022500490,2026-01-03,2025-26,SAS,POR,0,0.73551625
0022500491,2026-01-03,2025-26,DAL,HOU,1,0.28311396
0022500492,2026-01-03,2025-26,GSW,UTA,1,0.78420484
0022500493,2026-01-03,2025-26,LAC,BOS,0,0.50076467
0022500494,2026-01-04,2025-26,CLE,DET,0,0.43422428
0022500495,2026-01-04,2025-26,ORL,IND,1,0.7354723
0022500496,2026-01-04,2025-26,BKN,DEN,1,0.5683487
0022500497,2026-01-04,2025-26,MIA,NOP,1,0.6887773
0022500498,2026-01-04,2025-26,WAS,MIN,0,0.2894505
0022500499,2026-01-04,2025-26,PHX,OKC,1,0.28015786
0022500500,2026-01-04,2025-26,SAC,MIL,0,0.28711948
0022500501,2026-01-04,2025-26,LAL,MEM,1,0.6130708
0022500502,2026-01-05,2025-26,DET,NYK,1,0.5080072
0022500503,2026-01-05,2025-26,BOS,CHI,1,0.8262719
0022500504,2026-01-05,2025-26,TOR,ATL,1,0.5198872
0022500505,2026-01-05,2025-26,HOU,PHX,1,0.78139615
0022500506,2026-01-05,2025-26,OKC,CHA,0,0.8128204
0022500507,2026-01-05,2025-26,PHI,DEN,0,0.6795617
0022500508,2026-01-05,2025-26,LAC,GSW,1,0.58496934
0022500509,2026-01-05,2025-26,POR,UTA,1,0.60580164
0022500510,2026-01-06,2025-26,IND,CLE,0,0.30548936
0022500511,2026-01-06,2025-26,WAS,ORL,1,0.37532446
0022500512,2026-01-06,2025-26,MEM,SAS,1,0.44016925
0022500513,2026-01-06,2025-26,MIN,MIA,1,0.69330215
0022500514,2026-01-06,2025-26,NOP,LAL,0,0.42132398
0022500515,2026-01-06,2025-26,SAC,DAL,0,0.3153746
0022500516,2026-01-07,2025-26,CHA,TOR,0,0.5428595
0022500517,2026-01-07,2025-26,DET,CHI,1,0.8011198
0022500518,2026-01-07,2025-26,PHI,WAS,1,0.8273683
0022500519,2026-01-07,2025-26,ATL,NOP,1,0.7362772
0022500520,2026-01-07,2025-26,BOS,DEN,0,0.83936054
0022500521,2026-01-07,2025-26,BKN,ORL,0,0.5681032
0022500522,2026-01-07,2025-26,NYK,LAC,1,0.61669743
0022500523,2026-01-07,2025-26,SAS,LAL,1,0.61423117
0022500524,2026-01-07,2025-26,MEM,PHX,0,0.43466404
0022500525,2026-01-07,2025-26,OKC,UTA,1,0.8764497
0022500526,2026-01-07,2025-26,GSW,MIL,1,0.6745075
0022500527,2026-01-07,2025-26,POR,HOU,1,0.33568788
0022500528,2026-01-08,2025-26,CHA,IND,0,0.6620443
0022500530,2026-01-08,2025-26,MIN,CLE,1,0.7523198
0022500531,2026-01-08,2025-26,UTA,DAL,1,0.39089915
0022500532,2026-01-09,2025-26,BOS,TOR,1,0.7724483
0022500533,2026-01-09,2025-26,ORL,PHI,0,0.42196944
0022500534,2026-01-09,2025-26,WAS,NOP,0,0.5579978
0022500535,2026-01-09,2025-26,BKN,LAC,0,0.40776744
0022500536,2026-01-09,2025-26,MEM,OKC,0,0.26139033
0022500537,2026-01-09,2025-26,DEN,ATL,0,0.57488096
0022500538,2026-01-09,2025-26,PHX,NYK,1,0.4960774
0022500539,2026-01-09,2025-26,GSW,SAC,1,0.85968256
0022500540,2026-01-09,2025-26,POR,HOU,1,0.363068
0022500541,2026-01-09,2025-26,LAL,MIL,0,0.49977288
0022500542,2026-01-10,2025-26,CLE,MIN,1,0.3675461
0022500543,2026-01-10,2025-26,IND,MIA,1,0.36929375
0022500544,2026-01-10,2025-26,DET,LAC,0,0.6281787
0022500545,2026-01-10,2025-26,BOS,SAS,0,0.61790913
0022500546,2026-01-10,2025-26,CHI,DAL,1,0.48349872
0022500547,2026-01-10,2025-26,UTA,CHA,0,0.41264653
0022500548,2026-01-11,2025-26,ORL,NOP,1,0.6487676
0022500549,2026-01-11,2025-26,MEM,BKN,1,0.56210744
0022500550,2026-01-11,2025-26,TOR,PHI,1,0.34099197
0022500551,2026-01-11,2025-26,POR,NYK,0,0.41824785
0022500552,2026-01-11,2025-26,MIN,SAS,1,0.6866597
0022500553,2026-01-11,2025-26,OKC,MIA,1,0.7158413
0022500554,2026-01-11,2025-26,DEN,MIL,1,0.41475618
0022500555,2026-01-11,2025-26,PHX,WAS,1,0.80491126
0022500556,2026-01-11,2025-26,GSW,ATL,0,0.60588825
0022500557,2026-01-11,2025-26,SAC,HOU,1,0.20133926
0022500558,2026-01-12,2025-26,CLE,UTA,0,0.79054123
0022500559,2026-01-12,2025-26,IND,BOS,1,0.2802303
0022500560,2026-01-12,2025-26,TOR,PHI,0,0.37859213
0022500561,2026-01-12,2025-26,DAL,BKN,1,0.6716777
0022500562,2026-01-12,2025-26,SAC,LAL,1,0.19508216
0022500563,2026-01-12,2025-26,LAC,CHA,1,0.67618173
0022500564,2026-01-13,2025-26,MIA,PHX,1,0.46080527
0022500565,2026-01-13,2025-26,HOU,CHI,1,0.7650292
0022500566,2026-01-13,2025-26,MIL,MIN,0,0.43547133
0022500567,2026-01-13,2025-26,NOP,DEN,0,0.5336438
0022500568,2026-01-13,2025-26,OKC,SAS,1,0.77126855
0022500569,2026-01-13,2025-26,LAL,ATL,1,0.46029866
0022500570,2026-01-13,2025-26,GSW,POR,1,0.7054185
0022500571,2026-01-14,2025-26,IND,TOR,0,0.5274572
0022500572,2026-01-14,2025-26,PHI,CLE,0,0.6812955
0022500573,2026-01-14,2025-26,CHI,UTA,1,0.5633088
0022500574,2026-01-14,2025-26,NOP,BKN,1,0.38143012
0022500575,2026-01-14,2025-26,DAL,DEN,0,0.60379714
0022500576,2026-01-14,2025-26,SAC,NYK,1,0.21970971
0022500577,2026-01-14,2025-26,LAC,WAS,1,0.82496023
0022500579,2026-01-15,2025-26,DET,PHX,1,0.54445297
0022500580,2026-01-15,2025-26,MIA,BOS,0,0.39369857
0022500581,2026-01-15,2025-26,HOU,OKC,0,0.37910104
0022500582,2026-01-15,2025-26,SAS,MIL,1,0.5198292
0022500583,2026-01-15,2025-26,DAL,UTA,1,0.7550742
0022500584,2026-01-15,2025-26,GSW,NYK,1,0.72629094
0022500585,2026-01-15,2025-26,POR,ATL,1,0.48377934
0022500586,2026-01-15,2025-26,LAL,CHA,0,0.57556635
0022500587,2026-01-16,2025-26,BKN,CHI,1,0.6072207
0022500588,2026-01-16,2025-26,IND,NOP,1,0.5789574
0022500589,2026-01-16,2025-26,PHI,CLE,0,0.6221034
0022500590,2026-01-16,2025-26,TOR,LAC,0,0.34612173
0022500591,2026-01-16,2025-26,HOU,MIN,1,0.45006758
0022500592,2026-01-16,2025-26,SAC,WAS,1,0.4965641
0022500593,2026-01-17,2025-26,DAL,UTA,1,0.7392195
0022500594,2026-01-17,2025-26,ATL,BOS,0,0.40614194
0022500595,2026-01-17,2025-26,DET,IND,1,0.8262882
0022500596,2026-01-17,2025-26,NYK,PHX,0,0.5340206
0022500597,2026-01-17,2025-26,MIA,OKC,1,0.28844818
0022500598,2026-01-17,2025-26,SAS,MIN,1,0.56750715
0022500599,2026-01-17,2025-26,GSW,CHA,1,0.73448575
0022500600,2026-01-17,2025-26,DEN,WAS,1,0.8140016
0022500601,2026-01-17,2025-26,POR,LAL,1,0.4446167
0022500603,2026-01-18,2025-26,CHI,BKN,1,0.5425648
0022500604,2026-01-18,2025-26,HOU,NOP,1,0.75447965
0022500605,2026-01-18,2025-26,DEN,CHA,0,0.51089364
0022500606,2026-01-18,2025-26,SAC,POR,0,0.48270175
0022500607,2026-01-18,2025-26,LAL,TOR,1,0.60336274
0022500014,2026-01-19,2025-26,ATL,MIL,0,0.51373166
0022500015,2026-01-19,2025-26,CLE,OKC,0,0.3395619
0022500016,2026-01-19,2025-26,NYK,DAL,0,0.68335235
0022500017,2026-01-19,2025-26,DET,BOS,1,0.57607543
0022500608,2026-01-19,2025-26,WAS,LAC,0,0.2619864
0022500609,2026-01-19,2025-26,PHI,IND,1,0.7945639
0022500610,2026-01-19,2025-26,BKN,PHX,0,0.31068352
0022500611,2026-01-19,2025-26,SAS,UTA,1,0.8595996
0022500612,2026-01-19,2025-26,GSW,MIA,1,0.76132715
0022500613,2026-01-20,2025-26,PHI,PHX,0,0.6754301
0022500614,2026-01-20,2025-26,CHI,LAC,1,0.49705586
0022500615,2026-01-20,2025-26,HOU,SAS,1,0.62963814
0022500616,2026-01-20,2025-26,UTA,MIN,1,0.173256
0022500617,2026-01-20,2025-26,DEN,LAL,0,0.54018617
0022500618,2026-01-20,2025-26,GSW,TOR,0,0.7083305
0022500619,2026-01-20,2025-26,SAC,MIA,0,0.4935639
0022500620,2026-01-21,2025-26,CHA,CLE,0,0.62079436
0022500621,2026-01-21,2025-26,BOS,IND,1,0.79167134
0022500622,2026-01-21,2025-26,NYK,BKN,1,0.7237355
0022500623,2026-01-21,2025-26,MEM,ATL,0,0.5907366
0022500624,2026-01-21,2025-26,NOP,DET,0,0.31508395
0022500625,2026-01-21,2025-26,MIL,OKC,0,0.2996035
0022500626,2026-01-21,2025-26,SAC,TOR,0,0.3325828
0022500627,2026-01-22,2025-26,ORL,CHA,0,0.5039271
0022500628,2026-01-22,2025-26,PHI,HOU,1,0.5025113
0022500629,2026-01-22,2025-26,WAS,DEN,0,0.31016475
0022500630,2026-01-22,2025-26,DAL,GSW,1,0.43853563
0022500631,2026-01-22,2025-26,MIN,CHI,0,0.65927154
0022500632,2026-01-22,2025-26,UTA,SAS,0,0.27089727
0022500633,2026-01-22,2025-26,LAC,LAL,1,0.5731876
0022500634,2026-01-22,2025-26,POR,MIA,1,0.6293142
0022500635,2026-01-23,2025-26,DET,HOU,0,0.6358022
0022500636,2026-01-23,2025-26,ATL,PHX,1,0.40389523
0022500637,2026-01-23,2025-26,BKN,BOS,0,0.32467103
0022500638,2026-01-23,2025-26,CLE,SAC,1,0.7612312
0022500639,2026-01-23,2025-26,MEM,NOP,0,0.6383114
0022500640,2026-01-23,2025-26,MIL,DEN,0,0.58618104
0022500641,2026-01-23,2025-26,OKC,IND,0,0.83709544
0022500642,2026-01-23,2025-26,POR,TOR,0,0.45087117
0022500643,2026-01-24,2025-26,PHI,NYK,0,0.559288
0022500645,2026-01-24,2025-26,CHA,WAS,1,0.81161135
0022500646,2026-01-24,2025-26,ORL,CLE,0,0.5753421
0022500647,2026-01-24,2025-26,CHI,BOS,1,0.6436273
0022500648,2026-01-24,2025-26,DAL,LAL,0,0.50918216
0022500649,2026-01-24,2025-26,UTA,MIA,0,0.40212056
0022500644,2026-01-25,2025-26,MIN,GSW,0,0.5713873
0022500650,2026-01-25,2025-26,DET,SAC,1,0.83116037
0022500653,2026-01-25,2025-26,OKC,TOR,0,0.64749503
0022500654,2026-01-25,2025-26,SAS,NOP,0,0.70721686
0022500655,2026-01-25,2025-26,PHX,MIA,0,0.82057995
0022500656,2026-01-25,2025-26,LAC,BKN,1,0.78937197
0022500657,2026-01-26,2025-26,CHA,PHI,1,0.5507418
0022500658,2026-01-26,2025-26,CLE,ORL,1,0.64843243
0022500659,2026-01-26,2025-26,ATL,IND,1,0.73517436
0022500660,2026-01-26,2025-26,BOS,POR,1,0.7352252
0022500661,2026-01-26,2025-26,CHI,LAL,0,0.53593355
0022500662,2026-01-26,2025-26,HOU,MEM,1,0.71870583
0022500663,2026-01-26,2025-26,MIN,GSW,1,0.48619437
0022500664,2026-01-27,2025-26,WAS,POR,1,0.35940415
0022500665,2026-01-27,2025-26,NYK,SAC,1,0.7848192
0022500666,2026-01-27,2025-26,PHI,MIL,1,0.570032
0022500667,2026-01-27,2025-26,OKC,NOP,1,0.74108356
0022500668,2026-01-27,2025-26,DEN,DET,0,0.30092266
0022500669,2026-01-27,2025-26,PHX,BKN,1,0.7521827
0022500670,2026-01-27,2025-26,UTA,LAC,0,0.20232317
0022500671,2026-01-28,2025-26,CLE,LAL,1,0.5623429
0022500672,2026-01-28,2025-26,IND,CHI,1,0.32561192
0022500673,2026-01-28,2025-26,BOS,ATL,0,0.7124066
0022500674,2026-01-28,2025-26,MIA,ORL,0,0.56107825
0022500675,2026-01-28,2025-26,TOR,NYK,0,0.67903394
0022500676,2026-01-28,2025-26,MEM,CHA,0,0.34685242
0022500677,2026-01-28,2025-26,DAL,MIN,0,0.44741783
0022500678,2026-01-28,2025-26,UTA,GSW,0,0.16859713
0022500679,2026-01-28,2025-26,HOU,SAS,0,0.641592
0022500529,2026-01-29,2025-26,CHI,MIA,0,0.6798495
0022500680,2026-01-29,2025-26,PHI,SAC,1,0.8123932
0022500681,2026-01-29,2025-26,WAS,MIL,1,0.5213656
0022500682,2026-01-29,2025-26,ATL,HOU,0,0.44243386
0022500683,2026-01-29,2025-26,DAL,CHA,0,0.33524856
0022500684,2026-01-29,2025-26,DEN,BKN,1,0.62668973
0022500685,2026-01-29,2025-26,PHX,DET,1,0.41417357
0022500686,2026-01-29,2025-26,MIN,OKC,1,0.5056279
0022500687,2026-01-30,2025-26,ORL,TOR,1,0.40035033
0022500688,2026-01-30,2025-26,WAS,LAL,0,0.2827241
0022500689,2026-01-30,2025-26,BOS,SAC,1,0.8812459
0022500690,2026-01-30,2025-26,NYK,POR,1,0.5750648
0022500691,2026-01-30,2025-26,NOP,MEM,1,0.62631315
0022500693,2026-01-30,2025-26,PHX,CLE,1,0.44807732
0022500694,2026-01-30,2025-26,UTA,BKN,0,0.63433635
0022500695,2026-01-30,2025-26,DEN,LAC,1,0.25792408
0022500696,2026-01-30,2025-26,GSW,DET,0,0.6680979
0022500692,2026-01-31,2025-26,MIA,CHI,0,0.46731994
0022500697,2026-01-31,2025-26,CHA,SAS,1,0.6048256
0022500698,2026-01-31,2025-26,IND,ATL,1,0.34978774
0022500699,2026-01-31,2025-26,PHI,NOP,1,0.7549372
0022500700,2026-01-31,2025-26,MEM,MIN,0,0.2755348
0022500701,2026-01-31,2025-26,HOU,DAL,1,0.7366583
0022500702,2026-02-01,2025-26,BOS,MIL,1,0.8186892
0022500703,2026-02-01,2025-26,SAS,ORL,1,0.6105509
0022500704,2026-02-01,2025-26,DET,BKN,1,0.83371323
0022500705,2026-02-01,2025-26,MIA,CHI,1,0.5732082
0022500706,2026-02-01,2025-26,TOR,UTA,1,0.8406655
0022500707,2026-02-01,2025-26,WAS,SAC,1,0.5522541
0022500708,2026-02-01,2025-26,NYK,LAL,1,0.5287991
0022500709,2026-02-01,2025-26,PHX,LAC,0,0.47375214
0022500710,2026-02-01,2025-26,POR,CLE,0,0.4798562
0022500711,2026-02-01,2025-26,DEN,OKC,0,0.42331576
0022500712,2026-02-02,2025-26,CHA,NOP,1,0.7742747
0022500713,2026-02-02,2025-26,IND,HOU,0,0.25118265
0022500714,2026-02-02,2025-26,MEM,MIN,1,0.28448695
0022500715,2026-02-02,2025-26,LAC,PHI,0,0.49817064
0022500716,2026-02-03,2025-26,DET,DEN,1,0.65462387
0022500717,2026-02-03,2025-26,IND,UTA,0,0.564299
0022500718,2026-02-03,2025-26,WAS,NYK,0,0.29681775
0022500719,2026-02-03,2025-26,BKN,LAL,0,0.265955
0022500720,2026-02-03,2025-26,MIA,ATL,0,0.5828135
0022500721,2026-02-03,2025-26,DAL,BOS,0,0.32867867
0022500722,2026-02-03,2025-26,MIL,CHI,1,0.42249697
0022500723,2026-02-03,2025-26,OKC,ORL,1,0.7153539
0022500724,2026-02-03,2025-26,GSW,PHI,0,0.6988
0022500725,2026-02-03,2025-26,POR,PHX,0,0.3970402
0022500726,2026-02-04,2025-26,NYK,DEN,1,0.54206187
0022500727,2026-02-04,2025-26,TOR,MIN,0,0.49267593
0022500728,2026-02-04,2025-26,HOU,BOS,0,0.53616315
0022500729,2026-02-04,2025-26,MIL,NOP,1,0.38638797
0022500730,2026-02-04,2025-26,SAS,OKC,1,0.48631805
0022500731,2026-02-04,2025-26,SAC,MEM,0,0.4637159
0022500732,2026-02-04,2025-26,LAC,CLE,0,0.5321905
0022500733,2026-02-05,2025-26,DET,WAS,0,0.8601144
0022500734,2026-02-05,2025-26,ORL,BKN,1,0.7648647
0022500735,2026-02-05,2025-26,ATL,UTA,1,0.79186076
0022500736,2026-02-05,2025-26,TOR,CHI,1,0.6718227
0022500737,2026-02-05,2025-26,HOU,CHA,0,0.44180363
0022500738,2026-02-05,2025-26,DAL,SAS,0,0.51864946
0022500739,2026-02-05,2025-26,PHX,GSW,0,0.4986539
0022500740,2026-02-05,2025-26,LAL,PHI,1,0.66700643
0022500741,2026-02-06,2025-26,BOS,MIA,1,0.66452074
0022500742,2026-02-06,2025-26,DET,NYK,1,0.57583725
0022500743,2026-02-06,2025-26,MIL,IND,1,0.5999448
0022500744,2026-02-06,2025-26,MIN,NOP,0,0.7463332
0022500745,2026-02-06,2025-26,POR,MEM,1,0.63194054
0022500746,2026-02-06,2025-26,SAC,LAC,0,0.24933
0022500747,2026-02-07,2025-26,BKN,WAS,1,0.5817044
0022500748,2026-02-07,2025-26,OKC,HOU,0,0.49207884
0022500749,2026-02-07,2025-26,SAS,DAL,1,0.7367935
0022500750,2026-02-07,2025-26,ORL,UTA,1,0.8231356
0022500751,2026-02-07,2025-26,ATL,CHA,0,0.36843067
0022500752,2026-02-07,2025-26,CHI,DEN,0,0.37448615
0022500753,2026-02-07,2025-26,LAL,GSW,1,0.6277914
0022500754,2026-02-07,2025-26,PHX,PHI,0,0.43955567
0022500755,2026-02-07,2025-26,POR,MEM,1,0.7158454
0022500756,2026-02-07,2025-26,SAC,CLE,0,0.20635311
0022500757,2026-02-08,2025-26,BOS,NYK,0,0.6800762
0022500758,2026-02-08,2025-26,WAS,MIA,0,0.16810125
0022500759,2026-02-08,2025-26,TOR,IND,1,0.773018
0022500760,2026-02-08,2025-26,MIN,LAC,0,0.64550394
0022500761,2026-02-09,2025-26,CHA,DET,0,0.511704
0022500762,2026-02-09,2025-26,BKN,CHI,1,0.43450567
0022500763,2026-02-09,2025-26,MIA,UTA,0,0.7289265
0022500764,2026-02-09,2025-26,ORL,MIL,1,0.6861621
0022500765,2026-02-09,2025-26,MIN,ATL,1,0.65792614
0022500766,2026-02-09,2025-26,NOP,SAC,1,0.7828808
0022500767,2026-02-09,2025-26,DEN,CLE,0,0.5040237
0022500768,2026-02-09,2025-26,GSW,MEM,1,0.8378878
0022500769,2026-02-09,2025-26,LAL,OKC,0,0.548311
0022500770,2026-02-09,2025-26,POR,PHI,1,0.35200328
0022500771,2026-02-10,2025-26,NYK,IND,0,0.7498135
0022500772,2026-02-10,2025-26,HOU,LAC,1,0.57137036
0022500773,2026-02-10,2025-26,PHX,DAL,1,0.7561723
0022500774,2026-02-10,2025-26,LAL,SAS,0,0.38430974
0022500775,2026-02-11,2025-26,CHA,ATL,1,0.7425021
0022500776,2026-02-11,2025-26,CLE,WAS,1,0.88893074
0022500777,2026-02-11,2025-26,ORL,MIL,0,0.7176069
0022500778,2026-02-11,2025-26,BOS,CHI,1,0.8135577
0022500779,2026-02-11,2025-26,BKN,IND,0,0.47700217
0022500780,2026-02-11,2025-26,PHI,NYK,0,0.63167834
0022500781,2026-02-11,2025-26,TOR,DET,0,0.49155286
0022500782,2026-02-11,2025-26,HOU,LAC,0,0.65192074
0022500783,2026-02-11,2025-26,MIN,POR,1,0.693266
0022500784,2026-02-11,2025-26,NOP,MIA,0,0.50419253
0022500785,2026-02-11,2025-26,PHX,OKC,0,0.37691507
0022500786,2026-02-11,2025-26,UTA,SAC,1,0.7062989
0022500787,2026-02-11,2025-26,DEN,MEM,1,0.79319596
0022500788,2026-02-11,2025-26,GSW,SAS,0,0.4521902
0022500789,2026-02-12,2025-26,OKC,MIL,0,0.79131967
0022500790,2026-02-12,2025-26,UTA,POR,0,0.3771522
0022500791,2026-02-12,2025-26,LAL,DAL,1,0.6892471
0022500792,2026-02-19,2025-26,CHA,HOU,0,0.6268151
0022500793,2026-02-19,2025-26,CLE,BKN,1,0.8420117
0022500794,2026-02-19,2025-26,PHI,ATL,0,0.4498629
0022500795,2026-02-19,2025-26,WAS,IND,1,0.4010959
0022500796,2026-02-19,2025-26,NYK,DET,0,0.41235042
0022500797,2026-02-19,2025-26,CHI,TOR,0,0.30274338
0022500798,2026-02-19,2025-26,SAS,PHX,1,0.7470881
0022500799,2026-02-19,2025-26,GSW,BOS,0,0.3120162
0022500800,2026-02-19,2025-26,SAC,ORL,0,0.2173234
0022500801,2026-02-19,2025-26,LAC,DEN,1,0.45177943
0022500802,2026-02-20,2025-26,CHA,CLE,0,0.36915693
0022500803,2026-02-20,2025-26,WAS,IND,1,0.4676531
0022500804,2026-02-20,2025-26,MEM,UTA,1,0.5201236
0022500805,2026-02-20,2025-26,ATL,MIA,0,0.4772687
0022500806,2026-02-20,2025-26,MIN,DAL,1,0.81695384
0022500807,2026-02-20,2025-26,NOP,MIL,0,0.5931965
0022500808,2026-02-20,2025-26,OKC,BKN,1,0.8516878
0022500809,2026-02-20,2025-26,LAL,LAC,1,0.6796063
0022500810,2026-02-20,2025-26,POR,DEN,0,0.51491165
0022500811,2026-02-21,2025-26,PHX,ORL,1,0.58005273
0022500812,2026-02-21,2025-26,NOP,PHI,1,0.48014826
0022500813,2026-02-21,2025-26,MIA,MEM,1,0.8681156
0022500814,2026-02-21,2025-26,CHI,DET,0,0.26653868
0022500815,2026-02-21,2025-26,SAS,SAC,1,0.9114016
0022500816,2026-02-21,2025-26,NYK,HOU,1,0.6184977
0022500817,2026-02-22,2025-26,OKC,CLE,1,0.44364715
0022500818,2026-02-22,2025-26,ATL,BKN,1,0.7311514
0022500819,2026-02-22,2025-26,MIL,TOR,0,0.36403778
0022500820,2026-02-22,2025-26,GSW,DEN,1,0.37179834
0022500821,2026-02-22,2025-26,IND,DAL,0,0.44923165
0022500822,2026-02-22,2025-26,WAS,CHA,0,0.278962
0022500823,2026-02-22,2025-26,LAL,BOS,0,0.4513042
0022500824,2026-02-22,2025-26,MIN,PHI,0,0.8322983
0022500825,2026-02-22,2025-26,CHI,NYK,0,0.328426
0022500826,2026-02-22,2025-26,PHX,POR,0,0.38025695
0022500827,2026-02-22,2025-26,LAC,ORL,0,0.65633374
0022500828,2026-02-23,2025-26,DET,SAS,0,0.5591026
0022500829,2026-02-23,2025-26,MEM,SAC,0,0.59575915
0022500830,2026-02-23,2025-26,HOU,UTA,1,0.800332
0022500831,2026-02-24,2025-26,IND,PHI,0,0.48990363
0022500832,2026-02-24,2025-26,ATL,WAS,1,0.8089062
0022500833,2026-02-24,2025-26,BKN,DAL,0,0.4856242
0022500834,2026-02-24,2025-26,TOR,OKC,0,0.55071545
0022500835,2026-02-24,2025-26,CLE,NYK,1,0.6680834
0022500836,2026-02-24,2025-26,CHI,CHA,0,0.31429383
0022500837,2026-02-24,2025-26,MIL,MIA,1,0.46301657
0022500838,2026-02-24,2025-26,NOP,GSW,1,0.45538306
0022500839,2026-02-24,2025-26,PHX,BOS,0,0.27720788
0022500840,2026-02-24,2025-26,LAL,ORL,0,0.6926937
0022500841,2026-02-24,2025-26,POR,MIN,0,0.47095537
0022500842,2026-02-25,2025-26,DET,OKC,1,0.7358877
0022500843,2026-02-25,2025-26,TOR,SAS,0,0.3698317
0022500844,2026-02-25,2025-26,MEM,GSW,0,0.3503054
0022500845,2026-02-25,2025-26,HOU,SAC,1,0.8466049
0022500846,2026-02-25,2025-26,MIL,CLE,1,0.2811442
0022500847,2026-02-25,2025-26,DEN,BOS,1,0.65839344
0022500848,2026-02-26,2025-26,IND,CHA,0,0.2145119
0022500849,2026-02-26,2025-26,PHI,MIA,1,0.4585709
0022500850,2026-02-26,2025-26,ATL,WAS,1,0.8150416
0022500851,2026-02-26,2025-26,BKN,SAS,0,0.19687298
0022500852,2026-02-26,2025-26,ORL,HOU,0,0.5735077
0022500853,2026-02-26,2025-26,CHI,POR,0,0.34269726
0022500854,2026-02-26,2025-26,DAL,SAC,0,0.7830012
0022500855,2026-02-26,2025-26,PHX,LAL,1,0.37381288
0022500856,2026-02-26,2025-26,UTA,NOP,0,0.42148942
0022500857,2026-02-26,2025-26,LAC,MIN,0,0.46037292
0022500858,2026-02-27,2025-26,DET,CLE,1,0.7032757
0022500859,2026-02-27,2025-26,BOS,BKN,1,0.8964133
0022500860,2026-02-27,2025-26,MIL,NYK,0,0.34171686
0022500861,2026-02-27,2025-26,DAL,MEM,0,0.67072916
0022500862,2026-02-27,2025-26,OKC,DEN,1,0.39215067
0022500863,2026-02-28,2025-26,CHA,POR,1,0.77157205
0022500864,2026-02-28,2025-26,MIA,HOU,1,0.5192186
0022500865,2026-02-28,2025-26,WAS,TOR,0,0.20669617
0022500866,2026-02-28,2025-26,GSW,LAL,0,0.41554138
0022500867,2026-02-28,2025-26,UTA,NOP,0,0.3105169
0022500868,2026-03-01,2025-26,NYK,SAS,1,0.44202775
0022500869,2026-03-01,2025-26,BKN,CLE,0,0.2690111
0022500870,2026-03-01,2025-26,CHI,MIL,1,0.3507588
0022500871,2026-03-01,2025-26,DEN,MIN,0,0.60854405
0022500872,2026-03-01,2025-26,IND,MEM,0,0.5978757
0022500873,2026-03-01,2025-26,ATL,POR,1,0.6319782
0022500874,2026-03-01,2025-26,BOS,PHI,1,0.68837136
0022500875,2026-03-01,2025-26,ORL,DET,0,0.3575459
0022500876,2026-03-01,2025-26,DAL,OKC,0,0.2851155
0022500877,2026-03-01,2025-26,LAC,NOP,1,0.6064502
0022500878,2026-03-01,2025-26,LAL,SAC,1,0.85570633
0022500879,2026-03-02,2025-26,WAS,HOU,0,0.22017117
0022500880,2026-03-02,2025-26,MIL,BOS,0,0.25402704
0022500881,2026-03-02,2025-26,UTA,DEN,0,0.27096382
0022500882,2026-03-02,2025-26,GSW,LAC,0,0.6814411
0022500883,2026-03-03,2025-26,CHA,DAL,1,0.8535153
0022500884,2026-03-03,2025-26,CLE,DET,1,0.37712952
0022500885,2026-03-03,2025-26,ORL,WAS,1,0.89376575
0022500886,2026-03-03,2025-26,MIA,BKN,1,0.8574791
0022500887,2026-03-03,2025-26,TOR,NYK,0,0.39190766
0022500888,2026-03-03,2025-26,PHI,SAS,0,0.2576123
0022500889,2026-03-03,2025-26,CHI,OKC,0,0.18912652
0022500890,2026-03-03,2025-26,MIN,MEM,1,0.8230444
0022500891,2026-03-03,2025-26,LAL,NOP,1,0.69787204
0022500892,2026-03-03,2025-26,SAC,PHX,0,0.26347405
0022500893,2026-03-04,2025-26,NYK,OKC,0,0.71202433
0022500894,2026-03-04,2025-26,BOS,CHA,0,0.5722851
0022500895,2026-03-04,2025-26,PHI,UTA,1,0.65075105
0022500896,2026-03-04,2025-26,MEM,POR,0,0.3516632
0022500897,2026-03-04,2025-26,MIL,ATL,0,0.47953668
0022500898,2026-03-04,2025-26,LAC,IND,1,0.82672757
0022500899,2026-03-05,2025-26,ORL,DAL,1,0.8372124
0022500900,2026-03-05,2025-26,WAS,UTA,0,0.36782345
0022500901,2026-03-05,2025-26,MIA,BKN,1,0.8722279
0022500902,2026-03-05,2025-26,HOU,GSW,0,0.7160553
0022500903,2026-03-05,2025-26,MIN,TOR,1,0.62835217
0022500904,2026-03-05,2025-26,SAS,DET,1,0.65722716
0022500905,2026-03-05,2025-26,PHX,CHI,0,0.788372
0022500906,2026-03-05,2025-26,DEN,LAL,1,0.5155469
0022500907,2026-03-05,2025-26,SAC,NOP,0,0.20279728
0022500908,2026-03-06,2025-26,BOS,DAL,1,0.8816512
0022500909,2026-03-06,2025-26,CHA,MIA,0,0.7507295
0022500910,2026-03-06,2025-26,HOU,POR,1,0.62988716
0022500911,2026-03-06,2025-26,DEN,NYK,0,0.35399088
0022500912,2026-03-06,2025-26,PHX,NOP,1,0.5438291
0022500913,2026-03-06,2025-26,SAS,LAC,1,0.65967953
0022500914,2026-03-06,2025-26,LAL,IND,1,0.806537
0022500915,2026-03-07,2025-26,MIN,ORL,0,0.6432368
0022500916,2026-03-07,2025-26,DET,BKN,0,0.88542044
0022500917,2026-03-07,2025-26,ATL,PHI,1,0.7715501
0022500918,2026-03-07,2025-26,MEM,LAC,0,0.33123142
0022500919,2026-03-07,2025-26,MIL,UTA,1,0.7327888
0022500920,2026-03-07,2025-26,OKC,GSW,1,0.81322193
0022500921,2026-03-08,2025-26,CLE,BOS,0,0.3321102
0022500922,2026-03-08,2025-26,LAL,NYK,1,0.43658695
0022500923,2026-03-08,2025-26,MIA,DET,1,0.6771555
0022500924,2026-03-08,2025-26,TOR,DAL,1,0.740498
0022500925,2026-03-08,2025-26,NOP,WAS,1,0.84713256
0022500926,2026-03-08,2025-26,MIL,ORL,0,0.4031969
0022500927,2026-03-08,2025-26,SAS,HOU,1,0.7216561
0022500928,2026-03-08,2025-26,PHX,CHA,1,0.2968392
0022500929,2026-03-08,2025-26,POR,IND,1,0.67648387
0022500930,2026-03-08,2025-26,SAC,CHI,1,0.45641792
0022500931,2026-03-09,2025-26,CLE,PHI,1,0.7122775
0022500932,2026-03-09,2025-26,BKN,MEM,1,0.38501924
0022500933,2026-03-09,2025-26,OKC,DEN,1,0.5464964
0022500934,2026-03-09,2025-26,UTA,GSW,1,0.44940546
0022500935,2026-03-09,2025-26,LAC,NYK,1,0.48786718
0022500936,2026-03-10,2025-26,PHI,MEM,1,0.61884046
0022500937,2026-03-10,2025-26,BKN,DET,0,0.19055368
0022500938,2026-03-10,2025-26,MIA,WAS,1,0.86106986
0022500939,2026-03-10,2025-26,ATL,DAL,1,0.8304108
0022500940,2026-03-10,2025-26,HOU,TOR,1,0.50832087
0022500941,2026-03-10,2025-26,MIL,PHX,0,0.5237185
0022500942,2026-03-10,2025-26,SAS,BOS,1,0.524265
0022500943,2026-03-10,2025-26,GSW,CHI,0,0.5953349
0022500944,2026-03-10,2025-26,POR,CHA,0,0.32737175
0022500945,2026-03-10,2025-26,SAC,IND,1,0.33957234
0022500946,2026-03-10,2025-26,LAL,MIN,1,0.5506917
0022500947,2026-03-11,2025-26,ORL,CLE,1,0.50184375
0022500948,2026-03-11,2025-26,NOP,TOR,1,0.6422679
0022500949,2026-03-11,2025-26,UTA,NYK,0,0.19686829
0022500950,2026-03-11,2025-26,DEN,HOU,1,0.7159892
0022500951,2026-03-11,2025-26,SAC,CHA,0,0.14041533
0022500952,2026-03-11,2025-26,LAC,MIN,1,0.63483644
0022500953,2026-03-12,2025-26,DET,PHI,1,0.7925413
0022500954,2026-03-12,2025-26,IND,PHX,0,0.29777694
0022500955,2026-03-12,2025-26,ORL,WAS,1,0.8452789
0022500956,2026-03-12,2025-26,ATL,BKN,1,0.8959364
0022500957,2026-03-12,2025-26,MIA,MIL,1,0.7909484
0022500958,2026-03-12,2025-26,SAS,DEN,0,0.6911482
0022500959,2026-03-12,2025-26,OKC,BOS,1,0.4598245
0022500960,2026-03-12,2025-26,LAL,CHI,1,0.8261631
0022501111,2026-03-12,2025-26,MEM,DAL,0,0.5508737
0022500961,2026-03-13,2025-26,DET,MEM,1,0.8875878
0022500962,2026-03-13,2025-26,IND,NYK,0,0.15746558
0022500963,2026-03-13,2025-26,TOR,PHX,1,0.70375913
0022500964,2026-03-13,2025-26,HOU,NOP,1,0.55012643
0022500965,2026-03-13,2025-26,DAL,CLE,0,0.19324674
0022500966,2026-03-13,2025-26,GSW,MIN,0,0.35529298
0022500967,2026-03-13,2025-26,POR,UTA,1,0.84276193
0022500968,2026-03-13,2025-26,LAC,CHI,1,0.8757019
0022500969,2026-03-14,2025-26,PHI,BKN,1,0.7310781
0022500970,2026-03-14,2025-26,ATL,MIL,1,0.72487384
0022500971,2026-03-14,2025-26,BOS,WAS,1,0.87198544
0022500972,2026-03-14,2025-26,MIA,ORL,0,0.61160696
0022500973,2026-03-14,2025-26,SAS,CHA,1,0.6006123
0022500974,2026-03-14,2025-26,LAL,DEN,1,0.49639776
0022500975,2026-03-14,2025-26,LAC,SAC,0,0.83532745
0022500976,2026-03-15,2025-26,OKC,MIN,1,0.68478185
0022500977,2026-03-15,2025-26,CLE,DAL,0,0.85228395
0022500978,2026-03-15,2025-26,TOR,DET,1,0.42994475
0022500979,2026-03-15,2025-26,MIL,IND,1,0.62869525
0022500980,2026-03-15,2025-26,PHI,POR,1,0.27176145
0022500981,2026-03-15,2025-26,NYK,GSW,1,0.7859444
0022500982,2026-03-15,2025-26,SAC,UTA,1,0.7162101
0022500983,2026-03-16,2025-26,ATL,ORL,1,0.6777539
0022500984,2026-03-16,2025-26,WAS,GSW,0,0.6036624
0022500985,2026-03-16,2025-26,BKN,POR,0,0.27452028
0022500986,2026-03-16,2025-26,BOS,PHX,1,0.7043871
0022500987,2026-03-16,2025-26,CHI,MEM,1,0.60120416
0022500988,2026-03-16,2025-26,NOP,DAL,1,0.8442787
0022500989,2026-03-16,2025-26,HOU,LAL,0,0.4576312
0022500990,2026-03-16,2025-26,LAC,SAS,0,0.4020024
0022500991,2026-03-17,2025-26,CHA,MIA,1,0.6114062
0022500992,2026-03-17,2025-26,ORL,OKC,0,0.31372678
0022500993,2026-03-17,2025-26,WAS,DET,0,0.1449102
0022500994,2026-03-17,2025-26,NYK,IND,1,0.88066167
0022500995,2026-03-17,2025-26,MIL,CLE,0,0.33915034
0022500996,2026-03-17,2025-26,MIN,PHX,1,0.61769855
0022500997,2026-03-17,2025-26,DEN,PHI,1,0.86059964
0022500998,2026-03-17,2025-26,SAC,SAS,0,0.21100354
0022500651,2026-03-18,2025-26,MEM,DEN,1,0.19848673
0022500999,2026-03-18,2025-26,BOS,GSW,1,0.8436763
0022501000,2026-03-18,2025-26,BKN,OKC,0,0.15196404
0022501001,2026-03-18,2025-26,IND,POR,0,0.21204245
0022501002,2026-03-18,2025-26,CHI,TOR,0,0.34715098
0022501004,2026-03-18,2025-26,MIN,UTA,1,0.8725301
0022501005,2026-03-18,2025-26,NOP,LAC,1,0.5330488
0022501006,2026-03-18,2025-26,DAL,ATL,0,0.19653815
0022501007,2026-03-18,2025-26,HOU,LAL,0,0.37806898
0022501008,2026-03-19,2025-26,CHA,ORL,1,0.68994266
0022501009,2026-03-19,2025-26,WAS,DET,0,0.1826871
0022501010,2026-03-19,2025-26,MIA,LAL,0,0.50912756
0022501011,2026-03-19,2025-26,CHI,CLE,0,0.18232097
0022501012,2026-03-19,2025-26,NOP,LAC,1,0.55916584
0022501013,2026-03-19,2025-26,SAS,PHX,1,0.78184783
0022501014,2026-03-19,2025-26,UTA,MIL,1,0.24201462
0022501015,2026-03-19,2025-26,SAC,PHI,0,0.58301634
0022501016,2026-03-20,2025-26,BKN,NYK,0,0.16660881
0022501017,2026-03-20,2025-26,DET,GSW,1,0.7603369
0022501018,2026-03-20,2025-26,HOU,ATL,1,0.3099336
0022501019,2026-03-20,2025-26,MEM,BOS,0,0.18152131
0022501020,2026-03-20,2025-26,MIN,POR,0,0.4512976
0022501021,2026-03-20,2025-26,DEN,TOR,1,0.71450716
0022501022,2026-03-21,2025-26,WAS,OKC,0,0.1399172
0022501023,2026-03-21,2025-26,CHA,MEM,1,0.89128643
0022501024,2026-03-21,2025-26,ORL,LAL,0,0.39601487
0022501025,2026-03-21,2025-26,NOP,CLE,0,0.43150538
0022501026,2026-03-21,2025-26,ATL,GSW,1,0.8562532
0022501027,2026-03-21,2025-26,HOU,MIA,1,0.41094485
0022501028,2026-03-21,2025-26,SAS,IND,1,0.8726578
0022501029,2026-03-21,2025-26,DAL,LAC,0,0.31975356
0022501030,2026-03-21,2025-26,UTA,PHI,0,0.41008484
0022501031,2026-03-21,2025-26,PHX,MIL,0,0.6332315
0022501032,2026-03-22,2025-26,DEN,POR,1,0.6558097
0022501033,2026-03-22,2025-26,SAC,BKN,1,0.6557781
0022501034,2026-03-22,2025-26,NYK,WAS,1,0.9149336
0022501035,2026-03-22,2025-26,BOS,MIN,0,0.7978721
0022501036,2026-03-22,2025-26,PHX,TOR,1,0.31840345
0022501037,2026-03-23,2025-26,ATL,MEM,1,0.8715589
0022501038,2026-03-23,2025-26,DET,LAL,1,0.3627773
0022501039,2026-03-23,2025-26,ORL,IND,0,0.8326355
0022501040,2026-03-23,2025-26,PHI,OKC,0,0.1793721
0022501041,2026-03-23,2025-26,MIA,SAS,0,0.45496494
0022501042,2026-03-23,2025-26,CHI,HOU,1,0.33439726
0022501043,2026-03-23,2025-26,UTA,TOR,0,0.24017452
0022501044,2026-03-23,2025-26,DAL,GSW,0,0.46023077
0022501045,2026-03-23,2025-26,POR,BKN,1,0.85738546
0022501046,2026-03-23,2025-26,LAC,MIL,1,0.71836
0022501047,2026-03-24,2025-26,CHA,SAC,1,0.87228185
0022501048,2026-03-24,2025-26,NYK,NOP,1,0.6445502
0022501049,2026-03-24,2025-26,CLE,ORL,1,0.7402984
0022501050,2026-03-24,2025-26,PHX,DEN,0,0.3098353
0022501051,2026-03-25,2025-26,DET,ATL,0,0.39381802
0022501052,2026-03-25,2025-26,IND,LAL,0,0.23933901
0022501053,2026-03-25,2025-26,PHI,CHI,1,0.56979
0022501054,2026-03-25,2025-26,BOS,OKC,1,0.54322326
0022501055,2026-03-25,2025-26,CLE,MIA,0,0.5525084
0022501056,2026-03-25,2025-26,MEM,SAS,0,0.13144661
0022501057,2026-03-25,2025-26,UTA,WAS,0,0.56552726
0022501058,2026-03-25,2025-26,MIN,HOU,1,0.51347345
0022501059,2026-03-25,2025-26,DEN,DAL,1,0.82355267
0022501060,2026-03-25,2025-26,GSW,BKN,1,0.8139624
0022501061,2026-03-25,2025-26,POR,MIL,1,0.7593008
0022501062,2026-03-25,2025-26,LAC,TOR,1,0.7041795
0022501063,2026-03-26,2025-26,CHA,NYK,1,0.6640889
0022501064,2026-03-26,2025-26,DET,NOP,1,0.4180502
0022501065,2026-03-26,2025-26,ORL,SAC,1,0.87038726
0022501066,2026-03-27,2025-26,IND,LAC,0,0.21482094
0022501067,2026-03-27,2025-26,BOS,ATL,1,0.5118045
0022501068,2026-03-27,2025-26,CLE,MIA,1,0.5504054
0022501069,2026-03-27,2025-26,MEM,HOU,0,0.24088417
0022501070,2026-03-27,2025-26,OKC,CHI,1,0.8714436
0022501071,2026-03-27,2025-26,TOR,NOP,1,0.60650235
0022501072,2026-03-27,2025-26,DEN,UTA,1,0.90178514
0022501073,2026-03-27,2025-26,GSW,WAS,1,0.7762657
0022501074,2026-03-27,2025-26,POR,DAL,0,0.80699754
0022501075,2026-03-27,2025-26,LAL,BKN,1,0.91362303
0022501076,2026-03-28,2025-26,MIL,SAS,0,0.14250036
0022501077,2026-03-28,2025-26,CHA,PHI,0,0.8027077
0022501078,2026-03-28,2025-26,ATL,SAC,1,0.88477814
0022501079,2026-03-28,2025-26,MEM,CHI,1,0.49457422
0022501080,2026-03-28,2025-26,MIN,DET,0,0.42914417
0022501081,2026-03-28,2025-26,PHX,UTA,1,0.88026977
0022501082,2026-03-29,2025-26,MIL,LAC,0,0.14615275
0022501083,2026-03-29,2025-26,IND,MIA,1,0.27514428
0022501084,2026-03-29,2025-26,BKN,SAC,1,0.48418188
0022501085,2026-03-29,2025-26,CHA,BOS,0,0.5369397
0022501086,2026-03-29,2025-26,TOR,ORL,1,0.5007457
0022501087,2026-03-29,2025-26,POR,WAS,1,0.85539925
0022501088,2026-03-29,2025-26,NOP,HOU,0,0.49003482
0022501089,2026-03-29,2025-26,OKC,NYK,1,0.7005021
0022501090,2026-03-29,2025-26,DEN,GSW,1,0.81256694
0022501091,2026-03-30,2025-26,MIA,PHI,1,0.5544559
0022501092,2026-03-30,2025-26,ATL,BOS,1,0.73431164
0022501093,2026-03-30,2025-26,MEM,PHX,0,0.18775241
0022501094,2026-03-30,2025-26,SAS,CHI,1,0.8932548
0022501095,2026-03-30,2025-26,DAL,MIN,0,0.43844157
0022501096,2026-03-30,2025-26,UTA,CLE,0,0.17731781
0022501097,2026-03-30,2025-26,OKC,DET,1,0.6230276
0022501098,2026-03-30,2025-26,LAL,WAS,1,0.9056428
0022500652,2026-03-31,2025-26,MIL,DAL,1,0.41066387
0022501099,2026-03-31,2025-26,ORL,PHX,1,0.6250803
0022501100,2026-03-31,2025-26,BKN,CHA,0,0.1562661
0022501101,2026-03-31,2025-26,DET,TOR,1,0.35889265
0022501102,2026-03-31,2025-26,HOU,NYK,1,0.4741794
0022501103,2026-03-31,2025-26,LAL,CLE,1,0.48532233
0022501104,2026-03-31,2025-26,LAC,POR,0,0.6654051
0022501003,2026-04-01,2025-26,MEM,NYK,0,0.17152025
0022501105,2026-04-01,2025-26,WAS,PHI,0,0.19125327
0022501106,2026-04-01,2025-26,MIA,BOS,0,0.5285535
0022501107,2026-04-01,2025-26,ORL,ATL,0,0.27342546
0022501108,2026-04-01,2025-26,TOR,SAC,0,0.79166013
0022501109,2026-04-01,2025-26,CHI,IND,0,0.4699465
0022501110,2026-04-01,2025-26,HOU,MIL,1,0.8659615
0022501112,2026-04-01,2025-26,UTA,DEN,0,0.121462464
0022501113,2026-04-01,2025-26,GSW,SAS,0,0.19242652
0022501114,2026-04-02,2025-26,CHA,PHX,1,0.6800422
0022501115,2026-04-02,2025-26,DET,MIN,1,0.61224025
0022501116,2026-04-02,2025-26,OKC,LAL,1,0.61555743
0022501117,2026-04-02,2025-26,GSW,CLE,0,0.18998225
0022501118,2026-04-02,2025-26,POR,NOP,1,0.69763446
0022501119,2026-04-02,2025-26,LAC,SAS,0,0.49168232
0022501120,2026-04-03,2025-26,CHA,IND,1,0.7850925
0022501121,2026-04-03,2025-26,PHI,MIN,1,0.7388978
0022501122,2026-04-03,2025-26,BKN,ATL,0,0.113157034
0022501123,2026-04-03,2025-26,NYK,CHI,1,0.8444981
0022501124,2026-04-03,2025-26,HOU,UTA,1,0.8917356
0022501125,2026-04-03,2025-26,MEM,TOR,0,0.19748847
0022501126,2026-04-03,2025-26,MIL,BOS,0,0.12649597
0022501127,2026-04-03,2025-26,DAL,ORL,0,0.32006598
0022501128,2026-04-03,2025-26,SAC,NOP,1,0.40157124
0022501129,2026-04-04,2025-26,MIA,WAS,1,0.867657
0022501130,2026-04-04,2025-26,DEN,SAS,1,0.49518195
0022501131,2026-04-04,2025-26,PHI,DET,0,0.5270632
0022501132,2026-04-05,2025-26,BOS,TOR,1,0.70455563
0022501133,2026-04-05,2025-26,BKN,WAS,1,0.5899622
0022501134,2026-04-05,2025-26,CHI,PHX,0,0.26403874
0022501135,2026-04-05,2025-26,MIL,MEM,1,0.5686858
0022501136,2026-04-05,2025-26,CLE,IND,1,0.8048967
0022501137,2026-04-05,2025-26,MIN,CHA,0,0.38568407
0022501138,2026-04-05,2025-26,NOP,ORL,0,0.47853884
0022501139,2026-04-05,2025-26,OKC,UTA,1,0.94015193
0022501140,2026-04-05,2025-26,DAL,LAL,1,0.18153957
0022501141,2026-04-05,2025-26,SAC,LAC,0,0.22209296
0022501142,2026-04-05,2025-26,GSW,HOU,0,0.2882321
0022501143,2026-04-06,2025-26,ATL,NYK,0,0.7119517
0022501144,2026-04-06,2025-26,ORL,DET,1,0.32465184
0022501145,2026-04-06,2025-26,MEM,CLE,0,0.10377832
0022501146,2026-04-06,2025-26,SAS,PHI,1,0.6907099
0022501147,2026-04-06,2025-26,DEN,POR,1,0.6168208
0022501148,2026-04-07,2025-26,WAS,CHI,0,0.47209266
0022501149,2026-04-07,2025-26,BOS,CHA,1,0.6156019
0022501150,2026-04-07,2025-26,BKN,MIL,1,0.57106394
0022501151,2026-04-07,2025-26,TOR,MIA,1,0.5478325
0022501152,2026-04-07,2025-26,IND,MIN,0,0.34837812
0022501153,2026-04-07,2025-26,NOP,UTA,1,0.7667745
0022501154,2026-04-07,2025-26,GSW,SAC,1,0.6841865
0022501155,2026-04-07,2025-26,LAL,OKC,0,0.22952926
0022501156,2026-04-07,2025-26,LAC,DAL,1,0.8625638
0022501157,2026-04-07,2025-26,PHX,HOU,0,0.43576953
0022501158,2026-04-08,2025-26,CLE,ATL,1,0.32164916
0022501159,2026-04-08,2025-26,ORL,MIN,1,0.699929
0022501160,2026-04-08,2025-26,DET,MIL,1,0.9124608
0022501161,2026-04-08,2025-26,SAS,POR,1,0.7533481
0022501162,2026-04-08,2025-26,DEN,MEM,1,0.9359552
0022501163,2026-04-08,2025-26,LAC,OKC,0,0.34107518
0022501164,2026-04-08,2025-26,PHX,DAL,1,0.79452676
0022501165,2026-04-09,2025-26,TOR,MIA,1,0.64140785
0022501166,2026-04-09,2025-26,WAS,CHI,0,0.36204806
0022501167,2026-04-09,2025-26,BKN,IND,0,0.3569358
0022501168,2026-04-09,2025-26,NYK,BOS,1,0.49032834
0022501169,2026-04-09,2025-26,HOU,PHI,1,0.6036302
0022501170,2026-04-09,2025-26,GSW,LAL,0,0.50976604
0022501171,2026-04-10,2025-26,CHA,DET,0,0.52649564
0022501172,2026-04-10,2025-26,WAS,MIA,0,0.19481167
0022501173,2026-04-10,2025-26,ATL,CLE,1,0.7170194
0022501174,2026-04-10,2025-26,BOS,NOP,1,0.88076884
0022501175,2026-04-10,2025-26,IND,PHI,0,0.27563417
0022501176,2026-04-10,2025-26,NYK,TOR,1,0.5905942
0022501177,2026-04-10,2025-26,CHI,ORL,0,0.2602488
0022501178,2026-04-10,2025-26,HOU,MIN,0,0.6876554
0022501179,2026-04-10,2025-26,MIL,BKN,1,0.79023033
0022501180,2026-04-10,2025-26,SAS,DAL,1,0.8682826
0022501181,2026-04-10,2025-26,UTA,MEM,1,0.6625205
0022501182,2026-04-10,2025-26,DEN,OKC,1,0.35886282
0022501183,2026-04-10,2025-26,POR,LAC,1,0.54599494
0022501184,2026-04-10,2025-26,SAC,GSW,1,0.6450158
0022501185,2026-04-10,2025-26,LAL,PHX,1,0.32631183
0022501186,2026-04-12,2025-26,BOS,ORL,1,0.60663444
0022501187,2026-04-12,2025-26,CLE,WAS,1,0.9182439
0022501188,2026-04-12,2025-26,IND,DET,0,0.19028397
0022501189,2026-04-12,2025-26,MIA,ATL,1,0.31321684
0022501190,2026-04-12,2025-26,NYK,CHA,0,0.5782508
0022501191,2026-04-12,2025-26,PHI,MIL,1,0.8710961
0022501192,2026-04-12,2025-26,TOR,BKN,1,0.9295652
0022501193,2026-04-12,2025-26,DAL,CHI,1,0.53909755
0022501194,2026-04-12,2025-26,HOU,MEM,1,0.9697393
0022501195,2026-04-12,2025-26,MIN,NOP,1,0.83462626
0022501196,2026-04-12,2025-26,OKC,PHX,0,0.3936798
0022501197,2026-04-12,2025-26,SAS,DEN,0,0.8065222
0022501198,2026-04-12,2025-26,LAL,UTA,1,0.88745725
0022501199,2026-04-12,2025-26,LAC,GSW,1,0.73702323
0022501200,2026-04-12,2025-26,POR,SAC,1,0.8378099
