game_id,date,season,home,away,home_win,p_home
0022400061,2024-10-22,2024-25,BOS,NYK,1,0.7085229
0022400062,2024-10-22,2024-25,LAL,MIN,1,0.5437238
0022400063,2024-10-23,2024-25,DET,IND,0,0.33987507
0022400064,2024-10-23,2024-25,ATL,BKN,1,0.7120442
0022400065,2024-10-23,2024-25,MIA,ORL,0,0.5877244
0022400066,2024-10-23,2024-25,PHI,MIL,0,0.3866819
0022400067,2024-10-23,2024-25,TOR,CLE,0,0.29629597
0022400068,2024-10-23,2024-25,HOU,CHA,0,0.81113404
0022400069,2024-10-23,2024-25,NOP,CHI,1,0.6744707
0022400070,2024-10-23,2024-25,UTA,MEM,0,0.39675033
0022400071,2024-10-23,2024-25,LAC,PHX,0,0.29263848
0022400072,2024-10-23,2024-25,POR,GSW,0,0.1946357
0022400073,2024-10-24,2024-25,WAS,BOS,0,0.10331495
0022400074,2024-10-24,2024-25,DAL,SAS,1,0.81673735
0022400075,2024-10-24,2024-25,DEN,OKC,0,0.60367566
0022400076,2024-10-24,2024-25,SAC,MIN,0,0.5797524
0022400077,2024-10-25,2024-25,ORL,BKN,1,0.7952734
0022400078,2024-10-25,2024-25,TOR,PHI,1,0.40856913
0022400079,2024-10-25,2024-25,ATL,CHA,1,0.6569026
0022400080,2024-10-25,2024-25,CLE,DET,1,0.7546563
0022400081,2024-10-25,2024-25,NYK,IND,1,0.657663
0022400082,2024-10-25,2024-25,HOU,MEM,1,0.7179838
0022400083,2024-10-25,2024-25,MIL,CHI,0,0.72695607
0022400084,2024-10-25,2024-25,UTA,GSW,0,0.24854958
0022400085,2024-10-25,2024-25,LAL,PHX,1,0.6048378
0022400086,2024-10-25,2024-25,POR,NOP,0,0.23019736
0022400087,2024-10-26,2024-25,DEN,LAC,0,0.8394851
0022400088,2024-10-26,2024-25,CHA,MIA,0,0.35435995
0022400089,2024-10-26,2024-25,DET,BOS,0,0.15300794
0022400090,2024-10-26,2024-25,WAS,CLE,0,0.1915707
0022400091,2024-10-26,2024-25,CHI,OKC,0,0.3108722
0022400092,2024-10-26,2024-25,MEM,ORL,1,0.42453182
0022400093,2024-10-26,2024-25,MIN,TOR,1,0.9028305
0022400094,2024-10-26,2024-25,SAS,HOU,1,0.38267234
0022400095,2024-10-26,2024-25,PHX,DAL,1,0.48726302
0022400096,2024-10-26,2024-25,LAL,SAC,1,0.5579263
0022400097,2024-10-27,2024-25,IND,PHI,0,0.75060004
0022400098,2024-10-27,2024-25,BKN,MIL,1,0.2599216
0022400099,2024-10-27,2024-25,POR,NOP,1,0.22640891
0022400100,2024-10-27,2024-25,OKC,ATL,1,0.7501998
0022400101,2024-10-27,2024-25,GSW,LAC,0,0.78907025
0022400102,2024-10-28,2024-25,ORL,IND,1,0.6824957
0022400103,2024-10-28,2024-25,ATL,WAS,0,0.75234354
0022400104,2024-10-28,2024-25,BOS,MIL,1,0.75842273
0022400105,2024-10-28,2024-25,MIA,DET,1,0.67030895
0022400106,2024-10-28,2024-25,NYK,CLE,0,0.57874143
0022400107,2024-10-28,2024-25,TOR,DEN,0,0.22490154
0022400108,2024-10-28,2024-25,MEM,CHI,0,0.426534
0022400109,2024-10-28,2024-25,SAS,HOU,0,0.31396824
0022400110,2024-10-28,2024-25,DAL,UTA,1,0.8460193
0022400111,2024-10-28,2024-25,PHX,LAL,1,0.49448338
0022400112,2024-10-28,2024-25,SAC,POR,1,0.87899244
0022400113,2024-10-29,2024-25,BKN,DEN,0,0.24306501
0022400114,2024-10-29,2024-25,MIN,DAL,0,0.6106277
0022400115,2024-10-29,2024-25,UTA,SAC,0,0.18409367
0022400116,2024-10-29,2024-25,GSW,NOP,1,0.45392472
0022400117,2024-10-30,2024-25,CHA,TOR,1,0.6919202
0022400118,2024-10-30,2024-25,CLE,LAL,1,0.5690535
0022400119,2024-10-30,2024-25,IND,BOS,1,0.30751967
0022400120,2024-10-30,2024-25,PHI,DET,0,0.5092711
0022400121,2024-10-30,2024-25,WAS,ATL,1,0.29207557
0022400122,2024-10-30,2024-25,MIA,NYK,0,0.4337458
0022400123,2024-10-30,2024-25,CHI,ORL,1,0.35899615
0022400124,2024-10-30,2024-25,MEM,BKN,0,0.79064244
0022400125,2024-10-30,2024-25,OKC,SAS,1,0.8676859
0022400126,2024-10-30,2024-25,GSW,NOP,1,0.6824166
0022400127,2024-10-30,2024-25,LAC,POR,0,0.69422984
0022400128,2024-10-31,2024-25,MEM,MIL,1,0.3723244
0022400129,2024-10-31,2024-25,DAL,HOU,0,0.6677486
0022400130,2024-10-31,2024-25,UTA,SAS,0,0.41690984
0022400131,2024-10-31,2024-25,LAC,PHX,0,0.35731006
0022400132,2024-11-01,2024-25,CHA,BOS,0,0.1755977
0022400133,2024-11-01,2024-25,CLE,ORL,1,0.74646163
0022400134,2024-11-01,2024-25,DET,NYK,0,0.31196007
0022400135,2024-11-01,2024-25,ATL,SAC,0,0.2223614
0022400136,2024-11-01,2024-25,BKN,CHI,1,0.44755933
0022400137,2024-11-01,2024-25,TOR,LAL,0,0.15423334
0022400138,2024-11-01,2024-25,NOP,IND,1,0.42008114
0022400139,2024-11-01,2024-25,MIN,DEN,1,0.6162952
0022400140,2024-11-01,2024-25,POR,OKC,0,0.2057658
0022400141,2024-11-02,2024-25,CHA,BOS,0,0.12510331
0022400142,2024-11-02,2024-25,PHI,MEM,0,0.49995506
0022400143,2024-11-02,2024-25,TOR,SAC,1,0.13481417
0022400144,2024-11-02,2024-25,HOU,GSW,0,0.5514835
0022400145,2024-11-02,2024-25,MIL,CLE,0,0.5319667
0022400146,2024-11-02,2024-25,SAS,MIN,1,0.3935175
0022400148,2024-11-02,2024-25,DEN,UTA,1,0.8731955
0022400149,2024-11-02,2024-25,PHX,POR,1,0.8738581
0022400150,2024-11-02,2024-25,LAC,OKC,0,0.3165045
0022400151,2024-11-03,2024-25,BKN,DET,0,0.6045136
0022400152,2024-11-03,2024-25,NOP,ATL,0,0.44868436
0022400153,2024-11-03,2024-25,DAL,ORL,1,0.7076097
0022400154,2024-11-04,2024-25,CLE,MIL,1,0.7395085
0022400155,2024-11-04,2024-25,WAS,GSW,0,0.18745548
0022400156,2024-11-04,2024-25,DET,LAL,1,0.2805157
0022400157,2024-11-04,2024-25,ATL,BOS,0,0.18078062
0022400158,2024-11-04,2024-25,BKN,MEM,1,0.4604141
0022400159,2024-11-04,2024-25,MIA,SAC,0,0.36605895
0022400160,2024-11-04,2024-25,CHI,UTA,0,0.8473348
0022400161,2024-11-04,2024-25,HOU,NYK,1,0.38461503
0022400162,2024-11-04,2024-25,MIN,CHA,1,0.8310547
0022400163,2024-11-04,2024-25,OKC,ORL,1,0.87358576
0022400164,2024-11-04,2024-25,NOP,POR,0,0.39998487
0022400165,2024-11-04,2024-25,DAL,IND,0,0.70129293
0022400166,2024-11-04,2024-25,DEN,TOR,1,0.8450256
0022400167,2024-11-04,2024-25,PHX,PHI,1,0.7951227
0022400168,2024-11-04,2024-25,LAC,SAS,1,0.6467048
0022400169,2024-11-06,2024-25,CHA,DET,1,0.49116194
0022400170,2024-11-06,2024-25,IND,ORL,1,0.70398253
0022400171,2024-11-06,2024-25,ATL,NYK,1,0.26385173
0022400172,2024-11-06,2024-25,BOS,GSW,0,0.7415449
0022400173,2024-11-06,2024-25,HOU,SAS,1,0.67482656
0022400174,2024-11-06,2024-25,MEM,LAL,1,0.5304179
0022400175,2024-11-06,2024-25,NOP,CLE,0,0.31794825
0022400176,2024-11-06,2024-25,DAL,CHI,1,0.7669875
0022400177,2024-11-06,2024-25,DEN,OKC,1,0.42736268
0022400178,2024-11-06,2024-25,PHX,MIA,1,0.709153
0022400179,2024-11-06,2024-25,LAC,PHI,1,0.60376847
0022400180,2024-11-06,2024-25,SAC,TOR,1,0.8396749
0022400181,2024-11-07,2024-25,CHI,MIN,0,0.29169983
0022400182,2024-11-07,2024-25,MIL,UTA,1,0.7768364
0022400183,2024-11-07,2024-25,SAS,POR,1,0.6201489
0022400184,2024-11-08,2024-25,CHA,IND,1,0.3996052
0022400185,2024-11-08,2024-25,DET,ATL,1,0.5859194
0022400186,2024-11-08,2024-25,ORL,NOP,1,0.79742366
0022400187,2024-11-08,2024-25,BOS,BKN,1,0.8715922
0022400188,2024-11-08,2024-25,CLE,GSW,1,0.5386919
0022400189,2024-11-08,2024-25,NYK,MIL,1,0.69325984
0022400190,2024-11-08,2024-25,DAL,PHX,0,0.5035264
0022400191,2024-11-08,2024-25,MEM,WAS,1,0.7609144
0022400192,2024-11-08,2024-25,OKC,HOU,1,0.7570139
0022400193,2024-11-08,2024-25,MIN,POR,1,0.8245551
0022400194,2024-11-08,2024-25,DEN,MIA,1,0.7278708
0022400195,2024-11-08,2024-25,LAL,PHI,1,0.8069411
0022400196,2024-11-08,2024-25,SAC,LAC,0,0.7179072
0022400197,2024-11-09,2024-25,SAS,UTA,0,0.70395607
0022400198,2024-11-09,2024-25,ATL,CHI,0,0.54104424
0022400199,2024-11-09,2024-25,CLE,BKN,1,0.83288085
0022400200,2024-11-09,2024-25,LAC,TOR,1,0.66132975
0022400201,2024-11-10,2024-25,DET,HOU,0,0.40152687
0022400202,2024-11-10,2024-25,MIL,BOS,0,0.3679043
0022400203,2024-11-10,2024-25,IND,NYK,1,0.31455815
0022400204,2024-11-10,2024-25,ORL,WAS,1,0.76623213
0022400205,2024-11-10,2024-25,PHI,CHA,1,0.5968974
0022400206,2024-11-10,2024-25,MIN,MIA,0,0.7854928
0022400207,2024-11-10,2024-25,OKC,GSW,0,0.64102596
0022400208,2024-11-10,2024-25,DEN,DAL,1,0.6544786
0022400209,2024-11-10,2024-25,PHX,SAC,0,0.49790916
0022400210,2024-11-10,2024-25,POR,MEM,0,0.48973283
0022400211,2024-11-10,2024-25,LAL,TOR,1,0.8021152
0022400212,2024-11-11,2024-25,CHI,CLE,0,0.25602683
0022400213,2024-11-11,2024-25,HOU,WAS,1,0.8184585
0022400214,2024-11-11,2024-25,NOP,BKN,0,0.34346536
0022400215,2024-11-11,2024-25,OKC,LAC,1,0.67275244
0022400216,2024-11-11,2024-25,SAS,SAC,1,0.38269445
0022400001,2024-11-12,2024-25,BOS,ATL,0,0.8833235
0022400002,2024-11-12,2024-25,DET,MIA,1,0.5066482
0022400003,2024-11-12,2024-25,ORL,CHA,1,0.678689
0022400004,2024-11-12,2024-25,PHI,NYK,0,0.37283808
0022400005,2024-11-12,2024-25,MIL,TOR,1,0.7091423
0022400006,2024-11-12,2024-25,UTA,PHX,0,0.26238525
0022400007,2024-11-12,2024-25,GSW,DAL,1,0.58098704
0022400008,2024-11-12,2024-25,POR,MIN,1,0.2110706
0022400217,2024-11-13,2024-25,ORL,IND,1,0.47733212
0022400218,2024-11-13,2024-25,BKN,BOS,0,0.2081596
0022400219,2024-11-13,2024-25,NYK,CHI,0,0.7720525
0022400220,2024-11-13,2024-25,PHI,CLE,0,0.12640005
0022400221,2024-11-13,2024-25,OKC,NOP,1,0.93784994
0022400222,2024-11-13,2024-25,HOU,LAC,1,0.6317891
0022400223,2024-11-13,2024-25,MIL,DET,1,0.72822595
0022400224,2024-11-13,2024-25,SAS,WAS,1,0.73882085
0022400225,2024-11-13,2024-25,LAL,MEM,1,0.6942261
0022400226,2024-11-13,2024-25,POR,MIN,1,0.1713424
0022400227,2024-11-13,2024-25,SAC,PHX,1,0.74633664
0022400228,2024-11-14,2024-25,UTA,DAL,1,0.27491617
0022400009,2024-11-15,2024-25,IND,MIA,0,0.53301567
0022400010,2024-11-15,2024-25,ORL,PHI,1,0.5966117
0022400011,2024-11-15,2024-25,TOR,DET,0,0.5366293
0022400012,2024-11-15,2024-25,ATL,WAS,1,0.7565143
0022400013,2024-11-15,2024-25,CLE,CHI,1,0.81166774
0022400014,2024-11-15,2024-25,NYK,BKN,1,0.78814596
0022400015,2024-11-15,2024-25,SAS,LAL,0,0.4550254
0022400016,2024-11-15,2024-25,HOU,LAC,1,0.58865386
0022400017,2024-11-15,2024-25,NOP,DEN,1,0.26093295
0022400018,2024-11-15,2024-25,OKC,PHX,1,0.7858062
0022400019,2024-11-15,2024-25,GSW,MEM,1,0.78654474
0022400020,2024-11-15,2024-25,SAC,MIN,0,0.567074
0022400229,2024-11-16,2024-25,CHA,MIL,1,0.45653492
0022400230,2024-11-16,2024-25,BOS,TOR,1,0.9165522
0022400231,2024-11-16,2024-25,NOP,LAL,0,0.11923366
0022400232,2024-11-16,2024-25,DAL,SAS,1,0.80615526
0022400233,2024-11-16,2024-25,SAC,UTA,1,0.8003108
0022400234,2024-11-17,2024-25,MIN,PHX,1,0.6567928
0022400235,2024-11-17,2024-25,IND,MIA,1,0.5476706
0022400236,2024-11-17,2024-25,CLE,CHA,1,0.8538524
0022400237,2024-11-17,2024-25,WAS,DET,0,0.4372949
0022400238,2024-11-17,2024-25,MEM,DEN,1,0.64828014
0022400239,2024-11-17,2024-25,POR,ATL,1,0.4236664
0022400240,2024-11-17,2024-25,NYK,BKN,1,0.84919965
0022400241,2024-11-17,2024-25,CHI,HOU,0,0.4544076
0022400242,2024-11-17,2024-25,OKC,DAL,0,0.75293654
0022400243,2024-11-17,2024-25,LAC,UTA,1,0.842724
0022400244,2024-11-18,2024-25,DET,CHI,0,0.5131799
0022400245,2024-11-18,2024-25,MIA,PHI,1,0.5340029
0022400246,2024-11-18,2024-25,NYK,WAS,1,0.8275002
0022400247,2024-11-18,2024-25,TOR,IND,1,0.4888439
0022400248,2024-11-18,2024-25,MIL,HOU,1,0.5731816
0022400249,2024-11-18,2024-25,PHX,ORL,0,0.46911052
0022400250,2024-11-18,2024-25,SAC,ATL,0,0.76333094
0022400251,2024-11-18,2024-25,LAC,GSW,1,0.32570553
0022400021,2024-11-19,2024-25,BOS,CLE,1,0.67462003
0022400022,2024-11-19,2024-25,BKN,CHA,1,0.46699247
0022400023,2024-11-19,2024-25,MEM,DEN,0,0.6271514
0022400024,2024-11-19,2024-25,DAL,NOP,1,0.89669347
0022400025,2024-11-19,2024-25,SAS,OKC,1,0.24161656
0022400026,2024-11-19,2024-25,LAL,UTA,1,0.83737075
0022400252,2024-11-20,2024-25,CLE,NOP,1,0.93817455
0022400253,2024-11-20,2024-25,MIL,CHI,1,0.72916645
0022400254,2024-11-20,2024-25,HOU,IND,1,0.7084133
0022400255,2024-11-20,2024-25,MEM,PHI,1,0.5369846
0022400256,2024-11-20,2024-25,OKC,POR,1,0.8880203
0022400257,2024-11-20,2024-25,PHX,NYK,0,0.3651235
0022400258,2024-11-20,2024-25,GSW,ATL,1,0.8090703
0022400259,2024-11-20,2024-25,LAC,ORL,1,0.57329947
0022400260,2024-11-21,2024-25,CHA,DET,1,0.5332093
0022400261,2024-11-21,2024-25,TOR,MIN,1,0.38843104
0022400262,2024-11-21,2024-25,SAS,UTA,1,0.7530646
0022400263,2024-11-21,2024-25,LAL,ORL,0,0.6826268
0022400027,2024-11-22,2024-25,PHI,BKN,1,0.5551471
0022400028,2024-11-22,2024-25,WAS,BOS,0,0.14565718
0022400029,2024-11-22,2024-25,MIL,IND,1,0.6555658
0022400030,2024-11-22,2024-25,CHI,ATL,1,0.532754
0022400031,2024-11-22,2024-25,HOU,POR,1,0.82854784
0022400032,2024-11-22,2024-25,NOP,GSW,0,0.12712115
0022400033,2024-11-22,2024-25,DEN,DAL,0,0.6333842
0022400034,2024-11-22,2024-25,LAC,SAC,1,0.45076293
0022400264,2024-11-23,2024-25,UTA,NYK,1,0.17016916
0022400265,2024-11-23,2024-25,ORL,DET,1,0.7374888
0022400266,2024-11-23,2024-25,CHI,MEM,0,0.38977388
0022400267,2024-11-23,2024-25,HOU,POR,0,0.85494316
0022400268,2024-11-23,2024-25,MIL,CHA,1,0.7970681
0022400269,2024-11-23,2024-25,SAS,GSW,1,0.36094213
0022400270,2024-11-23,2024-25,LAL,DEN,0,0.5639535
0022400271,2024-11-24,2024-25,BOS,MIN,1,0.8046784
0022400272,2024-11-24,2024-25,IND,WAS,1,0.7657849
0022400273,2024-11-24,2024-25,MIA,DAL,1,0.56418777
0022400274,2024-11-24,2024-25,PHI,LAC,0,0.38083667
0022400275,2024-11-24,2024-25,CLE,TOR,1,0.7940287
0022400276,2024-11-24,2024-25,SAC,BKN,0,0.88158274
0022400277,2024-11-25,2024-25,CHA,ORL,0,0.222734
0022400278,2024-11-25,2024-25,DET,TOR,1,0.5055792
0022400279,2024-11-25,2024-25,IND,NOP,1,0.72537977
0022400280,2024-11-25,2024-25,ATL,DAL,0,0.5196777
0022400281,2024-11-25,2024-25,BOS,LAC,1,0.7521693
0022400282,2024-11-25,2024-25,MEM,POR,1,0.84572506
0022400283,2024-11-25,2024-25,DEN,NYK,0,0.5987115
0022400284,2024-11-25,2024-25,GSW,BKN,0,0.900731
0022400285,2024-11-25,2024-25,SAC,OKC,0,0.37633756
0022400035,2024-11-26,2024-25,WAS,CHI,0,0.36069474
0022400036,2024-11-26,2024-25,MIA,MIL,0,0.65336764
0022400037,2024-11-26,2024-25,MIN,HOU,0,0.45810315
0022400038,2024-11-26,2024-25,UTA,SAS,0,0.31589755
0022400039,2024-11-26,2024-25,PHX,LAL,1,0.5608599
0022400286,2024-11-27,2024-25,CHA,MIA,0,0.32175502
0022400287,2024-11-27,2024-25,CLE,ATL,0,0.77152276
0022400288,2024-11-27,2024-25,IND,POR,1,0.722805
0022400289,2024-11-27,2024-25,ORL,CHI,1,0.77687657
0022400290,2024-11-27,2024-25,PHI,HOU,0,0.3206999
0022400291,2024-11-27,2024-25,WAS,LAC,0,0.19936423
0022400292,2024-11-27,2024-25,DAL,NYK,1,0.4125038
0022400293,2024-11-27,2024-25,MEM,DET,1,0.8081058
0022400294,2024-11-27,2024-25,MIN,SAC,0,0.54754996
0022400295,2024-11-27,2024-25,NOP,TOR,0,0.3345532
0022400296,2024-11-27,2024-25,SAS,LAL,0,0.47603086
0022400297,2024-11-27,2024-25,PHX,BKN,0,0.70978016
0022400298,2024-11-27,2024-25,UTA,DEN,0,0.10285121
0022400299,2024-11-27,2024-25,GSW,OKC,0,0.330598
0022400040,2024-11-29,2024-25,CHA,NYK,0,0.1157197
0022400041,2024-11-29,2024-25,ATL,CLE,1,0.3152267
0022400042,2024-11-29,2024-25,MEM,NOP,1,0.86043185
0022400043,2024-11-29,2024-25,BKN,ORL,0,0.2909682
0022400044,2024-11-29,2024-25,MIN,LAC,1,0.5837504
0022400045,2024-11-29,2024-25,IND,DET,0,0.56044173
0022400046,2024-11-29,2024-25,MIA,TOR,1,0.64899206
0022400047,2024-11-29,2024-25,CHI,BOS,0,0.22090246
0022400048,2024-11-29,2024-25,LAL,OKC,0,0.3399009
0022400049,2024-11-29,2024-25,POR,SAC,1,0.2840184
0022400300,2024-11-30,2024-25,CHA,ATL,0,0.26079068
0022400301,2024-11-30,2024-25,DET,PHI,0,0.5304943
0022400302,2024-11-30,2024-25,MIL,WAS,1,0.86132646
0022400303,2024-11-30,2024-25,PHX,GSW,1,0.52091575
0022400304,2024-11-30,2024-25,UTA,DAL,0,0.22952862
0022400305,2024-12-01,2024-25,BKN,ORL,0,0.30898055
0022400306,2024-12-01,2024-25,MEM,IND,1,0.79795825
0022400307,2024-12-01,2024-25,CLE,BOS,1,0.42778024
0022400308,2024-12-01,2024-25,NYK,NOP,1,0.88889396
0022400309,2024-12-01,2024-25,TOR,MIA,1,0.51559514
0022400310,2024-12-01,2024-25,HOU,OKC,1,0.42582282
0022400311,2024-12-01,2024-25,UTA,LAL,0,0.21521558
0022400312,2024-12-01,2024-25,POR,DAL,0,0.33602065
0022400313,2024-12-01,2024-25,SAC,SAS,0,0.6385569
0022400314,2024-12-01,2024-25,LAC,DEN,1,0.4375344
0022400315,2024-12-02,2024-25,ATL,NOP,1,0.78883034
0022400316,2024-12-02,2024-25,BOS,MIA,1,0.73105925
0022400317,2024-12-02,2024-25,CHI,BKN,1,0.82422197
0022400318,2024-12-02,2024-25,MIN,LAL,1,0.69790554
0022400050,2024-12-03,2024-25,CHA,PHI,0,0.32701173
0022400051,2024-12-03,2024-25,CLE,WAS,1,0.9158694
0022400052,2024-12-03,2024-25,DET,MIL,0,0.43404958
0022400053,2024-12-03,2024-25,NYK,ORL,1,0.6388504
0022400054,2024-12-03,2024-25,TOR,IND,1,0.6318549
0022400055,2024-12-03,2024-25,OKC,UTA,1,0.921352
0022400056,2024-12-03,2024-25,DAL,MEM,1,0.5778541
0022400057,2024-12-03,2024-25,PHX,SAS,1,0.62808174
0022400058,2024-12-03,2024-25,DEN,GSW,1,0.69814026
0022400059,2024-12-03,2024-25,SAC,HOU,1,0.5098044
0022400060,2024-12-03,2024-25,LAC,POR,1,0.8024402
0022400319,2024-12-04,2024-25,BOS,DET,1,0.782743
0022400320,2024-12-04,2024-25,BKN,IND,1,0.52939415
0022400321,2024-12-04,2024-25,MIA,LAL,1,0.62159073
0022400322,2024-12-04,2024-25,PHI,ORL,0,0.27251315
0022400323,2024-12-04,2024-25,MIL,ATL,0,0.6032549
0022400324,2024-12-04,2024-25,LAC,MIN,0,0.4189668
0022400325,2024-12-05,2024-25,CLE,DEN,1,0.5903506
0022400326,2024-12-05,2024-25,WAS,DAL,0,0.13516058
0022400327,2024-12-05,2024-25,NYK,CHA,1,0.89159167
0022400328,2024-12-05,2024-25,TOR,OKC,0,0.215066
0022400329,2024-12-05,2024-25,MEM,SAC,1,0.6766614
0022400330,2024-12-05,2024-25,NOP,PHX,1,0.4049361
0022400331,2024-12-05,2024-25,SAS,CHI,0,0.5766412
0022400332,2024-12-05,2024-25,GSW,HOU,1,0.42804846
0022400333,2024-12-06,2024-25,PHI,ORL,1,0.35644513
0022400334,2024-12-06,2024-25,ATL,LAL,1,0.5900085
0022400335,2024-12-06,2024-25,BOS,MIL,1,0.7458308
0022400336,2024-12-06,2024-25,CHI,IND,0,0.54086053
0022400337,2024-12-06,2024-25,SAS,SAC,0,0.35522276
0022400338,2024-12-06,2024-25,GSW,MIN,0,0.46489397
0022400339,2024-12-06,2024-25,POR,UTA,0,0.7280984
0022400340,2024-12-07,2024-25,CHA,CLE,0,0.13821797
0022400341,2024-12-07,2024-25,WAS,DEN,1,0.09090696
0022400342,2024-12-07,2024-25,NOP,OKC,0,0.16188173
0022400343,2024-12-07,2024-25,NYK,DET,0,0.6526338
0022400344,2024-12-07,2024-25,TOR,DAL,0,0.24364065
0022400345,2024-12-07,2024-25,BOS,MEM,0,0.6479603
0022400346,2024-12-07,2024-25,MIA,PHX,1,0.67006445
0022400347,2024-12-08,2024-25,CHI,PHI,0,0.52439266
0022400348,2024-12-08,2024-25,BKN,MIL,0,0.32281563
0022400349,2024-12-08,2024-25,IND,CHA,0,0.86306155
0022400350,2024-12-08,2024-25,ATL,DEN,0,0.393692
0022400351,2024-12-08,2024-25,MIA,CLE,1,0.48888093
0022400352,2024-12-08,2024-25,ORL,PHX,1,0.6789452
0022400353,2024-12-08,2024-25,WAS,MEM,0,0.13057569
0022400354,2024-12-08,2024-25,SAS,NOP,1,0.77996516
0022400355,2024-12-08,2024-25,GSW,MIN,1,0.48420212
0022400356,2024-12-08,2024-25,LAC,HOU,0,0.43261665
0022400357,2024-12-08,2024-25,SAC,UTA,1,0.8328539
0022400358,2024-12-08,2024-25,LAL,POR,1,0.6969265
0022400359,2024-12-09,2024-25,TOR,NYK,0,0.2963389
0022401201,2024-12-10,2024-25,MIL,ORL,1,0.6747105
0022401203,2024-12-10,2024-25,OKC,DAL,1,0.63951474
0022401202,2024-12-11,2024-25,NYK,ATL,0,0.73205227
0022401204,2024-12-11,2024-25,HOU,GSW,1,0.61787844
0022401205,2024-12-12,2024-25,BOS,DET,1,0.8174618
0022401206,2024-12-12,2024-25,MIA,TOR,1,0.787085
0022401207,2024-12-12,2024-25,NOP,SAC,0,0.24786723
0022401208,2024-12-13,2024-25,CLE,WAS,1,0.93787265
0022401209,2024-12-13,2024-25,PHI,IND,0,0.6742498
0022401210,2024-12-13,2024-25,MIN,LAL,1,0.7309988
0022401211,2024-12-13,2024-25,MEM,BKN,1,0.8393817
0022401212,2024-12-13,2024-25,CHI,CHA,1,0.73218584
0022401213,2024-12-13,2024-25,DEN,LAC,1,0.76289505
0022401214,2024-12-13,2024-25,UTA,PHX,0,0.30675483
0022401215,2024-12-13,2024-25,POR,SAS,0,0.44256896
0022401216,2024-12-15,2024-25,IND,NOP,1,0.67161345
0022401217,2024-12-15,2024-25,WAS,BOS,0,0.07394494
0022401218,2024-12-15,2024-25,SAS,MIN,0,0.3433694
0022401219,2024-12-15,2024-25,PHX,POR,1,0.7750225
0022401220,2024-12-15,2024-25,LAL,MEM,1,0.37619182
0022401227,2024-12-15,2024-25,ORL,NYK,0,0.3947101
0022401228,2024-12-15,2024-25,GSW,DAL,0,0.38095558
0022401221,2024-12-16,2024-25,DET,MIA,1,0.36208898
0022401222,2024-12-16,2024-25,CHA,PHI,0,0.41994995
0022401223,2024-12-16,2024-25,TOR,CHI,0,0.4513794
0022401224,2024-12-16,2024-25,BKN,CLE,0,0.21950375
0022401225,2024-12-16,2024-25,SAC,DEN,0,0.4354015
0022401226,2024-12-16,2024-25,LAC,UTA,1,0.71823347
0022400360,2024-12-19,2024-25,DET,UTA,0,0.6884637
0022400361,2024-12-19,2024-25,ORL,OKC,0,0.26975942
0022400362,2024-12-19,2024-25,WAS,CHA,1,0.39890715
0022400363,2024-12-19,2024-25,BOS,CHI,0,0.8686442
0022400364,2024-12-19,2024-25,TOR,BKN,0,0.50154513
0022400365,2024-12-19,2024-25,HOU,NOP,1,0.8285524
0022400366,2024-12-19,2024-25,MEM,GSW,1,0.6557366
0022400367,2024-12-19,2024-25,MIN,NYK,0,0.5886735
0022400368,2024-12-19,2024-25,DAL,LAC,0,0.62677175
0022400369,2024-12-19,2024-25,PHX,IND,0,0.6451406
0022400370,2024-12-19,2024-25,SAS,ATL,1,0.528126
0022400371,2024-12-19,2024-25,POR,DEN,1,0.24059698
0022400372,2024-12-19,2024-25,SAC,LAL,0,0.66239846
0022400373,2024-12-20,2024-25,PHI,CHA,1,0.8442748
0022400374,2024-12-20,2024-25,CLE,MIL,1,0.68151295
0022400375,2024-12-20,2024-25,MIA,OKC,0,0.35001972
0022400376,2024-12-21,2024-25,SAC,LAL,0,0.6928255
0022400377,2024-12-21,2024-25,ORL,MIA,1,0.6358052
0022400378,2024-12-21,2024-25,ATL,MEM,0,0.31083098
0022400379,2024-12-21,2024-25,BKN,UTA,0,0.48785114
0022400380,2024-12-21,2024-25,CLE,PHI,1,0.8412449
0022400381,2024-12-21,2024-25,CHI,BOS,0,0.26000056
0022400382,2024-12-21,2024-25,MIL,WAS,1,0.8010131
0022400383,2024-12-21,2024-25,MIN,GSW,0,0.69695663
0022400384,2024-12-21,2024-25,NOP,NYK,0,0.19397603
0022400385,2024-12-21,2024-25,DAL,LAC,1,0.6616537
0022400386,2024-12-21,2024-25,SAS,POR,1,0.7410025
0022400387,2024-12-21,2024-25,PHX,DET,0,0.6890723
0022400388,2024-12-22,2024-25,TOR,HOU,0,0.25458995
0022400389,2024-12-22,2024-25,SAC,IND,0,0.6364576
0022400390,2024-12-22,2024-25,NOP,DEN,0,0.16843101
0022400391,2024-12-23,2024-25,CHA,HOU,0,0.39142329
0022400392,2024-12-23,2024-25,CLE,UTA,1,0.8353072
0022400393,2024-12-23,2024-25,ORL,BOS,1,0.27101728
0022400394,2024-12-23,2024-25,PHI,SAS,1,0.5754801
0022400395,2024-12-23,2024-25,ATL,MIN,1,0.39529234
0022400396,2024-12-23,2024-25,MIA,BKN,1,0.78117925
0022400397,2024-12-23,2024-25,NYK,TOR,1,0.85882616
0022400398,2024-12-23,2024-25,CHI,MIL,0,0.6197743
0022400399,2024-12-23,2024-25,MEM,LAC,0,0.7086849
0022400400,2024-12-23,2024-25,OKC,WAS,1,0.9405076
0022400401,2024-12-23,2024-25,DAL,POR,1,0.8733658
0022400402,2024-12-23,2024-25,DEN,PHX,1,0.67379415
0022400403,2024-12-23,2024-25,GSW,IND,0,0.6466289
0022400404,2024-12-23,2024-25,LAL,DET,0,0.6512484
0022400405,2024-12-25,2024-25,NYK,SAS,1,0.7631906
0022400406,2024-12-25,2024-25,DAL,MIN,0,0.70041287
0022400407,2024-12-25,2024-25,BOS,PHI,0,0.7425534
0022400408,2024-12-25,2024-25,GSW,LAL,0,0.5978673
0022400409,2024-12-25,2024-25,PHX,DEN,1,0.3615367
0022400410,2024-12-26,2024-25,IND,OKC,0,0.30386227
0022400411,2024-12-26,2024-25,ORL,MIA,0,0.62912935
0022400412,2024-12-26,2024-25,WAS,CHA,1,0.46816418
0022400413,2024-12-26,2024-25,ATL,CHI,1,0.65405446
0022400414,2024-12-26,2024-25,MEM,TOR,1,0.862944
0022400415,2024-12-26,2024-25,MIL,BKN,0,0.7909587
0022400416,2024-12-26,2024-25,NOP,HOU,0,0.32665277
0022400417,2024-12-26,2024-25,POR,UTA,1,0.7065571
0022400418,2024-12-26,2024-25,SAC,DET,0,0.6425579
0022400419,2024-12-27,2024-25,ORL,NYK,0,0.36028078
0022400420,2024-12-27,2024-25,BOS,IND,1,0.8451278
0022400421,2024-12-27,2024-25,BKN,SAS,0,0.2087334
0022400422,2024-12-27,2024-25,HOU,MIN,0,0.43229675
0022400423,2024-12-27,2024-25,NOP,MEM,0,0.19961129
0022400424,2024-12-27,2024-25,DEN,CLE,0,0.53882086
0022400425,2024-12-27,2024-25,PHX,DAL,0,0.49216917
0022400426,2024-12-27,2024-25,LAC,GSW,1,0.7576332
0022400427,2024-12-28,2024-25,ATL,MIA,1,0.49782664
0022400428,2024-12-28,2024-25,CHA,OKC,0,0.10577756
0022400429,2024-12-28,2024-25,WAS,NYK,0,0.17080946
0022400430,2024-12-28,2024-25,CHI,MIL,1,0.44031554
0022400431,2024-12-28,2024-25,GSW,PHX,1,0.61611533
0022400432,2024-12-28,2024-25,DEN,DET,1,0.7543356
0022400433,2024-12-28,2024-25,UTA,PHI,0,0.2614345
0022400434,2024-12-28,2024-25,POR,DAL,1,0.34117636
0022400435,2024-12-28,2024-25,LAL,SAC,1,0.48680127
0022400436,2024-12-29,2024-25,ORL,BKN,1,0.7946919
0022400437,2024-12-29,2024-25,BOS,IND,0,0.80866116
0022400438,2024-12-29,2024-25,TOR,ATL,0,0.56033665
0022400439,2024-12-29,2024-25,HOU,MIA,0,0.69731724
0022400440,2024-12-29,2024-25,OKC,MEM,1,0.67449236
0022400441,2024-12-29,2024-25,MIN,SAS,1,0.6597822
0022400442,2024-12-30,2024-25,CHA,CHI,0,0.29171708
0022400443,2024-12-30,2024-25,WAS,NYK,0,0.14246912
0022400444,2024-12-30,2024-25,NOP,LAC,0,0.3124978
0022400445,2024-12-30,2024-25,UTA,DEN,0,0.18103497
0022400446,2024-12-30,2024-25,GSW,CLE,0,0.39510822
0022400447,2024-12-30,2024-25,POR,PHI,0,0.31548595
0022400448,2024-12-30,2024-25,SAC,DAL,1,0.70755583
0022400449,2024-12-31,2024-25,BOS,TOR,1,0.8743269
0022400450,2024-12-31,2024-25,IND,MIL,0,0.47529054
0022400451,2024-12-31,2024-25,SAS,LAC,1,0.55234617
0022400452,2024-12-31,2024-25,OKC,MIN,1,0.7820471
0022400453,2024-12-31,2024-25,PHX,MEM,0,0.49946997
0022400454,2024-12-31,2024-25,LAL,CLE,0,0.42996657
0022400455,2025-01-01,2024-25,DET,ORL,1,0.5439544
0022400456,2025-01-01,2024-25,WAS,CHI,1,0.3210941
0022400457,2025-01-01,2024-25,MIA,NOP,1,0.7981728
0022400458,2025-01-01,2024-25,NYK,UTA,1,0.8605837
0022400459,2025-01-01,2024-25,TOR,BKN,1,0.59256536
0022400460,2025-01-01,2024-25,HOU,DAL,1,0.57284904
0022400461,2025-01-01,2024-25,DEN,ATL,1,0.7663878
0022400462,2025-01-01,2024-25,SAC,PHI,1,0.6940007
0022400463,2025-01-02,2024-25,MIA,IND,0,0.50877506
0022400464,2025-01-02,2024-25,MIN,BOS,0,0.34903246
0022400465,2025-01-02,2024-25,MIL,BKN,0,0.86882204
0022400466,2025-01-02,2024-25,OKC,LAC,1,0.85553527
0022400467,2025-01-02,2024-25,GSW,PHI,1,0.5988151
0022400468,2025-01-02,2024-25,LAL,POR,1,0.74915826
0022400469,2025-01-03,2024-25,DET,CHA,1,0.7663311
0022400470,2025-01-03,2024-25,TOR,ORL,0,0.42508122
0022400471,2025-01-03,2024-25,HOU,BOS,0,0.40861732
0022400472,2025-01-03,2024-25,NOP,WAS,1,0.6313948
0022400473,2025-01-03,2024-25,OKC,NYK,1,0.64691573
0022400474,2025-01-03,2024-25,DAL,CLE,0,0.31729898
0022400475,2025-01-03,2024-25,DEN,SAS,0,0.71873564
0022400476,2025-01-03,2024-25,SAC,MEM,1,0.46293652
0022400477,2025-01-03,2024-25,LAL,ATL,1,0.4980343
0022400478,2025-01-04,2024-25,BKN,PHI,0,0.20169923
0022400479,2025-01-04,2024-25,DET,MIN,1,0.3638426
0022400480,2025-01-04,2024-25,IND,PHX,1,0.5342473
0022400481,2025-01-04,2024-25,MIA,UTA,0,0.71477515
0022400482,2025-01-04,2024-25,CHI,NYK,1,0.42667377
0022400483,2025-01-04,2024-25,MIL,POR,0,0.838
0022400484,2025-01-04,2024-25,SAS,DEN,0,0.39765745
0022400485,2025-01-04,2024-25,GSW,MEM,1,0.46022943
0022400486,2025-01-04,2024-25,LAC,ATL,1,0.7555123
0022400487,2025-01-05,2024-25,OKC,BOS,1,0.61327404
0022400488,2025-01-05,2024-25,CLE,CHA,1,0.8784385
0022400489,2025-01-05,2024-25,WAS,NOP,0,0.46794853
0022400490,2025-01-05,2024-25,ORL,UTA,0,0.7654639
0022400491,2025-01-05,2024-25,HOU,LAL,1,0.546996
0022400492,2025-01-05,2024-25,GSW,SAC,0,0.5619552
0022400493,2025-01-06,2024-25,DET,POR,1,0.69937706
0022400494,2025-01-06,2024-25,PHI,PHX,0,0.42615393
0022400495,2025-01-06,2024-25,BKN,IND,0,0.1195309
0022400496,2025-01-06,2024-25,NYK,ORL,0,0.8130201
0022400497,2025-01-06,2024-25,TOR,MIL,0,0.30293524
0022400498,2025-01-06,2024-25,CHI,SAS,1,0.5129162
0022400499,2025-01-06,2024-25,MEM,DAL,1,0.67825913
0022400500,2025-01-06,2024-25,MIN,LAC,1,0.5059351
0022400501,2025-01-06,2024-25,SAC,MIA,1,0.56073344
0022400502,2025-01-07,2024-25,CHA,PHX,1,0.32965755
0022400503,2025-01-07,2024-25,WAS,HOU,0,0.24421285
0022400504,2025-01-07,2024-25,DAL,LAL,1,0.4417392
0022400505,2025-01-07,2024-25,NOP,MIN,0,0.38866138
0022400506,2025-01-07,2024-25,UTA,ATL,0,0.40211594
0022400507,2025-01-07,2024-25,DEN,BOS,0,0.3234433
0022400508,2025-01-07,2024-25,GSW,MIA,0,0.74036765
0022400509,2025-01-08,2024-25,CLE,OKC,1,0.42348734
0022400510,2025-01-08,2024-25,IND,CHI,1,0.5889412
0022400511,2025-01-08,2024-25,NYK,TOR,1,0.8144559
0022400512,2025-01-08,2024-25,PHI,WAS,1,0.79770964
0022400513,2025-01-08,2024-25,BKN,DET,0,0.22449148
0022400514,2025-01-08,2024-25,NOP,POR,0,0.5708157
0022400515,2025-01-08,2024-25,DEN,LAC,1,0.4464443
0022400516,2025-01-08,2024-25,MIL,SAS,1,0.7030082
0022400517,2025-01-09,2024-25,CLE,TOR,1,0.8203713
0022400518,2025-01-09,2024-25,DET,GSW,0,0.45091882
0022400519,2025-01-09,2024-25,ORL,MIN,0,0.4461717
0022400520,2025-01-09,2024-25,MEM,HOU,0,0.7326313
0022400521,2025-01-09,2024-25,DAL,POR,1,0.7673858
0022400522,2025-01-09,2024-25,PHX,ATL,1,0.6871698
0022400523,2025-01-09,2024-25,UTA,MIA,0,0.35875702
0022400525,2025-01-10,2024-25,IND,GSW,1,0.8659161
0022400526,2025-01-10,2024-25,ORL,MIL,0,0.37396657
0022400527,2025-01-10,2024-25,PHI,NOP,0,0.725969
0022400528,2025-01-10,2024-25,BOS,SAC,0,0.7870404
0022400529,2025-01-10,2024-25,NYK,OKC,0,0.3587017
0022400530,2025-01-10,2024-25,CHI,WAS,1,0.8261839
0022400531,2025-01-10,2024-25,DEN,BKN,1,0.93139905
0022400533,2025-01-11,2024-25,PHX,UTA,1,0.7613596
0022400534,2025-01-11,2024-25,DET,TOR,1,0.7004205
0022400535,2025-01-11,2024-25,MIN,MEM,0,0.4304606
0022400536,2025-01-11,2024-25,POR,MIA,0,0.2967143
0022400539,2025-01-12,2024-25,NYK,MIL,1,0.5934806
0022400540,2025-01-12,2024-25,DAL,DEN,0,0.36526862
0022400541,2025-01-12,2024-25,CHI,SAC,0,0.46125355
0022400542,2025-01-12,2024-25,BOS,NOP,1,0.8809996
0022400543,2025-01-12,2024-25,CLE,IND,0,0.6750899
0022400544,2025-01-12,2024-25,ORL,PHI,1,0.57558715
0022400545,2025-01-12,2024-25,WAS,OKC,0,0.08217875
0022400546,2025-01-12,2024-25,UTA,BKN,1,0.6015689
0022400547,2025-01-12,2024-25,PHX,CHA,1,0.7378276
0022400548,2025-01-13,2024-25,WAS,MIN,0,0.19055507
0022400549,2025-01-13,2024-25,NYK,DET,0,0.7442045
0022400550,2025-01-13,2024-25,TOR,GSW,1,0.49868762
0022400551,2025-01-13,2024-25,HOU,MEM,1,0.41137543
0022400552,2025-01-13,2024-25,LAL,SAS,0,0.67423606
0022400553,2025-01-13,2024-25,LAC,MIA,1,0.6803028
0022400554,2025-01-14,2024-25,IND,CLE,0,0.3384362
0022400555,2025-01-14,2024-25,PHI,OKC,0,0.08572628
0022400556,2025-01-14,2024-25,ATL,PHX,1,0.40374523
0022400557,2025-01-14,2024-25,CHI,NOP,0,0.6180261
0022400558,2025-01-14,2024-25,MIL,SAC,1,0.62778604
0022400559,2025-01-14,2024-25,DAL,DEN,0,0.42391363
0022400560,2025-01-14,2024-25,POR,BKN,0,0.53798187
0022400561,2025-01-15,2024-25,PHI,NYK,0,0.27604395
0022400562,2025-01-15,2024-25,TOR,BOS,1,0.17601916
0022400563,2025-01-15,2024-25,CHI,ATL,0,0.7463194
0022400564,2025-01-15,2024-25,MIL,ORL,1,0.62295353
0022400565,2025-01-15,2024-25,MIN,GSW,0,0.7466201
0022400566,2025-01-15,2024-25,NOP,DAL,1,0.4073904
0022400567,2025-01-15,2024-25,SAS,MEM,0,0.36275104
0022400568,2025-01-15,2024-25,DEN,HOU,0,0.5046714
0022400569,2025-01-15,2024-25,UTA,CHA,0,0.3618567
0022400570,2025-01-15,2024-25,LAL,MIA,1,0.5790604
0022400571,2025-01-15,2024-25,LAC,BKN,1,0.9238278
0022400572,2025-01-16,2024-25,DET,IND,0,0.3877324
0022400573,2025-01-16,2024-25,WAS,PHX,0,0.21062277
0022400574,2025-01-16,2024-25,OKC,CLE,1,0.6542218
0022400575,2025-01-16,2024-25,POR,LAC,0,0.27091044
0022400576,2025-01-16,2024-25,SAC,HOU,1,0.67197835
0022400577,2025-01-17,2024-25,BOS,ORL,1,0.834903
0022400578,2025-01-17,2024-25,NYK,MIN,0,0.6477216
0022400579,2025-01-17,2024-25,MIA,DEN,0,0.41120034
0022400580,2025-01-17,2024-25,MIL,TOR,1,0.838499
0022400581,2025-01-17,2024-25,NOP,UTA,1,0.83709943
0022400582,2025-01-17,2024-25,SAS,MEM,0,0.36710334
0022400583,2025-01-17,2024-25,DAL,OKC,1,0.44674817
0022400584,2025-01-17,2024-25,CHI,CHA,0,0.7148142
0022400585,2025-01-17,2024-25,LAL,BKN,1,0.7919418
0022400586,2025-01-18,2024-25,DET,PHX,0,0.47972563
0022400587,2025-01-18,2024-25,BOS,ATL,0,0.74924153
0022400588,2025-01-18,2024-25,IND,PHI,1,0.8107205
0022400589,2025-01-18,2024-25,GSW,WAS,1,0.8119039
0022400590,2025-01-18,2024-25,MIN,CLE,0,0.25135696
0022400591,2025-01-18,2024-25,POR,HOU,0,0.19125217
0022400592,2025-01-19,2024-25,MIA,SAS,1,0.6680928
0022400593,2025-01-19,2024-25,ORL,DEN,0,0.24705778
0022400594,2025-01-19,2024-25,MIL,PHI,1,0.8681748
0022400595,2025-01-19,2024-25,OKC,BKN,1,0.9282318
0022400596,2025-01-19,2024-25,LAC,LAL,1,0.67551154
0022400597,2025-01-19,2024-25,POR,CHI,1,0.3100726
0022400598,2025-01-19,2024-25,SAC,WAS,1,0.91237605
0022400599,2025-01-20,2024-25,CHA,DAL,1,0.33641136
0022400600,2025-01-20,2024-25,HOU,DET,0,0.74171257
0022400601,2025-01-20,2024-25,MEM,MIN,1,0.657511
0022400602,2025-01-20,2024-25,NYK,ATL,1,0.6595705
0022400603,2025-01-20,2024-25,CLE,PHX,1,0.6909484
0022400604,2025-01-20,2024-25,GSW,BOS,0,0.23642062
0022400605,2025-01-20,2024-25,NOP,UTA,1,0.76660955
0022400611,2025-01-20,2024-25,LAC,CHI,0,0.5021816
0022400606,2025-01-21,2024-25,BKN,NYK,0,0.1878638
0022400607,2025-01-21,2024-25,MIA,POR,0,0.76602346
0022400608,2025-01-21,2024-25,TOR,ORL,1,0.49680847
0022400609,2025-01-21,2024-25,DEN,PHI,1,0.862748
0022400610,2025-01-21,2024-25,LAL,WAS,1,0.841517
0022400612,2025-01-22,2024-25,ATL,DET,0,0.6758968
0022400613,2025-01-22,2024-25,BKN,PHX,0,0.12986776
0022400614,2025-01-22,2024-25,DAL,MIN,0,0.62210506
0022400615,2025-01-22,2024-25,HOU,CLE,1,0.4870803
0022400616,2025-01-22,2024-25,MEM,CHA,1,0.7887651
0022400618,2025-01-22,2024-25,OKC,UTA,1,0.9240862
0022400619,2025-01-22,2024-25,SAC,GSW,1,0.7879403
0022400620,2025-01-22,2024-25,LAC,BOS,0,0.15936781
0022400622,2025-01-23,2024-25,ORL,POR,0,0.787377
0022400623,2025-01-23,2024-25,ATL,TOR,0,0.6898943
0022400624,2025-01-23,2024-25,MIL,MIA,1,0.7033762
0022400625,2025-01-23,2024-25,OKC,DAL,0,0.8468962
0022400626,2025-01-23,2024-25,DEN,SAC,1,0.7163825
0022400628,2025-01-23,2024-25,GSW,CHI,1,0.41422364
0022400629,2025-01-23,2024-25,LAL,BOS,1,0.43944362
0022400983,2025-01-23,2024-25,LAC,WAS,1,0.8427552
0022400630,2025-01-24,2024-25,CHA,POR,0,0.5260099
0022400631,2025-01-24,2024-25,PHI,CLE,1,0.28970766
0022400632,2025-01-24,2024-25,MEM,NOP,1,0.7174297
0022400634,2025-01-25,2024-25,MIN,DEN,1,0.32817054
0022400635,2025-01-25,2024-25,DAL,BOS,0,0.31550753
0022400636,2025-01-25,2024-25,BKN,MIA,0,0.23749633
0022400637,2025-01-25,2024-25,CHA,NOP,1,0.41091526
0022400638,2025-01-25,2024-25,ORL,DET,1,0.5779573
0022400639,2025-01-25,2024-25,ATL,TOR,0,0.6244461
0022400640,2025-01-25,2024-25,CLE,HOU,0,0.55493414
0022400641,2025-01-25,2024-25,NYK,SAC,1,0.58636606
0022400642,2025-01-25,2024-25,CHI,PHI,0,0.68600696
0022400643,2025-01-25,2024-25,MEM,UTA,1,0.8039611
0022400644,2025-01-25,2024-25,GSW,LAL,0,0.40888345
0022400645,2025-01-25,2024-25,PHX,WAS,1,0.84456295
0022400646,2025-01-25,2024-25,LAC,MIL,1,0.5602492
0022400647,2025-01-26,2024-25,POR,OKC,0,0.12195518
0022400648,2025-01-27,2024-25,CHA,LAL,0,0.35984606
0022400649,2025-01-27,2024-25,CLE,DET,1,0.69449794
0022400650,2025-01-27,2024-25,BOS,HOU,0,0.56426424
0022400651,2025-01-27,2024-25,BKN,SAC,0,0.15344304
0022400652,2025-01-27,2024-25,MIA,ORL,1,0.4813144
0022400653,2025-01-27,2024-25,NYK,MEM,1,0.562204
0022400654,2025-01-27,2024-25,TOR,NOP,1,0.4788969
0022400655,2025-01-27,2024-25,CHI,DEN,1,0.23167185
0022400656,2025-01-27,2024-25,MIN,ATL,1,0.82501817
0022400657,2025-01-27,2024-25,DAL,WAS,1,0.8114308
0022400658,2025-01-27,2024-25,UTA,MIL,0,0.2060285
0022400659,2025-01-27,2024-25,PHX,LAC,1,0.4903443
0022400532,2025-01-28,2024-25,ATL,HOU,0,0.3160341
0022400660,2025-01-28,2024-25,PHI,LAL,1,0.36818707
0022400661,2025-01-28,2024-25,GSW,UTA,1,0.7641775
0022400662,2025-01-28,2024-25,POR,MIL,1,0.29009202
0022400663,2025-01-29,2024-25,CHA,BKN,0,0.5967989
0022400664,2025-01-29,2024-25,IND,DET,1,0.659728
0022400665,2025-01-29,2024-25,WAS,TOR,0,0.30549073
0022400666,2025-01-29,2024-25,BOS,CHI,1,0.7865435
0022400667,2025-01-29,2024-25,MIA,CLE,0,0.3769853
0022400668,2025-01-29,2024-25,NYK,DEN,1,0.5364889
0022400669,2025-01-29,2024-25,PHI,SAC,1,0.2900124
0022400670,2025-01-29,2024-25,NOP,DAL,0,0.52630293
0022400671,2025-01-29,2024-25,SAS,LAC,0,0.4494177
0022400672,2025-01-29,2024-25,PHX,MIN,0,0.52415
0022400673,2025-01-29,2024-25,GSW,OKC,1,0.15477745
0022400674,2025-01-30,2024-25,WAS,LAL,0,0.21589907
0022400675,2025-01-30,2024-25,CLE,ATL,1,0.76506424
0022400676,2025-01-30,2024-25,MEM,HOU,1,0.519512
0022400677,2025-01-30,2024-25,UTA,MIN,0,0.40253863
0022400678,2025-01-30,2024-25,POR,ORL,1,0.40862575
0022400679,2025-01-31,2024-25,CHA,LAC,0,0.17072998
0022400680,2025-01-31,2024-25,DET,DAL,1,0.51490253
0022400681,2025-01-31,2024-25,PHI,DEN,0,0.27854866
0022400682,2025-01-31,2024-25,TOR,CHI,0,0.5068574
0022400683,2025-01-31,2024-25,NOP,BOS,0,0.18641175
0022400684,2025-01-31,2024-25,SAS,MIL,1,0.4097108
0022400685,2025-01-31,2024-25,GSW,PHX,0,0.5154547
0022400686,2025-02-01,2024-25,IND,ATL,1,0.78967464
0022400687,2025-02-01,2024-25,UTA,ORL,1,0.42419094
0022400688,2025-02-01,2024-25,CHA,DEN,0,0.13783146
0022400689,2025-02-01,2024-25,HOU,BKN,0,0.8641669
0022400690,2025-02-01,2024-25,MIN,WAS,0,0.85657984
0022400691,2025-02-01,2024-25,OKC,SAC,1,0.7859316
0022400692,2025-02-01,2024-25,NYK,LAL,0,0.74963874
0022400693,2025-02-01,2024-25,SAS,MIA,0,0.4060952
0022400694,2025-02-01,2024-25,POR,PHX,1,0.46343017
0022400695,2025-02-02,2024-25,DET,CHI,1,0.6293376
0022400696,2025-02-02,2024-25,CLE,DAL,1,0.8609932
0022400697,2025-02-02,2024-25,TOR,LAC,1,0.24399395
0022400698,2025-02-02,2024-25,PHI,BOS,0,0.2867887
0022400699,2025-02-02,2024-25,MIL,MEM,0,0.6067695
0022400700,2025-02-03,2024-25,CHA,WAS,0,0.64708996
0022400701,2025-02-03,2024-25,DET,ATL,0,0.6334884
0022400702,2025-02-03,2024-25,NYK,HOU,1,0.7277514
0022400703,2025-02-03,2024-25,MEM,SAS,1,0.66697353
0022400704,2025-02-03,2024-25,MIN,SAC,0,0.5458623
0022400705,2025-02-03,2024-25,OKC,MIL,1,0.9221517
0022400706,2025-02-03,2024-25,DEN,NOP,1,0.8460188
0022400707,2025-02-03,2024-25,UTA,IND,0,0.29927728
0022400708,2025-02-03,2024-25,GSW,ORL,1,0.61698735
0022400709,2025-02-03,2024-25,POR,PHX,1,0.4679492
0022400710,2025-02-04,2024-25,CLE,BOS,0,0.58483464
0022400711,2025-02-04,2024-25,BKN,HOU,1,0.18108746
0022400712,2025-02-04,2024-25,PHI,DAL,1,0.6141567
0022400713,2025-02-04,2024-25,TOR,NYK,0,0.26348576
0022400714,2025-02-04,2024-25,CHI,MIA,1,0.48663938
0022400715,2025-02-04,2024-25,LAC,LAL,0,0.587183
0022400716,2025-02-04,2024-25,POR,IND,1,0.3106431
0022400717,2025-02-05,2024-25,CHA,MIL,0,0.25778413
0022400718,2025-02-05,2024-25,DET,CLE,0,0.44194064
0022400719,2025-02-05,2024-25,ATL,SAS,0,0.4288679
0022400720,2025-02-05,2024-25,BKN,WAS,0,0.6675279
0022400721,2025-02-05,2024-25,PHI,MIA,0,0.5897232
0022400722,2025-02-05,2024-25,TOR,MEM,0,0.23728408
0022400723,2025-02-05,2024-25,MIN,CHI,1,0.7594471
0022400724,2025-02-05,2024-25,OKC,PHX,1,0.8815478
0022400725,2025-02-05,2024-25,UTA,GSW,1,0.42547923
0022400726,2025-02-05,2024-25,DEN,NOP,1,0.83372396
0022400727,2025-02-05,2024-25,SAC,ORL,0,0.6990711
0022400728,2025-02-06,2024-25,BOS,DAL,0,0.7815405
0022400729,2025-02-06,2024-25,MIN,HOU,1,0.5167622
0022400730,2025-02-06,2024-25,DEN,ORL,1,0.7734403
0022400731,2025-02-06,2024-25,LAL,GSW,1,0.8396531
0022400732,2025-02-06,2024-25,POR,SAC,1,0.42326114
0022400733,2025-02-06,2024-25,LAC,IND,0,0.5293133
0022400734,2025-02-07,2024-25,CHA,SAS,1,0.29441777
0022400735,2025-02-07,2024-25,WAS,CLE,0,0.10484058
0022400736,2025-02-07,2024-25,ATL,MIL,1,0.4533843
0022400737,2025-02-07,2024-25,BKN,MIA,1,0.3116754
0022400738,2025-02-07,2024-25,DET,PHI,1,0.42924616
0022400739,2025-02-07,2024-25,OKC,TOR,1,0.9443921
0022400740,2025-02-07,2024-25,PHX,UTA,1,0.6344967
0022400741,2025-02-08,2024-25,DAL,HOU,1,0.5687274
0022400742,2025-02-08,2024-25,LAL,IND,1,0.41484413
0022400743,2025-02-08,2024-25,ORL,SAS,1,0.57706946
0022400744,2025-02-08,2024-25,WAS,ATL,0,0.28258914
0022400745,2025-02-08,2024-25,CHI,GSW,0,0.5148734
0022400746,2025-02-08,2024-25,MEM,OKC,0,0.37806842
0022400747,2025-02-08,2024-25,MIN,POR,1,0.64171404
0022400748,2025-02-08,2024-25,NYK,BOS,0,0.51460457
0022400749,2025-02-08,2024-25,PHX,DEN,0,0.1852329
0022400750,2025-02-08,2024-25,SAC,NOP,1,0.7403353
0022400751,2025-02-08,2024-25,LAC,UTA,1,0.87814057
0022400752,2025-02-09,2024-25,DET,CHA,1,0.8815578
0022400753,2025-02-09,2024-25,HOU,TOR,1,0.7439502
0022400754,2025-02-09,2024-25,MIL,PHI,1,0.41509053
0022400755,2025-02-10,2024-25,CLE,MIN,1,0.6783636
0022400756,2025-02-10,2024-25,ORL,ATL,0,0.6403173
0022400757,2025-02-10,2024-25,WAS,SAS,0,0.24947076
0022400758,2025-02-10,2024-25,BKN,CHA,1,0.6121675
0022400759,2025-02-10,2024-25,MIA,BOS,0,0.3134063
0022400760,2025-02-10,2024-25,MIL,GSW,0,0.43118295
0022400761,2025-02-10,2024-25,OKC,NOP,1,0.9017374
0022400762,2025-02-10,2024-25,DAL,SAC,0,0.41717583
0022400763,2025-02-10,2024-25,DEN,POR,1,0.7912237
0022400768,2025-02-10,2024-25,LAL,UTA,1,0.8550334
0022400764,2025-02-11,2024-25,PHI,TOR,0,0.8355462
0022400765,2025-02-11,2024-25,IND,NYK,0,0.5130298
0022400766,2025-02-11,2024-25,CHI,DET,0,0.4327853
0022400767,2025-02-11,2024-25,PHX,MEM,0,0.40643102
0022400769,2025-02-12,2024-25,BOS,SAS,1,0.65253025
0022400770,2025-02-12,2024-25,ORL,CHA,1,0.78821105
0022400771,2025-02-12,2024-25,WAS,IND,0,0.2108204
0022400772,2025-02-12,2024-25,BKN,PHI,1,0.5690961
0022400773,2025-02-12,2024-25,NYK,ATL,1,0.6924837
0022400774,2025-02-12,2024-25,TOR,CLE,0,0.21740153
0022400775,2025-02-12,2024-25,CHI,DET,0,0.35683644
0022400776,2025-02-12,2024-25,MIN,MIL,0,0.76354516
0022400777,2025-02-12,2024-25,NOP,SAC,0,0.3876391
0022400778,2025-02-12,2024-25,OKC,MIA,1,0.88639665
0022400779,2025-02-12,2024-25,HOU,PHX,1,0.79055864
0022400780,2025-02-12,2024-25,DEN,POR,1,0.84928
0022400781,2025-02-12,2024-25,UTA,LAL,1,0.21988831
0022400782,2025-02-12,2024-25,DAL,GSW,1,0.34080702
0022400783,2025-02-12,2024-25,LAC,MEM,1,0.5868226
0022400784,2025-02-13,2024-25,HOU,GSW,0,0.42178243
0022400785,2025-02-13,2024-25,NOP,SAC,1,0.26719645
0022400786,2025-02-13,2024-25,DAL,MIA,1,0.3625437
0022400787,2025-02-13,2024-25,MIN,OKC,1,0.2064649
0022401004,2025-02-13,2024-25,UTA,LAC,0,0.23423745
0022400524,2025-02-19,2024-25,LAL,CHA,0,0.8620698
0022400788,2025-02-20,2024-25,IND,MEM,1,0.5961713
0022400789,2025-02-20,2024-25,PHI,BOS,0,0.3486282
0022400790,2025-02-20,2024-25,ATL,ORL,0,0.49845323
0022400791,2025-02-20,2024-25,BKN,CLE,0,0.1772159
0022400792,2025-02-20,2024-25,NYK,CHI,1,0.75760674
0022400793,2025-02-20,2024-25,MIL,LAC,1,0.4463322
0022400794,2025-02-20,2024-25,DEN,CHA,1,0.93458533
0022400795,2025-02-20,2024-25,SAS,PHX,1,0.5215935
0022400796,2025-02-20,2024-25,POR,LAL,0,0.4813931
0022400797,2025-02-21,2024-25,CLE,NYK,1,0.72372997
0022400798,2025-02-21,2024-25,ORL,MEM,0,0.38143435
0022400799,2025-02-21,2024-25,WAS,MIL,0,0.42990574
0022400800,2025-02-21,2024-25,TOR,MIA,0,0.48619318
0022400801,2025-02-21,2024-25,HOU,MIN,1,0.57634026
0022400802,2025-02-21,2024-25,SAS,DET,0,0.32089424
0022400803,2025-02-21,2024-25,DAL,NOP,1,0.6772969
0022400804,2025-02-21,2024-25,UTA,OKC,0,0.11061531
0022400805,2025-02-21,2024-25,SAC,GSW,0,0.5578743
0022400806,2025-02-22,2024-25,CHI,PHX,0,0.37541187
0022400807,2025-02-22,2024-25,PHI,BKN,0,0.8345522
0022400808,2025-02-22,2024-25,DEN,LAL,0,0.61705095
0022400809,2025-02-22,2024-25,UTA,HOU,1,0.33878556
0022400810,2025-02-22,2024-25,POR,CHA,1,0.61177105
0022400811,2025-02-23,2024-25,BOS,NYK,1,0.63981634
0022400812,2025-02-23,2024-25,GSW,DAL,1,0.6645257
0022400813,2025-02-23,2024-25,IND,LAC,1,0.63855064
0022400814,2025-02-23,2024-25,ATL,DET,0,0.3382947
0022400815,2025-02-23,2024-25,ORL,WAS,1,0.8323555
0022400816,2025-02-23,2024-25,TOR,PHX,1,0.40411445
0022400817,2025-02-23,2024-25,MIL,MIA,1,0.6547557
0022400818,2025-02-23,2024-25,NOP,SAS,1,0.47926384
0022400819,2025-02-23,2024-25,CLE,MEM,1,0.7548029
0022400820,2025-02-23,2024-25,MIN,OKC,0,0.21917926
0022400821,2025-02-24,2024-25,DET,LAC,1,0.6768714
0022400822,2025-02-24,2024-25,IND,DEN,0,0.4366391
0022400823,2025-02-24,2024-25,PHI,CHI,0,0.6137153
0022400824,2025-02-24,2024-25,WAS,BKN,1,0.52399474
0022400825,2025-02-24,2024-25,ATL,MIA,1,0.56541884
0022400826,2025-02-24,2024-25,OKC,MIN,0,0.8820886
0022400827,2025-02-24,2024-25,UTA,POR,0,0.31124616
0022400828,2025-02-24,2024-25,SAC,CHA,1,0.80893624
0022400829,2025-02-25,2024-25,TOR,BOS,0,0.22371323
0022400830,2025-02-25,2024-25,ORL,CLE,0,0.29951552
0022400831,2025-02-25,2024-25,HOU,MIL,1,0.4747157
0022400832,2025-02-25,2024-25,MEM,PHX,1,0.58980495
0022400833,2025-02-25,2024-25,NOP,SAS,1,0.5191172
0022400834,2025-02-25,2024-25,GSW,CHA,1,0.9144769
0022400835,2025-02-25,2024-25,LAL,DAL,1,0.7198223
0022400836,2025-02-26,2024-25,DET,BOS,1,0.53620887
0022400837,2025-02-26,2024-25,IND,TOR,1,0.8486424
0022400838,2025-02-26,2024-25,NYK,PHI,1,0.782899
0022400839,2025-02-26,2024-25,WAS,POR,0,0.38392705
0022400840,2025-02-26,2024-25,BKN,OKC,0,0.074194334
0022400841,2025-02-26,2024-25,MIA,ATL,1,0.55107063
0022400842,2025-02-26,2024-25,CHI,LAC,0,0.33274767
0022400843,2025-02-26,2024-25,UTA,SAC,0,0.23483288
0022400844,2025-02-26,2024-25,HOU,SAS,1,0.60332596
0022400845,2025-02-27,2024-25,ORL,GSW,0,0.3322548
0022400846,2025-02-27,2024-25,MIL,DEN,1,0.36419758
0022400847,2025-02-27,2024-25,DAL,CHA,1,0.8147556
0022400848,2025-02-27,2024-25,PHX,NOP,0,0.65756977
0022400849,2025-02-27,2024-25,LAL,MIN,1,0.7513574
0022400850,2025-02-28,2024-25,DET,DEN,0,0.56925064
0022400851,2025-02-28,2024-25,ATL,OKC,0,0.18341525
0022400852,2025-02-28,2024-25,BOS,CLE,0,0.47506326
0022400853,2025-02-28,2024-25,BKN,POR,0,0.46615538
0022400854,2025-02-28,2024-25,MIA,IND,1,0.3553236
0022400855,2025-02-28,2024-25,CHI,TOR,1,0.60454696
0022400856,2025-02-28,2024-25,MEM,NYK,0,0.5527656
0022400857,2025-02-28,2024-25,PHX,NOP,1,0.763807
0022400858,2025-02-28,2024-25,UTA,MIN,1,0.38513118
0022400859,2025-02-28,2024-25,LAL,LAC,1,0.568949
0022400860,2025-03-01,2024-25,CHA,WAS,0,0.6108569
0022400861,2025-03-01,2024-25,DET,BKN,1,0.8614111
0022400862,2025-03-01,2024-25,HOU,SAC,0,0.5935692
0022400863,2025-03-01,2024-25,MEM,SAS,0,0.53598905
0022400864,2025-03-01,2024-25,PHI,GSW,1,0.3324294
0022400865,2025-03-01,2024-25,DAL,MIL,0,0.52443415
0022400866,2025-03-02,2024-25,BOS,DEN,1,0.52817017
0022400867,2025-03-02,2024-25,CLE,POR,1,0.8392862
0022400868,2025-03-02,2024-25,IND,CHI,1,0.8418485
0022400869,2025-03-02,2024-25,MIA,NYK,0,0.38724172
0022400870,2025-03-02,2024-25,ORL,TOR,0,0.70183426
0022400871,2025-03-02,2024-25,SAS,OKC,0,0.12766139
0022400872,2025-03-02,2024-25,UTA,NOP,0,0.26984784
0022400873,2025-03-02,2024-25,PHX,MIN,0,0.45012176
0022400874,2025-03-02,2024-25,LAL,LAC,1,0.7004273
0022400875,2025-03-03,2024-25,CHA,GSW,0,0.17370178
0022400876,2025-03-03,2024-25,PHI,POR,0,0.526532
0022400877,2025-03-03,2024-25,MIA,WAS,1,0.7179838
0022400878,2025-03-03,2024-25,MEM,ATL,0,0.59963
0022400879,2025-03-03,2024-25,OKC,HOU,1,0.9422245
0022400880,2025-03-03,2024-25,DAL,SAC,0,0.50554633
0022400881,2025-03-03,2024-25,UTA,DET,0,0.2170475
0022400882,2025-03-04,2024-25,IND,HOU,1,0.7660339
0022400883,2025-03-04,2024-25,ORL,TOR,0,0.62622243
0022400884,2025-03-04,2024-25,ATL,MIL,0,0.38230914
0022400885,2025-03-04,2024-25,NYK,GSW,0,0.5141294
0022400886,2025-03-04,2024-25,CHI,CLE,0,0.1472183
0022400887,2025-03-04,2024-25,MIN,PHI,1,0.9023947
0022400888,2025-03-04,2024-25,SAS,BKN,1,0.595531
0022400889,2025-03-04,2024-25,PHX,LAC,1,0.5583205
0022400890,2025-03-04,2024-25,LAL,NOP,1,0.7873413
0022400891,2025-03-05,2024-25,BOS,POR,1,0.77664816
0022400892,2025-03-05,2024-25,CHA,MIN,0,0.22713248
0022400893,2025-03-05,2024-25,CLE,MIA,1,0.8145081
0022400894,2025-03-05,2024-25,WAS,UTA,1,0.6433224
0022400895,2025-03-05,2024-25,MEM,OKC,0,0.20632312
0022400896,2025-03-05,2024-25,DEN,SAC,1,0.76202506
0022400897,2025-03-05,2024-25,MIL,DAL,1,0.73302585
0022400898,2025-03-05,2024-25,LAC,DET,1,0.3229583
0022400899,2025-03-06,2024-25,ATL,IND,1,0.4229983
0022400900,2025-03-06,2024-25,BOS,PHI,1,0.8226585
0022400901,2025-03-06,2024-25,BKN,GSW,0,0.19484764
0022400902,2025-03-06,2024-25,NOP,HOU,0,0.5807506
0022400903,2025-03-06,2024-25,LAL,NYK,1,0.6867909
0022400944,2025-03-06,2024-25,ORL,CHI,0,0.7052678
0022400904,2025-03-07,2024-25,CHA,CLE,0,0.101298325
0022400905,2025-03-07,2024-25,TOR,UTA,1,0.5703328
0022400906,2025-03-07,2024-25,DAL,MEM,0,0.30360657
0022400907,2025-03-07,2024-25,MIA,MIN,0,0.43385836
0022400908,2025-03-07,2024-25,OKC,POR,1,0.7855852
0022400909,2025-03-07,2024-25,DEN,PHX,1,0.74690235
0022400910,2025-03-07,2024-25,SAC,SAS,1,0.62739056
0022400911,2025-03-07,2024-25,LAC,NYK,1,0.6057754
0022400912,2025-03-08,2024-25,CHA,BKN,1,0.31469834
0022400913,2025-03-08,2024-25,HOU,NOP,1,0.6405485
0022400914,2025-03-08,2024-25,ATL,IND,1,0.52326465
0022400915,2025-03-08,2024-25,TOR,WAS,0,0.64374346
0022400916,2025-03-08,2024-25,MIA,CHI,0,0.71605366
0022400917,2025-03-08,2024-25,MIL,ORL,0,0.7716075
0022400918,2025-03-08,2024-25,BOS,LAL,1,0.63687974
0022400919,2025-03-08,2024-25,GSW,DET,1,0.6087387
0022400920,2025-03-09,2024-25,OKC,DEN,1,0.79122746
0022400921,2025-03-09,2024-25,DAL,PHX,0,0.34577245
0022400922,2025-03-09,2024-25,MIL,CLE,0,0.3274004
0022400923,2025-03-09,2024-25,NOP,MEM,0,0.248709
0022400924,2025-03-09,2024-25,PHI,UTA,1,0.64931566
0022400925,2025-03-09,2024-25,MIN,SAS,1,0.81618005
0022400926,2025-03-09,2024-25,POR,DET,0,0.3809028
0022400927,2025-03-09,2024-25,LAC,SAC,1,0.65907085
0022400928,2025-03-10,2024-25,ATL,PHI,1,0.86220765
0022400929,2025-03-10,2024-25,BOS,UTA,1,0.8995004
0022400930,2025-03-10,2024-25,BKN,LAL,1,0.262925
0022400931,2025-03-10,2024-25,MIA,CHA,0,0.7787613
0022400932,2025-03-10,2024-25,TOR,WAS,1,0.7188151
0022400933,2025-03-10,2024-25,CHI,IND,1,0.4099066
0022400934,2025-03-10,2024-25,HOU,ORL,1,0.5684674
0022400935,2025-03-10,2024-25,MEM,PHX,1,0.45571476
0022400936,2025-03-10,2024-25,OKC,DEN,0,0.75078326
0022400937,2025-03-10,2024-25,SAS,DAL,0,0.6805293
0022400938,2025-03-10,2024-25,GSW,POR,1,0.84119725
0022400939,2025-03-10,2024-25,SAC,NYK,0,0.46548373
0022400940,2025-03-11,2024-25,CLE,BKN,1,0.8900091
0022400941,2025-03-11,2024-25,DET,WAS,1,0.86963457
0022400942,2025-03-11,2024-25,IND,MIL,1,0.5331969
0022400943,2025-03-11,2024-25,NOP,LAC,1,0.37116313
0022400945,2025-03-12,2024-25,ATL,CHA,1,0.7257724
0022400946,2025-03-12,2024-25,BOS,OKC,0,0.44097453
0022400947,2025-03-12,2024-25,TOR,PHI,1,0.46527877
0022400948,2025-03-12,2024-25,MIA,LAC,0,0.57925737
0022400949,2025-03-12,2024-25,HOU,PHX,1,0.5973248
0022400950,2025-03-12,2024-25,MEM,UTA,1,0.7532238
0022400951,2025-03-12,2024-25,SAS,DAL,1,0.68465704
0022400952,2025-03-12,2024-25,DEN,MIN,0,0.53962463
0022400953,2025-03-12,2024-25,POR,NYK,0,0.45966446
0022400954,2025-03-13,2024-25,DET,WAS,0,0.85427207
0022400955,2025-03-13,2024-25,MIL,LAL,1,0.5343904
0022400956,2025-03-13,2024-25,CHI,BKN,1,0.56972605
0022400957,2025-03-13,2024-25,GSW,SAC,1,0.7043147
0022401141,2025-03-13,2024-25,NOP,ORL,0,0.5427482
0022400958,2025-03-14,2024-25,MIA,BOS,0,0.32424143
0022400959,2025-03-14,2024-25,PHI,IND,0,0.13587883
0022400960,2025-03-14,2024-25,ATL,LAC,0,0.4783523
0022400961,2025-03-14,2024-25,HOU,DAL,1,0.77817315
0022400962,2025-03-14,2024-25,MEM,CLE,0,0.42096135
0022400963,2025-03-14,2024-25,MIN,ORL,1,0.871515
0022400964,2025-03-14,2024-25,SAS,CHA,0,0.6414444
0022400965,2025-03-14,2024-25,DEN,LAL,1,0.9189989
0022400966,2025-03-14,2024-25,UTA,TOR,0,0.50870115
0022400967,2025-03-14,2024-25,PHX,SAC,1,0.55737233
0022400968,2025-03-15,2024-25,BKN,BOS,0,0.27952707
0022400969,2025-03-15,2024-25,DET,OKC,0,0.40454915
0022400970,2025-03-15,2024-25,HOU,CHI,1,0.7090617
0022400971,2025-03-15,2024-25,MEM,MIA,1,0.6160711
0022400972,2025-03-15,2024-25,MIL,IND,1,0.5999777
0022400973,2025-03-15,2024-25,SAS,NOP,1,0.5713515
0022400974,2025-03-15,2024-25,GSW,NYK,1,0.7183242
0022400975,2025-03-15,2024-25,DEN,WAS,0,0.86769265
0022400538,2025-03-16,2024-25,LAC,CHA,1,0.8582624
0022400976,2025-03-16,2024-25,DAL,PHI,0,0.7243205
0022400977,2025-03-16,2024-25,LAL,PHX,1,0.72522426
0022400978,2025-03-16,2024-25,BKN,ATL,1,0.259052
0022400979,2025-03-16,2024-25,CLE,ORL,0,0.8395327
0022400980,2025-03-16,2024-25,POR,TOR,1,0.649338
0022400981,2025-03-16,2024-25,MIN,UTA,1,0.8512929
0022400982,2025-03-16,2024-25,MIL,OKC,0,0.29146898
0022400537,2025-03-17,2024-25,LAL,SAS,1,0.78015846
0022400984,2025-03-17,2024-25,NYK,MIA,1,0.61914986
0022400985,2025-03-17,2024-25,HOU,PHI,1,0.88969374
0022400986,2025-03-17,2024-25,MIN,IND,0,0.8178977
0022400987,2025-03-17,2024-25,NOP,DET,0,0.2841386
0022400989,2025-03-17,2024-25,UTA,CHI,0,0.44504157
0022400990,2025-03-17,2024-25,GSW,DEN,0,0.83356184
0022400991,2025-03-17,2024-25,PHX,TOR,1,0.75784045
0022400992,2025-03-17,2024-25,SAC,MEM,1,0.5809308
0022400995,2025-03-17,2024-25,POR,WAS,1,0.58378243
0022400993,2025-03-18,2024-25,CHA,ATL,0,0.28921935
0022400994,2025-03-18,2024-25,BOS,BKN,1,0.8426092
0022400997,2025-03-18,2024-25,LAC,CLE,1,0.47260332
0022401012,2025-03-18,2024-25,GSW,MIL,1,0.62109846
0022400627,2025-03-19,2024-25,UTA,WAS,1,0.67497003
0022400998,2025-03-19,2024-25,IND,DAL,1,0.7520269
0022400999,2025-03-19,2024-25,ORL,HOU,0,0.46194047
0022401000,2025-03-19,2024-25,MIA,DET,0,0.3535282
0022401001,2025-03-19,2024-25,MIN,NOP,0,0.8685708
0022401002,2025-03-19,2024-25,OKC,PHI,1,0.8755596
0022401003,2025-03-19,2024-25,SAS,NYK,1,0.34105748
0022401006,2025-03-19,2024-25,LAL,DEN,1,0.68303406
0022401007,2025-03-19,2024-25,PHX,CHI,1,0.5866107
0022401008,2025-03-19,2024-25,POR,MEM,1,0.36037463
0022401009,2025-03-19,2024-25,SAC,CLE,1,0.3215827
0022400996,2025-03-20,2024-25,LAL,MIL,0,0.23614949
0022401005,2025-03-20,2024-25,GSW,TOR,1,0.9234416
0022401010,2025-03-20,2024-25,CHA,NYK,1,0.33733287
0022401011,2025-03-20,2024-25,IND,BKN,1,0.71054006
0022401013,2025-03-20,2024-25,SAC,CHI,0,0.66052556
0022401014,2025-03-21,2024-25,WAS,ORL,0,0.39309022
0022401015,2025-03-21,2024-25,MIA,HOU,0,0.37800103
0022401016,2025-03-21,2024-25,MIN,NOP,1,0.9193101
0022401017,2025-03-21,2024-25,OKC,CHA,1,0.96307695
0022401018,2025-03-21,2024-25,SAS,PHI,1,0.75935346
0022401019,2025-03-21,2024-25,DAL,DET,1,0.17824951
0022401020,2025-03-21,2024-25,UTA,BOS,0,0.17346737
0022401021,2025-03-21,2024-25,PHX,CLE,1,0.35900256
0022401022,2025-03-21,2024-25,POR,DEN,1,0.292567
0022401023,2025-03-21,2024-25,LAC,MEM,1,0.7147334
0022401024,2025-03-22,2024-25,IND,BKN,1,0.85072243
0022401025,2025-03-22,2024-25,ATL,GSW,1,0.3598884
0022401026,2025-03-22,2024-25,NYK,WAS,1,0.8235005
0022401027,2025-03-22,2024-25,SAC,MIL,0,0.5104039
0022401028,2025-03-22,2024-25,LAL,CHI,0,0.78455776
0022401029,2025-03-23,2024-25,DET,NOP,1,0.8753522
0022401030,2025-03-23,2024-25,UTA,CLE,0,0.13709737
0022401031,2025-03-23,2024-25,ATL,PHI,1,0.8267275
0022401032,2025-03-23,2024-25,MIA,CHA,1,0.75566834
0022401033,2025-03-23,2024-25,TOR,SAS,0,0.47817883
0022401034,2025-03-23,2024-25,POR,BOS,0,0.2640943
0022401035,2025-03-23,2024-25,HOU,DEN,0,0.6423671
0022401036,2025-03-23,2024-25,LAC,OKC,0,0.41615987
0022401037,2025-03-24,2024-25,IND,MIN,1,0.46164548
0022401038,2025-03-24,2024-25,ORL,LAL,1,0.3185206
0022401039,2025-03-24,2024-25,WAS,TOR,0,0.6571223
0022401040,2025-03-24,2024-25,BKN,DAL,0,0.46945515
0022401041,2025-03-24,2024-25,NOP,PHI,1,0.52601516
0022401042,2025-03-24,2024-25,DEN,CHI,0,0.4796637
0022401043,2025-03-24,2024-25,PHX,MIL,1,0.45347267
0022401044,2025-03-24,2024-25,SAC,BOS,0,0.40007615
0022401045,2025-03-25,2024-25,CHA,ORL,0,0.41199335
0022401046,2025-03-25,2024-25,DET,SAS,1,0.7408252
0022401047,2025-03-25,2024-25,MIA,GSW,1,0.32669142
0022401048,2025-03-25,2024-25,NYK,DAL,1,0.8251627
0022401049,2025-03-25,2024-25,HOU,ATL,1,0.65069026
0022401050,2025-03-25,2024-25,UTA,MEM,0,0.28760567
0022401051,2025-03-25,2024-25,POR,CLE,0,0.30482152
0022401052,2025-03-25,2024-25,SAC,OKC,0,0.20745453
0022401053,2025-03-26,2024-25,PHI,WAS,0,0.5866455
0022401054,2025-03-26,2024-25,BKN,TOR,0,0.5851881
0022401055,2025-03-26,2024-25,IND,LAL,0,0.48679876
0022401056,2025-03-26,2024-25,NYK,LAC,0,0.32191035
0022401057,2025-03-26,2024-25,DEN,MIL,1,0.7460822
0022401058,2025-03-26,2024-25,PHX,BOS,0,0.38504064
0022401059,2025-03-27,2024-25,CLE,SAS,1,0.854472
0022401060,2025-03-27,2024-25,ORL,DAL,0,0.6803348
0022401061,2025-03-27,2024-25,WAS,IND,0,0.17435189
0022401062,2025-03-27,2024-25,MIA,ATL,1,0.497286
0022401063,2025-03-27,2024-25,CHI,LAL,1,0.5318929
0022401064,2025-03-27,2024-25,OKC,MEM,1,0.8643791
0022401065,2025-03-27,2024-25,UTA,HOU,0,0.19215047
0022401066,2025-03-27,2024-25,SAC,POR,1,0.6393563
0022401067,2025-03-28,2024-25,DET,CLE,1,0.40735105
0022401068,2025-03-28,2024-25,BKN,LAC,0,0.23354827
0022401069,2025-03-28,2024-25,TOR,CHA,1,0.7019765
0022401070,2025-03-28,2024-25,MIL,NYK,0,0.62455636
0022401071,2025-03-28,2024-25,MIN,PHX,1,0.7785756
0022401072,2025-03-28,2024-25,NOP,GSW,0,0.091173075
0022401073,2025-03-28,2024-25,DEN,UTA,1,0.9244586
0022401074,2025-03-29,2024-25,ORL,SAC,1,0.5604054
0022401075,2025-03-29,2024-25,WAS,BKN,0,0.4904063
0022401076,2025-03-29,2024-25,PHI,MIA,0,0.20561032
0022401077,2025-03-29,2024-25,CHI,DAL,0,0.726089
0022401078,2025-03-29,2024-25,MEM,LAL,0,0.4542267
0022401079,2025-03-29,2024-25,OKC,IND,1,0.7882309
0022401080,2025-03-29,2024-25,SAS,BOS,0,0.21241203
0022401081,2025-03-30,2024-25,CLE,LAC,1,0.60943854
0022401082,2025-03-30,2024-25,NYK,POR,1,0.64845043
0022401083,2025-03-30,2024-25,MIL,ATL,0,0.516889
0022401084,2025-03-30,2024-25,MIN,DET,1,0.75804394
0022401085,2025-03-30,2024-25,NOP,CHA,1,0.5405868
0022401086,2025-03-30,2024-25,SAS,GSW,0,0.18564081
0022401087,2025-03-30,2024-25,PHI,TOR,0,0.1930974
0022401088,2025-03-30,2024-25,PHX,HOU,0,0.4199043
0022401089,2025-03-31,2024-25,CHA,UTA,1,0.65235406
0022401090,2025-03-31,2024-25,IND,SAC,1,0.62586236
0022401091,2025-03-31,2024-25,ORL,LAC,0,0.35111266
0022401092,2025-03-31,2024-25,WAS,MIA,0,0.2848727
0022401093,2025-03-31,2024-25,MEM,BOS,0,0.3971848
0022401094,2025-03-31,2024-25,OKC,CHI,1,0.8668285
0022401095,2025-03-31,2024-25,DAL,BKN,0,0.8236247
0022401096,2025-03-31,2024-25,LAL,HOU,1,0.6350929
0022400988,2025-04-01,2024-25,SAS,ORL,0,0.4566695
0022401097,2025-04-01,2024-25,ATL,POR,0,0.6898824
0022401098,2025-04-01,2024-25,NYK,PHI,1,0.874511
0022401099,2025-04-01,2024-25,CHI,TOR,1,0.74487036
0022401100,2025-04-01,2024-25,MEM,GSW,0,0.3283234
0022401101,2025-04-01,2024-25,MIL,PHX,1,0.74009776
0022401102,2025-04-01,2024-25,DEN,MIN,0,0.5774157
0022401103,2025-04-02,2024-25,CLE,NYK,1,0.7704949
0022401104,2025-04-02,2024-25,IND,CHA,1,0.8741078
0022401105,2025-04-02,2024-25,WAS,SAC,1,0.16671509
0022401106,2025-04-02,2024-25,BOS,MIA,0,0.74140567
0022401107,2025-04-02,2024-25,HOU,UTA,1,0.8680056
0022401108,2025-04-02,2024-25,OKC,DET,1,0.8290717
0022401109,2025-04-02,2024-25,DAL,ATL,1,0.5035068
0022401110,2025-04-02,2024-25,DEN,SAS,0,0.39414808
0022401111,2025-04-02,2024-25,LAC,NOP,1,0.94744736
0022401112,2025-04-03,2024-25,WAS,ORL,0,0.10705571
0022401113,2025-04-03,2024-25,BKN,MIN,0,0.11900288
0022401114,2025-04-03,2024-25,MIA,MEM,0,0.4853012
0022401115,2025-04-03,2024-25,PHI,MIL,0,0.190728
0022401116,2025-04-03,2024-25,TOR,POR,0,0.45342135
0022401117,2025-04-03,2024-25,LAL,GSW,0,0.557118
0022401118,2025-04-04,2024-25,CHA,SAC,0,0.3104249
0022401119,2025-04-04,2024-25,IND,UTA,1,0.8885728
0022401120,2025-04-04,2024-25,BOS,PHX,1,0.8769808
0022401121,2025-04-04,2024-25,TOR,DET,0,0.37644726
0022401122,2025-04-04,2024-25,CHI,POR,1,0.7704529
0022401123,2025-04-04,2024-25,HOU,OKC,1,0.30760708
0022401124,2025-04-04,2024-25,SAS,CLE,0,0.19418187
0022401125,2025-04-04,2024-25,GSW,DEN,1,0.6360409
0022401126,2025-04-04,2024-25,LAL,NOP,1,0.9123844
0022401127,2025-04-04,2024-25,LAC,DAL,1,0.8387184
0022401128,2025-04-05,2024-25,ATL,NYK,0,0.5328947
0022401129,2025-04-05,2024-25,DET,MEM,0,0.5086106
0022401130,2025-04-05,2024-25,PHI,MIN,0,0.09279119
0022401131,2025-04-05,2024-25,MIA,MIL,0,0.5321646
0022401132,2025-04-05,2024-25,LAC,DAL,1,0.8198414
0022400617,2025-04-06,2024-25,NOP,MIL,0,0.1959693
0022401133,2025-04-06,2024-25,CHA,CHI,0,0.1934716
0022401134,2025-04-06,2024-25,BKN,TOR,0,0.3425695
0022401135,2025-04-06,2024-25,OKC,LAL,0,0.76089627
0022401136,2025-04-06,2024-25,ATL,UTA,1,0.8638847
0022401137,2025-04-06,2024-25,BOS,WAS,1,0.9558926
0022401138,2025-04-06,2024-25,CLE,SAC,0,0.80236477
0022401139,2025-04-06,2024-25,POR,SAS,1,0.5795432
0022401140,2025-04-06,2024-25,NYK,PHX,1,0.7500942
0022401142,2025-04-06,2024-25,DEN,IND,0,0.6208109
0022401143,2025-04-06,2024-25,GSW,HOU,0,0.67833865
0022401144,2025-04-07,2024-25,DET,SAC,0,0.70422995
0022401145,2025-04-07,2024-25,MIA,PHI,1,0.8728284
0022401146,2025-04-08,2024-25,CHA,MEM,0,0.20880029
0022401147,2025-04-08,2024-25,CLE,CHI,1,0.82627517
0022401148,2025-04-08,2024-25,IND,WAS,1,0.92496127
0022401149,2025-04-08,2024-25,ORL,ATL,1,0.62719977
0022401150,2025-04-08,2024-25,BKN,NOP,1,0.5295792
0022401151,2025-04-08,2024-25,NYK,BOS,0,0.44942686
0022401152,2025-04-08,2024-25,MIL,MIN,1,0.4669067
0022401153,2025-04-08,2024-25,OKC,LAL,1,0.75582796
0022401154,2025-04-08,2024-25,PHX,GSW,0,0.21840101
0022401155,2025-04-08,2024-25,LAC,SAS,1,0.85136455
0022401156,2025-04-09,2024-25,ORL,BOS,1,0.62263894
0022401157,2025-04-09,2024-25,WAS,PHI,0,0.45881307
0022401158,2025-04-09,2024-25,TOR,CHA,1,0.87415344
0022401159,2025-04-09,2024-25,DAL,LAL,0,0.40636063
0022401160,2025-04-09,2024-25,CHI,MIA,1,0.53653014
0022401162,2025-04-09,2024-25,UTA,POR,1,0.29148415
0022401163,2025-04-09,2024-25,GSW,SAS,0,0.88815385
0022401164,2025-04-09,2024-25,PHX,OKC,0,0.2298679
0022401165,2025-04-09,2024-25,SAC,DEN,0,0.40606457
0022401166,2025-04-09,2024-25,LAC,HOU,1,0.88505286
0022401161,2025-04-10,2024-25,MIL,NOP,1,0.9421348
0022401167,2025-04-10,2024-25,DET,NYK,1,0.68864363
0022401168,2025-04-10,2024-25,IND,CLE,1,0.56136066
0022401169,2025-04-10,2024-25,BKN,ATL,0,0.20863497
0022401170,2025-04-10,2024-25,MEM,MIN,0,0.39639834
0022401171,2025-04-11,2024-25,DET,MIL,0,0.5297338
0022401172,2025-04-11,2024-25,IND,ORL,0,0.4393765
0022401173,2025-04-11,2024-25,PHI,ATL,0,0.16576643
0022401174,2025-04-11,2024-25,BOS,CHA,1,0.94538456
0022401175,2025-04-11,2024-25,NYK,CLE,0,0.5743596
0022401176,2025-04-11,2024-25,CHI,WAS,1,0.8950541
0022401177,2025-04-11,2024-25,NOP,MIA,0,0.09422656
0022401178,2025-04-11,2024-25,DAL,TOR,1,0.72555417
0022401179,2025-04-11,2024-25,MIN,BKN,1,0.95292205
0022401180,2025-04-11,2024-25,DEN,MEM,1,0.6909915
0022401181,2025-04-11,2024-25,UTA,OKC,0,0.18129693
0022401182,2025-04-11,2024-25,PHX,SAS,1,0.6414403
0022401183,2025-04-11,2024-25,POR,GSW,0,0.1643395
0022401184,2025-04-11,2024-25,SAC,LAC,0,0.25785527
0022401185,2025-04-11,2024-25,LAL,HOU,1,0.91011846
0022401186,2025-04-13,2024-25,ATL,ORL,1,0.38864335
0022401187,2025-04-13,2024-25,BOS,CHA,1,0.8690941
0022401188,2025-04-13,2024-25,BKN,NYK,0,0.35821503
0022401189,2025-04-13,2024-25,CLE,IND,0,0.28763837
0022401190,2025-04-13,2024-25,MIA,WAS,0,0.88933074
0022401191,2025-04-13,2024-25,PHI,CHI,0,0.17635085
0022401192,2025-04-13,2024-25,MIL,DET,1,0.20956142
0022401193,2025-04-13,2024-25,HOU,DEN,0,0.481837
0022401194,2025-04-13,2024-25,MEM,DAL,1,0.32852206
0022401195,2025-04-13,2024-25,MIN,UTA,1,0.9343693
0022401196,2025-04-13,2024-25,NOP,OKC,0,0.07297914
0022401197,2025-04-13,2024-25,SAS,TOR,1,0.7190836
0022401198,2025-04-13,2024-25,GSW,LAC,0,0.5573706
0022401199,2025-04-13,2024-25,POR,LAL,1,0.86449385
0022401200,2025-04-13,2024-25,SAC,PHX,1,0.7154319
0022500001,2025-10-21,2025-26,OKC,HOU,1,0.64805615
0022500002,2025-10-21,2025-26,LAL,GSW,0,0.5020836
0022500003,2025-10-22,2025-26,NYK,CLE,1,0.432872
0022500004,2025-10-22,2025-26,DAL,SAS,0,0.48387098
0022500080,2025-10-22,2025-26,CHA,BKN,1,0.5331195
0022500081,2025-10-22,2025-26,ORL,MIA,1,0.5913219
0022500082,2025-10-22,2025-26,ATL,TOR,0,0.83151215
0022500083,2025-10-22,2025-26,BOS,PHI,0,0.66932476
0022500084,2025-10-22,2025-26,CHI,DET,1,0.55289745
0022500085,2025-10-22,2025-26,MEM,NOP,1,0.6803308
0022500086,2025-10-22,2025-26,MIL,WAS,1,0.9029819
0022500087,2025-10-22,2025-26,UTA,LAC,1,0.0833062
0022500088,2025-10-22,2025-26,PHX,SAC,1,0.46846113
0022500089,2025-10-22,2025-26,POR,MIN,0,0.43410173
0022500005,2025-10-23,2025-26,IND,OKC,0,0.28048024
0022500006,2025-10-23,2025-26,GSW,DEN,1,0.5836181
0022500018,2025-10-24,2025-26,NYK,BOS,1,0.70195687
0022500019,2025-10-24,2025-26,LAL,MIN,1,0.58846563
0022500090,2025-10-24,2025-26,ORL,ATL,0,0.4761065
0022500091,2025-10-24,2025-26,BKN,CLE,0,0.2140082
0022500092,2025-10-24,2025-26,TOR,MIL,0,0.4434913
0022500093,2025-10-24,2025-26,HOU,DET,0,0.7241704
0022500094,2025-10-24,2025-26,MEM,MIA,0,0.5132711
0022500095,2025-10-24,2025-26,NOP,SAS,0,0.47011986
0022500096,2025-10-24,2025-26,DAL,WAS,0,0.7214411
0022500097,2025-10-24,2025-26,POR,GSW,1,0.41925055
0022500098,2025-10-24,2025-26,SAC,UTA,1,0.76538295
0022500099,2025-10-24,2025-26,LAC,PHX,1,0.893802
0022500100,2025-10-25,2025-26,ORL,CHI,0,0.46225172
0022500101,2025-10-25,2025-26,ATL,OKC,0,0.28941387
0022500102,2025-10-25,2025-26,PHI,CHA,1,0.7425584
0022500103,2025-10-25,2025-26,MEM,IND,1,0.6450448
0022500104,2025-10-25,2025-26,DEN,PHX,1,0.88572776
0022500105,2025-10-26,2025-26,SAS,BKN,1,0.7519583
0022500106,2025-10-26,2025-26,DET,BOS,1,0.6037839
0022500107,2025-10-26,2025-26,CLE,MIL,1,0.6592534
0022500108,2025-10-26,2025-26,MIA,NYK,1,0.4393916
0022500109,2025-10-26,2025-26,WAS,CHA,0,0.58441585
0022500110,2025-10-26,2025-26,MIN,IND,1,0.8567594
0022500111,2025-10-26,2025-26,DAL,TOR,1,0.45243695
0022500112,2025-10-26,2025-26,LAC,POR,1,0.757025
0022500113,2025-10-26,2025-26,SAC,LAL,0,0.51796204
0022500007,2025-10-27,2025-26,DET,CLE,0,0.3600593
0022500008,2025-10-27,2025-26,MIN,DEN,0,0.316788
0022500114,2025-10-27,2025-26,PHI,ORL,1,0.39750203
0022500115,2025-10-27,2025-26,CHI,ATL,1,0.54866654
0022500116,2025-10-27,2025-26,HOU,BKN,1,0.91146666
0022500117,2025-10-27,2025-26,NOP,BOS,0,0.3173686
0022500118,2025-10-27,2025-26,SAS,TOR,1,0.5826115
0022500119,2025-10-27,2025-26,DAL,OKC,0,0.13957453
0022500120,2025-10-27,2025-26,UTA,PHX,1,0.5418029
0022500121,2025-10-27,2025-26,GSW,MEM,1,0.7716152
0022500122,2025-10-27,2025-26,LAL,POR,0,0.4005637
0022500123,2025-10-28,2025-26,WAS,PHI,0,0.40312225
0022500124,2025-10-28,2025-26,MIA,CHA,1,0.70563704
0022500125,2025-10-28,2025-26,MIL,NYK,1,0.51515955
0022500126,2025-10-28,2025-26,OKC,SAC,1,0.78389955
0022500127,2025-10-28,2025-26,GSW,LAC,1,0.41185376
0022500128,2025-10-29,2025-26,BOS,CLE,1,0.42675912
0022500129,2025-10-29,2025-26,DET,ORL,1,0.61114275
0022500130,2025-10-29,2025-26,BKN,ATL,0,0.20676377
0022500131,2025-10-29,2025-26,TOR,HOU,0,0.2667291
0022500132,2025-10-29,2025-26,CHI,SAC,1,0.6825876
0022500133,2025-10-29,2025-26,DAL,IND,1,0.61621475
0022500134,2025-10-29,2025-26,DEN,NOP,1,0.85825145
0022500135,2025-10-29,2025-26,UTA,POR,0,0.22677538
0022500136,2025-10-29,2025-26,MIN,LAL,0,0.6898698
0022500137,2025-10-29,2025-26,PHX,MEM,0,0.2974994
0022500138,2025-10-30,2025-26,CHA,ORL,0,0.5094913
0022500139,2025-10-30,2025-26,MIL,GSW,1,0.27708495
0022500140,2025-10-30,2025-26,OKC,WAS,1,0.93979436
0022500141,2025-10-30,2025-26,SAS,MIA,1,0.5469501
0022500020,2025-10-31,2025-26,IND,ATL,0,0.35903558
0022500021,2025-10-31,2025-26,PHI,BOS,0,0.47164467
0022500022,2025-10-31,2025-26,CLE,TOR,0,0.6444119
0022500023,2025-10-31,2025-26,CHI,NYK,1,0.5486561
0022500024,2025-10-31,2025-26,MEM,LAL,0,0.40486255
0022500025,2025-10-31,2025-26,PHX,UTA,1,0.4684839
0022500026,2025-10-31,2025-26,POR,DEN,1,0.35479343
0022500027,2025-10-31,2025-26,LAC,NOP,1,0.88710153
0022500142,2025-11-01,2025-26,MIL,SAC,0,0.7668691
0022500143,2025-11-01,2025-26,CHA,MIN,0,0.39541572
0022500144,2025-11-01,2025-26,IND,GSW,1,0.08731863
0022500145,2025-11-01,2025-26,WAS,ORL,0,0.26437208
0022500146,2025-11-01,2025-26,BOS,HOU,0,0.43011507
0022500148,2025-11-02,2025-26,OKC,NOP,1,0.8980602
0022500149,2025-11-02,2025-26,BKN,PHI,0,0.37521362
0022500150,2025-11-02,2025-26,CHA,UTA,1,0.38918898
0022500151,2025-11-02,2025-26,CLE,ATL,1,0.5259342
0022500152,2025-11-02,2025-26,TOR,MEM,1,0.5887726
0022500153,2025-11-02,2025-26,NYK,CHI,1,0.535361
0022500154,2025-11-02,2025-26,PHX,SAS,1,0.32980943
0022500155,2025-11-02,2025-26,LAL,MIA,1,0.69537085
0022500156,2025-11-03,2025-26,BKN,MIN,0,0.18910371
0022500157,2025-11-03,2025-26,IND,MIL,0,0.20658377
0022500158,2025-11-03,2025-26,BOS,UTA,0,0.8736954
0022500159,2025-11-03,2025-26,NYK,WAS,1,0.8628696
0022500160,2025-11-03,2025-26,HOU,DAL,1,0.8832747
0022500161,2025-11-03,2025-26,MEM,DET,0,0.40447822
0022500162,2025-11-03,2025-26,DEN,SAC,1,0.8329468
0022500163,2025-11-03,2025-26,POR,LAL,0,0.86023206
0022500164,2025-11-03,2025-26,LAC,MIA,0,0.7638088
0022500165,2025-11-04,2025-26,TOR,MIL,1,0.39935613
0022500166,2025-11-04,2025-26,ATL,ORL,1,0.5708714
0022500167,2025-11-04,2025-26,CHI,PHI,1,0.6954569
0022500168,2025-11-04,2025-26,NOP,CHA,1,0.6092325
0022500169,2025-11-04,2025-26,GSW,PHX,1,0.8729743
0022500170,2025-11-04,2025-26,LAC,OKC,0,0.35564065
0022500171,2025-11-05,2025-26,CLE,PHI,1,0.72514164
0022500172,2025-11-05,2025-26,DET,UTA,1,0.81331235
0022500173,2025-11-05,2025-26,IND,BKN,0,0.6010032
0022500174,2025-11-05,2025-26,BOS,WAS,1,0.87440413
0022500175,2025-11-05,2025-26,NYK,MIN,1,0.5886232
0022500176,2025-11-05,2025-26,MEM,HOU,0,0.2838773
0022500177,2025-11-05,2025-26,DAL,NOP,0,0.70687
0022500178,2025-11-05,2025-26,DEN,MIA,1,0.7197286
0022500179,2025-11-05,2025-26,LAL,SAS,1,0.6414395
0022500180,2025-11-05,2025-26,POR,OKC,1,0.39516795
0022500181,2025-11-05,2025-26,SAC,GSW,1,0.54251367
0022500182,2025-11-06,2025-26,PHX,LAC,1,0.44108614
0022500028,2025-11-07,2025-26,ORL,BOS,1,0.5459577
0022500029,2025-11-07,2025-26,WAS,CLE,0,0.20073876
0022500030,2025-11-07,2025-26,ATL,TOR,0,0.69466895
0022500031,2025-11-07,2025-26,BKN,DET,0,0.25616276
0022500032,2025-11-07,2025-26,SAS,HOU,1,0.24466473
0022500033,2025-11-07,2025-26,MIA,CHA,1,0.8485623
0022500034,2025-11-07,2025-26,MEM,DAL,1,0.7431029
0022500035,2025-11-07,2025-26,MIL,CHI,1,0.54781574
0022500036,2025-11-07,2025-26,MIN,UTA,1,0.8526839
0022500037,2025-11-07,2025-26,DEN,GSW,1,0.70046127
0022500038,2025-11-07,2025-26,SAC,OKC,0,0.16465415
0022500183,2025-11-08,2025-26,WAS,DAL,0,0.4035454
0022500184,2025-11-08,2025-26,PHI,TOR,1,0.6466421
0022500185,2025-11-08,2025-26,ATL,LAL,1,0.31693757
0022500186,2025-11-08,2025-26,CLE,CHI,1,0.5680405
0022500187,2025-11-08,2025-26,MIA,POR,1,0.46339664
0022500188,2025-11-08,2025-26,SAS,NOP,1,0.71934193
0022500189,2025-11-08,2025-26,DEN,IND,1,0.86913675
0022500190,2025-11-08,2025-26,LAC,PHX,0,0.7404109
0022500191,2025-11-09,2025-26,MIL,HOU,0,0.4564576
0022500192,2025-11-09,2025-26,NYK,BKN,1,0.89579624
0022500193,2025-11-09,2025-26,ORL,BOS,0,0.52467227
0022500194,2025-11-09,2025-26,MEM,OKC,0,0.18224098
0022500195,2025-11-09,2025-26,PHI,DET,0,0.3802029
0022500196,2025-11-09,2025-26,GSW,IND,1,0.9073462
0022500197,2025-11-09,2025-26,SAC,MIN,0,0.34944704
0022500198,2025-11-10,2025-26,CHA,LAL,0,0.15592025
0022500199,2025-11-10,2025-26,DET,WAS,1,0.8011721
0022500200,2025-11-10,2025-26,ORL,POR,1,0.40350276
0022500201,2025-11-10,2025-26,MIA,CLE,1,0.51205903
0022500202,2025-11-10,2025-26,CHI,SAS,0,0.6169334
0022500203,2025-11-10,2025-26,DAL,MIL,0,0.3014845
0022500204,2025-11-10,2025-26,PHX,NOP,1,0.7565435
0022500205,2025-11-10,2025-26,UTA,MIN,0,0.17539547
0022500206,2025-11-10,2025-26,LAC,ATL,0,0.60175455
0022500207,2025-11-11,2025-26,BKN,TOR,0,0.28108254
0022500208,2025-11-11,2025-26,NYK,MEM,1,0.770842
0022500209,2025-11-11,2025-26,PHI,BOS,1,0.45467675
0022500210,2025-11-11,2025-26,OKC,GSW,1,0.7675203
0022500211,2025-11-11,2025-26,UTA,IND,1,0.4158031
0022500212,2025-11-11,2025-26,SAC,DEN,0,0.19650899
0022500213,2025-11-12,2025-26,CHA,MIL,1,0.36027274
0022500214,2025-11-12,2025-26,DET,CHI,1,0.21549603
0022500215,2025-11-12,2025-26,NYK,ORL,0,0.6666018
0022500216,2025-11-12,2025-26,BOS,MEM,1,0.7208915
0022500217,2025-11-12,2025-26,MIA,CLE,0,0.7451631
0022500218,2025-11-12,2025-26,HOU,WAS,1,0.9237229
0022500219,2025-11-12,2025-26,NOP,POR,0,0.25740638
0022500220,2025-11-12,2025-26,SAS,GSW,0,0.43022808
0022500221,2025-11-12,2025-26,DAL,PHX,0,0.40195546
0022500222,2025-11-12,2025-26,OKC,LAL,1,0.7358757
0022500223,2025-11-12,2025-26,SAC,ATL,0,0.31450588
0022500224,2025-11-12,2025-26,LAC,DEN,0,0.37222734
0022500225,2025-11-13,2025-26,CLE,TOR,0,0.71172106
0022500226,2025-11-13,2025-26,PHX,IND,1,0.72890884
0022500227,2025-11-13,2025-26,UTA,ATL,0,0.27357405
0022500039,2025-11-14,2025-26,NYK,MIA,1,0.68433833
0022500040,2025-11-14,2025-26,ORL,BKN,1,0.809119
0022500041,2025-11-14,2025-26,DET,PHI,1,0.3511209
0022500042,2025-11-14,2025-26,HOU,POR,1,0.7064059
0022500043,2025-11-14,2025-26,MIL,CHA,1,0.82927924
0022500044,2025-11-14,2025-26,MIN,SAC,1,0.7891368
0022500045,2025-11-14,2025-26,NOP,LAL,0,0.14920007
0022500046,2025-11-14,2025-26,DAL,LAC,0,0.3001077
0022500047,2025-11-14,2025-26,SAS,GSW,0,0.3842836
0022500228,2025-11-15,2025-26,CLE,MEM,1,0.7608705
0022500229,2025-11-15,2025-26,CHA,OKC,0,0.074953996
0022500230,2025-11-15,2025-26,IND,TOR,0,0.27786434
0022500231,2025-11-15,2025-26,MIL,LAL,0,0.62654597
0022500232,2025-11-15,2025-26,MIN,DEN,0,0.38212374
0022500233,2025-11-16,2025-26,BOS,LAC,1,0.6136873
0022500234,2025-11-16,2025-26,SAS,SAC,1,0.6420108
0022500235,2025-11-16,2025-26,WAS,BKN,0,0.57221425
0022500236,2025-11-16,2025-26,HOU,ORL,1,0.8266709
0022500237,2025-11-16,2025-26,NOP,GSW,0,0.14416118
0022500238,2025-11-16,2025-26,DAL,POR,1,0.4471835
0022500239,2025-11-16,2025-26,PHX,ATL,0,0.45632827
0022500240,2025-11-16,2025-26,UTA,CHI,1,0.23391299
0022500241,2025-11-17,2025-26,CLE,MIL,1,0.64932364
0022500242,2025-11-17,2025-26,DET,IND,1,0.7279296
0022500243,2025-11-17,2025-26,PHI,LAC,1,0.5113477
0022500244,2025-11-17,2025-26,MIA,NYK,1,0.5285146
0022500245,2025-11-17,2025-26,TOR,CHA,1,0.71096945
0022500246,2025-11-17,2025-26,MIN,DAL,1,0.87301826
0022500247,2025-11-17,2025-26,NOP,OKC,0,0.06918394
0022500248,2025-11-17,2025-26,DEN,CHI,0,0.819539
0022500249,2025-11-18,2025-26,ORL,GSW,1,0.33241785
0022500250,2025-11-18,2025-26,BKN,BOS,0,0.21883757
0022500251,2025-11-18,2025-26,ATL,DET,0,0.66810316
0022500252,2025-11-18,2025-26,SAS,MEM,1,0.5646863
0022500253,2025-11-18,2025-26,LAL,UTA,1,0.852773
0022500254,2025-11-18,2025-26,POR,PHX,0,0.45603698
0022500255,2025-11-19,2025-26,CLE,HOU,0,0.527101
0022500256,2025-11-19,2025-26,IND,CHA,1,0.34832644
0022500257,2025-11-19,2025-26,MIA,GSW,1,0.8255823
0022500258,2025-11-19,2025-26,PHI,TOR,0,0.41907427
0022500259,2025-11-19,2025-26,MIN,WAS,1,0.9130238
0022500260,2025-11-19,2025-26,NOP,DEN,0,0.16959739
0022500261,2025-11-19,2025-26,OKC,SAC,1,0.931519
0022500262,2025-11-19,2025-26,DAL,NYK,0,0.33121532
0022500263,2025-11-19,2025-26,POR,CHI,0,0.31732515
0022500264,2025-11-20,2025-26,ORL,LAC,1,0.53454906
0022500265,2025-11-20,2025-26,MEM,SAC,1,0.58223164
0022500266,2025-11-20,2025-26,MIL,PHI,0,0.61083645
0022500267,2025-11-20,2025-26,SAS,ATL,1,0.36388996
0022500048,2025-11-21,2025-26,CLE,IND,1,0.86914307
0022500049,2025-11-21,2025-26,BOS,BKN,0,0.8291453
0022500050,2025-11-21,2025-26,TOR,WAS,1,0.8660174
0022500051,2025-11-21,2025-26,CHI,MIA,0,0.56602305
0022500052,2025-11-21,2025-26,DAL,NOP,1,0.50065225
0022500053,2025-11-21,2025-26,PHX,MIN,1,0.42644954
0022500054,2025-11-21,2025-26,HOU,DEN,0,0.54357105
0022500055,2025-11-21,2025-26,UTA,OKC,0,0.11485235
0022500056,2025-11-21,2025-26,GSW,POR,0,0.8233752
0022500268,2025-11-22,2025-26,CHA,LAC,0,0.46990463
0022500269,2025-11-22,2025-26,ORL,NYK,1,0.54592305
0022500270,2025-11-22,2025-26,NOP,ATL,0,0.16804533
0022500271,2025-11-22,2025-26,CHI,WAS,1,0.9067362
0022500272,2025-11-22,2025-26,MIL,DET,0,0.405296
0022500273,2025-11-22,2025-26,DAL,MEM,0,0.40544614
0022500274,2025-11-22,2025-26,DEN,SAC,0,0.9058539
0022500275,2025-11-23,2025-26,PHI,MIA,0,0.35896087
0022500276,2025-11-23,2025-26,ATL,CHA,1,0.83928907
0022500277,2025-11-23,2025-26,BOS,ORL,1,0.75808054
0022500278,2025-11-23,2025-26,CLE,LAC,1,0.58388615
0022500279,2025-11-23,2025-26,TOR,BKN,1,0.79816234
0022500280,2025-11-23,2025-26,OKC,POR,1,0.8999975
0022500281,2025-11-23,2025-26,PHX,SAS,1,0.67104626
0022500282,2025-11-23,2025-26,UTA,LAL,0,0.18526444
0022500283,2025-11-24,2025-26,IND,DET,0,0.24182831
0022500284,2025-11-24,2025-26,TOR,CLE,1,0.54636735
0022500285,2025-11-24,2025-26,BKN,NYK,0,0.26454368
0022500286,2025-11-24,2025-26,MIA,DAL,1,0.81307226
0022500287,2025-11-24,2025-26,MEM,DEN,0,0.28303263
0022500288,2025-11-24,2025-26,MIL,POR,0,0.5561738
0022500289,2025-11-24,2025-26,NOP,CHI,1,0.33456546
0022500290,2025-11-24,2025-26,PHX,HOU,0,0.3548052
0022500291,2025-11-24,2025-26,GSW,UTA,1,0.7937717
0022500292,2025-11-24,2025-26,SAC,MIN,1,0.21448918
0022500057,2025-11-25,2025-26,WAS,ATL,1,0.13089518
0022500058,2025-11-25,2025-26,PHI,ORL,0,0.48046216
0022500059,2025-11-25,2025-26,LAL,LAC,1,0.614841
0022500060,2025-11-26,2025-26,BOS,DET,1,0.52087796
0022500061,2025-11-26,2025-26,CHA,NYK,0,0.3519224
0022500062,2025-11-26,2025-26,MIA,MIL,1,0.79237425
0022500063,2025-11-26,2025-26,TOR,IND,1,0.78413355
0022500064,2025-11-26,2025-26,OKC,MIN,1,0.80500287
0022500065,2025-11-26,2025-26,NOP,MEM,0,0.4181562
0022500066,2025-11-26,2025-26,GSW,HOU,0,0.54423434
0022500067,2025-11-26,2025-26,POR,SAS,0,0.56295395
0022500068,2025-11-26,2025-26,SAC,PHX,0,0.36313277
0022500069,2025-11-28,2025-26,ATL,CLE,1,0.49349362
0022500070,2025-11-28,2025-26,BKN,PHI,0,0.3748246
0022500071,2025-11-28,2025-26,CHA,CHI,1,0.37300494
0022500072,2025-11-28,2025-26,DET,ORL,0,0.5360527
0022500073,2025-11-28,2025-26,IND,WAS,1,0.6278964
0022500074,2025-11-28,2025-26,NYK,MIL,1,0.65667164
0022500075,2025-11-28,2025-26,OKC,PHX,1,0.86488825
0022500076,2025-11-28,2025-26,DEN,SAS,0,0.7685658
0022500077,2025-11-28,2025-26,UTA,SAC,1,0.64623505
0022500078,2025-11-28,2025-26,LAL,DAL,1,0.8805293
0022500079,2025-11-28,2025-26,LAC,MEM,0,0.73278373
0022500293,2025-11-29,2025-26,MIN,BOS,1,0.6177812
0022500294,2025-11-29,2025-26,CHA,TOR,1,0.34737647
0022500295,2025-11-29,2025-26,IND,CHI,1,0.35444304
0022500296,2025-11-29,2025-26,MIA,DET,0,0.6946214
0022500297,2025-11-29,2025-26,MIL,BKN,1,0.86611277
0022500298,2025-11-29,2025-26,GSW,NOP,1,0.826238
0022500299,2025-11-29,2025-26,PHX,DEN,0,0.42343995
0022500300,2025-11-29,2025-26,LAC,DAL,0,0.8813358
0022500301,2025-11-30,2025-26,UTA,HOU,0,0.24661595
0022500302,2025-11-30,2025-26,CLE,BOS,0,0.74340445
0022500303,2025-11-30,2025-26,NYK,TOR,1,0.7283396
0022500304,2025-11-30,2025-26,PHI,ATL,0,0.45721212
0022500305,2025-11-30,2025-26,POR,OKC,0,0.18382344
0022500306,2025-11-30,2025-26,MIN,SAS,1,0.66984755
0022500307,2025-11-30,2025-26,SAC,MEM,0,0.40565905
0022500308,2025-11-30,2025-26,LAL,NOP,1,0.9295945
0022500309,2025-12-01,2025-26,DET,ATL,1,0.60406935
0022500310,2025-12-01,2025-26,IND,CLE,0,0.36546594
0022500311,2025-12-01,2025-26,WAS,MIL,1,0.21476428
0022500312,2025-12-01,2025-26,BKN,CHA,1,0.50034994
0022500313,2025-12-01,2025-26,MIA,LAC,1,0.6859524
0022500314,2025-12-01,2025-26,ORL,CHI,1,0.6819961
0022500315,2025-12-01,2025-26,DEN,DAL,0,0.84227604
0022500316,2025-12-01,2025-26,UTA,HOU,1,0.18819459
0022500317,2025-12-01,2025-26,LAL,PHX,0,0.58005446
0022500318,2025-12-02,2025-26,PHI,WAS,1,0.8680875
0022500319,2025-12-02,2025-26,TOR,POR,1,0.6287705
0022500320,2025-12-02,2025-26,BOS,NYK,1,0.51872915
0022500321,2025-12-02,2025-26,NOP,MIN,0,0.16712269
0022500322,2025-12-02,2025-26,SAS,MEM,1,0.6440899
0022500323,2025-12-02,2025-26,GSW,OKC,0,0.22817342
0022500324,2025-12-03,2025-26,CLE,POR,0,0.7811259
0022500325,2025-12-03,2025-26,IND,DEN,0,0.24325456
0022500326,2025-12-03,2025-26,ORL,SAS,0,0.7285372
0022500327,2025-12-03,2025-26,ATL,LAC,0,0.6007106
0022500328,2025-12-03,2025-26,NYK,CHA,1,0.8167818
0022500329,2025-12-03,2025-26,CHI,BKN,0,0.71782005
0022500330,2025-12-03,2025-26,HOU,SAC,1,0.8769407
0022500331,2025-12-03,2025-26,MIL,DET,1,0.5051868
0022500332,2025-12-03,2025-26,DAL,MIA,1,0.34767622
0022500333,2025-12-04,2025-26,PHI,GSW,1,0.6223722
0022500334,2025-12-04,2025-26,WAS,BOS,0,0.17380454
0022500335,2025-12-04,2025-26,BKN,UTA,0,0.40898356
0022500336,2025-12-04,2025-26,TOR,LAL,0,0.4917276
0022500337,2025-12-04,2025-26,NOP,MIN,0,0.1725027
0022500338,2025-12-05,2025-26,BOS,LAL,1,0.78164226
0022500339,2025-12-05,2025-26,ORL,MIA,1,0.55809325
0022500340,2025-12-05,2025-26,ATL,DEN,0,0.48197782
0022500341,2025-12-05,2025-26,CLE,SAS,1,0.70754194
0022500342,2025-12-05,2025-26,DET,POR,1,0.72079533
0022500343,2025-12-05,2025-26,NYK,UTA,1,0.85184324
0022500344,2025-12-05,2025-26,TOR,CHA,0,0.700396
0022500345,2025-12-05,2025-26,CHI,IND,0,0.66506904
0022500346,2025-12-05,2025-26,HOU,PHX,1,0.7299519
0022500347,2025-12-05,2025-26,MEM,LAC,1,0.4649189
0022500348,2025-12-05,2025-26,MIL,PHI,0,0.56481975
0022500349,2025-12-05,2025-26,OKC,DAL,1,0.884965
0022500350,2025-12-06,2025-26,BKN,NOP,1,0.67700326
0022500351,2025-12-06,2025-26,WAS,ATL,0,0.12914914
0022500352,2025-12-06,2025-26,CLE,GSW,0,0.7579303
0022500353,2025-12-06,2025-26,DET,MIL,1,0.721171
0022500354,2025-12-06,2025-26,MIA,SAC,0,0.80153865
0022500355,2025-12-06,2025-26,MIN,LAC,1,0.67102414
0022500356,2025-12-06,2025-26,DAL,HOU,1,0.31953183
0022500357,2025-12-07,2025-26,NYK,ORL,1,0.5458139
0022500358,2025-12-07,2025-26,TOR,BOS,0,0.36294773
0022500359,2025-12-07,2025-26,CHA,DEN,0,0.1527445
0022500360,2025-12-07,2025-26,MEM,POR,1,0.5885426
0022500361,2025-12-07,2025-26,CHI,GSW,0,0.52895415
0022500362,2025-12-07,2025-26,PHI,LAL,0,0.43734968
0022500363,2025-12-07,2025-26,UTA,OKC,0,0.1534148
0022500364,2025-12-08,2025-26,IND,SAC,1,0.6432431
0022500365,2025-12-08,2025-26,MIN,PHX,0,0.6718074
0022500366,2025-12-08,2025-26,NOP,SAS,0,0.23917048
0022501201,2025-12-09,2025-26,ORL,MIA,1,0.5191566
0022501202,2025-12-09,2025-26,TOR,NYK,0,0.3278538
0022501203,2025-12-10,2025-26,OKC,PHX,1,0.8617394
0022501204,2025-12-10,2025-26,LAL,SAS,0,0.66579145
0022501205,2025-12-11,2025-26,HOU,LAC,1,0.7202399
0022501206,2025-12-11,2025-26,MIL,BOS,1,0.2773034
0022501207,2025-12-11,2025-26,NOP,POR,1,0.35816228
0022501208,2025-12-11,2025-26,SAC,DEN,0,0.1986375
0022501209,2025-12-12,2025-26,CHA,CHI,0,0.37408388
0022501210,2025-12-12,2025-26,DET,ATL,1,0.49063888
0022501211,2025-12-12,2025-26,PHI,IND,1,0.63669527
0022501212,2025-12-12,2025-26,WAS,CLE,0,0.1170843
0022501213,2025-12-12,2025-26,MEM,UTA,0,0.7037393
0022501214,2025-12-12,2025-26,DAL,BKN,1,0.68612564
0022501215,2025-12-12,2025-26,GSW,MIN,0,0.5559699
0022501216,2025-12-14,2025-26,IND,WAS,0,0.84908044
0022501217,2025-12-14,2025-26,ATL,PHI,1,0.7254625
0022501218,2025-12-14,2025-26,CLE,CHA,0,0.8424376
0022501219,2025-12-14,2025-26,BKN,MIL,1,0.5288282
0022501220,2025-12-14,2025-26,MIN,SAC,1,0.80909014
0022501221,2025-12-14,2025-26,POR,GSW,1,0.3471595
0022501223,2025-12-14,2025-26,CHI,NOP,0,0.7269613
0022501228,2025-12-14,2025-26,PHX,LAL,0,0.47426528
0022501222,2025-12-15,2025-26,BOS,DET,0,0.5911069
0022501224,2025-12-15,2025-26,UTA,DAL,1,0.43690675
0022501225,2025-12-15,2025-26,DEN,HOU,1,0.5112237
0022501226,2025-12-15,2025-26,LAC,MEM,0,0.66622907
0022501227,2025-12-15,2025-26,MIA,TOR,0,0.6905979
0022500367,2025-12-17,2025-26,CHI,CLE,1,0.5172415
0022500368,2025-12-17,2025-26,MIN,MEM,0,0.78164977
0022500369,2025-12-18,2025-26,OKC,LAC,1,0.8916736
0022500370,2025-12-18,2025-26,SAS,WAS,1,0.92198455
0022500371,2025-12-18,2025-26,CHA,ATL,1,0.3213526
0022500372,2025-12-18,2025-26,IND,NYK,0,0.31782913
0022500373,2025-12-18,2025-26,BKN,MIA,0,0.33030823
0022500374,2025-12-18,2025-26,MIL,TOR,0,0.59282357
0022500375,2025-12-18,2025-26,NOP,HOU,1,0.22700661
0022500376,2025-12-18,2025-26,DAL,DET,1,0.4605014
0022500377,2025-12-18,2025-26,DEN,ORL,1,0.7243175
0022500378,2025-12-18,2025-26,PHX,GSW,1,0.5048345
0022500379,2025-12-18,2025-26,UTA,LAL,0,0.19424652
0022500380,2025-12-18,2025-26,POR,SAC,1,0.79001456
0022500381,2025-12-19,2025-26,BOS,MIA,1,0.7450615
0022500382,2025-12-19,2025-26,NYK,PHI,0,0.70747966
0022500383,2025-12-19,2025-26,ATL,SAS,0,0.4842034
0022500384,2025-12-19,2025-26,CLE,CHI,0,0.47432917
0022500385,2025-12-19,2025-26,MIN,OKC,1,0.29236752
0022500386,2025-12-20,2025-26,DEN,HOU,0,0.55116576
0022500387,2025-12-20,2025-26,PHI,DAL,1,0.5070384
0022500388,2025-12-20,2025-26,TOR,BOS,0,0.44855577
0022500389,2025-12-20,2025-26,NOP,IND,1,0.68615687
0022500390,2025-12-20,2025-26,DET,CHA,1,0.77405936
0022500391,2025-12-20,2025-26,MEM,WAS,0,0.81190175
0022500392,2025-12-20,2025-26,GSW,PHX,1,0.62648857
0022500393,2025-12-20,2025-26,UTA,ORL,0,0.285485
0022500394,2025-12-20,2025-26,SAC,POR,0,0.31849763
0022500395,2025-12-20,2025-26,LAC,LAL,1,0.51937735
0022500396,2025-12-21,2025-26,ATL,CHI,0,0.6362369
0022500397,2025-12-21,2025-26,BKN,TOR,1,0.56063163
0022500398,2025-12-21,2025-26,NYK,MIA,1,0.7312803
0022500399,2025-12-21,2025-26,WAS,SAS,0,0.06887132
0022500400,2025-12-21,2025-26,MIN,MIL,1,0.7613876
0022500401,2025-12-21,2025-26,SAC,HOU,1,0.15225421
0022500402,2025-12-22,2025-26,CLE,CHA,1,0.7468518
0022500403,2025-12-22,2025-26,BOS,IND,1,0.85341495
0022500404,2025-12-22,2025-26,NOP,DAL,1,0.52674896
0022500405,2025-12-22,2025-26,DEN,UTA,1,0.8781794
0022500406,2025-12-22,2025-26,OKC,MEM,1,0.8928561
0022500407,2025-12-22,2025-26,GSW,ORL,1,0.7493133
0022500408,2025-12-22,2025-26,POR,DET,0,0.36097518
0022500409,2025-12-23,2025-26,CHA,WAS,1,0.69641274
0022500410,2025-12-23,2025-26,PHI,BKN,0,0.6236855
0022500411,2025-12-23,2025-26,ATL,CHI,0,0.6168437
0022500412,2025-12-23,2025-26,CLE,NOP,1,0.7429861
0022500413,2025-12-23,2025-26,IND,MIL,0,0.39840978
0022500414,2025-12-23,2025-26,MIA,TOR,0,0.6399475
0022500415,2025-12-23,2025-26,DAL,DEN,1,0.3229146
0022500416,2025-12-23,2025-26,MIN,NYK,1,0.68122286
0022500417,2025-12-23,2025-26,SAS,OKC,1,0.40226042
0022500418,2025-12-23,2025-26,PHX,LAL,1,0.6334848
0022500419,2025-12-23,2025-26,UTA,MEM,0,0.3964264
0022500420,2025-12-23,2025-26,POR,ORL,0,0.60757893
0022500421,2025-12-23,2025-26,SAC,DET,0,0.20614558
0022500422,2025-12-23,2025-26,LAC,HOU,1,0.39613765
0022500009,2025-12-25,2025-26,NYK,CLE,1,0.5905527
0022500010,2025-12-25,2025-26,OKC,SAS,0,0.7496118
0022500011,2025-12-25,2025-26,GSW,DAL,1,0.7330941
0022500012,2025-12-25,2025-26,LAL,HOU,0,0.541632
0022500013,2025-12-25,2025-26,DEN,MIN,1,0.62844557
0022500423,2025-12-26,2025-26,ATL,MIA,0,0.6403806
0022500424,2025-12-26,2025-26,ORL,CHA,0,0.6047522
0022500425,2025-12-26,2025-26,WAS,TOR,1,0.35420364
0022500426,2025-12-26,2025-26,IND,BOS,0,0.24788113
0022500427,2025-12-26,2025-26,CHI,PHI,1,0.5405764
0022500428,2025-12-26,2025-26,MEM,MIL,1,0.5671315
0022500429,2025-12-26,2025-26,NOP,PHX,0,0.36819753
0022500430,2025-12-26,2025-26,UTA,DET,1,0.24297024
0022500431,2025-12-26,2025-26,POR,LAC,0,0.44777772
0022500432,2025-12-27,2025-26,SAC,DAL,1,0.35300863
0022500433,2025-12-27,2025-26,ORL,DEN,1,0.2253012
0022500434,2025-12-27,2025-26,NOP,PHX,0,0.4332801
0022500435,2025-12-27,2025-26,ATL,NYK,0,0.4312525
0022500436,2025-12-27,2025-26,MIA,IND,1,0.7700489
0022500437,2025-12-27,2025-26,CHI,MIL,0,0.54606265
0022500438,2025-12-27,2025-26,HOU,CLE,1,0.5941774
0022500439,2025-12-27,2025-26,MIN,BKN,0,0.8149651
0022500440,2025-12-27,2025-26,SAS,UTA,0,0.8692443
0022500441,2025-12-28,2025-26,TOR,GSW,1,0.34941974
0022500442,2025-12-28,2025-26,OKC,PHI,1,0.8643699
0022500443,2025-12-28,2025-26,WAS,MEM,1,0.3001969
0022500444,2025-12-28,2025-26,POR,BOS,1,0.34326303
0022500445,2025-12-28,2025-26,LAC,DET,1,0.51136917
0022500446,2025-12-28,2025-26,LAL,SAC,1,0.80901337
0022500447,2025-12-29,2025-26,CHA,MIL,0,0.37133393
0022500448,2025-12-29,2025-26,WAS,PHX,0,0.21644022
0022500449,2025-12-29,2025-26,BKN,GSW,0,0.42283267
0022500450,2025-12-29,2025-26,MIA,DEN,1,0.44727248
0022500451,2025-12-29,2025-26,TOR,ORL,1,0.48921996
0022500452,2025-12-29,2025-26,CHI,MIN,0,0.39633787
0022500453,2025-12-29,2025-26,HOU,IND,1,0.86174166
0022500454,2025-12-29,2025-26,NOP,NYK,0,0.35267583
0022500455,2025-12-29,2025-26,OKC,ATL,1,0.8768078
0022500456,2025-12-29,2025-26,SAS,CLE,0,0.6037455
0022500457,2025-12-29,2025-26,POR,DAL,1,0.56450516
0022500458,2025-12-30,2025-26,MEM,PHI,0,0.45775044
0022500459,2025-12-30,2025-26,UTA,BOS,0,0.2667312
0022500460,2025-12-30,2025-26,LAL,DET,0,0.49808782
0022500461,2025-12-30,2025-26,LAC,SAC,1,0.7974768
0022500462,2025-12-31,2025-26,CHA,GSW,0,0.23966594
0022500463,2025-12-31,2025-26,ATL,MIN,1,0.42132235
0022500464,2025-12-31,2025-26,IND,ORL,0,0.4338816
0022500465,2025-12-31,2025-26,CLE,PHX,1,0.68013906
0022500466,2025-12-31,2025-26,CHI,NOP,1,0.5773097
0022500467,2025-12-31,2025-26,SAS,NYK,1,0.63908625
0022500468,2025-12-31,2025-26,TOR,DEN,0,0.54675215
0022500469,2025-12-31,2025-26,MIL,WAS,0,0.8376309
0022500470,2025-12-31,2025-26,OKC,POR,1,0.8827692
0022500471,2026-01-01,2025-26,BKN,HOU,0,0.17842461
0022500472,2026-01-01,2025-26,DET,MIA,0,0.6227204
0022500473,2026-01-01,2025-26,DAL,PHI,0,0.47905338
0022500474,2026-01-01,2025-26,SAC,BOS,0,0.2273457
0022500475,2026-01-01,2025-26,LAC,UTA,1,0.89707804
0022500476,2026-01-02,2025-26,IND,SAS,0,0.31687045
0022500477,2026-01-02,2025-26,WAS,BKN,1,0.5173545
0022500478,2026-01-02,2025-26,CLE,DEN,1,0.71556467
0022500479,2026-01-02,2025-26,NYK,ATL,0,0.57137275
0022500480,2026-01-02,2025-26,CHI,ORL,1,0.39099774
0022500481,2026-01-02,2025-26,MIL,CHA,1,0.6817144
0022500482,2026-01-02,2025-26,NOP,POR,0,0.35726765
0022500483,2026-01-02,2025-26,PHX,SAC,1,0.8678975
0022500484,2026-01-02,2025-26,GSW,OKC,0,0.18271163
0022500485,2026-01-02,2025-26,LAL,MEM,1,0.61931545
0022500486,2026-01-03,2025-26,MIA,MIN,0,0.4361027
0022500487,2026-01-03,2025-26,NYK,PHI,0,0.57991534
0022500488,2026-01-03,2025-26,TOR,ATL,1,0.571936
0022500489,2026-01-03,2025-26,CHI,CHA,0,0.49987426
0022500490,2026-01-03,2025-26,SAS,POR,0,0.73368216
0022500491,2026-01-03,2025-26,DAL,HOU,1,0.3112404
0022500492,2026-01-03,2025-26,GSW,UTA,1,0.79156655
0022500493,2026-01-03,2025-26,LAC,BOS,0,0.53458023
0022500494,2026-01-04,2025-26,CLE,DET,0,0.5299457
0022500495,2026-01-04,2025-26,ORL,IND,1,0.69861573
0022500496,2026-01-04,2025-26,BKN,DEN,1,0.48173237
0022500497,2026-01-04,2025-26,MIA,NOP,1,0.71465814
0022500498,2026-01-04,2025-26,WAS,MIN,0,0.21454802
0022500499,2026-01-04,2025-26,PHX,OKC,1,0.25593957
0022500500,2026-01-04,2025-26,SAC,MIL,0,0.3006453
0022500501,2026-01-04,2025-26,LAL,MEM,1,0.66243
0022500502,2026-01-05,2025-26,DET,NYK,1,0.41799816
0022500503,2026-01-05,2025-26,BOS,CHI,1,0.78747845
0022500504,2026-01-05,2025-26,TOR,ATL,1,0.45226833
0022500505,2026-01-05,2025-26,HOU,PHX,1,0.7243452
0022500506,2026-01-05,2025-26,OKC,CHA,0,0.88052523
0022500507,2026-01-05,2025-26,PHI,DEN,0,0.85585886
0022500508,2026-01-05,2025-26,LAC,GSW,1,0.55824035
0022500509,2026-01-05,2025-26,POR,UTA,1,0.6323617
0022500510,2026-01-06,2025-26,IND,CLE,0,0.2891145
0022500511,2026-01-06,2025-26,WAS,ORL,1,0.385721
0022500512,2026-01-06,2025-26,MEM,SAS,1,0.3435373
0022500513,2026-01-06,2025-26,MIN,MIA,1,0.6699317
0022500514,2026-01-06,2025-26,NOP,LAL,0,0.44853216
0022500515,2026-01-06,2025-26,SAC,DAL,0,0.3295453
0022500516,2026-01-07,2025-26,CHA,TOR,0,0.46369797
0022500517,2026-01-07,2025-26,DET,CHI,1,0.697198
0022500518,2026-01-07,2025-26,PHI,WAS,1,0.88643634
0022500519,2026-01-07,2025-26,ATL,NOP,1,0.8392773
0022500520,2026-01-07,2025-26,BOS,DEN,0,0.7500013
0022500521,2026-01-07,2025-26,BKN,ORL,0,0.52255535
0022500522,2026-01-07,2025-26,NYK,LAC,1,0.5512217
0022500523,2026-01-07,2025-26,SAS,LAL,1,0.764449
0022500524,2026-01-07,2025-26,MEM,PHX,0,0.3608685
0022500525,2026-01-07,2025-26,OKC,UTA,1,0.90020025
0022500526,2026-01-07,2025-26,GSW,MIL,1,0.72011447
0022500527,2026-01-07,2025-26,POR,HOU,1,0.36824238
0022500528,2026-01-08,2025-26,CHA,IND,0,0.6628479
0022500530,2026-01-08,2025-26,MIN,CLE,1,0.6332239
0022500531,2026-01-08,2025-26,UTA,DAL,1,0.39463413
0022500532,2026-01-09,2025-26,BOS,TOR,1,0.8572958
0022500533,2026-01-09,2025-26,ORL,PHI,0,0.38677186
0022500534,2026-01-09,2025-26,WAS,NOP,0,0.40292698
0022500535,2026-01-09,2025-26,BKN,LAC,0,0.35616612
0022500536,2026-01-09,2025-26,MEM,OKC,0,0.33904868
0022500537,2026-01-09,2025-26,DEN,ATL,0,0.4384116
0022500538,2026-01-09,2025-26,PHX,NYK,1,0.5477208
0022500539,2026-01-09,2025-26,GSW,SAC,1,0.86451787
0022500540,2026-01-09,2025-26,POR,HOU,1,0.372845
0022500541,2026-01-09,2025-26,LAL,MIL,0,0.59981996
0022500542,2026-01-10,2025-26,CLE,MIN,1,0.49825245
0022500543,2026-01-10,2025-26,IND,MIA,1,0.30838823
0022500544,2026-01-10,2025-26,DET,LAC,0,0.44586343
0022500545,2026-01-10,2025-26,BOS,SAS,0,0.5551043
0022500546,2026-01-10,2025-26,CHI,DAL,1,0.6343805
0022500547,2026-01-10,2025-26,UTA,CHA,0,0.3949145
0022500548,2026-01-11,2025-26,ORL,NOP,1,0.62184197
0022500549,2026-01-11,2025-26,MEM,BKN,1,0.73596996
0022500550,2026-01-11,2025-26,TOR,PHI,1,0.3276662
0022500551,2026-01-11,2025-26,POR,NYK,0,0.48408866
0022500552,2026-01-11,2025-26,MIN,SAS,1,0.65040725
0022500553,2026-01-11,2025-26,OKC,MIA,1,0.8540373
0022500554,2026-01-11,2025-26,DEN,MIL,1,0.44449466
0022500555,2026-01-11,2025-26,PHX,WAS,1,0.8407841
0022500556,2026-01-11,2025-26,GSW,ATL,0,0.65956366
0022500557,2026-01-11,2025-26,SAC,HOU,1,0.13404179
0022500558,2026-01-12,2025-26,CLE,UTA,0,0.78844124
0022500559,2026-01-12,2025-26,IND,BOS,1,0.28627288
0022500560,2026-01-12,2025-26,TOR,PHI,0,0.37354603
0022500561,2026-01-12,2025-26,DAL,BKN,1,0.51133496
0022500562,2026-01-12,2025-26,SAC,LAL,1,0.22461879
0022500563,2026-01-12,2025-26,LAC,CHA,1,0.7534825
0022500564,2026-01-13,2025-26,MIA,PHX,1,0.53232574
0022500565,2026-01-13,2025-26,HOU,CHI,1,0.78321505
0022500566,2026-01-13,2025-26,MIL,MIN,0,0.43682876
0022500567,2026-01-13,2025-26,NOP,DEN,0,0.43019757
0022500568,2026-01-13,2025-26,OKC,SAS,1,0.8023624
0022500569,2026-01-13,2025-26,LAL,ATL,1,0.4466553
0022500570,2026-01-13,2025-26,GSW,POR,1,0.7458347
0022500571,2026-01-14,2025-26,IND,TOR,0,0.62285864
0022500572,2026-01-14,2025-26,PHI,CLE,0,0.59556794
0022500573,2026-01-14,2025-26,CHI,UTA,1,0.7840967
0022500574,2026-01-14,2025-26,NOP,BKN,1,0.43544558
0022500575,2026-01-14,2025-26,DAL,DEN,0,0.5198812
0022500576,2026-01-14,2025-26,SAC,NYK,1,0.21453589
0022500577,2026-01-14,2025-26,LAC,WAS,1,0.89703095
0022500579,2026-01-15,2025-26,DET,PHX,1,0.7363462
0022500580,2026-01-15,2025-26,MIA,BOS,0,0.44247591
0022500581,2026-01-15,2025-26,HOU,OKC,0,0.36657208
0022500582,2026-01-15,2025-26,SAS,MIL,1,0.63024926
0022500583,2026-01-15,2025-26,DAL,UTA,1,0.4973865
0022500584,2026-01-15,2025-26,GSW,NYK,1,0.7626534
0022500585,2026-01-15,2025-26,POR,ATL,1,0.45739207
0022500586,2026-01-15,2025-26,LAL,CHA,0,0.61277646
0022500587,2026-01-16,2025-26,BKN,CHI,1,0.52160704
0022500588,2026-01-16,2025-26,IND,NOP,1,0.5821885
0022500589,2026-01-16,2025-26,PHI,CLE,0,0.6020698
0022500590,2026-01-16,2025-26,TOR,LAC,0,0.49711117
0022500591,2026-01-16,2025-26,HOU,MIN,1,0.5120658
0022500592,2026-01-16,2025-26,SAC,WAS,1,0.674329
0022500593,2026-01-17,2025-26,DAL,UTA,1,0.62388647
0022500594,2026-01-17,2025-26,ATL,BOS,0,0.50777155
0022500595,2026-01-17,2025-26,DET,IND,1,0.91111636
0022500596,2026-01-17,2025-26,NYK,PHX,0,0.44591683
0022500597,2026-01-17,2025-26,MIA,OKC,1,0.21739179
0022500598,2026-01-17,2025-26,SAS,MIN,1,0.5985051
0022500599,2026-01-17,2025-26,GSW,CHA,1,0.7058316
0022500600,2026-01-17,2025-26,DEN,WAS,1,0.8356113
0022500601,2026-01-17,2025-26,POR,LAL,1,0.6205737
0022500603,2026-01-18,2025-26,CHI,BKN,1,0.7050088
0022500604,2026-01-18,2025-26,HOU,NOP,1,0.8343811
0022500605,2026-01-18,2025-26,DEN,CHA,0,0.503967
0022500606,2026-01-18,2025-26,SAC,POR,0,0.46453652
0022500607,2026-01-18,2025-26,LAL,TOR,1,0.65612227
0022500014,2026-01-19,2025-26,ATL,MIL,0,0.5029258
0022500015,2026-01-19,2025-26,CLE,OKC,0,0.31707376
0022500016,2026-01-19,2025-26,NYK,DAL,0,0.82075953
0022500017,2026-01-19,2025-26,DET,BOS,1,0.60374844
0022500608,2026-01-19,2025-26,WAS,LAC,0,0.26653272
0022500609,2026-01-19,2025-26,PHI,IND,1,0.779222
0022500610,2026-01-19,2025-26,BKN,PHX,0,0.26311734
0022500611,2026-01-19,2025-26,SAS,UTA,1,0.85655665
0022500612,2026-01-19,2025-26,GSW,MIA,1,0.66648024
0022500613,2026-01-20,2025-26,PHI,PHX,0,0.5736234
0022500614,2026-01-20,2025-26,CHI,LAC,1,0.5442796
0022500615,2026-01-20,2025-26,HOU,SAS,1,0.6275749
0022500616,2026-01-20,2025-26,UTA,MIN,1,0.16092998
0022500617,2026-01-20,2025-26,DEN,LAL,0,0.55818766
0022500618,2026-01-20,2025-26,GSW,TOR,0,0.64558434
0022500619,2026-01-20,2025-26,SAC,MIA,0,0.46715012
0022500620,2026-01-21,2025-26,CHA,CLE,0,0.53171223
0022500621,2026-01-21,2025-26,BOS,IND,1,0.7995036
0022500622,2026-01-21,2025-26,NYK,BKN,1,0.76299185
0022500623,2026-01-21,2025-26,MEM,ATL,0,0.57090944
0022500624,2026-01-21,2025-26,NOP,DET,0,0.34382242
0022500625,2026-01-21,2025-26,MIL,OKC,0,0.2074936
0022500626,2026-01-21,2025-26,SAC,TOR,0,0.44539115
0022500627,2026-01-22,2025-26,ORL,CHA,0,0.589492
0022500628,2026-01-22,2025-26,PHI,HOU,1,0.5064548
0022500629,2026-01-22,2025-26,WAS,DEN,0,0.24979888
0022500630,2026-01-22,2025-26,DAL,GSW,1,0.3180118
0022500631,2026-01-22,2025-26,MIN,CHI,0,0.71238685
0022500632,2026-01-22,2025-26,UTA,SAS,0,0.2935998
0022500633,2026-01-22,2025-26,LAC,LAL,1,0.63052803
0022500634,2026-01-22,2025-26,POR,MIA,1,0.67588776
0022500635,2026-01-23,2025-26,DET,HOU,0,0.62286186
0022500636,2026-01-23,2025-26,ATL,PHX,1,0.4313439
0022500637,2026-01-23,2025-26,BKN,BOS,0,0.40611598
0022500638,2026-01-23,2025-26,CLE,SAC,1,0.77588135
0022500639,2026-01-23,2025-26,MEM,NOP,0,0.5453298
0022500640,2026-01-23,2025-26,MIL,DEN,0,0.70588017
0022500641,2026-01-23,2025-26,OKC,IND,0,0.8818275
0022500642,2026-01-23,2025-26,POR,TOR,0,0.43654406
0022500643,2026-01-24,2025-26,PHI,NYK,0,0.5967235
0022500645,2026-01-24,2025-26,CHA,WAS,1,0.8785923
0022500646,2026-01-24,2025-26,ORL,CLE,0,0.5415812
0022500647,2026-01-24,2025-26,CHI,BOS,1,0.5356485
0022500648,2026-01-24,2025-26,DAL,LAL,0,0.3514457
0022500649,2026-01-24,2025-26,UTA,MIA,0,0.36974356
0022500644,2026-01-25,2025-26,MIN,GSW,0,0.61132485
0022500650,2026-01-25,2025-26,DET,SAC,1,0.84353083
0022500653,2026-01-25,2025-26,OKC,TOR,0,0.7525495
0022500654,2026-01-25,2025-26,SAS,NOP,0,0.7428428
0022500655,2026-01-25,2025-26,PHX,MIA,0,0.7053477
0022500656,2026-01-25,2025-26,LAC,BKN,1,0.7914445
0022500657,2026-01-26,2025-26,CHA,PHI,1,0.56275725
0022500658,2026-01-26,2025-26,CLE,ORL,1,0.68896073
0022500659,2026-01-26,2025-26,ATL,IND,1,0.7296833
0022500660,2026-01-26,2025-26,BOS,POR,1,0.6873946
0022500661,2026-01-26,2025-26,CHI,LAL,0,0.4085433
0022500662,2026-01-26,2025-26,HOU,MEM,1,0.80803543
0022500663,2026-01-26,2025-26,MIN,GSW,1,0.7517408
0022500664,2026-01-27,2025-26,WAS,POR,1,0.23959598
0022500665,2026-01-27,2025-26,NYK,SAC,1,0.7983526
0022500666,2026-01-27,2025-26,PHI,MIL,1,0.78654397
0022500667,2026-01-27,2025-26,OKC,NOP,1,0.8296871
0022500668,2026-01-27,2025-26,DEN,DET,0,0.34923238
0022500669,2026-01-27,2025-26,PHX,BKN,1,0.65109754
0022500670,2026-01-27,2025-26,UTA,LAC,0,0.19781114
0022500671,2026-01-28,2025-26,CLE,LAL,1,0.57377553
0022500672,2026-01-28,2025-26,IND,CHI,1,0.4199311
0022500673,2026-01-28,2025-26,BOS,ATL,0,0.7138809
0022500674,2026-01-28,2025-26,MIA,ORL,0,0.64146197
0022500675,2026-01-28,2025-26,TOR,NYK,0,0.6424411
0022500676,2026-01-28,2025-26,MEM,CHA,0,0.3739408
0022500677,2026-01-28,2025-26,DAL,MIN,0,0.28022844
0022500678,2026-01-28,2025-26,UTA,GSW,0,0.2402618
0022500679,2026-01-28,2025-26,HOU,SAS,0,0.6528238
0022500529,2026-01-29,2025-26,CHI,MIA,0,0.5375831
0022500680,2026-01-29,2025-26,PHI,SAC,1,0.7957116
0022500681,2026-01-29,2025-26,WAS,MIL,1,0.51027954
0022500682,2026-01-29,2025-26,ATL,HOU,0,0.36917415
0022500683,2026-01-29,2025-26,DAL,CHA,0,0.40406275
0022500684,2026-01-29,2025-26,DEN,BKN,1,0.72775984
0022500685,2026-01-29,2025-26,PHX,DET,1,0.385388
0022500686,2026-01-29,2025-26,MIN,OKC,1,0.37615597
0022500687,2026-01-30,2025-26,ORL,TOR,1,0.43186006
0022500688,2026-01-30,2025-26,WAS,LAL,0,0.16990995
0022500689,2026-01-30,2025-26,BOS,SAC,1,0.88008606
0022500690,2026-01-30,2025-26,NYK,POR,1,0.5402008
0022500691,2026-01-30,2025-26,NOP,MEM,1,0.6354308
0022500693,2026-01-30,2025-26,PHX,CLE,1,0.36163646
0022500694,2026-01-30,2025-26,UTA,BKN,0,0.6229563
0022500695,2026-01-30,2025-26,DEN,LAC,1,0.45438364
0022500696,2026-01-30,2025-26,GSW,DET,0,0.6188576
0022500692,2026-01-31,2025-26,MIA,CHI,0,0.7263089
0022500697,2026-01-31,2025-26,CHA,SAS,1,0.47739145
0022500698,2026-01-31,2025-26,IND,ATL,1,0.41423193
0022500699,2026-01-31,2025-26,PHI,NOP,1,0.7549431
0022500700,2026-01-31,2025-26,MEM,MIN,0,0.21669914
0022500701,2026-01-31,2025-26,HOU,DAL,1,0.78392184
0022500702,2026-02-01,2025-26,BOS,MIL,1,0.8570843
0022500703,2026-02-01,2025-26,SAS,ORL,1,0.67341864
0022500704,2026-02-01,2025-26,DET,BKN,1,0.8912975
0022500705,2026-02-01,2025-26,MIA,CHI,1,0.6791642
0022500706,2026-02-01,2025-26,TOR,UTA,1,0.76511306
0022500707,2026-02-01,2025-26,WAS,SAC,1,0.5236166
0022500708,2026-02-01,2025-26,NYK,LAL,1,0.5399775
0022500709,2026-02-01,2025-26,PHX,LAC,0,0.570876
0022500710,2026-02-01,2025-26,POR,CLE,0,0.34682918
0022500711,2026-02-01,2025-26,DEN,OKC,0,0.35076854
0022500712,2026-02-02,2025-26,CHA,NOP,1,0.7146779
0022500713,2026-02-02,2025-26,IND,HOU,0,0.31887594
0022500714,2026-02-02,2025-26,MEM,MIN,1,0.25794703
0022500715,2026-02-02,2025-26,LAC,PHI,0,0.4771006
0022500716,2026-02-03,2025-26,DET,DEN,1,0.6056945
0022500717,2026-02-03,2025-26,IND,UTA,0,0.3574042
0022500718,2026-02-03,2025-26,WAS,NYK,0,0.2499273
0022500719,2026-02-03,2025-26,BKN,LAL,0,0.261806
0022500720,2026-02-03,2025-26,MIA,ATL,0,0.58507097
0022500721,2026-02-03,2025-26,DAL,BOS,0,0.26258433
0022500722,2026-02-03,2025-26,MIL,CHI,1,0.40631402
0022500723,2026-02-03,2025-26,OKC,ORL,1,0.83031476
0022500724,2026-02-03,2025-26,GSW,PHI,0,0.70992196
0022500725,2026-02-03,2025-26,POR,PHX,0,0.48858553
0022500726,2026-02-04,2025-26,NYK,DEN,1,0.423117
0022500727,2026-02-04,2025-26,TOR,MIN,0,0.49174458
0022500728,2026-02-04,2025-26,HOU,BOS,0,0.7079473
0022500729,2026-02-04,2025-26,MIL,NOP,1,0.39954585
0022500730,2026-02-04,2025-26,SAS,OKC,1,0.55289334
0022500731,2026-02-04,2025-26,SAC,MEM,0,0.53758246
0022500732,2026-02-04,2025-26,LAC,CLE,0,0.49138454
0022500733,2026-02-05,2025-26,DET,WAS,0,0.8973071
0022500734,2026-02-05,2025-26,ORL,BKN,1,0.7195719
0022500735,2026-02-05,2025-26,ATL,UTA,1,0.76845664
0022500736,2026-02-05,2025-26,TOR,CHI,1,0.7575918
0022500737,2026-02-05,2025-26,HOU,CHA,0,0.63008964
0022500738,2026-02-05,2025-26,DAL,SAS,0,0.37021068
0022500739,2026-02-05,2025-26,PHX,GSW,0,0.5059396
0022500740,2026-02-05,2025-26,LAL,PHI,1,0.6333123
0022500741,2026-02-06,2025-26,BOS,MIA,1,0.6716712
0022500742,2026-02-06,2025-26,DET,NYK,1,0.6165617
0022500743,2026-02-06,2025-26,MIL,IND,1,0.57416373
0022500744,2026-02-06,2025-26,MIN,NOP,0,0.7664204
0022500745,2026-02-06,2025-26,POR,MEM,1,0.7177244
0022500746,2026-02-06,2025-26,SAC,LAC,0,0.27924427
0022500747,2026-02-07,2025-26,BKN,WAS,1,0.7492769
0022500748,2026-02-07,2025-26,OKC,HOU,0,0.61911464
0022500749,2026-02-07,2025-26,SAS,DAL,1,0.80699486
0022500750,2026-02-07,2025-26,ORL,UTA,1,0.6902058
0022500751,2026-02-07,2025-26,ATL,CHA,0,0.44896364
0022500752,2026-02-07,2025-26,CHI,DEN,0,0.20778175
0022500753,2026-02-07,2025-26,LAL,GSW,1,0.62376344
0022500754,2026-02-07,2025-26,PHX,PHI,0,0.5031912
0022500755,2026-02-07,2025-26,POR,MEM,1,0.82342035
0022500756,2026-02-07,2025-26,SAC,CLE,0,0.10138375
0022500757,2026-02-08,2025-26,BOS,NYK,0,0.67377114
0022500758,2026-02-08,2025-26,WAS,MIA,0,0.19120468
0022500759,2026-02-08,2025-26,TOR,IND,1,0.7430639
0022500760,2026-02-08,2025-26,MIN,LAC,0,0.7089815
0022500761,2026-02-09,2025-26,CHA,DET,0,0.4306748
0022500762,2026-02-09,2025-26,BKN,CHI,1,0.44821817
0022500763,2026-02-09,2025-26,MIA,UTA,0,0.6049992
0022500764,2026-02-09,2025-26,ORL,MIL,1,0.7702957
0022500765,2026-02-09,2025-26,MIN,ATL,1,0.7850238
0022500766,2026-02-09,2025-26,NOP,SAC,1,0.78878
0022500767,2026-02-09,2025-26,DEN,CLE,0,0.5242709
0022500768,2026-02-09,2025-26,GSW,MEM,1,0.76501775
0022500769,2026-02-09,2025-26,LAL,OKC,0,0.45980555
0022500770,2026-02-09,2025-26,POR,PHI,1,0.55288684
0022500771,2026-02-10,2025-26,NYK,IND,0,0.7487894
0022500772,2026-02-10,2025-26,HOU,LAC,1,0.76849014
0022500773,2026-02-10,2025-26,PHX,DAL,1,0.7445044
0022500774,2026-02-10,2025-26,LAL,SAS,0,0.22480974
0022500775,2026-02-11,2025-26,CHA,ATL,1,0.58863187
0022500776,2026-02-11,2025-26,CLE,WAS,1,0.9112065
0022500777,2026-02-11,2025-26,ORL,MIL,0,0.7605036
0022500778,2026-02-11,2025-26,BOS,CHI,1,0.9002025
0022500779,2026-02-11,2025-26,BKN,IND,0,0.7224631
0022500780,2026-02-11,2025-26,PHI,NYK,0,0.5218249
0022500781,2026-02-11,2025-26,TOR,DET,0,0.4677353
0022500782,2026-02-11,2025-26,HOU,LAC,0,0.65441376
0022500783,2026-02-11,2025-26,MIN,POR,1,0.67001826
0022500784,2026-02-11,2025-26,NOP,MIA,0,0.55960375
0022500785,2026-02-11,2025-26,PHX,OKC,0,0.27470854
0022500786,2026-02-11,2025-26,UTA,SAC,1,0.8168991
0022500787,2026-02-11,2025-26,DEN,MEM,1,0.86711794
0022500788,2026-02-11,2025-26,GSW,SAS,0,0.4310663
0022500789,2026-02-12,2025-26,OKC,MIL,0,0.8434999
0022500790,2026-02-12,2025-26,UTA,POR,0,0.29695138
0022500791,2026-02-12,2025-26,LAL,DAL,1,0.7488206
0022500792,2026-02-19,2025-26,CHA,HOU,0,0.45439693
0022500793,2026-02-19,2025-26,CLE,BKN,1,0.90312654
0022500794,2026-02-19,2025-26,PHI,ATL,0,0.51023513
0022500795,2026-02-19,2025-26,WAS,IND,1,0.44853532
0022500796,2026-02-19,2025-26,NYK,DET,0,0.46577936
0022500797,2026-02-19,2025-26,CHI,TOR,0,0.36348912
0022500798,2026-02-19,2025-26,SAS,PHX,1,0.72665435
0022500799,2026-02-19,2025-26,GSW,BOS,0,0.37312675
0022500800,2026-02-19,2025-26,SAC,ORL,0,0.21949789
0022500801,2026-02-19,2025-26,LAC,DEN,1,0.42161298
0022500802,2026-02-20,2025-26,CHA,CLE,0,0.24142903
0022500803,2026-02-20,2025-26,WAS,IND,1,0.5131029
0022500804,2026-02-20,2025-26,MEM,UTA,1,0.461147
0022500805,2026-02-20,2025-26,ATL,MIA,0,0.5060995
0022500806,2026-02-20,2025-26,MIN,DAL,1,0.82990324
0022500807,2026-02-20,2025-26,NOP,MIL,0,0.6211731
0022500808,2026-02-20,2025-26,OKC,BKN,1,0.8957255
0022500809,2026-02-20,2025-26,LAL,LAC,1,0.724823
0022500810,2026-02-20,2025-26,POR,DEN,0,0.5037287
0022500811,2026-02-21,2025-26,PHX,ORL,1,0.6060408
0022500812,2026-02-21,2025-26,NOP,PHI,1,0.48816308
0022500813,2026-02-21,2025-26,MIA,MEM,1,0.83039576
0022500814,2026-02-21,2025-26,CHI,DET,0,0.21657869
0022500815,2026-02-21,2025-26,SAS,SAC,1,0.934493
0022500816,2026-02-21,2025-26,NYK,HOU,1,0.56732064
0022500817,2026-02-22,2025-26,OKC,CLE,1,0.40317377
0022500818,2026-02-22,2025-26,ATL,BKN,1,0.7029169
0022500819,2026-02-22,2025-26,MIL,TOR,0,0.45584613
0022500820,2026-02-22,2025-26,GSW,DEN,1,0.27538258
0022500821,2026-02-22,2025-26,IND,DAL,0,0.46985957
0022500822,2026-02-22,2025-26,WAS,CHA,0,0.26218954
0022500823,2026-02-22,2025-26,LAL,BOS,0,0.5847238
0022500824,2026-02-22,2025-26,MIN,PHI,0,0.796414
0022500825,2026-02-22,2025-26,CHI,NYK,0,0.26460475
0022500826,2026-02-22,2025-26,PHX,POR,0,0.35579365
0022500827,2026-02-22,2025-26,LAC,ORL,0,0.7620166
0022500828,2026-02-23,2025-26,DET,SAS,0,0.6063902
0022500829,2026-02-23,2025-26,MEM,SAC,0,0.5847944
0022500830,2026-02-23,2025-26,HOU,UTA,1,0.7800823
0022500831,2026-02-24,2025-26,IND,PHI,0,0.3280987
0022500832,2026-02-24,2025-26,ATL,WAS,1,0.80576134
0022500833,2026-02-24,2025-26,BKN,DAL,0,0.5294223
0022500834,2026-02-24,2025-26,TOR,OKC,0,0.49609175
0022500835,2026-02-24,2025-26,CLE,NYK,1,0.6983102
0022500836,2026-02-24,2025-26,CHI,CHA,0,0.25768113
0022500837,2026-02-24,2025-26,MIL,MIA,1,0.43529895
0022500838,2026-02-24,2025-26,NOP,GSW,1,0.48144847
0022500839,2026-02-24,2025-26,PHX,BOS,0,0.32296735
0022500840,2026-02-24,2025-26,LAL,ORL,0,0.7963057
0022500841,2026-02-24,2025-26,POR,MIN,0,0.39088902
0022500842,2026-02-25,2025-26,DET,OKC,1,0.82301676
0022500843,2026-02-25,2025-26,TOR,SAS,0,0.3919749
0022500844,2026-02-25,2025-26,MEM,GSW,0,0.38278157
0022500845,2026-02-25,2025-26,HOU,SAC,1,0.89130616
0022500846,2026-02-25,2025-26,MIL,CLE,1,0.3597678
0022500847,2026-02-25,2025-26,DEN,BOS,1,0.63831365
0022500848,2026-02-26,2025-26,IND,CHA,0,0.20588288
0022500849,2026-02-26,2025-26,PHI,MIA,1,0.56141055
0022500850,2026-02-26,2025-26,ATL,WAS,1,0.7934697
0022500851,2026-02-26,2025-26,BKN,SAS,0,0.19912802
0022500852,2026-02-26,2025-26,ORL,HOU,0,0.45229796
0022500853,2026-02-26,2025-26,CHI,POR,0,0.46568468
0022500854,2026-02-26,2025-26,DAL,SAC,0,0.8428404
0022500855,2026-02-26,2025-26,PHX,LAL,1,0.27019823
0022500856,2026-02-26,2025-26,UTA,NOP,0,0.26923758
0022500857,2026-02-26,2025-26,LAC,MIN,0,0.34534818
0022500858,2026-02-27,2025-26,DET,CLE,1,0.7257784
0022500859,2026-02-27,2025-26,BOS,BKN,1,0.8771506
0022500860,2026-02-27,2025-26,MIL,NYK,0,0.32577437
0022500861,2026-02-27,2025-26,DAL,MEM,0,0.6784111
0022500862,2026-02-27,2025-26,OKC,DEN,1,0.60758007
0022500863,2026-02-28,2025-26,CHA,POR,1,0.7758396
0022500864,2026-02-28,2025-26,MIA,HOU,1,0.45294327
0022500865,2026-02-28,2025-26,WAS,TOR,0,0.15327127
0022500866,2026-02-28,2025-26,GSW,LAL,0,0.4636434
0022500867,2026-02-28,2025-26,UTA,NOP,0,0.31975096
0022500868,2026-03-01,2025-26,NYK,SAS,1,0.4439492
0022500869,2026-03-01,2025-26,BKN,CLE,0,0.21399908
0022500870,2026-03-01,2025-26,CHI,MIL,1,0.33374685
0022500871,2026-03-01,2025-26,DEN,MIN,0,0.5754315
0022500872,2026-03-01,2025-26,IND,MEM,0,0.50970906
0022500873,2026-03-01,2025-26,ATL,POR,1,0.73394483
0022500874,2026-03-01,2025-26,BOS,PHI,1,0.7703353
0022500875,2026-03-01,2025-26,ORL,DET,0,0.27440235
0022500876,2026-03-01,2025-26,DAL,OKC,0,0.12123782
0022500877,2026-03-01,2025-26,LAC,NOP,1,0.73610914
0022500878,2026-03-01,2025-26,LAL,SAC,1,0.9037892
0022500879,2026-03-02,2025-26,WAS,HOU,0,0.14858608
0022500880,2026-03-02,2025-26,MIL,BOS,0,0.4365399
0022500881,2026-03-02,2025-26,UTA,DEN,0,0.16275652
0022500882,2026-03-02,2025-26,GSW,LAC,0,0.6034807
0022500883,2026-03-03,2025-26,CHA,DAL,1,0.8665708
0022500884,2026-03-03,2025-26,CLE,DET,1,0.45593414
0022500885,2026-03-03,2025-26,ORL,WAS,1,0.89452255
0022500886,2026-03-03,2025-26,MIA,BKN,1,0.8204649
0022500887,2026-03-03,2025-26,TOR,NYK,0,0.42290816
0022500888,2026-03-03,2025-26,PHI,SAS,0,0.24183385
0022500889,2026-03-03,2025-26,CHI,OKC,0,0.17928949
0022500890,2026-03-03,2025-26,MIN,MEM,1,0.8288881
0022500891,2026-03-03,2025-26,LAL,NOP,1,0.7210089
0022500892,2026-03-03,2025-26,SAC,PHX,0,0.19624054
0022500893,2026-03-04,2025-26,NYK,OKC,0,0.4278202
0022500894,2026-03-04,2025-26,BOS,CHA,0,0.68494034
0022500895,2026-03-04,2025-26,PHI,UTA,1,0.6476928
0022500896,2026-03-04,2025-26,MEM,POR,0,0.3176964
0022500897,2026-03-04,2025-26,MIL,ATL,0,0.46841097
0022500898,2026-03-04,2025-26,LAC,IND,1,0.77188385
0022500899,2026-03-05,2025-26,ORL,DAL,1,0.6641611
0022500900,2026-03-05,2025-26,WAS,UTA,0,0.53263396
0022500901,2026-03-05,2025-26,MIA,BKN,1,0.8379257
0022500902,2026-03-05,2025-26,HOU,GSW,0,0.8044157
0022500903,2026-03-05,2025-26,MIN,TOR,1,0.6048625
0022500904,2026-03-05,2025-26,SAS,DET,1,0.5400291
0022500905,2026-03-05,2025-26,PHX,CHI,0,0.8311466
0022500906,2026-03-05,2025-26,DEN,LAL,1,0.53746885
0022500907,2026-03-05,2025-26,SAC,NOP,0,0.19536124
0022500908,2026-03-06,2025-26,BOS,DAL,1,0.87890697
0022500909,2026-03-06,2025-26,CHA,MIA,0,0.7398623
0022500910,2026-03-06,2025-26,HOU,POR,1,0.68915987
0022500911,2026-03-06,2025-26,DEN,NYK,0,0.48615074
0022500912,2026-03-06,2025-26,PHX,NOP,1,0.5081271
0022500913,2026-03-06,2025-26,SAS,LAC,1,0.63235533
0022500914,2026-03-06,2025-26,LAL,IND,1,0.76863855
0022500915,2026-03-07,2025-26,MIN,ORL,0,0.6583899
0022500916,2026-03-07,2025-26,DET,BKN,0,0.86683756
0022500917,2026-03-07,2025-26,ATL,PHI,1,0.7236605
0022500918,2026-03-07,2025-26,MEM,LAC,0,0.2726434
0022500919,2026-03-07,2025-26,MIL,UTA,1,0.80554354
0022500920,2026-03-07,2025-26,OKC,GSW,1,0.8548388
0022500921,2026-03-08,2025-26,CLE,BOS,0,0.4839753
0022500922,2026-03-08,2025-26,LAL,NYK,1,0.44247642
0022500923,2026-03-08,2025-26,MIA,DET,1,0.47765562
0022500924,2026-03-08,2025-26,TOR,DAL,1,0.74145746
0022500925,2026-03-08,2025-26,NOP,WAS,1,0.86314505
0022500926,2026-03-08,2025-26,MIL,ORL,0,0.3611721
0022500927,2026-03-08,2025-26,SAS,HOU,1,0.63211274
0022500928,2026-03-08,2025-26,PHX,CHA,1,0.2587922
0022500929,2026-03-08,2025-26,POR,IND,1,0.708906
0022500930,2026-03-08,2025-26,SAC,CHI,1,0.28819463
0022500931,2026-03-09,2025-26,CLE,PHI,1,0.8840007
0022500932,2026-03-09,2025-26,BKN,MEM,1,0.459233
0022500933,2026-03-09,2025-26,OKC,DEN,1,0.611754
0022500934,2026-03-09,2025-26,UTA,GSW,1,0.40195265
0022500935,2026-03-09,2025-26,LAC,NYK,1,0.49826664
0022500936,2026-03-10,2025-26,PHI,MEM,1,0.63950515
0022500937,2026-03-10,2025-26,BKN,DET,0,0.13255605
0022500938,2026-03-10,2025-26,MIA,WAS,1,0.89788467
0022500939,2026-03-10,2025-26,ATL,DAL,1,0.743149
0022500940,2026-03-10,2025-26,HOU,TOR,1,0.63183683
0022500941,2026-03-10,2025-26,MIL,PHX,0,0.58344877
0022500942,2026-03-10,2025-26,SAS,BOS,1,0.5719316
0022500943,2026-03-10,2025-26,GSW,CHI,0,0.64032704
0022500944,2026-03-10,2025-26,POR,CHA,0,0.37764016
0022500945,2026-03-10,2025-26,SAC,IND,1,0.5059506
0022500946,2026-03-10,2025-26,LAL,MIN,1,0.55064726
0022500947,2026-03-11,2025-26,ORL,CLE,1,0.44674578
0022500948,2026-03-11,2025-26,NOP,TOR,1,0.5574008
0022500949,2026-03-11,2025-26,UTA,NYK,0,0.13486242
0022500950,2026-03-11,2025-26,DEN,HOU,1,0.66283125
0022500951,2026-03-11,2025-26,SAC,CHA,0,0.09743884
0022500952,2026-03-11,2025-26,LAC,MIN,1,0.5921739
0022500953,2026-03-12,2025-26,DET,PHI,1,0.88025993
0022500954,2026-03-12,2025-26,IND,PHX,0,0.27256015
0022500955,2026-03-12,2025-26,ORL,WAS,1,0.8496426
0022500956,2026-03-12,2025-26,ATL,BKN,1,0.8835537
0022500957,2026-03-12,2025-26,MIA,MIL,1,0.7066628
0022500958,2026-03-12,2025-26,SAS,DEN,0,0.5625479
0022500959,2026-03-12,2025-26,OKC,BOS,1,0.7199258
0022500960,2026-03-12,2025-26,LAL,CHI,1,0.88324213
0022501111,2026-03-12,2025-26,MEM,DAL,0,0.33342612
0022500961,2026-03-13,2025-26,DET,MEM,1,0.91411704
0022500962,2026-03-13,2025-26,IND,NYK,0,0.1629382
0022500963,2026-03-13,2025-26,TOR,PHX,1,0.6816668
0022500964,2026-03-13,2025-26,HOU,NOP,1,0.6194746
0022500965,2026-03-13,2025-26,DAL,CLE,0,0.2256598
0022500966,2026-03-13,2025-26,GSW,MIN,0,0.35912383
0022500967,2026-03-13,2025-26,POR,UTA,1,0.8542743
0022500968,2026-03-13,2025-26,LAC,CHI,1,0.89871925
0022500969,2026-03-14,2025-26,PHI,BKN,1,0.7051883
0022500970,2026-03-14,2025-26,ATL,MIL,1,0.7543627
0022500971,2026-03-14,2025-26,BOS,WAS,1,0.9158114
0022500972,2026-03-14,2025-26,MIA,ORL,0,0.60411894
0022500973,2026-03-14,2025-26,SAS,CHA,1,0.6313416
0022500974,2026-03-14,2025-26,LAL,DEN,1,0.48923066
0022500975,2026-03-14,2025-26,LAC,SAC,0,0.8809163
0022500976,2026-03-15,2025-26,OKC,MIN,1,0.8068663
0022500977,2026-03-15,2025-26,CLE,DAL,0,0.8267588
0022500978,2026-03-15,2025-26,TOR,DET,1,0.33338615
0022500979,2026-03-15,2025-26,MIL,IND,1,0.7769327
0022500980,2026-03-15,2025-26,PHI,POR,1,0.2635457
0022500981,2026-03-15,2025-26,NYK,GSW,1,0.90809405
0022500982,2026-03-15,2025-26,SAC,UTA,1,0.668927
0022500983,2026-03-16,2025-26,ATL,ORL,1,0.6214268
0022500984,2026-03-16,2025-26,WAS,GSW,0,0.42798576
0022500985,2026-03-16,2025-26,BKN,POR,0,0.22103903
0022500986,2026-03-16,2025-26,BOS,PHX,1,0.7628878
0022500987,2026-03-16,2025-26,CHI,MEM,1,0.69722813
0022500988,2026-03-16,2025-26,NOP,DAL,1,0.7803564
0022500989,2026-03-16,2025-26,HOU,LAL,0,0.45382327
0022500990,2026-03-16,2025-26,LAC,SAS,0,0.3426902
0022500991,2026-03-17,2025-26,CHA,MIA,1,0.6180873
0022500992,2026-03-17,2025-26,ORL,OKC,0,0.2210412
0022500993,2026-03-17,2025-26,WAS,DET,0,0.0795355
0022500994,2026-03-17,2025-26,NYK,IND,1,0.9050496
0022500995,2026-03-17,2025-26,MIL,CLE,0,0.30166772
0022500996,2026-03-17,2025-26,MIN,PHX,1,0.6786082
0022500997,2026-03-17,2025-26,DEN,PHI,1,0.88083035
0022500998,2026-03-17,2025-26,SAC,SAS,0,0.15877178
0022500651,2026-03-18,2025-26,MEM,DEN,1,0.14663376
0022500999,2026-03-18,2025-26,BOS,GSW,1,0.82841104
0022501000,2026-03-18,2025-26,BKN,OKC,0,0.08123363
0022501001,2026-03-18,2025-26,IND,POR,0,0.17927016
0022501002,2026-03-18,2025-26,CHI,TOR,0,0.32482913
0022501004,2026-03-18,2025-26,MIN,UTA,1,0.8167136
0022501005,2026-03-18,2025-26,NOP,LAC,1,0.51074666
0022501006,2026-03-18,2025-26,DAL,ATL,0,0.27394873
0022501007,2026-03-18,2025-26,HOU,LAL,0,0.45553917
0022501008,2026-03-19,2025-26,CHA,ORL,1,0.7639458
0022501009,2026-03-19,2025-26,WAS,DET,0,0.13458247
0022501010,2026-03-19,2025-26,MIA,LAL,0,0.5028607
0022501011,2026-03-19,2025-26,CHI,CLE,0,0.26203167
0022501012,2026-03-19,2025-26,NOP,LAC,1,0.6444514
0022501013,2026-03-19,2025-26,SAS,PHX,1,0.83781755
0022501014,2026-03-19,2025-26,UTA,MIL,1,0.2705007
0022501015,2026-03-19,2025-26,SAC,PHI,0,0.55890524
0022501016,2026-03-20,2025-26,BKN,NYK,0,0.09130042
0022501017,2026-03-20,2025-26,DET,GSW,1,0.7192305
0022501018,2026-03-20,2025-26,HOU,ATL,1,0.47559395
0022501019,2026-03-20,2025-26,MEM,BOS,0,0.12988691
0022501020,2026-03-20,2025-26,MIN,POR,0,0.5282327
0022501021,2026-03-20,2025-26,DEN,TOR,1,0.7035709
0022501022,2026-03-21,2025-26,WAS,OKC,0,0.061123323
0022501023,2026-03-21,2025-26,CHA,MEM,1,0.93267316
0022501024,2026-03-21,2025-26,ORL,LAL,0,0.3658664
0022501025,2026-03-21,2025-26,NOP,CLE,0,0.4359699
0022501026,2026-03-21,2025-26,ATL,GSW,1,0.773864
0022501027,2026-03-21,2025-26,HOU,MIA,1,0.5055708
0022501028,2026-03-21,2025-26,SAS,IND,1,0.8725335
0022501029,2026-03-21,2025-26,DAL,LAC,0,0.27915367
0022501030,2026-03-21,2025-26,UTA,PHI,0,0.49437684
0022501031,2026-03-21,2025-26,PHX,MIL,0,0.6620566
0022501032,2026-03-22,2025-26,DEN,POR,1,0.7072887
0022501033,2026-03-22,2025-26,SAC,BKN,1,0.6435005
0022501034,2026-03-22,2025-26,NYK,WAS,1,0.9481445
0022501035,2026-03-22,2025-26,BOS,MIN,0,0.74939907
0022501036,2026-03-22,2025-26,PHX,TOR,1,0.30766323
0022501037,2026-03-23,2025-26,ATL,MEM,1,0.87499076
0022501038,2026-03-23,2025-26,DET,LAL,1,0.5348626
0022501039,2026-03-23,2025-26,ORL,IND,0,0.7110185
0022501040,2026-03-23,2025-26,PHI,OKC,0,0.10606985
0022501041,2026-03-23,2025-26,MIA,SAS,0,0.41720104
0022501042,2026-03-23,2025-26,CHI,HOU,1,0.2920139
0022501043,2026-03-23,2025-26,UTA,TOR,0,0.3075432
0022501044,2026-03-23,2025-26,DAL,GSW,0,0.36462867
0022501045,2026-03-23,2025-26,POR,BKN,1,0.88640434
0022501046,2026-03-23,2025-26,LAC,MIL,1,0.8115863
0022501047,2026-03-24,2025-26,CHA,SAC,1,0.91677743
0022501048,2026-03-24,2025-26,NYK,NOP,1,0.71285194
0022501049,2026-03-24,2025-26,CLE,ORL,1,0.771083
0022501050,2026-03-24,2025-26,PHX,DEN,0,0.3016582
0022501051,2026-03-25,2025-26,DET,ATL,0,0.5671133
0022501052,2026-03-25,2025-26,IND,LAL,0,0.19600436
0022501053,2026-03-25,2025-26,PHI,CHI,1,0.7075896
0022501054,2026-03-25,2025-26,BOS,OKC,1,0.44588977
0022501055,2026-03-25,2025-26,CLE,MIA,0,0.5576769
0022501056,2026-03-25,2025-26,MEM,SAS,0,0.103874326
0022501057,2026-03-25,2025-26,UTA,WAS,0,0.6311198
0022501058,2026-03-25,2025-26,MIN,HOU,1,0.55717003
0022501059,2026-03-25,2025-26,DEN,DAL,1,0.84660655
0022501060,2026-03-25,2025-26,GSW,BKN,1,0.85341036
0022501061,2026-03-25,2025-26,POR,MIL,1,0.838953
0022501062,2026-03-25,2025-26,LAC,TOR,1,0.6577258
0022501063,2026-03-26,2025-26,CHA,NYK,1,0.5759924
0022501064,2026-03-26,2025-26,DET,NOP,1,0.5862507
0022501065,2026-03-26,2025-26,ORL,SAC,1,0.88562566
0022501066,2026-03-27,2025-26,IND,LAC,0,0.23674548
0022501067,2026-03-27,2025-26,BOS,ATL,1,0.57786804
0022501068,2026-03-27,2025-26,CLE,MIA,1,0.574261
0022501069,2026-03-27,2025-26,MEM,HOU,0,0.1590013
0022501070,2026-03-27,2025-26,OKC,CHI,1,0.8991041
0022501071,2026-03-27,2025-26,TOR,NOP,1,0.719576
0022501072,2026-03-27,2025-26,DEN,UTA,1,0.93471974
0022501073,2026-03-27,2025-26,GSW,WAS,1,0.75278723
0022501074,2026-03-27,2025-26,POR,DAL,0,0.7886468
0022501075,2026-03-27,2025-26,LAL,BKN,1,0.9324015
0022501076,2026-03-28,2025-26,MIL,SAS,0,0.113214925
0022501077,2026-03-28,2025-26,CHA,PHI,0,0.65520555
0022501078,2026-03-28,2025-26,ATL,SAC,1,0.8498786
0022501079,2026-03-28,2025-26,MEM,CHI,1,0.27295828
0022501080,2026-03-28,2025-26,MIN,DET,0,0.43305764
0022501081,2026-03-28,2025-26,PHX,UTA,1,0.87725383
0022501082,2026-03-29,2025-26,MIL,LAC,0,0.12091993
0022501083,2026-03-29,2025-26,IND,MIA,1,0.25728777
0022501084,2026-03-29,2025-26,BKN,SAC,1,0.59388053
0022501085,2026-03-29,2025-26,CHA,BOS,0,0.61382073
0022501086,2026-03-29,2025-26,TOR,ORL,1,0.45930827
0022501087,2026-03-29,2025-26,POR,WAS,1,0.8607414
0022501088,2026-03-29,2025-26,NOP,HOU,0,0.4605804
0022501089,2026-03-29,2025-26,OKC,NYK,1,0.72640777
0022501090,2026-03-29,2025-26,DEN,GSW,1,0.83146673
0022501091,2026-03-30,2025-26,MIA,PHI,1,0.46748403
0022501092,2026-03-30,2025-26,ATL,BOS,1,0.7028763
0022501093,2026-03-30,2025-26,MEM,PHX,0,0.1920557
0022501094,2026-03-30,2025-26,SAS,CHI,1,0.88742656
0022501095,2026-03-30,2025-26,DAL,MIN,0,0.3143317
0022501096,2026-03-30,2025-26,UTA,CLE,0,0.13483787
0022501097,2026-03-30,2025-26,OKC,DET,1,0.700361
0022501098,2026-03-30,2025-26,LAL,WAS,1,0.88649774
0022500652,2026-03-31,2025-26,MIL,DAL,1,0.5578313
0022501099,2026-03-31,2025-26,ORL,PHX,1,0.5629456
0022501100,2026-03-31,2025-26,BKN,CHA,0,0.11049104
0022501101,2026-03-31,2025-26,DET,TOR,1,0.61637396
0022501102,2026-03-31,2025-26,HOU,NYK,1,0.4897367
0022501103,2026-03-31,2025-26,LAL,CLE,1,0.582432
0022501104,2026-03-31,2025-26,LAC,POR,0,0.70620656
0022501003,2026-04-01,2025-26,MEM,NYK,0,0.16829346
0022501105,2026-04-01,2025-26,WAS,PHI,0,0.2260856
0022501106,2026-04-01,2025-26,MIA,BOS,0,0.43324086
0022501107,2026-04-01,2025-26,ORL,ATL,0,0.40051353
0022501108,2026-04-01,2025-26,TOR,SAC,0,0.8479476
0022501109,2026-04-01,2025-26,CHI,IND,0,0.6662601
0022501110,2026-04-01,2025-26,HOU,MIL,1,0.9226877
0022501112,2026-04-01,2025-26,UTA,DEN,0,0.12542082
0022501113,2026-04-01,2025-26,GSW,SAS,0,0.10887773
0022501114,2026-04-02,2025-26,CHA,PHX,1,0.65003204
0022501115,2026-04-02,2025-26,DET,MIN,1,0.73309445
0022501116,2026-04-02,2025-26,OKC,LAL,1,0.6645339
0022501117,2026-04-02,2025-26,GSW,CLE,0,0.23532303
0022501118,2026-04-02,2025-26,POR,NOP,1,0.61178094
0022501119,2026-04-02,2025-26,LAC,SAS,0,0.5939262
0022501120,2026-04-03,2025-26,CHA,IND,1,0.8269738
0022501121,2026-04-03,2025-26,PHI,MIN,1,0.7353371
0022501122,2026-04-03,2025-26,BKN,ATL,0,0.14035124
0022501123,2026-04-03,2025-26,NYK,CHI,1,0.8234528
0022501124,2026-04-03,2025-26,HOU,UTA,1,0.90307784
0022501125,2026-04-03,2025-26,MEM,TOR,0,0.14842395
0022501126,2026-04-03,2025-26,MIL,BOS,0,0.12839083
0022501127,2026-04-03,2025-26,DAL,ORL,0,0.30483764
0022501128,2026-04-03,2025-26,SAC,NOP,1,0.34582308
0022501129,2026-04-04,2025-26,MIA,WAS,1,0.88002557
0022501130,2026-04-04,2025-26,DEN,SAS,1,0.5123547
0022501131,2026-04-04,2025-26,PHI,DET,0,0.35790595
0022501132,2026-04-05,2025-26,BOS,TOR,1,0.75785094
0022501133,2026-04-05,2025-26,BKN,WAS,1,0.45889
0022501134,2026-04-05,2025-26,CHI,PHX,0,0.23195331
0022501135,2026-04-05,2025-26,MIL,MEM,1,0.8338947
0022501136,2026-04-05,2025-26,CLE,IND,1,0.8861715
0022501137,2026-04-05,2025-26,MIN,CHA,0,0.37107232
0022501138,2026-04-05,2025-26,NOP,ORL,0,0.32605264
0022501139,2026-04-05,2025-26,OKC,UTA,1,0.9565526
0022501140,2026-04-05,2025-26,DAL,LAL,1,0.4018313
0022501141,2026-04-05,2025-26,SAC,LAC,0,0.19835258
0022501142,2026-04-05,2025-26,GSW,HOU,0,0.37001804
0022501143,2026-04-06,2025-26,ATL,NYK,0,0.60806745
0022501144,2026-04-06,2025-26,ORL,DET,1,0.29165936
0022501145,2026-04-06,2025-26,MEM,CLE,0,0.111390874
0022501146,2026-04-06,2025-26,SAS,PHI,1,0.61836845
0022501147,2026-04-06,2025-26,DEN,POR,1,0.69493073
0022501148,2026-04-07,2025-26,WAS,CHI,0,0.44999477
0022501149,2026-04-07,2025-26,BOS,CHA,1,0.6944558
0022501150,2026-04-07,2025-26,BKN,MIL,1,0.33104286
0022501151,2026-04-07,2025-26,TOR,MIA,1,0.5703426
0022501152,2026-04-07,2025-26,IND,MIN,0,0.20087306
0022501153,2026-04-07,2025-26,NOP,UTA,1,0.45001465
0022501154,2026-04-07,2025-26,GSW,SAC,1,0.78428185
0022501155,2026-04-07,2025-26,LAL,OKC,0,0.10153953
0022501156,2026-04-07,2025-26,LAC,DAL,1,0.85587674
0022501157,2026-04-07,2025-26,PHX,HOU,0,0.47827256
0022501158,2026-04-08,2025-26,CLE,ATL,1,0.55375606
0022501159,2026-04-08,2025-26,ORL,MIN,1,0.72920096
0022501160,2026-04-08,2025-26,DET,MIL,1,0.9401342
0022501161,2026-04-08,2025-26,SAS,POR,1,0.68899554
0022501162,2026-04-08,2025-26,DEN,MEM,1,0.9587695
0022501163,2026-04-08,2025-26,LAC,OKC,0,0.31232288
0022501164,2026-04-08,2025-26,PHX,DAL,1,0.8857996
0022501165,2026-04-09,2025-26,TOR,MIA,1,0.5855439
0022501166,2026-04-09,2025-26,WAS,CHI,0,0.37931305
0022501167,2026-04-09,2025-26,BKN,IND,0,0.3522774
0022501168,2026-04-09,2025-26,NYK,BOS,1,0.46122706
0022501169,2026-04-09,2025-26,HOU,PHI,1,0.6616789
0022501170,2026-04-09,2025-26,GSW,LAL,0,0.41896358
0022501171,2026-04-10,2025-26,CHA,DET,0,0.44225734
0022501172,2026-04-10,2025-26,WAS,MIA,0,0.15333772
0022501173,2026-04-10,2025-26,ATL,CLE,1,0.71269596
0022501174,2026-04-10,2025-26,BOS,NOP,1,0.9405881
0022501175,2026-04-10,2025-26,IND,PHI,0,0.18245195
0022501176,2026-04-10,2025-26,NYK,TOR,1,0.71208936
0022501177,2026-04-10,2025-26,CHI,ORL,0,0.22327198
0022501178,2026-04-10,2025-26,HOU,MIN,0,0.6882445
0022501179,2026-04-10,2025-26,MIL,BKN,1,0.8849594
0022501180,2026-04-10,2025-26,SAS,DAL,1,0.93711853
0022501181,2026-04-10,2025-26,UTA,MEM,1,0.7540402
0022501182,2026-04-10,2025-26,DEN,OKC,1,0.40014294
0022501183,2026-04-10,2025-26,POR,LAC,1,0.47766355
0022501184,2026-04-10,2025-26,SAC,GSW,1,0.31204712
0022501185,2026-04-10,2025-26,LAL,PHX,1,0.4768885
0022501186,2026-04-12,2025-26,BOS,ORL,1,0.24688892
0022501187,2026-04-12,2025-26,CLE,WAS,1,0.79600275
0022501188,2026-04-12,2025-26,IND,DET,0,0.11245512
0022501189,2026-04-12,2025-26,MIA,ATL,1,0.9155665
0022501190,2026-04-12,2025-26,NYK,CHA,0,0.19922395
0022501191,2026-04-12,2025-26,PHI,MIL,1,0.85618764
0022501192,2026-04-12,2025-26,TOR,BKN,1,0.95097
0022501193,2026-04-12,2025-26,DAL,CHI,1,0.5217314
0022501194,2026-04-12,2025-26,HOU,MEM,1,0.93284315
0022501195,2026-04-12,2025-26,MIN,NOP,1,0.7512246
0022501196,2026-04-12,2025-26,OKC,PHX,0,0.4141478
0022501197,2026-04-12,2025-26,SAS,DEN,0,0.6388225
0022501198,2026-04-12,2025-26,LAL,UTA,1,0.8367523
0022501199,2026-04-12,2025-26,LAC,GSW,1,0.6337817
0022501200,2026-04-12,2025-26,POR,SAC,1,0.86550796
