game_id,date,season,home,away,home_win,p_home
0022400061,2024-10-22,2024-25,BOS,NYK,1,0.5062298
0022400062,2024-10-22,2024-25,LAL,MIN,1,0.59959316
0022400063,2024-10-23,2024-25,DET,IND,0,0.21999368
0022400064,2024-10-23,2024-25,ATL,BKN,1,0.72078145
0022400065,2024-10-23,2024-25,MIA,ORL,0,0.5871781
0022400066,2024-10-23,2024-25,PHI,MIL,0,0.6095009
0022400067,2024-10-23,2024-25,TOR,CLE,0,0.29312688
0022400068,2024-10-23,2024-25,HOU,CHA,0,0.7483704
0022400069,2024-10-23,2024-25,NOP,CHI,1,0.6618905
0022400070,2024-10-23,2024-25,UTA,MEM,0,0.60202783
0022400071,2024-10-23,2024-25,LAC,PHX,0,0.25498924
0022400072,2024-10-23,2024-25,POR,GSW,0,0.24502118
0022400073,2024-10-24,2024-25,WAS,BOS,0,0.27307034
0022400074,2024-10-24,2024-25,DAL,SAS,1,0.47475716
0022400075,2024-10-24,2024-25,DEN,OKC,0,0.5694653
0022400076,2024-10-24,2024-25,SAC,MIN,0,0.70338345
0022400077,2024-10-25,2024-25,ORL,BKN,1,0.8075503
0022400078,2024-10-25,2024-25,TOR,PHI,1,0.42500502
0022400079,2024-10-25,2024-25,ATL,CHA,1,0.7476692
0022400080,2024-10-25,2024-25,CLE,DET,1,0.72823054
0022400081,2024-10-25,2024-25,NYK,IND,1,0.5607055
0022400082,2024-10-25,2024-25,HOU,MEM,1,0.71110785
0022400083,2024-10-25,2024-25,MIL,CHI,0,0.6468975
0022400084,2024-10-25,2024-25,UTA,GSW,0,0.26735967
0022400085,2024-10-25,2024-25,LAL,PHX,1,0.59016013
0022400086,2024-10-25,2024-25,POR,NOP,0,0.31333527
0022400087,2024-10-26,2024-25,DEN,LAC,0,0.7499888
0022400088,2024-10-26,2024-25,CHA,MIA,0,0.26308537
0022400089,2024-10-26,2024-25,DET,BOS,0,0.22820884
0022400090,2024-10-26,2024-25,WAS,CLE,0,0.28866237
0022400091,2024-10-26,2024-25,CHI,OKC,0,0.3307452
0022400092,2024-10-26,2024-25,MEM,ORL,1,0.28784266
0022400093,2024-10-26,2024-25,MIN,TOR,1,0.85303
0022400094,2024-10-26,2024-25,SAS,HOU,1,0.5089641
0022400095,2024-10-26,2024-25,PHX,DAL,1,0.38851026
0022400096,2024-10-26,2024-25,LAL,SAC,1,0.44941616
0022400097,2024-10-27,2024-25,IND,PHI,0,0.67121994
0022400098,2024-10-27,2024-25,BKN,MIL,1,0.33288443
0022400099,2024-10-27,2024-25,POR,NOP,1,0.29451376
0022400100,2024-10-27,2024-25,OKC,ATL,1,0.6697333
0022400101,2024-10-27,2024-25,GSW,LAC,0,0.7852757
0022400102,2024-10-28,2024-25,ORL,IND,1,0.7293205
0022400103,2024-10-28,2024-25,ATL,WAS,0,0.746344
0022400104,2024-10-28,2024-25,BOS,MIL,1,0.80586004
0022400105,2024-10-28,2024-25,MIA,DET,1,0.7106892
0022400106,2024-10-28,2024-25,NYK,CLE,0,0.52697146
0022400107,2024-10-28,2024-25,TOR,DEN,0,0.25780034
0022400108,2024-10-28,2024-25,MEM,CHI,0,0.47441489
0022400109,2024-10-28,2024-25,SAS,HOU,0,0.36023375
0022400110,2024-10-28,2024-25,DAL,UTA,1,0.8559781
0022400111,2024-10-28,2024-25,PHX,LAL,1,0.4156352
0022400112,2024-10-28,2024-25,SAC,POR,1,0.8689313
0022400113,2024-10-29,2024-25,BKN,DEN,0,0.36246428
0022400114,2024-10-29,2024-25,MIN,DAL,0,0.6124051
0022400115,2024-10-29,2024-25,UTA,SAC,0,0.18377306
0022400116,2024-10-29,2024-25,GSW,NOP,1,0.67743707
0022400117,2024-10-30,2024-25,CHA,TOR,1,0.5341547
0022400118,2024-10-30,2024-25,CLE,LAL,1,0.51997006
0022400119,2024-10-30,2024-25,IND,BOS,1,0.36686864
0022400120,2024-10-30,2024-25,PHI,DET,0,0.61860245
0022400121,2024-10-30,2024-25,WAS,ATL,1,0.29397506
0022400122,2024-10-30,2024-25,MIA,NYK,0,0.5671593
0022400123,2024-10-30,2024-25,CHI,ORL,1,0.41792604
0022400124,2024-10-30,2024-25,MEM,BKN,0,0.6431838
0022400125,2024-10-30,2024-25,OKC,SAS,1,0.8183658
0022400126,2024-10-30,2024-25,GSW,NOP,1,0.6393951
0022400127,2024-10-30,2024-25,LAC,POR,0,0.7199517
0022400128,2024-10-31,2024-25,MEM,MIL,1,0.41904974
0022400129,2024-10-31,2024-25,DAL,HOU,0,0.65374035
0022400130,2024-10-31,2024-25,UTA,SAS,0,0.480466
0022400131,2024-10-31,2024-25,LAC,PHX,0,0.36721307
0022400132,2024-11-01,2024-25,CHA,BOS,0,0.19760366
0022400133,2024-11-01,2024-25,CLE,ORL,1,0.5834277
0022400134,2024-11-01,2024-25,DET,NYK,0,0.34720877
0022400135,2024-11-01,2024-25,ATL,SAC,0,0.28689808
0022400136,2024-11-01,2024-25,BKN,CHI,1,0.42461416
0022400137,2024-11-01,2024-25,TOR,LAL,0,0.22562137
0022400138,2024-11-01,2024-25,NOP,IND,1,0.43606624
0022400139,2024-11-01,2024-25,MIN,DEN,1,0.61746585
0022400140,2024-11-01,2024-25,POR,OKC,0,0.22807214
0022400141,2024-11-02,2024-25,CHA,BOS,0,0.19022629
0022400142,2024-11-02,2024-25,PHI,MEM,0,0.6127993
0022400143,2024-11-02,2024-25,TOR,SAC,1,0.16269656
0022400144,2024-11-02,2024-25,HOU,GSW,0,0.5003232
0022400145,2024-11-02,2024-25,MIL,CLE,0,0.47772253
0022400146,2024-11-02,2024-25,SAS,MIN,1,0.45453832
0022400148,2024-11-02,2024-25,DEN,UTA,1,0.8224151
0022400149,2024-11-02,2024-25,PHX,POR,1,0.8302194
0022400150,2024-11-02,2024-25,LAC,OKC,0,0.37327468
0022400151,2024-11-03,2024-25,BKN,DET,0,0.5599074
0022400152,2024-11-03,2024-25,NOP,ATL,0,0.55386376
0022400153,2024-11-03,2024-25,DAL,ORL,1,0.67185843
0022400154,2024-11-04,2024-25,CLE,MIL,1,0.6525356
0022400155,2024-11-04,2024-25,WAS,GSW,0,0.26983902
0022400156,2024-11-04,2024-25,DET,LAL,1,0.26057115
0022400157,2024-11-04,2024-25,ATL,BOS,0,0.2415209
0022400158,2024-11-04,2024-25,BKN,MEM,1,0.45653403
0022400159,2024-11-04,2024-25,MIA,SAC,0,0.44720906
0022400160,2024-11-04,2024-25,CHI,UTA,0,0.8030325
0022400161,2024-11-04,2024-25,HOU,NYK,1,0.4004092
0022400162,2024-11-04,2024-25,MIN,CHA,1,0.81159776
0022400163,2024-11-04,2024-25,OKC,ORL,1,0.8331427
0022400164,2024-11-04,2024-25,NOP,POR,0,0.43451276
0022400165,2024-11-04,2024-25,DAL,IND,0,0.6742384
0022400166,2024-11-04,2024-25,DEN,TOR,1,0.8124044
0022400167,2024-11-04,2024-25,PHX,PHI,1,0.7487201
0022400168,2024-11-04,2024-25,LAC,SAS,1,0.6026123
0022400169,2024-11-06,2024-25,CHA,DET,1,0.4416137
0022400170,2024-11-06,2024-25,IND,ORL,1,0.65314764
0022400171,2024-11-06,2024-25,ATL,NYK,1,0.33610308
0022400172,2024-11-06,2024-25,BOS,GSW,0,0.704839
0022400173,2024-11-06,2024-25,HOU,SAS,1,0.6272648
0022400174,2024-11-06,2024-25,MEM,LAL,1,0.37706977
0022400175,2024-11-06,2024-25,NOP,CLE,0,0.29241827
0022400176,2024-11-06,2024-25,DAL,CHI,1,0.7898501
0022400177,2024-11-06,2024-25,DEN,OKC,1,0.3362217
0022400178,2024-11-06,2024-25,PHX,MIA,1,0.62823236
0022400179,2024-11-06,2024-25,LAC,PHI,1,0.5821245
0022400180,2024-11-06,2024-25,SAC,TOR,1,0.8619065
0022400181,2024-11-07,2024-25,CHI,MIN,0,0.27886528
0022400182,2024-11-07,2024-25,MIL,UTA,1,0.802484
0022400183,2024-11-07,2024-25,SAS,POR,1,0.59803694
0022400184,2024-11-08,2024-25,CHA,IND,1,0.35846096
0022400185,2024-11-08,2024-25,DET,ATL,1,0.5417724
0022400186,2024-11-08,2024-25,ORL,NOP,1,0.62830275
0022400187,2024-11-08,2024-25,BOS,BKN,1,0.82562697
0022400188,2024-11-08,2024-25,CLE,GSW,1,0.55560553
0022400189,2024-11-08,2024-25,NYK,MIL,1,0.74152404
0022400190,2024-11-08,2024-25,DAL,PHX,0,0.5365563
0022400191,2024-11-08,2024-25,MEM,WAS,1,0.7743854
0022400192,2024-11-08,2024-25,OKC,HOU,1,0.736009
0022400193,2024-11-08,2024-25,MIN,POR,1,0.8274744
0022400194,2024-11-08,2024-25,DEN,MIA,1,0.45224443
0022400195,2024-11-08,2024-25,LAL,PHI,1,0.57587177
0022400196,2024-11-08,2024-25,SAC,LAC,0,0.70946103
0022400197,2024-11-09,2024-25,SAS,UTA,0,0.78388613
0022400198,2024-11-09,2024-25,ATL,CHI,0,0.55798256
0022400199,2024-11-09,2024-25,CLE,BKN,1,0.7963323
0022400200,2024-11-09,2024-25,LAC,TOR,1,0.7337644
0022400201,2024-11-10,2024-25,DET,HOU,0,0.42490125
0022400202,2024-11-10,2024-25,MIL,BOS,0,0.33765242
0022400203,2024-11-10,2024-25,IND,NYK,1,0.38637012
0022400204,2024-11-10,2024-25,ORL,WAS,1,0.77450514
0022400205,2024-11-10,2024-25,PHI,CHA,1,0.5705852
0022400206,2024-11-10,2024-25,MIN,MIA,0,0.6656424
0022400207,2024-11-10,2024-25,OKC,GSW,0,0.6710403
0022400208,2024-11-10,2024-25,DEN,DAL,1,0.51812917
0022400209,2024-11-10,2024-25,PHX,SAC,0,0.513838
0022400210,2024-11-10,2024-25,POR,MEM,0,0.45132038
0022400211,2024-11-10,2024-25,LAL,TOR,1,0.81481147
0022400212,2024-11-11,2024-25,CHI,CLE,0,0.31053963
0022400213,2024-11-11,2024-25,HOU,WAS,1,0.84795296
0022400214,2024-11-11,2024-25,NOP,BKN,0,0.35389537
0022400215,2024-11-11,2024-25,OKC,LAC,1,0.680278
0022400216,2024-11-11,2024-25,SAS,SAC,1,0.39837068
0022400001,2024-11-12,2024-25,BOS,ATL,0,0.82140183
0022400002,2024-11-12,2024-25,DET,MIA,1,0.43215472
0022400003,2024-11-12,2024-25,ORL,CHA,1,0.63935155
0022400004,2024-11-12,2024-25,PHI,NYK,0,0.3277834
0022400005,2024-11-12,2024-25,MIL,TOR,1,0.7248361
0022400006,2024-11-12,2024-25,UTA,PHX,0,0.23993419
0022400007,2024-11-12,2024-25,GSW,DAL,1,0.6295991
0022400008,2024-11-12,2024-25,POR,MIN,1,0.2120994
0022400217,2024-11-13,2024-25,ORL,IND,1,0.5011598
0022400218,2024-11-13,2024-25,BKN,BOS,0,0.30000013
0022400219,2024-11-13,2024-25,NYK,CHI,0,0.7397375
0022400220,2024-11-13,2024-25,PHI,CLE,0,0.2490997
0022400221,2024-11-13,2024-25,OKC,NOP,1,0.86956173
0022400222,2024-11-13,2024-25,HOU,LAC,1,0.5212817
0022400223,2024-11-13,2024-25,MIL,DET,1,0.64485013
0022400224,2024-11-13,2024-25,SAS,WAS,1,0.78700465
0022400225,2024-11-13,2024-25,LAL,MEM,1,0.6724659
0022400226,2024-11-13,2024-25,POR,MIN,1,0.23813862
0022400227,2024-11-13,2024-25,SAC,PHX,1,0.73321337
0022400228,2024-11-14,2024-25,UTA,DAL,1,0.20608655
0022400009,2024-11-15,2024-25,IND,MIA,0,0.5061704
0022400010,2024-11-15,2024-25,ORL,PHI,1,0.6946276
0022400011,2024-11-15,2024-25,TOR,DET,0,0.5192123
0022400012,2024-11-15,2024-25,ATL,WAS,1,0.73261577
0022400013,2024-11-15,2024-25,CLE,CHI,1,0.8099175
0022400014,2024-11-15,2024-25,NYK,BKN,1,0.77831835
0022400015,2024-11-15,2024-25,SAS,LAL,0,0.40947068
0022400016,2024-11-15,2024-25,HOU,LAC,1,0.5732362
0022400017,2024-11-15,2024-25,NOP,DEN,1,0.23677273
0022400018,2024-11-15,2024-25,OKC,PHX,1,0.75932086
0022400019,2024-11-15,2024-25,GSW,MEM,1,0.71782446
0022400020,2024-11-15,2024-25,SAC,MIN,0,0.6245802
0022400229,2024-11-16,2024-25,CHA,MIL,1,0.48306683
0022400230,2024-11-16,2024-25,BOS,TOR,1,0.8872621
0022400231,2024-11-16,2024-25,NOP,LAL,0,0.22855845
0022400232,2024-11-16,2024-25,DAL,SAS,1,0.69002855
0022400233,2024-11-16,2024-25,SAC,UTA,1,0.84388447
0022400234,2024-11-17,2024-25,MIN,PHX,1,0.6787623
0022400235,2024-11-17,2024-25,IND,MIA,1,0.46238545
0022400236,2024-11-17,2024-25,CLE,CHA,1,0.85377175
0022400237,2024-11-17,2024-25,WAS,DET,0,0.34940234
0022400238,2024-11-17,2024-25,MEM,DEN,1,0.55690444
0022400239,2024-11-17,2024-25,POR,ATL,1,0.3960576
0022400240,2024-11-17,2024-25,NYK,BKN,1,0.7644345
0022400241,2024-11-17,2024-25,CHI,HOU,0,0.37884736
0022400242,2024-11-17,2024-25,OKC,DAL,0,0.7074256
0022400243,2024-11-17,2024-25,LAC,UTA,1,0.8619034
0022400244,2024-11-18,2024-25,DET,CHI,0,0.6562046
0022400245,2024-11-18,2024-25,MIA,PHI,1,0.5910448
0022400246,2024-11-18,2024-25,NYK,WAS,1,0.858454
0022400247,2024-11-18,2024-25,TOR,IND,1,0.4649096
0022400248,2024-11-18,2024-25,MIL,HOU,1,0.4481318
0022400249,2024-11-18,2024-25,PHX,ORL,0,0.43356964
0022400250,2024-11-18,2024-25,SAC,ATL,0,0.74605376
0022400251,2024-11-18,2024-25,LAC,GSW,1,0.3527395
0022400021,2024-11-19,2024-25,BOS,CLE,1,0.6380627
0022400022,2024-11-19,2024-25,BKN,CHA,1,0.53175926
0022400023,2024-11-19,2024-25,MEM,DEN,0,0.6035232
0022400024,2024-11-19,2024-25,DAL,NOP,1,0.8569477
0022400025,2024-11-19,2024-25,SAS,OKC,1,0.3262045
0022400026,2024-11-19,2024-25,LAL,UTA,1,0.87526447
0022400252,2024-11-20,2024-25,CLE,NOP,1,0.8869335
0022400253,2024-11-20,2024-25,MIL,CHI,1,0.7006976
0022400254,2024-11-20,2024-25,HOU,IND,1,0.7540871
0022400255,2024-11-20,2024-25,MEM,PHI,1,0.57004774
0022400256,2024-11-20,2024-25,OKC,POR,1,0.8577212
0022400257,2024-11-20,2024-25,PHX,NYK,0,0.36734256
0022400258,2024-11-20,2024-25,GSW,ATL,1,0.80257416
0022400259,2024-11-20,2024-25,LAC,ORL,1,0.5763692
0022400260,2024-11-21,2024-25,CHA,DET,1,0.4789665
0022400261,2024-11-21,2024-25,TOR,MIN,1,0.31413707
0022400262,2024-11-21,2024-25,SAS,UTA,1,0.7957177
0022400263,2024-11-21,2024-25,LAL,ORL,0,0.7089673
0022400027,2024-11-22,2024-25,PHI,BKN,1,0.71047837
0022400028,2024-11-22,2024-25,WAS,BOS,0,0.16661292
0022400029,2024-11-22,2024-25,MIL,IND,1,0.69153225
0022400030,2024-11-22,2024-25,CHI,ATL,1,0.5427348
0022400031,2024-11-22,2024-25,HOU,POR,1,0.8488998
0022400032,2024-11-22,2024-25,NOP,GSW,0,0.13428478
0022400033,2024-11-22,2024-25,DEN,DAL,0,0.3853061
0022400034,2024-11-22,2024-25,LAC,SAC,1,0.5240952
0022400264,2024-11-23,2024-25,UTA,NYK,1,0.17023507
0022400265,2024-11-23,2024-25,ORL,DET,1,0.6012957
0022400266,2024-11-23,2024-25,CHI,MEM,0,0.37404305
0022400267,2024-11-23,2024-25,HOU,POR,0,0.8317166
0022400268,2024-11-23,2024-25,MIL,CHA,1,0.7057413
0022400269,2024-11-23,2024-25,SAS,GSW,1,0.3629872
0022400270,2024-11-23,2024-25,LAL,DEN,0,0.6683181
0022400271,2024-11-24,2024-25,BOS,MIN,1,0.71513355
0022400272,2024-11-24,2024-25,IND,WAS,1,0.75783765
0022400273,2024-11-24,2024-25,MIA,DAL,1,0.58664155
0022400274,2024-11-24,2024-25,PHI,LAC,0,0.46151114
0022400275,2024-11-24,2024-25,CLE,TOR,1,0.71730095
0022400276,2024-11-24,2024-25,SAC,BKN,0,0.7848003
0022400277,2024-11-25,2024-25,CHA,ORL,0,0.33859318
0022400278,2024-11-25,2024-25,DET,TOR,1,0.6341224
0022400279,2024-11-25,2024-25,IND,NOP,1,0.72521025
0022400280,2024-11-25,2024-25,ATL,DAL,0,0.5530375
0022400281,2024-11-25,2024-25,BOS,LAC,1,0.75243884
0022400282,2024-11-25,2024-25,MEM,POR,1,0.7492762
0022400283,2024-11-25,2024-25,DEN,NYK,0,0.49032286
0022400284,2024-11-25,2024-25,GSW,BKN,0,0.86437505
0022400285,2024-11-25,2024-25,SAC,OKC,0,0.3663385
0022400035,2024-11-26,2024-25,WAS,CHI,0,0.3160059
0022400036,2024-11-26,2024-25,MIA,MIL,0,0.5430882
0022400037,2024-11-26,2024-25,MIN,HOU,0,0.43232685
0022400038,2024-11-26,2024-25,UTA,SAS,0,0.28786302
0022400039,2024-11-26,2024-25,PHX,LAL,1,0.4045521
0022400286,2024-11-27,2024-25,CHA,MIA,0,0.4051169
0022400287,2024-11-27,2024-25,CLE,ATL,0,0.7985907
0022400288,2024-11-27,2024-25,IND,POR,1,0.7021148
0022400289,2024-11-27,2024-25,ORL,CHI,1,0.78219396
0022400290,2024-11-27,2024-25,PHI,HOU,0,0.34851602
0022400291,2024-11-27,2024-25,WAS,LAC,0,0.1764986
0022400292,2024-11-27,2024-25,DAL,NYK,1,0.37428746
0022400293,2024-11-27,2024-25,MEM,DET,1,0.7879857
0022400294,2024-11-27,2024-25,MIN,SAC,0,0.3526421
0022400295,2024-11-27,2024-25,NOP,TOR,0,0.3533166
0022400296,2024-11-27,2024-25,SAS,LAL,0,0.49861458
0022400297,2024-11-27,2024-25,PHX,BKN,0,0.69561684
0022400298,2024-11-27,2024-25,UTA,DEN,0,0.20800065
0022400299,2024-11-27,2024-25,GSW,OKC,0,0.4066282
0022400040,2024-11-29,2024-25,CHA,NYK,0,0.24621852
0022400041,2024-11-29,2024-25,ATL,CLE,1,0.32360014
0022400042,2024-11-29,2024-25,MEM,NOP,1,0.8630528
0022400043,2024-11-29,2024-25,BKN,ORL,0,0.3329903
0022400044,2024-11-29,2024-25,MIN,LAC,1,0.5392273
0022400045,2024-11-29,2024-25,IND,DET,0,0.6511823
0022400046,2024-11-29,2024-25,MIA,TOR,1,0.67197126
0022400047,2024-11-29,2024-25,CHI,BOS,0,0.27172148
0022400048,2024-11-29,2024-25,LAL,OKC,0,0.3756807
0022400049,2024-11-29,2024-25,POR,SAC,1,0.21146661
0022400300,2024-11-30,2024-25,CHA,ATL,0,0.32982495
0022400301,2024-11-30,2024-25,DET,PHI,0,0.6683854
0022400302,2024-11-30,2024-25,MIL,WAS,1,0.86167085
0022400303,2024-11-30,2024-25,PHX,GSW,1,0.5681865
0022400304,2024-11-30,2024-25,UTA,DAL,0,0.276779
0022400305,2024-12-01,2024-25,BKN,ORL,0,0.24642813
0022400306,2024-12-01,2024-25,MEM,IND,1,0.80062085
0022400307,2024-12-01,2024-25,CLE,BOS,1,0.51854926
0022400308,2024-12-01,2024-25,NYK,NOP,1,0.8762989
0022400309,2024-12-01,2024-25,TOR,MIA,1,0.44185162
0022400310,2024-12-01,2024-25,HOU,OKC,1,0.45926508
0022400311,2024-12-01,2024-25,UTA,LAL,0,0.20146753
0022400312,2024-12-01,2024-25,POR,DAL,0,0.33017543
0022400313,2024-12-01,2024-25,SAC,SAS,0,0.66711926
0022400314,2024-12-01,2024-25,LAC,DEN,1,0.5737006
0022400315,2024-12-02,2024-25,ATL,NOP,1,0.8441992
0022400316,2024-12-02,2024-25,BOS,MIA,1,0.71133095
0022400317,2024-12-02,2024-25,CHI,BKN,1,0.73660344
0022400318,2024-12-02,2024-25,MIN,LAL,1,0.7044697
0022400050,2024-12-03,2024-25,CHA,PHI,0,0.43315572
0022400051,2024-12-03,2024-25,CLE,WAS,1,0.9137048
0022400052,2024-12-03,2024-25,DET,MIL,0,0.37986994
0022400053,2024-12-03,2024-25,NYK,ORL,1,0.6576354
0022400054,2024-12-03,2024-25,TOR,IND,1,0.69743204
0022400055,2024-12-03,2024-25,OKC,UTA,1,0.889895
0022400056,2024-12-03,2024-25,DAL,MEM,1,0.39194435
0022400057,2024-12-03,2024-25,PHX,SAS,1,0.64531875
0022400058,2024-12-03,2024-25,DEN,GSW,1,0.5927037
0022400059,2024-12-03,2024-25,SAC,HOU,1,0.49425218
0022400060,2024-12-03,2024-25,LAC,POR,1,0.84926754
0022400319,2024-12-04,2024-25,BOS,DET,1,0.80115545
0022400320,2024-12-04,2024-25,BKN,IND,1,0.500306
0022400321,2024-12-04,2024-25,MIA,LAL,1,0.54910034
0022400322,2024-12-04,2024-25,PHI,ORL,0,0.3383847
0022400323,2024-12-04,2024-25,MIL,ATL,0,0.5877807
0022400324,2024-12-04,2024-25,LAC,MIN,0,0.4991243
0022400325,2024-12-05,2024-25,CLE,DEN,1,0.65960187
0022400326,2024-12-05,2024-25,WAS,DAL,0,0.16603039
0022400327,2024-12-05,2024-25,NYK,CHA,1,0.8863055
0022400328,2024-12-05,2024-25,TOR,OKC,0,0.3184891
0022400329,2024-12-05,2024-25,MEM,SAC,1,0.6840636
0022400330,2024-12-05,2024-25,NOP,PHX,1,0.2552559
0022400331,2024-12-05,2024-25,SAS,CHI,0,0.6303994
0022400332,2024-12-05,2024-25,GSW,HOU,1,0.45345417
0022400333,2024-12-06,2024-25,PHI,ORL,1,0.28459936
0022400334,2024-12-06,2024-25,ATL,LAL,1,0.5862433
0022400335,2024-12-06,2024-25,BOS,MIL,1,0.64363635
0022400336,2024-12-06,2024-25,CHI,IND,0,0.5460758
0022400337,2024-12-06,2024-25,SAS,SAC,0,0.37857538
0022400338,2024-12-06,2024-25,GSW,MIN,0,0.25721192
0022400339,2024-12-06,2024-25,POR,UTA,0,0.5664762
0022400340,2024-12-07,2024-25,CHA,CLE,0,0.18159793
0022400341,2024-12-07,2024-25,WAS,DEN,1,0.138568
0022400342,2024-12-07,2024-25,NOP,OKC,0,0.16623095
0022400343,2024-12-07,2024-25,NYK,DET,0,0.7560668
0022400344,2024-12-07,2024-25,TOR,DAL,0,0.37051493
0022400345,2024-12-07,2024-25,BOS,MEM,0,0.5482101
0022400346,2024-12-07,2024-25,MIA,PHX,1,0.6429229
0022400347,2024-12-08,2024-25,CHI,PHI,0,0.6284455
0022400348,2024-12-08,2024-25,BKN,MIL,0,0.3124242
0022400349,2024-12-08,2024-25,IND,CHA,0,0.7976945
0022400350,2024-12-08,2024-25,ATL,DEN,0,0.62810785
0022400351,2024-12-08,2024-25,MIA,CLE,1,0.42254245
0022400352,2024-12-08,2024-25,ORL,PHX,1,0.7534244
0022400353,2024-12-08,2024-25,WAS,MEM,0,0.116564214
0022400354,2024-12-08,2024-25,SAS,NOP,1,0.72990084
0022400355,2024-12-08,2024-25,GSW,MIN,1,0.42146096
0022400356,2024-12-08,2024-25,LAC,HOU,0,0.48477545
0022400357,2024-12-08,2024-25,SAC,UTA,1,0.83375084
0022400358,2024-12-08,2024-25,LAL,POR,1,0.78185296
0022400359,2024-12-09,2024-25,TOR,NYK,0,0.32884046
0022401201,2024-12-10,2024-25,MIL,ORL,1,0.604009
0022401203,2024-12-10,2024-25,OKC,DAL,1,0.66889703
0022401202,2024-12-11,2024-25,NYK,ATL,0,0.8016967
0022401204,2024-12-11,2024-25,HOU,GSW,1,0.5953308
0022401205,2024-12-12,2024-25,BOS,DET,1,0.78141516
0022401206,2024-12-12,2024-25,MIA,TOR,1,0.70870364
0022401207,2024-12-12,2024-25,NOP,SAC,0,0.23396976
0022401208,2024-12-13,2024-25,CLE,WAS,1,0.92597497
0022401209,2024-12-13,2024-25,PHI,IND,0,0.6171808
0022401210,2024-12-13,2024-25,MIN,LAL,1,0.78404915
0022401211,2024-12-13,2024-25,MEM,BKN,1,0.8056033
0022401212,2024-12-13,2024-25,CHI,CHA,1,0.7910063
0022401213,2024-12-13,2024-25,DEN,LAC,1,0.7369943
0022401214,2024-12-13,2024-25,UTA,PHX,0,0.400296
0022401215,2024-12-13,2024-25,POR,SAS,0,0.3137679
0022401216,2024-12-15,2024-25,IND,NOP,1,0.71367204
0022401217,2024-12-15,2024-25,WAS,BOS,0,0.1209996
0022401218,2024-12-15,2024-25,SAS,MIN,0,0.34702742
0022401219,2024-12-15,2024-25,PHX,POR,1,0.8095821
0022401220,2024-12-15,2024-25,LAL,MEM,1,0.29590946
0022401227,2024-12-15,2024-25,ORL,NYK,0,0.40898862
0022401228,2024-12-15,2024-25,GSW,DAL,0,0.41197968
0022401221,2024-12-16,2024-25,DET,MIA,1,0.44947782
0022401222,2024-12-16,2024-25,CHA,PHI,0,0.3640313
0022401223,2024-12-16,2024-25,TOR,CHI,0,0.51366127
0022401224,2024-12-16,2024-25,BKN,CLE,0,0.28747204
0022401225,2024-12-16,2024-25,SAC,DEN,0,0.5344764
0022401226,2024-12-16,2024-25,LAC,UTA,1,0.7760416
0022400360,2024-12-19,2024-25,DET,UTA,0,0.721008
0022400361,2024-12-19,2024-25,ORL,OKC,0,0.34611627
0022400362,2024-12-19,2024-25,WAS,CHA,1,0.30761257
0022400363,2024-12-19,2024-25,BOS,CHI,0,0.8256533
0022400364,2024-12-19,2024-25,TOR,BKN,0,0.6447773
0022400365,2024-12-19,2024-25,HOU,NOP,1,0.8434135
0022400366,2024-12-19,2024-25,MEM,GSW,1,0.71856433
0022400367,2024-12-19,2024-25,MIN,NYK,0,0.50470275
0022400368,2024-12-19,2024-25,DAL,LAC,0,0.72973335
0022400369,2024-12-19,2024-25,PHX,IND,0,0.58601016
0022400370,2024-12-19,2024-25,SAS,ATL,1,0.5016177
0022400371,2024-12-19,2024-25,POR,DEN,1,0.20594905
0022400372,2024-12-19,2024-25,SAC,LAL,0,0.7014837
0022400373,2024-12-20,2024-25,PHI,CHA,1,0.7455493
0022400374,2024-12-20,2024-25,CLE,MIL,1,0.6672417
0022400375,2024-12-20,2024-25,MIA,OKC,0,0.42066768
0022400376,2024-12-21,2024-25,SAC,LAL,0,0.7217913
0022400377,2024-12-21,2024-25,ORL,MIA,1,0.6230598
0022400378,2024-12-21,2024-25,ATL,MEM,0,0.34176514
0022400379,2024-12-21,2024-25,BKN,UTA,0,0.59191704
0022400380,2024-12-21,2024-25,CLE,PHI,1,0.7861189
0022400381,2024-12-21,2024-25,CHI,BOS,0,0.29470667
0022400382,2024-12-21,2024-25,MIL,WAS,1,0.8705843
0022400383,2024-12-21,2024-25,MIN,GSW,0,0.72324467
0022400384,2024-12-21,2024-25,NOP,NYK,0,0.18414754
0022400385,2024-12-21,2024-25,DAL,LAC,1,0.5594017
0022400386,2024-12-21,2024-25,SAS,POR,1,0.8205302
0022400387,2024-12-21,2024-25,PHX,DET,0,0.69555706
0022400388,2024-12-22,2024-25,TOR,HOU,0,0.30106518
0022400389,2024-12-22,2024-25,SAC,IND,0,0.6608305
0022400390,2024-12-22,2024-25,NOP,DEN,0,0.15181257
0022400391,2024-12-23,2024-25,CHA,HOU,0,0.29594386
0022400392,2024-12-23,2024-25,CLE,UTA,1,0.8649465
0022400393,2024-12-23,2024-25,ORL,BOS,1,0.30316836
0022400394,2024-12-23,2024-25,PHI,SAS,1,0.44844544
0022400395,2024-12-23,2024-25,ATL,MIN,1,0.34934402
0022400396,2024-12-23,2024-25,MIA,BKN,1,0.77340686
0022400397,2024-12-23,2024-25,NYK,TOR,1,0.8965143
0022400398,2024-12-23,2024-25,CHI,MIL,0,0.50298333
0022400399,2024-12-23,2024-25,MEM,LAC,0,0.70534503
0022400400,2024-12-23,2024-25,OKC,WAS,1,0.9329254
0022400401,2024-12-23,2024-25,DAL,POR,1,0.86242366
0022400402,2024-12-23,2024-25,DEN,PHX,1,0.68471634
0022400403,2024-12-23,2024-25,GSW,IND,0,0.5490337
0022400404,2024-12-23,2024-25,LAL,DET,0,0.67153925
0022400405,2024-12-25,2024-25,NYK,SAS,1,0.7632149
0022400406,2024-12-25,2024-25,DAL,MIN,0,0.6591228
0022400407,2024-12-25,2024-25,BOS,PHI,0,0.81122094
0022400408,2024-12-25,2024-25,GSW,LAL,0,0.48074964
0022400409,2024-12-25,2024-25,PHX,DEN,1,0.36816964
0022400410,2024-12-26,2024-25,IND,OKC,0,0.34566477
0022400411,2024-12-26,2024-25,ORL,MIA,0,0.5828293
0022400412,2024-12-26,2024-25,WAS,CHA,1,0.4229723
0022400413,2024-12-26,2024-25,ATL,CHI,1,0.6467835
0022400414,2024-12-26,2024-25,MEM,TOR,1,0.846556
0022400415,2024-12-26,2024-25,MIL,BKN,0,0.8046938
0022400416,2024-12-26,2024-25,NOP,HOU,0,0.21572211
0022400417,2024-12-26,2024-25,POR,UTA,1,0.50272214
0022400418,2024-12-26,2024-25,SAC,DET,0,0.7270521
0022400419,2024-12-27,2024-25,ORL,NYK,0,0.26374316
0022400420,2024-12-27,2024-25,BOS,IND,1,0.81446004
0022400421,2024-12-27,2024-25,BKN,SAS,0,0.22074178
0022400422,2024-12-27,2024-25,HOU,MIN,0,0.5093318
0022400423,2024-12-27,2024-25,NOP,MEM,0,0.15856144
0022400424,2024-12-27,2024-25,DEN,CLE,0,0.5085516
0022400425,2024-12-27,2024-25,PHX,DAL,0,0.29714337
0022400426,2024-12-27,2024-25,LAC,GSW,1,0.7098431
0022400427,2024-12-28,2024-25,ATL,MIA,1,0.58179903
0022400428,2024-12-28,2024-25,CHA,OKC,0,0.22245507
0022400429,2024-12-28,2024-25,WAS,NYK,0,0.14245212
0022400430,2024-12-28,2024-25,CHI,MIL,1,0.4548705
0022400431,2024-12-28,2024-25,GSW,PHX,1,0.51633286
0022400432,2024-12-28,2024-25,DEN,DET,1,0.6510104
0022400433,2024-12-28,2024-25,UTA,PHI,0,0.3468912
0022400434,2024-12-28,2024-25,POR,DAL,1,0.21877964
0022400435,2024-12-28,2024-25,LAL,SAC,1,0.50812924
0022400436,2024-12-29,2024-25,ORL,BKN,1,0.80527574
0022400437,2024-12-29,2024-25,BOS,IND,0,0.78900033
0022400438,2024-12-29,2024-25,TOR,ATL,0,0.51917773
0022400439,2024-12-29,2024-25,HOU,MIA,0,0.73745817
0022400440,2024-12-29,2024-25,OKC,MEM,1,0.4753526
0022400441,2024-12-29,2024-25,MIN,SAS,1,0.61875236
0022400442,2024-12-30,2024-25,CHA,CHI,0,0.2955444
0022400443,2024-12-30,2024-25,WAS,NYK,0,0.111967154
0022400444,2024-12-30,2024-25,NOP,LAC,0,0.22204477
0022400445,2024-12-30,2024-25,UTA,DEN,0,0.24232592
0022400446,2024-12-30,2024-25,GSW,CLE,0,0.33028337
0022400447,2024-12-30,2024-25,POR,PHI,0,0.28844512
0022400448,2024-12-30,2024-25,SAC,DAL,1,0.60650307
0022400449,2024-12-31,2024-25,BOS,TOR,1,0.85843915
0022400450,2024-12-31,2024-25,IND,MIL,0,0.4629453
0022400451,2024-12-31,2024-25,SAS,LAC,1,0.5335339
0022400452,2024-12-31,2024-25,OKC,MIN,1,0.7371664
0022400453,2024-12-31,2024-25,PHX,MEM,0,0.37239376
0022400454,2024-12-31,2024-25,LAL,CLE,0,0.34447333
0022400455,2025-01-01,2024-25,DET,ORL,1,0.51127535
0022400456,2025-01-01,2024-25,WAS,CHI,1,0.2539824
0022400457,2025-01-01,2024-25,MIA,NOP,1,0.7994121
0022400458,2025-01-01,2024-25,NYK,UTA,1,0.8858983
0022400459,2025-01-01,2024-25,TOR,BKN,1,0.5028484
0022400460,2025-01-01,2024-25,HOU,DAL,1,0.7229132
0022400461,2025-01-01,2024-25,DEN,ATL,1,0.6570999
0022400462,2025-01-01,2024-25,SAC,PHI,1,0.65295273
0022400463,2025-01-02,2024-25,MIA,IND,0,0.5581183
0022400464,2025-01-02,2024-25,MIN,BOS,0,0.33593664
0022400465,2025-01-02,2024-25,MIL,BKN,0,0.87054896
0022400466,2025-01-02,2024-25,OKC,LAC,1,0.75088966
0022400467,2025-01-02,2024-25,GSW,PHI,1,0.6882979
0022400468,2025-01-02,2024-25,LAL,POR,1,0.82564354
0022400469,2025-01-03,2024-25,DET,CHA,1,0.7937992
0022400470,2025-01-03,2024-25,TOR,ORL,0,0.47513226
0022400471,2025-01-03,2024-25,HOU,BOS,0,0.51225483
0022400472,2025-01-03,2024-25,NOP,WAS,1,0.6499427
0022400473,2025-01-03,2024-25,OKC,NYK,1,0.5822733
0022400474,2025-01-03,2024-25,DAL,CLE,0,0.3651903
0022400475,2025-01-03,2024-25,DEN,SAS,0,0.6727713
0022400476,2025-01-03,2024-25,SAC,MEM,1,0.589763
0022400477,2025-01-03,2024-25,LAL,ATL,1,0.49096406
0022400478,2025-01-04,2024-25,BKN,PHI,0,0.36619717
0022400479,2025-01-04,2024-25,DET,MIN,1,0.3618329
0022400480,2025-01-04,2024-25,IND,PHX,1,0.61650306
0022400481,2025-01-04,2024-25,MIA,UTA,0,0.7948833
0022400482,2025-01-04,2024-25,CHI,NYK,1,0.41940928
0022400483,2025-01-04,2024-25,MIL,POR,0,0.8607205
0022400484,2025-01-04,2024-25,SAS,DEN,0,0.42140222
0022400485,2025-01-04,2024-25,GSW,MEM,1,0.55251294
0022400486,2025-01-04,2024-25,LAC,ATL,1,0.575743
0022400487,2025-01-05,2024-25,OKC,BOS,1,0.5931222
0022400488,2025-01-05,2024-25,CLE,CHA,1,0.8930405
0022400489,2025-01-05,2024-25,WAS,NOP,0,0.4466619
0022400490,2025-01-05,2024-25,ORL,UTA,0,0.71618694
0022400491,2025-01-05,2024-25,HOU,LAL,1,0.58154595
0022400492,2025-01-05,2024-25,GSW,SAC,0,0.37044394
0022400493,2025-01-06,2024-25,DET,POR,1,0.7916882
0022400494,2025-01-06,2024-25,PHI,PHX,0,0.64245015
0022400495,2025-01-06,2024-25,BKN,IND,0,0.2113487
0022400496,2025-01-06,2024-25,NYK,ORL,0,0.82218844
0022400497,2025-01-06,2024-25,TOR,MIL,0,0.29809052
0022400498,2025-01-06,2024-25,CHI,SAS,1,0.50832754
0022400499,2025-01-06,2024-25,MEM,DAL,1,0.6671902
0022400500,2025-01-06,2024-25,MIN,LAC,1,0.51523435
0022400501,2025-01-06,2024-25,SAC,MIA,1,0.6108566
0022400502,2025-01-07,2024-25,CHA,PHX,1,0.48876715
0022400503,2025-01-07,2024-25,WAS,HOU,0,0.21839087
0022400504,2025-01-07,2024-25,DAL,LAL,1,0.46334207
0022400505,2025-01-07,2024-25,NOP,MIN,0,0.40473515
0022400506,2025-01-07,2024-25,UTA,ATL,0,0.45557073
0022400507,2025-01-07,2024-25,DEN,BOS,0,0.44452578
0022400508,2025-01-07,2024-25,GSW,MIA,0,0.7136015
0022400509,2025-01-08,2024-25,CLE,OKC,1,0.509917
0022400510,2025-01-08,2024-25,IND,CHI,1,0.6527281
0022400511,2025-01-08,2024-25,NYK,TOR,1,0.798331
0022400512,2025-01-08,2024-25,PHI,WAS,1,0.8723212
0022400513,2025-01-08,2024-25,BKN,DET,0,0.24270307
0022400514,2025-01-08,2024-25,NOP,POR,0,0.7009667
0022400515,2025-01-08,2024-25,DEN,LAC,1,0.4460749
0022400516,2025-01-08,2024-25,MIL,SAS,1,0.7172083
0022400517,2025-01-09,2024-25,CLE,TOR,1,0.8450421
0022400518,2025-01-09,2024-25,DET,GSW,0,0.47553444
0022400519,2025-01-09,2024-25,ORL,MIN,0,0.44493166
0022400520,2025-01-09,2024-25,MEM,HOU,0,0.5453823
0022400521,2025-01-09,2024-25,DAL,POR,1,0.797457
0022400522,2025-01-09,2024-25,PHX,ATL,1,0.6099091
0022400523,2025-01-09,2024-25,UTA,MIA,0,0.41384336
0022400525,2025-01-10,2024-25,IND,GSW,1,0.76208955
0022400526,2025-01-10,2024-25,ORL,MIL,0,0.2563579
0022400527,2025-01-10,2024-25,PHI,NOP,0,0.6991705
0022400528,2025-01-10,2024-25,BOS,SAC,0,0.73811376
0022400529,2025-01-10,2024-25,NYK,OKC,0,0.4463542
0022400530,2025-01-10,2024-25,CHI,WAS,1,0.8597015
0022400531,2025-01-10,2024-25,DEN,BKN,1,0.8965134
0022400533,2025-01-11,2024-25,PHX,UTA,1,0.75628424
0022400534,2025-01-11,2024-25,DET,TOR,1,0.616533
0022400535,2025-01-11,2024-25,MIN,MEM,0,0.43573636
0022400536,2025-01-11,2024-25,POR,MIA,0,0.32977107
0022400539,2025-01-12,2024-25,NYK,MIL,1,0.57213444
0022400540,2025-01-12,2024-25,DAL,DEN,0,0.4047652
0022400541,2025-01-12,2024-25,CHI,SAC,0,0.4973727
0022400542,2025-01-12,2024-25,BOS,NOP,1,0.8825348
0022400543,2025-01-12,2024-25,CLE,IND,0,0.68814087
0022400544,2025-01-12,2024-25,ORL,PHI,1,0.5175793
0022400545,2025-01-12,2024-25,WAS,OKC,0,0.1339981
0022400546,2025-01-12,2024-25,UTA,BKN,1,0.74174976
0022400547,2025-01-12,2024-25,PHX,CHA,1,0.6553788
0022400548,2025-01-13,2024-25,WAS,MIN,0,0.17269234
0022400549,2025-01-13,2024-25,NYK,DET,0,0.73765624
0022400550,2025-01-13,2024-25,TOR,GSW,1,0.63290477
0022400551,2025-01-13,2024-25,HOU,MEM,1,0.4342728
0022400552,2025-01-13,2024-25,LAL,SAS,0,0.6361557
0022400553,2025-01-13,2024-25,LAC,MIA,1,0.61511445
0022400554,2025-01-14,2024-25,IND,CLE,0,0.4246869
0022400555,2025-01-14,2024-25,PHI,OKC,0,0.30801207
0022400556,2025-01-14,2024-25,ATL,PHX,1,0.46937165
0022400557,2025-01-14,2024-25,CHI,NOP,0,0.7292805
0022400558,2025-01-14,2024-25,MIL,SAC,1,0.5635196
0022400559,2025-01-14,2024-25,DAL,DEN,0,0.3418372
0022400560,2025-01-14,2024-25,POR,BKN,0,0.77031803
0022400561,2025-01-15,2024-25,PHI,NYK,0,0.17676689
0022400562,2025-01-15,2024-25,TOR,BOS,1,0.2303906
0022400563,2025-01-15,2024-25,CHI,ATL,0,0.66402745
0022400564,2025-01-15,2024-25,MIL,ORL,1,0.6969362
0022400565,2025-01-15,2024-25,MIN,GSW,0,0.7659493
0022400566,2025-01-15,2024-25,NOP,DAL,1,0.44871795
0022400567,2025-01-15,2024-25,SAS,MEM,0,0.34154692
0022400568,2025-01-15,2024-25,DEN,HOU,0,0.6519995
0022400569,2025-01-15,2024-25,UTA,CHA,0,0.38022146
0022400570,2025-01-15,2024-25,LAL,MIA,1,0.62779737
0022400571,2025-01-15,2024-25,LAC,BKN,1,0.8711106
0022400572,2025-01-16,2024-25,DET,IND,0,0.4761548
0022400573,2025-01-16,2024-25,WAS,PHX,0,0.20804068
0022400574,2025-01-16,2024-25,OKC,CLE,1,0.6166964
0022400575,2025-01-16,2024-25,POR,LAC,0,0.25622618
0022400576,2025-01-16,2024-25,SAC,HOU,1,0.6389823
0022400577,2025-01-17,2024-25,BOS,ORL,1,0.84035397
0022400578,2025-01-17,2024-25,NYK,MIN,0,0.6771165
0022400579,2025-01-17,2024-25,MIA,DEN,0,0.4871785
0022400580,2025-01-17,2024-25,MIL,TOR,1,0.8150977
0022400581,2025-01-17,2024-25,NOP,UTA,1,0.7165056
0022400582,2025-01-17,2024-25,SAS,MEM,0,0.32128522
0022400583,2025-01-17,2024-25,DAL,OKC,1,0.24768923
0022400584,2025-01-17,2024-25,CHI,CHA,0,0.6577128
0022400585,2025-01-17,2024-25,LAL,BKN,1,0.8663796
0022400586,2025-01-18,2024-25,DET,PHX,0,0.4597533
0022400587,2025-01-18,2024-25,BOS,ATL,0,0.83879554
0022400588,2025-01-18,2024-25,IND,PHI,1,0.7368829
0022400589,2025-01-18,2024-25,GSW,WAS,1,0.7682162
0022400590,2025-01-18,2024-25,MIN,CLE,0,0.3003067
0022400591,2025-01-18,2024-25,POR,HOU,0,0.2933158
0022400592,2025-01-19,2024-25,MIA,SAS,1,0.6547542
0022400593,2025-01-19,2024-25,ORL,DEN,0,0.22973122
0022400594,2025-01-19,2024-25,MIL,PHI,1,0.8682925
0022400595,2025-01-19,2024-25,OKC,BKN,1,0.9087399
0022400596,2025-01-19,2024-25,LAC,LAL,1,0.723685
0022400597,2025-01-19,2024-25,POR,CHI,1,0.22497842
0022400598,2025-01-19,2024-25,SAC,WAS,1,0.91938573
0022400599,2025-01-20,2024-25,CHA,DAL,1,0.5063258
0022400600,2025-01-20,2024-25,HOU,DET,0,0.70007133
0022400601,2025-01-20,2024-25,MEM,MIN,1,0.70638776
0022400602,2025-01-20,2024-25,NYK,ATL,1,0.6226333
0022400603,2025-01-20,2024-25,CLE,PHX,1,0.7143041
0022400604,2025-01-20,2024-25,GSW,BOS,0,0.27053457
0022400605,2025-01-20,2024-25,NOP,UTA,1,0.71090525
0022400611,2025-01-20,2024-25,LAC,CHI,0,0.7310716
0022400606,2025-01-21,2024-25,BKN,NYK,0,0.22167014
0022400607,2025-01-21,2024-25,MIA,POR,0,0.8016146
0022400608,2025-01-21,2024-25,TOR,ORL,1,0.5487278
0022400609,2025-01-21,2024-25,DEN,PHI,1,0.8684648
0022400610,2025-01-21,2024-25,LAL,WAS,1,0.8426324
0022400612,2025-01-22,2024-25,ATL,DET,0,0.6090331
0022400613,2025-01-22,2024-25,BKN,PHX,0,0.2293397
0022400614,2025-01-22,2024-25,DAL,MIN,0,0.59008366
0022400615,2025-01-22,2024-25,HOU,CLE,1,0.4877278
0022400616,2025-01-22,2024-25,MEM,CHA,1,0.74305546
0022400618,2025-01-22,2024-25,OKC,UTA,1,0.88955134
0022400619,2025-01-22,2024-25,SAC,GSW,1,0.8217973
0022400620,2025-01-22,2024-25,LAC,BOS,0,0.3648811
0022400622,2025-01-23,2024-25,ORL,POR,0,0.6547425
0022400623,2025-01-23,2024-25,ATL,TOR,0,0.7191799
0022400624,2025-01-23,2024-25,MIL,MIA,1,0.7167941
0022400625,2025-01-23,2024-25,OKC,DAL,0,0.84567404
0022400626,2025-01-23,2024-25,DEN,SAC,1,0.6905273
0022400628,2025-01-23,2024-25,GSW,CHI,1,0.30440137
0022400629,2025-01-23,2024-25,LAL,BOS,1,0.4978951
0022400983,2025-01-23,2024-25,LAC,WAS,1,0.582196
0022400630,2025-01-24,2024-25,CHA,POR,0,0.7274596
0022400631,2025-01-24,2024-25,PHI,CLE,1,0.26617625
0022400632,2025-01-24,2024-25,MEM,NOP,1,0.8048659
0022400634,2025-01-25,2024-25,MIN,DEN,1,0.29243496
0022400635,2025-01-25,2024-25,DAL,BOS,0,0.26254568
0022400636,2025-01-25,2024-25,BKN,MIA,0,0.24267076
0022400637,2025-01-25,2024-25,CHA,NOP,1,0.44729018
0022400638,2025-01-25,2024-25,ORL,DET,1,0.41818258
0022400639,2025-01-25,2024-25,ATL,TOR,0,0.77730197
0022400640,2025-01-25,2024-25,CLE,HOU,0,0.560685
0022400641,2025-01-25,2024-25,NYK,SAC,1,0.55316573
0022400642,2025-01-25,2024-25,CHI,PHI,0,0.7660488
0022400643,2025-01-25,2024-25,MEM,UTA,1,0.7100889
0022400644,2025-01-25,2024-25,GSW,LAL,0,0.3363822
0022400645,2025-01-25,2024-25,PHX,WAS,1,0.85736716
0022400646,2025-01-25,2024-25,LAC,MIL,1,0.5273247
0022400647,2025-01-26,2024-25,POR,OKC,0,0.23697513
0022400648,2025-01-27,2024-25,CHA,LAL,0,0.35989347
0022400649,2025-01-27,2024-25,CLE,DET,1,0.6896113
0022400650,2025-01-27,2024-25,BOS,HOU,0,0.7060183
0022400651,2025-01-27,2024-25,BKN,SAC,0,0.16375965
0022400652,2025-01-27,2024-25,MIA,ORL,1,0.6127674
0022400653,2025-01-27,2024-25,NYK,MEM,1,0.566686
0022400654,2025-01-27,2024-25,TOR,NOP,1,0.53086066
0022400655,2025-01-27,2024-25,CHI,DEN,1,0.34606996
0022400656,2025-01-27,2024-25,MIN,ATL,1,0.6247099
0022400657,2025-01-27,2024-25,DAL,WAS,1,0.7788633
0022400658,2025-01-27,2024-25,UTA,MIL,0,0.2665751
0022400659,2025-01-27,2024-25,PHX,LAC,1,0.51387346
0022400532,2025-01-28,2024-25,ATL,HOU,0,0.27844346
0022400660,2025-01-28,2024-25,PHI,LAL,1,0.39902437
0022400661,2025-01-28,2024-25,GSW,UTA,1,0.77739114
0022400662,2025-01-28,2024-25,POR,MIL,1,0.34903225
0022400663,2025-01-29,2024-25,CHA,BKN,0,0.7942536
0022400664,2025-01-29,2024-25,IND,DET,1,0.7258597
0022400665,2025-01-29,2024-25,WAS,TOR,0,0.3721655
0022400666,2025-01-29,2024-25,BOS,CHI,1,0.669555
0022400667,2025-01-29,2024-25,MIA,CLE,0,0.3850903
0022400668,2025-01-29,2024-25,NYK,DEN,1,0.5210751
0022400669,2025-01-29,2024-25,PHI,SAC,1,0.24123144
0022400670,2025-01-29,2024-25,NOP,DAL,0,0.52352387
0022400671,2025-01-29,2024-25,SAS,LAC,0,0.4005657
0022400672,2025-01-29,2024-25,PHX,MIN,0,0.5696905
0022400673,2025-01-29,2024-25,GSW,OKC,1,0.18264008
0022400674,2025-01-30,2024-25,WAS,LAL,0,0.14315999
0022400675,2025-01-30,2024-25,CLE,ATL,1,0.66132826
0022400676,2025-01-30,2024-25,MEM,HOU,1,0.607009
0022400677,2025-01-30,2024-25,UTA,MIN,0,0.3704614
0022400678,2025-01-30,2024-25,POR,ORL,1,0.5347767
0022400679,2025-01-31,2024-25,CHA,LAC,0,0.20975447
0022400680,2025-01-31,2024-25,DET,DAL,1,0.5938383
0022400681,2025-01-31,2024-25,PHI,DEN,0,0.2850652
0022400682,2025-01-31,2024-25,TOR,CHI,0,0.5167951
0022400683,2025-01-31,2024-25,NOP,BOS,0,0.36938763
0022400684,2025-01-31,2024-25,SAS,MIL,1,0.36048958
0022400685,2025-01-31,2024-25,GSW,PHX,0,0.40592676
0022400686,2025-02-01,2024-25,IND,ATL,1,0.75770485
0022400687,2025-02-01,2024-25,UTA,ORL,1,0.42216796
0022400688,2025-02-01,2024-25,CHA,DEN,0,0.19822848
0022400689,2025-02-01,2024-25,HOU,BKN,0,0.8633747
0022400690,2025-02-01,2024-25,MIN,WAS,0,0.8547875
0022400691,2025-02-01,2024-25,OKC,SAC,1,0.6825607
0022400692,2025-02-01,2024-25,NYK,LAL,0,0.6792184
0022400693,2025-02-01,2024-25,SAS,MIA,0,0.4697879
0022400694,2025-02-01,2024-25,POR,PHX,1,0.4764732
0022400695,2025-02-02,2024-25,DET,CHI,1,0.6360808
0022400696,2025-02-02,2024-25,CLE,DAL,1,0.7603265
0022400697,2025-02-02,2024-25,TOR,LAC,1,0.2694392
0022400698,2025-02-02,2024-25,PHI,BOS,0,0.26076615
0022400699,2025-02-02,2024-25,MIL,MEM,0,0.6264541
0022400700,2025-02-03,2024-25,CHA,WAS,0,0.69830287
0022400701,2025-02-03,2024-25,DET,ATL,0,0.6030503
0022400702,2025-02-03,2024-25,NYK,HOU,1,0.6898314
0022400703,2025-02-03,2024-25,MEM,SAS,1,0.63308173
0022400704,2025-02-03,2024-25,MIN,SAC,0,0.4898923
0022400705,2025-02-03,2024-25,OKC,MIL,1,0.7015077
0022400706,2025-02-03,2024-25,DEN,NOP,1,0.7869473
0022400707,2025-02-03,2024-25,UTA,IND,0,0.27516106
0022400708,2025-02-03,2024-25,GSW,ORL,1,0.60315764
0022400709,2025-02-03,2024-25,POR,PHX,1,0.4633726
0022400710,2025-02-04,2024-25,CLE,BOS,0,0.6017765
0022400711,2025-02-04,2024-25,BKN,HOU,1,0.30934152
0022400712,2025-02-04,2024-25,PHI,DAL,1,0.588035
0022400713,2025-02-04,2024-25,TOR,NYK,0,0.39851674
0022400714,2025-02-04,2024-25,CHI,MIA,1,0.550902
0022400715,2025-02-04,2024-25,LAC,LAL,0,0.5252156
0022400716,2025-02-04,2024-25,POR,IND,1,0.40294546
0022400717,2025-02-05,2024-25,CHA,MIL,0,0.35088837
0022400718,2025-02-05,2024-25,DET,CLE,0,0.36800855
0022400719,2025-02-05,2024-25,ATL,SAS,0,0.49835047
0022400720,2025-02-05,2024-25,BKN,WAS,0,0.52710885
0022400721,2025-02-05,2024-25,PHI,MIA,0,0.5255469
0022400722,2025-02-05,2024-25,TOR,MEM,0,0.24976431
0022400723,2025-02-05,2024-25,MIN,CHI,1,0.73550653
0022400724,2025-02-05,2024-25,OKC,PHX,1,0.6739769
0022400725,2025-02-05,2024-25,UTA,GSW,1,0.46943855
0022400726,2025-02-05,2024-25,DEN,NOP,1,0.7186845
0022400727,2025-02-05,2024-25,SAC,ORL,0,0.66612095
0022400728,2025-02-06,2024-25,BOS,DAL,0,0.81203884
0022400729,2025-02-06,2024-25,MIN,HOU,1,0.5407868
0022400730,2025-02-06,2024-25,DEN,ORL,1,0.7593561
0022400731,2025-02-06,2024-25,LAL,GSW,1,0.82805485
0022400732,2025-02-06,2024-25,POR,SAC,1,0.59644306
0022400733,2025-02-06,2024-25,LAC,IND,0,0.5148001
0022400734,2025-02-07,2024-25,CHA,SAS,1,0.30940765
0022400735,2025-02-07,2024-25,WAS,CLE,0,0.18637645
0022400736,2025-02-07,2024-25,ATL,MIL,1,0.42268014
0022400737,2025-02-07,2024-25,BKN,MIA,1,0.3208371
0022400738,2025-02-07,2024-25,DET,PHI,1,0.6308003
0022400739,2025-02-07,2024-25,OKC,TOR,1,0.8843588
0022400740,2025-02-07,2024-25,PHX,UTA,1,0.6951906
0022400741,2025-02-08,2024-25,DAL,HOU,1,0.50860626
0022400742,2025-02-08,2024-25,LAL,IND,1,0.55185395
0022400743,2025-02-08,2024-25,ORL,SAS,1,0.5340271
0022400744,2025-02-08,2024-25,WAS,ATL,0,0.2791024
0022400745,2025-02-08,2024-25,CHI,GSW,0,0.5571147
0022400746,2025-02-08,2024-25,MEM,OKC,0,0.519678
0022400747,2025-02-08,2024-25,MIN,POR,1,0.6370502
0022400748,2025-02-08,2024-25,NYK,BOS,0,0.5189638
0022400749,2025-02-08,2024-25,PHX,DEN,0,0.3434487
0022400750,2025-02-08,2024-25,SAC,NOP,1,0.65618217
0022400751,2025-02-08,2024-25,LAC,UTA,1,0.82820266
0022400752,2025-02-09,2024-25,DET,CHA,1,0.71887535
0022400753,2025-02-09,2024-25,HOU,TOR,1,0.6551491
0022400754,2025-02-09,2024-25,MIL,PHI,1,0.57275033
0022400755,2025-02-10,2024-25,CLE,MIN,1,0.72187066
0022400756,2025-02-10,2024-25,ORL,ATL,0,0.5363324
0022400757,2025-02-10,2024-25,WAS,SAS,0,0.21041478
0022400758,2025-02-10,2024-25,BKN,CHA,1,0.6662504
0022400759,2025-02-10,2024-25,MIA,BOS,0,0.35382777
0022400760,2025-02-10,2024-25,MIL,GSW,0,0.4927145
0022400761,2025-02-10,2024-25,OKC,NOP,1,0.8178658
0022400762,2025-02-10,2024-25,DAL,SAC,0,0.5026829
0022400763,2025-02-10,2024-25,DEN,POR,1,0.66352814
0022400768,2025-02-10,2024-25,LAL,UTA,1,0.78903025
0022400764,2025-02-11,2024-25,PHI,TOR,0,0.7668476
0022400765,2025-02-11,2024-25,IND,NYK,0,0.5686822
0022400766,2025-02-11,2024-25,CHI,DET,0,0.34254703
0022400767,2025-02-11,2024-25,PHX,MEM,0,0.39143804
0022400769,2025-02-12,2024-25,BOS,SAS,1,0.6578008
0022400770,2025-02-12,2024-25,ORL,CHA,1,0.7135946
0022400771,2025-02-12,2024-25,WAS,IND,0,0.25558406
0022400772,2025-02-12,2024-25,BKN,PHI,1,0.4105333
0022400773,2025-02-12,2024-25,NYK,ATL,1,0.5850748
0022400774,2025-02-12,2024-25,TOR,CLE,0,0.20757811
0022400775,2025-02-12,2024-25,CHI,DET,0,0.2846987
0022400776,2025-02-12,2024-25,MIN,MIL,0,0.6258481
0022400777,2025-02-12,2024-25,NOP,SAC,0,0.38384476
0022400778,2025-02-12,2024-25,OKC,MIA,1,0.8507132
0022400779,2025-02-12,2024-25,HOU,PHX,1,0.58299464
0022400780,2025-02-12,2024-25,DEN,POR,1,0.7155067
0022400781,2025-02-12,2024-25,UTA,LAL,1,0.27611336
0022400782,2025-02-12,2024-25,DAL,GSW,1,0.48519847
0022400783,2025-02-12,2024-25,LAC,MEM,1,0.66559494
0022400784,2025-02-13,2024-25,HOU,GSW,0,0.4702011
0022400785,2025-02-13,2024-25,NOP,SAC,1,0.3431636
0022400786,2025-02-13,2024-25,DAL,MIA,1,0.5712477
0022400787,2025-02-13,2024-25,MIN,OKC,1,0.3237429
0022401004,2025-02-13,2024-25,UTA,LAC,0,0.25105608
0022400524,2025-02-19,2024-25,LAL,CHA,0,0.8618798
0022400788,2025-02-20,2024-25,IND,MEM,1,0.53542095
0022400789,2025-02-20,2024-25,PHI,BOS,0,0.29540694
0022400790,2025-02-20,2024-25,ATL,ORL,0,0.52363473
0022400791,2025-02-20,2024-25,BKN,CLE,0,0.24377847
0022400792,2025-02-20,2024-25,NYK,CHI,1,0.7838902
0022400793,2025-02-20,2024-25,MIL,LAC,1,0.37258148
0022400794,2025-02-20,2024-25,DEN,CHA,1,0.85068077
0022400795,2025-02-20,2024-25,SAS,PHX,1,0.7336003
0022400796,2025-02-20,2024-25,POR,LAL,0,0.39652318
0022400797,2025-02-21,2024-25,CLE,NYK,1,0.7374257
0022400798,2025-02-21,2024-25,ORL,MEM,0,0.45564932
0022400799,2025-02-21,2024-25,WAS,MIL,0,0.30620867
0022400800,2025-02-21,2024-25,TOR,MIA,0,0.4850599
0022400801,2025-02-21,2024-25,HOU,MIN,1,0.45731762
0022400802,2025-02-21,2024-25,SAS,DET,0,0.3110728
0022400803,2025-02-21,2024-25,DAL,NOP,1,0.5603409
0022400804,2025-02-21,2024-25,UTA,OKC,0,0.19970864
0022400805,2025-02-21,2024-25,SAC,GSW,0,0.5754165
0022400806,2025-02-22,2024-25,CHI,PHX,0,0.39174986
0022400807,2025-02-22,2024-25,PHI,BKN,0,0.73227036
0022400808,2025-02-22,2024-25,DEN,LAL,0,0.65649694
0022400809,2025-02-22,2024-25,UTA,HOU,1,0.4292856
0022400810,2025-02-22,2024-25,POR,CHA,1,0.7996021
0022400811,2025-02-23,2024-25,BOS,NYK,1,0.6800392
0022400812,2025-02-23,2024-25,GSW,DAL,1,0.6776367
0022400813,2025-02-23,2024-25,IND,LAC,1,0.5582404
0022400814,2025-02-23,2024-25,ATL,DET,0,0.30232054
0022400815,2025-02-23,2024-25,ORL,WAS,1,0.7402136
0022400816,2025-02-23,2024-25,TOR,PHX,1,0.45377892
0022400817,2025-02-23,2024-25,MIL,MIA,1,0.5623198
0022400818,2025-02-23,2024-25,NOP,SAS,1,0.4516595
0022400819,2025-02-23,2024-25,CLE,MEM,1,0.73693436
0022400820,2025-02-23,2024-25,MIN,OKC,0,0.30926862
0022400821,2025-02-24,2024-25,DET,LAC,1,0.65078145
0022400822,2025-02-24,2024-25,IND,DEN,0,0.3854566
0022400823,2025-02-24,2024-25,PHI,CHI,0,0.6907933
0022400824,2025-02-24,2024-25,WAS,BKN,1,0.36832023
0022400825,2025-02-24,2024-25,ATL,MIA,1,0.52907205
0022400826,2025-02-24,2024-25,OKC,MIN,0,0.8126425
0022400827,2025-02-24,2024-25,UTA,POR,0,0.34521407
0022400828,2025-02-24,2024-25,SAC,CHA,1,0.7993259
0022400829,2025-02-25,2024-25,TOR,BOS,0,0.22515677
0022400830,2025-02-25,2024-25,ORL,CLE,0,0.3409041
0022400831,2025-02-25,2024-25,HOU,MIL,1,0.50717175
0022400832,2025-02-25,2024-25,MEM,PHX,1,0.59723324
0022400833,2025-02-25,2024-25,NOP,SAS,1,0.4834913
0022400834,2025-02-25,2024-25,GSW,CHA,1,0.8883288
0022400835,2025-02-25,2024-25,LAL,DAL,1,0.7627678
0022400836,2025-02-26,2024-25,DET,BOS,1,0.6463146
0022400837,2025-02-26,2024-25,IND,TOR,1,0.83382267
0022400838,2025-02-26,2024-25,NYK,PHI,1,0.7653404
0022400839,2025-02-26,2024-25,WAS,POR,0,0.31366077
0022400840,2025-02-26,2024-25,BKN,OKC,0,0.15505819
0022400841,2025-02-26,2024-25,MIA,ATL,1,0.5313208
0022400842,2025-02-26,2024-25,CHI,LAC,0,0.34971017
0022400843,2025-02-26,2024-25,UTA,SAC,0,0.25422537
0022400844,2025-02-26,2024-25,HOU,SAS,1,0.52561396
0022400845,2025-02-27,2024-25,ORL,GSW,0,0.32322776
0022400846,2025-02-27,2024-25,MIL,DEN,1,0.37268332
0022400847,2025-02-27,2024-25,DAL,CHA,1,0.8062624
0022400848,2025-02-27,2024-25,PHX,NOP,0,0.64181244
0022400849,2025-02-27,2024-25,LAL,MIN,1,0.74437034
0022400850,2025-02-28,2024-25,DET,DEN,0,0.61431044
0022400851,2025-02-28,2024-25,ATL,OKC,0,0.25874522
0022400852,2025-02-28,2024-25,BOS,CLE,0,0.5411907
0022400853,2025-02-28,2024-25,BKN,POR,0,0.3270792
0022400854,2025-02-28,2024-25,MIA,IND,1,0.37847227
0022400855,2025-02-28,2024-25,CHI,TOR,1,0.5834425
0022400856,2025-02-28,2024-25,MEM,NYK,0,0.5627239
0022400857,2025-02-28,2024-25,PHX,NOP,1,0.63360393
0022400858,2025-02-28,2024-25,UTA,MIN,1,0.388567
0022400859,2025-02-28,2024-25,LAL,LAC,1,0.6667401
0022400860,2025-03-01,2024-25,CHA,WAS,0,0.4735462
0022400861,2025-03-01,2024-25,DET,BKN,1,0.8309006
0022400862,2025-03-01,2024-25,HOU,SAC,0,0.44037712
0022400863,2025-03-01,2024-25,MEM,SAS,0,0.5984709
0022400864,2025-03-01,2024-25,PHI,GSW,1,0.23072311
0022400865,2025-03-01,2024-25,DAL,MIL,0,0.50929224
0022400866,2025-03-02,2024-25,BOS,DEN,1,0.5921499
0022400867,2025-03-02,2024-25,CLE,POR,1,0.79681057
0022400868,2025-03-02,2024-25,IND,CHI,1,0.8153367
0022400869,2025-03-02,2024-25,MIA,NYK,0,0.47458377
0022400870,2025-03-02,2024-25,ORL,TOR,0,0.66183007
0022400871,2025-03-02,2024-25,SAS,OKC,0,0.17511041
0022400872,2025-03-02,2024-25,UTA,NOP,0,0.58295745
0022400873,2025-03-02,2024-25,PHX,MIN,0,0.5803824
0022400874,2025-03-02,2024-25,LAL,LAC,1,0.7086266
0022400875,2025-03-03,2024-25,CHA,GSW,0,0.20822862
0022400876,2025-03-03,2024-25,PHI,POR,0,0.4101282
0022400877,2025-03-03,2024-25,MIA,WAS,1,0.67632556
0022400878,2025-03-03,2024-25,MEM,ATL,0,0.5784529
0022400879,2025-03-03,2024-25,OKC,HOU,1,0.6925962
0022400880,2025-03-03,2024-25,DAL,SAC,0,0.44560707
0022400881,2025-03-03,2024-25,UTA,DET,0,0.16721337
0022400882,2025-03-04,2024-25,IND,HOU,1,0.86658144
0022400883,2025-03-04,2024-25,ORL,TOR,0,0.6489426
0022400884,2025-03-04,2024-25,ATL,MIL,0,0.36157537
0022400885,2025-03-04,2024-25,NYK,GSW,0,0.5114475
0022400886,2025-03-04,2024-25,CHI,CLE,0,0.19186513
0022400887,2025-03-04,2024-25,MIN,PHI,1,0.8620647
0022400888,2025-03-04,2024-25,SAS,BKN,1,0.6177879
0022400889,2025-03-04,2024-25,PHX,LAC,1,0.49769646
0022400890,2025-03-04,2024-25,LAL,NOP,1,0.7923174
0022400891,2025-03-05,2024-25,BOS,POR,1,0.6887989
0022400892,2025-03-05,2024-25,CHA,MIN,0,0.23656417
0022400893,2025-03-05,2024-25,CLE,MIA,1,0.79635596
0022400894,2025-03-05,2024-25,WAS,UTA,1,0.52035207
0022400895,2025-03-05,2024-25,MEM,OKC,0,0.25680184
0022400896,2025-03-05,2024-25,DEN,SAC,1,0.6935086
0022400897,2025-03-05,2024-25,MIL,DAL,1,0.59657836
0022400898,2025-03-05,2024-25,LAC,DET,1,0.34478122
0022400899,2025-03-06,2024-25,ATL,IND,1,0.36522797
0022400900,2025-03-06,2024-25,BOS,PHI,1,0.84080094
0022400901,2025-03-06,2024-25,BKN,GSW,0,0.23875317
0022400902,2025-03-06,2024-25,NOP,HOU,0,0.5368156
0022400903,2025-03-06,2024-25,LAL,NYK,1,0.71142733
0022400944,2025-03-06,2024-25,ORL,CHI,0,0.779016
0022400904,2025-03-07,2024-25,CHA,CLE,0,0.15398215
0022400905,2025-03-07,2024-25,TOR,UTA,1,0.74745333
0022400906,2025-03-07,2024-25,DAL,MEM,0,0.41521597
0022400907,2025-03-07,2024-25,MIA,MIN,0,0.31503057
0022400908,2025-03-07,2024-25,OKC,POR,1,0.7750167
0022400909,2025-03-07,2024-25,DEN,PHX,1,0.7331537
0022400910,2025-03-07,2024-25,SAC,SAS,1,0.7162256
0022400911,2025-03-07,2024-25,LAC,NYK,1,0.62403035
0022400912,2025-03-08,2024-25,CHA,BKN,1,0.33816326
0022400913,2025-03-08,2024-25,HOU,NOP,1,0.6164185
0022400914,2025-03-08,2024-25,ATL,IND,1,0.43790874
0022400915,2025-03-08,2024-25,TOR,WAS,0,0.49157503
0022400916,2025-03-08,2024-25,MIA,CHI,0,0.7070956
0022400917,2025-03-08,2024-25,MIL,ORL,0,0.7173668
0022400918,2025-03-08,2024-25,BOS,LAL,1,0.44078836
0022400919,2025-03-08,2024-25,GSW,DET,1,0.6465346
0022400920,2025-03-09,2024-25,OKC,DEN,1,0.4851749
0022400921,2025-03-09,2024-25,DAL,PHX,0,0.38957876
0022400922,2025-03-09,2024-25,MIL,CLE,0,0.31267446
0022400923,2025-03-09,2024-25,NOP,MEM,0,0.34114158
0022400924,2025-03-09,2024-25,PHI,UTA,1,0.5096459
0022400925,2025-03-09,2024-25,MIN,SAS,1,0.8221471
0022400926,2025-03-09,2024-25,POR,DET,0,0.53590983
0022400927,2025-03-09,2024-25,LAC,SAC,1,0.6129244
0022400928,2025-03-10,2024-25,ATL,PHI,1,0.83574295
0022400929,2025-03-10,2024-25,BOS,UTA,1,0.916363
0022400930,2025-03-10,2024-25,BKN,LAL,1,0.2755788
0022400931,2025-03-10,2024-25,MIA,CHA,0,0.8228937
0022400932,2025-03-10,2024-25,TOR,WAS,1,0.58558685
0022400933,2025-03-10,2024-25,CHI,IND,1,0.31516925
0022400934,2025-03-10,2024-25,HOU,ORL,1,0.6746998
0022400935,2025-03-10,2024-25,MEM,PHX,1,0.53293127
0022400936,2025-03-10,2024-25,OKC,DEN,0,0.699231
0022400937,2025-03-10,2024-25,SAS,DAL,0,0.58780855
0022400938,2025-03-10,2024-25,GSW,POR,1,0.77922297
0022400939,2025-03-10,2024-25,SAC,NYK,0,0.46469072
0022400940,2025-03-11,2024-25,CLE,BKN,1,0.88354146
0022400941,2025-03-11,2024-25,DET,WAS,1,0.8809708
0022400942,2025-03-11,2024-25,IND,MIL,1,0.42648914
0022400943,2025-03-11,2024-25,NOP,LAC,1,0.27661422
0022400945,2025-03-12,2024-25,ATL,CHA,1,0.68442744
0022400946,2025-03-12,2024-25,BOS,OKC,0,0.4064124
0022400947,2025-03-12,2024-25,TOR,PHI,1,0.6872193
0022400948,2025-03-12,2024-25,MIA,LAC,0,0.5308189
0022400949,2025-03-12,2024-25,HOU,PHX,1,0.5293869
0022400950,2025-03-12,2024-25,MEM,UTA,1,0.72641516
0022400951,2025-03-12,2024-25,SAS,DAL,1,0.6065187
0022400952,2025-03-12,2024-25,DEN,MIN,0,0.50797534
0022400953,2025-03-12,2024-25,POR,NYK,0,0.5862355
0022400954,2025-03-13,2024-25,DET,WAS,0,0.83413327
0022400955,2025-03-13,2024-25,MIL,LAL,1,0.5231285
0022400956,2025-03-13,2024-25,CHI,BKN,1,0.5154515
0022400957,2025-03-13,2024-25,GSW,SAC,1,0.67312163
0022401141,2025-03-13,2024-25,NOP,ORL,0,0.47158974
0022400958,2025-03-14,2024-25,MIA,BOS,0,0.3585726
0022400959,2025-03-14,2024-25,PHI,IND,0,0.21252288
0022400960,2025-03-14,2024-25,ATL,LAC,0,0.528776
0022400961,2025-03-14,2024-25,HOU,DAL,1,0.82142645
0022400962,2025-03-14,2024-25,MEM,CLE,0,0.29818505
0022400963,2025-03-14,2024-25,MIN,ORL,1,0.8445729
0022400964,2025-03-14,2024-25,SAS,CHA,0,0.63017917
0022400965,2025-03-14,2024-25,DEN,LAL,1,0.66656625
0022400966,2025-03-14,2024-25,UTA,TOR,0,0.73578227
0022400967,2025-03-14,2024-25,PHX,SAC,1,0.6402611
0022400968,2025-03-15,2024-25,BKN,BOS,0,0.37788382
0022400969,2025-03-15,2024-25,DET,OKC,0,0.50141674
0022400970,2025-03-15,2024-25,HOU,CHI,1,0.76247853
0022400971,2025-03-15,2024-25,MEM,MIA,1,0.57530934
0022400972,2025-03-15,2024-25,MIL,IND,1,0.5980896
0022400973,2025-03-15,2024-25,SAS,NOP,1,0.42593962
0022400974,2025-03-15,2024-25,GSW,NYK,1,0.6958007
0022400975,2025-03-15,2024-25,DEN,WAS,0,0.8047147
0022400538,2025-03-16,2024-25,LAC,CHA,1,0.7930374
0022400976,2025-03-16,2024-25,DAL,PHI,0,0.5838273
0022400977,2025-03-16,2024-25,LAL,PHX,1,0.3835838
0022400978,2025-03-16,2024-25,BKN,ATL,1,0.40070918
0022400979,2025-03-16,2024-25,CLE,ORL,0,0.80845183
0022400980,2025-03-16,2024-25,POR,TOR,1,0.7351914
0022400981,2025-03-16,2024-25,MIN,UTA,1,0.88564444
0022400982,2025-03-16,2024-25,MIL,OKC,0,0.4137005
0022400537,2025-03-17,2024-25,LAL,SAS,1,0.78729886
0022400984,2025-03-17,2024-25,NYK,MIA,1,0.66854817
0022400985,2025-03-17,2024-25,HOU,PHI,1,0.86996114
0022400986,2025-03-17,2024-25,MIN,IND,0,0.6534426
0022400987,2025-03-17,2024-25,NOP,DET,0,0.24736942
0022400989,2025-03-17,2024-25,UTA,CHI,0,0.49425077
0022400990,2025-03-17,2024-25,GSW,DEN,0,0.59800315
0022400991,2025-03-17,2024-25,PHX,TOR,1,0.731153
0022400992,2025-03-17,2024-25,SAC,MEM,1,0.61456674
0022400995,2025-03-17,2024-25,POR,WAS,1,0.67346245
0022400993,2025-03-18,2024-25,CHA,ATL,0,0.33256385
0022400994,2025-03-18,2024-25,BOS,BKN,1,0.833828
0022400997,2025-03-18,2024-25,LAC,CLE,1,0.43460578
0022401012,2025-03-18,2024-25,GSW,MIL,1,0.6384306
0022400627,2025-03-19,2024-25,UTA,WAS,1,0.53139526
0022400998,2025-03-19,2024-25,IND,DAL,1,0.66368836
0022400999,2025-03-19,2024-25,ORL,HOU,0,0.5044021
0022401000,2025-03-19,2024-25,MIA,DET,0,0.2999468
0022401001,2025-03-19,2024-25,MIN,NOP,0,0.8594296
0022401002,2025-03-19,2024-25,OKC,PHI,1,0.914007
0022401003,2025-03-19,2024-25,SAS,NYK,1,0.31109747
0022401006,2025-03-19,2024-25,LAL,DEN,1,0.71955013
0022401007,2025-03-19,2024-25,PHX,CHI,1,0.7197166
0022401008,2025-03-19,2024-25,POR,MEM,1,0.55428004
0022401009,2025-03-19,2024-25,SAC,CLE,1,0.3921715
0022400996,2025-03-20,2024-25,LAL,MIL,0,0.5229196
0022401005,2025-03-20,2024-25,GSW,TOR,1,0.8848544
0022401010,2025-03-20,2024-25,CHA,NYK,1,0.2708292
0022401011,2025-03-20,2024-25,IND,BKN,1,0.5334951
0022401013,2025-03-20,2024-25,SAC,CHI,0,0.670344
0022401014,2025-03-21,2024-25,WAS,ORL,0,0.31346884
0022401015,2025-03-21,2024-25,MIA,HOU,0,0.39452565
0022401016,2025-03-21,2024-25,MIN,NOP,1,0.8546928
0022401017,2025-03-21,2024-25,OKC,CHA,1,0.85062796
0022401018,2025-03-21,2024-25,SAS,PHI,1,0.7094389
0022401019,2025-03-21,2024-25,DAL,DET,1,0.18685855
0022401020,2025-03-21,2024-25,UTA,BOS,0,0.2695559
0022401021,2025-03-21,2024-25,PHX,CLE,1,0.356485
0022401022,2025-03-21,2024-25,POR,DEN,1,0.5760417
0022401023,2025-03-21,2024-25,LAC,MEM,1,0.73463905
0022401024,2025-03-22,2024-25,IND,BKN,1,0.6550738
0022401025,2025-03-22,2024-25,ATL,GSW,1,0.40035912
0022401026,2025-03-22,2024-25,NYK,WAS,1,0.7827657
0022401027,2025-03-22,2024-25,SAC,MIL,0,0.47278312
0022401028,2025-03-22,2024-25,LAL,CHI,0,0.5291982
0022401029,2025-03-23,2024-25,DET,NOP,1,0.8711323
0022401030,2025-03-23,2024-25,UTA,CLE,0,0.19363968
0022401031,2025-03-23,2024-25,ATL,PHI,1,0.85934967
0022401032,2025-03-23,2024-25,MIA,CHA,1,0.78683066
0022401033,2025-03-23,2024-25,TOR,SAS,0,0.5606277
0022401034,2025-03-23,2024-25,POR,BOS,0,0.33743346
0022401035,2025-03-23,2024-25,HOU,DEN,0,0.6671982
0022401036,2025-03-23,2024-25,LAC,OKC,0,0.5575034
0022401037,2025-03-24,2024-25,IND,MIN,1,0.3648516
0022401038,2025-03-24,2024-25,ORL,LAL,1,0.4035965
0022401039,2025-03-24,2024-25,WAS,TOR,0,0.6892501
0022401040,2025-03-24,2024-25,BKN,DAL,0,0.6507988
0022401041,2025-03-24,2024-25,NOP,PHI,1,0.6863577
0022401042,2025-03-24,2024-25,DEN,CHI,0,0.48891374
0022401043,2025-03-24,2024-25,PHX,MIL,1,0.5610052
0022401044,2025-03-24,2024-25,SAC,BOS,0,0.41600823
0022401045,2025-03-25,2024-25,CHA,ORL,0,0.33717746
0022401046,2025-03-25,2024-25,DET,SAS,1,0.7609523
0022401047,2025-03-25,2024-25,MIA,GSW,1,0.31503114
0022401048,2025-03-25,2024-25,NYK,DAL,1,0.7677936
0022401049,2025-03-25,2024-25,HOU,ATL,1,0.5871298
0022401050,2025-03-25,2024-25,UTA,MEM,0,0.38804838
0022401051,2025-03-25,2024-25,POR,CLE,0,0.31495395
0022401052,2025-03-25,2024-25,SAC,OKC,0,0.25907335
0022401053,2025-03-26,2024-25,PHI,WAS,0,0.32455018
0022401054,2025-03-26,2024-25,BKN,TOR,0,0.63135254
0022401055,2025-03-26,2024-25,IND,LAL,0,0.4799457
0022401056,2025-03-26,2024-25,NYK,LAC,0,0.2914397
0022401057,2025-03-26,2024-25,DEN,MIL,1,0.42209992
0022401058,2025-03-26,2024-25,PHX,BOS,0,0.40533417
0022401059,2025-03-27,2024-25,CLE,SAS,1,0.83784586
0022401060,2025-03-27,2024-25,ORL,DAL,0,0.81782997
0022401061,2025-03-27,2024-25,WAS,IND,0,0.19359909
0022401062,2025-03-27,2024-25,MIA,ATL,1,0.4108474
0022401063,2025-03-27,2024-25,CHI,LAL,1,0.5215253
0022401064,2025-03-27,2024-25,OKC,MEM,1,0.8107738
0022401065,2025-03-27,2024-25,UTA,HOU,0,0.26345295
0022401066,2025-03-27,2024-25,SAC,POR,1,0.5508858
0022401067,2025-03-28,2024-25,DET,CLE,1,0.5650528
0022401068,2025-03-28,2024-25,BKN,LAC,0,0.23208573
0022401069,2025-03-28,2024-25,TOR,CHA,1,0.63447356
0022401070,2025-03-28,2024-25,MIL,NYK,0,0.5461865
0022401071,2025-03-28,2024-25,MIN,PHX,1,0.76550895
0022401072,2025-03-28,2024-25,NOP,GSW,0,0.203637
0022401073,2025-03-28,2024-25,DEN,UTA,1,0.8655912
0022401074,2025-03-29,2024-25,ORL,SAC,1,0.6190092
0022401075,2025-03-29,2024-25,WAS,BKN,0,0.51431
0022401076,2025-03-29,2024-25,PHI,MIA,0,0.21073194
0022401077,2025-03-29,2024-25,CHI,DAL,0,0.7699887
0022401078,2025-03-29,2024-25,MEM,LAL,0,0.36510485
0022401079,2025-03-29,2024-25,OKC,IND,1,0.6856551
0022401080,2025-03-29,2024-25,SAS,BOS,0,0.23931013
0022401081,2025-03-30,2024-25,CLE,LAC,1,0.52115554
0022401082,2025-03-30,2024-25,NYK,POR,1,0.53268105
0022401083,2025-03-30,2024-25,MIL,ATL,0,0.49834064
0022401084,2025-03-30,2024-25,MIN,DET,1,0.76265097
0022401085,2025-03-30,2024-25,NOP,CHA,1,0.5565169
0022401086,2025-03-30,2024-25,SAS,GSW,0,0.18608704
0022401087,2025-03-30,2024-25,PHI,TOR,0,0.24439095
0022401088,2025-03-30,2024-25,PHX,HOU,0,0.44292575
0022401089,2025-03-31,2024-25,CHA,UTA,1,0.44252312
0022401090,2025-03-31,2024-25,IND,SAC,1,0.70575905
0022401091,2025-03-31,2024-25,ORL,LAC,0,0.49031213
0022401092,2025-03-31,2024-25,WAS,MIA,0,0.2407889
0022401093,2025-03-31,2024-25,MEM,BOS,0,0.33347607
0022401094,2025-03-31,2024-25,OKC,CHI,1,0.7449733
0022401095,2025-03-31,2024-25,DAL,BKN,0,0.6775137
0022401096,2025-03-31,2024-25,LAL,HOU,1,0.6330464
0022400988,2025-04-01,2024-25,SAS,ORL,0,0.39234185
0022401097,2025-04-01,2024-25,ATL,POR,0,0.61543846
0022401098,2025-04-01,2024-25,NYK,PHI,1,0.8698104
0022401099,2025-04-01,2024-25,CHI,TOR,1,0.6515879
0022401100,2025-04-01,2024-25,MEM,GSW,0,0.2604875
0022401101,2025-04-01,2024-25,MIL,PHX,1,0.5499198
0022401102,2025-04-01,2024-25,DEN,MIN,0,0.3715472
0022401103,2025-04-02,2024-25,CLE,NYK,1,0.81124413
0022401104,2025-04-02,2024-25,IND,CHA,1,0.85829973
0022401105,2025-04-02,2024-25,WAS,SAC,1,0.26043054
0022401106,2025-04-02,2024-25,BOS,MIA,0,0.7596949
0022401107,2025-04-02,2024-25,HOU,UTA,1,0.8957815
0022401108,2025-04-02,2024-25,OKC,DET,1,0.8058695
0022401109,2025-04-02,2024-25,DAL,ATL,1,0.44556403
0022401110,2025-04-02,2024-25,DEN,SAS,0,0.73547727
0022401111,2025-04-02,2024-25,LAC,NOP,1,0.91271603
0022401112,2025-04-03,2024-25,WAS,ORL,0,0.15588464
0022401113,2025-04-03,2024-25,BKN,MIN,0,0.20711417
0022401114,2025-04-03,2024-25,MIA,MEM,0,0.5308848
0022401115,2025-04-03,2024-25,PHI,MIL,0,0.24191646
0022401116,2025-04-03,2024-25,TOR,POR,0,0.4037101
0022401117,2025-04-03,2024-25,LAL,GSW,0,0.4668752
0022401118,2025-04-04,2024-25,CHA,SAC,0,0.3079422
0022401119,2025-04-04,2024-25,IND,UTA,1,0.8841131
0022401120,2025-04-04,2024-25,BOS,PHX,1,0.8180474
0022401121,2025-04-04,2024-25,TOR,DET,0,0.38487747
0022401122,2025-04-04,2024-25,CHI,POR,1,0.6634054
0022401123,2025-04-04,2024-25,HOU,OKC,1,0.43708855
0022401124,2025-04-04,2024-25,SAS,CLE,0,0.22107002
0022401125,2025-04-04,2024-25,GSW,DEN,1,0.89147127
0022401126,2025-04-04,2024-25,LAL,NOP,1,0.8838649
0022401127,2025-04-04,2024-25,LAC,DAL,1,0.8423218
0022401128,2025-04-05,2024-25,ATL,NYK,0,0.630128
0022401129,2025-04-05,2024-25,DET,MEM,0,0.44286922
0022401130,2025-04-05,2024-25,PHI,MIN,0,0.11696916
0022401131,2025-04-05,2024-25,MIA,MIL,0,0.6114435
0022401132,2025-04-05,2024-25,LAC,DAL,1,0.87035966
0022400617,2025-04-06,2024-25,NOP,MIL,0,0.23529539
0022401133,2025-04-06,2024-25,CHA,CHI,0,0.20067649
0022401134,2025-04-06,2024-25,BKN,TOR,0,0.39019278
0022401135,2025-04-06,2024-25,OKC,LAL,0,0.6848394
0022401136,2025-04-06,2024-25,ATL,UTA,1,0.8549923
0022401137,2025-04-06,2024-25,BOS,WAS,1,0.9248857
0022401138,2025-04-06,2024-25,CLE,SAC,0,0.7283309
0022401139,2025-04-06,2024-25,POR,SAS,1,0.6742936
0022401140,2025-04-06,2024-25,NYK,PHX,1,0.6427474
0022401142,2025-04-06,2024-25,DEN,IND,0,0.45841753
0022401143,2025-04-06,2024-25,GSW,HOU,0,0.63782275
0022401144,2025-04-07,2024-25,DET,SAC,0,0.69209576
0022401145,2025-04-07,2024-25,MIA,PHI,1,0.856539
0022401146,2025-04-08,2024-25,CHA,MEM,0,0.28330016
0022401147,2025-04-08,2024-25,CLE,CHI,1,0.6747323
0022401148,2025-04-08,2024-25,IND,WAS,1,0.8884083
0022401149,2025-04-08,2024-25,ORL,ATL,1,0.63348484
0022401150,2025-04-08,2024-25,BKN,NOP,1,0.6237872
0022401151,2025-04-08,2024-25,NYK,BOS,0,0.47733092
0022401152,2025-04-08,2024-25,MIL,MIN,1,0.32045183
0022401153,2025-04-08,2024-25,OKC,LAL,1,0.65851986
0022401154,2025-04-08,2024-25,PHX,GSW,0,0.25315765
0022401155,2025-04-08,2024-25,LAC,SAS,1,0.8785119
0022401156,2025-04-09,2024-25,ORL,BOS,1,0.40038255
0022401157,2025-04-09,2024-25,WAS,PHI,0,0.5012771
0022401158,2025-04-09,2024-25,TOR,CHA,1,0.7795632
0022401159,2025-04-09,2024-25,DAL,LAL,0,0.35614568
0022401160,2025-04-09,2024-25,CHI,MIA,1,0.3393457
0022401162,2025-04-09,2024-25,UTA,POR,1,0.26393333
0022401163,2025-04-09,2024-25,GSW,SAS,0,0.87228966
0022401164,2025-04-09,2024-25,PHX,OKC,0,0.20915684
0022401165,2025-04-09,2024-25,SAC,DEN,0,0.5614524
0022401166,2025-04-09,2024-25,LAC,HOU,1,0.506203
0022401161,2025-04-10,2024-25,MIL,NOP,1,0.8696557
0022401167,2025-04-10,2024-25,DET,NYK,1,0.47002572
0022401168,2025-04-10,2024-25,IND,CLE,1,0.5825932
0022401169,2025-04-10,2024-25,BKN,ATL,0,0.1878314
0022401170,2025-04-10,2024-25,MEM,MIN,0,0.40319914
0022401171,2025-04-11,2024-25,DET,MIL,0,0.5544011
0022401172,2025-04-11,2024-25,IND,ORL,0,0.45914146
0022401173,2025-04-11,2024-25,PHI,ATL,0,0.2329785
0022401174,2025-04-11,2024-25,BOS,CHA,1,0.8801579
0022401175,2025-04-11,2024-25,NYK,CLE,0,0.5863879
0022401176,2025-04-11,2024-25,CHI,WAS,1,0.8905799
0022401177,2025-04-11,2024-25,NOP,MIA,0,0.1283561
0022401178,2025-04-11,2024-25,DAL,TOR,1,0.5460258
0022401179,2025-04-11,2024-25,MIN,BKN,1,0.90529865
0022401180,2025-04-11,2024-25,DEN,MEM,1,0.6335026
0022401181,2025-04-11,2024-25,UTA,OKC,0,0.15495208
0022401182,2025-04-11,2024-25,PHX,SAS,1,0.58211225
0022401183,2025-04-11,2024-25,POR,GSW,0,0.24368985
0022401184,2025-04-11,2024-25,SAC,LAC,0,0.21171354
0022401185,2025-04-11,2024-25,LAL,HOU,1,0.7580945
0022401186,2025-04-13,2024-25,ATL,ORL,1,0.7201178
0022401187,2025-04-13,2024-25,BOS,CHA,1,0.9346676
0022401188,2025-04-13,2024-25,BKN,NYK,0,0.18530397
0022401189,2025-04-13,2024-25,CLE,IND,0,0.77356553
0022401190,2025-04-13,2024-25,MIA,WAS,0,0.90698045
0022401191,2025-04-13,2024-25,PHI,CHI,0,0.18825503
0022401192,2025-04-13,2024-25,MIL,DET,1,0.6027908
0022401193,2025-04-13,2024-25,HOU,DEN,0,0.32423958
0022401194,2025-04-13,2024-25,MEM,DAL,1,0.6346217
0022401195,2025-04-13,2024-25,MIN,UTA,1,0.9137699
0022401196,2025-04-13,2024-25,NOP,OKC,0,0.1477441
0022401197,2025-04-13,2024-25,SAS,TOR,1,0.53043693
0022401198,2025-04-13,2024-25,GSW,LAC,0,0.5198792
0022401199,2025-04-13,2024-25,POR,LAL,1,0.23123863
0022401200,2025-04-13,2024-25,SAC,PHX,1,0.6011882
0022500001,2025-10-21,2025-26,OKC,HOU,1,0.47060657
0022500002,2025-10-21,2025-26,LAL,GSW,0,0.2565366
0022500003,2025-10-22,2025-26,NYK,CLE,1,0.67200124
0022500004,2025-10-22,2025-26,DAL,SAS,0,0.5269533
0022500080,2025-10-22,2025-26,CHA,BKN,1,0.4619307
0022500081,2025-10-22,2025-26,ORL,MIA,1,0.5634876
0022500082,2025-10-22,2025-26,ATL,TOR,0,0.72646993
0022500083,2025-10-22,2025-26,BOS,PHI,0,0.8371957
0022500084,2025-10-22,2025-26,CHI,DET,1,0.651211
0022500085,2025-10-22,2025-26,MEM,NOP,1,0.8606301
0022500086,2025-10-22,2025-26,MIL,WAS,1,0.81414986
0022500087,2025-10-22,2025-26,UTA,LAC,1,0.15143685
0022500088,2025-10-22,2025-26,PHX,SAC,1,0.50380206
0022500089,2025-10-22,2025-26,POR,MIN,0,0.28137967
0022500005,2025-10-23,2025-26,IND,OKC,0,0.5880632
0022500006,2025-10-23,2025-26,GSW,DEN,1,0.49820817
0022500018,2025-10-24,2025-26,NYK,BOS,1,0.5486179
0022500019,2025-10-24,2025-26,LAL,MIN,1,0.47637644
0022500090,2025-10-24,2025-26,ORL,ATL,0,0.5052231
0022500091,2025-10-24,2025-26,BKN,CLE,0,0.3527601
0022500092,2025-10-24,2025-26,TOR,MIL,0,0.43288785
0022500093,2025-10-24,2025-26,HOU,DET,0,0.6508255
0022500094,2025-10-24,2025-26,MEM,MIA,0,0.4229937
0022500095,2025-10-24,2025-26,NOP,SAS,0,0.45118448
0022500096,2025-10-24,2025-26,DAL,WAS,0,0.6967975
0022500097,2025-10-24,2025-26,POR,GSW,1,0.5062131
0022500098,2025-10-24,2025-26,SAC,UTA,1,0.73798525
0022500099,2025-10-24,2025-26,LAC,PHX,1,0.8048839
0022500100,2025-10-25,2025-26,ORL,CHI,0,0.46934906
0022500101,2025-10-25,2025-26,ATL,OKC,0,0.4571824
0022500102,2025-10-25,2025-26,PHI,CHA,1,0.62965614
0022500103,2025-10-25,2025-26,MEM,IND,1,0.42972505
0022500104,2025-10-25,2025-26,DEN,PHX,1,0.83351487
0022500105,2025-10-26,2025-26,SAS,BKN,1,0.73171616
0022500106,2025-10-26,2025-26,DET,BOS,1,0.45256582
0022500107,2025-10-26,2025-26,CLE,MIL,1,0.4969537
0022500108,2025-10-26,2025-26,MIA,NYK,1,0.51684433
0022500109,2025-10-26,2025-26,WAS,CHA,0,0.6066151
0022500110,2025-10-26,2025-26,MIN,IND,1,0.79036534
0022500111,2025-10-26,2025-26,DAL,TOR,1,0.41776437
0022500112,2025-10-26,2025-26,LAC,POR,1,0.6735892
0022500113,2025-10-26,2025-26,SAC,LAL,0,0.45378953
0022500007,2025-10-27,2025-26,DET,CLE,0,0.50852543
0022500008,2025-10-27,2025-26,MIN,DEN,0,0.4274063
0022500114,2025-10-27,2025-26,PHI,ORL,1,0.34954885
0022500115,2025-10-27,2025-26,CHI,ATL,1,0.59355
0022500116,2025-10-27,2025-26,HOU,BKN,1,0.8204929
0022500117,2025-10-27,2025-26,NOP,BOS,0,0.3932156
0022500118,2025-10-27,2025-26,SAS,TOR,1,0.5481777
0022500119,2025-10-27,2025-26,DAL,OKC,0,0.19861166
0022500120,2025-10-27,2025-26,UTA,PHX,1,0.44356504
0022500121,2025-10-27,2025-26,GSW,MEM,1,0.7763404
0022500122,2025-10-27,2025-26,LAL,POR,0,0.45810986
0022500123,2025-10-28,2025-26,WAS,PHI,0,0.52667874
0022500124,2025-10-28,2025-26,MIA,CHA,1,0.81837386
0022500125,2025-10-28,2025-26,MIL,NYK,1,0.52135265
0022500126,2025-10-28,2025-26,OKC,SAC,1,0.74493814
0022500127,2025-10-28,2025-26,GSW,LAC,1,0.36933354
0022500128,2025-10-29,2025-26,BOS,CLE,1,0.65165997
0022500129,2025-10-29,2025-26,DET,ORL,1,0.4744808
0022500130,2025-10-29,2025-26,BKN,ATL,0,0.28138977
0022500131,2025-10-29,2025-26,TOR,HOU,0,0.43455896
0022500132,2025-10-29,2025-26,CHI,SAC,1,0.7324766
0022500133,2025-10-29,2025-26,DAL,IND,1,0.48167902
0022500134,2025-10-29,2025-26,DEN,NOP,1,0.84873533
0022500135,2025-10-29,2025-26,UTA,POR,0,0.23949654
0022500136,2025-10-29,2025-26,MIN,LAL,0,0.61533296
0022500137,2025-10-29,2025-26,PHX,MEM,0,0.42211056
0022500138,2025-10-30,2025-26,CHA,ORL,0,0.4458604
0022500139,2025-10-30,2025-26,MIL,GSW,1,0.4528318
0022500140,2025-10-30,2025-26,OKC,WAS,1,0.8783443
0022500141,2025-10-30,2025-26,SAS,MIA,1,0.4686236
0022500020,2025-10-31,2025-26,IND,ATL,0,0.35570788
0022500021,2025-10-31,2025-26,PHI,BOS,0,0.35364753
0022500022,2025-10-31,2025-26,CLE,TOR,0,0.6544411
0022500023,2025-10-31,2025-26,CHI,NYK,1,0.54798543
0022500024,2025-10-31,2025-26,MEM,LAL,0,0.63093275
0022500025,2025-10-31,2025-26,PHX,UTA,1,0.56599766
0022500026,2025-10-31,2025-26,POR,DEN,1,0.48056093
0022500027,2025-10-31,2025-26,LAC,NOP,1,0.86786455
0022500142,2025-11-01,2025-26,MIL,SAC,0,0.6526322
0022500143,2025-11-01,2025-26,CHA,MIN,0,0.38796753
0022500144,2025-11-01,2025-26,IND,GSW,1,0.19238243
0022500145,2025-11-01,2025-26,WAS,ORL,0,0.2996376
0022500146,2025-11-01,2025-26,BOS,HOU,0,0.51848286
0022500148,2025-11-02,2025-26,OKC,NOP,1,0.8489364
0022500149,2025-11-02,2025-26,BKN,PHI,0,0.40100026
0022500150,2025-11-02,2025-26,CHA,UTA,1,0.46634534
0022500151,2025-11-02,2025-26,CLE,ATL,1,0.39480552
0022500152,2025-11-02,2025-26,TOR,MEM,1,0.583962
0022500153,2025-11-02,2025-26,NYK,CHI,1,0.5490676
0022500154,2025-11-02,2025-26,PHX,SAS,1,0.33386603
0022500155,2025-11-02,2025-26,LAL,MIA,1,0.42975914
0022500156,2025-11-03,2025-26,BKN,MIN,0,0.29592586
0022500157,2025-11-03,2025-26,IND,MIL,0,0.30550587
0022500158,2025-11-03,2025-26,BOS,UTA,0,0.86215526
0022500159,2025-11-03,2025-26,NYK,WAS,1,0.8209506
0022500160,2025-11-03,2025-26,HOU,DAL,1,0.82507527
0022500161,2025-11-03,2025-26,MEM,DET,0,0.3318403
0022500162,2025-11-03,2025-26,DEN,SAC,1,0.82875633
0022500163,2025-11-03,2025-26,POR,LAL,0,0.70320743
0022500164,2025-11-03,2025-26,LAC,MIA,0,0.7315761
0022500165,2025-11-04,2025-26,TOR,MIL,1,0.46931136
0022500166,2025-11-04,2025-26,ATL,ORL,1,0.5389096
0022500167,2025-11-04,2025-26,CHI,PHI,1,0.7380843
0022500168,2025-11-04,2025-26,NOP,CHA,1,0.6124138
0022500169,2025-11-04,2025-26,GSW,PHX,1,0.8281913
0022500170,2025-11-04,2025-26,LAC,OKC,0,0.4894401
0022500171,2025-11-05,2025-26,CLE,PHI,1,0.60554326
0022500172,2025-11-05,2025-26,DET,UTA,1,0.77759516
0022500173,2025-11-05,2025-26,IND,BKN,0,0.67054284
0022500174,2025-11-05,2025-26,BOS,WAS,1,0.85180986
0022500175,2025-11-05,2025-26,NYK,MIN,1,0.7422397
0022500176,2025-11-05,2025-26,MEM,HOU,0,0.31556866
0022500177,2025-11-05,2025-26,DAL,NOP,0,0.63824147
0022500178,2025-11-05,2025-26,DEN,MIA,1,0.61524355
0022500179,2025-11-05,2025-26,LAL,SAS,1,0.30936477
0022500180,2025-11-05,2025-26,POR,OKC,1,0.48919123
0022500181,2025-11-05,2025-26,SAC,GSW,1,0.3488842
0022500182,2025-11-06,2025-26,PHX,LAC,1,0.30147362
0022500028,2025-11-07,2025-26,ORL,BOS,1,0.47744656
0022500029,2025-11-07,2025-26,WAS,CLE,0,0.2758791
0022500030,2025-11-07,2025-26,ATL,TOR,0,0.6405159
0022500031,2025-11-07,2025-26,BKN,DET,0,0.2946959
0022500032,2025-11-07,2025-26,SAS,HOU,1,0.3612154
0022500033,2025-11-07,2025-26,MIA,CHA,1,0.84744245
0022500034,2025-11-07,2025-26,MEM,DAL,1,0.70042515
0022500035,2025-11-07,2025-26,MIL,CHI,1,0.49022526
0022500036,2025-11-07,2025-26,MIN,UTA,1,0.80636173
0022500037,2025-11-07,2025-26,DEN,GSW,1,0.7674819
0022500038,2025-11-07,2025-26,SAC,OKC,0,0.27139586
0022500183,2025-11-08,2025-26,WAS,DAL,0,0.48180807
0022500184,2025-11-08,2025-26,PHI,TOR,1,0.58002144
0022500185,2025-11-08,2025-26,ATL,LAL,1,0.6096074
0022500186,2025-11-08,2025-26,CLE,CHI,1,0.5426895
0022500187,2025-11-08,2025-26,MIA,POR,1,0.4796942
0022500188,2025-11-08,2025-26,SAS,NOP,1,0.7263424
0022500189,2025-11-08,2025-26,DEN,IND,1,0.8420598
0022500190,2025-11-08,2025-26,LAC,PHX,0,0.6336185
0022500191,2025-11-09,2025-26,MIL,HOU,0,0.48237547
0022500192,2025-11-09,2025-26,NYK,BKN,1,0.8812034
0022500193,2025-11-09,2025-26,ORL,BOS,0,0.5063081
0022500194,2025-11-09,2025-26,MEM,OKC,0,0.26671928
0022500195,2025-11-09,2025-26,PHI,DET,0,0.37655568
0022500196,2025-11-09,2025-26,GSW,IND,1,0.8092469
0022500197,2025-11-09,2025-26,SAC,MIN,0,0.288202
0022500198,2025-11-10,2025-26,CHA,LAL,0,0.41144678
0022500199,2025-11-10,2025-26,DET,WAS,1,0.8344665
0022500200,2025-11-10,2025-26,ORL,POR,1,0.45297238
0022500201,2025-11-10,2025-26,MIA,CLE,1,0.5764278
0022500202,2025-11-10,2025-26,CHI,SAS,0,0.65926373
0022500203,2025-11-10,2025-26,DAL,MIL,0,0.31717792
0022500204,2025-11-10,2025-26,PHX,NOP,1,0.7829659
0022500205,2025-11-10,2025-26,UTA,MIN,0,0.25413558
0022500206,2025-11-10,2025-26,LAC,ATL,0,0.6462149
0022500207,2025-11-11,2025-26,BKN,TOR,0,0.29771328
0022500208,2025-11-11,2025-26,NYK,MEM,1,0.82387275
0022500209,2025-11-11,2025-26,PHI,BOS,1,0.4505276
0022500210,2025-11-11,2025-26,OKC,GSW,1,0.7090431
0022500211,2025-11-11,2025-26,UTA,IND,1,0.47959843
0022500212,2025-11-11,2025-26,SAC,DEN,0,0.27261072
0022500213,2025-11-12,2025-26,CHA,MIL,1,0.25139344
0022500214,2025-11-12,2025-26,DET,CHI,1,0.5754466
0022500215,2025-11-12,2025-26,NYK,ORL,0,0.7087226
0022500216,2025-11-12,2025-26,BOS,MEM,1,0.7568754
0022500217,2025-11-12,2025-26,MIA,CLE,0,0.520637
0022500218,2025-11-12,2025-26,HOU,WAS,1,0.89796907
0022500219,2025-11-12,2025-26,NOP,POR,0,0.24593988
0022500220,2025-11-12,2025-26,SAS,GSW,0,0.56779146
0022500221,2025-11-12,2025-26,DAL,PHX,0,0.33816522
0022500222,2025-11-12,2025-26,OKC,LAL,1,0.7371634
0022500223,2025-11-12,2025-26,SAC,ATL,0,0.3113207
0022500224,2025-11-12,2025-26,LAC,DEN,0,0.43000045
0022500225,2025-11-13,2025-26,CLE,TOR,0,0.46569124
0022500226,2025-11-13,2025-26,PHX,IND,1,0.7225953
0022500227,2025-11-13,2025-26,UTA,ATL,0,0.29486924
0022500039,2025-11-14,2025-26,NYK,MIA,1,0.7247253
0022500040,2025-11-14,2025-26,ORL,BKN,1,0.8377065
0022500041,2025-11-14,2025-26,DET,PHI,1,0.39945167
0022500042,2025-11-14,2025-26,HOU,POR,1,0.6739109
0022500043,2025-11-14,2025-26,MIL,CHA,1,0.7675414
0022500044,2025-11-14,2025-26,MIN,SAC,1,0.8432485
0022500045,2025-11-14,2025-26,NOP,LAL,0,0.2786206
0022500046,2025-11-14,2025-26,DAL,LAC,0,0.306759
0022500047,2025-11-14,2025-26,SAS,GSW,0,0.46837044
0022500228,2025-11-15,2025-26,CLE,MEM,1,0.8056799
0022500229,2025-11-15,2025-26,CHA,OKC,0,0.138928
0022500230,2025-11-15,2025-26,IND,TOR,0,0.3382472
0022500231,2025-11-15,2025-26,MIL,LAL,0,0.5777676
0022500232,2025-11-15,2025-26,MIN,DEN,0,0.32172096
0022500233,2025-11-16,2025-26,BOS,LAC,1,0.7101589
0022500234,2025-11-16,2025-26,SAS,SAC,1,0.8122953
0022500235,2025-11-16,2025-26,WAS,BKN,0,0.54426605
0022500236,2025-11-16,2025-26,HOU,ORL,1,0.75396806
0022500237,2025-11-16,2025-26,NOP,GSW,0,0.17800844
0022500238,2025-11-16,2025-26,DAL,POR,1,0.24629
0022500239,2025-11-16,2025-26,PHX,ATL,0,0.51367265
0022500240,2025-11-16,2025-26,UTA,CHI,1,0.3242266
0022500241,2025-11-17,2025-26,CLE,MIL,1,0.62760615
0022500242,2025-11-17,2025-26,DET,IND,1,0.67163926
0022500243,2025-11-17,2025-26,PHI,LAC,1,0.6202376
0022500244,2025-11-17,2025-26,MIA,NYK,1,0.42880446
0022500245,2025-11-17,2025-26,TOR,CHA,1,0.774205
0022500246,2025-11-17,2025-26,MIN,DAL,1,0.8779177
0022500247,2025-11-17,2025-26,NOP,OKC,0,0.10723093
0022500248,2025-11-17,2025-26,DEN,CHI,0,0.7777183
0022500249,2025-11-18,2025-26,ORL,GSW,1,0.38296744
0022500250,2025-11-18,2025-26,BKN,BOS,0,0.21860272
0022500251,2025-11-18,2025-26,ATL,DET,0,0.8197984
0022500252,2025-11-18,2025-26,SAS,MEM,1,0.7535791
0022500253,2025-11-18,2025-26,LAL,UTA,1,0.8027933
0022500254,2025-11-18,2025-26,POR,PHX,0,0.46831647
0022500255,2025-11-19,2025-26,CLE,HOU,0,0.48414007
0022500256,2025-11-19,2025-26,IND,CHA,1,0.40352014
0022500257,2025-11-19,2025-26,MIA,GSW,1,0.4942347
0022500258,2025-11-19,2025-26,PHI,TOR,0,0.47772402
0022500259,2025-11-19,2025-26,MIN,WAS,1,0.88610566
0022500260,2025-11-19,2025-26,NOP,DEN,0,0.14880045
0022500261,2025-11-19,2025-26,OKC,SAC,1,0.8845649
0022500262,2025-11-19,2025-26,DAL,NYK,0,0.2702513
0022500263,2025-11-19,2025-26,POR,CHI,0,0.42693725
0022500264,2025-11-20,2025-26,ORL,LAC,1,0.58041173
0022500265,2025-11-20,2025-26,MEM,SAC,1,0.6267714
0022500266,2025-11-20,2025-26,MIL,PHI,0,0.6823323
0022500267,2025-11-20,2025-26,SAS,ATL,1,0.47248632
0022500048,2025-11-21,2025-26,CLE,IND,1,0.83682203
0022500049,2025-11-21,2025-26,BOS,BKN,0,0.85975367
0022500050,2025-11-21,2025-26,TOR,WAS,1,0.8780434
0022500051,2025-11-21,2025-26,CHI,MIA,0,0.5451018
0022500052,2025-11-21,2025-26,DAL,NOP,1,0.5607644
0022500053,2025-11-21,2025-26,PHX,MIN,1,0.52322483
0022500054,2025-11-21,2025-26,HOU,DEN,0,0.6178843
0022500055,2025-11-21,2025-26,UTA,OKC,0,0.1610735
0022500056,2025-11-21,2025-26,GSW,POR,0,0.5732333
0022500268,2025-11-22,2025-26,CHA,LAC,0,0.44282436
0022500269,2025-11-22,2025-26,ORL,NYK,1,0.47055456
0022500270,2025-11-22,2025-26,NOP,ATL,0,0.18089809
0022500271,2025-11-22,2025-26,CHI,WAS,1,0.8663603
0022500272,2025-11-22,2025-26,MIL,DET,0,0.45363104
0022500273,2025-11-22,2025-26,DAL,MEM,0,0.37517866
0022500274,2025-11-22,2025-26,DEN,SAC,0,0.83556116
0022500275,2025-11-23,2025-26,PHI,MIA,0,0.45261955
0022500276,2025-11-23,2025-26,ATL,CHA,1,0.8019223
0022500277,2025-11-23,2025-26,BOS,ORL,1,0.69828296
0022500278,2025-11-23,2025-26,CLE,LAC,1,0.7671286
0022500279,2025-11-23,2025-26,TOR,BKN,1,0.8414762
0022500280,2025-11-23,2025-26,OKC,POR,1,0.85574263
0022500281,2025-11-23,2025-26,PHX,SAS,1,0.6480451
0022500282,2025-11-23,2025-26,UTA,LAL,0,0.25642475
0022500283,2025-11-24,2025-26,IND,DET,0,0.3048735
0022500284,2025-11-24,2025-26,TOR,CLE,1,0.5437831
0022500285,2025-11-24,2025-26,BKN,NYK,0,0.22789457
0022500286,2025-11-24,2025-26,MIA,DAL,1,0.8058741
0022500287,2025-11-24,2025-26,MEM,DEN,0,0.3162766
0022500288,2025-11-24,2025-26,MIL,POR,0,0.6434596
0022500289,2025-11-24,2025-26,NOP,CHI,1,0.19439895
0022500290,2025-11-24,2025-26,PHX,HOU,0,0.30431557
0022500291,2025-11-24,2025-26,GSW,UTA,1,0.85563874
0022500292,2025-11-24,2025-26,SAC,MIN,1,0.19407348
0022500057,2025-11-25,2025-26,WAS,ATL,1,0.18715197
0022500058,2025-11-25,2025-26,PHI,ORL,0,0.56500244
0022500059,2025-11-25,2025-26,LAL,LAC,1,0.681681
0022500060,2025-11-26,2025-26,BOS,DET,1,0.62741435
0022500061,2025-11-26,2025-26,CHA,NYK,0,0.2874889
0022500062,2025-11-26,2025-26,MIA,MIL,1,0.75205755
0022500063,2025-11-26,2025-26,TOR,IND,1,0.832139
0022500064,2025-11-26,2025-26,OKC,MIN,1,0.7510142
0022500065,2025-11-26,2025-26,NOP,MEM,0,0.421067
0022500066,2025-11-26,2025-26,GSW,HOU,0,0.42658594
0022500067,2025-11-26,2025-26,POR,SAS,0,0.46974155
0022500068,2025-11-26,2025-26,SAC,PHX,0,0.3237516
0022500069,2025-11-28,2025-26,ATL,CLE,1,0.6238939
0022500070,2025-11-28,2025-26,BKN,PHI,0,0.36570776
0022500071,2025-11-28,2025-26,CHA,CHI,1,0.34154108
0022500072,2025-11-28,2025-26,DET,ORL,0,0.6172452
0022500073,2025-11-28,2025-26,IND,WAS,1,0.687298
0022500074,2025-11-28,2025-26,NYK,MIL,1,0.78404343
0022500075,2025-11-28,2025-26,OKC,PHX,1,0.797304
0022500076,2025-11-28,2025-26,DEN,SAS,0,0.6867759
0022500077,2025-11-28,2025-26,UTA,SAC,1,0.6428926
0022500078,2025-11-28,2025-26,LAL,DAL,1,0.8568646
0022500079,2025-11-28,2025-26,LAC,MEM,0,0.6930994
0022500293,2025-11-29,2025-26,MIN,BOS,1,0.59650815
0022500294,2025-11-29,2025-26,CHA,TOR,1,0.25921658
0022500295,2025-11-29,2025-26,IND,CHI,1,0.3467057
0022500296,2025-11-29,2025-26,MIA,DET,0,0.69424087
0022500297,2025-11-29,2025-26,MIL,BKN,1,0.8140012
0022500298,2025-11-29,2025-26,GSW,NOP,1,0.8513644
0022500299,2025-11-29,2025-26,PHX,DEN,0,0.47378618
0022500300,2025-11-29,2025-26,LAC,DAL,0,0.75556517
0022500301,2025-11-30,2025-26,UTA,HOU,0,0.25503406
0022500302,2025-11-30,2025-26,CLE,BOS,0,0.6607504
0022500303,2025-11-30,2025-26,NYK,TOR,1,0.65650684
0022500304,2025-11-30,2025-26,PHI,ATL,0,0.38163385
0022500305,2025-11-30,2025-26,POR,OKC,0,0.22882572
0022500306,2025-11-30,2025-26,MIN,SAS,1,0.6463354
0022500307,2025-11-30,2025-26,SAC,MEM,0,0.43932956
0022500308,2025-11-30,2025-26,LAL,NOP,1,0.90400046
0022500309,2025-12-01,2025-26,DET,ATL,1,0.59577304
0022500310,2025-12-01,2025-26,IND,CLE,0,0.38675267
0022500311,2025-12-01,2025-26,WAS,MIL,1,0.23901767
0022500312,2025-12-01,2025-26,BKN,CHA,1,0.3661741
0022500313,2025-12-01,2025-26,MIA,LAC,1,0.72054577
0022500314,2025-12-01,2025-26,ORL,CHI,1,0.6652637
0022500315,2025-12-01,2025-26,DEN,DAL,0,0.8265772
0022500316,2025-12-01,2025-26,UTA,HOU,1,0.20154211
0022500317,2025-12-01,2025-26,LAL,PHX,0,0.5693805
0022500318,2025-12-02,2025-26,PHI,WAS,1,0.86634547
0022500319,2025-12-02,2025-26,TOR,POR,1,0.76020944
0022500320,2025-12-02,2025-26,BOS,NYK,1,0.5225994
0022500321,2025-12-02,2025-26,NOP,MIN,0,0.15084216
0022500322,2025-12-02,2025-26,SAS,MEM,1,0.6753067
0022500323,2025-12-02,2025-26,GSW,OKC,0,0.30928865
0022500324,2025-12-03,2025-26,CLE,POR,0,0.79167867
0022500325,2025-12-03,2025-26,IND,DEN,0,0.32020035
0022500326,2025-12-03,2025-26,ORL,SAS,0,0.7529748
0022500327,2025-12-03,2025-26,ATL,LAC,0,0.7444109
0022500328,2025-12-03,2025-26,NYK,CHA,1,0.72788996
0022500329,2025-12-03,2025-26,CHI,BKN,0,0.78285754
0022500330,2025-12-03,2025-26,HOU,SAC,1,0.8761276
0022500331,2025-12-03,2025-26,MIL,DET,1,0.5385345
0022500332,2025-12-03,2025-26,DAL,MIA,1,0.2579305
0022500333,2025-12-04,2025-26,PHI,GSW,1,0.55121493
0022500334,2025-12-04,2025-26,WAS,BOS,0,0.17079957
0022500335,2025-12-04,2025-26,BKN,UTA,0,0.47498977
0022500336,2025-12-04,2025-26,TOR,LAL,0,0.46817222
0022500337,2025-12-04,2025-26,NOP,MIN,0,0.16139425
0022500338,2025-12-05,2025-26,BOS,LAL,1,0.5926744
0022500339,2025-12-05,2025-26,ORL,MIA,1,0.4935216
0022500340,2025-12-05,2025-26,ATL,DEN,0,0.51431865
0022500341,2025-12-05,2025-26,CLE,SAS,1,0.6792727
0022500342,2025-12-05,2025-26,DET,POR,1,0.695907
0022500343,2025-12-05,2025-26,NYK,UTA,1,0.8350837
0022500344,2025-12-05,2025-26,TOR,CHA,0,0.6698076
0022500345,2025-12-05,2025-26,CHI,IND,0,0.65742946
0022500346,2025-12-05,2025-26,HOU,PHX,1,0.7075769
0022500347,2025-12-05,2025-26,MEM,LAC,1,0.49923405
0022500348,2025-12-05,2025-26,MIL,PHI,0,0.64809585
0022500349,2025-12-05,2025-26,OKC,DAL,1,0.8616567
0022500350,2025-12-06,2025-26,BKN,NOP,1,0.68168324
0022500351,2025-12-06,2025-26,WAS,ATL,0,0.17504543
0022500352,2025-12-06,2025-26,CLE,GSW,0,0.59457964
0022500353,2025-12-06,2025-26,DET,MIL,1,0.6608759
0022500354,2025-12-06,2025-26,MIA,SAC,0,0.8337819
0022500355,2025-12-06,2025-26,MIN,LAC,1,0.81445336
0022500356,2025-12-06,2025-26,DAL,HOU,1,0.2509371
0022500357,2025-12-07,2025-26,NYK,ORL,1,0.63510394
0022500358,2025-12-07,2025-26,TOR,BOS,0,0.42901015
0022500359,2025-12-07,2025-26,CHA,DEN,0,0.3172856
0022500360,2025-12-07,2025-26,MEM,POR,1,0.5616933
0022500361,2025-12-07,2025-26,CHI,GSW,0,0.712355
0022500362,2025-12-07,2025-26,PHI,LAL,0,0.603309
0022500363,2025-12-07,2025-26,UTA,OKC,0,0.20290267
0022500364,2025-12-08,2025-26,IND,SAC,1,0.673874
0022500365,2025-12-08,2025-26,MIN,PHX,0,0.6850408
0022500366,2025-12-08,2025-26,NOP,SAS,0,0.27209935
0022501201,2025-12-09,2025-26,ORL,MIA,1,0.6415225
0022501202,2025-12-09,2025-26,TOR,NYK,0,0.41415277
0022501203,2025-12-10,2025-26,OKC,PHX,1,0.7434861
0022501204,2025-12-10,2025-26,LAL,SAS,0,0.66786355
0022501205,2025-12-11,2025-26,HOU,LAC,1,0.7629733
0022501206,2025-12-11,2025-26,MIL,BOS,1,0.26358327
0022501207,2025-12-11,2025-26,NOP,POR,1,0.32035765
0022501208,2025-12-11,2025-26,SAC,DEN,0,0.23296542
0022501209,2025-12-12,2025-26,CHA,CHI,0,0.43474984
0022501210,2025-12-12,2025-26,DET,ATL,1,0.50537646
0022501211,2025-12-12,2025-26,PHI,IND,1,0.71434444
0022501212,2025-12-12,2025-26,WAS,CLE,0,0.16210566
0022501213,2025-12-12,2025-26,MEM,UTA,0,0.75618947
0022501214,2025-12-12,2025-26,DAL,BKN,1,0.6458241
0022501215,2025-12-12,2025-26,GSW,MIN,0,0.36456546
0022501216,2025-12-14,2025-26,IND,WAS,0,0.82352334
0022501217,2025-12-14,2025-26,ATL,PHI,1,0.7137844
0022501218,2025-12-14,2025-26,CLE,CHA,0,0.7866285
0022501219,2025-12-14,2025-26,BKN,MIL,1,0.54501176
0022501220,2025-12-14,2025-26,MIN,SAC,1,0.8429246
0022501221,2025-12-14,2025-26,POR,GSW,1,0.39829707
0022501223,2025-12-14,2025-26,CHI,NOP,0,0.7468741
0022501228,2025-12-14,2025-26,PHX,LAL,0,0.42258066
0022501222,2025-12-15,2025-26,BOS,DET,0,0.6545961
0022501224,2025-12-15,2025-26,UTA,DAL,1,0.40518028
0022501225,2025-12-15,2025-26,DEN,HOU,1,0.4435246
0022501226,2025-12-15,2025-26,LAC,MEM,0,0.66597027
0022501227,2025-12-15,2025-26,MIA,TOR,0,0.66953075
0022500367,2025-12-17,2025-26,CHI,CLE,1,0.4192915
0022500368,2025-12-17,2025-26,MIN,MEM,0,0.7542898
0022500369,2025-12-18,2025-26,OKC,LAC,1,0.8710209
0022500370,2025-12-18,2025-26,SAS,WAS,1,0.9025487
0022500371,2025-12-18,2025-26,CHA,ATL,1,0.2972005
0022500372,2025-12-18,2025-26,IND,NYK,0,0.22742338
0022500373,2025-12-18,2025-26,BKN,MIA,0,0.3967878
0022500374,2025-12-18,2025-26,MIL,TOR,0,0.35636982
0022500375,2025-12-18,2025-26,NOP,HOU,1,0.22402886
0022500376,2025-12-18,2025-26,DAL,DET,1,0.3098463
0022500377,2025-12-18,2025-26,DEN,ORL,1,0.5463887
0022500378,2025-12-18,2025-26,PHX,GSW,1,0.5813913
0022500379,2025-12-18,2025-26,UTA,LAL,0,0.27375585
0022500380,2025-12-18,2025-26,POR,SAC,1,0.75562763
0022500381,2025-12-19,2025-26,BOS,MIA,1,0.71299726
0022500382,2025-12-19,2025-26,NYK,PHI,0,0.62100613
0022500383,2025-12-19,2025-26,ATL,SAS,0,0.5490743
0022500384,2025-12-19,2025-26,CLE,CHI,0,0.66721505
0022500385,2025-12-19,2025-26,MIN,OKC,1,0.3459824
0022500386,2025-12-20,2025-26,DEN,HOU,0,0.4978808
0022500387,2025-12-20,2025-26,PHI,DAL,1,0.60363597
0022500388,2025-12-20,2025-26,TOR,BOS,0,0.52602446
0022500389,2025-12-20,2025-26,NOP,IND,1,0.55330855
0022500390,2025-12-20,2025-26,DET,CHA,1,0.76841134
0022500391,2025-12-20,2025-26,MEM,WAS,0,0.7993826
0022500392,2025-12-20,2025-26,GSW,PHX,1,0.57555586
0022500393,2025-12-20,2025-26,UTA,ORL,0,0.2587719
0022500394,2025-12-20,2025-26,SAC,POR,0,0.3282403
0022500395,2025-12-20,2025-26,LAC,LAL,1,0.3708458
0022500396,2025-12-21,2025-26,ATL,CHI,0,0.6926174
0022500397,2025-12-21,2025-26,BKN,TOR,1,0.54530096
0022500398,2025-12-21,2025-26,NYK,MIA,1,0.781372
0022500399,2025-12-21,2025-26,WAS,SAS,0,0.11463666
0022500400,2025-12-21,2025-26,MIN,MIL,1,0.7303747
0022500401,2025-12-21,2025-26,SAC,HOU,1,0.14098454
0022500402,2025-12-22,2025-26,CLE,CHA,1,0.6257927
0022500403,2025-12-22,2025-26,BOS,IND,1,0.8241962
0022500404,2025-12-22,2025-26,NOP,DAL,1,0.5111345
0022500405,2025-12-22,2025-26,DEN,UTA,1,0.845613
0022500406,2025-12-22,2025-26,OKC,MEM,1,0.8765542
0022500407,2025-12-22,2025-26,GSW,ORL,1,0.59728074
0022500408,2025-12-22,2025-26,POR,DET,0,0.33486867
0022500409,2025-12-23,2025-26,CHA,WAS,1,0.7761773
0022500410,2025-12-23,2025-26,PHI,BKN,0,0.61020297
0022500411,2025-12-23,2025-26,ATL,CHI,0,0.701686
0022500412,2025-12-23,2025-26,CLE,NOP,1,0.6934458
0022500413,2025-12-23,2025-26,IND,MIL,0,0.4211285
0022500414,2025-12-23,2025-26,MIA,TOR,0,0.5460812
0022500415,2025-12-23,2025-26,DAL,DEN,1,0.3418021
0022500416,2025-12-23,2025-26,MIN,NYK,1,0.5133972
0022500417,2025-12-23,2025-26,SAS,OKC,1,0.5493284
0022500418,2025-12-23,2025-26,PHX,LAL,1,0.60690516
0022500419,2025-12-23,2025-26,UTA,MEM,0,0.4834355
0022500420,2025-12-23,2025-26,POR,ORL,0,0.4804746
0022500421,2025-12-23,2025-26,SAC,DET,0,0.21111548
0022500422,2025-12-23,2025-26,LAC,HOU,1,0.38208184
0022500009,2025-12-25,2025-26,NYK,CLE,1,0.5702793
0022500010,2025-12-25,2025-26,OKC,SAS,0,0.677518
0022500011,2025-12-25,2025-26,GSW,DAL,1,0.7448905
0022500012,2025-12-25,2025-26,LAL,HOU,0,0.3607104
0022500013,2025-12-25,2025-26,DEN,MIN,1,0.5888841
0022500423,2025-12-26,2025-26,ATL,MIA,0,0.63458794
0022500424,2025-12-26,2025-26,ORL,CHA,0,0.6415045
0022500425,2025-12-26,2025-26,WAS,TOR,1,0.23516563
0022500426,2025-12-26,2025-26,IND,BOS,0,0.25364047
0022500427,2025-12-26,2025-26,CHI,PHI,1,0.5519061
0022500428,2025-12-26,2025-26,MEM,MIL,1,0.5031481
0022500429,2025-12-26,2025-26,NOP,PHX,0,0.38472816
0022500430,2025-12-26,2025-26,UTA,DET,1,0.23823267
0022500431,2025-12-26,2025-26,POR,LAC,0,0.485286
0022500432,2025-12-27,2025-26,SAC,DAL,1,0.3478797
0022500433,2025-12-27,2025-26,ORL,DEN,1,0.36197084
0022500434,2025-12-27,2025-26,NOP,PHX,0,0.35649458
0022500435,2025-12-27,2025-26,ATL,NYK,0,0.40691918
0022500436,2025-12-27,2025-26,MIA,IND,1,0.76396143
0022500437,2025-12-27,2025-26,CHI,MIL,0,0.6720008
0022500438,2025-12-27,2025-26,HOU,CLE,1,0.6890152
0022500439,2025-12-27,2025-26,MIN,BKN,0,0.7030886
0022500440,2025-12-27,2025-26,SAS,UTA,0,0.8604379
0022500441,2025-12-28,2025-26,TOR,GSW,1,0.4839773
0022500442,2025-12-28,2025-26,OKC,PHI,1,0.78415245
0022500443,2025-12-28,2025-26,WAS,MEM,1,0.33295855
0022500444,2025-12-28,2025-26,POR,BOS,1,0.29742295
0022500445,2025-12-28,2025-26,LAC,DET,1,0.44220427
0022500446,2025-12-28,2025-26,LAL,SAC,1,0.8761763
0022500447,2025-12-29,2025-26,CHA,MIL,0,0.5320626
0022500448,2025-12-29,2025-26,WAS,PHX,0,0.21198843
0022500449,2025-12-29,2025-26,BKN,GSW,0,0.5268644
0022500450,2025-12-29,2025-26,MIA,DEN,1,0.49337125
0022500451,2025-12-29,2025-26,TOR,ORL,1,0.5155941
0022500452,2025-12-29,2025-26,CHI,MIN,0,0.43032572
0022500453,2025-12-29,2025-26,HOU,IND,1,0.86076087
0022500454,2025-12-29,2025-26,NOP,NYK,0,0.32605445
0022500455,2025-12-29,2025-26,OKC,ATL,1,0.76526564
0022500456,2025-12-29,2025-26,SAS,CLE,0,0.6297514
0022500457,2025-12-29,2025-26,POR,DAL,1,0.52759576
0022500458,2025-12-30,2025-26,MEM,PHI,0,0.49508896
0022500459,2025-12-30,2025-26,UTA,BOS,0,0.26698196
0022500460,2025-12-30,2025-26,LAL,DET,0,0.46427038
0022500461,2025-12-30,2025-26,LAC,SAC,1,0.8130267
0022500462,2025-12-31,2025-26,CHA,GSW,0,0.35405713
0022500463,2025-12-31,2025-26,ATL,MIN,1,0.30468658
0022500464,2025-12-31,2025-26,IND,ORL,0,0.37783056
0022500465,2025-12-31,2025-26,CLE,PHX,1,0.5971227
0022500466,2025-12-31,2025-26,CHI,NOP,1,0.62157845
0022500467,2025-12-31,2025-26,SAS,NYK,1,0.6251991
0022500468,2025-12-31,2025-26,TOR,DEN,0,0.48623973
0022500469,2025-12-31,2025-26,MIL,WAS,0,0.7934602
0022500470,2025-12-31,2025-26,OKC,POR,1,0.8440585
0022500471,2026-01-01,2025-26,BKN,HOU,0,0.36309895
0022500472,2026-01-01,2025-26,DET,MIA,0,0.62074625
0022500473,2026-01-01,2025-26,DAL,PHI,0,0.39309978
0022500474,2026-01-01,2025-26,SAC,BOS,0,0.20907296
0022500475,2026-01-01,2025-26,LAC,UTA,1,0.78161997
0022500476,2026-01-02,2025-26,IND,SAS,0,0.25392687
0022500477,2026-01-02,2025-26,WAS,BKN,1,0.43944386
0022500478,2026-01-02,2025-26,CLE,DEN,1,0.68922585
0022500479,2026-01-02,2025-26,NYK,ATL,0,0.7079259
0022500480,2026-01-02,2025-26,CHI,ORL,1,0.3350676
0022500481,2026-01-02,2025-26,MIL,CHA,1,0.70054805
0022500482,2026-01-02,2025-26,NOP,POR,0,0.531224
0022500483,2026-01-02,2025-26,PHX,SAC,1,0.86163646
0022500484,2026-01-02,2025-26,GSW,OKC,0,0.34963593
0022500485,2026-01-02,2025-26,LAL,MEM,1,0.627515
0022500486,2026-01-03,2025-26,MIA,MIN,0,0.4965112
0022500487,2026-01-03,2025-26,NYK,PHI,0,0.5585539
0022500488,2026-01-03,2025-26,TOR,ATL,1,0.6500349
0022500489,2026-01-03,2025-26,CHI,CHA,0,0.46993393
0022500490,2026-01-03,2025-26,SAS,POR,0,0.7659862
0022500491,2026-01-03,2025-26,DAL,HOU,1,0.28617635
0022500492,2026-01-03,2025-26,GSW,UTA,1,0.7611326
0022500493,2026-01-03,2025-26,LAC,BOS,0,0.48665282
0022500494,2026-01-04,2025-26,CLE,DET,0,0.51640415
0022500495,2026-01-04,2025-26,ORL,IND,1,0.7647109
0022500496,2026-01-04,2025-26,BKN,DEN,1,0.49971312
0022500497,2026-01-04,2025-26,MIA,NOP,1,0.7350333
0022500498,2026-01-04,2025-26,WAS,MIN,0,0.26700103
0022500499,2026-01-04,2025-26,PHX,OKC,1,0.31850252
0022500500,2026-01-04,2025-26,SAC,MIL,0,0.27235723
0022500501,2026-01-04,2025-26,LAL,MEM,1,0.5810456
0022500502,2026-01-05,2025-26,DET,NYK,1,0.44728518
0022500503,2026-01-05,2025-26,BOS,CHI,1,0.8431417
0022500504,2026-01-05,2025-26,TOR,ATL,1,0.5716176
0022500505,2026-01-05,2025-26,HOU,PHX,1,0.77384764
0022500506,2026-01-05,2025-26,OKC,CHA,0,0.81560475
0022500507,2026-01-05,2025-26,PHI,DEN,0,0.7089179
0022500508,2026-01-05,2025-26,LAC,GSW,1,0.60006917
0022500509,2026-01-05,2025-26,POR,UTA,1,0.6442766
0022500510,2026-01-06,2025-26,IND,CLE,0,0.29729667
0022500511,2026-01-06,2025-26,WAS,ORL,1,0.31303048
0022500512,2026-01-06,2025-26,MEM,SAS,1,0.42485246
0022500513,2026-01-06,2025-26,MIN,MIA,1,0.63855296
0022500514,2026-01-06,2025-26,NOP,LAL,0,0.4835054
0022500515,2026-01-06,2025-26,SAC,DAL,0,0.32745162
0022500516,2026-01-07,2025-26,CHA,TOR,0,0.5298195
0022500517,2026-01-07,2025-26,DET,CHI,1,0.76747525
0022500518,2026-01-07,2025-26,PHI,WAS,1,0.849711
0022500519,2026-01-07,2025-26,ATL,NOP,1,0.7087803
0022500520,2026-01-07,2025-26,BOS,DEN,0,0.8507325
0022500521,2026-01-07,2025-26,BKN,ORL,0,0.5599875
0022500522,2026-01-07,2025-26,NYK,LAC,1,0.62606376
0022500523,2026-01-07,2025-26,SAS,LAL,1,0.7148399
0022500524,2026-01-07,2025-26,MEM,PHX,0,0.43275198
0022500525,2026-01-07,2025-26,OKC,UTA,1,0.86748934
0022500526,2026-01-07,2025-26,GSW,MIL,1,0.6348687
0022500527,2026-01-07,2025-26,POR,HOU,1,0.33105877
0022500528,2026-01-08,2025-26,CHA,IND,0,0.6557281
0022500530,2026-01-08,2025-26,MIN,CLE,1,0.73044455
0022500531,2026-01-08,2025-26,UTA,DAL,1,0.4196439
0022500532,2026-01-09,2025-26,BOS,TOR,1,0.75897807
0022500533,2026-01-09,2025-26,ORL,PHI,0,0.4743297
0022500534,2026-01-09,2025-26,WAS,NOP,0,0.51896137
0022500535,2026-01-09,2025-26,BKN,LAC,0,0.43598384
0022500536,2026-01-09,2025-26,MEM,OKC,0,0.2765908
0022500537,2026-01-09,2025-26,DEN,ATL,0,0.5734938
0022500538,2026-01-09,2025-26,PHX,NYK,1,0.5409544
0022500539,2026-01-09,2025-26,GSW,SAC,1,0.85419077
0022500540,2026-01-09,2025-26,POR,HOU,1,0.3391487
0022500541,2026-01-09,2025-26,LAL,MIL,0,0.44388574
0022500542,2026-01-10,2025-26,CLE,MIN,1,0.37338015
0022500543,2026-01-10,2025-26,IND,MIA,1,0.3194342
0022500544,2026-01-10,2025-26,DET,LAC,0,0.6031301
0022500545,2026-01-10,2025-26,BOS,SAS,0,0.55764604
0022500546,2026-01-10,2025-26,CHI,DAL,1,0.466253
0022500547,2026-01-10,2025-26,UTA,CHA,0,0.47203705
0022500548,2026-01-11,2025-26,ORL,NOP,1,0.649927
0022500549,2026-01-11,2025-26,MEM,BKN,1,0.55718565
0022500550,2026-01-11,2025-26,TOR,PHI,1,0.3509241
0022500551,2026-01-11,2025-26,POR,NYK,0,0.42662683
0022500552,2026-01-11,2025-26,MIN,SAS,1,0.63533676
0022500553,2026-01-11,2025-26,OKC,MIA,1,0.70032924
0022500554,2026-01-11,2025-26,DEN,MIL,1,0.4217
0022500555,2026-01-11,2025-26,PHX,WAS,1,0.84031034
0022500556,2026-01-11,2025-26,GSW,ATL,0,0.6283455
0022500557,2026-01-11,2025-26,SAC,HOU,1,0.19747503
0022500558,2026-01-12,2025-26,CLE,UTA,0,0.7893691
0022500559,2026-01-12,2025-26,IND,BOS,1,0.24601236
0022500560,2026-01-12,2025-26,TOR,PHI,0,0.39756963
0022500561,2026-01-12,2025-26,DAL,BKN,1,0.61251163
0022500562,2026-01-12,2025-26,SAC,LAL,1,0.236328
0022500563,2026-01-12,2025-26,LAC,CHA,1,0.67639005
0022500564,2026-01-13,2025-26,MIA,PHX,1,0.46524215
0022500565,2026-01-13,2025-26,HOU,CHI,1,0.7787006
0022500566,2026-01-13,2025-26,MIL,MIN,0,0.45507234
0022500567,2026-01-13,2025-26,NOP,DEN,0,0.57363814
0022500568,2026-01-13,2025-26,OKC,SAS,1,0.6924475
0022500569,2026-01-13,2025-26,LAL,ATL,1,0.44148272
0022500570,2026-01-13,2025-26,GSW,POR,1,0.6880945
0022500571,2026-01-14,2025-26,IND,TOR,0,0.49577627
0022500572,2026-01-14,2025-26,PHI,CLE,0,0.688859
0022500573,2026-01-14,2025-26,CHI,UTA,1,0.52088237
0022500574,2026-01-14,2025-26,NOP,BKN,1,0.44607148
0022500575,2026-01-14,2025-26,DAL,DEN,0,0.5596812
0022500576,2026-01-14,2025-26,SAC,NYK,1,0.22263786
0022500577,2026-01-14,2025-26,LAC,WAS,1,0.8377932
0022500579,2026-01-15,2025-26,DET,PHX,1,0.4729079
0022500580,2026-01-15,2025-26,MIA,BOS,0,0.4231405
0022500581,2026-01-15,2025-26,HOU,OKC,0,0.44479463
0022500582,2026-01-15,2025-26,SAS,MIL,1,0.59963834
0022500583,2026-01-15,2025-26,DAL,UTA,1,0.697898
0022500584,2026-01-15,2025-26,GSW,NYK,1,0.7225208
0022500585,2026-01-15,2025-26,POR,ATL,1,0.49732903
0022500586,2026-01-15,2025-26,LAL,CHA,0,0.5752294
0022500587,2026-01-16,2025-26,BKN,CHI,1,0.63092715
0022500588,2026-01-16,2025-26,IND,NOP,1,0.5194596
0022500589,2026-01-16,2025-26,PHI,CLE,0,0.6199667
0022500590,2026-01-16,2025-26,TOR,LAC,0,0.3403792
0022500591,2026-01-16,2025-26,HOU,MIN,1,0.45475337
0022500592,2026-01-16,2025-26,SAC,WAS,1,0.54705566
0022500593,2026-01-17,2025-26,DAL,UTA,1,0.6609825
0022500594,2026-01-17,2025-26,ATL,BOS,0,0.39670852
0022500595,2026-01-17,2025-26,DET,IND,1,0.8274169
0022500596,2026-01-17,2025-26,NYK,PHX,0,0.5453702
0022500597,2026-01-17,2025-26,MIA,OKC,1,0.33735645
0022500598,2026-01-17,2025-26,SAS,MIN,1,0.64177173
0022500599,2026-01-17,2025-26,GSW,CHA,1,0.7104838
0022500600,2026-01-17,2025-26,DEN,WAS,1,0.8363315
0022500601,2026-01-17,2025-26,POR,LAL,1,0.44598174
0022500603,2026-01-18,2025-26,CHI,BKN,1,0.50997335
0022500604,2026-01-18,2025-26,HOU,NOP,1,0.7337296
0022500605,2026-01-18,2025-26,DEN,CHA,0,0.5332258
0022500606,2026-01-18,2025-26,SAC,POR,0,0.4841154
0022500607,2026-01-18,2025-26,LAL,TOR,1,0.53686666
0022500014,2026-01-19,2025-26,ATL,MIL,0,0.49960726
0022500015,2026-01-19,2025-26,CLE,OKC,0,0.38787928
0022500016,2026-01-19,2025-26,NYK,DAL,0,0.7557309
0022500017,2026-01-19,2025-26,DET,BOS,1,0.57492185
0022500608,2026-01-19,2025-26,WAS,LAC,0,0.27443445
0022500609,2026-01-19,2025-26,PHI,IND,1,0.8412841
0022500610,2026-01-19,2025-26,BKN,PHX,0,0.3332266
0022500611,2026-01-19,2025-26,SAS,UTA,1,0.879843
0022500612,2026-01-19,2025-26,GSW,MIA,1,0.71522266
0022500613,2026-01-20,2025-26,PHI,PHX,0,0.63085395
0022500614,2026-01-20,2025-26,CHI,LAC,1,0.5497986
0022500615,2026-01-20,2025-26,HOU,SAS,1,0.58619887
0022500616,2026-01-20,2025-26,UTA,MIN,1,0.17161588
0022500617,2026-01-20,2025-26,DEN,LAL,0,0.50735885
0022500618,2026-01-20,2025-26,GSW,TOR,0,0.68926483
0022500619,2026-01-20,2025-26,SAC,MIA,0,0.4364147
0022500620,2026-01-21,2025-26,CHA,CLE,0,0.61750025
0022500621,2026-01-21,2025-26,BOS,IND,1,0.81423426
0022500622,2026-01-21,2025-26,NYK,BKN,1,0.7075379
0022500623,2026-01-21,2025-26,MEM,ATL,0,0.6058546
0022500624,2026-01-21,2025-26,NOP,DET,0,0.32842335
0022500625,2026-01-21,2025-26,MIL,OKC,0,0.3372167
0022500626,2026-01-21,2025-26,SAC,TOR,0,0.32263112
0022500627,2026-01-22,2025-26,ORL,CHA,0,0.5199773
0022500628,2026-01-22,2025-26,PHI,HOU,1,0.4946112
0022500629,2026-01-22,2025-26,WAS,DEN,0,0.31829077
0022500630,2026-01-22,2025-26,DAL,GSW,1,0.45583394
0022500631,2026-01-22,2025-26,MIN,CHI,0,0.66343033
0022500632,2026-01-22,2025-26,UTA,SAS,0,0.22461398
0022500633,2026-01-22,2025-26,LAC,LAL,1,0.5778959
0022500634,2026-01-22,2025-26,POR,MIA,1,0.632066
0022500635,2026-01-23,2025-26,DET,HOU,0,0.6375163
0022500636,2026-01-23,2025-26,ATL,PHX,1,0.44356036
0022500637,2026-01-23,2025-26,BKN,BOS,0,0.337444
0022500638,2026-01-23,2025-26,CLE,SAC,1,0.7429608
0022500639,2026-01-23,2025-26,MEM,NOP,0,0.6509114
0022500640,2026-01-23,2025-26,MIL,DEN,0,0.5637619
0022500641,2026-01-23,2025-26,OKC,IND,0,0.8403103
0022500642,2026-01-23,2025-26,POR,TOR,0,0.4888087
0022500643,2026-01-24,2025-26,PHI,NYK,0,0.5754504
0022500645,2026-01-24,2025-26,CHA,WAS,1,0.8061625
0022500646,2026-01-24,2025-26,ORL,CLE,0,0.5786582
0022500647,2026-01-24,2025-26,CHI,BOS,1,0.62759095
0022500648,2026-01-24,2025-26,DAL,LAL,0,0.4933384
0022500649,2026-01-24,2025-26,UTA,MIA,0,0.40470305
0022500644,2026-01-25,2025-26,MIN,GSW,0,0.6341537
0022500650,2026-01-25,2025-26,DET,SAC,1,0.8293782
0022500653,2026-01-25,2025-26,OKC,TOR,0,0.6284886
0022500654,2026-01-25,2025-26,SAS,NOP,0,0.7528247
0022500655,2026-01-25,2025-26,PHX,MIA,0,0.820587
0022500656,2026-01-25,2025-26,LAC,BKN,1,0.78964794
0022500657,2026-01-26,2025-26,CHA,PHI,1,0.5516358
0022500658,2026-01-26,2025-26,CLE,ORL,1,0.6556924
0022500659,2026-01-26,2025-26,ATL,IND,1,0.76379204
0022500660,2026-01-26,2025-26,BOS,POR,1,0.7313112
0022500661,2026-01-26,2025-26,CHI,LAL,0,0.6024206
0022500662,2026-01-26,2025-26,HOU,MEM,1,0.7072505
0022500663,2026-01-26,2025-26,MIN,GSW,1,0.54291135
0022500664,2026-01-27,2025-26,WAS,POR,1,0.3714035
0022500665,2026-01-27,2025-26,NYK,SAC,1,0.81873524
0022500666,2026-01-27,2025-26,PHI,MIL,1,0.6103681
0022500667,2026-01-27,2025-26,OKC,NOP,1,0.714513
0022500668,2026-01-27,2025-26,DEN,DET,0,0.29748595
0022500669,2026-01-27,2025-26,PHX,BKN,1,0.7204386
0022500670,2026-01-27,2025-26,UTA,LAC,0,0.20413905
0022500671,2026-01-28,2025-26,CLE,LAL,1,0.5704771
0022500672,2026-01-28,2025-26,IND,CHI,1,0.30468944
0022500673,2026-01-28,2025-26,BOS,ATL,0,0.7109307
0022500674,2026-01-28,2025-26,MIA,ORL,0,0.53051335
0022500675,2026-01-28,2025-26,TOR,NYK,0,0.6528717
0022500676,2026-01-28,2025-26,MEM,CHA,0,0.3615007
0022500677,2026-01-28,2025-26,DAL,MIN,0,0.4365308
0022500678,2026-01-28,2025-26,UTA,GSW,0,0.19919202
0022500679,2026-01-28,2025-26,HOU,SAS,0,0.5567379
0022500529,2026-01-29,2025-26,CHI,MIA,0,0.7140986
0022500680,2026-01-29,2025-26,PHI,SAC,1,0.81361973
0022500681,2026-01-29,2025-26,WAS,MIL,1,0.5485396
0022500682,2026-01-29,2025-26,ATL,HOU,0,0.48054332
0022500683,2026-01-29,2025-26,DAL,CHA,0,0.28347704
0022500684,2026-01-29,2025-26,DEN,BKN,1,0.61947536
0022500685,2026-01-29,2025-26,PHX,DET,1,0.4157923
0022500686,2026-01-29,2025-26,MIN,OKC,1,0.5199226
0022500687,2026-01-30,2025-26,ORL,TOR,1,0.44943678
0022500688,2026-01-30,2025-26,WAS,LAL,0,0.29690424
0022500689,2026-01-30,2025-26,BOS,SAC,1,0.883918
0022500690,2026-01-30,2025-26,NYK,POR,1,0.587186
0022500691,2026-01-30,2025-26,NOP,MEM,1,0.6082712
0022500693,2026-01-30,2025-26,PHX,CLE,1,0.42306682
0022500694,2026-01-30,2025-26,UTA,BKN,0,0.6389485
0022500695,2026-01-30,2025-26,DEN,LAC,1,0.26685482
0022500696,2026-01-30,2025-26,GSW,DET,0,0.65103346
0022500692,2026-01-31,2025-26,MIA,CHI,0,0.4609559
0022500697,2026-01-31,2025-26,CHA,SAS,1,0.5565949
0022500698,2026-01-31,2025-26,IND,ATL,1,0.3612089
0022500699,2026-01-31,2025-26,PHI,NOP,1,0.7334211
0022500700,2026-01-31,2025-26,MEM,MIN,0,0.2724091
0022500701,2026-01-31,2025-26,HOU,DAL,1,0.7271749
0022500702,2026-02-01,2025-26,BOS,MIL,1,0.8322807
0022500703,2026-02-01,2025-26,SAS,ORL,1,0.64210373
0022500704,2026-02-01,2025-26,DET,BKN,1,0.8537152
0022500705,2026-02-01,2025-26,MIA,CHI,1,0.5744317
0022500706,2026-02-01,2025-26,TOR,UTA,1,0.8552659
0022500707,2026-02-01,2025-26,WAS,SAC,1,0.5666982
0022500708,2026-02-01,2025-26,NYK,LAL,1,0.5683725
0022500709,2026-02-01,2025-26,PHX,LAC,0,0.49583757
0022500710,2026-02-01,2025-26,POR,CLE,0,0.49110663
0022500711,2026-02-01,2025-26,DEN,OKC,0,0.43632022
0022500712,2026-02-02,2025-26,CHA,NOP,1,0.76910883
0022500713,2026-02-02,2025-26,IND,HOU,0,0.25620207
0022500714,2026-02-02,2025-26,MEM,MIN,1,0.2633608
0022500715,2026-02-02,2025-26,LAC,PHI,0,0.50255924
0022500716,2026-02-03,2025-26,DET,DEN,1,0.68522185
0022500717,2026-02-03,2025-26,IND,UTA,0,0.600572
0022500718,2026-02-03,2025-26,WAS,NYK,0,0.25355515
0022500719,2026-02-03,2025-26,BKN,LAL,0,0.24419284
0022500720,2026-02-03,2025-26,MIA,ATL,0,0.56863445
0022500721,2026-02-03,2025-26,DAL,BOS,0,0.303961
0022500722,2026-02-03,2025-26,MIL,CHI,1,0.42026973
0022500723,2026-02-03,2025-26,OKC,ORL,1,0.69246083
0022500724,2026-02-03,2025-26,GSW,PHI,0,0.70310515
0022500725,2026-02-03,2025-26,POR,PHX,0,0.40475157
0022500726,2026-02-04,2025-26,NYK,DEN,1,0.6201
0022500727,2026-02-04,2025-26,TOR,MIN,0,0.4968608
0022500728,2026-02-04,2025-26,HOU,BOS,0,0.497111
0022500729,2026-02-04,2025-26,MIL,NOP,1,0.3711054
0022500730,2026-02-04,2025-26,SAS,OKC,1,0.5706958
0022500731,2026-02-04,2025-26,SAC,MEM,0,0.42024526
0022500732,2026-02-04,2025-26,LAC,CLE,0,0.5108022
0022500733,2026-02-05,2025-26,DET,WAS,0,0.8650403
0022500734,2026-02-05,2025-26,ORL,BKN,1,0.7745863
0022500735,2026-02-05,2025-26,ATL,UTA,1,0.8165438
0022500736,2026-02-05,2025-26,TOR,CHI,1,0.6852915
0022500737,2026-02-05,2025-26,HOU,CHA,0,0.39458162
0022500738,2026-02-05,2025-26,DAL,SAS,0,0.43835837
0022500739,2026-02-05,2025-26,PHX,GSW,0,0.5240758
0022500740,2026-02-05,2025-26,LAL,PHI,1,0.68097055
0022500741,2026-02-06,2025-26,BOS,MIA,1,0.6857803
0022500742,2026-02-06,2025-26,DET,NYK,1,0.4894742
0022500743,2026-02-06,2025-26,MIL,IND,1,0.6924267
0022500744,2026-02-06,2025-26,MIN,NOP,0,0.7449593
0022500745,2026-02-06,2025-26,POR,MEM,1,0.6493301
0022500746,2026-02-06,2025-26,SAC,LAC,0,0.27230912
0022500747,2026-02-07,2025-26,BKN,WAS,1,0.5689689
0022500748,2026-02-07,2025-26,OKC,HOU,0,0.5043486
0022500749,2026-02-07,2025-26,SAS,DAL,1,0.76918733
0022500750,2026-02-07,2025-26,ORL,UTA,1,0.83261305
0022500751,2026-02-07,2025-26,ATL,CHA,0,0.35559654
0022500752,2026-02-07,2025-26,CHI,DEN,0,0.4220025
0022500753,2026-02-07,2025-26,LAL,GSW,1,0.64102614
0022500754,2026-02-07,2025-26,PHX,PHI,0,0.49922627
0022500755,2026-02-07,2025-26,POR,MEM,1,0.71228707
0022500756,2026-02-07,2025-26,SAC,CLE,0,0.19321497
0022500757,2026-02-08,2025-26,BOS,NYK,0,0.6876275
0022500758,2026-02-08,2025-26,WAS,MIA,0,0.16692568
0022500759,2026-02-08,2025-26,TOR,IND,1,0.79278344
0022500760,2026-02-08,2025-26,MIN,LAC,0,0.66908413
0022500761,2026-02-09,2025-26,CHA,DET,0,0.575562
0022500762,2026-02-09,2025-26,BKN,CHI,1,0.44468713
0022500763,2026-02-09,2025-26,MIA,UTA,0,0.72789156
0022500764,2026-02-09,2025-26,ORL,MIL,1,0.6887794
0022500765,2026-02-09,2025-26,MIN,ATL,1,0.630064
0022500766,2026-02-09,2025-26,NOP,SAC,1,0.81659204
0022500767,2026-02-09,2025-26,DEN,CLE,0,0.48792887
0022500768,2026-02-09,2025-26,GSW,MEM,1,0.84418076
0022500769,2026-02-09,2025-26,LAL,OKC,0,0.5700688
0022500770,2026-02-09,2025-26,POR,PHI,1,0.41850543
0022500771,2026-02-10,2025-26,NYK,IND,0,0.7848946
0022500772,2026-02-10,2025-26,HOU,LAC,1,0.5729392
0022500773,2026-02-10,2025-26,PHX,DAL,1,0.78357095
0022500774,2026-02-10,2025-26,LAL,SAS,0,0.40368226
0022500775,2026-02-11,2025-26,CHA,ATL,1,0.78765637
0022500776,2026-02-11,2025-26,CLE,WAS,1,0.8837726
0022500777,2026-02-11,2025-26,ORL,MIL,0,0.7512325
0022500778,2026-02-11,2025-26,BOS,CHI,1,0.83092135
0022500779,2026-02-11,2025-26,BKN,IND,0,0.45048696
0022500780,2026-02-11,2025-26,PHI,NYK,0,0.52969676
0022500781,2026-02-11,2025-26,TOR,DET,0,0.49611348
0022500782,2026-02-11,2025-26,HOU,LAC,0,0.6918041
0022500783,2026-02-11,2025-26,MIN,POR,1,0.7020035
0022500784,2026-02-11,2025-26,NOP,MIA,0,0.5283796
0022500785,2026-02-11,2025-26,PHX,OKC,0,0.38564724
0022500786,2026-02-11,2025-26,UTA,SAC,1,0.7194777
0022500787,2026-02-11,2025-26,DEN,MEM,1,0.8021266
0022500788,2026-02-11,2025-26,GSW,SAS,0,0.46866894
0022500789,2026-02-12,2025-26,OKC,MIL,0,0.81667596
0022500790,2026-02-12,2025-26,UTA,POR,0,0.39384845
0022500791,2026-02-12,2025-26,LAL,DAL,1,0.64879334
0022500792,2026-02-19,2025-26,CHA,HOU,0,0.5757922
0022500793,2026-02-19,2025-26,CLE,BKN,1,0.8618938
0022500794,2026-02-19,2025-26,PHI,ATL,0,0.43412834
0022500795,2026-02-19,2025-26,WAS,IND,1,0.54212266
0022500796,2026-02-19,2025-26,NYK,DET,0,0.46066174
0022500797,2026-02-19,2025-26,CHI,TOR,0,0.25864908
0022500798,2026-02-19,2025-26,SAS,PHX,1,0.763351
0022500799,2026-02-19,2025-26,GSW,BOS,0,0.3241048
0022500800,2026-02-19,2025-26,SAC,ORL,0,0.19061136
0022500801,2026-02-19,2025-26,LAC,DEN,1,0.49839893
0022500802,2026-02-20,2025-26,CHA,CLE,0,0.37244233
0022500803,2026-02-20,2025-26,WAS,IND,1,0.46633917
0022500804,2026-02-20,2025-26,MEM,UTA,1,0.5602929
0022500805,2026-02-20,2025-26,ATL,MIA,0,0.49014202
0022500806,2026-02-20,2025-26,MIN,DAL,1,0.84164006
0022500807,2026-02-20,2025-26,NOP,MIL,0,0.61146545
0022500808,2026-02-20,2025-26,OKC,BKN,1,0.87058574
0022500809,2026-02-20,2025-26,LAL,LAC,1,0.7136252
0022500810,2026-02-20,2025-26,POR,DEN,0,0.57839423
0022500811,2026-02-21,2025-26,PHX,ORL,1,0.51997745
0022500812,2026-02-21,2025-26,NOP,PHI,1,0.48998868
0022500813,2026-02-21,2025-26,MIA,MEM,1,0.88269407
0022500814,2026-02-21,2025-26,CHI,DET,0,0.28831032
0022500815,2026-02-21,2025-26,SAS,SAC,1,0.9132131
0022500816,2026-02-21,2025-26,NYK,HOU,1,0.6070379
0022500817,2026-02-22,2025-26,OKC,CLE,1,0.46951976
0022500818,2026-02-22,2025-26,ATL,BKN,1,0.7747528
0022500819,2026-02-22,2025-26,MIL,TOR,0,0.3410667
0022500820,2026-02-22,2025-26,GSW,DEN,1,0.43875602
0022500821,2026-02-22,2025-26,IND,DAL,0,0.4534869
0022500822,2026-02-22,2025-26,WAS,CHA,0,0.27146694
0022500823,2026-02-22,2025-26,LAL,BOS,0,0.46719554
0022500824,2026-02-22,2025-26,MIN,PHI,0,0.8503417
0022500825,2026-02-22,2025-26,CHI,NYK,0,0.29667625
0022500826,2026-02-22,2025-26,PHX,POR,0,0.40835142
0022500827,2026-02-22,2025-26,LAC,ORL,0,0.64450204
0022500828,2026-02-23,2025-26,DET,SAS,0,0.5632512
0022500829,2026-02-23,2025-26,MEM,SAC,0,0.6047773
0022500830,2026-02-23,2025-26,HOU,UTA,1,0.83118117
0022500831,2026-02-24,2025-26,IND,PHI,0,0.51468223
0022500832,2026-02-24,2025-26,ATL,WAS,1,0.8189269
0022500833,2026-02-24,2025-26,BKN,DAL,0,0.4830112
0022500834,2026-02-24,2025-26,TOR,OKC,0,0.5799477
0022500835,2026-02-24,2025-26,CLE,NYK,1,0.6288353
0022500836,2026-02-24,2025-26,CHI,CHA,0,0.33188552
0022500837,2026-02-24,2025-26,MIL,MIA,1,0.4361171
0022500838,2026-02-24,2025-26,NOP,GSW,1,0.5040404
0022500839,2026-02-24,2025-26,PHX,BOS,0,0.2663967
0022500840,2026-02-24,2025-26,LAL,ORL,0,0.704871
0022500841,2026-02-24,2025-26,POR,MIN,0,0.4766974
0022500842,2026-02-25,2025-26,DET,OKC,1,0.7369497
0022500843,2026-02-25,2025-26,TOR,SAS,0,0.39821932
0022500844,2026-02-25,2025-26,MEM,GSW,0,0.37095234
0022500845,2026-02-25,2025-26,HOU,SAC,1,0.8608957
0022500846,2026-02-25,2025-26,MIL,CLE,1,0.25822777
0022500847,2026-02-25,2025-26,DEN,BOS,1,0.63008976
0022500848,2026-02-26,2025-26,IND,CHA,0,0.20455243
0022500849,2026-02-26,2025-26,PHI,MIA,1,0.4502205
0022500850,2026-02-26,2025-26,ATL,WAS,1,0.81816936
0022500851,2026-02-26,2025-26,BKN,SAS,0,0.18728745
0022500852,2026-02-26,2025-26,ORL,HOU,0,0.5736599
0022500853,2026-02-26,2025-26,CHI,POR,0,0.36705798
0022500854,2026-02-26,2025-26,DAL,SAC,0,0.7761114
0022500855,2026-02-26,2025-26,PHX,LAL,1,0.36640412
0022500856,2026-02-26,2025-26,UTA,NOP,0,0.43221748
0022500857,2026-02-26,2025-26,LAC,MIN,0,0.41017103
0022500858,2026-02-27,2025-26,DET,CLE,1,0.673861
0022500859,2026-02-27,2025-26,BOS,BKN,1,0.8993439
0022500860,2026-02-27,2025-26,MIL,NYK,0,0.3414959
0022500861,2026-02-27,2025-26,DAL,MEM,0,0.677863
0022500862,2026-02-27,2025-26,OKC,DEN,1,0.4357617
0022500863,2026-02-28,2025-26,CHA,POR,1,0.79399747
0022500864,2026-02-28,2025-26,MIA,HOU,1,0.5350707
0022500865,2026-02-28,2025-26,WAS,TOR,0,0.18131445
0022500866,2026-02-28,2025-26,GSW,LAL,0,0.3955886
0022500867,2026-02-28,2025-26,UTA,NOP,0,0.3405628
0022500868,2026-03-01,2025-26,NYK,SAS,1,0.4946909
0022500869,2026-03-01,2025-26,BKN,CLE,0,0.23065747
0022500870,2026-03-01,2025-26,CHI,MIL,1,0.3733783
0022500871,2026-03-01,2025-26,DEN,MIN,0,0.5729058
0022500872,2026-03-01,2025-26,IND,MEM,0,0.59728324
0022500873,2026-03-01,2025-26,ATL,POR,1,0.64098567
0022500874,2026-03-01,2025-26,BOS,PHI,1,0.7147114
0022500875,2026-03-01,2025-26,ORL,DET,0,0.416056
0022500876,2026-03-01,2025-26,DAL,OKC,0,0.24808453
0022500877,2026-03-01,2025-26,LAC,NOP,1,0.5816345
0022500878,2026-03-01,2025-26,LAL,SAC,1,0.8637447
0022500879,2026-03-02,2025-26,WAS,HOU,0,0.21256258
0022500880,2026-03-02,2025-26,MIL,BOS,0,0.24604991
0022500881,2026-03-02,2025-26,UTA,DEN,0,0.310027
0022500882,2026-03-02,2025-26,GSW,LAC,0,0.6550154
0022500883,2026-03-03,2025-26,CHA,DAL,1,0.8781757
0022500884,2026-03-03,2025-26,CLE,DET,1,0.4731996
0022500885,2026-03-03,2025-26,ORL,WAS,1,0.8725554
0022500886,2026-03-03,2025-26,MIA,BKN,1,0.8767979
0022500887,2026-03-03,2025-26,TOR,NYK,0,0.4268201
0022500888,2026-03-03,2025-26,PHI,SAS,0,0.26997906
0022500889,2026-03-03,2025-26,CHI,OKC,0,0.19484182
0022500890,2026-03-03,2025-26,MIN,MEM,1,0.861021
0022500891,2026-03-03,2025-26,LAL,NOP,1,0.7191287
0022500892,2026-03-03,2025-26,SAC,PHX,0,0.28808588
0022500893,2026-03-04,2025-26,NYK,OKC,0,0.71978176
0022500894,2026-03-04,2025-26,BOS,CHA,0,0.62295866
0022500895,2026-03-04,2025-26,PHI,UTA,1,0.61970675
0022500896,2026-03-04,2025-26,MEM,POR,0,0.31751227
0022500897,2026-03-04,2025-26,MIL,ATL,0,0.46483904
0022500898,2026-03-04,2025-26,LAC,IND,1,0.8498181
0022500899,2026-03-05,2025-26,ORL,DAL,1,0.84996605
0022500900,2026-03-05,2025-26,WAS,UTA,0,0.41533026
0022500901,2026-03-05,2025-26,MIA,BKN,1,0.890359
0022500902,2026-03-05,2025-26,HOU,GSW,0,0.7193986
0022500903,2026-03-05,2025-26,MIN,TOR,1,0.5754752
0022500904,2026-03-05,2025-26,SAS,DET,1,0.6343095
0022500905,2026-03-05,2025-26,PHX,CHI,0,0.77266014
0022500906,2026-03-05,2025-26,DEN,LAL,1,0.48568046
0022500907,2026-03-05,2025-26,SAC,NOP,0,0.21979265
0022500908,2026-03-06,2025-26,BOS,DAL,1,0.88665664
0022500909,2026-03-06,2025-26,CHA,MIA,0,0.7276631
0022500910,2026-03-06,2025-26,HOU,POR,1,0.67052436
0022500911,2026-03-06,2025-26,DEN,NYK,0,0.33437705
0022500912,2026-03-06,2025-26,PHX,NOP,1,0.52954555
0022500913,2026-03-06,2025-26,SAS,LAC,1,0.6581679
0022500914,2026-03-06,2025-26,LAL,IND,1,0.8206009
0022500915,2026-03-07,2025-26,MIN,ORL,0,0.6335948
0022500916,2026-03-07,2025-26,DET,BKN,0,0.89467657
0022500917,2026-03-07,2025-26,ATL,PHI,1,0.7939034
0022500918,2026-03-07,2025-26,MEM,LAC,0,0.31923172
0022500919,2026-03-07,2025-26,MIL,UTA,1,0.6736334
0022500920,2026-03-07,2025-26,OKC,GSW,1,0.8113741
0022500921,2026-03-08,2025-26,CLE,BOS,0,0.42873996
0022500922,2026-03-08,2025-26,LAL,NYK,1,0.46735922
0022500923,2026-03-08,2025-26,MIA,DET,1,0.71785045
0022500924,2026-03-08,2025-26,TOR,DAL,1,0.78101397
0022500925,2026-03-08,2025-26,NOP,WAS,1,0.84611386
0022500926,2026-03-08,2025-26,MIL,ORL,0,0.38280433
0022500927,2026-03-08,2025-26,SAS,HOU,1,0.71049386
0022500928,2026-03-08,2025-26,PHX,CHA,1,0.29853058
0022500929,2026-03-08,2025-26,POR,IND,1,0.6910085
0022500930,2026-03-08,2025-26,SAC,CHI,1,0.5299031
0022500931,2026-03-09,2025-26,CLE,PHI,1,0.77001643
0022500932,2026-03-09,2025-26,BKN,MEM,1,0.4286645
0022500933,2026-03-09,2025-26,OKC,DEN,1,0.57455575
0022500934,2026-03-09,2025-26,UTA,GSW,1,0.45294067
0022500935,2026-03-09,2025-26,LAC,NYK,1,0.47560853
0022500936,2026-03-10,2025-26,PHI,MEM,1,0.59820104
0022500937,2026-03-10,2025-26,BKN,DET,0,0.17962986
0022500938,2026-03-10,2025-26,MIA,WAS,1,0.8738717
0022500939,2026-03-10,2025-26,ATL,DAL,1,0.84536064
0022500940,2026-03-10,2025-26,HOU,TOR,1,0.4913901
0022500941,2026-03-10,2025-26,MIL,PHX,0,0.5311448
0022500942,2026-03-10,2025-26,SAS,BOS,1,0.54063404
0022500943,2026-03-10,2025-26,GSW,CHI,0,0.5687678
0022500944,2026-03-10,2025-26,POR,CHA,0,0.34563607
0022500945,2026-03-10,2025-26,SAC,IND,1,0.37720823
0022500946,2026-03-10,2025-26,LAL,MIN,1,0.5571075
0022500947,2026-03-11,2025-26,ORL,CLE,1,0.4491683
0022500948,2026-03-11,2025-26,NOP,TOR,1,0.58980054
0022500949,2026-03-11,2025-26,UTA,NYK,0,0.19549069
0022500950,2026-03-11,2025-26,DEN,HOU,1,0.6972579
0022500951,2026-03-11,2025-26,SAC,CHA,0,0.1347728
0022500952,2026-03-11,2025-26,LAC,MIN,1,0.67962533
0022500953,2026-03-12,2025-26,DET,PHI,1,0.831945
0022500954,2026-03-12,2025-26,IND,PHX,0,0.27616537
0022500955,2026-03-12,2025-26,ORL,WAS,1,0.8672139
0022500956,2026-03-12,2025-26,ATL,BKN,1,0.9059963
0022500957,2026-03-12,2025-26,MIA,MIL,1,0.7938193
0022500958,2026-03-12,2025-26,SAS,DEN,0,0.6986963
0022500959,2026-03-12,2025-26,OKC,BOS,1,0.5388848
0022500960,2026-03-12,2025-26,LAL,CHI,1,0.82548064
0022501111,2026-03-12,2025-26,MEM,DAL,0,0.56165725
0022500961,2026-03-13,2025-26,DET,MEM,1,0.8896921
0022500962,2026-03-13,2025-26,IND,NYK,0,0.1464724
0022500963,2026-03-13,2025-26,TOR,PHX,1,0.73910743
0022500964,2026-03-13,2025-26,HOU,NOP,1,0.561672
0022500965,2026-03-13,2025-26,DAL,CLE,0,0.15423004
0022500966,2026-03-13,2025-26,GSW,MIN,0,0.39620593
0022500967,2026-03-13,2025-26,POR,UTA,1,0.80151594
0022500968,2026-03-13,2025-26,LAC,CHI,1,0.8795113
0022500969,2026-03-14,2025-26,PHI,BKN,1,0.71994686
0022500970,2026-03-14,2025-26,ATL,MIL,1,0.7230924
0022500971,2026-03-14,2025-26,BOS,WAS,1,0.8694933
0022500972,2026-03-14,2025-26,MIA,ORL,0,0.6123287
0022500973,2026-03-14,2025-26,SAS,CHA,1,0.586913
0022500974,2026-03-14,2025-26,LAL,DEN,1,0.5353023
0022500975,2026-03-14,2025-26,LAC,SAC,0,0.85555714
0022500976,2026-03-15,2025-26,OKC,MIN,1,0.72361225
0022500977,2026-03-15,2025-26,CLE,DAL,0,0.8754753
0022500978,2026-03-15,2025-26,TOR,DET,1,0.49069226
0022500979,2026-03-15,2025-26,MIL,IND,1,0.6727004
0022500980,2026-03-15,2025-26,PHI,POR,1,0.23518561
0022500981,2026-03-15,2025-26,NYK,GSW,1,0.782822
0022500982,2026-03-15,2025-26,SAC,UTA,1,0.5182166
0022500983,2026-03-16,2025-26,ATL,ORL,1,0.6642121
0022500984,2026-03-16,2025-26,WAS,GSW,0,0.5960716
0022500985,2026-03-16,2025-26,BKN,POR,0,0.25362176
0022500986,2026-03-16,2025-26,BOS,PHX,1,0.71295196
0022500987,2026-03-16,2025-26,CHI,MEM,1,0.56218624
0022500988,2026-03-16,2025-26,NOP,DAL,1,0.8799618
0022500989,2026-03-16,2025-26,HOU,LAL,0,0.46111643
0022500990,2026-03-16,2025-26,LAC,SAS,0,0.4457339
0022500991,2026-03-17,2025-26,CHA,MIA,1,0.6122268
0022500992,2026-03-17,2025-26,ORL,OKC,0,0.32395548
0022500993,2026-03-17,2025-26,WAS,DET,0,0.14938696
0022500994,2026-03-17,2025-26,NYK,IND,1,0.8958624
0022500995,2026-03-17,2025-26,MIL,CLE,0,0.30707997
0022500996,2026-03-17,2025-26,MIN,PHX,1,0.62485105
0022500997,2026-03-17,2025-26,DEN,PHI,1,0.8759609
0022500998,2026-03-17,2025-26,SAC,SAS,0,0.21243526
0022500651,2026-03-18,2025-26,MEM,DEN,1,0.2115251
0022500999,2026-03-18,2025-26,BOS,GSW,1,0.8436648
0022501000,2026-03-18,2025-26,BKN,OKC,0,0.1425639
0022501001,2026-03-18,2025-26,IND,POR,0,0.20003268
0022501002,2026-03-18,2025-26,CHI,TOR,0,0.31630108
0022501004,2026-03-18,2025-26,MIN,UTA,1,0.80914325
0022501005,2026-03-18,2025-26,NOP,LAC,1,0.5478913
0022501006,2026-03-18,2025-26,DAL,ATL,0,0.18146311
0022501007,2026-03-18,2025-26,HOU,LAL,0,0.39141083
0022501008,2026-03-19,2025-26,CHA,ORL,1,0.66660374
0022501009,2026-03-19,2025-26,WAS,DET,0,0.18492244
0022501010,2026-03-19,2025-26,MIA,LAL,0,0.49508247
0022501011,2026-03-19,2025-26,CHI,CLE,0,0.16978393
0022501012,2026-03-19,2025-26,NOP,LAC,1,0.62075704
0022501013,2026-03-19,2025-26,SAS,PHX,1,0.7791418
0022501014,2026-03-19,2025-26,UTA,MIL,1,0.3211406
0022501015,2026-03-19,2025-26,SAC,PHI,0,0.58388716
0022501016,2026-03-20,2025-26,BKN,NYK,0,0.16422032
0022501017,2026-03-20,2025-26,DET,GSW,1,0.75561374
0022501018,2026-03-20,2025-26,HOU,ATL,1,0.3805924
0022501019,2026-03-20,2025-26,MEM,BOS,0,0.20035057
0022501020,2026-03-20,2025-26,MIN,POR,0,0.44082806
0022501021,2026-03-20,2025-26,DEN,TOR,1,0.664461
0022501022,2026-03-21,2025-26,WAS,OKC,0,0.13929386
0022501023,2026-03-21,2025-26,CHA,MEM,1,0.896005
0022501024,2026-03-21,2025-26,ORL,LAL,0,0.41564754
0022501025,2026-03-21,2025-26,NOP,CLE,0,0.48968822
0022501026,2026-03-21,2025-26,ATL,GSW,1,0.8462261
0022501027,2026-03-21,2025-26,HOU,MIA,1,0.42050508
0022501028,2026-03-21,2025-26,SAS,IND,1,0.8909035
0022501029,2026-03-21,2025-26,DAL,LAC,0,0.3439479
0022501030,2026-03-21,2025-26,UTA,PHI,0,0.4896453
0022501031,2026-03-21,2025-26,PHX,MIL,0,0.6617284
0022501032,2026-03-22,2025-26,DEN,POR,1,0.6321558
0022501033,2026-03-22,2025-26,SAC,BKN,1,0.6465387
0022501034,2026-03-22,2025-26,NYK,WAS,1,0.9280168
0022501035,2026-03-22,2025-26,BOS,MIN,0,0.80257803
0022501036,2026-03-22,2025-26,PHX,TOR,1,0.29433218
0022501037,2026-03-23,2025-26,ATL,MEM,1,0.8628146
0022501038,2026-03-23,2025-26,DET,LAL,1,0.40416408
0022501039,2026-03-23,2025-26,ORL,IND,0,0.84263015
0022501040,2026-03-23,2025-26,PHI,OKC,0,0.17214614
0022501041,2026-03-23,2025-26,MIA,SAS,0,0.5054421
0022501042,2026-03-23,2025-26,CHI,HOU,1,0.28950232
0022501043,2026-03-23,2025-26,UTA,TOR,0,0.24043748
0022501044,2026-03-23,2025-26,DAL,GSW,0,0.4432652
0022501045,2026-03-23,2025-26,POR,BKN,1,0.8756988
0022501046,2026-03-23,2025-26,LAC,MIL,1,0.7577597
0022501047,2026-03-24,2025-26,CHA,SAC,1,0.88521117
0022501048,2026-03-24,2025-26,NYK,NOP,1,0.6310961
0022501049,2026-03-24,2025-26,CLE,ORL,1,0.7638263
0022501050,2026-03-24,2025-26,PHX,DEN,0,0.3039815
0022501051,2026-03-25,2025-26,DET,ATL,0,0.45118925
0022501052,2026-03-25,2025-26,IND,LAL,0,0.22947949
0022501053,2026-03-25,2025-26,PHI,CHI,1,0.5732921
0022501054,2026-03-25,2025-26,BOS,OKC,1,0.54085034
0022501055,2026-03-25,2025-26,CLE,MIA,0,0.5660477
0022501056,2026-03-25,2025-26,MEM,SAS,0,0.1508162
0022501057,2026-03-25,2025-26,UTA,WAS,0,0.6736895
0022501058,2026-03-25,2025-26,MIN,HOU,1,0.49610925
0022501059,2026-03-25,2025-26,DEN,DAL,1,0.83277977
0022501060,2026-03-25,2025-26,GSW,BKN,1,0.81954044
0022501061,2026-03-25,2025-26,POR,MIL,1,0.7866979
0022501062,2026-03-25,2025-26,LAC,TOR,1,0.6536725
0022501063,2026-03-26,2025-26,CHA,NYK,1,0.62397236
0022501064,2026-03-26,2025-26,DET,NOP,1,0.42209563
0022501065,2026-03-26,2025-26,ORL,SAC,1,0.87250674
0022501066,2026-03-27,2025-26,IND,LAC,0,0.20935665
0022501067,2026-03-27,2025-26,BOS,ATL,1,0.5397131
0022501068,2026-03-27,2025-26,CLE,MIA,1,0.57496697
0022501069,2026-03-27,2025-26,MEM,HOU,0,0.24707985
0022501070,2026-03-27,2025-26,OKC,CHI,1,0.88845754
0022501071,2026-03-27,2025-26,TOR,NOP,1,0.64322525
0022501072,2026-03-27,2025-26,DEN,UTA,1,0.9041617
0022501073,2026-03-27,2025-26,GSW,WAS,1,0.7776672
0022501074,2026-03-27,2025-26,POR,DAL,0,0.82926255
0022501075,2026-03-27,2025-26,LAL,BKN,1,0.9169005
0022501076,2026-03-28,2025-26,MIL,SAS,0,0.15883785
0022501077,2026-03-28,2025-26,CHA,PHI,0,0.8052915
0022501078,2026-03-28,2025-26,ATL,SAC,1,0.8909233
0022501079,2026-03-28,2025-26,MEM,CHI,1,0.56012994
0022501080,2026-03-28,2025-26,MIN,DET,0,0.49405912
0022501081,2026-03-28,2025-26,PHX,UTA,1,0.87835
0022501082,2026-03-29,2025-26,MIL,LAC,0,0.14672327
0022501083,2026-03-29,2025-26,IND,MIA,1,0.26090434
0022501084,2026-03-29,2025-26,BKN,SAC,1,0.46365932
0022501085,2026-03-29,2025-26,CHA,BOS,0,0.558138
0022501086,2026-03-29,2025-26,TOR,ORL,1,0.5103024
0022501087,2026-03-29,2025-26,POR,WAS,1,0.8645018
0022501088,2026-03-29,2025-26,NOP,HOU,0,0.46770808
0022501089,2026-03-29,2025-26,OKC,NYK,1,0.6547799
0022501090,2026-03-29,2025-26,DEN,GSW,1,0.837818
0022501091,2026-03-30,2025-26,MIA,PHI,1,0.54068655
0022501092,2026-03-30,2025-26,ATL,BOS,1,0.71827155
0022501093,2026-03-30,2025-26,MEM,PHX,0,0.22882657
0022501094,2026-03-30,2025-26,SAS,CHI,1,0.9013215
0022501095,2026-03-30,2025-26,DAL,MIN,0,0.3691382
0022501096,2026-03-30,2025-26,UTA,CLE,0,0.170432
0022501097,2026-03-30,2025-26,OKC,DET,1,0.6327093
0022501098,2026-03-30,2025-26,LAL,WAS,1,0.9126546
0022500652,2026-03-31,2025-26,MIL,DAL,1,0.44946212
0022501099,2026-03-31,2025-26,ORL,PHX,1,0.6648794
0022501100,2026-03-31,2025-26,BKN,CHA,0,0.14486088
0022501101,2026-03-31,2025-26,DET,TOR,1,0.34372786
0022501102,2026-03-31,2025-26,HOU,NYK,1,0.48734993
0022501103,2026-03-31,2025-26,LAL,CLE,1,0.48028803
0022501104,2026-03-31,2025-26,LAC,POR,0,0.67256194
0022501003,2026-04-01,2025-26,MEM,NYK,0,0.20686251
0022501105,2026-04-01,2025-26,WAS,PHI,0,0.16990393
0022501106,2026-04-01,2025-26,MIA,BOS,0,0.5097722
0022501107,2026-04-01,2025-26,ORL,ATL,0,0.27823377
0022501108,2026-04-01,2025-26,TOR,SAC,0,0.81827617
0022501109,2026-04-01,2025-26,CHI,IND,0,0.46208403
0022501110,2026-04-01,2025-26,HOU,MIL,1,0.88544613
0022501112,2026-04-01,2025-26,UTA,DEN,0,0.1306377
0022501113,2026-04-01,2025-26,GSW,SAS,0,0.21804418
0022501114,2026-04-02,2025-26,CHA,PHX,1,0.69406396
0022501115,2026-04-02,2025-26,DET,MIN,1,0.5820298
0022501116,2026-04-02,2025-26,OKC,LAL,1,0.63262045
0022501117,2026-04-02,2025-26,GSW,CLE,0,0.16718188
0022501118,2026-04-02,2025-26,POR,NOP,1,0.69180596
0022501119,2026-04-02,2025-26,LAC,SAS,0,0.5447156
0022501120,2026-04-03,2025-26,CHA,IND,1,0.8340938
0022501121,2026-04-03,2025-26,PHI,MIN,1,0.75055164
0022501122,2026-04-03,2025-26,BKN,ATL,0,0.1160953
0022501123,2026-04-03,2025-26,NYK,CHI,1,0.8687262
0022501124,2026-04-03,2025-26,HOU,UTA,1,0.90151435
0022501125,2026-04-03,2025-26,MEM,TOR,0,0.22226734
0022501126,2026-04-03,2025-26,MIL,BOS,0,0.13089629
0022501127,2026-04-03,2025-26,DAL,ORL,0,0.27922982
0022501128,2026-04-03,2025-26,SAC,NOP,1,0.34724838
0022501129,2026-04-04,2025-26,MIA,WAS,1,0.88169014
0022501130,2026-04-04,2025-26,DEN,SAS,1,0.53025734
0022501131,2026-04-04,2025-26,PHI,DET,0,0.5581409
0022501132,2026-04-05,2025-26,BOS,TOR,1,0.697204
0022501133,2026-04-05,2025-26,BKN,WAS,1,0.60797715
0022501134,2026-04-05,2025-26,CHI,PHX,0,0.24206255
0022501135,2026-04-05,2025-26,MIL,MEM,1,0.46542558
0022501136,2026-04-05,2025-26,CLE,IND,1,0.8492273
0022501137,2026-04-05,2025-26,MIN,CHA,0,0.39316744
0022501138,2026-04-05,2025-26,NOP,ORL,0,0.51175606
0022501139,2026-04-05,2025-26,OKC,UTA,1,0.93784785
0022501140,2026-04-05,2025-26,DAL,LAL,1,0.18591826
0022501141,2026-04-05,2025-26,SAC,LAC,0,0.21168804
0022501142,2026-04-05,2025-26,GSW,HOU,0,0.27737638
0022501143,2026-04-06,2025-26,ATL,NYK,0,0.6807476
0022501144,2026-04-06,2025-26,ORL,DET,1,0.35126233
0022501145,2026-04-06,2025-26,MEM,CLE,0,0.14705421
0022501146,2026-04-06,2025-26,SAS,PHI,1,0.67612004
0022501147,2026-04-06,2025-26,DEN,POR,1,0.5949116
0022501148,2026-04-07,2025-26,WAS,CHI,0,0.5556193
0022501149,2026-04-07,2025-26,BOS,CHA,1,0.60057116
0022501150,2026-04-07,2025-26,BKN,MIL,1,0.51087373
0022501151,2026-04-07,2025-26,TOR,MIA,1,0.6226045
0022501152,2026-04-07,2025-26,IND,MIN,0,0.30289534
0022501153,2026-04-07,2025-26,NOP,UTA,1,0.780616
0022501154,2026-04-07,2025-26,GSW,SAC,1,0.7021563
0022501155,2026-04-07,2025-26,LAL,OKC,0,0.23039408
0022501156,2026-04-07,2025-26,LAC,DAL,1,0.8732551
0022501157,2026-04-07,2025-26,PHX,HOU,0,0.4314238
0022501158,2026-04-08,2025-26,CLE,ATL,1,0.31531772
0022501159,2026-04-08,2025-26,ORL,MIN,1,0.68957216
0022501160,2026-04-08,2025-26,DET,MIL,1,0.9024239
0022501161,2026-04-08,2025-26,SAS,POR,1,0.694945
0022501162,2026-04-08,2025-26,DEN,MEM,1,0.91322935
0022501163,2026-04-08,2025-26,LAC,OKC,0,0.40175742
0022501164,2026-04-08,2025-26,PHX,DAL,1,0.8457051
0022501165,2026-04-09,2025-26,TOR,MIA,1,0.68692046
0022501166,2026-04-09,2025-26,WAS,CHI,0,0.47169092
0022501167,2026-04-09,2025-26,BKN,IND,0,0.4137447
0022501168,2026-04-09,2025-26,NYK,BOS,1,0.4807374
0022501169,2026-04-09,2025-26,HOU,PHI,1,0.5901001
0022501170,2026-04-09,2025-26,GSW,LAL,0,0.55241597
0022501171,2026-04-10,2025-26,CHA,DET,0,0.6189338
0022501172,2026-04-10,2025-26,WAS,MIA,0,0.18749334
0022501173,2026-04-10,2025-26,ATL,CLE,1,0.6733283
0022501174,2026-04-10,2025-26,BOS,NOP,1,0.88917834
0022501175,2026-04-10,2025-26,IND,PHI,0,0.2318661
0022501176,2026-04-10,2025-26,NYK,TOR,1,0.5942149
0022501177,2026-04-10,2025-26,CHI,ORL,0,0.19421542
0022501178,2026-04-10,2025-26,HOU,MIN,0,0.7150813
0022501179,2026-04-10,2025-26,MIL,BKN,1,0.78014374
0022501180,2026-04-10,2025-26,SAS,DAL,1,0.87677324
0022501181,2026-04-10,2025-26,UTA,MEM,1,0.55270475
0022501182,2026-04-10,2025-26,DEN,OKC,1,0.3820506
0022501183,2026-04-10,2025-26,POR,LAC,1,0.5696998
0022501184,2026-04-10,2025-26,SAC,GSW,1,0.61057204
0022501185,2026-04-10,2025-26,LAL,PHX,1,0.32077947
0022501186,2026-04-12,2025-26,BOS,ORL,1,0.60833925
0022501187,2026-04-12,2025-26,CLE,WAS,1,0.9093726
0022501188,2026-04-12,2025-26,IND,DET,0,0.18595591
0022501189,2026-04-12,2025-26,MIA,ATL,1,0.3206529
0022501190,2026-04-12,2025-26,NYK,CHA,0,0.5575958
0022501191,2026-04-12,2025-26,PHI,MIL,1,0.87111443
0022501192,2026-04-12,2025-26,TOR,BKN,1,0.9280798
0022501193,2026-04-12,2025-26,DAL,CHI,1,0.55771905
0022501194,2026-04-12,2025-26,HOU,MEM,1,0.9428418
0022501195,2026-04-12,2025-26,MIN,NOP,1,0.8213982
0022501196,2026-04-12,2025-26,OKC,PHX,0,0.40415633
0022501197,2026-04-12,2025-26,SAS,DEN,0,0.84116304
0022501198,2026-04-12,2025-26,LAL,UTA,1,0.85717136
0022501199,2026-04-12,2025-26,LAC,GSW,1,0.7454508
0022501200,2026-04-12,2025-26,POR,SAC,1,0.84762335
