date,season,home,away,home_win,p_home
2024-10-25,2024-25,ORL,BKN,1,0.7213694002015362
2024-10-25,2024-25,TOR,PHI,1,0.4284655877887393
2024-10-25,2024-25,ATL,CHA,1,0.5944204266213892
2024-10-25,2024-25,CLE,DET,1,0.6522218857247881
2024-10-25,2024-25,NYK,IND,1,0.6791954188580697
2024-10-25,2024-25,HOU,MEM,1,0.7353185983426668
2024-10-25,2024-25,MIL,CHI,0,0.49760821670467903
2024-10-25,2024-25,UTA,GSW,0,0.495877757133432
2024-10-25,2024-25,LAL,PHX,1,0.6410141443961265
2024-10-25,2024-25,POR,NOP,0,0.1737241264354754
2024-10-26,2024-25,DEN,LAC,0,0.8156132514233331
2024-10-26,2024-25,CHA,MIA,0,0.42471179540116877
2024-10-26,2024-25,DET,BOS,0,0.1765664742899874
2024-10-26,2024-25,WAS,CLE,0,0.4103831834314916
2024-10-26,2024-25,CHI,OKC,0,0.33279584005921786
2024-10-26,2024-25,MEM,ORL,1,0.4206020639315317
2024-10-26,2024-25,MIN,TOR,1,0.8160536187839095
2024-10-26,2024-25,SAS,HOU,1,0.7200969195934367
2024-10-26,2024-25,PHX,DAL,1,0.5815928028596324
2024-10-26,2024-25,LAL,SAC,1,0.5728239742582981
2024-10-27,2024-25,IND,PHI,0,0.7478580130182082
2024-10-27,2024-25,BKN,MIL,1,0.4225958173661737
2024-10-27,2024-25,POR,NOP,1,0.16396027360747234
2024-10-27,2024-25,OKC,ATL,1,0.654344994996345
2024-10-27,2024-25,GSW,LAC,0,0.7815010770814117
2024-10-28,2024-25,ORL,IND,1,0.6001751283931036
2024-10-28,2024-25,ATL,WAS,0,0.6382364373649293
2024-10-28,2024-25,BOS,MIL,1,0.8895286328671511
2024-10-28,2024-25,MIA,DET,1,0.6889851768376842
2024-10-28,2024-25,NYK,CLE,0,0.6994046253071169
2024-10-28,2024-25,TOR,DEN,0,0.31143233863639613
2024-10-28,2024-25,MEM,CHI,0,0.5038193193667583
2024-10-28,2024-25,SAS,HOU,0,0.6052681508697622
2024-10-28,2024-25,DAL,UTA,1,0.6578892242550572
2024-10-28,2024-25,PHX,LAL,1,0.5936244239974975
2024-10-28,2024-25,SAC,POR,1,0.8044119163981891
2024-10-29,2024-25,BKN,DEN,0,0.4426518582382634
2024-10-29,2024-25,MIN,DAL,0,0.7249870557066602
2024-10-29,2024-25,UTA,SAC,0,0.3969130602169195
2024-10-29,2024-25,GSW,NOP,1,0.6103887404669112
2024-10-30,2024-25,CHA,TOR,1,0.6515648293226519
2024-10-30,2024-25,CLE,LAL,1,0.5796639092809316
2024-10-30,2024-25,IND,BOS,1,0.4124814064321386
2024-10-30,2024-25,PHI,DET,0,0.6106687374553597
2024-10-30,2024-25,WAS,ATL,1,0.38857060755884704
2024-10-30,2024-25,MIA,NYK,0,0.4676812892744313
2024-10-30,2024-25,CHI,ORL,1,0.4382043489616653
2024-10-30,2024-25,MEM,BKN,0,0.6256747637972764
2024-10-30,2024-25,OKC,SAS,1,0.7439934229791568
2024-10-30,2024-25,GSW,NOP,1,0.6290674927817376
2024-10-30,2024-25,LAC,POR,0,0.733070288826052
2024-10-31,2024-25,MEM,MIL,1,0.4087687796972367
2024-10-31,2024-25,DAL,HOU,0,0.5992012924388661
2024-10-31,2024-25,UTA,SAS,0,0.5956170346836298
2024-10-31,2024-25,LAC,PHX,0,0.3479031241998588
2024-11-01,2024-25,CHA,BOS,0,0.2564462078073543
2024-11-01,2024-25,CLE,ORL,1,0.6303403392209688
2024-11-01,2024-25,DET,NYK,0,0.32329018720147495
2024-11-01,2024-25,ATL,SAC,0,0.39087240971761406
2024-11-01,2024-25,BKN,CHI,1,0.5413090602375159
2024-11-01,2024-25,TOR,LAL,0,0.2905495596329659
2024-11-01,2024-25,NOP,IND,1,0.47956612831685935
2024-11-01,2024-25,MIN,DEN,1,0.5724368619738329
2024-11-01,2024-25,POR,OKC,0,0.2331487085161251
2024-11-02,2024-25,CHA,BOS,0,0.2826073804300254
2024-11-02,2024-25,PHI,MEM,0,0.5631008498943089
2024-11-02,2024-25,TOR,SAC,1,0.3492899958613839
2024-11-02,2024-25,HOU,GSW,0,0.5556299067438439
2024-11-02,2024-25,MIL,CLE,0,0.47113103900068376
2024-11-02,2024-25,SAS,MIN,1,0.5184489662894629
2024-11-02,2024-25,DEN,UTA,1,0.7651825628786282
2024-11-02,2024-25,PHX,POR,1,0.877523267338869
2024-11-02,2024-25,LAC,OKC,0,0.49282150161326854
2024-11-03,2024-25,BKN,DET,0,0.6252662123467598
2024-11-03,2024-25,NOP,ATL,0,0.6660369639152883
2024-11-03,2024-25,DAL,ORL,1,0.5986284178274147
2024-11-04,2024-25,CLE,MIL,1,0.7495722473687411
2024-11-04,2024-25,WAS,GSW,0,0.28783596673313366
2024-11-04,2024-25,DET,LAL,1,0.3119131346041194
2024-11-04,2024-25,ATL,BOS,0,0.18878681257402075
2024-11-04,2024-25,BKN,MEM,1,0.49776491264785633
2024-11-04,2024-25,MIA,SAC,0,0.5408162031763065
2024-11-04,2024-25,CHI,UTA,0,0.7034502717118348
2024-11-04,2024-25,HOU,NYK,1,0.434847937626016
2024-11-04,2024-25,MIN,CHA,1,0.7574638914774607
2024-11-04,2024-25,OKC,ORL,1,0.8078074231894069
2024-11-04,2024-25,NOP,POR,0,0.5927420943988356
2024-11-04,2024-25,DAL,IND,0,0.4979363290300422
2024-11-04,2024-25,DEN,TOR,1,0.7628903482924863
2024-11-04,2024-25,PHX,PHI,1,0.7838836455526673
2024-11-04,2024-25,LAC,SAS,1,0.6321153881211627
2024-11-06,2024-25,CHA,DET,1,0.5393108354868152
2024-11-06,2024-25,IND,ORL,1,0.6782203371075448
2024-11-06,2024-25,ATL,NYK,1,0.3089081554235588
2024-11-06,2024-25,BOS,GSW,0,0.7143358030355109
2024-11-06,2024-25,HOU,SAS,1,0.6964411024521097
2024-11-06,2024-25,MEM,LAL,1,0.44350471550451953
2024-11-06,2024-25,NOP,CLE,0,0.34663404539725645
2024-11-06,2024-25,DAL,CHI,1,0.7119466515221331
2024-11-06,2024-25,DEN,OKC,1,0.4649734876509721
2024-11-06,2024-25,PHX,MIA,1,0.7262447679391739
2024-11-06,2024-25,LAC,PHI,1,0.6025345333563489
2024-11-06,2024-25,SAC,TOR,1,0.7547027931690119
2024-11-07,2024-25,CHI,MIN,0,0.3397868956167971
2024-11-07,2024-25,MIL,UTA,1,0.7021481376522423
2024-11-07,2024-25,SAS,POR,1,0.5941791369319431
2024-11-08,2024-25,CHA,IND,1,0.3918689953413003
2024-11-08,2024-25,DET,ATL,1,0.5902577410625806
2024-11-08,2024-25,ORL,NOP,1,0.5964173658407699
2024-11-08,2024-25,BOS,BKN,1,0.8570465726128663
2024-11-08,2024-25,CLE,GSW,1,0.5449702417640354
2024-11-08,2024-25,NYK,MIL,1,0.8006517623285971
2024-11-08,2024-25,DAL,PHX,0,0.4494402533440386
2024-11-08,2024-25,MEM,WAS,1,0.7144100889829119
2024-11-08,2024-25,OKC,HOU,1,0.7397270412806692
2024-11-08,2024-25,MIN,POR,1,0.8197612688426967
2024-11-08,2024-25,DEN,MIA,1,0.6724025266970064
2024-11-08,2024-25,LAL,PHI,1,0.6032672623640405
2024-11-08,2024-25,SAC,LAC,0,0.6595097998744829
2024-11-09,2024-25,SAS,UTA,0,0.6910716504162239
2024-11-09,2024-25,ATL,CHI,0,0.5194518986534038
2024-11-09,2024-25,CLE,BKN,1,0.7843646264634786
2024-11-09,2024-25,LAC,TOR,1,0.6999967588606855
2024-11-10,2024-25,DET,HOU,0,0.48294473740112015
2024-11-10,2024-25,MIL,BOS,0,0.29474443555698404
2024-11-10,2024-25,IND,NYK,1,0.5105194391154053
2024-11-10,2024-25,ORL,WAS,1,0.7241536030866399
2024-11-10,2024-25,PHI,CHA,1,0.5400927592146398
2024-11-10,2024-25,MIN,MIA,0,0.6947136212658229
2024-11-10,2024-25,OKC,GSW,0,0.619086753996336
2024-11-10,2024-25,DEN,DAL,1,0.6178214511927381
2024-11-10,2024-25,PHX,SAC,0,0.6978218286131312
2024-11-10,2024-25,POR,MEM,0,0.44034112342416415
2024-11-10,2024-25,LAL,TOR,1,0.799019689466057
2024-11-11,2024-25,CHI,CLE,0,0.32494462704612465
2024-11-11,2024-25,HOU,WAS,1,0.8217151483828548
2024-11-11,2024-25,NOP,BKN,0,0.4617301809714444
2024-11-11,2024-25,OKC,LAC,1,0.6425721552528857
2024-11-11,2024-25,SAS,SAC,1,0.5524608785974401
2024-11-12,2024-25,BOS,ATL,0,0.864886819043611
2024-11-12,2024-25,DET,MIA,1,0.4944205850485343
2024-11-12,2024-25,ORL,CHA,1,0.6319379169974981
2024-11-12,2024-25,PHI,NYK,0,0.38466730632988405
2024-11-12,2024-25,MIL,TOR,1,0.6909149341038799
2024-11-12,2024-25,UTA,PHX,0,0.3386028363087749
2024-11-12,2024-25,GSW,DAL,1,0.6755121084730494
2024-11-12,2024-25,POR,MIN,1,0.2827384444057084
2024-11-13,2024-25,ORL,IND,1,0.48752899230171587
2024-11-13,2024-25,BKN,BOS,0,0.3646034553658039
2024-11-13,2024-25,NYK,CHI,0,0.7603389269165596
2024-11-13,2024-25,PHI,CLE,0,0.2902329340589678
2024-11-13,2024-25,OKC,NOP,1,0.8036473052908605
2024-11-13,2024-25,HOU,LAC,1,0.5768818263908084
2024-11-13,2024-25,MIL,DET,1,0.6294540492800969
2024-11-13,2024-25,SAS,WAS,1,0.7343062785498267
2024-11-13,2024-25,LAL,MEM,1,0.6296012338796556
2024-11-13,2024-25,POR,MIN,1,0.3375643420794202
2024-11-13,2024-25,SAC,PHX,1,0.6352830683537903
2024-11-14,2024-25,UTA,DAL,1,0.29891961915047316
2024-11-15,2024-25,IND,MIA,0,0.6158129453805026
2024-11-15,2024-25,ORL,PHI,1,0.7070941913454747
2024-11-15,2024-25,TOR,DET,0,0.5097474158582557
2024-11-15,2024-25,ATL,WAS,1,0.6912966659153144
2024-11-15,2024-25,CLE,CHI,1,0.7967718029152968
2024-11-15,2024-25,NYK,BKN,1,0.788232030476305
2024-11-15,2024-25,SAS,LAL,0,0.45819316298026747
2024-11-15,2024-25,HOU,LAC,1,0.6205590868916866
2024-11-15,2024-25,NOP,DEN,1,0.291172834691392
2024-11-15,2024-25,OKC,PHX,1,0.6663057971595757
2024-11-15,2024-25,GSW,MEM,1,0.7377722163437439
2024-11-15,2024-25,SAC,MIN,0,0.5944109341423377
2024-11-16,2024-25,CHA,MIL,1,0.46594867227834313
2024-11-16,2024-25,BOS,TOR,1,0.9184494684730963
2024-11-16,2024-25,NOP,LAL,0,0.39302681768202496
2024-11-16,2024-25,DAL,SAS,1,0.7414429230793018
2024-11-16,2024-25,SAC,UTA,1,0.7404705962870619
2024-11-17,2024-25,MIN,PHX,1,0.5947790235663128
2024-11-17,2024-25,IND,MIA,1,0.5374589970630389
2024-11-17,2024-25,CLE,CHA,1,0.8815294870815206
2024-11-17,2024-25,WAS,DET,0,0.4343296824030613
2024-11-17,2024-25,MEM,DEN,1,0.5303608002688082
2024-11-17,2024-25,POR,ATL,1,0.42393730257749046
2024-11-17,2024-25,NYK,BKN,1,0.7533558215405667
2024-11-17,2024-25,CHI,HOU,0,0.422618198827723
2024-11-17,2024-25,OKC,DAL,0,0.7598241920065015
2024-11-17,2024-25,LAC,UTA,1,0.7937732578978774
2024-11-18,2024-25,DET,CHI,0,0.5833161700495795
2024-11-18,2024-25,MIA,PHI,1,0.6105911441279059
2024-11-18,2024-25,NYK,WAS,1,0.8765463899433652
2024-11-18,2024-25,TOR,IND,1,0.417086359924557
2024-11-18,2024-25,MIL,HOU,1,0.5429654167204975
2024-11-18,2024-25,PHX,ORL,0,0.5442197742802041
2024-11-18,2024-25,SAC,ATL,0,0.7840538604667459
2024-11-18,2024-25,LAC,GSW,1,0.3749216555561413
2024-11-19,2024-25,BOS,CLE,1,0.6894860751119206
2024-11-19,2024-25,BKN,CHA,1,0.6414221730485539
2024-11-19,2024-25,MEM,DEN,0,0.5619588126302736
2024-11-19,2024-25,DAL,NOP,1,0.8233100351925856
2024-11-19,2024-25,SAS,OKC,1,0.3230284604366555
2024-11-19,2024-25,LAL,UTA,1,0.7704563259647574
2024-11-20,2024-25,CLE,NOP,1,0.8617807325012113
2024-11-20,2024-25,MIL,CHI,1,0.5877259634007356
2024-11-20,2024-25,HOU,IND,1,0.6878577143622584
2024-11-20,2024-25,MEM,PHI,1,0.561617678900133
2024-11-20,2024-25,OKC,POR,1,0.7840577038290002
2024-11-20,2024-25,PHX,NYK,0,0.5159987633955889
2024-11-20,2024-25,GSW,ATL,1,0.7582591522336469
2024-11-20,2024-25,LAC,ORL,1,0.5546904280014703
2024-11-21,2024-25,CHA,DET,1,0.5671236290874637
2024-11-21,2024-25,TOR,MIN,1,0.3170988447189193
2024-11-21,2024-25,SAS,UTA,1,0.6777098024898863
2024-11-21,2024-25,LAL,ORL,0,0.657476989543764
2024-11-22,2024-25,PHI,BKN,1,0.5242170944249893
2024-11-22,2024-25,WAS,BOS,0,0.16740156062152642
2024-11-22,2024-25,MIL,IND,1,0.5478499065817333
2024-11-22,2024-25,CHI,ATL,1,0.5396217586442131
2024-11-22,2024-25,HOU,POR,1,0.7443771032617323
2024-11-22,2024-25,NOP,GSW,0,0.19095216711592614
2024-11-22,2024-25,DEN,DAL,0,0.5468664860528037
2024-11-22,2024-25,LAC,SAC,1,0.5820635546496937
2024-11-23,2024-25,UTA,NYK,1,0.26971844296854086
2024-11-23,2024-25,ORL,DET,1,0.6942446245414882
2024-11-23,2024-25,CHI,MEM,0,0.4450950053613232
2024-11-23,2024-25,HOU,POR,0,0.7787612788378035
2024-11-23,2024-25,MIL,CHA,1,0.6133828042297964
2024-11-23,2024-25,SAS,GSW,1,0.4769982072252611
2024-11-23,2024-25,LAL,DEN,0,0.616992264760452
2024-11-24,2024-25,BOS,MIN,1,0.7553210413866361
2024-11-24,2024-25,IND,WAS,1,0.7372837843172675
2024-11-24,2024-25,MIA,DAL,1,0.5063106387012652
2024-11-24,2024-25,PHI,LAC,0,0.3609087796056093
2024-11-24,2024-25,CLE,TOR,1,0.8441867363044462
2024-11-24,2024-25,SAC,BKN,0,0.714083962498053
2024-11-25,2024-25,CHA,ORL,0,0.41291991872807626
2024-11-25,2024-25,DET,TOR,1,0.7026160358226026
2024-11-25,2024-25,IND,NOP,1,0.6282709124780796
2024-11-25,2024-25,ATL,DAL,0,0.4424896676854676
2024-11-25,2024-25,BOS,LAC,1,0.7911874757419273
2024-11-25,2024-25,MEM,POR,1,0.6734876451625484
2024-11-25,2024-25,DEN,NYK,0,0.5536484692659638
2024-11-25,2024-25,GSW,BKN,0,0.8641292401889978
2024-11-25,2024-25,SAC,OKC,0,0.36168663263225637
2024-11-26,2024-25,WAS,CHI,0,0.35679242322061505
2024-11-26,2024-25,MIA,MIL,0,0.6127880345963543
2024-11-26,2024-25,MIN,HOU,0,0.5386890053039685
2024-11-26,2024-25,UTA,SAS,0,0.4244308400798841
2024-11-26,2024-25,PHX,LAL,1,0.5699625779848979
2024-11-27,2024-25,CHA,MIA,0,0.4327350120992426
2024-11-27,2024-25,CLE,ATL,0,0.81152784110536
2024-11-27,2024-25,IND,POR,1,0.6280670080307675
2024-11-27,2024-25,ORL,CHI,1,0.768689075118794
2024-11-27,2024-25,PHI,HOU,0,0.41467617438429394
2024-11-27,2024-25,WAS,LAC,0,0.205003136192796
2024-11-27,2024-25,DAL,NYK,1,0.5742646123916314
2024-11-27,2024-25,MEM,DET,1,0.6785389661587207
2024-11-27,2024-25,MIN,SAC,0,0.5676252650877773
2024-11-27,2024-25,NOP,TOR,0,0.4976382653024074
2024-11-27,2024-25,SAS,LAL,0,0.6042064687879548
2024-11-27,2024-25,PHX,BKN,0,0.6807479956491707
2024-11-27,2024-25,UTA,DEN,0,0.2949996509046136
2024-11-27,2024-25,GSW,OKC,0,0.5083208396773893
2024-11-29,2024-25,CHA,NYK,0,0.26302679001660756
2024-11-29,2024-25,ATL,CLE,1,0.35032400920857015
2024-11-29,2024-25,MEM,NOP,1,0.7668713908035071
2024-11-29,2024-25,BKN,ORL,0,0.5255719087934476
2024-11-29,2024-25,MIN,LAC,1,0.5493384017406213
2024-11-29,2024-25,IND,DET,0,0.6520391534809608
2024-11-29,2024-25,MIA,TOR,1,0.7026242564263524
2024-11-29,2024-25,CHI,BOS,0,0.2501319771903907
2024-11-29,2024-25,LAL,OKC,0,0.38366076449743763
2024-11-29,2024-25,POR,SAC,1,0.34464156294626747
2024-11-30,2024-25,CHA,ATL,0,0.4823730141645364
2024-11-30,2024-25,DET,PHI,0,0.5334439003641032
2024-11-30,2024-25,MIL,WAS,1,0.8038519253245845
2024-11-30,2024-25,PHX,GSW,1,0.5779051718029188
2024-11-30,2024-25,UTA,DAL,0,0.24987261320969473
2024-12-01,2024-25,BKN,ORL,0,0.41973948625396573
2024-12-01,2024-25,MEM,IND,1,0.6591561640446014
2024-12-01,2024-25,CLE,BOS,1,0.47922803135778586
2024-12-01,2024-25,NYK,NOP,1,0.8544869781531027
2024-12-01,2024-25,TOR,MIA,1,0.4348262289293631
2024-12-01,2024-25,HOU,OKC,1,0.43166790564286894
2024-12-01,2024-25,UTA,LAL,0,0.33902062368942976
2024-12-01,2024-25,POR,DAL,0,0.34783152834789827
2024-12-01,2024-25,SAC,SAS,0,0.6194550080928174
2024-12-01,2024-25,LAC,DEN,1,0.5768642476232375
2024-12-02,2024-25,ATL,NOP,1,0.7585042754593506
2024-12-02,2024-25,BOS,MIA,1,0.7845094380789654
2024-12-02,2024-25,CHI,BKN,1,0.5836005112078445
2024-12-02,2024-25,MIN,LAL,1,0.6771488040862467
2024-12-03,2024-25,CHA,PHI,0,0.4401174999444049
2024-12-03,2024-25,CLE,WAS,1,0.8789895925841853
2024-12-03,2024-25,DET,MIL,0,0.42823819670675584
2024-12-03,2024-25,NYK,ORL,1,0.6212185595615274
2024-12-03,2024-25,TOR,IND,1,0.5380257849761867
2024-12-03,2024-25,OKC,UTA,1,0.8704497841916183
2024-12-03,2024-25,DAL,MEM,1,0.6301078300571115
2024-12-03,2024-25,PHX,SAS,1,0.6457644083175472
2024-12-03,2024-25,DEN,GSW,1,0.5600712227444892
2024-12-03,2024-25,SAC,HOU,1,0.4659696732510018
2024-12-03,2024-25,LAC,POR,1,0.7361185945905654
2024-12-04,2024-25,BOS,DET,1,0.8804453646308367
2024-12-04,2024-25,BKN,IND,1,0.5055838697735802
2024-12-04,2024-25,MIA,LAL,1,0.6004457434524215
2024-12-04,2024-25,PHI,ORL,0,0.3693820100391893
2024-12-04,2024-25,MIL,ATL,0,0.5487482455715478
2024-12-04,2024-25,LAC,MIN,0,0.5037264417071788
2024-12-05,2024-25,CLE,DEN,1,0.633853243617057
2024-12-05,2024-25,WAS,DAL,0,0.17033529987039103
2024-12-05,2024-25,NYK,CHA,1,0.8468052961179068
2024-12-05,2024-25,TOR,OKC,0,0.31838302817624703
2024-12-05,2024-25,MEM,SAC,1,0.6132666668774351
2024-12-05,2024-25,NOP,PHX,1,0.2622717017831139
2024-12-05,2024-25,SAS,CHI,0,0.6128083079906518
2024-12-05,2024-25,GSW,HOU,1,0.5856560355255195
2024-12-06,2024-25,PHI,ORL,1,0.2920624601028362
2024-12-06,2024-25,ATL,LAL,1,0.6226495454439888
2024-12-06,2024-25,BOS,MIL,1,0.7714685889360606
2024-12-06,2024-25,CHI,IND,0,0.5443468883377737
2024-12-06,2024-25,SAS,SAC,0,0.5177707798956924
2024-12-06,2024-25,GSW,MIN,0,0.49887231467590537
2024-12-06,2024-25,POR,UTA,0,0.5875349951201314
2024-12-07,2024-25,CHA,CLE,0,0.23206328030083595
2024-12-07,2024-25,WAS,DEN,1,0.19476603104622256
2024-12-07,2024-25,NOP,OKC,0,0.2172125242075138
2024-12-07,2024-25,NYK,DET,0,0.7849525117759686
2024-12-07,2024-25,TOR,DAL,0,0.2962788927317632
2024-12-07,2024-25,BOS,MEM,0,0.7499880104228028
2024-12-07,2024-25,MIA,PHX,1,0.574752225244607
2024-12-08,2024-25,CHI,PHI,0,0.5614745721401214
2024-12-08,2024-25,BKN,MIL,0,0.43402166269514414
2024-12-08,2024-25,IND,CHA,0,0.6997561985346279
2024-12-08,2024-25,ATL,DEN,0,0.5712033520430202
2024-12-08,2024-25,MIA,CLE,1,0.5459228081778208
2024-12-08,2024-25,ORL,PHX,1,0.6877803724124728
2024-12-08,2024-25,WAS,MEM,0,0.2381754488784438
2024-12-08,2024-25,SAS,NOP,1,0.6569416454914807
2024-12-08,2024-25,GSW,MIN,1,0.562667748753981
2024-12-08,2024-25,LAC,HOU,0,0.5178749561983284
2024-12-08,2024-25,SAC,UTA,1,0.7359416382618781
2024-12-08,2024-25,LAL,POR,1,0.6623951170507777
2024-12-09,2024-25,TOR,NYK,0,0.3304869379179529
2024-12-10,2024-25,MIL,ORL,1,0.550793097797149
2024-12-10,2024-25,OKC,DAL,1,0.6405776687626259
2024-12-11,2024-25,NYK,ATL,0,0.7822052417118064
2024-12-11,2024-25,HOU,GSW,1,0.534812352314659
2024-12-12,2024-25,BOS,DET,1,0.8219989076518276
2024-12-12,2024-25,MIA,TOR,1,0.7785789696880003
2024-12-12,2024-25,NOP,SAC,0,0.3044037604438834
2024-12-13,2024-25,CLE,WAS,1,0.8785605709900979
2024-12-13,2024-25,PHI,IND,0,0.5571490278429038
2024-12-13,2024-25,MIN,LAL,1,0.7024172652172611
2024-12-13,2024-25,MEM,BKN,1,0.698513354435513
2024-12-13,2024-25,CHI,CHA,1,0.6723380001406462
2024-12-13,2024-25,DEN,LAC,1,0.6149557049765672
2024-12-13,2024-25,UTA,PHX,0,0.4147338396379097
2024-12-13,2024-25,POR,SAS,0,0.42122548698365725
2024-12-15,2024-25,IND,NOP,1,0.5931964337773934
2024-12-15,2024-25,WAS,BOS,0,0.12814395206146337
2024-12-15,2024-25,SAS,MIN,0,0.40074142910564453
2024-12-15,2024-25,PHX,POR,1,0.7928183177127996
2024-12-15,2024-25,LAL,MEM,1,0.4441115930298658
2024-12-15,2024-25,ORL,NYK,0,0.4909542482568929
2024-12-15,2024-25,GSW,DAL,0,0.4902469362789075
2024-12-16,2024-25,DET,MIA,1,0.3966519201866216
2024-12-16,2024-25,CHA,PHI,0,0.4213037562324115
2024-12-16,2024-25,TOR,CHI,0,0.4724691564369156
2024-12-16,2024-25,BKN,CLE,0,0.34243702654757446
2024-12-16,2024-25,SAC,DEN,0,0.5384265023017122
2024-12-16,2024-25,LAC,UTA,1,0.6983611544389517
2024-12-19,2024-25,DET,UTA,0,0.605481534290408
2024-12-19,2024-25,ORL,OKC,0,0.3813274854115668
2024-12-19,2024-25,WAS,CHA,1,0.43684608428885296
2024-12-19,2024-25,BOS,CHI,0,0.8222156927292059
2024-12-19,2024-25,TOR,BKN,0,0.4694548662814186
2024-12-19,2024-25,HOU,NOP,1,0.7775360311343313
2024-12-19,2024-25,MEM,GSW,1,0.6035753536706859
2024-12-19,2024-25,MIN,NYK,0,0.5132845587728372
2024-12-19,2024-25,DAL,LAC,0,0.7085385594938475
2024-12-19,2024-25,PHX,IND,0,0.6655468865861484
2024-12-19,2024-25,SAS,ATL,1,0.49036105712385936
2024-12-19,2024-25,POR,DEN,1,0.26777209953477066
2024-12-19,2024-25,SAC,LAL,0,0.6219840083438185
2024-12-20,2024-25,PHI,CHA,1,0.725390750127538
2024-12-20,2024-25,CLE,MIL,1,0.6765230694644201
2024-12-20,2024-25,MIA,OKC,0,0.5178852223052118
2024-12-21,2024-25,SAC,LAL,0,0.5782375751695819
2024-12-21,2024-25,ORL,MIA,1,0.636013411092911
2024-12-21,2024-25,ATL,MEM,0,0.421781221320287
2024-12-21,2024-25,BKN,UTA,0,0.6010104376792077
2024-12-21,2024-25,CLE,PHI,1,0.7489645727293781
2024-12-21,2024-25,CHI,BOS,0,0.3227955111368387
2024-12-21,2024-25,MIL,WAS,1,0.7294515321695474
2024-12-21,2024-25,MIN,GSW,0,0.5454208096196198
2024-12-21,2024-25,NOP,NYK,0,0.2163301567270213
2024-12-21,2024-25,DAL,LAC,1,0.5781084631862052
2024-12-21,2024-25,SAS,POR,1,0.6145791007001907
2024-12-21,2024-25,PHX,DET,0,0.7110150908479214
2024-12-22,2024-25,TOR,HOU,0,0.26281315205719025
2024-12-22,2024-25,SAC,IND,0,0.47521479661570054
2024-12-22,2024-25,NOP,DEN,0,0.19972261548341122
2024-12-23,2024-25,CHA,HOU,0,0.35495185225450926
2024-12-23,2024-25,CLE,UTA,1,0.7814625451552963
2024-12-23,2024-25,ORL,BOS,1,0.42026781821038445
2024-12-23,2024-25,PHI,SAS,1,0.5098683479270573
2024-12-23,2024-25,ATL,MIN,1,0.4215059791069441
2024-12-23,2024-25,MIA,BKN,1,0.7233906728735073
2024-12-23,2024-25,NYK,TOR,1,0.890585347022286
2024-12-23,2024-25,CHI,MIL,0,0.5189361681734633
2024-12-23,2024-25,MEM,LAC,0,0.6070506796993335
2024-12-23,2024-25,OKC,WAS,1,0.9197165746574095
2024-12-23,2024-25,DAL,POR,1,0.850297043111396
2024-12-23,2024-25,DEN,PHX,1,0.5501689975085613
2024-12-23,2024-25,GSW,IND,0,0.6673881715440515
2024-12-23,2024-25,LAL,DET,0,0.5879200183675107
2024-12-25,2024-25,NYK,SAS,1,0.7338482180903434
2024-12-25,2024-25,DAL,MIN,0,0.7208399847304299
2024-12-25,2024-25,BOS,PHI,0,0.8132195917300538
2024-12-25,2024-25,GSW,LAL,0,0.599792703541624
2024-12-25,2024-25,PHX,DEN,1,0.4834446670288789
2024-12-26,2024-25,IND,OKC,0,0.3493244273000327
2024-12-26,2024-25,ORL,MIA,0,0.6317350693977125
2024-12-26,2024-25,WAS,CHA,1,0.488907217597835
2024-12-26,2024-25,ATL,CHI,1,0.5691611566602791
2024-12-26,2024-25,MEM,TOR,1,0.7940635430817333
2024-12-26,2024-25,MIL,BKN,0,0.6948252914933416
2024-12-26,2024-25,NOP,HOU,0,0.2863084524252671
2024-12-26,2024-25,POR,UTA,1,0.479009686680383
2024-12-26,2024-25,SAC,DET,0,0.5413411870222996
2024-12-27,2024-25,ORL,NYK,0,0.4010395131651607
2024-12-27,2024-25,BOS,IND,1,0.7798958188538695
2024-12-27,2024-25,BKN,SAS,0,0.38391561407950536
2024-12-27,2024-25,HOU,MIN,0,0.5515709113217965
2024-12-27,2024-25,NOP,MEM,0,0.23275019204960742
2024-12-27,2024-25,DEN,CLE,0,0.5787267967149031
2024-12-27,2024-25,PHX,DAL,0,0.4121166619680812
2024-12-27,2024-25,LAC,GSW,1,0.5977833760194688
2024-12-28,2024-25,ATL,MIA,1,0.48391024423372014
2024-12-28,2024-25,CHA,OKC,0,0.15211236539223674
2024-12-28,2024-25,WAS,NYK,0,0.21556445574666552
2024-12-28,2024-25,CHI,MIL,1,0.4436164645746309
2024-12-28,2024-25,GSW,PHX,1,0.5281131174096411
2024-12-28,2024-25,DEN,DET,1,0.6250010621958256
2024-12-28,2024-25,UTA,PHI,0,0.345192345234624
2024-12-28,2024-25,POR,DAL,1,0.3254669234873988
2024-12-28,2024-25,LAL,SAC,1,0.5733669641893508
2024-12-29,2024-25,ORL,BKN,1,0.7482385257112545
2024-12-29,2024-25,BOS,IND,0,0.8056189247287869
2024-12-29,2024-25,TOR,ATL,0,0.449553746327048
2024-12-29,2024-25,HOU,MIA,0,0.7269651795730324
2024-12-29,2024-25,OKC,MEM,1,0.6307529610375616
2024-12-29,2024-25,MIN,SAS,1,0.6352284672665156
2024-12-30,2024-25,CHA,CHI,0,0.4282377598802172
2024-12-30,2024-25,WAS,NYK,0,0.15328047214141116
2024-12-30,2024-25,NOP,LAC,0,0.2399703761328061
2024-12-30,2024-25,UTA,DEN,0,0.3562788787870569
2024-12-30,2024-25,GSW,CLE,0,0.4147117696474451
2024-12-30,2024-25,POR,PHI,0,0.36745609323966283
2024-12-30,2024-25,SAC,DAL,1,0.4042324324301227
2024-12-31,2024-25,BOS,TOR,1,0.8530456553330032
2024-12-31,2024-25,IND,MIL,0,0.5467330068151728
2024-12-31,2024-25,SAS,LAC,1,0.4772129010461401
2024-12-31,2024-25,OKC,MIN,1,0.7409925863095869
2024-12-31,2024-25,PHX,MEM,0,0.48338265209557824
2024-12-31,2024-25,LAL,CLE,0,0.4773403265187647
2025-01-01,2024-25,DET,ORL,1,0.4231560340120388
2025-01-01,2024-25,WAS,CHI,1,0.3287061357456509
2025-01-01,2024-25,MIA,NOP,1,0.7491388083016052
2025-01-01,2024-25,NYK,UTA,1,0.8554710857597211
2025-01-01,2024-25,TOR,BKN,1,0.42928115930440813
2025-01-01,2024-25,HOU,DAL,1,0.6288222116528225
2025-01-01,2024-25,DEN,ATL,1,0.6868255207776253
2025-01-01,2024-25,SAC,PHI,1,0.46940739507157125
2025-01-02,2024-25,MIA,IND,0,0.5717804827724893
2025-01-02,2024-25,MIN,BOS,0,0.4460915367998852
2025-01-02,2024-25,MIL,BKN,0,0.7740149368068256
2025-01-02,2024-25,OKC,LAC,1,0.79029546465649
2025-01-02,2024-25,GSW,PHI,1,0.61676508774799
2025-01-02,2024-25,LAL,POR,1,0.7340687125559515
2025-01-03,2024-25,DET,CHA,1,0.6837332510483104
2025-01-03,2024-25,TOR,ORL,0,0.2964129765172719
2025-01-03,2024-25,HOU,BOS,0,0.5679353258777321
2025-01-03,2024-25,NOP,WAS,1,0.5475510867630844
2025-01-03,2024-25,OKC,NYK,1,0.6283061199533096
2025-01-03,2024-25,DAL,CLE,0,0.4147994177845392
2025-01-03,2024-25,DEN,SAS,0,0.7396224566229154
2025-01-03,2024-25,SAC,MEM,1,0.4650747199231497
2025-01-03,2024-25,LAL,ATL,1,0.49926198679192346
2025-01-04,2024-25,BKN,PHI,0,0.39168670873215583
2025-01-04,2024-25,DET,MIN,1,0.3514607006554308
2025-01-04,2024-25,IND,PHX,1,0.5731831315200401
2025-01-04,2024-25,MIA,UTA,0,0.7197523724916695
2025-01-04,2024-25,CHI,NYK,1,0.36855093345924234
2025-01-04,2024-25,MIL,POR,0,0.7471877284016619
2025-01-04,2024-25,SAS,DEN,0,0.5072000871083354
2025-01-04,2024-25,GSW,MEM,1,0.5512528075100497
2025-01-04,2024-25,LAC,ATL,1,0.6228591312478607
2025-01-05,2024-25,OKC,BOS,1,0.6585014612390173
2025-01-05,2024-25,CLE,CHA,1,0.887964268429326
2025-01-05,2024-25,WAS,NOP,0,0.42231302105705426
2025-01-05,2024-25,ORL,UTA,0,0.7335973872548941
2025-01-05,2024-25,HOU,LAL,1,0.6583963957250651
2025-01-05,2024-25,GSW,SAC,0,0.5034557919136364
2025-01-06,2024-25,DET,POR,1,0.6971641254996276
2025-01-06,2024-25,PHI,PHX,0,0.5326577973723668
2025-01-06,2024-25,BKN,IND,0,0.27678045211229785
2025-01-06,2024-25,NYK,ORL,0,0.7940405696351077
2025-01-06,2024-25,TOR,MIL,0,0.32455248915056667
2025-01-06,2024-25,CHI,SAS,1,0.4875062602966106
2025-01-06,2024-25,MEM,DAL,1,0.6375832031035781
2025-01-06,2024-25,MIN,LAC,1,0.5577650622429724
2025-01-06,2024-25,SAC,MIA,1,0.5710975753430778
2025-01-07,2024-25,CHA,PHX,1,0.3309980437518948
2025-01-07,2024-25,WAS,HOU,0,0.2298574904083519
2025-01-07,2024-25,DAL,LAL,1,0.5009273679586118
2025-01-07,2024-25,NOP,MIN,0,0.36215929749553544
2025-01-07,2024-25,UTA,ATL,0,0.5225649039522418
2025-01-07,2024-25,DEN,BOS,0,0.47795652511277964
2025-01-07,2024-25,GSW,MIA,0,0.6951487246011542
2025-01-08,2024-25,CLE,OKC,1,0.4733878828408136
2025-01-08,2024-25,IND,CHI,1,0.6889978481324454
2025-01-08,2024-25,NYK,TOR,1,0.8376044703809471
2025-01-08,2024-25,PHI,WAS,1,0.8377925037083644
2025-01-08,2024-25,BKN,DET,0,0.3060108449828269
2025-01-08,2024-25,NOP,POR,0,0.4602550043537563
2025-01-08,2024-25,DEN,LAC,1,0.48527019606764565
2025-01-08,2024-25,MIL,SAS,1,0.5781253489020864
2025-01-09,2024-25,CLE,TOR,1,0.8840941802978333
2025-01-09,2024-25,DET,GSW,0,0.4840172329927098
2025-01-09,2024-25,ORL,MIN,0,0.48954579307287716
2025-01-09,2024-25,MEM,HOU,0,0.6160851759662714
2025-01-09,2024-25,DAL,POR,1,0.7813030115685783
2025-01-09,2024-25,PHX,ATL,1,0.5759948257324807
2025-01-09,2024-25,UTA,MIA,0,0.47567994086271914
2025-01-10,2024-25,IND,GSW,1,0.6818574601328834
2025-01-10,2024-25,ORL,MIL,0,0.48494810253191556
2025-01-10,2024-25,PHI,NOP,0,0.6606067315887006
2025-01-10,2024-25,BOS,SAC,0,0.7618637640099671
2025-01-10,2024-25,NYK,OKC,0,0.4238597764966479
2025-01-10,2024-25,CHI,WAS,1,0.737542281864801
2025-01-10,2024-25,DEN,BKN,1,0.8526978876659327
2025-01-11,2024-25,PHX,UTA,1,0.6500464646353679
2025-01-11,2024-25,DET,TOR,1,0.6820779282740367
2025-01-11,2024-25,MIN,MEM,0,0.5257177129265519
2025-01-11,2024-25,POR,MIA,0,0.4044527726384642
2025-01-12,2024-25,NYK,MIL,1,0.7026487578284819
2025-01-12,2024-25,DAL,DEN,0,0.4863190234509263
2025-01-12,2024-25,CHI,SAC,0,0.38340176329691544
2025-01-12,2024-25,BOS,NOP,1,0.8969220509772189
2025-01-12,2024-25,CLE,IND,0,0.7072781646648161
2025-01-12,2024-25,ORL,PHI,1,0.5901482577830595
2025-01-12,2024-25,WAS,OKC,0,0.08248874465651729
2025-01-12,2024-25,UTA,BKN,1,0.6540901691555848
2025-01-12,2024-25,PHX,CHA,1,0.7122825384883953
2025-01-13,2024-25,WAS,MIN,0,0.16179618139836824
2025-01-13,2024-25,NYK,DET,0,0.6813852846262419
2025-01-13,2024-25,TOR,GSW,1,0.4148255959728599
2025-01-13,2024-25,HOU,MEM,1,0.5893566031415937
2025-01-13,2024-25,LAL,SAS,0,0.6376845092683163
2025-01-13,2024-25,LAC,MIA,1,0.6248474624011607
2025-01-14,2024-25,IND,CLE,0,0.5075279795995432
2025-01-14,2024-25,PHI,OKC,0,0.214625606748724
2025-01-14,2024-25,ATL,PHX,1,0.4816440425734552
2025-01-14,2024-25,CHI,NOP,0,0.599317851612286
2025-01-14,2024-25,MIL,SAC,1,0.5205666121618893
2025-01-14,2024-25,DAL,DEN,0,0.4723204556375105
2025-01-14,2024-25,POR,BKN,0,0.592165467991976
2025-01-15,2024-25,PHI,NYK,0,0.2521659527355611
2025-01-15,2024-25,TOR,BOS,1,0.1975180098436385
2025-01-15,2024-25,CHI,ATL,0,0.5351100999049733
2025-01-15,2024-25,MIL,ORL,1,0.5469183947447827
2025-01-15,2024-25,MIN,GSW,0,0.6903048542564085
2025-01-15,2024-25,NOP,DAL,1,0.34316795453397286
2025-01-15,2024-25,SAS,MEM,0,0.4073266123384068
2025-01-15,2024-25,DEN,HOU,0,0.5598874203965002
2025-01-15,2024-25,UTA,CHA,0,0.64264573307005
2025-01-15,2024-25,LAL,MIA,1,0.5542108627686928
2025-01-15,2024-25,LAC,BKN,1,0.8363222382066291
2025-01-16,2024-25,DET,IND,0,0.49602515163055366
2025-01-16,2024-25,WAS,PHX,0,0.22506350285215762
2025-01-16,2024-25,OKC,CLE,1,0.6877388547715497
2025-01-16,2024-25,POR,LAC,0,0.34714325572143073
2025-01-16,2024-25,SAC,HOU,1,0.5452056671534287
2025-01-17,2024-25,BOS,ORL,1,0.7814021707673466
2025-01-17,2024-25,NYK,MIN,0,0.6668960449789394
2025-01-17,2024-25,MIA,DEN,0,0.5025861575568661
2025-01-17,2024-25,MIL,TOR,1,0.7215544083436616
2025-01-17,2024-25,NOP,UTA,1,0.5645685140969555
2025-01-17,2024-25,SAS,MEM,0,0.39082957250848127
2025-01-17,2024-25,DAL,OKC,1,0.33901955564985436
2025-01-17,2024-25,CHI,CHA,0,0.673348592289932
2025-01-17,2024-25,LAL,BKN,1,0.8218115100180423
2025-01-18,2024-25,DET,PHX,0,0.5698811499541481
2025-01-18,2024-25,BOS,ATL,0,0.7227234263679282
2025-01-18,2024-25,IND,PHI,1,0.7222632352348611
2025-01-18,2024-25,GSW,WAS,1,0.8065949500593709
2025-01-18,2024-25,MIN,CLE,0,0.4217014725175994
2025-01-18,2024-25,POR,HOU,0,0.2398949590417853
2025-01-19,2024-25,MIA,SAS,1,0.6006282698128101
2025-01-19,2024-25,ORL,DEN,0,0.37947654780617573
2025-01-19,2024-25,MIL,PHI,1,0.7653735363520999
2025-01-19,2024-25,OKC,BKN,1,0.9130424258958311
2025-01-19,2024-25,LAC,LAL,1,0.6439251359538455
2025-01-19,2024-25,POR,CHI,1,0.31986634925263097
2025-01-19,2024-25,SAC,WAS,1,0.8988863184126928
2025-01-20,2024-25,CHA,DAL,1,0.2682617058359874
2025-01-20,2024-25,HOU,DET,0,0.751949883651969
2025-01-20,2024-25,MEM,MIN,1,0.645882448109625
2025-01-20,2024-25,NYK,ATL,1,0.6776930679063997
2025-01-20,2024-25,CLE,PHX,1,0.8204090740917552
2025-01-20,2024-25,GSW,BOS,0,0.3635356140644449
2025-01-20,2024-25,NOP,UTA,1,0.6440360561097351
2025-01-20,2024-25,LAC,CHI,0,0.7916090036200346
2025-01-21,2024-25,BKN,NYK,0,0.272474024360365
2025-01-21,2024-25,MIA,POR,0,0.7379654761813513
2025-01-21,2024-25,TOR,ORL,1,0.4224898904037776
2025-01-21,2024-25,DEN,PHI,1,0.8047159311265153
2025-01-21,2024-25,LAL,WAS,1,0.8044049337819096
2025-01-22,2024-25,ATL,DET,0,0.5404509288945091
2025-01-22,2024-25,BKN,PHX,0,0.27520208849287714
2025-01-22,2024-25,DAL,MIN,0,0.5930603055932029
2025-01-22,2024-25,HOU,CLE,1,0.5373467535013955
2025-01-22,2024-25,MEM,CHA,1,0.8006952017218164
2025-01-22,2024-25,OKC,UTA,1,0.9063267610594938
2025-01-22,2024-25,SAC,GSW,1,0.6842872576335879
2025-01-22,2024-25,LAC,BOS,0,0.3969140842662427
2025-01-23,2024-25,ORL,POR,0,0.5869713371171935
2025-01-23,2024-25,ATL,TOR,0,0.6222770410043456
2025-01-23,2024-25,MIL,MIA,1,0.661607709634874
2025-01-23,2024-25,OKC,DAL,0,0.7852989367254968
2025-01-23,2024-25,DEN,SAC,1,0.7382780688264351
2025-01-23,2024-25,GSW,CHI,1,0.5303171827328654
2025-01-23,2024-25,LAL,BOS,1,0.4591545010938497
2025-01-23,2024-25,LAC,WAS,1,0.749706382279032
2025-01-24,2024-25,CHA,POR,0,0.6501892599261936
2025-01-24,2024-25,PHI,CLE,1,0.2232916211125519
2025-01-24,2024-25,MEM,NOP,1,0.758445558091515
2025-01-25,2024-25,MIN,DEN,1,0.4917641943254491
2025-01-25,2024-25,DAL,BOS,0,0.4722781413274437
2025-01-25,2024-25,BKN,MIA,0,0.2765215248284879
2025-01-25,2024-25,CHA,NOP,1,0.5050998246494172
2025-01-25,2024-25,ORL,DET,1,0.4514287659970666
2025-01-25,2024-25,ATL,TOR,0,0.5914758274126989
2025-01-25,2024-25,CLE,HOU,0,0.6378766450545565
2025-01-25,2024-25,NYK,SAC,1,0.6648668285261793
2025-01-25,2024-25,CHI,PHI,0,0.6083695968917174
2025-01-25,2024-25,MEM,UTA,1,0.7653414318426923
2025-01-25,2024-25,GSW,LAL,0,0.5492798020771305
2025-01-25,2024-25,PHX,WAS,1,0.8018205476330108
2025-01-25,2024-25,LAC,MIL,1,0.5815743696009124
2025-01-26,2024-25,POR,OKC,0,0.18633335015600017
2025-01-27,2024-25,CHA,LAL,0,0.38313159443060235
2025-01-27,2024-25,CLE,DET,1,0.7605261586717779
2025-01-27,2024-25,BOS,HOU,0,0.6179176888847342
2025-01-27,2024-25,BKN,SAC,0,0.2217026997822651
2025-01-27,2024-25,MIA,ORL,1,0.5409941995197861
2025-01-27,2024-25,NYK,MEM,1,0.6067513334705995
2025-01-27,2024-25,TOR,NOP,1,0.586839030141989
2025-01-27,2024-25,CHI,DEN,1,0.32639893695273753
2025-01-27,2024-25,MIN,ATL,1,0.7345126600594803
2025-01-27,2024-25,DAL,WAS,1,0.8550839673338111
2025-01-27,2024-25,UTA,MIL,0,0.3084479743310823
2025-01-27,2024-25,PHX,LAC,1,0.4668151033337857
2025-01-28,2024-25,ATL,HOU,0,0.27988309996512306
2025-01-28,2024-25,PHI,LAL,1,0.5125004345381873
2025-01-28,2024-25,GSW,UTA,1,0.7655786349941109
2025-01-28,2024-25,POR,MIL,1,0.3981285431392378
2025-01-29,2024-25,CHA,BKN,0,0.6834207846742378
2025-01-29,2024-25,IND,DET,1,0.6757041224573102
2025-01-29,2024-25,WAS,TOR,0,0.24437825751718553
2025-01-29,2024-25,BOS,CHI,1,0.7920792660252904
2025-01-29,2024-25,MIA,CLE,0,0.3643055156436296
2025-01-29,2024-25,NYK,DEN,1,0.6118864093047857
2025-01-29,2024-25,PHI,SAC,1,0.37105267188390606
2025-01-29,2024-25,NOP,DAL,0,0.34344015604340977
2025-01-29,2024-25,SAS,LAC,0,0.4149414182521685
2025-01-29,2024-25,PHX,MIN,0,0.4749192189664294
2025-01-29,2024-25,GSW,OKC,1,0.20965413727341675
2025-01-30,2024-25,WAS,LAL,0,0.15033255626150302
2025-01-30,2024-25,CLE,ATL,1,0.8098425677188374
2025-01-30,2024-25,MEM,HOU,1,0.5253761524557662
2025-01-30,2024-25,UTA,MIN,0,0.28801755001838275
2025-01-30,2024-25,POR,ORL,1,0.419580614729046
2025-01-31,2024-25,CHA,LAC,0,0.2812407341634939
2025-01-31,2024-25,DET,DAL,1,0.4655716752042145
2025-01-31,2024-25,PHI,DEN,0,0.37892050996322185
2025-01-31,2024-25,TOR,CHI,0,0.58426860867528
2025-01-31,2024-25,NOP,BOS,0,0.21455311935991064
2025-01-31,2024-25,SAS,MIL,1,0.4522729537490322
2025-01-31,2024-25,GSW,PHX,0,0.6125934120841098
2025-02-01,2024-25,IND,ATL,1,0.7577208764176036
2025-02-01,2024-25,UTA,ORL,1,0.418542791890533
2025-02-01,2024-25,CHA,DEN,0,0.24369067290289184
2025-02-01,2024-25,HOU,BKN,0,0.8624522960715449
2025-02-01,2024-25,MIN,WAS,0,0.8968170355629005
2025-02-01,2024-25,OKC,SAC,1,0.8195129788227472
2025-02-01,2024-25,NYK,LAL,0,0.7507145198904364
2025-02-01,2024-25,SAS,MIA,0,0.5138577730465391
2025-02-01,2024-25,POR,PHX,1,0.48301639986332817
2025-02-02,2024-25,DET,CHI,1,0.620972821137394
2025-02-02,2024-25,CLE,DAL,1,0.7206729683094892
2025-02-02,2024-25,TOR,LAC,1,0.3407041615521661
2025-02-02,2024-25,PHI,BOS,0,0.2950588260441985
2025-02-02,2024-25,MIL,MEM,0,0.5079582571358808
2025-02-03,2024-25,CHA,WAS,0,0.6256775026143522
2025-02-03,2024-25,DET,ATL,0,0.6031989005907265
2025-02-03,2024-25,NYK,HOU,1,0.619168606774664
2025-02-03,2024-25,MEM,SAS,1,0.6593739032655648
2025-02-03,2024-25,MIN,SAC,0,0.6618483425629026
2025-02-03,2024-25,OKC,MIL,1,0.882959525963913
2025-02-03,2024-25,DEN,NOP,1,0.8471268743312984
2025-02-03,2024-25,UTA,IND,0,0.2538699568189515
2025-02-03,2024-25,GSW,ORL,1,0.6055732467146572
2025-02-03,2024-25,POR,PHX,1,0.45829394379828753
2025-02-04,2024-25,CLE,BOS,0,0.6212148221040449
2025-02-04,2024-25,BKN,HOU,1,0.3876229454029036
2025-02-04,2024-25,PHI,DAL,1,0.5604641769843479
2025-02-04,2024-25,TOR,NYK,0,0.33669126036075725
2025-02-04,2024-25,CHI,MIA,1,0.5085834877209474
2025-02-04,2024-25,LAC,LAL,0,0.6707815155417671
2025-02-04,2024-25,POR,IND,1,0.3979694231347995
2025-02-05,2024-25,CHA,MIL,0,0.41822135247522085
2025-02-05,2024-25,DET,CLE,0,0.46205607520216907
2025-02-05,2024-25,ATL,SAS,0,0.4706450965093192
2025-02-05,2024-25,BKN,WAS,0,0.5405587998257643
2025-02-05,2024-25,PHI,MIA,0,0.5990487204237998
2025-02-05,2024-25,TOR,MEM,0,0.21377202929081363
2025-02-05,2024-25,MIN,CHI,1,0.7765813208176825
2025-02-05,2024-25,OKC,PHX,1,0.8381161409121389
2025-02-05,2024-25,UTA,GSW,1,0.3641553017011808
2025-02-05,2024-25,DEN,NOP,1,0.8400746685378935
2025-02-05,2024-25,SAC,ORL,0,0.6830037373847945
2025-02-06,2024-25,BOS,DAL,0,0.7702822791065611
2025-02-06,2024-25,MIN,HOU,1,0.5452080433677844
2025-02-06,2024-25,DEN,ORL,1,0.8116406673131134
2025-02-06,2024-25,LAL,GSW,1,0.7344090269958786
2025-02-06,2024-25,POR,SAC,1,0.5776388104180835
2025-02-06,2024-25,LAC,IND,0,0.526145646841487
2025-02-07,2024-25,CHA,SAS,1,0.30393083673220583
2025-02-07,2024-25,WAS,CLE,0,0.15073367304957197
2025-02-07,2024-25,ATL,MIL,1,0.4206450986464533
2025-02-07,2024-25,BKN,MIA,1,0.39781962870861054
2025-02-07,2024-25,DET,PHI,1,0.5622432242346065
2025-02-07,2024-25,OKC,TOR,1,0.9082461016220766
2025-02-07,2024-25,PHX,UTA,1,0.6211499374189082
2025-02-08,2024-25,DAL,HOU,1,0.5714919626759201
2025-02-08,2024-25,LAL,IND,1,0.5985890429089296
2025-02-08,2024-25,ORL,SAS,1,0.5312363092352775
2025-02-08,2024-25,WAS,ATL,0,0.29784566114570227
2025-02-08,2024-25,CHI,GSW,0,0.4693467869915114
2025-02-08,2024-25,MEM,OKC,0,0.5441932867448136
2025-02-08,2024-25,MIN,POR,1,0.7250059444722758
2025-02-08,2024-25,NYK,BOS,0,0.5692014361272945
2025-02-08,2024-25,PHX,DEN,0,0.3175230156508918
2025-02-08,2024-25,SAC,NOP,1,0.7188031690013097
2025-02-08,2024-25,LAC,UTA,1,0.8147409714445328
2025-02-09,2024-25,DET,CHA,1,0.7443174977923248
2025-02-09,2024-25,HOU,TOR,1,0.7424370494292647
2025-02-09,2024-25,MIL,PHI,1,0.5289976906855515
2025-02-10,2024-25,CLE,MIN,1,0.6791209831857146
2025-02-10,2024-25,ORL,ATL,0,0.5007510721491127
2025-02-10,2024-25,WAS,SAS,0,0.27546178643256636
2025-02-10,2024-25,BKN,CHA,1,0.6358846770128006
2025-02-10,2024-25,MIA,BOS,0,0.2724802728483095
2025-02-10,2024-25,MIL,GSW,0,0.4644396651367754
2025-02-10,2024-25,OKC,NOP,1,0.9096888485785408
2025-02-10,2024-25,DAL,SAC,0,0.6014742824986528
2025-02-10,2024-25,DEN,POR,1,0.7716952207215171
2025-02-10,2024-25,LAL,UTA,1,0.8341299469685769
2025-02-11,2024-25,PHI,TOR,0,0.6699402389369191
2025-02-11,2024-25,IND,NYK,0,0.5272293141525343
2025-02-11,2024-25,CHI,DET,0,0.425425852991281
2025-02-11,2024-25,PHX,MEM,0,0.3554057759354563
2025-02-12,2024-25,BOS,SAS,1,0.7935899124712893
2025-02-12,2024-25,ORL,CHA,1,0.6712417697543224
2025-02-12,2024-25,WAS,IND,0,0.23288472308880653
2025-02-12,2024-25,BKN,PHI,1,0.454338005265137
2025-02-12,2024-25,NYK,ATL,1,0.6621318437054229
2025-02-12,2024-25,TOR,CLE,0,0.16066371316724395
2025-02-12,2024-25,CHI,DET,0,0.4352717659133104
2025-02-12,2024-25,MIN,MIL,0,0.6781219295614562
2025-02-12,2024-25,NOP,SAC,0,0.2808334079581068
2025-02-12,2024-25,OKC,MIA,1,0.889038929073912
2025-02-12,2024-25,HOU,PHX,1,0.7129677571981524
2025-02-12,2024-25,DEN,POR,1,0.8113058892535479
2025-02-12,2024-25,UTA,LAL,1,0.2943265393259688
2025-02-12,2024-25,DAL,GSW,1,0.531032490179377
2025-02-12,2024-25,LAC,MEM,1,0.5680671973732683
2025-02-13,2024-25,HOU,GSW,0,0.5889694373783737
2025-02-13,2024-25,NOP,SAC,1,0.33171115776171634
2025-02-13,2024-25,DAL,MIA,1,0.6674109893101086
2025-02-13,2024-25,MIN,OKC,1,0.3748633994994894
2025-02-13,2024-25,UTA,LAC,0,0.3404500330237706
2025-02-19,2024-25,LAL,CHA,0,0.8369034348136609
2025-02-20,2024-25,IND,MEM,1,0.5113361442501464
2025-02-20,2024-25,PHI,BOS,0,0.24669217474100222
2025-02-20,2024-25,ATL,ORL,0,0.5905417294974694
2025-02-20,2024-25,BKN,CLE,0,0.21497055461325568
2025-02-20,2024-25,NYK,CHI,1,0.7848682413289946
2025-02-20,2024-25,MIL,LAC,1,0.39754671516826046
2025-02-20,2024-25,DEN,CHA,1,0.8932415526238897
2025-02-20,2024-25,SAS,PHX,1,0.5830230189000103
2025-02-20,2024-25,POR,LAL,0,0.39427900026519347
2025-02-21,2024-25,CLE,NYK,1,0.7105543170275743
2025-02-21,2024-25,ORL,MEM,0,0.4162117187298534
2025-02-21,2024-25,WAS,MIL,0,0.29028716082511763
2025-02-21,2024-25,TOR,MIA,0,0.42001949582510356
2025-02-21,2024-25,HOU,MIN,1,0.5433011916140151
2025-02-21,2024-25,SAS,DET,0,0.3829186849597806
2025-02-21,2024-25,DAL,NOP,1,0.6421259581841458
2025-02-21,2024-25,UTA,OKC,0,0.17759160679598662
2025-02-21,2024-25,SAC,GSW,0,0.5148573876523029
2025-02-22,2024-25,CHI,PHX,0,0.38846907275691767
2025-02-22,2024-25,PHI,BKN,0,0.6455207246488932
2025-02-22,2024-25,DEN,LAL,0,0.7340880174178651
2025-02-22,2024-25,UTA,HOU,1,0.37045530836810137
2025-02-22,2024-25,POR,CHA,1,0.6428101552562328
2025-02-23,2024-25,BOS,NYK,1,0.6964818323692448
2025-02-23,2024-25,GSW,DAL,1,0.5195141879502203
2025-02-23,2024-25,IND,LAC,1,0.5041117873146109
2025-02-23,2024-25,ATL,DET,0,0.4753493452350617
2025-02-23,2024-25,ORL,WAS,1,0.7465493950569553
2025-02-23,2024-25,TOR,PHX,1,0.4047118819965792
2025-02-23,2024-25,MIL,MIA,1,0.611367578387189
2025-02-23,2024-25,NOP,SAS,1,0.3759360165518525
2025-02-23,2024-25,CLE,MEM,1,0.7058168919817466
2025-02-23,2024-25,MIN,OKC,0,0.4006437850579427
2025-02-24,2024-25,DET,LAC,1,0.6049058603680821
2025-02-24,2024-25,IND,DEN,0,0.5053783597273048
2025-02-24,2024-25,PHI,CHI,0,0.5904788240822585
2025-02-24,2024-25,WAS,BKN,1,0.31424492171213275
2025-02-24,2024-25,ATL,MIA,1,0.5845531105359557
2025-02-24,2024-25,OKC,MIN,0,0.7997345289459493
2025-02-24,2024-25,UTA,POR,0,0.4328818839763662
2025-02-24,2024-25,SAC,CHA,1,0.7548900967277784
2025-02-25,2024-25,TOR,BOS,0,0.1872103280449788
2025-02-25,2024-25,ORL,CLE,0,0.23213613569766528
2025-02-25,2024-25,HOU,MIL,1,0.5834677553863584
2025-02-25,2024-25,MEM,PHX,1,0.6879162470959825
2025-02-25,2024-25,NOP,SAS,1,0.4099228661389144
2025-02-25,2024-25,GSW,CHA,1,0.8811069176657345
2025-02-25,2024-25,LAL,DAL,1,0.6649152901886795
2025-02-26,2024-25,DET,BOS,1,0.5520719170742555
2025-02-26,2024-25,IND,TOR,1,0.8376493253892392
2025-02-26,2024-25,NYK,PHI,1,0.8028974722275217
2025-02-26,2024-25,WAS,POR,0,0.2866070246413016
2025-02-26,2024-25,BKN,OKC,0,0.11275892894267307
2025-02-26,2024-25,MIA,ATL,1,0.5284884597766962
2025-02-26,2024-25,CHI,LAC,0,0.3726220584380714
2025-02-26,2024-25,UTA,SAC,0,0.33125175276982916
2025-02-26,2024-25,HOU,SAS,1,0.68138834207651
2025-02-27,2024-25,ORL,GSW,0,0.3494421091063609
2025-02-27,2024-25,MIL,DEN,1,0.44474047215982954
2025-02-27,2024-25,DAL,CHA,1,0.81653392732778
2025-02-27,2024-25,PHX,NOP,0,0.5952844625162316
2025-02-27,2024-25,LAL,MIN,1,0.636843623776998
2025-02-28,2024-25,DET,DEN,0,0.6285023883969612
2025-02-28,2024-25,ATL,OKC,0,0.19580275697936983
2025-02-28,2024-25,BOS,CLE,0,0.6136218135068162
2025-02-28,2024-25,BKN,POR,0,0.3838818598543
2025-02-28,2024-25,MIA,IND,1,0.38895470647665015
2025-02-28,2024-25,CHI,TOR,1,0.5585835507866134
2025-02-28,2024-25,MEM,NYK,0,0.5493297741022198
2025-02-28,2024-25,PHX,NOP,1,0.6113098681809604
2025-02-28,2024-25,UTA,MIN,1,0.32650087674441286
2025-02-28,2024-25,LAL,LAC,1,0.5865805165069439
2025-03-01,2024-25,CHA,WAS,0,0.49924761819767394
2025-03-01,2024-25,DET,BKN,1,0.8050274795326907
2025-03-01,2024-25,HOU,SAC,0,0.576079993323421
2025-03-01,2024-25,MEM,SAS,0,0.7139563273025373
2025-03-01,2024-25,PHI,GSW,1,0.27703259978225553
2025-03-01,2024-25,DAL,MIL,0,0.525859121198389
2025-03-02,2024-25,BOS,DEN,1,0.7158037528305663
2025-03-02,2024-25,CLE,POR,1,0.9072735211765738
2025-03-02,2024-25,IND,CHI,1,0.7099462453868297
2025-03-02,2024-25,MIA,NYK,0,0.4004833232004136
2025-03-02,2024-25,ORL,TOR,0,0.6013605805160374
2025-03-02,2024-25,SAS,OKC,0,0.14902779160678378
2025-03-02,2024-25,UTA,NOP,0,0.5471167340202008
2025-03-02,2024-25,PHX,MIN,0,0.3851560370245451
2025-03-02,2024-25,LAL,LAC,1,0.6043846493687665
2025-03-03,2024-25,CHA,GSW,0,0.1690657606231933
2025-03-03,2024-25,PHI,POR,0,0.5622584031049805
2025-03-03,2024-25,MIA,WAS,1,0.7379203292629087
2025-03-03,2024-25,MEM,ATL,0,0.6838312347881613
2025-03-03,2024-25,OKC,HOU,1,0.7553800081970622
2025-03-03,2024-25,DAL,SAC,0,0.4774139209211332
2025-03-03,2024-25,UTA,DET,0,0.21102270281158647
2025-03-04,2024-25,IND,HOU,1,0.789796185250527
2025-03-04,2024-25,ORL,TOR,0,0.6158224020429495
2025-03-04,2024-25,ATL,MIL,0,0.3588028460577717
2025-03-04,2024-25,NYK,GSW,0,0.6987571269038299
2025-03-04,2024-25,CHI,CLE,0,0.22248337412695945
2025-03-04,2024-25,MIN,PHI,1,0.8130455075954358
2025-03-04,2024-25,SAS,BKN,1,0.6215732466636089
2025-03-04,2024-25,PHX,LAC,1,0.42274291012929893
2025-03-04,2024-25,LAL,NOP,1,0.8026219975654929
2025-03-05,2024-25,BOS,POR,1,0.8381685038299639
2025-03-05,2024-25,CHA,MIN,0,0.21324009621914292
2025-03-05,2024-25,CLE,MIA,1,0.7861882381486098
2025-03-05,2024-25,WAS,UTA,1,0.4409377479378088
2025-03-05,2024-25,MEM,OKC,0,0.30599121777448796
2025-03-05,2024-25,DEN,SAC,1,0.716768094211864
2025-03-05,2024-25,MIL,DAL,1,0.5622061373270032
2025-03-05,2024-25,LAC,DET,1,0.5107359596418656
2025-03-06,2024-25,ATL,IND,1,0.3102776363885366
2025-03-06,2024-25,BOS,PHI,1,0.8545953482202596
2025-03-06,2024-25,BKN,GSW,0,0.21740948368130278
2025-03-06,2024-25,NOP,HOU,0,0.4102783355894355
2025-03-06,2024-25,LAL,NYK,1,0.6270181548214875
2025-03-06,2024-25,ORL,CHI,0,0.5505315773995298
2025-03-07,2024-25,CHA,CLE,0,0.10033670406325466
2025-03-07,2024-25,TOR,UTA,1,0.6269907552834301
2025-03-07,2024-25,DAL,MEM,0,0.34001165291247754
2025-03-07,2024-25,MIA,MIN,0,0.4722123640251735
2025-03-07,2024-25,OKC,POR,1,0.8848660252079663
2025-03-07,2024-25,DEN,PHX,1,0.7781573709404512
2025-03-07,2024-25,SAC,SAS,1,0.6755210475399603
2025-03-07,2024-25,LAC,NYK,1,0.5395707075703285
2025-03-08,2024-25,CHA,BKN,1,0.3249641374214579
2025-03-08,2024-25,HOU,NOP,1,0.6887105973765282
2025-03-08,2024-25,ATL,IND,1,0.3557385016130155
2025-03-08,2024-25,TOR,WAS,0,0.5836060076529597
2025-03-08,2024-25,MIA,CHI,0,0.6201320099421938
2025-03-08,2024-25,MIL,ORL,0,0.6863763950375277
2025-03-08,2024-25,BOS,LAL,1,0.669802318339344
2025-03-08,2024-25,GSW,DET,1,0.6317795671200724
2025-03-09,2024-25,OKC,DEN,1,0.6802123032939061
2025-03-09,2024-25,DAL,PHX,0,0.45491000274295873
2025-03-09,2024-25,MIL,CLE,0,0.3082811279966664
2025-03-09,2024-25,NOP,MEM,0,0.21397043892413053
2025-03-09,2024-25,PHI,UTA,1,0.5943340915630233
2025-03-09,2024-25,MIN,SAS,1,0.7317088586769841
2025-03-09,2024-25,POR,DET,0,0.4277400712612964
2025-03-09,2024-25,LAC,SAC,1,0.628089868370605
2025-03-10,2024-25,ATL,PHI,1,0.7384885821815778
2025-03-10,2024-25,BOS,UTA,1,0.9524713887386406
2025-03-10,2024-25,BKN,LAL,1,0.19559789223866797
2025-03-10,2024-25,MIA,CHA,0,0.7944184121787687
2025-03-10,2024-25,TOR,WAS,1,0.6761441667806484
2025-03-10,2024-25,CHI,IND,1,0.33494451632800176
2025-03-10,2024-25,HOU,ORL,1,0.6476330358501436
2025-03-10,2024-25,MEM,PHX,1,0.6877152657703772
2025-03-10,2024-25,OKC,DEN,0,0.7773679483532677
2025-03-10,2024-25,SAS,DAL,0,0.572629673647511
2025-03-10,2024-25,GSW,POR,1,0.8155170891139418
2025-03-10,2024-25,SAC,NYK,0,0.49256313955420844
2025-03-11,2024-25,CLE,BKN,1,0.92832230929651
2025-03-11,2024-25,DET,WAS,1,0.904509709467861
2025-03-11,2024-25,IND,MIL,1,0.5299522638758037
2025-03-11,2024-25,NOP,LAC,1,0.21497920690975872
2025-03-12,2024-25,ATL,CHA,1,0.7173346930425617
2025-03-12,2024-25,BOS,OKC,0,0.5375149633783086
2025-03-12,2024-25,TOR,PHI,1,0.5951435411217475
2025-03-12,2024-25,MIA,LAC,0,0.47728206717276844
2025-03-12,2024-25,HOU,PHX,1,0.6322482333213849
2025-03-12,2024-25,MEM,UTA,1,0.7527545319106252
2025-03-12,2024-25,SAS,DAL,1,0.5029888672440067
2025-03-12,2024-25,DEN,MIN,0,0.6046959780154991
2025-03-12,2024-25,POR,NYK,0,0.356789978506403
2025-03-13,2024-25,DET,WAS,0,0.8169054541554376
2025-03-13,2024-25,MIL,LAL,1,0.5349391877252946
2025-03-13,2024-25,CHI,BKN,1,0.6314176406357068
2025-03-13,2024-25,GSW,SAC,1,0.6963167030485279
2025-03-13,2024-25,NOP,ORL,0,0.45252476167439654
2025-03-14,2024-25,MIA,BOS,0,0.23744862209768008
2025-03-14,2024-25,PHI,IND,0,0.20444113938167366
2025-03-14,2024-25,ATL,LAC,0,0.4387558021909893
2025-03-14,2024-25,HOU,DAL,1,0.7390213386086717
2025-03-14,2024-25,MEM,CLE,0,0.441609388244643
2025-03-14,2024-25,MIN,ORL,1,0.811994040269916
2025-03-14,2024-25,SAS,CHA,0,0.6910892894379337
2025-03-14,2024-25,DEN,LAL,1,0.7259415044512613
2025-03-14,2024-25,UTA,TOR,0,0.4728850686040168
2025-03-14,2024-25,PHX,SAC,1,0.6024873596243093
2025-03-15,2024-25,BKN,BOS,0,0.19633607513116721
2025-03-15,2024-25,DET,OKC,0,0.33334868940261964
2025-03-15,2024-25,HOU,CHI,1,0.6532727806125282
2025-03-15,2024-25,MEM,MIA,1,0.7064193955333955
2025-03-15,2024-25,MIL,IND,1,0.6034849767680585
2025-03-15,2024-25,SAS,NOP,1,0.5137729922141653
2025-03-15,2024-25,GSW,NYK,1,0.5819807181236654
2025-03-15,2024-25,DEN,WAS,0,0.8100983204634287
2025-03-16,2024-25,LAC,CHA,1,0.8330952306343083
2025-03-16,2024-25,DAL,PHI,0,0.5726895436883965
2025-03-16,2024-25,LAL,PHX,1,0.5809280525275246
2025-03-16,2024-25,BKN,ATL,1,0.3449268978927966
2025-03-16,2024-25,CLE,ORL,0,0.8511138167970804
2025-03-16,2024-25,POR,TOR,1,0.5744212477399886
2025-03-16,2024-25,MIN,UTA,1,0.8515495765356462
2025-03-16,2024-25,MIL,OKC,0,0.3669712524545064
2025-03-17,2024-25,LAL,SAS,1,0.7207107091951209
2025-03-17,2024-25,NYK,MIA,1,0.7683626440638303
2025-03-17,2024-25,HOU,PHI,1,0.8609042928200786
2025-03-17,2024-25,MIN,IND,0,0.5353147312299034
2025-03-17,2024-25,NOP,DET,0,0.2575608038722061
2025-03-17,2024-25,UTA,CHI,0,0.31102062618876647
2025-03-17,2024-25,GSW,DEN,0,0.6163800673836481
2025-03-17,2024-25,PHX,TOR,1,0.6811567736669638
2025-03-17,2024-25,SAC,MEM,1,0.5001347118645879
2025-03-17,2024-25,POR,WAS,1,0.606922379324484
2025-03-18,2024-25,CHA,ATL,0,0.3437453184252696
2025-03-18,2024-25,BOS,BKN,1,0.9069958545000952
2025-03-18,2024-25,LAC,CLE,1,0.4517348821401214
2025-03-18,2024-25,GSW,MIL,1,0.6357782180372807
2025-03-19,2024-25,UTA,WAS,1,0.4784915058140121
2025-03-19,2024-25,IND,DAL,1,0.7452637163118203
2025-03-19,2024-25,ORL,HOU,0,0.4068023446258802
2025-03-19,2024-25,MIA,DET,0,0.3682997789739592
2025-03-19,2024-25,MIN,NOP,0,0.8364189793364567
2025-03-19,2024-25,OKC,PHI,1,0.9149300219709311
2025-03-19,2024-25,SAS,NYK,1,0.3192163696607562
2025-03-19,2024-25,LAL,DEN,1,0.5575320215524678
2025-03-19,2024-25,PHX,CHI,1,0.6067669651963011
2025-03-19,2024-25,POR,MEM,1,0.3672625468672819
2025-03-19,2024-25,SAC,CLE,1,0.42863086895985064
2025-03-20,2024-25,LAL,MIL,0,0.5888638590644781
2025-03-20,2024-25,GSW,TOR,1,0.8412347792726079
2025-03-20,2024-25,CHA,NYK,1,0.2291844225907391
2025-03-20,2024-25,IND,BKN,1,0.7282560488184547
2025-03-20,2024-25,SAC,CHI,0,0.691578532123564
2025-03-21,2024-25,WAS,ORL,0,0.2617019648235604
2025-03-21,2024-25,MIA,HOU,0,0.3596048188864387
2025-03-21,2024-25,MIN,NOP,1,0.8330541537189665
2025-03-21,2024-25,OKC,CHA,1,0.9394003000582021
2025-03-21,2024-25,SAS,PHI,1,0.6412346265683128
2025-03-21,2024-25,DAL,DET,1,0.3015116003312056
2025-03-21,2024-25,UTA,BOS,0,0.13438891565149866
2025-03-21,2024-25,PHX,CLE,1,0.33628692527850695
2025-03-21,2024-25,POR,DEN,1,0.40022088289496555
2025-03-21,2024-25,LAC,MEM,1,0.6382391900651905
2025-03-22,2024-25,IND,BKN,1,0.8034289371893891
2025-03-22,2024-25,ATL,GSW,1,0.2770935626482213
2025-03-22,2024-25,NYK,WAS,1,0.8618767997718949
2025-03-22,2024-25,SAC,MIL,0,0.5240864170935429
2025-03-22,2024-25,LAL,CHI,0,0.5220606412800841
2025-03-23,2024-25,DET,NOP,1,0.8164706244978355
2025-03-23,2024-25,UTA,CLE,0,0.12533600027442532
2025-03-23,2024-25,ATL,PHI,1,0.5979660228217732
2025-03-23,2024-25,MIA,CHA,1,0.6887128956714071
2025-03-23,2024-25,TOR,SAS,0,0.3853878533668122
2025-03-23,2024-25,POR,BOS,0,0.2963520807132428
2025-03-23,2024-25,HOU,DEN,0,0.6413658522072755
2025-03-23,2024-25,LAC,OKC,0,0.40092173198913916
2025-03-24,2024-25,IND,MIN,1,0.5062009242669439
2025-03-24,2024-25,ORL,LAL,1,0.3880752459587826
2025-03-24,2024-25,WAS,TOR,0,0.49085578813681874
2025-03-24,2024-25,BKN,DAL,0,0.3822873509097285
2025-03-24,2024-25,NOP,PHI,1,0.47812413829214906
2025-03-24,2024-25,DEN,CHI,0,0.6133745264952333
2025-03-24,2024-25,PHX,MIL,1,0.574783869423905
2025-03-24,2024-25,SAC,BOS,0,0.44190122374027735
2025-03-25,2024-25,CHA,ORL,0,0.3799409651763708
2025-03-25,2024-25,DET,SAS,1,0.6382211771979017
2025-03-25,2024-25,MIA,GSW,1,0.3002717188030048
2025-03-25,2024-25,NYK,DAL,1,0.7774511799053864
2025-03-25,2024-25,HOU,ATL,1,0.7108376561842757
2025-03-25,2024-25,UTA,MEM,0,0.20938090124128214
2025-03-25,2024-25,POR,CLE,0,0.30771904807579403
2025-03-25,2024-25,SAC,OKC,0,0.19700402872870618
2025-03-26,2024-25,PHI,WAS,0,0.4414878763747088
2025-03-26,2024-25,BKN,TOR,0,0.47361261583972125
2025-03-26,2024-25,IND,LAL,0,0.5433427438934334
2025-03-26,2024-25,NYK,LAC,0,0.4046660722846301
2025-03-26,2024-25,DEN,MIL,1,0.5619624265768348
2025-03-26,2024-25,PHX,BOS,0,0.39699467570739
2025-03-27,2024-25,CLE,SAS,1,0.8167466391787862
2025-03-27,2024-25,ORL,DAL,0,0.6792321706038229
2025-03-27,2024-25,WAS,IND,0,0.1597552187987331
2025-03-27,2024-25,MIA,ATL,1,0.5201859330013093
2025-03-27,2024-25,CHI,LAL,1,0.5390012741528716
2025-03-27,2024-25,OKC,MEM,1,0.8247356858106297
2025-03-27,2024-25,UTA,HOU,0,0.1500922319604011
2025-03-27,2024-25,SAC,POR,1,0.5367380176900194
2025-03-28,2024-25,DET,CLE,1,0.5247025519438607
2025-03-28,2024-25,BKN,LAC,0,0.1647536146323174
2025-03-28,2024-25,TOR,CHA,1,0.5664706745570206
2025-03-28,2024-25,MIL,NYK,0,0.5345040075348417
2025-03-28,2024-25,MIN,PHX,1,0.6884637507835776
2025-03-28,2024-25,NOP,GSW,0,0.1751679139796402
2025-03-28,2024-25,DEN,UTA,1,0.9081738041196291
2025-03-29,2024-25,ORL,SAC,1,0.4651115719998259
2025-03-29,2024-25,WAS,BKN,0,0.45042334703172754
2025-03-29,2024-25,PHI,MIA,0,0.23904245273603525
2025-03-29,2024-25,CHI,DAL,0,0.6642531010480085
2025-03-29,2024-25,MEM,LAL,0,0.5203711613153728
2025-03-29,2024-25,OKC,IND,1,0.8101386343817972
2025-03-29,2024-25,SAS,BOS,0,0.2770316970024465
2025-03-30,2024-25,CLE,LAC,1,0.6959345675098271
2025-03-30,2024-25,NYK,POR,1,0.687478831026861
2025-03-30,2024-25,MIL,ATL,0,0.6192430841163029
2025-03-30,2024-25,MIN,DET,1,0.6141867123292557
2025-03-30,2024-25,NOP,CHA,1,0.5090623097194342
2025-03-30,2024-25,SAS,GSW,0,0.28663358455727134
2025-03-30,2024-25,PHI,TOR,0,0.3307418880286897
2025-03-30,2024-25,PHX,HOU,0,0.4791904046684746
2025-03-31,2024-25,CHA,UTA,1,0.44921026591042207
2025-03-31,2024-25,IND,SAC,1,0.6577597701420647
2025-03-31,2024-25,ORL,LAC,0,0.4282499217378968
2025-03-31,2024-25,WAS,MIA,0,0.205366791808948
2025-03-31,2024-25,MEM,BOS,0,0.3754197312659594
2025-03-31,2024-25,OKC,CHI,1,0.849382201255857
2025-03-31,2024-25,DAL,BKN,0,0.7000007441375651
2025-03-31,2024-25,LAL,HOU,1,0.6740665570186399
2025-04-01,2024-25,SAS,ORL,0,0.5065026689343805
2025-04-01,2024-25,ATL,POR,0,0.5856242558874308
2025-04-01,2024-25,NYK,PHI,1,0.8679386389230224
2025-04-01,2024-25,CHI,TOR,1,0.5667422468069561
2025-04-01,2024-25,MEM,GSW,0,0.3966320960921659
2025-04-01,2024-25,MIL,PHX,1,0.5904369535684256
2025-04-01,2024-25,DEN,MIN,0,0.5576426606492835
2025-04-02,2024-25,CLE,NYK,1,0.8079682361548979
2025-04-02,2024-25,IND,CHA,1,0.8343034581468097
2025-04-02,2024-25,WAS,SAC,1,0.1954257569376909
2025-04-02,2024-25,BOS,MIA,0,0.852170738970329
2025-04-02,2024-25,HOU,UTA,1,0.8829513246845625
2025-04-02,2024-25,OKC,DET,1,0.8142756827050617
2025-04-02,2024-25,DAL,ATL,1,0.5699942906597956
2025-04-02,2024-25,DEN,SAS,0,0.7853254917531468
2025-04-02,2024-25,LAC,NOP,1,0.8900929030862164
2025-04-03,2024-25,WAS,ORL,0,0.15095296852123924
2025-04-03,2024-25,BKN,MIN,0,0.168022871689908
2025-04-03,2024-25,MIA,MEM,0,0.46155099818627127
2025-04-03,2024-25,PHI,MIL,0,0.20600448219079567
2025-04-03,2024-25,TOR,POR,0,0.3611400595554751
2025-04-03,2024-25,LAL,GSW,0,0.513188613381206
2025-04-04,2024-25,CHA,SAC,0,0.30382091706927644
2025-04-04,2024-25,IND,UTA,1,0.8566744059421216
2025-04-04,2024-25,BOS,PHX,1,0.8413489002556735
2025-04-04,2024-25,TOR,DET,0,0.18891918108943256
2025-04-04,2024-25,CHI,POR,1,0.6510476014080347
2025-04-04,2024-25,HOU,OKC,1,0.30176456268078844
2025-04-04,2024-25,SAS,CLE,0,0.27280155163813097
2025-04-04,2024-25,GSW,DEN,1,0.6860700791231978
2025-04-04,2024-25,LAL,NOP,1,0.8246807520391145
2025-04-04,2024-25,LAC,DAL,1,0.7701070519002884
2025-04-05,2024-25,ATL,NYK,0,0.42967604472350357
2025-04-05,2024-25,DET,MEM,0,0.4622387148180685
2025-04-05,2024-25,PHI,MIN,0,0.1411694510959542
2025-04-05,2024-25,MIA,MIL,0,0.5564086726863077
2025-04-05,2024-25,LAC,DAL,1,0.8025185982902
2025-04-06,2024-25,NOP,MIL,0,0.30764031079217335
2025-04-06,2024-25,CHA,CHI,0,0.25191760487301934
2025-04-06,2024-25,BKN,TOR,0,0.4292419397365147
2025-04-06,2024-25,OKC,LAL,0,0.7687412995306782
2025-04-06,2024-25,ATL,UTA,1,0.6930556436112283
2025-04-06,2024-25,BOS,WAS,1,0.9399832206257801
2025-04-06,2024-25,CLE,SAC,0,0.8144583345153847
2025-04-06,2024-25,POR,SAS,1,0.5937541893884024
2025-04-06,2024-25,NYK,PHX,1,0.691757333445384
2025-04-06,2024-25,DEN,IND,0,0.5798072078488649
2025-04-06,2024-25,GSW,HOU,0,0.6080835268993248
2025-04-07,2024-25,DET,SAC,0,0.6707312952961219
2025-04-07,2024-25,MIA,PHI,1,0.768272212522719
2025-04-08,2024-25,CHA,MEM,0,0.19745677579333032
2025-04-08,2024-25,CLE,CHI,1,0.7938186193121863
2025-04-08,2024-25,IND,WAS,1,0.8834715078339378
2025-04-08,2024-25,ORL,ATL,1,0.5808311332273013
2025-04-08,2024-25,BKN,NOP,1,0.47823759531239113
2025-04-08,2024-25,NYK,BOS,0,0.5029921142227907
2025-04-08,2024-25,MIL,MIN,1,0.4091313732524469
2025-04-08,2024-25,OKC,LAL,1,0.6982831962252222
2025-04-08,2024-25,PHX,GSW,0,0.31511074940557937
2025-04-08,2024-25,LAC,SAS,1,0.8064473438483643
2025-04-09,2024-25,ORL,BOS,1,0.3446703399778041
2025-04-09,2024-25,WAS,PHI,0,0.31147118872149715
2025-04-09,2024-25,TOR,CHA,1,0.6812630753390196
2025-04-09,2024-25,DAL,LAL,0,0.40440006743355533
2025-04-09,2024-25,CHI,MIA,1,0.4137700287458489
2025-04-09,2024-25,UTA,POR,1,0.24677898977716836
2025-04-09,2024-25,GSW,SAS,0,0.8207848106411075
2025-04-09,2024-25,PHX,OKC,0,0.21528940521696704
2025-04-09,2024-25,SAC,DEN,0,0.4752955146546986
2025-04-09,2024-25,LAC,HOU,1,0.5275121645764895
2025-04-10,2024-25,MIL,NOP,1,0.8245861521375037
2025-04-10,2024-25,DET,NYK,1,0.48267205095355725
2025-04-10,2024-25,IND,CLE,1,0.5070622475156055
2025-04-10,2024-25,BKN,ATL,0,0.2695188667261754
2025-04-10,2024-25,MEM,MIN,0,0.45122660853352226
2025-04-11,2024-25,DET,MIL,0,0.5974223175462587
2025-04-11,2024-25,IND,ORL,0,0.6215668459949365
2025-04-11,2024-25,PHI,ATL,0,0.36974375627593575
2025-04-11,2024-25,BOS,CHA,1,0.9180058308090236
2025-04-11,2024-25,NYK,CLE,0,0.4779003722898703
2025-04-11,2024-25,CHI,WAS,1,0.846154483390337
2025-04-11,2024-25,NOP,MIA,0,0.17817502897824686
2025-04-11,2024-25,DAL,TOR,1,0.6051800609960107
2025-04-11,2024-25,MIN,BKN,1,0.897004559909155
2025-04-11,2024-25,DEN,MEM,1,0.7633275972228024
2025-04-11,2024-25,UTA,OKC,0,0.1004754932422927
2025-04-11,2024-25,PHX,SAS,1,0.525484330871385
2025-04-11,2024-25,POR,GSW,0,0.26591695369961116
2025-04-11,2024-25,SAC,LAC,0,0.34180612392394893
2025-04-11,2024-25,LAL,HOU,1,0.7649688841722684
2025-04-13,2024-25,ATL,ORL,1,0.5529812403071935
2025-04-13,2024-25,BOS,CHA,1,0.9406241649524331
2025-04-13,2024-25,BKN,NYK,0,0.14807013159988483
2025-04-13,2024-25,CLE,IND,0,0.8091007028436635
2025-04-13,2024-25,MIA,WAS,0,0.8395982013491262
2025-04-13,2024-25,PHI,CHI,0,0.18503894048124464
2025-04-13,2024-25,MIL,DET,1,0.5522801664246518
2025-04-13,2024-25,HOU,DEN,0,0.40797806605130843
2025-04-13,2024-25,MEM,DAL,1,0.6568229300336906
2025-04-13,2024-25,MIN,UTA,1,0.8806630492722408
2025-04-13,2024-25,NOP,OKC,0,0.07607241204612632
2025-04-13,2024-25,SAS,TOR,1,0.6522831085401645
2025-04-13,2024-25,GSW,LAC,0,0.517750657537347
2025-04-13,2024-25,POR,LAL,1,0.25023754684028754
2025-04-13,2024-25,SAC,PHX,1,0.5809936431006358
2025-10-24,2025-26,NYK,BOS,1,0.5524790219981908
2025-10-24,2025-26,LAL,MIN,1,0.498389097521962
2025-10-24,2025-26,ORL,ATL,0,0.4281968667751875
2025-10-24,2025-26,BKN,CLE,0,0.31182453511964603
2025-10-24,2025-26,TOR,MIL,0,0.47247533228170135
2025-10-24,2025-26,HOU,DET,0,0.6988240525242256
2025-10-24,2025-26,MEM,MIA,0,0.671434791638852
2025-10-24,2025-26,NOP,SAS,0,0.3902472435288725
2025-10-24,2025-26,DAL,WAS,0,0.6667073119567897
2025-10-24,2025-26,POR,GSW,1,0.5861085187427536
2025-10-24,2025-26,SAC,UTA,1,0.6900229513112786
2025-10-24,2025-26,LAC,PHX,1,0.8449884072539754
2025-10-25,2025-26,ORL,CHI,0,0.3994507203067619
2025-10-25,2025-26,ATL,OKC,0,0.2965590964972251
2025-10-25,2025-26,PHI,CHA,1,0.6583279947088196
2025-10-25,2025-26,MEM,IND,1,0.5458073012347808
2025-10-25,2025-26,DEN,PHX,1,0.7553144193497121
2025-10-26,2025-26,SAS,BKN,1,0.6887822376950082
2025-10-26,2025-26,DET,BOS,1,0.4984911369805644
2025-10-26,2025-26,CLE,MIL,1,0.6528374480641354
2025-10-26,2025-26,MIA,NYK,1,0.46319418061341583
2025-10-26,2025-26,WAS,CHA,0,0.6660423175531694
2025-10-26,2025-26,MIN,IND,1,0.8131011213285141
2025-10-26,2025-26,DAL,TOR,1,0.4574779866513893
2025-10-26,2025-26,LAC,POR,1,0.7182011962641006
2025-10-26,2025-26,SAC,LAL,0,0.41646693714870053
2025-10-27,2025-26,DET,CLE,0,0.48539260218372443
2025-10-27,2025-26,MIN,DEN,0,0.5505108615493477
2025-10-27,2025-26,PHI,ORL,1,0.48179556836291515
2025-10-27,2025-26,CHI,ATL,1,0.5880621161128385
2025-10-27,2025-26,HOU,BKN,1,0.8487624468239339
2025-10-27,2025-26,NOP,BOS,0,0.3879373741206968
2025-10-27,2025-26,SAS,TOR,1,0.7027052246187634
2025-10-27,2025-26,DAL,OKC,0,0.18249017393724018
2025-10-27,2025-26,UTA,PHX,1,0.6250851257693714
2025-10-27,2025-26,GSW,MEM,1,0.7187493867147243
2025-10-27,2025-26,LAL,POR,0,0.7056955235341008
2025-10-28,2025-26,WAS,PHI,0,0.49019217020853695
2025-10-28,2025-26,MIA,CHA,1,0.7477916515928116
2025-10-28,2025-26,MIL,NYK,1,0.6406318108495541
2025-10-28,2025-26,OKC,SAC,1,0.7229041265786483
2025-10-28,2025-26,GSW,LAC,1,0.42102026593393427
2025-10-29,2025-26,BOS,CLE,1,0.44385186826150125
2025-10-29,2025-26,DET,ORL,1,0.6232259385895298
2025-10-29,2025-26,BKN,ATL,0,0.3762646377599631
2025-10-29,2025-26,TOR,HOU,0,0.3624743955285398
2025-10-29,2025-26,CHI,SAC,1,0.6566739632239371
2025-10-29,2025-26,DAL,IND,1,0.47141305144297796
2025-10-29,2025-26,DEN,NOP,1,0.8309227076594417
2025-10-29,2025-26,UTA,POR,0,0.49923096835916214
2025-10-29,2025-26,MIN,LAL,0,0.6405088281584457
2025-10-29,2025-26,PHX,MEM,0,0.42898188664792924
2025-10-30,2025-26,CHA,ORL,0,0.5865788946226126
2025-10-30,2025-26,MIL,GSW,1,0.5026977600593215
2025-10-30,2025-26,OKC,WAS,1,0.873274779860134
2025-10-30,2025-26,SAS,MIA,1,0.578656811366894
2025-10-31,2025-26,IND,ATL,0,0.44412624372457377
2025-10-31,2025-26,PHI,BOS,0,0.4203047822890059
2025-10-31,2025-26,CLE,TOR,0,0.7911401334061214
2025-10-31,2025-26,CHI,NYK,1,0.5757373064853825
2025-10-31,2025-26,MEM,LAL,0,0.5540688836751838
2025-10-31,2025-26,PHX,UTA,1,0.5537366205708361
2025-10-31,2025-26,POR,DEN,1,0.4892127417485938
2025-10-31,2025-26,LAC,NOP,1,0.8893377986586868
2025-11-01,2025-26,MIL,SAC,0,0.6679543199894541
2025-11-01,2025-26,CHA,MIN,0,0.3079651593543469
2025-11-01,2025-26,IND,GSW,1,0.2072207497515384
2025-11-01,2025-26,WAS,ORL,0,0.366354552532738
2025-11-01,2025-26,BOS,HOU,0,0.5024325724034815
2025-11-02,2025-26,OKC,NOP,1,0.86716051023789
2025-11-02,2025-26,BKN,PHI,0,0.45051783078731783
2025-11-02,2025-26,CHA,UTA,1,0.48029279114525564
2025-11-02,2025-26,CLE,ATL,1,0.5765585430364085
2025-11-02,2025-26,TOR,MEM,1,0.4313728608257937
2025-11-02,2025-26,NYK,CHI,1,0.5474703119721706
2025-11-02,2025-26,PHX,SAS,1,0.4464242297191545
2025-11-02,2025-26,LAL,MIA,1,0.745217780048269
2025-11-03,2025-26,BKN,MIN,0,0.2572897132019665
2025-11-03,2025-26,IND,MIL,0,0.3363716141020157
2025-11-03,2025-26,BOS,UTA,0,0.8105361641389096
2025-11-03,2025-26,NYK,WAS,1,0.792976511902151
2025-11-03,2025-26,HOU,DAL,1,0.8006138546599324
2025-11-03,2025-26,MEM,DET,0,0.42252866097728575
2025-11-03,2025-26,DEN,SAC,1,0.7634559545731187
2025-11-03,2025-26,POR,LAL,0,0.5587323517503695
2025-11-03,2025-26,LAC,MIA,0,0.8129992421395635
2025-11-04,2025-26,TOR,MIL,1,0.49699030907961267
2025-11-04,2025-26,ATL,ORL,1,0.6173207291404624
2025-11-04,2025-26,CHI,PHI,1,0.7104729083471816
2025-11-04,2025-26,NOP,CHA,1,0.5341260614985768
2025-11-04,2025-26,GSW,PHX,1,0.7917010908991817
2025-11-04,2025-26,LAC,OKC,0,0.4950775344284148
2025-11-05,2025-26,CLE,PHI,1,0.7394558140218629
2025-11-05,2025-26,DET,UTA,1,0.7288215287099814
2025-11-05,2025-26,IND,BKN,0,0.6356979480549195
2025-11-05,2025-26,BOS,WAS,1,0.8396167684246518
2025-11-05,2025-26,NYK,MIN,1,0.5346294140129828
2025-11-05,2025-26,MEM,HOU,0,0.38555786379214824
2025-11-05,2025-26,DAL,NOP,0,0.6296506112623799
2025-11-05,2025-26,DEN,MIA,1,0.6941856433342529
2025-11-05,2025-26,LAL,SAS,1,0.6916690520316908
2025-11-05,2025-26,POR,OKC,1,0.49180849354370776
2025-11-05,2025-26,SAC,GSW,1,0.47302928838787245
2025-11-06,2025-26,PHX,LAC,1,0.35041442492918706
2025-11-07,2025-26,ORL,BOS,1,0.49061930546594323
2025-11-07,2025-26,WAS,CLE,0,0.1868886370548516
2025-11-07,2025-26,ATL,TOR,0,0.6308992523693446
2025-11-07,2025-26,BKN,DET,0,0.354945392009593
2025-11-07,2025-26,SAS,HOU,1,0.41647112589569724
2025-11-07,2025-26,MIA,CHA,1,0.7683090953534397
2025-11-07,2025-26,MEM,DAL,1,0.6162874312088044
2025-11-07,2025-26,MIL,CHI,1,0.5573356189093467
2025-11-07,2025-26,MIN,UTA,1,0.7865329964538217
2025-11-07,2025-26,DEN,GSW,1,0.7199611585720156
2025-11-07,2025-26,SAC,OKC,0,0.2870852626019323
2025-11-08,2025-26,WAS,DAL,0,0.44722721508911295
2025-11-08,2025-26,PHI,TOR,1,0.5504754620499168
2025-11-08,2025-26,ATL,LAL,1,0.4292448553889307
2025-11-08,2025-26,CLE,CHI,1,0.6514637371786381
2025-11-08,2025-26,MIA,POR,1,0.4355247243187164
2025-11-08,2025-26,SAS,NOP,1,0.64785874010518
2025-11-08,2025-26,DEN,IND,1,0.8109294746616743
2025-11-08,2025-26,LAC,PHX,0,0.7066539986839537
2025-11-09,2025-26,MIL,HOU,0,0.5105738684726417
2025-11-09,2025-26,NYK,BKN,1,0.8074014876778123
2025-11-09,2025-26,ORL,BOS,0,0.5141349769915545
2025-11-09,2025-26,MEM,OKC,0,0.28490770629102924
2025-11-09,2025-26,PHI,DET,0,0.44527780790721
2025-11-09,2025-26,GSW,IND,1,0.7906328581570835
2025-11-09,2025-26,SAC,MIN,0,0.393160587145064
2025-11-10,2025-26,CHA,LAL,0,0.33780618023818965
2025-11-10,2025-26,DET,WAS,1,0.8113541979309781
2025-11-10,2025-26,ORL,POR,1,0.4061806862819598
2025-11-10,2025-26,MIA,CLE,1,0.47800965901252174
2025-11-10,2025-26,CHI,SAS,0,0.6652078993728877
2025-11-10,2025-26,DAL,MIL,0,0.41272642058933356
2025-11-10,2025-26,PHX,NOP,1,0.688935291825334
2025-11-10,2025-26,UTA,MIN,0,0.3901828690618356
2025-11-10,2025-26,LAC,ATL,0,0.631651154336853
2025-11-11,2025-26,BKN,TOR,0,0.3440151848451159
2025-11-11,2025-26,NYK,MEM,1,0.7078137392657684
2025-11-11,2025-26,PHI,BOS,1,0.4745736014200054
2025-11-11,2025-26,OKC,GSW,1,0.752847541095512
2025-11-11,2025-26,UTA,IND,1,0.5121919934500477
2025-11-11,2025-26,SAC,DEN,0,0.32759282741181317
2025-11-12,2025-26,CHA,MIL,1,0.32829291501464525
2025-11-12,2025-26,DET,CHI,1,0.5696525132524359
2025-11-12,2025-26,NYK,ORL,0,0.6519237856532142
2025-11-12,2025-26,BOS,MEM,1,0.7016861607769745
2025-11-12,2025-26,MIA,CLE,0,0.5070569088513542
2025-11-12,2025-26,HOU,WAS,1,0.8829242483515184
2025-11-12,2025-26,NOP,POR,0,0.2984685117906273
2025-11-12,2025-26,SAS,GSW,0,0.5883809578130813
2025-11-12,2025-26,DAL,PHX,0,0.4050174605247096
2025-11-12,2025-26,OKC,LAL,1,0.6535045834615493
2025-11-12,2025-26,SAC,ATL,0,0.37268621067059676
2025-11-12,2025-26,LAC,DEN,0,0.5660630813896458
2025-11-13,2025-26,CLE,TOR,0,0.6388285839451741
2025-11-13,2025-26,PHX,IND,1,0.6539110719204012
2025-11-13,2025-26,UTA,ATL,0,0.46680485984572606
2025-11-14,2025-26,NYK,MIA,1,0.5975734947089084
2025-11-14,2025-26,ORL,BKN,1,0.7824804407636361
2025-11-14,2025-26,DET,PHI,1,0.6178082509592291
2025-11-14,2025-26,HOU,POR,1,0.6730134191573534
2025-11-14,2025-26,MIL,CHA,1,0.7006455297015703
2025-11-14,2025-26,MIN,SAC,1,0.7922899213939366
2025-11-14,2025-26,NOP,LAL,0,0.26917648612684486
2025-11-14,2025-26,DAL,LAC,0,0.3321305960760009
2025-11-14,2025-26,SAS,GSW,0,0.48592396810274036
2025-11-15,2025-26,CLE,MEM,1,0.7586766175874484
2025-11-15,2025-26,CHA,OKC,0,0.1611402928601953
2025-11-15,2025-26,IND,TOR,0,0.3478446225634013
2025-11-15,2025-26,MIL,LAL,0,0.49309585251898275
2025-11-15,2025-26,MIN,DEN,0,0.4933814369563312
2025-11-16,2025-26,BOS,LAC,1,0.5658289803906661
2025-11-16,2025-26,SAS,SAC,1,0.7168971098520389
2025-11-16,2025-26,WAS,BKN,0,0.4710744539005326
2025-11-16,2025-26,HOU,ORL,1,0.7255231645010121
2025-11-16,2025-26,NOP,GSW,0,0.234072214717756
2025-11-16,2025-26,DAL,POR,1,0.3440658381844339
2025-11-16,2025-26,PHX,ATL,0,0.5038858625958894
2025-11-16,2025-26,UTA,CHI,1,0.380148999312471
2025-11-17,2025-26,CLE,MIL,1,0.6590976038370617
2025-11-17,2025-26,DET,IND,1,0.7578929518701811
2025-11-17,2025-26,PHI,LAC,1,0.5204463560279302
2025-11-17,2025-26,MIA,NYK,1,0.5060843377207285
2025-11-17,2025-26,TOR,CHA,1,0.7543313425024673
2025-11-17,2025-26,MIN,DAL,1,0.8543689265484777
2025-11-17,2025-26,NOP,OKC,0,0.11176946981833145
2025-11-17,2025-26,DEN,CHI,0,0.8214972670903646
2025-11-18,2025-26,ORL,GSW,1,0.4745538289160977
2025-11-18,2025-26,BKN,BOS,0,0.28258209364550785
2025-11-18,2025-26,ATL,DET,0,0.7150408110533718
2025-11-18,2025-26,SAS,MEM,1,0.6290545093472849
2025-11-18,2025-26,LAL,UTA,1,0.7807489696961001
2025-11-18,2025-26,POR,PHX,0,0.5627068738512497
2025-11-19,2025-26,CLE,HOU,0,0.5290852596504368
2025-11-19,2025-26,IND,CHA,1,0.4383684009811735
2025-11-19,2025-26,MIA,GSW,1,0.5486093772443138
2025-11-19,2025-26,PHI,TOR,0,0.5054806768801028
2025-11-19,2025-26,MIN,WAS,1,0.8710480076451221
2025-11-19,2025-26,NOP,DEN,0,0.20120264097173587
2025-11-19,2025-26,OKC,SAC,1,0.882927792867546
2025-11-19,2025-26,DAL,NYK,0,0.2881491104739875
2025-11-19,2025-26,POR,CHI,0,0.43840347615033964
2025-11-20,2025-26,ORL,LAC,1,0.5859050999942027
2025-11-20,2025-26,MEM,SAC,1,0.6787216184583797
2025-11-20,2025-26,MIL,PHI,0,0.7058145672543946
2025-11-20,2025-26,SAS,ATL,1,0.5248826224891896
2025-11-21,2025-26,CLE,IND,1,0.8067762710650624
2025-11-21,2025-26,BOS,BKN,0,0.8223756606131299
2025-11-21,2025-26,TOR,WAS,1,0.8321741824287284
2025-11-21,2025-26,CHI,MIA,0,0.5143213952535892
2025-11-21,2025-26,DAL,NOP,1,0.5548340096471639
2025-11-21,2025-26,PHX,MIN,1,0.49865863885475903
2025-11-21,2025-26,HOU,DEN,0,0.6296494364855332
2025-11-21,2025-26,UTA,OKC,0,0.19944463857651476
2025-11-21,2025-26,GSW,POR,0,0.5662585895346576
2025-11-22,2025-26,CHA,LAC,0,0.407617263860016
2025-11-22,2025-26,ORL,NYK,1,0.5728757401995224
2025-11-22,2025-26,NOP,ATL,0,0.25149511188645
2025-11-22,2025-26,CHI,WAS,1,0.8061870027345287
2025-11-22,2025-26,MIL,DET,0,0.45131843619201245
2025-11-22,2025-26,DAL,MEM,0,0.37000381829811846
2025-11-22,2025-26,DEN,SAC,0,0.850261959401386
2025-11-23,2025-26,PHI,MIA,0,0.41396464298351426
2025-11-23,2025-26,ATL,CHA,1,0.7864927207621554
2025-11-23,2025-26,BOS,ORL,1,0.6492171259145262
2025-11-23,2025-26,CLE,LAC,1,0.705847158765999
2025-11-23,2025-26,TOR,BKN,1,0.7533962842814788
2025-11-23,2025-26,OKC,POR,1,0.8418676695384799
2025-11-23,2025-26,PHX,SAS,1,0.6111224977696784
2025-11-23,2025-26,UTA,LAL,0,0.2700447555172879
2025-11-24,2025-26,IND,DET,0,0.2929751083273806
2025-11-24,2025-26,TOR,CLE,1,0.5604905290791042
2025-11-24,2025-26,BKN,NYK,0,0.27933032541196645
2025-11-24,2025-26,MIA,DAL,1,0.7698654449408975
2025-11-24,2025-26,MEM,DEN,0,0.3543804046071037
2025-11-24,2025-26,MIL,POR,0,0.6148396417045804
2025-11-24,2025-26,NOP,CHI,1,0.3209596066337024
2025-11-24,2025-26,PHX,HOU,0,0.4327112195404714
2025-11-24,2025-26,GSW,UTA,1,0.8364688709710205
2025-11-24,2025-26,SAC,MIN,1,0.2599867177867545
2025-11-25,2025-26,WAS,ATL,1,0.20971334808635078
2025-11-25,2025-26,PHI,ORL,0,0.48446373654563213
2025-11-25,2025-26,LAL,LAC,1,0.7315306359988352
2025-11-26,2025-26,BOS,DET,1,0.556860962218667
2025-11-26,2025-26,CHA,NYK,0,0.38533115744138485
2025-11-26,2025-26,MIA,MIL,1,0.6774590809714541
2025-11-26,2025-26,TOR,IND,1,0.7621324198164543
2025-11-26,2025-26,OKC,MIN,1,0.7543696726185168
2025-11-26,2025-26,NOP,MEM,0,0.4167088028377565
2025-11-26,2025-26,GSW,HOU,0,0.44928317678437746
2025-11-26,2025-26,POR,SAS,0,0.5644833195576834
2025-11-26,2025-26,SAC,PHX,0,0.3930682052919745
2025-11-28,2025-26,ATL,CLE,1,0.5244727777651326
2025-11-28,2025-26,BKN,PHI,0,0.4584040609277516
2025-11-28,2025-26,CHA,CHI,1,0.47649419100826923
2025-11-28,2025-26,DET,ORL,0,0.6502309583074167
2025-11-28,2025-26,IND,WAS,1,0.5697885606414378
2025-11-28,2025-26,NYK,MIL,1,0.7240167578634318
2025-11-28,2025-26,OKC,PHX,1,0.8197939410921333
2025-11-28,2025-26,DEN,SAS,0,0.7439132932820526
2025-11-28,2025-26,UTA,SAC,1,0.5240155399220432
2025-11-28,2025-26,LAL,DAL,1,0.8351425525235915
2025-11-28,2025-26,LAC,MEM,0,0.6291986005472214
2025-11-29,2025-26,MIN,BOS,1,0.583530865393463
2025-11-29,2025-26,CHA,TOR,1,0.31558388447325
2025-11-29,2025-26,IND,CHI,1,0.382075444135423
2025-11-29,2025-26,MIA,DET,0,0.6546302408669225
2025-11-29,2025-26,MIL,BKN,1,0.7327495000723626
2025-11-29,2025-26,GSW,NOP,1,0.7925949675608964
2025-11-29,2025-26,PHX,DEN,0,0.5055145665965951
2025-11-29,2025-26,LAC,DAL,0,0.7335700369273741
2025-11-30,2025-26,UTA,HOU,0,0.2660031529097499
2025-11-30,2025-26,CLE,BOS,0,0.6693310457591262
2025-11-30,2025-26,NYK,TOR,1,0.7840936441032854
2025-11-30,2025-26,PHI,ATL,0,0.45279272681217153
2025-11-30,2025-26,POR,OKC,0,0.27297334637936665
2025-11-30,2025-26,MIN,SAS,1,0.5720704905189271
2025-11-30,2025-26,SAC,MEM,0,0.4308802730410333
2025-11-30,2025-26,LAL,NOP,1,0.9067165688856617
2025-12-01,2025-26,DET,ATL,1,0.7041918449538292
2025-12-01,2025-26,IND,CLE,0,0.3975741239338498
2025-12-01,2025-26,WAS,MIL,1,0.2628611156168206
2025-12-01,2025-26,BKN,CHA,1,0.4582546658651692
2025-12-01,2025-26,MIA,LAC,1,0.6207598920887792
2025-12-01,2025-26,ORL,CHI,1,0.7334666116190407
2025-12-01,2025-26,DEN,DAL,0,0.8826318608210673
2025-12-01,2025-26,UTA,HOU,1,0.25344878722717407
2025-12-01,2025-26,LAL,PHX,0,0.6928558428950897
2025-12-02,2025-26,PHI,WAS,1,0.7852581141569357
2025-12-02,2025-26,TOR,POR,1,0.6172339586325372
2025-12-02,2025-26,BOS,NYK,1,0.5711193673841681
2025-12-02,2025-26,NOP,MIN,0,0.23863226083423297
2025-12-02,2025-26,SAS,MEM,1,0.6862617853351324
2025-12-02,2025-26,GSW,OKC,0,0.3358140980467222
2025-12-03,2025-26,CLE,POR,0,0.7578814462615431
2025-12-03,2025-26,IND,DEN,0,0.23923589939948728
2025-12-03,2025-26,ORL,SAS,0,0.691861577439569
2025-12-03,2025-26,ATL,LAC,0,0.6259192110510697
2025-12-03,2025-26,NYK,CHA,1,0.8315143596925048
2025-12-03,2025-26,CHI,BKN,0,0.6728940957388326
2025-12-03,2025-26,HOU,SAC,1,0.8541811996969461
2025-12-03,2025-26,MIL,DET,1,0.40801843764398676
2025-12-03,2025-26,DAL,MIA,1,0.3276580970506069
2025-12-04,2025-26,PHI,GSW,1,0.430474074246263
2025-12-04,2025-26,WAS,BOS,0,0.19903539857908925
2025-12-04,2025-26,BKN,UTA,0,0.41431907018387104
2025-12-04,2025-26,TOR,LAL,0,0.5093476378098629
2025-12-04,2025-26,NOP,MIN,0,0.24042997215935305
2025-12-05,2025-26,BOS,LAL,1,0.66655909177352
2025-12-05,2025-26,ORL,MIA,1,0.6170287882109797
2025-12-05,2025-26,ATL,DEN,0,0.41177309538353024
2025-12-05,2025-26,CLE,SAS,1,0.5560821933678101
2025-12-05,2025-26,DET,POR,1,0.7103647354146116
2025-12-05,2025-26,NYK,UTA,1,0.8620953937816994
2025-12-05,2025-26,TOR,CHA,0,0.7267450296205932
2025-12-05,2025-26,CHI,IND,0,0.5737303084795888
2025-12-05,2025-26,HOU,PHX,1,0.7206110730762864
2025-12-05,2025-26,MEM,LAC,1,0.5321961002995008
2025-12-05,2025-26,MIL,PHI,0,0.6951352884607234
2025-12-05,2025-26,OKC,DAL,1,0.8618926174374802
2025-12-06,2025-26,BKN,NOP,1,0.540815849595122
2025-12-06,2025-26,WAS,ATL,0,0.33052510639825333
2025-12-06,2025-26,CLE,GSW,0,0.5696136294892498
2025-12-06,2025-26,DET,MIL,1,0.7646604278741295
2025-12-06,2025-26,MIA,SAC,0,0.7133745259470003
2025-12-06,2025-26,MIN,LAC,1,0.7543439661962096
2025-12-06,2025-26,DAL,HOU,1,0.2745222020432299
2025-12-07,2025-26,NYK,ORL,1,0.6695484319978782
2025-12-07,2025-26,TOR,BOS,0,0.41137840646557355
2025-12-07,2025-26,CHA,DEN,0,0.23329156842940882
2025-12-07,2025-26,MEM,POR,1,0.568322955034975
2025-12-07,2025-26,CHI,GSW,0,0.5700049246904212
2025-12-07,2025-26,PHI,LAL,0,0.48280587587454615
2025-12-07,2025-26,UTA,OKC,0,0.20805959390030643
2025-12-08,2025-26,IND,SAC,1,0.5336382997531562
2025-12-08,2025-26,MIN,PHX,0,0.6583235957284175
2025-12-08,2025-26,NOP,SAS,0,0.2666636642793566
2025-12-09,2025-26,ORL,MIA,1,0.5877646740491401
2025-12-09,2025-26,TOR,NYK,0,0.43775195773684117
2025-12-10,2025-26,OKC,PHX,1,0.7629708548030903
2025-12-10,2025-26,LAL,SAS,0,0.7081500700293164
2025-12-11,2025-26,HOU,LAC,1,0.7094091373734702
2025-12-11,2025-26,MIL,BOS,1,0.3274798293453602
2025-12-11,2025-26,NOP,POR,1,0.3564117184786527
2025-12-11,2025-26,SAC,DEN,0,0.23323143993845205
2025-12-12,2025-26,CHA,CHI,0,0.4956649636339522
2025-12-12,2025-26,DET,ATL,1,0.657322738022652
2025-12-12,2025-26,PHI,IND,1,0.5954441582191484
2025-12-12,2025-26,WAS,CLE,0,0.19808247161572967
2025-12-12,2025-26,MEM,UTA,0,0.7252189240135819
2025-12-12,2025-26,DAL,BKN,1,0.6251057457545357
2025-12-12,2025-26,GSW,MIN,0,0.5037504428329405
2025-12-14,2025-26,IND,WAS,0,0.7195861313367823
2025-12-14,2025-26,ATL,PHI,1,0.5925772577212483
2025-12-14,2025-26,CLE,CHA,0,0.7869879700376049
2025-12-14,2025-26,BKN,MIL,1,0.4274186688568614
2025-12-14,2025-26,MIN,SAC,1,0.7928085116780645
2025-12-14,2025-26,POR,GSW,1,0.35660171326110657
2025-12-14,2025-26,CHI,NOP,0,0.6705704451400204
2025-12-14,2025-26,PHX,LAL,0,0.4651672089093861
2025-12-15,2025-26,BOS,DET,0,0.6455013026768988
2025-12-15,2025-26,UTA,DAL,1,0.4756984297409889
2025-12-15,2025-26,DEN,HOU,1,0.6189202439184343
2025-12-15,2025-26,LAC,MEM,0,0.6664369092748633
2025-12-15,2025-26,MIA,TOR,0,0.6549548694234129
2025-12-17,2025-26,CHI,CLE,1,0.4723932098426642
2025-12-17,2025-26,MIN,MEM,0,0.7362643182634082
2025-12-18,2025-26,OKC,LAC,1,0.8396867242585052
2025-12-18,2025-26,SAS,WAS,1,0.8387201117867408
2025-12-18,2025-26,CHA,ATL,1,0.39945598778532243
2025-12-18,2025-26,IND,NYK,0,0.28206591321073166
2025-12-18,2025-26,BKN,MIA,0,0.3716771863104477
2025-12-18,2025-26,MIL,TOR,0,0.5082423403855174
2025-12-18,2025-26,NOP,HOU,1,0.21573194119817846
2025-12-18,2025-26,DAL,DET,1,0.32816866738470607
2025-12-18,2025-26,DEN,ORL,1,0.7397662209409163
2025-12-18,2025-26,PHX,GSW,1,0.5284989286449562
2025-12-18,2025-26,UTA,LAL,0,0.2523100561287314
2025-12-18,2025-26,POR,SAC,1,0.6335108592281099
2025-12-19,2025-26,BOS,MIA,1,0.7251805539018074
2025-12-19,2025-26,NYK,PHI,0,0.6926141922640582
2025-12-19,2025-26,ATL,SAS,0,0.4683581652800617
2025-12-19,2025-26,CLE,CHI,0,0.6309461703547243
2025-12-19,2025-26,MIN,OKC,1,0.4435285336286426
2025-12-20,2025-26,DEN,HOU,0,0.646591409202204
2025-12-20,2025-26,PHI,DAL,1,0.4786230255599416
2025-12-20,2025-26,TOR,BOS,0,0.5061257645215691
2025-12-20,2025-26,NOP,IND,1,0.517307591026248
2025-12-20,2025-26,DET,CHA,1,0.7944160960523703
2025-12-20,2025-26,MEM,WAS,0,0.8095656682070544
2025-12-20,2025-26,GSW,PHX,1,0.5734402302451653
2025-12-20,2025-26,UTA,ORL,0,0.3482559057122134
2025-12-20,2025-26,SAC,POR,0,0.3857005742222661
2025-12-20,2025-26,LAC,LAL,1,0.4151234319318132
2025-12-21,2025-26,ATL,CHI,0,0.5588605138168006
2025-12-21,2025-26,BKN,TOR,1,0.5516529296088944
2025-12-21,2025-26,NYK,MIA,1,0.7212893912899625
2025-12-21,2025-26,WAS,SAS,0,0.1837539287568964
2025-12-21,2025-26,MIN,MIL,1,0.7712363136909807
2025-12-21,2025-26,SAC,HOU,1,0.20406865609353428
2025-12-22,2025-26,CLE,CHA,1,0.6422067904563781
2025-12-22,2025-26,BOS,IND,1,0.845947578322094
2025-12-22,2025-26,NOP,DAL,1,0.438266345220321
2025-12-22,2025-26,DEN,UTA,1,0.8716789274828584
2025-12-22,2025-26,OKC,MEM,1,0.8553345790518233
2025-12-22,2025-26,GSW,ORL,1,0.6317854373970887
2025-12-22,2025-26,POR,DET,0,0.3813956695281987
2025-12-23,2025-26,CHA,WAS,1,0.5908963227131974
2025-12-23,2025-26,PHI,BKN,0,0.6386371233186707
2025-12-23,2025-26,ATL,CHI,0,0.5305190574823582
2025-12-23,2025-26,CLE,NOP,1,0.703360749692027
2025-12-23,2025-26,IND,MIL,0,0.38111114151000813
2025-12-23,2025-26,MIA,TOR,0,0.637538366654415
2025-12-23,2025-26,DAL,DEN,1,0.32008339749393533
2025-12-23,2025-26,MIN,NYK,1,0.5819139683295338
2025-12-23,2025-26,SAS,OKC,1,0.4946167753980037
2025-12-23,2025-26,PHX,LAL,1,0.567768517103711
2025-12-23,2025-26,UTA,MEM,0,0.4635169951875122
2025-12-23,2025-26,POR,ORL,0,0.4976490089013514
2025-12-23,2025-26,SAC,DET,0,0.326123732291674
2025-12-23,2025-26,LAC,HOU,1,0.41818089032471045
2025-12-25,2025-26,NYK,CLE,1,0.6475807566838314
2025-12-25,2025-26,OKC,SAS,0,0.7383234566110408
2025-12-25,2025-26,GSW,DAL,1,0.6828632060635107
2025-12-25,2025-26,LAL,HOU,0,0.45626556799265755
2025-12-25,2025-26,DEN,MIN,1,0.6333650869195798
2025-12-26,2025-26,ATL,MIA,0,0.46324758043398745
2025-12-26,2025-26,ORL,CHA,0,0.6515255558251811
2025-12-26,2025-26,WAS,TOR,1,0.3133323537076314
2025-12-26,2025-26,IND,BOS,0,0.24921618695425382
2025-12-26,2025-26,CHI,PHI,1,0.5743224632575772
2025-12-26,2025-26,MEM,MIL,1,0.6195689870472669
2025-12-26,2025-26,NOP,PHX,0,0.2944745836868938
2025-12-26,2025-26,UTA,DET,1,0.2366570613809643
2025-12-26,2025-26,POR,LAC,0,0.4066493312800665
2025-12-27,2025-26,SAC,DAL,1,0.3946400198405817
2025-12-27,2025-26,ORL,DEN,1,0.28908089479976434
2025-12-27,2025-26,NOP,PHX,0,0.3194392398800031
2025-12-27,2025-26,ATL,NYK,0,0.2934619725549279
2025-12-27,2025-26,MIA,IND,1,0.7282085883246272
2025-12-27,2025-26,CHI,MIL,0,0.6735294451802045
2025-12-27,2025-26,HOU,CLE,1,0.7047421272494974
2025-12-27,2025-26,MIN,BKN,0,0.767352159547854
2025-12-27,2025-26,SAS,UTA,0,0.8478806645120055
2025-12-28,2025-26,TOR,GSW,1,0.3718999969010567
2025-12-28,2025-26,OKC,PHI,1,0.8247804834242283
2025-12-28,2025-26,WAS,MEM,1,0.2920164884692674
2025-12-28,2025-26,POR,BOS,1,0.3696469496091411
2025-12-28,2025-26,LAC,DET,1,0.5289748974066868
2025-12-28,2025-26,LAL,SAC,1,0.8297068312868985
2025-12-29,2025-26,CHA,MIL,0,0.47199279596211546
2025-12-29,2025-26,WAS,PHX,0,0.22391272372727847
2025-12-29,2025-26,BKN,GSW,0,0.46907393061172326
2025-12-29,2025-26,MIA,DEN,1,0.38688154514685974
2025-12-29,2025-26,TOR,ORL,1,0.500814164355314
2025-12-29,2025-26,CHI,MIN,0,0.45784914548724703
2025-12-29,2025-26,HOU,IND,1,0.8712868375451165
2025-12-29,2025-26,NOP,NYK,0,0.27260782154597046
2025-12-29,2025-26,OKC,ATL,1,0.831449284861711
2025-12-29,2025-26,SAS,CLE,0,0.6695862186365201
2025-12-29,2025-26,POR,DAL,1,0.4774783434200515
2025-12-30,2025-26,MEM,PHI,0,0.5654226418305343
2025-12-30,2025-26,UTA,BOS,0,0.34775461299030036
2025-12-30,2025-26,LAL,DET,0,0.5180080991556943
2025-12-30,2025-26,LAC,SAC,1,0.8197091159534997
2025-12-31,2025-26,CHA,GSW,0,0.32870223189061626
2025-12-31,2025-26,ATL,MIN,1,0.37390669628804696
2025-12-31,2025-26,IND,ORL,0,0.3543569453466853
2025-12-31,2025-26,CLE,PHX,1,0.5933574438628956
2025-12-31,2025-26,CHI,NOP,1,0.6222621283196986
2025-12-31,2025-26,SAS,NYK,1,0.6002404499398766
2025-12-31,2025-26,TOR,DEN,0,0.40219334156747133
2025-12-31,2025-26,MIL,WAS,0,0.7645320184936444
2025-12-31,2025-26,OKC,POR,1,0.849457848979443
2026-01-01,2025-26,BKN,HOU,0,0.30981215343107443
2026-01-01,2025-26,DET,MIA,0,0.6335803590282447
2026-01-01,2025-26,DAL,PHI,0,0.4278123130981888
2026-01-01,2025-26,SAC,BOS,0,0.252436980192303
2026-01-01,2025-26,LAC,UTA,1,0.7708208342083315
2026-01-02,2025-26,IND,SAS,0,0.26018636827417085
2026-01-02,2025-26,WAS,BKN,1,0.5791674481101083
2026-01-02,2025-26,CLE,DEN,1,0.5604565649648683
2026-01-02,2025-26,NYK,ATL,0,0.7259555128354156
2026-01-02,2025-26,CHI,ORL,1,0.4695106452762716
2026-01-02,2025-26,MIL,CHA,1,0.6253015858414859
2026-01-02,2025-26,NOP,POR,0,0.44778904557121246
2026-01-02,2025-26,PHX,SAC,1,0.8243816909848414
2026-01-02,2025-26,GSW,OKC,0,0.3819634347209651
2026-01-02,2025-26,LAL,MEM,1,0.5876073881553309
2026-01-03,2025-26,MIA,MIN,0,0.5344415759726491
2026-01-03,2025-26,NYK,PHI,0,0.6098580982106478
2026-01-03,2025-26,TOR,ATL,1,0.6355759213826724
2026-01-03,2025-26,CHI,CHA,0,0.6499246166408474
2026-01-03,2025-26,SAS,POR,0,0.7875200159630769
2026-01-03,2025-26,DAL,HOU,1,0.2814554028039348
2026-01-03,2025-26,GSW,UTA,1,0.6666007390032928
2026-01-03,2025-26,LAC,BOS,0,0.5859031736920931
2026-01-04,2025-26,CLE,DET,0,0.4956590361187917
2026-01-04,2025-26,ORL,IND,1,0.6879856849259206
2026-01-04,2025-26,BKN,DEN,1,0.3102077145822174
2026-01-04,2025-26,MIA,NOP,1,0.7101931477150871
2026-01-04,2025-26,WAS,MIN,0,0.31661628705353917
2026-01-04,2025-26,PHX,OKC,1,0.3335110356835834
2026-01-04,2025-26,SAC,MIL,0,0.3567283294898369
2026-01-04,2025-26,LAL,MEM,1,0.5975631678637315
2026-01-05,2025-26,DET,NYK,1,0.5105092297314967
2026-01-05,2025-26,BOS,CHI,1,0.7979042940908354
2026-01-05,2025-26,TOR,ATL,1,0.5777417964994345
2026-01-05,2025-26,HOU,PHX,1,0.7690769731997174
2026-01-05,2025-26,OKC,CHA,0,0.8169313771007901
2026-01-05,2025-26,PHI,DEN,0,0.5807934383724458
2026-01-05,2025-26,LAC,GSW,1,0.5270904519654114
2026-01-05,2025-26,POR,UTA,1,0.6144179727106498
2026-01-06,2025-26,IND,CLE,0,0.27089463137556646
2026-01-06,2025-26,WAS,ORL,1,0.304294188093943
2026-01-06,2025-26,MEM,SAS,1,0.46052960896372946
2026-01-06,2025-26,MIN,MIA,1,0.5850859080048425
2026-01-06,2025-26,NOP,LAL,0,0.30156001614541766
2026-01-06,2025-26,SAC,DAL,0,0.3747914372144406
2026-01-07,2025-26,CHA,TOR,0,0.5198153651982192
2026-01-07,2025-26,DET,CHI,1,0.7370495298499885
2026-01-07,2025-26,PHI,WAS,1,0.7913175448519099
2026-01-07,2025-26,ATL,NOP,1,0.7320161140851631
2026-01-07,2025-26,BOS,DEN,0,0.7100618896959217
2026-01-07,2025-26,BKN,ORL,0,0.6009342681498386
2026-01-07,2025-26,NYK,LAC,1,0.574977588566918
2026-01-07,2025-26,SAS,LAL,1,0.6981619814243515
2026-01-07,2025-26,MEM,PHX,0,0.39543199557955766
2026-01-07,2025-26,OKC,UTA,1,0.8689118136951582
2026-01-07,2025-26,GSW,MIL,1,0.7167733957048321
2026-01-07,2025-26,POR,HOU,1,0.3567952368455341
2026-01-08,2025-26,CHA,IND,0,0.6123372059525338
2026-01-08,2025-26,MIN,CLE,1,0.5735251512475509
2026-01-08,2025-26,UTA,DAL,1,0.43957579980931666
2026-01-09,2025-26,BOS,TOR,1,0.730531182014828
2026-01-09,2025-26,ORL,PHI,0,0.5125560938111468
2026-01-09,2025-26,WAS,NOP,0,0.45182597552269776
2026-01-09,2025-26,BKN,LAC,0,0.40045387523570514
2026-01-09,2025-26,MEM,OKC,0,0.25118208604811815
2026-01-09,2025-26,DEN,ATL,0,0.653656818603753
2026-01-09,2025-26,PHX,NYK,1,0.5344160304995422
2026-01-09,2025-26,GSW,SAC,1,0.8369009015905045
2026-01-09,2025-26,POR,HOU,1,0.40882349409588836
2026-01-09,2025-26,LAL,MIL,0,0.6329509022178861
2026-01-10,2025-26,CLE,MIN,1,0.5207667836226212
2026-01-10,2025-26,IND,MIA,1,0.2861648988179575
2026-01-10,2025-26,DET,LAC,0,0.6796897996543025
2026-01-10,2025-26,BOS,SAS,0,0.6235250536443346
2026-01-10,2025-26,CHI,DAL,1,0.5732656474669335
2026-01-10,2025-26,UTA,CHA,0,0.47418240135217193
2026-01-11,2025-26,ORL,NOP,1,0.6672634567565121
2026-01-11,2025-26,MEM,BKN,1,0.5808272611481173
2026-01-11,2025-26,TOR,PHI,1,0.41962465481317024
2026-01-11,2025-26,POR,NYK,0,0.4736757518464268
2026-01-11,2025-26,MIN,SAS,1,0.5951589762212481
2026-01-11,2025-26,OKC,MIA,1,0.8257520844680767
2026-01-11,2025-26,DEN,MIL,1,0.7000215534457312
2026-01-11,2025-26,PHX,WAS,1,0.8557400076368015
2026-01-11,2025-26,GSW,ATL,0,0.6563677961057682
2026-01-11,2025-26,SAC,HOU,1,0.19347913095455602
2026-01-12,2025-26,CLE,UTA,0,0.8294880204107725
2026-01-12,2025-26,IND,BOS,1,0.26808084713161634
2026-01-12,2025-26,TOR,PHI,0,0.5022273259297262
2026-01-12,2025-26,DAL,BKN,1,0.634452189311737
2026-01-12,2025-26,SAC,LAL,1,0.24830001395010576
2026-01-12,2025-26,LAC,CHA,1,0.6893116617328192
2026-01-13,2025-26,MIA,PHX,1,0.4249239532158735
2026-01-13,2025-26,HOU,CHI,1,0.8279209447580088
2026-01-13,2025-26,MIL,MIN,0,0.40390205507080634
2026-01-13,2025-26,NOP,DEN,0,0.24177278398714352
2026-01-13,2025-26,OKC,SAS,1,0.7232061143097849
2026-01-13,2025-26,LAL,ATL,1,0.4702861823028951
2026-01-13,2025-26,GSW,POR,1,0.6672573494534229
2026-01-14,2025-26,IND,TOR,0,0.4286593646875452
2026-01-14,2025-26,PHI,CLE,0,0.47369105875743023
2026-01-14,2025-26,CHI,UTA,1,0.5490340779619394
2026-01-14,2025-26,NOP,BKN,1,0.36343836024637266
2026-01-14,2025-26,DAL,DEN,0,0.39260415776510976
2026-01-14,2025-26,SAC,NYK,1,0.22828022403527462
2026-01-14,2025-26,LAC,WAS,1,0.842812091401951
2026-01-15,2025-26,DET,PHX,1,0.6069891931366937
2026-01-15,2025-26,MIA,BOS,0,0.40693294963232685
2026-01-15,2025-26,HOU,OKC,0,0.472219895174035
2026-01-15,2025-26,SAS,MIL,1,0.7530188696426178
2026-01-15,2025-26,DAL,UTA,1,0.6835771142877476
2026-01-15,2025-26,GSW,NYK,1,0.6624339747848155
2026-01-15,2025-26,POR,ATL,1,0.5523093668366585
2026-01-15,2025-26,LAL,CHA,0,0.6195562875209998
2026-01-16,2025-26,BKN,CHI,1,0.4983971313092796
2026-01-16,2025-26,IND,NOP,1,0.5433748945635095
2026-01-16,2025-26,PHI,CLE,0,0.47606854757179595
2026-01-16,2025-26,TOR,LAC,0,0.38802721007779256
2026-01-16,2025-26,HOU,MIN,1,0.5771256091221406
2026-01-16,2025-26,SAC,WAS,1,0.6406767024646222
2026-01-17,2025-26,DAL,UTA,1,0.633238325766734
2026-01-17,2025-26,ATL,BOS,0,0.39579682362381025
2026-01-17,2025-26,DET,IND,1,0.849161549107855
2026-01-17,2025-26,NYK,PHX,0,0.593543081476127
2026-01-17,2025-26,MIA,OKC,1,0.2599281438612365
2026-01-17,2025-26,SAS,MIN,1,0.63305222705513
2026-01-17,2025-26,GSW,CHA,1,0.7154794189369774
2026-01-17,2025-26,DEN,WAS,1,0.8759539201635251
2026-01-17,2025-26,POR,LAL,1,0.5814169064375145
2026-01-18,2025-26,CHI,BKN,1,0.5619856318696027
2026-01-18,2025-26,HOU,NOP,1,0.8432941127925182
2026-01-18,2025-26,DEN,CHA,0,0.6887514795515908
2026-01-18,2025-26,SAC,POR,0,0.499644631151718
2026-01-18,2025-26,LAL,TOR,1,0.5489438643220724
2026-01-19,2025-26,ATL,MIL,0,0.5413204885074843
2026-01-19,2025-26,CLE,OKC,0,0.34593943550911416
2026-01-19,2025-26,NYK,DAL,0,0.7753443528271674
2026-01-19,2025-26,DET,BOS,1,0.611385290030175
2026-01-19,2025-26,WAS,LAC,0,0.23858431762531263
2026-01-19,2025-26,PHI,IND,1,0.76196682739655
2026-01-19,2025-26,BKN,PHX,0,0.21408177815205498
2026-01-19,2025-26,SAS,UTA,1,0.8680683217571434
2026-01-19,2025-26,GSW,MIA,1,0.6521764501129247
2026-01-20,2025-26,PHI,PHX,0,0.49730061674524817
2026-01-20,2025-26,CHI,LAC,1,0.5105362145181577
2026-01-20,2025-26,HOU,SAS,1,0.7236471378871846
2026-01-20,2025-26,UTA,MIN,1,0.20678355832026202
2026-01-20,2025-26,DEN,LAL,0,0.5939618309069661
2026-01-20,2025-26,GSW,TOR,0,0.7130517066350864
2026-01-20,2025-26,SAC,MIA,0,0.4479432476207141
2026-01-21,2025-26,CHA,CLE,0,0.509507755034295
2026-01-21,2025-26,BOS,IND,1,0.8418094522329475
2026-01-21,2025-26,NYK,BKN,1,0.7191963458811103
2026-01-21,2025-26,MEM,ATL,0,0.5313257826481838
2026-01-21,2025-26,NOP,DET,0,0.18487467906227015
2026-01-21,2025-26,MIL,OKC,0,0.22983282489767065
2026-01-21,2025-26,SAC,TOR,0,0.4518579592487212
2026-01-22,2025-26,ORL,CHA,0,0.6311320562156908
2026-01-22,2025-26,PHI,HOU,1,0.4481115473150497
2026-01-22,2025-26,WAS,DEN,0,0.2537789463155245
2026-01-22,2025-26,DAL,GSW,1,0.3567918233057237
2026-01-22,2025-26,MIN,CHI,0,0.7239238659470909
2026-01-22,2025-26,UTA,SAS,0,0.2718705768355774
2026-01-22,2025-26,LAC,LAL,1,0.5142971668230477
2026-01-22,2025-26,POR,MIA,1,0.5371831286851076
2026-01-23,2025-26,DET,HOU,0,0.6918235948641525
2026-01-23,2025-26,ATL,PHX,1,0.37940468907002356
2026-01-23,2025-26,BKN,BOS,0,0.26446770567848454
2026-01-23,2025-26,CLE,SAC,1,0.7992382318926228
2026-01-23,2025-26,MEM,NOP,0,0.6558381319607413
2026-01-23,2025-26,MIL,DEN,0,0.4876009714862466
2026-01-23,2025-26,OKC,IND,0,0.8944222227098483
2026-01-23,2025-26,POR,TOR,0,0.5698414679557836
2026-01-24,2025-26,PHI,NYK,0,0.5784024210420966
2026-01-24,2025-26,CHA,WAS,1,0.7715543495066797
2026-01-24,2025-26,ORL,CLE,0,0.46024955327608036
2026-01-24,2025-26,CHI,BOS,1,0.5547288866176534
2026-01-24,2025-26,DAL,LAL,0,0.3911423268440668
2026-01-24,2025-26,UTA,MIA,0,0.34934839669215484
2026-01-25,2025-26,MIN,GSW,0,0.5883496871824179
2026-01-25,2025-26,DET,SAC,1,0.8231828881424211
2026-01-25,2025-26,OKC,TOR,0,0.7952281534243615
2026-01-25,2025-26,SAS,NOP,0,0.7605447034360866
2026-01-25,2025-26,PHX,MIA,0,0.7211636225361234
2026-01-25,2025-26,LAC,BKN,1,0.7509035725806344
2026-01-26,2025-26,CHA,PHI,1,0.553411948111829
2026-01-26,2025-26,CLE,ORL,1,0.6770773355045347
2026-01-26,2025-26,ATL,IND,1,0.6176574040710875
2026-01-26,2025-26,BOS,POR,1,0.7274058497173586
2026-01-26,2025-26,CHI,LAL,0,0.49930612615576253
2026-01-26,2025-26,HOU,MEM,1,0.7712442761245996
2026-01-26,2025-26,MIN,GSW,1,0.5672360260346933
2026-01-27,2025-26,WAS,POR,1,0.2945421367313133
2026-01-27,2025-26,NYK,SAC,1,0.7807699591195651
2026-01-27,2025-26,PHI,MIL,1,0.535074729589987
2026-01-27,2025-26,OKC,NOP,1,0.8674406259514755
2026-01-27,2025-26,DEN,DET,0,0.4612046673500934
2026-01-27,2025-26,PHX,BKN,1,0.7197738995202672
2026-01-27,2025-26,UTA,LAC,0,0.24849883301797468
2026-01-28,2025-26,CLE,LAL,1,0.6098759663951249
2026-01-28,2025-26,IND,CHI,1,0.37069477658557903
2026-01-28,2025-26,BOS,ATL,0,0.7251283668613099
2026-01-28,2025-26,MIA,ORL,0,0.6262804655964636
2026-01-28,2025-26,TOR,NYK,0,0.6474222353215009
2026-01-28,2025-26,MEM,CHA,0,0.49115399674477744
2026-01-28,2025-26,DAL,MIN,0,0.34225356300869747
2026-01-28,2025-26,UTA,GSW,0,0.31727399677124835
2026-01-28,2025-26,HOU,SAS,0,0.64678035783779
2026-01-29,2025-26,CHI,MIA,0,0.5561686579194911
2026-01-29,2025-26,PHI,SAC,1,0.7280592434478129
2026-01-29,2025-26,WAS,MIL,1,0.349921737326702
2026-01-29,2025-26,ATL,HOU,0,0.44686600201857657
2026-01-29,2025-26,DAL,CHA,0,0.4667270829916702
2026-01-29,2025-26,DEN,BKN,1,0.716247698094757
2026-01-29,2025-26,PHX,DET,1,0.4538738898053223
2026-01-29,2025-26,MIN,OKC,1,0.34588959306473543
2026-01-30,2025-26,ORL,TOR,1,0.5075847103103363
2026-01-30,2025-26,WAS,LAL,0,0.20762317683362064
2026-01-30,2025-26,BOS,SAC,1,0.8713091159570616
2026-01-30,2025-26,NYK,POR,1,0.6812930385959561
2026-01-30,2025-26,NOP,MEM,1,0.5049346631717798
2026-01-30,2025-26,PHX,CLE,1,0.4307903842734356
2026-01-30,2025-26,UTA,BKN,0,0.6101141361840495
2026-01-30,2025-26,DEN,LAC,1,0.44969372759382226
2026-01-30,2025-26,GSW,DET,0,0.6064977683026462
2026-01-31,2025-26,MIA,CHI,0,0.6127847559258801
2026-01-31,2025-26,CHA,SAS,1,0.5813261715980771
2026-01-31,2025-26,IND,ATL,1,0.3524781091432995
2026-01-31,2025-26,PHI,NOP,1,0.7524809626026553
2026-01-31,2025-26,MEM,MIN,0,0.2827943391162148
2026-01-31,2025-26,HOU,DAL,1,0.7786331438297682
2026-02-01,2025-26,BOS,MIL,1,0.81127946592602
2026-02-01,2025-26,SAS,ORL,1,0.6184593350445102
2026-02-01,2025-26,DET,BKN,1,0.8485893673294368
2026-02-01,2025-26,MIA,CHI,1,0.6009765142848307
2026-02-01,2025-26,TOR,UTA,1,0.7852260599884566
2026-02-01,2025-26,WAS,SAC,1,0.34217783075846725
2026-02-01,2025-26,NYK,LAL,1,0.636393406447881
2026-02-01,2025-26,PHX,LAC,0,0.5656902687551116
2026-02-01,2025-26,POR,CLE,0,0.4383784437771139
2026-02-01,2025-26,DEN,OKC,0,0.37616320282954735
2026-02-02,2025-26,CHA,NOP,1,0.7625685699516096
2026-02-02,2025-26,IND,HOU,0,0.26750538417266834
2026-02-02,2025-26,MEM,MIN,1,0.2927873834079396
2026-02-02,2025-26,LAC,PHI,0,0.5252754072571427
2026-02-03,2025-26,DET,DEN,1,0.6422938885012591
2026-02-03,2025-26,IND,UTA,0,0.4427294980613156
2026-02-03,2025-26,WAS,NYK,0,0.19964120640745045
2026-02-03,2025-26,BKN,LAL,0,0.28615108043747434
2026-02-03,2025-26,MIA,ATL,0,0.5410832637384325
2026-02-03,2025-26,DAL,BOS,0,0.3394905721264899
2026-02-03,2025-26,MIL,CHI,1,0.49374345895939936
2026-02-03,2025-26,OKC,ORL,1,0.8131649926766855
2026-02-03,2025-26,GSW,PHI,0,0.6611148061611903
2026-02-03,2025-26,POR,PHX,0,0.4081323396958378
2026-02-04,2025-26,NYK,DEN,1,0.5789213085728705
2026-02-04,2025-26,TOR,MIN,0,0.40401298252297596
2026-02-04,2025-26,HOU,BOS,0,0.645802465508305
2026-02-04,2025-26,MIL,NOP,1,0.43578783073869526
2026-02-04,2025-26,SAS,OKC,1,0.4803011341620268
2026-02-04,2025-26,SAC,MEM,0,0.4289341790296618
2026-02-04,2025-26,LAC,CLE,0,0.5023181369905241
2026-02-05,2025-26,DET,WAS,0,0.8821985196108468
2026-02-05,2025-26,ORL,BKN,1,0.6501073806345781
2026-02-05,2025-26,ATL,UTA,1,0.6616819400394345
2026-02-05,2025-26,TOR,CHI,1,0.6286440810644938
2026-02-05,2025-26,HOU,CHA,0,0.5541434623353755
2026-02-05,2025-26,DAL,SAS,0,0.4061565984782182
2026-02-05,2025-26,PHX,GSW,0,0.5738671556181234
2026-02-05,2025-26,LAL,PHI,1,0.59524398256727
2026-02-06,2025-26,BOS,MIA,1,0.7791770628686341
2026-02-06,2025-26,DET,NYK,1,0.6090983752787483
2026-02-06,2025-26,MIL,IND,1,0.6726909267123574
2026-02-06,2025-26,MIN,NOP,0,0.742386714606674
2026-02-06,2025-26,POR,MEM,1,0.5769597417275966
2026-02-06,2025-26,SAC,LAC,0,0.35855240803655336
2026-02-07,2025-26,BKN,WAS,1,0.5968996619410671
2026-02-07,2025-26,OKC,HOU,0,0.715407607500693
2026-02-07,2025-26,SAS,DAL,1,0.7744247736630671
2026-02-07,2025-26,ORL,UTA,1,0.671400529667299
2026-02-07,2025-26,ATL,CHA,0,0.4142841290221484
2026-02-07,2025-26,CHI,DEN,0,0.3263187597553113
2026-02-07,2025-26,LAL,GSW,1,0.5836460548363331
2026-02-07,2025-26,PHX,PHI,0,0.5288040088932238
2026-02-07,2025-26,POR,MEM,1,0.7047866763274038
2026-02-07,2025-26,SAC,CLE,0,0.20346050418109662
2026-02-08,2025-26,BOS,NYK,0,0.7339613723764107
2026-02-08,2025-26,WAS,MIA,0,0.22933790983119892
2026-02-08,2025-26,TOR,IND,1,0.6528306707062358
2026-02-08,2025-26,MIN,LAC,0,0.605120431662983
2026-02-09,2025-26,CHA,DET,0,0.5211179733382971
2026-02-09,2025-26,BKN,CHI,1,0.4688826087510421
2026-02-09,2025-26,MIA,UTA,0,0.6478605333826143
2026-02-09,2025-26,ORL,MIL,1,0.5906025907297191
2026-02-09,2025-26,MIN,ATL,1,0.5598575241907254
2026-02-09,2025-26,NOP,SAC,1,0.5660349731438851
2026-02-09,2025-26,DEN,CLE,0,0.5422567267339277
2026-02-09,2025-26,GSW,MEM,1,0.7481780299177437
2026-02-09,2025-26,LAL,OKC,0,0.47162581410217774
2026-02-09,2025-26,POR,PHI,1,0.4230777298406529
2026-02-10,2025-26,NYK,IND,0,0.7595133116937559
2026-02-10,2025-26,HOU,LAC,1,0.6474651468533174
2026-02-10,2025-26,PHX,DAL,1,0.7839367359772608
2026-02-10,2025-26,LAL,SAS,0,0.5024696219095276
2026-02-11,2025-26,CHA,ATL,1,0.7549910479712671
2026-02-11,2025-26,CLE,WAS,1,0.8678235279667784
2026-02-11,2025-26,ORL,MIL,0,0.6735901350515988
2026-02-11,2025-26,BOS,CHI,1,0.8000906760629278
2026-02-11,2025-26,BKN,IND,0,0.45117402457136657
2026-02-11,2025-26,PHI,NYK,0,0.60731494431153
2026-02-11,2025-26,TOR,DET,0,0.36006282306465637
2026-02-11,2025-26,HOU,LAC,0,0.7053374533311924
2026-02-11,2025-26,MIN,POR,1,0.5917324002037916
2026-02-11,2025-26,NOP,MIA,0,0.40529031910644014
2026-02-11,2025-26,PHX,OKC,0,0.3664951130576362
2026-02-11,2025-26,UTA,SAC,1,0.6241115393660811
2026-02-11,2025-26,DEN,MEM,1,0.7788692362279295
2026-02-11,2025-26,GSW,SAS,0,0.5693539348286043
2026-02-12,2025-26,OKC,MIL,0,0.8500196639779469
2026-02-12,2025-26,UTA,POR,0,0.41177502588441517
2026-02-12,2025-26,LAL,DAL,1,0.6537263613047242
2026-02-19,2025-26,CHA,HOU,0,0.5907675281729005
2026-02-19,2025-26,CLE,BKN,1,0.8640166351676765
2026-02-19,2025-26,PHI,ATL,0,0.5600460319929899
2026-02-19,2025-26,WAS,IND,1,0.43783390751351514
2026-02-19,2025-26,NYK,DET,0,0.4901771207566137
2026-02-19,2025-26,CHI,TOR,0,0.314254148636226
2026-02-19,2025-26,SAS,PHX,1,0.6985460332530139
2026-02-19,2025-26,GSW,BOS,0,0.5107360838509529
2026-02-19,2025-26,SAC,ORL,0,0.21641056128128983
2026-02-19,2025-26,LAC,DEN,1,0.5029937554455169
2026-02-20,2025-26,CHA,CLE,0,0.5352375374307278
2026-02-20,2025-26,WAS,IND,1,0.4026695852121115
2026-02-20,2025-26,MEM,UTA,1,0.6588270974320035
2026-02-20,2025-26,ATL,MIA,0,0.4644746179496056
2026-02-20,2025-26,MIN,DAL,1,0.7104792687322782
2026-02-20,2025-26,NOP,MIL,0,0.4703619917332087
2026-02-20,2025-26,OKC,BKN,1,0.9047655924041446
2026-02-20,2025-26,LAL,LAC,1,0.6251165000427451
2026-02-20,2025-26,POR,DEN,0,0.4984481655687255
2026-02-21,2025-26,PHX,ORL,1,0.5651979482125107
2026-02-21,2025-26,NOP,PHI,1,0.2869590364319645
2026-02-21,2025-26,MIA,MEM,1,0.6841741469927367
2026-02-21,2025-26,CHI,DET,0,0.2115746420012873
2026-02-21,2025-26,SAS,SAC,1,0.895893194558136
2026-02-21,2025-26,NYK,HOU,1,0.5731840347341222
2026-02-22,2025-26,OKC,CLE,1,0.600614234096123
2026-02-22,2025-26,ATL,BKN,1,0.6682993023530299
2026-02-22,2025-26,MIL,TOR,0,0.4241116587565778
2026-02-22,2025-26,GSW,DEN,1,0.4625117724083621
2026-02-22,2025-26,IND,DAL,0,0.36315008927690035
2026-02-22,2025-26,WAS,CHA,0,0.22818851955574776
2026-02-22,2025-26,LAL,BOS,0,0.6073831153964783
2026-02-22,2025-26,MIN,PHI,0,0.7193466795805025
2026-02-22,2025-26,CHI,NYK,0,0.2860991184154017
2026-02-22,2025-26,PHX,POR,0,0.5899640527592676
2026-02-22,2025-26,LAC,ORL,0,0.7318032018666298
2026-02-23,2025-26,DET,SAS,0,0.6559044645356159
2026-02-23,2025-26,MEM,SAC,0,0.6543061720629295
2026-02-23,2025-26,HOU,UTA,1,0.8425866347018016
2026-02-24,2025-26,IND,PHI,0,0.30536495968973115
2026-02-24,2025-26,ATL,WAS,1,0.6887235967969624
2026-02-24,2025-26,BKN,DAL,0,0.42180432328231393
2026-02-24,2025-26,TOR,OKC,0,0.37983889315570596
2026-02-24,2025-26,CLE,NYK,1,0.6407925786281319
2026-02-24,2025-26,CHI,CHA,0,0.2781784032674064
2026-02-24,2025-26,MIL,MIA,1,0.49345960404777384
2026-02-24,2025-26,NOP,GSW,1,0.3309844076032766
2026-02-24,2025-26,PHX,BOS,0,0.3944834368500688
2026-02-24,2025-26,LAL,ORL,0,0.6358476544460225
2026-02-24,2025-26,POR,MIN,0,0.5033959078609688
2026-02-25,2025-26,DET,OKC,1,0.6561847411747845
2026-02-25,2025-26,TOR,SAS,0,0.3475655985391739
2026-02-25,2025-26,MEM,GSW,0,0.38244905450116984
2026-02-25,2025-26,HOU,SAC,1,0.8530213906058444
2026-02-25,2025-26,MIL,CLE,1,0.3658782478665368
2026-02-25,2025-26,DEN,BOS,1,0.7127878108041955
2026-02-26,2025-26,IND,CHA,0,0.19057877219735783
2026-02-26,2025-26,PHI,MIA,1,0.5497558694623492
2026-02-26,2025-26,ATL,WAS,1,0.6980521865417232
2026-02-26,2025-26,BKN,SAS,0,0.2290968324537735
2026-02-26,2025-26,ORL,HOU,0,0.4766191968406483
2026-02-26,2025-26,CHI,POR,0,0.38085416353254997
2026-02-26,2025-26,DAL,SAC,0,0.703777596117452
2026-02-26,2025-26,PHX,LAL,1,0.4254173531447853
2026-02-26,2025-26,UTA,NOP,0,0.41313008726118716
2026-02-26,2025-26,LAC,MIN,0,0.596599910943146
2026-02-27,2025-26,DET,CLE,1,0.6702653334830514
2026-02-27,2025-26,BOS,BKN,1,0.9108296127112819
2026-02-27,2025-26,MIL,NYK,0,0.42402148330670647
2026-02-27,2025-26,DAL,MEM,0,0.45845461309766045
2026-02-27,2025-26,OKC,DEN,1,0.6338670064227689
2026-02-28,2025-26,CHA,POR,1,0.7187565164767055
2026-02-28,2025-26,MIA,HOU,1,0.41199992831931276
2026-02-28,2025-26,WAS,TOR,0,0.1817144153179315
2026-02-28,2025-26,GSW,LAL,0,0.5398805481726094
2026-02-28,2025-26,UTA,NOP,0,0.3144820868309526
2026-03-01,2025-26,NYK,SAS,1,0.5136761998310007
2026-03-01,2025-26,BKN,CLE,0,0.18810025176276043
2026-03-01,2025-26,CHI,MIL,1,0.36307208795372764
2026-03-01,2025-26,DEN,MIN,0,0.6640447529224008
2026-03-01,2025-26,IND,MEM,0,0.4078854934703483
2026-03-01,2025-26,ATL,POR,1,0.6157177990595666
2026-03-01,2025-26,BOS,PHI,1,0.6488940214009484
2026-03-01,2025-26,ORL,DET,0,0.3330326844593861
2026-03-01,2025-26,DAL,OKC,0,0.1429242338580092
2026-03-01,2025-26,LAC,NOP,1,0.7577685243269016
2026-03-01,2025-26,LAL,SAC,1,0.7918024451832298
2026-03-02,2025-26,WAS,HOU,0,0.14844507963543754
2026-03-02,2025-26,MIL,BOS,0,0.36431033150666564
2026-03-02,2025-26,UTA,DEN,0,0.23055413859864402
2026-03-02,2025-26,GSW,LAC,0,0.5889288571925443
2026-03-03,2025-26,CHA,DAL,1,0.806389108400649
2026-03-03,2025-26,CLE,DET,1,0.5121309029167699
2026-03-03,2025-26,ORL,WAS,1,0.7655858513823496
2026-03-03,2025-26,MIA,BKN,1,0.7288037901675118
2026-03-03,2025-26,TOR,NYK,0,0.4562153861395355
2026-03-03,2025-26,PHI,SAS,0,0.40906405420051767
2026-03-03,2025-26,CHI,OKC,0,0.1720288082615818
2026-03-03,2025-26,MIN,MEM,1,0.7381072531535696
2026-03-03,2025-26,LAL,NOP,1,0.7333646057989711
2026-03-03,2025-26,SAC,PHX,0,0.26016838168989376
2026-03-04,2025-26,NYK,OKC,0,0.5439007534387066
2026-03-04,2025-26,BOS,CHA,0,0.7575526777307794
2026-03-04,2025-26,PHI,UTA,1,0.6720076660902576
2026-03-04,2025-26,MEM,POR,0,0.35990994699276974
2026-03-04,2025-26,MIL,ATL,0,0.5119171511279051
2026-03-04,2025-26,LAC,IND,1,0.823511440534526
2026-03-05,2025-26,ORL,DAL,1,0.6530389532336551
2026-03-05,2025-26,WAS,UTA,0,0.5397143905080063
2026-03-05,2025-26,MIA,BKN,1,0.7339984988683991
2026-03-05,2025-26,HOU,GSW,0,0.7079047475601038
2026-03-05,2025-26,MIN,TOR,1,0.5919828821699376
2026-03-05,2025-26,SAS,DET,1,0.5367489496420718
2026-03-05,2025-26,PHX,CHI,0,0.6973383659456762
2026-03-05,2025-26,DEN,LAL,1,0.563722113500153
2026-03-05,2025-26,SAC,NOP,0,0.2821822777661723
2026-03-06,2025-26,BOS,DAL,1,0.8736089337873788
2026-03-06,2025-26,CHA,MIA,0,0.7485360637458963
2026-03-06,2025-26,HOU,POR,1,0.6734440592344972
2026-03-06,2025-26,DEN,NYK,0,0.48042710262740074
2026-03-06,2025-26,PHX,NOP,1,0.6807693373702997
2026-03-06,2025-26,SAS,LAC,1,0.6364989095140048
2026-03-06,2025-26,LAL,IND,1,0.7420214667523515
2026-03-07,2025-26,MIN,ORL,0,0.6131186600819062
2026-03-07,2025-26,DET,BKN,0,0.882925898054679
2026-03-07,2025-26,ATL,PHI,1,0.5972886363685086
2026-03-07,2025-26,MEM,LAC,0,0.2810646478285564
2026-03-07,2025-26,MIL,UTA,1,0.6853394478096028
2026-03-07,2025-26,OKC,GSW,1,0.7979754391918454
2026-03-08,2025-26,CLE,BOS,0,0.6125916555753556
2026-03-08,2025-26,LAL,NYK,1,0.46331672459452644
2026-03-08,2025-26,MIA,DET,1,0.4945973736032179
2026-03-08,2025-26,TOR,DAL,1,0.7194697831791287
2026-03-08,2025-26,NOP,WAS,1,0.6844052142437537
2026-03-08,2025-26,MIL,ORL,0,0.45190090827322166
2026-03-08,2025-26,SAS,HOU,1,0.6797788887298145
2026-03-08,2025-26,PHX,CHA,1,0.3699933880534031
2026-03-08,2025-26,POR,IND,1,0.6474808191540513
2026-03-08,2025-26,SAC,CHI,1,0.3164265695525595
2026-03-09,2025-26,CLE,PHI,1,0.6920877801665564
2026-03-09,2025-26,BKN,MEM,1,0.43172477207157234
2026-03-09,2025-26,OKC,DEN,1,0.73899517313027
2026-03-09,2025-26,UTA,GSW,1,0.26558212211507004
2026-03-09,2025-26,LAC,NYK,1,0.538265180734242
2026-03-10,2025-26,PHI,MEM,1,0.5788572617695015
2026-03-10,2025-26,BKN,DET,0,0.11564947864936534
2026-03-10,2025-26,MIA,WAS,1,0.8437418058866901
2026-03-10,2025-26,ATL,DAL,1,0.7188306234039976
2026-03-10,2025-26,HOU,TOR,1,0.6298447834302593
2026-03-10,2025-26,MIL,PHX,0,0.3575183566053249
2026-03-10,2025-26,SAS,BOS,1,0.5951001511383358
2026-03-10,2025-26,GSW,CHI,0,0.6211938835937035
2026-03-10,2025-26,POR,CHA,0,0.3389483626358358
2026-03-10,2025-26,SAC,IND,1,0.39220059713254724
2026-03-10,2025-26,LAL,MIN,1,0.6387318352229555
2026-03-11,2025-26,ORL,CLE,1,0.45494982921067983
2026-03-11,2025-26,NOP,TOR,1,0.45116241587822203
2026-03-11,2025-26,UTA,NYK,0,0.17624001565142985
2026-03-11,2025-26,DEN,HOU,1,0.6776860373938214
2026-03-11,2025-26,SAC,CHA,0,0.15071917484103198
2026-03-11,2025-26,LAC,MIN,1,0.7104494952172761
2026-03-12,2025-26,DET,PHI,1,0.7659047387536129
2026-03-12,2025-26,IND,PHX,0,0.19005949244890877
2026-03-12,2025-26,ORL,WAS,1,0.8212069818819665
2026-03-12,2025-26,ATL,BKN,1,0.7252826486801744
2026-03-12,2025-26,MIA,MIL,1,0.7062234556587289
2026-03-12,2025-26,SAS,DEN,0,0.7669054049296936
2026-03-12,2025-26,OKC,BOS,1,0.6818149227138202
2026-03-12,2025-26,LAL,CHI,1,0.7868440535923619
2026-03-12,2025-26,MEM,DAL,0,0.4795662579429079
2026-03-13,2025-26,DET,MEM,1,0.8777917328040672
2026-03-13,2025-26,IND,NYK,0,0.10264974534232524
2026-03-13,2025-26,TOR,PHX,1,0.6154693108019115
2026-03-13,2025-26,HOU,NOP,1,0.7091562632878444
2026-03-13,2025-26,DAL,CLE,0,0.18403419611034183
2026-03-13,2025-26,GSW,MIN,0,0.4582187732864069
2026-03-13,2025-26,POR,UTA,1,0.7308388943505808
2026-03-13,2025-26,LAC,CHI,1,0.8354254377616374
2026-03-14,2025-26,PHI,BKN,1,0.6398140562898184
2026-03-14,2025-26,ATL,MIL,1,0.6274956761071605
2026-03-14,2025-26,BOS,WAS,1,0.8880818093859789
2026-03-14,2025-26,MIA,ORL,0,0.6084341025295439
2026-03-14,2025-26,SAS,CHA,1,0.6289278059800543
2026-03-14,2025-26,LAL,DEN,1,0.5375761697223127
2026-03-14,2025-26,LAC,SAC,0,0.8447924335818678
2026-03-15,2025-26,OKC,MIN,1,0.7602502157964732
2026-03-15,2025-26,CLE,DAL,0,0.8105974705555375
2026-03-15,2025-26,TOR,DET,1,0.4047143485087101
2026-03-15,2025-26,MIL,IND,1,0.5340929498034276
2026-03-15,2025-26,PHI,POR,1,0.47531251553320686
2026-03-15,2025-26,NYK,GSW,1,0.7676478289932717
2026-03-15,2025-26,SAC,UTA,1,0.39282639037733674
2026-03-16,2025-26,ATL,ORL,1,0.5004681707102575
2026-03-16,2025-26,WAS,GSW,0,0.3392130990456059
2026-03-16,2025-26,BKN,POR,0,0.4040173231396776
2026-03-16,2025-26,BOS,PHX,1,0.7133194135606866
2026-03-16,2025-26,CHI,MEM,1,0.4952839719891554
2026-03-16,2025-26,NOP,DAL,1,0.6605997434655926
2026-03-16,2025-26,HOU,LAL,0,0.5401289964810319
2026-03-16,2025-26,LAC,SAS,0,0.39761053192004114
2026-03-17,2025-26,CHA,MIA,1,0.6015129822830518
2026-03-17,2025-26,ORL,OKC,0,0.2745271954246475
2026-03-17,2025-26,WAS,DET,0,0.07291806365553138
2026-03-17,2025-26,NYK,IND,1,0.9011703356883446
2026-03-17,2025-26,MIL,CLE,0,0.3245868460832312
2026-03-17,2025-26,MIN,PHX,1,0.6224690113257766
2026-03-17,2025-26,DEN,PHI,1,0.7537392855721267
2026-03-17,2025-26,SAC,SAS,0,0.18826955360278408
2026-03-18,2025-26,MEM,DEN,1,0.22227785862645852
2026-03-18,2025-26,BOS,GSW,1,0.8053703124141502
2026-03-18,2025-26,BKN,OKC,0,0.12892734650478485
2026-03-18,2025-26,IND,POR,0,0.21838637051891757
2026-03-18,2025-26,CHI,TOR,0,0.2936017804209242
2026-03-18,2025-26,MIN,UTA,1,0.7822136573634583
2026-03-18,2025-26,NOP,LAC,1,0.37929974936018723
2026-03-18,2025-26,DAL,ATL,0,0.2935021186261511
2026-03-18,2025-26,HOU,LAL,0,0.5265467434500097
2026-03-19,2025-26,CHA,ORL,1,0.6542619144683604
2026-03-19,2025-26,WAS,DET,0,0.0960592191972313
2026-03-19,2025-26,MIA,LAL,0,0.5216895498256342
2026-03-19,2025-26,CHI,CLE,0,0.20821726960441897
2026-03-19,2025-26,NOP,LAC,1,0.4100799648130747
2026-03-19,2025-26,SAS,PHX,1,0.7633970255437633
2026-03-19,2025-26,UTA,MIL,1,0.2947093585589379
2026-03-19,2025-26,SAC,PHI,0,0.31863314191949643
2026-03-20,2025-26,BKN,NYK,0,0.159708344094383
2026-03-20,2025-26,DET,GSW,1,0.7481404836211509
2026-03-20,2025-26,HOU,ATL,1,0.6567313889487727
2026-03-20,2025-26,MEM,BOS,0,0.18204586643267864
2026-03-20,2025-26,MIN,POR,0,0.6425071343869038
2026-03-20,2025-26,DEN,TOR,1,0.64684697221148
2026-03-21,2025-26,WAS,OKC,0,0.07809069714677414
2026-03-21,2025-26,CHA,MEM,1,0.8590282486715393
2026-03-21,2025-26,ORL,LAL,0,0.37658456311472216
2026-03-21,2025-26,NOP,CLE,0,0.3729656523209614
2026-03-21,2025-26,ATL,GSW,1,0.6426743570871657
2026-03-21,2025-26,HOU,MIA,1,0.5462601235099743
2026-03-21,2025-26,SAS,IND,1,0.92312095783868
2026-03-21,2025-26,DAL,LAC,0,0.3101086149342648
2026-03-21,2025-26,UTA,PHI,0,0.3625925038813136
2026-03-21,2025-26,PHX,MIL,0,0.7234243298464018
2026-03-22,2025-26,DEN,POR,1,0.6960379713659399
2026-03-22,2025-26,SAC,BKN,1,0.47685045957807165
2026-03-22,2025-26,NYK,WAS,1,0.9395773224933727
2026-03-22,2025-26,BOS,MIN,0,0.7492587742037532
2026-03-22,2025-26,PHX,TOR,1,0.39711046290247864
2026-03-23,2025-26,ATL,MEM,1,0.7492687235988224
2026-03-23,2025-26,DET,LAL,1,0.5984938755877864
2026-03-23,2025-26,ORL,IND,0,0.7779767564242862
2026-03-23,2025-26,PHI,OKC,0,0.234391998292659
2026-03-23,2025-26,MIA,SAS,0,0.367669863482739
2026-03-23,2025-26,CHI,HOU,1,0.26340996798824834
2026-03-23,2025-26,UTA,TOR,0,0.33092905970560316
2026-03-23,2025-26,DAL,GSW,0,0.39937695605397583
2026-03-23,2025-26,POR,BKN,1,0.7465473170140803
2026-03-23,2025-26,LAC,MIL,1,0.7477673477691009
2026-03-24,2025-26,CHA,SAC,1,0.8714811682683264
2026-03-24,2025-26,NYK,NOP,1,0.7725761239829008
2026-03-24,2025-26,CLE,ORL,1,0.7904730477158239
2026-03-24,2025-26,PHX,DEN,0,0.4568531751021231
2026-03-25,2025-26,DET,ATL,0,0.7494729141285288
2026-03-25,2025-26,IND,LAL,0,0.1902677288530849
2026-03-25,2025-26,PHI,CHI,1,0.5527475694286662
2026-03-25,2025-26,BOS,OKC,1,0.5512289015168766
2026-03-25,2025-26,CLE,MIA,0,0.6249022638070657
2026-03-25,2025-26,MEM,SAS,0,0.13129525849230617
2026-03-25,2025-26,UTA,WAS,0,0.5675996302560591
2026-03-25,2025-26,MIN,HOU,1,0.5566665356413971
2026-03-25,2025-26,DEN,DAL,1,0.7948390959426015
2026-03-25,2025-26,GSW,BKN,1,0.7089819972161543
2026-03-25,2025-26,POR,MIL,1,0.6707646777241855
2026-03-25,2025-26,LAC,TOR,1,0.6160280043155267
2026-03-26,2025-26,CHA,NYK,1,0.5316606227349991
2026-03-26,2025-26,DET,NOP,1,0.7448343944886044
2026-03-26,2025-26,ORL,SAC,1,0.8013514007857259
2026-03-27,2025-26,IND,LAC,0,0.1907601212377178
2026-03-27,2025-26,BOS,ATL,1,0.7063564969299974
2026-03-27,2025-26,CLE,MIA,1,0.6128079059644986
2026-03-27,2025-26,MEM,HOU,0,0.1857668012319982
2026-03-27,2025-26,OKC,CHI,1,0.8935463600885503
2026-03-27,2025-26,TOR,NOP,1,0.6677941220042135
2026-03-27,2025-26,DEN,UTA,1,0.8571034247068863
2026-03-27,2025-26,GSW,WAS,1,0.707175400177016
2026-03-27,2025-26,POR,DAL,0,0.6446653796976148
2026-03-27,2025-26,LAL,BKN,1,0.865901317731208
2026-03-28,2025-26,MIL,SAS,0,0.18953317900241926
2026-03-28,2025-26,CHA,PHI,0,0.751959411784068
2026-03-28,2025-26,ATL,SAC,1,0.7840076395008833
2026-03-28,2025-26,MEM,CHI,1,0.3683491922122485
2026-03-28,2025-26,MIN,DET,0,0.49915797800841777
2026-03-28,2025-26,PHX,UTA,1,0.8533740991632134
2026-03-29,2025-26,MIL,LAC,0,0.1895207267549414
2026-03-29,2025-26,IND,MIA,1,0.23898743828999072
2026-03-29,2025-26,BKN,SAC,1,0.508942347808012
2026-03-29,2025-26,CHA,BOS,0,0.49400354204662744
2026-03-29,2025-26,TOR,ORL,1,0.5436393678154356
2026-03-29,2025-26,POR,WAS,1,0.7520152198520357
2026-03-29,2025-26,NOP,HOU,0,0.3697600250137635
2026-03-29,2025-26,OKC,NYK,1,0.6781500585845154
2026-03-29,2025-26,DEN,GSW,1,0.756209206580757
2026-03-30,2025-26,MIA,PHI,1,0.4266933942828985
2026-03-30,2025-26,ATL,BOS,1,0.525939860551835
2026-03-30,2025-26,MEM,PHX,0,0.21484102309620512
2026-03-30,2025-26,SAS,CHI,1,0.890377496311648
2026-03-30,2025-26,DAL,MIN,0,0.24874648909622307
2026-03-30,2025-26,UTA,CLE,0,0.13944891443448815
2026-03-30,2025-26,OKC,DET,1,0.6148747751069076
2026-03-30,2025-26,LAL,WAS,1,0.9153196784445434
2026-03-31,2025-26,MIL,DAL,1,0.5623878064042035
2026-03-31,2025-26,ORL,PHX,1,0.5894930575485046
2026-03-31,2025-26,BKN,CHA,0,0.12946968150837854
2026-03-31,2025-26,DET,TOR,1,0.6647112000347265
2026-03-31,2025-26,HOU,NYK,1,0.496786891700181
2026-03-31,2025-26,LAL,CLE,1,0.6131298510813502
2026-03-31,2025-26,LAC,POR,0,0.6669638597551237
2026-04-01,2025-26,MEM,NYK,0,0.20057747146359992
2026-04-01,2025-26,WAS,PHI,0,0.16176525899479569
2026-04-01,2025-26,MIA,BOS,0,0.428781034668461
2026-04-01,2025-26,ORL,ATL,0,0.41805921051077927
2026-04-01,2025-26,TOR,SAC,0,0.8222065384145987
2026-04-01,2025-26,CHI,IND,0,0.4848263675797433
2026-04-01,2025-26,HOU,MIL,1,0.8084562158132799
2026-04-01,2025-26,UTA,DEN,0,0.13187099933010782
2026-04-01,2025-26,GSW,SAS,0,0.2469956713933717
2026-04-02,2025-26,CHA,PHX,1,0.6586545769741603
2026-04-02,2025-26,DET,MIN,1,0.7314528933562284
2026-04-02,2025-26,OKC,LAL,1,0.7177213142368866
2026-04-02,2025-26,GSW,CLE,0,0.2659441037886764
2026-04-02,2025-26,POR,NOP,1,0.6292912440598003
2026-04-02,2025-26,LAC,SAS,0,0.5100617029916543
2026-04-03,2025-26,CHA,IND,1,0.8068552590636652
2026-04-03,2025-26,PHI,MIN,1,0.5244666333520349
2026-04-03,2025-26,BKN,ATL,0,0.13276032488205997
2026-04-03,2025-26,NYK,CHI,1,0.8613206163543605
2026-04-03,2025-26,HOU,UTA,1,0.868687757798024
2026-04-03,2025-26,MEM,TOR,0,0.21356975432081973
2026-04-03,2025-26,MIL,BOS,0,0.18028836566830625
2026-04-03,2025-26,DAL,ORL,0,0.2431665001732455
2026-04-03,2025-26,SAC,NOP,1,0.38549902856941054
2026-04-04,2025-26,MIA,WAS,1,0.815645324008788
2026-04-04,2025-26,DEN,SAS,1,0.5053356930884929
2026-04-04,2025-26,PHI,DET,0,0.33281503682074615
2026-04-05,2025-26,BOS,TOR,1,0.7580338665070198
2026-04-05,2025-26,BKN,WAS,1,0.5123162982762984
2026-04-05,2025-26,CHI,PHX,0,0.28795090198506573
2026-04-05,2025-26,MIL,MEM,1,0.6181618307005201
2026-04-05,2025-26,CLE,IND,1,0.8579814350414176
2026-04-05,2025-26,MIN,CHA,0,0.41528107901018296
2026-04-05,2025-26,NOP,ORL,0,0.3725516976300795
2026-04-05,2025-26,OKC,UTA,1,0.9377271355816761
2026-04-05,2025-26,DAL,LAL,1,0.14919298539218312
2026-04-05,2025-26,SAC,LAC,0,0.19776324203118933
2026-04-05,2025-26,GSW,HOU,0,0.3669670096407668
2026-04-06,2025-26,ATL,NYK,0,0.5083116403406194
2026-04-06,2025-26,ORL,DET,1,0.2935190816210656
2026-04-06,2025-26,MEM,CLE,0,0.17079079341970052
2026-04-06,2025-26,SAS,PHI,1,0.837284697240132
2026-04-06,2025-26,DEN,POR,1,0.713344776040432
2026-04-07,2025-26,WAS,CHI,0,0.30645374790083846
2026-04-07,2025-26,BOS,CHA,1,0.689045357181721
2026-04-07,2025-26,BKN,MIL,1,0.2877344892329841
2026-04-07,2025-26,TOR,MIA,1,0.530661138030969
2026-04-07,2025-26,IND,MIN,0,0.25804300213037323
2026-04-07,2025-26,NOP,UTA,1,0.6445284241513953
2026-04-07,2025-26,GSW,SAC,1,0.73689625575124
2026-04-07,2025-26,LAL,OKC,0,0.3507079105790926
2026-04-07,2025-26,LAC,DAL,1,0.753170392230127
2026-04-07,2025-26,PHX,HOU,0,0.4792060201985885
2026-04-08,2025-26,CLE,ATL,1,0.5442791123685896
2026-04-08,2025-26,ORL,MIN,1,0.6046623538628904
2026-04-08,2025-26,DET,MIL,1,0.885479513006656
2026-04-08,2025-26,SAS,POR,1,0.8093205563620384
2026-04-08,2025-26,DEN,MEM,1,0.893294968485015
2026-04-08,2025-26,LAC,OKC,0,0.36927418756661545
2026-04-08,2025-26,PHX,DAL,1,0.7354171294079592
2026-04-09,2025-26,TOR,MIA,1,0.5553033248587599
2026-04-09,2025-26,WAS,CHI,0,0.27262550432279364
2026-04-09,2025-26,BKN,IND,0,0.3832527435519769
2026-04-09,2025-26,NYK,BOS,1,0.5659553634643306
2026-04-09,2025-26,HOU,PHI,1,0.6366998806721791
2026-04-09,2025-26,GSW,LAL,0,0.5169833427041551
2026-04-10,2025-26,CHA,DET,0,0.6124988584732539
2026-04-10,2025-26,WAS,MIA,0,0.1749060707019725
2026-04-10,2025-26,ATL,CLE,1,0.49957360297793646
2026-04-10,2025-26,BOS,NOP,1,0.8654848966534647
2026-04-10,2025-26,IND,PHI,0,0.26797048204695645
2026-04-10,2025-26,NYK,TOR,1,0.7619113963574037
2026-04-10,2025-26,CHI,ORL,0,0.2738483322517476
2026-04-10,2025-26,HOU,MIN,0,0.6187114984866774
2026-04-10,2025-26,MIL,BKN,1,0.6946366538108892
2026-04-10,2025-26,SAS,DAL,1,0.9164569162106115
2026-04-10,2025-26,UTA,MEM,1,0.35413771528914795
2026-04-10,2025-26,DEN,OKC,1,0.437675848396968
2026-04-10,2025-26,POR,LAC,1,0.42609314634090983
2026-04-10,2025-26,SAC,GSW,1,0.41463682119007006
2026-04-10,2025-26,LAL,PHX,1,0.47353414155938456
2026-04-12,2025-26,BOS,ORL,1,0.7523002537582497
2026-04-12,2025-26,CLE,WAS,1,0.8919093630550442
2026-04-12,2025-26,IND,DET,0,0.10964956999959935
2026-04-12,2025-26,MIA,ATL,1,0.44013041952464393
2026-04-12,2025-26,NYK,CHA,0,0.6569019357490333
2026-04-12,2025-26,PHI,MIL,1,0.6837322847542748
2026-04-12,2025-26,TOR,BKN,1,0.8570222977287206
2026-04-12,2025-26,DAL,CHI,1,0.4061621067439108
2026-04-12,2025-26,HOU,MEM,1,0.9115564241707873
2026-04-12,2025-26,MIN,NOP,1,0.6399260287732882
2026-04-12,2025-26,OKC,PHX,0,0.704599387611919
2026-04-12,2025-26,SAS,DEN,0,0.8212813059044449
2026-04-12,2025-26,LAL,UTA,1,0.8102754137454619
2026-04-12,2025-26,LAC,GSW,1,0.6357965771744324
2026-04-12,2025-26,POR,SAC,1,0.7849693459237711
