game_id,date,season,home,away,home_win,p_home
0022400061,2024-10-22,2024-25,BOS,NYK,1,0.8318947
0022400062,2024-10-22,2024-25,LAL,MIN,1,0.54028857
0022400063,2024-10-23,2024-25,DET,IND,0,0.19440943
0022400064,2024-10-23,2024-25,ATL,BKN,1,0.5866121
0022400065,2024-10-23,2024-25,MIA,ORL,0,0.64993536
0022400066,2024-10-23,2024-25,PHI,MIL,0,0.578276
0022400067,2024-10-23,2024-25,TOR,CLE,0,0.15267047
0022400068,2024-10-23,2024-25,HOU,CHA,0,0.5311305
0022400069,2024-10-23,2024-25,NOP,CHI,1,0.62375975
0022400070,2024-10-23,2024-25,UTA,MEM,0,0.847289
0022400071,2024-10-23,2024-25,LAC,PHX,0,0.65000063
0022400072,2024-10-23,2024-25,POR,GSW,0,0.17923099
0022400073,2024-10-24,2024-25,WAS,BOS,0,0.21496098
0022400074,2024-10-24,2024-25,DAL,SAS,1,0.5824865
0022400075,2024-10-24,2024-25,DEN,OKC,0,0.52913386
0022400076,2024-10-24,2024-25,SAC,MIN,0,0.50972503
0022400077,2024-10-25,2024-25,ORL,BKN,1,0.73882866
0022400078,2024-10-25,2024-25,TOR,PHI,1,0.3881167
0022400079,2024-10-25,2024-25,ATL,CHA,1,0.6055506
0022400080,2024-10-25,2024-25,CLE,DET,1,0.7791371
0022400081,2024-10-25,2024-25,NYK,IND,1,0.67524445
0022400082,2024-10-25,2024-25,HOU,MEM,1,0.73773277
0022400083,2024-10-25,2024-25,MIL,CHI,0,0.6499307
0022400084,2024-10-25,2024-25,UTA,GSW,0,0.26812357
0022400085,2024-10-25,2024-25,LAL,PHX,1,0.5198075
0022400086,2024-10-25,2024-25,POR,NOP,0,0.23276338
0022400087,2024-10-26,2024-25,DEN,LAC,0,0.7824366
0022400088,2024-10-26,2024-25,CHA,MIA,0,0.41915804
0022400089,2024-10-26,2024-25,DET,BOS,0,0.18219632
0022400090,2024-10-26,2024-25,WAS,CLE,0,0.20148072
0022400091,2024-10-26,2024-25,CHI,OKC,0,0.30727348
0022400092,2024-10-26,2024-25,MEM,ORL,1,0.3141969
0022400093,2024-10-26,2024-25,MIN,TOR,1,0.9032009
0022400094,2024-10-26,2024-25,SAS,HOU,1,0.46830663
0022400095,2024-10-26,2024-25,PHX,DAL,1,0.47610834
0022400096,2024-10-26,2024-25,LAL,SAC,1,0.4558682
0022400097,2024-10-27,2024-25,IND,PHI,0,0.6934587
0022400098,2024-10-27,2024-25,BKN,MIL,1,0.2860813
0022400099,2024-10-27,2024-25,POR,NOP,1,0.2431956
0022400100,2024-10-27,2024-25,OKC,ATL,1,0.69079
0022400101,2024-10-27,2024-25,GSW,LAC,0,0.80939996
0022400102,2024-10-28,2024-25,ORL,IND,1,0.60197276
0022400103,2024-10-28,2024-25,ATL,WAS,0,0.7323617
0022400104,2024-10-28,2024-25,BOS,MIL,1,0.8314791
0022400105,2024-10-28,2024-25,MIA,DET,1,0.66729116
0022400106,2024-10-28,2024-25,NYK,CLE,0,0.6259507
0022400107,2024-10-28,2024-25,TOR,DEN,0,0.1520559
0022400108,2024-10-28,2024-25,MEM,CHI,0,0.44057977
0022400109,2024-10-28,2024-25,SAS,HOU,0,0.35095742
0022400110,2024-10-28,2024-25,DAL,UTA,1,0.8442815
0022400111,2024-10-28,2024-25,PHX,LAL,1,0.54310596
0022400112,2024-10-28,2024-25,SAC,POR,1,0.86531085
0022400113,2024-10-29,2024-25,BKN,DEN,0,0.3311658
0022400114,2024-10-29,2024-25,MIN,DAL,0,0.6387757
0022400115,2024-10-29,2024-25,UTA,SAC,0,0.24620993
0022400116,2024-10-29,2024-25,GSW,NOP,1,0.6697598
0022400117,2024-10-30,2024-25,CHA,TOR,1,0.7136984
0022400118,2024-10-30,2024-25,CLE,LAL,1,0.57692015
0022400119,2024-10-30,2024-25,IND,BOS,1,0.36453208
0022400120,2024-10-30,2024-25,PHI,DET,0,0.5722094
0022400121,2024-10-30,2024-25,WAS,ATL,1,0.38531774
0022400122,2024-10-30,2024-25,MIA,NYK,0,0.44016892
0022400123,2024-10-30,2024-25,CHI,ORL,1,0.5040904
0022400124,2024-10-30,2024-25,MEM,BKN,0,0.5756124
0022400125,2024-10-30,2024-25,OKC,SAS,1,0.86426306
0022400126,2024-10-30,2024-25,GSW,NOP,1,0.67488474
0022400127,2024-10-30,2024-25,LAC,POR,0,0.7331643
0022400128,2024-10-31,2024-25,MEM,MIL,1,0.3487717
0022400129,2024-10-31,2024-25,DAL,HOU,0,0.67788744
0022400130,2024-10-31,2024-25,UTA,SAS,0,0.5245509
0022400131,2024-10-31,2024-25,LAC,PHX,0,0.33831838
0022400132,2024-11-01,2024-25,CHA,BOS,0,0.22761641
0022400133,2024-11-01,2024-25,CLE,ORL,1,0.6387063
0022400134,2024-11-01,2024-25,DET,NYK,0,0.2970979
0022400135,2024-11-01,2024-25,ATL,SAC,0,0.29013625
0022400136,2024-11-01,2024-25,BKN,CHI,1,0.45116746
0022400137,2024-11-01,2024-25,TOR,LAL,0,0.21115468
0022400138,2024-11-01,2024-25,NOP,IND,1,0.38528413
0022400139,2024-11-01,2024-25,MIN,DEN,1,0.5562842
0022400140,2024-11-01,2024-25,POR,OKC,0,0.19611515
0022400141,2024-11-02,2024-25,CHA,BOS,0,0.22079253
0022400142,2024-11-02,2024-25,PHI,MEM,0,0.5581444
0022400143,2024-11-02,2024-25,TOR,SAC,1,0.1701395
0022400144,2024-11-02,2024-25,HOU,GSW,0,0.4611189
0022400145,2024-11-02,2024-25,MIL,CLE,0,0.5477634
0022400146,2024-11-02,2024-25,SAS,MIN,1,0.39867276
0022400148,2024-11-02,2024-25,DEN,UTA,1,0.8419041
0022400149,2024-11-02,2024-25,PHX,POR,1,0.8333731
0022400150,2024-11-02,2024-25,LAC,OKC,0,0.3573407
0022400151,2024-11-03,2024-25,BKN,DET,0,0.56952137
0022400152,2024-11-03,2024-25,NOP,ATL,0,0.65905154
0022400153,2024-11-03,2024-25,DAL,ORL,1,0.7031172
0022400154,2024-11-04,2024-25,CLE,MIL,1,0.6382424
0022400155,2024-11-04,2024-25,WAS,GSW,0,0.23667695
0022400156,2024-11-04,2024-25,DET,LAL,1,0.28044248
0022400157,2024-11-04,2024-25,ATL,BOS,0,0.17795973
0022400158,2024-11-04,2024-25,BKN,MEM,1,0.45595285
0022400159,2024-11-04,2024-25,MIA,SAC,0,0.525695
0022400160,2024-11-04,2024-25,CHI,UTA,0,0.7878782
0022400161,2024-11-04,2024-25,HOU,NYK,1,0.4242546
0022400162,2024-11-04,2024-25,MIN,CHA,1,0.75869113
0022400163,2024-11-04,2024-25,OKC,ORL,1,0.8549888
0022400164,2024-11-04,2024-25,NOP,POR,0,0.5113917
0022400165,2024-11-04,2024-25,DAL,IND,0,0.57350683
0022400166,2024-11-04,2024-25,DEN,TOR,1,0.86765444
0022400167,2024-11-04,2024-25,PHX,PHI,1,0.7774373
0022400168,2024-11-04,2024-25,LAC,SAS,1,0.606871
0022400169,2024-11-06,2024-25,CHA,DET,1,0.4774371
0022400170,2024-11-06,2024-25,IND,ORL,1,0.70193803
0022400171,2024-11-06,2024-25,ATL,NYK,1,0.2688139
0022400172,2024-11-06,2024-25,BOS,GSW,0,0.60627
0022400173,2024-11-06,2024-25,HOU,SAS,1,0.69293505
0022400174,2024-11-06,2024-25,MEM,LAL,1,0.40218896
0022400175,2024-11-06,2024-25,NOP,CLE,0,0.21991268
0022400176,2024-11-06,2024-25,DAL,CHI,1,0.7821599
0022400177,2024-11-06,2024-25,DEN,OKC,1,0.36886773
0022400178,2024-11-06,2024-25,PHX,MIA,1,0.6313378
0022400179,2024-11-06,2024-25,LAC,PHI,1,0.6411436
0022400180,2024-11-06,2024-25,SAC,TOR,1,0.84248185
0022400181,2024-11-07,2024-25,CHI,MIN,0,0.3220941
0022400182,2024-11-07,2024-25,MIL,UTA,1,0.78214586
0022400183,2024-11-07,2024-25,SAS,POR,1,0.5697497
0022400184,2024-11-08,2024-25,CHA,IND,1,0.3652999
0022400185,2024-11-08,2024-25,DET,ATL,1,0.63951755
0022400186,2024-11-08,2024-25,ORL,NOP,1,0.62077636
0022400187,2024-11-08,2024-25,BOS,BKN,1,0.79650795
0022400188,2024-11-08,2024-25,CLE,GSW,1,0.5265524
0022400189,2024-11-08,2024-25,NYK,MIL,1,0.7218114
0022400190,2024-11-08,2024-25,DAL,PHX,0,0.622156
0022400191,2024-11-08,2024-25,MEM,WAS,1,0.75299513
0022400192,2024-11-08,2024-25,OKC,HOU,1,0.77980226
0022400193,2024-11-08,2024-25,MIN,POR,1,0.7708229
0022400194,2024-11-08,2024-25,DEN,MIA,1,0.666713
0022400195,2024-11-08,2024-25,LAL,PHI,1,0.64023066
0022400196,2024-11-08,2024-25,SAC,LAC,0,0.65308535
0022400197,2024-11-09,2024-25,SAS,UTA,0,0.679659
0022400198,2024-11-09,2024-25,ATL,CHI,0,0.49239716
0022400199,2024-11-09,2024-25,CLE,BKN,1,0.7658023
0022400200,2024-11-09,2024-25,LAC,TOR,1,0.74901533
0022400201,2024-11-10,2024-25,DET,HOU,0,0.44437212
0022400202,2024-11-10,2024-25,MIL,BOS,0,0.36856204
0022400203,2024-11-10,2024-25,IND,NYK,1,0.4021639
0022400204,2024-11-10,2024-25,ORL,WAS,1,0.8015179
0022400205,2024-11-10,2024-25,PHI,CHA,1,0.48028848
0022400206,2024-11-10,2024-25,MIN,MIA,0,0.64237833
0022400207,2024-11-10,2024-25,OKC,GSW,0,0.65605265
0022400208,2024-11-10,2024-25,DEN,DAL,1,0.58617544
0022400209,2024-11-10,2024-25,PHX,SAC,0,0.588571
0022400210,2024-11-10,2024-25,POR,MEM,0,0.51568043
0022400211,2024-11-10,2024-25,LAL,TOR,1,0.8026948
0022400212,2024-11-11,2024-25,CHI,CLE,0,0.34353426
0022400213,2024-11-11,2024-25,HOU,WAS,1,0.8151068
0022400214,2024-11-11,2024-25,NOP,BKN,0,0.28812793
0022400215,2024-11-11,2024-25,OKC,LAC,1,0.7038301
0022400216,2024-11-11,2024-25,SAS,SAC,1,0.48642853
0022400001,2024-11-12,2024-25,BOS,ATL,0,0.84877354
0022400002,2024-11-12,2024-25,DET,MIA,1,0.4416671
0022400003,2024-11-12,2024-25,ORL,CHA,1,0.6316574
0022400004,2024-11-12,2024-25,PHI,NYK,0,0.31646505
0022400005,2024-11-12,2024-25,MIL,TOR,1,0.7785309
0022400006,2024-11-12,2024-25,UTA,PHX,0,0.2933387
0022400007,2024-11-12,2024-25,GSW,DAL,1,0.6213827
0022400008,2024-11-12,2024-25,POR,MIN,1,0.2568905
0022400217,2024-11-13,2024-25,ORL,IND,1,0.5065
0022400218,2024-11-13,2024-25,BKN,BOS,0,0.33787745
0022400219,2024-11-13,2024-25,NYK,CHI,0,0.7162855
0022400220,2024-11-13,2024-25,PHI,CLE,0,0.2605151
0022400221,2024-11-13,2024-25,OKC,NOP,1,0.9223724
0022400222,2024-11-13,2024-25,HOU,LAC,1,0.49798802
0022400223,2024-11-13,2024-25,MIL,DET,1,0.6489428
0022400224,2024-11-13,2024-25,SAS,WAS,1,0.7530672
0022400225,2024-11-13,2024-25,LAL,MEM,1,0.63129985
0022400226,2024-11-13,2024-25,POR,MIN,1,0.32096788
0022400227,2024-11-13,2024-25,SAC,PHX,1,0.6489718
0022400228,2024-11-14,2024-25,UTA,DAL,1,0.20717539
0022400009,2024-11-15,2024-25,IND,MIA,0,0.51939493
0022400010,2024-11-15,2024-25,ORL,PHI,1,0.7409103
0022400011,2024-11-15,2024-25,TOR,DET,0,0.40502483
0022400012,2024-11-15,2024-25,ATL,WAS,1,0.65929353
0022400013,2024-11-15,2024-25,CLE,CHI,1,0.7642826
0022400014,2024-11-15,2024-25,NYK,BKN,1,0.762237
0022400015,2024-11-15,2024-25,SAS,LAL,0,0.4696812
0022400016,2024-11-15,2024-25,HOU,LAC,1,0.56954557
0022400017,2024-11-15,2024-25,NOP,DEN,1,0.13400309
0022400018,2024-11-15,2024-25,OKC,PHX,1,0.7613798
0022400019,2024-11-15,2024-25,GSW,MEM,1,0.7775907
0022400020,2024-11-15,2024-25,SAC,MIN,0,0.5848925
0022400229,2024-11-16,2024-25,CHA,MIL,1,0.3876956
0022400230,2024-11-16,2024-25,BOS,TOR,1,0.92024314
0022400231,2024-11-16,2024-25,NOP,LAL,0,0.21950361
0022400232,2024-11-16,2024-25,DAL,SAS,1,0.7273934
0022400233,2024-11-16,2024-25,SAC,UTA,1,0.772663
0022400234,2024-11-17,2024-25,MIN,PHX,1,0.6320148
0022400235,2024-11-17,2024-25,IND,MIA,1,0.46462622
0022400236,2024-11-17,2024-25,CLE,CHA,1,0.8679223
0022400237,2024-11-17,2024-25,WAS,DET,0,0.42739072
0022400238,2024-11-17,2024-25,MEM,DEN,1,0.5646274
0022400239,2024-11-17,2024-25,POR,ATL,1,0.5030625
0022400240,2024-11-17,2024-25,NYK,BKN,1,0.7248327
0022400241,2024-11-17,2024-25,CHI,HOU,0,0.47311857
0022400242,2024-11-17,2024-25,OKC,DAL,0,0.7465846
0022400243,2024-11-17,2024-25,LAC,UTA,1,0.78279835
0022400244,2024-11-18,2024-25,DET,CHI,0,0.5445062
0022400245,2024-11-18,2024-25,MIA,PHI,1,0.64419806
0022400246,2024-11-18,2024-25,NYK,WAS,1,0.86453986
0022400247,2024-11-18,2024-25,TOR,IND,1,0.39828694
0022400248,2024-11-18,2024-25,MIL,HOU,1,0.5779213
0022400249,2024-11-18,2024-25,PHX,ORL,0,0.5135715
0022400250,2024-11-18,2024-25,SAC,ATL,0,0.7689912
0022400251,2024-11-18,2024-25,LAC,GSW,1,0.3015574
0022400021,2024-11-19,2024-25,BOS,CLE,1,0.61881065
0022400022,2024-11-19,2024-25,BKN,CHA,1,0.52401024
0022400023,2024-11-19,2024-25,MEM,DEN,0,0.6101492
0022400024,2024-11-19,2024-25,DAL,NOP,1,0.88654447
0022400025,2024-11-19,2024-25,SAS,OKC,1,0.25159588
0022400026,2024-11-19,2024-25,LAL,UTA,1,0.8261046
0022400252,2024-11-20,2024-25,CLE,NOP,1,0.8938709
0022400253,2024-11-20,2024-25,MIL,CHI,1,0.655864
0022400254,2024-11-20,2024-25,HOU,IND,1,0.70007837
0022400255,2024-11-20,2024-25,MEM,PHI,1,0.57338405
0022400256,2024-11-20,2024-25,OKC,POR,1,0.85229415
0022400257,2024-11-20,2024-25,PHX,NYK,0,0.44487658
0022400258,2024-11-20,2024-25,GSW,ATL,1,0.80501324
0022400259,2024-11-20,2024-25,LAC,ORL,1,0.5900698
0022400260,2024-11-21,2024-25,CHA,DET,1,0.5547526
0022400261,2024-11-21,2024-25,TOR,MIN,1,0.26929715
0022400262,2024-11-21,2024-25,SAS,UTA,1,0.7280472
0022400263,2024-11-21,2024-25,LAL,ORL,0,0.6505979
0022400027,2024-11-22,2024-25,PHI,BKN,1,0.6445911
0022400028,2024-11-22,2024-25,WAS,BOS,0,0.1494706
0022400029,2024-11-22,2024-25,MIL,IND,1,0.65866816
0022400030,2024-11-22,2024-25,CHI,ATL,1,0.5815988
0022400031,2024-11-22,2024-25,HOU,POR,1,0.7743968
0022400032,2024-11-22,2024-25,NOP,GSW,0,0.071018375
0022400033,2024-11-22,2024-25,DEN,DAL,0,0.37877434
0022400034,2024-11-22,2024-25,LAC,SAC,1,0.53375036
0022400264,2024-11-23,2024-25,UTA,NYK,1,0.20460586
0022400265,2024-11-23,2024-25,ORL,DET,1,0.6290185
0022400266,2024-11-23,2024-25,CHI,MEM,0,0.4573608
0022400267,2024-11-23,2024-25,HOU,POR,0,0.7972105
0022400268,2024-11-23,2024-25,MIL,CHA,1,0.67654514
0022400269,2024-11-23,2024-25,SAS,GSW,1,0.3818802
0022400270,2024-11-23,2024-25,LAL,DEN,0,0.56603634
0022400271,2024-11-24,2024-25,BOS,MIN,1,0.68254626
0022400272,2024-11-24,2024-25,IND,WAS,1,0.74731886
0022400273,2024-11-24,2024-25,MIA,DAL,1,0.57233745
0022400274,2024-11-24,2024-25,PHI,LAC,0,0.37869623
0022400275,2024-11-24,2024-25,CLE,TOR,1,0.7466505
0022400276,2024-11-24,2024-25,SAC,BKN,0,0.7806476
0022400277,2024-11-25,2024-25,CHA,ORL,0,0.36485243
0022400278,2024-11-25,2024-25,DET,TOR,1,0.6293803
0022400279,2024-11-25,2024-25,IND,NOP,1,0.7404
0022400280,2024-11-25,2024-25,ATL,DAL,0,0.44598857
0022400281,2024-11-25,2024-25,BOS,LAC,1,0.74419636
0022400282,2024-11-25,2024-25,MEM,POR,1,0.7090272
0022400283,2024-11-25,2024-25,DEN,NYK,0,0.58546203
0022400284,2024-11-25,2024-25,GSW,BKN,0,0.88811016
0022400285,2024-11-25,2024-25,SAC,OKC,0,0.28532833
0022400035,2024-11-26,2024-25,WAS,CHI,0,0.33248663
0022400036,2024-11-26,2024-25,MIA,MIL,0,0.55952823
0022400037,2024-11-26,2024-25,MIN,HOU,0,0.44859505
0022400038,2024-11-26,2024-25,UTA,SAS,0,0.3131394
0022400039,2024-11-26,2024-25,PHX,LAL,1,0.53808933
0022400286,2024-11-27,2024-25,CHA,MIA,0,0.3653204
0022400287,2024-11-27,2024-25,CLE,ATL,0,0.78867584
0022400288,2024-11-27,2024-25,IND,POR,1,0.6747782
0022400289,2024-11-27,2024-25,ORL,CHI,1,0.7481941
0022400290,2024-11-27,2024-25,PHI,HOU,0,0.3366764
0022400291,2024-11-27,2024-25,WAS,LAC,0,0.21597685
0022400292,2024-11-27,2024-25,DAL,NYK,1,0.47704092
0022400293,2024-11-27,2024-25,MEM,DET,1,0.7997945
0022400294,2024-11-27,2024-25,MIN,SAC,0,0.44444013
0022400295,2024-11-27,2024-25,NOP,TOR,0,0.3447812
0022400296,2024-11-27,2024-25,SAS,LAL,0,0.6126838
0022400297,2024-11-27,2024-25,PHX,BKN,0,0.67668825
0022400298,2024-11-27,2024-25,UTA,DEN,0,0.18762626
0022400299,2024-11-27,2024-25,GSW,OKC,0,0.46339348
0022400040,2024-11-29,2024-25,CHA,NYK,0,0.21262325
0022400041,2024-11-29,2024-25,ATL,CLE,1,0.3681932
0022400042,2024-11-29,2024-25,MEM,NOP,1,0.85873395
0022400043,2024-11-29,2024-25,BKN,ORL,0,0.40593678
0022400044,2024-11-29,2024-25,MIN,LAC,1,0.49268624
0022400045,2024-11-29,2024-25,IND,DET,0,0.6304482
0022400046,2024-11-29,2024-25,MIA,TOR,1,0.61263156
0022400047,2024-11-29,2024-25,CHI,BOS,0,0.28005537
0022400048,2024-11-29,2024-25,LAL,OKC,0,0.30646005
0022400049,2024-11-29,2024-25,POR,SAC,1,0.27928832
0022400300,2024-11-30,2024-25,CHA,ATL,0,0.36851472
0022400301,2024-11-30,2024-25,DET,PHI,0,0.6079358
0022400302,2024-11-30,2024-25,MIL,WAS,1,0.8299792
0022400303,2024-11-30,2024-25,PHX,GSW,1,0.503672
0022400304,2024-11-30,2024-25,UTA,DAL,0,0.1672226
0022400305,2024-12-01,2024-25,BKN,ORL,0,0.30491596
0022400306,2024-12-01,2024-25,MEM,IND,1,0.8046799
0022400307,2024-12-01,2024-25,CLE,BOS,1,0.46371946
0022400308,2024-12-01,2024-25,NYK,NOP,1,0.84912235
0022400309,2024-12-01,2024-25,TOR,MIA,1,0.49894923
0022400310,2024-12-01,2024-25,HOU,OKC,1,0.4500333
0022400311,2024-12-01,2024-25,UTA,LAL,0,0.26732716
0022400312,2024-12-01,2024-25,POR,DAL,0,0.3399833
0022400313,2024-12-01,2024-25,SAC,SAS,0,0.6368188
0022400314,2024-12-01,2024-25,LAC,DEN,1,0.4812709
0022400315,2024-12-02,2024-25,ATL,NOP,1,0.76741755
0022400316,2024-12-02,2024-25,BOS,MIA,1,0.7555637
0022400317,2024-12-02,2024-25,CHI,BKN,1,0.67764413
0022400318,2024-12-02,2024-25,MIN,LAL,1,0.69677013
0022400050,2024-12-03,2024-25,CHA,PHI,0,0.40656948
0022400051,2024-12-03,2024-25,CLE,WAS,1,0.884657
0022400052,2024-12-03,2024-25,DET,MIL,0,0.31960788
0022400053,2024-12-03,2024-25,NYK,ORL,1,0.55912155
0022400054,2024-12-03,2024-25,TOR,IND,1,0.63111943
0022400055,2024-12-03,2024-25,OKC,UTA,1,0.9109633
0022400056,2024-12-03,2024-25,DAL,MEM,1,0.5170247
0022400057,2024-12-03,2024-25,PHX,SAS,1,0.5852015
0022400058,2024-12-03,2024-25,DEN,GSW,1,0.5609812
0022400059,2024-12-03,2024-25,SAC,HOU,1,0.50327796
0022400060,2024-12-03,2024-25,LAC,POR,1,0.771586
0022400319,2024-12-04,2024-25,BOS,DET,1,0.853731
0022400320,2024-12-04,2024-25,BKN,IND,1,0.45017645
0022400321,2024-12-04,2024-25,MIA,LAL,1,0.5889064
0022400322,2024-12-04,2024-25,PHI,ORL,0,0.37684315
0022400323,2024-12-04,2024-25,MIL,ATL,0,0.589142
0022400324,2024-12-04,2024-25,LAC,MIN,0,0.4846948
0022400325,2024-12-05,2024-25,CLE,DEN,1,0.55975634
0022400326,2024-12-05,2024-25,WAS,DAL,0,0.14223747
0022400327,2024-12-05,2024-25,NYK,CHA,1,0.8624738
0022400328,2024-12-05,2024-25,TOR,OKC,0,0.30481064
0022400329,2024-12-05,2024-25,MEM,SAC,1,0.6473019
0022400330,2024-12-05,2024-25,NOP,PHX,1,0.29259214
0022400331,2024-12-05,2024-25,SAS,CHI,0,0.55634016
0022400332,2024-12-05,2024-25,GSW,HOU,1,0.5335919
0022400333,2024-12-06,2024-25,PHI,ORL,1,0.29018706
0022400334,2024-12-06,2024-25,ATL,LAL,1,0.67289466
0022400335,2024-12-06,2024-25,BOS,MIL,1,0.68958366
0022400336,2024-12-06,2024-25,CHI,IND,0,0.5858558
0022400337,2024-12-06,2024-25,SAS,SAC,0,0.40701482
0022400338,2024-12-06,2024-25,GSW,MIN,0,0.37762675
0022400339,2024-12-06,2024-25,POR,UTA,0,0.6268237
0022400340,2024-12-07,2024-25,CHA,CLE,0,0.16814081
0022400341,2024-12-07,2024-25,WAS,DEN,1,0.13590838
0022400342,2024-12-07,2024-25,NOP,OKC,0,0.16713297
0022400343,2024-12-07,2024-25,NYK,DET,0,0.6898784
0022400344,2024-12-07,2024-25,TOR,DAL,0,0.30318278
0022400345,2024-12-07,2024-25,BOS,MEM,0,0.6082854
0022400346,2024-12-07,2024-25,MIA,PHX,1,0.60262793
0022400347,2024-12-08,2024-25,CHI,PHI,0,0.58597815
0022400348,2024-12-08,2024-25,BKN,MIL,0,0.29831457
0022400349,2024-12-08,2024-25,IND,CHA,0,0.78276813
0022400350,2024-12-08,2024-25,ATL,DEN,0,0.53514504
0022400351,2024-12-08,2024-25,MIA,CLE,1,0.49272802
0022400352,2024-12-08,2024-25,ORL,PHX,1,0.7041842
0022400353,2024-12-08,2024-25,WAS,MEM,0,0.16504326
0022400354,2024-12-08,2024-25,SAS,NOP,1,0.60366786
0022400355,2024-12-08,2024-25,GSW,MIN,1,0.52473813
0022400356,2024-12-08,2024-25,LAC,HOU,0,0.39426997
0022400357,2024-12-08,2024-25,SAC,UTA,1,0.81710774
0022400358,2024-12-08,2024-25,LAL,POR,1,0.69722176
0022400359,2024-12-09,2024-25,TOR,NYK,0,0.37991107
0022401201,2024-12-10,2024-25,MIL,ORL,1,0.64403814
0022401203,2024-12-10,2024-25,OKC,DAL,1,0.67847866
0022401202,2024-12-11,2024-25,NYK,ATL,0,0.75991917
0022401204,2024-12-11,2024-25,HOU,GSW,1,0.49496353
0022401205,2024-12-12,2024-25,BOS,DET,1,0.78935224
0022401206,2024-12-12,2024-25,MIA,TOR,1,0.74309355
0022401207,2024-12-12,2024-25,NOP,SAC,0,0.26103345
0022401208,2024-12-13,2024-25,CLE,WAS,1,0.9063332
0022401209,2024-12-13,2024-25,PHI,IND,0,0.6383209
0022401210,2024-12-13,2024-25,MIN,LAL,1,0.7430897
0022401211,2024-12-13,2024-25,MEM,BKN,1,0.77418494
0022401212,2024-12-13,2024-25,CHI,CHA,1,0.7937325
0022401213,2024-12-13,2024-25,DEN,LAC,1,0.74069303
0022401214,2024-12-13,2024-25,UTA,PHX,0,0.3554777
0022401215,2024-12-13,2024-25,POR,SAS,0,0.41957298
0022401216,2024-12-15,2024-25,IND,NOP,1,0.5885291
0022401217,2024-12-15,2024-25,WAS,BOS,0,0.09769038
0022401218,2024-12-15,2024-25,SAS,MIN,0,0.37647215
0022401219,2024-12-15,2024-25,PHX,POR,1,0.7625569
0022401220,2024-12-15,2024-25,LAL,MEM,1,0.35292882
0022401227,2024-12-15,2024-25,ORL,NYK,0,0.45205414
0022401228,2024-12-15,2024-25,GSW,DAL,0,0.4106109
0022401221,2024-12-16,2024-25,DET,MIA,1,0.38632387
0022401222,2024-12-16,2024-25,CHA,PHI,0,0.32444796
0022401223,2024-12-16,2024-25,TOR,CHI,0,0.49020645
0022401224,2024-12-16,2024-25,BKN,CLE,0,0.2771629
0022401225,2024-12-16,2024-25,SAC,DEN,0,0.5494663
0022401226,2024-12-16,2024-25,LAC,UTA,1,0.71804535
0022400360,2024-12-19,2024-25,DET,UTA,0,0.7079864
0022400361,2024-12-19,2024-25,ORL,OKC,0,0.25946614
0022400362,2024-12-19,2024-25,WAS,CHA,1,0.42546865
0022400363,2024-12-19,2024-25,BOS,CHI,0,0.8365299
0022400364,2024-12-19,2024-25,TOR,BKN,0,0.5381269
0022400365,2024-12-19,2024-25,HOU,NOP,1,0.80038106
0022400366,2024-12-19,2024-25,MEM,GSW,1,0.63819885
0022400367,2024-12-19,2024-25,MIN,NYK,0,0.55232716
0022400368,2024-12-19,2024-25,DAL,LAC,0,0.76364607
0022400369,2024-12-19,2024-25,PHX,IND,0,0.6750096
0022400370,2024-12-19,2024-25,SAS,ATL,1,0.47926763
0022400371,2024-12-19,2024-25,POR,DEN,1,0.22851205
0022400372,2024-12-19,2024-25,SAC,LAL,0,0.6801295
0022400373,2024-12-20,2024-25,PHI,CHA,1,0.7334419
0022400374,2024-12-20,2024-25,CLE,MIL,1,0.5816609
0022400375,2024-12-20,2024-25,MIA,OKC,0,0.44639564
0022400376,2024-12-21,2024-25,SAC,LAL,0,0.6911115
0022400377,2024-12-21,2024-25,ORL,MIA,1,0.5830076
0022400378,2024-12-21,2024-25,ATL,MEM,0,0.3616054
0022400379,2024-12-21,2024-25,BKN,UTA,0,0.5915471
0022400380,2024-12-21,2024-25,CLE,PHI,1,0.7562188
0022400381,2024-12-21,2024-25,CHI,BOS,0,0.28998727
0022400382,2024-12-21,2024-25,MIL,WAS,1,0.8053349
0022400383,2024-12-21,2024-25,MIN,GSW,0,0.7014464
0022400384,2024-12-21,2024-25,NOP,NYK,0,0.25010073
0022400385,2024-12-21,2024-25,DAL,LAC,1,0.49254045
0022400386,2024-12-21,2024-25,SAS,POR,1,0.6471664
0022400387,2024-12-21,2024-25,PHX,DET,0,0.6659185
0022400388,2024-12-22,2024-25,TOR,HOU,0,0.26350033
0022400389,2024-12-22,2024-25,SAC,IND,0,0.5787701
0022400390,2024-12-22,2024-25,NOP,DEN,0,0.18308611
0022400391,2024-12-23,2024-25,CHA,HOU,0,0.25532717
0022400392,2024-12-23,2024-25,CLE,UTA,1,0.8376855
0022400393,2024-12-23,2024-25,ORL,BOS,1,0.33979276
0022400394,2024-12-23,2024-25,PHI,SAS,1,0.4451209
0022400395,2024-12-23,2024-25,ATL,MIN,1,0.33168224
0022400396,2024-12-23,2024-25,MIA,BKN,1,0.7431187
0022400397,2024-12-23,2024-25,NYK,TOR,1,0.8921667
0022400398,2024-12-23,2024-25,CHI,MIL,0,0.49912676
0022400399,2024-12-23,2024-25,MEM,LAC,0,0.6761715
0022400400,2024-12-23,2024-25,OKC,WAS,1,0.9413743
0022400401,2024-12-23,2024-25,DAL,POR,1,0.7801213
0022400402,2024-12-23,2024-25,DEN,PHX,1,0.5745421
0022400403,2024-12-23,2024-25,GSW,IND,0,0.5785719
0022400404,2024-12-23,2024-25,LAL,DET,0,0.5440768
0022400405,2024-12-25,2024-25,NYK,SAS,1,0.73315126
0022400406,2024-12-25,2024-25,DAL,MIN,0,0.6244722
0022400407,2024-12-25,2024-25,BOS,PHI,0,0.78884065
0022400408,2024-12-25,2024-25,GSW,LAL,0,0.5774088
0022400409,2024-12-25,2024-25,PHX,DEN,1,0.43518505
0022400410,2024-12-26,2024-25,IND,OKC,0,0.27615196
0022400411,2024-12-26,2024-25,ORL,MIA,0,0.6330727
0022400412,2024-12-26,2024-25,WAS,CHA,1,0.4871285
0022400413,2024-12-26,2024-25,ATL,CHI,1,0.57021606
0022400414,2024-12-26,2024-25,MEM,TOR,1,0.8582229
0022400415,2024-12-26,2024-25,MIL,BKN,0,0.80703026
0022400416,2024-12-26,2024-25,NOP,HOU,0,0.29566574
0022400417,2024-12-26,2024-25,POR,UTA,1,0.5028962
0022400418,2024-12-26,2024-25,SAC,DET,0,0.6337893
0022400419,2024-12-27,2024-25,ORL,NYK,0,0.34168944
0022400420,2024-12-27,2024-25,BOS,IND,1,0.79524165
0022400421,2024-12-27,2024-25,BKN,SAS,0,0.33121213
0022400422,2024-12-27,2024-25,HOU,MIN,0,0.44402155
0022400423,2024-12-27,2024-25,NOP,MEM,0,0.16735591
0022400424,2024-12-27,2024-25,DEN,CLE,0,0.5282997
0022400425,2024-12-27,2024-25,PHX,DAL,0,0.43209395
0022400426,2024-12-27,2024-25,LAC,GSW,1,0.6481888
0022400427,2024-12-28,2024-25,ATL,MIA,1,0.54593885
0022400428,2024-12-28,2024-25,CHA,OKC,0,0.14649144
0022400429,2024-12-28,2024-25,WAS,NYK,0,0.19266075
0022400430,2024-12-28,2024-25,CHI,MIL,1,0.43966648
0022400431,2024-12-28,2024-25,GSW,PHX,1,0.44816783
0022400432,2024-12-28,2024-25,DEN,DET,1,0.65675807
0022400433,2024-12-28,2024-25,UTA,PHI,0,0.29552504
0022400434,2024-12-28,2024-25,POR,DAL,1,0.33752388
0022400435,2024-12-28,2024-25,LAL,SAC,1,0.5551898
0022400436,2024-12-29,2024-25,ORL,BKN,1,0.79634076
0022400437,2024-12-29,2024-25,BOS,IND,0,0.8242513
0022400438,2024-12-29,2024-25,TOR,ATL,0,0.47120076
0022400439,2024-12-29,2024-25,HOU,MIA,0,0.70337856
0022400440,2024-12-29,2024-25,OKC,MEM,1,0.5007778
0022400441,2024-12-29,2024-25,MIN,SAS,1,0.68963236
0022400442,2024-12-30,2024-25,CHA,CHI,0,0.3057306
0022400443,2024-12-30,2024-25,WAS,NYK,0,0.1677044
0022400444,2024-12-30,2024-25,NOP,LAC,0,0.23302066
0022400445,2024-12-30,2024-25,UTA,DEN,0,0.25892156
0022400446,2024-12-30,2024-25,GSW,CLE,0,0.3674296
0022400447,2024-12-30,2024-25,POR,PHI,0,0.3641872
0022400448,2024-12-30,2024-25,SAC,DAL,1,0.5871386
0022400449,2024-12-31,2024-25,BOS,TOR,1,0.8691958
0022400450,2024-12-31,2024-25,IND,MIL,0,0.456689
0022400451,2024-12-31,2024-25,SAS,LAC,1,0.5157068
0022400452,2024-12-31,2024-25,OKC,MIN,1,0.71847785
0022400453,2024-12-31,2024-25,PHX,MEM,0,0.4475767
0022400454,2024-12-31,2024-25,LAL,CLE,0,0.42357123
0022400455,2025-01-01,2024-25,DET,ORL,1,0.47449496
0022400456,2025-01-01,2024-25,WAS,CHI,1,0.28319985
0022400457,2025-01-01,2024-25,MIA,NOP,1,0.77394336
0022400458,2025-01-01,2024-25,NYK,UTA,1,0.85065454
0022400459,2025-01-01,2024-25,TOR,BKN,1,0.5566148
0022400460,2025-01-01,2024-25,HOU,DAL,1,0.66305643
0022400461,2025-01-01,2024-25,DEN,ATL,1,0.71826214
0022400462,2025-01-01,2024-25,SAC,PHI,1,0.60626984
0022400463,2025-01-02,2024-25,MIA,IND,0,0.54416883
0022400464,2025-01-02,2024-25,MIN,BOS,0,0.40362364
0022400465,2025-01-02,2024-25,MIL,BKN,0,0.8550096
0022400466,2025-01-02,2024-25,OKC,LAC,1,0.8271641
0022400467,2025-01-02,2024-25,GSW,PHI,1,0.6178444
0022400468,2025-01-02,2024-25,LAL,POR,1,0.7762496
0022400469,2025-01-03,2024-25,DET,CHA,1,0.76583004
0022400470,2025-01-03,2024-25,TOR,ORL,0,0.41974673
0022400471,2025-01-03,2024-25,HOU,BOS,0,0.42983693
0022400472,2025-01-03,2024-25,NOP,WAS,1,0.6126976
0022400473,2025-01-03,2024-25,OKC,NYK,1,0.6327495
0022400474,2025-01-03,2024-25,DAL,CLE,0,0.3272923
0022400475,2025-01-03,2024-25,DEN,SAS,0,0.76038605
0022400476,2025-01-03,2024-25,SAC,MEM,1,0.5041155
0022400477,2025-01-03,2024-25,LAL,ATL,1,0.50765866
0022400478,2025-01-04,2024-25,BKN,PHI,0,0.35390294
0022400479,2025-01-04,2024-25,DET,MIN,1,0.32452595
0022400480,2025-01-04,2024-25,IND,PHX,1,0.5133407
0022400481,2025-01-04,2024-25,MIA,UTA,0,0.76582205
0022400482,2025-01-04,2024-25,CHI,NYK,1,0.42145675
0022400483,2025-01-04,2024-25,MIL,POR,0,0.82873553
0022400484,2025-01-04,2024-25,SAS,DEN,0,0.42272863
0022400485,2025-01-04,2024-25,GSW,MEM,1,0.51639026
0022400486,2025-01-04,2024-25,LAC,ATL,1,0.6024613
0022400487,2025-01-05,2024-25,OKC,BOS,1,0.640091
0022400488,2025-01-05,2024-25,CLE,CHA,1,0.89802957
0022400489,2025-01-05,2024-25,WAS,NOP,0,0.517577
0022400490,2025-01-05,2024-25,ORL,UTA,0,0.72034246
0022400491,2025-01-05,2024-25,HOU,LAL,1,0.56281114
0022400492,2025-01-05,2024-25,GSW,SAC,0,0.4621913
0022400493,2025-01-06,2024-25,DET,POR,1,0.7273999
0022400494,2025-01-06,2024-25,PHI,PHX,0,0.5412441
0022400495,2025-01-06,2024-25,BKN,IND,0,0.21355349
0022400496,2025-01-06,2024-25,NYK,ORL,0,0.787255
0022400497,2025-01-06,2024-25,TOR,MIL,0,0.35754362
0022400498,2025-01-06,2024-25,CHI,SAS,1,0.555705
0022400499,2025-01-06,2024-25,MEM,DAL,1,0.71045226
0022400500,2025-01-06,2024-25,MIN,LAC,1,0.5896215
0022400501,2025-01-06,2024-25,SAC,MIA,1,0.63718826
0022400502,2025-01-07,2024-25,CHA,PHX,1,0.3543836
0022400503,2025-01-07,2024-25,WAS,HOU,0,0.2608141
0022400504,2025-01-07,2024-25,DAL,LAL,1,0.45207414
0022400505,2025-01-07,2024-25,NOP,MIN,0,0.32534605
0022400506,2025-01-07,2024-25,UTA,ATL,0,0.5425039
0022400507,2025-01-07,2024-25,DEN,BOS,0,0.48556694
0022400508,2025-01-07,2024-25,GSW,MIA,0,0.66297156
0022400509,2025-01-08,2024-25,CLE,OKC,1,0.41705975
0022400510,2025-01-08,2024-25,IND,CHI,1,0.5893806
0022400511,2025-01-08,2024-25,NYK,TOR,1,0.7932514
0022400512,2025-01-08,2024-25,PHI,WAS,1,0.82302886
0022400513,2025-01-08,2024-25,BKN,DET,0,0.2461464
0022400514,2025-01-08,2024-25,NOP,POR,0,0.6177134
0022400515,2025-01-08,2024-25,DEN,LAC,1,0.46310848
0022400516,2025-01-08,2024-25,MIL,SAS,1,0.6847333
0022400517,2025-01-09,2024-25,CLE,TOR,1,0.87665147
0022400518,2025-01-09,2024-25,DET,GSW,0,0.48713726
0022400519,2025-01-09,2024-25,ORL,MIN,0,0.4608956
0022400520,2025-01-09,2024-25,MEM,HOU,0,0.6128883
0022400521,2025-01-09,2024-25,DAL,POR,1,0.781357
0022400522,2025-01-09,2024-25,PHX,ATL,1,0.6371404
0022400523,2025-01-09,2024-25,UTA,MIA,0,0.48178664
0022400525,2025-01-10,2024-25,IND,GSW,1,0.67230755
0022400526,2025-01-10,2024-25,ORL,MIL,0,0.3736051
0022400527,2025-01-10,2024-25,PHI,NOP,0,0.73332506
0022400528,2025-01-10,2024-25,BOS,SAC,0,0.7374828
0022400529,2025-01-10,2024-25,NYK,OKC,0,0.31048906
0022400530,2025-01-10,2024-25,CHI,WAS,1,0.8009037
0022400531,2025-01-10,2024-25,DEN,BKN,1,0.9072019
0022400533,2025-01-11,2024-25,PHX,UTA,1,0.7111345
0022400534,2025-01-11,2024-25,DET,TOR,1,0.63895243
0022400535,2025-01-11,2024-25,MIN,MEM,0,0.43577194
0022400536,2025-01-11,2024-25,POR,MIA,0,0.3407327
0022400539,2025-01-12,2024-25,NYK,MIL,1,0.5227409
0022400540,2025-01-12,2024-25,DAL,DEN,0,0.36278474
0022400541,2025-01-12,2024-25,CHI,SAC,0,0.45228213
0022400542,2025-01-12,2024-25,BOS,NOP,1,0.922207
0022400543,2025-01-12,2024-25,CLE,IND,0,0.71106434
0022400544,2025-01-12,2024-25,ORL,PHI,1,0.6056868
0022400545,2025-01-12,2024-25,WAS,OKC,0,0.073738515
0022400546,2025-01-12,2024-25,UTA,BKN,1,0.7656362
0022400547,2025-01-12,2024-25,PHX,CHA,1,0.6606674
0022400548,2025-01-13,2024-25,WAS,MIN,0,0.1985891
0022400549,2025-01-13,2024-25,NYK,DET,0,0.6337844
0022400550,2025-01-13,2024-25,TOR,GSW,1,0.5677276
0022400551,2025-01-13,2024-25,HOU,MEM,1,0.43387353
0022400552,2025-01-13,2024-25,LAL,SAS,0,0.6534458
0022400553,2025-01-13,2024-25,LAC,MIA,1,0.5949595
0022400554,2025-01-14,2024-25,IND,CLE,0,0.40021375
0022400555,2025-01-14,2024-25,PHI,OKC,0,0.21011943
0022400556,2025-01-14,2024-25,ATL,PHX,1,0.48374364
0022400557,2025-01-14,2024-25,CHI,NOP,0,0.6903379
0022400558,2025-01-14,2024-25,MIL,SAC,1,0.5378871
0022400559,2025-01-14,2024-25,DAL,DEN,0,0.359556
0022400560,2025-01-14,2024-25,POR,BKN,0,0.62636864
0022400561,2025-01-15,2024-25,PHI,NYK,0,0.23006293
0022400562,2025-01-15,2024-25,TOR,BOS,1,0.1874495
0022400563,2025-01-15,2024-25,CHI,ATL,0,0.59916615
0022400564,2025-01-15,2024-25,MIL,ORL,1,0.64877266
0022400565,2025-01-15,2024-25,MIN,GSW,0,0.7132032
0022400566,2025-01-15,2024-25,NOP,DAL,1,0.39051378
0022400567,2025-01-15,2024-25,SAS,MEM,0,0.36658493
0022400568,2025-01-15,2024-25,DEN,HOU,0,0.61872065
0022400569,2025-01-15,2024-25,UTA,CHA,0,0.47917926
0022400570,2025-01-15,2024-25,LAL,MIA,1,0.60411143
0022400571,2025-01-15,2024-25,LAC,BKN,1,0.8361685
0022400572,2025-01-16,2024-25,DET,IND,0,0.53445995
0022400573,2025-01-16,2024-25,WAS,PHX,0,0.23708072
0022400574,2025-01-16,2024-25,OKC,CLE,1,0.704502
0022400575,2025-01-16,2024-25,POR,LAC,0,0.24477118
0022400576,2025-01-16,2024-25,SAC,HOU,1,0.60675967
0022400577,2025-01-17,2024-25,BOS,ORL,1,0.8240248
0022400578,2025-01-17,2024-25,NYK,MIN,0,0.6909502
0022400579,2025-01-17,2024-25,MIA,DEN,0,0.4739589
0022400580,2025-01-17,2024-25,MIL,TOR,1,0.7838502
0022400581,2025-01-17,2024-25,NOP,UTA,1,0.6618038
0022400582,2025-01-17,2024-25,SAS,MEM,0,0.34594855
0022400583,2025-01-17,2024-25,DAL,OKC,1,0.23632304
0022400584,2025-01-17,2024-25,CHI,CHA,0,0.6212005
0022400585,2025-01-17,2024-25,LAL,BKN,1,0.88636714
0022400586,2025-01-18,2024-25,DET,PHX,0,0.49032515
0022400587,2025-01-18,2024-25,BOS,ATL,0,0.7997709
0022400588,2025-01-18,2024-25,IND,PHI,1,0.70254666
0022400589,2025-01-18,2024-25,GSW,WAS,1,0.7593812
0022400590,2025-01-18,2024-25,MIN,CLE,0,0.3069936
0022400591,2025-01-18,2024-25,POR,HOU,0,0.16693068
0022400592,2025-01-19,2024-25,MIA,SAS,1,0.6315787
0022400593,2025-01-19,2024-25,ORL,DEN,0,0.249927
0022400594,2025-01-19,2024-25,MIL,PHI,1,0.8087265
0022400595,2025-01-19,2024-25,OKC,BKN,1,0.93550503
0022400596,2025-01-19,2024-25,LAC,LAL,1,0.6024207
0022400597,2025-01-19,2024-25,POR,CHI,1,0.2993277
0022400598,2025-01-19,2024-25,SAC,WAS,1,0.9044905
0022400599,2025-01-20,2024-25,CHA,DAL,1,0.40562445
0022400600,2025-01-20,2024-25,HOU,DET,0,0.73774475
0022400601,2025-01-20,2024-25,MEM,MIN,1,0.6665491
0022400602,2025-01-20,2024-25,NYK,ATL,1,0.65706867
0022400603,2025-01-20,2024-25,CLE,PHX,1,0.8021901
0022400604,2025-01-20,2024-25,GSW,BOS,0,0.24451211
0022400605,2025-01-20,2024-25,NOP,UTA,1,0.7535044
0022400611,2025-01-20,2024-25,LAC,CHI,0,0.7551282
0022400606,2025-01-21,2024-25,BKN,NYK,0,0.2124848
0022400607,2025-01-21,2024-25,MIA,POR,0,0.8041345
0022400608,2025-01-21,2024-25,TOR,ORL,1,0.49843547
0022400609,2025-01-21,2024-25,DEN,PHI,1,0.80721056
0022400610,2025-01-21,2024-25,LAL,WAS,1,0.84413564
0022400612,2025-01-22,2024-25,ATL,DET,0,0.63902074
0022400613,2025-01-22,2024-25,BKN,PHX,0,0.27130875
0022400614,2025-01-22,2024-25,DAL,MIN,0,0.638388
0022400615,2025-01-22,2024-25,HOU,CLE,1,0.4566034
0022400616,2025-01-22,2024-25,MEM,CHA,1,0.75184256
0022400618,2025-01-22,2024-25,OKC,UTA,1,0.93275875
0022400619,2025-01-22,2024-25,SAC,GSW,1,0.8016725
0022400620,2025-01-22,2024-25,LAC,BOS,0,0.30616665
0022400622,2025-01-23,2024-25,ORL,POR,0,0.633736
0022400623,2025-01-23,2024-25,ATL,TOR,0,0.66197526
0022400624,2025-01-23,2024-25,MIL,MIA,1,0.7245988
0022400625,2025-01-23,2024-25,OKC,DAL,0,0.8123848
0022400626,2025-01-23,2024-25,DEN,SAC,1,0.7365337
0022400628,2025-01-23,2024-25,GSW,CHI,1,0.43118873
0022400629,2025-01-23,2024-25,LAL,BOS,1,0.4523333
0022400983,2025-01-23,2024-25,LAC,WAS,1,0.75457066
0022400630,2025-01-24,2024-25,CHA,POR,0,0.7229037
0022400631,2025-01-24,2024-25,PHI,CLE,1,0.23934032
0022400632,2025-01-24,2024-25,MEM,NOP,1,0.7795524
0022400634,2025-01-25,2024-25,MIN,DEN,1,0.35515785
0022400635,2025-01-25,2024-25,DAL,BOS,0,0.39070687
0022400636,2025-01-25,2024-25,BKN,MIA,0,0.2062729
0022400637,2025-01-25,2024-25,CHA,NOP,1,0.4774421
0022400638,2025-01-25,2024-25,ORL,DET,1,0.51657623
0022400639,2025-01-25,2024-25,ATL,TOR,0,0.6934868
0022400640,2025-01-25,2024-25,CLE,HOU,0,0.5575857
0022400641,2025-01-25,2024-25,NYK,SAC,1,0.5869203
0022400642,2025-01-25,2024-25,CHI,PHI,0,0.6155021
0022400643,2025-01-25,2024-25,MEM,UTA,1,0.7664897
0022400644,2025-01-25,2024-25,GSW,LAL,0,0.41522118
0022400645,2025-01-25,2024-25,PHX,WAS,1,0.82690257
0022400646,2025-01-25,2024-25,LAC,MIL,1,0.49802065
0022400647,2025-01-26,2024-25,POR,OKC,0,0.14074986
0022400648,2025-01-27,2024-25,CHA,LAL,0,0.38552922
0022400649,2025-01-27,2024-25,CLE,DET,1,0.7689703
0022400650,2025-01-27,2024-25,BOS,HOU,0,0.6298001
0022400651,2025-01-27,2024-25,BKN,SAC,0,0.15450805
0022400652,2025-01-27,2024-25,MIA,ORL,1,0.5306544
0022400653,2025-01-27,2024-25,NYK,MEM,1,0.5542854
0022400654,2025-01-27,2024-25,TOR,NOP,1,0.59410644
0022400655,2025-01-27,2024-25,CHI,DEN,1,0.26084265
0022400656,2025-01-27,2024-25,MIN,ATL,1,0.7499726
0022400657,2025-01-27,2024-25,DAL,WAS,1,0.83140635
0022400658,2025-01-27,2024-25,UTA,MIL,0,0.20304723
0022400659,2025-01-27,2024-25,PHX,LAC,1,0.4431184
0022400532,2025-01-28,2024-25,ATL,HOU,0,0.23982915
0022400660,2025-01-28,2024-25,PHI,LAL,1,0.44318277
0022400661,2025-01-28,2024-25,GSW,UTA,1,0.7384797
0022400662,2025-01-28,2024-25,POR,MIL,1,0.3055216
0022400663,2025-01-29,2024-25,CHA,BKN,0,0.8004125
0022400664,2025-01-29,2024-25,IND,DET,1,0.74608594
0022400665,2025-01-29,2024-25,WAS,TOR,0,0.34658825
0022400666,2025-01-29,2024-25,BOS,CHI,1,0.76315963
0022400667,2025-01-29,2024-25,MIA,CLE,0,0.38394523
0022400668,2025-01-29,2024-25,NYK,DEN,1,0.47722015
0022400669,2025-01-29,2024-25,PHI,SAC,1,0.31356925
0022400670,2025-01-29,2024-25,NOP,DAL,0,0.43118554
0022400671,2025-01-29,2024-25,SAS,LAC,0,0.41548648
0022400672,2025-01-29,2024-25,PHX,MIN,0,0.5366353
0022400673,2025-01-29,2024-25,GSW,OKC,1,0.10979796
0022400674,2025-01-30,2024-25,WAS,LAL,0,0.19291578
0022400675,2025-01-30,2024-25,CLE,ATL,1,0.7589258
0022400676,2025-01-30,2024-25,MEM,HOU,1,0.49539942
0022400677,2025-01-30,2024-25,UTA,MIN,0,0.26448548
0022400678,2025-01-30,2024-25,POR,ORL,1,0.41659424
0022400679,2025-01-31,2024-25,CHA,LAC,0,0.18747143
0022400680,2025-01-31,2024-25,DET,DAL,1,0.4650584
0022400681,2025-01-31,2024-25,PHI,DEN,0,0.2980041
0022400682,2025-01-31,2024-25,TOR,CHI,0,0.59845656
0022400683,2025-01-31,2024-25,NOP,BOS,0,0.2705417
0022400684,2025-01-31,2024-25,SAS,MIL,1,0.40155974
0022400685,2025-01-31,2024-25,GSW,PHX,0,0.5076458
0022400686,2025-02-01,2024-25,IND,ATL,1,0.8086446
0022400687,2025-02-01,2024-25,UTA,ORL,1,0.40269575
0022400688,2025-02-01,2024-25,CHA,DEN,0,0.16114849
0022400689,2025-02-01,2024-25,HOU,BKN,0,0.88767034
0022400690,2025-02-01,2024-25,MIN,WAS,0,0.88687354
0022400691,2025-02-01,2024-25,OKC,SAC,1,0.78346974
0022400692,2025-02-01,2024-25,NYK,LAL,0,0.68293387
0022400693,2025-02-01,2024-25,SAS,MIA,0,0.5448826
0022400694,2025-02-01,2024-25,POR,PHX,1,0.46137694
0022400695,2025-02-02,2024-25,DET,CHI,1,0.57654774
0022400696,2025-02-02,2024-25,CLE,DAL,1,0.7013863
0022400697,2025-02-02,2024-25,TOR,LAC,1,0.3357677
0022400698,2025-02-02,2024-25,PHI,BOS,0,0.3103151
0022400699,2025-02-02,2024-25,MIL,MEM,0,0.54257363
0022400700,2025-02-03,2024-25,CHA,WAS,0,0.6284159
0022400701,2025-02-03,2024-25,DET,ATL,0,0.6425915
0022400702,2025-02-03,2024-25,NYK,HOU,1,0.64062965
0022400703,2025-02-03,2024-25,MEM,SAS,1,0.6970338
0022400704,2025-02-03,2024-25,MIN,SAC,0,0.5015635
0022400705,2025-02-03,2024-25,OKC,MIL,1,0.8471511
0022400706,2025-02-03,2024-25,DEN,NOP,1,0.87932265
0022400707,2025-02-03,2024-25,UTA,IND,0,0.2501674
0022400708,2025-02-03,2024-25,GSW,ORL,1,0.5771443
0022400709,2025-02-03,2024-25,POR,PHX,1,0.4737978
0022400710,2025-02-04,2024-25,CLE,BOS,0,0.5422287
0022400711,2025-02-04,2024-25,BKN,HOU,1,0.3105677
0022400712,2025-02-04,2024-25,PHI,DAL,1,0.6580761
0022400713,2025-02-04,2024-25,TOR,NYK,0,0.3575302
0022400714,2025-02-04,2024-25,CHI,MIA,1,0.54486614
0022400715,2025-02-04,2024-25,LAC,LAL,0,0.5291152
0022400716,2025-02-04,2024-25,POR,IND,1,0.3475703
0022400717,2025-02-05,2024-25,CHA,MIL,0,0.43239397
0022400718,2025-02-05,2024-25,DET,CLE,0,0.4231411
0022400719,2025-02-05,2024-25,ATL,SAS,0,0.4815859
0022400720,2025-02-05,2024-25,BKN,WAS,0,0.6052929
0022400721,2025-02-05,2024-25,PHI,MIA,0,0.6032903
0022400722,2025-02-05,2024-25,TOR,MEM,0,0.26247612
0022400723,2025-02-05,2024-25,MIN,CHI,1,0.697064
0022400724,2025-02-05,2024-25,OKC,PHX,1,0.8305878
0022400725,2025-02-05,2024-25,UTA,GSW,1,0.3905455
0022400726,2025-02-05,2024-25,DEN,NOP,1,0.8591424
0022400727,2025-02-05,2024-25,SAC,ORL,0,0.7612186
0022400728,2025-02-06,2024-25,BOS,DAL,0,0.8148568
0022400729,2025-02-06,2024-25,MIN,HOU,1,0.4242927
0022400730,2025-02-06,2024-25,DEN,ORL,1,0.8019481
0022400731,2025-02-06,2024-25,LAL,GSW,1,0.7968684
0022400732,2025-02-06,2024-25,POR,SAC,1,0.45656562
0022400733,2025-02-06,2024-25,LAC,IND,0,0.4750326
0022400734,2025-02-07,2024-25,CHA,SAS,1,0.29474777
0022400735,2025-02-07,2024-25,WAS,CLE,0,0.20016588
0022400736,2025-02-07,2024-25,ATL,MIL,1,0.41884068
0022400737,2025-02-07,2024-25,BKN,MIA,1,0.3716323
0022400738,2025-02-07,2024-25,DET,PHI,1,0.5793837
0022400739,2025-02-07,2024-25,OKC,TOR,1,0.9195734
0022400740,2025-02-07,2024-25,PHX,UTA,1,0.63533187
0022400741,2025-02-08,2024-25,DAL,HOU,1,0.4494521
0022400742,2025-02-08,2024-25,LAL,IND,1,0.67489904
0022400743,2025-02-08,2024-25,ORL,SAS,1,0.5052897
0022400744,2025-02-08,2024-25,WAS,ATL,0,0.37342077
0022400745,2025-02-08,2024-25,CHI,GSW,0,0.54879683
0022400746,2025-02-08,2024-25,MEM,OKC,0,0.4489139
0022400747,2025-02-08,2024-25,MIN,POR,1,0.70622194
0022400748,2025-02-08,2024-25,NYK,BOS,0,0.54830873
0022400749,2025-02-08,2024-25,PHX,DEN,0,0.24415252
0022400750,2025-02-08,2024-25,SAC,NOP,1,0.79433304
0022400751,2025-02-08,2024-25,LAC,UTA,1,0.8145882
0022400752,2025-02-09,2024-25,DET,CHA,1,0.73144776
0022400753,2025-02-09,2024-25,HOU,TOR,1,0.7662703
0022400754,2025-02-09,2024-25,MIL,PHI,1,0.50293165
0022400755,2025-02-10,2024-25,CLE,MIN,1,0.7357837
0022400756,2025-02-10,2024-25,ORL,ATL,0,0.5602017
0022400757,2025-02-10,2024-25,WAS,SAS,0,0.29476598
0022400758,2025-02-10,2024-25,BKN,CHA,1,0.64983857
0022400759,2025-02-10,2024-25,MIA,BOS,0,0.25675878
0022400760,2025-02-10,2024-25,MIL,GSW,0,0.4596312
0022400761,2025-02-10,2024-25,OKC,NOP,1,0.8996409
0022400762,2025-02-10,2024-25,DAL,SAC,0,0.5005934
0022400763,2025-02-10,2024-25,DEN,POR,1,0.8394012
0022400768,2025-02-10,2024-25,LAL,UTA,1,0.8291066
0022400764,2025-02-11,2024-25,PHI,TOR,0,0.7647679
0022400765,2025-02-11,2024-25,IND,NYK,0,0.5450259
0022400766,2025-02-11,2024-25,CHI,DET,0,0.43861994
0022400767,2025-02-11,2024-25,PHX,MEM,0,0.34700185
0022400769,2025-02-12,2024-25,BOS,SAS,1,0.748233
0022400770,2025-02-12,2024-25,ORL,CHA,1,0.7121206
0022400771,2025-02-12,2024-25,WAS,IND,0,0.26258862
0022400772,2025-02-12,2024-25,BKN,PHI,1,0.38106167
0022400773,2025-02-12,2024-25,NYK,ATL,1,0.6989966
0022400774,2025-02-12,2024-25,TOR,CLE,0,0.1798903
0022400775,2025-02-12,2024-25,CHI,DET,0,0.38412368
0022400776,2025-02-12,2024-25,MIN,MIL,0,0.6189744
0022400777,2025-02-12,2024-25,NOP,SAC,0,0.26958942
0022400778,2025-02-12,2024-25,OKC,MIA,1,0.8977259
0022400779,2025-02-12,2024-25,HOU,PHX,1,0.64240193
0022400780,2025-02-12,2024-25,DEN,POR,1,0.85800624
0022400781,2025-02-12,2024-25,UTA,LAL,1,0.1831408
0022400782,2025-02-12,2024-25,DAL,GSW,1,0.50490373
0022400783,2025-02-12,2024-25,LAC,MEM,1,0.5430017
0022400784,2025-02-13,2024-25,HOU,GSW,0,0.54093343
0022400785,2025-02-13,2024-25,NOP,SAC,1,0.31682327
0022400786,2025-02-13,2024-25,DAL,MIA,1,0.6035959
0022400787,2025-02-13,2024-25,MIN,OKC,1,0.26691744
0022401004,2025-02-13,2024-25,UTA,LAC,0,0.28561017
0022400524,2025-02-19,2024-25,LAL,CHA,0,0.9118196
0022400788,2025-02-20,2024-25,IND,MEM,1,0.52739906
0022400789,2025-02-20,2024-25,PHI,BOS,0,0.20228662
0022400790,2025-02-20,2024-25,ATL,ORL,0,0.57512563
0022400791,2025-02-20,2024-25,BKN,CLE,0,0.18305975
0022400792,2025-02-20,2024-25,NYK,CHI,1,0.80187273
0022400793,2025-02-20,2024-25,MIL,LAC,1,0.3991231
0022400794,2025-02-20,2024-25,DEN,CHA,1,0.910836
0022400795,2025-02-20,2024-25,SAS,PHX,1,0.6273379
0022400796,2025-02-20,2024-25,POR,LAL,0,0.29983556
0022400797,2025-02-21,2024-25,CLE,NYK,1,0.6429525
0022400798,2025-02-21,2024-25,ORL,MEM,0,0.37514535
0022400799,2025-02-21,2024-25,WAS,MIL,0,0.25634068
0022400800,2025-02-21,2024-25,TOR,MIA,0,0.53374016
0022400801,2025-02-21,2024-25,HOU,MIN,1,0.4846169
0022400802,2025-02-21,2024-25,SAS,DET,0,0.382562
0022400803,2025-02-21,2024-25,DAL,NOP,1,0.6906489
0022400804,2025-02-21,2024-25,UTA,OKC,0,0.13745083
0022400805,2025-02-21,2024-25,SAC,GSW,0,0.4867916
0022400806,2025-02-22,2024-25,CHI,PHX,0,0.4004024
0022400807,2025-02-22,2024-25,PHI,BKN,0,0.7359062
0022400808,2025-02-22,2024-25,DEN,LAL,0,0.6845544
0022400809,2025-02-22,2024-25,UTA,HOU,1,0.32360277
0022400810,2025-02-22,2024-25,POR,CHA,1,0.7105291
0022400811,2025-02-23,2024-25,BOS,NYK,1,0.6777913
0022400812,2025-02-23,2024-25,GSW,DAL,1,0.6518675
0022400813,2025-02-23,2024-25,IND,LAC,1,0.5236265
0022400814,2025-02-23,2024-25,ATL,DET,0,0.39530277
0022400815,2025-02-23,2024-25,ORL,WAS,1,0.76161027
0022400816,2025-02-23,2024-25,TOR,PHX,1,0.38714877
0022400817,2025-02-23,2024-25,MIL,MIA,1,0.5862706
0022400818,2025-02-23,2024-25,NOP,SAS,1,0.40761653
0022400819,2025-02-23,2024-25,CLE,MEM,1,0.6650572
0022400820,2025-02-23,2024-25,MIN,OKC,0,0.290755
0022400821,2025-02-24,2024-25,DET,LAC,1,0.62405527
0022400822,2025-02-24,2024-25,IND,DEN,0,0.39337915
0022400823,2025-02-24,2024-25,PHI,CHI,0,0.6838471
0022400824,2025-02-24,2024-25,WAS,BKN,1,0.37383473
0022400825,2025-02-24,2024-25,ATL,MIA,1,0.5744473
0022400826,2025-02-24,2024-25,OKC,MIN,0,0.8097951
0022400827,2025-02-24,2024-25,UTA,POR,0,0.37818488
0022400828,2025-02-24,2024-25,SAC,CHA,1,0.80464274
0022400829,2025-02-25,2024-25,TOR,BOS,0,0.1826925
0022400830,2025-02-25,2024-25,ORL,CLE,0,0.23682718
0022400831,2025-02-25,2024-25,HOU,MIL,1,0.55785316
0022400832,2025-02-25,2024-25,MEM,PHX,1,0.6811572
0022400833,2025-02-25,2024-25,NOP,SAS,1,0.42734194
0022400834,2025-02-25,2024-25,GSW,CHA,1,0.9122166
0022400835,2025-02-25,2024-25,LAL,DAL,1,0.77035993
0022400836,2025-02-26,2024-25,DET,BOS,1,0.5286523
0022400837,2025-02-26,2024-25,IND,TOR,1,0.8202532
0022400838,2025-02-26,2024-25,NYK,PHI,1,0.77234465
0022400839,2025-02-26,2024-25,WAS,POR,0,0.3042683
0022400840,2025-02-26,2024-25,BKN,OKC,0,0.092203386
0022400841,2025-02-26,2024-25,MIA,ATL,1,0.53845847
0022400842,2025-02-26,2024-25,CHI,LAC,0,0.38326883
0022400843,2025-02-26,2024-25,UTA,SAC,0,0.25585717
0022400844,2025-02-26,2024-25,HOU,SAS,1,0.6492208
0022400845,2025-02-27,2024-25,ORL,GSW,0,0.2722679
0022400846,2025-02-27,2024-25,MIL,DEN,1,0.4192699
0022400847,2025-02-27,2024-25,DAL,CHA,1,0.85843754
0022400848,2025-02-27,2024-25,PHX,NOP,0,0.73986435
0022400849,2025-02-27,2024-25,LAL,MIN,1,0.69595784
0022400850,2025-02-28,2024-25,DET,DEN,0,0.60982984
0022400851,2025-02-28,2024-25,ATL,OKC,0,0.17119008
0022400852,2025-02-28,2024-25,BOS,CLE,0,0.5232867
0022400853,2025-02-28,2024-25,BKN,POR,0,0.41115233
0022400854,2025-02-28,2024-25,MIA,IND,1,0.4227363
0022400855,2025-02-28,2024-25,CHI,TOR,1,0.6627163
0022400856,2025-02-28,2024-25,MEM,NYK,0,0.58447796
0022400857,2025-02-28,2024-25,PHX,NOP,1,0.641295
0022400858,2025-02-28,2024-25,UTA,MIN,1,0.28483236
0022400859,2025-02-28,2024-25,LAL,LAC,1,0.6030312
0022400860,2025-03-01,2024-25,CHA,WAS,0,0.5029578
0022400861,2025-03-01,2024-25,DET,BKN,1,0.81938803
0022400862,2025-03-01,2024-25,HOU,SAC,0,0.48784217
0022400863,2025-03-01,2024-25,MEM,SAS,0,0.762955
0022400864,2025-03-01,2024-25,PHI,GSW,1,0.28106382
0022400865,2025-03-01,2024-25,DAL,MIL,0,0.49429142
0022400866,2025-03-02,2024-25,BOS,DEN,1,0.6240678
0022400867,2025-03-02,2024-25,CLE,POR,1,0.8631353
0022400868,2025-03-02,2024-25,IND,CHI,1,0.7652705
0022400869,2025-03-02,2024-25,MIA,NYK,0,0.39474657
0022400870,2025-03-02,2024-25,ORL,TOR,0,0.66550565
0022400871,2025-03-02,2024-25,SAS,OKC,0,0.13681696
0022400872,2025-03-02,2024-25,UTA,NOP,0,0.63262755
0022400873,2025-03-02,2024-25,PHX,MIN,0,0.48198652
0022400874,2025-03-02,2024-25,LAL,LAC,1,0.68158823
0022400875,2025-03-03,2024-25,CHA,GSW,0,0.13657457
0022400876,2025-03-03,2024-25,PHI,POR,0,0.57567495
0022400877,2025-03-03,2024-25,MIA,WAS,1,0.78294885
0022400878,2025-03-03,2024-25,MEM,ATL,0,0.65988165
0022400879,2025-03-03,2024-25,OKC,HOU,1,0.77737856
0022400880,2025-03-03,2024-25,DAL,SAC,0,0.46336818
0022400881,2025-03-03,2024-25,UTA,DET,0,0.17072822
0022400882,2025-03-04,2024-25,IND,HOU,1,0.8424406
0022400883,2025-03-04,2024-25,ORL,TOR,0,0.6217786
0022400884,2025-03-04,2024-25,ATL,MIL,0,0.37562096
0022400885,2025-03-04,2024-25,NYK,GSW,0,0.6062253
0022400886,2025-03-04,2024-25,CHI,CLE,0,0.20890361
0022400887,2025-03-04,2024-25,MIN,PHI,1,0.84117293
0022400888,2025-03-04,2024-25,SAS,BKN,1,0.68009806
0022400889,2025-03-04,2024-25,PHX,LAC,1,0.4873066
0022400890,2025-03-04,2024-25,LAL,NOP,1,0.85243535
0022400891,2025-03-05,2024-25,BOS,POR,1,0.7927205
0022400892,2025-03-05,2024-25,CHA,MIN,0,0.18913977
0022400893,2025-03-05,2024-25,CLE,MIA,1,0.7277848
0022400894,2025-03-05,2024-25,WAS,UTA,1,0.4800539
0022400895,2025-03-05,2024-25,MEM,OKC,0,0.24770187
0022400896,2025-03-05,2024-25,DEN,SAC,1,0.70735073
0022400897,2025-03-05,2024-25,MIL,DAL,1,0.6307134
0022400898,2025-03-05,2024-25,LAC,DET,1,0.36128348
0022400899,2025-03-06,2024-25,ATL,IND,1,0.34939682
0022400900,2025-03-06,2024-25,BOS,PHI,1,0.8180652
0022400901,2025-03-06,2024-25,BKN,GSW,0,0.17666678
0022400902,2025-03-06,2024-25,NOP,HOU,0,0.3952002
0022400903,2025-03-06,2024-25,LAL,NYK,1,0.6762038
0022400944,2025-03-06,2024-25,ORL,CHI,0,0.6757155
0022400904,2025-03-07,2024-25,CHA,CLE,0,0.11198682
0022400905,2025-03-07,2024-25,TOR,UTA,1,0.7043133
0022400906,2025-03-07,2024-25,DAL,MEM,0,0.25775427
0022400907,2025-03-07,2024-25,MIA,MIN,0,0.40373465
0022400908,2025-03-07,2024-25,OKC,POR,1,0.89220244
0022400909,2025-03-07,2024-25,DEN,PHX,1,0.7496389
0022400910,2025-03-07,2024-25,SAC,SAS,1,0.7131527
0022400911,2025-03-07,2024-25,LAC,NYK,1,0.46410692
0022400912,2025-03-08,2024-25,CHA,BKN,1,0.41479456
0022400913,2025-03-08,2024-25,HOU,NOP,1,0.7507342
0022400914,2025-03-08,2024-25,ATL,IND,1,0.45099986
0022400915,2025-03-08,2024-25,TOR,WAS,0,0.6907336
0022400916,2025-03-08,2024-25,MIA,CHI,0,0.6985064
0022400917,2025-03-08,2024-25,MIL,ORL,0,0.72425574
0022400918,2025-03-08,2024-25,BOS,LAL,1,0.49403945
0022400919,2025-03-08,2024-25,GSW,DET,1,0.65530914
0022400920,2025-03-09,2024-25,OKC,DEN,1,0.612546
0022400921,2025-03-09,2024-25,DAL,PHX,0,0.35862914
0022400922,2025-03-09,2024-25,MIL,CLE,0,0.29711482
0022400923,2025-03-09,2024-25,NOP,MEM,0,0.2466232
0022400924,2025-03-09,2024-25,PHI,UTA,1,0.6143754
0022400925,2025-03-09,2024-25,MIN,SAS,1,0.7945674
0022400926,2025-03-09,2024-25,POR,DET,0,0.41801953
0022400927,2025-03-09,2024-25,LAC,SAC,1,0.5808718
0022400928,2025-03-10,2024-25,ATL,PHI,1,0.7209551
0022400929,2025-03-10,2024-25,BOS,UTA,1,0.9359247
0022400930,2025-03-10,2024-25,BKN,LAL,1,0.16190627
0022400931,2025-03-10,2024-25,MIA,CHA,0,0.8624098
0022400932,2025-03-10,2024-25,TOR,WAS,1,0.77327746
0022400933,2025-03-10,2024-25,CHI,IND,1,0.42799598
0022400934,2025-03-10,2024-25,HOU,ORL,1,0.69700366
0022400935,2025-03-10,2024-25,MEM,PHX,1,0.6691538
0022400936,2025-03-10,2024-25,OKC,DEN,0,0.76464754
0022400937,2025-03-10,2024-25,SAS,DAL,0,0.60936373
0022400938,2025-03-10,2024-25,GSW,POR,1,0.84468406
0022400939,2025-03-10,2024-25,SAC,NYK,0,0.46662405
0022400940,2025-03-11,2024-25,CLE,BKN,1,0.9016691
0022400941,2025-03-11,2024-25,DET,WAS,1,0.9135274
0022400942,2025-03-11,2024-25,IND,MIL,1,0.4347823
0022400943,2025-03-11,2024-25,NOP,LAC,1,0.20738554
0022400945,2025-03-12,2024-25,ATL,CHA,1,0.72300124
0022400946,2025-03-12,2024-25,BOS,OKC,0,0.38442454
0022400947,2025-03-12,2024-25,TOR,PHI,1,0.7113406
0022400948,2025-03-12,2024-25,MIA,LAC,0,0.49193388
0022400949,2025-03-12,2024-25,HOU,PHX,1,0.58265966
0022400950,2025-03-12,2024-25,MEM,UTA,1,0.81293833
0022400951,2025-03-12,2024-25,SAS,DAL,1,0.608025
0022400952,2025-03-12,2024-25,DEN,MIN,0,0.63347834
0022400953,2025-03-12,2024-25,POR,NYK,0,0.3918948
0022400954,2025-03-13,2024-25,DET,WAS,0,0.85349363
0022400955,2025-03-13,2024-25,MIL,LAL,1,0.4130971
0022400956,2025-03-13,2024-25,CHI,BKN,1,0.6204962
0022400957,2025-03-13,2024-25,GSW,SAC,1,0.7730675
0022401141,2025-03-13,2024-25,NOP,ORL,0,0.5408409
0022400958,2025-03-14,2024-25,MIA,BOS,0,0.26261058
0022400959,2025-03-14,2024-25,PHI,IND,0,0.2438147
0022400960,2025-03-14,2024-25,ATL,LAC,0,0.5169845
0022400961,2025-03-14,2024-25,HOU,DAL,1,0.7641139
0022400962,2025-03-14,2024-25,MEM,CLE,0,0.46523184
0022400963,2025-03-14,2024-25,MIN,ORL,1,0.84670407
0022400964,2025-03-14,2024-25,SAS,CHA,0,0.6667445
0022400965,2025-03-14,2024-25,DEN,LAL,1,0.69246304
0022400966,2025-03-14,2024-25,UTA,TOR,0,0.51816016
0022400967,2025-03-14,2024-25,PHX,SAC,1,0.6167225
0022400968,2025-03-15,2024-25,BKN,BOS,0,0.21403097
0022400969,2025-03-15,2024-25,DET,OKC,0,0.333602
0022400970,2025-03-15,2024-25,HOU,CHI,1,0.71525794
0022400971,2025-03-15,2024-25,MEM,MIA,1,0.6846106
0022400972,2025-03-15,2024-25,MIL,IND,1,0.6059488
0022400973,2025-03-15,2024-25,SAS,NOP,1,0.54098994
0022400974,2025-03-15,2024-25,GSW,NYK,1,0.6864065
0022400975,2025-03-15,2024-25,DEN,WAS,0,0.84992355
0022400538,2025-03-16,2024-25,LAC,CHA,1,0.7911668
0022400976,2025-03-16,2024-25,DAL,PHI,0,0.6415138
0022400977,2025-03-16,2024-25,LAL,PHX,1,0.44674793
0022400978,2025-03-16,2024-25,BKN,ATL,1,0.43059915
0022400979,2025-03-16,2024-25,CLE,ORL,0,0.80996233
0022400980,2025-03-16,2024-25,POR,TOR,1,0.54813844
0022400981,2025-03-16,2024-25,MIN,UTA,1,0.89101267
0022400982,2025-03-16,2024-25,MIL,OKC,0,0.2844367
0022400537,2025-03-17,2024-25,LAL,SAS,1,0.7805706
0022400984,2025-03-17,2024-25,NYK,MIA,1,0.72501415
0022400985,2025-03-17,2024-25,HOU,PHI,1,0.8592936
0022400986,2025-03-17,2024-25,MIN,IND,0,0.5942733
0022400987,2025-03-17,2024-25,NOP,DET,0,0.24332932
0022400989,2025-03-17,2024-25,UTA,CHI,0,0.44213253
0022400990,2025-03-17,2024-25,GSW,DEN,0,0.575693
0022400991,2025-03-17,2024-25,PHX,TOR,1,0.65828776
0022400992,2025-03-17,2024-25,SAC,MEM,1,0.4728653
0022400995,2025-03-17,2024-25,POR,WAS,1,0.6891234
0022400993,2025-03-18,2024-25,CHA,ATL,0,0.3326339
0022400994,2025-03-18,2024-25,BOS,BKN,1,0.89074755
0022400997,2025-03-18,2024-25,LAC,CLE,1,0.42418382
0022401012,2025-03-18,2024-25,GSW,MIL,1,0.63772017
0022400627,2025-03-19,2024-25,UTA,WAS,1,0.56448555
0022400998,2025-03-19,2024-25,IND,DAL,1,0.72910666
0022400999,2025-03-19,2024-25,ORL,HOU,0,0.4104316
0022401000,2025-03-19,2024-25,MIA,DET,0,0.3734311
0022401001,2025-03-19,2024-25,MIN,NOP,0,0.8830204
0022401002,2025-03-19,2024-25,OKC,PHI,1,0.93754405
0022401003,2025-03-19,2024-25,SAS,NYK,1,0.30043316
0022401006,2025-03-19,2024-25,LAL,DEN,1,0.67523384
0022401007,2025-03-19,2024-25,PHX,CHI,1,0.6689658
0022401008,2025-03-19,2024-25,POR,MEM,1,0.3352545
0022401009,2025-03-19,2024-25,SAC,CLE,1,0.44624394
0022400996,2025-03-20,2024-25,LAL,MIL,0,0.5122467
0022401005,2025-03-20,2024-25,GSW,TOR,1,0.905066
0022401010,2025-03-20,2024-25,CHA,NYK,1,0.17195673
0022401011,2025-03-20,2024-25,IND,BKN,1,0.67047364
0022401013,2025-03-20,2024-25,SAC,CHI,0,0.6667056
0022401014,2025-03-21,2024-25,WAS,ORL,0,0.34271616
0022401015,2025-03-21,2024-25,MIA,HOU,0,0.39451498
0022401016,2025-03-21,2024-25,MIN,NOP,1,0.8687273
0022401017,2025-03-21,2024-25,OKC,CHA,1,0.9123177
0022401018,2025-03-21,2024-25,SAS,PHI,1,0.6458043
0022401019,2025-03-21,2024-25,DAL,DET,1,0.3068486
0022401020,2025-03-21,2024-25,UTA,BOS,0,0.198375
0022401021,2025-03-21,2024-25,PHX,CLE,1,0.3764794
0022401022,2025-03-21,2024-25,POR,DEN,1,0.4116544
0022401023,2025-03-21,2024-25,LAC,MEM,1,0.60588264
0022401024,2025-03-22,2024-25,IND,BKN,1,0.7201486
0022401025,2025-03-22,2024-25,ATL,GSW,1,0.32301733
0022401026,2025-03-22,2024-25,NYK,WAS,1,0.86681294
0022401027,2025-03-22,2024-25,SAC,MIL,0,0.47377622
0022401028,2025-03-22,2024-25,LAL,CHI,0,0.40230826
0022401029,2025-03-23,2024-25,DET,NOP,1,0.8942075
0022401030,2025-03-23,2024-25,UTA,CLE,0,0.14891051
0022401031,2025-03-23,2024-25,ATL,PHI,1,0.7571106
0022401032,2025-03-23,2024-25,MIA,CHA,1,0.8178762
0022401033,2025-03-23,2024-25,TOR,SAS,0,0.46065885
0022401034,2025-03-23,2024-25,POR,BOS,0,0.29726946
0022401035,2025-03-23,2024-25,HOU,DEN,0,0.6302767
0022401036,2025-03-23,2024-25,LAC,OKC,0,0.3681652
0022401037,2025-03-24,2024-25,IND,MIN,1,0.4429494
0022401038,2025-03-24,2024-25,ORL,LAL,1,0.3744376
0022401039,2025-03-24,2024-25,WAS,TOR,0,0.5944343
0022401040,2025-03-24,2024-25,BKN,DAL,0,0.4926697
0022401041,2025-03-24,2024-25,NOP,PHI,1,0.5828757
0022401042,2025-03-24,2024-25,DEN,CHI,0,0.5564136
0022401043,2025-03-24,2024-25,PHX,MIL,1,0.5847019
0022401044,2025-03-24,2024-25,SAC,BOS,0,0.3820947
0022401045,2025-03-25,2024-25,CHA,ORL,0,0.35982472
0022401046,2025-03-25,2024-25,DET,SAS,1,0.7223565
0022401047,2025-03-25,2024-25,MIA,GSW,1,0.3798462
0022401048,2025-03-25,2024-25,NYK,DAL,1,0.7782155
0022401049,2025-03-25,2024-25,HOU,ATL,1,0.65905595
0022401050,2025-03-25,2024-25,UTA,MEM,0,0.24994059
0022401051,2025-03-25,2024-25,POR,CLE,0,0.2543652
0022401052,2025-03-25,2024-25,SAC,OKC,0,0.2099833
0022401053,2025-03-26,2024-25,PHI,WAS,0,0.44683668
0022401054,2025-03-26,2024-25,BKN,TOR,0,0.6380947
0022401055,2025-03-26,2024-25,IND,LAL,0,0.53634167
0022401056,2025-03-26,2024-25,NYK,LAC,0,0.41619375
0022401057,2025-03-26,2024-25,DEN,MIL,1,0.5249787
0022401058,2025-03-26,2024-25,PHX,BOS,0,0.38288116
0022401059,2025-03-27,2024-25,CLE,SAS,1,0.8431711
0022401060,2025-03-27,2024-25,ORL,DAL,0,0.75116414
0022401061,2025-03-27,2024-25,WAS,IND,0,0.16322243
0022401062,2025-03-27,2024-25,MIA,ATL,1,0.567528
0022401063,2025-03-27,2024-25,CHI,LAL,1,0.5819597
0022401064,2025-03-27,2024-25,OKC,MEM,1,0.7807373
0022401065,2025-03-27,2024-25,UTA,HOU,0,0.19247329
0022401066,2025-03-27,2024-25,SAC,POR,1,0.6443304
0022401067,2025-03-28,2024-25,DET,CLE,1,0.48070037
0022401068,2025-03-28,2024-25,BKN,LAC,0,0.18612702
0022401069,2025-03-28,2024-25,TOR,CHA,1,0.60163635
0022401070,2025-03-28,2024-25,MIL,NYK,0,0.52694863
0022401071,2025-03-28,2024-25,MIN,PHX,1,0.7450019
0022401072,2025-03-28,2024-25,NOP,GSW,0,0.15676196
0022401073,2025-03-28,2024-25,DEN,UTA,1,0.91726226
0022401074,2025-03-29,2024-25,ORL,SAC,1,0.41662502
0022401075,2025-03-29,2024-25,WAS,BKN,0,0.39304337
0022401076,2025-03-29,2024-25,PHI,MIA,0,0.17474996
0022401077,2025-03-29,2024-25,CHI,DAL,0,0.7791508
0022401078,2025-03-29,2024-25,MEM,LAL,0,0.44701084
0022401079,2025-03-29,2024-25,OKC,IND,1,0.7799554
0022401080,2025-03-29,2024-25,SAS,BOS,0,0.21044084
0022401081,2025-03-30,2024-25,CLE,LAC,1,0.5922328
0022401082,2025-03-30,2024-25,NYK,POR,1,0.7162222
0022401083,2025-03-30,2024-25,MIL,ATL,0,0.6400934
0022401084,2025-03-30,2024-25,MIN,DET,1,0.7109996
0022401085,2025-03-30,2024-25,NOP,CHA,1,0.5022833
0022401086,2025-03-30,2024-25,SAS,GSW,0,0.22224016
0022401087,2025-03-30,2024-25,PHI,TOR,0,0.3159387
0022401088,2025-03-30,2024-25,PHX,HOU,0,0.45294586
0022401089,2025-03-31,2024-25,CHA,UTA,1,0.5619272
0022401090,2025-03-31,2024-25,IND,SAC,1,0.60968757
0022401091,2025-03-31,2024-25,ORL,LAC,0,0.43521708
0022401092,2025-03-31,2024-25,WAS,MIA,0,0.17132416
0022401093,2025-03-31,2024-25,MEM,BOS,0,0.38341334
0022401094,2025-03-31,2024-25,OKC,CHI,1,0.7947337
0022401095,2025-03-31,2024-25,DAL,BKN,0,0.7214304
0022401096,2025-03-31,2024-25,LAL,HOU,1,0.6580447
0022400988,2025-04-01,2024-25,SAS,ORL,0,0.43074176
0022401097,2025-04-01,2024-25,ATL,POR,0,0.6634694
0022401098,2025-04-01,2024-25,NYK,PHI,1,0.9231554
0022401099,2025-04-01,2024-25,CHI,TOR,1,0.6708891
0022401100,2025-04-01,2024-25,MEM,GSW,0,0.35085097
0022401101,2025-04-01,2024-25,MIL,PHX,1,0.681998
0022401102,2025-04-01,2024-25,DEN,MIN,0,0.5109309
0022401103,2025-04-02,2024-25,CLE,NYK,1,0.7691431
0022401104,2025-04-02,2024-25,IND,CHA,1,0.86609507
0022401105,2025-04-02,2024-25,WAS,SAC,1,0.15111504
0022401106,2025-04-02,2024-25,BOS,MIA,0,0.8084655
0022401107,2025-04-02,2024-25,HOU,UTA,1,0.89663285
0022401108,2025-04-02,2024-25,OKC,DET,1,0.84301543
0022401109,2025-04-02,2024-25,DAL,ATL,1,0.5202009
0022401110,2025-04-02,2024-25,DEN,SAS,0,0.8080396
0022401111,2025-04-02,2024-25,LAC,NOP,1,0.92718667
0022401112,2025-04-03,2024-25,WAS,ORL,0,0.15471037
0022401113,2025-04-03,2024-25,BKN,MIN,0,0.15937361
0022401114,2025-04-03,2024-25,MIA,MEM,0,0.48879164
0022401115,2025-04-03,2024-25,PHI,MIL,0,0.15895101
0022401116,2025-04-03,2024-25,TOR,POR,0,0.45805606
0022401117,2025-04-03,2024-25,LAL,GSW,0,0.52288145
0022401118,2025-04-04,2024-25,CHA,SAC,0,0.2695316
0022401119,2025-04-04,2024-25,IND,UTA,1,0.8683786
0022401120,2025-04-04,2024-25,BOS,PHX,1,0.88284856
0022401121,2025-04-04,2024-25,TOR,DET,0,0.29122436
0022401122,2025-04-04,2024-25,CHI,POR,1,0.72740287
0022401123,2025-04-04,2024-25,HOU,OKC,1,0.2893292
0022401124,2025-04-04,2024-25,SAS,CLE,0,0.20264539
0022401125,2025-04-04,2024-25,GSW,DEN,1,0.79366
0022401126,2025-04-04,2024-25,LAL,NOP,1,0.90610474
0022401127,2025-04-04,2024-25,LAC,DAL,1,0.79394066
0022401128,2025-04-05,2024-25,ATL,NYK,0,0.49206132
0022401129,2025-04-05,2024-25,DET,MEM,0,0.41884995
0022401130,2025-04-05,2024-25,PHI,MIN,0,0.092749976
0022401131,2025-04-05,2024-25,MIA,MIL,0,0.55511546
0022401132,2025-04-05,2024-25,LAC,DAL,1,0.8338776
0022400617,2025-04-06,2024-25,NOP,MIL,0,0.19604088
0022401133,2025-04-06,2024-25,CHA,CHI,0,0.19737178
0022401134,2025-04-06,2024-25,BKN,TOR,0,0.39050665
0022401135,2025-04-06,2024-25,OKC,LAL,0,0.71989655
0022401136,2025-04-06,2024-25,ATL,UTA,1,0.7790053
0022401137,2025-04-06,2024-25,BOS,WAS,1,0.96176946
0022401138,2025-04-06,2024-25,CLE,SAC,0,0.72587943
0022401139,2025-04-06,2024-25,POR,SAS,1,0.6963175
0022401140,2025-04-06,2024-25,NYK,PHX,1,0.73691446
0022401142,2025-04-06,2024-25,DEN,IND,0,0.57011753
0022401143,2025-04-06,2024-25,GSW,HOU,0,0.63606
0022401144,2025-04-07,2024-25,DET,SAC,0,0.64033055
0022401145,2025-04-07,2024-25,MIA,PHI,1,0.88321555
0022401146,2025-04-08,2024-25,CHA,MEM,0,0.22801068
0022401147,2025-04-08,2024-25,CLE,CHI,1,0.7067144
0022401148,2025-04-08,2024-25,IND,WAS,1,0.9322829
0022401149,2025-04-08,2024-25,ORL,ATL,1,0.6092578
0022401150,2025-04-08,2024-25,BKN,NOP,1,0.5412525
0022401151,2025-04-08,2024-25,NYK,BOS,0,0.45122167
0022401152,2025-04-08,2024-25,MIL,MIN,1,0.3569351
0022401153,2025-04-08,2024-25,OKC,LAL,1,0.6277018
0022401154,2025-04-08,2024-25,PHX,GSW,0,0.20983438
0022401155,2025-04-08,2024-25,LAC,SAS,1,0.8755468
0022401156,2025-04-09,2024-25,ORL,BOS,1,0.32584342
0022401157,2025-04-09,2024-25,WAS,PHI,0,0.5174091
0022401158,2025-04-09,2024-25,TOR,CHA,1,0.7380604
0022401159,2025-04-09,2024-25,DAL,LAL,0,0.34346592
0022401160,2025-04-09,2024-25,CHI,MIA,1,0.39912096
0022401162,2025-04-09,2024-25,UTA,POR,1,0.35192725
0022401163,2025-04-09,2024-25,GSW,SAS,0,0.87205136
0022401164,2025-04-09,2024-25,PHX,OKC,0,0.12651686
0022401165,2025-04-09,2024-25,SAC,DEN,0,0.4891938
0022401166,2025-04-09,2024-25,LAC,HOU,1,0.4576572
0022401161,2025-04-10,2024-25,MIL,NOP,1,0.8886099
0022401167,2025-04-10,2024-25,DET,NYK,1,0.4888481
0022401168,2025-04-10,2024-25,IND,CLE,1,0.4945755
0022401169,2025-04-10,2024-25,BKN,ATL,0,0.23865159
0022401170,2025-04-10,2024-25,MEM,MIN,0,0.4799156
0022401171,2025-04-11,2024-25,DET,MIL,0,0.556656
0022401172,2025-04-11,2024-25,IND,ORL,0,0.52655894
0022401173,2025-04-11,2024-25,PHI,ATL,0,0.251559
0022401174,2025-04-11,2024-25,BOS,CHA,1,0.93182826
0022401175,2025-04-11,2024-25,NYK,CLE,0,0.4151544
0022401176,2025-04-11,2024-25,CHI,WAS,1,0.93489385
0022401177,2025-04-11,2024-25,NOP,MIA,0,0.13283563
0022401178,2025-04-11,2024-25,DAL,TOR,1,0.64568186
0022401179,2025-04-11,2024-25,MIN,BKN,1,0.9114552
0022401180,2025-04-11,2024-25,DEN,MEM,1,0.6864367
0022401181,2025-04-11,2024-25,UTA,OKC,0,0.121622875
0022401182,2025-04-11,2024-25,PHX,SAS,1,0.5470064
0022401183,2025-04-11,2024-25,POR,GSW,0,0.2151451
0022401184,2025-04-11,2024-25,SAC,LAC,0,0.32873598
0022401185,2025-04-11,2024-25,LAL,HOU,1,0.7314952
0022401186,2025-04-13,2024-25,ATL,ORL,1,0.57237196
0022401187,2025-04-13,2024-25,BOS,CHA,1,0.95319587
0022401188,2025-04-13,2024-25,BKN,NYK,0,0.1343173
0022401189,2025-04-13,2024-25,CLE,IND,0,0.82145715
0022401190,2025-04-13,2024-25,MIA,WAS,0,0.922951
0022401191,2025-04-13,2024-25,PHI,CHI,0,0.14606406
0022401192,2025-04-13,2024-25,MIL,DET,1,0.58541536
0022401193,2025-04-13,2024-25,HOU,DEN,0,0.35497105
0022401194,2025-04-13,2024-25,MEM,DAL,1,0.6566828
0022401195,2025-04-13,2024-25,MIN,UTA,1,0.89679605
0022401196,2025-04-13,2024-25,NOP,OKC,0,0.057376783
0022401197,2025-04-13,2024-25,SAS,TOR,1,0.6089412
0022401198,2025-04-13,2024-25,GSW,LAC,0,0.5419472
0022401199,2025-04-13,2024-25,POR,LAL,1,0.21152987
0022401200,2025-04-13,2024-25,SAC,PHX,1,0.6844795
0022500001,2025-10-21,2025-26,OKC,HOU,1,0.85147595
0022500002,2025-10-21,2025-26,LAL,GSW,0,0.5226705
0022500003,2025-10-22,2025-26,NYK,CLE,1,0.6712948
0022500004,2025-10-22,2025-26,DAL,SAS,0,0.4583982
0022500080,2025-10-22,2025-26,CHA,BKN,1,0.53362614
0022500081,2025-10-22,2025-26,ORL,MIA,1,0.6057515
0022500082,2025-10-22,2025-26,ATL,TOR,0,0.84451866
0022500083,2025-10-22,2025-26,BOS,PHI,0,0.9595984
0022500084,2025-10-22,2025-26,CHI,DET,1,0.65058964
0022500085,2025-10-22,2025-26,MEM,NOP,1,0.964989
0022500086,2025-10-22,2025-26,MIL,WAS,1,0.95483243
0022500087,2025-10-22,2025-26,UTA,LAC,1,0.14183654
0022500088,2025-10-22,2025-26,PHX,SAC,1,0.63676906
0022500089,2025-10-22,2025-26,POR,MIN,0,0.5117257
0022500005,2025-10-23,2025-26,IND,OKC,0,0.54257196
0022500006,2025-10-23,2025-26,GSW,DEN,1,0.69606096
0022500018,2025-10-24,2025-26,NYK,BOS,1,0.47797123
0022500019,2025-10-24,2025-26,LAL,MIN,1,0.57849133
0022500090,2025-10-24,2025-26,ORL,ATL,0,0.5930925
0022500091,2025-10-24,2025-26,BKN,CLE,0,0.19038403
0022500092,2025-10-24,2025-26,TOR,MIL,0,0.4256683
0022500093,2025-10-24,2025-26,HOU,DET,0,0.58606195
0022500094,2025-10-24,2025-26,MEM,MIA,0,0.5615521
0022500095,2025-10-24,2025-26,NOP,SAS,0,0.5308202
0022500096,2025-10-24,2025-26,DAL,WAS,0,0.6823889
0022500097,2025-10-24,2025-26,POR,GSW,1,0.48177597
0022500098,2025-10-24,2025-26,SAC,UTA,1,0.6317936
0022500099,2025-10-24,2025-26,LAC,PHX,1,0.8185229
0022500100,2025-10-25,2025-26,ORL,CHI,0,0.4263532
0022500101,2025-10-25,2025-26,ATL,OKC,0,0.35380045
0022500102,2025-10-25,2025-26,PHI,CHA,1,0.6328328
0022500103,2025-10-25,2025-26,MEM,IND,1,0.41559297
0022500104,2025-10-25,2025-26,DEN,PHX,1,0.8273761
0022500105,2025-10-26,2025-26,SAS,BKN,1,0.63469285
0022500106,2025-10-26,2025-26,DET,BOS,1,0.6120392
0022500107,2025-10-26,2025-26,CLE,MIL,1,0.63359743
0022500108,2025-10-26,2025-26,MIA,NYK,1,0.5029289
0022500109,2025-10-26,2025-26,WAS,CHA,0,0.5531698
0022500110,2025-10-26,2025-26,MIN,IND,1,0.80515337
0022500111,2025-10-26,2025-26,DAL,TOR,1,0.4724097
0022500112,2025-10-26,2025-26,LAC,POR,1,0.6808645
0022500113,2025-10-26,2025-26,SAC,LAL,0,0.397697
0022500007,2025-10-27,2025-26,DET,CLE,0,0.4642374
0022500008,2025-10-27,2025-26,MIN,DEN,0,0.42359248
0022500114,2025-10-27,2025-26,PHI,ORL,1,0.42497092
0022500115,2025-10-27,2025-26,CHI,ATL,1,0.6383317
0022500116,2025-10-27,2025-26,HOU,BKN,1,0.8577078
0022500117,2025-10-27,2025-26,NOP,BOS,0,0.4237341
0022500118,2025-10-27,2025-26,SAS,TOR,1,0.5372551
0022500119,2025-10-27,2025-26,DAL,OKC,0,0.20842928
0022500120,2025-10-27,2025-26,UTA,PHX,1,0.5176907
0022500121,2025-10-27,2025-26,GSW,MEM,1,0.76718795
0022500122,2025-10-27,2025-26,LAL,POR,0,0.5899088
0022500123,2025-10-28,2025-26,WAS,PHI,0,0.398162
0022500124,2025-10-28,2025-26,MIA,CHA,1,0.7252614
0022500125,2025-10-28,2025-26,MIL,NYK,1,0.5914964
0022500126,2025-10-28,2025-26,OKC,SAC,1,0.70520854
0022500127,2025-10-28,2025-26,GSW,LAC,1,0.4002788
0022500128,2025-10-29,2025-26,BOS,CLE,1,0.48683658
0022500129,2025-10-29,2025-26,DET,ORL,1,0.47714847
0022500130,2025-10-29,2025-26,BKN,ATL,0,0.25569966
0022500131,2025-10-29,2025-26,TOR,HOU,0,0.33287284
0022500132,2025-10-29,2025-26,CHI,SAC,1,0.7171804
0022500133,2025-10-29,2025-26,DAL,IND,1,0.49736005
0022500134,2025-10-29,2025-26,DEN,NOP,1,0.8828597
0022500135,2025-10-29,2025-26,UTA,POR,0,0.27029416
0022500136,2025-10-29,2025-26,MIN,LAL,0,0.6346079
0022500137,2025-10-29,2025-26,PHX,MEM,0,0.38269225
0022500138,2025-10-30,2025-26,CHA,ORL,0,0.4829965
0022500139,2025-10-30,2025-26,MIL,GSW,1,0.4872101
0022500140,2025-10-30,2025-26,OKC,WAS,1,0.8978462
0022500141,2025-10-30,2025-26,SAS,MIA,1,0.39294556
0022500020,2025-10-31,2025-26,IND,ATL,0,0.42139593
0022500021,2025-10-31,2025-26,PHI,BOS,0,0.39508733
0022500022,2025-10-31,2025-26,CLE,TOR,0,0.77698404
0022500023,2025-10-31,2025-26,CHI,NYK,1,0.6066576
0022500024,2025-10-31,2025-26,MEM,LAL,0,0.532577
0022500025,2025-10-31,2025-26,PHX,UTA,1,0.5140125
0022500026,2025-10-31,2025-26,POR,DEN,1,0.4556325
0022500027,2025-10-31,2025-26,LAC,NOP,1,0.8528
0022500142,2025-11-01,2025-26,MIL,SAC,0,0.64010805
0022500143,2025-11-01,2025-26,CHA,MIN,0,0.3121544
0022500144,2025-11-01,2025-26,IND,GSW,1,0.1902321
0022500145,2025-11-01,2025-26,WAS,ORL,0,0.3212736
0022500146,2025-11-01,2025-26,BOS,HOU,0,0.38729727
0022500148,2025-11-02,2025-26,OKC,NOP,1,0.87476164
0022500149,2025-11-02,2025-26,BKN,PHI,0,0.37384436
0022500150,2025-11-02,2025-26,CHA,UTA,1,0.5128679
0022500151,2025-11-02,2025-26,CLE,ATL,1,0.52076197
0022500152,2025-11-02,2025-26,TOR,MEM,1,0.47270575
0022500153,2025-11-02,2025-26,NYK,CHI,1,0.48339018
0022500154,2025-11-02,2025-26,PHX,SAS,1,0.3925783
0022500155,2025-11-02,2025-26,LAL,MIA,1,0.6383772
0022500156,2025-11-03,2025-26,BKN,MIN,0,0.2324094
0022500157,2025-11-03,2025-26,IND,MIL,0,0.24644215
0022500158,2025-11-03,2025-26,BOS,UTA,0,0.82572633
0022500159,2025-11-03,2025-26,NYK,WAS,1,0.8229177
0022500160,2025-11-03,2025-26,HOU,DAL,1,0.8147853
0022500161,2025-11-03,2025-26,MEM,DET,0,0.30804622
0022500162,2025-11-03,2025-26,DEN,SAC,1,0.80554664
0022500163,2025-11-03,2025-26,POR,LAL,0,0.56441694
0022500164,2025-11-03,2025-26,LAC,MIA,0,0.75807226
0022500165,2025-11-04,2025-26,TOR,MIL,1,0.44554135
0022500166,2025-11-04,2025-26,ATL,ORL,1,0.6119796
0022500167,2025-11-04,2025-26,CHI,PHI,1,0.74680597
0022500168,2025-11-04,2025-26,NOP,CHA,1,0.6403649
0022500169,2025-11-04,2025-26,GSW,PHX,1,0.84055424
0022500170,2025-11-04,2025-26,LAC,OKC,0,0.39009532
0022500171,2025-11-05,2025-26,CLE,PHI,1,0.7261604
0022500172,2025-11-05,2025-26,DET,UTA,1,0.8214972
0022500173,2025-11-05,2025-26,IND,BKN,0,0.65571386
0022500174,2025-11-05,2025-26,BOS,WAS,1,0.85555667
0022500175,2025-11-05,2025-26,NYK,MIN,1,0.55407685
0022500176,2025-11-05,2025-26,MEM,HOU,0,0.28667527
0022500177,2025-11-05,2025-26,DAL,NOP,0,0.6504459
0022500178,2025-11-05,2025-26,DEN,MIA,1,0.71944875
0022500179,2025-11-05,2025-26,LAL,SAS,1,0.6069453
0022500180,2025-11-05,2025-26,POR,OKC,1,0.4969822
0022500181,2025-11-05,2025-26,SAC,GSW,1,0.43866846
0022500182,2025-11-06,2025-26,PHX,LAC,1,0.26970357
0022500028,2025-11-07,2025-26,ORL,BOS,1,0.4777412
0022500029,2025-11-07,2025-26,WAS,CLE,0,0.17292738
0022500030,2025-11-07,2025-26,ATL,TOR,0,0.63989854
0022500031,2025-11-07,2025-26,BKN,DET,0,0.2824954
0022500032,2025-11-07,2025-26,SAS,HOU,1,0.29703736
0022500033,2025-11-07,2025-26,MIA,CHA,1,0.8125305
0022500034,2025-11-07,2025-26,MEM,DAL,1,0.59237933
0022500035,2025-11-07,2025-26,MIL,CHI,1,0.48500872
0022500036,2025-11-07,2025-26,MIN,UTA,1,0.8317293
0022500037,2025-11-07,2025-26,DEN,GSW,1,0.77404183
0022500038,2025-11-07,2025-26,SAC,OKC,0,0.272194
0022500183,2025-11-08,2025-26,WAS,DAL,0,0.3680076
0022500184,2025-11-08,2025-26,PHI,TOR,1,0.5186709
0022500185,2025-11-08,2025-26,ATL,LAL,1,0.42681944
0022500186,2025-11-08,2025-26,CLE,CHI,1,0.56930375
0022500187,2025-11-08,2025-26,MIA,POR,1,0.3894388
0022500188,2025-11-08,2025-26,SAS,NOP,1,0.65930367
0022500189,2025-11-08,2025-26,DEN,IND,1,0.8645261
0022500190,2025-11-08,2025-26,LAC,PHX,0,0.6876494
0022500191,2025-11-09,2025-26,MIL,HOU,0,0.48245016
0022500192,2025-11-09,2025-26,NYK,BKN,1,0.8483237
0022500193,2025-11-09,2025-26,ORL,BOS,0,0.49109963
0022500194,2025-11-09,2025-26,MEM,OKC,0,0.2666933
0022500195,2025-11-09,2025-26,PHI,DET,0,0.3797447
0022500196,2025-11-09,2025-26,GSW,IND,1,0.79017204
0022500197,2025-11-09,2025-26,SAC,MIN,0,0.3869044
0022500198,2025-11-10,2025-26,CHA,LAL,0,0.24522887
0022500199,2025-11-10,2025-26,DET,WAS,1,0.8525773
0022500200,2025-11-10,2025-26,ORL,POR,1,0.328907
0022500201,2025-11-10,2025-26,MIA,CLE,1,0.49541232
0022500202,2025-11-10,2025-26,CHI,SAS,0,0.7040557
0022500203,2025-11-10,2025-26,DAL,MIL,0,0.3620661
0022500204,2025-11-10,2025-26,PHX,NOP,1,0.6984001
0022500205,2025-11-10,2025-26,UTA,MIN,0,0.25945887
0022500206,2025-11-10,2025-26,LAC,ATL,0,0.67864484
0022500207,2025-11-11,2025-26,BKN,TOR,0,0.30763042
0022500208,2025-11-11,2025-26,NYK,MEM,1,0.74042195
0022500209,2025-11-11,2025-26,PHI,BOS,1,0.45811817
0022500210,2025-11-11,2025-26,OKC,GSW,1,0.7161457
0022500211,2025-11-11,2025-26,UTA,IND,1,0.5469417
0022500212,2025-11-11,2025-26,SAC,DEN,0,0.21648604
0022500213,2025-11-12,2025-26,CHA,MIL,1,0.24261934
0022500214,2025-11-12,2025-26,DET,CHI,1,0.48563954
0022500215,2025-11-12,2025-26,NYK,ORL,0,0.69649404
0022500216,2025-11-12,2025-26,BOS,MEM,1,0.6560016
0022500217,2025-11-12,2025-26,MIA,CLE,0,0.47709858
0022500218,2025-11-12,2025-26,HOU,WAS,1,0.9081585
0022500219,2025-11-12,2025-26,NOP,POR,0,0.23356146
0022500220,2025-11-12,2025-26,SAS,GSW,0,0.50159293
0022500221,2025-11-12,2025-26,DAL,PHX,0,0.43783194
0022500222,2025-11-12,2025-26,OKC,LAL,1,0.62386537
0022500223,2025-11-12,2025-26,SAC,ATL,0,0.3686505
0022500224,2025-11-12,2025-26,LAC,DEN,0,0.45385522
0022500225,2025-11-13,2025-26,CLE,TOR,0,0.54598796
0022500226,2025-11-13,2025-26,PHX,IND,1,0.69887924
0022500227,2025-11-13,2025-26,UTA,ATL,0,0.3270796
0022500039,2025-11-14,2025-26,NYK,MIA,1,0.6278768
0022500040,2025-11-14,2025-26,ORL,BKN,1,0.79768676
0022500041,2025-11-14,2025-26,DET,PHI,1,0.40115628
0022500042,2025-11-14,2025-26,HOU,POR,1,0.6151674
0022500043,2025-11-14,2025-26,MIL,CHA,1,0.7304654
0022500044,2025-11-14,2025-26,MIN,SAC,1,0.8208507
0022500045,2025-11-14,2025-26,NOP,LAL,0,0.21169546
0022500046,2025-11-14,2025-26,DAL,LAC,0,0.32771993
0022500047,2025-11-14,2025-26,SAS,GSW,0,0.39583552
0022500228,2025-11-15,2025-26,CLE,MEM,1,0.75046545
0022500229,2025-11-15,2025-26,CHA,OKC,0,0.10291675
0022500230,2025-11-15,2025-26,IND,TOR,0,0.26218906
0022500231,2025-11-15,2025-26,MIL,LAL,0,0.47161317
0022500232,2025-11-15,2025-26,MIN,DEN,0,0.30677667
0022500233,2025-11-16,2025-26,BOS,LAC,1,0.5708426
0022500234,2025-11-16,2025-26,SAS,SAC,1,0.7018668
0022500235,2025-11-16,2025-26,WAS,BKN,0,0.50347745
0022500236,2025-11-16,2025-26,HOU,ORL,1,0.73270047
0022500237,2025-11-16,2025-26,NOP,GSW,0,0.18124415
0022500238,2025-11-16,2025-26,DAL,POR,1,0.3135101
0022500239,2025-11-16,2025-26,PHX,ATL,0,0.5332127
0022500240,2025-11-16,2025-26,UTA,CHI,1,0.3140368
0022500241,2025-11-17,2025-26,CLE,MIL,1,0.62040716
0022500242,2025-11-17,2025-26,DET,IND,1,0.7477259
0022500243,2025-11-17,2025-26,PHI,LAC,1,0.49923608
0022500244,2025-11-17,2025-26,MIA,NYK,1,0.47347075
0022500245,2025-11-17,2025-26,TOR,CHA,1,0.7756633
0022500246,2025-11-17,2025-26,MIN,DAL,1,0.8352094
0022500247,2025-11-17,2025-26,NOP,OKC,0,0.09345357
0022500248,2025-11-17,2025-26,DEN,CHI,0,0.7992431
0022500249,2025-11-18,2025-26,ORL,GSW,1,0.3492397
0022500250,2025-11-18,2025-26,BKN,BOS,0,0.24694508
0022500251,2025-11-18,2025-26,ATL,DET,0,0.7702178
0022500252,2025-11-18,2025-26,SAS,MEM,1,0.64229786
0022500253,2025-11-18,2025-26,LAL,UTA,1,0.80446124
0022500254,2025-11-18,2025-26,POR,PHX,0,0.47283733
0022500255,2025-11-19,2025-26,CLE,HOU,0,0.45978302
0022500256,2025-11-19,2025-26,IND,CHA,1,0.333125
0022500257,2025-11-19,2025-26,MIA,GSW,1,0.5243649
0022500258,2025-11-19,2025-26,PHI,TOR,0,0.5157314
0022500259,2025-11-19,2025-26,MIN,WAS,1,0.8986289
0022500260,2025-11-19,2025-26,NOP,DEN,0,0.13334784
0022500261,2025-11-19,2025-26,OKC,SAC,1,0.8785762
0022500262,2025-11-19,2025-26,DAL,NYK,0,0.2922869
0022500263,2025-11-19,2025-26,POR,CHI,0,0.36829537
0022500264,2025-11-20,2025-26,ORL,LAC,1,0.5576362
0022500265,2025-11-20,2025-26,MEM,SAC,1,0.6078268
0022500266,2025-11-20,2025-26,MIL,PHI,0,0.67674613
0022500267,2025-11-20,2025-26,SAS,ATL,1,0.43664342
0022500048,2025-11-21,2025-26,CLE,IND,1,0.8512181
0022500049,2025-11-21,2025-26,BOS,BKN,0,0.8372017
0022500050,2025-11-21,2025-26,TOR,WAS,1,0.85509884
0022500051,2025-11-21,2025-26,CHI,MIA,0,0.5746987
0022500052,2025-11-21,2025-26,DAL,NOP,1,0.5711306
0022500053,2025-11-21,2025-26,PHX,MIN,1,0.50768334
0022500054,2025-11-21,2025-26,HOU,DEN,0,0.4794504
0022500055,2025-11-21,2025-26,UTA,OKC,0,0.14405525
0022500056,2025-11-21,2025-26,GSW,POR,0,0.508533
0022500268,2025-11-22,2025-26,CHA,LAC,0,0.44104865
0022500269,2025-11-22,2025-26,ORL,NYK,1,0.47014874
0022500270,2025-11-22,2025-26,NOP,ATL,0,0.23169981
0022500271,2025-11-22,2025-26,CHI,WAS,1,0.8606484
0022500272,2025-11-22,2025-26,MIL,DET,0,0.39980462
0022500273,2025-11-22,2025-26,DAL,MEM,0,0.44781324
0022500274,2025-11-22,2025-26,DEN,SAC,0,0.83731806
0022500275,2025-11-23,2025-26,PHI,MIA,0,0.42413843
0022500276,2025-11-23,2025-26,ATL,CHA,1,0.7778684
0022500277,2025-11-23,2025-26,BOS,ORL,1,0.64040494
0022500278,2025-11-23,2025-26,CLE,LAC,1,0.735937
0022500279,2025-11-23,2025-26,TOR,BKN,1,0.78238696
0022500280,2025-11-23,2025-26,OKC,POR,1,0.8633675
0022500281,2025-11-23,2025-26,PHX,SAS,1,0.655574
0022500282,2025-11-23,2025-26,UTA,LAL,0,0.19752838
0022500283,2025-11-24,2025-26,IND,DET,0,0.23097786
0022500284,2025-11-24,2025-26,TOR,CLE,1,0.51419014
0022500285,2025-11-24,2025-26,BKN,NYK,0,0.2317059
0022500286,2025-11-24,2025-26,MIA,DAL,1,0.79080075
0022500287,2025-11-24,2025-26,MEM,DEN,0,0.24626447
0022500288,2025-11-24,2025-26,MIL,POR,0,0.5563962
0022500289,2025-11-24,2025-26,NOP,CHI,1,0.1867092
0022500290,2025-11-24,2025-26,PHX,HOU,0,0.36195996
0022500291,2025-11-24,2025-26,GSW,UTA,1,0.86429137
0022500292,2025-11-24,2025-26,SAC,MIN,1,0.2411026
0022500057,2025-11-25,2025-26,WAS,ATL,1,0.19170009
0022500058,2025-11-25,2025-26,PHI,ORL,0,0.5549458
0022500059,2025-11-25,2025-26,LAL,LAC,1,0.69594926
0022500060,2025-11-26,2025-26,BOS,DET,1,0.5248455
0022500061,2025-11-26,2025-26,CHA,NYK,0,0.29891357
0022500062,2025-11-26,2025-26,MIA,MIL,1,0.7464654
0022500063,2025-11-26,2025-26,TOR,IND,1,0.7924611
0022500064,2025-11-26,2025-26,OKC,MIN,1,0.7861836
0022500065,2025-11-26,2025-26,NOP,MEM,0,0.43376863
0022500066,2025-11-26,2025-26,GSW,HOU,0,0.45510253
0022500067,2025-11-26,2025-26,POR,SAS,0,0.53267175
0022500068,2025-11-26,2025-26,SAC,PHX,0,0.34166104
0022500069,2025-11-28,2025-26,ATL,CLE,1,0.5358893
0022500070,2025-11-28,2025-26,BKN,PHI,0,0.359091
0022500071,2025-11-28,2025-26,CHA,CHI,1,0.3719279
0022500072,2025-11-28,2025-26,DET,ORL,0,0.6070217
0022500073,2025-11-28,2025-26,IND,WAS,1,0.6308114
0022500074,2025-11-28,2025-26,NYK,MIL,1,0.7597941
0022500075,2025-11-28,2025-26,OKC,PHX,1,0.82494146
0022500076,2025-11-28,2025-26,DEN,SAS,0,0.77307427
0022500077,2025-11-28,2025-26,UTA,SAC,1,0.5389422
0022500078,2025-11-28,2025-26,LAL,DAL,1,0.8670037
0022500079,2025-11-28,2025-26,LAC,MEM,0,0.698634
0022500293,2025-11-29,2025-26,MIN,BOS,1,0.5881939
0022500294,2025-11-29,2025-26,CHA,TOR,1,0.3334397
0022500295,2025-11-29,2025-26,IND,CHI,1,0.3092936
0022500296,2025-11-29,2025-26,MIA,DET,0,0.69102716
0022500297,2025-11-29,2025-26,MIL,BKN,1,0.7866371
0022500298,2025-11-29,2025-26,GSW,NOP,1,0.8572573
0022500299,2025-11-29,2025-26,PHX,DEN,0,0.42393848
0022500300,2025-11-29,2025-26,LAC,DAL,0,0.7385576
0022500301,2025-11-30,2025-26,UTA,HOU,0,0.22865522
0022500302,2025-11-30,2025-26,CLE,BOS,0,0.6586336
0022500303,2025-11-30,2025-26,NYK,TOR,1,0.74893206
0022500304,2025-11-30,2025-26,PHI,ATL,0,0.39182508
0022500305,2025-11-30,2025-26,POR,OKC,0,0.1886244
0022500306,2025-11-30,2025-26,MIN,SAS,1,0.5863357
0022500307,2025-11-30,2025-26,SAC,MEM,0,0.44168606
0022500308,2025-11-30,2025-26,LAL,NOP,1,0.92209035
0022500309,2025-12-01,2025-26,DET,ATL,1,0.6400641
0022500310,2025-12-01,2025-26,IND,CLE,0,0.3740016
0022500311,2025-12-01,2025-26,WAS,MIL,1,0.21580815
0022500312,2025-12-01,2025-26,BKN,CHA,1,0.3387256
0022500313,2025-12-01,2025-26,MIA,LAC,1,0.5983243
0022500314,2025-12-01,2025-26,ORL,CHI,1,0.62948084
0022500315,2025-12-01,2025-26,DEN,DAL,0,0.8786853
0022500316,2025-12-01,2025-26,UTA,HOU,1,0.1786011
0022500317,2025-12-01,2025-26,LAL,PHX,0,0.59583277
0022500318,2025-12-02,2025-26,PHI,WAS,1,0.8065294
0022500319,2025-12-02,2025-26,TOR,POR,1,0.5668757
0022500320,2025-12-02,2025-26,BOS,NYK,1,0.48865172
0022500321,2025-12-02,2025-26,NOP,MIN,0,0.15809684
0022500322,2025-12-02,2025-26,SAS,MEM,1,0.65912586
0022500323,2025-12-02,2025-26,GSW,OKC,0,0.3280814
0022500324,2025-12-03,2025-26,CLE,POR,0,0.73753226
0022500325,2025-12-03,2025-26,IND,DEN,0,0.23929504
0022500326,2025-12-03,2025-26,ORL,SAS,0,0.7080661
0022500327,2025-12-03,2025-26,ATL,LAC,0,0.66624373
0022500328,2025-12-03,2025-26,NYK,CHA,1,0.7541835
0022500329,2025-12-03,2025-26,CHI,BKN,0,0.8229727
0022500330,2025-12-03,2025-26,HOU,SAC,1,0.86995137
0022500331,2025-12-03,2025-26,MIL,DET,1,0.49707347
0022500332,2025-12-03,2025-26,DAL,MIA,1,0.3238747
0022500333,2025-12-04,2025-26,PHI,GSW,1,0.44889265
0022500334,2025-12-04,2025-26,WAS,BOS,0,0.15838504
0022500335,2025-12-04,2025-26,BKN,UTA,0,0.40779972
0022500336,2025-12-04,2025-26,TOR,LAL,0,0.37156534
0022500337,2025-12-04,2025-26,NOP,MIN,0,0.21370216
0022500338,2025-12-05,2025-26,BOS,LAL,1,0.61368513
0022500339,2025-12-05,2025-26,ORL,MIA,1,0.59197104
0022500340,2025-12-05,2025-26,ATL,DEN,0,0.36925223
0022500341,2025-12-05,2025-26,CLE,SAS,1,0.6323598
0022500342,2025-12-05,2025-26,DET,POR,1,0.6264507
0022500343,2025-12-05,2025-26,NYK,UTA,1,0.84194106
0022500344,2025-12-05,2025-26,TOR,CHA,0,0.66849065
0022500345,2025-12-05,2025-26,CHI,IND,0,0.6419254
0022500346,2025-12-05,2025-26,HOU,PHX,1,0.66582143
0022500347,2025-12-05,2025-26,MEM,LAC,1,0.4274971
0022500348,2025-12-05,2025-26,MIL,PHI,0,0.693674
0022500349,2025-12-05,2025-26,OKC,DAL,1,0.8864766
0022500350,2025-12-06,2025-26,BKN,NOP,1,0.5471098
0022500351,2025-12-06,2025-26,WAS,ATL,0,0.18716112
0022500352,2025-12-06,2025-26,CLE,GSW,0,0.5662216
0022500353,2025-12-06,2025-26,DET,MIL,1,0.7105293
0022500354,2025-12-06,2025-26,MIA,SAC,0,0.7885532
0022500355,2025-12-06,2025-26,MIN,LAC,1,0.72565013
0022500356,2025-12-06,2025-26,DAL,HOU,1,0.27128
0022500357,2025-12-07,2025-26,NYK,ORL,1,0.5793963
0022500358,2025-12-07,2025-26,TOR,BOS,0,0.3659937
0022500359,2025-12-07,2025-26,CHA,DEN,0,0.24197638
0022500360,2025-12-07,2025-26,MEM,POR,1,0.5204405
0022500361,2025-12-07,2025-26,CHI,GSW,0,0.6283103
0022500362,2025-12-07,2025-26,PHI,LAL,0,0.56781393
0022500363,2025-12-07,2025-26,UTA,OKC,0,0.14848578
0022500364,2025-12-08,2025-26,IND,SAC,1,0.68538207
0022500365,2025-12-08,2025-26,MIN,PHX,0,0.6572258
0022500366,2025-12-08,2025-26,NOP,SAS,0,0.27252057
0022501201,2025-12-09,2025-26,ORL,MIA,1,0.63768613
0022501202,2025-12-09,2025-26,TOR,NYK,0,0.35878932
0022501203,2025-12-10,2025-26,OKC,PHX,1,0.8046634
0022501204,2025-12-10,2025-26,LAL,SAS,0,0.6681819
0022501205,2025-12-11,2025-26,HOU,LAC,1,0.63532966
0022501206,2025-12-11,2025-26,MIL,BOS,1,0.26395655
0022501207,2025-12-11,2025-26,NOP,POR,1,0.31694803
0022501208,2025-12-11,2025-26,SAC,DEN,0,0.17894085
0022501209,2025-12-12,2025-26,CHA,CHI,0,0.47011733
0022501210,2025-12-12,2025-26,DET,ATL,1,0.54303414
0022501211,2025-12-12,2025-26,PHI,IND,1,0.65912044
0022501212,2025-12-12,2025-26,WAS,CLE,0,0.14012654
0022501213,2025-12-12,2025-26,MEM,UTA,0,0.7200045
0022501214,2025-12-12,2025-26,DAL,BKN,1,0.70424634
0022501215,2025-12-12,2025-26,GSW,MIN,0,0.56770754
0022501216,2025-12-14,2025-26,IND,WAS,0,0.79909194
0022501217,2025-12-14,2025-26,ATL,PHI,1,0.6785976
0022501218,2025-12-14,2025-26,CLE,CHA,0,0.76290554
0022501219,2025-12-14,2025-26,BKN,MIL,1,0.45614487
0022501220,2025-12-14,2025-26,MIN,SAC,1,0.8214585
0022501221,2025-12-14,2025-26,POR,GSW,1,0.3317255
0022501223,2025-12-14,2025-26,CHI,NOP,0,0.75496924
0022501228,2025-12-14,2025-26,PHX,LAL,0,0.3465018
0022501222,2025-12-15,2025-26,BOS,DET,0,0.57362
0022501224,2025-12-15,2025-26,UTA,DAL,1,0.43639964
0022501225,2025-12-15,2025-26,DEN,HOU,1,0.48758912
0022501226,2025-12-15,2025-26,LAC,MEM,0,0.70654476
0022501227,2025-12-15,2025-26,MIA,TOR,0,0.68887943
0022500367,2025-12-17,2025-26,CHI,CLE,1,0.49889332
0022500368,2025-12-17,2025-26,MIN,MEM,0,0.6996391
0022500369,2025-12-18,2025-26,OKC,LAC,1,0.8761803
0022500370,2025-12-18,2025-26,SAS,WAS,1,0.9010476
0022500371,2025-12-18,2025-26,CHA,ATL,1,0.33942187
0022500372,2025-12-18,2025-26,IND,NYK,0,0.2407374
0022500373,2025-12-18,2025-26,BKN,MIA,0,0.37183678
0022500374,2025-12-18,2025-26,MIL,TOR,0,0.41166905
0022500375,2025-12-18,2025-26,NOP,HOU,1,0.19533207
0022500376,2025-12-18,2025-26,DAL,DET,1,0.28906068
0022500377,2025-12-18,2025-26,DEN,ORL,1,0.61564076
0022500378,2025-12-18,2025-26,PHX,GSW,1,0.42265457
0022500379,2025-12-18,2025-26,UTA,LAL,0,0.2053627
0022500380,2025-12-18,2025-26,POR,SAC,1,0.7547665
0022500381,2025-12-19,2025-26,BOS,MIA,1,0.689598
0022500382,2025-12-19,2025-26,NYK,PHI,0,0.69059896
0022500383,2025-12-19,2025-26,ATL,SAS,0,0.4984323
0022500384,2025-12-19,2025-26,CLE,CHI,0,0.5904265
0022500385,2025-12-19,2025-26,MIN,OKC,1,0.35490444
0022500386,2025-12-20,2025-26,DEN,HOU,0,0.5601428
0022500387,2025-12-20,2025-26,PHI,DAL,1,0.50933254
0022500388,2025-12-20,2025-26,TOR,BOS,0,0.48862833
0022500389,2025-12-20,2025-26,NOP,IND,1,0.54629266
0022500390,2025-12-20,2025-26,DET,CHA,1,0.73254293
0022500391,2025-12-20,2025-26,MEM,WAS,0,0.814173
0022500392,2025-12-20,2025-26,GSW,PHX,1,0.6487375
0022500393,2025-12-20,2025-26,UTA,ORL,0,0.33749297
0022500394,2025-12-20,2025-26,SAC,POR,0,0.33583352
0022500395,2025-12-20,2025-26,LAC,LAL,1,0.36695322
0022500396,2025-12-21,2025-26,ATL,CHI,0,0.5985469
0022500397,2025-12-21,2025-26,BKN,TOR,1,0.51170933
0022500398,2025-12-21,2025-26,NYK,MIA,1,0.7467443
0022500399,2025-12-21,2025-26,WAS,SAS,0,0.13514698
0022500400,2025-12-21,2025-26,MIN,MIL,1,0.7642423
0022500401,2025-12-21,2025-26,SAC,HOU,1,0.13974349
0022500402,2025-12-22,2025-26,CLE,CHA,1,0.5740507
0022500403,2025-12-22,2025-26,BOS,IND,1,0.7938914
0022500404,2025-12-22,2025-26,NOP,DAL,1,0.44867888
0022500405,2025-12-22,2025-26,DEN,UTA,1,0.86267245
0022500406,2025-12-22,2025-26,OKC,MEM,1,0.8895853
0022500407,2025-12-22,2025-26,GSW,ORL,1,0.66893655
0022500408,2025-12-22,2025-26,POR,DET,0,0.3603448
0022500409,2025-12-23,2025-26,CHA,WAS,1,0.7072579
0022500410,2025-12-23,2025-26,PHI,BKN,0,0.67766947
0022500411,2025-12-23,2025-26,ATL,CHI,0,0.6245746
0022500412,2025-12-23,2025-26,CLE,NOP,1,0.67388856
0022500413,2025-12-23,2025-26,IND,MIL,0,0.4549677
0022500414,2025-12-23,2025-26,MIA,TOR,0,0.6486096
0022500415,2025-12-23,2025-26,DAL,DEN,1,0.28692868
0022500416,2025-12-23,2025-26,MIN,NYK,1,0.49244365
0022500417,2025-12-23,2025-26,SAS,OKC,1,0.40390384
0022500418,2025-12-23,2025-26,PHX,LAL,1,0.4844857
0022500419,2025-12-23,2025-26,UTA,MEM,0,0.41433048
0022500420,2025-12-23,2025-26,POR,ORL,0,0.5320451
0022500421,2025-12-23,2025-26,SAC,DET,0,0.2059636
0022500422,2025-12-23,2025-26,LAC,HOU,1,0.40406522
0022500009,2025-12-25,2025-26,NYK,CLE,1,0.5165075
0022500010,2025-12-25,2025-26,OKC,SAS,0,0.72799754
0022500011,2025-12-25,2025-26,GSW,DAL,1,0.7297209
0022500012,2025-12-25,2025-26,LAL,HOU,0,0.36564013
0022500013,2025-12-25,2025-26,DEN,MIN,1,0.6672798
0022500423,2025-12-26,2025-26,ATL,MIA,0,0.66400945
0022500424,2025-12-26,2025-26,ORL,CHA,0,0.6170282
0022500425,2025-12-26,2025-26,WAS,TOR,1,0.27609563
0022500426,2025-12-26,2025-26,IND,BOS,0,0.27292645
0022500427,2025-12-26,2025-26,CHI,PHI,1,0.55941206
0022500428,2025-12-26,2025-26,MEM,MIL,1,0.5928501
0022500429,2025-12-26,2025-26,NOP,PHX,0,0.33225828
0022500430,2025-12-26,2025-26,UTA,DET,1,0.16443497
0022500431,2025-12-26,2025-26,POR,LAC,0,0.42969513
0022500432,2025-12-27,2025-26,SAC,DAL,1,0.3671441
0022500433,2025-12-27,2025-26,ORL,DEN,1,0.2626875
0022500434,2025-12-27,2025-26,NOP,PHX,0,0.3440412
0022500435,2025-12-27,2025-26,ATL,NYK,0,0.3846278
0022500436,2025-12-27,2025-26,MIA,IND,1,0.7129054
0022500437,2025-12-27,2025-26,CHI,MIL,0,0.6531196
0022500438,2025-12-27,2025-26,HOU,CLE,1,0.68197453
0022500439,2025-12-27,2025-26,MIN,BKN,0,0.7266614
0022500440,2025-12-27,2025-26,SAS,UTA,0,0.8654896
0022500441,2025-12-28,2025-26,TOR,GSW,1,0.30788293
0022500442,2025-12-28,2025-26,OKC,PHI,1,0.8459857
0022500443,2025-12-28,2025-26,WAS,MEM,1,0.25019702
0022500444,2025-12-28,2025-26,POR,BOS,1,0.40098387
0022500445,2025-12-28,2025-26,LAC,DET,1,0.4799166
0022500446,2025-12-28,2025-26,LAL,SAC,1,0.8672782
0022500447,2025-12-29,2025-26,CHA,MIL,0,0.5442633
0022500448,2025-12-29,2025-26,WAS,PHX,0,0.19654876
0022500449,2025-12-29,2025-26,BKN,GSW,0,0.4245603
0022500450,2025-12-29,2025-26,MIA,DEN,1,0.37015626
0022500451,2025-12-29,2025-26,TOR,ORL,1,0.46943498
0022500452,2025-12-29,2025-26,CHI,MIN,0,0.4273956
0022500453,2025-12-29,2025-26,HOU,IND,1,0.8634647
0022500454,2025-12-29,2025-26,NOP,NYK,0,0.31197396
0022500455,2025-12-29,2025-26,OKC,ATL,1,0.7783107
0022500456,2025-12-29,2025-26,SAS,CLE,0,0.56693447
0022500457,2025-12-29,2025-26,POR,DAL,1,0.5612573
0022500458,2025-12-30,2025-26,MEM,PHI,0,0.5707975
0022500459,2025-12-30,2025-26,UTA,BOS,0,0.33220145
0022500460,2025-12-30,2025-26,LAL,DET,0,0.44328526
0022500461,2025-12-30,2025-26,LAC,SAC,1,0.87266135
0022500462,2025-12-31,2025-26,CHA,GSW,0,0.2974747
0022500463,2025-12-31,2025-26,ATL,MIN,1,0.39285156
0022500464,2025-12-31,2025-26,IND,ORL,0,0.4013684
0022500465,2025-12-31,2025-26,CLE,PHX,1,0.60292166
0022500466,2025-12-31,2025-26,CHI,NOP,1,0.6507243
0022500467,2025-12-31,2025-26,SAS,NYK,1,0.6372147
0022500468,2025-12-31,2025-26,TOR,DEN,0,0.32386252
0022500469,2025-12-31,2025-26,MIL,WAS,0,0.82167757
0022500470,2025-12-31,2025-26,OKC,POR,1,0.8600007
0022500471,2026-01-01,2025-26,BKN,HOU,0,0.29548132
0022500472,2026-01-01,2025-26,DET,MIA,0,0.6384318
0022500473,2026-01-01,2025-26,DAL,PHI,0,0.41714084
0022500474,2026-01-01,2025-26,SAC,BOS,0,0.22424772
0022500475,2026-01-01,2025-26,LAC,UTA,1,0.81616336
0022500476,2026-01-02,2025-26,IND,SAS,0,0.2920027
0022500477,2026-01-02,2025-26,WAS,BKN,1,0.4725434
0022500478,2026-01-02,2025-26,CLE,DEN,1,0.6814062
0022500479,2026-01-02,2025-26,NYK,ATL,0,0.58597004
0022500480,2026-01-02,2025-26,CHI,ORL,1,0.44689134
0022500481,2026-01-02,2025-26,MIL,CHA,1,0.66598487
0022500482,2026-01-02,2025-26,NOP,POR,0,0.4545427
0022500483,2026-01-02,2025-26,PHX,SAC,1,0.8449083
0022500484,2026-01-02,2025-26,GSW,OKC,0,0.3410822
0022500485,2026-01-02,2025-26,LAL,MEM,1,0.6413188
0022500486,2026-01-03,2025-26,MIA,MIN,0,0.5052517
0022500487,2026-01-03,2025-26,NYK,PHI,0,0.5340195
0022500488,2026-01-03,2025-26,TOR,ATL,1,0.5415369
0022500489,2026-01-03,2025-26,CHI,CHA,0,0.5695567
0022500490,2026-01-03,2025-26,SAS,POR,0,0.75666076
0022500491,2026-01-03,2025-26,DAL,HOU,1,0.26293188
0022500492,2026-01-03,2025-26,GSW,UTA,1,0.7679112
0022500493,2026-01-03,2025-26,LAC,BOS,0,0.5861736
0022500494,2026-01-04,2025-26,CLE,DET,0,0.47654667
0022500495,2026-01-04,2025-26,ORL,IND,1,0.69745046
0022500496,2026-01-04,2025-26,BKN,DEN,1,0.39371875
0022500497,2026-01-04,2025-26,MIA,NOP,1,0.7518802
0022500498,2026-01-04,2025-26,WAS,MIN,0,0.23357727
0022500499,2026-01-04,2025-26,PHX,OKC,1,0.26356024
0022500500,2026-01-04,2025-26,SAC,MIL,0,0.32305393
0022500501,2026-01-04,2025-26,LAL,MEM,1,0.6414959
0022500502,2026-01-05,2025-26,DET,NYK,1,0.5839581
0022500503,2026-01-05,2025-26,BOS,CHI,1,0.76995504
0022500504,2026-01-05,2025-26,TOR,ATL,1,0.48101947
0022500505,2026-01-05,2025-26,HOU,PHX,1,0.7390783
0022500506,2026-01-05,2025-26,OKC,CHA,0,0.8304327
0022500507,2026-01-05,2025-26,PHI,DEN,0,0.70157784
0022500508,2026-01-05,2025-26,LAC,GSW,1,0.51909727
0022500509,2026-01-05,2025-26,POR,UTA,1,0.6672773
0022500510,2026-01-06,2025-26,IND,CLE,0,0.32605958
0022500511,2026-01-06,2025-26,WAS,ORL,1,0.27427694
0022500512,2026-01-06,2025-26,MEM,SAS,1,0.3687762
0022500513,2026-01-06,2025-26,MIN,MIA,1,0.62467134
0022500514,2026-01-06,2025-26,NOP,LAL,0,0.31078628
0022500515,2026-01-06,2025-26,SAC,DAL,0,0.32213527
0022500516,2026-01-07,2025-26,CHA,TOR,0,0.49303406
0022500517,2026-01-07,2025-26,DET,CHI,1,0.7504796
0022500518,2026-01-07,2025-26,PHI,WAS,1,0.83553547
0022500519,2026-01-07,2025-26,ATL,NOP,1,0.7573487
0022500520,2026-01-07,2025-26,BOS,DEN,0,0.76980263
0022500521,2026-01-07,2025-26,BKN,ORL,0,0.56465375
0022500522,2026-01-07,2025-26,NYK,LAC,1,0.5156196
0022500523,2026-01-07,2025-26,SAS,LAL,1,0.5903653
0022500524,2026-01-07,2025-26,MEM,PHX,0,0.37276962
0022500525,2026-01-07,2025-26,OKC,UTA,1,0.90821916
0022500526,2026-01-07,2025-26,GSW,MIL,1,0.72103274
0022500527,2026-01-07,2025-26,POR,HOU,1,0.34939164
0022500528,2026-01-08,2025-26,CHA,IND,0,0.5872575
0022500530,2026-01-08,2025-26,MIN,CLE,1,0.6382578
0022500531,2026-01-08,2025-26,UTA,DAL,1,0.39432767
0022500532,2026-01-09,2025-26,BOS,TOR,1,0.6940475
0022500533,2026-01-09,2025-26,ORL,PHI,0,0.48767552
0022500534,2026-01-09,2025-26,WAS,NOP,0,0.5433093
0022500535,2026-01-09,2025-26,BKN,LAC,0,0.3685709
0022500536,2026-01-09,2025-26,MEM,OKC,0,0.17411163
0022500537,2026-01-09,2025-26,DEN,ATL,0,0.5257047
0022500538,2026-01-09,2025-26,PHX,NYK,1,0.55082905
0022500539,2026-01-09,2025-26,GSW,SAC,1,0.8900655
0022500540,2026-01-09,2025-26,POR,HOU,1,0.37249836
0022500541,2026-01-09,2025-26,LAL,MIL,0,0.55363417
0022500542,2026-01-10,2025-26,CLE,MIN,1,0.4693086
0022500543,2026-01-10,2025-26,IND,MIA,1,0.38939726
0022500544,2026-01-10,2025-26,DET,LAC,0,0.67206746
0022500545,2026-01-10,2025-26,BOS,SAS,0,0.5332488
0022500546,2026-01-10,2025-26,CHI,DAL,1,0.50556034
0022500547,2026-01-10,2025-26,UTA,CHA,0,0.41754004
0022500548,2026-01-11,2025-26,ORL,NOP,1,0.6492321
0022500549,2026-01-11,2025-26,MEM,BKN,1,0.62947845
0022500550,2026-01-11,2025-26,TOR,PHI,1,0.38892946
0022500551,2026-01-11,2025-26,POR,NYK,0,0.46908674
0022500552,2026-01-11,2025-26,MIN,SAS,1,0.63932866
0022500553,2026-01-11,2025-26,OKC,MIA,1,0.81958044
0022500554,2026-01-11,2025-26,DEN,MIL,1,0.46576694
0022500555,2026-01-11,2025-26,PHX,WAS,1,0.8849993
0022500556,2026-01-11,2025-26,GSW,ATL,0,0.629212
0022500557,2026-01-11,2025-26,SAC,HOU,1,0.16868304
0022500558,2026-01-12,2025-26,CLE,UTA,0,0.893256
0022500559,2026-01-12,2025-26,IND,BOS,1,0.33316812
0022500560,2026-01-12,2025-26,TOR,PHI,0,0.42170084
0022500561,2026-01-12,2025-26,DAL,BKN,1,0.6853181
0022500562,2026-01-12,2025-26,SAC,LAL,1,0.20472379
0022500563,2026-01-12,2025-26,LAC,CHA,1,0.67675734
0022500564,2026-01-13,2025-26,MIA,PHX,1,0.40399465
0022500565,2026-01-13,2025-26,HOU,CHI,1,0.81098664
0022500566,2026-01-13,2025-26,MIL,MIN,0,0.36528584
0022500567,2026-01-13,2025-26,NOP,DEN,0,0.466365
0022500568,2026-01-13,2025-26,OKC,SAS,1,0.8043413
0022500569,2026-01-13,2025-26,LAL,ATL,1,0.42054534
0022500570,2026-01-13,2025-26,GSW,POR,1,0.65330887
0022500571,2026-01-14,2025-26,IND,TOR,0,0.52453035
0022500572,2026-01-14,2025-26,PHI,CLE,0,0.5209934
0022500573,2026-01-14,2025-26,CHI,UTA,1,0.6369511
0022500574,2026-01-14,2025-26,NOP,BKN,1,0.43346375
0022500575,2026-01-14,2025-26,DAL,DEN,0,0.4849449
0022500576,2026-01-14,2025-26,SAC,NYK,1,0.20249602
0022500577,2026-01-14,2025-26,LAC,WAS,1,0.8871781
0022500579,2026-01-15,2025-26,DET,PHX,1,0.5437461
0022500580,2026-01-15,2025-26,MIA,BOS,0,0.4865498
0022500581,2026-01-15,2025-26,HOU,OKC,0,0.3700774
0022500582,2026-01-15,2025-26,SAS,MIL,1,0.6682328
0022500583,2026-01-15,2025-26,DAL,UTA,1,0.7452076
0022500584,2026-01-15,2025-26,GSW,NYK,1,0.66458476
0022500585,2026-01-15,2025-26,POR,ATL,1,0.48203033
0022500586,2026-01-15,2025-26,LAL,CHA,0,0.6339847
0022500587,2026-01-16,2025-26,BKN,CHI,1,0.5134397
0022500588,2026-01-16,2025-26,IND,NOP,1,0.6156292
0022500589,2026-01-16,2025-26,PHI,CLE,0,0.46890944
0022500590,2026-01-16,2025-26,TOR,LAC,0,0.3591114
0022500591,2026-01-16,2025-26,HOU,MIN,1,0.46145475
0022500592,2026-01-16,2025-26,SAC,WAS,1,0.6497688
0022500593,2026-01-17,2025-26,DAL,UTA,1,0.7070485
0022500594,2026-01-17,2025-26,ATL,BOS,0,0.46648648
0022500595,2026-01-17,2025-26,DET,IND,1,0.8632536
0022500596,2026-01-17,2025-26,NYK,PHX,0,0.5640624
0022500597,2026-01-17,2025-26,MIA,OKC,1,0.2357981
0022500598,2026-01-17,2025-26,SAS,MIN,1,0.5358317
0022500599,2026-01-17,2025-26,GSW,CHA,1,0.7506194
0022500600,2026-01-17,2025-26,DEN,WAS,1,0.8479711
0022500601,2026-01-17,2025-26,POR,LAL,1,0.4908591
0022500603,2026-01-18,2025-26,CHI,BKN,1,0.59384024
0022500604,2026-01-18,2025-26,HOU,NOP,1,0.85336095
0022500605,2026-01-18,2025-26,DEN,CHA,0,0.5466755
0022500606,2026-01-18,2025-26,SAC,POR,0,0.4731999
0022500607,2026-01-18,2025-26,LAL,TOR,1,0.5119634
0022500014,2026-01-19,2025-26,ATL,MIL,0,0.5857198
0022500015,2026-01-19,2025-26,CLE,OKC,0,0.346597
0022500016,2026-01-19,2025-26,NYK,DAL,0,0.7957904
0022500017,2026-01-19,2025-26,DET,BOS,1,0.674132
0022500608,2026-01-19,2025-26,WAS,LAC,0,0.23129763
0022500609,2026-01-19,2025-26,PHI,IND,1,0.83369523
0022500610,2026-01-19,2025-26,BKN,PHX,0,0.20476165
0022500611,2026-01-19,2025-26,SAS,UTA,1,0.88642925
0022500612,2026-01-19,2025-26,GSW,MIA,1,0.70493907
0022500613,2026-01-20,2025-26,PHI,PHX,0,0.47274166
0022500614,2026-01-20,2025-26,CHI,LAC,1,0.472719
0022500615,2026-01-20,2025-26,HOU,SAS,1,0.72099036
0022500616,2026-01-20,2025-26,UTA,MIN,1,0.1663184
0022500617,2026-01-20,2025-26,DEN,LAL,0,0.47161186
0022500618,2026-01-20,2025-26,GSW,TOR,0,0.73536247
0022500619,2026-01-20,2025-26,SAC,MIA,0,0.43987462
0022500620,2026-01-21,2025-26,CHA,CLE,0,0.46567526
0022500621,2026-01-21,2025-26,BOS,IND,1,0.79056466
0022500622,2026-01-21,2025-26,NYK,BKN,1,0.76453286
0022500623,2026-01-21,2025-26,MEM,ATL,0,0.53803545
0022500624,2026-01-21,2025-26,NOP,DET,0,0.18683222
0022500625,2026-01-21,2025-26,MIL,OKC,0,0.2046194
0022500626,2026-01-21,2025-26,SAC,TOR,0,0.39267167
0022500627,2026-01-22,2025-26,ORL,CHA,0,0.5157201
0022500628,2026-01-22,2025-26,PHI,HOU,1,0.37235868
0022500629,2026-01-22,2025-26,WAS,DEN,0,0.3047247
0022500630,2026-01-22,2025-26,DAL,GSW,1,0.33072907
0022500631,2026-01-22,2025-26,MIN,CHI,0,0.69183046
0022500632,2026-01-22,2025-26,UTA,SAS,0,0.27901542
0022500633,2026-01-22,2025-26,LAC,LAL,1,0.44854236
0022500634,2026-01-22,2025-26,POR,MIA,1,0.5233253
0022500635,2026-01-23,2025-26,DET,HOU,0,0.6040186
0022500636,2026-01-23,2025-26,ATL,PHX,1,0.38251093
0022500637,2026-01-23,2025-26,BKN,BOS,0,0.30783668
0022500638,2026-01-23,2025-26,CLE,SAC,1,0.8127381
0022500639,2026-01-23,2025-26,MEM,NOP,0,0.6921938
0022500640,2026-01-23,2025-26,MIL,DEN,0,0.5708171
0022500641,2026-01-23,2025-26,OKC,IND,0,0.8975784
0022500642,2026-01-23,2025-26,POR,TOR,0,0.52484316
0022500643,2026-01-24,2025-26,PHI,NYK,0,0.5220012
0022500645,2026-01-24,2025-26,CHA,WAS,1,0.7984681
0022500646,2026-01-24,2025-26,ORL,CLE,0,0.4299297
0022500647,2026-01-24,2025-26,CHI,BOS,1,0.6089566
0022500648,2026-01-24,2025-26,DAL,LAL,0,0.4018716
0022500649,2026-01-24,2025-26,UTA,MIA,0,0.30488777
0022500644,2026-01-25,2025-26,MIN,GSW,0,0.54458255
0022500650,2026-01-25,2025-26,DET,SAC,1,0.85170436
0022500653,2026-01-25,2025-26,OKC,TOR,0,0.75844306
0022500654,2026-01-25,2025-26,SAS,NOP,0,0.7556974
0022500655,2026-01-25,2025-26,PHX,MIA,0,0.72306734
0022500656,2026-01-25,2025-26,LAC,BKN,1,0.7841736
0022500657,2026-01-26,2025-26,CHA,PHI,1,0.5376665
0022500658,2026-01-26,2025-26,CLE,ORL,1,0.6925783
0022500659,2026-01-26,2025-26,ATL,IND,1,0.68587446
0022500660,2026-01-26,2025-26,BOS,POR,1,0.6654794
0022500661,2026-01-26,2025-26,CHI,LAL,0,0.45260713
0022500662,2026-01-26,2025-26,HOU,MEM,1,0.792153
0022500663,2026-01-26,2025-26,MIN,GSW,1,0.459754
0022500664,2026-01-27,2025-26,WAS,POR,1,0.2973673
0022500665,2026-01-27,2025-26,NYK,SAC,1,0.8244656
0022500666,2026-01-27,2025-26,PHI,MIL,1,0.56619227
0022500667,2026-01-27,2025-26,OKC,NOP,1,0.841936
0022500668,2026-01-27,2025-26,DEN,DET,0,0.25691116
0022500669,2026-01-27,2025-26,PHX,BKN,1,0.74245
0022500670,2026-01-27,2025-26,UTA,LAC,0,0.21815696
0022500671,2026-01-28,2025-26,CLE,LAL,1,0.5277796
0022500672,2026-01-28,2025-26,IND,CHI,1,0.40234327
0022500673,2026-01-28,2025-26,BOS,ATL,0,0.6565195
0022500674,2026-01-28,2025-26,MIA,ORL,0,0.62721413
0022500675,2026-01-28,2025-26,TOR,NYK,0,0.61610967
0022500676,2026-01-28,2025-26,MEM,CHA,0,0.38394597
0022500677,2026-01-28,2025-26,DAL,MIN,0,0.3951465
0022500678,2026-01-28,2025-26,UTA,GSW,0,0.22437708
0022500679,2026-01-28,2025-26,HOU,SAS,0,0.6852519
0022500529,2026-01-29,2025-26,CHI,MIA,0,0.5562761
0022500680,2026-01-29,2025-26,PHI,SAC,1,0.8102835
0022500681,2026-01-29,2025-26,WAS,MIL,1,0.39081672
0022500682,2026-01-29,2025-26,ATL,HOU,0,0.42261574
0022500683,2026-01-29,2025-26,DAL,CHA,0,0.33242357
0022500684,2026-01-29,2025-26,DEN,BKN,1,0.6612529
0022500685,2026-01-29,2025-26,PHX,DET,1,0.3570534
0022500686,2026-01-29,2025-26,MIN,OKC,1,0.3705398
0022500687,2026-01-30,2025-26,ORL,TOR,1,0.52399755
0022500688,2026-01-30,2025-26,WAS,LAL,0,0.23999502
0022500689,2026-01-30,2025-26,BOS,SAC,1,0.8521566
0022500690,2026-01-30,2025-26,NYK,POR,1,0.6343896
0022500691,2026-01-30,2025-26,NOP,MEM,1,0.57680804
0022500693,2026-01-30,2025-26,PHX,CLE,1,0.41192666
0022500694,2026-01-30,2025-26,UTA,BKN,0,0.5880704
0022500695,2026-01-30,2025-26,DEN,LAC,1,0.35233927
0022500696,2026-01-30,2025-26,GSW,DET,0,0.62028474
0022500692,2026-01-31,2025-26,MIA,CHI,0,0.5947212
0022500697,2026-01-31,2025-26,CHA,SAS,1,0.55183434
0022500698,2026-01-31,2025-26,IND,ATL,1,0.43234125
0022500699,2026-01-31,2025-26,PHI,NOP,1,0.7791926
0022500700,2026-01-31,2025-26,MEM,MIN,0,0.25749755
0022500701,2026-01-31,2025-26,HOU,DAL,1,0.81464773
0022500702,2026-02-01,2025-26,BOS,MIL,1,0.7597994
0022500703,2026-02-01,2025-26,SAS,ORL,1,0.57447726
0022500704,2026-02-01,2025-26,DET,BKN,1,0.8749559
0022500705,2026-02-01,2025-26,MIA,CHI,1,0.5800372
0022500706,2026-02-01,2025-26,TOR,UTA,1,0.86659735
0022500707,2026-02-01,2025-26,WAS,SAC,1,0.46883476
0022500708,2026-02-01,2025-26,NYK,LAL,1,0.59228843
0022500709,2026-02-01,2025-26,PHX,LAC,0,0.52429783
0022500710,2026-02-01,2025-26,POR,CLE,0,0.45825607
0022500711,2026-02-01,2025-26,DEN,OKC,0,0.40516958
0022500712,2026-02-02,2025-26,CHA,NOP,1,0.7684043
0022500713,2026-02-02,2025-26,IND,HOU,0,0.2686134
0022500714,2026-02-02,2025-26,MEM,MIN,1,0.2914523
0022500715,2026-02-02,2025-26,LAC,PHI,0,0.45000142
0022500716,2026-02-03,2025-26,DET,DEN,1,0.65764904
0022500717,2026-02-03,2025-26,IND,UTA,0,0.6505305
0022500718,2026-02-03,2025-26,WAS,NYK,0,0.17059906
0022500719,2026-02-03,2025-26,BKN,LAL,0,0.20942225
0022500720,2026-02-03,2025-26,MIA,ATL,0,0.5680585
0022500721,2026-02-03,2025-26,DAL,BOS,0,0.3123898
0022500722,2026-02-03,2025-26,MIL,CHI,1,0.5379995
0022500723,2026-02-03,2025-26,OKC,ORL,1,0.7778396
0022500724,2026-02-03,2025-26,GSW,PHI,0,0.7186433
0022500725,2026-02-03,2025-26,POR,PHX,0,0.40188244
0022500726,2026-02-04,2025-26,NYK,DEN,1,0.56461304
0022500727,2026-02-04,2025-26,TOR,MIN,0,0.4235193
0022500728,2026-02-04,2025-26,HOU,BOS,0,0.5899489
0022500729,2026-02-04,2025-26,MIL,NOP,1,0.5374735
0022500730,2026-02-04,2025-26,SAS,OKC,1,0.41362944
0022500731,2026-02-04,2025-26,SAC,MEM,0,0.3756855
0022500732,2026-02-04,2025-26,LAC,CLE,0,0.4393872
0022500733,2026-02-05,2025-26,DET,WAS,0,0.9184743
0022500734,2026-02-05,2025-26,ORL,BKN,1,0.73877144
0022500735,2026-02-05,2025-26,ATL,UTA,1,0.80084825
0022500736,2026-02-05,2025-26,TOR,CHI,1,0.7004464
0022500737,2026-02-05,2025-26,HOU,CHA,0,0.51721704
0022500738,2026-02-05,2025-26,DAL,SAS,0,0.39354002
0022500739,2026-02-05,2025-26,PHX,GSW,0,0.53092134
0022500740,2026-02-05,2025-26,LAL,PHI,1,0.670849
0022500741,2026-02-06,2025-26,BOS,MIA,1,0.7602313
0022500742,2026-02-06,2025-26,DET,NYK,1,0.5475333
0022500743,2026-02-06,2025-26,MIL,IND,1,0.7243996
0022500744,2026-02-06,2025-26,MIN,NOP,0,0.81006557
0022500745,2026-02-06,2025-26,POR,MEM,1,0.5932727
0022500746,2026-02-06,2025-26,SAC,LAC,0,0.3250346
0022500747,2026-02-07,2025-26,BKN,WAS,1,0.6541275
0022500748,2026-02-07,2025-26,OKC,HOU,0,0.5901901
0022500749,2026-02-07,2025-26,SAS,DAL,1,0.774357
0022500750,2026-02-07,2025-26,ORL,UTA,1,0.8192733
0022500751,2026-02-07,2025-26,ATL,CHA,0,0.42524123
0022500752,2026-02-07,2025-26,CHI,DEN,0,0.25733027
0022500753,2026-02-07,2025-26,LAL,GSW,1,0.63701814
0022500754,2026-02-07,2025-26,PHX,PHI,0,0.46948585
0022500755,2026-02-07,2025-26,POR,MEM,1,0.6927838
0022500756,2026-02-07,2025-26,SAC,CLE,0,0.18251674
0022500757,2026-02-08,2025-26,BOS,NYK,0,0.7155963
0022500758,2026-02-08,2025-26,WAS,MIA,0,0.21505976
0022500759,2026-02-08,2025-26,TOR,IND,1,0.73105675
0022500760,2026-02-08,2025-26,MIN,LAC,0,0.6777191
0022500761,2026-02-09,2025-26,CHA,DET,0,0.39384535
0022500762,2026-02-09,2025-26,BKN,CHI,1,0.51743144
0022500763,2026-02-09,2025-26,MIA,UTA,0,0.70086163
0022500764,2026-02-09,2025-26,ORL,MIL,1,0.6676236
0022500765,2026-02-09,2025-26,MIN,ATL,1,0.58786714
0022500766,2026-02-09,2025-26,NOP,SAC,1,0.7264974
0022500767,2026-02-09,2025-26,DEN,CLE,0,0.50310147
0022500768,2026-02-09,2025-26,GSW,MEM,1,0.8445196
0022500769,2026-02-09,2025-26,LAL,OKC,0,0.5438048
0022500770,2026-02-09,2025-26,POR,PHI,1,0.4025787
0022500771,2026-02-10,2025-26,NYK,IND,0,0.7750582
0022500772,2026-02-10,2025-26,HOU,LAC,1,0.65801924
0022500773,2026-02-10,2025-26,PHX,DAL,1,0.79009
0022500774,2026-02-10,2025-26,LAL,SAS,0,0.46584743
0022500775,2026-02-11,2025-26,CHA,ATL,1,0.7648973
0022500776,2026-02-11,2025-26,CLE,WAS,1,0.92229
0022500777,2026-02-11,2025-26,ORL,MIL,0,0.75191283
0022500778,2026-02-11,2025-26,BOS,CHI,1,0.80924684
0022500779,2026-02-11,2025-26,BKN,IND,0,0.41260427
0022500780,2026-02-11,2025-26,PHI,NYK,0,0.54345906
0022500781,2026-02-11,2025-26,TOR,DET,0,0.4013612
0022500782,2026-02-11,2025-26,HOU,LAC,0,0.70784515
0022500783,2026-02-11,2025-26,MIN,POR,1,0.62665075
0022500784,2026-02-11,2025-26,NOP,MIA,0,0.45366845
0022500785,2026-02-11,2025-26,PHX,OKC,0,0.4022512
0022500786,2026-02-11,2025-26,UTA,SAC,1,0.652006
0022500787,2026-02-11,2025-26,DEN,MEM,1,0.7962215
0022500788,2026-02-11,2025-26,GSW,SAS,0,0.5115363
0022500789,2026-02-12,2025-26,OKC,MIL,0,0.8314233
0022500790,2026-02-12,2025-26,UTA,POR,0,0.33737403
0022500791,2026-02-12,2025-26,LAL,DAL,1,0.61854404
0022500792,2026-02-19,2025-26,CHA,HOU,0,0.5689388
0022500793,2026-02-19,2025-26,CLE,BKN,1,0.89188826
0022500794,2026-02-19,2025-26,PHI,ATL,0,0.48737347
0022500795,2026-02-19,2025-26,WAS,IND,1,0.41096687
0022500796,2026-02-19,2025-26,NYK,DET,0,0.4301875
0022500797,2026-02-19,2025-26,CHI,TOR,0,0.31472766
0022500798,2026-02-19,2025-26,SAS,PHX,1,0.72678757
0022500799,2026-02-19,2025-26,GSW,BOS,0,0.37716728
0022500800,2026-02-19,2025-26,SAC,ORL,0,0.17495772
0022500801,2026-02-19,2025-26,LAC,DEN,1,0.48713347
0022500802,2026-02-20,2025-26,CHA,CLE,0,0.4118287
0022500803,2026-02-20,2025-26,WAS,IND,1,0.39543748
0022500804,2026-02-20,2025-26,MEM,UTA,1,0.6553748
0022500805,2026-02-20,2025-26,ATL,MIA,0,0.4840309
0022500806,2026-02-20,2025-26,MIN,DAL,1,0.78927255
0022500807,2026-02-20,2025-26,NOP,MIL,0,0.55870336
0022500808,2026-02-20,2025-26,OKC,BKN,1,0.842616
0022500809,2026-02-20,2025-26,LAL,LAC,1,0.6212511
0022500810,2026-02-20,2025-26,POR,DEN,0,0.47903937
0022500811,2026-02-21,2025-26,PHX,ORL,1,0.60275495
0022500812,2026-02-21,2025-26,NOP,PHI,1,0.41968945
0022500813,2026-02-21,2025-26,MIA,MEM,1,0.82358027
0022500814,2026-02-21,2025-26,CHI,DET,0,0.19524974
0022500815,2026-02-21,2025-26,SAS,SAC,1,0.9356874
0022500816,2026-02-21,2025-26,NYK,HOU,1,0.5334981
0022500817,2026-02-22,2025-26,OKC,CLE,1,0.47651932
0022500818,2026-02-22,2025-26,ATL,BKN,1,0.74239475
0022500819,2026-02-22,2025-26,MIL,TOR,0,0.3802405
0022500820,2026-02-22,2025-26,GSW,DEN,1,0.41357785
0022500821,2026-02-22,2025-26,IND,DAL,0,0.4176028
0022500822,2026-02-22,2025-26,WAS,CHA,0,0.1857184
0022500823,2026-02-22,2025-26,LAL,BOS,0,0.5371819
0022500824,2026-02-22,2025-26,MIN,PHI,0,0.76748943
0022500825,2026-02-22,2025-26,CHI,NYK,0,0.28169534
0022500826,2026-02-22,2025-26,PHX,POR,0,0.50859696
0022500827,2026-02-22,2025-26,LAC,ORL,0,0.7342654
0022500828,2026-02-23,2025-26,DET,SAS,0,0.5984843
0022500829,2026-02-23,2025-26,MEM,SAC,0,0.69945306
0022500830,2026-02-23,2025-26,HOU,UTA,1,0.8983343
0022500831,2026-02-24,2025-26,IND,PHI,0,0.39034832
0022500832,2026-02-24,2025-26,ATL,WAS,1,0.84042275
0022500833,2026-02-24,2025-26,BKN,DAL,0,0.4800782
0022500834,2026-02-24,2025-26,TOR,OKC,0,0.455566
0022500835,2026-02-24,2025-26,CLE,NYK,1,0.6147307
0022500836,2026-02-24,2025-26,CHI,CHA,0,0.3373215
0022500837,2026-02-24,2025-26,MIL,MIA,1,0.38885543
0022500838,2026-02-24,2025-26,NOP,GSW,1,0.42565146
0022500839,2026-02-24,2025-26,PHX,BOS,0,0.24244997
0022500840,2026-02-24,2025-26,LAL,ORL,0,0.7419996
0022500841,2026-02-24,2025-26,POR,MIN,0,0.49773142
0022500842,2026-02-25,2025-26,DET,OKC,1,0.6749423
0022500843,2026-02-25,2025-26,TOR,SAS,0,0.35902497
0022500844,2026-02-25,2025-26,MEM,GSW,0,0.28060764
0022500845,2026-02-25,2025-26,HOU,SAC,1,0.89101464
0022500846,2026-02-25,2025-26,MIL,CLE,1,0.2553702
0022500847,2026-02-25,2025-26,DEN,BOS,1,0.62306815
0022500848,2026-02-26,2025-26,IND,CHA,0,0.20282091
0022500849,2026-02-26,2025-26,PHI,MIA,1,0.5032713
0022500850,2026-02-26,2025-26,ATL,WAS,1,0.8499388
0022500851,2026-02-26,2025-26,BKN,SAS,0,0.20306736
0022500852,2026-02-26,2025-26,ORL,HOU,0,0.44448692
0022500853,2026-02-26,2025-26,CHI,POR,0,0.39180088
0022500854,2026-02-26,2025-26,DAL,SAC,0,0.7700005
0022500855,2026-02-26,2025-26,PHX,LAL,1,0.2802086
0022500856,2026-02-26,2025-26,UTA,NOP,0,0.35143173
0022500857,2026-02-26,2025-26,LAC,MIN,0,0.5402931
0022500858,2026-02-27,2025-26,DET,CLE,1,0.746352
0022500859,2026-02-27,2025-26,BOS,BKN,1,0.8871355
0022500860,2026-02-27,2025-26,MIL,NYK,0,0.35209194
0022500861,2026-02-27,2025-26,DAL,MEM,0,0.6772026
0022500862,2026-02-27,2025-26,OKC,DEN,1,0.45381594
0022500863,2026-02-28,2025-26,CHA,POR,1,0.7472419
0022500864,2026-02-28,2025-26,MIA,HOU,1,0.4255579
0022500865,2026-02-28,2025-26,WAS,TOR,0,0.119027786
0022500866,2026-02-28,2025-26,GSW,LAL,0,0.4340904
0022500867,2026-02-28,2025-26,UTA,NOP,0,0.25494173
0022500868,2026-03-01,2025-26,NYK,SAS,1,0.4328269
0022500869,2026-03-01,2025-26,BKN,CLE,0,0.25462428
0022500870,2026-03-01,2025-26,CHI,MIL,1,0.40385517
0022500871,2026-03-01,2025-26,DEN,MIN,0,0.63029677
0022500872,2026-03-01,2025-26,IND,MEM,0,0.5818186
0022500873,2026-03-01,2025-26,ATL,POR,1,0.6006784
0022500874,2026-03-01,2025-26,BOS,PHI,1,0.65548104
0022500875,2026-03-01,2025-26,ORL,DET,0,0.31365922
0022500876,2026-03-01,2025-26,DAL,OKC,0,0.2130766
0022500877,2026-03-01,2025-26,LAC,NOP,1,0.6652632
0022500878,2026-03-01,2025-26,LAL,SAC,1,0.8862159
0022500879,2026-03-02,2025-26,WAS,HOU,0,0.12610504
0022500880,2026-03-02,2025-26,MIL,BOS,0,0.21139102
0022500881,2026-03-02,2025-26,UTA,DEN,0,0.17149146
0022500882,2026-03-02,2025-26,GSW,LAC,0,0.5551788
0022500883,2026-03-03,2025-26,CHA,DAL,1,0.80243814
0022500884,2026-03-03,2025-26,CLE,DET,1,0.39655295
0022500885,2026-03-03,2025-26,ORL,WAS,1,0.83989346
0022500886,2026-03-03,2025-26,MIA,BKN,1,0.8172126
0022500887,2026-03-03,2025-26,TOR,NYK,0,0.50824255
0022500888,2026-03-03,2025-26,PHI,SAS,0,0.32917148
0022500889,2026-03-03,2025-26,CHI,OKC,0,0.15233658
0022500890,2026-03-03,2025-26,MIN,MEM,1,0.86572504
0022500891,2026-03-03,2025-26,LAL,NOP,1,0.74341244
0022500892,2026-03-03,2025-26,SAC,PHX,0,0.26652393
0022500893,2026-03-04,2025-26,NYK,OKC,0,0.61544865
0022500894,2026-03-04,2025-26,BOS,CHA,0,0.71658623
0022500895,2026-03-04,2025-26,PHI,UTA,1,0.73729765
0022500896,2026-03-04,2025-26,MEM,POR,0,0.40533924
0022500897,2026-03-04,2025-26,MIL,ATL,0,0.3675878
0022500898,2026-03-04,2025-26,LAC,IND,1,0.8814863
0022500899,2026-03-05,2025-26,ORL,DAL,1,0.694638
0022500900,2026-03-05,2025-26,WAS,UTA,0,0.44146413
0022500901,2026-03-05,2025-26,MIA,BKN,1,0.8279743
0022500902,2026-03-05,2025-26,HOU,GSW,0,0.7162229
0022500903,2026-03-05,2025-26,MIN,TOR,1,0.567788
0022500904,2026-03-05,2025-26,SAS,DET,1,0.6106871
0022500905,2026-03-05,2025-26,PHX,CHI,0,0.7454535
0022500906,2026-03-05,2025-26,DEN,LAL,1,0.5470063
0022500907,2026-03-05,2025-26,SAC,NOP,0,0.2051911
0022500908,2026-03-06,2025-26,BOS,DAL,1,0.8409306
0022500909,2026-03-06,2025-26,CHA,MIA,0,0.740989
0022500910,2026-03-06,2025-26,HOU,POR,1,0.6717875
0022500911,2026-03-06,2025-26,DEN,NYK,0,0.39151776
0022500912,2026-03-06,2025-26,PHX,NOP,1,0.60091823
0022500913,2026-03-06,2025-26,SAS,LAC,1,0.65549785
0022500914,2026-03-06,2025-26,LAL,IND,1,0.8217433
0022500915,2026-03-07,2025-26,MIN,ORL,0,0.6647396
0022500916,2026-03-07,2025-26,DET,BKN,0,0.8988481
0022500917,2026-03-07,2025-26,ATL,PHI,1,0.7723917
0022500918,2026-03-07,2025-26,MEM,LAC,0,0.2295879
0022500919,2026-03-07,2025-26,MIL,UTA,1,0.7309884
0022500920,2026-03-07,2025-26,OKC,GSW,1,0.83323795
0022500921,2026-03-08,2025-26,CLE,BOS,0,0.39670056
0022500922,2026-03-08,2025-26,LAL,NYK,1,0.41716763
0022500923,2026-03-08,2025-26,MIA,DET,1,0.60507834
0022500924,2026-03-08,2025-26,TOR,DAL,1,0.70380324
0022500925,2026-03-08,2025-26,NOP,WAS,1,0.84401274
0022500926,2026-03-08,2025-26,MIL,ORL,0,0.42218894
0022500927,2026-03-08,2025-26,SAS,HOU,1,0.6897589
0022500928,2026-03-08,2025-26,PHX,CHA,1,0.32835805
0022500929,2026-03-08,2025-26,POR,IND,1,0.7140858
0022500930,2026-03-08,2025-26,SAC,CHI,1,0.43516627
0022500931,2026-03-09,2025-26,CLE,PHI,1,0.7616138
0022500932,2026-03-09,2025-26,BKN,MEM,1,0.5072637
0022500933,2026-03-09,2025-26,OKC,DEN,1,0.65072745
0022500934,2026-03-09,2025-26,UTA,GSW,1,0.35357445
0022500935,2026-03-09,2025-26,LAC,NYK,1,0.49538225
0022500936,2026-03-10,2025-26,PHI,MEM,1,0.6127606
0022500937,2026-03-10,2025-26,BKN,DET,0,0.14240782
0022500938,2026-03-10,2025-26,MIA,WAS,1,0.90955704
0022500939,2026-03-10,2025-26,ATL,DAL,1,0.7728708
0022500940,2026-03-10,2025-26,HOU,TOR,1,0.5572886
0022500941,2026-03-10,2025-26,MIL,PHX,0,0.41521144
0022500942,2026-03-10,2025-26,SAS,BOS,1,0.5275619
0022500943,2026-03-10,2025-26,GSW,CHI,0,0.6525126
0022500944,2026-03-10,2025-26,POR,CHA,0,0.34615067
0022500945,2026-03-10,2025-26,SAC,IND,1,0.41364223
0022500946,2026-03-10,2025-26,LAL,MIN,1,0.5907327
0022500947,2026-03-11,2025-26,ORL,CLE,1,0.41478875
0022500948,2026-03-11,2025-26,NOP,TOR,1,0.5094128
0022500949,2026-03-11,2025-26,UTA,NYK,0,0.14304833
0022500950,2026-03-11,2025-26,DEN,HOU,1,0.6816734
0022500951,2026-03-11,2025-26,SAC,CHA,0,0.13944997
0022500952,2026-03-11,2025-26,LAC,MIN,1,0.6787344
0022500953,2026-03-12,2025-26,DET,PHI,1,0.8090979
0022500954,2026-03-12,2025-26,IND,PHX,0,0.20829464
0022500955,2026-03-12,2025-26,ORL,WAS,1,0.8691761
0022500956,2026-03-12,2025-26,ATL,BKN,1,0.8633224
0022500957,2026-03-12,2025-26,MIA,MIL,1,0.7019765
0022500958,2026-03-12,2025-26,SAS,DEN,0,0.7327506
0022500959,2026-03-12,2025-26,OKC,BOS,1,0.59565145
0022500960,2026-03-12,2025-26,LAL,CHI,1,0.8372626
0022501111,2026-03-12,2025-26,MEM,DAL,0,0.455173
0022500961,2026-03-13,2025-26,DET,MEM,1,0.9052295
0022500962,2026-03-13,2025-26,IND,NYK,0,0.10428841
0022500963,2026-03-13,2025-26,TOR,PHX,1,0.66935325
0022500964,2026-03-13,2025-26,HOU,NOP,1,0.6564631
0022500965,2026-03-13,2025-26,DAL,CLE,0,0.19754925
0022500966,2026-03-13,2025-26,GSW,MIN,0,0.35698786
0022500967,2026-03-13,2025-26,POR,UTA,1,0.8300355
0022500968,2026-03-13,2025-26,LAC,CHI,1,0.8618545
0022500969,2026-03-14,2025-26,PHI,BKN,1,0.6446223
0022500970,2026-03-14,2025-26,ATL,MIL,1,0.6643915
0022500971,2026-03-14,2025-26,BOS,WAS,1,0.9015462
0022500972,2026-03-14,2025-26,MIA,ORL,0,0.637855
0022500973,2026-03-14,2025-26,SAS,CHA,1,0.5340452
0022500974,2026-03-14,2025-26,LAL,DEN,1,0.51215345
0022500975,2026-03-14,2025-26,LAC,SAC,0,0.8592252
0022500976,2026-03-15,2025-26,OKC,MIN,1,0.73981565
0022500977,2026-03-15,2025-26,CLE,DAL,0,0.8440136
0022500978,2026-03-15,2025-26,TOR,DET,1,0.4355427
0022500979,2026-03-15,2025-26,MIL,IND,1,0.64280254
0022500980,2026-03-15,2025-26,PHI,POR,1,0.36728573
0022500981,2026-03-15,2025-26,NYK,GSW,1,0.78352
0022500982,2026-03-15,2025-26,SAC,UTA,1,0.69271326
0022500983,2026-03-16,2025-26,ATL,ORL,1,0.6241819
0022500984,2026-03-16,2025-26,WAS,GSW,0,0.4308244
0022500985,2026-03-16,2025-26,BKN,POR,0,0.28720084
0022500986,2026-03-16,2025-26,BOS,PHX,1,0.70809627
0022500987,2026-03-16,2025-26,CHI,MEM,1,0.5734882
0022500988,2026-03-16,2025-26,NOP,DAL,1,0.73867786
0022500989,2026-03-16,2025-26,HOU,LAL,0,0.43407297
0022500990,2026-03-16,2025-26,LAC,SAS,0,0.41397685
0022500991,2026-03-17,2025-26,CHA,MIA,1,0.60082245
0022500992,2026-03-17,2025-26,ORL,OKC,0,0.2140595
0022500993,2026-03-17,2025-26,WAS,DET,0,0.09558485
0022500994,2026-03-17,2025-26,NYK,IND,1,0.92012537
0022500995,2026-03-17,2025-26,MIL,CLE,0,0.38796505
0022500996,2026-03-17,2025-26,MIN,PHX,1,0.6361135
0022500997,2026-03-17,2025-26,DEN,PHI,1,0.8660078
0022500998,2026-03-17,2025-26,SAC,SAS,0,0.1731507
0022500651,2026-03-18,2025-26,MEM,DEN,1,0.15142606
0022500999,2026-03-18,2025-26,BOS,GSW,1,0.8371983
0022501000,2026-03-18,2025-26,BKN,OKC,0,0.088007316
0022501001,2026-03-18,2025-26,IND,POR,0,0.25238833
0022501002,2026-03-18,2025-26,CHI,TOR,0,0.29703045
0022501004,2026-03-18,2025-26,MIN,UTA,1,0.88463956
0022501005,2026-03-18,2025-26,NOP,LAC,1,0.4627877
0022501006,2026-03-18,2025-26,DAL,ATL,0,0.2370718
0022501007,2026-03-18,2025-26,HOU,LAL,0,0.39231244
0022501008,2026-03-19,2025-26,CHA,ORL,1,0.7190306
0022501009,2026-03-19,2025-26,WAS,DET,0,0.11261237
0022501010,2026-03-19,2025-26,MIA,LAL,0,0.48038962
0022501011,2026-03-19,2025-26,CHI,CLE,0,0.18532844
0022501012,2026-03-19,2025-26,NOP,LAC,1,0.4674497
0022501013,2026-03-19,2025-26,SAS,PHX,1,0.8018339
0022501014,2026-03-19,2025-26,UTA,MIL,1,0.26620352
0022501015,2026-03-19,2025-26,SAC,PHI,0,0.51183766
0022501016,2026-03-20,2025-26,BKN,NYK,0,0.12913702
0022501017,2026-03-20,2025-26,DET,GSW,1,0.7503978
0022501018,2026-03-20,2025-26,HOU,ATL,1,0.4456584
0022501019,2026-03-20,2025-26,MEM,BOS,0,0.1761949
0022501020,2026-03-20,2025-26,MIN,POR,0,0.5518873
0022501021,2026-03-20,2025-26,DEN,TOR,1,0.7379323
0022501022,2026-03-21,2025-26,WAS,OKC,0,0.08433811
0022501023,2026-03-21,2025-26,CHA,MEM,1,0.89401555
0022501024,2026-03-21,2025-26,ORL,LAL,0,0.30603567
0022501025,2026-03-21,2025-26,NOP,CLE,0,0.44703552
0022501026,2026-03-21,2025-26,ATL,GSW,1,0.77827287
0022501027,2026-03-21,2025-26,HOU,MIA,1,0.50328857
0022501028,2026-03-21,2025-26,SAS,IND,1,0.904347
0022501029,2026-03-21,2025-26,DAL,LAC,0,0.3489807
0022501030,2026-03-21,2025-26,UTA,PHI,0,0.42829928
0022501031,2026-03-21,2025-26,PHX,MIL,0,0.6665401
0022501032,2026-03-22,2025-26,DEN,POR,1,0.72198135
0022501033,2026-03-22,2025-26,SAC,BKN,1,0.6913151
0022501034,2026-03-22,2025-26,NYK,WAS,1,0.92607117
0022501035,2026-03-22,2025-26,BOS,MIN,0,0.7087971
0022501036,2026-03-22,2025-26,PHX,TOR,1,0.36110464
0022501037,2026-03-23,2025-26,ATL,MEM,1,0.87332416
0022501038,2026-03-23,2025-26,DET,LAL,1,0.38883188
0022501039,2026-03-23,2025-26,ORL,IND,0,0.76979643
0022501040,2026-03-23,2025-26,PHI,OKC,0,0.12197558
0022501041,2026-03-23,2025-26,MIA,SAS,0,0.40882757
0022501042,2026-03-23,2025-26,CHI,HOU,1,0.22460967
0022501043,2026-03-23,2025-26,UTA,TOR,0,0.26894015
0022501044,2026-03-23,2025-26,DAL,GSW,0,0.5520501
0022501045,2026-03-23,2025-26,POR,BKN,1,0.8618655
0022501046,2026-03-23,2025-26,LAC,MIL,1,0.78866154
0022501047,2026-03-24,2025-26,CHA,SAC,1,0.8969372
0022501048,2026-03-24,2025-26,NYK,NOP,1,0.7228459
0022501049,2026-03-24,2025-26,CLE,ORL,1,0.76947254
0022501050,2026-03-24,2025-26,PHX,DEN,0,0.32544428
0022501051,2026-03-25,2025-26,DET,ATL,0,0.57792735
0022501052,2026-03-25,2025-26,IND,LAL,0,0.24616353
0022501053,2026-03-25,2025-26,PHI,CHI,1,0.49826202
0022501054,2026-03-25,2025-26,BOS,OKC,1,0.44881207
0022501055,2026-03-25,2025-26,CLE,MIA,0,0.56782126
0022501056,2026-03-25,2025-26,MEM,SAS,0,0.097986646
0022501057,2026-03-25,2025-26,UTA,WAS,0,0.56961876
0022501058,2026-03-25,2025-26,MIN,HOU,1,0.51627433
0022501059,2026-03-25,2025-26,DEN,DAL,1,0.8311095
0022501060,2026-03-25,2025-26,GSW,BKN,1,0.8420009
0022501061,2026-03-25,2025-26,POR,MIL,1,0.7856802
0022501062,2026-03-25,2025-26,LAC,TOR,1,0.702994
0022501063,2026-03-26,2025-26,CHA,NYK,1,0.53212595
0022501064,2026-03-26,2025-26,DET,NOP,1,0.626278
0022501065,2026-03-26,2025-26,ORL,SAC,1,0.8321094
0022501066,2026-03-27,2025-26,IND,LAC,0,0.26569575
0022501067,2026-03-27,2025-26,BOS,ATL,1,0.5511501
0022501068,2026-03-27,2025-26,CLE,MIA,1,0.57228667
0022501069,2026-03-27,2025-26,MEM,HOU,0,0.1559898
0022501070,2026-03-27,2025-26,OKC,CHI,1,0.90938556
0022501071,2026-03-27,2025-26,TOR,NOP,1,0.6372145
0022501072,2026-03-27,2025-26,DEN,UTA,1,0.94131523
0022501073,2026-03-27,2025-26,GSW,WAS,1,0.7574033
0022501074,2026-03-27,2025-26,POR,DAL,0,0.7225706
0022501075,2026-03-27,2025-26,LAL,BKN,1,0.94513273
0022501076,2026-03-28,2025-26,MIL,SAS,0,0.15549892
0022501077,2026-03-28,2025-26,CHA,PHI,0,0.7968518
0022501078,2026-03-28,2025-26,ATL,SAC,1,0.8620927
0022501079,2026-03-28,2025-26,MEM,CHI,1,0.3878965
0022501080,2026-03-28,2025-26,MIN,DET,0,0.51081437
0022501081,2026-03-28,2025-26,PHX,UTA,1,0.89490294
0022501082,2026-03-29,2025-26,MIL,LAC,0,0.18509196
0022501083,2026-03-29,2025-26,IND,MIA,1,0.29939145
0022501084,2026-03-29,2025-26,BKN,SAC,1,0.4074172
0022501085,2026-03-29,2025-26,CHA,BOS,0,0.49689004
0022501086,2026-03-29,2025-26,TOR,ORL,1,0.52390903
0022501087,2026-03-29,2025-26,POR,WAS,1,0.83478373
0022501088,2026-03-29,2025-26,NOP,HOU,0,0.33138272
0022501089,2026-03-29,2025-26,OKC,NYK,1,0.6843202
0022501090,2026-03-29,2025-26,DEN,GSW,1,0.8245958
0022501091,2026-03-30,2025-26,MIA,PHI,1,0.49038395
0022501092,2026-03-30,2025-26,ATL,BOS,1,0.63468283
0022501093,2026-03-30,2025-26,MEM,PHX,0,0.15459192
0022501094,2026-03-30,2025-26,SAS,CHI,1,0.8781575
0022501095,2026-03-30,2025-26,DAL,MIN,0,0.3505518
0022501096,2026-03-30,2025-26,UTA,CLE,0,0.12533824
0022501097,2026-03-30,2025-26,OKC,DET,1,0.5839923
0022501098,2026-03-30,2025-26,LAL,WAS,1,0.94312125
0022500652,2026-03-31,2025-26,MIL,DAL,1,0.42381692
0022501099,2026-03-31,2025-26,ORL,PHX,1,0.54259145
0022501100,2026-03-31,2025-26,BKN,CHA,0,0.11985983
0022501101,2026-03-31,2025-26,DET,TOR,1,0.62917644
0022501102,2026-03-31,2025-26,HOU,NYK,1,0.5201016
0022501103,2026-03-31,2025-26,LAL,CLE,1,0.49119958
0022501104,2026-03-31,2025-26,LAC,POR,0,0.63747185
0022501003,2026-04-01,2025-26,MEM,NYK,0,0.14321347
0022501105,2026-04-01,2025-26,WAS,PHI,0,0.18874274
0022501106,2026-04-01,2025-26,MIA,BOS,0,0.5149154
0022501107,2026-04-01,2025-26,ORL,ATL,0,0.29116926
0022501108,2026-04-01,2025-26,TOR,SAC,0,0.8491625
0022501109,2026-04-01,2025-26,CHI,IND,0,0.5370587
0022501110,2026-04-01,2025-26,HOU,MIL,1,0.8560793
0022501112,2026-04-01,2025-26,UTA,DEN,0,0.09217162
0022501113,2026-04-01,2025-26,GSW,SAS,0,0.22916478
0022501114,2026-04-02,2025-26,CHA,PHX,1,0.61613864
0022501115,2026-04-02,2025-26,DET,MIN,1,0.65983045
0022501116,2026-04-02,2025-26,OKC,LAL,1,0.6305832
0022501117,2026-04-02,2025-26,GSW,CLE,0,0.217981
0022501118,2026-04-02,2025-26,POR,NOP,1,0.71573114
0022501119,2026-04-02,2025-26,LAC,SAS,0,0.49248192
0022501120,2026-04-03,2025-26,CHA,IND,1,0.8108415
0022501121,2026-04-03,2025-26,PHI,MIN,1,0.5558964
0022501122,2026-04-03,2025-26,BKN,ATL,0,0.08203656
0022501123,2026-04-03,2025-26,NYK,CHI,1,0.8292483
0022501124,2026-04-03,2025-26,HOU,UTA,1,0.916341
0022501125,2026-04-03,2025-26,MEM,TOR,0,0.185338
0022501126,2026-04-03,2025-26,MIL,BOS,0,0.12106476
0022501127,2026-04-03,2025-26,DAL,ORL,0,0.28361458
0022501128,2026-04-03,2025-26,SAC,NOP,1,0.33888072
0022501129,2026-04-04,2025-26,MIA,WAS,1,0.88129294
0022501130,2026-04-04,2025-26,DEN,SAS,1,0.5250535
0022501131,2026-04-04,2025-26,PHI,DET,0,0.39522284
0022501132,2026-04-05,2025-26,BOS,TOR,1,0.71128994
0022501133,2026-04-05,2025-26,BKN,WAS,1,0.4892569
0022501134,2026-04-05,2025-26,CHI,PHX,0,0.31814164
0022501135,2026-04-05,2025-26,MIL,MEM,1,0.7569598
0022501136,2026-04-05,2025-26,CLE,IND,1,0.85128945
0022501137,2026-04-05,2025-26,MIN,CHA,0,0.43162057
0022501138,2026-04-05,2025-26,NOP,ORL,0,0.42297697
0022501139,2026-04-05,2025-26,OKC,UTA,1,0.9633603
0022501140,2026-04-05,2025-26,DAL,LAL,1,0.21115424
0022501141,2026-04-05,2025-26,SAC,LAC,0,0.22050305
0022501142,2026-04-05,2025-26,GSW,HOU,0,0.2803195
0022501143,2026-04-06,2025-26,ATL,NYK,0,0.6273317
0022501144,2026-04-06,2025-26,ORL,DET,1,0.28463778
0022501145,2026-04-06,2025-26,MEM,CLE,0,0.09795721
0022501146,2026-04-06,2025-26,SAS,PHI,1,0.77791244
0022501147,2026-04-06,2025-26,DEN,POR,1,0.68394244
0022501148,2026-04-07,2025-26,WAS,CHI,0,0.38265404
0022501149,2026-04-07,2025-26,BOS,CHA,1,0.62197
0022501150,2026-04-07,2025-26,BKN,MIL,1,0.3270636
0022501151,2026-04-07,2025-26,TOR,MIA,1,0.48927352
0022501152,2026-04-07,2025-26,IND,MIN,0,0.2586937
0022501153,2026-04-07,2025-26,NOP,UTA,1,0.7682721
0022501154,2026-04-07,2025-26,GSW,SAC,1,0.7532194
0022501155,2026-04-07,2025-26,LAL,OKC,0,0.21180628
0022501156,2026-04-07,2025-26,LAC,DAL,1,0.80254775
0022501157,2026-04-07,2025-26,PHX,HOU,0,0.4520206
0022501158,2026-04-08,2025-26,CLE,ATL,1,0.35269466
0022501159,2026-04-08,2025-26,ORL,MIN,1,0.5529842
0022501160,2026-04-08,2025-26,DET,MIL,1,0.9140133
0022501161,2026-04-08,2025-26,SAS,POR,1,0.7189634
0022501162,2026-04-08,2025-26,DEN,MEM,1,0.9501616
0022501163,2026-04-08,2025-26,LAC,OKC,0,0.31866714
0022501164,2026-04-08,2025-26,PHX,DAL,1,0.760201
0022501165,2026-04-09,2025-26,TOR,MIA,1,0.56651735
0022501166,2026-04-09,2025-26,WAS,CHI,0,0.29004034
0022501167,2026-04-09,2025-26,BKN,IND,0,0.3668871
0022501168,2026-04-09,2025-26,NYK,BOS,1,0.50668836
0022501169,2026-04-09,2025-26,HOU,PHI,1,0.63171643
0022501170,2026-04-09,2025-26,GSW,LAL,0,0.61269355
0022501171,2026-04-10,2025-26,CHA,DET,0,0.473995
0022501172,2026-04-10,2025-26,WAS,MIA,0,0.17267843
0022501173,2026-04-10,2025-26,ATL,CLE,1,0.6435022
0022501174,2026-04-10,2025-26,BOS,NOP,1,0.90199846
0022501175,2026-04-10,2025-26,IND,PHI,0,0.2630488
0022501176,2026-04-10,2025-26,NYK,TOR,1,0.6599263
0022501177,2026-04-10,2025-26,CHI,ORL,0,0.34061462
0022501178,2026-04-10,2025-26,HOU,MIN,0,0.6710518
0022501179,2026-04-10,2025-26,MIL,BKN,1,0.76055586
0022501180,2026-04-10,2025-26,SAS,DAL,1,0.883176
0022501181,2026-04-10,2025-26,UTA,MEM,1,0.5221857
0022501182,2026-04-10,2025-26,DEN,OKC,1,0.36003786
0022501183,2026-04-10,2025-26,POR,LAC,1,0.5500996
0022501184,2026-04-10,2025-26,SAC,GSW,1,0.48362416
0022501185,2026-04-10,2025-26,LAL,PHX,1,0.402509
0022501186,2026-04-12,2025-26,BOS,ORL,1,0.6688565
0022501187,2026-04-12,2025-26,CLE,WAS,1,0.898446
0022501188,2026-04-12,2025-26,IND,DET,0,0.094103426
0022501189,2026-04-12,2025-26,MIA,ATL,1,0.37888527
0022501190,2026-04-12,2025-26,NYK,CHA,0,0.62868905
0022501191,2026-04-12,2025-26,PHI,MIL,1,0.7798457
0022501192,2026-04-12,2025-26,TOR,BKN,1,0.944229
0022501193,2026-04-12,2025-26,DAL,CHI,1,0.5391029
0022501194,2026-04-12,2025-26,HOU,MEM,1,0.97264546
0022501195,2026-04-12,2025-26,MIN,NOP,1,0.8534002
0022501196,2026-04-12,2025-26,OKC,PHX,0,0.63021064
0022501197,2026-04-12,2025-26,SAS,DEN,0,0.78405327
0022501198,2026-04-12,2025-26,LAL,UTA,1,0.8724207
0022501199,2026-04-12,2025-26,LAC,GSW,1,0.708175
0022501200,2026-04-12,2025-26,POR,SAC,1,0.8307584
