game_id,date,season,home,away,home_win,p_home
0022400061,2024-10-22,2024-25,BOS,NYK,1,0.70471674
0022400062,2024-10-22,2024-25,LAL,MIN,1,0.47867212
0022400063,2024-10-23,2024-25,DET,IND,0,0.21690553
0022400064,2024-10-23,2024-25,ATL,BKN,1,0.6648002
0022400065,2024-10-23,2024-25,MIA,ORL,0,0.54973733
0022400066,2024-10-23,2024-25,PHI,MIL,0,0.50584954
0022400067,2024-10-23,2024-25,TOR,CLE,0,0.289189
0022400068,2024-10-23,2024-25,HOU,CHA,0,0.873739
0022400069,2024-10-23,2024-25,NOP,CHI,1,0.57188445
0022400070,2024-10-23,2024-25,UTA,MEM,0,0.29146087
0022400071,2024-10-23,2024-25,LAC,PHX,0,0.2928711
0022400072,2024-10-23,2024-25,POR,GSW,0,0.17363274
0022400073,2024-10-24,2024-25,WAS,BOS,0,0.14083351
0022400074,2024-10-24,2024-25,DAL,SAS,1,0.8263274
0022400075,2024-10-24,2024-25,DEN,OKC,0,0.6507138
0022400076,2024-10-24,2024-25,SAC,MIN,0,0.6442396
0022400077,2024-10-25,2024-25,ORL,BKN,1,0.7583886
0022400078,2024-10-25,2024-25,TOR,PHI,1,0.30747068
0022400079,2024-10-25,2024-25,ATL,CHA,1,0.6555411
0022400080,2024-10-25,2024-25,CLE,DET,1,0.68553144
0022400081,2024-10-25,2024-25,NYK,IND,1,0.62159246
0022400082,2024-10-25,2024-25,HOU,MEM,1,0.7454902
0022400083,2024-10-25,2024-25,MIL,CHI,0,0.7212222
0022400084,2024-10-25,2024-25,UTA,GSW,0,0.24507956
0022400085,2024-10-25,2024-25,LAL,PHX,1,0.66145414
0022400086,2024-10-25,2024-25,POR,NOP,0,0.25740644
0022400087,2024-10-26,2024-25,DEN,LAC,0,0.81716895
0022400088,2024-10-26,2024-25,CHA,MIA,0,0.29406503
0022400089,2024-10-26,2024-25,DET,BOS,0,0.17939198
0022400090,2024-10-26,2024-25,WAS,CLE,0,0.20726399
0022400091,2024-10-26,2024-25,CHI,OKC,0,0.34176934
0022400092,2024-10-26,2024-25,MEM,ORL,1,0.31465733
0022400093,2024-10-26,2024-25,MIN,TOR,1,0.8885853
0022400094,2024-10-26,2024-25,SAS,HOU,1,0.3593115
0022400095,2024-10-26,2024-25,PHX,DAL,1,0.29763684
0022400096,2024-10-26,2024-25,LAL,SAC,1,0.45015347
0022400097,2024-10-27,2024-25,IND,PHI,0,0.7120779
0022400098,2024-10-27,2024-25,BKN,MIL,1,0.31151867
0022400099,2024-10-27,2024-25,POR,NOP,1,0.28038394
0022400100,2024-10-27,2024-25,OKC,ATL,1,0.6850502
0022400101,2024-10-27,2024-25,GSW,LAC,0,0.799137
0022400102,2024-10-28,2024-25,ORL,IND,1,0.64604855
0022400103,2024-10-28,2024-25,ATL,WAS,0,0.7884583
0022400104,2024-10-28,2024-25,BOS,MIL,1,0.77497566
0022400105,2024-10-28,2024-25,MIA,DET,1,0.7199053
0022400106,2024-10-28,2024-25,NYK,CLE,0,0.6812076
0022400107,2024-10-28,2024-25,TOR,DEN,0,0.18685317
0022400108,2024-10-28,2024-25,MEM,CHI,0,0.41102165
0022400109,2024-10-28,2024-25,SAS,HOU,0,0.3113777
0022400110,2024-10-28,2024-25,DAL,UTA,1,0.88468283
0022400111,2024-10-28,2024-25,PHX,LAL,1,0.46706837
0022400112,2024-10-28,2024-25,SAC,POR,1,0.85842043
0022400113,2024-10-29,2024-25,BKN,DEN,0,0.2956719
0022400114,2024-10-29,2024-25,MIN,DAL,0,0.617178
0022400115,2024-10-29,2024-25,UTA,SAC,0,0.14601444
0022400116,2024-10-29,2024-25,GSW,NOP,1,0.4731314
0022400117,2024-10-30,2024-25,CHA,TOR,1,0.6863903
0022400118,2024-10-30,2024-25,CLE,LAL,1,0.5308171
0022400119,2024-10-30,2024-25,IND,BOS,1,0.38410679
0022400120,2024-10-30,2024-25,PHI,DET,0,0.6361459
0022400121,2024-10-30,2024-25,WAS,ATL,1,0.29483002
0022400122,2024-10-30,2024-25,MIA,NYK,0,0.42733634
0022400123,2024-10-30,2024-25,CHI,ORL,1,0.36240032
0022400124,2024-10-30,2024-25,MEM,BKN,0,0.72893554
0022400125,2024-10-30,2024-25,OKC,SAS,1,0.809364
0022400126,2024-10-30,2024-25,GSW,NOP,1,0.7006951
0022400127,2024-10-30,2024-25,LAC,POR,0,0.68435967
0022400128,2024-10-31,2024-25,MEM,MIL,1,0.30523336
0022400129,2024-10-31,2024-25,DAL,HOU,0,0.63232285
0022400130,2024-10-31,2024-25,UTA,SAS,0,0.39608675
0022400131,2024-10-31,2024-25,LAC,PHX,0,0.35811967
0022400132,2024-11-01,2024-25,CHA,BOS,0,0.2327186
0022400133,2024-11-01,2024-25,CLE,ORL,1,0.6312392
0022400134,2024-11-01,2024-25,DET,NYK,0,0.314043
0022400135,2024-11-01,2024-25,ATL,SAC,0,0.269215
0022400136,2024-11-01,2024-25,BKN,CHI,1,0.5370268
0022400137,2024-11-01,2024-25,TOR,LAL,0,0.2001063
0022400138,2024-11-01,2024-25,NOP,IND,1,0.38393635
0022400139,2024-11-01,2024-25,MIN,DEN,1,0.55019915
0022400140,2024-11-01,2024-25,POR,OKC,0,0.28532216
0022400141,2024-11-02,2024-25,CHA,BOS,0,0.19598268
0022400142,2024-11-02,2024-25,PHI,MEM,0,0.6294687
0022400143,2024-11-02,2024-25,TOR,SAC,1,0.1496544
0022400144,2024-11-02,2024-25,HOU,GSW,0,0.55934757
0022400145,2024-11-02,2024-25,MIL,CLE,0,0.60882866
0022400146,2024-11-02,2024-25,SAS,MIN,1,0.4612019
0022400148,2024-11-02,2024-25,DEN,UTA,1,0.85007256
0022400149,2024-11-02,2024-25,PHX,POR,1,0.8165998
0022400150,2024-11-02,2024-25,LAC,OKC,0,0.3367127
0022400151,2024-11-03,2024-25,BKN,DET,0,0.6497916
0022400152,2024-11-03,2024-25,NOP,ATL,0,0.43278307
0022400153,2024-11-03,2024-25,DAL,ORL,1,0.7432603
0022400154,2024-11-04,2024-25,CLE,MIL,1,0.6793826
0022400155,2024-11-04,2024-25,WAS,GSW,0,0.22886193
0022400156,2024-11-04,2024-25,DET,LAL,1,0.25678703
0022400157,2024-11-04,2024-25,ATL,BOS,0,0.23576051
0022400158,2024-11-04,2024-25,BKN,MEM,1,0.5155461
0022400159,2024-11-04,2024-25,MIA,SAC,0,0.4294657
0022400160,2024-11-04,2024-25,CHI,UTA,0,0.8102678
0022400161,2024-11-04,2024-25,HOU,NYK,1,0.40267858
0022400162,2024-11-04,2024-25,MIN,CHA,1,0.80458546
0022400163,2024-11-04,2024-25,OKC,ORL,1,0.8423252
0022400164,2024-11-04,2024-25,NOP,POR,0,0.46531254
0022400165,2024-11-04,2024-25,DAL,IND,0,0.65236384
0022400166,2024-11-04,2024-25,DEN,TOR,1,0.8329503
0022400167,2024-11-04,2024-25,PHX,PHI,1,0.6559497
0022400168,2024-11-04,2024-25,LAC,SAS,1,0.5816716
0022400169,2024-11-06,2024-25,CHA,DET,1,0.45410982
0022400170,2024-11-06,2024-25,IND,ORL,1,0.7709845
0022400171,2024-11-06,2024-25,ATL,NYK,1,0.26076367
0022400172,2024-11-06,2024-25,BOS,GSW,0,0.6649837
0022400173,2024-11-06,2024-25,HOU,SAS,1,0.70892376
0022400174,2024-11-06,2024-25,MEM,LAL,1,0.43699452
0022400175,2024-11-06,2024-25,NOP,CLE,0,0.34132344
0022400176,2024-11-06,2024-25,DAL,CHI,1,0.78693366
0022400177,2024-11-06,2024-25,DEN,OKC,1,0.46987316
0022400178,2024-11-06,2024-25,PHX,MIA,1,0.5527503
0022400179,2024-11-06,2024-25,LAC,PHI,1,0.46925712
0022400180,2024-11-06,2024-25,SAC,TOR,1,0.8560744
0022400181,2024-11-07,2024-25,CHI,MIN,0,0.26624587
0022400182,2024-11-07,2024-25,MIL,UTA,1,0.8036255
0022400183,2024-11-07,2024-25,SAS,POR,1,0.5461949
0022400184,2024-11-08,2024-25,CHA,IND,1,0.35168597
0022400185,2024-11-08,2024-25,DET,ATL,1,0.5804851
0022400186,2024-11-08,2024-25,ORL,NOP,1,0.66520125
0022400187,2024-11-08,2024-25,BOS,BKN,1,0.8043585
0022400188,2024-11-08,2024-25,CLE,GSW,1,0.5240739
0022400189,2024-11-08,2024-25,NYK,MIL,1,0.7028967
0022400190,2024-11-08,2024-25,DAL,PHX,0,0.62808096
0022400191,2024-11-08,2024-25,MEM,WAS,1,0.68161803
0022400192,2024-11-08,2024-25,OKC,HOU,1,0.7034576
0022400193,2024-11-08,2024-25,MIN,POR,1,0.78639996
0022400194,2024-11-08,2024-25,DEN,MIA,1,0.6384655
0022400195,2024-11-08,2024-25,LAL,PHI,1,0.73591065
0022400196,2024-11-08,2024-25,SAC,LAC,0,0.7533769
0022400197,2024-11-09,2024-25,SAS,UTA,0,0.7712648
0022400198,2024-11-09,2024-25,ATL,CHI,0,0.5544648
0022400199,2024-11-09,2024-25,CLE,BKN,1,0.77041787
0022400200,2024-11-09,2024-25,LAC,TOR,1,0.6158411
0022400201,2024-11-10,2024-25,DET,HOU,0,0.43378523
0022400202,2024-11-10,2024-25,MIL,BOS,0,0.37594825
0022400203,2024-11-10,2024-25,IND,NYK,1,0.31717354
0022400204,2024-11-10,2024-25,ORL,WAS,1,0.7095845
0022400205,2024-11-10,2024-25,PHI,CHA,1,0.65462583
0022400206,2024-11-10,2024-25,MIN,MIA,0,0.6547806
0022400207,2024-11-10,2024-25,OKC,GSW,0,0.63382685
0022400208,2024-11-10,2024-25,DEN,DAL,1,0.5635126
0022400209,2024-11-10,2024-25,PHX,SAC,0,0.404649
0022400210,2024-11-10,2024-25,POR,MEM,0,0.51085275
0022400211,2024-11-10,2024-25,LAL,TOR,1,0.8050696
0022400212,2024-11-11,2024-25,CHI,CLE,0,0.29488626
0022400213,2024-11-11,2024-25,HOU,WAS,1,0.77242786
0022400214,2024-11-11,2024-25,NOP,BKN,0,0.43886474
0022400215,2024-11-11,2024-25,OKC,LAC,1,0.66662765
0022400216,2024-11-11,2024-25,SAS,SAC,1,0.40084305
0022400001,2024-11-12,2024-25,BOS,ATL,0,0.83108556
0022400002,2024-11-12,2024-25,DET,MIA,1,0.38023245
0022400003,2024-11-12,2024-25,ORL,CHA,1,0.6686454
0022400004,2024-11-12,2024-25,PHI,NYK,0,0.41483146
0022400005,2024-11-12,2024-25,MIL,TOR,1,0.73114073
0022400006,2024-11-12,2024-25,UTA,PHX,0,0.22116303
0022400007,2024-11-12,2024-25,GSW,DAL,1,0.50603944
0022400008,2024-11-12,2024-25,POR,MIN,1,0.27255198
0022400217,2024-11-13,2024-25,ORL,IND,1,0.3902678
0022400218,2024-11-13,2024-25,BKN,BOS,0,0.3497073
0022400219,2024-11-13,2024-25,NYK,CHI,0,0.77309704
0022400220,2024-11-13,2024-25,PHI,CLE,0,0.22831336
0022400221,2024-11-13,2024-25,OKC,NOP,1,0.8739053
0022400222,2024-11-13,2024-25,HOU,LAC,1,0.54170626
0022400223,2024-11-13,2024-25,MIL,DET,1,0.73115003
0022400224,2024-11-13,2024-25,SAS,WAS,1,0.76645607
0022400225,2024-11-13,2024-25,LAL,MEM,1,0.72156227
0022400226,2024-11-13,2024-25,POR,MIN,1,0.23846014
0022400227,2024-11-13,2024-25,SAC,PHX,1,0.8352583
0022400228,2024-11-14,2024-25,UTA,DAL,1,0.19690934
0022400009,2024-11-15,2024-25,IND,MIA,0,0.46540412
0022400010,2024-11-15,2024-25,ORL,PHI,1,0.4925579
0022400011,2024-11-15,2024-25,TOR,DET,0,0.44645974
0022400012,2024-11-15,2024-25,ATL,WAS,1,0.72562766
0022400013,2024-11-15,2024-25,CLE,CHI,1,0.7943657
0022400014,2024-11-15,2024-25,NYK,BKN,1,0.74381137
0022400015,2024-11-15,2024-25,SAS,LAL,0,0.4320332
0022400016,2024-11-15,2024-25,HOU,LAC,1,0.56103534
0022400017,2024-11-15,2024-25,NOP,DEN,1,0.32821718
0022400018,2024-11-15,2024-25,OKC,PHX,1,0.795797
0022400019,2024-11-15,2024-25,GSW,MEM,1,0.716216
0022400020,2024-11-15,2024-25,SAC,MIN,0,0.5769868
0022400229,2024-11-16,2024-25,CHA,MIL,1,0.36939484
0022400230,2024-11-16,2024-25,BOS,TOR,1,0.8999324
0022400231,2024-11-16,2024-25,NOP,LAL,0,0.19051605
0022400232,2024-11-16,2024-25,DAL,SAS,1,0.8333749
0022400233,2024-11-16,2024-25,SAC,UTA,1,0.8138481
0022400234,2024-11-17,2024-25,MIN,PHX,1,0.7255741
0022400235,2024-11-17,2024-25,IND,MIA,1,0.46333367
0022400236,2024-11-17,2024-25,CLE,CHA,1,0.84319854
0022400237,2024-11-17,2024-25,WAS,DET,0,0.43527693
0022400238,2024-11-17,2024-25,MEM,DEN,1,0.67310774
0022400239,2024-11-17,2024-25,POR,ATL,1,0.45218
0022400240,2024-11-17,2024-25,NYK,BKN,1,0.8130497
0022400241,2024-11-17,2024-25,CHI,HOU,0,0.42997366
0022400242,2024-11-17,2024-25,OKC,DAL,0,0.7497517
0022400243,2024-11-17,2024-25,LAC,UTA,1,0.8324297
0022400244,2024-11-18,2024-25,DET,CHI,0,0.6454091
0022400245,2024-11-18,2024-25,MIA,PHI,1,0.557749
0022400246,2024-11-18,2024-25,NYK,WAS,1,0.8462044
0022400247,2024-11-18,2024-25,TOR,IND,1,0.53653324
0022400248,2024-11-18,2024-25,MIL,HOU,1,0.6283863
0022400249,2024-11-18,2024-25,PHX,ORL,0,0.4833136
0022400250,2024-11-18,2024-25,SAC,ATL,0,0.7795627
0022400251,2024-11-18,2024-25,LAC,GSW,1,0.3402765
0022400021,2024-11-19,2024-25,BOS,CLE,1,0.60872316
0022400022,2024-11-19,2024-25,BKN,CHA,1,0.46515298
0022400023,2024-11-19,2024-25,MEM,DEN,0,0.6707067
0022400024,2024-11-19,2024-25,DAL,NOP,1,0.87978524
0022400025,2024-11-19,2024-25,SAS,OKC,1,0.28717658
0022400026,2024-11-19,2024-25,LAL,UTA,1,0.8553655
0022400252,2024-11-20,2024-25,CLE,NOP,1,0.9072956
0022400253,2024-11-20,2024-25,MIL,CHI,1,0.69385755
0022400254,2024-11-20,2024-25,HOU,IND,1,0.711961
0022400255,2024-11-20,2024-25,MEM,PHI,1,0.39327267
0022400256,2024-11-20,2024-25,OKC,POR,1,0.84668136
0022400257,2024-11-20,2024-25,PHX,NYK,0,0.30742308
0022400258,2024-11-20,2024-25,GSW,ATL,1,0.69888294
0022400259,2024-11-20,2024-25,LAC,ORL,1,0.58125335
0022400260,2024-11-21,2024-25,CHA,DET,1,0.49031264
0022400261,2024-11-21,2024-25,TOR,MIN,1,0.3499417
0022400262,2024-11-21,2024-25,SAS,UTA,1,0.76026464
0022400263,2024-11-21,2024-25,LAL,ORL,0,0.782613
0022400027,2024-11-22,2024-25,PHI,BKN,1,0.58211696
0022400028,2024-11-22,2024-25,WAS,BOS,0,0.17998886
0022400029,2024-11-22,2024-25,MIL,IND,1,0.70800424
0022400030,2024-11-22,2024-25,CHI,ATL,1,0.49709103
0022400031,2024-11-22,2024-25,HOU,POR,1,0.7853899
0022400032,2024-11-22,2024-25,NOP,GSW,0,0.18316521
0022400033,2024-11-22,2024-25,DEN,DAL,0,0.6168347
0022400034,2024-11-22,2024-25,LAC,SAC,1,0.3554089
0022400264,2024-11-23,2024-25,UTA,NYK,1,0.20112191
0022400265,2024-11-23,2024-25,ORL,DET,1,0.6708409
0022400266,2024-11-23,2024-25,CHI,MEM,0,0.4046493
0022400267,2024-11-23,2024-25,HOU,POR,0,0.84919137
0022400268,2024-11-23,2024-25,MIL,CHA,1,0.742748
0022400269,2024-11-23,2024-25,SAS,GSW,1,0.44480714
0022400270,2024-11-23,2024-25,LAL,DEN,0,0.59828776
0022400271,2024-11-24,2024-25,BOS,MIN,1,0.7204715
0022400272,2024-11-24,2024-25,IND,WAS,1,0.7466974
0022400273,2024-11-24,2024-25,MIA,DAL,1,0.6036606
0022400274,2024-11-24,2024-25,PHI,LAC,0,0.4245735
0022400275,2024-11-24,2024-25,CLE,TOR,1,0.8174827
0022400276,2024-11-24,2024-25,SAC,BKN,0,0.853484
0022400277,2024-11-25,2024-25,CHA,ORL,0,0.38079527
0022400278,2024-11-25,2024-25,DET,TOR,1,0.63624454
0022400279,2024-11-25,2024-25,IND,NOP,1,0.6515399
0022400280,2024-11-25,2024-25,ATL,DAL,0,0.5506381
0022400281,2024-11-25,2024-25,BOS,LAC,1,0.79282343
0022400282,2024-11-25,2024-25,MEM,POR,1,0.8428005
0022400283,2024-11-25,2024-25,DEN,NYK,0,0.56721115
0022400284,2024-11-25,2024-25,GSW,BKN,0,0.8294879
0022400285,2024-11-25,2024-25,SAC,OKC,0,0.37515277
0022400035,2024-11-26,2024-25,WAS,CHI,0,0.3501027
0022400036,2024-11-26,2024-25,MIA,MIL,0,0.67582434
0022400037,2024-11-26,2024-25,MIN,HOU,0,0.45435455
0022400038,2024-11-26,2024-25,UTA,SAS,0,0.3470412
0022400039,2024-11-26,2024-25,PHX,LAL,1,0.5534731
0022400286,2024-11-27,2024-25,CHA,MIA,0,0.3562092
0022400287,2024-11-27,2024-25,CLE,ATL,0,0.79979545
0022400288,2024-11-27,2024-25,IND,POR,1,0.76315546
0022400289,2024-11-27,2024-25,ORL,CHI,1,0.6815211
0022400290,2024-11-27,2024-25,PHI,HOU,0,0.34257522
0022400291,2024-11-27,2024-25,WAS,LAC,0,0.2590807
0022400292,2024-11-27,2024-25,DAL,NYK,1,0.35320175
0022400293,2024-11-27,2024-25,MEM,DET,1,0.76244646
0022400294,2024-11-27,2024-25,MIN,SAC,0,0.46554717
0022400295,2024-11-27,2024-25,NOP,TOR,0,0.48171267
0022400296,2024-11-27,2024-25,SAS,LAL,0,0.59077126
0022400297,2024-11-27,2024-25,PHX,BKN,0,0.718166
0022400298,2024-11-27,2024-25,UTA,DEN,0,0.17280333
0022400299,2024-11-27,2024-25,GSW,OKC,0,0.28900853
0022400040,2024-11-29,2024-25,CHA,NYK,0,0.17899384
0022400041,2024-11-29,2024-25,ATL,CLE,1,0.30121416
0022400042,2024-11-29,2024-25,MEM,NOP,1,0.8306437
0022400043,2024-11-29,2024-25,BKN,ORL,0,0.30949953
0022400044,2024-11-29,2024-25,MIN,LAC,1,0.64019334
0022400045,2024-11-29,2024-25,IND,DET,0,0.53712785
0022400046,2024-11-29,2024-25,MIA,TOR,1,0.6950907
0022400047,2024-11-29,2024-25,CHI,BOS,0,0.25748295
0022400048,2024-11-29,2024-25,LAL,OKC,0,0.32766473
0022400049,2024-11-29,2024-25,POR,SAC,1,0.23383255
0022400300,2024-11-30,2024-25,CHA,ATL,0,0.31999594
0022400301,2024-11-30,2024-25,DET,PHI,0,0.49898297
0022400302,2024-11-30,2024-25,MIL,WAS,1,0.86243856
0022400303,2024-11-30,2024-25,PHX,GSW,1,0.46754447
0022400304,2024-11-30,2024-25,UTA,DAL,0,0.30694628
0022400305,2024-12-01,2024-25,BKN,ORL,0,0.33441278
0022400306,2024-12-01,2024-25,MEM,IND,1,0.7833697
0022400307,2024-12-01,2024-25,CLE,BOS,1,0.5147376
0022400308,2024-12-01,2024-25,NYK,NOP,1,0.8212773
0022400309,2024-12-01,2024-25,TOR,MIA,1,0.39518404
0022400310,2024-12-01,2024-25,HOU,OKC,1,0.45592645
0022400311,2024-12-01,2024-25,UTA,LAL,0,0.28664297
0022400312,2024-12-01,2024-25,POR,DAL,0,0.31225526
0022400313,2024-12-01,2024-25,SAC,SAS,0,0.7032618
0022400314,2024-12-01,2024-25,LAC,DEN,1,0.37083477
0022400315,2024-12-02,2024-25,ATL,NOP,1,0.7799708
0022400316,2024-12-02,2024-25,BOS,MIA,1,0.8019914
0022400317,2024-12-02,2024-25,CHI,BKN,1,0.7593859
0022400318,2024-12-02,2024-25,MIN,LAL,1,0.71688974
0022400050,2024-12-03,2024-25,CHA,PHI,0,0.37700605
0022400051,2024-12-03,2024-25,CLE,WAS,1,0.89738816
0022400052,2024-12-03,2024-25,DET,MIL,0,0.4297987
0022400053,2024-12-03,2024-25,NYK,ORL,1,0.6653638
0022400054,2024-12-03,2024-25,TOR,IND,1,0.58703977
0022400055,2024-12-03,2024-25,OKC,UTA,1,0.8776882
0022400056,2024-12-03,2024-25,DAL,MEM,1,0.5401728
0022400057,2024-12-03,2024-25,PHX,SAS,1,0.6005011
0022400058,2024-12-03,2024-25,DEN,GSW,1,0.71793336
0022400059,2024-12-03,2024-25,SAC,HOU,1,0.5155816
0022400060,2024-12-03,2024-25,LAC,POR,1,0.7790128
0022400319,2024-12-04,2024-25,BOS,DET,1,0.81621104
0022400320,2024-12-04,2024-25,BKN,IND,1,0.54431695
0022400321,2024-12-04,2024-25,MIA,LAL,1,0.6744728
0022400322,2024-12-04,2024-25,PHI,ORL,0,0.39455524
0022400323,2024-12-04,2024-25,MIL,ATL,0,0.6172878
0022400324,2024-12-04,2024-25,LAC,MIN,0,0.36299354
0022400325,2024-12-05,2024-25,CLE,DEN,1,0.58087593
0022400326,2024-12-05,2024-25,WAS,DAL,0,0.15413383
0022400327,2024-12-05,2024-25,NYK,CHA,1,0.8396711
0022400328,2024-12-05,2024-25,TOR,OKC,0,0.2589528
0022400329,2024-12-05,2024-25,MEM,SAC,1,0.62696075
0022400330,2024-12-05,2024-25,NOP,PHX,1,0.40120614
0022400331,2024-12-05,2024-25,SAS,CHI,0,0.55488074
0022400332,2024-12-05,2024-25,GSW,HOU,1,0.34256497
0022400333,2024-12-06,2024-25,PHI,ORL,1,0.44342268
0022400334,2024-12-06,2024-25,ATL,LAL,1,0.689965
0022400335,2024-12-06,2024-25,BOS,MIL,1,0.7121421
0022400336,2024-12-06,2024-25,CHI,IND,0,0.54709095
0022400337,2024-12-06,2024-25,SAS,SAC,0,0.2859763
0022400338,2024-12-06,2024-25,GSW,MIN,0,0.42678326
0022400339,2024-12-06,2024-25,POR,UTA,0,0.5853417
0022400340,2024-12-07,2024-25,CHA,CLE,0,0.18117724
0022400341,2024-12-07,2024-25,WAS,DEN,1,0.15868565
0022400342,2024-12-07,2024-25,NOP,OKC,0,0.2035857
0022400343,2024-12-07,2024-25,NYK,DET,0,0.71744287
0022400344,2024-12-07,2024-25,TOR,DAL,0,0.31068653
0022400345,2024-12-07,2024-25,BOS,MEM,0,0.62493104
0022400346,2024-12-07,2024-25,MIA,PHX,1,0.64817876
0022400347,2024-12-08,2024-25,CHI,PHI,0,0.5085325
0022400348,2024-12-08,2024-25,BKN,MIL,0,0.31429574
0022400349,2024-12-08,2024-25,IND,CHA,0,0.8162274
0022400350,2024-12-08,2024-25,ATL,DEN,0,0.38850802
0022400351,2024-12-08,2024-25,MIA,CLE,1,0.43068197
0022400352,2024-12-08,2024-25,ORL,PHX,1,0.6172268
0022400353,2024-12-08,2024-25,WAS,MEM,0,0.17790565
0022400354,2024-12-08,2024-25,SAS,NOP,1,0.72072655
0022400355,2024-12-08,2024-25,GSW,MIN,1,0.4106939
0022400356,2024-12-08,2024-25,LAC,HOU,0,0.36005294
0022400357,2024-12-08,2024-25,SAC,UTA,1,0.81023777
0022400358,2024-12-08,2024-25,LAL,POR,1,0.6623486
0022400359,2024-12-09,2024-25,TOR,NYK,0,0.29205257
0022401201,2024-12-10,2024-25,MIL,ORL,1,0.68569994
0022401203,2024-12-10,2024-25,OKC,DAL,1,0.6714169
0022401202,2024-12-11,2024-25,NYK,ATL,0,0.753914
0022401204,2024-12-11,2024-25,HOU,GSW,1,0.7247381
0022401205,2024-12-12,2024-25,BOS,DET,1,0.76737535
0022401206,2024-12-12,2024-25,MIA,TOR,1,0.78007346
0022401207,2024-12-12,2024-25,NOP,SAC,0,0.27950028
0022401208,2024-12-13,2024-25,CLE,WAS,1,0.9152181
0022401209,2024-12-13,2024-25,PHI,IND,0,0.66799873
0022401210,2024-12-13,2024-25,MIN,LAL,1,0.70498955
0022401211,2024-12-13,2024-25,MEM,BKN,1,0.8382341
0022401212,2024-12-13,2024-25,CHI,CHA,1,0.6944928
0022401213,2024-12-13,2024-25,DEN,LAC,1,0.7793129
0022401214,2024-12-13,2024-25,UTA,PHX,0,0.31209427
0022401215,2024-12-13,2024-25,POR,SAS,0,0.3107918
0022401216,2024-12-15,2024-25,IND,NOP,1,0.644269
0022401217,2024-12-15,2024-25,WAS,BOS,0,0.1107961
0022401218,2024-12-15,2024-25,SAS,MIN,0,0.4516651
0022401219,2024-12-15,2024-25,PHX,POR,1,0.7588416
0022401220,2024-12-15,2024-25,LAL,MEM,1,0.29975224
0022401227,2024-12-15,2024-25,ORL,NYK,0,0.32176152
0022401228,2024-12-15,2024-25,GSW,DAL,0,0.3822615
0022401221,2024-12-16,2024-25,DET,MIA,1,0.36918756
0022401222,2024-12-16,2024-25,CHA,PHI,0,0.52033645
0022401223,2024-12-16,2024-25,TOR,CHI,0,0.43481493
0022401224,2024-12-16,2024-25,BKN,CLE,0,0.21530251
0022401225,2024-12-16,2024-25,SAC,DEN,0,0.49500898
0022401226,2024-12-16,2024-25,LAC,UTA,1,0.7547284
0022400360,2024-12-19,2024-25,DET,UTA,0,0.7414399
0022400361,2024-12-19,2024-25,ORL,OKC,0,0.259356
0022400362,2024-12-19,2024-25,WAS,CHA,1,0.31449527
0022400363,2024-12-19,2024-25,BOS,CHI,0,0.8331519
0022400364,2024-12-19,2024-25,TOR,BKN,0,0.6044069
0022400365,2024-12-19,2024-25,HOU,NOP,1,0.81180495
0022400366,2024-12-19,2024-25,MEM,GSW,1,0.69435966
0022400367,2024-12-19,2024-25,MIN,NYK,0,0.5510902
0022400368,2024-12-19,2024-25,DAL,LAC,0,0.51315373
0022400369,2024-12-19,2024-25,PHX,IND,0,0.6317249
0022400370,2024-12-19,2024-25,SAS,ATL,1,0.49355936
0022400371,2024-12-19,2024-25,POR,DEN,1,0.19956328
0022400372,2024-12-19,2024-25,SAC,LAL,0,0.75319177
0022400373,2024-12-20,2024-25,PHI,CHA,1,0.8356755
0022400374,2024-12-20,2024-25,CLE,MIL,1,0.6711512
0022400375,2024-12-20,2024-25,MIA,OKC,0,0.42993033
0022400376,2024-12-21,2024-25,SAC,LAL,0,0.74792844
0022400377,2024-12-21,2024-25,ORL,MIA,1,0.5902657
0022400378,2024-12-21,2024-25,ATL,MEM,0,0.29881746
0022400379,2024-12-21,2024-25,BKN,UTA,0,0.5068643
0022400380,2024-12-21,2024-25,CLE,PHI,1,0.84002894
0022400381,2024-12-21,2024-25,CHI,BOS,0,0.30440742
0022400382,2024-12-21,2024-25,MIL,WAS,1,0.79666185
0022400383,2024-12-21,2024-25,MIN,GSW,0,0.7706005
0022400384,2024-12-21,2024-25,NOP,NYK,0,0.22095616
0022400385,2024-12-21,2024-25,DAL,LAC,1,0.58117497
0022400386,2024-12-21,2024-25,SAS,POR,1,0.74539644
0022400387,2024-12-21,2024-25,PHX,DET,0,0.61618114
0022400388,2024-12-22,2024-25,TOR,HOU,0,0.29415268
0022400389,2024-12-22,2024-25,SAC,IND,0,0.6426778
0022400390,2024-12-22,2024-25,NOP,DEN,0,0.1679947
0022400391,2024-12-23,2024-25,CHA,HOU,0,0.38653553
0022400392,2024-12-23,2024-25,CLE,UTA,1,0.86761314
0022400393,2024-12-23,2024-25,ORL,BOS,1,0.32292128
0022400394,2024-12-23,2024-25,PHI,SAS,1,0.5028274
0022400395,2024-12-23,2024-25,ATL,MIN,1,0.40334484
0022400396,2024-12-23,2024-25,MIA,BKN,1,0.8003886
0022400397,2024-12-23,2024-25,NYK,TOR,1,0.8488956
0022400398,2024-12-23,2024-25,CHI,MIL,0,0.48521918
0022400399,2024-12-23,2024-25,MEM,LAC,0,0.7345371
0022400400,2024-12-23,2024-25,OKC,WAS,1,0.9217331
0022400401,2024-12-23,2024-25,DAL,POR,1,0.84336096
0022400402,2024-12-23,2024-25,DEN,PHX,1,0.6950383
0022400403,2024-12-23,2024-25,GSW,IND,0,0.5030261
0022400404,2024-12-23,2024-25,LAL,DET,0,0.5581594
0022400405,2024-12-25,2024-25,NYK,SAS,1,0.761332
0022400406,2024-12-25,2024-25,DAL,MIN,0,0.6492141
0022400407,2024-12-25,2024-25,BOS,PHI,0,0.73386073
0022400408,2024-12-25,2024-25,GSW,LAL,0,0.522261
0022400409,2024-12-25,2024-25,PHX,DEN,1,0.30219194
0022400410,2024-12-26,2024-25,IND,OKC,0,0.30466884
0022400411,2024-12-26,2024-25,ORL,MIA,0,0.49400628
0022400412,2024-12-26,2024-25,WAS,CHA,1,0.34380078
0022400413,2024-12-26,2024-25,ATL,CHI,1,0.7093592
0022400414,2024-12-26,2024-25,MEM,TOR,1,0.8482994
0022400415,2024-12-26,2024-25,MIL,BKN,0,0.81774914
0022400416,2024-12-26,2024-25,NOP,HOU,0,0.2879552
0022400417,2024-12-26,2024-25,POR,UTA,1,0.59646004
0022400418,2024-12-26,2024-25,SAC,DET,0,0.6381816
0022400419,2024-12-27,2024-25,ORL,NYK,0,0.26184574
0022400420,2024-12-27,2024-25,BOS,IND,1,0.82742155
0022400421,2024-12-27,2024-25,BKN,SAS,0,0.20666552
0022400422,2024-12-27,2024-25,HOU,MIN,0,0.47263417
0022400423,2024-12-27,2024-25,NOP,MEM,0,0.18824361
0022400424,2024-12-27,2024-25,DEN,CLE,0,0.50053674
0022400425,2024-12-27,2024-25,PHX,DAL,0,0.5254359
0022400426,2024-12-27,2024-25,LAC,GSW,1,0.7854762
0022400427,2024-12-28,2024-25,ATL,MIA,1,0.5622544
0022400428,2024-12-28,2024-25,CHA,OKC,0,0.13900863
0022400429,2024-12-28,2024-25,WAS,NYK,0,0.15795699
0022400430,2024-12-28,2024-25,CHI,MIL,1,0.43321732
0022400431,2024-12-28,2024-25,GSW,PHX,1,0.5459102
0022400432,2024-12-28,2024-25,DEN,DET,1,0.70895064
0022400433,2024-12-28,2024-25,UTA,PHI,0,0.29063445
0022400434,2024-12-28,2024-25,POR,DAL,1,0.35284615
0022400435,2024-12-28,2024-25,LAL,SAC,1,0.40040064
0022400436,2024-12-29,2024-25,ORL,BKN,1,0.7581306
0022400437,2024-12-29,2024-25,BOS,IND,0,0.8123403
0022400438,2024-12-29,2024-25,TOR,ATL,0,0.42818642
0022400439,2024-12-29,2024-25,HOU,MIA,0,0.7602499
0022400440,2024-12-29,2024-25,OKC,MEM,1,0.6542126
0022400441,2024-12-29,2024-25,MIN,SAS,1,0.6547469
0022400442,2024-12-30,2024-25,CHA,CHI,0,0.28713608
0022400443,2024-12-30,2024-25,WAS,NYK,0,0.14234655
0022400444,2024-12-30,2024-25,NOP,LAC,0,0.28037596
0022400445,2024-12-30,2024-25,UTA,DEN,0,0.20379212
0022400446,2024-12-30,2024-25,GSW,CLE,0,0.27809
0022400447,2024-12-30,2024-25,POR,PHI,0,0.35143864
0022400448,2024-12-30,2024-25,SAC,DAL,1,0.7698499
0022400449,2024-12-31,2024-25,BOS,TOR,1,0.8829445
0022400450,2024-12-31,2024-25,IND,MIL,0,0.38523087
0022400451,2024-12-31,2024-25,SAS,LAC,1,0.60100955
0022400452,2024-12-31,2024-25,OKC,MIN,1,0.74762464
0022400453,2024-12-31,2024-25,PHX,MEM,0,0.42427003
0022400454,2024-12-31,2024-25,LAL,CLE,0,0.368497
0022400455,2025-01-01,2024-25,DET,ORL,1,0.57478416
0022400456,2025-01-01,2024-25,WAS,CHI,1,0.29377422
0022400457,2025-01-01,2024-25,MIA,NOP,1,0.79955757
0022400458,2025-01-01,2024-25,NYK,UTA,1,0.85110766
0022400459,2025-01-01,2024-25,TOR,BKN,1,0.59875435
0022400460,2025-01-01,2024-25,HOU,DAL,1,0.62927216
0022400461,2025-01-01,2024-25,DEN,ATL,1,0.7283228
0022400462,2025-01-01,2024-25,SAC,PHI,1,0.7658713
0022400463,2025-01-02,2024-25,MIA,IND,0,0.5521657
0022400464,2025-01-02,2024-25,MIN,BOS,0,0.37648505
0022400465,2025-01-02,2024-25,MIL,BKN,0,0.8725072
0022400466,2025-01-02,2024-25,OKC,LAC,1,0.82169855
0022400467,2025-01-02,2024-25,GSW,PHI,1,0.48578078
0022400468,2025-01-02,2024-25,LAL,POR,1,0.7254518
0022400469,2025-01-03,2024-25,DET,CHA,1,0.7702674
0022400470,2025-01-03,2024-25,TOR,ORL,0,0.52975386
0022400471,2025-01-03,2024-25,HOU,BOS,0,0.45851144
0022400472,2025-01-03,2024-25,NOP,WAS,1,0.6647066
0022400473,2025-01-03,2024-25,OKC,NYK,1,0.49271998
0022400474,2025-01-03,2024-25,DAL,CLE,0,0.2631896
0022400475,2025-01-03,2024-25,DEN,SAS,0,0.73751724
0022400476,2025-01-03,2024-25,SAC,MEM,1,0.47242835
0022400477,2025-01-03,2024-25,LAL,ATL,1,0.4308333
0022400478,2025-01-04,2024-25,BKN,PHI,0,0.2351181
0022400479,2025-01-04,2024-25,DET,MIN,1,0.3650858
0022400480,2025-01-04,2024-25,IND,PHX,1,0.57701015
0022400481,2025-01-04,2024-25,MIA,UTA,0,0.71977884
0022400482,2025-01-04,2024-25,CHI,NYK,1,0.33154646
0022400483,2025-01-04,2024-25,MIL,POR,0,0.8527083
0022400484,2025-01-04,2024-25,SAS,DEN,0,0.34445179
0022400485,2025-01-04,2024-25,GSW,MEM,1,0.35014606
0022400486,2025-01-04,2024-25,LAC,ATL,1,0.73659366
0022400487,2025-01-05,2024-25,OKC,BOS,1,0.5686501
0022400488,2025-01-05,2024-25,CLE,CHA,1,0.855944
0022400489,2025-01-05,2024-25,WAS,NOP,0,0.3983691
0022400490,2025-01-05,2024-25,ORL,UTA,0,0.682002
0022400491,2025-01-05,2024-25,HOU,LAL,1,0.60744107
0022400492,2025-01-05,2024-25,GSW,SAC,0,0.4205828
0022400493,2025-01-06,2024-25,DET,POR,1,0.72029746
0022400494,2025-01-06,2024-25,PHI,PHX,0,0.533451
0022400495,2025-01-06,2024-25,BKN,IND,0,0.19125552
0022400496,2025-01-06,2024-25,NYK,ORL,0,0.8501924
0022400497,2025-01-06,2024-25,TOR,MIL,0,0.31878448
0022400498,2025-01-06,2024-25,CHI,SAS,1,0.5156463
0022400499,2025-01-06,2024-25,MEM,DAL,1,0.6566855
0022400500,2025-01-06,2024-25,MIN,LAC,1,0.48910028
0022400501,2025-01-06,2024-25,SAC,MIA,1,0.56299126
0022400502,2025-01-07,2024-25,CHA,PHX,1,0.49007982
0022400503,2025-01-07,2024-25,WAS,HOU,0,0.24539402
0022400504,2025-01-07,2024-25,DAL,LAL,1,0.38923767
0022400505,2025-01-07,2024-25,NOP,MIN,0,0.516124
0022400506,2025-01-07,2024-25,UTA,ATL,0,0.402188
0022400507,2025-01-07,2024-25,DEN,BOS,0,0.34105054
0022400508,2025-01-07,2024-25,GSW,MIA,0,0.540463
0022400509,2025-01-08,2024-25,CLE,OKC,1,0.53624696
0022400510,2025-01-08,2024-25,IND,CHI,1,0.57472926
0022400511,2025-01-08,2024-25,NYK,TOR,1,0.8192747
0022400512,2025-01-08,2024-25,PHI,WAS,1,0.8236278
0022400513,2025-01-08,2024-25,BKN,DET,0,0.24450584
0022400514,2025-01-08,2024-25,NOP,POR,0,0.57418066
0022400515,2025-01-08,2024-25,DEN,LAC,1,0.48947734
0022400516,2025-01-08,2024-25,MIL,SAS,1,0.7248345
0022400517,2025-01-09,2024-25,CLE,TOR,1,0.8489918
0022400518,2025-01-09,2024-25,DET,GSW,0,0.6005304
0022400519,2025-01-09,2024-25,ORL,MIN,0,0.46939287
0022400520,2025-01-09,2024-25,MEM,HOU,0,0.71609825
0022400521,2025-01-09,2024-25,DAL,POR,1,0.7739116
0022400522,2025-01-09,2024-25,PHX,ATL,1,0.5935353
0022400523,2025-01-09,2024-25,UTA,MIA,0,0.3716999
0022400525,2025-01-10,2024-25,IND,GSW,1,0.8641523
0022400526,2025-01-10,2024-25,ORL,MIL,0,0.27904207
0022400527,2025-01-10,2024-25,PHI,NOP,0,0.74870425
0022400528,2025-01-10,2024-25,BOS,SAC,0,0.7457141
0022400529,2025-01-10,2024-25,NYK,OKC,0,0.46053985
0022400530,2025-01-10,2024-25,CHI,WAS,1,0.8078611
0022400531,2025-01-10,2024-25,DEN,BKN,1,0.9166947
0022400533,2025-01-11,2024-25,PHX,UTA,1,0.7180661
0022400534,2025-01-11,2024-25,DET,TOR,1,0.6376519
0022400535,2025-01-11,2024-25,MIN,MEM,0,0.4037966
0022400536,2025-01-11,2024-25,POR,MIA,0,0.3084466
0022400539,2025-01-12,2024-25,NYK,MIL,1,0.5796132
0022400540,2025-01-12,2024-25,DAL,DEN,0,0.3075278
0022400541,2025-01-12,2024-25,CHI,SAC,0,0.43326795
0022400542,2025-01-12,2024-25,BOS,NOP,1,0.8394071
0022400543,2025-01-12,2024-25,CLE,IND,0,0.78603387
0022400544,2025-01-12,2024-25,ORL,PHI,1,0.49858502
0022400545,2025-01-12,2024-25,WAS,OKC,0,0.13152207
0022400546,2025-01-12,2024-25,UTA,BKN,1,0.6602995
0022400547,2025-01-12,2024-25,PHX,CHA,1,0.62665534
0022400548,2025-01-13,2024-25,WAS,MIN,0,0.19758062
0022400549,2025-01-13,2024-25,NYK,DET,0,0.76513326
0022400550,2025-01-13,2024-25,TOR,GSW,1,0.5729944
0022400551,2025-01-13,2024-25,HOU,MEM,1,0.40608263
0022400552,2025-01-13,2024-25,LAL,SAS,0,0.6311115
0022400553,2025-01-13,2024-25,LAC,MIA,1,0.6139562
0022400554,2025-01-14,2024-25,IND,CLE,0,0.26224118
0022400555,2025-01-14,2024-25,PHI,OKC,0,0.14779797
0022400556,2025-01-14,2024-25,ATL,PHX,1,0.47215766
0022400557,2025-01-14,2024-25,CHI,NOP,0,0.6834686
0022400558,2025-01-14,2024-25,MIL,SAC,1,0.6026332
0022400559,2025-01-14,2024-25,DAL,DEN,0,0.3595545
0022400560,2025-01-14,2024-25,POR,BKN,0,0.64994293
0022400561,2025-01-15,2024-25,PHI,NYK,0,0.29416603
0022400562,2025-01-15,2024-25,TOR,BOS,1,0.22083044
0022400563,2025-01-15,2024-25,CHI,ATL,0,0.7808394
0022400564,2025-01-15,2024-25,MIL,ORL,1,0.7636631
0022400565,2025-01-15,2024-25,MIN,GSW,0,0.78459084
0022400566,2025-01-15,2024-25,NOP,DAL,1,0.5030415
0022400567,2025-01-15,2024-25,SAS,MEM,0,0.34177038
0022400568,2025-01-15,2024-25,DEN,HOU,0,0.4948504
0022400569,2025-01-15,2024-25,UTA,CHA,0,0.35582733
0022400570,2025-01-15,2024-25,LAL,MIA,1,0.52671397
0022400571,2025-01-15,2024-25,LAC,BKN,1,0.87865674
0022400572,2025-01-16,2024-25,DET,IND,0,0.43347543
0022400573,2025-01-16,2024-25,WAS,PHX,0,0.21871977
0022400574,2025-01-16,2024-25,OKC,CLE,1,0.57881284
0022400575,2025-01-16,2024-25,POR,LAC,0,0.3512163
0022400576,2025-01-16,2024-25,SAC,HOU,1,0.70159566
0022400577,2025-01-17,2024-25,BOS,ORL,1,0.84505814
0022400578,2025-01-17,2024-25,NYK,MIN,0,0.6741288
0022400579,2025-01-17,2024-25,MIA,DEN,0,0.38880754
0022400580,2025-01-17,2024-25,MIL,TOR,1,0.8521472
0022400581,2025-01-17,2024-25,NOP,UTA,1,0.6819143
0022400582,2025-01-17,2024-25,SAS,MEM,0,0.36561608
0022400583,2025-01-17,2024-25,DAL,OKC,1,0.4046732
0022400584,2025-01-17,2024-25,CHI,CHA,0,0.66327745
0022400585,2025-01-17,2024-25,LAL,BKN,1,0.82342535
0022400586,2025-01-18,2024-25,DET,PHX,0,0.42747644
0022400587,2025-01-18,2024-25,BOS,ATL,0,0.62560356
0022400588,2025-01-18,2024-25,IND,PHI,1,0.75930274
0022400589,2025-01-18,2024-25,GSW,WAS,1,0.7364237
0022400590,2025-01-18,2024-25,MIN,CLE,0,0.2733882
0022400591,2025-01-18,2024-25,POR,HOU,0,0.2438093
0022400592,2025-01-19,2024-25,MIA,SAS,1,0.6877426
0022400593,2025-01-19,2024-25,ORL,DEN,0,0.19754268
0022400594,2025-01-19,2024-25,MIL,PHI,1,0.834261
0022400595,2025-01-19,2024-25,OKC,BKN,1,0.904456
0022400596,2025-01-19,2024-25,LAC,LAL,1,0.58679795
0022400597,2025-01-19,2024-25,POR,CHI,1,0.26381025
0022400598,2025-01-19,2024-25,SAC,WAS,1,0.9086682
0022400599,2025-01-20,2024-25,CHA,DAL,1,0.48361206
0022400600,2025-01-20,2024-25,HOU,DET,0,0.7569417
0022400601,2025-01-20,2024-25,MEM,MIN,1,0.73986745
0022400602,2025-01-20,2024-25,NYK,ATL,1,0.63224334
0022400603,2025-01-20,2024-25,CLE,PHX,1,0.6835592
0022400604,2025-01-20,2024-25,GSW,BOS,0,0.2437813
0022400605,2025-01-20,2024-25,NOP,UTA,1,0.69113696
0022400611,2025-01-20,2024-25,LAC,CHI,0,0.5040585
0022400606,2025-01-21,2024-25,BKN,NYK,0,0.18106459
0022400607,2025-01-21,2024-25,MIA,POR,0,0.77866864
0022400608,2025-01-21,2024-25,TOR,ORL,1,0.5023193
0022400609,2025-01-21,2024-25,DEN,PHI,1,0.8228814
0022400610,2025-01-21,2024-25,LAL,WAS,1,0.8387002
0022400612,2025-01-22,2024-25,ATL,DET,0,0.70326537
0022400613,2025-01-22,2024-25,BKN,PHX,0,0.17335787
0022400614,2025-01-22,2024-25,DAL,MIN,0,0.4985924
0022400615,2025-01-22,2024-25,HOU,CLE,1,0.4784108
0022400616,2025-01-22,2024-25,MEM,CHA,1,0.77725846
0022400618,2025-01-22,2024-25,OKC,UTA,1,0.86735517
0022400619,2025-01-22,2024-25,SAC,GSW,1,0.82828885
0022400620,2025-01-22,2024-25,LAC,BOS,0,0.17243241
0022400622,2025-01-23,2024-25,ORL,POR,0,0.7433405
0022400623,2025-01-23,2024-25,ATL,TOR,0,0.739285
0022400624,2025-01-23,2024-25,MIL,MIA,1,0.7432033
0022400625,2025-01-23,2024-25,OKC,DAL,0,0.86647207
0022400626,2025-01-23,2024-25,DEN,SAC,1,0.72290057
0022400628,2025-01-23,2024-25,GSW,CHI,1,0.32511947
0022400629,2025-01-23,2024-25,LAL,BOS,1,0.4612488
0022400983,2025-01-23,2024-25,LAC,WAS,1,0.82868016
0022400630,2025-01-24,2024-25,CHA,POR,0,0.43737638
0022400631,2025-01-24,2024-25,PHI,CLE,1,0.34649527
0022400632,2025-01-24,2024-25,MEM,NOP,1,0.7379583
0022400634,2025-01-25,2024-25,MIN,DEN,1,0.2967815
0022400635,2025-01-25,2024-25,DAL,BOS,0,0.3351555
0022400636,2025-01-25,2024-25,BKN,MIA,0,0.23615237
0022400637,2025-01-25,2024-25,CHA,NOP,1,0.43449396
0022400638,2025-01-25,2024-25,ORL,DET,1,0.5578032
0022400639,2025-01-25,2024-25,ATL,TOR,0,0.66339535
0022400640,2025-01-25,2024-25,CLE,HOU,0,0.5668357
0022400641,2025-01-25,2024-25,NYK,SAC,1,0.59998906
0022400642,2025-01-25,2024-25,CHI,PHI,0,0.6828107
0022400643,2025-01-25,2024-25,MEM,UTA,1,0.81425285
0022400644,2025-01-25,2024-25,GSW,LAL,0,0.31468278
0022400645,2025-01-25,2024-25,PHX,WAS,1,0.84256893
0022400646,2025-01-25,2024-25,LAC,MIL,1,0.42358544
0022400647,2025-01-26,2024-25,POR,OKC,0,0.18938255
0022400648,2025-01-27,2024-25,CHA,LAL,0,0.37355128
0022400649,2025-01-27,2024-25,CLE,DET,1,0.7750979
0022400650,2025-01-27,2024-25,BOS,HOU,0,0.5729789
0022400651,2025-01-27,2024-25,BKN,SAC,0,0.17332453
0022400652,2025-01-27,2024-25,MIA,ORL,1,0.52841127
0022400653,2025-01-27,2024-25,NYK,MEM,1,0.5797193
0022400654,2025-01-27,2024-25,TOR,NOP,1,0.42573753
0022400655,2025-01-27,2024-25,CHI,DEN,1,0.25060678
0022400656,2025-01-27,2024-25,MIN,ATL,1,0.78300613
0022400657,2025-01-27,2024-25,DAL,WAS,1,0.7494505
0022400658,2025-01-27,2024-25,UTA,MIL,0,0.17997569
0022400659,2025-01-27,2024-25,PHX,LAC,1,0.5611117
0022400532,2025-01-28,2024-25,ATL,HOU,0,0.32082388
0022400660,2025-01-28,2024-25,PHI,LAL,1,0.3749636
0022400661,2025-01-28,2024-25,GSW,UTA,1,0.61850446
0022400662,2025-01-28,2024-25,POR,MIL,1,0.25586262
0022400663,2025-01-29,2024-25,CHA,BKN,0,0.6715158
0022400664,2025-01-29,2024-25,IND,DET,1,0.73973876
0022400665,2025-01-29,2024-25,WAS,TOR,0,0.38183847
0022400666,2025-01-29,2024-25,BOS,CHI,1,0.78885484
0022400667,2025-01-29,2024-25,MIA,CLE,0,0.4106666
0022400668,2025-01-29,2024-25,NYK,DEN,1,0.552937
0022400669,2025-01-29,2024-25,PHI,SAC,1,0.26496756
0022400670,2025-01-29,2024-25,NOP,DAL,0,0.591763
0022400671,2025-01-29,2024-25,SAS,LAC,0,0.41916874
0022400672,2025-01-29,2024-25,PHX,MIN,0,0.5605649
0022400673,2025-01-29,2024-25,GSW,OKC,1,0.16453585
0022400674,2025-01-30,2024-25,WAS,LAL,0,0.18927667
0022400675,2025-01-30,2024-25,CLE,ATL,1,0.7892344
0022400676,2025-01-30,2024-25,MEM,HOU,1,0.56420183
0022400677,2025-01-30,2024-25,UTA,MIN,0,0.36052483
0022400678,2025-01-30,2024-25,POR,ORL,1,0.4639957
0022400679,2025-01-31,2024-25,CHA,LAC,0,0.22908835
0022400680,2025-01-31,2024-25,DET,DAL,1,0.44241893
0022400681,2025-01-31,2024-25,PHI,DEN,0,0.27337155
0022400682,2025-01-31,2024-25,TOR,CHI,0,0.5904185
0022400683,2025-01-31,2024-25,NOP,BOS,0,0.28218704
0022400684,2025-01-31,2024-25,SAS,MIL,1,0.30194998
0022400685,2025-01-31,2024-25,GSW,PHX,0,0.43779364
0022400686,2025-02-01,2024-25,IND,ATL,1,0.7987059
0022400687,2025-02-01,2024-25,UTA,ORL,1,0.43392605
0022400688,2025-02-01,2024-25,CHA,DEN,0,0.14398693
0022400689,2025-02-01,2024-25,HOU,BKN,0,0.84408844
0022400690,2025-02-01,2024-25,MIN,WAS,0,0.8478659
0022400691,2025-02-01,2024-25,OKC,SAC,1,0.6798771
0022400692,2025-02-01,2024-25,NYK,LAL,0,0.7122505
0022400693,2025-02-01,2024-25,SAS,MIA,0,0.4260334
0022400694,2025-02-01,2024-25,POR,PHX,1,0.47862884
0022400695,2025-02-02,2024-25,DET,CHI,1,0.58123696
0022400696,2025-02-02,2024-25,CLE,DAL,1,0.8653935
0022400697,2025-02-02,2024-25,TOR,LAC,1,0.3413996
0022400698,2025-02-02,2024-25,PHI,BOS,0,0.32838786
0022400699,2025-02-02,2024-25,MIL,MEM,0,0.6940572
0022400700,2025-02-03,2024-25,CHA,WAS,0,0.7058669
0022400701,2025-02-03,2024-25,DET,ATL,0,0.6067921
0022400702,2025-02-03,2024-25,NYK,HOU,1,0.7606075
0022400703,2025-02-03,2024-25,MEM,SAS,1,0.57596344
0022400704,2025-02-03,2024-25,MIN,SAC,0,0.5714825
0022400705,2025-02-03,2024-25,OKC,MIL,1,0.864644
0022400706,2025-02-03,2024-25,DEN,NOP,1,0.80075395
0022400707,2025-02-03,2024-25,UTA,IND,0,0.28175327
0022400708,2025-02-03,2024-25,GSW,ORL,1,0.548883
0022400709,2025-02-03,2024-25,POR,PHX,1,0.5083857
0022400710,2025-02-04,2024-25,CLE,BOS,0,0.6127483
0022400711,2025-02-04,2024-25,BKN,HOU,1,0.23112297
0022400712,2025-02-04,2024-25,PHI,DAL,1,0.63450384
0022400713,2025-02-04,2024-25,TOR,NYK,0,0.26149684
0022400714,2025-02-04,2024-25,CHI,MIA,1,0.4933014
0022400715,2025-02-04,2024-25,LAC,LAL,0,0.54568654
0022400716,2025-02-04,2024-25,POR,IND,1,0.31622496
0022400717,2025-02-05,2024-25,CHA,MIL,0,0.30113676
0022400718,2025-02-05,2024-25,DET,CLE,0,0.4308732
0022400719,2025-02-05,2024-25,ATL,SAS,0,0.39442903
0022400720,2025-02-05,2024-25,BKN,WAS,0,0.56961924
0022400721,2025-02-05,2024-25,PHI,MIA,0,0.66604316
0022400722,2025-02-05,2024-25,TOR,MEM,0,0.23406602
0022400723,2025-02-05,2024-25,MIN,CHI,1,0.77714723
0022400724,2025-02-05,2024-25,OKC,PHX,1,0.84537166
0022400725,2025-02-05,2024-25,UTA,GSW,1,0.5679424
0022400726,2025-02-05,2024-25,DEN,NOP,1,0.80948526
0022400727,2025-02-05,2024-25,SAC,ORL,0,0.79324234
0022400728,2025-02-06,2024-25,BOS,DAL,0,0.7643455
0022400729,2025-02-06,2024-25,MIN,HOU,1,0.5678874
0022400730,2025-02-06,2024-25,DEN,ORL,1,0.82753116
0022400731,2025-02-06,2024-25,LAL,GSW,1,0.85254943
0022400732,2025-02-06,2024-25,POR,SAC,1,0.47733712
0022400733,2025-02-06,2024-25,LAC,IND,0,0.5243696
0022400734,2025-02-07,2024-25,CHA,SAS,1,0.36025086
0022400735,2025-02-07,2024-25,WAS,CLE,0,0.17120841
0022400736,2025-02-07,2024-25,ATL,MIL,1,0.42129838
0022400737,2025-02-07,2024-25,BKN,MIA,1,0.34029627
0022400738,2025-02-07,2024-25,DET,PHI,1,0.38790038
0022400739,2025-02-07,2024-25,OKC,TOR,1,0.9074483
0022400740,2025-02-07,2024-25,PHX,UTA,1,0.651388
0022400741,2025-02-08,2024-25,DAL,HOU,1,0.5724027
0022400742,2025-02-08,2024-25,LAL,IND,1,0.40771404
0022400743,2025-02-08,2024-25,ORL,SAS,1,0.4844717
0022400744,2025-02-08,2024-25,WAS,ATL,0,0.3547209
0022400745,2025-02-08,2024-25,CHI,GSW,0,0.44316167
0022400746,2025-02-08,2024-25,MEM,OKC,0,0.43282047
0022400747,2025-02-08,2024-25,MIN,POR,1,0.6107093
0022400748,2025-02-08,2024-25,NYK,BOS,0,0.5637224
0022400749,2025-02-08,2024-25,PHX,DEN,0,0.20204598
0022400750,2025-02-08,2024-25,SAC,NOP,1,0.7153108
0022400751,2025-02-08,2024-25,LAC,UTA,1,0.87224495
0022400752,2025-02-09,2024-25,DET,CHA,1,0.80973643
0022400753,2025-02-09,2024-25,HOU,TOR,1,0.72195756
0022400754,2025-02-09,2024-25,MIL,PHI,1,0.442354
0022400755,2025-02-10,2024-25,CLE,MIN,1,0.62295336
0022400756,2025-02-10,2024-25,ORL,ATL,0,0.5838365
0022400757,2025-02-10,2024-25,WAS,SAS,0,0.2795157
0022400758,2025-02-10,2024-25,BKN,CHA,1,0.44507766
0022400759,2025-02-10,2024-25,MIA,BOS,0,0.285434
0022400760,2025-02-10,2024-25,MIL,GSW,0,0.4999755
0022400761,2025-02-10,2024-25,OKC,NOP,1,0.868166
0022400762,2025-02-10,2024-25,DAL,SAC,0,0.38976687
0022400763,2025-02-10,2024-25,DEN,POR,1,0.8012724
0022400768,2025-02-10,2024-25,LAL,UTA,1,0.87142736
0022400764,2025-02-11,2024-25,PHI,TOR,0,0.81811243
0022400765,2025-02-11,2024-25,IND,NYK,0,0.48669156
0022400766,2025-02-11,2024-25,CHI,DET,0,0.32514232
0022400767,2025-02-11,2024-25,PHX,MEM,0,0.44464996
0022400769,2025-02-12,2024-25,BOS,SAS,1,0.6443776
0022400770,2025-02-12,2024-25,ORL,CHA,1,0.7370578
0022400771,2025-02-12,2024-25,WAS,IND,0,0.2454441
0022400772,2025-02-12,2024-25,BKN,PHI,1,0.5477743
0022400773,2025-02-12,2024-25,NYK,ATL,1,0.7506225
0022400774,2025-02-12,2024-25,TOR,CLE,0,0.21779507
0022400775,2025-02-12,2024-25,CHI,DET,0,0.22759727
0022400776,2025-02-12,2024-25,MIN,MIL,0,0.7805876
0022400777,2025-02-12,2024-25,NOP,SAC,0,0.36554682
0022400778,2025-02-12,2024-25,OKC,MIA,1,0.8675071
0022400779,2025-02-12,2024-25,HOU,PHX,1,0.71062213
0022400780,2025-02-12,2024-25,DEN,POR,1,0.8244408
0022400781,2025-02-12,2024-25,UTA,LAL,1,0.201102
0022400782,2025-02-12,2024-25,DAL,GSW,1,0.41110367
0022400783,2025-02-12,2024-25,LAC,MEM,1,0.6186735
0022400784,2025-02-13,2024-25,HOU,GSW,0,0.539852
0022400785,2025-02-13,2024-25,NOP,SAC,1,0.26802966
0022400786,2025-02-13,2024-25,DAL,MIA,1,0.46783587
0022400787,2025-02-13,2024-25,MIN,OKC,1,0.25193846
0022401004,2025-02-13,2024-25,UTA,LAC,0,0.25154006
0022400524,2025-02-19,2024-25,LAL,CHA,0,0.8653055
0022400788,2025-02-20,2024-25,IND,MEM,1,0.53978974
0022400789,2025-02-20,2024-25,PHI,BOS,0,0.3937101
0022400790,2025-02-20,2024-25,ATL,ORL,0,0.49240023
0022400791,2025-02-20,2024-25,BKN,CLE,0,0.15600966
0022400792,2025-02-20,2024-25,NYK,CHI,1,0.8423381
0022400793,2025-02-20,2024-25,MIL,LAC,1,0.5698256
0022400794,2025-02-20,2024-25,DEN,CHA,1,0.9369566
0022400795,2025-02-20,2024-25,SAS,PHX,1,0.47699007
0022400796,2025-02-20,2024-25,POR,LAL,0,0.47127515
0022400797,2025-02-21,2024-25,CLE,NYK,1,0.7200755
0022400798,2025-02-21,2024-25,ORL,MEM,0,0.33918414
0022400799,2025-02-21,2024-25,WAS,MIL,0,0.42150843
0022400800,2025-02-21,2024-25,TOR,MIA,0,0.5292426
0022400801,2025-02-21,2024-25,HOU,MIN,1,0.42742157
0022400802,2025-02-21,2024-25,SAS,DET,0,0.27843767
0022400803,2025-02-21,2024-25,DAL,NOP,1,0.59613043
0022400804,2025-02-21,2024-25,UTA,OKC,0,0.13366795
0022400805,2025-02-21,2024-25,SAC,GSW,0,0.653473
0022400806,2025-02-22,2024-25,CHI,PHX,0,0.29393896
0022400807,2025-02-22,2024-25,PHI,BKN,0,0.7845722
0022400808,2025-02-22,2024-25,DEN,LAL,0,0.63104296
0022400809,2025-02-22,2024-25,UTA,HOU,1,0.35112825
0022400810,2025-02-22,2024-25,POR,CHA,1,0.6066807
0022400811,2025-02-23,2024-25,BOS,NYK,1,0.65635693
0022400812,2025-02-23,2024-25,GSW,DAL,1,0.6168854
0022400813,2025-02-23,2024-25,IND,LAC,1,0.68612605
0022400814,2025-02-23,2024-25,ATL,DET,0,0.3334924
0022400815,2025-02-23,2024-25,ORL,WAS,1,0.78246146
0022400816,2025-02-23,2024-25,TOR,PHX,1,0.41247183
0022400817,2025-02-23,2024-25,MIL,MIA,1,0.6871117
0022400818,2025-02-23,2024-25,NOP,SAS,1,0.52887887
0022400819,2025-02-23,2024-25,CLE,MEM,1,0.6834117
0022400820,2025-02-23,2024-25,MIN,OKC,0,0.2855233
0022400821,2025-02-24,2024-25,DET,LAC,1,0.71936005
0022400822,2025-02-24,2024-25,IND,DEN,0,0.34458598
0022400823,2025-02-24,2024-25,PHI,CHI,0,0.70236677
0022400824,2025-02-24,2024-25,WAS,BKN,1,0.4810252
0022400825,2025-02-24,2024-25,ATL,MIA,1,0.5466349
0022400826,2025-02-24,2024-25,OKC,MIN,0,0.8216647
0022400827,2025-02-24,2024-25,UTA,POR,0,0.2770668
0022400828,2025-02-24,2024-25,SAC,CHA,1,0.7978806
0022400829,2025-02-25,2024-25,TOR,BOS,0,0.28100827
0022400830,2025-02-25,2024-25,ORL,CLE,0,0.28584343
0022400831,2025-02-25,2024-25,HOU,MIL,1,0.40638393
0022400832,2025-02-25,2024-25,MEM,PHX,1,0.60606295
0022400833,2025-02-25,2024-25,NOP,SAS,1,0.572603
0022400834,2025-02-25,2024-25,GSW,CHA,1,0.873547
0022400835,2025-02-25,2024-25,LAL,DAL,1,0.803702
0022400836,2025-02-26,2024-25,DET,BOS,1,0.59815615
0022400837,2025-02-26,2024-25,IND,TOR,1,0.8278367
0022400838,2025-02-26,2024-25,NYK,PHI,1,0.70606434
0022400839,2025-02-26,2024-25,WAS,POR,0,0.35923702
0022400840,2025-02-26,2024-25,BKN,OKC,0,0.15070134
0022400841,2025-02-26,2024-25,MIA,ATL,1,0.4976183
0022400842,2025-02-26,2024-25,CHI,LAC,0,0.32841942
0022400843,2025-02-26,2024-25,UTA,SAC,0,0.2754019
0022400844,2025-02-26,2024-25,HOU,SAS,1,0.6192444
0022400845,2025-02-27,2024-25,ORL,GSW,0,0.31709218
0022400846,2025-02-27,2024-25,MIL,DEN,1,0.37093416
0022400847,2025-02-27,2024-25,DAL,CHA,1,0.8037467
0022400848,2025-02-27,2024-25,PHX,NOP,0,0.64091927
0022400849,2025-02-27,2024-25,LAL,MIN,1,0.7098919
0022400850,2025-02-28,2024-25,DET,DEN,0,0.5829331
0022400851,2025-02-28,2024-25,ATL,OKC,0,0.21078804
0022400852,2025-02-28,2024-25,BOS,CLE,0,0.48164734
0022400853,2025-02-28,2024-25,BKN,POR,0,0.48227453
0022400854,2025-02-28,2024-25,MIA,IND,1,0.36104357
0022400855,2025-02-28,2024-25,CHI,TOR,1,0.5069136
0022400856,2025-02-28,2024-25,MEM,NYK,0,0.5987879
0022400857,2025-02-28,2024-25,PHX,NOP,1,0.7386393
0022400858,2025-02-28,2024-25,UTA,MIN,1,0.4330164
0022400859,2025-02-28,2024-25,LAL,LAC,1,0.66070926
0022400860,2025-03-01,2024-25,CHA,WAS,0,0.49204037
0022400861,2025-03-01,2024-25,DET,BKN,1,0.83390033
0022400862,2025-03-01,2024-25,HOU,SAC,0,0.57595396
0022400863,2025-03-01,2024-25,MEM,SAS,0,0.60968757
0022400864,2025-03-01,2024-25,PHI,GSW,1,0.37326837
0022400865,2025-03-01,2024-25,DAL,MIL,0,0.44115207
0022400866,2025-03-02,2024-25,BOS,DEN,1,0.5295485
0022400867,2025-03-02,2024-25,CLE,POR,1,0.7585085
0022400868,2025-03-02,2024-25,IND,CHI,1,0.8091019
0022400869,2025-03-02,2024-25,MIA,NYK,0,0.37402883
0022400870,2025-03-02,2024-25,ORL,TOR,0,0.58707935
0022400871,2025-03-02,2024-25,SAS,OKC,0,0.14649333
0022400872,2025-03-02,2024-25,UTA,NOP,0,0.27957848
0022400873,2025-03-02,2024-25,PHX,MIN,0,0.42301688
0022400874,2025-03-02,2024-25,LAL,LAC,1,0.6840682
0022400875,2025-03-03,2024-25,CHA,GSW,0,0.17899165
0022400876,2025-03-03,2024-25,PHI,POR,0,0.36898285
0022400877,2025-03-03,2024-25,MIA,WAS,1,0.61721194
0022400878,2025-03-03,2024-25,MEM,ATL,0,0.6711645
0022400879,2025-03-03,2024-25,OKC,HOU,1,0.93521714
0022400880,2025-03-03,2024-25,DAL,SAC,0,0.50328934
0022400881,2025-03-03,2024-25,UTA,DET,0,0.20565934
0022400882,2025-03-04,2024-25,IND,HOU,1,0.7684601
0022400883,2025-03-04,2024-25,ORL,TOR,0,0.54887307
0022400884,2025-03-04,2024-25,ATL,MIL,0,0.30897248
0022400885,2025-03-04,2024-25,NYK,GSW,0,0.51059616
0022400886,2025-03-04,2024-25,CHI,CLE,0,0.10049544
0022400887,2025-03-04,2024-25,MIN,PHI,1,0.8681341
0022400888,2025-03-04,2024-25,SAS,BKN,1,0.5230465
0022400889,2025-03-04,2024-25,PHX,LAC,1,0.5246674
0022400890,2025-03-04,2024-25,LAL,NOP,1,0.786677
0022400891,2025-03-05,2024-25,BOS,POR,1,0.6345688
0022400892,2025-03-05,2024-25,CHA,MIN,0,0.16927072
0022400893,2025-03-05,2024-25,CLE,MIA,1,0.842062
0022400894,2025-03-05,2024-25,WAS,UTA,1,0.7117074
0022400895,2025-03-05,2024-25,MEM,OKC,0,0.24564222
0022400896,2025-03-05,2024-25,DEN,SAC,1,0.795974
0022400897,2025-03-05,2024-25,MIL,DAL,1,0.7701639
0022400898,2025-03-05,2024-25,LAC,DET,1,0.29397497
0022400899,2025-03-06,2024-25,ATL,IND,1,0.4972657
0022400900,2025-03-06,2024-25,BOS,PHI,1,0.7807559
0022400901,2025-03-06,2024-25,BKN,GSW,0,0.26076108
0022400902,2025-03-06,2024-25,NOP,HOU,0,0.5600356
0022400903,2025-03-06,2024-25,LAL,NYK,1,0.7374029
0022400944,2025-03-06,2024-25,ORL,CHI,0,0.701938
0022400904,2025-03-07,2024-25,CHA,CLE,0,0.120326206
0022400905,2025-03-07,2024-25,TOR,UTA,1,0.57175225
0022400906,2025-03-07,2024-25,DAL,MEM,0,0.3503916
0022400907,2025-03-07,2024-25,MIA,MIN,0,0.29732886
0022400908,2025-03-07,2024-25,OKC,POR,1,0.69898033
0022400909,2025-03-07,2024-25,DEN,PHX,1,0.78952897
0022400910,2025-03-07,2024-25,SAC,SAS,1,0.65525824
0022400911,2025-03-07,2024-25,LAC,NYK,1,0.66108596
0022400912,2025-03-08,2024-25,CHA,BKN,1,0.27863365
0022400913,2025-03-08,2024-25,HOU,NOP,1,0.62009925
0022400914,2025-03-08,2024-25,ATL,IND,1,0.5558905
0022400915,2025-03-08,2024-25,TOR,WAS,0,0.6077725
0022400916,2025-03-08,2024-25,MIA,CHI,0,0.74276835
0022400917,2025-03-08,2024-25,MIL,ORL,0,0.809445
0022400918,2025-03-08,2024-25,BOS,LAL,1,0.5215811
0022400919,2025-03-08,2024-25,GSW,DET,1,0.57399887
0022400920,2025-03-09,2024-25,OKC,DEN,1,0.7286468
0022400921,2025-03-09,2024-25,DAL,PHX,0,0.41839436
0022400922,2025-03-09,2024-25,MIL,CLE,0,0.29724497
0022400923,2025-03-09,2024-25,NOP,MEM,0,0.22727358
0022400924,2025-03-09,2024-25,PHI,UTA,1,0.6423937
0022400925,2025-03-09,2024-25,MIN,SAS,1,0.83459926
0022400926,2025-03-09,2024-25,POR,DET,0,0.49764436
0022400927,2025-03-09,2024-25,LAC,SAC,1,0.64923084
0022400928,2025-03-10,2024-25,ATL,PHI,1,0.7769695
0022400929,2025-03-10,2024-25,BOS,UTA,1,0.8551097
0022400930,2025-03-10,2024-25,BKN,LAL,1,0.25850266
0022400931,2025-03-10,2024-25,MIA,CHA,0,0.79716706
0022400932,2025-03-10,2024-25,TOR,WAS,1,0.67911303
0022400933,2025-03-10,2024-25,CHI,IND,1,0.36031267
0022400934,2025-03-10,2024-25,HOU,ORL,1,0.62096107
0022400935,2025-03-10,2024-25,MEM,PHX,1,0.5814874
0022400936,2025-03-10,2024-25,OKC,DEN,0,0.7233072
0022400937,2025-03-10,2024-25,SAS,DAL,0,0.56670856
0022400938,2025-03-10,2024-25,GSW,POR,1,0.782631
0022400939,2025-03-10,2024-25,SAC,NYK,0,0.60750055
0022400940,2025-03-11,2024-25,CLE,BKN,1,0.87135804
0022400941,2025-03-11,2024-25,DET,WAS,1,0.84770393
0022400942,2025-03-11,2024-25,IND,MIL,1,0.43976468
0022400943,2025-03-11,2024-25,NOP,LAC,1,0.3092236
0022400945,2025-03-12,2024-25,ATL,CHA,1,0.7832738
0022400946,2025-03-12,2024-25,BOS,OKC,0,0.4434838
0022400947,2025-03-12,2024-25,TOR,PHI,1,0.4444702
0022400948,2025-03-12,2024-25,MIA,LAC,0,0.6457242
0022400949,2025-03-12,2024-25,HOU,PHX,1,0.5918383
0022400950,2025-03-12,2024-25,MEM,UTA,1,0.74244744
0022400951,2025-03-12,2024-25,SAS,DAL,1,0.54955417
0022400952,2025-03-12,2024-25,DEN,MIN,0,0.5212525
0022400953,2025-03-12,2024-25,POR,NYK,0,0.57345456
0022400954,2025-03-13,2024-25,DET,WAS,0,0.8151646
0022400955,2025-03-13,2024-25,MIL,LAL,1,0.45963374
0022400956,2025-03-13,2024-25,CHI,BKN,1,0.40754774
0022400957,2025-03-13,2024-25,GSW,SAC,1,0.7419752
0022401141,2025-03-13,2024-25,NOP,ORL,0,0.580985
0022400958,2025-03-14,2024-25,MIA,BOS,0,0.3926462
0022400959,2025-03-14,2024-25,PHI,IND,0,0.26629207
0022400960,2025-03-14,2024-25,ATL,LAC,0,0.5456843
0022400961,2025-03-14,2024-25,HOU,DAL,1,0.72790456
0022400962,2025-03-14,2024-25,MEM,CLE,0,0.39535442
0022400963,2025-03-14,2024-25,MIN,ORL,1,0.8880937
0022400964,2025-03-14,2024-25,SAS,CHA,0,0.6463888
0022400965,2025-03-14,2024-25,DEN,LAL,1,0.88705176
0022400966,2025-03-14,2024-25,UTA,TOR,0,0.38990057
0022400967,2025-03-14,2024-25,PHX,SAC,1,0.59278595
0022400968,2025-03-15,2024-25,BKN,BOS,0,0.2579653
0022400969,2025-03-15,2024-25,DET,OKC,0,0.40660092
0022400970,2025-03-15,2024-25,HOU,CHI,1,0.77524513
0022400971,2025-03-15,2024-25,MEM,MIA,1,0.54962397
0022400972,2025-03-15,2024-25,MIL,IND,1,0.66900986
0022400973,2025-03-15,2024-25,SAS,NOP,1,0.5716095
0022400974,2025-03-15,2024-25,GSW,NYK,1,0.7269783
0022400975,2025-03-15,2024-25,DEN,WAS,0,0.8346518
0022400538,2025-03-16,2024-25,LAC,CHA,1,0.81400526
0022400976,2025-03-16,2024-25,DAL,PHI,0,0.6565796
0022400977,2025-03-16,2024-25,LAL,PHX,1,0.75799036
0022400978,2025-03-16,2024-25,BKN,ATL,1,0.30486545
0022400979,2025-03-16,2024-25,CLE,ORL,0,0.849274
0022400980,2025-03-16,2024-25,POR,TOR,1,0.7499479
0022400981,2025-03-16,2024-25,MIN,UTA,1,0.8653669
0022400982,2025-03-16,2024-25,MIL,OKC,0,0.32073897
0022400537,2025-03-17,2024-25,LAL,SAS,1,0.79643553
0022400984,2025-03-17,2024-25,NYK,MIA,1,0.6167685
0022400985,2025-03-17,2024-25,HOU,PHI,1,0.8600202
0022400986,2025-03-17,2024-25,MIN,IND,0,0.8957987
0022400987,2025-03-17,2024-25,NOP,DET,0,0.2633074
0022400989,2025-03-17,2024-25,UTA,CHI,0,0.4424286
0022400990,2025-03-17,2024-25,GSW,DEN,0,0.814935
0022400991,2025-03-17,2024-25,PHX,TOR,1,0.64104223
0022400992,2025-03-17,2024-25,SAC,MEM,1,0.5324833
0022400995,2025-03-17,2024-25,POR,WAS,1,0.6335149
0022400993,2025-03-18,2024-25,CHA,ATL,0,0.19859667
0022400994,2025-03-18,2024-25,BOS,BKN,1,0.77387667
0022400997,2025-03-18,2024-25,LAC,CLE,1,0.40287048
0022401012,2025-03-18,2024-25,GSW,MIL,1,0.49540585
0022400627,2025-03-19,2024-25,UTA,WAS,1,0.59858376
0022400998,2025-03-19,2024-25,IND,DAL,1,0.687238
0022400999,2025-03-19,2024-25,ORL,HOU,0,0.3673589
0022401000,2025-03-19,2024-25,MIA,DET,0,0.29093152
0022401001,2025-03-19,2024-25,MIN,NOP,0,0.8735964
0022401002,2025-03-19,2024-25,OKC,PHI,1,0.8226729
0022401003,2025-03-19,2024-25,SAS,NYK,1,0.388234
0022401006,2025-03-19,2024-25,LAL,DEN,1,0.7298243
0022401007,2025-03-19,2024-25,PHX,CHI,1,0.6313812
0022401008,2025-03-19,2024-25,POR,MEM,1,0.51096874
0022401009,2025-03-19,2024-25,SAC,CLE,1,0.3285383
0022400996,2025-03-20,2024-25,LAL,MIL,0,0.22606187
0022401005,2025-03-20,2024-25,GSW,TOR,1,0.87090135
0022401010,2025-03-20,2024-25,CHA,NYK,1,0.32197776
0022401011,2025-03-20,2024-25,IND,BKN,1,0.62333286
0022401013,2025-03-20,2024-25,SAC,CHI,0,0.74571794
0022401014,2025-03-21,2024-25,WAS,ORL,0,0.4173467
0022401015,2025-03-21,2024-25,MIA,HOU,0,0.30882385
0022401016,2025-03-21,2024-25,MIN,NOP,1,0.8985636
0022401017,2025-03-21,2024-25,OKC,CHA,1,0.94177276
0022401018,2025-03-21,2024-25,SAS,PHI,1,0.7216098
0022401019,2025-03-21,2024-25,DAL,DET,1,0.24878293
0022401020,2025-03-21,2024-25,UTA,BOS,0,0.20275185
0022401021,2025-03-21,2024-25,PHX,CLE,1,0.3256357
0022401022,2025-03-21,2024-25,POR,DEN,1,0.3764981
0022401023,2025-03-21,2024-25,LAC,MEM,1,0.7151094
0022401024,2025-03-22,2024-25,IND,BKN,1,0.75690037
0022401025,2025-03-22,2024-25,ATL,GSW,1,0.42633992
0022401026,2025-03-22,2024-25,NYK,WAS,1,0.78579026
0022401027,2025-03-22,2024-25,SAC,MIL,0,0.41033256
0022401028,2025-03-22,2024-25,LAL,CHI,0,0.7980808
0022401029,2025-03-23,2024-25,DET,NOP,1,0.8725392
0022401030,2025-03-23,2024-25,UTA,CLE,0,0.1687077
0022401031,2025-03-23,2024-25,ATL,PHI,1,0.8126682
0022401032,2025-03-23,2024-25,MIA,CHA,1,0.77751327
0022401033,2025-03-23,2024-25,TOR,SAS,0,0.4467673
0022401034,2025-03-23,2024-25,POR,BOS,0,0.3587811
0022401035,2025-03-23,2024-25,HOU,DEN,0,0.6571891
0022401036,2025-03-23,2024-25,LAC,OKC,0,0.4438726
0022401037,2025-03-24,2024-25,IND,MIN,1,0.36997014
0022401038,2025-03-24,2024-25,ORL,LAL,1,0.3512965
0022401039,2025-03-24,2024-25,WAS,TOR,0,0.6324848
0022401040,2025-03-24,2024-25,BKN,DAL,0,0.45253575
0022401041,2025-03-24,2024-25,NOP,PHI,1,0.5956682
0022401042,2025-03-24,2024-25,DEN,CHI,0,0.49713227
0022401043,2025-03-24,2024-25,PHX,MIL,1,0.441983
0022401044,2025-03-24,2024-25,SAC,BOS,0,0.4109659
0022401045,2025-03-25,2024-25,CHA,ORL,0,0.31591168
0022401046,2025-03-25,2024-25,DET,SAS,1,0.7535561
0022401047,2025-03-25,2024-25,MIA,GSW,1,0.31403545
0022401048,2025-03-25,2024-25,NYK,DAL,1,0.7062899
0022401049,2025-03-25,2024-25,HOU,ATL,1,0.6024303
0022401050,2025-03-25,2024-25,UTA,MEM,0,0.29476586
0022401051,2025-03-25,2024-25,POR,CLE,0,0.3595144
0022401052,2025-03-25,2024-25,SAC,OKC,0,0.23897153
0022401053,2025-03-26,2024-25,PHI,WAS,0,0.51004994
0022401054,2025-03-26,2024-25,BKN,TOR,0,0.6052007
0022401055,2025-03-26,2024-25,IND,LAL,0,0.46324688
0022401056,2025-03-26,2024-25,NYK,LAC,0,0.30021134
0022401057,2025-03-26,2024-25,DEN,MIL,1,0.7393868
0022401058,2025-03-26,2024-25,PHX,BOS,0,0.36846292
0022401059,2025-03-27,2024-25,CLE,SAS,1,0.8585989
0022401060,2025-03-27,2024-25,ORL,DAL,0,0.68345225
0022401061,2025-03-27,2024-25,WAS,IND,0,0.22336224
0022401062,2025-03-27,2024-25,MIA,ATL,1,0.4639679
0022401063,2025-03-27,2024-25,CHI,LAL,1,0.52675533
0022401064,2025-03-27,2024-25,OKC,MEM,1,0.8167807
0022401065,2025-03-27,2024-25,UTA,HOU,0,0.19547176
0022401066,2025-03-27,2024-25,SAC,POR,1,0.602653
0022401067,2025-03-28,2024-25,DET,CLE,1,0.4303192
0022401068,2025-03-28,2024-25,BKN,LAC,0,0.22578713
0022401069,2025-03-28,2024-25,TOR,CHA,1,0.7755513
0022401070,2025-03-28,2024-25,MIL,NYK,0,0.6697417
0022401071,2025-03-28,2024-25,MIN,PHX,1,0.78364927
0022401072,2025-03-28,2024-25,NOP,GSW,0,0.1374674
0022401073,2025-03-28,2024-25,DEN,UTA,1,0.89578295
0022401074,2025-03-29,2024-25,ORL,SAC,1,0.57248867
0022401075,2025-03-29,2024-25,WAS,BKN,0,0.60968137
0022401076,2025-03-29,2024-25,PHI,MIA,0,0.25634697
0022401077,2025-03-29,2024-25,CHI,DAL,0,0.73635703
0022401078,2025-03-29,2024-25,MEM,LAL,0,0.4195286
0022401079,2025-03-29,2024-25,OKC,IND,1,0.756208
0022401080,2025-03-29,2024-25,SAS,BOS,0,0.1894744
0022401081,2025-03-30,2024-25,CLE,LAC,1,0.58234537
0022401082,2025-03-30,2024-25,NYK,POR,1,0.6127849
0022401083,2025-03-30,2024-25,MIL,ATL,0,0.5327095
0022401084,2025-03-30,2024-25,MIN,DET,1,0.7351992
0022401085,2025-03-30,2024-25,NOP,CHA,1,0.5928012
0022401086,2025-03-30,2024-25,SAS,GSW,0,0.18360707
0022401087,2025-03-30,2024-25,PHI,TOR,0,0.2673633
0022401088,2025-03-30,2024-25,PHX,HOU,0,0.39561567
0022401089,2025-03-31,2024-25,CHA,UTA,1,0.5589851
0022401090,2025-03-31,2024-25,IND,SAC,1,0.6097133
0022401091,2025-03-31,2024-25,ORL,LAC,0,0.40460742
0022401092,2025-03-31,2024-25,WAS,MIA,0,0.2855763
0022401093,2025-03-31,2024-25,MEM,BOS,0,0.3488238
0022401094,2025-03-31,2024-25,OKC,CHI,1,0.7779251
0022401095,2025-03-31,2024-25,DAL,BKN,0,0.8229513
0022401096,2025-03-31,2024-25,LAL,HOU,1,0.6148751
0022400988,2025-04-01,2024-25,SAS,ORL,0,0.3692312
0022401097,2025-04-01,2024-25,ATL,POR,0,0.6536198
0022401098,2025-04-01,2024-25,NYK,PHI,1,0.8281771
0022401099,2025-04-01,2024-25,CHI,TOR,1,0.6812409
0022401100,2025-04-01,2024-25,MEM,GSW,0,0.26222044
0022401101,2025-04-01,2024-25,MIL,PHX,1,0.7804163
0022401102,2025-04-01,2024-25,DEN,MIN,0,0.50039613
0022401103,2025-04-02,2024-25,CLE,NYK,1,0.7727918
0022401104,2025-04-02,2024-25,IND,CHA,1,0.85462034
0022401105,2025-04-02,2024-25,WAS,SAC,1,0.23553397
0022401106,2025-04-02,2024-25,BOS,MIA,0,0.76833177
0022401107,2025-04-02,2024-25,HOU,UTA,1,0.879829
0022401108,2025-04-02,2024-25,OKC,DET,1,0.78332216
0022401109,2025-04-02,2024-25,DAL,ATL,1,0.49678662
0022401110,2025-04-02,2024-25,DEN,SAS,0,0.39113447
0022401111,2025-04-02,2024-25,LAC,NOP,1,0.9160194
0022401112,2025-04-03,2024-25,WAS,ORL,0,0.15482128
0022401113,2025-04-03,2024-25,BKN,MIN,0,0.1264595
0022401114,2025-04-03,2024-25,MIA,MEM,0,0.5067995
0022401115,2025-04-03,2024-25,PHI,MIL,0,0.19476761
0022401116,2025-04-03,2024-25,TOR,POR,0,0.40441605
0022401117,2025-04-03,2024-25,LAL,GSW,0,0.5349376
0022401118,2025-04-04,2024-25,CHA,SAC,0,0.23423865
0022401119,2025-04-04,2024-25,IND,UTA,1,0.8772913
0022401120,2025-04-04,2024-25,BOS,PHX,1,0.865954
0022401121,2025-04-04,2024-25,TOR,DET,0,0.38446543
0022401122,2025-04-04,2024-25,CHI,POR,1,0.7216676
0022401123,2025-04-04,2024-25,HOU,OKC,1,0.3856227
0022401124,2025-04-04,2024-25,SAS,CLE,0,0.22225277
0022401125,2025-04-04,2024-25,GSW,DEN,1,0.6495365
0022401126,2025-04-04,2024-25,LAL,NOP,1,0.9005156
0022401127,2025-04-04,2024-25,LAC,DAL,1,0.8606174
0022401128,2025-04-05,2024-25,ATL,NYK,0,0.55889565
0022401129,2025-04-05,2024-25,DET,MEM,0,0.6911416
0022401130,2025-04-05,2024-25,PHI,MIN,0,0.13674341
0022401131,2025-04-05,2024-25,MIA,MIL,0,0.40835604
0022401132,2025-04-05,2024-25,LAC,DAL,1,0.86273366
0022400617,2025-04-06,2024-25,NOP,MIL,0,0.20080338
0022401133,2025-04-06,2024-25,CHA,CHI,0,0.18147318
0022401134,2025-04-06,2024-25,BKN,TOR,0,0.30012327
0022401135,2025-04-06,2024-25,OKC,LAL,0,0.663845
0022401136,2025-04-06,2024-25,ATL,UTA,1,0.8579458
0022401137,2025-04-06,2024-25,BOS,WAS,1,0.8863625
0022401138,2025-04-06,2024-25,CLE,SAC,0,0.7420307
0022401139,2025-04-06,2024-25,POR,SAS,1,0.68031687
0022401140,2025-04-06,2024-25,NYK,PHX,1,0.76702785
0022401142,2025-04-06,2024-25,DEN,IND,0,0.580088
0022401143,2025-04-06,2024-25,GSW,HOU,0,0.59966886
0022401144,2025-04-07,2024-25,DET,SAC,0,0.73335403
0022401145,2025-04-07,2024-25,MIA,PHI,1,0.83008796
0022401146,2025-04-08,2024-25,CHA,MEM,0,0.23430385
0022401147,2025-04-08,2024-25,CLE,CHI,1,0.81049633
0022401148,2025-04-08,2024-25,IND,WAS,1,0.8802019
0022401149,2025-04-08,2024-25,ORL,ATL,1,0.62661564
0022401150,2025-04-08,2024-25,BKN,NOP,1,0.48285484
0022401151,2025-04-08,2024-25,NYK,BOS,0,0.40888637
0022401152,2025-04-08,2024-25,MIL,MIN,1,0.508675
0022401153,2025-04-08,2024-25,OKC,LAL,1,0.6520898
0022401154,2025-04-08,2024-25,PHX,GSW,0,0.2544817
0022401155,2025-04-08,2024-25,LAC,SAS,1,0.88283306
0022401156,2025-04-09,2024-25,ORL,BOS,1,0.7460154
0022401157,2025-04-09,2024-25,WAS,PHI,0,0.49544644
0022401158,2025-04-09,2024-25,TOR,CHA,1,0.89215064
0022401159,2025-04-09,2024-25,DAL,LAL,0,0.36498138
0022401160,2025-04-09,2024-25,CHI,MIA,1,0.50189936
0022401162,2025-04-09,2024-25,UTA,POR,1,0.27890828
0022401163,2025-04-09,2024-25,GSW,SAS,0,0.89022624
0022401164,2025-04-09,2024-25,PHX,OKC,0,0.20491955
0022401165,2025-04-09,2024-25,SAC,DEN,0,0.46087125
0022401166,2025-04-09,2024-25,LAC,HOU,1,0.8473069
0022401161,2025-04-10,2024-25,MIL,NOP,1,0.9219536
0022401167,2025-04-10,2024-25,DET,NYK,1,0.624148
0022401168,2025-04-10,2024-25,IND,CLE,1,0.70786077
0022401169,2025-04-10,2024-25,BKN,ATL,0,0.19913182
0022401170,2025-04-10,2024-25,MEM,MIN,0,0.42836577
0022401171,2025-04-11,2024-25,DET,MIL,0,0.4259614
0022401172,2025-04-11,2024-25,IND,ORL,0,0.45805806
0022401173,2025-04-11,2024-25,PHI,ATL,0,0.22178228
0022401174,2025-04-11,2024-25,BOS,CHA,1,0.9357841
0022401175,2025-04-11,2024-25,NYK,CLE,0,0.5845886
0022401176,2025-04-11,2024-25,CHI,WAS,1,0.847148
0022401177,2025-04-11,2024-25,NOP,MIA,0,0.12671365
0022401178,2025-04-11,2024-25,DAL,TOR,1,0.57225716
0022401179,2025-04-11,2024-25,MIN,BKN,1,0.9244287
0022401180,2025-04-11,2024-25,DEN,MEM,1,0.73666465
0022401181,2025-04-11,2024-25,UTA,OKC,0,0.28008875
0022401182,2025-04-11,2024-25,PHX,SAS,1,0.6099883
0022401183,2025-04-11,2024-25,POR,GSW,0,0.1984898
0022401184,2025-04-11,2024-25,SAC,LAC,0,0.25899705
0022401185,2025-04-11,2024-25,LAL,HOU,1,0.83751065
0022401186,2025-04-13,2024-25,ATL,ORL,1,0.45112297
0022401187,2025-04-13,2024-25,BOS,CHA,1,0.88534075
0022401188,2025-04-13,2024-25,BKN,NYK,0,0.35950914
0022401189,2025-04-13,2024-25,CLE,IND,0,0.24499668
0022401190,2025-04-13,2024-25,MIA,WAS,0,0.8371007
0022401191,2025-04-13,2024-25,PHI,CHI,0,0.24388829
0022401192,2025-04-13,2024-25,MIL,DET,1,0.37963283
0022401193,2025-04-13,2024-25,HOU,DEN,0,0.54436225
0022401194,2025-04-13,2024-25,MEM,DAL,1,0.3640992
0022401195,2025-04-13,2024-25,MIN,UTA,1,0.91213465
0022401196,2025-04-13,2024-25,NOP,OKC,0,0.12389401
0022401197,2025-04-13,2024-25,SAS,TOR,1,0.4208274
0022401198,2025-04-13,2024-25,GSW,LAC,0,0.5001334
0022401199,2025-04-13,2024-25,POR,LAL,1,0.7886725
0022401200,2025-04-13,2024-25,SAC,PHX,1,0.7656925
0022500001,2025-10-21,2025-26,OKC,HOU,1,0.7170879
0022500002,2025-10-21,2025-26,LAL,GSW,0,0.3680543
0022500003,2025-10-22,2025-26,NYK,CLE,1,0.6586157
0022500004,2025-10-22,2025-26,DAL,SAS,0,0.5677537
0022500080,2025-10-22,2025-26,CHA,BKN,1,0.40030718
0022500081,2025-10-22,2025-26,ORL,MIA,1,0.58737344
0022500082,2025-10-22,2025-26,ATL,TOR,0,0.7723633
0022500083,2025-10-22,2025-26,BOS,PHI,0,0.8287751
0022500084,2025-10-22,2025-26,CHI,DET,1,0.54568404
0022500085,2025-10-22,2025-26,MEM,NOP,1,0.7117632
0022500086,2025-10-22,2025-26,MIL,WAS,1,0.9250255
0022500087,2025-10-22,2025-26,UTA,LAC,1,0.067847595
0022500088,2025-10-22,2025-26,PHX,SAC,1,0.43310946
0022500089,2025-10-22,2025-26,POR,MIN,0,0.3665325
0022500005,2025-10-23,2025-26,IND,OKC,0,0.35445175
0022500006,2025-10-23,2025-26,GSW,DEN,1,0.5779947
0022500018,2025-10-24,2025-26,NYK,BOS,1,0.67529184
0022500019,2025-10-24,2025-26,LAL,MIN,1,0.5621739
0022500090,2025-10-24,2025-26,ORL,ATL,0,0.55415297
0022500091,2025-10-24,2025-26,BKN,CLE,0,0.2865729
0022500092,2025-10-24,2025-26,TOR,MIL,0,0.40045172
0022500093,2025-10-24,2025-26,HOU,DET,0,0.6400665
0022500094,2025-10-24,2025-26,MEM,MIA,0,0.47973517
0022500095,2025-10-24,2025-26,NOP,SAS,0,0.4573737
0022500096,2025-10-24,2025-26,DAL,WAS,0,0.586607
0022500097,2025-10-24,2025-26,POR,GSW,1,0.5275382
0022500098,2025-10-24,2025-26,SAC,UTA,1,0.7642665
0022500099,2025-10-24,2025-26,LAC,PHX,1,0.8412777
0022500100,2025-10-25,2025-26,ORL,CHI,0,0.3822324
0022500101,2025-10-25,2025-26,ATL,OKC,0,0.30749846
0022500102,2025-10-25,2025-26,PHI,CHA,1,0.59590256
0022500103,2025-10-25,2025-26,MEM,IND,1,0.5222778
0022500104,2025-10-25,2025-26,DEN,PHX,1,0.85217345
0022500105,2025-10-26,2025-26,SAS,BKN,1,0.62049985
0022500106,2025-10-26,2025-26,DET,BOS,1,0.5303435
0022500107,2025-10-26,2025-26,CLE,MIL,1,0.52438325
0022500108,2025-10-26,2025-26,MIA,NYK,1,0.5566019
0022500109,2025-10-26,2025-26,WAS,CHA,0,0.6050819
0022500110,2025-10-26,2025-26,MIN,IND,1,0.8016971
0022500111,2025-10-26,2025-26,DAL,TOR,1,0.34818304
0022500112,2025-10-26,2025-26,LAC,POR,1,0.73214567
0022500113,2025-10-26,2025-26,SAC,LAL,0,0.5801699
0022500007,2025-10-27,2025-26,DET,CLE,0,0.48014954
0022500008,2025-10-27,2025-26,MIN,DEN,0,0.36926916
0022500114,2025-10-27,2025-26,PHI,ORL,1,0.36922643
0022500115,2025-10-27,2025-26,CHI,ATL,1,0.57534516
0022500116,2025-10-27,2025-26,HOU,BKN,1,0.8486698
0022500117,2025-10-27,2025-26,NOP,BOS,0,0.29077727
0022500118,2025-10-27,2025-26,SAS,TOR,1,0.53974605
0022500119,2025-10-27,2025-26,DAL,OKC,0,0.18364301
0022500120,2025-10-27,2025-26,UTA,PHX,1,0.49672392
0022500121,2025-10-27,2025-26,GSW,MEM,1,0.6690716
0022500122,2025-10-27,2025-26,LAL,POR,0,0.36188105
0022500123,2025-10-28,2025-26,WAS,PHI,0,0.387731
0022500124,2025-10-28,2025-26,MIA,CHA,1,0.71778446
0022500125,2025-10-28,2025-26,MIL,NYK,1,0.68793744
0022500126,2025-10-28,2025-26,OKC,SAC,1,0.72088385
0022500127,2025-10-28,2025-26,GSW,LAC,1,0.35378274
0022500128,2025-10-29,2025-26,BOS,CLE,1,0.580243
0022500129,2025-10-29,2025-26,DET,ORL,1,0.51170075
0022500130,2025-10-29,2025-26,BKN,ATL,0,0.24238749
0022500131,2025-10-29,2025-26,TOR,HOU,0,0.37973917
0022500132,2025-10-29,2025-26,CHI,SAC,1,0.7714631
0022500133,2025-10-29,2025-26,DAL,IND,1,0.5001038
0022500134,2025-10-29,2025-26,DEN,NOP,1,0.82266974
0022500135,2025-10-29,2025-26,UTA,POR,0,0.246508
0022500136,2025-10-29,2025-26,MIN,LAL,0,0.708472
0022500137,2025-10-29,2025-26,PHX,MEM,0,0.32316026
0022500138,2025-10-30,2025-26,CHA,ORL,0,0.43311775
0022500139,2025-10-30,2025-26,MIL,GSW,1,0.46466458
0022500140,2025-10-30,2025-26,OKC,WAS,1,0.8765826
0022500141,2025-10-30,2025-26,SAS,MIA,1,0.44851163
0022500020,2025-10-31,2025-26,IND,ATL,0,0.44249678
0022500021,2025-10-31,2025-26,PHI,BOS,0,0.44901097
0022500022,2025-10-31,2025-26,CLE,TOR,0,0.48828667
0022500023,2025-10-31,2025-26,CHI,NYK,1,0.599623
0022500024,2025-10-31,2025-26,MEM,LAL,0,0.4498473
0022500025,2025-10-31,2025-26,PHX,UTA,1,0.51549166
0022500026,2025-10-31,2025-26,POR,DEN,1,0.4422348
0022500027,2025-10-31,2025-26,LAC,NOP,1,0.8653812
0022500142,2025-11-01,2025-26,MIL,SAC,0,0.8327373
0022500143,2025-11-01,2025-26,CHA,MIN,0,0.32657105
0022500144,2025-11-01,2025-26,IND,GSW,1,0.2028075
0022500145,2025-11-01,2025-26,WAS,ORL,0,0.2939282
0022500146,2025-11-01,2025-26,BOS,HOU,0,0.4184944
0022500148,2025-11-02,2025-26,OKC,NOP,1,0.86471266
0022500149,2025-11-02,2025-26,BKN,PHI,0,0.41232225
0022500150,2025-11-02,2025-26,CHA,UTA,1,0.43347105
0022500151,2025-11-02,2025-26,CLE,ATL,1,0.4224558
0022500152,2025-11-02,2025-26,TOR,MEM,1,0.5630424
0022500153,2025-11-02,2025-26,NYK,CHI,1,0.52619505
0022500154,2025-11-02,2025-26,PHX,SAS,1,0.37060314
0022500155,2025-11-02,2025-26,LAL,MIA,1,0.5569598
0022500156,2025-11-03,2025-26,BKN,MIN,0,0.22507286
0022500157,2025-11-03,2025-26,IND,MIL,0,0.2439015
0022500158,2025-11-03,2025-26,BOS,UTA,0,0.8722794
0022500159,2025-11-03,2025-26,NYK,WAS,1,0.82242894
0022500160,2025-11-03,2025-26,HOU,DAL,1,0.82203144
0022500161,2025-11-03,2025-26,MEM,DET,0,0.36288443
0022500162,2025-11-03,2025-26,DEN,SAC,1,0.7721318
0022500163,2025-11-03,2025-26,POR,LAL,0,0.8311184
0022500164,2025-11-03,2025-26,LAC,MIA,0,0.7609439
0022500165,2025-11-04,2025-26,TOR,MIL,1,0.39974922
0022500166,2025-11-04,2025-26,ATL,ORL,1,0.58949655
0022500167,2025-11-04,2025-26,CHI,PHI,1,0.66425294
0022500168,2025-11-04,2025-26,NOP,CHA,1,0.54574823
0022500169,2025-11-04,2025-26,GSW,PHX,1,0.7964273
0022500170,2025-11-04,2025-26,LAC,OKC,0,0.3928221
0022500171,2025-11-05,2025-26,CLE,PHI,1,0.76055044
0022500172,2025-11-05,2025-26,DET,UTA,1,0.8401126
0022500173,2025-11-05,2025-26,IND,BKN,0,0.5941922
0022500174,2025-11-05,2025-26,BOS,WAS,1,0.8226732
0022500175,2025-11-05,2025-26,NYK,MIN,1,0.56653005
0022500176,2025-11-05,2025-26,MEM,HOU,0,0.3266588
0022500177,2025-11-05,2025-26,DAL,NOP,0,0.7164399
0022500178,2025-11-05,2025-26,DEN,MIA,1,0.6596724
0022500179,2025-11-05,2025-26,LAL,SAS,1,0.5911766
0022500180,2025-11-05,2025-26,POR,OKC,1,0.49488893
0022500181,2025-11-05,2025-26,SAC,GSW,1,0.57608074
0022500182,2025-11-06,2025-26,PHX,LAC,1,0.4318152
0022500028,2025-11-07,2025-26,ORL,BOS,1,0.55182904
0022500029,2025-11-07,2025-26,WAS,CLE,0,0.22249795
0022500030,2025-11-07,2025-26,ATL,TOR,0,0.69034475
0022500031,2025-11-07,2025-26,BKN,DET,0,0.27675998
0022500032,2025-11-07,2025-26,SAS,HOU,1,0.36226586
0022500033,2025-11-07,2025-26,MIA,CHA,1,0.81894934
0022500034,2025-11-07,2025-26,MEM,DAL,1,0.6916238
0022500035,2025-11-07,2025-26,MIL,CHI,1,0.5747927
0022500036,2025-11-07,2025-26,MIN,UTA,1,0.8202492
0022500037,2025-11-07,2025-26,DEN,GSW,1,0.7080128
0022500038,2025-11-07,2025-26,SAC,OKC,0,0.28153172
0022500183,2025-11-08,2025-26,WAS,DAL,0,0.38871002
0022500184,2025-11-08,2025-26,PHI,TOR,1,0.6293379
0022500185,2025-11-08,2025-26,ATL,LAL,1,0.40396926
0022500186,2025-11-08,2025-26,CLE,CHI,1,0.46926597
0022500187,2025-11-08,2025-26,MIA,POR,1,0.42469317
0022500188,2025-11-08,2025-26,SAS,NOP,1,0.76371
0022500189,2025-11-08,2025-26,DEN,IND,1,0.77349716
0022500190,2025-11-08,2025-26,LAC,PHX,0,0.70012087
0022500191,2025-11-09,2025-26,MIL,HOU,0,0.5782799
0022500192,2025-11-09,2025-26,NYK,BKN,1,0.86406523
0022500193,2025-11-09,2025-26,ORL,BOS,0,0.5837768
0022500194,2025-11-09,2025-26,MEM,OKC,0,0.27245098
0022500195,2025-11-09,2025-26,PHI,DET,0,0.38013256
0022500196,2025-11-09,2025-26,GSW,IND,1,0.8494177
0022500197,2025-11-09,2025-26,SAC,MIN,0,0.35654604
0022500198,2025-11-10,2025-26,CHA,LAL,0,0.23962733
0022500199,2025-11-10,2025-26,DET,WAS,1,0.8147794
0022500200,2025-11-10,2025-26,ORL,POR,1,0.3855984
0022500201,2025-11-10,2025-26,MIA,CLE,1,0.49091166
0022500202,2025-11-10,2025-26,CHI,SAS,0,0.5606347
0022500203,2025-11-10,2025-26,DAL,MIL,0,0.27725655
0022500204,2025-11-10,2025-26,PHX,NOP,1,0.7554978
0022500205,2025-11-10,2025-26,UTA,MIN,0,0.18951887
0022500206,2025-11-10,2025-26,LAC,ATL,0,0.610517
0022500207,2025-11-11,2025-26,BKN,TOR,0,0.2577199
0022500208,2025-11-11,2025-26,NYK,MEM,1,0.7964476
0022500209,2025-11-11,2025-26,PHI,BOS,1,0.495297
0022500210,2025-11-11,2025-26,OKC,GSW,1,0.7091237
0022500211,2025-11-11,2025-26,UTA,IND,1,0.36889678
0022500212,2025-11-11,2025-26,SAC,DEN,0,0.2528259
0022500213,2025-11-12,2025-26,CHA,MIL,1,0.3289094
0022500214,2025-11-12,2025-26,DET,CHI,1,0.26810974
0022500215,2025-11-12,2025-26,NYK,ORL,0,0.68738776
0022500216,2025-11-12,2025-26,BOS,MEM,1,0.74807906
0022500217,2025-11-12,2025-26,MIA,CLE,0,0.7530085
0022500218,2025-11-12,2025-26,HOU,WAS,1,0.873755
0022500219,2025-11-12,2025-26,NOP,POR,0,0.25174955
0022500220,2025-11-12,2025-26,SAS,GSW,0,0.55325544
0022500221,2025-11-12,2025-26,DAL,PHX,0,0.415706
0022500222,2025-11-12,2025-26,OKC,LAL,1,0.66736084
0022500223,2025-11-12,2025-26,SAC,ATL,0,0.2668792
0022500224,2025-11-12,2025-26,LAC,DEN,0,0.4670996
0022500225,2025-11-13,2025-26,CLE,TOR,0,0.5446096
0022500226,2025-11-13,2025-26,PHX,IND,1,0.67994773
0022500227,2025-11-13,2025-26,UTA,ATL,0,0.3020506
0022500039,2025-11-14,2025-26,NYK,MIA,1,0.6638924
0022500040,2025-11-14,2025-26,ORL,BKN,1,0.80172276
0022500041,2025-11-14,2025-26,DET,PHI,1,0.39312726
0022500042,2025-11-14,2025-26,HOU,POR,1,0.6305055
0022500043,2025-11-14,2025-26,MIL,CHA,1,0.82945395
0022500044,2025-11-14,2025-26,MIN,SAC,1,0.80217785
0022500045,2025-11-14,2025-26,NOP,LAL,0,0.23310725
0022500046,2025-11-14,2025-26,DAL,LAC,0,0.33610857
0022500047,2025-11-14,2025-26,SAS,GSW,0,0.45786136
0022500228,2025-11-15,2025-26,CLE,MEM,1,0.7653641
0022500229,2025-11-15,2025-26,CHA,OKC,0,0.14586726
0022500230,2025-11-15,2025-26,IND,TOR,0,0.27999008
0022500231,2025-11-15,2025-26,MIL,LAL,0,0.63350993
0022500232,2025-11-15,2025-26,MIN,DEN,0,0.3893315
0022500233,2025-11-16,2025-26,BOS,LAC,1,0.6233816
0022500234,2025-11-16,2025-26,SAS,SAC,1,0.69303674
0022500235,2025-11-16,2025-26,WAS,BKN,0,0.55811393
0022500236,2025-11-16,2025-26,HOU,ORL,1,0.793395
0022500237,2025-11-16,2025-26,NOP,GSW,0,0.22195928
0022500238,2025-11-16,2025-26,DAL,POR,1,0.41644394
0022500239,2025-11-16,2025-26,PHX,ATL,0,0.52631354
0022500240,2025-11-16,2025-26,UTA,CHI,1,0.22933309
0022500241,2025-11-17,2025-26,CLE,MIL,1,0.56363213
0022500242,2025-11-17,2025-26,DET,IND,1,0.6975164
0022500243,2025-11-17,2025-26,PHI,LAC,1,0.6212946
0022500244,2025-11-17,2025-26,MIA,NYK,1,0.51392764
0022500245,2025-11-17,2025-26,TOR,CHA,1,0.74136347
0022500246,2025-11-17,2025-26,MIN,DAL,1,0.8540327
0022500247,2025-11-17,2025-26,NOP,OKC,0,0.11739079
0022500248,2025-11-17,2025-26,DEN,CHI,0,0.7794133
0022500249,2025-11-18,2025-26,ORL,GSW,1,0.44928902
0022500250,2025-11-18,2025-26,BKN,BOS,0,0.26316962
0022500251,2025-11-18,2025-26,ATL,DET,0,0.6503275
0022500252,2025-11-18,2025-26,SAS,MEM,1,0.7025453
0022500253,2025-11-18,2025-26,LAL,UTA,1,0.84478784
0022500254,2025-11-18,2025-26,POR,PHX,0,0.50200045
0022500255,2025-11-19,2025-26,CLE,HOU,0,0.4753311
0022500256,2025-11-19,2025-26,IND,CHA,1,0.3685146
0022500257,2025-11-19,2025-26,MIA,GSW,1,0.8365402
0022500258,2025-11-19,2025-26,PHI,TOR,0,0.44845676
0022500259,2025-11-19,2025-26,MIN,WAS,1,0.89718425
0022500260,2025-11-19,2025-26,NOP,DEN,0,0.19761774
0022500261,2025-11-19,2025-26,OKC,SAC,1,0.8920371
0022500262,2025-11-19,2025-26,DAL,NYK,0,0.27021784
0022500263,2025-11-19,2025-26,POR,CHI,0,0.23545769
0022500264,2025-11-20,2025-26,ORL,LAC,1,0.5210055
0022500265,2025-11-20,2025-26,MEM,SAC,1,0.4823479
0022500266,2025-11-20,2025-26,MIL,PHI,0,0.5404543
0022500267,2025-11-20,2025-26,SAS,ATL,1,0.40640393
0022500048,2025-11-21,2025-26,CLE,IND,1,0.8427413
0022500049,2025-11-21,2025-26,BOS,BKN,0,0.8110277
0022500050,2025-11-21,2025-26,TOR,WAS,1,0.862141
0022500051,2025-11-21,2025-26,CHI,MIA,0,0.5592574
0022500052,2025-11-21,2025-26,DAL,NOP,1,0.5938663
0022500053,2025-11-21,2025-26,PHX,MIN,1,0.43386883
0022500054,2025-11-21,2025-26,HOU,DEN,0,0.52995837
0022500055,2025-11-21,2025-26,UTA,OKC,0,0.15897253
0022500056,2025-11-21,2025-26,GSW,POR,0,0.745013
0022500268,2025-11-22,2025-26,CHA,LAC,0,0.5453847
0022500269,2025-11-22,2025-26,ORL,NYK,1,0.4818085
0022500270,2025-11-22,2025-26,NOP,ATL,0,0.17187093
0022500271,2025-11-22,2025-26,CHI,WAS,1,0.85582864
0022500272,2025-11-22,2025-26,MIL,DET,0,0.4237792
0022500273,2025-11-22,2025-26,DAL,MEM,0,0.45818657
0022500274,2025-11-22,2025-26,DEN,SAC,0,0.8635132
0022500275,2025-11-23,2025-26,PHI,MIA,0,0.46422967
0022500276,2025-11-23,2025-26,ATL,CHA,1,0.835707
0022500277,2025-11-23,2025-26,BOS,ORL,1,0.7783785
0022500278,2025-11-23,2025-26,CLE,LAC,1,0.6332286
0022500279,2025-11-23,2025-26,TOR,BKN,1,0.80189747
0022500280,2025-11-23,2025-26,OKC,POR,1,0.84897155
0022500281,2025-11-23,2025-26,PHX,SAS,1,0.622086
0022500282,2025-11-23,2025-26,UTA,LAL,0,0.20620123
0022500283,2025-11-24,2025-26,IND,DET,0,0.25135723
0022500284,2025-11-24,2025-26,TOR,CLE,1,0.618693
0022500285,2025-11-24,2025-26,BKN,NYK,0,0.22529547
0022500286,2025-11-24,2025-26,MIA,DAL,1,0.8121459
0022500287,2025-11-24,2025-26,MEM,DEN,0,0.26517525
0022500288,2025-11-24,2025-26,MIL,POR,0,0.6784639
0022500289,2025-11-24,2025-26,NOP,CHI,1,0.26623225
0022500290,2025-11-24,2025-26,PHX,HOU,0,0.36494341
0022500291,2025-11-24,2025-26,GSW,UTA,1,0.794654
0022500292,2025-11-24,2025-26,SAC,MIN,1,0.23773633
0022500057,2025-11-25,2025-26,WAS,ATL,1,0.18780088
0022500058,2025-11-25,2025-26,PHI,ORL,0,0.5737296
0022500059,2025-11-25,2025-26,LAL,LAC,1,0.61079156
0022500060,2025-11-26,2025-26,BOS,DET,1,0.52343905
0022500061,2025-11-26,2025-26,CHA,NYK,0,0.3296341
0022500062,2025-11-26,2025-26,MIA,MIL,1,0.7789156
0022500063,2025-11-26,2025-26,TOR,IND,1,0.8091722
0022500064,2025-11-26,2025-26,OKC,MIN,1,0.7082007
0022500065,2025-11-26,2025-26,NOP,MEM,0,0.45259535
0022500066,2025-11-26,2025-26,GSW,HOU,0,0.47954276
0022500067,2025-11-26,2025-26,POR,SAS,0,0.5165671
0022500068,2025-11-26,2025-26,SAC,PHX,0,0.3040318
0022500069,2025-11-28,2025-26,ATL,CLE,1,0.4817338
0022500070,2025-11-28,2025-26,BKN,PHI,0,0.30486324
0022500071,2025-11-28,2025-26,CHA,CHI,1,0.35570034
0022500072,2025-11-28,2025-26,DET,ORL,0,0.5835406
0022500073,2025-11-28,2025-26,IND,WAS,1,0.6125281
0022500074,2025-11-28,2025-26,NYK,MIL,1,0.677201
0022500075,2025-11-28,2025-26,OKC,PHX,1,0.8200956
0022500076,2025-11-28,2025-26,DEN,SAS,0,0.73387176
0022500077,2025-11-28,2025-26,UTA,SAC,1,0.59641296
0022500078,2025-11-28,2025-26,LAL,DAL,1,0.8401713
0022500079,2025-11-28,2025-26,LAC,MEM,0,0.7178302
0022500293,2025-11-29,2025-26,MIN,BOS,1,0.61618537
0022500294,2025-11-29,2025-26,CHA,TOR,1,0.31210122
0022500295,2025-11-29,2025-26,IND,CHI,1,0.3965848
0022500296,2025-11-29,2025-26,MIA,DET,0,0.7180522
0022500297,2025-11-29,2025-26,MIL,BKN,1,0.8658797
0022500298,2025-11-29,2025-26,GSW,NOP,1,0.75908244
0022500299,2025-11-29,2025-26,PHX,DEN,0,0.47051612
0022500300,2025-11-29,2025-26,LAC,DAL,0,0.8266598
0022500301,2025-11-30,2025-26,UTA,HOU,0,0.27483
0022500302,2025-11-30,2025-26,CLE,BOS,0,0.69230723
0022500303,2025-11-30,2025-26,NYK,TOR,1,0.7129822
0022500304,2025-11-30,2025-26,PHI,ATL,0,0.48732024
0022500305,2025-11-30,2025-26,POR,OKC,0,0.20211877
0022500306,2025-11-30,2025-26,MIN,SAS,1,0.64388716
0022500307,2025-11-30,2025-26,SAC,MEM,0,0.43321246
0022500308,2025-11-30,2025-26,LAL,NOP,1,0.9044813
0022500309,2025-12-01,2025-26,DET,ATL,1,0.57947433
0022500310,2025-12-01,2025-26,IND,CLE,0,0.3723177
0022500311,2025-12-01,2025-26,WAS,MIL,1,0.21300182
0022500312,2025-12-01,2025-26,BKN,CHA,1,0.40679708
0022500313,2025-12-01,2025-26,MIA,LAC,1,0.7198422
0022500314,2025-12-01,2025-26,ORL,CHI,1,0.6055118
0022500315,2025-12-01,2025-26,DEN,DAL,0,0.8215838
0022500316,2025-12-01,2025-26,UTA,HOU,1,0.20892198
0022500317,2025-12-01,2025-26,LAL,PHX,0,0.647646
0022500318,2025-12-02,2025-26,PHI,WAS,1,0.8576459
0022500319,2025-12-02,2025-26,TOR,POR,1,0.66575724
0022500320,2025-12-02,2025-26,BOS,NYK,1,0.52848285
0022500321,2025-12-02,2025-26,NOP,MIN,0,0.19670014
0022500322,2025-12-02,2025-26,SAS,MEM,1,0.7125566
0022500323,2025-12-02,2025-26,GSW,OKC,0,0.23301089
0022500324,2025-12-03,2025-26,CLE,POR,0,0.80712134
0022500325,2025-12-03,2025-26,IND,DEN,0,0.26818746
0022500326,2025-12-03,2025-26,ORL,SAS,0,0.67507076
0022500327,2025-12-03,2025-26,ATL,LAC,0,0.6275009
0022500328,2025-12-03,2025-26,NYK,CHA,1,0.7743622
0022500329,2025-12-03,2025-26,CHI,BKN,0,0.75419074
0022500330,2025-12-03,2025-26,HOU,SAC,1,0.8530304
0022500331,2025-12-03,2025-26,MIL,DET,1,0.5719068
0022500332,2025-12-03,2025-26,DAL,MIA,1,0.33470076
0022500333,2025-12-04,2025-26,PHI,GSW,1,0.71941483
0022500334,2025-12-04,2025-26,WAS,BOS,0,0.2073202
0022500335,2025-12-04,2025-26,BKN,UTA,0,0.36076465
0022500336,2025-12-04,2025-26,TOR,LAL,0,0.575554
0022500337,2025-12-04,2025-26,NOP,MIN,0,0.20241073
0022500338,2025-12-05,2025-26,BOS,LAL,1,0.8027343
0022500339,2025-12-05,2025-26,ORL,MIA,1,0.5983524
0022500340,2025-12-05,2025-26,ATL,DEN,0,0.52823675
0022500341,2025-12-05,2025-26,CLE,SAS,1,0.6910592
0022500342,2025-12-05,2025-26,DET,POR,1,0.72629064
0022500343,2025-12-05,2025-26,NYK,UTA,1,0.8528267
0022500344,2025-12-05,2025-26,TOR,CHA,0,0.6443102
0022500345,2025-12-05,2025-26,CHI,IND,0,0.72771996
0022500346,2025-12-05,2025-26,HOU,PHX,1,0.6444611
0022500347,2025-12-05,2025-26,MEM,LAC,1,0.4201619
0022500348,2025-12-05,2025-26,MIL,PHI,0,0.49482992
0022500349,2025-12-05,2025-26,OKC,DAL,1,0.8592736
0022500350,2025-12-06,2025-26,BKN,NOP,1,0.61091363
0022500351,2025-12-06,2025-26,WAS,ATL,0,0.15951164
0022500352,2025-12-06,2025-26,CLE,GSW,0,0.77645755
0022500353,2025-12-06,2025-26,DET,MIL,1,0.80741954
0022500354,2025-12-06,2025-26,MIA,SAC,0,0.769423
0022500355,2025-12-06,2025-26,MIN,LAC,1,0.76265
0022500356,2025-12-06,2025-26,DAL,HOU,1,0.288362
0022500357,2025-12-07,2025-26,NYK,ORL,1,0.55047715
0022500358,2025-12-07,2025-26,TOR,BOS,0,0.35288456
0022500359,2025-12-07,2025-26,CHA,DEN,0,0.2322409
0022500360,2025-12-07,2025-26,MEM,POR,1,0.50790495
0022500361,2025-12-07,2025-26,CHI,GSW,0,0.6493176
0022500362,2025-12-07,2025-26,PHI,LAL,0,0.5234356
0022500363,2025-12-07,2025-26,UTA,OKC,0,0.2004993
0022500364,2025-12-08,2025-26,IND,SAC,1,0.68398064
0022500365,2025-12-08,2025-26,MIN,PHX,0,0.66901606
0022500366,2025-12-08,2025-26,NOP,SAS,0,0.27164447
0022501201,2025-12-09,2025-26,ORL,MIA,1,0.5554377
0022501202,2025-12-09,2025-26,TOR,NYK,0,0.32943812
0022501203,2025-12-10,2025-26,OKC,PHX,1,0.8368301
0022501204,2025-12-10,2025-26,LAL,SAS,0,0.6492761
0022501205,2025-12-11,2025-26,HOU,LAC,1,0.74798125
0022501206,2025-12-11,2025-26,MIL,BOS,1,0.23461944
0022501207,2025-12-11,2025-26,NOP,POR,1,0.43142062
0022501208,2025-12-11,2025-26,SAC,DEN,0,0.21192768
0022501209,2025-12-12,2025-26,CHA,CHI,0,0.42253685
0022501210,2025-12-12,2025-26,DET,ATL,1,0.54191107
0022501211,2025-12-12,2025-26,PHI,IND,1,0.6365163
0022501212,2025-12-12,2025-26,WAS,CLE,0,0.13096727
0022501213,2025-12-12,2025-26,MEM,UTA,0,0.7134557
0022501214,2025-12-12,2025-26,DAL,BKN,1,0.6474093
0022501215,2025-12-12,2025-26,GSW,MIN,0,0.4997086
0022501216,2025-12-14,2025-26,IND,WAS,0,0.82516193
0022501217,2025-12-14,2025-26,ATL,PHI,1,0.6949425
0022501218,2025-12-14,2025-26,CLE,CHA,0,0.7664944
0022501219,2025-12-14,2025-26,BKN,MIL,1,0.50324863
0022501220,2025-12-14,2025-26,MIN,SAC,1,0.8381313
0022501221,2025-12-14,2025-26,POR,GSW,1,0.39532056
0022501223,2025-12-14,2025-26,CHI,NOP,0,0.61067396
0022501228,2025-12-14,2025-26,PHX,LAL,0,0.4565206
0022501222,2025-12-15,2025-26,BOS,DET,0,0.59335554
0022501224,2025-12-15,2025-26,UTA,DAL,1,0.4408991
0022501225,2025-12-15,2025-26,DEN,HOU,1,0.49372053
0022501226,2025-12-15,2025-26,LAC,MEM,0,0.69233805
0022501227,2025-12-15,2025-26,MIA,TOR,0,0.62469506
0022500367,2025-12-17,2025-26,CHI,CLE,1,0.40608618
0022500368,2025-12-17,2025-26,MIN,MEM,0,0.8050636
0022500369,2025-12-18,2025-26,OKC,LAC,1,0.89338434
0022500370,2025-12-18,2025-26,SAS,WAS,1,0.87613547
0022500371,2025-12-18,2025-26,CHA,ATL,1,0.29349715
0022500372,2025-12-18,2025-26,IND,NYK,0,0.28686392
0022500373,2025-12-18,2025-26,BKN,MIA,0,0.38473833
0022500374,2025-12-18,2025-26,MIL,TOR,0,0.4299849
0022500375,2025-12-18,2025-26,NOP,HOU,1,0.264376
0022500376,2025-12-18,2025-26,DAL,DET,1,0.3757506
0022500377,2025-12-18,2025-26,DEN,ORL,1,0.63176376
0022500378,2025-12-18,2025-26,PHX,GSW,1,0.5655054
0022500379,2025-12-18,2025-26,UTA,LAL,0,0.22563404
0022500380,2025-12-18,2025-26,POR,SAC,1,0.7894433
0022500381,2025-12-19,2025-26,BOS,MIA,1,0.84992355
0022500382,2025-12-19,2025-26,NYK,PHI,0,0.6766785
0022500383,2025-12-19,2025-26,ATL,SAS,0,0.5073253
0022500384,2025-12-19,2025-26,CLE,CHI,0,0.5445951
0022500385,2025-12-19,2025-26,MIN,OKC,1,0.4022752
0022500386,2025-12-20,2025-26,DEN,HOU,0,0.51538587
0022500387,2025-12-20,2025-26,PHI,DAL,1,0.55388176
0022500388,2025-12-20,2025-26,TOR,BOS,0,0.5486795
0022500389,2025-12-20,2025-26,NOP,IND,1,0.6653399
0022500390,2025-12-20,2025-26,DET,CHA,1,0.7707505
0022500391,2025-12-20,2025-26,MEM,WAS,0,0.7739399
0022500392,2025-12-20,2025-26,GSW,PHX,1,0.6100843
0022500393,2025-12-20,2025-26,UTA,ORL,0,0.2805357
0022500394,2025-12-20,2025-26,SAC,POR,0,0.32851118
0022500395,2025-12-20,2025-26,LAC,LAL,1,0.40748748
0022500396,2025-12-21,2025-26,ATL,CHI,0,0.7351229
0022500397,2025-12-21,2025-26,BKN,TOR,1,0.508796
0022500398,2025-12-21,2025-26,NYK,MIA,1,0.76304466
0022500399,2025-12-21,2025-26,WAS,SAS,0,0.12175086
0022500400,2025-12-21,2025-26,MIN,MIL,1,0.8009018
0022500401,2025-12-21,2025-26,SAC,HOU,1,0.15535523
0022500402,2025-12-22,2025-26,CLE,CHA,1,0.7162671
0022500403,2025-12-22,2025-26,BOS,IND,1,0.83497334
0022500404,2025-12-22,2025-26,NOP,DAL,1,0.54380757
0022500405,2025-12-22,2025-26,DEN,UTA,1,0.8397313
0022500406,2025-12-22,2025-26,OKC,MEM,1,0.86796516
0022500407,2025-12-22,2025-26,GSW,ORL,1,0.62514126
0022500408,2025-12-22,2025-26,POR,DET,0,0.32005888
0022500409,2025-12-23,2025-26,CHA,WAS,1,0.65620595
0022500410,2025-12-23,2025-26,PHI,BKN,0,0.709936
0022500411,2025-12-23,2025-26,ATL,CHI,0,0.7701045
0022500412,2025-12-23,2025-26,CLE,NOP,1,0.6954248
0022500413,2025-12-23,2025-26,IND,MIL,0,0.47707075
0022500414,2025-12-23,2025-26,MIA,TOR,0,0.5807697
0022500415,2025-12-23,2025-26,DAL,DEN,1,0.28407905
0022500416,2025-12-23,2025-26,MIN,NYK,1,0.6801632
0022500417,2025-12-23,2025-26,SAS,OKC,1,0.4321958
0022500418,2025-12-23,2025-26,PHX,LAL,1,0.5486299
0022500419,2025-12-23,2025-26,UTA,MEM,0,0.38007832
0022500420,2025-12-23,2025-26,POR,ORL,0,0.49103636
0022500421,2025-12-23,2025-26,SAC,DET,0,0.21762817
0022500422,2025-12-23,2025-26,LAC,HOU,1,0.3222282
0022500009,2025-12-25,2025-26,NYK,CLE,1,0.6142846
0022500010,2025-12-25,2025-26,OKC,SAS,0,0.734935
0022500011,2025-12-25,2025-26,GSW,DAL,1,0.6935104
0022500012,2025-12-25,2025-26,LAL,HOU,0,0.5200914
0022500013,2025-12-25,2025-26,DEN,MIN,1,0.608182
0022500423,2025-12-26,2025-26,ATL,MIA,0,0.7324761
0022500424,2025-12-26,2025-26,ORL,CHA,0,0.6168413
0022500425,2025-12-26,2025-26,WAS,TOR,1,0.32067436
0022500426,2025-12-26,2025-26,IND,BOS,0,0.23055843
0022500427,2025-12-26,2025-26,CHI,PHI,1,0.45164946
0022500428,2025-12-26,2025-26,MEM,MIL,1,0.5868192
0022500429,2025-12-26,2025-26,NOP,PHX,0,0.3900492
0022500430,2025-12-26,2025-26,UTA,DET,1,0.2198256
0022500431,2025-12-26,2025-26,POR,LAC,0,0.47612232
0022500432,2025-12-27,2025-26,SAC,DAL,1,0.328271
0022500433,2025-12-27,2025-26,ORL,DEN,1,0.26367882
0022500434,2025-12-27,2025-26,NOP,PHX,0,0.39769274
0022500435,2025-12-27,2025-26,ATL,NYK,0,0.41197515
0022500436,2025-12-27,2025-26,MIA,IND,1,0.7065838
0022500437,2025-12-27,2025-26,CHI,MIL,0,0.46183905
0022500438,2025-12-27,2025-26,HOU,CLE,1,0.6019549
0022500439,2025-12-27,2025-26,MIN,BKN,0,0.7632817
0022500440,2025-12-27,2025-26,SAS,UTA,0,0.84140974
0022500441,2025-12-28,2025-26,TOR,GSW,1,0.4887065
0022500442,2025-12-28,2025-26,OKC,PHI,1,0.8267571
0022500443,2025-12-28,2025-26,WAS,MEM,1,0.34121802
0022500444,2025-12-28,2025-26,POR,BOS,1,0.3170025
0022500445,2025-12-28,2025-26,LAC,DET,1,0.39323345
0022500446,2025-12-28,2025-26,LAL,SAC,1,0.8330794
0022500447,2025-12-29,2025-26,CHA,MIL,0,0.49325475
0022500448,2025-12-29,2025-26,WAS,PHX,0,0.23494138
0022500449,2025-12-29,2025-26,BKN,GSW,0,0.54518515
0022500450,2025-12-29,2025-26,MIA,DEN,1,0.37394035
0022500451,2025-12-29,2025-26,TOR,ORL,1,0.40466794
0022500452,2025-12-29,2025-26,CHI,MIN,0,0.34793794
0022500453,2025-12-29,2025-26,HOU,IND,1,0.82466066
0022500454,2025-12-29,2025-26,NOP,NYK,0,0.31116396
0022500455,2025-12-29,2025-26,OKC,ATL,1,0.85071325
0022500456,2025-12-29,2025-26,SAS,CLE,0,0.64482397
0022500457,2025-12-29,2025-26,POR,DAL,1,0.5466431
0022500458,2025-12-30,2025-26,MEM,PHI,0,0.4721379
0022500459,2025-12-30,2025-26,UTA,BOS,0,0.2645424
0022500460,2025-12-30,2025-26,LAL,DET,0,0.46716765
0022500461,2025-12-30,2025-26,LAC,SAC,1,0.7950773
0022500462,2025-12-31,2025-26,CHA,GSW,0,0.36647257
0022500463,2025-12-31,2025-26,ATL,MIN,1,0.45393598
0022500464,2025-12-31,2025-26,IND,ORL,0,0.31504205
0022500465,2025-12-31,2025-26,CLE,PHX,1,0.5491162
0022500466,2025-12-31,2025-26,CHI,NOP,1,0.42467815
0022500467,2025-12-31,2025-26,SAS,NYK,1,0.5584824
0022500468,2025-12-31,2025-26,TOR,DEN,0,0.5488023
0022500469,2025-12-31,2025-26,MIL,WAS,0,0.80394137
0022500470,2025-12-31,2025-26,OKC,POR,1,0.86417973
0022500471,2026-01-01,2025-26,BKN,HOU,0,0.23165819
0022500472,2026-01-01,2025-26,DET,MIA,0,0.71339625
0022500473,2026-01-01,2025-26,DAL,PHI,0,0.5025773
0022500474,2026-01-01,2025-26,SAC,BOS,0,0.21053992
0022500475,2026-01-01,2025-26,LAC,UTA,1,0.86296105
0022500476,2026-01-02,2025-26,IND,SAS,0,0.35380915
0022500477,2026-01-02,2025-26,WAS,BKN,1,0.6074964
0022500478,2026-01-02,2025-26,CLE,DEN,1,0.6692266
0022500479,2026-01-02,2025-26,NYK,ATL,0,0.5962148
0022500480,2026-01-02,2025-26,CHI,ORL,1,0.3123148
0022500481,2026-01-02,2025-26,MIL,CHA,1,0.6183255
0022500482,2026-01-02,2025-26,NOP,POR,0,0.46502894
0022500483,2026-01-02,2025-26,PHX,SAC,1,0.84891456
0022500484,2026-01-02,2025-26,GSW,OKC,0,0.23582785
0022500485,2026-01-02,2025-26,LAL,MEM,1,0.59714216
0022500486,2026-01-03,2025-26,MIA,MIN,0,0.42413455
0022500487,2026-01-03,2025-26,NYK,PHI,0,0.60377836
0022500488,2026-01-03,2025-26,TOR,ATL,1,0.6147282
0022500489,2026-01-03,2025-26,CHI,CHA,0,0.39596948
0022500490,2026-01-03,2025-26,SAS,POR,0,0.7205007
0022500491,2026-01-03,2025-26,DAL,HOU,1,0.3094943
0022500492,2026-01-03,2025-26,GSW,UTA,1,0.7488663
0022500493,2026-01-03,2025-26,LAC,BOS,0,0.5092963
0022500494,2026-01-04,2025-26,CLE,DET,0,0.47681606
0022500495,2026-01-04,2025-26,ORL,IND,1,0.7317906
0022500496,2026-01-04,2025-26,BKN,DEN,1,0.3777655
0022500497,2026-01-04,2025-26,MIA,NOP,1,0.61143345
0022500498,2026-01-04,2025-26,WAS,MIN,0,0.31116176
0022500499,2026-01-04,2025-26,PHX,OKC,1,0.30230471
0022500500,2026-01-04,2025-26,SAC,MIL,0,0.27450117
0022500501,2026-01-04,2025-26,LAL,MEM,1,0.61347497
0022500502,2026-01-05,2025-26,DET,NYK,1,0.41472486
0022500503,2026-01-05,2025-26,BOS,CHI,1,0.82836246
0022500504,2026-01-05,2025-26,TOR,ATL,1,0.48637956
0022500505,2026-01-05,2025-26,HOU,PHX,1,0.7375621
0022500506,2026-01-05,2025-26,OKC,CHA,0,0.80490136
0022500507,2026-01-05,2025-26,PHI,DEN,0,0.84844947
0022500508,2026-01-05,2025-26,LAC,GSW,1,0.5747097
0022500509,2026-01-05,2025-26,POR,UTA,1,0.58353096
0022500510,2026-01-06,2025-26,IND,CLE,0,0.4020646
0022500511,2026-01-06,2025-26,WAS,ORL,1,0.32542846
0022500512,2026-01-06,2025-26,MEM,SAS,1,0.4550943
0022500513,2026-01-06,2025-26,MIN,MIA,1,0.647429
0022500514,2026-01-06,2025-26,NOP,LAL,0,0.4020697
0022500515,2026-01-06,2025-26,SAC,DAL,0,0.31711057
0022500516,2026-01-07,2025-26,CHA,TOR,0,0.51679224
0022500517,2026-01-07,2025-26,DET,CHI,1,0.7119169
0022500518,2026-01-07,2025-26,PHI,WAS,1,0.8394404
0022500519,2026-01-07,2025-26,ATL,NOP,1,0.8309873
0022500520,2026-01-07,2025-26,BOS,DEN,0,0.694293
0022500521,2026-01-07,2025-26,BKN,ORL,0,0.6035111
0022500522,2026-01-07,2025-26,NYK,LAC,1,0.5646748
0022500523,2026-01-07,2025-26,SAS,LAL,1,0.7188032
0022500524,2026-01-07,2025-26,MEM,PHX,0,0.37929454
0022500525,2026-01-07,2025-26,OKC,UTA,1,0.8650092
0022500526,2026-01-07,2025-26,GSW,MIL,1,0.6476736
0022500527,2026-01-07,2025-26,POR,HOU,1,0.35612434
0022500528,2026-01-08,2025-26,CHA,IND,0,0.65990466
0022500530,2026-01-08,2025-26,MIN,CLE,1,0.6596184
0022500531,2026-01-08,2025-26,UTA,DAL,1,0.36259776
0022500532,2026-01-09,2025-26,BOS,TOR,1,0.80596197
0022500533,2026-01-09,2025-26,ORL,PHI,0,0.44315365
0022500534,2026-01-09,2025-26,WAS,NOP,0,0.4838243
0022500535,2026-01-09,2025-26,BKN,LAC,0,0.4154815
0022500536,2026-01-09,2025-26,MEM,OKC,0,0.44033346
0022500537,2026-01-09,2025-26,DEN,ATL,0,0.4129681
0022500538,2026-01-09,2025-26,PHX,NYK,1,0.49245092
0022500539,2026-01-09,2025-26,GSW,SAC,1,0.84582484
0022500540,2026-01-09,2025-26,POR,HOU,1,0.32002604
0022500541,2026-01-09,2025-26,LAL,MIL,0,0.5714543
0022500542,2026-01-10,2025-26,CLE,MIN,1,0.41407174
0022500543,2026-01-10,2025-26,IND,MIA,1,0.32371786
0022500544,2026-01-10,2025-26,DET,LAC,0,0.4410683
0022500545,2026-01-10,2025-26,BOS,SAS,0,0.64930975
0022500546,2026-01-10,2025-26,CHI,DAL,1,0.5163665
0022500547,2026-01-10,2025-26,UTA,CHA,0,0.36368915
0022500548,2026-01-11,2025-26,ORL,NOP,1,0.59170395
0022500549,2026-01-11,2025-26,MEM,BKN,1,0.7000129
0022500550,2026-01-11,2025-26,TOR,PHI,1,0.40535563
0022500551,2026-01-11,2025-26,POR,NYK,0,0.45571226
0022500552,2026-01-11,2025-26,MIN,SAS,1,0.73121035
0022500553,2026-01-11,2025-26,OKC,MIA,1,0.85082483
0022500554,2026-01-11,2025-26,DEN,MIL,1,0.40273395
0022500555,2026-01-11,2025-26,PHX,WAS,1,0.7941283
0022500556,2026-01-11,2025-26,GSW,ATL,0,0.6269284
0022500557,2026-01-11,2025-26,SAC,HOU,1,0.15806998
0022500558,2026-01-12,2025-26,CLE,UTA,0,0.80913013
0022500559,2026-01-12,2025-26,IND,BOS,1,0.29423216
0022500560,2026-01-12,2025-26,TOR,PHI,0,0.3710225
0022500561,2026-01-12,2025-26,DAL,BKN,1,0.5347932
0022500562,2026-01-12,2025-26,SAC,LAL,1,0.22456835
0022500563,2026-01-12,2025-26,LAC,CHA,1,0.6821693
0022500564,2026-01-13,2025-26,MIA,PHX,1,0.4975787
0022500565,2026-01-13,2025-26,HOU,CHI,1,0.80427575
0022500566,2026-01-13,2025-26,MIL,MIN,0,0.43793306
0022500567,2026-01-13,2025-26,NOP,DEN,0,0.43745753
0022500568,2026-01-13,2025-26,OKC,SAS,1,0.79736626
0022500569,2026-01-13,2025-26,LAL,ATL,1,0.40384758
0022500570,2026-01-13,2025-26,GSW,POR,1,0.75569755
0022500571,2026-01-14,2025-26,IND,TOR,0,0.5197962
0022500572,2026-01-14,2025-26,PHI,CLE,0,0.6134154
0022500573,2026-01-14,2025-26,CHI,UTA,1,0.7048149
0022500574,2026-01-14,2025-26,NOP,BKN,1,0.44487682
0022500575,2026-01-14,2025-26,DAL,DEN,0,0.48960248
0022500576,2026-01-14,2025-26,SAC,NYK,1,0.22456484
0022500577,2026-01-14,2025-26,LAC,WAS,1,0.83646375
0022500579,2026-01-15,2025-26,DET,PHX,1,0.75263745
0022500580,2026-01-15,2025-26,MIA,BOS,0,0.35206383
0022500581,2026-01-15,2025-26,HOU,OKC,0,0.40791488
0022500582,2026-01-15,2025-26,SAS,MIL,1,0.57518053
0022500583,2026-01-15,2025-26,DAL,UTA,1,0.52382314
0022500584,2026-01-15,2025-26,GSW,NYK,1,0.7385423
0022500585,2026-01-15,2025-26,POR,ATL,1,0.39587668
0022500586,2026-01-15,2025-26,LAL,CHA,0,0.57143176
0022500587,2026-01-16,2025-26,BKN,CHI,1,0.635735
0022500588,2026-01-16,2025-26,IND,NOP,1,0.49197963
0022500589,2026-01-16,2025-26,PHI,CLE,0,0.5763458
0022500590,2026-01-16,2025-26,TOR,LAC,0,0.5023425
0022500591,2026-01-16,2025-26,HOU,MIN,1,0.44256
0022500592,2026-01-16,2025-26,SAC,WAS,1,0.5951324
0022500593,2026-01-17,2025-26,DAL,UTA,1,0.67903996
0022500594,2026-01-17,2025-26,ATL,BOS,0,0.43590754
0022500595,2026-01-17,2025-26,DET,IND,1,0.8858515
0022500596,2026-01-17,2025-26,NYK,PHX,0,0.50812757
0022500597,2026-01-17,2025-26,MIA,OKC,1,0.24723805
0022500598,2026-01-17,2025-26,SAS,MIN,1,0.4588443
0022500599,2026-01-17,2025-26,GSW,CHA,1,0.5747781
0022500600,2026-01-17,2025-26,DEN,WAS,1,0.8390471
0022500601,2026-01-17,2025-26,POR,LAL,1,0.57422286
0022500603,2026-01-18,2025-26,CHI,BKN,1,0.6224127
0022500604,2026-01-18,2025-26,HOU,NOP,1,0.7590506
0022500605,2026-01-18,2025-26,DEN,CHA,0,0.46084082
0022500606,2026-01-18,2025-26,SAC,POR,0,0.46971577
0022500607,2026-01-18,2025-26,LAL,TOR,1,0.5438375
0022500014,2026-01-19,2025-26,ATL,MIL,0,0.5164328
0022500015,2026-01-19,2025-26,CLE,OKC,0,0.3781486
0022500016,2026-01-19,2025-26,NYK,DAL,0,0.7308823
0022500017,2026-01-19,2025-26,DET,BOS,1,0.5263506
0022500608,2026-01-19,2025-26,WAS,LAC,0,0.27099508
0022500609,2026-01-19,2025-26,PHI,IND,1,0.79995054
0022500610,2026-01-19,2025-26,BKN,PHX,0,0.30394632
0022500611,2026-01-19,2025-26,SAS,UTA,1,0.8193795
0022500612,2026-01-19,2025-26,GSW,MIA,1,0.6823866
0022500613,2026-01-20,2025-26,PHI,PHX,0,0.42608738
0022500614,2026-01-20,2025-26,CHI,LAC,1,0.5829296
0022500615,2026-01-20,2025-26,HOU,SAS,1,0.6975385
0022500616,2026-01-20,2025-26,UTA,MIN,1,0.18563798
0022500617,2026-01-20,2025-26,DEN,LAL,0,0.6424684
0022500618,2026-01-20,2025-26,GSW,TOR,0,0.6206265
0022500619,2026-01-20,2025-26,SAC,MIA,0,0.51878613
0022500620,2026-01-21,2025-26,CHA,CLE,0,0.6255223
0022500621,2026-01-21,2025-26,BOS,IND,1,0.8329665
0022500622,2026-01-21,2025-26,NYK,BKN,1,0.66876966
0022500623,2026-01-21,2025-26,MEM,ATL,0,0.5851716
0022500624,2026-01-21,2025-26,NOP,DET,0,0.40523264
0022500625,2026-01-21,2025-26,MIL,OKC,0,0.30819017
0022500626,2026-01-21,2025-26,SAC,TOR,0,0.32633805
0022500627,2026-01-22,2025-26,ORL,CHA,0,0.49195695
0022500628,2026-01-22,2025-26,PHI,HOU,1,0.535565
0022500629,2026-01-22,2025-26,WAS,DEN,0,0.28303325
0022500630,2026-01-22,2025-26,DAL,GSW,1,0.4385301
0022500631,2026-01-22,2025-26,MIN,CHI,0,0.6923801
0022500632,2026-01-22,2025-26,UTA,SAS,0,0.31717432
0022500633,2026-01-22,2025-26,LAC,LAL,1,0.6748513
0022500634,2026-01-22,2025-26,POR,MIA,1,0.7045565
0022500635,2026-01-23,2025-26,DET,HOU,0,0.6692708
0022500636,2026-01-23,2025-26,ATL,PHX,1,0.3957586
0022500637,2026-01-23,2025-26,BKN,BOS,0,0.34765184
0022500638,2026-01-23,2025-26,CLE,SAC,1,0.7473417
0022500639,2026-01-23,2025-26,MEM,NOP,0,0.5542653
0022500640,2026-01-23,2025-26,MIL,DEN,0,0.7321279
0022500641,2026-01-23,2025-26,OKC,IND,0,0.84545195
0022500642,2026-01-23,2025-26,POR,TOR,0,0.3529165
0022500643,2026-01-24,2025-26,PHI,NYK,0,0.6186198
0022500645,2026-01-24,2025-26,CHA,WAS,1,0.8340547
0022500646,2026-01-24,2025-26,ORL,CLE,0,0.5046168
0022500647,2026-01-24,2025-26,CHI,BOS,1,0.5281223
0022500648,2026-01-24,2025-26,DAL,LAL,0,0.4845152
0022500649,2026-01-24,2025-26,UTA,MIA,0,0.45857993
0022500644,2026-01-25,2025-26,MIN,GSW,0,0.68317735
0022500650,2026-01-25,2025-26,DET,SAC,1,0.8281361
0022500653,2026-01-25,2025-26,OKC,TOR,0,0.65461993
0022500654,2026-01-25,2025-26,SAS,NOP,0,0.70434105
0022500655,2026-01-25,2025-26,PHX,MIA,0,0.73853534
0022500656,2026-01-25,2025-26,LAC,BKN,1,0.7654888
0022500657,2026-01-26,2025-26,CHA,PHI,1,0.6590555
0022500658,2026-01-26,2025-26,CLE,ORL,1,0.72647196
0022500659,2026-01-26,2025-26,ATL,IND,1,0.7552513
0022500660,2026-01-26,2025-26,BOS,POR,1,0.72738546
0022500661,2026-01-26,2025-26,CHI,LAL,0,0.5364488
0022500662,2026-01-26,2025-26,HOU,MEM,1,0.7521605
0022500663,2026-01-26,2025-26,MIN,GSW,1,0.6878934
0022500664,2026-01-27,2025-26,WAS,POR,1,0.34340724
0022500665,2026-01-27,2025-26,NYK,SAC,1,0.8115913
0022500666,2026-01-27,2025-26,PHI,MIL,1,0.77324665
0022500667,2026-01-27,2025-26,OKC,NOP,1,0.70235705
0022500668,2026-01-27,2025-26,DEN,DET,0,0.38357285
0022500669,2026-01-27,2025-26,PHX,BKN,1,0.6675591
0022500670,2026-01-27,2025-26,UTA,LAC,0,0.19731171
0022500671,2026-01-28,2025-26,CLE,LAL,1,0.5407938
0022500672,2026-01-28,2025-26,IND,CHI,1,0.3236706
0022500673,2026-01-28,2025-26,BOS,ATL,0,0.71092343
0022500674,2026-01-28,2025-26,MIA,ORL,0,0.5796608
0022500675,2026-01-28,2025-26,TOR,NYK,0,0.74226254
0022500676,2026-01-28,2025-26,MEM,CHA,0,0.34231678
0022500677,2026-01-28,2025-26,DAL,MIN,0,0.33632514
0022500678,2026-01-28,2025-26,UTA,GSW,0,0.26700228
0022500679,2026-01-28,2025-26,HOU,SAS,0,0.62933964
0022500529,2026-01-29,2025-26,CHI,MIA,0,0.680064
0022500680,2026-01-29,2025-26,PHI,SAC,1,0.81779593
0022500681,2026-01-29,2025-26,WAS,MIL,1,0.5389497
0022500682,2026-01-29,2025-26,ATL,HOU,0,0.39809892
0022500683,2026-01-29,2025-26,DAL,CHA,0,0.3474568
0022500684,2026-01-29,2025-26,DEN,BKN,1,0.74135303
0022500685,2026-01-29,2025-26,PHX,DET,1,0.46203125
0022500686,2026-01-29,2025-26,MIN,OKC,1,0.4352044
0022500687,2026-01-30,2025-26,ORL,TOR,1,0.42051363
0022500688,2026-01-30,2025-26,WAS,LAL,0,0.30185193
0022500689,2026-01-30,2025-26,BOS,SAC,1,0.8531942
0022500690,2026-01-30,2025-26,NYK,POR,1,0.5727298
0022500691,2026-01-30,2025-26,NOP,MEM,1,0.63876295
0022500693,2026-01-30,2025-26,PHX,CLE,1,0.49411312
0022500694,2026-01-30,2025-26,UTA,BKN,0,0.58181465
0022500695,2026-01-30,2025-26,DEN,LAC,1,0.46284172
0022500696,2026-01-30,2025-26,GSW,DET,0,0.6439244
0022500692,2026-01-31,2025-26,MIA,CHI,0,0.61891335
0022500697,2026-01-31,2025-26,CHA,SAS,1,0.6131627
0022500698,2026-01-31,2025-26,IND,ATL,1,0.4138278
0022500699,2026-01-31,2025-26,PHI,NOP,1,0.75337636
0022500700,2026-01-31,2025-26,MEM,MIN,0,0.23799786
0022500701,2026-01-31,2025-26,HOU,DAL,1,0.69867826
0022500702,2026-02-01,2025-26,BOS,MIL,1,0.8428758
0022500703,2026-02-01,2025-26,SAS,ORL,1,0.59811085
0022500704,2026-02-01,2025-26,DET,BKN,1,0.8407895
0022500705,2026-02-01,2025-26,MIA,CHI,1,0.5165828
0022500706,2026-02-01,2025-26,TOR,UTA,1,0.8265378
0022500707,2026-02-01,2025-26,WAS,SAC,1,0.6070989
0022500708,2026-02-01,2025-26,NYK,LAL,1,0.5942661
0022500709,2026-02-01,2025-26,PHX,LAC,0,0.5617801
0022500710,2026-02-01,2025-26,POR,CLE,0,0.4318931
0022500711,2026-02-01,2025-26,DEN,OKC,0,0.52088326
0022500712,2026-02-02,2025-26,CHA,NOP,1,0.74653286
0022500713,2026-02-02,2025-26,IND,HOU,0,0.34147838
0022500714,2026-02-02,2025-26,MEM,MIN,1,0.2770939
0022500715,2026-02-02,2025-26,LAC,PHI,0,0.4573164
0022500716,2026-02-03,2025-26,DET,DEN,1,0.5548754
0022500717,2026-02-03,2025-26,IND,UTA,0,0.4122996
0022500718,2026-02-03,2025-26,WAS,NYK,0,0.28517294
0022500719,2026-02-03,2025-26,BKN,LAL,0,0.31660545
0022500720,2026-02-03,2025-26,MIA,ATL,0,0.55843234
0022500721,2026-02-03,2025-26,DAL,BOS,0,0.30942082
0022500722,2026-02-03,2025-26,MIL,CHI,1,0.44246164
0022500723,2026-02-03,2025-26,OKC,ORL,1,0.776075
0022500724,2026-02-03,2025-26,GSW,PHI,0,0.6455155
0022500725,2026-02-03,2025-26,POR,PHX,0,0.412192
0022500726,2026-02-04,2025-26,NYK,DEN,1,0.39328626
0022500727,2026-02-04,2025-26,TOR,MIN,0,0.4691635
0022500728,2026-02-04,2025-26,HOU,BOS,0,0.7492392
0022500729,2026-02-04,2025-26,MIL,NOP,1,0.41560337
0022500730,2026-02-04,2025-26,SAS,OKC,1,0.736467
0022500731,2026-02-04,2025-26,SAC,MEM,0,0.47216693
0022500732,2026-02-04,2025-26,LAC,CLE,0,0.5610195
0022500733,2026-02-05,2025-26,DET,WAS,0,0.8527232
0022500734,2026-02-05,2025-26,ORL,BKN,1,0.7142981
0022500735,2026-02-05,2025-26,ATL,UTA,1,0.7483703
0022500736,2026-02-05,2025-26,TOR,CHI,1,0.7390726
0022500737,2026-02-05,2025-26,HOU,CHA,0,0.43515515
0022500738,2026-02-05,2025-26,DAL,SAS,0,0.45699382
0022500739,2026-02-05,2025-26,PHX,GSW,0,0.6115047
0022500740,2026-02-05,2025-26,LAL,PHI,1,0.57608896
0022500741,2026-02-06,2025-26,BOS,MIA,1,0.76375437
0022500742,2026-02-06,2025-26,DET,NYK,1,0.59016323
0022500743,2026-02-06,2025-26,MIL,IND,1,0.66932595
0022500744,2026-02-06,2025-26,MIN,NOP,0,0.7859566
0022500745,2026-02-06,2025-26,POR,MEM,1,0.67045945
0022500746,2026-02-06,2025-26,SAC,LAC,0,0.30158314
0022500747,2026-02-07,2025-26,BKN,WAS,1,0.75590307
0022500748,2026-02-07,2025-26,OKC,HOU,0,0.63950527
0022500749,2026-02-07,2025-26,SAS,DAL,1,0.71830386
0022500750,2026-02-07,2025-26,ORL,UTA,1,0.6207533
0022500751,2026-02-07,2025-26,ATL,CHA,0,0.40940222
0022500752,2026-02-07,2025-26,CHI,DEN,0,0.25724408
0022500753,2026-02-07,2025-26,LAL,GSW,1,0.5909832
0022500754,2026-02-07,2025-26,PHX,PHI,0,0.53227466
0022500755,2026-02-07,2025-26,POR,MEM,1,0.76066226
0022500756,2026-02-07,2025-26,SAC,CLE,0,0.18212603
0022500757,2026-02-08,2025-26,BOS,NYK,0,0.7027661
0022500758,2026-02-08,2025-26,WAS,MIA,0,0.23448107
0022500759,2026-02-08,2025-26,TOR,IND,1,0.81043667
0022500760,2026-02-08,2025-26,MIN,LAC,0,0.74896413
0022500761,2026-02-09,2025-26,CHA,DET,0,0.57428813
0022500762,2026-02-09,2025-26,BKN,CHI,1,0.36105156
0022500763,2026-02-09,2025-26,MIA,UTA,0,0.6070018
0022500764,2026-02-09,2025-26,ORL,MIL,1,0.6945628
0022500765,2026-02-09,2025-26,MIN,ATL,1,0.80093116
0022500766,2026-02-09,2025-26,NOP,SAC,1,0.7799068
0022500767,2026-02-09,2025-26,DEN,CLE,0,0.5953819
0022500768,2026-02-09,2025-26,GSW,MEM,1,0.6885287
0022500769,2026-02-09,2025-26,LAL,OKC,0,0.4494571
0022500770,2026-02-09,2025-26,POR,PHI,1,0.6013489
0022500771,2026-02-10,2025-26,NYK,IND,0,0.7733543
0022500772,2026-02-10,2025-26,HOU,LAC,1,0.71974856
0022500773,2026-02-10,2025-26,PHX,DAL,1,0.7382577
0022500774,2026-02-10,2025-26,LAL,SAS,0,0.20724271
0022500775,2026-02-11,2025-26,CHA,ATL,1,0.65396756
0022500776,2026-02-11,2025-26,CLE,WAS,1,0.8786425
0022500777,2026-02-11,2025-26,ORL,MIL,0,0.7335494
0022500778,2026-02-11,2025-26,BOS,CHI,1,0.8498392
0022500779,2026-02-11,2025-26,BKN,IND,0,0.63427037
0022500780,2026-02-11,2025-26,PHI,NYK,0,0.43344647
0022500781,2026-02-11,2025-26,TOR,DET,0,0.5770999
0022500782,2026-02-11,2025-26,HOU,LAC,0,0.6650927
0022500783,2026-02-11,2025-26,MIN,POR,1,0.70727164
0022500784,2026-02-11,2025-26,NOP,MIA,0,0.5560947
0022500785,2026-02-11,2025-26,PHX,OKC,0,0.34856462
0022500786,2026-02-11,2025-26,UTA,SAC,1,0.731492
0022500787,2026-02-11,2025-26,DEN,MEM,1,0.8507811
0022500788,2026-02-11,2025-26,GSW,SAS,0,0.4046774
0022500789,2026-02-12,2025-26,OKC,MIL,0,0.75482994
0022500790,2026-02-12,2025-26,UTA,POR,0,0.31245166
0022500791,2026-02-12,2025-26,LAL,DAL,1,0.68091565
0022500792,2026-02-19,2025-26,CHA,HOU,0,0.58060235
0022500793,2026-02-19,2025-26,CLE,BKN,1,0.89328355
0022500794,2026-02-19,2025-26,PHI,ATL,0,0.49205658
0022500795,2026-02-19,2025-26,WAS,IND,1,0.44839534
0022500796,2026-02-19,2025-26,NYK,DET,0,0.5339053
0022500797,2026-02-19,2025-26,CHI,TOR,0,0.33901498
0022500798,2026-02-19,2025-26,SAS,PHX,1,0.73399097
0022500799,2026-02-19,2025-26,GSW,BOS,0,0.32519007
0022500800,2026-02-19,2025-26,SAC,ORL,0,0.2481573
0022500801,2026-02-19,2025-26,LAC,DEN,1,0.4154144
0022500802,2026-02-20,2025-26,CHA,CLE,0,0.34948325
0022500803,2026-02-20,2025-26,WAS,IND,1,0.49174562
0022500804,2026-02-20,2025-26,MEM,UTA,1,0.4165118
0022500805,2026-02-20,2025-26,ATL,MIA,0,0.3631069
0022500806,2026-02-20,2025-26,MIN,DAL,1,0.87181395
0022500807,2026-02-20,2025-26,NOP,MIL,0,0.57889336
0022500808,2026-02-20,2025-26,OKC,BKN,1,0.85748374
0022500809,2026-02-20,2025-26,LAL,LAC,1,0.72639304
0022500810,2026-02-20,2025-26,POR,DEN,0,0.5969978
0022500811,2026-02-21,2025-26,PHX,ORL,1,0.6031206
0022500812,2026-02-21,2025-26,NOP,PHI,1,0.47518456
0022500813,2026-02-21,2025-26,MIA,MEM,1,0.8457948
0022500814,2026-02-21,2025-26,CHI,DET,0,0.25563684
0022500815,2026-02-21,2025-26,SAS,SAC,1,0.88778144
0022500816,2026-02-21,2025-26,NYK,HOU,1,0.62542564
0022500817,2026-02-22,2025-26,OKC,CLE,1,0.34518665
0022500818,2026-02-22,2025-26,ATL,BKN,1,0.79484546
0022500819,2026-02-22,2025-26,MIL,TOR,0,0.39722127
0022500820,2026-02-22,2025-26,GSW,DEN,1,0.32710084
0022500821,2026-02-22,2025-26,IND,DAL,0,0.51823837
0022500822,2026-02-22,2025-26,WAS,CHA,0,0.25493068
0022500823,2026-02-22,2025-26,LAL,BOS,0,0.49887013
0022500824,2026-02-22,2025-26,MIN,PHI,0,0.80166394
0022500825,2026-02-22,2025-26,CHI,NYK,0,0.24099278
0022500826,2026-02-22,2025-26,PHX,POR,0,0.3635004
0022500827,2026-02-22,2025-26,LAC,ORL,0,0.6545582
0022500828,2026-02-23,2025-26,DET,SAS,0,0.550794
0022500829,2026-02-23,2025-26,MEM,SAC,0,0.5361626
0022500830,2026-02-23,2025-26,HOU,UTA,1,0.7298731
0022500831,2026-02-24,2025-26,IND,PHI,0,0.2950409
0022500832,2026-02-24,2025-26,ATL,WAS,1,0.818617
0022500833,2026-02-24,2025-26,BKN,DAL,0,0.39775014
0022500834,2026-02-24,2025-26,TOR,OKC,0,0.66223586
0022500835,2026-02-24,2025-26,CLE,NYK,1,0.6262755
0022500836,2026-02-24,2025-26,CHI,CHA,0,0.22221662
0022500837,2026-02-24,2025-26,MIL,MIA,1,0.36464325
0022500838,2026-02-24,2025-26,NOP,GSW,1,0.60752034
0022500839,2026-02-24,2025-26,PHX,BOS,0,0.36602756
0022500840,2026-02-24,2025-26,LAL,ORL,0,0.7007854
0022500841,2026-02-24,2025-26,POR,MIN,0,0.36630106
0022500842,2026-02-25,2025-26,DET,OKC,1,0.8385612
0022500843,2026-02-25,2025-26,TOR,SAS,0,0.4031532
0022500844,2026-02-25,2025-26,MEM,GSW,0,0.4447269
0022500845,2026-02-25,2025-26,HOU,SAC,1,0.80571604
0022500846,2026-02-25,2025-26,MIL,CLE,1,0.44631013
0022500847,2026-02-25,2025-26,DEN,BOS,1,0.6063409
0022500848,2026-02-26,2025-26,IND,CHA,0,0.20509738
0022500849,2026-02-26,2025-26,PHI,MIA,1,0.50938755
0022500850,2026-02-26,2025-26,ATL,WAS,1,0.7723684
0022500851,2026-02-26,2025-26,BKN,SAS,0,0.180738
0022500852,2026-02-26,2025-26,ORL,HOU,0,0.5416125
0022500853,2026-02-26,2025-26,CHI,POR,0,0.3683933
0022500854,2026-02-26,2025-26,DAL,SAC,0,0.7999755
0022500855,2026-02-26,2025-26,PHX,LAL,1,0.29189363
0022500856,2026-02-26,2025-26,UTA,NOP,0,0.27922863
0022500857,2026-02-26,2025-26,LAC,MIN,0,0.26007935
0022500858,2026-02-27,2025-26,DET,CLE,1,0.72349155
0022500859,2026-02-27,2025-26,BOS,BKN,1,0.8878507
0022500860,2026-02-27,2025-26,MIL,NYK,0,0.31873208
0022500861,2026-02-27,2025-26,DAL,MEM,0,0.7365423
0022500862,2026-02-27,2025-26,OKC,DEN,1,0.5495215
0022500863,2026-02-28,2025-26,CHA,POR,1,0.77541035
0022500864,2026-02-28,2025-26,MIA,HOU,1,0.5531995
0022500865,2026-02-28,2025-26,WAS,TOR,0,0.19179903
0022500866,2026-02-28,2025-26,GSW,LAL,0,0.4963025
0022500867,2026-02-28,2025-26,UTA,NOP,0,0.38461652
0022500868,2026-03-01,2025-26,NYK,SAS,1,0.49673226
0022500869,2026-03-01,2025-26,BKN,CLE,0,0.20361833
0022500870,2026-03-01,2025-26,CHI,MIL,1,0.4082837
0022500871,2026-03-01,2025-26,DEN,MIN,0,0.48805395
0022500872,2026-03-01,2025-26,IND,MEM,0,0.54976654
0022500873,2026-03-01,2025-26,ATL,POR,1,0.75324786
0022500874,2026-03-01,2025-26,BOS,PHI,1,0.79800075
0022500875,2026-03-01,2025-26,ORL,DET,0,0.356466
0022500876,2026-03-01,2025-26,DAL,OKC,0,0.21849771
0022500877,2026-03-01,2025-26,LAC,NOP,1,0.5992912
0022500878,2026-03-01,2025-26,LAL,SAC,1,0.8487992
0022500879,2026-03-02,2025-26,WAS,HOU,0,0.17106315
0022500880,2026-03-02,2025-26,MIL,BOS,0,0.34947968
0022500881,2026-03-02,2025-26,UTA,DEN,0,0.28694794
0022500882,2026-03-02,2025-26,GSW,LAC,0,0.5435206
0022500883,2026-03-03,2025-26,CHA,DAL,1,0.8951837
0022500884,2026-03-03,2025-26,CLE,DET,1,0.48000666
0022500885,2026-03-03,2025-26,ORL,WAS,1,0.885492
0022500886,2026-03-03,2025-26,MIA,BKN,1,0.874207
0022500887,2026-03-03,2025-26,TOR,NYK,0,0.4660658
0022500888,2026-03-03,2025-26,PHI,SAS,0,0.2603196
0022500889,2026-03-03,2025-26,CHI,OKC,0,0.3147866
0022500890,2026-03-03,2025-26,MIN,MEM,1,0.8291434
0022500891,2026-03-03,2025-26,LAL,NOP,1,0.6375273
0022500892,2026-03-03,2025-26,SAC,PHX,0,0.25978303
0022500893,2026-03-04,2025-26,NYK,OKC,0,0.58056563
0022500894,2026-03-04,2025-26,BOS,CHA,0,0.68331176
0022500895,2026-03-04,2025-26,PHI,UTA,1,0.5782253
0022500896,2026-03-04,2025-26,MEM,POR,0,0.35651886
0022500897,2026-03-04,2025-26,MIL,ATL,0,0.31197208
0022500898,2026-03-04,2025-26,LAC,IND,1,0.77900046
0022500899,2026-03-05,2025-26,ORL,DAL,1,0.71643853
0022500900,2026-03-05,2025-26,WAS,UTA,0,0.50794077
0022500901,2026-03-05,2025-26,MIA,BKN,1,0.8789631
0022500902,2026-03-05,2025-26,HOU,GSW,0,0.78066874
0022500903,2026-03-05,2025-26,MIN,TOR,1,0.6015081
0022500904,2026-03-05,2025-26,SAS,DET,1,0.6409986
0022500905,2026-03-05,2025-26,PHX,CHI,0,0.8210742
0022500906,2026-03-05,2025-26,DEN,LAL,1,0.5633596
0022500907,2026-03-05,2025-26,SAC,NOP,0,0.2563769
0022500908,2026-03-06,2025-26,BOS,DAL,1,0.890257
0022500909,2026-03-06,2025-26,CHA,MIA,0,0.76253504
0022500910,2026-03-06,2025-26,HOU,POR,1,0.6529485
0022500911,2026-03-06,2025-26,DEN,NYK,0,0.475958
0022500912,2026-03-06,2025-26,PHX,NOP,1,0.4434613
0022500913,2026-03-06,2025-26,SAS,LAC,1,0.6631596
0022500914,2026-03-06,2025-26,LAL,IND,1,0.7820014
0022500915,2026-03-07,2025-26,MIN,ORL,0,0.7020034
0022500916,2026-03-07,2025-26,DET,BKN,0,0.8222854
0022500917,2026-03-07,2025-26,ATL,PHI,1,0.7572178
0022500918,2026-03-07,2025-26,MEM,LAC,0,0.31930864
0022500919,2026-03-07,2025-26,MIL,UTA,1,0.6071397
0022500920,2026-03-07,2025-26,OKC,GSW,1,0.7872649
0022500921,2026-03-08,2025-26,CLE,BOS,0,0.41490543
0022500922,2026-03-08,2025-26,LAL,NYK,1,0.4189013
0022500923,2026-03-08,2025-26,MIA,DET,1,0.66246
0022500924,2026-03-08,2025-26,TOR,DAL,1,0.76849663
0022500925,2026-03-08,2025-26,NOP,WAS,1,0.84955466
0022500926,2026-03-08,2025-26,MIL,ORL,0,0.3009877
0022500927,2026-03-08,2025-26,SAS,HOU,1,0.70646685
0022500928,2026-03-08,2025-26,PHX,CHA,1,0.22223334
0022500929,2026-03-08,2025-26,POR,IND,1,0.7277955
0022500930,2026-03-08,2025-26,SAC,CHI,1,0.43635586
0022500931,2026-03-09,2025-26,CLE,PHI,1,0.86172885
0022500932,2026-03-09,2025-26,BKN,MEM,1,0.35032165
0022500933,2026-03-09,2025-26,OKC,DEN,1,0.54959196
0022500934,2026-03-09,2025-26,UTA,GSW,1,0.5787324
0022500935,2026-03-09,2025-26,LAC,NYK,1,0.52432966
0022500936,2026-03-10,2025-26,PHI,MEM,1,0.5056123
0022500937,2026-03-10,2025-26,BKN,DET,0,0.1580821
0022500938,2026-03-10,2025-26,MIA,WAS,1,0.890224
0022500939,2026-03-10,2025-26,ATL,DAL,1,0.81624424
0022500940,2026-03-10,2025-26,HOU,TOR,1,0.5243153
0022500941,2026-03-10,2025-26,MIL,PHX,0,0.46761134
0022500942,2026-03-10,2025-26,SAS,BOS,1,0.53476995
0022500943,2026-03-10,2025-26,GSW,CHI,0,0.62432295
0022500944,2026-03-10,2025-26,POR,CHA,0,0.31989723
0022500945,2026-03-10,2025-26,SAC,IND,1,0.5512825
0022500946,2026-03-10,2025-26,LAL,MIN,1,0.5161981
0022500947,2026-03-11,2025-26,ORL,CLE,1,0.4300352
0022500948,2026-03-11,2025-26,NOP,TOR,1,0.6385501
0022500949,2026-03-11,2025-26,UTA,NYK,0,0.2175448
0022500950,2026-03-11,2025-26,DEN,HOU,1,0.7352541
0022500951,2026-03-11,2025-26,SAC,CHA,0,0.15231451
0022500952,2026-03-11,2025-26,LAC,MIN,1,0.6354692
0022500953,2026-03-12,2025-26,DET,PHI,1,0.8302764
0022500954,2026-03-12,2025-26,IND,PHX,0,0.34481832
0022500955,2026-03-12,2025-26,ORL,WAS,1,0.81180215
0022500956,2026-03-12,2025-26,ATL,BKN,1,0.906179
0022500957,2026-03-12,2025-26,MIA,MIL,1,0.76933515
0022500958,2026-03-12,2025-26,SAS,DEN,0,0.67118883
0022500959,2026-03-12,2025-26,OKC,BOS,1,0.56686836
0022500960,2026-03-12,2025-26,LAL,CHI,1,0.8395985
0022501111,2026-03-12,2025-26,MEM,DAL,0,0.4482779
0022500961,2026-03-13,2025-26,DET,MEM,1,0.8375525
0022500962,2026-03-13,2025-26,IND,NYK,0,0.18441813
0022500963,2026-03-13,2025-26,TOR,PHX,1,0.6174224
0022500964,2026-03-13,2025-26,HOU,NOP,1,0.47225302
0022500965,2026-03-13,2025-26,DAL,CLE,0,0.18855277
0022500966,2026-03-13,2025-26,GSW,MIN,0,0.40334585
0022500967,2026-03-13,2025-26,POR,UTA,1,0.84634024
0022500968,2026-03-13,2025-26,LAC,CHI,1,0.8704768
0022500969,2026-03-14,2025-26,PHI,BKN,1,0.774992
0022500970,2026-03-14,2025-26,ATL,MIL,1,0.8073286
0022500971,2026-03-14,2025-26,BOS,WAS,1,0.89572316
0022500972,2026-03-14,2025-26,MIA,ORL,0,0.6512933
0022500973,2026-03-14,2025-26,SAS,CHA,1,0.5883092
0022500974,2026-03-14,2025-26,LAL,DEN,1,0.54529464
0022500975,2026-03-14,2025-26,LAC,SAC,0,0.8158413
0022500976,2026-03-15,2025-26,OKC,MIN,1,0.6808268
0022500977,2026-03-15,2025-26,CLE,DAL,0,0.8801906
0022500978,2026-03-15,2025-26,TOR,DET,1,0.417809
0022500979,2026-03-15,2025-26,MIL,IND,1,0.7018116
0022500980,2026-03-15,2025-26,PHI,POR,1,0.24243663
0022500981,2026-03-15,2025-26,NYK,GSW,1,0.88775355
0022500982,2026-03-15,2025-26,SAC,UTA,1,0.8153662
0022500983,2026-03-16,2025-26,ATL,ORL,1,0.67532694
0022500984,2026-03-16,2025-26,WAS,GSW,0,0.45579264
0022500985,2026-03-16,2025-26,BKN,POR,0,0.2769416
0022500986,2026-03-16,2025-26,BOS,PHX,1,0.7416538
0022500987,2026-03-16,2025-26,CHI,MEM,1,0.68434846
0022500988,2026-03-16,2025-26,NOP,DAL,1,0.84464145
0022500989,2026-03-16,2025-26,HOU,LAL,0,0.42592832
0022500990,2026-03-16,2025-26,LAC,SAS,0,0.35207772
0022500991,2026-03-17,2025-26,CHA,MIA,1,0.6548711
0022500992,2026-03-17,2025-26,ORL,OKC,0,0.3295697
0022500993,2026-03-17,2025-26,WAS,DET,0,0.14954732
0022500994,2026-03-17,2025-26,NYK,IND,1,0.8692249
0022500995,2026-03-17,2025-26,MIL,CLE,0,0.27362978
0022500996,2026-03-17,2025-26,MIN,PHX,1,0.6214605
0022500997,2026-03-17,2025-26,DEN,PHI,1,0.861032
0022500998,2026-03-17,2025-26,SAC,SAS,0,0.23422796
0022500651,2026-03-18,2025-26,MEM,DEN,1,0.2522398
0022500999,2026-03-18,2025-26,BOS,GSW,1,0.8461696
0022501000,2026-03-18,2025-26,BKN,OKC,0,0.14347255
0022501001,2026-03-18,2025-26,IND,POR,0,0.21317628
0022501002,2026-03-18,2025-26,CHI,TOR,0,0.33128294
0022501004,2026-03-18,2025-26,MIN,UTA,1,0.7432291
0022501005,2026-03-18,2025-26,NOP,LAC,1,0.58492965
0022501006,2026-03-18,2025-26,DAL,ATL,0,0.18497488
0022501007,2026-03-18,2025-26,HOU,LAL,0,0.35539287
0022501008,2026-03-19,2025-26,CHA,ORL,1,0.8078688
0022501009,2026-03-19,2025-26,WAS,DET,0,0.21879534
0022501010,2026-03-19,2025-26,MIA,LAL,0,0.5608212
0022501011,2026-03-19,2025-26,CHI,CLE,0,0.21952264
0022501012,2026-03-19,2025-26,NOP,LAC,1,0.71728677
0022501013,2026-03-19,2025-26,SAS,PHX,1,0.81996024
0022501014,2026-03-19,2025-26,UTA,MIL,1,0.23859604
0022501015,2026-03-19,2025-26,SAC,PHI,0,0.61821085
0022501016,2026-03-20,2025-26,BKN,NYK,0,0.11304203
0022501017,2026-03-20,2025-26,DET,GSW,1,0.65670705
0022501018,2026-03-20,2025-26,HOU,ATL,1,0.3095167
0022501019,2026-03-20,2025-26,MEM,BOS,0,0.17894241
0022501020,2026-03-20,2025-26,MIN,POR,0,0.4728368
0022501021,2026-03-20,2025-26,DEN,TOR,1,0.71927255
0022501022,2026-03-21,2025-26,WAS,OKC,0,0.1453026
0022501023,2026-03-21,2025-26,CHA,MEM,1,0.90857524
0022501024,2026-03-21,2025-26,ORL,LAL,0,0.37453833
0022501025,2026-03-21,2025-26,NOP,CLE,0,0.4832083
0022501026,2026-03-21,2025-26,ATL,GSW,1,0.853912
0022501027,2026-03-21,2025-26,HOU,MIA,1,0.34144747
0022501028,2026-03-21,2025-26,SAS,IND,1,0.86050457
0022501029,2026-03-21,2025-26,DAL,LAC,0,0.22605665
0022501030,2026-03-21,2025-26,UTA,PHI,0,0.5050143
0022501031,2026-03-21,2025-26,PHX,MIL,0,0.70993644
0022501032,2026-03-22,2025-26,DEN,POR,1,0.7609844
0022501033,2026-03-22,2025-26,SAC,BKN,1,0.77396023
0022501034,2026-03-22,2025-26,NYK,WAS,1,0.9154359
0022501035,2026-03-22,2025-26,BOS,MIN,0,0.78688204
0022501036,2026-03-22,2025-26,PHX,TOR,1,0.29898638
0022501037,2026-03-23,2025-26,ATL,MEM,1,0.870335
0022501038,2026-03-23,2025-26,DET,LAL,1,0.35190487
0022501039,2026-03-23,2025-26,ORL,IND,0,0.79274124
0022501040,2026-03-23,2025-26,PHI,OKC,0,0.18621126
0022501041,2026-03-23,2025-26,MIA,SAS,0,0.47892871
0022501042,2026-03-23,2025-26,CHI,HOU,1,0.3515337
0022501043,2026-03-23,2025-26,UTA,TOR,0,0.44861928
0022501044,2026-03-23,2025-26,DAL,GSW,0,0.41645786
0022501045,2026-03-23,2025-26,POR,BKN,1,0.8743768
0022501046,2026-03-23,2025-26,LAC,MIL,1,0.84672177
0022501047,2026-03-24,2025-26,CHA,SAC,1,0.89550257
0022501048,2026-03-24,2025-26,NYK,NOP,1,0.6400339
0022501049,2026-03-24,2025-26,CLE,ORL,1,0.7845637
0022501050,2026-03-24,2025-26,PHX,DEN,0,0.34718996
0022501051,2026-03-25,2025-26,DET,ATL,0,0.34664753
0022501052,2026-03-25,2025-26,IND,LAL,0,0.19474389
0022501053,2026-03-25,2025-26,PHI,CHI,1,0.7543647
0022501054,2026-03-25,2025-26,BOS,OKC,1,0.53134036
0022501055,2026-03-25,2025-26,CLE,MIA,0,0.50531036
0022501056,2026-03-25,2025-26,MEM,SAS,0,0.1535365
0022501057,2026-03-25,2025-26,UTA,WAS,0,0.63045037
0022501058,2026-03-25,2025-26,MIN,HOU,1,0.5385324
0022501059,2026-03-25,2025-26,DEN,DAL,1,0.86357963
0022501060,2026-03-25,2025-26,GSW,BKN,1,0.81944793
0022501061,2026-03-25,2025-26,POR,MIL,1,0.8552972
0022501062,2026-03-25,2025-26,LAC,TOR,1,0.7115937
0022501063,2026-03-26,2025-26,CHA,NYK,1,0.60579455
0022501064,2026-03-26,2025-26,DET,NOP,1,0.44133788
0022501065,2026-03-26,2025-26,ORL,SAC,1,0.8598651
0022501066,2026-03-27,2025-26,IND,LAC,0,0.22459604
0022501067,2026-03-27,2025-26,BOS,ATL,1,0.44415078
0022501068,2026-03-27,2025-26,CLE,MIA,1,0.5378743
0022501069,2026-03-27,2025-26,MEM,HOU,0,0.2286593
0022501070,2026-03-27,2025-26,OKC,CHI,1,0.85784817
0022501071,2026-03-27,2025-26,TOR,NOP,1,0.66316473
0022501072,2026-03-27,2025-26,DEN,UTA,1,0.88690716
0022501073,2026-03-27,2025-26,GSW,WAS,1,0.7123272
0022501074,2026-03-27,2025-26,POR,DAL,0,0.79280967
0022501075,2026-03-27,2025-26,LAL,BKN,1,0.9278468
0022501076,2026-03-28,2025-26,MIL,SAS,0,0.108299054
0022501077,2026-03-28,2025-26,CHA,PHI,0,0.6755953
0022501078,2026-03-28,2025-26,ATL,SAC,1,0.8469541
0022501079,2026-03-28,2025-26,MEM,CHI,1,0.30868217
0022501080,2026-03-28,2025-26,MIN,DET,0,0.426224
0022501081,2026-03-28,2025-26,PHX,UTA,1,0.8613128
0022501082,2026-03-29,2025-26,MIL,LAC,0,0.10546628
0022501083,2026-03-29,2025-26,IND,MIA,1,0.21901177
0022501084,2026-03-29,2025-26,BKN,SAC,1,0.38157985
0022501085,2026-03-29,2025-26,CHA,BOS,0,0.674026
0022501086,2026-03-29,2025-26,TOR,ORL,1,0.45572004
0022501087,2026-03-29,2025-26,POR,WAS,1,0.80517703
0022501088,2026-03-29,2025-26,NOP,HOU,0,0.50710994
0022501089,2026-03-29,2025-26,OKC,NYK,1,0.6018137
0022501090,2026-03-29,2025-26,DEN,GSW,1,0.83428407
0022501091,2026-03-30,2025-26,MIA,PHI,1,0.435069
0022501092,2026-03-30,2025-26,ATL,BOS,1,0.76837754
0022501093,2026-03-30,2025-26,MEM,PHX,0,0.19658495
0022501094,2026-03-30,2025-26,SAS,CHI,1,0.8978975
0022501095,2026-03-30,2025-26,DAL,MIN,0,0.2662076
0022501096,2026-03-30,2025-26,UTA,CLE,0,0.19614948
0022501097,2026-03-30,2025-26,OKC,DET,1,0.75741595
0022501098,2026-03-30,2025-26,LAL,WAS,1,0.87960196
0022500652,2026-03-31,2025-26,MIL,DAL,1,0.4704242
0022501099,2026-03-31,2025-26,ORL,PHX,1,0.46044025
0022501100,2026-03-31,2025-26,BKN,CHA,0,0.12015108
0022501101,2026-03-31,2025-26,DET,TOR,1,0.52368695
0022501102,2026-03-31,2025-26,HOU,NYK,1,0.52094615
0022501103,2026-03-31,2025-26,LAL,CLE,1,0.6323049
0022501104,2026-03-31,2025-26,LAC,POR,0,0.6869425
0022501003,2026-04-01,2025-26,MEM,NYK,0,0.20881599
0022501105,2026-04-01,2025-26,WAS,PHI,0,0.20908435
0022501106,2026-04-01,2025-26,MIA,BOS,0,0.4787821
0022501107,2026-04-01,2025-26,ORL,ATL,0,0.26947737
0022501108,2026-04-01,2025-26,TOR,SAC,0,0.8175664
0022501109,2026-04-01,2025-26,CHI,IND,0,0.5811698
0022501110,2026-04-01,2025-26,HOU,MIL,1,0.92684686
0022501112,2026-04-01,2025-26,UTA,DEN,0,0.17110793
0022501113,2026-04-01,2025-26,GSW,SAS,0,0.12614396
0022501114,2026-04-02,2025-26,CHA,PHX,1,0.7120277
0022501115,2026-04-02,2025-26,DET,MIN,1,0.65132725
0022501116,2026-04-02,2025-26,OKC,LAL,1,0.56162065
0022501117,2026-04-02,2025-26,GSW,CLE,0,0.23336123
0022501118,2026-04-02,2025-26,POR,NOP,1,0.56729984
0022501119,2026-04-02,2025-26,LAC,SAS,0,0.58169806
0022501120,2026-04-03,2025-26,CHA,IND,1,0.85222876
0022501121,2026-04-03,2025-26,PHI,MIN,1,0.7422801
0022501122,2026-04-03,2025-26,BKN,ATL,0,0.09683364
0022501123,2026-04-03,2025-26,NYK,CHI,1,0.8348441
0022501124,2026-04-03,2025-26,HOU,UTA,1,0.8645603
0022501125,2026-04-03,2025-26,MEM,TOR,0,0.15997583
0022501126,2026-04-03,2025-26,MIL,BOS,0,0.13055772
0022501127,2026-04-03,2025-26,DAL,ORL,0,0.308393
0022501128,2026-04-03,2025-26,SAC,NOP,1,0.35566458
0022501129,2026-04-04,2025-26,MIA,WAS,1,0.87071013
0022501130,2026-04-04,2025-26,DEN,SAS,1,0.4632565
0022501131,2026-04-04,2025-26,PHI,DET,0,0.45031115
0022501132,2026-04-05,2025-26,BOS,TOR,1,0.74826556
0022501133,2026-04-05,2025-26,BKN,WAS,1,0.43410408
0022501134,2026-04-05,2025-26,CHI,PHX,0,0.21989249
0022501135,2026-04-05,2025-26,MIL,MEM,1,0.75739634
0022501136,2026-04-05,2025-26,CLE,IND,1,0.84976995
0022501137,2026-04-05,2025-26,MIN,CHA,0,0.29371765
0022501138,2026-04-05,2025-26,NOP,ORL,0,0.42114413
0022501139,2026-04-05,2025-26,OKC,UTA,1,0.90462047
0022501140,2026-04-05,2025-26,DAL,LAL,1,0.33918127
0022501141,2026-04-05,2025-26,SAC,LAC,0,0.2483972
0022501142,2026-04-05,2025-26,GSW,HOU,0,0.30839273
0022501143,2026-04-06,2025-26,ATL,NYK,0,0.6858026
0022501144,2026-04-06,2025-26,ORL,DET,1,0.3687192
0022501145,2026-04-06,2025-26,MEM,CLE,0,0.13907766
0022501146,2026-04-06,2025-26,SAS,PHI,1,0.6707106
0022501147,2026-04-06,2025-26,DEN,POR,1,0.69785637
0022501148,2026-04-07,2025-26,WAS,CHI,0,0.56017673
0022501149,2026-04-07,2025-26,BOS,CHA,1,0.5987186
0022501150,2026-04-07,2025-26,BKN,MIL,1,0.49663064
0022501151,2026-04-07,2025-26,TOR,MIA,1,0.50440127
0022501152,2026-04-07,2025-26,IND,MIN,0,0.31180203
0022501153,2026-04-07,2025-26,NOP,UTA,1,0.43046662
0022501154,2026-04-07,2025-26,GSW,SAC,1,0.6891868
0022501155,2026-04-07,2025-26,LAL,OKC,0,0.15838054
0022501156,2026-04-07,2025-26,LAC,DAL,1,0.86587334
0022501157,2026-04-07,2025-26,PHX,HOU,0,0.4259114
0022501158,2026-04-08,2025-26,CLE,ATL,1,0.4481637
0022501159,2026-04-08,2025-26,ORL,MIN,1,0.7739482
0022501160,2026-04-08,2025-26,DET,MIL,1,0.9197507
0022501161,2026-04-08,2025-26,SAS,POR,1,0.61390597
0022501162,2026-04-08,2025-26,DEN,MEM,1,0.93784994
0022501163,2026-04-08,2025-26,LAC,OKC,0,0.3213573
0022501164,2026-04-08,2025-26,PHX,DAL,1,0.8631742
0022501165,2026-04-09,2025-26,TOR,MIA,1,0.58571404
0022501166,2026-04-09,2025-26,WAS,CHI,0,0.43979898
0022501167,2026-04-09,2025-26,BKN,IND,0,0.39272383
0022501168,2026-04-09,2025-26,NYK,BOS,1,0.52462405
0022501169,2026-04-09,2025-26,HOU,PHI,1,0.7252748
0022501170,2026-04-09,2025-26,GSW,LAL,0,0.37834126
0022501171,2026-04-10,2025-26,CHA,DET,0,0.564134
0022501172,2026-04-10,2025-26,WAS,MIA,0,0.2121829
0022501173,2026-04-10,2025-26,ATL,CLE,1,0.75296164
0022501174,2026-04-10,2025-26,BOS,NOP,1,0.8847308
0022501175,2026-04-10,2025-26,IND,PHI,0,0.27616024
0022501176,2026-04-10,2025-26,NYK,TOR,1,0.655343
0022501177,2026-04-10,2025-26,CHI,ORL,0,0.26619765
0022501178,2026-04-10,2025-26,HOU,MIN,0,0.6778116
0022501179,2026-04-10,2025-26,MIL,BKN,1,0.71432036
0022501180,2026-04-10,2025-26,SAS,DAL,1,0.900458
0022501181,2026-04-10,2025-26,UTA,MEM,1,0.80507934
0022501182,2026-04-10,2025-26,DEN,OKC,1,0.42581403
0022501183,2026-04-10,2025-26,POR,LAC,1,0.46872342
0022501184,2026-04-10,2025-26,SAC,GSW,1,0.42532238
0022501185,2026-04-10,2025-26,LAL,PHX,1,0.5431968
0022501186,2026-04-12,2025-26,BOS,ORL,1,0.25507048
0022501187,2026-04-12,2025-26,CLE,WAS,1,0.7682223
0022501188,2026-04-12,2025-26,IND,DET,0,0.20253938
0022501189,2026-04-12,2025-26,MIA,ATL,1,0.9135615
0022501190,2026-04-12,2025-26,NYK,CHA,0,0.29017773
0022501191,2026-04-12,2025-26,PHI,MIL,1,0.825995
0022501192,2026-04-12,2025-26,TOR,BKN,1,0.91181743
0022501193,2026-04-12,2025-26,DAL,CHI,1,0.5059613
0022501194,2026-04-12,2025-26,HOU,MEM,1,0.89046437
0022501195,2026-04-12,2025-26,MIN,NOP,1,0.6343412
0022501196,2026-04-12,2025-26,OKC,PHX,0,0.41287738
0022501197,2026-04-12,2025-26,SAS,DEN,0,0.71361566
0022501198,2026-04-12,2025-26,LAL,UTA,1,0.8312471
0022501199,2026-04-12,2025-26,LAC,GSW,1,0.67294854
0022501200,2026-04-12,2025-26,POR,SAC,1,0.8118328
