date,season,home,away,home_win,p_home
2024-10-25,2024-25,ORL,BKN,1,0.7033876037910936
2024-10-25,2024-25,TOR,PHI,1,0.45068503662635967
2024-10-25,2024-25,ATL,CHA,1,0.5026300047559625
2024-10-25,2024-25,CLE,DET,1,0.578715744115475
2024-10-25,2024-25,NYK,IND,1,0.7724718421782534
2024-10-25,2024-25,HOU,MEM,1,0.7947762028954171
2024-10-25,2024-25,MIL,CHI,0,0.4036863852569169
2024-10-25,2024-25,UTA,GSW,0,0.5496184902505498
2024-10-25,2024-25,LAL,PHX,1,0.5653996248870575
2024-10-25,2024-25,POR,NOP,0,0.18319143509542535
2024-10-26,2024-25,DEN,LAC,0,0.8417171355642858
2024-10-26,2024-25,CHA,MIA,0,0.4328025625627378
2024-10-26,2024-25,DET,BOS,0,0.14044904879453968
2024-10-26,2024-25,WAS,CLE,0,0.385534340118713
2024-10-26,2024-25,CHI,OKC,0,0.34485927851225845
2024-10-26,2024-25,MEM,ORL,1,0.4599680674490872
2024-10-26,2024-25,MIN,TOR,1,0.8152309987608127
2024-10-26,2024-25,SAS,HOU,1,0.7744255594638912
2024-10-26,2024-25,PHX,DAL,1,0.6058624250463803
2024-10-26,2024-25,LAL,SAC,1,0.5427645011419352
2024-10-27,2024-25,IND,PHI,0,0.7632072095506828
2024-10-27,2024-25,BKN,MIL,1,0.4473498526518609
2024-10-27,2024-25,POR,NOP,1,0.14533914649295704
2024-10-27,2024-25,OKC,ATL,1,0.6810694010538852
2024-10-27,2024-25,GSW,LAC,0,0.7414169313705651
2024-10-28,2024-25,ORL,IND,1,0.5828434376814758
2024-10-28,2024-25,ATL,WAS,0,0.6372585893756652
2024-10-28,2024-25,BOS,MIL,1,0.8719154068111103
2024-10-28,2024-25,MIA,DET,1,0.6924550154612289
2024-10-28,2024-25,NYK,CLE,0,0.7550268516702049
2024-10-28,2024-25,TOR,DEN,0,0.28891842130399303
2024-10-28,2024-25,MEM,CHI,0,0.4499090457203987
2024-10-28,2024-25,SAS,HOU,0,0.6168859482017428
2024-10-28,2024-25,DAL,UTA,1,0.660932216408367
2024-10-28,2024-25,PHX,LAL,1,0.6141963002382961
2024-10-28,2024-25,SAC,POR,1,0.8278649785836543
2024-10-29,2024-25,BKN,DEN,0,0.3676762086203275
2024-10-29,2024-25,MIN,DAL,0,0.6730899395517258
2024-10-29,2024-25,UTA,SAC,0,0.42756863367646936
2024-10-29,2024-25,GSW,NOP,1,0.516236975475336
2024-10-30,2024-25,CHA,TOR,1,0.6675263515033002
2024-10-30,2024-25,CLE,LAL,1,0.5576368053854406
2024-10-30,2024-25,IND,BOS,1,0.33066295509461285
2024-10-30,2024-25,PHI,DET,0,0.566410425925698
2024-10-30,2024-25,WAS,ATL,1,0.3568907961026502
2024-10-30,2024-25,MIA,NYK,0,0.3795077064473912
2024-10-30,2024-25,CHI,ORL,1,0.37657815662929783
2024-10-30,2024-25,MEM,BKN,0,0.6418371245548651
2024-10-30,2024-25,OKC,SAS,1,0.7508238047862861
2024-10-30,2024-25,GSW,NOP,1,0.6472828551906383
2024-10-30,2024-25,LAC,POR,0,0.7504573007548999
2024-10-31,2024-25,MEM,MIL,1,0.358782253630446
2024-10-31,2024-25,DAL,HOU,0,0.6116399357025856
2024-10-31,2024-25,UTA,SAS,0,0.5834806942736748
2024-10-31,2024-25,LAC,PHX,0,0.3016972708651956
2024-11-01,2024-25,CHA,BOS,0,0.2494224094226044
2024-11-01,2024-25,CLE,ORL,1,0.6307010316740111
2024-11-01,2024-25,DET,NYK,0,0.312224397274906
2024-11-01,2024-25,ATL,SAC,0,0.3321108606667223
2024-11-01,2024-25,BKN,CHI,1,0.5098250123174005
2024-11-01,2024-25,TOR,LAL,0,0.23411630566896743
2024-11-01,2024-25,NOP,IND,1,0.45148676904202417
2024-11-01,2024-25,MIN,DEN,1,0.5573919023271242
2024-11-01,2024-25,POR,OKC,0,0.2117655648037496
2024-11-02,2024-25,CHA,BOS,0,0.17937572793540696
2024-11-02,2024-25,PHI,MEM,0,0.5691267112028123
2024-11-02,2024-25,TOR,SAC,1,0.3374132912564822
2024-11-02,2024-25,HOU,GSW,0,0.5463748063230238
2024-11-02,2024-25,MIL,CLE,0,0.46778496667746655
2024-11-02,2024-25,SAS,MIN,1,0.5242209971937607
2024-11-02,2024-25,DEN,UTA,1,0.7954678494795081
2024-11-02,2024-25,PHX,POR,1,0.9063076676539917
2024-11-02,2024-25,LAC,OKC,0,0.46765294315017764
2024-11-03,2024-25,BKN,DET,0,0.598408708121835
2024-11-03,2024-25,NOP,ATL,0,0.6239485047421613
2024-11-03,2024-25,DAL,ORL,1,0.5868478254640588
2024-11-04,2024-25,CLE,MIL,1,0.7176313668465413
2024-11-04,2024-25,WAS,GSW,0,0.231831668382627
2024-11-04,2024-25,DET,LAL,1,0.34751002526313135
2024-11-04,2024-25,ATL,BOS,0,0.1628070754052457
2024-11-04,2024-25,BKN,MEM,1,0.46737656983501336
2024-11-04,2024-25,MIA,SAC,0,0.4951758632055033
2024-11-04,2024-25,CHI,UTA,0,0.7607421819146166
2024-11-04,2024-25,HOU,NYK,1,0.4333845257145004
2024-11-04,2024-25,MIN,CHA,1,0.7666840850302487
2024-11-04,2024-25,OKC,ORL,1,0.8189312190075685
2024-11-04,2024-25,NOP,POR,0,0.6102290292294034
2024-11-04,2024-25,DAL,IND,0,0.5765371280561821
2024-11-04,2024-25,DEN,TOR,1,0.7848421610210435
2024-11-04,2024-25,PHX,PHI,1,0.772020214633309
2024-11-04,2024-25,LAC,SAS,1,0.6511679792934599
2024-11-06,2024-25,CHA,DET,1,0.5434795033882197
2024-11-06,2024-25,IND,ORL,1,0.6746856080519169
2024-11-06,2024-25,ATL,NYK,1,0.24708573236565706
2024-11-06,2024-25,BOS,GSW,0,0.756981725941416
2024-11-06,2024-25,HOU,SAS,1,0.6596620442324284
2024-11-06,2024-25,MEM,LAL,1,0.5089946503678727
2024-11-06,2024-25,NOP,CLE,0,0.40121036261111614
2024-11-06,2024-25,DAL,CHI,1,0.668938519483321
2024-11-06,2024-25,DEN,OKC,1,0.47445379592956866
2024-11-06,2024-25,PHX,MIA,1,0.7562405442566535
2024-11-06,2024-25,LAC,PHI,1,0.5779482695235719
2024-11-06,2024-25,SAC,TOR,1,0.7573445932940029
2024-11-07,2024-25,CHI,MIN,0,0.33407633114855817
2024-11-07,2024-25,MIL,UTA,1,0.6547514576071715
2024-11-07,2024-25,SAS,POR,1,0.6724462035969828
2024-11-08,2024-25,CHA,IND,1,0.3851884356310128
2024-11-08,2024-25,DET,ATL,1,0.6227592378344524
2024-11-08,2024-25,ORL,NOP,1,0.6848150431587333
2024-11-08,2024-25,BOS,BKN,1,0.8829567714954722
2024-11-08,2024-25,CLE,GSW,1,0.5507262334555709
2024-11-08,2024-25,NYK,MIL,1,0.7829822488981321
2024-11-08,2024-25,DAL,PHX,0,0.4251628341077444
2024-11-08,2024-25,MEM,WAS,1,0.7257415521773147
2024-11-08,2024-25,OKC,HOU,1,0.7191382241150556
2024-11-08,2024-25,MIN,POR,1,0.8309987854425064
2024-11-08,2024-25,DEN,MIA,1,0.7127231892124908
2024-11-08,2024-25,LAL,PHI,1,0.6966251986278575
2024-11-08,2024-25,SAC,LAC,0,0.647624756715074
2024-11-09,2024-25,SAS,UTA,0,0.6490741203450835
2024-11-09,2024-25,ATL,CHI,0,0.4912737833852683
2024-11-09,2024-25,CLE,BKN,1,0.8331086993033587
2024-11-09,2024-25,LAC,TOR,1,0.7190688537616218
2024-11-10,2024-25,DET,HOU,0,0.4883022142389262
2024-11-10,2024-25,MIL,BOS,0,0.29230639810265474
2024-11-10,2024-25,IND,NYK,1,0.4350708176770322
2024-11-10,2024-25,ORL,WAS,1,0.7514808550165997
2024-11-10,2024-25,PHI,CHA,1,0.5598828382349899
2024-11-10,2024-25,MIN,MIA,0,0.7228260068090105
2024-11-10,2024-25,OKC,GSW,0,0.6072092691169999
2024-11-10,2024-25,DEN,DAL,1,0.6356239478780344
2024-11-10,2024-25,PHX,SAC,0,0.6549782151668938
2024-11-10,2024-25,POR,MEM,0,0.4415351124202365
2024-11-10,2024-25,LAL,TOR,1,0.8191227992116759
2024-11-11,2024-25,CHI,CLE,0,0.2676906886592592
2024-11-11,2024-25,HOU,WAS,1,0.8340739449281771
2024-11-11,2024-25,NOP,BKN,0,0.48871952531944735
2024-11-11,2024-25,OKC,LAC,1,0.6102103826782541
2024-11-11,2024-25,SAS,SAC,1,0.5234419595187232
2024-11-12,2024-25,BOS,ATL,0,0.8836377676715843
2024-11-12,2024-25,DET,MIA,1,0.5070486848041735
2024-11-12,2024-25,ORL,CHA,1,0.6483166467617162
2024-11-12,2024-25,PHI,NYK,0,0.40088969896395094
2024-11-12,2024-25,MIL,TOR,1,0.6735020264459811
2024-11-12,2024-25,UTA,PHX,0,0.33762758376812624
2024-11-12,2024-25,GSW,DAL,1,0.6148354868680653
2024-11-12,2024-25,POR,MIN,1,0.2372448183134101
2024-11-13,2024-25,ORL,IND,1,0.4442967906942633
2024-11-13,2024-25,BKN,BOS,0,0.28022514007528615
2024-11-13,2024-25,NYK,CHI,0,0.7758997667594254
2024-11-13,2024-25,PHI,CLE,0,0.19242130442146504
2024-11-13,2024-25,OKC,NOP,1,0.8492688188333928
2024-11-13,2024-25,HOU,LAC,1,0.6058304949145358
2024-11-13,2024-25,MIL,DET,1,0.7252286797941188
2024-11-13,2024-25,SAS,WAS,1,0.7524019820620689
2024-11-13,2024-25,LAL,MEM,1,0.6712350017345544
2024-11-13,2024-25,POR,MIN,1,0.2433590901472306
2024-11-13,2024-25,SAC,PHX,1,0.6271588178872025
2024-11-14,2024-25,UTA,DAL,1,0.3321237146729152
2024-11-15,2024-25,IND,MIA,0,0.6016796240217315
2024-11-15,2024-25,ORL,PHI,1,0.6194786897185172
2024-11-15,2024-25,TOR,DET,0,0.5364780309740396
2024-11-15,2024-25,ATL,WAS,1,0.7389325332162879
2024-11-15,2024-25,CLE,CHI,1,0.8227842373510899
2024-11-15,2024-25,NYK,BKN,1,0.7879471333641732
2024-11-15,2024-25,SAS,LAL,0,0.4797749801355057
2024-11-15,2024-25,HOU,LAC,1,0.6300692844154991
2024-11-15,2024-25,NOP,DEN,1,0.2960624490088307
2024-11-15,2024-25,OKC,PHX,1,0.6695090547940263
2024-11-15,2024-25,GSW,MEM,1,0.7812062201507093
2024-11-15,2024-25,SAC,MIN,0,0.5923965101789823
2024-11-16,2024-25,CHA,MIL,1,0.45962287778009503
2024-11-16,2024-25,BOS,TOR,1,0.920526985005704
2024-11-16,2024-25,NOP,LAL,0,0.28038179181829026
2024-11-16,2024-25,DAL,SAS,1,0.7587754162315546
2024-11-16,2024-25,SAC,UTA,1,0.7343592009066551
2024-11-17,2024-25,MIN,PHX,1,0.5767000813593391
2024-11-17,2024-25,IND,MIA,1,0.5489682478876796
2024-11-17,2024-25,CLE,CHA,1,0.8430709056120411
2024-11-17,2024-25,WAS,DET,0,0.4607334281734722
2024-11-17,2024-25,MEM,DEN,1,0.5403880202586312
2024-11-17,2024-25,POR,ATL,1,0.4655503705743219
2024-11-17,2024-25,NYK,BKN,1,0.8310167912582714
2024-11-17,2024-25,CHI,HOU,0,0.4531305256463295
2024-11-17,2024-25,OKC,DAL,0,0.7463069785680767
2024-11-17,2024-25,LAC,UTA,1,0.8151098373771641
2024-11-18,2024-25,DET,CHI,0,0.5715150329627217
2024-11-18,2024-25,MIA,PHI,1,0.5869996647833463
2024-11-18,2024-25,NYK,WAS,1,0.8620357822165313
2024-11-18,2024-25,TOR,IND,1,0.4386476255865844
2024-11-18,2024-25,MIL,HOU,1,0.5485484437982951
2024-11-18,2024-25,PHX,ORL,0,0.48202341866238807
2024-11-18,2024-25,SAC,ATL,0,0.7623263901839891
2024-11-18,2024-25,LAC,GSW,1,0.3745793076196508
2024-11-19,2024-25,BOS,CLE,1,0.7029650178370022
2024-11-19,2024-25,BKN,CHA,1,0.6437306828207308
2024-11-19,2024-25,MEM,DEN,0,0.5631112154982173
2024-11-19,2024-25,DAL,NOP,1,0.8348338395612518
2024-11-19,2024-25,SAS,OKC,1,0.3022625570745174
2024-11-19,2024-25,LAL,UTA,1,0.7564111071975919
2024-11-20,2024-25,CLE,NOP,1,0.9265867967411481
2024-11-20,2024-25,MIL,CHI,1,0.6033331220082384
2024-11-20,2024-25,HOU,IND,1,0.6103176016144463
2024-11-20,2024-25,MEM,PHI,1,0.521557957247342
2024-11-20,2024-25,OKC,POR,1,0.8070784006043736
2024-11-20,2024-25,PHX,NYK,0,0.4877546659649697
2024-11-20,2024-25,GSW,ATL,1,0.7901702983811169
2024-11-20,2024-25,LAC,ORL,1,0.5548976305717156
2024-11-21,2024-25,CHA,DET,1,0.616891612200062
2024-11-21,2024-25,TOR,MIN,1,0.33219026379877564
2024-11-21,2024-25,SAS,UTA,1,0.7115893044545715
2024-11-21,2024-25,LAL,ORL,0,0.6684640398836108
2024-11-22,2024-25,PHI,BKN,1,0.47683430950214406
2024-11-22,2024-25,WAS,BOS,0,0.1354359006317955
2024-11-22,2024-25,MIL,IND,1,0.5450312376484742
2024-11-22,2024-25,CHI,ATL,1,0.5453354874589739
2024-11-22,2024-25,HOU,POR,1,0.7722757022300473
2024-11-22,2024-25,NOP,GSW,0,0.23752151554724696
2024-11-22,2024-25,DEN,DAL,0,0.5672674062277491
2024-11-22,2024-25,LAC,SAC,1,0.5830194271007335
2024-11-23,2024-25,UTA,NYK,1,0.25199220341675066
2024-11-23,2024-25,ORL,DET,1,0.6965269006297468
2024-11-23,2024-25,CHI,MEM,0,0.46112570060664887
2024-11-23,2024-25,HOU,POR,0,0.8188123292308941
2024-11-23,2024-25,MIL,CHA,1,0.6526412471070442
2024-11-23,2024-25,SAS,GSW,1,0.4535516294937925
2024-11-23,2024-25,LAL,DEN,0,0.6045038680825613
2024-11-24,2024-25,BOS,MIN,1,0.8098921468871851
2024-11-24,2024-25,IND,WAS,1,0.766604100952972
2024-11-24,2024-25,MIA,DAL,1,0.5498089524068307
2024-11-24,2024-25,PHI,LAC,0,0.35280437585383767
2024-11-24,2024-25,CLE,TOR,1,0.841587547777393
2024-11-24,2024-25,SAC,BKN,0,0.7865043954939065
2024-11-25,2024-25,CHA,ORL,0,0.33279692505915115
2024-11-25,2024-25,DET,TOR,1,0.5951816453420663
2024-11-25,2024-25,IND,NOP,1,0.6737970277520761
2024-11-25,2024-25,ATL,DAL,0,0.46384519464799595
2024-11-25,2024-25,BOS,LAC,1,0.7403336478207646
2024-11-25,2024-25,MEM,POR,1,0.6813298939650636
2024-11-25,2024-25,DEN,NYK,0,0.5789341870873032
2024-11-25,2024-25,GSW,BKN,0,0.9002226873024808
2024-11-25,2024-25,SAC,OKC,0,0.3640670107983862
2024-11-26,2024-25,WAS,CHI,0,0.36139865177508845
2024-11-26,2024-25,MIA,MIL,0,0.6286053907665098
2024-11-26,2024-25,MIN,HOU,0,0.5311685311107636
2024-11-26,2024-25,UTA,SAS,0,0.3921422652963214
2024-11-26,2024-25,PHX,LAL,1,0.6688802187567293
2024-11-27,2024-25,CHA,MIA,0,0.40385811648244296
2024-11-27,2024-25,CLE,ATL,0,0.8084892777111801
2024-11-27,2024-25,IND,POR,1,0.6399505654512152
2024-11-27,2024-25,ORL,CHI,1,0.7279209794199016
2024-11-27,2024-25,PHI,HOU,0,0.37397154635327845
2024-11-27,2024-25,WAS,LAC,0,0.19570823264088982
2024-11-27,2024-25,DAL,NYK,1,0.569939629530203
2024-11-27,2024-25,MEM,DET,1,0.7021791805434773
2024-11-27,2024-25,MIN,SAC,0,0.593790817758724
2024-11-27,2024-25,NOP,TOR,0,0.45698539608725064
2024-11-27,2024-25,SAS,LAL,0,0.5566457091291954
2024-11-27,2024-25,PHX,BKN,0,0.613318452119124
2024-11-27,2024-25,UTA,DEN,0,0.23214797617884592
2024-11-27,2024-25,GSW,OKC,0,0.4390567331158864
2024-11-29,2024-25,CHA,NYK,0,0.20514852563287178
2024-11-29,2024-25,ATL,CLE,1,0.33297261837987474
2024-11-29,2024-25,MEM,NOP,1,0.7480397000903296
2024-11-29,2024-25,BKN,ORL,0,0.4850291620787738
2024-11-29,2024-25,MIN,LAC,1,0.5387982300127611
2024-11-29,2024-25,IND,DET,0,0.6386166472438706
2024-11-29,2024-25,MIA,TOR,1,0.6932129736857023
2024-11-29,2024-25,CHI,BOS,0,0.21188052260774243
2024-11-29,2024-25,LAL,OKC,0,0.3556903067855951
2024-11-29,2024-25,POR,SAC,1,0.3506575480010053
2024-11-30,2024-25,CHA,ATL,0,0.41784886223236306
2024-11-30,2024-25,DET,PHI,0,0.5189595981041183
2024-11-30,2024-25,MIL,WAS,1,0.8407835664601185
2024-11-30,2024-25,PHX,GSW,1,0.5355878994331333
2024-11-30,2024-25,UTA,DAL,0,0.264960931229579
2024-12-01,2024-25,BKN,ORL,0,0.42714849277084027
2024-12-01,2024-25,MEM,IND,1,0.6360937038144454
2024-12-01,2024-25,CLE,BOS,1,0.42742833893335636
2024-12-01,2024-25,NYK,NOP,1,0.862869738479302
2024-12-01,2024-25,TOR,MIA,1,0.45316198051918144
2024-12-01,2024-25,HOU,OKC,1,0.4230064731422277
2024-12-01,2024-25,UTA,LAL,0,0.32757857053544176
2024-12-01,2024-25,POR,DAL,0,0.3548455401894314
2024-12-01,2024-25,SAC,SAS,0,0.604254121265563
2024-12-01,2024-25,LAC,DEN,1,0.5589405314835578
2024-12-02,2024-25,ATL,NOP,1,0.7910530178274527
2024-12-02,2024-25,BOS,MIA,1,0.7646272878634913
2024-12-02,2024-25,CHI,BKN,1,0.6846130562602241
2024-12-02,2024-25,MIN,LAL,1,0.6965609996475904
2024-12-03,2024-25,CHA,PHI,0,0.4360664640596499
2024-12-03,2024-25,CLE,WAS,1,0.8997139687874297
2024-12-03,2024-25,DET,MIL,0,0.4137728845350095
2024-12-03,2024-25,NYK,ORL,1,0.6330872935056477
2024-12-03,2024-25,TOR,IND,1,0.5328583412761012
2024-12-03,2024-25,OKC,UTA,1,0.8757665563561269
2024-12-03,2024-25,DAL,MEM,1,0.6682974013129412
2024-12-03,2024-25,PHX,SAS,1,0.6778956292502409
2024-12-03,2024-25,DEN,GSW,1,0.5687743580672628
2024-12-03,2024-25,SAC,HOU,1,0.48123099221159893
2024-12-03,2024-25,LAC,POR,1,0.7389875655263863
2024-12-04,2024-25,BOS,DET,1,0.879334235291378
2024-12-04,2024-25,BKN,IND,1,0.5824490270470914
2024-12-04,2024-25,MIA,LAL,1,0.6355612932268345
2024-12-04,2024-25,PHI,ORL,0,0.2885479473117574
2024-12-04,2024-25,MIL,ATL,0,0.5162852866967177
2024-12-04,2024-25,LAC,MIN,0,0.47308145128004164
2024-12-05,2024-25,CLE,DEN,1,0.6298484123567419
2024-12-05,2024-25,WAS,DAL,0,0.19100961937055938
2024-12-05,2024-25,NYK,CHA,1,0.8572770883363569
2024-12-05,2024-25,TOR,OKC,0,0.22697210980376298
2024-12-05,2024-25,MEM,SAC,1,0.603998586103496
2024-12-05,2024-25,NOP,PHX,1,0.35232342633061725
2024-12-05,2024-25,SAS,CHI,0,0.5619483726254828
2024-12-05,2024-25,GSW,HOU,1,0.5219588411890621
2024-12-06,2024-25,PHI,ORL,1,0.33031805320046304
2024-12-06,2024-25,ATL,LAL,1,0.6353401214726606
2024-12-06,2024-25,BOS,MIL,1,0.8116858265687311
2024-12-06,2024-25,CHI,IND,0,0.484267175655182
2024-12-06,2024-25,SAS,SAC,0,0.5160135306846242
2024-12-06,2024-25,GSW,MIN,0,0.5830451275349164
2024-12-06,2024-25,POR,UTA,0,0.6270262919561771
2024-12-07,2024-25,CHA,CLE,0,0.24174035697850219
2024-12-07,2024-25,WAS,DEN,1,0.1446690873136229
2024-12-07,2024-25,NOP,OKC,0,0.2136184560705564
2024-12-07,2024-25,NYK,DET,0,0.7641067232333959
2024-12-07,2024-25,TOR,DAL,0,0.2497294964180013
2024-12-07,2024-25,BOS,MEM,0,0.766380264727955
2024-12-07,2024-25,MIA,PHX,1,0.5999302209324197
2024-12-08,2024-25,CHI,PHI,0,0.4860505734208609
2024-12-08,2024-25,BKN,MIL,0,0.44683383120719616
2024-12-08,2024-25,IND,CHA,0,0.761619540224208
2024-12-08,2024-25,ATL,DEN,0,0.5118926622482817
2024-12-08,2024-25,MIA,CLE,1,0.5882904097884804
2024-12-08,2024-25,ORL,PHX,1,0.6462682280964006
2024-12-08,2024-25,WAS,MEM,0,0.2460061639011073
2024-12-08,2024-25,SAS,NOP,1,0.7111351736098751
2024-12-08,2024-25,GSW,MIN,1,0.6095440725833446
2024-12-08,2024-25,LAC,HOU,0,0.5980125823774746
2024-12-08,2024-25,SAC,UTA,1,0.7494242212872048
2024-12-08,2024-25,LAL,POR,1,0.6599923532579128
2024-12-09,2024-25,TOR,NYK,0,0.2755361618061929
2024-12-10,2024-25,MIL,ORL,1,0.5848092755849575
2024-12-10,2024-25,OKC,DAL,1,0.5913568580671712
2024-12-11,2024-25,NYK,ATL,0,0.7497720591483817
2024-12-11,2024-25,HOU,GSW,1,0.5745230170914528
2024-12-12,2024-25,BOS,DET,1,0.8365429288084433
2024-12-12,2024-25,MIA,TOR,1,0.8062983139318052
2024-12-12,2024-25,NOP,SAC,0,0.34020643063800354
2024-12-13,2024-25,CLE,WAS,1,0.9086788465595633
2024-12-13,2024-25,PHI,IND,0,0.6079304435525618
2024-12-13,2024-25,MIN,LAL,1,0.6753943011693861
2024-12-13,2024-25,MEM,BKN,1,0.6848450119215396
2024-12-13,2024-25,CHI,CHA,1,0.6590222095190301
2024-12-13,2024-25,DEN,LAC,1,0.6573895935927263
2024-12-13,2024-25,UTA,PHX,0,0.3554618264211463
2024-12-13,2024-25,POR,SAS,0,0.4618628534605452
2024-12-15,2024-25,IND,NOP,1,0.5595906118917324
2024-12-15,2024-25,WAS,BOS,0,0.11247147345639469
2024-12-15,2024-25,SAS,MIN,0,0.3596405669116844
2024-12-15,2024-25,PHX,POR,1,0.7999827068132505
2024-12-15,2024-25,LAL,MEM,1,0.4660421680855347
2024-12-15,2024-25,ORL,NYK,0,0.4510920404428351
2024-12-15,2024-25,GSW,DAL,0,0.47082225532025845
2024-12-16,2024-25,DET,MIA,1,0.3606582034306565
2024-12-16,2024-25,CHA,PHI,0,0.4173176869479308
2024-12-16,2024-25,TOR,CHI,0,0.47395736675979333
2024-12-16,2024-25,BKN,CLE,0,0.32091469357921565
2024-12-16,2024-25,SAC,DEN,0,0.46396954491528
2024-12-16,2024-25,LAC,UTA,1,0.685050367995308
2024-12-19,2024-25,DET,UTA,0,0.6382483085212385
2024-12-19,2024-25,ORL,OKC,0,0.3255855994988664
2024-12-19,2024-25,WAS,CHA,1,0.4041050366479853
2024-12-19,2024-25,BOS,CHI,0,0.8640663873698767
2024-12-19,2024-25,TOR,BKN,0,0.3730936694526474
2024-12-19,2024-25,HOU,NOP,1,0.800819703339731
2024-12-19,2024-25,MEM,GSW,1,0.5478707664989705
2024-12-19,2024-25,MIN,NYK,0,0.5382967475822716
2024-12-19,2024-25,DAL,LAC,0,0.6473565678751012
2024-12-19,2024-25,PHX,IND,0,0.6690550056821204
2024-12-19,2024-25,SAS,ATL,1,0.5028038824267328
2024-12-19,2024-25,POR,DEN,1,0.29250817811213026
2024-12-19,2024-25,SAC,LAL,0,0.6144620465162058
2024-12-20,2024-25,PHI,CHA,1,0.7704480934211341
2024-12-20,2024-25,CLE,MIL,1,0.6883700640237327
2024-12-20,2024-25,MIA,OKC,0,0.4867240431738595
2024-12-21,2024-25,SAC,LAL,0,0.5471645708542915
2024-12-21,2024-25,ORL,MIA,1,0.6891874777644016
2024-12-21,2024-25,ATL,MEM,0,0.4172293008724307
2024-12-21,2024-25,BKN,UTA,0,0.4762010363104705
2024-12-21,2024-25,CLE,PHI,1,0.7985752139513846
2024-12-21,2024-25,CHI,BOS,0,0.2950330579024288
2024-12-21,2024-25,MIL,WAS,1,0.7267594351285055
2024-12-21,2024-25,MIN,GSW,0,0.5610284119135832
2024-12-21,2024-25,NOP,NYK,0,0.20280841111069883
2024-12-21,2024-25,DAL,LAC,1,0.642112336053
2024-12-21,2024-25,SAS,POR,1,0.632800222199126
2024-12-21,2024-25,PHX,DET,0,0.7038227454150913
2024-12-22,2024-25,TOR,HOU,0,0.2253437441444762
2024-12-22,2024-25,SAC,IND,0,0.4555686886019646
2024-12-22,2024-25,NOP,DEN,0,0.21295441635402718
2024-12-23,2024-25,CHA,HOU,0,0.3980142260299812
2024-12-23,2024-25,CLE,UTA,1,0.72793269598048
2024-12-23,2024-25,ORL,BOS,1,0.37722032164692604
2024-12-23,2024-25,PHI,SAS,1,0.5609159704589312
2024-12-23,2024-25,ATL,MIN,1,0.369483772595248
2024-12-23,2024-25,MIA,BKN,1,0.729038015516226
2024-12-23,2024-25,NYK,TOR,1,0.8673349036428781
2024-12-23,2024-25,CHI,MIL,0,0.5366538913575526
2024-12-23,2024-25,MEM,LAC,0,0.57701419728948
2024-12-23,2024-25,OKC,WAS,1,0.8882595626619858
2024-12-23,2024-25,DAL,POR,1,0.8973978198908864
2024-12-23,2024-25,DEN,PHX,1,0.5453735846107349
2024-12-23,2024-25,GSW,IND,0,0.6825639680682162
2024-12-23,2024-25,LAL,DET,0,0.5854442249958873
2024-12-25,2024-25,NYK,SAS,1,0.7487802856939181
2024-12-25,2024-25,DAL,MIN,0,0.7596207650781771
2024-12-25,2024-25,BOS,PHI,0,0.7281140759591261
2024-12-25,2024-25,GSW,LAL,0,0.6339300252763486
2024-12-25,2024-25,PHX,DEN,1,0.4653591602594784
2024-12-26,2024-25,IND,OKC,0,0.3242479030350973
2024-12-26,2024-25,ORL,MIA,0,0.627085801536188
2024-12-26,2024-25,WAS,CHA,1,0.4977646700713791
2024-12-26,2024-25,ATL,CHI,1,0.611411099051763
2024-12-26,2024-25,MEM,TOR,1,0.7959477991141134
2024-12-26,2024-25,MIL,BKN,0,0.7196204669158174
2024-12-26,2024-25,NOP,HOU,0,0.27597975661218693
2024-12-26,2024-25,POR,UTA,1,0.5283106416120578
2024-12-26,2024-25,SAC,DET,0,0.5382100416193217
2024-12-27,2024-25,ORL,NYK,0,0.4217943295858633
2024-12-27,2024-25,BOS,IND,1,0.8348189365084003
2024-12-27,2024-25,BKN,SAS,0,0.32120722429712995
2024-12-27,2024-25,HOU,MIN,0,0.5296403274892686
2024-12-27,2024-25,NOP,MEM,0,0.22382451553135818
2024-12-27,2024-25,DEN,CLE,0,0.5745013533839748
2024-12-27,2024-25,PHX,DAL,0,0.43024253068843304
2024-12-27,2024-25,LAC,GSW,1,0.7052196433391783
2024-12-28,2024-25,ATL,MIA,1,0.4464769310068999
2024-12-28,2024-25,CHA,OKC,0,0.13855275142886642
2024-12-28,2024-25,WAS,NYK,0,0.1926216072684637
2024-12-28,2024-25,CHI,MIL,1,0.38002788477981214
2024-12-28,2024-25,GSW,PHX,1,0.6099526213036253
2024-12-28,2024-25,DEN,DET,1,0.6491815373445038
2024-12-28,2024-25,UTA,PHI,0,0.3465706293131283
2024-12-28,2024-25,POR,DAL,1,0.27936910494739586
2024-12-28,2024-25,LAL,SAC,1,0.5736400078754451
2024-12-29,2024-25,ORL,BKN,1,0.7551825481131414
2024-12-29,2024-25,BOS,IND,0,0.8039878356948698
2024-12-29,2024-25,TOR,ATL,0,0.49225239454202513
2024-12-29,2024-25,HOU,MIA,0,0.7628927742283633
2024-12-29,2024-25,OKC,MEM,1,0.6763778874220463
2024-12-29,2024-25,MIN,SAS,1,0.6681844553887998
2024-12-30,2024-25,CHA,CHI,0,0.44020466586753393
2024-12-30,2024-25,WAS,NYK,0,0.14756668983199916
2024-12-30,2024-25,NOP,LAC,0,0.2431281558517296
2024-12-30,2024-25,UTA,DEN,0,0.30044742483353304
2024-12-30,2024-25,GSW,CLE,0,0.49264854338925945
2024-12-30,2024-25,POR,PHI,0,0.3309364306935929
2024-12-30,2024-25,SAC,DAL,1,0.46797596704008537
2024-12-31,2024-25,BOS,TOR,1,0.8356796052262092
2024-12-31,2024-25,IND,MIL,0,0.5820278825428806
2024-12-31,2024-25,SAS,LAC,1,0.479227127414944
2024-12-31,2024-25,OKC,MIN,1,0.759768528705025
2024-12-31,2024-25,PHX,MEM,0,0.5570880835963566
2024-12-31,2024-25,LAL,CLE,0,0.4773217333060177
2025-01-01,2024-25,DET,ORL,1,0.3914880567200466
2025-01-01,2024-25,WAS,CHI,1,0.3320978386703804
2025-01-01,2024-25,MIA,NOP,1,0.7876529349913689
2025-01-01,2024-25,NYK,UTA,1,0.855596791401397
2025-01-01,2024-25,TOR,BKN,1,0.37031360959987336
2025-01-01,2024-25,HOU,DAL,1,0.5587112192352001
2025-01-01,2024-25,DEN,ATL,1,0.6847446083066728
2025-01-01,2024-25,SAC,PHI,1,0.4531571516057876
2025-01-02,2024-25,MIA,IND,0,0.5189302236446423
2025-01-02,2024-25,MIN,BOS,0,0.4242021217149271
2025-01-02,2024-25,MIL,BKN,0,0.7877004979153436
2025-01-02,2024-25,OKC,LAC,1,0.7988853134424093
2025-01-02,2024-25,GSW,PHI,1,0.5687608807814761
2025-01-02,2024-25,LAL,POR,1,0.7245672314132645
2025-01-03,2024-25,DET,CHA,1,0.6739457856408743
2025-01-03,2024-25,TOR,ORL,0,0.3099583001919308
2025-01-03,2024-25,HOU,BOS,0,0.6007948579340154
2025-01-03,2024-25,NOP,WAS,1,0.5198273580375158
2025-01-03,2024-25,OKC,NYK,1,0.6517617103287319
2025-01-03,2024-25,DAL,CLE,0,0.3756290103139833
2025-01-03,2024-25,DEN,SAS,0,0.6969963891882556
2025-01-03,2024-25,SAC,MEM,1,0.42563413142946516
2025-01-03,2024-25,LAL,ATL,1,0.47866053930321206
2025-01-04,2024-25,BKN,PHI,0,0.26190865945594755
2025-01-04,2024-25,DET,MIN,1,0.32089597366422473
2025-01-04,2024-25,IND,PHX,1,0.5127626327662793
2025-01-04,2024-25,MIA,UTA,0,0.6670484589151167
2025-01-04,2024-25,CHI,NYK,1,0.3611596639469922
2025-01-04,2024-25,MIL,POR,0,0.7624912539029381
2025-01-04,2024-25,SAS,DEN,0,0.4487623280816025
2025-01-04,2024-25,GSW,MEM,1,0.5151035921316063
2025-01-04,2024-25,LAC,ATL,1,0.7218443296719235
2025-01-05,2024-25,OKC,BOS,1,0.6857925688531514
2025-01-05,2024-25,CLE,CHA,1,0.8969241986873967
2025-01-05,2024-25,WAS,NOP,0,0.4121870270423354
2025-01-05,2024-25,ORL,UTA,0,0.7407069814652006
2025-01-05,2024-25,HOU,LAL,1,0.6604629260126872
2025-01-05,2024-25,GSW,SAC,0,0.5806306953314994
2025-01-06,2024-25,DET,POR,1,0.7162584545086543
2025-01-06,2024-25,PHI,PHX,0,0.4726526543297772
2025-01-06,2024-25,BKN,IND,0,0.19886229649462736
2025-01-06,2024-25,NYK,ORL,0,0.7908818777955993
2025-01-06,2024-25,TOR,MIL,0,0.3499380940115234
2025-01-06,2024-25,CHI,SAS,1,0.5117545293422564
2025-01-06,2024-25,MEM,DAL,1,0.6568107079155364
2025-01-06,2024-25,MIN,LAC,1,0.5031900579936072
2025-01-06,2024-25,SAC,MIA,1,0.5770854219298395
2025-01-07,2024-25,CHA,PHX,1,0.26845593811475404
2025-01-07,2024-25,WAS,HOU,0,0.18620215329500334
2025-01-07,2024-25,DAL,LAL,1,0.4740992120502777
2025-01-07,2024-25,NOP,MIN,0,0.3407616316449754
2025-01-07,2024-25,UTA,ATL,0,0.5048328361927032
2025-01-07,2024-25,DEN,BOS,0,0.43040177250337563
2025-01-07,2024-25,GSW,MIA,0,0.7409833026627124
2025-01-08,2024-25,CLE,OKC,1,0.42913629223116795
2025-01-08,2024-25,IND,CHI,1,0.667941728350061
2025-01-08,2024-25,NYK,TOR,1,0.8388369658565363
2025-01-08,2024-25,PHI,WAS,1,0.8204324826500072
2025-01-08,2024-25,BKN,DET,0,0.25086942232064285
2025-01-08,2024-25,NOP,POR,0,0.4466582026614976
2025-01-08,2024-25,DEN,LAC,1,0.5023191019528358
2025-01-08,2024-25,MIL,SAS,1,0.5763098474405801
2025-01-09,2024-25,CLE,TOR,1,0.8479227303221774
2025-01-09,2024-25,DET,GSW,0,0.42412626910323087
2025-01-09,2024-25,ORL,MIN,0,0.46343299834026025
2025-01-09,2024-25,MEM,HOU,0,0.63687830567557
2025-01-09,2024-25,DAL,POR,1,0.787454128162645
2025-01-09,2024-25,PHX,ATL,1,0.5981821036347779
2025-01-09,2024-25,UTA,MIA,0,0.44391217672863176
2025-01-10,2024-25,IND,GSW,1,0.7933763560119644
2025-01-10,2024-25,ORL,MIL,0,0.4812040977832745
2025-01-10,2024-25,PHI,NOP,0,0.7517193586518898
2025-01-10,2024-25,BOS,SAC,0,0.7605371966245067
2025-01-10,2024-25,NYK,OKC,0,0.38987105850394754
2025-01-10,2024-25,CHI,WAS,1,0.76115758718499
2025-01-10,2024-25,DEN,BKN,1,0.8836600947639662
2025-01-11,2024-25,PHX,UTA,1,0.6582890541597917
2025-01-11,2024-25,DET,TOR,1,0.704118450707346
2025-01-11,2024-25,MIN,MEM,0,0.5366091541293344
2025-01-11,2024-25,POR,MIA,0,0.365737267636307
2025-01-12,2024-25,NYK,MIL,1,0.7077141516634473
2025-01-12,2024-25,DAL,DEN,0,0.47884088917711715
2025-01-12,2024-25,CHI,SAC,0,0.4219197122037174
2025-01-12,2024-25,BOS,NOP,1,0.87701178113868
2025-01-12,2024-25,CLE,IND,0,0.694237617162555
2025-01-12,2024-25,ORL,PHI,1,0.5246669065576651
2025-01-12,2024-25,WAS,OKC,0,0.06114795695875783
2025-01-12,2024-25,UTA,BKN,1,0.6723476917622668
2025-01-12,2024-25,PHX,CHA,1,0.739301741691068
2025-01-13,2024-25,WAS,MIN,0,0.14579225210406516
2025-01-13,2024-25,NYK,DET,0,0.7151324706315347
2025-01-13,2024-25,TOR,GSW,1,0.41080405230205164
2025-01-13,2024-25,HOU,MEM,1,0.5631797945047613
2025-01-13,2024-25,LAL,SAS,0,0.6281724940913554
2025-01-13,2024-25,LAC,MIA,1,0.7131624469367922
2025-01-14,2024-25,IND,CLE,0,0.5026987745483869
2025-01-14,2024-25,PHI,OKC,0,0.13676077871210982
2025-01-14,2024-25,ATL,PHX,1,0.4252446366230942
2025-01-14,2024-25,CHI,NOP,0,0.5581522870805038
2025-01-14,2024-25,MIL,SAC,1,0.5234659435469269
2025-01-14,2024-25,DAL,DEN,0,0.5427599237180997
2025-01-14,2024-25,POR,BKN,0,0.5296163686801606
2025-01-15,2024-25,PHI,NYK,0,0.28454778750676035
2025-01-15,2024-25,TOR,BOS,1,0.19345573279074765
2025-01-15,2024-25,CHI,ATL,0,0.5259569753980203
2025-01-15,2024-25,MIL,ORL,1,0.5328953357303395
2025-01-15,2024-25,MIN,GSW,0,0.7068023175450049
2025-01-15,2024-25,NOP,DAL,1,0.3384884441886773
2025-01-15,2024-25,SAS,MEM,0,0.4138047703406189
2025-01-15,2024-25,DEN,HOU,0,0.5260774728977717
2025-01-15,2024-25,UTA,CHA,0,0.5377309007414022
2025-01-15,2024-25,LAL,MIA,1,0.5463285371053767
2025-01-15,2024-25,LAC,BKN,1,0.9120071551180481
2025-01-16,2024-25,DET,IND,0,0.43877059741793467
2025-01-16,2024-25,WAS,PHX,0,0.19205541604911147
2025-01-16,2024-25,OKC,CLE,1,0.6851362775384267
2025-01-16,2024-25,POR,LAC,0,0.37145879911897406
2025-01-16,2024-25,SAC,HOU,1,0.6165901002048059
2025-01-17,2024-25,BOS,ORL,1,0.7904777154646015
2025-01-17,2024-25,NYK,MIN,0,0.660212910666717
2025-01-17,2024-25,MIA,DEN,0,0.47009996668159865
2025-01-17,2024-25,MIL,TOR,1,0.737294311004363
2025-01-17,2024-25,NOP,UTA,1,0.7139286749363607
2025-01-17,2024-25,SAS,MEM,0,0.35680236472020804
2025-01-17,2024-25,DAL,OKC,1,0.4397698935208907
2025-01-17,2024-25,CHI,CHA,0,0.653371010373231
2025-01-17,2024-25,LAL,BKN,1,0.750395866398498
2025-01-18,2024-25,DET,PHX,0,0.6040576599334011
2025-01-18,2024-25,BOS,ATL,0,0.7755242769529298
2025-01-18,2024-25,IND,PHI,1,0.7301233070494353
2025-01-18,2024-25,GSW,WAS,1,0.8605527193701292
2025-01-18,2024-25,MIN,CLE,0,0.405277384999078
2025-01-18,2024-25,POR,HOU,0,0.20160484732127157
2025-01-19,2024-25,MIA,SAS,1,0.5991549780865124
2025-01-19,2024-25,ORL,DEN,0,0.3552447245104429
2025-01-19,2024-25,MIL,PHI,1,0.7931837130497438
2025-01-19,2024-25,OKC,BKN,1,0.9204918372244653
2025-01-19,2024-25,LAC,LAL,1,0.7136379733533884
2025-01-19,2024-25,POR,CHI,1,0.3597552387348368
2025-01-19,2024-25,SAC,WAS,1,0.8985066440045673
2025-01-20,2024-25,CHA,DAL,1,0.2253227012403701
2025-01-20,2024-25,HOU,DET,0,0.7677926982661076
2025-01-20,2024-25,MEM,MIN,1,0.5956735331004953
2025-01-20,2024-25,NYK,ATL,1,0.7054614158836474
2025-01-20,2024-25,CLE,PHX,1,0.7976730611055355
2025-01-20,2024-25,GSW,BOS,0,0.33605893105399065
2025-01-20,2024-25,NOP,UTA,1,0.6889362209263143
2025-01-20,2024-25,LAC,CHI,0,0.6816622937948582
2025-01-21,2024-25,BKN,NYK,0,0.2137110903712332
2025-01-21,2024-25,MIA,POR,0,0.7185055143322856
2025-01-21,2024-25,TOR,ORL,1,0.4220075421158431
2025-01-21,2024-25,DEN,PHI,1,0.793726751605859
2025-01-21,2024-25,LAL,WAS,1,0.798055361574798
2025-01-22,2024-25,ATL,DET,0,0.5498703914340425
2025-01-22,2024-25,BKN,PHX,0,0.16038238104860073
2025-01-22,2024-25,DAL,MIN,0,0.6350030608717343
2025-01-22,2024-25,HOU,CLE,1,0.489285654637289
2025-01-22,2024-25,MEM,CHA,1,0.791821728556285
2025-01-22,2024-25,OKC,UTA,1,0.8989535023324214
2025-01-22,2024-25,SAC,GSW,1,0.7080785554388482
2025-01-22,2024-25,LAC,BOS,0,0.31351891215525196
2025-01-23,2024-25,ORL,POR,0,0.7149176063458305
2025-01-23,2024-25,ATL,TOR,0,0.5960552245872209
2025-01-23,2024-25,MIL,MIA,1,0.6861683974218346
2025-01-23,2024-25,OKC,DAL,0,0.7688119240987462
2025-01-23,2024-25,DEN,SAC,1,0.7583694351554052
2025-01-23,2024-25,GSW,CHI,1,0.5400335788913404
2025-01-23,2024-25,LAL,BOS,1,0.41325360372484127
2025-01-23,2024-25,LAC,WAS,1,0.845800482601581
2025-01-24,2024-25,CHA,POR,0,0.6641003186547839
2025-01-24,2024-25,PHI,CLE,1,0.20545602471964958
2025-01-24,2024-25,MEM,NOP,1,0.7665736858343831
2025-01-25,2024-25,MIN,DEN,1,0.5022156771703503
2025-01-25,2024-25,DAL,BOS,0,0.4050692341016849
2025-01-25,2024-25,BKN,MIA,0,0.28971591568867455
2025-01-25,2024-25,CHA,NOP,1,0.4779397471040929
2025-01-25,2024-25,ORL,DET,1,0.5208670511669863
2025-01-25,2024-25,ATL,TOR,0,0.5710485968613115
2025-01-25,2024-25,CLE,HOU,0,0.5971745661924814
2025-01-25,2024-25,NYK,SAC,1,0.6675065126614238
2025-01-25,2024-25,CHI,PHI,0,0.6171490701432445
2025-01-25,2024-25,MEM,UTA,1,0.8060951600936682
2025-01-25,2024-25,GSW,LAL,0,0.5772567158445381
2025-01-25,2024-25,PHX,WAS,1,0.8179151444946927
2025-01-25,2024-25,LAC,MIL,1,0.6286965674333884
2025-01-26,2024-25,POR,OKC,0,0.1389211264464524
2025-01-27,2024-25,CHA,LAL,0,0.3892141730124382
2025-01-27,2024-25,CLE,DET,1,0.7367600154023097
2025-01-27,2024-25,BOS,HOU,0,0.5619355462373061
2025-01-27,2024-25,BKN,SAC,0,0.19674980395010808
2025-01-27,2024-25,MIA,ORL,1,0.48329077768563644
2025-01-27,2024-25,NYK,MEM,1,0.6261032380352322
2025-01-27,2024-25,TOR,NOP,1,0.5225387142265832
2025-01-27,2024-25,CHI,DEN,1,0.31278027750949167
2025-01-27,2024-25,MIN,ATL,1,0.7622183080092475
2025-01-27,2024-25,DAL,WAS,1,0.8596614046946419
2025-01-27,2024-25,UTA,MIL,0,0.2723217010906812
2025-01-27,2024-25,PHX,LAC,1,0.45871521212625715
2025-01-28,2024-25,ATL,HOU,0,0.2751211452831441
2025-01-28,2024-25,PHI,LAL,1,0.45492274739475025
2025-01-28,2024-25,GSW,UTA,1,0.7969621949367315
2025-01-28,2024-25,POR,MIL,1,0.38366681166567324
2025-01-29,2024-25,CHA,BKN,0,0.6275374633763596
2025-01-29,2024-25,IND,DET,1,0.6636457869292167
2025-01-29,2024-25,WAS,TOR,0,0.19997525884736334
2025-01-29,2024-25,BOS,CHI,1,0.8180840671199582
2025-01-29,2024-25,MIA,CLE,0,0.3103440500019367
2025-01-29,2024-25,NYK,DEN,1,0.6177868410575029
2025-01-29,2024-25,PHI,SAC,1,0.35491705994929035
2025-01-29,2024-25,NOP,DAL,0,0.3008075412101529
2025-01-29,2024-25,SAS,LAC,0,0.43281204012507457
2025-01-29,2024-25,PHX,MIN,0,0.43237641054044246
2025-01-29,2024-25,GSW,OKC,1,0.22909990210610168
2025-01-30,2024-25,WAS,LAL,0,0.16789116610817512
2025-01-30,2024-25,CLE,ATL,1,0.8029886563549066
2025-01-30,2024-25,MEM,HOU,1,0.47672269556882674
2025-01-30,2024-25,UTA,MIN,0,0.3180106342836753
2025-01-30,2024-25,POR,ORL,1,0.4000574689842939
2025-01-31,2024-25,CHA,LAC,0,0.26710730793929033
2025-01-31,2024-25,DET,DAL,1,0.46731808479223663
2025-01-31,2024-25,PHI,DEN,0,0.3541384059449623
2025-01-31,2024-25,TOR,CHI,0,0.4783570406175778
2025-01-31,2024-25,NOP,BOS,0,0.14417691591948986
2025-01-31,2024-25,SAS,MIL,1,0.4941904582411
2025-01-31,2024-25,GSW,PHX,0,0.612727138112317
2025-02-01,2024-25,IND,ATL,1,0.7956917553548744
2025-02-01,2024-25,UTA,ORL,1,0.39800333324797044
2025-02-01,2024-25,CHA,DEN,0,0.20079580833934796
2025-02-01,2024-25,HOU,BKN,0,0.857450387003553
2025-02-01,2024-25,MIN,WAS,0,0.9061373517317918
2025-02-01,2024-25,OKC,SAC,1,0.8334207254767447
2025-02-01,2024-25,NYK,LAL,0,0.7496723330424003
2025-02-01,2024-25,SAS,MIA,0,0.5052427527585908
2025-02-01,2024-25,POR,PHX,1,0.4881360268406956
2025-02-02,2024-25,DET,CHI,1,0.6419848150467445
2025-02-02,2024-25,CLE,DAL,1,0.7826786101209342
2025-02-02,2024-25,TOR,LAC,1,0.2284659911825705
2025-02-02,2024-25,PHI,BOS,0,0.2530437499254147
2025-02-02,2024-25,MIL,MEM,0,0.5332286414904852
2025-02-03,2024-25,CHA,WAS,0,0.6015791228135499
2025-02-03,2024-25,DET,ATL,0,0.6305912750577674
2025-02-03,2024-25,NYK,HOU,1,0.6328986523273807
2025-02-03,2024-25,MEM,SAS,1,0.631700116302482
2025-02-03,2024-25,MIN,SAC,0,0.6176225874318395
2025-02-03,2024-25,OKC,MIL,1,0.9411058728607444
2025-02-03,2024-25,DEN,NOP,1,0.8604946775344324
2025-02-03,2024-25,UTA,IND,0,0.2885600184170651
2025-02-03,2024-25,GSW,ORL,1,0.6446402453071808
2025-02-03,2024-25,POR,PHX,1,0.49863011207176916
2025-02-04,2024-25,CLE,BOS,0,0.5895755466009032
2025-02-04,2024-25,BKN,HOU,1,0.254380388378448
2025-02-04,2024-25,PHI,DAL,1,0.5087651763880577
2025-02-04,2024-25,TOR,NYK,0,0.24514513197281454
2025-02-04,2024-25,CHI,MIA,1,0.5450869281908202
2025-02-04,2024-25,LAC,LAL,0,0.5852991434211592
2025-02-04,2024-25,POR,IND,1,0.3331982982874841
2025-02-05,2024-25,CHA,MIL,0,0.31161073441145054
2025-02-05,2024-25,DET,CLE,0,0.5754995724373717
2025-02-05,2024-25,ATL,SAS,0,0.4573035777032265
2025-02-05,2024-25,BKN,WAS,0,0.6728371059559894
2025-02-05,2024-25,PHI,MIA,0,0.5979986943935159
2025-02-05,2024-25,TOR,MEM,0,0.21542249515143067
2025-02-05,2024-25,MIN,CHI,1,0.7699872776442189
2025-02-05,2024-25,OKC,PHX,1,0.8765158897225908
2025-02-05,2024-25,UTA,GSW,1,0.33247088092022736
2025-02-05,2024-25,DEN,NOP,1,0.8483928660956576
2025-02-05,2024-25,SAC,ORL,0,0.670686331554445
2025-02-06,2024-25,BOS,DAL,0,0.7280184226359014
2025-02-06,2024-25,MIN,HOU,1,0.5827245368671761
2025-02-06,2024-25,DEN,ORL,1,0.8255101994586401
2025-02-06,2024-25,LAL,GSW,1,0.7893182652330215
2025-02-06,2024-25,POR,SAC,1,0.5038885707865624
2025-02-06,2024-25,LAC,IND,0,0.5375389272454915
2025-02-07,2024-25,CHA,SAS,1,0.32151011625664383
2025-02-07,2024-25,WAS,CLE,0,0.10924705430168374
2025-02-07,2024-25,ATL,MIL,1,0.4162017490149014
2025-02-07,2024-25,BKN,MIA,1,0.3656462292027437
2025-02-07,2024-25,DET,PHI,1,0.5297454213837772
2025-02-07,2024-25,OKC,TOR,1,0.9317958779362184
2025-02-07,2024-25,PHX,UTA,1,0.5938545467285521
2025-02-08,2024-25,DAL,HOU,1,0.6074220341372303
2025-02-08,2024-25,LAL,IND,1,0.5572801778122273
2025-02-08,2024-25,ORL,SAS,1,0.5837700202267081
2025-02-08,2024-25,WAS,ATL,0,0.30134633194538823
2025-02-08,2024-25,CHI,GSW,0,0.4715709376913381
2025-02-08,2024-25,MEM,OKC,0,0.48080693587414697
2025-02-08,2024-25,MIN,POR,1,0.7066310299534043
2025-02-08,2024-25,NYK,BOS,0,0.5219083300338168
2025-02-08,2024-25,PHX,DEN,0,0.2804386721768356
2025-02-08,2024-25,SAC,NOP,1,0.7154562683482208
2025-02-08,2024-25,LAC,UTA,1,0.8505806756091955
2025-02-09,2024-25,DET,CHA,1,0.7727479367585526
2025-02-09,2024-25,HOU,TOR,1,0.7807773948498534
2025-02-09,2024-25,MIL,PHI,1,0.4728568777097469
2025-02-10,2024-25,CLE,MIN,1,0.6807038612190669
2025-02-10,2024-25,ORL,ATL,0,0.5228277455027687
2025-02-10,2024-25,WAS,SAS,0,0.2650768691850287
2025-02-10,2024-25,BKN,CHA,1,0.5980866253879188
2025-02-10,2024-25,MIA,BOS,0,0.2471193224299841
2025-02-10,2024-25,MIL,GSW,0,0.4110245445088867
2025-02-10,2024-25,OKC,NOP,1,0.9124606816357604
2025-02-10,2024-25,DAL,SAC,0,0.5418101761102038
2025-02-10,2024-25,DEN,POR,1,0.8174706638331543
2025-02-10,2024-25,LAL,UTA,1,0.8151316426904541
2025-02-11,2024-25,PHI,TOR,0,0.7218765016094605
2025-02-11,2024-25,IND,NYK,0,0.5428690442804355
2025-02-11,2024-25,CHI,DET,0,0.4830683453591834
2025-02-11,2024-25,PHX,MEM,0,0.4263550975774398
2025-02-12,2024-25,BOS,SAS,1,0.790734274656433
2025-02-12,2024-25,ORL,CHA,1,0.6181149020050928
2025-02-12,2024-25,WAS,IND,0,0.17330166358021348
2025-02-12,2024-25,BKN,PHI,1,0.5314926847487838
2025-02-12,2024-25,NYK,ATL,1,0.6219601253809991
2025-02-12,2024-25,TOR,CLE,0,0.18826682910381165
2025-02-12,2024-25,CHI,DET,0,0.4029545550102524
2025-02-12,2024-25,MIN,MIL,0,0.7118200368127464
2025-02-12,2024-25,NOP,SAC,0,0.33643910058590454
2025-02-12,2024-25,OKC,MIA,1,0.904766597731863
2025-02-12,2024-25,HOU,PHX,1,0.783746418855094
2025-02-12,2024-25,DEN,POR,1,0.8656879606960289
2025-02-12,2024-25,UTA,LAL,1,0.29270960380061783
2025-02-12,2024-25,DAL,GSW,1,0.4172800681938854
2025-02-12,2024-25,LAC,MEM,1,0.5861600893671954
2025-02-13,2024-25,HOU,GSW,0,0.5506312356711587
2025-02-13,2024-25,NOP,SAC,1,0.2818267060163245
2025-02-13,2024-25,DAL,MIA,1,0.5294412656565678
2025-02-13,2024-25,MIN,OKC,1,0.3149172835313478
2025-02-13,2024-25,UTA,LAC,0,0.2852625203527743
2025-02-19,2024-25,LAL,CHA,0,0.842505794310004
2025-02-20,2024-25,IND,MEM,1,0.5733733677183305
2025-02-20,2024-25,PHI,BOS,0,0.28870087882997036
2025-02-20,2024-25,ATL,ORL,0,0.5615941745565396
2025-02-20,2024-25,BKN,CLE,0,0.23545010420555418
2025-02-20,2024-25,NYK,CHI,1,0.7640181797183111
2025-02-20,2024-25,MIL,LAC,1,0.3331394965378121
2025-02-20,2024-25,DEN,CHA,1,0.9100832460816594
2025-02-20,2024-25,SAS,PHX,1,0.4673566664652089
2025-02-20,2024-25,POR,LAL,0,0.5045221948727727
2025-02-21,2024-25,CLE,NYK,1,0.6867362692473592
2025-02-21,2024-25,ORL,MEM,0,0.3604562571207747
2025-02-21,2024-25,WAS,MIL,0,0.3367180745046765
2025-02-21,2024-25,TOR,MIA,0,0.4094772800680223
2025-02-21,2024-25,HOU,MIN,1,0.5752673010150691
2025-02-21,2024-25,SAS,DET,0,0.3901585981828802
2025-02-21,2024-25,DAL,NOP,1,0.6937888106203886
2025-02-21,2024-25,UTA,OKC,0,0.18975741307963123
2025-02-21,2024-25,SAC,GSW,0,0.5320531469622951
2025-02-22,2024-25,CHI,PHX,0,0.36392217102385555
2025-02-22,2024-25,PHI,BKN,0,0.7659983888370631
2025-02-22,2024-25,DEN,LAL,0,0.6976145053607635
2025-02-22,2024-25,UTA,HOU,1,0.34955517030076655
2025-02-22,2024-25,POR,CHA,1,0.4957163028780432
2025-02-23,2024-25,BOS,NYK,1,0.7148648605276551
2025-02-23,2024-25,GSW,DAL,1,0.5939001132661788
2025-02-23,2024-25,IND,LAC,1,0.5833267288787026
2025-02-23,2024-25,ATL,DET,0,0.4444276731060446
2025-02-23,2024-25,ORL,WAS,1,0.7833384494651036
2025-02-23,2024-25,TOR,PHX,1,0.38416191705778996
2025-02-23,2024-25,MIL,MIA,1,0.6414323212587966
2025-02-23,2024-25,NOP,SAS,1,0.3781085793796337
2025-02-23,2024-25,CLE,MEM,1,0.7573641369364988
2025-02-23,2024-25,MIN,OKC,0,0.33977893942143184
2025-02-24,2024-25,DET,LAC,1,0.5905367963897595
2025-02-24,2024-25,IND,DEN,0,0.5723161894179964
2025-02-24,2024-25,PHI,CHI,0,0.5260716114533683
2025-02-24,2024-25,WAS,BKN,1,0.40365934938441195
2025-02-24,2024-25,ATL,MIA,1,0.5551863306969812
2025-02-24,2024-25,OKC,MIN,0,0.8243088298984943
2025-02-24,2024-25,UTA,POR,0,0.3775874415705371
2025-02-24,2024-25,SAC,CHA,1,0.780909222910708
2025-02-25,2024-25,TOR,BOS,0,0.20490770291318233
2025-02-25,2024-25,ORL,CLE,0,0.2862575849106147
2025-02-25,2024-25,HOU,MIL,1,0.5884295974416628
2025-02-25,2024-25,MEM,PHX,1,0.6602399258697852
2025-02-25,2024-25,NOP,SAS,1,0.43831264428586425
2025-02-25,2024-25,GSW,CHA,1,0.8954433160225144
2025-02-25,2024-25,LAL,DAL,1,0.6282700606718237
2025-02-26,2024-25,DET,BOS,1,0.45387964190833086
2025-02-26,2024-25,IND,TOR,1,0.835712841950818
2025-02-26,2024-25,NYK,PHI,1,0.7705920734588385
2025-02-26,2024-25,WAS,POR,0,0.29606088783461626
2025-02-26,2024-25,BKN,OKC,0,0.08158585789253618
2025-02-26,2024-25,MIA,ATL,1,0.5504473380757304
2025-02-26,2024-25,CHI,LAC,0,0.31019837978561543
2025-02-26,2024-25,UTA,SAC,0,0.29729446233947876
2025-02-26,2024-25,HOU,SAS,1,0.6714170123512666
2025-02-27,2024-25,ORL,GSW,0,0.30285619458878743
2025-02-27,2024-25,MIL,DEN,1,0.44405035212981653
2025-02-27,2024-25,DAL,CHA,1,0.7786279160901727
2025-02-27,2024-25,PHX,NOP,0,0.6000066847883917
2025-02-27,2024-25,LAL,MIN,1,0.6666855834060965
2025-02-28,2024-25,DET,DEN,0,0.6338207424706636
2025-02-28,2024-25,ATL,OKC,0,0.18122625146744867
2025-02-28,2024-25,BOS,CLE,0,0.6122750937710705
2025-02-28,2024-25,BKN,POR,0,0.47389317802486663
2025-02-28,2024-25,MIA,IND,1,0.3503882740189137
2025-02-28,2024-25,CHI,TOR,1,0.5818025994729601
2025-02-28,2024-25,MEM,NYK,0,0.5594262710100358
2025-02-28,2024-25,PHX,NOP,1,0.662565697022762
2025-02-28,2024-25,UTA,MIN,1,0.3157589126144334
2025-02-28,2024-25,LAL,LAC,1,0.4826684043670604
2025-03-01,2024-25,CHA,WAS,0,0.559850746216847
2025-03-01,2024-25,DET,BKN,1,0.8165764279315425
2025-03-01,2024-25,HOU,SAC,0,0.6578982209975311
2025-03-01,2024-25,MEM,SAS,0,0.6682094351312835
2025-03-01,2024-25,PHI,GSW,1,0.30356616676482445
2025-03-01,2024-25,DAL,MIL,0,0.5392985389119228
2025-03-02,2024-25,BOS,DEN,1,0.7144344137972257
2025-03-02,2024-25,CLE,POR,1,0.886288201254288
2025-03-02,2024-25,IND,CHI,1,0.7584554687178665
2025-03-02,2024-25,MIA,NYK,0,0.3559012926196457
2025-03-02,2024-25,ORL,TOR,0,0.6216899113247619
2025-03-02,2024-25,SAS,OKC,0,0.1405817321333364
2025-03-02,2024-25,UTA,NOP,0,0.3365713412048408
2025-03-02,2024-25,PHX,MIN,0,0.388122181577695
2025-03-02,2024-25,LAL,LAC,1,0.6481100554271262
2025-03-03,2024-25,CHA,GSW,0,0.18787694101641192
2025-03-03,2024-25,PHI,POR,0,0.5608269361615825
2025-03-03,2024-25,MIA,WAS,1,0.7833162982992464
2025-03-03,2024-25,MEM,ATL,0,0.6855346720555967
2025-03-03,2024-25,OKC,HOU,1,0.8893644521082033
2025-03-03,2024-25,DAL,SAC,0,0.4700885390890342
2025-03-03,2024-25,UTA,DET,0,0.2625718343320238
2025-03-04,2024-25,IND,HOU,1,0.7725618708118523
2025-03-04,2024-25,ORL,TOR,0,0.5700182107461733
2025-03-04,2024-25,ATL,MIL,0,0.37521520084466103
2025-03-04,2024-25,NYK,GSW,0,0.6120119962922413
2025-03-04,2024-25,CHI,CLE,0,0.24402265938178588
2025-03-04,2024-25,MIN,PHI,1,0.8163589112105561
2025-03-04,2024-25,SAS,BKN,1,0.5708006162884532
2025-03-04,2024-25,PHX,LAC,1,0.40905885188486624
2025-03-04,2024-25,LAL,NOP,1,0.81211540136454
2025-03-05,2024-25,BOS,POR,1,0.8640125518265042
2025-03-05,2024-25,CHA,MIN,0,0.22685712131177183
2025-03-05,2024-25,CLE,MIA,1,0.7885984997887476
2025-03-05,2024-25,WAS,UTA,1,0.3912845603935328
2025-03-05,2024-25,MEM,OKC,0,0.25445932221053713
2025-03-05,2024-25,DEN,SAC,1,0.7134563609641876
2025-03-05,2024-25,MIL,DAL,1,0.6535806147019856
2025-03-05,2024-25,LAC,DET,1,0.44424554157434176
2025-03-06,2024-25,ATL,IND,1,0.28733360624421045
2025-03-06,2024-25,BOS,PHI,1,0.8690833643917426
2025-03-06,2024-25,BKN,GSW,0,0.18414787894528173
2025-03-06,2024-25,NOP,HOU,0,0.4524493767886126
2025-03-06,2024-25,LAL,NYK,1,0.5968543080394925
2025-03-06,2024-25,ORL,CHI,0,0.494690182708206
2025-03-07,2024-25,CHA,CLE,0,0.11430479292560944
2025-03-07,2024-25,TOR,UTA,1,0.6528227706667951
2025-03-07,2024-25,DAL,MEM,0,0.2894568116175067
2025-03-07,2024-25,MIA,MIN,0,0.4826435648020669
2025-03-07,2024-25,OKC,POR,1,0.8498569286347549
2025-03-07,2024-25,DEN,PHX,1,0.780374237207525
2025-03-07,2024-25,SAC,SAS,1,0.6549094809064017
2025-03-07,2024-25,LAC,NYK,1,0.6314019076019322
2025-03-08,2024-25,CHA,BKN,1,0.3235530487733294
2025-03-08,2024-25,HOU,NOP,1,0.6757229848878841
2025-03-08,2024-25,ATL,IND,1,0.4007844939801677
2025-03-08,2024-25,TOR,WAS,0,0.6913402121046682
2025-03-08,2024-25,MIA,CHI,0,0.5719299735134787
2025-03-08,2024-25,MIL,ORL,0,0.6775979721063311
2025-03-08,2024-25,BOS,LAL,1,0.7687812918699264
2025-03-08,2024-25,GSW,DET,1,0.6066341745471626
2025-03-09,2024-25,OKC,DEN,1,0.7710884750314575
2025-03-09,2024-25,DAL,PHX,0,0.42235924976552514
2025-03-09,2024-25,MIL,CLE,0,0.31932546848287796
2025-03-09,2024-25,NOP,MEM,0,0.18787772538237485
2025-03-09,2024-25,PHI,UTA,1,0.6137125098496462
2025-03-09,2024-25,MIN,SAS,1,0.736978296703491
2025-03-09,2024-25,POR,DET,0,0.3913268815134335
2025-03-09,2024-25,LAC,SAC,1,0.6492386702095722
2025-03-10,2024-25,ATL,PHI,1,0.7718043602237236
2025-03-10,2024-25,BOS,UTA,1,0.9311963828980584
2025-03-10,2024-25,BKN,LAL,1,0.21795554602728495
2025-03-10,2024-25,MIA,CHA,0,0.7040427088530009
2025-03-10,2024-25,TOR,WAS,1,0.7436470644059266
2025-03-10,2024-25,CHI,IND,1,0.34746273102465786
2025-03-10,2024-25,HOU,ORL,1,0.6564307924584334
2025-03-10,2024-25,MEM,PHX,1,0.5968470114164153
2025-03-10,2024-25,OKC,DEN,0,0.7657195120484659
2025-03-10,2024-25,SAS,DAL,0,0.5764517551626356
2025-03-10,2024-25,GSW,POR,1,0.8540979952254866
2025-03-10,2024-25,SAC,NYK,0,0.4741035713955309
2025-03-11,2024-25,CLE,BKN,1,0.9174276579744179
2025-03-11,2024-25,DET,WAS,1,0.8491079712123809
2025-03-11,2024-25,IND,MIL,1,0.5904149227398192
2025-03-11,2024-25,NOP,LAC,1,0.2680488174151416
2025-03-12,2024-25,ATL,CHA,1,0.6534954262056569
2025-03-12,2024-25,BOS,OKC,0,0.5637767341549669
2025-03-12,2024-25,TOR,PHI,1,0.6143466228993933
2025-03-12,2024-25,MIA,LAC,0,0.5229093707359631
2025-03-12,2024-25,HOU,PHX,1,0.6579145919332784
2025-03-12,2024-25,MEM,UTA,1,0.7490749816043075
2025-03-12,2024-25,SAS,DAL,1,0.5409815598440796
2025-03-12,2024-25,DEN,MIN,0,0.59756362082716
2025-03-12,2024-25,POR,NYK,0,0.29247823494500064
2025-03-13,2024-25,DET,WAS,0,0.8361634620416571
2025-03-13,2024-25,MIL,LAL,1,0.4493066132870526
2025-03-13,2024-25,CHI,BKN,1,0.5898053140590154
2025-03-13,2024-25,GSW,SAC,1,0.6742445813908357
2025-03-13,2024-25,NOP,ORL,0,0.4900204751318665
2025-03-14,2024-25,MIA,BOS,0,0.19582902486076373
2025-03-14,2024-25,PHI,IND,0,0.16360580326888718
2025-03-14,2024-25,ATL,LAC,0,0.37720596059565115
2025-03-14,2024-25,HOU,DAL,1,0.7638600540372129
2025-03-14,2024-25,MEM,CLE,0,0.4569995935027023
2025-03-14,2024-25,MIN,ORL,1,0.829802380704946
2025-03-14,2024-25,SAS,CHA,0,0.6619031643392943
2025-03-14,2024-25,DEN,LAL,1,0.8663395037344136
2025-03-14,2024-25,UTA,TOR,0,0.43280894185671404
2025-03-14,2024-25,PHX,SAC,1,0.5914062777908936
2025-03-15,2024-25,BKN,BOS,0,0.22592166810482237
2025-03-15,2024-25,DET,OKC,0,0.35898892346413863
2025-03-15,2024-25,HOU,CHI,1,0.689281917459722
2025-03-15,2024-25,MEM,MIA,1,0.7228622705951859
2025-03-15,2024-25,MIL,IND,1,0.5923675455128589
2025-03-15,2024-25,SAS,NOP,1,0.5325611403480371
2025-03-15,2024-25,GSW,NYK,1,0.6077406304330544
2025-03-15,2024-25,DEN,WAS,0,0.8418764511888476
2025-03-16,2024-25,LAC,CHA,1,0.8420466796142044
2025-03-16,2024-25,DAL,PHI,0,0.5487652278067802
2025-03-16,2024-25,LAL,PHX,1,0.7143850147230665
2025-03-16,2024-25,BKN,ATL,1,0.24162685506674414
2025-03-16,2024-25,CLE,ORL,0,0.8690910431725497
2025-03-16,2024-25,POR,TOR,1,0.5486450293415612
2025-03-16,2024-25,MIN,UTA,1,0.79060603278898
2025-03-16,2024-25,MIL,OKC,0,0.3420090642280536
2025-03-17,2024-25,LAL,SAS,1,0.7520635834564181
2025-03-17,2024-25,NYK,MIA,1,0.7343746510596827
2025-03-17,2024-25,HOU,PHI,1,0.8832587911243669
2025-03-17,2024-25,MIN,IND,0,0.6406727464107538
2025-03-17,2024-25,NOP,DET,0,0.2602747523133659
2025-03-17,2024-25,UTA,CHI,0,0.3135952352150558
2025-03-17,2024-25,GSW,DEN,0,0.7135301624413952
2025-03-17,2024-25,PHX,TOR,1,0.7239372519684399
2025-03-17,2024-25,SAC,MEM,1,0.5013748009170023
2025-03-17,2024-25,POR,WAS,1,0.5279032348905511
2025-03-18,2024-25,CHA,ATL,0,0.35950437794469203
2025-03-18,2024-25,BOS,BKN,1,0.9084708337116291
2025-03-18,2024-25,LAC,CLE,1,0.5113385897013945
2025-03-18,2024-25,GSW,MIL,1,0.6294738583100695
2025-03-19,2024-25,UTA,WAS,1,0.43379594795593707
2025-03-19,2024-25,IND,DAL,1,0.7525642953013147
2025-03-19,2024-25,ORL,HOU,0,0.4262704267833627
2025-03-19,2024-25,MIA,DET,0,0.347642950477085
2025-03-19,2024-25,MIN,NOP,0,0.8483751085657393
2025-03-19,2024-25,OKC,PHI,1,0.8616143256624937
2025-03-19,2024-25,SAS,NYK,1,0.2911441906447504
2025-03-19,2024-25,LAL,DEN,1,0.5984575517429317
2025-03-19,2024-25,PHX,CHI,1,0.6369022365016007
2025-03-19,2024-25,POR,MEM,1,0.34109761391709154
2025-03-19,2024-25,SAC,CLE,1,0.36054424813576647
2025-03-20,2024-25,LAL,MIL,0,0.42173975496487764
2025-03-20,2024-25,GSW,TOR,1,0.894821347667839
2025-03-20,2024-25,CHA,NYK,1,0.2577547754317102
2025-03-20,2024-25,IND,BKN,1,0.7870018597359448
2025-03-20,2024-25,SAC,CHI,0,0.6650188862592127
2025-03-21,2024-25,WAS,ORL,0,0.26013655216946063
2025-03-21,2024-25,MIA,HOU,0,0.38918282302990637
2025-03-21,2024-25,MIN,NOP,1,0.8597102782686314
2025-03-21,2024-25,OKC,CHA,1,0.9608429721677024
2025-03-21,2024-25,SAS,PHI,1,0.635524137927948
2025-03-21,2024-25,DAL,DET,1,0.22283036125966849
2025-03-21,2024-25,UTA,BOS,0,0.12669622365678393
2025-03-21,2024-25,PHX,CLE,1,0.46892085777684706
2025-03-21,2024-25,POR,DEN,1,0.36625117570029014
2025-03-21,2024-25,LAC,MEM,1,0.6713086379576526
2025-03-22,2024-25,IND,BKN,1,0.8835508539455585
2025-03-22,2024-25,ATL,GSW,1,0.2655204782401275
2025-03-22,2024-25,NYK,WAS,1,0.8424626029249994
2025-03-22,2024-25,SAC,MIL,0,0.5283739345410537
2025-03-22,2024-25,LAL,CHI,0,0.7586611736892716
2025-03-23,2024-25,DET,NOP,1,0.7800666972448479
2025-03-23,2024-25,UTA,CLE,0,0.1053962232048598
2025-03-23,2024-25,ATL,PHI,1,0.6222366109895227
2025-03-23,2024-25,MIA,CHA,1,0.6603545542328684
2025-03-23,2024-25,TOR,SAS,0,0.44638884180994576
2025-03-23,2024-25,POR,BOS,0,0.25721489857021645
2025-03-23,2024-25,HOU,DEN,0,0.6493006932682762
2025-03-23,2024-25,LAC,OKC,0,0.3877600153550773
2025-03-24,2024-25,IND,MIN,1,0.5163339476801706
2025-03-24,2024-25,ORL,LAL,1,0.35389574340936925
2025-03-24,2024-25,WAS,TOR,0,0.5298722920678576
2025-03-24,2024-25,BKN,DAL,0,0.3613768250010155
2025-03-24,2024-25,NOP,PHI,1,0.43088267779974765
2025-03-24,2024-25,DEN,CHI,0,0.5781576346444014
2025-03-24,2024-25,PHX,MIL,1,0.5156197549293012
2025-03-24,2024-25,SAC,BOS,0,0.48655084546938787
2025-03-25,2024-25,CHA,ORL,0,0.3527950225584629
2025-03-25,2024-25,DET,SAS,1,0.6698592321547879
2025-03-25,2024-25,MIA,GSW,1,0.29528768426222407
2025-03-25,2024-25,NYK,DAL,1,0.8601912084982324
2025-03-25,2024-25,HOU,ATL,1,0.7565972363217609
2025-03-25,2024-25,UTA,MEM,0,0.19563657776101412
2025-03-25,2024-25,POR,CLE,0,0.3852940410867143
2025-03-25,2024-25,SAC,OKC,0,0.2219424255510152
2025-03-26,2024-25,PHI,WAS,0,0.48574701743481097
2025-03-26,2024-25,BKN,TOR,0,0.5041811469056439
2025-03-26,2024-25,IND,LAL,0,0.5053849989126573
2025-03-26,2024-25,NYK,LAC,0,0.4012664588794422
2025-03-26,2024-25,DEN,MIL,1,0.6897346020651804
2025-03-26,2024-25,PHX,BOS,0,0.40456287972621874
2025-03-27,2024-25,CLE,SAS,1,0.8420267856030104
2025-03-27,2024-25,ORL,DAL,0,0.6526672859137576
2025-03-27,2024-25,WAS,IND,0,0.18014725154306035
2025-03-27,2024-25,MIA,ATL,1,0.540605260285025
2025-03-27,2024-25,CHI,LAL,1,0.5314382382641536
2025-03-27,2024-25,OKC,MEM,1,0.8318916640230858
2025-03-27,2024-25,UTA,HOU,0,0.1451403329417994
2025-03-27,2024-25,SAC,POR,1,0.6023933938710939
2025-03-28,2024-25,DET,CLE,1,0.46271669331621085
2025-03-28,2024-25,BKN,LAC,0,0.1903367787154505
2025-03-28,2024-25,TOR,CHA,1,0.5960418121075621
2025-03-28,2024-25,MIL,NYK,0,0.5588768215461094
2025-03-28,2024-25,MIN,PHX,1,0.6776224961374591
2025-03-28,2024-25,NOP,GSW,0,0.12290678167355737
2025-03-28,2024-25,DEN,UTA,1,0.9249333528800435
2025-03-29,2024-25,ORL,SAC,1,0.4184243127257652
2025-03-29,2024-25,WAS,BKN,0,0.508825892254133
2025-03-29,2024-25,PHI,MIA,0,0.2317587627080352
2025-03-29,2024-25,CHI,DAL,0,0.6696852426084638
2025-03-29,2024-25,MEM,LAL,0,0.4832181642224694
2025-03-29,2024-25,OKC,IND,1,0.8064033363957478
2025-03-29,2024-25,SAS,BOS,0,0.24095128575255093
2025-03-30,2024-25,CLE,LAC,1,0.7135229315982671
2025-03-30,2024-25,NYK,POR,1,0.7029897633084876
2025-03-30,2024-25,MIL,ATL,0,0.5849803256942446
2025-03-30,2024-25,MIN,DET,1,0.6375758788795186
2025-03-30,2024-25,NOP,CHA,1,0.529528482879356
2025-03-30,2024-25,SAS,GSW,0,0.2355018609991288
2025-03-30,2024-25,PHI,TOR,0,0.26294091286028987
2025-03-30,2024-25,PHX,HOU,0,0.4914835739836985
2025-03-31,2024-25,CHA,UTA,1,0.5011111804168443
2025-03-31,2024-25,IND,SAC,1,0.6326682252205059
2025-03-31,2024-25,ORL,LAC,0,0.35038198001709775
2025-03-31,2024-25,WAS,MIA,0,0.22518501238628036
2025-03-31,2024-25,MEM,BOS,0,0.3506126783508389
2025-03-31,2024-25,OKC,CHI,1,0.8932690756695294
2025-03-31,2024-25,DAL,BKN,0,0.7436778408358324
2025-03-31,2024-25,LAL,HOU,1,0.7097813114479149
2025-04-01,2024-25,SAS,ORL,0,0.4941842022471104
2025-04-01,2024-25,ATL,POR,0,0.5947660842644024
2025-04-01,2024-25,NYK,PHI,1,0.8610641617681146
2025-04-01,2024-25,CHI,TOR,1,0.6713392456848759
2025-04-01,2024-25,MEM,GSW,0,0.3640519239491531
2025-04-01,2024-25,MIL,PHX,1,0.6608805536333741
2025-04-01,2024-25,DEN,MIN,0,0.583231605723911
2025-04-02,2024-25,CLE,NYK,1,0.7610856371357618
2025-04-02,2024-25,IND,CHA,1,0.8316466367393351
2025-04-02,2024-25,WAS,SAC,1,0.14469074951480465
2025-04-02,2024-25,BOS,MIA,0,0.777087803119636
2025-04-02,2024-25,HOU,UTA,1,0.8243087840244375
2025-04-02,2024-25,OKC,DET,1,0.7828537290457898
2025-04-02,2024-25,DAL,ATL,1,0.5294009617479234
2025-04-02,2024-25,DEN,SAS,0,0.660170641749347
2025-04-02,2024-25,LAC,NOP,1,0.904499451410588
2025-04-03,2024-25,WAS,ORL,0,0.13446643271657202
2025-04-03,2024-25,BKN,MIN,0,0.17087676001059082
2025-04-03,2024-25,MIA,MEM,0,0.4679767802227966
2025-04-03,2024-25,PHI,MIL,0,0.19401099561423188
2025-04-03,2024-25,TOR,POR,0,0.38266119550783384
2025-04-03,2024-25,LAL,GSW,0,0.5737573008592961
2025-04-04,2024-25,CHA,SAC,0,0.3725152728348482
2025-04-04,2024-25,IND,UTA,1,0.8348284258071571
2025-04-04,2024-25,BOS,PHX,1,0.8715673733459081
2025-04-04,2024-25,TOR,DET,0,0.19665266748353366
2025-04-04,2024-25,CHI,POR,1,0.6590811234164234
2025-04-04,2024-25,HOU,OKC,1,0.32573043405034413
2025-04-04,2024-25,SAS,CLE,0,0.22035202403442716
2025-04-04,2024-25,GSW,DEN,1,0.5907864099934829
2025-04-04,2024-25,LAL,NOP,1,0.8342741657279679
2025-04-04,2024-25,LAC,DAL,1,0.8025642425489469
2025-04-05,2024-25,ATL,NYK,0,0.3849701752632776
2025-04-05,2024-25,DET,MEM,0,0.440237166644328
2025-04-05,2024-25,PHI,MIN,0,0.11054129357686085
2025-04-05,2024-25,MIA,MIL,0,0.5382356490925916
2025-04-05,2024-25,LAC,DAL,1,0.7917278063364382
2025-04-06,2024-25,NOP,MIL,0,0.29542022877257484
2025-04-06,2024-25,CHA,CHI,0,0.24892587663449697
2025-04-06,2024-25,BKN,TOR,0,0.4075254992458155
2025-04-06,2024-25,OKC,LAL,0,0.745066968558769
2025-04-06,2024-25,ATL,UTA,1,0.7057631018886716
2025-04-06,2024-25,BOS,WAS,1,0.9522988986473698
2025-04-06,2024-25,CLE,SAC,0,0.833590310948557
2025-04-06,2024-25,POR,SAS,1,0.5258786325548482
2025-04-06,2024-25,NYK,PHX,1,0.7410246117670787
2025-04-06,2024-25,DEN,IND,0,0.609404072208959
2025-04-06,2024-25,GSW,HOU,0,0.6517258168822245
2025-04-07,2024-25,DET,SAC,0,0.6554195238330527
2025-04-07,2024-25,MIA,PHI,1,0.7615622301541511
2025-04-08,2024-25,CHA,MEM,0,0.19038738199970465
2025-04-08,2024-25,CLE,CHI,1,0.7940618418997992
2025-04-08,2024-25,IND,WAS,1,0.8800526188741538
2025-04-08,2024-25,ORL,ATL,1,0.5952859024201892
2025-04-08,2024-25,BKN,NOP,1,0.4491858796399109
2025-04-08,2024-25,NYK,BOS,0,0.5014493461533427
2025-04-08,2024-25,MIL,MIN,1,0.4116707336030896
2025-04-08,2024-25,OKC,LAL,1,0.6950682670134468
2025-04-08,2024-25,PHX,GSW,0,0.2527277021804326
2025-04-08,2024-25,LAC,SAS,1,0.7829879937036222
2025-04-09,2024-25,ORL,BOS,1,0.47444964888976077
2025-04-09,2024-25,WAS,PHI,0,0.327101207579652
2025-04-09,2024-25,TOR,CHA,1,0.7006408640871419
2025-04-09,2024-25,DAL,LAL,0,0.36636439291951506
2025-04-09,2024-25,CHI,MIA,1,0.528485290268737
2025-04-09,2024-25,UTA,POR,1,0.25923785477754335
2025-04-09,2024-25,GSW,SAS,0,0.8563836315814038
2025-04-09,2024-25,PHX,OKC,0,0.2883948497104018
2025-04-09,2024-25,SAC,DEN,0,0.46591694087242885
2025-04-09,2024-25,LAC,HOU,1,0.8181911077135167
2025-04-10,2024-25,MIL,NOP,1,0.845883545611243
2025-04-10,2024-25,DET,NYK,1,0.5943715481867383
2025-04-10,2024-25,IND,CLE,1,0.44310885778876496
2025-04-10,2024-25,BKN,ATL,0,0.23059713379923813
2025-04-10,2024-25,MEM,MIN,0,0.4097976362921961
2025-04-11,2024-25,DET,MIL,0,0.613123075723969
2025-04-11,2024-25,IND,ORL,0,0.5082345755065901
2025-04-11,2024-25,PHI,ATL,0,0.30601645933453675
2025-04-11,2024-25,BOS,CHA,1,0.9421804122937408
2025-04-11,2024-25,NYK,CLE,0,0.5848217769445357
2025-04-11,2024-25,CHI,WAS,1,0.8541402338825251
2025-04-11,2024-25,NOP,MIA,0,0.22458471192214194
2025-04-11,2024-25,DAL,TOR,1,0.7018324910574508
2025-04-11,2024-25,MIN,BKN,1,0.9224352766848494
2025-04-11,2024-25,DEN,MEM,1,0.7374620819369442
2025-04-11,2024-25,UTA,OKC,0,0.11900221607648508
2025-04-11,2024-25,PHX,SAS,1,0.504086726594298
2025-04-11,2024-25,POR,GSW,0,0.22137625548599033
2025-04-11,2024-25,SAC,LAC,0,0.2849052900169359
2025-04-11,2024-25,LAL,HOU,1,0.8743379725045545
2025-04-13,2024-25,ATL,ORL,1,0.47916008930599835
2025-04-13,2024-25,BOS,CHA,1,0.8767868818276645
2025-04-13,2024-25,BKN,NYK,0,0.18861964319516414
2025-04-13,2024-25,CLE,IND,0,0.5983157858034667
2025-04-13,2024-25,MIA,WAS,0,0.8585317319147694
2025-04-13,2024-25,PHI,CHI,0,0.16518821782653087
2025-04-13,2024-25,MIL,DET,1,0.2643550283583161
2025-04-13,2024-25,HOU,DEN,0,0.5455164111761125
2025-04-13,2024-25,MEM,DAL,1,0.5087301681036202
2025-04-13,2024-25,MIN,UTA,1,0.8857705558842941
2025-04-13,2024-25,NOP,OKC,0,0.06500648963433625
2025-04-13,2024-25,SAS,TOR,1,0.7245093523581777
2025-04-13,2024-25,GSW,LAC,0,0.5876598180215044
2025-04-13,2024-25,POR,LAL,1,0.6388943631382303
2025-04-13,2024-25,SAC,PHX,1,0.6301765995702497
2025-10-24,2025-26,NYK,BOS,1,0.5966804658290529
2025-10-24,2025-26,LAL,MIN,1,0.5943156892657128
2025-10-24,2025-26,ORL,ATL,0,0.38776214754766997
2025-10-24,2025-26,BKN,CLE,0,0.27628503370592206
2025-10-24,2025-26,TOR,MIL,0,0.5054433916413831
2025-10-24,2025-26,HOU,DET,0,0.8138143027913207
2025-10-24,2025-26,MEM,MIA,0,0.6843229024408487
2025-10-24,2025-26,NOP,SAS,0,0.46658002567755125
2025-10-24,2025-26,DAL,WAS,0,0.7459291184364519
2025-10-24,2025-26,POR,GSW,1,0.6957307100828711
2025-10-24,2025-26,SAC,UTA,1,0.7628133584928701
2025-10-24,2025-26,LAC,PHX,1,0.9093487607340793
2025-10-25,2025-26,ORL,CHI,0,0.36547234625941327
2025-10-25,2025-26,ATL,OKC,0,0.26129387961510825
2025-10-25,2025-26,PHI,CHA,1,0.6647084524099154
2025-10-25,2025-26,MEM,IND,1,0.6379985716963644
2025-10-25,2025-26,DEN,PHX,1,0.7680743775084703
2025-10-26,2025-26,SAS,BKN,1,0.6030186793310336
2025-10-26,2025-26,DET,BOS,1,0.48320389264731267
2025-10-26,2025-26,CLE,MIL,1,0.7536426376840014
2025-10-26,2025-26,MIA,NYK,1,0.46231218307792843
2025-10-26,2025-26,WAS,CHA,0,0.6305346076707502
2025-10-26,2025-26,MIN,IND,1,0.8408091352014087
2025-10-26,2025-26,DAL,TOR,1,0.5374288816329483
2025-10-26,2025-26,LAC,POR,1,0.7770932070610738
2025-10-26,2025-26,SAC,LAL,0,0.3276163428689174
2025-10-27,2025-26,DET,CLE,0,0.38581917380565345
2025-10-27,2025-26,MIN,DEN,0,0.4836398865737037
2025-10-27,2025-26,PHI,ORL,1,0.4291107139485503
2025-10-27,2025-26,CHI,ATL,1,0.5537698530716038
2025-10-27,2025-26,HOU,BKN,1,0.9015737955826342
2025-10-27,2025-26,NOP,BOS,0,0.2799560082685427
2025-10-27,2025-26,SAS,TOR,1,0.662808458303948
2025-10-27,2025-26,DAL,OKC,0,0.14606168662700547
2025-10-27,2025-26,UTA,PHX,1,0.6270493098678092
2025-10-27,2025-26,GSW,MEM,1,0.7502366170970912
2025-10-27,2025-26,LAL,POR,0,0.6324820025998216
2025-10-28,2025-26,WAS,PHI,0,0.49836565863701626
2025-10-28,2025-26,MIA,CHA,1,0.7280069948841983
2025-10-28,2025-26,MIL,NYK,1,0.5718966442338039
2025-10-28,2025-26,OKC,SAC,1,0.7124775617995638
2025-10-28,2025-26,GSW,LAC,1,0.43071924097497943
2025-10-29,2025-26,BOS,CLE,1,0.4051850779828707
2025-10-29,2025-26,DET,ORL,1,0.6813097370434764
2025-10-29,2025-26,BKN,ATL,0,0.3351696457075098
2025-10-29,2025-26,TOR,HOU,0,0.2602310911443657
2025-10-29,2025-26,CHI,SAC,1,0.6447257005529979
2025-10-29,2025-26,DAL,IND,1,0.4793246999020692
2025-10-29,2025-26,DEN,NOP,1,0.8279268726398924
2025-10-29,2025-26,UTA,POR,0,0.4194564817054017
2025-10-29,2025-26,MIN,LAL,0,0.7010484291473184
2025-10-29,2025-26,PHX,MEM,0,0.3799800778351432
2025-10-30,2025-26,CHA,ORL,0,0.5536719854694533
2025-10-30,2025-26,MIL,GSW,1,0.3855882914893403
2025-10-30,2025-26,OKC,WAS,1,0.917859876200425
2025-10-30,2025-26,SAS,MIA,1,0.5482576909498614
2025-10-31,2025-26,IND,ATL,0,0.40021280182166813
2025-10-31,2025-26,PHI,BOS,0,0.3713788879160971
2025-10-31,2025-26,CLE,TOR,0,0.7804445182433634
2025-10-31,2025-26,CHI,NYK,1,0.5458701870132325
2025-10-31,2025-26,MEM,LAL,0,0.3637071186338957
2025-10-31,2025-26,PHX,UTA,1,0.5217056693904856
2025-10-31,2025-26,POR,DEN,1,0.4490603218383623
2025-10-31,2025-26,LAC,NOP,1,0.9182612973379997
2025-11-01,2025-26,MIL,SAC,0,0.6942383818872144
2025-11-01,2025-26,CHA,MIN,0,0.29942092557977845
2025-11-01,2025-26,IND,GSW,1,0.11063182734209154
2025-11-01,2025-26,WAS,ORL,0,0.36009457605157996
2025-11-01,2025-26,BOS,HOU,0,0.4770214780166225
2025-11-02,2025-26,OKC,NOP,1,0.8695476206776885
2025-11-02,2025-26,BKN,PHI,0,0.515213011559864
2025-11-02,2025-26,CHA,UTA,1,0.4072724221112007
2025-11-02,2025-26,CLE,ATL,1,0.6158606982527585
2025-11-02,2025-26,TOR,MEM,1,0.45456511304066965
2025-11-02,2025-26,NYK,CHI,1,0.5581153387659109
2025-11-02,2025-26,PHX,SAS,1,0.4679712626915572
2025-11-02,2025-26,LAL,MIA,1,0.814830199482335
2025-11-03,2025-26,BKN,MIN,0,0.1982487427149669
2025-11-03,2025-26,IND,MIL,0,0.3059002419276136
2025-11-03,2025-26,BOS,UTA,0,0.8187566345241059
2025-11-03,2025-26,NYK,WAS,1,0.8476296998677636
2025-11-03,2025-26,HOU,DAL,1,0.8357917584889337
2025-11-03,2025-26,MEM,DET,0,0.47339787786024845
2025-11-03,2025-26,DEN,SAC,1,0.785147354533813
2025-11-03,2025-26,POR,LAL,0,0.7458456749229061
2025-11-03,2025-26,LAC,MIA,0,0.8362453097189416
2025-11-04,2025-26,TOR,MIL,1,0.4805668089486338
2025-11-04,2025-26,ATL,ORL,1,0.6394344228285145
2025-11-04,2025-26,CHI,PHI,1,0.7090555692079125
2025-11-04,2025-26,NOP,CHA,1,0.5685911604393259
2025-11-04,2025-26,GSW,PHX,1,0.8298229683540653
2025-11-04,2025-26,LAC,OKC,0,0.503248519224465
2025-11-05,2025-26,CLE,PHI,1,0.8097229049627933
2025-11-05,2025-26,DET,UTA,1,0.7340547700321758
2025-11-05,2025-26,IND,BKN,0,0.631104118457838
2025-11-05,2025-26,BOS,WAS,1,0.8646588577581584
2025-11-05,2025-26,NYK,MIN,1,0.5034375515543438
2025-11-05,2025-26,MEM,HOU,0,0.3319049944432138
2025-11-05,2025-26,DAL,NOP,0,0.5916547783095228
2025-11-05,2025-26,DEN,MIA,1,0.7083429355213017
2025-11-05,2025-26,LAL,SAS,1,0.7972678682495525
2025-11-05,2025-26,POR,OKC,1,0.42125030479579695
2025-11-05,2025-26,SAC,GSW,1,0.5635462200639243
2025-11-06,2025-26,PHX,LAC,1,0.3327004121642156
2025-11-07,2025-26,ORL,BOS,1,0.49574947776807876
2025-11-07,2025-26,WAS,CLE,0,0.18527389971111938
2025-11-07,2025-26,ATL,TOR,0,0.6481569189041442
2025-11-07,2025-26,BKN,DET,0,0.3848079300111036
2025-11-07,2025-26,SAS,HOU,1,0.3066999443196989
2025-11-07,2025-26,MIA,CHA,1,0.7947480071411954
2025-11-07,2025-26,MEM,DAL,1,0.6914491370997099
2025-11-07,2025-26,MIL,CHI,1,0.5660522840080741
2025-11-07,2025-26,MIN,UTA,1,0.8121616032000099
2025-11-07,2025-26,DEN,GSW,1,0.6522588563376133
2025-11-07,2025-26,SAC,OKC,0,0.23433593722742405
2025-11-08,2025-26,WAS,DAL,0,0.43765507245546115
2025-11-08,2025-26,PHI,TOR,1,0.5654347686539569
2025-11-08,2025-26,ATL,LAL,1,0.36172005060991225
2025-11-08,2025-26,CLE,CHI,1,0.6913376294119632
2025-11-08,2025-26,MIA,POR,1,0.3972565707348419
2025-11-08,2025-26,SAS,NOP,1,0.6022843059234938
2025-11-08,2025-26,DEN,IND,1,0.8145708940052191
2025-11-08,2025-26,LAC,PHX,0,0.7613115185392326
2025-11-09,2025-26,MIL,HOU,0,0.4625777360868947
2025-11-09,2025-26,NYK,BKN,1,0.825626825241604
2025-11-09,2025-26,ORL,BOS,0,0.5208802141201864
2025-11-09,2025-26,MEM,OKC,0,0.22316262162591935
2025-11-09,2025-26,PHI,DET,0,0.4247337002014228
2025-11-09,2025-26,GSW,IND,1,0.8366025760790117
2025-11-09,2025-26,SAC,MIN,0,0.3862113535806365
2025-11-10,2025-26,CHA,LAL,0,0.19997414904793978
2025-11-10,2025-26,DET,WAS,1,0.7838660885905193
2025-11-10,2025-26,ORL,POR,1,0.363713824562378
2025-11-10,2025-26,MIA,CLE,1,0.4526623991756832
2025-11-10,2025-26,CHI,SAS,0,0.6982824032601064
2025-11-10,2025-26,DAL,MIL,0,0.39091047738113394
2025-11-10,2025-26,PHX,NOP,1,0.6689120767900323
2025-11-10,2025-26,UTA,MIN,0,0.2961826412287929
2025-11-10,2025-26,LAC,ATL,0,0.6504858185096191
2025-11-11,2025-26,BKN,TOR,0,0.34462860897361186
2025-11-11,2025-26,NYK,MEM,1,0.7082298631702181
2025-11-11,2025-26,PHI,BOS,1,0.4394977031206051
2025-11-11,2025-26,OKC,GSW,1,0.7546707768618207
2025-11-11,2025-26,UTA,IND,1,0.4346623765906455
2025-11-11,2025-26,SAC,DEN,0,0.26748747398542916
2025-11-12,2025-26,CHA,MIL,1,0.37166508199958953
2025-11-12,2025-26,DET,CHI,1,0.4321979096134869
2025-11-12,2025-26,NYK,ORL,0,0.6411189989627725
2025-11-12,2025-26,BOS,MEM,1,0.7176343580623934
2025-11-12,2025-26,MIA,CLE,0,0.5776431549029745
2025-11-12,2025-26,HOU,WAS,1,0.8983144074758911
2025-11-12,2025-26,NOP,POR,0,0.27314497529418746
2025-11-12,2025-26,SAS,GSW,0,0.46589497703480137
2025-11-12,2025-26,DAL,PHX,0,0.3781443580423018
2025-11-12,2025-26,OKC,LAL,1,0.6520284060438732
2025-11-12,2025-26,SAC,ATL,0,0.3923128708121477
2025-11-12,2025-26,LAC,DEN,0,0.6190347485013956
2025-11-13,2025-26,CLE,TOR,0,0.7299611181475607
2025-11-13,2025-26,PHX,IND,1,0.6567486921050767
2025-11-13,2025-26,UTA,ATL,0,0.452667197748438
2025-11-14,2025-26,NYK,MIA,1,0.6146159909201558
2025-11-14,2025-26,ORL,BKN,1,0.8119645320381054
2025-11-14,2025-26,DET,PHI,1,0.5650669669750367
2025-11-14,2025-26,HOU,POR,1,0.6815437143902752
2025-11-14,2025-26,MIL,CHA,1,0.73975694656989
2025-11-14,2025-26,MIN,SAC,1,0.7921685385297134
2025-11-14,2025-26,NOP,LAL,0,0.20608132851000396
2025-11-14,2025-26,DAL,LAC,0,0.24988980671772418
2025-11-14,2025-26,SAS,GSW,0,0.39979997548589413
2025-11-15,2025-26,CLE,MEM,1,0.7050412051408655
2025-11-15,2025-26,CHA,OKC,0,0.1184733084150832
2025-11-15,2025-26,IND,TOR,0,0.32917454901209703
2025-11-15,2025-26,MIL,LAL,0,0.5924730691563
2025-11-15,2025-26,MIN,DEN,0,0.48166544539540485
2025-11-16,2025-26,BOS,LAC,1,0.528100282592473
2025-11-16,2025-26,SAS,SAC,1,0.6625529850387317
2025-11-16,2025-26,WAS,BKN,0,0.47728946768369723
2025-11-16,2025-26,HOU,ORL,1,0.7725626675494459
2025-11-16,2025-26,NOP,GSW,0,0.19664625053840754
2025-11-16,2025-26,DAL,POR,1,0.40126234590129584
2025-11-16,2025-26,PHX,ATL,0,0.466674550884302
2025-11-16,2025-26,UTA,CHI,1,0.33093589079700453
2025-11-17,2025-26,CLE,MIL,1,0.6941005820784756
2025-11-17,2025-26,DET,IND,1,0.742248988083155
2025-11-17,2025-26,PHI,LAC,1,0.47122650453827347
2025-11-17,2025-26,MIA,NYK,1,0.5318709431430375
2025-11-17,2025-26,TOR,CHA,1,0.7023865664186165
2025-11-17,2025-26,MIN,DAL,1,0.87247595087339
2025-11-17,2025-26,NOP,OKC,0,0.09366599864852808
2025-11-17,2025-26,DEN,CHI,0,0.8266912773682905
2025-11-18,2025-26,ORL,GSW,1,0.3979303948331403
2025-11-18,2025-26,BKN,BOS,0,0.2668530831099897
2025-11-18,2025-26,ATL,DET,0,0.7366367918529577
2025-11-18,2025-26,SAS,MEM,1,0.5801567944948773
2025-11-18,2025-26,LAL,UTA,1,0.8296669595829136
2025-11-18,2025-26,POR,PHX,0,0.5675827302526381
2025-11-19,2025-26,CLE,HOU,0,0.5006967075928201
2025-11-19,2025-26,IND,CHA,1,0.46225920458146275
2025-11-19,2025-26,MIA,GSW,1,0.753811666361168
2025-11-19,2025-26,PHI,TOR,0,0.5073381847976474
2025-11-19,2025-26,MIN,WAS,1,0.8806234141363193
2025-11-19,2025-26,NOP,DEN,0,0.2054788500450005
2025-11-19,2025-26,OKC,SAC,1,0.9061717234949197
2025-11-19,2025-26,DAL,NYK,0,0.32422385095063516
2025-11-19,2025-26,POR,CHI,0,0.4415292384243712
2025-11-20,2025-26,ORL,LAC,1,0.5299763725833451
2025-11-20,2025-26,MEM,SAC,1,0.6478728906107691
2025-11-20,2025-26,MIL,PHI,0,0.6546861132146253
2025-11-20,2025-26,SAS,ATL,1,0.4805166584436927
2025-11-21,2025-26,CLE,IND,1,0.7850231360994198
2025-11-21,2025-26,BOS,BKN,0,0.8148368742192807
2025-11-21,2025-26,TOR,WAS,1,0.8106019842146502
2025-11-21,2025-26,CHI,MIA,0,0.5073301946002646
2025-11-21,2025-26,DAL,NOP,1,0.5024145230125311
2025-11-21,2025-26,PHX,MIN,1,0.4554299015361538
2025-11-21,2025-26,HOU,DEN,0,0.6219788211199812
2025-11-21,2025-26,UTA,OKC,0,0.1442020930790667
2025-11-21,2025-26,GSW,POR,0,0.7602854233320421
2025-11-22,2025-26,CHA,LAC,0,0.4092669685301412
2025-11-22,2025-26,ORL,NYK,1,0.6314445293564299
2025-11-22,2025-26,NOP,ATL,0,0.21832802908828902
2025-11-22,2025-26,CHI,WAS,1,0.8552464928458019
2025-11-22,2025-26,MIL,DET,0,0.453353872018548
2025-11-22,2025-26,DAL,MEM,0,0.339858366314167
2025-11-22,2025-26,DEN,SAC,0,0.8841828685072868
2025-11-23,2025-26,PHI,MIA,0,0.3655410930673149
2025-11-23,2025-26,ATL,CHA,1,0.8032163427978682
2025-11-23,2025-26,BOS,ORL,1,0.659291238869811
2025-11-23,2025-26,CLE,LAC,1,0.6030653592737811
2025-11-23,2025-26,TOR,BKN,1,0.754674682447501
2025-11-23,2025-26,OKC,POR,1,0.8528743804941608
2025-11-23,2025-26,PHX,SAS,1,0.637638079346416
2025-11-23,2025-26,UTA,LAL,0,0.1819811124750623
2025-11-24,2025-26,IND,DET,0,0.30291369010780217
2025-11-24,2025-26,TOR,CLE,1,0.561428720806908
2025-11-24,2025-26,BKN,NYK,0,0.280777745405117
2025-11-24,2025-26,MIA,DAL,1,0.7467494112025426
2025-11-24,2025-26,MEM,DEN,0,0.3497779233219624
2025-11-24,2025-26,MIL,POR,0,0.582515062384728
2025-11-24,2025-26,NOP,CHI,1,0.3921090124525107
2025-11-24,2025-26,PHX,HOU,0,0.4539855493504608
2025-11-24,2025-26,GSW,UTA,1,0.8003904596275238
2025-11-24,2025-26,SAC,MIN,1,0.2543480211473556
2025-11-25,2025-26,WAS,ATL,1,0.19852511677770562
2025-11-25,2025-26,PHI,ORL,0,0.48412348445591524
2025-11-25,2025-26,LAL,LAC,1,0.6792710971500249
2025-11-26,2025-26,BOS,DET,1,0.5859675871169819
2025-11-26,2025-26,CHA,NYK,0,0.3819941270805015
2025-11-26,2025-26,MIA,MIL,1,0.7141654172401718
2025-11-26,2025-26,TOR,IND,1,0.7398930299161414
2025-11-26,2025-26,OKC,MIN,1,0.7743216952260945
2025-11-26,2025-26,NOP,MEM,0,0.39813874143902195
2025-11-26,2025-26,GSW,HOU,0,0.5145299383660479
2025-11-26,2025-26,POR,SAS,0,0.5767526323168023
2025-11-26,2025-26,SAC,PHX,0,0.4051489881305759
2025-11-28,2025-26,ATL,CLE,1,0.42166921383886047
2025-11-28,2025-26,BKN,PHI,0,0.40965905996733054
2025-11-28,2025-26,CHA,CHI,1,0.399459338393327
2025-11-28,2025-26,DET,ORL,0,0.5796076776962371
2025-11-28,2025-26,IND,WAS,1,0.5415192138504008
2025-11-28,2025-26,NYK,MIL,1,0.7042061211111916
2025-11-28,2025-26,OKC,PHX,1,0.7966631142343021
2025-11-28,2025-26,DEN,SAS,0,0.7686532219558417
2025-11-28,2025-26,UTA,SAC,1,0.5072396489393574
2025-11-28,2025-26,LAL,DAL,1,0.8925578411806909
2025-11-28,2025-26,LAC,MEM,0,0.6878592741790439
2025-11-29,2025-26,MIN,BOS,1,0.5898194231974061
2025-11-29,2025-26,CHA,TOR,1,0.32641150673690505
2025-11-29,2025-26,IND,CHI,1,0.4043482300009289
2025-11-29,2025-26,MIA,DET,0,0.666304127716377
2025-11-29,2025-26,MIL,BKN,1,0.7651024978355204
2025-11-29,2025-26,GSW,NOP,1,0.7720651528989646
2025-11-29,2025-26,PHX,DEN,0,0.49863664347316167
2025-11-29,2025-26,LAC,DAL,0,0.8536513893602218
2025-11-30,2025-26,UTA,HOU,0,0.23274151094081608
2025-11-30,2025-26,CLE,BOS,0,0.7128661402746008
2025-11-30,2025-26,NYK,TOR,1,0.8188050747200456
2025-11-30,2025-26,PHI,ATL,0,0.5173073788203564
2025-11-30,2025-26,POR,OKC,0,0.24351601385596552
2025-11-30,2025-26,MIN,SAS,1,0.581581629533924
2025-11-30,2025-26,SAC,MEM,0,0.42250819515812243
2025-11-30,2025-26,LAL,NOP,1,0.9269557741874148
2025-12-01,2025-26,DET,ATL,1,0.7033201611695441
2025-12-01,2025-26,IND,CLE,0,0.38166726832606823
2025-12-01,2025-26,WAS,MIL,1,0.25005932864892594
2025-12-01,2025-26,BKN,CHA,1,0.5553246410568252
2025-12-01,2025-26,MIA,LAC,1,0.5956726988504286
2025-12-01,2025-26,ORL,CHI,1,0.7240794936084302
2025-12-01,2025-26,DEN,DAL,0,0.8816661377851807
2025-12-01,2025-26,UTA,HOU,1,0.21196015360233092
2025-12-01,2025-26,LAL,PHX,0,0.6292910567429592
2025-12-02,2025-26,PHI,WAS,1,0.8074977995522002
2025-12-02,2025-26,TOR,POR,1,0.6035311793804137
2025-12-02,2025-26,BOS,NYK,1,0.5552700054576826
2025-12-02,2025-26,NOP,MIN,0,0.2221680499957688
2025-12-02,2025-26,SAS,MEM,1,0.7073623208421065
2025-12-02,2025-26,GSW,OKC,0,0.30529204394014414
2025-12-03,2025-26,CLE,POR,0,0.7363063321265234
2025-12-03,2025-26,IND,DEN,0,0.22135427810856886
2025-12-03,2025-26,ORL,SAS,0,0.6946036185636401
2025-12-03,2025-26,ATL,LAC,0,0.5984533092020538
2025-12-03,2025-26,NYK,CHA,1,0.8677443114232567
2025-12-03,2025-26,CHI,BKN,0,0.6413521293558028
2025-12-03,2025-26,HOU,SAC,1,0.8694739387885032
2025-12-03,2025-26,MIL,DET,1,0.42599930433677186
2025-12-03,2025-26,DAL,MIA,1,0.37292054768929306
2025-12-04,2025-26,PHI,GSW,1,0.44033587781712036
2025-12-04,2025-26,WAS,BOS,0,0.2165923200575524
2025-12-04,2025-26,BKN,UTA,0,0.3912650281569903
2025-12-04,2025-26,TOR,LAL,0,0.45830839785478356
2025-12-04,2025-26,NOP,MIN,0,0.2011671350462289
2025-12-05,2025-26,BOS,LAL,1,0.7122842921236402
2025-12-05,2025-26,ORL,MIA,1,0.5034202707096536
2025-12-05,2025-26,ATL,DEN,0,0.4001684976007608
2025-12-05,2025-26,CLE,SAS,1,0.594092876964046
2025-12-05,2025-26,DET,POR,1,0.7340891351634349
2025-12-05,2025-26,NYK,UTA,1,0.8467360894022724
2025-12-05,2025-26,TOR,CHA,0,0.7511552921976933
2025-12-05,2025-26,CHI,IND,0,0.5999765451907698
2025-12-05,2025-26,HOU,PHX,1,0.7844841387072569
2025-12-05,2025-26,MEM,LAC,1,0.5056080514108016
2025-12-05,2025-26,MIL,PHI,0,0.6496057331197251
2025-12-05,2025-26,OKC,DAL,1,0.8574643571506554
2025-12-06,2025-26,BKN,NOP,1,0.6405240059082478
2025-12-06,2025-26,WAS,ATL,0,0.28796318595770826
2025-12-06,2025-26,CLE,GSW,0,0.6896911306313191
2025-12-06,2025-26,DET,MIL,1,0.7242095246686566
2025-12-06,2025-26,MIA,SAC,0,0.7227105202886078
2025-12-06,2025-26,MIN,LAC,1,0.6814132959691306
2025-12-06,2025-26,DAL,HOU,1,0.2694687447794797
2025-12-07,2025-26,NYK,ORL,1,0.6508449741397119
2025-12-07,2025-26,TOR,BOS,0,0.36866693281460977
2025-12-07,2025-26,CHA,DEN,0,0.1850742680720895
2025-12-07,2025-26,MEM,POR,1,0.5587401144523289
2025-12-07,2025-26,CHI,GSW,0,0.4796379231050839
2025-12-07,2025-26,PHI,LAL,0,0.3708068843691859
2025-12-07,2025-26,UTA,OKC,0,0.17653626869214156
2025-12-08,2025-26,IND,SAC,1,0.5523069424481257
2025-12-08,2025-26,MIN,PHX,0,0.6437202730474315
2025-12-08,2025-26,NOP,SAS,0,0.2528922893411539
2025-12-09,2025-26,ORL,MIA,1,0.506754552496492
2025-12-09,2025-26,TOR,NYK,0,0.42424717754554114
2025-12-10,2025-26,OKC,PHX,1,0.7920554484828362
2025-12-10,2025-26,LAL,SAS,0,0.7094324956695591
2025-12-11,2025-26,HOU,LAC,1,0.7322181147331198
2025-12-11,2025-26,MIL,BOS,1,0.29814993677512536
2025-12-11,2025-26,NOP,POR,1,0.3406930418603026
2025-12-11,2025-26,SAC,DEN,0,0.21999686106751343
2025-12-12,2025-26,CHA,CHI,0,0.40924174582015316
2025-12-12,2025-26,DET,ATL,1,0.6691513767181833
2025-12-12,2025-26,PHI,IND,1,0.5489813465857063
2025-12-12,2025-26,WAS,CLE,0,0.1964821011231258
2025-12-12,2025-26,MEM,UTA,0,0.6483437898849785
2025-12-12,2025-26,DAL,BKN,1,0.6514128097595642
2025-12-12,2025-26,GSW,MIN,0,0.5787414938338168
2025-12-14,2025-26,IND,WAS,0,0.7503893335398772
2025-12-14,2025-26,ATL,PHI,1,0.5821681623968546
2025-12-14,2025-26,CLE,CHA,0,0.8265475726242589
2025-12-14,2025-26,BKN,MIL,1,0.40783318182490214
2025-12-14,2025-26,MIN,SAC,1,0.8078969489316117
2025-12-14,2025-26,POR,GSW,1,0.34254717196649986
2025-12-14,2025-26,CHI,NOP,0,0.7387592521374685
2025-12-14,2025-26,PHX,LAL,0,0.44986060697196756
2025-12-15,2025-26,BOS,DET,0,0.6214785351492336
2025-12-15,2025-26,UTA,DAL,1,0.42625021615874464
2025-12-15,2025-26,DEN,HOU,1,0.599199648064845
2025-12-15,2025-26,LAC,MEM,0,0.6966396605857312
2025-12-15,2025-26,MIA,TOR,0,0.6837289574366313
2025-12-17,2025-26,CHI,CLE,1,0.5231616516245371
2025-12-17,2025-26,MIN,MEM,0,0.760580031711776
2025-12-18,2025-26,OKC,LAC,1,0.8123960074072594
2025-12-18,2025-26,SAS,WAS,1,0.8822598801823495
2025-12-18,2025-26,CHA,ATL,1,0.40253826621130373
2025-12-18,2025-26,IND,NYK,0,0.292985668105281
2025-12-18,2025-26,BKN,MIA,0,0.32818904998468307
2025-12-18,2025-26,MIL,TOR,0,0.6036373134166128
2025-12-18,2025-26,NOP,HOU,1,0.1817024654280154
2025-12-18,2025-26,DAL,DET,1,0.3928348023954503
2025-12-18,2025-26,DEN,ORL,1,0.7886698929187759
2025-12-18,2025-26,PHX,GSW,1,0.5541008648666557
2025-12-18,2025-26,UTA,LAL,0,0.22709984503451677
2025-12-18,2025-26,POR,SAC,1,0.667692311076498
2025-12-19,2025-26,BOS,MIA,1,0.7140566089237199
2025-12-19,2025-26,NYK,PHI,0,0.7510870500934821
2025-12-19,2025-26,ATL,SAS,0,0.505270427385535
2025-12-19,2025-26,CLE,CHI,0,0.5890034765145301
2025-12-19,2025-26,MIN,OKC,1,0.39059018431680065
2025-12-20,2025-26,DEN,HOU,0,0.6233029210848069
2025-12-20,2025-26,PHI,DAL,1,0.4529423243157884
2025-12-20,2025-26,TOR,BOS,0,0.44601605373236364
2025-12-20,2025-26,NOP,IND,1,0.5257766908723011
2025-12-20,2025-26,DET,CHA,1,0.7845106875955832
2025-12-20,2025-26,MEM,WAS,0,0.8337129769780478
2025-12-20,2025-26,GSW,PHX,1,0.54507106767641
2025-12-20,2025-26,UTA,ORL,0,0.3120007832793825
2025-12-20,2025-26,SAC,POR,0,0.37062836176645664
2025-12-20,2025-26,LAC,LAL,1,0.49408653024386534
2025-12-21,2025-26,ATL,CHI,0,0.5078274868338304
2025-12-21,2025-26,BKN,TOR,1,0.5321372459509897
2025-12-21,2025-26,NYK,MIA,1,0.7140036058290005
2025-12-21,2025-26,WAS,SAS,0,0.14115892689311232
2025-12-21,2025-26,MIN,MIL,1,0.8067393868219197
2025-12-21,2025-26,SAC,HOU,1,0.17931062771886458
2025-12-22,2025-26,CLE,CHA,1,0.7177917655457033
2025-12-22,2025-26,BOS,IND,1,0.8543772660685731
2025-12-22,2025-26,NOP,DAL,1,0.4725898410637741
2025-12-22,2025-26,DEN,UTA,1,0.8764146741403156
2025-12-22,2025-26,OKC,MEM,1,0.8702557040741059
2025-12-22,2025-26,GSW,ORL,1,0.6999808000268601
2025-12-22,2025-26,POR,DET,0,0.37131822285321786
2025-12-23,2025-26,CHA,WAS,1,0.6213513756922979
2025-12-23,2025-26,PHI,BKN,0,0.6378274488590983
2025-12-23,2025-26,ATL,CHI,0,0.48459444268291973
2025-12-23,2025-26,CLE,NOP,1,0.7803953565179222
2025-12-23,2025-26,IND,MIL,0,0.41529495118972837
2025-12-23,2025-26,MIA,TOR,0,0.6802278898644615
2025-12-23,2025-26,DAL,DEN,1,0.30403354855036024
2025-12-23,2025-26,MIN,NYK,1,0.664074790245628
2025-12-23,2025-26,SAS,OKC,1,0.4294959659222563
2025-12-23,2025-26,PHX,LAL,1,0.6282107088947381
2025-12-23,2025-26,UTA,MEM,0,0.36576211060198055
2025-12-23,2025-26,POR,ORL,0,0.5163259935544613
2025-12-23,2025-26,SAC,DET,0,0.29751116699902275
2025-12-23,2025-26,LAC,HOU,1,0.4237316830222097
2025-12-25,2025-26,NYK,CLE,1,0.6681650405076031
2025-12-25,2025-26,OKC,SAS,0,0.7626047280197109
2025-12-25,2025-26,GSW,DAL,1,0.753453821464071
2025-12-25,2025-26,LAL,HOU,0,0.5441680582029335
2025-12-25,2025-26,DEN,MIN,1,0.6204671485036514
2025-12-26,2025-26,ATL,MIA,0,0.4739061831857191
2025-12-26,2025-26,ORL,CHA,0,0.6353717254822503
2025-12-26,2025-26,WAS,TOR,1,0.3193673738407729
2025-12-26,2025-26,IND,BOS,0,0.3000805417813448
2025-12-26,2025-26,CHI,PHI,1,0.5605331676775274
2025-12-26,2025-26,MEM,MIL,1,0.5916738620106192
2025-12-26,2025-26,NOP,PHX,0,0.2580809721278541
2025-12-26,2025-26,UTA,DET,1,0.2822511364334364
2025-12-26,2025-26,POR,LAC,0,0.3361319162877285
2025-12-27,2025-26,SAC,DAL,1,0.3977390800155511
2025-12-27,2025-26,ORL,DEN,1,0.24688805921499876
2025-12-27,2025-26,NOP,PHX,0,0.30929423416753915
2025-12-27,2025-26,ATL,NYK,0,0.2925102840228316
2025-12-27,2025-26,MIA,IND,1,0.7362352719987515
2025-12-27,2025-26,CHI,MIL,0,0.6194362251554554
2025-12-27,2025-26,HOU,CLE,1,0.7132799132567714
2025-12-27,2025-26,MIN,BKN,0,0.7928187252232997
2025-12-27,2025-26,SAS,UTA,0,0.8681338279260504
2025-12-28,2025-26,TOR,GSW,1,0.38637214765553063
2025-12-28,2025-26,OKC,PHI,1,0.8497212913774543
2025-12-28,2025-26,WAS,MEM,1,0.2910591282345472
2025-12-28,2025-26,POR,BOS,1,0.3634700551940172
2025-12-28,2025-26,LAC,DET,1,0.6474691691612532
2025-12-28,2025-26,LAL,SAC,1,0.7827063731365577
2025-12-29,2025-26,CHA,MIL,0,0.4196887323274026
2025-12-29,2025-26,WAS,PHX,0,0.18939953004124316
2025-12-29,2025-26,BKN,GSW,0,0.4722370323577526
2025-12-29,2025-26,MIA,DEN,1,0.3942122550628035
2025-12-29,2025-26,TOR,ORL,1,0.4741624156539987
2025-12-29,2025-26,CHI,MIN,0,0.41305509336068197
2025-12-29,2025-26,HOU,IND,1,0.8828804171003698
2025-12-29,2025-26,NOP,NYK,0,0.26975646236511386
2025-12-29,2025-26,OKC,ATL,1,0.8379082747246303
2025-12-29,2025-26,SAS,CLE,0,0.6532759374369164
2025-12-29,2025-26,POR,DAL,1,0.5408264121815862
2025-12-30,2025-26,MEM,PHI,0,0.5198757975252335
2025-12-30,2025-26,UTA,BOS,0,0.33115933568650624
2025-12-30,2025-26,LAL,DET,0,0.5569776722421667
2025-12-30,2025-26,LAC,SAC,1,0.817106630783201
2025-12-31,2025-26,CHA,GSW,0,0.2759695503179637
2025-12-31,2025-26,ATL,MIN,1,0.3949779032005928
2025-12-31,2025-26,IND,ORL,0,0.3935300262790129
2025-12-31,2025-26,CLE,PHX,1,0.6064459061397122
2025-12-31,2025-26,CHI,NOP,1,0.6167086340375888
2025-12-31,2025-26,SAS,NYK,1,0.5949955909249405
2025-12-31,2025-26,TOR,DEN,0,0.5087497559536255
2025-12-31,2025-26,MIL,WAS,0,0.8009143637296161
2025-12-31,2025-26,OKC,POR,1,0.8780328582435285
2026-01-01,2025-26,BKN,HOU,0,0.1682077487690384
2026-01-01,2025-26,DET,MIA,0,0.5881672481428489
2026-01-01,2025-26,DAL,PHI,0,0.41699039804975263
2026-01-01,2025-26,SAC,BOS,0,0.242716690357699
2026-01-01,2025-26,LAC,UTA,1,0.8439113346289531
2026-01-02,2025-26,IND,SAS,0,0.2704363496773748
2026-01-02,2025-26,WAS,BKN,1,0.5147859797750369
2026-01-02,2025-26,CLE,DEN,1,0.5179864066587015
2026-01-02,2025-26,NYK,ATL,0,0.7075054859120429
2026-01-02,2025-26,CHI,ORL,1,0.47890597983850886
2026-01-02,2025-26,MIL,CHA,1,0.6481146670132677
2026-01-02,2025-26,NOP,POR,0,0.4232490242836876
2026-01-02,2025-26,PHX,SAC,1,0.8377881522380957
2026-01-02,2025-26,GSW,OKC,0,0.24766390660858092
2026-01-02,2025-26,LAL,MEM,1,0.5751727697160292
2026-01-03,2025-26,MIA,MIN,0,0.5111943250512706
2026-01-03,2025-26,NYK,PHI,0,0.6202156174967469
2026-01-03,2025-26,TOR,ATL,1,0.6576574098291047
2026-01-03,2025-26,CHI,CHA,0,0.6430495721735852
2026-01-03,2025-26,SAS,POR,0,0.8065781447325042
2026-01-03,2025-26,DAL,HOU,1,0.2650003230633285
2026-01-03,2025-26,GSW,UTA,1,0.785957413978223
2026-01-03,2025-26,LAC,BOS,0,0.5725925836220142
2026-01-04,2025-26,CLE,DET,0,0.5474494586857549
2026-01-04,2025-26,ORL,IND,1,0.6171945685182835
2026-01-04,2025-26,BKN,DEN,1,0.3741162769263095
2026-01-04,2025-26,MIA,NOP,1,0.7435377940739297
2026-01-04,2025-26,WAS,MIN,0,0.24903984025898476
2026-01-04,2025-26,PHX,OKC,1,0.32756582181032484
2026-01-04,2025-26,SAC,MIL,0,0.32337042617468975
2026-01-04,2025-26,LAL,MEM,1,0.6103177733807653
2026-01-05,2025-26,DET,NYK,1,0.4495196344488038
2026-01-05,2025-26,BOS,CHI,1,0.804131336457862
2026-01-05,2025-26,TOR,ATL,1,0.5273702568150559
2026-01-05,2025-26,HOU,PHX,1,0.7990689871177754
2026-01-05,2025-26,OKC,CHA,0,0.8596491990616675
2026-01-05,2025-26,PHI,DEN,0,0.7085783399071062
2026-01-05,2025-26,LAC,GSW,1,0.5064292635407923
2026-01-05,2025-26,POR,UTA,1,0.6043981587882797
2026-01-06,2025-26,IND,CLE,0,0.22120925660293453
2026-01-06,2025-26,WAS,ORL,1,0.32789681628636336
2026-01-06,2025-26,MEM,SAS,1,0.45730523070508383
2026-01-06,2025-26,MIN,MIA,1,0.5962654514794204
2026-01-06,2025-26,NOP,LAL,0,0.33846008736840916
2026-01-06,2025-26,SAC,DAL,0,0.3540463130563604
2026-01-07,2025-26,CHA,TOR,0,0.5130297960271817
2026-01-07,2025-26,DET,CHI,1,0.749255649139414
2026-01-07,2025-26,PHI,WAS,1,0.8471909874120471
2026-01-07,2025-26,ATL,NOP,1,0.7818272226696954
2026-01-07,2025-26,BOS,DEN,0,0.6746956874877271
2026-01-07,2025-26,BKN,ORL,0,0.5780479201611759
2026-01-07,2025-26,NYK,LAC,1,0.5871130958273166
2026-01-07,2025-26,SAS,LAL,1,0.7229571327586863
2026-01-07,2025-26,MEM,PHX,0,0.42919751987660515
2026-01-07,2025-26,OKC,UTA,1,0.8973071545903235
2026-01-07,2025-26,GSW,MIL,1,0.7563537204341928
2026-01-07,2025-26,POR,HOU,1,0.36595455377455666
2026-01-08,2025-26,CHA,IND,0,0.6412753104076592
2026-01-08,2025-26,MIN,CLE,1,0.5590067693160267
2026-01-08,2025-26,UTA,DAL,1,0.43155906331875005
2026-01-09,2025-26,BOS,TOR,1,0.8043418308621685
2026-01-09,2025-26,ORL,PHI,0,0.4063174183146954
2026-01-09,2025-26,WAS,NOP,0,0.40230167931272054
2026-01-09,2025-26,BKN,LAC,0,0.3459832343987473
2026-01-09,2025-26,MEM,OKC,0,0.24836479094638406
2026-01-09,2025-26,DEN,ATL,0,0.6944011834811816
2026-01-09,2025-26,PHX,NYK,1,0.5309636785409844
2026-01-09,2025-26,GSW,SAC,1,0.8276067863488323
2026-01-09,2025-26,POR,HOU,1,0.37634165553143606
2026-01-09,2025-26,LAL,MIL,0,0.6850744114392564
2026-01-10,2025-26,CLE,MIN,1,0.5582430095687262
2026-01-10,2025-26,IND,MIA,1,0.30695470234950467
2026-01-10,2025-26,DET,LAC,0,0.6138585015065335
2026-01-10,2025-26,BOS,SAS,0,0.5944857660291153
2026-01-10,2025-26,CHI,DAL,1,0.6242702262666013
2026-01-10,2025-26,UTA,CHA,0,0.3897727155793306
2026-01-11,2025-26,ORL,NOP,1,0.6410786081302065
2026-01-11,2025-26,MEM,BKN,1,0.6978996796702076
2026-01-11,2025-26,TOR,PHI,1,0.3838773954653179
2026-01-11,2025-26,POR,NYK,0,0.4711326619454001
2026-01-11,2025-26,MIN,SAS,1,0.6050538949008412
2026-01-11,2025-26,OKC,MIA,1,0.8802531013144443
2026-01-11,2025-26,DEN,MIL,1,0.6633137399635278
2026-01-11,2025-26,PHX,WAS,1,0.8594098014406195
2026-01-11,2025-26,GSW,ATL,0,0.6889049783962645
2026-01-11,2025-26,SAC,HOU,1,0.14271811651236124
2026-01-12,2025-26,CLE,UTA,0,0.7701502905699381
2026-01-12,2025-26,IND,BOS,1,0.26590601473649084
2026-01-12,2025-26,TOR,PHI,0,0.4649491897281905
2026-01-12,2025-26,DAL,BKN,1,0.5160529157546804
2026-01-12,2025-26,SAC,LAL,1,0.2814755111007553
2026-01-12,2025-26,LAC,CHA,1,0.70134131199255
2026-01-13,2025-26,MIA,PHX,1,0.44581492852423305
2026-01-13,2025-26,HOU,CHI,1,0.8388163520481314
2026-01-13,2025-26,MIL,MIN,0,0.40750090036443715
2026-01-13,2025-26,NOP,DEN,0,0.23850828598081458
2026-01-13,2025-26,OKC,SAS,1,0.7587751374635995
2026-01-13,2025-26,LAL,ATL,1,0.49656401738573275
2026-01-13,2025-26,GSW,POR,1,0.7062320613263328
2026-01-14,2025-26,IND,TOR,0,0.45843413627809265
2026-01-14,2025-26,PHI,CLE,0,0.47049101717487646
2026-01-14,2025-26,CHI,UTA,1,0.774971735527594
2026-01-14,2025-26,NOP,BKN,1,0.32338351407033145
2026-01-14,2025-26,DAL,DEN,0,0.42851197201466623
2026-01-14,2025-26,SAC,NYK,1,0.22429056838371314
2026-01-14,2025-26,LAC,WAS,1,0.9035265816218763
2026-01-15,2025-26,DET,PHX,1,0.7117572181744098
2026-01-15,2025-26,MIA,BOS,0,0.4127275143865634
2026-01-15,2025-26,HOU,OKC,0,0.4764180313982606
2026-01-15,2025-26,SAS,MIL,1,0.7344657091351683
2026-01-15,2025-26,DAL,UTA,1,0.6466483186241531
2026-01-15,2025-26,GSW,NYK,1,0.7062177875625334
2026-01-15,2025-26,POR,ATL,1,0.5341785464374497
2026-01-15,2025-26,LAL,CHA,0,0.6543411046787259
2026-01-16,2025-26,BKN,CHI,1,0.4846383511436371
2026-01-16,2025-26,IND,NOP,1,0.5700509066093796
2026-01-16,2025-26,PHI,CLE,0,0.5054023321390065
2026-01-16,2025-26,TOR,LAC,0,0.4691960420604257
2026-01-16,2025-26,HOU,MIN,1,0.5791253492636536
2026-01-16,2025-26,SAC,WAS,1,0.7077236516182863
2026-01-17,2025-26,DAL,UTA,1,0.6353026770134449
2026-01-17,2025-26,ATL,BOS,0,0.4087665811954027
2026-01-17,2025-26,DET,IND,1,0.8861040945303155
2026-01-17,2025-26,NYK,PHX,0,0.5481044368384486
2026-01-17,2025-26,MIA,OKC,1,0.24341405619826786
2026-01-17,2025-26,SAS,MIN,1,0.6936368499635878
2026-01-17,2025-26,GSW,CHA,1,0.6907211518767941
2026-01-17,2025-26,DEN,WAS,1,0.8672215115744972
2026-01-17,2025-26,POR,LAL,1,0.6116207637419616
2026-01-18,2025-26,CHI,BKN,1,0.6577698680117908
2026-01-18,2025-26,HOU,NOP,1,0.8790031698155523
2026-01-18,2025-26,DEN,CHA,0,0.6643621991301101
2026-01-18,2025-26,SAC,POR,0,0.5293162131853741
2026-01-18,2025-26,LAL,TOR,1,0.6287316936512857
2026-01-19,2025-26,ATL,MIL,0,0.5027257501372046
2026-01-19,2025-26,CLE,OKC,0,0.3204405049234907
2026-01-19,2025-26,NYK,DAL,0,0.8507748888403548
2026-01-19,2025-26,DET,BOS,1,0.6330492000807855
2026-01-19,2025-26,WAS,LAC,0,0.2298549335763979
2026-01-19,2025-26,PHI,IND,1,0.6657388157466425
2026-01-19,2025-26,BKN,PHX,0,0.2611482652205705
2026-01-19,2025-26,SAS,UTA,1,0.8372002653228562
2026-01-19,2025-26,GSW,MIA,1,0.6049675506415034
2026-01-20,2025-26,PHI,PHX,0,0.4586410939128826
2026-01-20,2025-26,CHI,LAC,1,0.5176134716203127
2026-01-20,2025-26,HOU,SAS,1,0.7118127155988608
2026-01-20,2025-26,UTA,MIN,1,0.17417569661316057
2026-01-20,2025-26,DEN,LAL,0,0.5451504218737651
2026-01-20,2025-26,GSW,TOR,0,0.7260658073695455
2026-01-20,2025-26,SAC,MIA,0,0.4010984786939315
2026-01-21,2025-26,CHA,CLE,0,0.49467673068125056
2026-01-21,2025-26,BOS,IND,1,0.8354566920751544
2026-01-21,2025-26,NYK,BKN,1,0.7505849066012328
2026-01-21,2025-26,MEM,ATL,0,0.5276991038756156
2026-01-21,2025-26,NOP,DET,0,0.19735545898550283
2026-01-21,2025-26,MIL,OKC,0,0.16945898382491295
2026-01-21,2025-26,SAC,TOR,0,0.4481863217758769
2026-01-22,2025-26,ORL,CHA,0,0.6848733135643508
2026-01-22,2025-26,PHI,HOU,1,0.4870693074524926
2026-01-22,2025-26,WAS,DEN,0,0.2245588430298898
2026-01-22,2025-26,DAL,GSW,1,0.29904720031231424
2026-01-22,2025-26,MIN,CHI,0,0.7374184487695328
2026-01-22,2025-26,UTA,SAS,0,0.29745653523370497
2026-01-22,2025-26,LAC,LAL,1,0.6170561394298822
2026-01-22,2025-26,POR,MIA,1,0.5857020230059737
2026-01-23,2025-26,DET,HOU,0,0.6744438482770911
2026-01-23,2025-26,ATL,PHX,1,0.380847306964476
2026-01-23,2025-26,BKN,BOS,0,0.337475054596252
2026-01-23,2025-26,CLE,SAC,1,0.8170906146672798
2026-01-23,2025-26,MEM,NOP,0,0.6155722796458195
2026-01-23,2025-26,MIL,DEN,0,0.6123155655742721
2026-01-23,2025-26,OKC,IND,0,0.9042348198126664
2026-01-23,2025-26,POR,TOR,0,0.49821634810732074
2026-01-24,2025-26,PHI,NYK,0,0.565821760476755
2026-01-24,2025-26,CHA,WAS,1,0.8413306505823132
2026-01-24,2025-26,ORL,CLE,0,0.45589338882359576
2026-01-24,2025-26,CHI,BOS,1,0.5011014905310092
2026-01-24,2025-26,DAL,LAL,0,0.33497583480479726
2026-01-24,2025-26,UTA,MIA,0,0.3148610603883545
2026-01-25,2025-26,MIN,GSW,0,0.5932680642408296
2026-01-25,2025-26,DET,SAC,1,0.8161056607707324
2026-01-25,2025-26,OKC,TOR,0,0.8222480680727818
2026-01-25,2025-26,SAS,NOP,0,0.7759641940441911
2026-01-25,2025-26,PHX,MIA,0,0.6280236002912657
2026-01-25,2025-26,LAC,BKN,1,0.7249612690223175
2026-01-26,2025-26,CHA,PHI,1,0.5707749779275574
2026-01-26,2025-26,CLE,ORL,1,0.7054697911678294
2026-01-26,2025-26,ATL,IND,1,0.6465104496289196
2026-01-26,2025-26,BOS,POR,1,0.7184618249391961
2026-01-26,2025-26,CHI,LAL,0,0.41564616279438216
2026-01-26,2025-26,HOU,MEM,1,0.8122869219966508
2026-01-26,2025-26,MIN,GSW,1,0.7273927683188665
2026-01-27,2025-26,WAS,POR,1,0.2582307039613539
2026-01-27,2025-26,NYK,SAC,1,0.8230354668637642
2026-01-27,2025-26,PHI,MIL,1,0.6425341329066765
2026-01-27,2025-26,OKC,NOP,1,0.8733174606478643
2026-01-27,2025-26,DEN,DET,0,0.4532751267109781
2026-01-27,2025-26,PHX,BKN,1,0.6646133300555966
2026-01-27,2025-26,UTA,LAC,0,0.2537029814909992
2026-01-28,2025-26,CLE,LAL,1,0.6372297177921972
2026-01-28,2025-26,IND,CHI,1,0.3946290122617272
2026-01-28,2025-26,BOS,ATL,0,0.7455588925871433
2026-01-28,2025-26,MIA,ORL,0,0.6487114215456518
2026-01-28,2025-26,TOR,NYK,0,0.5936138000068741
2026-01-28,2025-26,MEM,CHA,0,0.49176876823278576
2026-01-28,2025-26,DAL,MIN,0,0.31419546450484687
2026-01-28,2025-26,UTA,GSW,0,0.27950829884905365
2026-01-28,2025-26,HOU,SAS,0,0.6864909654820963
2026-01-29,2025-26,CHI,MIA,0,0.5517477421878715
2026-01-29,2025-26,PHI,SAC,1,0.7561896545769728
2026-01-29,2025-26,WAS,MIL,1,0.33114459163810955
2026-01-29,2025-26,ATL,HOU,0,0.4365393030991365
2026-01-29,2025-26,DAL,CHA,0,0.4433313127810886
2026-01-29,2025-26,DEN,BKN,1,0.7371950935404272
2026-01-29,2025-26,PHX,DET,1,0.44280197284271744
2026-01-29,2025-26,MIN,OKC,1,0.3061840109533465
2026-01-30,2025-26,ORL,TOR,1,0.4987032540990238
2026-01-30,2025-26,WAS,LAL,0,0.15520133054922777
2026-01-30,2025-26,BOS,SAC,1,0.878931520391299
2026-01-30,2025-26,NYK,POR,1,0.6767418344901519
2026-01-30,2025-26,NOP,MEM,1,0.5428532673680627
2026-01-30,2025-26,PHX,CLE,1,0.3820064397393082
2026-01-30,2025-26,UTA,BKN,0,0.5005807951270802
2026-01-30,2025-26,DEN,LAC,1,0.4503603779076853
2026-01-30,2025-26,GSW,DET,0,0.6169670738113797
2026-01-31,2025-26,MIA,CHI,0,0.6505395411516443
2026-01-31,2025-26,CHA,SAS,1,0.5779302020527705
2026-01-31,2025-26,IND,ATL,1,0.34124604165502237
2026-01-31,2025-26,PHI,NOP,1,0.7441576500125089
2026-01-31,2025-26,MEM,MIN,0,0.2619670430866703
2026-01-31,2025-26,HOU,DAL,1,0.7991247530289739
2026-02-01,2025-26,BOS,MIL,1,0.8159558550542583
2026-02-01,2025-26,SAS,ORL,1,0.6330611528009413
2026-02-01,2025-26,DET,BKN,1,0.870134059750071
2026-02-01,2025-26,MIA,CHI,1,0.6663581625305482
2026-02-01,2025-26,TOR,UTA,1,0.6482758830678191
2026-02-01,2025-26,WAS,SAC,1,0.3448499177812834
2026-02-01,2025-26,NYK,LAL,1,0.6510552744943447
2026-02-01,2025-26,PHX,LAC,0,0.5797398136034747
2026-02-01,2025-26,POR,CLE,0,0.3631942263977771
2026-02-01,2025-26,DEN,OKC,0,0.3305973734756024
2026-02-02,2025-26,CHA,NOP,1,0.7498048853339545
2026-02-02,2025-26,IND,HOU,0,0.27801965917201393
2026-02-02,2025-26,MEM,MIN,1,0.2643293014137511
2026-02-02,2025-26,LAC,PHI,0,0.5108124849807957
2026-02-03,2025-26,DET,DEN,1,0.6061635927559508
2026-02-03,2025-26,IND,UTA,0,0.3419437180882198
2026-02-03,2025-26,WAS,NYK,0,0.1724446478226743
2026-02-03,2025-26,BKN,LAL,0,0.3423904652822647
2026-02-03,2025-26,MIA,ATL,0,0.5274864930446803
2026-02-03,2025-26,DAL,BOS,0,0.2818429969112611
2026-02-03,2025-26,MIL,CHI,1,0.4980373553342275
2026-02-03,2025-26,OKC,ORL,1,0.8420827779782591
2026-02-03,2025-26,GSW,PHI,0,0.6760153284022775
2026-02-03,2025-26,POR,PHX,0,0.46542520860372183
2026-02-04,2025-26,NYK,DEN,1,0.5215662750105657
2026-02-04,2025-26,TOR,MIN,0,0.424225565166363
2026-02-04,2025-26,HOU,BOS,0,0.6886623963588937
2026-02-04,2025-26,MIL,NOP,1,0.46256029381769836
2026-02-04,2025-26,SAS,OKC,1,0.45829595686762725
2026-02-04,2025-26,SAC,MEM,0,0.453461580178191
2026-02-04,2025-26,LAC,CLE,0,0.5660788826455049
2026-02-05,2025-26,DET,WAS,0,0.9053770376923495
2026-02-05,2025-26,ORL,BKN,1,0.62438022591131
2026-02-05,2025-26,ATL,UTA,1,0.6282879064258796
2026-02-05,2025-26,TOR,CHI,1,0.5667083735725055
2026-02-05,2025-26,HOU,CHA,0,0.6046274581271264
2026-02-05,2025-26,DAL,SAS,0,0.43284840259242824
2026-02-05,2025-26,PHX,GSW,0,0.534319266194613
2026-02-05,2025-26,LAL,PHI,1,0.5685742697221943
2026-02-06,2025-26,BOS,MIA,1,0.7134512926831326
2026-02-06,2025-26,DET,NYK,1,0.6706455635001085
2026-02-06,2025-26,MIL,IND,1,0.5731365826000353
2026-02-06,2025-26,MIN,NOP,0,0.7442139079049178
2026-02-06,2025-26,POR,MEM,1,0.6956270033307346
2026-02-06,2025-26,SAC,LAC,0,0.3400688284855876
2026-02-07,2025-26,BKN,WAS,1,0.6053505667072114
2026-02-07,2025-26,OKC,HOU,0,0.714447326747278
2026-02-07,2025-26,SAS,DAL,1,0.8144032775817918
2026-02-07,2025-26,ORL,UTA,1,0.6300824293858998
2026-02-07,2025-26,ATL,CHA,0,0.38933554937571796
2026-02-07,2025-26,CHI,DEN,0,0.24039413200471324
2026-02-07,2025-26,LAL,GSW,1,0.6156060714547077
2026-02-07,2025-26,PHX,PHI,0,0.5893539266038382
2026-02-07,2025-26,POR,MEM,1,0.7545875081289258
2026-02-07,2025-26,SAC,CLE,0,0.15712227474515444
2026-02-08,2025-26,BOS,NYK,0,0.7240304010492818
2026-02-08,2025-26,WAS,MIA,0,0.21757361466742525
2026-02-08,2025-26,TOR,IND,1,0.640042328901825
2026-02-08,2025-26,MIN,LAC,0,0.5411618054133236
2026-02-09,2025-26,CHA,DET,0,0.4812960556163444
2026-02-09,2025-26,BKN,CHI,1,0.3779717833720278
2026-02-09,2025-26,MIA,UTA,0,0.5714752310111252
2026-02-09,2025-26,ORL,MIL,1,0.6835233788128098
2026-02-09,2025-26,MIN,ATL,1,0.647491537359924
2026-02-09,2025-26,NOP,SAC,1,0.5609228430934001
2026-02-09,2025-26,DEN,CLE,0,0.601426295338
2026-02-09,2025-26,GSW,MEM,1,0.7030800128478102
2026-02-09,2025-26,LAL,OKC,0,0.48873209801551004
2026-02-09,2025-26,POR,PHI,1,0.520076535703864
2026-02-10,2025-26,NYK,IND,0,0.7222891157868876
2026-02-10,2025-26,HOU,LAC,1,0.7122936122407837
2026-02-10,2025-26,PHX,DAL,1,0.8073960902762012
2026-02-10,2025-26,LAL,SAS,0,0.4351196994128835
2026-02-11,2025-26,CHA,ATL,1,0.7390505171317332
2026-02-11,2025-26,CLE,WAS,1,0.8501273949853387
2026-02-11,2025-26,ORL,MIL,0,0.6848730487912118
2026-02-11,2025-26,BOS,CHI,1,0.830000521975326
2026-02-11,2025-26,BKN,IND,0,0.5892120803037587
2026-02-11,2025-26,PHI,NYK,0,0.6077750675695172
2026-02-11,2025-26,TOR,DET,0,0.41841974060557874
2026-02-11,2025-26,HOU,LAC,0,0.6833738602815702
2026-02-11,2025-26,MIN,POR,1,0.5132023542342167
2026-02-11,2025-26,NOP,MIA,0,0.5125769320532667
2026-02-11,2025-26,PHX,OKC,0,0.307659345207664
2026-02-11,2025-26,UTA,SAC,1,0.6916833459815208
2026-02-11,2025-26,DEN,MEM,1,0.8173443593568475
2026-02-11,2025-26,GSW,SAS,0,0.5960245194789304
2026-02-12,2025-26,OKC,MIL,0,0.8659241083983109
2026-02-12,2025-26,UTA,POR,0,0.3467241116153428
2026-02-12,2025-26,LAL,DAL,1,0.7165239586774516
2026-02-19,2025-26,CHA,HOU,0,0.5713549004217205
2026-02-19,2025-26,CLE,BKN,1,0.8483948242020919
2026-02-19,2025-26,PHI,ATL,0,0.6346352102961176
2026-02-19,2025-26,WAS,IND,1,0.33359685262936994
2026-02-19,2025-26,NYK,DET,0,0.5018717578672458
2026-02-19,2025-26,CHI,TOR,0,0.36622461813628837
2026-02-19,2025-26,SAS,PHX,1,0.6744026215319019
2026-02-19,2025-26,GSW,BOS,0,0.5421694248489788
2026-02-19,2025-26,SAC,ORL,0,0.25454558231888536
2026-02-19,2025-26,LAC,DEN,1,0.5098171879351677
2026-02-20,2025-26,CHA,CLE,0,0.470707152495383
2026-02-20,2025-26,WAS,IND,1,0.43687783891266485
2026-02-20,2025-26,MEM,UTA,1,0.571292001138468
2026-02-20,2025-26,ATL,MIA,0,0.4534270358679414
2026-02-20,2025-26,MIN,DAL,1,0.6973710894568503
2026-02-20,2025-26,NOP,MIL,0,0.4717127975171085
2026-02-20,2025-26,OKC,BKN,1,0.918068077308498
2026-02-20,2025-26,LAL,LAC,1,0.665722246847301
2026-02-20,2025-26,POR,DEN,0,0.5714682292960841
2026-02-21,2025-26,PHX,ORL,1,0.5529029980720903
2026-02-21,2025-26,NOP,PHI,1,0.3196624467596517
2026-02-21,2025-26,MIA,MEM,1,0.6700237193625572
2026-02-21,2025-26,CHI,DET,0,0.22166337202440367
2026-02-21,2025-26,SAS,SAC,1,0.8957504081463227
2026-02-21,2025-26,NYK,HOU,1,0.5369267532886899
2026-02-22,2025-26,OKC,CLE,1,0.6216336933264172
2026-02-22,2025-26,ATL,BKN,1,0.6127832897033981
2026-02-22,2025-26,MIL,TOR,0,0.45781525878270474
2026-02-22,2025-26,GSW,DEN,1,0.3388495879474254
2026-02-22,2025-26,IND,DAL,0,0.38098566325894406
2026-02-22,2025-26,WAS,CHA,0,0.16585133399285812
2026-02-22,2025-26,LAL,BOS,0,0.6442574295367843
2026-02-22,2025-26,MIN,PHI,0,0.6728427837991973
2026-02-22,2025-26,CHI,NYK,0,0.28181327463810363
2026-02-22,2025-26,PHX,POR,0,0.49756507415517137
2026-02-22,2025-26,LAC,ORL,0,0.7882252146510839
2026-02-23,2025-26,DET,SAS,0,0.6604740863024181
2026-02-23,2025-26,MEM,SAC,0,0.5740501626787976
2026-02-23,2025-26,HOU,UTA,1,0.8085306917305122
2026-02-24,2025-26,IND,PHI,0,0.2372198007466679
2026-02-24,2025-26,ATL,WAS,1,0.696435015717883
2026-02-24,2025-26,BKN,DAL,0,0.43755303422442543
2026-02-24,2025-26,TOR,OKC,0,0.3869592512531027
2026-02-24,2025-26,CLE,NYK,1,0.6459579876226375
2026-02-24,2025-26,CHI,CHA,0,0.25374463393539154
2026-02-24,2025-26,MIL,MIA,1,0.49570757762742207
2026-02-24,2025-26,NOP,GSW,1,0.3769816474531136
2026-02-24,2025-26,PHX,BOS,0,0.3869381782310965
2026-02-24,2025-26,LAL,ORL,0,0.6893301662166118
2026-02-24,2025-26,POR,MIN,0,0.48138516575596735
2026-02-25,2025-26,DET,OKC,1,0.7460068694699251
2026-02-25,2025-26,TOR,SAS,0,0.383672559350832
2026-02-25,2025-26,MEM,GSW,0,0.3668304087853432
2026-02-25,2025-26,HOU,SAC,1,0.8744572133855807
2026-02-25,2025-26,MIL,CLE,1,0.3978303251998037
2026-02-25,2025-26,DEN,BOS,1,0.7278040547443635
2026-02-26,2025-26,IND,CHA,0,0.18699983434630327
2026-02-26,2025-26,PHI,MIA,1,0.6256594020325128
2026-02-26,2025-26,ATL,WAS,1,0.6727295852651192
2026-02-26,2025-26,BKN,SAS,0,0.2286592678024342
2026-02-26,2025-26,ORL,HOU,0,0.4637518108844061
2026-02-26,2025-26,CHI,POR,0,0.4316233855722123
2026-02-26,2025-26,DAL,SAC,0,0.7212035036660424
2026-02-26,2025-26,PHX,LAL,1,0.3891200247773372
2026-02-26,2025-26,UTA,NOP,0,0.30450978540415236
2026-02-26,2025-26,LAC,MIN,0,0.5370953174119949
2026-02-27,2025-26,DET,CLE,1,0.6519696124584832
2026-02-27,2025-26,BOS,BKN,1,0.9012720754125152
2026-02-27,2025-26,MIL,NYK,0,0.404494024696618
2026-02-27,2025-26,DAL,MEM,0,0.5275786000970092
2026-02-27,2025-26,OKC,DEN,1,0.6932113045873699
2026-02-28,2025-26,CHA,POR,1,0.7303897115849781
2026-02-28,2025-26,MIA,HOU,1,0.37501212830816644
2026-02-28,2025-26,WAS,TOR,0,0.13649811438296958
2026-02-28,2025-26,GSW,LAL,0,0.5502049814828994
2026-02-28,2025-26,UTA,NOP,0,0.2898584847684111
2026-03-01,2025-26,NYK,SAS,1,0.5189167842457847
2026-03-01,2025-26,BKN,CLE,0,0.21070905262406975
2026-03-01,2025-26,CHI,MIL,1,0.3537683117764607
2026-03-01,2025-26,DEN,MIN,0,0.6527175362268136
2026-03-01,2025-26,IND,MEM,0,0.3924511059059157
2026-03-01,2025-26,ATL,POR,1,0.644725937178742
2026-03-01,2025-26,BOS,PHI,1,0.7151431815444163
2026-03-01,2025-26,ORL,DET,0,0.2738932019463588
2026-03-01,2025-26,DAL,OKC,0,0.12543348658075984
2026-03-01,2025-26,LAC,NOP,1,0.7896350203077355
2026-03-01,2025-26,LAL,SAC,1,0.8247628815545394
2026-03-02,2025-26,WAS,HOU,0,0.13252915759445552
2026-03-02,2025-26,MIL,BOS,0,0.42273058203627645
2026-03-02,2025-26,UTA,DEN,0,0.16529541720528282
2026-03-02,2025-26,GSW,LAC,0,0.5510405215255443
2026-03-03,2025-26,CHA,DAL,1,0.8103919385292053
2026-03-03,2025-26,CLE,DET,1,0.5309259734517068
2026-03-03,2025-26,ORL,WAS,1,0.7327516721382513
2026-03-03,2025-26,MIA,BKN,1,0.7344089309214155
2026-03-03,2025-26,TOR,NYK,0,0.4115548930337741
2026-03-03,2025-26,PHI,SAS,0,0.38437961625821915
2026-03-03,2025-26,CHI,OKC,0,0.20302322747628607
2026-03-03,2025-26,MIN,MEM,1,0.7406921788310112
2026-03-03,2025-26,LAL,NOP,1,0.7434126284500127
2026-03-03,2025-26,SAC,PHX,0,0.19401079065153037
2026-03-04,2025-26,NYK,OKC,0,0.4776983289085705
2026-03-04,2025-26,BOS,CHA,0,0.7636724660865287
2026-03-04,2025-26,PHI,UTA,1,0.668628693109239
2026-03-04,2025-26,MEM,POR,0,0.2767174474259636
2026-03-04,2025-26,MIL,ATL,0,0.5247982890579749
2026-03-04,2025-26,LAC,IND,1,0.7308556746505933
2026-03-05,2025-26,ORL,DAL,1,0.5912590455815911
2026-03-05,2025-26,WAS,UTA,0,0.5119012414021911
2026-03-05,2025-26,MIA,BKN,1,0.7190106063791086
2026-03-05,2025-26,HOU,GSW,0,0.7483802066556539
2026-03-05,2025-26,MIN,TOR,1,0.5483390268050886
2026-03-05,2025-26,SAS,DET,1,0.511306400291386
2026-03-05,2025-26,PHX,CHI,0,0.6878742681620871
2026-03-05,2025-26,DEN,LAL,1,0.544986652207712
2026-03-05,2025-26,SAC,NOP,0,0.28687646410986795
2026-03-06,2025-26,BOS,DAL,1,0.8935124617659893
2026-03-06,2025-26,CHA,MIA,0,0.78506279110581
2026-03-06,2025-26,HOU,POR,1,0.6681267640868274
2026-03-06,2025-26,DEN,NYK,0,0.5104477843812006
2026-03-06,2025-26,PHX,NOP,1,0.6672117315218822
2026-03-06,2025-26,SAS,LAC,1,0.5580760437284804
2026-03-06,2025-26,LAL,IND,1,0.7252140468377256
2026-03-07,2025-26,MIN,ORL,0,0.6348519688144325
2026-03-07,2025-26,DET,BKN,0,0.8913784937697694
2026-03-07,2025-26,ATL,PHI,1,0.5549499601359672
2026-03-07,2025-26,MEM,LAC,0,0.24927905797761413
2026-03-07,2025-26,MIL,UTA,1,0.7183644934939526
2026-03-07,2025-26,OKC,GSW,1,0.7882140143835085
2026-03-08,2025-26,CLE,BOS,0,0.5917054499028763
2026-03-08,2025-26,LAL,NYK,1,0.4797156214572516
2026-03-08,2025-26,MIA,DET,1,0.4810600572423911
2026-03-08,2025-26,TOR,DAL,1,0.7364658065314071
2026-03-08,2025-26,NOP,WAS,1,0.7299233714373373
2026-03-08,2025-26,MIL,ORL,0,0.4197277103452166
2026-03-08,2025-26,SAS,HOU,1,0.6369400965495212
2026-03-08,2025-26,PHX,CHA,1,0.39070000229032525
2026-03-08,2025-26,POR,IND,1,0.6586343161559342
2026-03-08,2025-26,SAC,CHI,1,0.2737668271953153
2026-03-09,2025-26,CLE,PHI,1,0.7812577885733296
2026-03-09,2025-26,BKN,MEM,1,0.39683132238860996
2026-03-09,2025-26,OKC,DEN,1,0.7309708191472513
2026-03-09,2025-26,UTA,GSW,1,0.27883654567949884
2026-03-09,2025-26,LAC,NYK,1,0.5940831696793982
2026-03-10,2025-26,PHI,MEM,1,0.626200382176247
2026-03-10,2025-26,BKN,DET,0,0.13706601027994486
2026-03-10,2025-26,MIA,WAS,1,0.8665734808178064
2026-03-10,2025-26,ATL,DAL,1,0.7082586909984899
2026-03-10,2025-26,HOU,TOR,1,0.6627423829398821
2026-03-10,2025-26,MIL,PHX,0,0.4645135416085864
2026-03-10,2025-26,SAS,BOS,1,0.6193214745590964
2026-03-10,2025-26,GSW,CHI,0,0.6668267918517945
2026-03-10,2025-26,POR,CHA,0,0.3558068222470311
2026-03-10,2025-26,SAC,IND,1,0.48059637878042716
2026-03-10,2025-26,LAL,MIN,1,0.6243598629845842
2026-03-11,2025-26,ORL,CLE,1,0.42720420240819534
2026-03-11,2025-26,NOP,TOR,1,0.44269195401557687
2026-03-11,2025-26,UTA,NYK,0,0.134904039264736
2026-03-11,2025-26,DEN,HOU,1,0.6461626592840723
2026-03-11,2025-26,SAC,CHA,0,0.10522446122921879
2026-03-11,2025-26,LAC,MIN,1,0.65115409307395
2026-03-12,2025-26,DET,PHI,1,0.8094764230986068
2026-03-12,2025-26,IND,PHX,0,0.1854697517594248
2026-03-12,2025-26,ORL,WAS,1,0.8295346747507149
2026-03-12,2025-26,ATL,BKN,1,0.7031289957850321
2026-03-12,2025-26,MIA,MIL,1,0.6719414669520503
2026-03-12,2025-26,SAS,DEN,0,0.69859230032096
2026-03-12,2025-26,OKC,BOS,1,0.7588057029123291
2026-03-12,2025-26,LAL,CHI,1,0.819859247944825
2026-03-12,2025-26,MEM,DAL,0,0.37992827673740054
2026-03-13,2025-26,DET,MEM,1,0.8622523919307566
2026-03-13,2025-26,IND,NYK,0,0.16185738028466748
2026-03-13,2025-26,TOR,PHX,1,0.5810364745714286
2026-03-13,2025-26,HOU,NOP,1,0.6983366262917085
2026-03-13,2025-26,DAL,CLE,0,0.22364639905501296
2026-03-13,2025-26,GSW,MIN,0,0.45849814836042163
2026-03-13,2025-26,POR,UTA,1,0.7412848582396044
2026-03-13,2025-26,LAC,CHI,1,0.8834393754868726
2026-03-14,2025-26,PHI,BKN,1,0.550351538985714
2026-03-14,2025-26,ATL,MIL,1,0.663389144165767
2026-03-14,2025-26,BOS,WAS,1,0.9268614768907505
2026-03-14,2025-26,MIA,ORL,0,0.6277381845053174
2026-03-14,2025-26,SAS,CHA,1,0.6624209187807509
2026-03-14,2025-26,LAL,DEN,1,0.49974290303791413
2026-03-14,2025-26,LAC,SAC,0,0.8454787186917312
2026-03-15,2025-26,OKC,MIN,1,0.7979688044971973
2026-03-15,2025-26,CLE,DAL,0,0.7971024702643927
2026-03-15,2025-26,TOR,DET,1,0.32381916854194276
2026-03-15,2025-26,MIL,IND,1,0.640026534434813
2026-03-15,2025-26,PHI,POR,1,0.3918242567043305
2026-03-15,2025-26,NYK,GSW,1,0.8768918655957747
2026-03-15,2025-26,SAC,UTA,1,0.3419778591151041
2026-03-16,2025-26,ATL,ORL,1,0.5238333878138335
2026-03-16,2025-26,WAS,GSW,0,0.28084402228826477
2026-03-16,2025-26,BKN,POR,0,0.36156081207241525
2026-03-16,2025-26,BOS,PHX,1,0.7636375101834704
2026-03-16,2025-26,CHI,MEM,1,0.5652256867166076
2026-03-16,2025-26,NOP,DAL,1,0.630000401263958
2026-03-16,2025-26,HOU,LAL,0,0.5255311225717136
2026-03-16,2025-26,LAC,SAS,0,0.3326074204439148
2026-03-17,2025-26,CHA,MIA,1,0.600826748071736
2026-03-17,2025-26,ORL,OKC,0,0.2433676526482764
2026-03-17,2025-26,WAS,DET,0,0.06058673100011643
2026-03-17,2025-26,NYK,IND,1,0.8748535848533102
2026-03-17,2025-26,MIL,CLE,0,0.33125413783788527
2026-03-17,2025-26,MIN,PHX,1,0.637661146291158
2026-03-17,2025-26,DEN,PHI,1,0.7607583871923695
2026-03-17,2025-26,SAC,SAS,0,0.16296710227814626
2026-03-18,2025-26,MEM,DEN,1,0.14978416484055984
2026-03-18,2025-26,BOS,GSW,1,0.8123954128370153
2026-03-18,2025-26,BKN,OKC,0,0.1441906615211735
2026-03-18,2025-26,IND,POR,0,0.16885987668380306
2026-03-18,2025-26,CHI,TOR,0,0.2936045999395834
2026-03-18,2025-26,MIN,UTA,1,0.7745721757224675
2026-03-18,2025-26,NOP,LAC,1,0.37120132352632335
2026-03-18,2025-26,DAL,ATL,0,0.33783217108179686
2026-03-18,2025-26,HOU,LAL,0,0.5598028069616665
2026-03-19,2025-26,CHA,ORL,1,0.7146624707729606
2026-03-19,2025-26,WAS,DET,0,0.07324395306033073
2026-03-19,2025-26,MIA,LAL,0,0.5134744745250552
2026-03-19,2025-26,CHI,CLE,0,0.22455574572106335
2026-03-19,2025-26,NOP,LAC,1,0.46470716299483217
2026-03-19,2025-26,SAS,PHX,1,0.824712147076576
2026-03-19,2025-26,UTA,MIL,1,0.2797204231172528
2026-03-19,2025-26,SAC,PHI,0,0.3872459136200621
2026-03-20,2025-26,BKN,NYK,0,0.13825747149346404
2026-03-20,2025-26,DET,GSW,1,0.7701041310781248
2026-03-20,2025-26,HOU,ATL,1,0.6936739138363684
2026-03-20,2025-26,MEM,BOS,0,0.1317933522307783
2026-03-20,2025-26,MIN,POR,0,0.6266145801458419
2026-03-20,2025-26,DEN,TOR,1,0.5946754515890933
2026-03-21,2025-26,WAS,OKC,0,0.050925144152349486
2026-03-21,2025-26,CHA,MEM,1,0.9011126076048372
2026-03-21,2025-26,ORL,LAL,0,0.3530007205521031
2026-03-21,2025-26,NOP,CLE,0,0.3847268257207387
2026-03-21,2025-26,ATL,GSW,1,0.6453191792573222
2026-03-21,2025-26,HOU,MIA,1,0.6289573914566895
2026-03-21,2025-26,SAS,IND,1,0.8911635114891152
2026-03-21,2025-26,DAL,LAC,0,0.2507027414581003
2026-03-21,2025-26,UTA,PHI,0,0.38316774979255286
2026-03-21,2025-26,PHX,MIL,0,0.7065617291492464
2026-03-22,2025-26,DEN,POR,1,0.6546203339896323
2026-03-22,2025-26,SAC,BKN,1,0.39401648517459437
2026-03-22,2025-26,NYK,WAS,1,0.9521567938049947
2026-03-22,2025-26,BOS,MIN,0,0.7408396855042096
2026-03-22,2025-26,PHX,TOR,1,0.3857880185218494
2026-03-23,2025-26,ATL,MEM,1,0.7396306471163411
2026-03-23,2025-26,DET,LAL,1,0.6774746123720548
2026-03-23,2025-26,ORL,IND,0,0.6416139195370618
2026-03-23,2025-26,PHI,OKC,0,0.1807312025636716
2026-03-23,2025-26,MIA,SAS,0,0.39468885721893193
2026-03-23,2025-26,CHI,HOU,1,0.2318962516109554
2026-03-23,2025-26,UTA,TOR,0,0.37318060480318177
2026-03-23,2025-26,DAL,GSW,0,0.3722147663323176
2026-03-23,2025-26,POR,BKN,1,0.736273378476458
2026-03-23,2025-26,LAC,MIL,1,0.7490319514634206
2026-03-24,2025-26,CHA,SAC,1,0.859834944714239
2026-03-24,2025-26,NYK,NOP,1,0.7969572935486948
2026-03-24,2025-26,CLE,ORL,1,0.7914782705247647
2026-03-24,2025-26,PHX,DEN,0,0.3878261111438546
2026-03-25,2025-26,DET,ATL,0,0.7639450692349431
2026-03-25,2025-26,IND,LAL,0,0.15781911973119964
2026-03-25,2025-26,PHI,CHI,1,0.6561210078473464
2026-03-25,2025-26,BOS,OKC,1,0.5631528190743724
2026-03-25,2025-26,CLE,MIA,0,0.5946670310620301
2026-03-25,2025-26,MEM,SAS,0,0.12606827922756816
2026-03-25,2025-26,UTA,WAS,0,0.6140286684290696
2026-03-25,2025-26,MIN,HOU,1,0.6311184508267774
2026-03-25,2025-26,DEN,DAL,1,0.7834135867478946
2026-03-25,2025-26,GSW,BKN,1,0.6456146645922713
2026-03-25,2025-26,POR,MIL,1,0.6815685578440268
2026-03-25,2025-26,LAC,TOR,1,0.5740951129173272
2026-03-26,2025-26,CHA,NYK,1,0.5456100182176381
2026-03-26,2025-26,DET,NOP,1,0.6896616997542947
2026-03-26,2025-26,ORL,SAC,1,0.8245320531877439
2026-03-27,2025-26,IND,LAC,0,0.189057761121769
2026-03-27,2025-26,BOS,ATL,1,0.7620961992589105
2026-03-27,2025-26,CLE,MIA,1,0.6507175869625313
2026-03-27,2025-26,MEM,HOU,0,0.14042611318989537
2026-03-27,2025-26,OKC,CHI,1,0.8932693406159459
2026-03-27,2025-26,TOR,NOP,1,0.6706846759887485
2026-03-27,2025-26,DEN,UTA,1,0.8931814077875152
2026-03-27,2025-26,GSW,WAS,1,0.6952809652488056
2026-03-27,2025-26,POR,DAL,0,0.6973383347395068
2026-03-27,2025-26,LAL,BKN,1,0.8775647791524956
2026-03-28,2025-26,MIL,SAS,0,0.18909004436242208
2026-03-28,2025-26,CHA,PHI,0,0.7021057629034901
2026-03-28,2025-26,ATL,SAC,1,0.7638773427681049
2026-03-28,2025-26,MEM,CHI,1,0.2846291297629381
2026-03-28,2025-26,MIN,DET,0,0.5061903553335159
2026-03-28,2025-26,PHX,UTA,1,0.8407871835600864
2026-03-29,2025-26,MIL,LAC,0,0.19404942622892507
2026-03-29,2025-26,IND,MIA,1,0.27117529752061315
2026-03-29,2025-26,BKN,SAC,1,0.5764622320185008
2026-03-29,2025-26,CHA,BOS,0,0.5690605433029108
2026-03-29,2025-26,TOR,ORL,1,0.5322439469778029
2026-03-29,2025-26,POR,WAS,1,0.7558714050586944
2026-03-29,2025-26,NOP,HOU,0,0.3672742950522085
2026-03-29,2025-26,OKC,NYK,1,0.7211014412868485
2026-03-29,2025-26,DEN,GSW,1,0.7215290433739239
2026-03-30,2025-26,MIA,PHI,1,0.4054318379043604
2026-03-30,2025-26,ATL,BOS,1,0.5553898759162892
2026-03-30,2025-26,MEM,PHX,0,0.21366307435927923
2026-03-30,2025-26,SAS,CHI,1,0.9036378871476101
2026-03-30,2025-26,DAL,MIN,0,0.24388991319146866
2026-03-30,2025-26,UTA,CLE,0,0.11813142089550772
2026-03-30,2025-26,OKC,DET,1,0.611993342277553
2026-03-30,2025-26,LAL,WAS,1,0.8919070680838169
2026-03-31,2025-26,MIL,DAL,1,0.5601832679732097
2026-03-31,2025-26,ORL,PHX,1,0.58925945301618
2026-03-31,2025-26,BKN,CHA,0,0.10928645403894413
2026-03-31,2025-26,DET,TOR,1,0.682161060971216
2026-03-31,2025-26,HOU,NYK,1,0.5271533444962102
2026-03-31,2025-26,LAL,CLE,1,0.634085400172245
2026-03-31,2025-26,LAC,POR,0,0.6690720803862937
2026-04-01,2025-26,MEM,NYK,0,0.1642906461936793
2026-04-01,2025-26,WAS,PHI,0,0.18392359237051895
2026-04-01,2025-26,MIA,BOS,0,0.36482327322144825
2026-04-01,2025-26,ORL,ATL,0,0.4858902470176799
2026-04-01,2025-26,TOR,SAC,0,0.815267044298101
2026-04-01,2025-26,CHI,IND,0,0.5575455268710188
2026-04-01,2025-26,HOU,MIL,1,0.836590873807867
2026-04-01,2025-26,UTA,DEN,0,0.11440832069552065
2026-04-01,2025-26,GSW,SAS,0,0.2228840074540729
2026-04-02,2025-26,CHA,PHX,1,0.7000179683023631
2026-04-02,2025-26,DET,MIN,1,0.7357184309692415
2026-04-02,2025-26,OKC,LAL,1,0.6893193168804383
2026-04-02,2025-26,GSW,CLE,0,0.24631208813649766
2026-04-02,2025-26,POR,NOP,1,0.6044457360869496
2026-04-02,2025-26,LAC,SAS,0,0.5670253862866923
2026-04-03,2025-26,CHA,IND,1,0.8111036165779821
2026-04-03,2025-26,PHI,MIN,1,0.6904775026659707
2026-04-03,2025-26,BKN,ATL,0,0.18120396757619486
2026-04-03,2025-26,NYK,CHI,1,0.8387545087351633
2026-04-03,2025-26,HOU,UTA,1,0.8868520667881554
2026-04-03,2025-26,MEM,TOR,0,0.18420537239180085
2026-04-03,2025-26,MIL,BOS,0,0.2373608216671083
2026-04-03,2025-26,DAL,ORL,0,0.24130831115197585
2026-04-03,2025-26,SAC,NOP,1,0.3245594597770064
2026-04-04,2025-26,MIA,WAS,1,0.8202965285522908
2026-04-04,2025-26,DEN,SAS,1,0.5368930567297118
2026-04-04,2025-26,PHI,DET,0,0.23253653417469972
2026-04-05,2025-26,BOS,TOR,1,0.7936528330286234
2026-04-05,2025-26,BKN,WAS,1,0.4370725439437942
2026-04-05,2025-26,CHI,PHX,0,0.26541643229929235
2026-04-05,2025-26,MIL,MEM,1,0.6732709862190478
2026-04-05,2025-26,CLE,IND,1,0.8379807095238718
2026-04-05,2025-26,MIN,CHA,0,0.4188746082821028
2026-04-05,2025-26,NOP,ORL,0,0.28537124867345626
2026-04-05,2025-26,OKC,UTA,1,0.9423344959929949
2026-04-05,2025-26,DAL,LAL,1,0.24392589316311597
2026-04-05,2025-26,SAC,LAC,0,0.190819868858919
2026-04-05,2025-26,GSW,HOU,0,0.4350562981757551
2026-04-06,2025-26,ATL,NYK,0,0.5095748065727207
2026-04-06,2025-26,ORL,DET,1,0.28383698206372676
2026-04-06,2025-26,MEM,CLE,0,0.1841007431369158
2026-04-06,2025-26,SAS,PHI,1,0.750092878777543
2026-04-06,2025-26,DEN,POR,1,0.7289577040800739
2026-04-07,2025-26,WAS,CHI,0,0.28100200255149366
2026-04-07,2025-26,BOS,CHA,1,0.7297512806973858
2026-04-07,2025-26,BKN,MIL,1,0.19531442623661083
2026-04-07,2025-26,TOR,MIA,1,0.5052159545395052
2026-04-07,2025-26,IND,MIN,0,0.18053162749951676
2026-04-07,2025-26,NOP,UTA,1,0.5949236328720472
2026-04-07,2025-26,GSW,SAC,1,0.8277661194179523
2026-04-07,2025-26,LAL,OKC,0,0.28802442317963417
2026-04-07,2025-26,LAC,DAL,1,0.7700981290603902
2026-04-07,2025-26,PHX,HOU,0,0.44875562784152384
2026-04-08,2025-26,CLE,ATL,1,0.614518094600539
2026-04-08,2025-26,ORL,MIN,1,0.6282087640492379
2026-04-08,2025-26,DET,MIL,1,0.8851300254694919
2026-04-08,2025-26,SAS,POR,1,0.8179486608566171
2026-04-08,2025-26,DEN,MEM,1,0.8972373624508111
2026-04-08,2025-26,LAC,OKC,0,0.37860385369012717
2026-04-08,2025-26,PHX,DAL,1,0.7985917256691073
2026-04-09,2025-26,TOR,MIA,1,0.5282537160979105
2026-04-09,2025-26,WAS,CHI,0,0.23916187266407382
2026-04-09,2025-26,BKN,IND,0,0.3892970885479575
2026-04-09,2025-26,NYK,BOS,1,0.49311058334447944
2026-04-09,2025-26,HOU,PHI,1,0.6834198325531131
2026-04-09,2025-26,GSW,LAL,0,0.4541437928537945
2026-04-10,2025-26,CHA,DET,0,0.5415657464573939
2026-04-10,2025-26,WAS,MIA,0,0.14296981316285814
2026-04-10,2025-26,ATL,CLE,1,0.597517266251233
2026-04-10,2025-26,BOS,NOP,1,0.8550326961874236
2026-04-10,2025-26,IND,PHI,0,0.1938234873785995
2026-04-10,2025-26,NYK,TOR,1,0.7858407413283468
2026-04-10,2025-26,CHI,ORL,0,0.2411285479021199
2026-04-10,2025-26,HOU,MIN,0,0.6614496407097855
2026-04-10,2025-26,MIL,BKN,1,0.8237293871885323
2026-04-10,2025-26,SAS,DAL,1,0.9247458126137104
2026-04-10,2025-26,UTA,MEM,1,0.3691930014753965
2026-04-10,2025-26,DEN,OKC,1,0.5051540749034068
2026-04-10,2025-26,POR,LAC,1,0.40776518997814026
2026-04-10,2025-26,SAC,GSW,1,0.25298011532213044
2026-04-10,2025-26,LAL,PHX,1,0.5557384477999298
2026-04-12,2025-26,BOS,ORL,1,0.49694986997301804
2026-04-12,2025-26,CLE,WAS,1,0.8669479302620455
2026-04-12,2025-26,IND,DET,0,0.11384069994609515
2026-04-12,2025-26,MIA,ATL,1,0.7815290136127566
2026-04-12,2025-26,NYK,CHA,0,0.4400943444196672
2026-04-12,2025-26,PHI,MIL,1,0.6292658170386959
2026-04-12,2025-26,TOR,BKN,1,0.8668662245509542
2026-04-12,2025-26,DAL,CHI,1,0.3495553081317396
2026-04-12,2025-26,HOU,MEM,1,0.893945712799222
2026-04-12,2025-26,MIN,NOP,1,0.6113631056894347
2026-04-12,2025-26,OKC,PHX,0,0.6211509375271035
2026-04-12,2025-26,SAS,DEN,0,0.7171199311019634
2026-04-12,2025-26,LAL,UTA,1,0.8301823814765493
2026-04-12,2025-26,LAC,GSW,1,0.5843254675633105
2026-04-12,2025-26,POR,SAC,1,0.8121747635597709
