game_id,date,season,home,away,home_win,p_home
0022400061,2024-10-22,2024-25,BOS,NYK,1,0.762429
0022400062,2024-10-22,2024-25,LAL,MIN,1,0.4990421
0022400063,2024-10-23,2024-25,DET,IND,0,0.18256918
0022400064,2024-10-23,2024-25,ATL,BKN,1,0.73113865
0022400065,2024-10-23,2024-25,MIA,ORL,0,0.5930552
0022400066,2024-10-23,2024-25,PHI,MIL,0,0.49776307
0022400067,2024-10-23,2024-25,TOR,CLE,0,0.20225982
0022400068,2024-10-23,2024-25,HOU,CHA,0,0.6062618
0022400069,2024-10-23,2024-25,NOP,CHI,1,0.66888034
0022400070,2024-10-23,2024-25,UTA,MEM,0,0.82968456
0022400071,2024-10-23,2024-25,LAC,PHX,0,0.5239814
0022400072,2024-10-23,2024-25,POR,GSW,0,0.2125558
0022400073,2024-10-24,2024-25,WAS,BOS,0,0.1867544
0022400074,2024-10-24,2024-25,DAL,SAS,1,0.58478814
0022400075,2024-10-24,2024-25,DEN,OKC,0,0.5465457
0022400076,2024-10-24,2024-25,SAC,MIN,0,0.5101005
0022400077,2024-10-25,2024-25,ORL,BKN,1,0.744878
0022400078,2024-10-25,2024-25,TOR,PHI,1,0.4189041
0022400079,2024-10-25,2024-25,ATL,CHA,1,0.5859077
0022400080,2024-10-25,2024-25,CLE,DET,1,0.8011423
0022400081,2024-10-25,2024-25,NYK,IND,1,0.6784521
0022400082,2024-10-25,2024-25,HOU,MEM,1,0.7041004
0022400083,2024-10-25,2024-25,MIL,CHI,0,0.6991147
0022400084,2024-10-25,2024-25,UTA,GSW,0,0.2666684
0022400085,2024-10-25,2024-25,LAL,PHX,1,0.51137704
0022400086,2024-10-25,2024-25,POR,NOP,0,0.22643502
0022400087,2024-10-26,2024-25,DEN,LAC,0,0.77531576
0022400088,2024-10-26,2024-25,CHA,MIA,0,0.4330738
0022400089,2024-10-26,2024-25,DET,BOS,0,0.17904344
0022400090,2024-10-26,2024-25,WAS,CLE,0,0.19261013
0022400091,2024-10-26,2024-25,CHI,OKC,0,0.31071937
0022400092,2024-10-26,2024-25,MEM,ORL,1,0.3521619
0022400093,2024-10-26,2024-25,MIN,TOR,1,0.90464425
0022400094,2024-10-26,2024-25,SAS,HOU,1,0.50399417
0022400095,2024-10-26,2024-25,PHX,DAL,1,0.49270105
0022400096,2024-10-26,2024-25,LAL,SAC,1,0.49025384
0022400097,2024-10-27,2024-25,IND,PHI,0,0.7502148
0022400098,2024-10-27,2024-25,BKN,MIL,1,0.2968419
0022400099,2024-10-27,2024-25,POR,NOP,1,0.22757225
0022400100,2024-10-27,2024-25,OKC,ATL,1,0.6989724
0022400101,2024-10-27,2024-25,GSW,LAC,0,0.8162794
0022400102,2024-10-28,2024-25,ORL,IND,1,0.614717
0022400103,2024-10-28,2024-25,ATL,WAS,0,0.7248741
0022400104,2024-10-28,2024-25,BOS,MIL,1,0.8317061
0022400105,2024-10-28,2024-25,MIA,DET,1,0.70318836
0022400106,2024-10-28,2024-25,NYK,CLE,0,0.6243684
0022400107,2024-10-28,2024-25,TOR,DEN,0,0.186632
0022400108,2024-10-28,2024-25,MEM,CHI,0,0.48574263
0022400109,2024-10-28,2024-25,SAS,HOU,0,0.38996422
0022400110,2024-10-28,2024-25,DAL,UTA,1,0.84865725
0022400111,2024-10-28,2024-25,PHX,LAL,1,0.5794467
0022400112,2024-10-28,2024-25,SAC,POR,1,0.88336647
0022400113,2024-10-29,2024-25,BKN,DEN,0,0.33900785
0022400114,2024-10-29,2024-25,MIN,DAL,0,0.6667502
0022400115,2024-10-29,2024-25,UTA,SAC,0,0.2375585
0022400116,2024-10-29,2024-25,GSW,NOP,1,0.6948976
0022400117,2024-10-30,2024-25,CHA,TOR,1,0.70825356
0022400118,2024-10-30,2024-25,CLE,LAL,1,0.57867235
0022400119,2024-10-30,2024-25,IND,BOS,1,0.3737221
0022400120,2024-10-30,2024-25,PHI,DET,0,0.566035
0022400121,2024-10-30,2024-25,WAS,ATL,1,0.39673194
0022400122,2024-10-30,2024-25,MIA,NYK,0,0.43612137
0022400123,2024-10-30,2024-25,CHI,ORL,1,0.5089948
0022400124,2024-10-30,2024-25,MEM,BKN,0,0.6381196
0022400125,2024-10-30,2024-25,OKC,SAS,1,0.85257447
0022400126,2024-10-30,2024-25,GSW,NOP,1,0.6843236
0022400127,2024-10-30,2024-25,LAC,POR,0,0.78725356
0022400128,2024-10-31,2024-25,MEM,MIL,1,0.34951687
0022400129,2024-10-31,2024-25,DAL,HOU,0,0.69128406
0022400130,2024-10-31,2024-25,UTA,SAS,0,0.60026795
0022400131,2024-10-31,2024-25,LAC,PHX,0,0.33176062
0022400132,2024-11-01,2024-25,CHA,BOS,0,0.2296683
0022400133,2024-11-01,2024-25,CLE,ORL,1,0.65925556
0022400134,2024-11-01,2024-25,DET,NYK,0,0.27138516
0022400135,2024-11-01,2024-25,ATL,SAC,0,0.29088008
0022400136,2024-11-01,2024-25,BKN,CHI,1,0.5032081
0022400137,2024-11-01,2024-25,TOR,LAL,0,0.22948346
0022400138,2024-11-01,2024-25,NOP,IND,1,0.38624308
0022400139,2024-11-01,2024-25,MIN,DEN,1,0.5579509
0022400140,2024-11-01,2024-25,POR,OKC,0,0.2052391
0022400141,2024-11-02,2024-25,CHA,BOS,0,0.232865
0022400142,2024-11-02,2024-25,PHI,MEM,0,0.53999394
0022400143,2024-11-02,2024-25,TOR,SAC,1,0.17418513
0022400144,2024-11-02,2024-25,HOU,GSW,0,0.47705737
0022400145,2024-11-02,2024-25,MIL,CLE,0,0.5609256
0022400146,2024-11-02,2024-25,SAS,MIN,1,0.3853004
0022400148,2024-11-02,2024-25,DEN,UTA,1,0.84886545
0022400149,2024-11-02,2024-25,PHX,POR,1,0.86698526
0022400150,2024-11-02,2024-25,LAC,OKC,0,0.42174938
0022400151,2024-11-03,2024-25,BKN,DET,0,0.59394205
0022400152,2024-11-03,2024-25,NOP,ATL,0,0.66096616
0022400153,2024-11-03,2024-25,DAL,ORL,1,0.7036431
0022400154,2024-11-04,2024-25,CLE,MIL,1,0.65713084
0022400155,2024-11-04,2024-25,WAS,GSW,0,0.2503738
0022400156,2024-11-04,2024-25,DET,LAL,1,0.25110522
0022400157,2024-11-04,2024-25,ATL,BOS,0,0.17134538
0022400158,2024-11-04,2024-25,BKN,MEM,1,0.45569754
0022400159,2024-11-04,2024-25,MIA,SAC,0,0.528705
0022400160,2024-11-04,2024-25,CHI,UTA,0,0.7904595
0022400161,2024-11-04,2024-25,HOU,NYK,1,0.40627962
0022400162,2024-11-04,2024-25,MIN,CHA,1,0.7597148
0022400163,2024-11-04,2024-25,OKC,ORL,1,0.86065376
0022400164,2024-11-04,2024-25,NOP,POR,0,0.46791866
0022400165,2024-11-04,2024-25,DAL,IND,0,0.5881037
0022400166,2024-11-04,2024-25,DEN,TOR,1,0.87215006
0022400167,2024-11-04,2024-25,PHX,PHI,1,0.81866306
0022400168,2024-11-04,2024-25,LAC,SAS,1,0.66013795
0022400169,2024-11-06,2024-25,CHA,DET,1,0.55596864
0022400170,2024-11-06,2024-25,IND,ORL,1,0.7225708
0022400171,2024-11-06,2024-25,ATL,NYK,1,0.25588787
0022400172,2024-11-06,2024-25,BOS,GSW,0,0.6557222
0022400173,2024-11-06,2024-25,HOU,SAS,1,0.71732223
0022400174,2024-11-06,2024-25,MEM,LAL,1,0.3886555
0022400175,2024-11-06,2024-25,NOP,CLE,0,0.21798655
0022400176,2024-11-06,2024-25,DAL,CHI,1,0.80911255
0022400177,2024-11-06,2024-25,DEN,OKC,1,0.4393025
0022400178,2024-11-06,2024-25,PHX,MIA,1,0.65932345
0022400179,2024-11-06,2024-25,LAC,PHI,1,0.6881462
0022400180,2024-11-06,2024-25,SAC,TOR,1,0.84155667
0022400181,2024-11-07,2024-25,CHI,MIN,0,0.31441906
0022400182,2024-11-07,2024-25,MIL,UTA,1,0.8191861
0022400183,2024-11-07,2024-25,SAS,POR,1,0.54272527
0022400184,2024-11-08,2024-25,CHA,IND,1,0.38419715
0022400185,2024-11-08,2024-25,DET,ATL,1,0.5836988
0022400186,2024-11-08,2024-25,ORL,NOP,1,0.6658007
0022400187,2024-11-08,2024-25,BOS,BKN,1,0.8358505
0022400188,2024-11-08,2024-25,CLE,GSW,1,0.5214533
0022400189,2024-11-08,2024-25,NYK,MIL,1,0.75099164
0022400190,2024-11-08,2024-25,DAL,PHX,0,0.6085004
0022400191,2024-11-08,2024-25,MEM,WAS,1,0.754503
0022400192,2024-11-08,2024-25,OKC,HOU,1,0.7780587
0022400193,2024-11-08,2024-25,MIN,POR,1,0.8047806
0022400194,2024-11-08,2024-25,DEN,MIA,1,0.72180986
0022400195,2024-11-08,2024-25,LAL,PHI,1,0.64877063
0022400196,2024-11-08,2024-25,SAC,LAC,0,0.6533285
0022400197,2024-11-09,2024-25,SAS,UTA,0,0.68707305
0022400198,2024-11-09,2024-25,ATL,CHI,0,0.49737698
0022400199,2024-11-09,2024-25,CLE,BKN,1,0.7826985
0022400200,2024-11-09,2024-25,LAC,TOR,1,0.74782
0022400201,2024-11-10,2024-25,DET,HOU,0,0.42132062
0022400202,2024-11-10,2024-25,MIL,BOS,0,0.3812404
0022400203,2024-11-10,2024-25,IND,NYK,1,0.43378133
0022400204,2024-11-10,2024-25,ORL,WAS,1,0.7996324
0022400205,2024-11-10,2024-25,PHI,CHA,1,0.46954313
0022400206,2024-11-10,2024-25,MIN,MIA,0,0.67062974
0022400207,2024-11-10,2024-25,OKC,GSW,0,0.6736536
0022400208,2024-11-10,2024-25,DEN,DAL,1,0.6156473
0022400209,2024-11-10,2024-25,PHX,SAC,0,0.62959707
0022400210,2024-11-10,2024-25,POR,MEM,0,0.518026
0022400211,2024-11-10,2024-25,LAL,TOR,1,0.8199514
0022400212,2024-11-11,2024-25,CHI,CLE,0,0.362454
0022400213,2024-11-11,2024-25,HOU,WAS,1,0.82197523
0022400214,2024-11-11,2024-25,NOP,BKN,0,0.3136331
0022400215,2024-11-11,2024-25,OKC,LAC,1,0.68628794
0022400216,2024-11-11,2024-25,SAS,SAC,1,0.5007382
0022400001,2024-11-12,2024-25,BOS,ATL,0,0.85138845
0022400002,2024-11-12,2024-25,DET,MIA,1,0.43330517
0022400003,2024-11-12,2024-25,ORL,CHA,1,0.62696
0022400004,2024-11-12,2024-25,PHI,NYK,0,0.33496556
0022400005,2024-11-12,2024-25,MIL,TOR,1,0.7957853
0022400006,2024-11-12,2024-25,UTA,PHX,0,0.32117438
0022400007,2024-11-12,2024-25,GSW,DAL,1,0.6086292
0022400008,2024-11-12,2024-25,POR,MIN,1,0.24154481
0022400217,2024-11-13,2024-25,ORL,IND,1,0.48682916
0022400218,2024-11-13,2024-25,BKN,BOS,0,0.3374922
0022400219,2024-11-13,2024-25,NYK,CHI,0,0.7206381
0022400220,2024-11-13,2024-25,PHI,CLE,0,0.27305064
0022400221,2024-11-13,2024-25,OKC,NOP,1,0.9116003
0022400222,2024-11-13,2024-25,HOU,LAC,1,0.49174333
0022400223,2024-11-13,2024-25,MIL,DET,1,0.6751382
0022400224,2024-11-13,2024-25,SAS,WAS,1,0.79331154
0022400225,2024-11-13,2024-25,LAL,MEM,1,0.6560744
0022400226,2024-11-13,2024-25,POR,MIN,1,0.29525545
0022400227,2024-11-13,2024-25,SAC,PHX,1,0.69451815
0022400228,2024-11-14,2024-25,UTA,DAL,1,0.19729677
0022400009,2024-11-15,2024-25,IND,MIA,0,0.5592624
0022400010,2024-11-15,2024-25,ORL,PHI,1,0.76405287
0022400011,2024-11-15,2024-25,TOR,DET,0,0.46358445
0022400012,2024-11-15,2024-25,ATL,WAS,1,0.7256002
0022400013,2024-11-15,2024-25,CLE,CHI,1,0.7700692
0022400014,2024-11-15,2024-25,NYK,BKN,1,0.7990311
0022400015,2024-11-15,2024-25,SAS,LAL,0,0.46145767
0022400016,2024-11-15,2024-25,HOU,LAC,1,0.56575596
0022400017,2024-11-15,2024-25,NOP,DEN,1,0.14091349
0022400018,2024-11-15,2024-25,OKC,PHX,1,0.75503296
0022400019,2024-11-15,2024-25,GSW,MEM,1,0.75280213
0022400020,2024-11-15,2024-25,SAC,MIN,0,0.6151606
0022400229,2024-11-16,2024-25,CHA,MIL,1,0.40228724
0022400230,2024-11-16,2024-25,BOS,TOR,1,0.9316528
0022400231,2024-11-16,2024-25,NOP,LAL,0,0.22232364
0022400232,2024-11-16,2024-25,DAL,SAS,1,0.7514814
0022400233,2024-11-16,2024-25,SAC,UTA,1,0.787043
0022400234,2024-11-17,2024-25,MIN,PHX,1,0.6507996
0022400235,2024-11-17,2024-25,IND,MIA,1,0.50972515
0022400236,2024-11-17,2024-25,CLE,CHA,1,0.8752633
0022400237,2024-11-17,2024-25,WAS,DET,0,0.45298573
0022400238,2024-11-17,2024-25,MEM,DEN,1,0.5349829
0022400239,2024-11-17,2024-25,POR,ATL,1,0.43577948
0022400240,2024-11-17,2024-25,NYK,BKN,1,0.71918404
0022400241,2024-11-17,2024-25,CHI,HOU,0,0.4561637
0022400242,2024-11-17,2024-25,OKC,DAL,0,0.7209444
0022400243,2024-11-17,2024-25,LAC,UTA,1,0.8286346
0022400244,2024-11-18,2024-25,DET,CHI,0,0.52277166
0022400245,2024-11-18,2024-25,MIA,PHI,1,0.6380811
0022400246,2024-11-18,2024-25,NYK,WAS,1,0.8776814
0022400247,2024-11-18,2024-25,TOR,IND,1,0.39532214
0022400248,2024-11-18,2024-25,MIL,HOU,1,0.58234894
0022400249,2024-11-18,2024-25,PHX,ORL,0,0.49542046
0022400250,2024-11-18,2024-25,SAC,ATL,0,0.78310204
0022400251,2024-11-18,2024-25,LAC,GSW,1,0.3305682
0022400021,2024-11-19,2024-25,BOS,CLE,1,0.66288507
0022400022,2024-11-19,2024-25,BKN,CHA,1,0.5642107
0022400023,2024-11-19,2024-25,MEM,DEN,0,0.57019705
0022400024,2024-11-19,2024-25,DAL,NOP,1,0.8860317
0022400025,2024-11-19,2024-25,SAS,OKC,1,0.2970321
0022400026,2024-11-19,2024-25,LAL,UTA,1,0.82619756
0022400252,2024-11-20,2024-25,CLE,NOP,1,0.8929553
0022400253,2024-11-20,2024-25,MIL,CHI,1,0.6860968
0022400254,2024-11-20,2024-25,HOU,IND,1,0.7428551
0022400255,2024-11-20,2024-25,MEM,PHI,1,0.53491384
0022400256,2024-11-20,2024-25,OKC,POR,1,0.8492689
0022400257,2024-11-20,2024-25,PHX,NYK,0,0.434214
0022400258,2024-11-20,2024-25,GSW,ATL,1,0.79230785
0022400259,2024-11-20,2024-25,LAC,ORL,1,0.5985115
0022400260,2024-11-21,2024-25,CHA,DET,1,0.57494086
0022400261,2024-11-21,2024-25,TOR,MIN,1,0.27969348
0022400262,2024-11-21,2024-25,SAS,UTA,1,0.7414251
0022400263,2024-11-21,2024-25,LAL,ORL,0,0.66161907
0022400027,2024-11-22,2024-25,PHI,BKN,1,0.6566897
0022400028,2024-11-22,2024-25,WAS,BOS,0,0.16065854
0022400029,2024-11-22,2024-25,MIL,IND,1,0.68976
0022400030,2024-11-22,2024-25,CHI,ATL,1,0.5836448
0022400031,2024-11-22,2024-25,HOU,POR,1,0.7919616
0022400032,2024-11-22,2024-25,NOP,GSW,0,0.08509228
0022400033,2024-11-22,2024-25,DEN,DAL,0,0.42277217
0022400034,2024-11-22,2024-25,LAC,SAC,1,0.53810525
0022400264,2024-11-23,2024-25,UTA,NYK,1,0.19828148
0022400265,2024-11-23,2024-25,ORL,DET,1,0.6736952
0022400266,2024-11-23,2024-25,CHI,MEM,0,0.4655774
0022400267,2024-11-23,2024-25,HOU,POR,0,0.81329095
0022400268,2024-11-23,2024-25,MIL,CHA,1,0.692218
0022400269,2024-11-23,2024-25,SAS,GSW,1,0.41611826
0022400270,2024-11-23,2024-25,LAL,DEN,0,0.5604949
0022400271,2024-11-24,2024-25,BOS,MIN,1,0.7276901
0022400272,2024-11-24,2024-25,IND,WAS,1,0.76329976
0022400273,2024-11-24,2024-25,MIA,DAL,1,0.5951149
0022400274,2024-11-24,2024-25,PHI,LAC,0,0.35636094
0022400275,2024-11-24,2024-25,CLE,TOR,1,0.76356983
0022400276,2024-11-24,2024-25,SAC,BKN,0,0.78745705
0022400277,2024-11-25,2024-25,CHA,ORL,0,0.37585938
0022400278,2024-11-25,2024-25,DET,TOR,1,0.6620608
0022400279,2024-11-25,2024-25,IND,NOP,1,0.7163447
0022400280,2024-11-25,2024-25,ATL,DAL,0,0.48819312
0022400281,2024-11-25,2024-25,BOS,LAC,1,0.77729464
0022400282,2024-11-25,2024-25,MEM,POR,1,0.7175908
0022400283,2024-11-25,2024-25,DEN,NYK,0,0.61226094
0022400284,2024-11-25,2024-25,GSW,BKN,0,0.8901507
0022400285,2024-11-25,2024-25,SAC,OKC,0,0.29976797
0022400035,2024-11-26,2024-25,WAS,CHI,0,0.3412916
0022400036,2024-11-26,2024-25,MIA,MIL,0,0.5962313
0022400037,2024-11-26,2024-25,MIN,HOU,0,0.4762184
0022400038,2024-11-26,2024-25,UTA,SAS,0,0.33994663
0022400039,2024-11-26,2024-25,PHX,LAL,1,0.5249209
0022400286,2024-11-27,2024-25,CHA,MIA,0,0.34412697
0022400287,2024-11-27,2024-25,CLE,ATL,0,0.77010846
0022400288,2024-11-27,2024-25,IND,POR,1,0.7169977
0022400289,2024-11-27,2024-25,ORL,CHI,1,0.7782899
0022400290,2024-11-27,2024-25,PHI,HOU,0,0.37031102
0022400291,2024-11-27,2024-25,WAS,LAC,0,0.19065179
0022400292,2024-11-27,2024-25,DAL,NYK,1,0.47422957
0022400293,2024-11-27,2024-25,MEM,DET,1,0.7868126
0022400294,2024-11-27,2024-25,MIN,SAC,0,0.45289713
0022400295,2024-11-27,2024-25,NOP,TOR,0,0.34771535
0022400296,2024-11-27,2024-25,SAS,LAL,0,0.6053303
0022400297,2024-11-27,2024-25,PHX,BKN,0,0.68606836
0022400298,2024-11-27,2024-25,UTA,DEN,0,0.18462363
0022400299,2024-11-27,2024-25,GSW,OKC,0,0.48191994
0022400040,2024-11-29,2024-25,CHA,NYK,0,0.21604533
0022400041,2024-11-29,2024-25,ATL,CLE,1,0.42457247
0022400042,2024-11-29,2024-25,MEM,NOP,1,0.84851444
0022400043,2024-11-29,2024-25,BKN,ORL,0,0.47460032
0022400044,2024-11-29,2024-25,MIN,LAC,1,0.5408122
0022400045,2024-11-29,2024-25,IND,DET,0,0.69259655
0022400046,2024-11-29,2024-25,MIA,TOR,1,0.6514598
0022400047,2024-11-29,2024-25,CHI,BOS,0,0.27051288
0022400048,2024-11-29,2024-25,LAL,OKC,0,0.3304278
0022400049,2024-11-29,2024-25,POR,SAC,1,0.2896055
0022400300,2024-11-30,2024-25,CHA,ATL,0,0.33586362
0022400301,2024-11-30,2024-25,DET,PHI,0,0.58696073
0022400302,2024-11-30,2024-25,MIL,WAS,1,0.86005276
0022400303,2024-11-30,2024-25,PHX,GSW,1,0.5381112
0022400304,2024-11-30,2024-25,UTA,DAL,0,0.19366276
0022400305,2024-12-01,2024-25,BKN,ORL,0,0.32452005
0022400306,2024-12-01,2024-25,MEM,IND,1,0.7809808
0022400307,2024-12-01,2024-25,CLE,BOS,1,0.42290738
0022400308,2024-12-01,2024-25,NYK,NOP,1,0.87053007
0022400309,2024-12-01,2024-25,TOR,MIA,1,0.4760813
0022400310,2024-12-01,2024-25,HOU,OKC,1,0.45325485
0022400311,2024-12-01,2024-25,UTA,LAL,0,0.24714287
0022400312,2024-12-01,2024-25,POR,DAL,0,0.38038337
0022400313,2024-12-01,2024-25,SAC,SAS,0,0.63296694
0022400314,2024-12-01,2024-25,LAC,DEN,1,0.4451752
0022400315,2024-12-02,2024-25,ATL,NOP,1,0.81617343
0022400316,2024-12-02,2024-25,BOS,MIA,1,0.746089
0022400317,2024-12-02,2024-25,CHI,BKN,1,0.7096903
0022400318,2024-12-02,2024-25,MIN,LAL,1,0.70455617
0022400050,2024-12-03,2024-25,CHA,PHI,0,0.36570987
0022400051,2024-12-03,2024-25,CLE,WAS,1,0.8801947
0022400052,2024-12-03,2024-25,DET,MIL,0,0.3432015
0022400053,2024-12-03,2024-25,NYK,ORL,1,0.59639424
0022400054,2024-12-03,2024-25,TOR,IND,1,0.61603475
0022400055,2024-12-03,2024-25,OKC,UTA,1,0.90972155
0022400056,2024-12-03,2024-25,DAL,MEM,1,0.54974526
0022400057,2024-12-03,2024-25,PHX,SAS,1,0.6043044
0022400058,2024-12-03,2024-25,DEN,GSW,1,0.6120078
0022400059,2024-12-03,2024-25,SAC,HOU,1,0.49816746
0022400060,2024-12-03,2024-25,LAC,POR,1,0.7715248
0022400319,2024-12-04,2024-25,BOS,DET,1,0.8646379
0022400320,2024-12-04,2024-25,BKN,IND,1,0.41873962
0022400321,2024-12-04,2024-25,MIA,LAL,1,0.6168171
0022400322,2024-12-04,2024-25,PHI,ORL,0,0.3882035
0022400323,2024-12-04,2024-25,MIL,ATL,0,0.5913784
0022400324,2024-12-04,2024-25,LAC,MIN,0,0.49069765
0022400325,2024-12-05,2024-25,CLE,DEN,1,0.5427806
0022400326,2024-12-05,2024-25,WAS,DAL,0,0.14695169
0022400327,2024-12-05,2024-25,NYK,CHA,1,0.88980603
0022400328,2024-12-05,2024-25,TOR,OKC,0,0.31793773
0022400329,2024-12-05,2024-25,MEM,SAC,1,0.64070976
0022400330,2024-12-05,2024-25,NOP,PHX,1,0.29134953
0022400331,2024-12-05,2024-25,SAS,CHI,0,0.5830933
0022400332,2024-12-05,2024-25,GSW,HOU,1,0.5534794
0022400333,2024-12-06,2024-25,PHI,ORL,1,0.29308861
0022400334,2024-12-06,2024-25,ATL,LAL,1,0.6643258
0022400335,2024-12-06,2024-25,BOS,MIL,1,0.7095013
0022400336,2024-12-06,2024-25,CHI,IND,0,0.5762409
0022400337,2024-12-06,2024-25,SAS,SAC,0,0.41829163
0022400338,2024-12-06,2024-25,GSW,MIN,0,0.3922348
0022400339,2024-12-06,2024-25,POR,UTA,0,0.64405423
0022400340,2024-12-07,2024-25,CHA,CLE,0,0.16612414
0022400341,2024-12-07,2024-25,WAS,DEN,1,0.15222527
0022400342,2024-12-07,2024-25,NOP,OKC,0,0.17562816
0022400343,2024-12-07,2024-25,NYK,DET,0,0.73672
0022400344,2024-12-07,2024-25,TOR,DAL,0,0.27972895
0022400345,2024-12-07,2024-25,BOS,MEM,0,0.63836783
0022400346,2024-12-07,2024-25,MIA,PHX,1,0.6550491
0022400347,2024-12-08,2024-25,CHI,PHI,0,0.61957914
0022400348,2024-12-08,2024-25,BKN,MIL,0,0.3264434
0022400349,2024-12-08,2024-25,IND,CHA,0,0.8255841
0022400350,2024-12-08,2024-25,ATL,DEN,0,0.5332707
0022400351,2024-12-08,2024-25,MIA,CLE,1,0.53892326
0022400352,2024-12-08,2024-25,ORL,PHX,1,0.71913666
0022400353,2024-12-08,2024-25,WAS,MEM,0,0.18631583
0022400354,2024-12-08,2024-25,SAS,NOP,1,0.62614775
0022400355,2024-12-08,2024-25,GSW,MIN,1,0.5477906
0022400356,2024-12-08,2024-25,LAC,HOU,0,0.36350757
0022400357,2024-12-08,2024-25,SAC,UTA,1,0.820901
0022400358,2024-12-08,2024-25,LAL,POR,1,0.7357825
0022400359,2024-12-09,2024-25,TOR,NYK,0,0.35045815
0022401201,2024-12-10,2024-25,MIL,ORL,1,0.6707271
0022401203,2024-12-10,2024-25,OKC,DAL,1,0.6734949
0022401202,2024-12-11,2024-25,NYK,ATL,0,0.77172184
0022401204,2024-12-11,2024-25,HOU,GSW,1,0.4952019
0022401205,2024-12-12,2024-25,BOS,DET,1,0.8092086
0022401206,2024-12-12,2024-25,MIA,TOR,1,0.7795342
0022401207,2024-12-12,2024-25,NOP,SAC,0,0.24194197
0022401208,2024-12-13,2024-25,CLE,WAS,1,0.9068987
0022401209,2024-12-13,2024-25,PHI,IND,0,0.62913775
0022401210,2024-12-13,2024-25,MIN,LAL,1,0.74647313
0022401211,2024-12-13,2024-25,MEM,BKN,1,0.7633364
0022401212,2024-12-13,2024-25,CHI,CHA,1,0.8075792
0022401213,2024-12-13,2024-25,DEN,LAC,1,0.7735455
0022401214,2024-12-13,2024-25,UTA,PHX,0,0.3675485
0022401215,2024-12-13,2024-25,POR,SAS,0,0.44588715
0022401216,2024-12-15,2024-25,IND,NOP,1,0.653491
0022401217,2024-12-15,2024-25,WAS,BOS,0,0.11137968
0022401218,2024-12-15,2024-25,SAS,MIN,0,0.4049427
0022401219,2024-12-15,2024-25,PHX,POR,1,0.7775042
0022401220,2024-12-15,2024-25,LAL,MEM,1,0.3844882
0022401227,2024-12-15,2024-25,ORL,NYK,0,0.4261021
0022401228,2024-12-15,2024-25,GSW,DAL,0,0.43687826
0022401221,2024-12-16,2024-25,DET,MIA,1,0.38126272
0022401222,2024-12-16,2024-25,CHA,PHI,0,0.3151876
0022401223,2024-12-16,2024-25,TOR,CHI,0,0.47679543
0022401224,2024-12-16,2024-25,BKN,CLE,0,0.31139135
0022401225,2024-12-16,2024-25,SAC,DEN,0,0.52981466
0022401226,2024-12-16,2024-25,LAC,UTA,1,0.7278444
0022400360,2024-12-19,2024-25,DET,UTA,0,0.67891747
0022400361,2024-12-19,2024-25,ORL,OKC,0,0.27332944
0022400362,2024-12-19,2024-25,WAS,CHA,1,0.45137206
0022400363,2024-12-19,2024-25,BOS,CHI,0,0.8296691
0022400364,2024-12-19,2024-25,TOR,BKN,0,0.5497847
0022400365,2024-12-19,2024-25,HOU,NOP,1,0.80921054
0022400366,2024-12-19,2024-25,MEM,GSW,1,0.60467124
0022400367,2024-12-19,2024-25,MIN,NYK,0,0.50134057
0022400368,2024-12-19,2024-25,DAL,LAC,0,0.76131535
0022400369,2024-12-19,2024-25,PHX,IND,0,0.6579479
0022400370,2024-12-19,2024-25,SAS,ATL,1,0.4785942
0022400371,2024-12-19,2024-25,POR,DEN,1,0.22570777
0022400372,2024-12-19,2024-25,SAC,LAL,0,0.6704927
0022400373,2024-12-20,2024-25,PHI,CHA,1,0.77366996
0022400374,2024-12-20,2024-25,CLE,MIL,1,0.58453214
0022400375,2024-12-20,2024-25,MIA,OKC,0,0.47450653
0022400376,2024-12-21,2024-25,SAC,LAL,0,0.6688486
0022400377,2024-12-21,2024-25,ORL,MIA,1,0.5812099
0022400378,2024-12-21,2024-25,ATL,MEM,0,0.40135205
0022400379,2024-12-21,2024-25,BKN,UTA,0,0.62040895
0022400380,2024-12-21,2024-25,CLE,PHI,1,0.7420777
0022400381,2024-12-21,2024-25,CHI,BOS,0,0.29780176
0022400382,2024-12-21,2024-25,MIL,WAS,1,0.7977604
0022400383,2024-12-21,2024-25,MIN,GSW,0,0.64650756
0022400384,2024-12-21,2024-25,NOP,NYK,0,0.22327667
0022400385,2024-12-21,2024-25,DAL,LAC,1,0.5047864
0022400386,2024-12-21,2024-25,SAS,POR,1,0.61775583
0022400387,2024-12-21,2024-25,PHX,DET,0,0.69690865
0022400388,2024-12-22,2024-25,TOR,HOU,0,0.2520597
0022400389,2024-12-22,2024-25,SAC,IND,0,0.5386532
0022400390,2024-12-22,2024-25,NOP,DEN,0,0.17781244
0022400391,2024-12-23,2024-25,CHA,HOU,0,0.26857075
0022400392,2024-12-23,2024-25,CLE,UTA,1,0.836589
0022400393,2024-12-23,2024-25,ORL,BOS,1,0.32123968
0022400394,2024-12-23,2024-25,PHI,SAS,1,0.49294114
0022400395,2024-12-23,2024-25,ATL,MIN,1,0.3950347
0022400396,2024-12-23,2024-25,MIA,BKN,1,0.75769526
0022400397,2024-12-23,2024-25,NYK,TOR,1,0.9041845
0022400398,2024-12-23,2024-25,CHI,MIL,0,0.53550965
0022400399,2024-12-23,2024-25,MEM,LAC,0,0.64728135
0022400400,2024-12-23,2024-25,OKC,WAS,1,0.9374354
0022400401,2024-12-23,2024-25,DAL,POR,1,0.7935931
0022400402,2024-12-23,2024-25,DEN,PHX,1,0.6176137
0022400403,2024-12-23,2024-25,GSW,IND,0,0.6355403
0022400404,2024-12-23,2024-25,LAL,DET,0,0.60340846
0022400405,2024-12-25,2024-25,NYK,SAS,1,0.7561002
0022400406,2024-12-25,2024-25,DAL,MIN,0,0.6835206
0022400407,2024-12-25,2024-25,BOS,PHI,0,0.80216146
0022400408,2024-12-25,2024-25,GSW,LAL,0,0.6044028
0022400409,2024-12-25,2024-25,PHX,DEN,1,0.39604145
0022400410,2024-12-26,2024-25,IND,OKC,0,0.3246973
0022400411,2024-12-26,2024-25,ORL,MIA,0,0.60326177
0022400412,2024-12-26,2024-25,WAS,CHA,1,0.55988866
0022400413,2024-12-26,2024-25,ATL,CHI,1,0.57548136
0022400414,2024-12-26,2024-25,MEM,TOR,1,0.8433547
0022400415,2024-12-26,2024-25,MIL,BKN,0,0.8064053
0022400416,2024-12-26,2024-25,NOP,HOU,0,0.337473
0022400417,2024-12-26,2024-25,POR,UTA,1,0.5315585
0022400418,2024-12-26,2024-25,SAC,DET,0,0.6272795
0022400419,2024-12-27,2024-25,ORL,NYK,0,0.3066294
0022400420,2024-12-27,2024-25,BOS,IND,1,0.7854026
0022400421,2024-12-27,2024-25,BKN,SAS,0,0.3065577
0022400422,2024-12-27,2024-25,HOU,MIN,0,0.45746526
0022400423,2024-12-27,2024-25,NOP,MEM,0,0.19593358
0022400424,2024-12-27,2024-25,DEN,CLE,0,0.56500006
0022400425,2024-12-27,2024-25,PHX,DAL,0,0.40663284
0022400426,2024-12-27,2024-25,LAC,GSW,1,0.6540418
0022400427,2024-12-28,2024-25,ATL,MIA,1,0.5548469
0022400428,2024-12-28,2024-25,CHA,OKC,0,0.14011456
0022400429,2024-12-28,2024-25,WAS,NYK,0,0.215772
0022400430,2024-12-28,2024-25,CHI,MIL,1,0.48327565
0022400431,2024-12-28,2024-25,GSW,PHX,1,0.47489247
0022400432,2024-12-28,2024-25,DEN,DET,1,0.6829238
0022400433,2024-12-28,2024-25,UTA,PHI,0,0.27219626
0022400434,2024-12-28,2024-25,POR,DAL,1,0.38544863
0022400435,2024-12-28,2024-25,LAL,SAC,1,0.6082424
0022400436,2024-12-29,2024-25,ORL,BKN,1,0.79184216
0022400437,2024-12-29,2024-25,BOS,IND,0,0.8222025
0022400438,2024-12-29,2024-25,TOR,ATL,0,0.527353
0022400439,2024-12-29,2024-25,HOU,MIA,0,0.71911913
0022400440,2024-12-29,2024-25,OKC,MEM,1,0.55695844
0022400441,2024-12-29,2024-25,MIN,SAS,1,0.6804705
0022400442,2024-12-30,2024-25,CHA,CHI,0,0.31922933
0022400443,2024-12-30,2024-25,WAS,NYK,0,0.17630355
0022400444,2024-12-30,2024-25,NOP,LAC,0,0.24571748
0022400445,2024-12-30,2024-25,UTA,DEN,0,0.2688709
0022400446,2024-12-30,2024-25,GSW,CLE,0,0.4051657
0022400447,2024-12-30,2024-25,POR,PHI,0,0.33502308
0022400448,2024-12-30,2024-25,SAC,DAL,1,0.5705993
0022400449,2024-12-31,2024-25,BOS,TOR,1,0.8709248
0022400450,2024-12-31,2024-25,IND,MIL,0,0.50045466
0022400451,2024-12-31,2024-25,SAS,LAC,1,0.5255551
0022400452,2024-12-31,2024-25,OKC,MIN,1,0.75411975
0022400453,2024-12-31,2024-25,PHX,MEM,0,0.4395397
0022400454,2024-12-31,2024-25,LAL,CLE,0,0.47352698
0022400455,2025-01-01,2024-25,DET,ORL,1,0.52613884
0022400456,2025-01-01,2024-25,WAS,CHI,1,0.32368714
0022400457,2025-01-01,2024-25,MIA,NOP,1,0.7704132
0022400458,2025-01-01,2024-25,NYK,UTA,1,0.87084794
0022400459,2025-01-01,2024-25,TOR,BKN,1,0.5678362
0022400460,2025-01-01,2024-25,HOU,DAL,1,0.6909681
0022400461,2025-01-01,2024-25,DEN,ATL,1,0.7324919
0022400462,2025-01-01,2024-25,SAC,PHI,1,0.5480274
0022400463,2025-01-02,2024-25,MIA,IND,0,0.53710026
0022400464,2025-01-02,2024-25,MIN,BOS,0,0.38598847
0022400465,2025-01-02,2024-25,MIL,BKN,0,0.8649694
0022400466,2025-01-02,2024-25,OKC,LAC,1,0.8140903
0022400467,2025-01-02,2024-25,GSW,PHI,1,0.6408477
0022400468,2025-01-02,2024-25,LAL,POR,1,0.79333913
0022400469,2025-01-03,2024-25,DET,CHA,1,0.7612689
0022400470,2025-01-03,2024-25,TOR,ORL,0,0.44191048
0022400471,2025-01-03,2024-25,HOU,BOS,0,0.45944965
0022400472,2025-01-03,2024-25,NOP,WAS,1,0.6169532
0022400473,2025-01-03,2024-25,OKC,NYK,1,0.62148887
0022400474,2025-01-03,2024-25,DAL,CLE,0,0.3475186
0022400475,2025-01-03,2024-25,DEN,SAS,0,0.7556575
0022400476,2025-01-03,2024-25,SAC,MEM,1,0.49797913
0022400477,2025-01-03,2024-25,LAL,ATL,1,0.51603585
0022400478,2025-01-04,2024-25,BKN,PHI,0,0.32377338
0022400479,2025-01-04,2024-25,DET,MIN,1,0.30621988
0022400480,2025-01-04,2024-25,IND,PHX,1,0.5828615
0022400481,2025-01-04,2024-25,MIA,UTA,0,0.7773357
0022400482,2025-01-04,2024-25,CHI,NYK,1,0.3916857
0022400483,2025-01-04,2024-25,MIL,POR,0,0.8214748
0022400484,2025-01-04,2024-25,SAS,DEN,0,0.4454144
0022400485,2025-01-04,2024-25,GSW,MEM,1,0.59221166
0022400486,2025-01-04,2024-25,LAC,ATL,1,0.60691744
0022400487,2025-01-05,2024-25,OKC,BOS,1,0.64917356
0022400488,2025-01-05,2024-25,CLE,CHA,1,0.90567344
0022400489,2025-01-05,2024-25,WAS,NOP,0,0.54122466
0022400490,2025-01-05,2024-25,ORL,UTA,0,0.72759366
0022400491,2025-01-05,2024-25,HOU,LAL,1,0.5596741
0022400492,2025-01-05,2024-25,GSW,SAC,0,0.47750482
0022400493,2025-01-06,2024-25,DET,POR,1,0.68557316
0022400494,2025-01-06,2024-25,PHI,PHX,0,0.59495157
0022400495,2025-01-06,2024-25,BKN,IND,0,0.20513278
0022400496,2025-01-06,2024-25,NYK,ORL,0,0.81857413
0022400497,2025-01-06,2024-25,TOR,MIL,0,0.3635797
0022400498,2025-01-06,2024-25,CHI,SAS,1,0.57307494
0022400499,2025-01-06,2024-25,MEM,DAL,1,0.7200496
0022400500,2025-01-06,2024-25,MIN,LAC,1,0.56234866
0022400501,2025-01-06,2024-25,SAC,MIA,1,0.6201974
0022400502,2025-01-07,2024-25,CHA,PHX,1,0.3544332
0022400503,2025-01-07,2024-25,WAS,HOU,0,0.2670013
0022400504,2025-01-07,2024-25,DAL,LAL,1,0.3899498
0022400505,2025-01-07,2024-25,NOP,MIN,0,0.38627517
0022400506,2025-01-07,2024-25,UTA,ATL,0,0.51500493
0022400507,2025-01-07,2024-25,DEN,BOS,0,0.4938604
0022400508,2025-01-07,2024-25,GSW,MIA,0,0.70670164
0022400509,2025-01-08,2024-25,CLE,OKC,1,0.42852354
0022400510,2025-01-08,2024-25,IND,CHI,1,0.6358659
0022400511,2025-01-08,2024-25,NYK,TOR,1,0.81509763
0022400512,2025-01-08,2024-25,PHI,WAS,1,0.8650028
0022400513,2025-01-08,2024-25,BKN,DET,0,0.2382124
0022400514,2025-01-08,2024-25,NOP,POR,0,0.5570393
0022400515,2025-01-08,2024-25,DEN,LAC,1,0.43569896
0022400516,2025-01-08,2024-25,MIL,SAS,1,0.67472714
0022400517,2025-01-09,2024-25,CLE,TOR,1,0.8719703
0022400518,2025-01-09,2024-25,DET,GSW,0,0.4536049
0022400519,2025-01-09,2024-25,ORL,MIN,0,0.48760504
0022400520,2025-01-09,2024-25,MEM,HOU,0,0.6132956
0022400521,2025-01-09,2024-25,DAL,POR,1,0.7822665
0022400522,2025-01-09,2024-25,PHX,ATL,1,0.6319612
0022400523,2025-01-09,2024-25,UTA,MIA,0,0.47041765
0022400525,2025-01-10,2024-25,IND,GSW,1,0.6745021
0022400526,2025-01-10,2024-25,ORL,MIL,0,0.3820987
0022400527,2025-01-10,2024-25,PHI,NOP,0,0.7351735
0022400528,2025-01-10,2024-25,BOS,SAC,0,0.744727
0022400529,2025-01-10,2024-25,NYK,OKC,0,0.3326233
0022400530,2025-01-10,2024-25,CHI,WAS,1,0.824582
0022400531,2025-01-10,2024-25,DEN,BKN,1,0.9001537
0022400533,2025-01-11,2024-25,PHX,UTA,1,0.72169846
0022400534,2025-01-11,2024-25,DET,TOR,1,0.6434986
0022400535,2025-01-11,2024-25,MIN,MEM,0,0.46250868
0022400536,2025-01-11,2024-25,POR,MIA,0,0.37419695
0022400539,2025-01-12,2024-25,NYK,MIL,1,0.5838689
0022400540,2025-01-12,2024-25,DAL,DEN,0,0.38050076
0022400541,2025-01-12,2024-25,CHI,SAC,0,0.45765263
0022400542,2025-01-12,2024-25,BOS,NOP,1,0.914372
0022400543,2025-01-12,2024-25,CLE,IND,0,0.6769289
0022400544,2025-01-12,2024-25,ORL,PHI,1,0.6165304
0022400545,2025-01-12,2024-25,WAS,OKC,0,0.08068028
0022400546,2025-01-12,2024-25,UTA,BKN,1,0.72774494
0022400547,2025-01-12,2024-25,PHX,CHA,1,0.6677466
0022400548,2025-01-13,2024-25,WAS,MIN,0,0.17854299
0022400549,2025-01-13,2024-25,NYK,DET,0,0.67554766
0022400550,2025-01-13,2024-25,TOR,GSW,1,0.55299246
0022400551,2025-01-13,2024-25,HOU,MEM,1,0.472907
0022400552,2025-01-13,2024-25,LAL,SAS,0,0.6684302
0022400553,2025-01-13,2024-25,LAC,MIA,1,0.6208867
0022400554,2025-01-14,2024-25,IND,CLE,0,0.45780525
0022400555,2025-01-14,2024-25,PHI,OKC,0,0.21694295
0022400556,2025-01-14,2024-25,ATL,PHX,1,0.53730893
0022400557,2025-01-14,2024-25,CHI,NOP,0,0.66988534
0022400558,2025-01-14,2024-25,MIL,SAC,1,0.5593424
0022400559,2025-01-14,2024-25,DAL,DEN,0,0.3791808
0022400560,2025-01-14,2024-25,POR,BKN,0,0.6376447
0022400561,2025-01-15,2024-25,PHI,NYK,0,0.19520509
0022400562,2025-01-15,2024-25,TOR,BOS,1,0.20998724
0022400563,2025-01-15,2024-25,CHI,ATL,0,0.5804783
0022400564,2025-01-15,2024-25,MIL,ORL,1,0.61936337
0022400565,2025-01-15,2024-25,MIN,GSW,0,0.6875161
0022400566,2025-01-15,2024-25,NOP,DAL,1,0.4200371
0022400567,2025-01-15,2024-25,SAS,MEM,0,0.40652218
0022400568,2025-01-15,2024-25,DEN,HOU,0,0.60648346
0022400569,2025-01-15,2024-25,UTA,CHA,0,0.47877264
0022400570,2025-01-15,2024-25,LAL,MIA,1,0.61364144
0022400571,2025-01-15,2024-25,LAC,BKN,1,0.85738134
0022400572,2025-01-16,2024-25,DET,IND,0,0.50585353
0022400573,2025-01-16,2024-25,WAS,PHX,0,0.24601224
0022400574,2025-01-16,2024-25,OKC,CLE,1,0.7159835
0022400575,2025-01-16,2024-25,POR,LAC,0,0.28449628
0022400576,2025-01-16,2024-25,SAC,HOU,1,0.57840556
0022400577,2025-01-17,2024-25,BOS,ORL,1,0.8167572
0022400578,2025-01-17,2024-25,NYK,MIN,0,0.6950948
0022400579,2025-01-17,2024-25,MIA,DEN,0,0.5240706
0022400580,2025-01-17,2024-25,MIL,TOR,1,0.7513431
0022400581,2025-01-17,2024-25,NOP,UTA,1,0.7020821
0022400582,2025-01-17,2024-25,SAS,MEM,0,0.38963977
0022400583,2025-01-17,2024-25,DAL,OKC,1,0.2819212
0022400584,2025-01-17,2024-25,CHI,CHA,0,0.6419307
0022400585,2025-01-17,2024-25,LAL,BKN,1,0.89792967
0022400586,2025-01-18,2024-25,DET,PHX,0,0.513268
0022400587,2025-01-18,2024-25,BOS,ATL,0,0.77852505
0022400588,2025-01-18,2024-25,IND,PHI,1,0.73311776
0022400589,2025-01-18,2024-25,GSW,WAS,1,0.8171079
0022400590,2025-01-18,2024-25,MIN,CLE,0,0.33138618
0022400591,2025-01-18,2024-25,POR,HOU,0,0.21417227
0022400592,2025-01-19,2024-25,MIA,SAS,1,0.62899697
0022400593,2025-01-19,2024-25,ORL,DEN,0,0.28119585
0022400594,2025-01-19,2024-25,MIL,PHI,1,0.82585025
0022400595,2025-01-19,2024-25,OKC,BKN,1,0.926787
0022400596,2025-01-19,2024-25,LAC,LAL,1,0.6277141
0022400597,2025-01-19,2024-25,POR,CHI,1,0.29894757
0022400598,2025-01-19,2024-25,SAC,WAS,1,0.9178608
0022400599,2025-01-20,2024-25,CHA,DAL,1,0.36456454
0022400600,2025-01-20,2024-25,HOU,DET,0,0.7502144
0022400601,2025-01-20,2024-25,MEM,MIN,1,0.67517465
0022400602,2025-01-20,2024-25,NYK,ATL,1,0.62445307
0022400603,2025-01-20,2024-25,CLE,PHX,1,0.81481093
0022400604,2025-01-20,2024-25,GSW,BOS,0,0.29337835
0022400605,2025-01-20,2024-25,NOP,UTA,1,0.7936711
0022400611,2025-01-20,2024-25,LAC,CHI,0,0.78083044
0022400606,2025-01-21,2024-25,BKN,NYK,0,0.23562667
0022400607,2025-01-21,2024-25,MIA,POR,0,0.79921454
0022400608,2025-01-21,2024-25,TOR,ORL,1,0.5220973
0022400609,2025-01-21,2024-25,DEN,PHI,1,0.81562465
0022400610,2025-01-21,2024-25,LAL,WAS,1,0.86340034
0022400612,2025-01-22,2024-25,ATL,DET,0,0.6857695
0022400613,2025-01-22,2024-25,BKN,PHX,0,0.26734948
0022400614,2025-01-22,2024-25,DAL,MIN,0,0.6431174
0022400615,2025-01-22,2024-25,HOU,CLE,1,0.47939363
0022400616,2025-01-22,2024-25,MEM,CHA,1,0.7834573
0022400618,2025-01-22,2024-25,OKC,UTA,1,0.9354942
0022400619,2025-01-22,2024-25,SAC,GSW,1,0.7676016
0022400620,2025-01-22,2024-25,LAC,BOS,0,0.33320352
0022400622,2025-01-23,2024-25,ORL,POR,0,0.5971297
0022400623,2025-01-23,2024-25,ATL,TOR,0,0.6520044
0022400624,2025-01-23,2024-25,MIL,MIA,1,0.71358585
0022400625,2025-01-23,2024-25,OKC,DAL,0,0.7966497
0022400626,2025-01-23,2024-25,DEN,SAC,1,0.7605129
0022400628,2025-01-23,2024-25,GSW,CHI,1,0.46153077
0022400629,2025-01-23,2024-25,LAL,BOS,1,0.47644675
0022400983,2025-01-23,2024-25,LAC,WAS,1,0.7388992
0022400630,2025-01-24,2024-25,CHA,POR,0,0.7385109
0022400631,2025-01-24,2024-25,PHI,CLE,1,0.26038936
0022400632,2025-01-24,2024-25,MEM,NOP,1,0.77676684
0022400634,2025-01-25,2024-25,MIN,DEN,1,0.39758155
0022400635,2025-01-25,2024-25,DAL,BOS,0,0.45064506
0022400636,2025-01-25,2024-25,BKN,MIA,0,0.19992794
0022400637,2025-01-25,2024-25,CHA,NOP,1,0.48226783
0022400638,2025-01-25,2024-25,ORL,DET,1,0.5246217
0022400639,2025-01-25,2024-25,ATL,TOR,0,0.6766006
0022400640,2025-01-25,2024-25,CLE,HOU,0,0.55253565
0022400641,2025-01-25,2024-25,NYK,SAC,1,0.64073455
0022400642,2025-01-25,2024-25,CHI,PHI,0,0.6037868
0022400643,2025-01-25,2024-25,MEM,UTA,1,0.77148294
0022400644,2025-01-25,2024-25,GSW,LAL,0,0.45033607
0022400645,2025-01-25,2024-25,PHX,WAS,1,0.8337969
0022400646,2025-01-25,2024-25,LAC,MIL,1,0.54456
0022400647,2025-01-26,2024-25,POR,OKC,0,0.16022645
0022400648,2025-01-27,2024-25,CHA,LAL,0,0.3731299
0022400649,2025-01-27,2024-25,CLE,DET,1,0.7612063
0022400650,2025-01-27,2024-25,BOS,HOU,0,0.63527393
0022400651,2025-01-27,2024-25,BKN,SAC,0,0.19050305
0022400652,2025-01-27,2024-25,MIA,ORL,1,0.52195674
0022400653,2025-01-27,2024-25,NYK,MEM,1,0.57848114
0022400654,2025-01-27,2024-25,TOR,NOP,1,0.681982
0022400655,2025-01-27,2024-25,CHI,DEN,1,0.26519442
0022400656,2025-01-27,2024-25,MIN,ATL,1,0.7310851
0022400657,2025-01-27,2024-25,DAL,WAS,1,0.87149453
0022400658,2025-01-27,2024-25,UTA,MIL,0,0.2148526
0022400659,2025-01-27,2024-25,PHX,LAC,1,0.41980252
0022400532,2025-01-28,2024-25,ATL,HOU,0,0.23055087
0022400660,2025-01-28,2024-25,PHI,LAL,1,0.50376636
0022400661,2025-01-28,2024-25,GSW,UTA,1,0.77853936
0022400662,2025-01-28,2024-25,POR,MIL,1,0.34139556
0022400663,2025-01-29,2024-25,CHA,BKN,0,0.7902208
0022400664,2025-01-29,2024-25,IND,DET,1,0.7614961
0022400665,2025-01-29,2024-25,WAS,TOR,0,0.27902895
0022400666,2025-01-29,2024-25,BOS,CHI,1,0.7961274
0022400667,2025-01-29,2024-25,MIA,CLE,0,0.36954173
0022400668,2025-01-29,2024-25,NYK,DEN,1,0.5199853
0022400669,2025-01-29,2024-25,PHI,SAC,1,0.34408462
0022400670,2025-01-29,2024-25,NOP,DAL,0,0.4374481
0022400671,2025-01-29,2024-25,SAS,LAC,0,0.45098433
0022400672,2025-01-29,2024-25,PHX,MIN,0,0.51064897
0022400673,2025-01-29,2024-25,GSW,OKC,1,0.13414052
0022400674,2025-01-30,2024-25,WAS,LAL,0,0.15453464
0022400675,2025-01-30,2024-25,CLE,ATL,1,0.7168131
0022400676,2025-01-30,2024-25,MEM,HOU,1,0.49442136
0022400677,2025-01-30,2024-25,UTA,MIN,0,0.26951638
0022400678,2025-01-30,2024-25,POR,ORL,1,0.42173332
0022400679,2025-01-31,2024-25,CHA,LAC,0,0.20250101
0022400680,2025-01-31,2024-25,DET,DAL,1,0.45893526
0022400681,2025-01-31,2024-25,PHI,DEN,0,0.3360644
0022400682,2025-01-31,2024-25,TOR,CHI,0,0.6623052
0022400683,2025-01-31,2024-25,NOP,BOS,0,0.2709409
0022400684,2025-01-31,2024-25,SAS,MIL,1,0.412705
0022400685,2025-01-31,2024-25,GSW,PHX,0,0.61219347
0022400686,2025-02-01,2024-25,IND,ATL,1,0.7813309
0022400687,2025-02-01,2024-25,UTA,ORL,1,0.42133754
0022400688,2025-02-01,2024-25,CHA,DEN,0,0.15979132
0022400689,2025-02-01,2024-25,HOU,BKN,0,0.8694653
0022400690,2025-02-01,2024-25,MIN,WAS,0,0.9152819
0022400691,2025-02-01,2024-25,OKC,SAC,1,0.7904738
0022400692,2025-02-01,2024-25,NYK,LAL,0,0.7227722
0022400693,2025-02-01,2024-25,SAS,MIA,0,0.547986
0022400694,2025-02-01,2024-25,POR,PHX,1,0.5161994
0022400695,2025-02-02,2024-25,DET,CHI,1,0.5984305
0022400696,2025-02-02,2024-25,CLE,DAL,1,0.69741786
0022400697,2025-02-02,2024-25,TOR,LAC,1,0.37824032
0022400698,2025-02-02,2024-25,PHI,BOS,0,0.32891408
0022400699,2025-02-02,2024-25,MIL,MEM,0,0.5662439
0022400700,2025-02-03,2024-25,CHA,WAS,0,0.66943085
0022400701,2025-02-03,2024-25,DET,ATL,0,0.5640362
0022400702,2025-02-03,2024-25,NYK,HOU,1,0.6474829
0022400703,2025-02-03,2024-25,MEM,SAS,1,0.6765348
0022400704,2025-02-03,2024-25,MIN,SAC,0,0.54085094
0022400705,2025-02-03,2024-25,OKC,MIL,1,0.84262097
0022400706,2025-02-03,2024-25,DEN,NOP,1,0.8842798
0022400707,2025-02-03,2024-25,UTA,IND,0,0.2562805
0022400708,2025-02-03,2024-25,GSW,ORL,1,0.6393908
0022400709,2025-02-03,2024-25,POR,PHX,1,0.5006486
0022400710,2025-02-04,2024-25,CLE,BOS,0,0.5537732
0022400711,2025-02-04,2024-25,BKN,HOU,1,0.3830988
0022400712,2025-02-04,2024-25,PHI,DAL,1,0.68295646
0022400713,2025-02-04,2024-25,TOR,NYK,0,0.37817153
0022400714,2025-02-04,2024-25,CHI,MIA,1,0.5496924
0022400715,2025-02-04,2024-25,LAC,LAL,0,0.6038045
0022400716,2025-02-04,2024-25,POR,IND,1,0.37125245
0022400717,2025-02-05,2024-25,CHA,MIL,0,0.4427836
0022400718,2025-02-05,2024-25,DET,CLE,0,0.4185263
0022400719,2025-02-05,2024-25,ATL,SAS,0,0.57848895
0022400720,2025-02-05,2024-25,BKN,WAS,0,0.57804775
0022400721,2025-02-05,2024-25,PHI,MIA,0,0.62957835
0022400722,2025-02-05,2024-25,TOR,MEM,0,0.25229368
0022400723,2025-02-05,2024-25,MIN,CHI,1,0.74737036
0022400724,2025-02-05,2024-25,OKC,PHX,1,0.84801453
0022400725,2025-02-05,2024-25,UTA,GSW,1,0.36532786
0022400726,2025-02-05,2024-25,DEN,NOP,1,0.86739147
0022400727,2025-02-05,2024-25,SAC,ORL,0,0.7553959
0022400728,2025-02-06,2024-25,BOS,DAL,0,0.81890213
0022400729,2025-02-06,2024-25,MIN,HOU,1,0.45132917
0022400730,2025-02-06,2024-25,DEN,ORL,1,0.81111383
0022400731,2025-02-06,2024-25,LAL,GSW,1,0.78401065
0022400732,2025-02-06,2024-25,POR,SAC,1,0.49435085
0022400733,2025-02-06,2024-25,LAC,IND,0,0.48775887
0022400734,2025-02-07,2024-25,CHA,SAS,1,0.3089593
0022400735,2025-02-07,2024-25,WAS,CLE,0,0.18808109
0022400736,2025-02-07,2024-25,ATL,MIL,1,0.46829522
0022400737,2025-02-07,2024-25,BKN,MIA,1,0.41477817
0022400738,2025-02-07,2024-25,DET,PHI,1,0.54780626
0022400739,2025-02-07,2024-25,OKC,TOR,1,0.91770124
0022400740,2025-02-07,2024-25,PHX,UTA,1,0.6101443
0022400741,2025-02-08,2024-25,DAL,HOU,1,0.5030036
0022400742,2025-02-08,2024-25,LAL,IND,1,0.64706606
0022400743,2025-02-08,2024-25,ORL,SAS,1,0.5489669
0022400744,2025-02-08,2024-25,WAS,ATL,0,0.31969732
0022400745,2025-02-08,2024-25,CHI,GSW,0,0.5422127
0022400746,2025-02-08,2024-25,MEM,OKC,0,0.4681306
0022400747,2025-02-08,2024-25,MIN,POR,1,0.75393695
0022400748,2025-02-08,2024-25,NYK,BOS,0,0.5562604
0022400749,2025-02-08,2024-25,PHX,DEN,0,0.22910938
0022400750,2025-02-08,2024-25,SAC,NOP,1,0.81946033
0022400751,2025-02-08,2024-25,LAC,UTA,1,0.8435302
0022400752,2025-02-09,2024-25,DET,CHA,1,0.73434794
0022400753,2025-02-09,2024-25,HOU,TOR,1,0.75750864
0022400754,2025-02-09,2024-25,MIL,PHI,1,0.50306195
0022400755,2025-02-10,2024-25,CLE,MIN,1,0.7113835
0022400756,2025-02-10,2024-25,ORL,ATL,0,0.52841854
0022400757,2025-02-10,2024-25,WAS,SAS,0,0.2973062
0022400758,2025-02-10,2024-25,BKN,CHA,1,0.6994953
0022400759,2025-02-10,2024-25,MIA,BOS,0,0.26974183
0022400760,2025-02-10,2024-25,MIL,GSW,0,0.42884097
0022400761,2025-02-10,2024-25,OKC,NOP,1,0.9141822
0022400762,2025-02-10,2024-25,DAL,SAC,0,0.5364744
0022400763,2025-02-10,2024-25,DEN,POR,1,0.8275056
0022400768,2025-02-10,2024-25,LAL,UTA,1,0.8265789
0022400764,2025-02-11,2024-25,PHI,TOR,0,0.79610807
0022400765,2025-02-11,2024-25,IND,NYK,0,0.566955
0022400766,2025-02-11,2024-25,CHI,DET,0,0.49085674
0022400767,2025-02-11,2024-25,PHX,MEM,0,0.33761767
0022400769,2025-02-12,2024-25,BOS,SAS,1,0.7516062
0022400770,2025-02-12,2024-25,ORL,CHA,1,0.7390924
0022400771,2025-02-12,2024-25,WAS,IND,0,0.26203996
0022400772,2025-02-12,2024-25,BKN,PHI,1,0.38316387
0022400773,2025-02-12,2024-25,NYK,ATL,1,0.67209685
0022400774,2025-02-12,2024-25,TOR,CLE,0,0.16829707
0022400775,2025-02-12,2024-25,CHI,DET,0,0.42491588
0022400776,2025-02-12,2024-25,MIN,MIL,0,0.65219784
0022400777,2025-02-12,2024-25,NOP,SAC,0,0.25682563
0022400778,2025-02-12,2024-25,OKC,MIA,1,0.8948203
0022400779,2025-02-12,2024-25,HOU,PHX,1,0.7063293
0022400780,2025-02-12,2024-25,DEN,POR,1,0.85360616
0022400781,2025-02-12,2024-25,UTA,LAL,1,0.21544595
0022400782,2025-02-12,2024-25,DAL,GSW,1,0.4788894
0022400783,2025-02-12,2024-25,LAC,MEM,1,0.61823153
0022400784,2025-02-13,2024-25,HOU,GSW,0,0.4912803
0022400785,2025-02-13,2024-25,NOP,SAC,1,0.31226772
0022400786,2025-02-13,2024-25,DAL,MIA,1,0.59854686
0022400787,2025-02-13,2024-25,MIN,OKC,1,0.2957554
0022401004,2025-02-13,2024-25,UTA,LAC,0,0.29025853
0022400524,2025-02-19,2024-25,LAL,CHA,0,0.8968067
0022400788,2025-02-20,2024-25,IND,MEM,1,0.5741607
0022400789,2025-02-20,2024-25,PHI,BOS,0,0.22359237
0022400790,2025-02-20,2024-25,ATL,ORL,0,0.62181693
0022400791,2025-02-20,2024-25,BKN,CLE,0,0.18755138
0022400792,2025-02-20,2024-25,NYK,CHI,1,0.79315716
0022400793,2025-02-20,2024-25,MIL,LAC,1,0.37094316
0022400794,2025-02-20,2024-25,DEN,CHA,1,0.8968924
0022400795,2025-02-20,2024-25,SAS,PHX,1,0.7096597
0022400796,2025-02-20,2024-25,POR,LAL,0,0.30806577
0022400797,2025-02-21,2024-25,CLE,NYK,1,0.63320273
0022400798,2025-02-21,2024-25,ORL,MEM,0,0.41601938
0022400799,2025-02-21,2024-25,WAS,MIL,0,0.27961698
0022400800,2025-02-21,2024-25,TOR,MIA,0,0.5140521
0022400801,2025-02-21,2024-25,HOU,MIN,1,0.5109451
0022400802,2025-02-21,2024-25,SAS,DET,0,0.4022619
0022400803,2025-02-21,2024-25,DAL,NOP,1,0.6832447
0022400804,2025-02-21,2024-25,UTA,OKC,0,0.1486832
0022400805,2025-02-21,2024-25,SAC,GSW,0,0.472209
0022400806,2025-02-22,2024-25,CHI,PHX,0,0.46907485
0022400807,2025-02-22,2024-25,PHI,BKN,0,0.7576186
0022400808,2025-02-22,2024-25,DEN,LAL,0,0.6977494
0022400809,2025-02-22,2024-25,UTA,HOU,1,0.33631182
0022400810,2025-02-22,2024-25,POR,CHA,1,0.7254081
0022400811,2025-02-23,2024-25,BOS,NYK,1,0.6715094
0022400812,2025-02-23,2024-25,GSW,DAL,1,0.67373234
0022400813,2025-02-23,2024-25,IND,LAC,1,0.51255965
0022400814,2025-02-23,2024-25,ATL,DET,0,0.46561265
0022400815,2025-02-23,2024-25,ORL,WAS,1,0.80995744
0022400816,2025-02-23,2024-25,TOR,PHX,1,0.43807375
0022400817,2025-02-23,2024-25,MIL,MIA,1,0.5706306
0022400818,2025-02-23,2024-25,NOP,SAS,1,0.4348666
0022400819,2025-02-23,2024-25,CLE,MEM,1,0.6766257
0022400820,2025-02-23,2024-25,MIN,OKC,0,0.32994062
0022400821,2025-02-24,2024-25,DET,LAC,1,0.5945607
0022400822,2025-02-24,2024-25,IND,DEN,0,0.4401747
0022400823,2025-02-24,2024-25,PHI,CHI,0,0.67341584
0022400824,2025-02-24,2024-25,WAS,BKN,1,0.3481128
0022400825,2025-02-24,2024-25,ATL,MIA,1,0.622837
0022400826,2025-02-24,2024-25,OKC,MIN,0,0.7970066
0022400827,2025-02-24,2024-25,UTA,POR,0,0.41867152
0022400828,2025-02-24,2024-25,SAC,CHA,1,0.8025238
0022400829,2025-02-25,2024-25,TOR,BOS,0,0.19607578
0022400830,2025-02-25,2024-25,ORL,CLE,0,0.25924674
0022400831,2025-02-25,2024-25,HOU,MIL,1,0.55572164
0022400832,2025-02-25,2024-25,MEM,PHX,1,0.6970639
0022400833,2025-02-25,2024-25,NOP,SAS,1,0.47880128
0022400834,2025-02-25,2024-25,GSW,CHA,1,0.91803527
0022400835,2025-02-25,2024-25,LAL,DAL,1,0.7635875
0022400836,2025-02-26,2024-25,DET,BOS,1,0.54154205
0022400837,2025-02-26,2024-25,IND,TOR,1,0.860954
0022400838,2025-02-26,2024-25,NYK,PHI,1,0.79602814
0022400839,2025-02-26,2024-25,WAS,POR,0,0.31512234
0022400840,2025-02-26,2024-25,BKN,OKC,0,0.10769913
0022400841,2025-02-26,2024-25,MIA,ATL,1,0.51742154
0022400842,2025-02-26,2024-25,CHI,LAC,0,0.41391614
0022400843,2025-02-26,2024-25,UTA,SAC,0,0.27056223
0022400844,2025-02-26,2024-25,HOU,SAS,1,0.66555864
0022400845,2025-02-27,2024-25,ORL,GSW,0,0.3084729
0022400846,2025-02-27,2024-25,MIL,DEN,1,0.42440617
0022400847,2025-02-27,2024-25,DAL,CHA,1,0.8718069
0022400848,2025-02-27,2024-25,PHX,NOP,0,0.69508535
0022400849,2025-02-27,2024-25,LAL,MIN,1,0.67114884
0022400850,2025-02-28,2024-25,DET,DEN,0,0.6102334
0022400851,2025-02-28,2024-25,ATL,OKC,0,0.22088137
0022400852,2025-02-28,2024-25,BOS,CLE,0,0.5227322
0022400853,2025-02-28,2024-25,BKN,POR,0,0.3914756
0022400854,2025-02-28,2024-25,MIA,IND,1,0.44147322
0022400855,2025-02-28,2024-25,CHI,TOR,1,0.7021778
0022400856,2025-02-28,2024-25,MEM,NYK,0,0.57281435
0022400857,2025-02-28,2024-25,PHX,NOP,1,0.6292352
0022400858,2025-02-28,2024-25,UTA,MIN,1,0.29465747
0022400859,2025-02-28,2024-25,LAL,LAC,1,0.56142515
0022400860,2025-03-01,2024-25,CHA,WAS,0,0.5753113
0022400861,2025-03-01,2024-25,DET,BKN,1,0.8405485
0022400862,2025-03-01,2024-25,HOU,SAC,0,0.51194006
0022400863,2025-03-01,2024-25,MEM,SAS,0,0.73359203
0022400864,2025-03-01,2024-25,PHI,GSW,1,0.29921958
0022400865,2025-03-01,2024-25,DAL,MIL,0,0.5018646
0022400866,2025-03-02,2024-25,BOS,DEN,1,0.6311574
0022400867,2025-03-02,2024-25,CLE,POR,1,0.8842158
0022400868,2025-03-02,2024-25,IND,CHI,1,0.7677352
0022400869,2025-03-02,2024-25,MIA,NYK,0,0.4268161
0022400870,2025-03-02,2024-25,ORL,TOR,0,0.68946445
0022400871,2025-03-02,2024-25,SAS,OKC,0,0.15499277
0022400872,2025-03-02,2024-25,UTA,NOP,0,0.61642396
0022400873,2025-03-02,2024-25,PHX,MIN,0,0.44565576
0022400874,2025-03-02,2024-25,LAL,LAC,1,0.61632144
0022400875,2025-03-03,2024-25,CHA,GSW,0,0.17531371
0022400876,2025-03-03,2024-25,PHI,POR,0,0.6583242
0022400877,2025-03-03,2024-25,MIA,WAS,1,0.8133825
0022400878,2025-03-03,2024-25,MEM,ATL,0,0.60961986
0022400879,2025-03-03,2024-25,OKC,HOU,1,0.75171965
0022400880,2025-03-03,2024-25,DAL,SAC,0,0.4811457
0022400881,2025-03-03,2024-25,UTA,DET,0,0.17686583
0022400882,2025-03-04,2024-25,IND,HOU,1,0.8580749
0022400883,2025-03-04,2024-25,ORL,TOR,0,0.6662053
0022400884,2025-03-04,2024-25,ATL,MIL,0,0.38270593
0022400885,2025-03-04,2024-25,NYK,GSW,0,0.64760345
0022400886,2025-03-04,2024-25,CHI,CLE,0,0.23654862
0022400887,2025-03-04,2024-25,MIN,PHI,1,0.85887676
0022400888,2025-03-04,2024-25,SAS,BKN,1,0.7275569
0022400889,2025-03-04,2024-25,PHX,LAC,1,0.46355262
0022400890,2025-03-04,2024-25,LAL,NOP,1,0.8303964
0022400891,2025-03-05,2024-25,BOS,POR,1,0.7968902
0022400892,2025-03-05,2024-25,CHA,MIN,0,0.22405583
0022400893,2025-03-05,2024-25,CLE,MIA,1,0.6953366
0022400894,2025-03-05,2024-25,WAS,UTA,1,0.45374978
0022400895,2025-03-05,2024-25,MEM,OKC,0,0.26318344
0022400896,2025-03-05,2024-25,DEN,SAC,1,0.70360476
0022400897,2025-03-05,2024-25,MIL,DAL,1,0.6431986
0022400898,2025-03-05,2024-25,LAC,DET,1,0.4287824
0022400899,2025-03-06,2024-25,ATL,IND,1,0.35965383
0022400900,2025-03-06,2024-25,BOS,PHI,1,0.8063838
0022400901,2025-03-06,2024-25,BKN,GSW,0,0.1971519
0022400902,2025-03-06,2024-25,NOP,HOU,0,0.429961
0022400903,2025-03-06,2024-25,LAL,NYK,1,0.68127656
0022400944,2025-03-06,2024-25,ORL,CHI,0,0.6490479
0022400904,2025-03-07,2024-25,CHA,CLE,0,0.12188522
0022400905,2025-03-07,2024-25,TOR,UTA,1,0.7345446
0022400906,2025-03-07,2024-25,DAL,MEM,0,0.2971358
0022400907,2025-03-07,2024-25,MIA,MIN,0,0.43882924
0022400908,2025-03-07,2024-25,OKC,POR,1,0.88520265
0022400909,2025-03-07,2024-25,DEN,PHX,1,0.77037126
0022400910,2025-03-07,2024-25,SAC,SAS,1,0.695604
0022400911,2025-03-07,2024-25,LAC,NYK,1,0.5307981
0022400912,2025-03-08,2024-25,CHA,BKN,1,0.4399894
0022400913,2025-03-08,2024-25,HOU,NOP,1,0.73274785
0022400914,2025-03-08,2024-25,ATL,IND,1,0.45642745
0022400915,2025-03-08,2024-25,TOR,WAS,0,0.7141633
0022400916,2025-03-08,2024-25,MIA,CHI,0,0.6837334
0022400917,2025-03-08,2024-25,MIL,ORL,0,0.73879385
0022400918,2025-03-08,2024-25,BOS,LAL,1,0.5217569
0022400919,2025-03-08,2024-25,GSW,DET,1,0.66074824
0022400920,2025-03-09,2024-25,OKC,DEN,1,0.55699193
0022400921,2025-03-09,2024-25,DAL,PHX,0,0.39144105
0022400922,2025-03-09,2024-25,MIL,CLE,0,0.30345362
0022400923,2025-03-09,2024-25,NOP,MEM,0,0.24032617
0022400924,2025-03-09,2024-25,PHI,UTA,1,0.65302086
0022400925,2025-03-09,2024-25,MIN,SAS,1,0.8037095
0022400926,2025-03-09,2024-25,POR,DET,0,0.4092921
0022400927,2025-03-09,2024-25,LAC,SAC,1,0.63991004
0022400928,2025-03-10,2024-25,ATL,PHI,1,0.78983927
0022400929,2025-03-10,2024-25,BOS,UTA,1,0.9434194
0022400930,2025-03-10,2024-25,BKN,LAL,1,0.1679268
0022400931,2025-03-10,2024-25,MIA,CHA,0,0.86118776
0022400932,2025-03-10,2024-25,TOR,WAS,1,0.80945265
0022400933,2025-03-10,2024-25,CHI,IND,1,0.43640888
0022400934,2025-03-10,2024-25,HOU,ORL,1,0.6788066
0022400935,2025-03-10,2024-25,MEM,PHX,1,0.6361485
0022400936,2025-03-10,2024-25,OKC,DEN,0,0.7521156
0022400937,2025-03-10,2024-25,SAS,DAL,0,0.6683447
0022400938,2025-03-10,2024-25,GSW,POR,1,0.8432397
0022400939,2025-03-10,2024-25,SAC,NYK,0,0.48310667
0022400940,2025-03-11,2024-25,CLE,BKN,1,0.91469723
0022400941,2025-03-11,2024-25,DET,WAS,1,0.92804736
0022400942,2025-03-11,2024-25,IND,MIL,1,0.46838757
0022400943,2025-03-11,2024-25,NOP,LAC,1,0.18971518
0022400945,2025-03-12,2024-25,ATL,CHA,1,0.7315322
0022400946,2025-03-12,2024-25,BOS,OKC,0,0.42573744
0022400947,2025-03-12,2024-25,TOR,PHI,1,0.7232382
0022400948,2025-03-12,2024-25,MIA,LAC,0,0.46893135
0022400949,2025-03-12,2024-25,HOU,PHX,1,0.5808438
0022400950,2025-03-12,2024-25,MEM,UTA,1,0.7915781
0022400951,2025-03-12,2024-25,SAS,DAL,1,0.6177679
0022400952,2025-03-12,2024-25,DEN,MIN,0,0.6455577
0022400953,2025-03-12,2024-25,POR,NYK,0,0.41961348
0022400954,2025-03-13,2024-25,DET,WAS,0,0.85893834
0022400955,2025-03-13,2024-25,MIL,LAL,1,0.4741101
0022400956,2025-03-13,2024-25,CHI,BKN,1,0.7077231
0022400957,2025-03-13,2024-25,GSW,SAC,1,0.7466355
0022401141,2025-03-13,2024-25,NOP,ORL,0,0.55361557
0022400958,2025-03-14,2024-25,MIA,BOS,0,0.25864196
0022400959,2025-03-14,2024-25,PHI,IND,0,0.21637604
0022400960,2025-03-14,2024-25,ATL,LAC,0,0.49494377
0022400961,2025-03-14,2024-25,HOU,DAL,1,0.7774905
0022400962,2025-03-14,2024-25,MEM,CLE,0,0.45833847
0022400963,2025-03-14,2024-25,MIN,ORL,1,0.8477253
0022400964,2025-03-14,2024-25,SAS,CHA,0,0.67885035
0022400965,2025-03-14,2024-25,DEN,LAL,1,0.7308539
0022400966,2025-03-14,2024-25,UTA,TOR,0,0.5355836
0022400967,2025-03-14,2024-25,PHX,SAC,1,0.63949424
0022400968,2025-03-15,2024-25,BKN,BOS,0,0.22660953
0022400969,2025-03-15,2024-25,DET,OKC,0,0.34450737
0022400970,2025-03-15,2024-25,HOU,CHI,1,0.6724996
0022400971,2025-03-15,2024-25,MEM,MIA,1,0.71332985
0022400972,2025-03-15,2024-25,MIL,IND,1,0.6016849
0022400973,2025-03-15,2024-25,SAS,NOP,1,0.5162964
0022400974,2025-03-15,2024-25,GSW,NYK,1,0.6813686
0022400975,2025-03-15,2024-25,DEN,WAS,0,0.8513408
0022400538,2025-03-16,2024-25,LAC,CHA,1,0.8239344
0022400976,2025-03-16,2024-25,DAL,PHI,0,0.7078493
0022400977,2025-03-16,2024-25,LAL,PHX,1,0.4533574
0022400978,2025-03-16,2024-25,BKN,ATL,1,0.38607982
0022400979,2025-03-16,2024-25,CLE,ORL,0,0.82729137
0022400980,2025-03-16,2024-25,POR,TOR,1,0.55345744
0022400981,2025-03-16,2024-25,MIN,UTA,1,0.89198786
0022400982,2025-03-16,2024-25,MIL,OKC,0,0.3287602
0022400537,2025-03-17,2024-25,LAL,SAS,1,0.7441779
0022400984,2025-03-17,2024-25,NYK,MIA,1,0.75038815
0022400985,2025-03-17,2024-25,HOU,PHI,1,0.8780913
0022400986,2025-03-17,2024-25,MIN,IND,0,0.5346666
0022400987,2025-03-17,2024-25,NOP,DET,0,0.27016535
0022400989,2025-03-17,2024-25,UTA,CHI,0,0.3924641
0022400990,2025-03-17,2024-25,GSW,DEN,0,0.5579256
0022400991,2025-03-17,2024-25,PHX,TOR,1,0.67535317
0022400992,2025-03-17,2024-25,SAC,MEM,1,0.5357868
0022400995,2025-03-17,2024-25,POR,WAS,1,0.6523894
0022400993,2025-03-18,2024-25,CHA,ATL,0,0.394597
0022400994,2025-03-18,2024-25,BOS,BKN,1,0.91267455
0022400997,2025-03-18,2024-25,LAC,CLE,1,0.47626176
0022401012,2025-03-18,2024-25,GSW,MIL,1,0.64422786
0022400627,2025-03-19,2024-25,UTA,WAS,1,0.5770155
0022400998,2025-03-19,2024-25,IND,DAL,1,0.7840402
0022400999,2025-03-19,2024-25,ORL,HOU,0,0.4307483
0022401000,2025-03-19,2024-25,MIA,DET,0,0.37879083
0022401001,2025-03-19,2024-25,MIN,NOP,0,0.8886768
0022401002,2025-03-19,2024-25,OKC,PHI,1,0.93072635
0022401003,2025-03-19,2024-25,SAS,NYK,1,0.3218069
0022401006,2025-03-19,2024-25,LAL,DEN,1,0.6490278
0022401007,2025-03-19,2024-25,PHX,CHI,1,0.63469887
0022401008,2025-03-19,2024-25,POR,MEM,1,0.36265123
0022401009,2025-03-19,2024-25,SAC,CLE,1,0.47628513
0022400996,2025-03-20,2024-25,LAL,MIL,0,0.5476392
0022401005,2025-03-20,2024-25,GSW,TOR,1,0.88920027
0022401010,2025-03-20,2024-25,CHA,NYK,1,0.2131265
0022401011,2025-03-20,2024-25,IND,BKN,1,0.7107868
0022401013,2025-03-20,2024-25,SAC,CHI,0,0.69809496
0022401014,2025-03-21,2024-25,WAS,ORL,0,0.31235826
0022401015,2025-03-21,2024-25,MIA,HOU,0,0.38226736
0022401016,2025-03-21,2024-25,MIN,NOP,1,0.8702147
0022401017,2025-03-21,2024-25,OKC,CHA,1,0.90821046
0022401018,2025-03-21,2024-25,SAS,PHI,1,0.6797183
0022401019,2025-03-21,2024-25,DAL,DET,1,0.31478962
0022401020,2025-03-21,2024-25,UTA,BOS,0,0.19241108
0022401021,2025-03-21,2024-25,PHX,CLE,1,0.35447612
0022401022,2025-03-21,2024-25,POR,DEN,1,0.4064
0022401023,2025-03-21,2024-25,LAC,MEM,1,0.66332406
0022401024,2025-03-22,2024-25,IND,BKN,1,0.78982675
0022401025,2025-03-22,2024-25,ATL,GSW,1,0.3265611
0022401026,2025-03-22,2024-25,NYK,WAS,1,0.8758258
0022401027,2025-03-22,2024-25,SAC,MIL,0,0.568079
0022401028,2025-03-22,2024-25,LAL,CHI,0,0.3735115
0022401029,2025-03-23,2024-25,DET,NOP,1,0.8962123
0022401030,2025-03-23,2024-25,UTA,CLE,0,0.1554274
0022401031,2025-03-23,2024-25,ATL,PHI,1,0.73301387
0022401032,2025-03-23,2024-25,MIA,CHA,1,0.78590864
0022401033,2025-03-23,2024-25,TOR,SAS,0,0.4366642
0022401034,2025-03-23,2024-25,POR,BOS,0,0.2912457
0022401035,2025-03-23,2024-25,HOU,DEN,0,0.6134652
0022401036,2025-03-23,2024-25,LAC,OKC,0,0.41779572
0022401037,2025-03-24,2024-25,IND,MIN,1,0.50565976
0022401038,2025-03-24,2024-25,ORL,LAL,1,0.37763327
0022401039,2025-03-24,2024-25,WAS,TOR,0,0.6311242
0022401040,2025-03-24,2024-25,BKN,DAL,0,0.45335358
0022401041,2025-03-24,2024-25,NOP,PHI,1,0.580442
0022401042,2025-03-24,2024-25,DEN,CHI,0,0.56867105
0022401043,2025-03-24,2024-25,PHX,MIL,1,0.6318689
0022401044,2025-03-24,2024-25,SAC,BOS,0,0.43489563
0022401045,2025-03-25,2024-25,CHA,ORL,0,0.4232811
0022401046,2025-03-25,2024-25,DET,SAS,1,0.69674677
0022401047,2025-03-25,2024-25,MIA,GSW,1,0.34906644
0022401048,2025-03-25,2024-25,NYK,DAL,1,0.7954027
0022401049,2025-03-25,2024-25,HOU,ATL,1,0.6598643
0022401050,2025-03-25,2024-25,UTA,MEM,0,0.24560004
0022401051,2025-03-25,2024-25,POR,CLE,0,0.27346104
0022401052,2025-03-25,2024-25,SAC,OKC,0,0.21360116
0022401053,2025-03-26,2024-25,PHI,WAS,0,0.39319497
0022401054,2025-03-26,2024-25,BKN,TOR,0,0.5780044
0022401055,2025-03-26,2024-25,IND,LAL,0,0.55440944
0022401056,2025-03-26,2024-25,NYK,LAC,0,0.3881054
0022401057,2025-03-26,2024-25,DEN,MIL,1,0.5753315
0022401058,2025-03-26,2024-25,PHX,BOS,0,0.36241812
0022401059,2025-03-27,2024-25,CLE,SAS,1,0.8245679
0022401060,2025-03-27,2024-25,ORL,DAL,0,0.7759822
0022401061,2025-03-27,2024-25,WAS,IND,0,0.15695703
0022401062,2025-03-27,2024-25,MIA,ATL,1,0.5449344
0022401063,2025-03-27,2024-25,CHI,LAL,1,0.5548936
0022401064,2025-03-27,2024-25,OKC,MEM,1,0.7883136
0022401065,2025-03-27,2024-25,UTA,HOU,0,0.19187565
0022401066,2025-03-27,2024-25,SAC,POR,1,0.64655566
0022401067,2025-03-28,2024-25,DET,CLE,1,0.5054648
0022401068,2025-03-28,2024-25,BKN,LAC,0,0.17318597
0022401069,2025-03-28,2024-25,TOR,CHA,1,0.5995755
0022401070,2025-03-28,2024-25,MIL,NYK,0,0.49824995
0022401071,2025-03-28,2024-25,MIN,PHX,1,0.76921123
0022401072,2025-03-28,2024-25,NOP,GSW,0,0.14922783
0022401073,2025-03-28,2024-25,DEN,UTA,1,0.9244731
0022401074,2025-03-29,2024-25,ORL,SAC,1,0.4415384
0022401075,2025-03-29,2024-25,WAS,BKN,0,0.44060087
0022401076,2025-03-29,2024-25,PHI,MIA,0,0.18551795
0022401077,2025-03-29,2024-25,CHI,DAL,0,0.783675
0022401078,2025-03-29,2024-25,MEM,LAL,0,0.4536425
0022401079,2025-03-29,2024-25,OKC,IND,1,0.76447326
0022401080,2025-03-29,2024-25,SAS,BOS,0,0.24325782
0022401081,2025-03-30,2024-25,CLE,LAC,1,0.5915024
0022401082,2025-03-30,2024-25,NYK,POR,1,0.7218005
0022401083,2025-03-30,2024-25,MIL,ATL,0,0.6053692
0022401084,2025-03-30,2024-25,MIN,DET,1,0.70628315
0022401085,2025-03-30,2024-25,NOP,CHA,1,0.4651599
0022401086,2025-03-30,2024-25,SAS,GSW,0,0.23811501
0022401087,2025-03-30,2024-25,PHI,TOR,0,0.28438628
0022401088,2025-03-30,2024-25,PHX,HOU,0,0.46628287
0022401089,2025-03-31,2024-25,CHA,UTA,1,0.5563936
0022401090,2025-03-31,2024-25,IND,SAC,1,0.65366524
0022401091,2025-03-31,2024-25,ORL,LAC,0,0.4414921
0022401092,2025-03-31,2024-25,WAS,MIA,0,0.20579416
0022401093,2025-03-31,2024-25,MEM,BOS,0,0.39680722
0022401094,2025-03-31,2024-25,OKC,CHI,1,0.8040242
0022401095,2025-03-31,2024-25,DAL,BKN,0,0.7157057
0022401096,2025-03-31,2024-25,LAL,HOU,1,0.7186756
0022400988,2025-04-01,2024-25,SAS,ORL,0,0.5084687
0022401097,2025-04-01,2024-25,ATL,POR,0,0.6862285
0022401098,2025-04-01,2024-25,NYK,PHI,1,0.92882574
0022401099,2025-04-01,2024-25,CHI,TOR,1,0.67256224
0022401100,2025-04-01,2024-25,MEM,GSW,0,0.37857133
0022401101,2025-04-01,2024-25,MIL,PHX,1,0.6699617
0022401102,2025-04-01,2024-25,DEN,MIN,0,0.57942384
0022401103,2025-04-02,2024-25,CLE,NYK,1,0.7969954
0022401104,2025-04-02,2024-25,IND,CHA,1,0.8802994
0022401105,2025-04-02,2024-25,WAS,SAC,1,0.16904266
0022401106,2025-04-02,2024-25,BOS,MIA,0,0.84159505
0022401107,2025-04-02,2024-25,HOU,UTA,1,0.89938384
0022401108,2025-04-02,2024-25,OKC,DET,1,0.837766
0022401109,2025-04-02,2024-25,DAL,ATL,1,0.55490136
0022401110,2025-04-02,2024-25,DEN,SAS,0,0.8299848
0022401111,2025-04-02,2024-25,LAC,NOP,1,0.93279785
0022401112,2025-04-03,2024-25,WAS,ORL,0,0.16289747
0022401113,2025-04-03,2024-25,BKN,MIN,0,0.1816829
0022401114,2025-04-03,2024-25,MIA,MEM,0,0.41843954
0022401115,2025-04-03,2024-25,PHI,MIL,0,0.17262088
0022401116,2025-04-03,2024-25,TOR,POR,0,0.46541458
0022401117,2025-04-03,2024-25,LAL,GSW,0,0.5350131
0022401118,2025-04-04,2024-25,CHA,SAC,0,0.2842875
0022401119,2025-04-04,2024-25,IND,UTA,1,0.8884062
0022401120,2025-04-04,2024-25,BOS,PHX,1,0.868974
0022401121,2025-04-04,2024-25,TOR,DET,0,0.2745232
0022401122,2025-04-04,2024-25,CHI,POR,1,0.7582813
0022401123,2025-04-04,2024-25,HOU,OKC,1,0.2810913
0022401124,2025-04-04,2024-25,SAS,CLE,0,0.2735
0022401125,2025-04-04,2024-25,GSW,DEN,1,0.7740033
0022401126,2025-04-04,2024-25,LAL,NOP,1,0.91256803
0022401127,2025-04-04,2024-25,LAC,DAL,1,0.8085717
0022401128,2025-04-05,2024-25,ATL,NYK,0,0.52924204
0022401129,2025-04-05,2024-25,DET,MEM,0,0.40983006
0022401130,2025-04-05,2024-25,PHI,MIN,0,0.110689394
0022401131,2025-04-05,2024-25,MIA,MIL,0,0.5733044
0022401132,2025-04-05,2024-25,LAC,DAL,1,0.8435087
0022400617,2025-04-06,2024-25,NOP,MIL,0,0.2254594
0022401133,2025-04-06,2024-25,CHA,CHI,0,0.20946226
0022401134,2025-04-06,2024-25,BKN,TOR,0,0.42712027
0022401135,2025-04-06,2024-25,OKC,LAL,0,0.7234727
0022401136,2025-04-06,2024-25,ATL,UTA,1,0.7778853
0022401137,2025-04-06,2024-25,BOS,WAS,1,0.95667005
0022401138,2025-04-06,2024-25,CLE,SAC,0,0.72678804
0022401139,2025-04-06,2024-25,POR,SAS,1,0.6486214
0022401140,2025-04-06,2024-25,NYK,PHX,1,0.7071566
0022401142,2025-04-06,2024-25,DEN,IND,0,0.60191184
0022401143,2025-04-06,2024-25,GSW,HOU,0,0.6737775
0022401144,2025-04-07,2024-25,DET,SAC,0,0.65114427
0022401145,2025-04-07,2024-25,MIA,PHI,1,0.8754482
0022401146,2025-04-08,2024-25,CHA,MEM,0,0.21905473
0022401147,2025-04-08,2024-25,CLE,CHI,1,0.71056587
0022401148,2025-04-08,2024-25,IND,WAS,1,0.93551034
0022401149,2025-04-08,2024-25,ORL,ATL,1,0.5953537
0022401150,2025-04-08,2024-25,BKN,NOP,1,0.59906805
0022401151,2025-04-08,2024-25,NYK,BOS,0,0.4844128
0022401152,2025-04-08,2024-25,MIL,MIN,1,0.3466268
0022401153,2025-04-08,2024-25,OKC,LAL,1,0.64107835
0022401154,2025-04-08,2024-25,PHX,GSW,0,0.24088301
0022401155,2025-04-08,2024-25,LAC,SAS,1,0.86935717
0022401156,2025-04-09,2024-25,ORL,BOS,1,0.3057896
0022401157,2025-04-09,2024-25,WAS,PHI,0,0.46571305
0022401158,2025-04-09,2024-25,TOR,CHA,1,0.7790338
0022401159,2025-04-09,2024-25,DAL,LAL,0,0.38619238
0022401160,2025-04-09,2024-25,CHI,MIA,1,0.3904873
0022401162,2025-04-09,2024-25,UTA,POR,1,0.37691927
0022401163,2025-04-09,2024-25,GSW,SAS,0,0.8615626
0022401164,2025-04-09,2024-25,PHX,OKC,0,0.1505992
0022401165,2025-04-09,2024-25,SAC,DEN,0,0.48150933
0022401166,2025-04-09,2024-25,LAC,HOU,1,0.4916889
0022401161,2025-04-10,2024-25,MIL,NOP,1,0.8909241
0022401167,2025-04-10,2024-25,DET,NYK,1,0.48556897
0022401168,2025-04-10,2024-25,IND,CLE,1,0.54463124
0022401169,2025-04-10,2024-25,BKN,ATL,0,0.25865695
0022401170,2025-04-10,2024-25,MEM,MIN,0,0.50073576
0022401171,2025-04-11,2024-25,DET,MIL,0,0.587307
0022401172,2025-04-11,2024-25,IND,ORL,0,0.6044712
0022401173,2025-04-11,2024-25,PHI,ATL,0,0.286526
0022401174,2025-04-11,2024-25,BOS,CHA,1,0.9112033
0022401175,2025-04-11,2024-25,NYK,CLE,0,0.46518508
0022401176,2025-04-11,2024-25,CHI,WAS,1,0.92992747
0022401177,2025-04-11,2024-25,NOP,MIA,0,0.122675106
0022401178,2025-04-11,2024-25,DAL,TOR,1,0.6523584
0022401179,2025-04-11,2024-25,MIN,BKN,1,0.9143726
0022401180,2025-04-11,2024-25,DEN,MEM,1,0.74653584
0022401181,2025-04-11,2024-25,UTA,OKC,0,0.14467758
0022401182,2025-04-11,2024-25,PHX,SAS,1,0.5506989
0022401183,2025-04-11,2024-25,POR,GSW,0,0.23316717
0022401184,2025-04-11,2024-25,SAC,LAC,0,0.34309807
0022401185,2025-04-11,2024-25,LAL,HOU,1,0.78152806
0022401186,2025-04-13,2024-25,ATL,ORL,1,0.6161676
0022401187,2025-04-13,2024-25,BOS,CHA,1,0.9488021
0022401188,2025-04-13,2024-25,BKN,NYK,0,0.14345624
0022401189,2025-04-13,2024-25,CLE,IND,0,0.81799847
0022401190,2025-04-13,2024-25,MIA,WAS,0,0.9193425
0022401191,2025-04-13,2024-25,PHI,CHI,0,0.1565818
0022401192,2025-04-13,2024-25,MIL,DET,1,0.5983696
0022401193,2025-04-13,2024-25,HOU,DEN,0,0.30934715
0022401194,2025-04-13,2024-25,MEM,DAL,1,0.7068213
0022401195,2025-04-13,2024-25,MIN,UTA,1,0.899387
0022401196,2025-04-13,2024-25,NOP,OKC,0,0.06843879
0022401197,2025-04-13,2024-25,SAS,TOR,1,0.7161276
0022401198,2025-04-13,2024-25,GSW,LAC,0,0.53585815
0022401199,2025-04-13,2024-25,POR,LAL,1,0.2067257
0022401200,2025-04-13,2024-25,SAC,PHX,1,0.67444676
0022500001,2025-10-21,2025-26,OKC,HOU,1,0.82344556
0022500002,2025-10-21,2025-26,LAL,GSW,0,0.38369524
0022500003,2025-10-22,2025-26,NYK,CLE,1,0.65788627
0022500004,2025-10-22,2025-26,DAL,SAS,0,0.39942414
0022500080,2025-10-22,2025-26,CHA,BKN,1,0.6237741
0022500081,2025-10-22,2025-26,ORL,MIA,1,0.6048578
0022500082,2025-10-22,2025-26,ATL,TOR,0,0.84324425
0022500083,2025-10-22,2025-26,BOS,PHI,0,0.9443122
0022500084,2025-10-22,2025-26,CHI,DET,1,0.59397316
0022500085,2025-10-22,2025-26,MEM,NOP,1,0.94705695
0022500086,2025-10-22,2025-26,MIL,WAS,1,0.9197541
0022500087,2025-10-22,2025-26,UTA,LAC,1,0.15119578
0022500088,2025-10-22,2025-26,PHX,SAC,1,0.6354756
0022500089,2025-10-22,2025-26,POR,MIN,0,0.40260336
0022500005,2025-10-23,2025-26,IND,OKC,0,0.5278054
0022500006,2025-10-23,2025-26,GSW,DEN,1,0.68854743
0022500018,2025-10-24,2025-26,NYK,BOS,1,0.513451
0022500019,2025-10-24,2025-26,LAL,MIN,1,0.617991
0022500090,2025-10-24,2025-26,ORL,ATL,0,0.5645291
0022500091,2025-10-24,2025-26,BKN,CLE,0,0.21329233
0022500092,2025-10-24,2025-26,TOR,MIL,0,0.40369564
0022500093,2025-10-24,2025-26,HOU,DET,0,0.63000625
0022500094,2025-10-24,2025-26,MEM,MIA,0,0.5805066
0022500095,2025-10-24,2025-26,NOP,SAS,0,0.4905886
0022500096,2025-10-24,2025-26,DAL,WAS,0,0.6830281
0022500097,2025-10-24,2025-26,POR,GSW,1,0.47082695
0022500098,2025-10-24,2025-26,SAC,UTA,1,0.5504462
0022500099,2025-10-24,2025-26,LAC,PHX,1,0.8214346
0022500100,2025-10-25,2025-26,ORL,CHI,0,0.4117249
0022500101,2025-10-25,2025-26,ATL,OKC,0,0.33208358
0022500102,2025-10-25,2025-26,PHI,CHA,1,0.74635583
0022500103,2025-10-25,2025-26,MEM,IND,1,0.45905742
0022500104,2025-10-25,2025-26,DEN,PHX,1,0.8561805
0022500105,2025-10-26,2025-26,SAS,BKN,1,0.7174356
0022500106,2025-10-26,2025-26,DET,BOS,1,0.640058
0022500107,2025-10-26,2025-26,CLE,MIL,1,0.64917153
0022500108,2025-10-26,2025-26,MIA,NYK,1,0.48071414
0022500109,2025-10-26,2025-26,WAS,CHA,0,0.62958986
0022500110,2025-10-26,2025-26,MIN,IND,1,0.833565
0022500111,2025-10-26,2025-26,DAL,TOR,1,0.49016646
0022500112,2025-10-26,2025-26,LAC,POR,1,0.7155692
0022500113,2025-10-26,2025-26,SAC,LAL,0,0.37981686
0022500007,2025-10-27,2025-26,DET,CLE,0,0.4542518
0022500008,2025-10-27,2025-26,MIN,DEN,0,0.4062316
0022500114,2025-10-27,2025-26,PHI,ORL,1,0.51762915
0022500115,2025-10-27,2025-26,CHI,ATL,1,0.6581858
0022500116,2025-10-27,2025-26,HOU,BKN,1,0.8775843
0022500117,2025-10-27,2025-26,NOP,BOS,0,0.52000016
0022500118,2025-10-27,2025-26,SAS,TOR,1,0.6022176
0022500119,2025-10-27,2025-26,DAL,OKC,0,0.1869689
0022500120,2025-10-27,2025-26,UTA,PHX,1,0.5481809
0022500121,2025-10-27,2025-26,GSW,MEM,1,0.7705029
0022500122,2025-10-27,2025-26,LAL,POR,0,0.62684923
0022500123,2025-10-28,2025-26,WAS,PHI,0,0.41999015
0022500124,2025-10-28,2025-26,MIA,CHA,1,0.7606957
0022500125,2025-10-28,2025-26,MIL,NYK,1,0.59486663
0022500126,2025-10-28,2025-26,OKC,SAC,1,0.7589805
0022500127,2025-10-28,2025-26,GSW,LAC,1,0.42199826
0022500128,2025-10-29,2025-26,BOS,CLE,1,0.47232202
0022500129,2025-10-29,2025-26,DET,ORL,1,0.5579306
0022500130,2025-10-29,2025-26,BKN,ATL,0,0.28002954
0022500131,2025-10-29,2025-26,TOR,HOU,0,0.32535344
0022500132,2025-10-29,2025-26,CHI,SAC,1,0.7317859
0022500133,2025-10-29,2025-26,DAL,IND,1,0.52296185
0022500134,2025-10-29,2025-26,DEN,NOP,1,0.88925827
0022500135,2025-10-29,2025-26,UTA,POR,0,0.3407439
0022500136,2025-10-29,2025-26,MIN,LAL,0,0.6509628
0022500137,2025-10-29,2025-26,PHX,MEM,0,0.42264014
0022500138,2025-10-30,2025-26,CHA,ORL,0,0.50895005
0022500139,2025-10-30,2025-26,MIL,GSW,1,0.48837242
0022500140,2025-10-30,2025-26,OKC,WAS,1,0.9080392
0022500141,2025-10-30,2025-26,SAS,MIA,1,0.48120517
0022500020,2025-10-31,2025-26,IND,ATL,0,0.43817163
0022500021,2025-10-31,2025-26,PHI,BOS,0,0.44003037
0022500022,2025-10-31,2025-26,CLE,TOR,0,0.8139619
0022500023,2025-10-31,2025-26,CHI,NYK,1,0.57708645
0022500024,2025-10-31,2025-26,MEM,LAL,0,0.5579013
0022500025,2025-10-31,2025-26,PHX,UTA,1,0.5335661
0022500026,2025-10-31,2025-26,POR,DEN,1,0.41863862
0022500027,2025-10-31,2025-26,LAC,NOP,1,0.8656916
0022500142,2025-11-01,2025-26,MIL,SAC,0,0.67269146
0022500143,2025-11-01,2025-26,CHA,MIN,0,0.28083244
0022500144,2025-11-01,2025-26,IND,GSW,1,0.18757027
0022500145,2025-11-01,2025-26,WAS,ORL,0,0.32596496
0022500146,2025-11-01,2025-26,BOS,HOU,0,0.4080714
0022500148,2025-11-02,2025-26,OKC,NOP,1,0.89332217
0022500149,2025-11-02,2025-26,BKN,PHI,0,0.35144293
0022500150,2025-11-02,2025-26,CHA,UTA,1,0.42812374
0022500151,2025-11-02,2025-26,CLE,ATL,1,0.5205355
0022500152,2025-11-02,2025-26,TOR,MEM,1,0.46408194
0022500153,2025-11-02,2025-26,NYK,CHI,1,0.5184653
0022500154,2025-11-02,2025-26,PHX,SAS,1,0.41429988
0022500155,2025-11-02,2025-26,LAL,MIA,1,0.7014153
0022500156,2025-11-03,2025-26,BKN,MIN,0,0.21641015
0022500157,2025-11-03,2025-26,IND,MIL,0,0.25641343
0022500158,2025-11-03,2025-26,BOS,UTA,0,0.82046
0022500159,2025-11-03,2025-26,NYK,WAS,1,0.8408593
0022500160,2025-11-03,2025-26,HOU,DAL,1,0.8241737
0022500161,2025-11-03,2025-26,MEM,DET,0,0.3349565
0022500162,2025-11-03,2025-26,DEN,SAC,1,0.85595685
0022500163,2025-11-03,2025-26,POR,LAL,0,0.5265998
0022500164,2025-11-03,2025-26,LAC,MIA,0,0.7863999
0022500165,2025-11-04,2025-26,TOR,MIL,1,0.46346536
0022500166,2025-11-04,2025-26,ATL,ORL,1,0.6247067
0022500167,2025-11-04,2025-26,CHI,PHI,1,0.7231506
0022500168,2025-11-04,2025-26,NOP,CHA,1,0.6894696
0022500169,2025-11-04,2025-26,GSW,PHX,1,0.8396254
0022500170,2025-11-04,2025-26,LAC,OKC,0,0.3925932
0022500171,2025-11-05,2025-26,CLE,PHI,1,0.7100921
0022500172,2025-11-05,2025-26,DET,UTA,1,0.7957996
0022500173,2025-11-05,2025-26,IND,BKN,0,0.6811395
0022500174,2025-11-05,2025-26,BOS,WAS,1,0.87432593
0022500175,2025-11-05,2025-26,NYK,MIN,1,0.5800434
0022500176,2025-11-05,2025-26,MEM,HOU,0,0.3323121
0022500177,2025-11-05,2025-26,DAL,NOP,0,0.6585002
0022500178,2025-11-05,2025-26,DEN,MIA,1,0.7327569
0022500179,2025-11-05,2025-26,LAL,SAS,1,0.59120625
0022500180,2025-11-05,2025-26,POR,OKC,1,0.4586096
0022500181,2025-11-05,2025-26,SAC,GSW,1,0.4255239
0022500182,2025-11-06,2025-26,PHX,LAC,1,0.32596588
0022500028,2025-11-07,2025-26,ORL,BOS,1,0.46727872
0022500029,2025-11-07,2025-26,WAS,CLE,0,0.16332416
0022500030,2025-11-07,2025-26,ATL,TOR,0,0.659338
0022500031,2025-11-07,2025-26,BKN,DET,0,0.2878263
0022500032,2025-11-07,2025-26,SAS,HOU,1,0.3236555
0022500033,2025-11-07,2025-26,MIA,CHA,1,0.830643
0022500034,2025-11-07,2025-26,MEM,DAL,1,0.65890276
0022500035,2025-11-07,2025-26,MIL,CHI,1,0.5183891
0022500036,2025-11-07,2025-26,MIN,UTA,1,0.8186549
0022500037,2025-11-07,2025-26,DEN,GSW,1,0.7858837
0022500038,2025-11-07,2025-26,SAC,OKC,0,0.2192009
0022500183,2025-11-08,2025-26,WAS,DAL,0,0.37712023
0022500184,2025-11-08,2025-26,PHI,TOR,1,0.5883162
0022500185,2025-11-08,2025-26,ATL,LAL,1,0.43357357
0022500186,2025-11-08,2025-26,CLE,CHI,1,0.606642
0022500187,2025-11-08,2025-26,MIA,POR,1,0.4246761
0022500188,2025-11-08,2025-26,SAS,NOP,1,0.6413706
0022500189,2025-11-08,2025-26,DEN,IND,1,0.86819464
0022500190,2025-11-08,2025-26,LAC,PHX,0,0.6592539
0022500191,2025-11-09,2025-26,MIL,HOU,0,0.4958493
0022500192,2025-11-09,2025-26,NYK,BKN,1,0.8555236
0022500193,2025-11-09,2025-26,ORL,BOS,0,0.5138876
0022500194,2025-11-09,2025-26,MEM,OKC,0,0.25937176
0022500195,2025-11-09,2025-26,PHI,DET,0,0.4504119
0022500196,2025-11-09,2025-26,GSW,IND,1,0.81553996
0022500197,2025-11-09,2025-26,SAC,MIN,0,0.3147866
0022500198,2025-11-10,2025-26,CHA,LAL,0,0.24396615
0022500199,2025-11-10,2025-26,DET,WAS,1,0.8493917
0022500200,2025-11-10,2025-26,ORL,POR,1,0.36929825
0022500201,2025-11-10,2025-26,MIA,CLE,1,0.50399303
0022500202,2025-11-10,2025-26,CHI,SAS,0,0.6878476
0022500203,2025-11-10,2025-26,DAL,MIL,0,0.34654394
0022500204,2025-11-10,2025-26,PHX,NOP,1,0.71351737
0022500205,2025-11-10,2025-26,UTA,MIN,0,0.30734885
0022500206,2025-11-10,2025-26,LAC,ATL,0,0.67576665
0022500207,2025-11-11,2025-26,BKN,TOR,0,0.3370096
0022500208,2025-11-11,2025-26,NYK,MEM,1,0.73971957
0022500209,2025-11-11,2025-26,PHI,BOS,1,0.50215083
0022500210,2025-11-11,2025-26,OKC,GSW,1,0.76414657
0022500211,2025-11-11,2025-26,UTA,IND,1,0.5751669
0022500212,2025-11-11,2025-26,SAC,DEN,0,0.21131907
0022500213,2025-11-12,2025-26,CHA,MIL,1,0.24806838
0022500214,2025-11-12,2025-26,DET,CHI,1,0.48622563
0022500215,2025-11-12,2025-26,NYK,ORL,0,0.7067113
0022500216,2025-11-12,2025-26,BOS,MEM,1,0.6590619
0022500217,2025-11-12,2025-26,MIA,CLE,0,0.4864555
0022500218,2025-11-12,2025-26,HOU,WAS,1,0.910575
0022500219,2025-11-12,2025-26,NOP,POR,0,0.273487
0022500220,2025-11-12,2025-26,SAS,GSW,0,0.54021984
0022500221,2025-11-12,2025-26,DAL,PHX,0,0.4136669
0022500222,2025-11-12,2025-26,OKC,LAL,1,0.6237726
0022500223,2025-11-12,2025-26,SAC,ATL,0,0.3258448
0022500224,2025-11-12,2025-26,LAC,DEN,0,0.44439307
0022500225,2025-11-13,2025-26,CLE,TOR,0,0.5731826
0022500226,2025-11-13,2025-26,PHX,IND,1,0.68175054
0022500227,2025-11-13,2025-26,UTA,ATL,0,0.38614103
0022500039,2025-11-14,2025-26,NYK,MIA,1,0.6328144
0022500040,2025-11-14,2025-26,ORL,BKN,1,0.8053954
0022500041,2025-11-14,2025-26,DET,PHI,1,0.42062005
0022500042,2025-11-14,2025-26,HOU,POR,1,0.6805699
0022500043,2025-11-14,2025-26,MIL,CHA,1,0.75082695
0022500044,2025-11-14,2025-26,MIN,SAC,1,0.848983
0022500045,2025-11-14,2025-26,NOP,LAL,0,0.21641341
0022500046,2025-11-14,2025-26,DAL,LAC,0,0.32334536
0022500047,2025-11-14,2025-26,SAS,GSW,0,0.44581696
0022500228,2025-11-15,2025-26,CLE,MEM,1,0.77860534
0022500229,2025-11-15,2025-26,CHA,OKC,0,0.11206192
0022500230,2025-11-15,2025-26,IND,TOR,0,0.30079547
0022500231,2025-11-15,2025-26,MIL,LAL,0,0.43515256
0022500232,2025-11-15,2025-26,MIN,DEN,0,0.325829
0022500233,2025-11-16,2025-26,BOS,LAC,1,0.5951364
0022500234,2025-11-16,2025-26,SAS,SAC,1,0.75746334
0022500235,2025-11-16,2025-26,WAS,BKN,0,0.49951267
0022500236,2025-11-16,2025-26,HOU,ORL,1,0.7500903
0022500237,2025-11-16,2025-26,NOP,GSW,0,0.20530641
0022500238,2025-11-16,2025-26,DAL,POR,1,0.33719775
0022500239,2025-11-16,2025-26,PHX,ATL,0,0.51221013
0022500240,2025-11-16,2025-26,UTA,CHI,1,0.3543979
0022500241,2025-11-17,2025-26,CLE,MIL,1,0.6656461
0022500242,2025-11-17,2025-26,DET,IND,1,0.7512309
0022500243,2025-11-17,2025-26,PHI,LAC,1,0.54650235
0022500244,2025-11-17,2025-26,MIA,NYK,1,0.5071274
0022500245,2025-11-17,2025-26,TOR,CHA,1,0.797803
0022500246,2025-11-17,2025-26,MIN,DAL,1,0.8593024
0022500247,2025-11-17,2025-26,NOP,OKC,0,0.09776432
0022500248,2025-11-17,2025-26,DEN,CHI,0,0.8175453
0022500249,2025-11-18,2025-26,ORL,GSW,1,0.38732418
0022500250,2025-11-18,2025-26,BKN,BOS,0,0.24751164
0022500251,2025-11-18,2025-26,ATL,DET,0,0.78869164
0022500252,2025-11-18,2025-26,SAS,MEM,1,0.6365271
0022500253,2025-11-18,2025-26,LAL,UTA,1,0.8048301
0022500254,2025-11-18,2025-26,POR,PHX,0,0.50122863
0022500255,2025-11-19,2025-26,CLE,HOU,0,0.49241588
0022500256,2025-11-19,2025-26,IND,CHA,1,0.35114637
0022500257,2025-11-19,2025-26,MIA,GSW,1,0.5414168
0022500258,2025-11-19,2025-26,PHI,TOR,0,0.52910215
0022500259,2025-11-19,2025-26,MIN,WAS,1,0.90419894
0022500260,2025-11-19,2025-26,NOP,DEN,0,0.13895912
0022500261,2025-11-19,2025-26,OKC,SAC,1,0.89705396
0022500262,2025-11-19,2025-26,DAL,NYK,0,0.30007136
0022500263,2025-11-19,2025-26,POR,CHI,0,0.34655306
0022500264,2025-11-20,2025-26,ORL,LAC,1,0.5680252
0022500265,2025-11-20,2025-26,MEM,SAC,1,0.7096418
0022500266,2025-11-20,2025-26,MIL,PHI,0,0.7081921
0022500267,2025-11-20,2025-26,SAS,ATL,1,0.4317432
0022500048,2025-11-21,2025-26,CLE,IND,1,0.87104803
0022500049,2025-11-21,2025-26,BOS,BKN,0,0.85518825
0022500050,2025-11-21,2025-26,TOR,WAS,1,0.8645912
0022500051,2025-11-21,2025-26,CHI,MIA,0,0.5809089
0022500052,2025-11-21,2025-26,DAL,NOP,1,0.5746771
0022500053,2025-11-21,2025-26,PHX,MIN,1,0.4499321
0022500054,2025-11-21,2025-26,HOU,DEN,0,0.5163442
0022500055,2025-11-21,2025-26,UTA,OKC,0,0.17994319
0022500056,2025-11-21,2025-26,GSW,POR,0,0.56447273
0022500268,2025-11-22,2025-26,CHA,LAC,0,0.41845864
0022500269,2025-11-22,2025-26,ORL,NYK,1,0.49152797
0022500270,2025-11-22,2025-26,NOP,ATL,0,0.23089008
0022500271,2025-11-22,2025-26,CHI,WAS,1,0.86561924
0022500272,2025-11-22,2025-26,MIL,DET,0,0.43050325
0022500273,2025-11-22,2025-26,DAL,MEM,0,0.40831485
0022500274,2025-11-22,2025-26,DEN,SAC,0,0.8633597
0022500275,2025-11-23,2025-26,PHI,MIA,0,0.43497786
0022500276,2025-11-23,2025-26,ATL,CHA,1,0.7829219
0022500277,2025-11-23,2025-26,BOS,ORL,1,0.6414686
0022500278,2025-11-23,2025-26,CLE,LAC,1,0.7548264
0022500279,2025-11-23,2025-26,TOR,BKN,1,0.79084057
0022500280,2025-11-23,2025-26,OKC,POR,1,0.87260306
0022500281,2025-11-23,2025-26,PHX,SAS,1,0.60905993
0022500282,2025-11-23,2025-26,UTA,LAL,0,0.20827399
0022500283,2025-11-24,2025-26,IND,DET,0,0.27008963
0022500284,2025-11-24,2025-26,TOR,CLE,1,0.48645213
0022500285,2025-11-24,2025-26,BKN,NYK,0,0.22764146
0022500286,2025-11-24,2025-26,MIA,DAL,1,0.8040748
0022500287,2025-11-24,2025-26,MEM,DEN,0,0.2604309
0022500288,2025-11-24,2025-26,MIL,POR,0,0.6264296
0022500289,2025-11-24,2025-26,NOP,CHI,1,0.22102265
0022500290,2025-11-24,2025-26,PHX,HOU,0,0.3112272
0022500291,2025-11-24,2025-26,GSW,UTA,1,0.87125224
0022500292,2025-11-24,2025-26,SAC,MIN,1,0.24096748
0022500057,2025-11-25,2025-26,WAS,ATL,1,0.19600728
0022500058,2025-11-25,2025-26,PHI,ORL,0,0.54669815
0022500059,2025-11-25,2025-26,LAL,LAC,1,0.74490225
0022500060,2025-11-26,2025-26,BOS,DET,1,0.5780707
0022500061,2025-11-26,2025-26,CHA,NYK,0,0.28739417
0022500062,2025-11-26,2025-26,MIA,MIL,1,0.7267139
0022500063,2025-11-26,2025-26,TOR,IND,1,0.796862
0022500064,2025-11-26,2025-26,OKC,MIN,1,0.7892311
0022500065,2025-11-26,2025-26,NOP,MEM,0,0.4216361
0022500066,2025-11-26,2025-26,GSW,HOU,0,0.44570506
0022500067,2025-11-26,2025-26,POR,SAS,0,0.5407761
0022500068,2025-11-26,2025-26,SAC,PHX,0,0.4134443
0022500069,2025-11-28,2025-26,ATL,CLE,1,0.5569628
0022500070,2025-11-28,2025-26,BKN,PHI,0,0.41103184
0022500071,2025-11-28,2025-26,CHA,CHI,1,0.41471896
0022500072,2025-11-28,2025-26,DET,ORL,0,0.59229416
0022500073,2025-11-28,2025-26,IND,WAS,1,0.6316213
0022500074,2025-11-28,2025-26,NYK,MIL,1,0.75995016
0022500075,2025-11-28,2025-26,OKC,PHX,1,0.84740734
0022500076,2025-11-28,2025-26,DEN,SAS,0,0.7901172
0022500077,2025-11-28,2025-26,UTA,SAC,1,0.59842056
0022500078,2025-11-28,2025-26,LAL,DAL,1,0.87630063
0022500079,2025-11-28,2025-26,LAC,MEM,0,0.71111095
0022500293,2025-11-29,2025-26,MIN,BOS,1,0.6025872
0022500294,2025-11-29,2025-26,CHA,TOR,1,0.34860775
0022500295,2025-11-29,2025-26,IND,CHI,1,0.31048673
0022500296,2025-11-29,2025-26,MIA,DET,0,0.69007826
0022500297,2025-11-29,2025-26,MIL,BKN,1,0.81389725
0022500298,2025-11-29,2025-26,GSW,NOP,1,0.8595352
0022500299,2025-11-29,2025-26,PHX,DEN,0,0.3998652
0022500300,2025-11-29,2025-26,LAC,DAL,0,0.75958055
0022500301,2025-11-30,2025-26,UTA,HOU,0,0.24396148
0022500302,2025-11-30,2025-26,CLE,BOS,0,0.70105606
0022500303,2025-11-30,2025-26,NYK,TOR,1,0.77621275
0022500304,2025-11-30,2025-26,PHI,ATL,0,0.42494032
0022500305,2025-11-30,2025-26,POR,OKC,0,0.19787861
0022500306,2025-11-30,2025-26,MIN,SAS,1,0.5905267
0022500307,2025-11-30,2025-26,SAC,MEM,0,0.45406896
0022500308,2025-11-30,2025-26,LAL,NOP,1,0.92799944
0022500309,2025-12-01,2025-26,DET,ATL,1,0.6498502
0022500310,2025-12-01,2025-26,IND,CLE,0,0.37302622
0022500311,2025-12-01,2025-26,WAS,MIL,1,0.2221454
0022500312,2025-12-01,2025-26,BKN,CHA,1,0.37850568
0022500313,2025-12-01,2025-26,MIA,LAC,1,0.5976953
0022500314,2025-12-01,2025-26,ORL,CHI,1,0.7094668
0022500315,2025-12-01,2025-26,DEN,DAL,0,0.8938619
0022500316,2025-12-01,2025-26,UTA,HOU,1,0.20566548
0022500317,2025-12-01,2025-26,LAL,PHX,0,0.6614773
0022500318,2025-12-02,2025-26,PHI,WAS,1,0.8464358
0022500319,2025-12-02,2025-26,TOR,POR,1,0.59605384
0022500320,2025-12-02,2025-26,BOS,NYK,1,0.483233
0022500321,2025-12-02,2025-26,NOP,MIN,0,0.17734261
0022500322,2025-12-02,2025-26,SAS,MEM,1,0.67025965
0022500323,2025-12-02,2025-26,GSW,OKC,0,0.32858685
0022500324,2025-12-03,2025-26,CLE,POR,0,0.78181046
0022500325,2025-12-03,2025-26,IND,DEN,0,0.23482762
0022500326,2025-12-03,2025-26,ORL,SAS,0,0.71543723
0022500327,2025-12-03,2025-26,ATL,LAC,0,0.688842
0022500328,2025-12-03,2025-26,NYK,CHA,1,0.8061868
0022500329,2025-12-03,2025-26,CHI,BKN,0,0.7827542
0022500330,2025-12-03,2025-26,HOU,SAC,1,0.8828099
0022500331,2025-12-03,2025-26,MIL,DET,1,0.5065677
0022500332,2025-12-03,2025-26,DAL,MIA,1,0.3563154
0022500333,2025-12-04,2025-26,PHI,GSW,1,0.46115354
0022500334,2025-12-04,2025-26,WAS,BOS,0,0.16068086
0022500335,2025-12-04,2025-26,BKN,UTA,0,0.39219448
0022500336,2025-12-04,2025-26,TOR,LAL,0,0.37807524
0022500337,2025-12-04,2025-26,NOP,MIN,0,0.21816477
0022500338,2025-12-05,2025-26,BOS,LAL,1,0.6193545
0022500339,2025-12-05,2025-26,ORL,MIA,1,0.6186422
0022500340,2025-12-05,2025-26,ATL,DEN,0,0.3876579
0022500341,2025-12-05,2025-26,CLE,SAS,1,0.6288713
0022500342,2025-12-05,2025-26,DET,POR,1,0.6521031
0022500343,2025-12-05,2025-26,NYK,UTA,1,0.8596307
0022500344,2025-12-05,2025-26,TOR,CHA,0,0.68623483
0022500345,2025-12-05,2025-26,CHI,IND,0,0.6139746
0022500346,2025-12-05,2025-26,HOU,PHX,1,0.7089575
0022500347,2025-12-05,2025-26,MEM,LAC,1,0.4515737
0022500348,2025-12-05,2025-26,MIL,PHI,0,0.72987497
0022500349,2025-12-05,2025-26,OKC,DAL,1,0.8868408
0022500350,2025-12-06,2025-26,BKN,NOP,1,0.5459547
0022500351,2025-12-06,2025-26,WAS,ATL,0,0.21402957
0022500352,2025-12-06,2025-26,CLE,GSW,0,0.5731397
0022500353,2025-12-06,2025-26,DET,MIL,1,0.7100464
0022500354,2025-12-06,2025-26,MIA,SAC,0,0.79149
0022500355,2025-12-06,2025-26,MIN,LAC,1,0.7573377
0022500356,2025-12-06,2025-26,DAL,HOU,1,0.29032993
0022500357,2025-12-07,2025-26,NYK,ORL,1,0.60708636
0022500358,2025-12-07,2025-26,TOR,BOS,0,0.35497484
0022500359,2025-12-07,2025-26,CHA,DEN,0,0.22678308
0022500360,2025-12-07,2025-26,MEM,POR,1,0.5328952
0022500361,2025-12-07,2025-26,CHI,GSW,0,0.6805109
0022500362,2025-12-07,2025-26,PHI,LAL,0,0.57002854
0022500363,2025-12-07,2025-26,UTA,OKC,0,0.1783368
0022500364,2025-12-08,2025-26,IND,SAC,1,0.65593135
0022500365,2025-12-08,2025-26,MIN,PHX,0,0.7327152
0022500366,2025-12-08,2025-26,NOP,SAS,0,0.25906244
0022501201,2025-12-09,2025-26,ORL,MIA,1,0.656472
0022501202,2025-12-09,2025-26,TOR,NYK,0,0.37264475
0022501203,2025-12-10,2025-26,OKC,PHX,1,0.81476116
0022501204,2025-12-10,2025-26,LAL,SAS,0,0.69876826
0022501205,2025-12-11,2025-26,HOU,LAC,1,0.6433019
0022501206,2025-12-11,2025-26,MIL,BOS,1,0.31223705
0022501207,2025-12-11,2025-26,NOP,POR,1,0.35152757
0022501208,2025-12-11,2025-26,SAC,DEN,0,0.19806762
0022501209,2025-12-12,2025-26,CHA,CHI,0,0.512421
0022501210,2025-12-12,2025-26,DET,ATL,1,0.5437865
0022501211,2025-12-12,2025-26,PHI,IND,1,0.6900016
0022501212,2025-12-12,2025-26,WAS,CLE,0,0.14910217
0022501213,2025-12-12,2025-26,MEM,UTA,0,0.7174053
0022501214,2025-12-12,2025-26,DAL,BKN,1,0.7053391
0022501215,2025-12-12,2025-26,GSW,MIN,0,0.5200763
0022501216,2025-12-14,2025-26,IND,WAS,0,0.82066673
0022501217,2025-12-14,2025-26,ATL,PHI,1,0.6907973
0022501218,2025-12-14,2025-26,CLE,CHA,0,0.7717986
0022501219,2025-12-14,2025-26,BKN,MIL,1,0.42349875
0022501220,2025-12-14,2025-26,MIN,SAC,1,0.8389673
0022501221,2025-12-14,2025-26,POR,GSW,1,0.3472241
0022501223,2025-12-14,2025-26,CHI,NOP,0,0.7512563
0022501228,2025-12-14,2025-26,PHX,LAL,0,0.32694796
0022501222,2025-12-15,2025-26,BOS,DET,0,0.6195024
0022501224,2025-12-15,2025-26,UTA,DAL,1,0.47609428
0022501225,2025-12-15,2025-26,DEN,HOU,1,0.5269083
0022501226,2025-12-15,2025-26,LAC,MEM,0,0.7185984
0022501227,2025-12-15,2025-26,MIA,TOR,0,0.7098886
0022500367,2025-12-17,2025-26,CHI,CLE,1,0.53435963
0022500368,2025-12-17,2025-26,MIN,MEM,0,0.7425811
0022500369,2025-12-18,2025-26,OKC,LAC,1,0.8686986
0022500370,2025-12-18,2025-26,SAS,WAS,1,0.8968701
0022500371,2025-12-18,2025-26,CHA,ATL,1,0.36179185
0022500372,2025-12-18,2025-26,IND,NYK,0,0.24005918
0022500373,2025-12-18,2025-26,BKN,MIA,0,0.3843308
0022500374,2025-12-18,2025-26,MIL,TOR,0,0.4769194
0022500375,2025-12-18,2025-26,NOP,HOU,1,0.20555544
0022500376,2025-12-18,2025-26,DAL,DET,1,0.33190766
0022500377,2025-12-18,2025-26,DEN,ORL,1,0.65880847
0022500378,2025-12-18,2025-26,PHX,GSW,1,0.45449504
0022500379,2025-12-18,2025-26,UTA,LAL,0,0.21746883
0022500380,2025-12-18,2025-26,POR,SAC,1,0.7535814
0022500381,2025-12-19,2025-26,BOS,MIA,1,0.71771044
0022500382,2025-12-19,2025-26,NYK,PHI,0,0.6633044
0022500383,2025-12-19,2025-26,ATL,SAS,0,0.5183408
0022500384,2025-12-19,2025-26,CLE,CHI,0,0.5834584
0022500385,2025-12-19,2025-26,MIN,OKC,1,0.40462476
0022500386,2025-12-20,2025-26,DEN,HOU,0,0.58766484
0022500387,2025-12-20,2025-26,PHI,DAL,1,0.506504
0022500388,2025-12-20,2025-26,TOR,BOS,0,0.47628254
0022500389,2025-12-20,2025-26,NOP,IND,1,0.5859205
0022500390,2025-12-20,2025-26,DET,CHA,1,0.7162726
0022500391,2025-12-20,2025-26,MEM,WAS,0,0.8306745
0022500392,2025-12-20,2025-26,GSW,PHX,1,0.6552681
0022500393,2025-12-20,2025-26,UTA,ORL,0,0.3515732
0022500394,2025-12-20,2025-26,SAC,POR,0,0.3445463
0022500395,2025-12-20,2025-26,LAC,LAL,1,0.3556613
0022500396,2025-12-21,2025-26,ATL,CHI,0,0.61082095
0022500397,2025-12-21,2025-26,BKN,TOR,1,0.5725252
0022500398,2025-12-21,2025-26,NYK,MIA,1,0.7357953
0022500399,2025-12-21,2025-26,WAS,SAS,0,0.1369731
0022500400,2025-12-21,2025-26,MIN,MIL,1,0.74932337
0022500401,2025-12-21,2025-26,SAC,HOU,1,0.15057774
0022500402,2025-12-22,2025-26,CLE,CHA,1,0.5759091
0022500403,2025-12-22,2025-26,BOS,IND,1,0.8363389
0022500404,2025-12-22,2025-26,NOP,DAL,1,0.4434918
0022500405,2025-12-22,2025-26,DEN,UTA,1,0.8687228
0022500406,2025-12-22,2025-26,OKC,MEM,1,0.8821029
0022500407,2025-12-22,2025-26,GSW,ORL,1,0.66434014
0022500408,2025-12-22,2025-26,POR,DET,0,0.41069204
0022500409,2025-12-23,2025-26,CHA,WAS,1,0.7134846
0022500410,2025-12-23,2025-26,PHI,BKN,0,0.69712
0022500411,2025-12-23,2025-26,ATL,CHI,0,0.6298917
0022500412,2025-12-23,2025-26,CLE,NOP,1,0.69655085
0022500413,2025-12-23,2025-26,IND,MIL,0,0.3977052
0022500414,2025-12-23,2025-26,MIA,TOR,0,0.68104756
0022500415,2025-12-23,2025-26,DAL,DEN,1,0.2951311
0022500416,2025-12-23,2025-26,MIN,NYK,1,0.5357685
0022500417,2025-12-23,2025-26,SAS,OKC,1,0.4599354
0022500418,2025-12-23,2025-26,PHX,LAL,1,0.51603633
0022500419,2025-12-23,2025-26,UTA,MEM,0,0.4779867
0022500420,2025-12-23,2025-26,POR,ORL,0,0.5636475
0022500421,2025-12-23,2025-26,SAC,DET,0,0.28744745
0022500422,2025-12-23,2025-26,LAC,HOU,1,0.3969233
0022500009,2025-12-25,2025-26,NYK,CLE,1,0.5245497
0022500010,2025-12-25,2025-26,OKC,SAS,0,0.70871276
0022500011,2025-12-25,2025-26,GSW,DAL,1,0.7481579
0022500012,2025-12-25,2025-26,LAL,HOU,0,0.37587425
0022500013,2025-12-25,2025-26,DEN,MIN,1,0.6502694
0022500423,2025-12-26,2025-26,ATL,MIA,0,0.6677807
0022500424,2025-12-26,2025-26,ORL,CHA,0,0.6228538
0022500425,2025-12-26,2025-26,WAS,TOR,1,0.29693332
0022500426,2025-12-26,2025-26,IND,BOS,0,0.28357258
0022500427,2025-12-26,2025-26,CHI,PHI,1,0.6014055
0022500428,2025-12-26,2025-26,MEM,MIL,1,0.59442323
0022500429,2025-12-26,2025-26,NOP,PHX,0,0.31678453
0022500430,2025-12-26,2025-26,UTA,DET,1,0.20489204
0022500431,2025-12-26,2025-26,POR,LAC,0,0.40885702
0022500432,2025-12-27,2025-26,SAC,DAL,1,0.41433442
0022500433,2025-12-27,2025-26,ORL,DEN,1,0.24132529
0022500434,2025-12-27,2025-26,NOP,PHX,0,0.35840237
0022500435,2025-12-27,2025-26,ATL,NYK,0,0.40218827
0022500436,2025-12-27,2025-26,MIA,IND,1,0.70949745
0022500437,2025-12-27,2025-26,CHI,MIL,0,0.65967524
0022500438,2025-12-27,2025-26,HOU,CLE,1,0.7082908
0022500439,2025-12-27,2025-26,MIN,BKN,0,0.7889749
0022500440,2025-12-27,2025-26,SAS,UTA,0,0.8688304
0022500441,2025-12-28,2025-26,TOR,GSW,1,0.3011001
0022500442,2025-12-28,2025-26,OKC,PHI,1,0.84000105
0022500443,2025-12-28,2025-26,WAS,MEM,1,0.25465673
0022500444,2025-12-28,2025-26,POR,BOS,1,0.3995214
0022500445,2025-12-28,2025-26,LAC,DET,1,0.53833586
0022500446,2025-12-28,2025-26,LAL,SAC,1,0.88225836
0022500447,2025-12-29,2025-26,CHA,MIL,0,0.5103435
0022500448,2025-12-29,2025-26,WAS,PHX,0,0.19369121
0022500449,2025-12-29,2025-26,BKN,GSW,0,0.42406645
0022500450,2025-12-29,2025-26,MIA,DEN,1,0.38759878
0022500451,2025-12-29,2025-26,TOR,ORL,1,0.48616415
0022500452,2025-12-29,2025-26,CHI,MIN,0,0.43314078
0022500453,2025-12-29,2025-26,HOU,IND,1,0.8719529
0022500454,2025-12-29,2025-26,NOP,NYK,0,0.30564296
0022500455,2025-12-29,2025-26,OKC,ATL,1,0.77072877
0022500456,2025-12-29,2025-26,SAS,CLE,0,0.6013472
0022500457,2025-12-29,2025-26,POR,DAL,1,0.547384
0022500458,2025-12-30,2025-26,MEM,PHI,0,0.6076431
0022500459,2025-12-30,2025-26,UTA,BOS,0,0.35759068
0022500460,2025-12-30,2025-26,LAL,DET,0,0.48474246
0022500461,2025-12-30,2025-26,LAC,SAC,1,0.8799811
0022500462,2025-12-31,2025-26,CHA,GSW,0,0.31946594
0022500463,2025-12-31,2025-26,ATL,MIN,1,0.3932238
0022500464,2025-12-31,2025-26,IND,ORL,0,0.44217527
0022500465,2025-12-31,2025-26,CLE,PHX,1,0.6695826
0022500466,2025-12-31,2025-26,CHI,NOP,1,0.70503384
0022500467,2025-12-31,2025-26,SAS,NYK,1,0.62779224
0022500468,2025-12-31,2025-26,TOR,DEN,0,0.33665276
0022500469,2025-12-31,2025-26,MIL,WAS,0,0.8473113
0022500470,2025-12-31,2025-26,OKC,POR,1,0.8453435
0022500471,2026-01-01,2025-26,BKN,HOU,0,0.28968605
0022500472,2026-01-01,2025-26,DET,MIA,0,0.6216435
0022500473,2026-01-01,2025-26,DAL,PHI,0,0.42224067
0022500474,2026-01-01,2025-26,SAC,BOS,0,0.24977906
0022500475,2026-01-01,2025-26,LAC,UTA,1,0.8201524
0022500476,2026-01-02,2025-26,IND,SAS,0,0.32144085
0022500477,2026-01-02,2025-26,WAS,BKN,1,0.5637387
0022500478,2026-01-02,2025-26,CLE,DEN,1,0.6794455
0022500479,2026-01-02,2025-26,NYK,ATL,0,0.6144823
0022500480,2026-01-02,2025-26,CHI,ORL,1,0.45595682
0022500481,2026-01-02,2025-26,MIL,CHA,1,0.68236935
0022500482,2026-01-02,2025-26,NOP,POR,0,0.45158845
0022500483,2026-01-02,2025-26,PHX,SAC,1,0.84850585
0022500484,2026-01-02,2025-26,GSW,OKC,0,0.39107785
0022500485,2026-01-02,2025-26,LAL,MEM,1,0.62724304
0022500486,2026-01-03,2025-26,MIA,MIN,0,0.49340633
0022500487,2026-01-03,2025-26,NYK,PHI,0,0.5359215
0022500488,2026-01-03,2025-26,TOR,ATL,1,0.5285732
0022500489,2026-01-03,2025-26,CHI,CHA,0,0.5712076
0022500490,2026-01-03,2025-26,SAS,POR,0,0.75916326
0022500491,2026-01-03,2025-26,DAL,HOU,1,0.25461993
0022500492,2026-01-03,2025-26,GSW,UTA,1,0.6992606
0022500493,2026-01-03,2025-26,LAC,BOS,0,0.6156305
0022500494,2026-01-04,2025-26,CLE,DET,0,0.51228535
0022500495,2026-01-04,2025-26,ORL,IND,1,0.71174365
0022500496,2026-01-04,2025-26,BKN,DEN,1,0.37572622
0022500497,2026-01-04,2025-26,MIA,NOP,1,0.7613938
0022500498,2026-01-04,2025-26,WAS,MIN,0,0.2472547
0022500499,2026-01-04,2025-26,PHX,OKC,1,0.26694483
0022500500,2026-01-04,2025-26,SAC,MIL,0,0.33937266
0022500501,2026-01-04,2025-26,LAL,MEM,1,0.6337161
0022500502,2026-01-05,2025-26,DET,NYK,1,0.55051136
0022500503,2026-01-05,2025-26,BOS,CHI,1,0.7910094
0022500504,2026-01-05,2025-26,TOR,ATL,1,0.48795408
0022500505,2026-01-05,2025-26,HOU,PHX,1,0.78187174
0022500506,2026-01-05,2025-26,OKC,CHA,0,0.8135896
0022500507,2026-01-05,2025-26,PHI,DEN,0,0.7233974
0022500508,2026-01-05,2025-26,LAC,GSW,1,0.54191583
0022500509,2026-01-05,2025-26,POR,UTA,1,0.6606639
0022500510,2026-01-06,2025-26,IND,CLE,0,0.3742282
0022500511,2026-01-06,2025-26,WAS,ORL,1,0.29918417
0022500512,2026-01-06,2025-26,MEM,SAS,1,0.40073603
0022500513,2026-01-06,2025-26,MIN,MIA,1,0.64043385
0022500514,2026-01-06,2025-26,NOP,LAL,0,0.32299277
0022500515,2026-01-06,2025-26,SAC,DAL,0,0.36332735
0022500516,2026-01-07,2025-26,CHA,TOR,0,0.51928943
0022500517,2026-01-07,2025-26,DET,CHI,1,0.7457101
0022500518,2026-01-07,2025-26,PHI,WAS,1,0.85844684
0022500519,2026-01-07,2025-26,ATL,NOP,1,0.8061187
0022500520,2026-01-07,2025-26,BOS,DEN,0,0.78775024
0022500521,2026-01-07,2025-26,BKN,ORL,0,0.5964307
0022500522,2026-01-07,2025-26,NYK,LAC,1,0.55013657
0022500523,2026-01-07,2025-26,SAS,LAL,1,0.6126634
0022500524,2026-01-07,2025-26,MEM,PHX,0,0.37868032
0022500525,2026-01-07,2025-26,OKC,UTA,1,0.8979827
0022500526,2026-01-07,2025-26,GSW,MIL,1,0.71614814
0022500527,2026-01-07,2025-26,POR,HOU,1,0.3364237
0022500528,2026-01-08,2025-26,CHA,IND,0,0.5504145
0022500530,2026-01-08,2025-26,MIN,CLE,1,0.6457679
0022500531,2026-01-08,2025-26,UTA,DAL,1,0.4240807
0022500532,2026-01-09,2025-26,BOS,TOR,1,0.7158564
0022500533,2026-01-09,2025-26,ORL,PHI,0,0.50803345
0022500534,2026-01-09,2025-26,WAS,NOP,0,0.51100016
0022500535,2026-01-09,2025-26,BKN,LAC,0,0.37842435
0022500536,2026-01-09,2025-26,MEM,OKC,0,0.20368722
0022500537,2026-01-09,2025-26,DEN,ATL,0,0.5427201
0022500538,2026-01-09,2025-26,PHX,NYK,1,0.5493219
0022500539,2026-01-09,2025-26,GSW,SAC,1,0.8940433
0022500540,2026-01-09,2025-26,POR,HOU,1,0.39002457
0022500541,2026-01-09,2025-26,LAL,MIL,0,0.56516373
0022500542,2026-01-10,2025-26,CLE,MIN,1,0.49895066
0022500543,2026-01-10,2025-26,IND,MIA,1,0.40963358
0022500544,2026-01-10,2025-26,DET,LAC,0,0.6839016
0022500545,2026-01-10,2025-26,BOS,SAS,0,0.53157526
0022500546,2026-01-10,2025-26,CHI,DAL,1,0.555521
0022500547,2026-01-10,2025-26,UTA,CHA,0,0.48430476
0022500548,2026-01-11,2025-26,ORL,NOP,1,0.7129702
0022500549,2026-01-11,2025-26,MEM,BKN,1,0.6201727
0022500550,2026-01-11,2025-26,TOR,PHI,1,0.37473598
0022500551,2026-01-11,2025-26,POR,NYK,0,0.51072687
0022500552,2026-01-11,2025-26,MIN,SAS,1,0.6271994
0022500553,2026-01-11,2025-26,OKC,MIA,1,0.81854326
0022500554,2026-01-11,2025-26,DEN,MIL,1,0.5259406
0022500555,2026-01-11,2025-26,PHX,WAS,1,0.8851402
0022500556,2026-01-11,2025-26,GSW,ATL,0,0.64155346
0022500557,2026-01-11,2025-26,SAC,HOU,1,0.1777873
0022500558,2026-01-12,2025-26,CLE,UTA,0,0.8769668
0022500559,2026-01-12,2025-26,IND,BOS,1,0.37921494
0022500560,2026-01-12,2025-26,TOR,PHI,0,0.43030322
0022500561,2026-01-12,2025-26,DAL,BKN,1,0.7060827
0022500562,2026-01-12,2025-26,SAC,LAL,1,0.1811759
0022500563,2026-01-12,2025-26,LAC,CHA,1,0.71198714
0022500564,2026-01-13,2025-26,MIA,PHX,1,0.4827602
0022500565,2026-01-13,2025-26,HOU,CHI,1,0.81383
0022500566,2026-01-13,2025-26,MIL,MIN,0,0.38875932
0022500567,2026-01-13,2025-26,NOP,DEN,0,0.4269485
0022500568,2026-01-13,2025-26,OKC,SAS,1,0.77597743
0022500569,2026-01-13,2025-26,LAL,ATL,1,0.40852633
0022500570,2026-01-13,2025-26,GSW,POR,1,0.6431415
0022500571,2026-01-14,2025-26,IND,TOR,0,0.5969314
0022500572,2026-01-14,2025-26,PHI,CLE,0,0.55976355
0022500573,2026-01-14,2025-26,CHI,UTA,1,0.5893894
0022500574,2026-01-14,2025-26,NOP,BKN,1,0.4469661
0022500575,2026-01-14,2025-26,DAL,DEN,0,0.43849105
0022500576,2026-01-14,2025-26,SAC,NYK,1,0.21809867
0022500577,2026-01-14,2025-26,LAC,WAS,1,0.89331704
0022500579,2026-01-15,2025-26,DET,PHX,1,0.6027518
0022500580,2026-01-15,2025-26,MIA,BOS,0,0.4721042
0022500581,2026-01-15,2025-26,HOU,OKC,0,0.39427748
0022500582,2026-01-15,2025-26,SAS,MIL,1,0.69076383
0022500583,2026-01-15,2025-26,DAL,UTA,1,0.7203164
0022500584,2026-01-15,2025-26,GSW,NYK,1,0.7090046
0022500585,2026-01-15,2025-26,POR,ATL,1,0.4874717
0022500586,2026-01-15,2025-26,LAL,CHA,0,0.6561752
0022500587,2026-01-16,2025-26,BKN,CHI,1,0.5108305
0022500588,2026-01-16,2025-26,IND,NOP,1,0.6814073
0022500589,2026-01-16,2025-26,PHI,CLE,0,0.5247695
0022500590,2026-01-16,2025-26,TOR,LAC,0,0.33228445
0022500591,2026-01-16,2025-26,HOU,MIN,1,0.48109284
0022500592,2026-01-16,2025-26,SAC,WAS,1,0.6953817
0022500593,2026-01-17,2025-26,DAL,UTA,1,0.6533302
0022500594,2026-01-17,2025-26,ATL,BOS,0,0.48814875
0022500595,2026-01-17,2025-26,DET,IND,1,0.8608267
0022500596,2026-01-17,2025-26,NYK,PHX,0,0.63773024
0022500597,2026-01-17,2025-26,MIA,OKC,1,0.27736315
0022500598,2026-01-17,2025-26,SAS,MIN,1,0.5779298
0022500599,2026-01-17,2025-26,GSW,CHA,1,0.77613634
0022500600,2026-01-17,2025-26,DEN,WAS,1,0.8836796
0022500601,2026-01-17,2025-26,POR,LAL,1,0.5078928
0022500603,2026-01-18,2025-26,CHI,BKN,1,0.61313796
0022500604,2026-01-18,2025-26,HOU,NOP,1,0.8662975
0022500605,2026-01-18,2025-26,DEN,CHA,0,0.5914465
0022500606,2026-01-18,2025-26,SAC,POR,0,0.507207
0022500607,2026-01-18,2025-26,LAL,TOR,1,0.5609859
0022500014,2026-01-19,2025-26,ATL,MIL,0,0.58556956
0022500015,2026-01-19,2025-26,CLE,OKC,0,0.38276467
0022500016,2026-01-19,2025-26,NYK,DAL,0,0.79643863
0022500017,2026-01-19,2025-26,DET,BOS,1,0.6516473
0022500608,2026-01-19,2025-26,WAS,LAC,0,0.25786382
0022500609,2026-01-19,2025-26,PHI,IND,1,0.8587942
0022500610,2026-01-19,2025-26,BKN,PHX,0,0.20872663
0022500611,2026-01-19,2025-26,SAS,UTA,1,0.8913822
0022500612,2026-01-19,2025-26,GSW,MIA,1,0.70817596
0022500613,2026-01-20,2025-26,PHI,PHX,0,0.5403743
0022500614,2026-01-20,2025-26,CHI,LAC,1,0.5386325
0022500615,2026-01-20,2025-26,HOU,SAS,1,0.7204235
0022500616,2026-01-20,2025-26,UTA,MIN,1,0.17900501
0022500617,2026-01-20,2025-26,DEN,LAL,0,0.4666131
0022500618,2026-01-20,2025-26,GSW,TOR,0,0.72746396
0022500619,2026-01-20,2025-26,SAC,MIA,0,0.4752481
0022500620,2026-01-21,2025-26,CHA,CLE,0,0.45399648
0022500621,2026-01-21,2025-26,BOS,IND,1,0.8011173
0022500622,2026-01-21,2025-26,NYK,BKN,1,0.7581139
0022500623,2026-01-21,2025-26,MEM,ATL,0,0.49980012
0022500624,2026-01-21,2025-26,NOP,DET,0,0.19906384
0022500625,2026-01-21,2025-26,MIL,OKC,0,0.25199062
0022500626,2026-01-21,2025-26,SAC,TOR,0,0.4199708
0022500627,2026-01-22,2025-26,ORL,CHA,0,0.6102156
0022500628,2026-01-22,2025-26,PHI,HOU,1,0.4026308
0022500629,2026-01-22,2025-26,WAS,DEN,0,0.28450388
0022500630,2026-01-22,2025-26,DAL,GSW,1,0.3046647
0022500631,2026-01-22,2025-26,MIN,CHI,0,0.71618915
0022500632,2026-01-22,2025-26,UTA,SAS,0,0.2847425
0022500633,2026-01-22,2025-26,LAC,LAL,1,0.43136874
0022500634,2026-01-22,2025-26,POR,MIA,1,0.55275816
0022500635,2026-01-23,2025-26,DET,HOU,0,0.61387813
0022500636,2026-01-23,2025-26,ATL,PHX,1,0.4441369
0022500637,2026-01-23,2025-26,BKN,BOS,0,0.30842927
0022500638,2026-01-23,2025-26,CLE,SAC,1,0.8312156
0022500639,2026-01-23,2025-26,MEM,NOP,0,0.7169494
0022500640,2026-01-23,2025-26,MIL,DEN,0,0.59204704
0022500641,2026-01-23,2025-26,OKC,IND,0,0.89433247
0022500642,2026-01-23,2025-26,POR,TOR,0,0.5666402
0022500643,2026-01-24,2025-26,PHI,NYK,0,0.5884321
0022500645,2026-01-24,2025-26,CHA,WAS,1,0.8196613
0022500646,2026-01-24,2025-26,ORL,CLE,0,0.4696847
0022500647,2026-01-24,2025-26,CHI,BOS,1,0.62011254
0022500648,2026-01-24,2025-26,DAL,LAL,0,0.3596335
0022500649,2026-01-24,2025-26,UTA,MIA,0,0.33910766
0022500644,2026-01-25,2025-26,MIN,GSW,0,0.5571504
0022500650,2026-01-25,2025-26,DET,SAC,1,0.85181755
0022500653,2026-01-25,2025-26,OKC,TOR,0,0.7698417
0022500654,2026-01-25,2025-26,SAS,NOP,0,0.78651786
0022500655,2026-01-25,2025-26,PHX,MIA,0,0.7291585
0022500656,2026-01-25,2025-26,LAC,BKN,1,0.7795914
0022500657,2026-01-26,2025-26,CHA,PHI,1,0.50288105
0022500658,2026-01-26,2025-26,CLE,ORL,1,0.7171343
0022500659,2026-01-26,2025-26,ATL,IND,1,0.69700277
0022500660,2026-01-26,2025-26,BOS,POR,1,0.6858949
0022500661,2026-01-26,2025-26,CHI,LAL,0,0.45267093
0022500662,2026-01-26,2025-26,HOU,MEM,1,0.8126255
0022500663,2026-01-26,2025-26,MIN,GSW,1,0.48835418
0022500664,2026-01-27,2025-26,WAS,POR,1,0.30154133
0022500665,2026-01-27,2025-26,NYK,SAC,1,0.8110234
0022500666,2026-01-27,2025-26,PHI,MIL,1,0.513423
0022500667,2026-01-27,2025-26,OKC,NOP,1,0.85923976
0022500668,2026-01-27,2025-26,DEN,DET,0,0.30569267
0022500669,2026-01-27,2025-26,PHX,BKN,1,0.7005656
0022500670,2026-01-27,2025-26,UTA,LAC,0,0.26114184
0022500671,2026-01-28,2025-26,CLE,LAL,1,0.5664222
0022500672,2026-01-28,2025-26,IND,CHI,1,0.4434392
0022500673,2026-01-28,2025-26,BOS,ATL,0,0.66165555
0022500674,2026-01-28,2025-26,MIA,ORL,0,0.65146494
0022500675,2026-01-28,2025-26,TOR,NYK,0,0.6445283
0022500676,2026-01-28,2025-26,MEM,CHA,0,0.40357265
0022500677,2026-01-28,2025-26,DAL,MIN,0,0.35770905
0022500678,2026-01-28,2025-26,UTA,GSW,0,0.2679184
0022500679,2026-01-28,2025-26,HOU,SAS,0,0.6641139
0022500529,2026-01-29,2025-26,CHI,MIA,0,0.5422905
0022500680,2026-01-29,2025-26,PHI,SAC,1,0.8207422
0022500681,2026-01-29,2025-26,WAS,MIL,1,0.38655442
0022500682,2026-01-29,2025-26,ATL,HOU,0,0.44202694
0022500683,2026-01-29,2025-26,DAL,CHA,0,0.36900446
0022500684,2026-01-29,2025-26,DEN,BKN,1,0.67693394
0022500685,2026-01-29,2025-26,PHX,DET,1,0.36407977
0022500686,2026-01-29,2025-26,MIN,OKC,1,0.39760876
0022500687,2026-01-30,2025-26,ORL,TOR,1,0.560128
0022500688,2026-01-30,2025-26,WAS,LAL,0,0.20260686
0022500689,2026-01-30,2025-26,BOS,SAC,1,0.87737554
0022500690,2026-01-30,2025-26,NYK,POR,1,0.6349939
0022500691,2026-01-30,2025-26,NOP,MEM,1,0.58486146
0022500693,2026-01-30,2025-26,PHX,CLE,1,0.3650264
0022500694,2026-01-30,2025-26,UTA,BKN,0,0.6701925
0022500695,2026-01-30,2025-26,DEN,LAC,1,0.38878626
0022500696,2026-01-30,2025-26,GSW,DET,0,0.67529577
0022500692,2026-01-31,2025-26,MIA,CHI,0,0.62175053
0022500697,2026-01-31,2025-26,CHA,SAS,1,0.50952727
0022500698,2026-01-31,2025-26,IND,ATL,1,0.4505006
0022500699,2026-01-31,2025-26,PHI,NOP,1,0.79530376
0022500700,2026-01-31,2025-26,MEM,MIN,0,0.24023072
0022500701,2026-01-31,2025-26,HOU,DAL,1,0.8279551
0022500702,2026-02-01,2025-26,BOS,MIL,1,0.78172326
0022500703,2026-02-01,2025-26,SAS,ORL,1,0.5821665
0022500704,2026-02-01,2025-26,DET,BKN,1,0.86821866
0022500705,2026-02-01,2025-26,MIA,CHI,1,0.60618615
0022500706,2026-02-01,2025-26,TOR,UTA,1,0.8629544
0022500707,2026-02-01,2025-26,WAS,SAC,1,0.4440581
0022500708,2026-02-01,2025-26,NYK,LAL,1,0.5966315
0022500709,2026-02-01,2025-26,PHX,LAC,0,0.5402611
0022500710,2026-02-01,2025-26,POR,CLE,0,0.46267793
0022500711,2026-02-01,2025-26,DEN,OKC,0,0.43464372
0022500712,2026-02-02,2025-26,CHA,NOP,1,0.7583608
0022500713,2026-02-02,2025-26,IND,HOU,0,0.28850812
0022500714,2026-02-02,2025-26,MEM,MIN,1,0.27355933
0022500715,2026-02-02,2025-26,LAC,PHI,0,0.4256677
0022500716,2026-02-03,2025-26,DET,DEN,1,0.62267333
0022500717,2026-02-03,2025-26,IND,UTA,0,0.6293534
0022500718,2026-02-03,2025-26,WAS,NYK,0,0.18604365
0022500719,2026-02-03,2025-26,BKN,LAL,0,0.23975052
0022500720,2026-02-03,2025-26,MIA,ATL,0,0.5704148
0022500721,2026-02-03,2025-26,DAL,BOS,0,0.33137044
0022500722,2026-02-03,2025-26,MIL,CHI,1,0.52018344
0022500723,2026-02-03,2025-26,OKC,ORL,1,0.78129584
0022500724,2026-02-03,2025-26,GSW,PHI,0,0.74515575
0022500725,2026-02-03,2025-26,POR,PHX,0,0.42914194
0022500726,2026-02-04,2025-26,NYK,DEN,1,0.5437465
0022500727,2026-02-04,2025-26,TOR,MIN,0,0.4159155
0022500728,2026-02-04,2025-26,HOU,BOS,0,0.64129657
0022500729,2026-02-04,2025-26,MIL,NOP,1,0.49520195
0022500730,2026-02-04,2025-26,SAS,OKC,1,0.48168954
0022500731,2026-02-04,2025-26,SAC,MEM,0,0.40611947
0022500732,2026-02-04,2025-26,LAC,CLE,0,0.3869547
0022500733,2026-02-05,2025-26,DET,WAS,0,0.9147501
0022500734,2026-02-05,2025-26,ORL,BKN,1,0.72972286
0022500735,2026-02-05,2025-26,ATL,UTA,1,0.81307244
0022500736,2026-02-05,2025-26,TOR,CHI,1,0.6946111
0022500737,2026-02-05,2025-26,HOU,CHA,0,0.55946606
0022500738,2026-02-05,2025-26,DAL,SAS,0,0.36485508
0022500739,2026-02-05,2025-26,PHX,GSW,0,0.5172179
0022500740,2026-02-05,2025-26,LAL,PHI,1,0.6762919
0022500741,2026-02-06,2025-26,BOS,MIA,1,0.74601626
0022500742,2026-02-06,2025-26,DET,NYK,1,0.5461066
0022500743,2026-02-06,2025-26,MIL,IND,1,0.77681315
0022500744,2026-02-06,2025-26,MIN,NOP,0,0.79758793
0022500745,2026-02-06,2025-26,POR,MEM,1,0.6264317
0022500746,2026-02-06,2025-26,SAC,LAC,0,0.33870357
0022500747,2026-02-07,2025-26,BKN,WAS,1,0.6858213
0022500748,2026-02-07,2025-26,OKC,HOU,0,0.59166235
0022500749,2026-02-07,2025-26,SAS,DAL,1,0.811109
0022500750,2026-02-07,2025-26,ORL,UTA,1,0.8194769
0022500751,2026-02-07,2025-26,ATL,CHA,0,0.45935628
0022500752,2026-02-07,2025-26,CHI,DEN,0,0.26309296
0022500753,2026-02-07,2025-26,LAL,GSW,1,0.6351348
0022500754,2026-02-07,2025-26,PHX,PHI,0,0.46719992
0022500755,2026-02-07,2025-26,POR,MEM,1,0.74095666
0022500756,2026-02-07,2025-26,SAC,CLE,0,0.1533219
0022500757,2026-02-08,2025-26,BOS,NYK,0,0.6982105
0022500758,2026-02-08,2025-26,WAS,MIA,0,0.19597937
0022500759,2026-02-08,2025-26,TOR,IND,1,0.70497125
0022500760,2026-02-08,2025-26,MIN,LAC,0,0.7010126
0022500761,2026-02-09,2025-26,CHA,DET,0,0.418325
0022500762,2026-02-09,2025-26,BKN,CHI,1,0.5749694
0022500763,2026-02-09,2025-26,MIA,UTA,0,0.6909663
0022500764,2026-02-09,2025-26,ORL,MIL,1,0.6479123
0022500765,2026-02-09,2025-26,MIN,ATL,1,0.5533741
0022500766,2026-02-09,2025-26,NOP,SAC,1,0.7624101
0022500767,2026-02-09,2025-26,DEN,CLE,0,0.52629524
0022500768,2026-02-09,2025-26,GSW,MEM,1,0.8430795
0022500769,2026-02-09,2025-26,LAL,OKC,0,0.53487843
0022500770,2026-02-09,2025-26,POR,PHI,1,0.41632193
0022500771,2026-02-10,2025-26,NYK,IND,0,0.7757076
0022500772,2026-02-10,2025-26,HOU,LAC,1,0.69810295
0022500773,2026-02-10,2025-26,PHX,DAL,1,0.7881181
0022500774,2026-02-10,2025-26,LAL,SAS,0,0.4327338
0022500775,2026-02-11,2025-26,CHA,ATL,1,0.7595853
0022500776,2026-02-11,2025-26,CLE,WAS,1,0.9242734
0022500777,2026-02-11,2025-26,ORL,MIL,0,0.7490832
0022500778,2026-02-11,2025-26,BOS,CHI,1,0.81968623
0022500779,2026-02-11,2025-26,BKN,IND,0,0.39219826
0022500780,2026-02-11,2025-26,PHI,NYK,0,0.57375175
0022500781,2026-02-11,2025-26,TOR,DET,0,0.38827217
0022500782,2026-02-11,2025-26,HOU,LAC,0,0.7504754
0022500783,2026-02-11,2025-26,MIN,POR,1,0.59735346
0022500784,2026-02-11,2025-26,NOP,MIA,0,0.46769243
0022500785,2026-02-11,2025-26,PHX,OKC,0,0.38778618
0022500786,2026-02-11,2025-26,UTA,SAC,1,0.7559678
0022500787,2026-02-11,2025-26,DEN,MEM,1,0.82445705
0022500788,2026-02-11,2025-26,GSW,SAS,0,0.5363865
0022500789,2026-02-12,2025-26,OKC,MIL,0,0.81718576
0022500790,2026-02-12,2025-26,UTA,POR,0,0.35074684
0022500791,2026-02-12,2025-26,LAL,DAL,1,0.61202127
0022500792,2026-02-19,2025-26,CHA,HOU,0,0.5644314
0022500793,2026-02-19,2025-26,CLE,BKN,1,0.9158265
0022500794,2026-02-19,2025-26,PHI,ATL,0,0.49956593
0022500795,2026-02-19,2025-26,WAS,IND,1,0.49056038
0022500796,2026-02-19,2025-26,NYK,DET,0,0.44504657
0022500797,2026-02-19,2025-26,CHI,TOR,0,0.28851083
0022500798,2026-02-19,2025-26,SAS,PHX,1,0.75814825
0022500799,2026-02-19,2025-26,GSW,BOS,0,0.44753063
0022500800,2026-02-19,2025-26,SAC,ORL,0,0.15205835
0022500801,2026-02-19,2025-26,LAC,DEN,1,0.42325237
0022500802,2026-02-20,2025-26,CHA,CLE,0,0.3841906
0022500803,2026-02-20,2025-26,WAS,IND,1,0.39403492
0022500804,2026-02-20,2025-26,MEM,UTA,1,0.7215396
0022500805,2026-02-20,2025-26,ATL,MIA,0,0.5176826
0022500806,2026-02-20,2025-26,MIN,DAL,1,0.77865934
0022500807,2026-02-20,2025-26,NOP,MIL,0,0.5570554
0022500808,2026-02-20,2025-26,OKC,BKN,1,0.8700216
0022500809,2026-02-20,2025-26,LAL,LAC,1,0.6754203
0022500810,2026-02-20,2025-26,POR,DEN,0,0.5110136
0022500811,2026-02-21,2025-26,PHX,ORL,1,0.57901347
0022500812,2026-02-21,2025-26,NOP,PHI,1,0.39285186
0022500813,2026-02-21,2025-26,MIA,MEM,1,0.8284991
0022500814,2026-02-21,2025-26,CHI,DET,0,0.20863105
0022500815,2026-02-21,2025-26,SAS,SAC,1,0.93849313
0022500816,2026-02-21,2025-26,NYK,HOU,1,0.56065375
0022500817,2026-02-22,2025-26,OKC,CLE,1,0.48280248
0022500818,2026-02-22,2025-26,ATL,BKN,1,0.7697803
0022500819,2026-02-22,2025-26,MIL,TOR,0,0.4208363
0022500820,2026-02-22,2025-26,GSW,DEN,1,0.42381692
0022500821,2026-02-22,2025-26,IND,DAL,0,0.4197326
0022500822,2026-02-22,2025-26,WAS,CHA,0,0.22345942
0022500823,2026-02-22,2025-26,LAL,BOS,0,0.57979506
0022500824,2026-02-22,2025-26,MIN,PHI,0,0.784125
0022500825,2026-02-22,2025-26,CHI,NYK,0,0.2904862
0022500826,2026-02-22,2025-26,PHX,POR,0,0.4790002
0022500827,2026-02-22,2025-26,LAC,ORL,0,0.7505233
0022500828,2026-02-23,2025-26,DET,SAS,0,0.6101051
0022500829,2026-02-23,2025-26,MEM,SAC,0,0.7704786
0022500830,2026-02-23,2025-26,HOU,UTA,1,0.897752
0022500831,2026-02-24,2025-26,IND,PHI,0,0.41004127
0022500832,2026-02-24,2025-26,ATL,WAS,1,0.83691007
0022500833,2026-02-24,2025-26,BKN,DAL,0,0.48661256
0022500834,2026-02-24,2025-26,TOR,OKC,0,0.4526276
0022500835,2026-02-24,2025-26,CLE,NYK,1,0.6518794
0022500836,2026-02-24,2025-26,CHI,CHA,0,0.34035245
0022500837,2026-02-24,2025-26,MIL,MIA,1,0.41538683
0022500838,2026-02-24,2025-26,NOP,GSW,1,0.4238675
0022500839,2026-02-24,2025-26,PHX,BOS,0,0.28075382
0022500840,2026-02-24,2025-26,LAL,ORL,0,0.7427676
0022500841,2026-02-24,2025-26,POR,MIN,0,0.5456412
0022500842,2026-02-25,2025-26,DET,OKC,1,0.6874107
0022500843,2026-02-25,2025-26,TOR,SAS,0,0.34203833
0022500844,2026-02-25,2025-26,MEM,GSW,0,0.34034884
0022500845,2026-02-25,2025-26,HOU,SAC,1,0.9055267
0022500846,2026-02-25,2025-26,MIL,CLE,1,0.25677505
0022500847,2026-02-25,2025-26,DEN,BOS,1,0.6888923
0022500848,2026-02-26,2025-26,IND,CHA,0,0.21642017
0022500849,2026-02-26,2025-26,PHI,MIA,1,0.5373499
0022500850,2026-02-26,2025-26,ATL,WAS,1,0.853187
0022500851,2026-02-26,2025-26,BKN,SAS,0,0.22217573
0022500852,2026-02-26,2025-26,ORL,HOU,0,0.46752957
0022500853,2026-02-26,2025-26,CHI,POR,0,0.38437232
0022500854,2026-02-26,2025-26,DAL,SAC,0,0.8225971
0022500855,2026-02-26,2025-26,PHX,LAL,1,0.33349535
0022500856,2026-02-26,2025-26,UTA,NOP,0,0.40183657
0022500857,2026-02-26,2025-26,LAC,MIN,0,0.5668458
0022500858,2026-02-27,2025-26,DET,CLE,1,0.7368733
0022500859,2026-02-27,2025-26,BOS,BKN,1,0.90097994
0022500860,2026-02-27,2025-26,MIL,NYK,0,0.37302238
0022500861,2026-02-27,2025-26,DAL,MEM,0,0.6294367
0022500862,2026-02-27,2025-26,OKC,DEN,1,0.4530218
0022500863,2026-02-28,2025-26,CHA,POR,1,0.7518083
0022500864,2026-02-28,2025-26,MIA,HOU,1,0.42216855
0022500865,2026-02-28,2025-26,WAS,TOR,0,0.15233135
0022500866,2026-02-28,2025-26,GSW,LAL,0,0.45530537
0022500867,2026-02-28,2025-26,UTA,NOP,0,0.27311364
0022500868,2026-03-01,2025-26,NYK,SAS,1,0.45494717
0022500869,2026-03-01,2025-26,BKN,CLE,0,0.26493412
0022500870,2026-03-01,2025-26,CHI,MIL,1,0.4014541
0022500871,2026-03-01,2025-26,DEN,MIN,0,0.6898175
0022500872,2026-03-01,2025-26,IND,MEM,0,0.5710136
0022500873,2026-03-01,2025-26,ATL,POR,1,0.63510764
0022500874,2026-03-01,2025-26,BOS,PHI,1,0.6631005
0022500875,2026-03-01,2025-26,ORL,DET,0,0.3748079
0022500876,2026-03-01,2025-26,DAL,OKC,0,0.18094608
0022500877,2026-03-01,2025-26,LAC,NOP,1,0.7075641
0022500878,2026-03-01,2025-26,LAL,SAC,1,0.88119334
0022500879,2026-03-02,2025-26,WAS,HOU,0,0.14665031
0022500880,2026-03-02,2025-26,MIL,BOS,0,0.23941146
0022500881,2026-03-02,2025-26,UTA,DEN,0,0.16992523
0022500882,2026-03-02,2025-26,GSW,LAC,0,0.61218834
0022500883,2026-03-03,2025-26,CHA,DAL,1,0.838414
0022500884,2026-03-03,2025-26,CLE,DET,1,0.47119328
0022500885,2026-03-03,2025-26,ORL,WAS,1,0.87183917
0022500886,2026-03-03,2025-26,MIA,BKN,1,0.7890712
0022500887,2026-03-03,2025-26,TOR,NYK,0,0.5101209
0022500888,2026-03-03,2025-26,PHI,SAS,0,0.35472172
0022500889,2026-03-03,2025-26,CHI,OKC,0,0.1781592
0022500890,2026-03-03,2025-26,MIN,MEM,1,0.8543144
0022500891,2026-03-03,2025-26,LAL,NOP,1,0.7776915
0022500892,2026-03-03,2025-26,SAC,PHX,0,0.25175902
0022500893,2026-03-04,2025-26,NYK,OKC,0,0.63507515
0022500894,2026-03-04,2025-26,BOS,CHA,0,0.7491226
0022500895,2026-03-04,2025-26,PHI,UTA,1,0.7209878
0022500896,2026-03-04,2025-26,MEM,POR,0,0.37434143
0022500897,2026-03-04,2025-26,MIL,ATL,0,0.4290611
0022500898,2026-03-04,2025-26,LAC,IND,1,0.8759011
0022500899,2026-03-05,2025-26,ORL,DAL,1,0.7715154
0022500900,2026-03-05,2025-26,WAS,UTA,0,0.5459065
0022500901,2026-03-05,2025-26,MIA,BKN,1,0.8166795
0022500902,2026-03-05,2025-26,HOU,GSW,0,0.74324197
0022500903,2026-03-05,2025-26,MIN,TOR,1,0.5933423
0022500904,2026-03-05,2025-26,SAS,DET,1,0.6128193
0022500905,2026-03-05,2025-26,PHX,CHI,0,0.7641131
0022500906,2026-03-05,2025-26,DEN,LAL,1,0.5719576
0022500907,2026-03-05,2025-26,SAC,NOP,0,0.24891199
0022500908,2026-03-06,2025-26,BOS,DAL,1,0.85113883
0022500909,2026-03-06,2025-26,CHA,MIA,0,0.76235926
0022500910,2026-03-06,2025-26,HOU,POR,1,0.6479263
0022500911,2026-03-06,2025-26,DEN,NYK,0,0.4184578
0022500912,2026-03-06,2025-26,PHX,NOP,1,0.66905606
0022500913,2026-03-06,2025-26,SAS,LAC,1,0.67022157
0022500914,2026-03-06,2025-26,LAL,IND,1,0.8152972
0022500915,2026-03-07,2025-26,MIN,ORL,0,0.659975
0022500916,2026-03-07,2025-26,DET,BKN,0,0.8961827
0022500917,2026-03-07,2025-26,ATL,PHI,1,0.7834098
0022500918,2026-03-07,2025-26,MEM,LAC,0,0.26960152
0022500919,2026-03-07,2025-26,MIL,UTA,1,0.76451147
0022500920,2026-03-07,2025-26,OKC,GSW,1,0.8439135
0022500921,2026-03-08,2025-26,CLE,BOS,0,0.46990806
0022500922,2026-03-08,2025-26,LAL,NYK,1,0.45161593
0022500923,2026-03-08,2025-26,MIA,DET,1,0.60434544
0022500924,2026-03-08,2025-26,TOR,DAL,1,0.7312806
0022500925,2026-03-08,2025-26,NOP,WAS,1,0.82881504
0022500926,2026-03-08,2025-26,MIL,ORL,0,0.4629526
0022500927,2026-03-08,2025-26,SAS,HOU,1,0.6985379
0022500928,2026-03-08,2025-26,PHX,CHA,1,0.35511744
0022500929,2026-03-08,2025-26,POR,IND,1,0.73474056
0022500930,2026-03-08,2025-26,SAC,CHI,1,0.38444185
0022500931,2026-03-09,2025-26,CLE,PHI,1,0.7629446
0022500932,2026-03-09,2025-26,BKN,MEM,1,0.5775947
0022500933,2026-03-09,2025-26,OKC,DEN,1,0.63374007
0022500934,2026-03-09,2025-26,UTA,GSW,1,0.30447057
0022500935,2026-03-09,2025-26,LAC,NYK,1,0.47988534
0022500936,2026-03-10,2025-26,PHI,MEM,1,0.62956715
0022500937,2026-03-10,2025-26,BKN,DET,0,0.13212286
0022500938,2026-03-10,2025-26,MIA,WAS,1,0.9109425
0022500939,2026-03-10,2025-26,ATL,DAL,1,0.78705674
0022500940,2026-03-10,2025-26,HOU,TOR,1,0.603407
0022500941,2026-03-10,2025-26,MIL,PHX,0,0.37721822
0022500942,2026-03-10,2025-26,SAS,BOS,1,0.57376367
0022500943,2026-03-10,2025-26,GSW,CHI,0,0.6204175
0022500944,2026-03-10,2025-26,POR,CHA,0,0.3926234
0022500945,2026-03-10,2025-26,SAC,IND,1,0.4341553
0022500946,2026-03-10,2025-26,LAL,MIN,1,0.6362232
0022500947,2026-03-11,2025-26,ORL,CLE,1,0.4417193
0022500948,2026-03-11,2025-26,NOP,TOR,1,0.5375721
0022500949,2026-03-11,2025-26,UTA,NYK,0,0.14370565
0022500950,2026-03-11,2025-26,DEN,HOU,1,0.7140134
0022500951,2026-03-11,2025-26,SAC,CHA,0,0.1421467
0022500952,2026-03-11,2025-26,LAC,MIN,1,0.69438905
0022500953,2026-03-12,2025-26,DET,PHI,1,0.8368283
0022500954,2026-03-12,2025-26,IND,PHX,0,0.20200653
0022500955,2026-03-12,2025-26,ORL,WAS,1,0.87748617
0022500956,2026-03-12,2025-26,ATL,BKN,1,0.8666207
0022500957,2026-03-12,2025-26,MIA,MIL,1,0.69001544
0022500958,2026-03-12,2025-26,SAS,DEN,0,0.7367097
0022500959,2026-03-12,2025-26,OKC,BOS,1,0.6383218
0022500960,2026-03-12,2025-26,LAL,CHI,1,0.84479856
0022501111,2026-03-12,2025-26,MEM,DAL,0,0.45068654
0022500961,2026-03-13,2025-26,DET,MEM,1,0.92819977
0022500962,2026-03-13,2025-26,IND,NYK,0,0.0954983
0022500963,2026-03-13,2025-26,TOR,PHX,1,0.6968356
0022500964,2026-03-13,2025-26,HOU,NOP,1,0.6862497
0022500965,2026-03-13,2025-26,DAL,CLE,0,0.20338136
0022500966,2026-03-13,2025-26,GSW,MIN,0,0.4258453
0022500967,2026-03-13,2025-26,POR,UTA,1,0.85570896
0022500968,2026-03-13,2025-26,LAC,CHI,1,0.8618104
0022500969,2026-03-14,2025-26,PHI,BKN,1,0.6556653
0022500970,2026-03-14,2025-26,ATL,MIL,1,0.64785725
0022500971,2026-03-14,2025-26,BOS,WAS,1,0.9012773
0022500972,2026-03-14,2025-26,MIA,ORL,0,0.615969
0022500973,2026-03-14,2025-26,SAS,CHA,1,0.57479274
0022500974,2026-03-14,2025-26,LAL,DEN,1,0.5393524
0022500975,2026-03-14,2025-26,LAC,SAC,0,0.87666374
0022500976,2026-03-15,2025-26,OKC,MIN,1,0.7561157
0022500977,2026-03-15,2025-26,CLE,DAL,0,0.8455565
0022500978,2026-03-15,2025-26,TOR,DET,1,0.45593303
0022500979,2026-03-15,2025-26,MIL,IND,1,0.6412265
0022500980,2026-03-15,2025-26,PHI,POR,1,0.32641616
0022500981,2026-03-15,2025-26,NYK,GSW,1,0.779876
0022500982,2026-03-15,2025-26,SAC,UTA,1,0.60947937
0022500983,2026-03-16,2025-26,ATL,ORL,1,0.6170398
0022500984,2026-03-16,2025-26,WAS,GSW,0,0.46103016
0022500985,2026-03-16,2025-26,BKN,POR,0,0.28559682
0022500986,2026-03-16,2025-26,BOS,PHX,1,0.7305723
0022500987,2026-03-16,2025-26,CHI,MEM,1,0.6421315
0022500988,2026-03-16,2025-26,NOP,DAL,1,0.7268
0022500989,2026-03-16,2025-26,HOU,LAL,0,0.44848266
0022500990,2026-03-16,2025-26,LAC,SAS,0,0.36627766
0022500991,2026-03-17,2025-26,CHA,MIA,1,0.628364
0022500992,2026-03-17,2025-26,ORL,OKC,0,0.23113559
0022500993,2026-03-17,2025-26,WAS,DET,0,0.092075765
0022500994,2026-03-17,2025-26,NYK,IND,1,0.9272146
0022500995,2026-03-17,2025-26,MIL,CLE,0,0.40440872
0022500996,2026-03-17,2025-26,MIN,PHX,1,0.6485852
0022500997,2026-03-17,2025-26,DEN,PHI,1,0.87853086
0022500998,2026-03-17,2025-26,SAC,SAS,0,0.16928159
0022500651,2026-03-18,2025-26,MEM,DEN,1,0.13868459
0022500999,2026-03-18,2025-26,BOS,GSW,1,0.8322816
0022501000,2026-03-18,2025-26,BKN,OKC,0,0.09267567
0022501001,2026-03-18,2025-26,IND,POR,0,0.21482547
0022501002,2026-03-18,2025-26,CHI,TOR,0,0.31993496
0022501004,2026-03-18,2025-26,MIN,UTA,1,0.87664014
0022501005,2026-03-18,2025-26,NOP,LAC,1,0.48852172
0022501006,2026-03-18,2025-26,DAL,ATL,0,0.25731355
0022501007,2026-03-18,2025-26,HOU,LAL,0,0.42028984
0022501008,2026-03-19,2025-26,CHA,ORL,1,0.7029272
0022501009,2026-03-19,2025-26,WAS,DET,0,0.11451674
0022501010,2026-03-19,2025-26,MIA,LAL,0,0.49375686
0022501011,2026-03-19,2025-26,CHI,CLE,0,0.19373748
0022501012,2026-03-19,2025-26,NOP,LAC,1,0.49681428
0022501013,2026-03-19,2025-26,SAS,PHX,1,0.80458564
0022501014,2026-03-19,2025-26,UTA,MIL,1,0.24617812
0022501015,2026-03-19,2025-26,SAC,PHI,0,0.4657888
0022501016,2026-03-20,2025-26,BKN,NYK,0,0.14536022
0022501017,2026-03-20,2025-26,DET,GSW,1,0.74011225
0022501018,2026-03-20,2025-26,HOU,ATL,1,0.49991655
0022501019,2026-03-20,2025-26,MEM,BOS,0,0.15838085
0022501020,2026-03-20,2025-26,MIN,POR,0,0.5569776
0022501021,2026-03-20,2025-26,DEN,TOR,1,0.7387249
0022501022,2026-03-21,2025-26,WAS,OKC,0,0.087402456
0022501023,2026-03-21,2025-26,CHA,MEM,1,0.90699565
0022501024,2026-03-21,2025-26,ORL,LAL,0,0.3155786
0022501025,2026-03-21,2025-26,NOP,CLE,0,0.429125
0022501026,2026-03-21,2025-26,ATL,GSW,1,0.75944954
0022501027,2026-03-21,2025-26,HOU,MIA,1,0.48095667
0022501028,2026-03-21,2025-26,SAS,IND,1,0.9251157
0022501029,2026-03-21,2025-26,DAL,LAC,0,0.46909812
0022501030,2026-03-21,2025-26,UTA,PHI,0,0.403919
0022501031,2026-03-21,2025-26,PHX,MIL,0,0.6827016
0022501032,2026-03-22,2025-26,DEN,POR,1,0.72974384
0022501033,2026-03-22,2025-26,SAC,BKN,1,0.6883694
0022501034,2026-03-22,2025-26,NYK,WAS,1,0.9385417
0022501035,2026-03-22,2025-26,BOS,MIN,0,0.7432127
0022501036,2026-03-22,2025-26,PHX,TOR,1,0.35041136
0022501037,2026-03-23,2025-26,ATL,MEM,1,0.8751526
0022501038,2026-03-23,2025-26,DET,LAL,1,0.47086793
0022501039,2026-03-23,2025-26,ORL,IND,0,0.7902912
0022501040,2026-03-23,2025-26,PHI,OKC,0,0.15141934
0022501041,2026-03-23,2025-26,MIA,SAS,0,0.38730896
0022501042,2026-03-23,2025-26,CHI,HOU,1,0.2562548
0022501043,2026-03-23,2025-26,UTA,TOR,0,0.2765807
0022501044,2026-03-23,2025-26,DAL,GSW,0,0.58608305
0022501045,2026-03-23,2025-26,POR,BKN,1,0.8696613
0022501046,2026-03-23,2025-26,LAC,MIL,1,0.7735199
0022501047,2026-03-24,2025-26,CHA,SAC,1,0.91986936
0022501048,2026-03-24,2025-26,NYK,NOP,1,0.7626636
0022501049,2026-03-24,2025-26,CLE,ORL,1,0.7844858
0022501050,2026-03-24,2025-26,PHX,DEN,0,0.33880982
0022501051,2026-03-25,2025-26,DET,ATL,0,0.67876667
0022501052,2026-03-25,2025-26,IND,LAL,0,0.27575198
0022501053,2026-03-25,2025-26,PHI,CHI,1,0.4989408
0022501054,2026-03-25,2025-26,BOS,OKC,1,0.46618906
0022501055,2026-03-25,2025-26,CLE,MIA,0,0.56692964
0022501056,2026-03-25,2025-26,MEM,SAS,0,0.100574404
0022501057,2026-03-25,2025-26,UTA,WAS,0,0.61917156
0022501058,2026-03-25,2025-26,MIN,HOU,1,0.52564996
0022501059,2026-03-25,2025-26,DEN,DAL,1,0.82862985
0022501060,2026-03-25,2025-26,GSW,BKN,1,0.8601495
0022501061,2026-03-25,2025-26,POR,MIL,1,0.7930143
0022501062,2026-03-25,2025-26,LAC,TOR,1,0.6867816
0022501063,2026-03-26,2025-26,CHA,NYK,1,0.5386918
0022501064,2026-03-26,2025-26,DET,NOP,1,0.70264775
0022501065,2026-03-26,2025-26,ORL,SAC,1,0.8402787
0022501066,2026-03-27,2025-26,IND,LAC,0,0.30549884
0022501067,2026-03-27,2025-26,BOS,ATL,1,0.5987815
0022501068,2026-03-27,2025-26,CLE,MIA,1,0.582288
0022501069,2026-03-27,2025-26,MEM,HOU,0,0.17426011
0022501070,2026-03-27,2025-26,OKC,CHI,1,0.9032949
0022501071,2026-03-27,2025-26,TOR,NOP,1,0.6960441
0022501072,2026-03-27,2025-26,DEN,UTA,1,0.9335678
0022501073,2026-03-27,2025-26,GSW,WAS,1,0.80056655
0022501074,2026-03-27,2025-26,POR,DAL,0,0.7362799
0022501075,2026-03-27,2025-26,LAL,BKN,1,0.93439126
0022501076,2026-03-28,2025-26,MIL,SAS,0,0.14473312
0022501077,2026-03-28,2025-26,CHA,PHI,0,0.80380106
0022501078,2026-03-28,2025-26,ATL,SAC,1,0.852863
0022501079,2026-03-28,2025-26,MEM,CHI,1,0.3463957
0022501080,2026-03-28,2025-26,MIN,DET,0,0.52788246
0022501081,2026-03-28,2025-26,PHX,UTA,1,0.90837973
0022501082,2026-03-29,2025-26,MIL,LAC,0,0.19784448
0022501083,2026-03-29,2025-26,IND,MIA,1,0.33569294
0022501084,2026-03-29,2025-26,BKN,SAC,1,0.5252565
0022501085,2026-03-29,2025-26,CHA,BOS,0,0.49315825
0022501086,2026-03-29,2025-26,TOR,ORL,1,0.54159635
0022501087,2026-03-29,2025-26,POR,WAS,1,0.8542248
0022501088,2026-03-29,2025-26,NOP,HOU,0,0.36139363
0022501089,2026-03-29,2025-26,OKC,NYK,1,0.6795138
0022501090,2026-03-29,2025-26,DEN,GSW,1,0.81647843
0022501091,2026-03-30,2025-26,MIA,PHI,1,0.48195124
0022501092,2026-03-30,2025-26,ATL,BOS,1,0.63438267
0022501093,2026-03-30,2025-26,MEM,PHX,0,0.16479042
0022501094,2026-03-30,2025-26,SAS,CHI,1,0.89008945
0022501095,2026-03-30,2025-26,DAL,MIN,0,0.37051266
0022501096,2026-03-30,2025-26,UTA,CLE,0,0.13312744
0022501097,2026-03-30,2025-26,OKC,DET,1,0.59261996
0022501098,2026-03-30,2025-26,LAL,WAS,1,0.9446675
0022500652,2026-03-31,2025-26,MIL,DAL,1,0.508482
0022501099,2026-03-31,2025-26,ORL,PHX,1,0.6000633
0022501100,2026-03-31,2025-26,BKN,CHA,0,0.15327138
0022501101,2026-03-31,2025-26,DET,TOR,1,0.6445719
0022501102,2026-03-31,2025-26,HOU,NYK,1,0.513304
0022501103,2026-03-31,2025-26,LAL,CLE,1,0.5051112
0022501104,2026-03-31,2025-26,LAC,POR,0,0.6524947
0022501003,2026-04-01,2025-26,MEM,NYK,0,0.15892059
0022501105,2026-04-01,2025-26,WAS,PHI,0,0.20247787
0022501106,2026-04-01,2025-26,MIA,BOS,0,0.50400263
0022501107,2026-04-01,2025-26,ORL,ATL,0,0.30705285
0022501108,2026-04-01,2025-26,TOR,SAC,0,0.8631126
0022501109,2026-04-01,2025-26,CHI,IND,0,0.53883195
0022501110,2026-04-01,2025-26,HOU,MIL,1,0.8456787
0022501112,2026-04-01,2025-26,UTA,DEN,0,0.10304179
0022501113,2026-04-01,2025-26,GSW,SAS,0,0.21873856
0022501114,2026-04-02,2025-26,CHA,PHX,1,0.65847707
0022501115,2026-04-02,2025-26,DET,MIN,1,0.72378194
0022501116,2026-04-02,2025-26,OKC,LAL,1,0.63220423
0022501117,2026-04-02,2025-26,GSW,CLE,0,0.23385245
0022501118,2026-04-02,2025-26,POR,NOP,1,0.73203236
0022501119,2026-04-02,2025-26,LAC,SAS,0,0.4625212
0022501120,2026-04-03,2025-26,CHA,IND,1,0.80896324
0022501121,2026-04-03,2025-26,PHI,MIN,1,0.5872356
0022501122,2026-04-03,2025-26,BKN,ATL,0,0.1178705
0022501123,2026-04-03,2025-26,NYK,CHI,1,0.82855624
0022501124,2026-04-03,2025-26,HOU,UTA,1,0.9175238
0022501125,2026-04-03,2025-26,MEM,TOR,0,0.21500298
0022501126,2026-04-03,2025-26,MIL,BOS,0,0.13210611
0022501127,2026-04-03,2025-26,DAL,ORL,0,0.28505272
0022501128,2026-04-03,2025-26,SAC,NOP,1,0.38406262
0022501129,2026-04-04,2025-26,MIA,WAS,1,0.8958835
0022501130,2026-04-04,2025-26,DEN,SAS,1,0.4965769
0022501131,2026-04-04,2025-26,PHI,DET,0,0.3613719
0022501132,2026-04-05,2025-26,BOS,TOR,1,0.73562723
0022501133,2026-04-05,2025-26,BKN,WAS,1,0.6124906
0022501134,2026-04-05,2025-26,CHI,PHX,0,0.33611637
0022501135,2026-04-05,2025-26,MIL,MEM,1,0.81131136
0022501136,2026-04-05,2025-26,CLE,IND,1,0.85792124
0022501137,2026-04-05,2025-26,MIN,CHA,0,0.41237006
0022501138,2026-04-05,2025-26,NOP,ORL,0,0.42455846
0022501139,2026-04-05,2025-26,OKC,UTA,1,0.96050954
0022501140,2026-04-05,2025-26,DAL,LAL,1,0.21522841
0022501141,2026-04-05,2025-26,SAC,LAC,0,0.20672525
0022501142,2026-04-05,2025-26,GSW,HOU,0,0.34556726
0022501143,2026-04-06,2025-26,ATL,NYK,0,0.63743615
0022501144,2026-04-06,2025-26,ORL,DET,1,0.26822525
0022501145,2026-04-06,2025-26,MEM,CLE,0,0.097402826
0022501146,2026-04-06,2025-26,SAS,PHI,1,0.822162
0022501147,2026-04-06,2025-26,DEN,POR,1,0.6912229
0022501148,2026-04-07,2025-26,WAS,CHI,0,0.33845043
0022501149,2026-04-07,2025-26,BOS,CHA,1,0.6187466
0022501150,2026-04-07,2025-26,BKN,MIL,1,0.36032793
0022501151,2026-04-07,2025-26,TOR,MIA,1,0.49005187
0022501152,2026-04-07,2025-26,IND,MIN,0,0.29079852
0022501153,2026-04-07,2025-26,NOP,UTA,1,0.7507253
0022501154,2026-04-07,2025-26,GSW,SAC,1,0.8065565
0022501155,2026-04-07,2025-26,LAL,OKC,0,0.21864921
0022501156,2026-04-07,2025-26,LAC,DAL,1,0.78307736
0022501157,2026-04-07,2025-26,PHX,HOU,0,0.4996187
0022501158,2026-04-08,2025-26,CLE,ATL,1,0.3738956
0022501159,2026-04-08,2025-26,ORL,MIN,1,0.61992425
0022501160,2026-04-08,2025-26,DET,MIL,1,0.92071414
0022501161,2026-04-08,2025-26,SAS,POR,1,0.7564385
0022501162,2026-04-08,2025-26,DEN,MEM,1,0.94718784
0022501163,2026-04-08,2025-26,LAC,OKC,0,0.32731593
0022501164,2026-04-08,2025-26,PHX,DAL,1,0.7852275
0022501165,2026-04-09,2025-26,TOR,MIA,1,0.5724672
0022501166,2026-04-09,2025-26,WAS,CHI,0,0.2666801
0022501167,2026-04-09,2025-26,BKN,IND,0,0.4397436
0022501168,2026-04-09,2025-26,NYK,BOS,1,0.5070133
0022501169,2026-04-09,2025-26,HOU,PHI,1,0.62116295
0022501170,2026-04-09,2025-26,GSW,LAL,0,0.68982416
0022501171,2026-04-10,2025-26,CHA,DET,0,0.5057191
0022501172,2026-04-10,2025-26,WAS,MIA,0,0.15055336
0022501173,2026-04-10,2025-26,ATL,CLE,1,0.6294453
0022501174,2026-04-10,2025-26,BOS,NOP,1,0.91696274
0022501175,2026-04-10,2025-26,IND,PHI,0,0.27956122
0022501176,2026-04-10,2025-26,NYK,TOR,1,0.6837896
0022501177,2026-04-10,2025-26,CHI,ORL,0,0.30836672
0022501178,2026-04-10,2025-26,HOU,MIN,0,0.6473248
0022501179,2026-04-10,2025-26,MIL,BKN,1,0.8037616
0022501180,2026-04-10,2025-26,SAS,DAL,1,0.9121804
0022501181,2026-04-10,2025-26,UTA,MEM,1,0.5503369
0022501182,2026-04-10,2025-26,DEN,OKC,1,0.39460915
0022501183,2026-04-10,2025-26,POR,LAC,1,0.56427574
0022501184,2026-04-10,2025-26,SAC,GSW,1,0.47747493
0022501185,2026-04-10,2025-26,LAL,PHX,1,0.36035788
0022501186,2026-04-12,2025-26,BOS,ORL,1,0.67092043
0022501187,2026-04-12,2025-26,CLE,WAS,1,0.91741765
0022501188,2026-04-12,2025-26,IND,DET,0,0.10421818
0022501189,2026-04-12,2025-26,MIA,ATL,1,0.422418
0022501190,2026-04-12,2025-26,NYK,CHA,0,0.62892973
0022501191,2026-04-12,2025-26,PHI,MIL,1,0.7683122
0022501192,2026-04-12,2025-26,TOR,BKN,1,0.9344254
0022501193,2026-04-12,2025-26,DAL,CHI,1,0.53709126
0022501194,2026-04-12,2025-26,HOU,MEM,1,0.9587865
0022501195,2026-04-12,2025-26,MIN,NOP,1,0.8580775
0022501196,2026-04-12,2025-26,OKC,PHX,0,0.5350819
0022501197,2026-04-12,2025-26,SAS,DEN,0,0.82904637
0022501198,2026-04-12,2025-26,LAL,UTA,1,0.83274114
0022501199,2026-04-12,2025-26,LAC,GSW,1,0.6654875
0022501200,2026-04-12,2025-26,POR,SAC,1,0.8607222
