game_id,date,season,home,away,home_win,p_home
0022400061,2024-10-22,2024-25,BOS,NYK,1,0.6787989
0022400062,2024-10-22,2024-25,LAL,MIN,1,0.46520737
0022400063,2024-10-23,2024-25,DET,IND,0,0.22182965
0022400064,2024-10-23,2024-25,ATL,BKN,1,0.7228479
0022400065,2024-10-23,2024-25,MIA,ORL,0,0.5406767
0022400066,2024-10-23,2024-25,PHI,MIL,0,0.43529606
0022400067,2024-10-23,2024-25,TOR,CLE,0,0.27305773
0022400068,2024-10-23,2024-25,HOU,CHA,0,0.86974746
0022400069,2024-10-23,2024-25,NOP,CHI,1,0.57598454
0022400070,2024-10-23,2024-25,UTA,MEM,0,0.28618097
0022400071,2024-10-23,2024-25,LAC,PHX,0,0.2577125
0022400072,2024-10-23,2024-25,POR,GSW,0,0.19833428
0022400073,2024-10-24,2024-25,WAS,BOS,0,0.1392344
0022400074,2024-10-24,2024-25,DAL,SAS,1,0.81231856
0022400075,2024-10-24,2024-25,DEN,OKC,0,0.64430326
0022400076,2024-10-24,2024-25,SAC,MIN,0,0.58699316
0022400077,2024-10-25,2024-25,ORL,BKN,1,0.73627603
0022400078,2024-10-25,2024-25,TOR,PHI,1,0.2557293
0022400079,2024-10-25,2024-25,ATL,CHA,1,0.6724484
0022400080,2024-10-25,2024-25,CLE,DET,1,0.6538428
0022400081,2024-10-25,2024-25,NYK,IND,1,0.60317385
0022400082,2024-10-25,2024-25,HOU,MEM,1,0.7533094
0022400083,2024-10-25,2024-25,MIL,CHI,0,0.705936
0022400084,2024-10-25,2024-25,UTA,GSW,0,0.23040909
0022400085,2024-10-25,2024-25,LAL,PHX,1,0.6799789
0022400086,2024-10-25,2024-25,POR,NOP,0,0.24738169
0022400087,2024-10-26,2024-25,DEN,LAC,0,0.7728928
0022400088,2024-10-26,2024-25,CHA,MIA,0,0.27419055
0022400089,2024-10-26,2024-25,DET,BOS,0,0.18304123
0022400090,2024-10-26,2024-25,WAS,CLE,0,0.14202327
0022400091,2024-10-26,2024-25,CHI,OKC,0,0.3655825
0022400092,2024-10-26,2024-25,MEM,ORL,1,0.27693182
0022400093,2024-10-26,2024-25,MIN,TOR,1,0.8939847
0022400094,2024-10-26,2024-25,SAS,HOU,1,0.36030534
0022400095,2024-10-26,2024-25,PHX,DAL,1,0.28370842
0022400096,2024-10-26,2024-25,LAL,SAC,1,0.43900868
0022400097,2024-10-27,2024-25,IND,PHI,0,0.67721295
0022400098,2024-10-27,2024-25,BKN,MIL,1,0.29262367
0022400099,2024-10-27,2024-25,POR,NOP,1,0.29313904
0022400100,2024-10-27,2024-25,OKC,ATL,1,0.62778383
0022400101,2024-10-27,2024-25,GSW,LAC,0,0.7371271
0022400102,2024-10-28,2024-25,ORL,IND,1,0.6288225
0022400103,2024-10-28,2024-25,ATL,WAS,0,0.8377288
0022400104,2024-10-28,2024-25,BOS,MIL,1,0.7349927
0022400105,2024-10-28,2024-25,MIA,DET,1,0.6825984
0022400106,2024-10-28,2024-25,NYK,CLE,0,0.68287355
0022400107,2024-10-28,2024-25,TOR,DEN,0,0.17633598
0022400108,2024-10-28,2024-25,MEM,CHI,0,0.3247778
0022400109,2024-10-28,2024-25,SAS,HOU,0,0.3034774
0022400110,2024-10-28,2024-25,DAL,UTA,1,0.8802782
0022400111,2024-10-28,2024-25,PHX,LAL,1,0.42469418
0022400112,2024-10-28,2024-25,SAC,POR,1,0.8380654
0022400113,2024-10-29,2024-25,BKN,DEN,0,0.28476745
0022400114,2024-10-29,2024-25,MIN,DAL,0,0.6421076
0022400115,2024-10-29,2024-25,UTA,SAC,0,0.13341257
0022400116,2024-10-29,2024-25,GSW,NOP,1,0.4388865
0022400117,2024-10-30,2024-25,CHA,TOR,1,0.64581645
0022400118,2024-10-30,2024-25,CLE,LAL,1,0.48139122
0022400119,2024-10-30,2024-25,IND,BOS,1,0.37298054
0022400120,2024-10-30,2024-25,PHI,DET,0,0.5974576
0022400121,2024-10-30,2024-25,WAS,ATL,1,0.20033468
0022400122,2024-10-30,2024-25,MIA,NYK,0,0.37470502
0022400123,2024-10-30,2024-25,CHI,ORL,1,0.3344228
0022400124,2024-10-30,2024-25,MEM,BKN,0,0.67784256
0022400125,2024-10-30,2024-25,OKC,SAS,1,0.7306532
0022400126,2024-10-30,2024-25,GSW,NOP,1,0.659013
0022400127,2024-10-30,2024-25,LAC,POR,0,0.67872685
0022400128,2024-10-31,2024-25,MEM,MIL,1,0.2533796
0022400129,2024-10-31,2024-25,DAL,HOU,0,0.59018457
0022400130,2024-10-31,2024-25,UTA,SAS,0,0.30265868
0022400131,2024-10-31,2024-25,LAC,PHX,0,0.3914992
0022400132,2024-11-01,2024-25,CHA,BOS,0,0.20812237
0022400133,2024-11-01,2024-25,CLE,ORL,1,0.61321545
0022400134,2024-11-01,2024-25,DET,NYK,0,0.3033633
0022400135,2024-11-01,2024-25,ATL,SAC,0,0.24841286
0022400136,2024-11-01,2024-25,BKN,CHI,1,0.4823616
0022400137,2024-11-01,2024-25,TOR,LAL,0,0.17718242
0022400138,2024-11-01,2024-25,NOP,IND,1,0.3359468
0022400139,2024-11-01,2024-25,MIN,DEN,1,0.57773185
0022400140,2024-11-01,2024-25,POR,OKC,0,0.30302578
0022400141,2024-11-02,2024-25,CHA,BOS,0,0.19704214
0022400142,2024-11-02,2024-25,PHI,MEM,0,0.63547266
0022400143,2024-11-02,2024-25,TOR,SAC,1,0.13579461
0022400144,2024-11-02,2024-25,HOU,GSW,0,0.59161896
0022400145,2024-11-02,2024-25,MIL,CLE,0,0.6106824
0022400146,2024-11-02,2024-25,SAS,MIN,1,0.4147022
0022400148,2024-11-02,2024-25,DEN,UTA,1,0.8530603
0022400149,2024-11-02,2024-25,PHX,POR,1,0.79592067
0022400150,2024-11-02,2024-25,LAC,OKC,0,0.41330558
0022400151,2024-11-03,2024-25,BKN,DET,0,0.61384183
0022400152,2024-11-03,2024-25,NOP,ATL,0,0.3762236
0022400153,2024-11-03,2024-25,DAL,ORL,1,0.7329095
0022400154,2024-11-04,2024-25,CLE,MIL,1,0.6315627
0022400155,2024-11-04,2024-25,WAS,GSW,0,0.18538383
0022400156,2024-11-04,2024-25,DET,LAL,1,0.23841183
0022400157,2024-11-04,2024-25,ATL,BOS,0,0.23947795
0022400158,2024-11-04,2024-25,BKN,MEM,1,0.48397204
0022400159,2024-11-04,2024-25,MIA,SAC,0,0.38811395
0022400160,2024-11-04,2024-25,CHI,UTA,0,0.8318145
0022400161,2024-11-04,2024-25,HOU,NYK,1,0.35868973
0022400162,2024-11-04,2024-25,MIN,CHA,1,0.82479376
0022400163,2024-11-04,2024-25,OKC,ORL,1,0.797239
0022400164,2024-11-04,2024-25,NOP,POR,0,0.389574
0022400165,2024-11-04,2024-25,DAL,IND,0,0.61852205
0022400166,2024-11-04,2024-25,DEN,TOR,1,0.8225942
0022400167,2024-11-04,2024-25,PHX,PHI,1,0.62619644
0022400168,2024-11-04,2024-25,LAC,SAS,1,0.5365879
0022400169,2024-11-06,2024-25,CHA,DET,1,0.3837902
0022400170,2024-11-06,2024-25,IND,ORL,1,0.77515423
0022400171,2024-11-06,2024-25,ATL,NYK,1,0.22004476
0022400172,2024-11-06,2024-25,BOS,GSW,0,0.6474096
0022400173,2024-11-06,2024-25,HOU,SAS,1,0.6628271
0022400174,2024-11-06,2024-25,MEM,LAL,1,0.45861763
0022400175,2024-11-06,2024-25,NOP,CLE,0,0.33248928
0022400176,2024-11-06,2024-25,DAL,CHI,1,0.7575647
0022400177,2024-11-06,2024-25,DEN,OKC,1,0.5482508
0022400178,2024-11-06,2024-25,PHX,MIA,1,0.5617139
0022400179,2024-11-06,2024-25,LAC,PHI,1,0.46202505
0022400180,2024-11-06,2024-25,SAC,TOR,1,0.841173
0022400181,2024-11-07,2024-25,CHI,MIN,0,0.2437178
0022400182,2024-11-07,2024-25,MIL,UTA,1,0.805473
0022400183,2024-11-07,2024-25,SAS,POR,1,0.542358
0022400184,2024-11-08,2024-25,CHA,IND,1,0.2826912
0022400185,2024-11-08,2024-25,DET,ATL,1,0.5231624
0022400186,2024-11-08,2024-25,ORL,NOP,1,0.62618244
0022400187,2024-11-08,2024-25,BOS,BKN,1,0.7646727
0022400188,2024-11-08,2024-25,CLE,GSW,1,0.51587355
0022400189,2024-11-08,2024-25,NYK,MIL,1,0.68221337
0022400190,2024-11-08,2024-25,DAL,PHX,0,0.55611455
0022400191,2024-11-08,2024-25,MEM,WAS,1,0.7241131
0022400192,2024-11-08,2024-25,OKC,HOU,1,0.60757124
0022400193,2024-11-08,2024-25,MIN,POR,1,0.7680831
0022400194,2024-11-08,2024-25,DEN,MIA,1,0.6385494
0022400195,2024-11-08,2024-25,LAL,PHI,1,0.7030491
0022400196,2024-11-08,2024-25,SAC,LAC,0,0.705864
0022400197,2024-11-09,2024-25,SAS,UTA,0,0.8112383
0022400198,2024-11-09,2024-25,ATL,CHI,0,0.51116496
0022400199,2024-11-09,2024-25,CLE,BKN,1,0.7379749
0022400200,2024-11-09,2024-25,LAC,TOR,1,0.60730183
0022400201,2024-11-10,2024-25,DET,HOU,0,0.41729143
0022400202,2024-11-10,2024-25,MIL,BOS,0,0.37967736
0022400203,2024-11-10,2024-25,IND,NYK,1,0.26503178
0022400204,2024-11-10,2024-25,ORL,WAS,1,0.7185242
0022400205,2024-11-10,2024-25,PHI,CHA,1,0.7033249
0022400206,2024-11-10,2024-25,MIN,MIA,0,0.64777744
0022400207,2024-11-10,2024-25,OKC,GSW,0,0.5719106
0022400208,2024-11-10,2024-25,DEN,DAL,1,0.56943136
0022400209,2024-11-10,2024-25,PHX,SAC,0,0.36784956
0022400210,2024-11-10,2024-25,POR,MEM,0,0.4576826
0022400211,2024-11-10,2024-25,LAL,TOR,1,0.7783031
0022400212,2024-11-11,2024-25,CHI,CLE,0,0.29189697
0022400213,2024-11-11,2024-25,HOU,WAS,1,0.7699721
0022400214,2024-11-11,2024-25,NOP,BKN,0,0.44886863
0022400215,2024-11-11,2024-25,OKC,LAC,1,0.52137554
0022400216,2024-11-11,2024-25,SAS,SAC,1,0.37113467
0022400001,2024-11-12,2024-25,BOS,ATL,0,0.79773134
0022400002,2024-11-12,2024-25,DET,MIA,1,0.37026486
0022400003,2024-11-12,2024-25,ORL,CHA,1,0.67510235
0022400004,2024-11-12,2024-25,PHI,NYK,0,0.413152
0022400005,2024-11-12,2024-25,MIL,TOR,1,0.7130625
0022400006,2024-11-12,2024-25,UTA,PHX,0,0.19649798
0022400007,2024-11-12,2024-25,GSW,DAL,1,0.46152347
0022400008,2024-11-12,2024-25,POR,MIN,1,0.22264141
0022400217,2024-11-13,2024-25,ORL,IND,1,0.3556793
0022400218,2024-11-13,2024-25,BKN,BOS,0,0.32632107
0022400219,2024-11-13,2024-25,NYK,CHI,0,0.75840145
0022400220,2024-11-13,2024-25,PHI,CLE,0,0.24194308
0022400221,2024-11-13,2024-25,OKC,NOP,1,0.8317533
0022400222,2024-11-13,2024-25,HOU,LAC,1,0.48434526
0022400223,2024-11-13,2024-25,MIL,DET,1,0.7337303
0022400224,2024-11-13,2024-25,SAS,WAS,1,0.7938051
0022400225,2024-11-13,2024-25,LAL,MEM,1,0.6910747
0022400226,2024-11-13,2024-25,POR,MIN,1,0.22189716
0022400227,2024-11-13,2024-25,SAC,PHX,1,0.8225734
0022400228,2024-11-14,2024-25,UTA,DAL,1,0.16717324
0022400009,2024-11-15,2024-25,IND,MIA,0,0.46502724
0022400010,2024-11-15,2024-25,ORL,PHI,1,0.4002481
0022400011,2024-11-15,2024-25,TOR,DET,0,0.4671229
0022400012,2024-11-15,2024-25,ATL,WAS,1,0.77660096
0022400013,2024-11-15,2024-25,CLE,CHI,1,0.73870754
0022400014,2024-11-15,2024-25,NYK,BKN,1,0.7114262
0022400015,2024-11-15,2024-25,SAS,LAL,0,0.41829288
0022400016,2024-11-15,2024-25,HOU,LAC,1,0.5081584
0022400017,2024-11-15,2024-25,NOP,DEN,1,0.2867007
0022400018,2024-11-15,2024-25,OKC,PHX,1,0.7476373
0022400019,2024-11-15,2024-25,GSW,MEM,1,0.6525106
0022400020,2024-11-15,2024-25,SAC,MIN,0,0.5753277
0022400229,2024-11-16,2024-25,CHA,MIL,1,0.27735195
0022400230,2024-11-16,2024-25,BOS,TOR,1,0.86738163
0022400231,2024-11-16,2024-25,NOP,LAL,0,0.18716186
0022400232,2024-11-16,2024-25,DAL,SAS,1,0.79255813
0022400233,2024-11-16,2024-25,SAC,UTA,1,0.8198195
0022400234,2024-11-17,2024-25,MIN,PHX,1,0.7118046
0022400235,2024-11-17,2024-25,IND,MIA,1,0.46062294
0022400236,2024-11-17,2024-25,CLE,CHA,1,0.8280588
0022400237,2024-11-17,2024-25,WAS,DET,0,0.37585908
0022400238,2024-11-17,2024-25,MEM,DEN,1,0.60561
0022400239,2024-11-17,2024-25,POR,ATL,1,0.3804689
0022400240,2024-11-17,2024-25,NYK,BKN,1,0.80378777
0022400241,2024-11-17,2024-25,CHI,HOU,0,0.40323713
0022400242,2024-11-17,2024-25,OKC,DAL,0,0.6888853
0022400243,2024-11-17,2024-25,LAC,UTA,1,0.8442114
0022400244,2024-11-18,2024-25,DET,CHI,0,0.6215083
0022400245,2024-11-18,2024-25,MIA,PHI,1,0.47425613
0022400246,2024-11-18,2024-25,NYK,WAS,1,0.8390242
0022400247,2024-11-18,2024-25,TOR,IND,1,0.5390791
0022400248,2024-11-18,2024-25,MIL,HOU,1,0.63401073
0022400249,2024-11-18,2024-25,PHX,ORL,0,0.44237986
0022400250,2024-11-18,2024-25,SAC,ATL,0,0.745511
0022400251,2024-11-18,2024-25,LAC,GSW,1,0.36914855
0022400021,2024-11-19,2024-25,BOS,CLE,1,0.59909075
0022400022,2024-11-19,2024-25,BKN,CHA,1,0.5129702
0022400023,2024-11-19,2024-25,MEM,DEN,0,0.6259963
0022400024,2024-11-19,2024-25,DAL,NOP,1,0.85490113
0022400025,2024-11-19,2024-25,SAS,OKC,1,0.33578566
0022400026,2024-11-19,2024-25,LAL,UTA,1,0.8502282
0022400252,2024-11-20,2024-25,CLE,NOP,1,0.8934434
0022400253,2024-11-20,2024-25,MIL,CHI,1,0.710489
0022400254,2024-11-20,2024-25,HOU,IND,1,0.65243626
0022400255,2024-11-20,2024-25,MEM,PHI,1,0.34915453
0022400256,2024-11-20,2024-25,OKC,POR,1,0.8091337
0022400257,2024-11-20,2024-25,PHX,NYK,0,0.27359182
0022400258,2024-11-20,2024-25,GSW,ATL,1,0.6315291
0022400259,2024-11-20,2024-25,LAC,ORL,1,0.5907602
0022400260,2024-11-21,2024-25,CHA,DET,1,0.3993893
0022400261,2024-11-21,2024-25,TOR,MIN,1,0.3550636
0022400262,2024-11-21,2024-25,SAS,UTA,1,0.7688409
0022400263,2024-11-21,2024-25,LAL,ORL,0,0.7854437
0022400027,2024-11-22,2024-25,PHI,BKN,1,0.5271587
0022400028,2024-11-22,2024-25,WAS,BOS,0,0.16133909
0022400029,2024-11-22,2024-25,MIL,IND,1,0.68908274
0022400030,2024-11-22,2024-25,CHI,ATL,1,0.41625005
0022400031,2024-11-22,2024-25,HOU,POR,1,0.77463734
0022400032,2024-11-22,2024-25,NOP,GSW,0,0.19015059
0022400033,2024-11-22,2024-25,DEN,DAL,0,0.63074887
0022400034,2024-11-22,2024-25,LAC,SAC,1,0.3273796
0022400264,2024-11-23,2024-25,UTA,NYK,1,0.1570809
0022400265,2024-11-23,2024-25,ORL,DET,1,0.6088439
0022400266,2024-11-23,2024-25,CHI,MEM,0,0.4004385
0022400267,2024-11-23,2024-25,HOU,POR,0,0.8165791
0022400268,2024-11-23,2024-25,MIL,CHA,1,0.75715923
0022400269,2024-11-23,2024-25,SAS,GSW,1,0.5081887
0022400270,2024-11-23,2024-25,LAL,DEN,0,0.5755378
0022400271,2024-11-24,2024-25,BOS,MIN,1,0.7092311
0022400272,2024-11-24,2024-25,IND,WAS,1,0.7606693
0022400273,2024-11-24,2024-25,MIA,DAL,1,0.5900004
0022400274,2024-11-24,2024-25,PHI,LAC,0,0.40606186
0022400275,2024-11-24,2024-25,CLE,TOR,1,0.7715642
0022400276,2024-11-24,2024-25,SAC,BKN,0,0.849266
0022400277,2024-11-25,2024-25,CHA,ORL,0,0.33724704
0022400278,2024-11-25,2024-25,DET,TOR,1,0.57252574
0022400279,2024-11-25,2024-25,IND,NOP,1,0.6117679
0022400280,2024-11-25,2024-25,ATL,DAL,0,0.5946707
0022400281,2024-11-25,2024-25,BOS,LAC,1,0.75415903
0022400282,2024-11-25,2024-25,MEM,POR,1,0.84067684
0022400283,2024-11-25,2024-25,DEN,NYK,0,0.5353392
0022400284,2024-11-25,2024-25,GSW,BKN,0,0.78282964
0022400285,2024-11-25,2024-25,SAC,OKC,0,0.41025257
0022400035,2024-11-26,2024-25,WAS,CHI,0,0.32464868
0022400036,2024-11-26,2024-25,MIA,MIL,0,0.64662313
0022400037,2024-11-26,2024-25,MIN,HOU,0,0.45201507
0022400038,2024-11-26,2024-25,UTA,SAS,0,0.2943479
0022400039,2024-11-26,2024-25,PHX,LAL,1,0.5015905
0022400286,2024-11-27,2024-25,CHA,MIA,0,0.30677143
0022400287,2024-11-27,2024-25,CLE,ATL,0,0.75138754
0022400288,2024-11-27,2024-25,IND,POR,1,0.74962735
0022400289,2024-11-27,2024-25,ORL,CHI,1,0.63735306
0022400290,2024-11-27,2024-25,PHI,HOU,0,0.3121898
0022400291,2024-11-27,2024-25,WAS,LAC,0,0.22260666
0022400292,2024-11-27,2024-25,DAL,NYK,1,0.30461282
0022400293,2024-11-27,2024-25,MEM,DET,1,0.72926855
0022400294,2024-11-27,2024-25,MIN,SAC,0,0.44787684
0022400295,2024-11-27,2024-25,NOP,TOR,0,0.44964898
0022400296,2024-11-27,2024-25,SAS,LAL,0,0.52947384
0022400297,2024-11-27,2024-25,PHX,BKN,0,0.68809277
0022400298,2024-11-27,2024-25,UTA,DEN,0,0.13799404
0022400299,2024-11-27,2024-25,GSW,OKC,0,0.28724897
0022400040,2024-11-29,2024-25,CHA,NYK,0,0.1399215
0022400041,2024-11-29,2024-25,ATL,CLE,1,0.30684304
0022400042,2024-11-29,2024-25,MEM,NOP,1,0.7861602
0022400043,2024-11-29,2024-25,BKN,ORL,0,0.34079945
0022400044,2024-11-29,2024-25,MIN,LAC,1,0.65162694
0022400045,2024-11-29,2024-25,IND,DET,0,0.49753752
0022400046,2024-11-29,2024-25,MIA,TOR,1,0.66184235
0022400047,2024-11-29,2024-25,CHI,BOS,0,0.20936172
0022400048,2024-11-29,2024-25,LAL,OKC,0,0.3817331
0022400049,2024-11-29,2024-25,POR,SAC,1,0.21164447
0022400300,2024-11-30,2024-25,CHA,ATL,0,0.28242472
0022400301,2024-11-30,2024-25,DET,PHI,0,0.49767512
0022400302,2024-11-30,2024-25,MIL,WAS,1,0.87244344
0022400303,2024-11-30,2024-25,PHX,GSW,1,0.4618863
0022400304,2024-11-30,2024-25,UTA,DAL,0,0.2729256
0022400305,2024-12-01,2024-25,BKN,ORL,0,0.3590423
0022400306,2024-12-01,2024-25,MEM,IND,1,0.7302175
0022400307,2024-12-01,2024-25,CLE,BOS,1,0.44811046
0022400308,2024-12-01,2024-25,NYK,NOP,1,0.7998062
0022400309,2024-12-01,2024-25,TOR,MIA,1,0.38432705
0022400310,2024-12-01,2024-25,HOU,OKC,1,0.46255913
0022400311,2024-12-01,2024-25,UTA,LAL,0,0.21209782
0022400312,2024-12-01,2024-25,POR,DAL,0,0.29889187
0022400313,2024-12-01,2024-25,SAC,SAS,0,0.68689024
0022400314,2024-12-01,2024-25,LAC,DEN,1,0.31887037
0022400315,2024-12-02,2024-25,ATL,NOP,1,0.7675028
0022400316,2024-12-02,2024-25,BOS,MIA,1,0.73430115
0022400317,2024-12-02,2024-25,CHI,BKN,1,0.74117005
0022400318,2024-12-02,2024-25,MIN,LAL,1,0.6433245
0022400050,2024-12-03,2024-25,CHA,PHI,0,0.3543325
0022400051,2024-12-03,2024-25,CLE,WAS,1,0.8892714
0022400052,2024-12-03,2024-25,DET,MIL,0,0.39316708
0022400053,2024-12-03,2024-25,NYK,ORL,1,0.6895931
0022400054,2024-12-03,2024-25,TOR,IND,1,0.5568786
0022400055,2024-12-03,2024-25,OKC,UTA,1,0.8574005
0022400056,2024-12-03,2024-25,DAL,MEM,1,0.51807064
0022400057,2024-12-03,2024-25,PHX,SAS,1,0.53127164
0022400058,2024-12-03,2024-25,DEN,GSW,1,0.740888
0022400059,2024-12-03,2024-25,SAC,HOU,1,0.49632916
0022400060,2024-12-03,2024-25,LAC,POR,1,0.76026684
0022400319,2024-12-04,2024-25,BOS,DET,1,0.7982247
0022400320,2024-12-04,2024-25,BKN,IND,1,0.5431127
0022400321,2024-12-04,2024-25,MIA,LAL,1,0.58051205
0022400322,2024-12-04,2024-25,PHI,ORL,0,0.39968774
0022400323,2024-12-04,2024-25,MIL,ATL,0,0.55920565
0022400324,2024-12-04,2024-25,LAC,MIN,0,0.32643136
0022400325,2024-12-05,2024-25,CLE,DEN,1,0.5245149
0022400326,2024-12-05,2024-25,WAS,DAL,0,0.14316495
0022400327,2024-12-05,2024-25,NYK,CHA,1,0.8348889
0022400328,2024-12-05,2024-25,TOR,OKC,0,0.25619516
0022400329,2024-12-05,2024-25,MEM,SAC,1,0.54943657
0022400330,2024-12-05,2024-25,NOP,PHX,1,0.41951725
0022400331,2024-12-05,2024-25,SAS,CHI,0,0.58427167
0022400332,2024-12-05,2024-25,GSW,HOU,1,0.29156613
0022400333,2024-12-06,2024-25,PHI,ORL,1,0.47137406
0022400334,2024-12-06,2024-25,ATL,LAL,1,0.6527058
0022400335,2024-12-06,2024-25,BOS,MIL,1,0.6811732
0022400336,2024-12-06,2024-25,CHI,IND,0,0.49973205
0022400337,2024-12-06,2024-25,SAS,SAC,0,0.3054134
0022400338,2024-12-06,2024-25,GSW,MIN,0,0.39392442
0022400339,2024-12-06,2024-25,POR,UTA,0,0.6034256
0022400340,2024-12-07,2024-25,CHA,CLE,0,0.1631306
0022400341,2024-12-07,2024-25,WAS,DEN,1,0.13151395
0022400342,2024-12-07,2024-25,NOP,OKC,0,0.21377008
0022400343,2024-12-07,2024-25,NYK,DET,0,0.68990076
0022400344,2024-12-07,2024-25,TOR,DAL,0,0.33958656
0022400345,2024-12-07,2024-25,BOS,MEM,0,0.6455006
0022400346,2024-12-07,2024-25,MIA,PHX,1,0.6332918
0022400347,2024-12-08,2024-25,CHI,PHI,0,0.43492585
0022400348,2024-12-08,2024-25,BKN,MIL,0,0.28788385
0022400349,2024-12-08,2024-25,IND,CHA,0,0.8102158
0022400350,2024-12-08,2024-25,ATL,DEN,0,0.37653628
0022400351,2024-12-08,2024-25,MIA,CLE,1,0.41748902
0022400352,2024-12-08,2024-25,ORL,PHX,1,0.5699324
0022400353,2024-12-08,2024-25,WAS,MEM,0,0.1796239
0022400354,2024-12-08,2024-25,SAS,NOP,1,0.72588116
0022400355,2024-12-08,2024-25,GSW,MIN,1,0.36254367
0022400356,2024-12-08,2024-25,LAC,HOU,0,0.3498467
0022400357,2024-12-08,2024-25,SAC,UTA,1,0.8079636
0022400358,2024-12-08,2024-25,LAL,POR,1,0.704059
0022400359,2024-12-09,2024-25,TOR,NYK,0,0.27084652
0022401201,2024-12-10,2024-25,MIL,ORL,1,0.71935624
0022401203,2024-12-10,2024-25,OKC,DAL,1,0.63846844
0022401202,2024-12-11,2024-25,NYK,ATL,0,0.7275287
0022401204,2024-12-11,2024-25,HOU,GSW,1,0.7385482
0022401205,2024-12-12,2024-25,BOS,DET,1,0.7388379
0022401206,2024-12-12,2024-25,MIA,TOR,1,0.7361091
0022401207,2024-12-12,2024-25,NOP,SAC,0,0.26553664
0022401208,2024-12-13,2024-25,CLE,WAS,1,0.9067889
0022401209,2024-12-13,2024-25,PHI,IND,0,0.63366544
0022401210,2024-12-13,2024-25,MIN,LAL,1,0.6492191
0022401211,2024-12-13,2024-25,MEM,BKN,1,0.7952861
0022401212,2024-12-13,2024-25,CHI,CHA,1,0.64700305
0022401213,2024-12-13,2024-25,DEN,LAC,1,0.76859325
0022401214,2024-12-13,2024-25,UTA,PHX,0,0.28005266
0022401215,2024-12-13,2024-25,POR,SAS,0,0.23537421
0022401216,2024-12-15,2024-25,IND,NOP,1,0.6064008
0022401217,2024-12-15,2024-25,WAS,BOS,0,0.09258415
0022401218,2024-12-15,2024-25,SAS,MIN,0,0.44683498
0022401219,2024-12-15,2024-25,PHX,POR,1,0.77342767
0022401220,2024-12-15,2024-25,LAL,MEM,1,0.3400659
0022401227,2024-12-15,2024-25,ORL,NYK,0,0.24839841
0022401228,2024-12-15,2024-25,GSW,DAL,0,0.3763197
0022401221,2024-12-16,2024-25,DET,MIA,1,0.3241847
0022401222,2024-12-16,2024-25,CHA,PHI,0,0.5034742
0022401223,2024-12-16,2024-25,TOR,CHI,0,0.4744356
0022401224,2024-12-16,2024-25,BKN,CLE,0,0.22376785
0022401225,2024-12-16,2024-25,SAC,DEN,0,0.42962795
0022401226,2024-12-16,2024-25,LAC,UTA,1,0.73572385
0022400360,2024-12-19,2024-25,DET,UTA,0,0.7381967
0022400361,2024-12-19,2024-25,ORL,OKC,0,0.24635544
0022400362,2024-12-19,2024-25,WAS,CHA,1,0.27935275
0022400363,2024-12-19,2024-25,BOS,CHI,0,0.8416329
0022400364,2024-12-19,2024-25,TOR,BKN,0,0.58142996
0022400365,2024-12-19,2024-25,HOU,NOP,1,0.8034552
0022400366,2024-12-19,2024-25,MEM,GSW,1,0.63819677
0022400367,2024-12-19,2024-25,MIN,NYK,0,0.49861738
0022400368,2024-12-19,2024-25,DAL,LAC,0,0.48577908
0022400369,2024-12-19,2024-25,PHX,IND,0,0.600341
0022400370,2024-12-19,2024-25,SAS,ATL,1,0.49082342
0022400371,2024-12-19,2024-25,POR,DEN,1,0.16902499
0022400372,2024-12-19,2024-25,SAC,LAL,0,0.6979649
0022400373,2024-12-20,2024-25,PHI,CHA,1,0.8125304
0022400374,2024-12-20,2024-25,CLE,MIL,1,0.59165645
0022400375,2024-12-20,2024-25,MIA,OKC,0,0.45451704
0022400376,2024-12-21,2024-25,SAC,LAL,0,0.6958736
0022400377,2024-12-21,2024-25,ORL,MIA,1,0.5276526
0022400378,2024-12-21,2024-25,ATL,MEM,0,0.334221
0022400379,2024-12-21,2024-25,BKN,UTA,0,0.51803017
0022400380,2024-12-21,2024-25,CLE,PHI,1,0.7920931
0022400381,2024-12-21,2024-25,CHI,BOS,0,0.25411445
0022400382,2024-12-21,2024-25,MIL,WAS,1,0.79777306
0022400383,2024-12-21,2024-25,MIN,GSW,0,0.75204
0022400384,2024-12-21,2024-25,NOP,NYK,0,0.19460823
0022400385,2024-12-21,2024-25,DAL,LAC,1,0.5417072
0022400386,2024-12-21,2024-25,SAS,POR,1,0.7693804
0022400387,2024-12-21,2024-25,PHX,DET,0,0.5961121
0022400388,2024-12-22,2024-25,TOR,HOU,0,0.2661398
0022400389,2024-12-22,2024-25,SAC,IND,0,0.59098667
0022400390,2024-12-22,2024-25,NOP,DEN,0,0.15552144
0022400391,2024-12-23,2024-25,CHA,HOU,0,0.34086427
0022400392,2024-12-23,2024-25,CLE,UTA,1,0.8528676
0022400393,2024-12-23,2024-25,ORL,BOS,1,0.27781868
0022400394,2024-12-23,2024-25,PHI,SAS,1,0.43512303
0022400395,2024-12-23,2024-25,ATL,MIN,1,0.40167916
0022400396,2024-12-23,2024-25,MIA,BKN,1,0.7901738
0022400397,2024-12-23,2024-25,NYK,TOR,1,0.81706876
0022400398,2024-12-23,2024-25,CHI,MIL,0,0.42335263
0022400399,2024-12-23,2024-25,MEM,LAC,0,0.6479673
0022400400,2024-12-23,2024-25,OKC,WAS,1,0.90876955
0022400401,2024-12-23,2024-25,DAL,POR,1,0.8375109
0022400402,2024-12-23,2024-25,DEN,PHX,1,0.6821495
0022400403,2024-12-23,2024-25,GSW,IND,0,0.48707217
0022400404,2024-12-23,2024-25,LAL,DET,0,0.5788465
0022400405,2024-12-25,2024-25,NYK,SAS,1,0.7252651
0022400406,2024-12-25,2024-25,DAL,MIN,0,0.6010518
0022400407,2024-12-25,2024-25,BOS,PHI,0,0.7328334
0022400408,2024-12-25,2024-25,GSW,LAL,0,0.4567035
0022400409,2024-12-25,2024-25,PHX,DEN,1,0.2671634
0022400410,2024-12-26,2024-25,IND,OKC,0,0.3170687
0022400411,2024-12-26,2024-25,ORL,MIA,0,0.446533
0022400412,2024-12-26,2024-25,WAS,CHA,1,0.29664004
0022400413,2024-12-26,2024-25,ATL,CHI,1,0.72069496
0022400414,2024-12-26,2024-25,MEM,TOR,1,0.79247653
0022400415,2024-12-26,2024-25,MIL,BKN,0,0.79251
0022400416,2024-12-26,2024-25,NOP,HOU,0,0.24531767
0022400417,2024-12-26,2024-25,POR,UTA,1,0.56411093
0022400418,2024-12-26,2024-25,SAC,DET,0,0.5782918
0022400419,2024-12-27,2024-25,ORL,NYK,0,0.25123873
0022400420,2024-12-27,2024-25,BOS,IND,1,0.8024765
0022400421,2024-12-27,2024-25,BKN,SAS,0,0.19985572
0022400422,2024-12-27,2024-25,HOU,MIN,0,0.4713042
0022400423,2024-12-27,2024-25,NOP,MEM,0,0.21475855
0022400424,2024-12-27,2024-25,DEN,CLE,0,0.49662417
0022400425,2024-12-27,2024-25,PHX,DAL,0,0.47798675
0022400426,2024-12-27,2024-25,LAC,GSW,1,0.78447723
0022400427,2024-12-28,2024-25,ATL,MIA,1,0.5194917
0022400428,2024-12-28,2024-25,CHA,OKC,0,0.15229517
0022400429,2024-12-28,2024-25,WAS,NYK,0,0.13956001
0022400430,2024-12-28,2024-25,CHI,MIL,1,0.37448978
0022400431,2024-12-28,2024-25,GSW,PHX,1,0.55308807
0022400432,2024-12-28,2024-25,DEN,DET,1,0.68951017
0022400433,2024-12-28,2024-25,UTA,PHI,0,0.2515441
0022400434,2024-12-28,2024-25,POR,DAL,1,0.33591917
0022400435,2024-12-28,2024-25,LAL,SAC,1,0.4017368
0022400436,2024-12-29,2024-25,ORL,BKN,1,0.6929734
0022400437,2024-12-29,2024-25,BOS,IND,0,0.78011495
0022400438,2024-12-29,2024-25,TOR,ATL,0,0.45495087
0022400439,2024-12-29,2024-25,HOU,MIA,0,0.7655056
0022400440,2024-12-29,2024-25,OKC,MEM,1,0.6681582
0022400441,2024-12-29,2024-25,MIN,SAS,1,0.6091694
0022400442,2024-12-30,2024-25,CHA,CHI,0,0.29230762
0022400443,2024-12-30,2024-25,WAS,NYK,0,0.12302921
0022400444,2024-12-30,2024-25,NOP,LAC,0,0.23074411
0022400445,2024-12-30,2024-25,UTA,DEN,0,0.17622897
0022400446,2024-12-30,2024-25,GSW,CLE,0,0.28022787
0022400447,2024-12-30,2024-25,POR,PHI,0,0.30523145
0022400448,2024-12-30,2024-25,SAC,DAL,1,0.75841165
0022400449,2024-12-31,2024-25,BOS,TOR,1,0.8640479
0022400450,2024-12-31,2024-25,IND,MIL,0,0.3472532
0022400451,2024-12-31,2024-25,SAS,LAC,1,0.57431036
0022400452,2024-12-31,2024-25,OKC,MIN,1,0.6852859
0022400453,2024-12-31,2024-25,PHX,MEM,0,0.40326217
0022400454,2024-12-31,2024-25,LAL,CLE,0,0.4391994
0022400455,2025-01-01,2024-25,DET,ORL,1,0.5713808
0022400456,2025-01-01,2024-25,WAS,CHI,1,0.27322114
0022400457,2025-01-01,2024-25,MIA,NOP,1,0.79912364
0022400458,2025-01-01,2024-25,NYK,UTA,1,0.8617163
0022400459,2025-01-01,2024-25,TOR,BKN,1,0.5515494
0022400460,2025-01-01,2024-25,HOU,DAL,1,0.6704213
0022400461,2025-01-01,2024-25,DEN,ATL,1,0.7118945
0022400462,2025-01-01,2024-25,SAC,PHI,1,0.7522574
0022400463,2025-01-02,2024-25,MIA,IND,0,0.52855223
0022400464,2025-01-02,2024-25,MIN,BOS,0,0.39058024
0022400465,2025-01-02,2024-25,MIL,BKN,0,0.8535862
0022400466,2025-01-02,2024-25,OKC,LAC,1,0.7656176
0022400467,2025-01-02,2024-25,GSW,PHI,1,0.48146018
0022400468,2025-01-02,2024-25,LAL,POR,1,0.74101263
0022400469,2025-01-03,2024-25,DET,CHA,1,0.73749596
0022400470,2025-01-03,2024-25,TOR,ORL,0,0.50827014
0022400471,2025-01-03,2024-25,HOU,BOS,0,0.45686293
0022400472,2025-01-03,2024-25,NOP,WAS,1,0.62508655
0022400473,2025-01-03,2024-25,OKC,NYK,1,0.40078178
0022400474,2025-01-03,2024-25,DAL,CLE,0,0.26482752
0022400475,2025-01-03,2024-25,DEN,SAS,0,0.6933443
0022400476,2025-01-03,2024-25,SAC,MEM,1,0.512422
0022400477,2025-01-03,2024-25,LAL,ATL,1,0.42961255
0022400478,2025-01-04,2024-25,BKN,PHI,0,0.22509268
0022400479,2025-01-04,2024-25,DET,MIN,1,0.32248592
0022400480,2025-01-04,2024-25,IND,PHX,1,0.6314132
0022400481,2025-01-04,2024-25,MIA,UTA,0,0.70992064
0022400482,2025-01-04,2024-25,CHI,NYK,1,0.28701824
0022400483,2025-01-04,2024-25,MIL,POR,0,0.8516981
0022400484,2025-01-04,2024-25,SAS,DEN,0,0.35629943
0022400485,2025-01-04,2024-25,GSW,MEM,1,0.36436367
0022400486,2025-01-04,2024-25,LAC,ATL,1,0.7615042
0022400487,2025-01-05,2024-25,OKC,BOS,1,0.49811846
0022400488,2025-01-05,2024-25,CLE,CHA,1,0.82054925
0022400489,2025-01-05,2024-25,WAS,NOP,0,0.39688256
0022400490,2025-01-05,2024-25,ORL,UTA,0,0.6864157
0022400491,2025-01-05,2024-25,HOU,LAL,1,0.57110643
0022400492,2025-01-05,2024-25,GSW,SAC,0,0.37862846
0022400493,2025-01-06,2024-25,DET,POR,1,0.69426805
0022400494,2025-01-06,2024-25,PHI,PHX,0,0.5253392
0022400495,2025-01-06,2024-25,BKN,IND,0,0.17076169
0022400496,2025-01-06,2024-25,NYK,ORL,0,0.8246442
0022400497,2025-01-06,2024-25,TOR,MIL,0,0.29668075
0022400498,2025-01-06,2024-25,CHI,SAS,1,0.44228858
0022400499,2025-01-06,2024-25,MEM,DAL,1,0.5933078
0022400500,2025-01-06,2024-25,MIN,LAC,1,0.44614285
0022400501,2025-01-06,2024-25,SAC,MIA,1,0.5035128
0022400502,2025-01-07,2024-25,CHA,PHX,1,0.5032878
0022400503,2025-01-07,2024-25,WAS,HOU,0,0.21438989
0022400504,2025-01-07,2024-25,DAL,LAL,1,0.35795045
0022400505,2025-01-07,2024-25,NOP,MIN,0,0.4486332
0022400506,2025-01-07,2024-25,UTA,ATL,0,0.35268566
0022400507,2025-01-07,2024-25,DEN,BOS,0,0.3289432
0022400508,2025-01-07,2024-25,GSW,MIA,0,0.45384914
0022400509,2025-01-08,2024-25,CLE,OKC,1,0.4792871
0022400510,2025-01-08,2024-25,IND,CHI,1,0.5753762
0022400511,2025-01-08,2024-25,NYK,TOR,1,0.8161898
0022400512,2025-01-08,2024-25,PHI,WAS,1,0.7947314
0022400513,2025-01-08,2024-25,BKN,DET,0,0.24478078
0022400514,2025-01-08,2024-25,NOP,POR,0,0.521826
0022400515,2025-01-08,2024-25,DEN,LAC,1,0.39899546
0022400516,2025-01-08,2024-25,MIL,SAS,1,0.7083525
0022400517,2025-01-09,2024-25,CLE,TOR,1,0.7910277
0022400518,2025-01-09,2024-25,DET,GSW,0,0.56633407
0022400519,2025-01-09,2024-25,ORL,MIN,0,0.40501076
0022400520,2025-01-09,2024-25,MEM,HOU,0,0.678148
0022400521,2025-01-09,2024-25,DAL,POR,1,0.7561944
0022400522,2025-01-09,2024-25,PHX,ATL,1,0.51408494
0022400523,2025-01-09,2024-25,UTA,MIA,0,0.30686957
0022400525,2025-01-10,2024-25,IND,GSW,1,0.8638345
0022400526,2025-01-10,2024-25,ORL,MIL,0,0.28571522
0022400527,2025-01-10,2024-25,PHI,NOP,0,0.76067185
0022400528,2025-01-10,2024-25,BOS,SAC,0,0.6978354
0022400529,2025-01-10,2024-25,NYK,OKC,0,0.5017199
0022400530,2025-01-10,2024-25,CHI,WAS,1,0.78914744
0022400531,2025-01-10,2024-25,DEN,BKN,1,0.8967826
0022400533,2025-01-11,2024-25,PHX,UTA,1,0.67249036
0022400534,2025-01-11,2024-25,DET,TOR,1,0.59711736
0022400535,2025-01-11,2024-25,MIN,MEM,0,0.4090882
0022400536,2025-01-11,2024-25,POR,MIA,0,0.26047048
0022400539,2025-01-12,2024-25,NYK,MIL,1,0.62536347
0022400540,2025-01-12,2024-25,DAL,DEN,0,0.28041598
0022400541,2025-01-12,2024-25,CHI,SAC,0,0.3675731
0022400542,2025-01-12,2024-25,BOS,NOP,1,0.84299254
0022400543,2025-01-12,2024-25,CLE,IND,0,0.7360764
0022400544,2025-01-12,2024-25,ORL,PHI,1,0.5084597
0022400545,2025-01-12,2024-25,WAS,OKC,0,0.13425098
0022400546,2025-01-12,2024-25,UTA,BKN,1,0.53017783
0022400547,2025-01-12,2024-25,PHX,CHA,1,0.5730794
0022400548,2025-01-13,2024-25,WAS,MIN,0,0.17311665
0022400549,2025-01-13,2024-25,NYK,DET,0,0.7829776
0022400550,2025-01-13,2024-25,TOR,GSW,1,0.6221204
0022400551,2025-01-13,2024-25,HOU,MEM,1,0.402746
0022400552,2025-01-13,2024-25,LAL,SAS,0,0.5990191
0022400553,2025-01-13,2024-25,LAC,MIA,1,0.6335414
0022400554,2025-01-14,2024-25,IND,CLE,0,0.28447264
0022400555,2025-01-14,2024-25,PHI,OKC,0,0.16245978
0022400556,2025-01-14,2024-25,ATL,PHX,1,0.48540658
0022400557,2025-01-14,2024-25,CHI,NOP,0,0.6866982
0022400558,2025-01-14,2024-25,MIL,SAC,1,0.5589549
0022400559,2025-01-14,2024-25,DAL,DEN,0,0.34344584
0022400560,2025-01-14,2024-25,POR,BKN,0,0.54674214
0022400561,2025-01-15,2024-25,PHI,NYK,0,0.25221878
0022400562,2025-01-15,2024-25,TOR,BOS,1,0.21988133
0022400563,2025-01-15,2024-25,CHI,ATL,0,0.7123351
0022400564,2025-01-15,2024-25,MIL,ORL,1,0.7244295
0022400565,2025-01-15,2024-25,MIN,GSW,0,0.8031603
0022400566,2025-01-15,2024-25,NOP,DAL,1,0.42489403
0022400567,2025-01-15,2024-25,SAS,MEM,0,0.35393095
0022400568,2025-01-15,2024-25,DEN,HOU,0,0.4548304
0022400569,2025-01-15,2024-25,UTA,CHA,0,0.3293627
0022400570,2025-01-15,2024-25,LAL,MIA,1,0.50375795
0022400571,2025-01-15,2024-25,LAC,BKN,1,0.8723342
0022400572,2025-01-16,2024-25,DET,IND,0,0.38818398
0022400573,2025-01-16,2024-25,WAS,PHX,0,0.2110626
0022400574,2025-01-16,2024-25,OKC,CLE,1,0.5075699
0022400575,2025-01-16,2024-25,POR,LAC,0,0.27826425
0022400576,2025-01-16,2024-25,SAC,HOU,1,0.66167635
0022400577,2025-01-17,2024-25,BOS,ORL,1,0.8195467
0022400578,2025-01-17,2024-25,NYK,MIN,0,0.6457395
0022400579,2025-01-17,2024-25,MIA,DEN,0,0.3761114
0022400580,2025-01-17,2024-25,MIL,TOR,1,0.82857656
0022400581,2025-01-17,2024-25,NOP,UTA,1,0.67380023
0022400582,2025-01-17,2024-25,SAS,MEM,0,0.38594148
0022400583,2025-01-17,2024-25,DAL,OKC,1,0.47257528
0022400584,2025-01-17,2024-25,CHI,CHA,0,0.6247471
0022400585,2025-01-17,2024-25,LAL,BKN,1,0.79391986
0022400586,2025-01-18,2024-25,DET,PHX,0,0.41163996
0022400587,2025-01-18,2024-25,BOS,ATL,0,0.59189326
0022400588,2025-01-18,2024-25,IND,PHI,1,0.7648598
0022400589,2025-01-18,2024-25,GSW,WAS,1,0.71542394
0022400590,2025-01-18,2024-25,MIN,CLE,0,0.3032645
0022400591,2025-01-18,2024-25,POR,HOU,0,0.20959175
0022400592,2025-01-19,2024-25,MIA,SAS,1,0.63531375
0022400593,2025-01-19,2024-25,ORL,DEN,0,0.20099218
0022400594,2025-01-19,2024-25,MIL,PHI,1,0.8151334
0022400595,2025-01-19,2024-25,OKC,BKN,1,0.86766493
0022400596,2025-01-19,2024-25,LAC,LAL,1,0.5597948
0022400597,2025-01-19,2024-25,POR,CHI,1,0.24486452
0022400598,2025-01-19,2024-25,SAC,WAS,1,0.8948895
0022400599,2025-01-20,2024-25,CHA,DAL,1,0.4471655
0022400600,2025-01-20,2024-25,HOU,DET,0,0.759698
0022400601,2025-01-20,2024-25,MEM,MIN,1,0.69936544
0022400602,2025-01-20,2024-25,NYK,ATL,1,0.67204833
0022400603,2025-01-20,2024-25,CLE,PHX,1,0.65337265
0022400604,2025-01-20,2024-25,GSW,BOS,0,0.20905773
0022400605,2025-01-20,2024-25,NOP,UTA,1,0.6465786
0022400611,2025-01-20,2024-25,LAC,CHI,0,0.49749646
0022400606,2025-01-21,2024-25,BKN,NYK,0,0.15562601
0022400607,2025-01-21,2024-25,MIA,POR,0,0.7799793
0022400608,2025-01-21,2024-25,TOR,ORL,1,0.46792367
0022400609,2025-01-21,2024-25,DEN,PHI,1,0.8006732
0022400610,2025-01-21,2024-25,LAL,WAS,1,0.83692074
0022400612,2025-01-22,2024-25,ATL,DET,0,0.69687706
0022400613,2025-01-22,2024-25,BKN,PHX,0,0.16340649
0022400614,2025-01-22,2024-25,DAL,MIN,0,0.44128364
0022400615,2025-01-22,2024-25,HOU,CLE,1,0.494641
0022400616,2025-01-22,2024-25,MEM,CHA,1,0.7650095
0022400618,2025-01-22,2024-25,OKC,UTA,1,0.8236075
0022400619,2025-01-22,2024-25,SAC,GSW,1,0.82217604
0022400620,2025-01-22,2024-25,LAC,BOS,0,0.16374634
0022400622,2025-01-23,2024-25,ORL,POR,0,0.7714935
0022400623,2025-01-23,2024-25,ATL,TOR,0,0.7036013
0022400624,2025-01-23,2024-25,MIL,MIA,1,0.6983074
0022400625,2025-01-23,2024-25,OKC,DAL,0,0.8066775
0022400626,2025-01-23,2024-25,DEN,SAC,1,0.69163907
0022400628,2025-01-23,2024-25,GSW,CHI,1,0.29835814
0022400629,2025-01-23,2024-25,LAL,BOS,1,0.44874662
0022400983,2025-01-23,2024-25,LAC,WAS,1,0.81056714
0022400630,2025-01-24,2024-25,CHA,POR,0,0.44365156
0022400631,2025-01-24,2024-25,PHI,CLE,1,0.35715622
0022400632,2025-01-24,2024-25,MEM,NOP,1,0.7329166
0022400634,2025-01-25,2024-25,MIN,DEN,1,0.29573548
0022400635,2025-01-25,2024-25,DAL,BOS,0,0.3113457
0022400636,2025-01-25,2024-25,BKN,MIA,0,0.21263567
0022400637,2025-01-25,2024-25,CHA,NOP,1,0.41993037
0022400638,2025-01-25,2024-25,ORL,DET,1,0.56319886
0022400639,2025-01-25,2024-25,ATL,TOR,0,0.66576445
0022400640,2025-01-25,2024-25,CLE,HOU,0,0.50517887
0022400641,2025-01-25,2024-25,NYK,SAC,1,0.633009
0022400642,2025-01-25,2024-25,CHI,PHI,0,0.6545885
0022400643,2025-01-25,2024-25,MEM,UTA,1,0.7693072
0022400644,2025-01-25,2024-25,GSW,LAL,0,0.27504608
0022400645,2025-01-25,2024-25,PHX,WAS,1,0.81610113
0022400646,2025-01-25,2024-25,LAC,MIL,1,0.42216408
0022400647,2025-01-26,2024-25,POR,OKC,0,0.1862148
0022400648,2025-01-27,2024-25,CHA,LAL,0,0.31349996
0022400649,2025-01-27,2024-25,CLE,DET,1,0.7336211
0022400650,2025-01-27,2024-25,BOS,HOU,0,0.5229662
0022400651,2025-01-27,2024-25,BKN,SAC,0,0.1586044
0022400652,2025-01-27,2024-25,MIA,ORL,1,0.47452557
0022400653,2025-01-27,2024-25,NYK,MEM,1,0.61193943
0022400654,2025-01-27,2024-25,TOR,NOP,1,0.42829645
0022400655,2025-01-27,2024-25,CHI,DEN,1,0.23766811
0022400656,2025-01-27,2024-25,MIN,ATL,1,0.7682977
0022400657,2025-01-27,2024-25,DAL,WAS,1,0.74367553
0022400658,2025-01-27,2024-25,UTA,MIL,0,0.16397671
0022400659,2025-01-27,2024-25,PHX,LAC,1,0.5076624
0022400532,2025-01-28,2024-25,ATL,HOU,0,0.31905815
0022400660,2025-01-28,2024-25,PHI,LAL,1,0.33642545
0022400661,2025-01-28,2024-25,GSW,UTA,1,0.6228959
0022400662,2025-01-28,2024-25,POR,MIL,1,0.22747529
0022400663,2025-01-29,2024-25,CHA,BKN,0,0.54145247
0022400664,2025-01-29,2024-25,IND,DET,1,0.6815065
0022400665,2025-01-29,2024-25,WAS,TOR,0,0.34565577
0022400666,2025-01-29,2024-25,BOS,CHI,1,0.7705909
0022400667,2025-01-29,2024-25,MIA,CLE,0,0.41888958
0022400668,2025-01-29,2024-25,NYK,DEN,1,0.55147177
0022400669,2025-01-29,2024-25,PHI,SAC,1,0.2561314
0022400670,2025-01-29,2024-25,NOP,DAL,0,0.53533435
0022400671,2025-01-29,2024-25,SAS,LAC,0,0.45030734
0022400672,2025-01-29,2024-25,PHX,MIN,0,0.50209546
0022400673,2025-01-29,2024-25,GSW,OKC,1,0.17136294
0022400674,2025-01-30,2024-25,WAS,LAL,0,0.17103902
0022400675,2025-01-30,2024-25,CLE,ATL,1,0.7409336
0022400676,2025-01-30,2024-25,MEM,HOU,1,0.51554173
0022400677,2025-01-30,2024-25,UTA,MIN,0,0.35221595
0022400678,2025-01-30,2024-25,POR,ORL,1,0.37134382
0022400679,2025-01-31,2024-25,CHA,LAC,0,0.20715256
0022400680,2025-01-31,2024-25,DET,DAL,1,0.429415
0022400681,2025-01-31,2024-25,PHI,DEN,0,0.26564795
0022400682,2025-01-31,2024-25,TOR,CHI,0,0.5195146
0022400683,2025-01-31,2024-25,NOP,BOS,0,0.2277887
0022400684,2025-01-31,2024-25,SAS,MIL,1,0.2976706
0022400685,2025-01-31,2024-25,GSW,PHX,0,0.40285608
0022400686,2025-02-01,2024-25,IND,ATL,1,0.7535205
0022400687,2025-02-01,2024-25,UTA,ORL,1,0.3707577
0022400688,2025-02-01,2024-25,CHA,DEN,0,0.14992356
0022400689,2025-02-01,2024-25,HOU,BKN,0,0.8142279
0022400690,2025-02-01,2024-25,MIN,WAS,0,0.8372286
0022400691,2025-02-01,2024-25,OKC,SAC,1,0.6047183
0022400692,2025-02-01,2024-25,NYK,LAL,0,0.69324017
0022400693,2025-02-01,2024-25,SAS,MIA,0,0.3649031
0022400694,2025-02-01,2024-25,POR,PHX,1,0.45393342
0022400695,2025-02-02,2024-25,DET,CHI,1,0.56744045
0022400696,2025-02-02,2024-25,CLE,DAL,1,0.8509128
0022400697,2025-02-02,2024-25,TOR,LAC,1,0.31512523
0022400698,2025-02-02,2024-25,PHI,BOS,0,0.3146419
0022400699,2025-02-02,2024-25,MIL,MEM,0,0.68383974
0022400700,2025-02-03,2024-25,CHA,WAS,0,0.7104966
0022400701,2025-02-03,2024-25,DET,ATL,0,0.55987006
0022400702,2025-02-03,2024-25,NYK,HOU,1,0.72630346
0022400703,2025-02-03,2024-25,MEM,SAS,1,0.5044919
0022400704,2025-02-03,2024-25,MIN,SAC,0,0.5154097
0022400705,2025-02-03,2024-25,OKC,MIL,1,0.82732123
0022400706,2025-02-03,2024-25,DEN,NOP,1,0.79435056
0022400707,2025-02-03,2024-25,UTA,IND,0,0.28250703
0022400708,2025-02-03,2024-25,GSW,ORL,1,0.4502066
0022400709,2025-02-03,2024-25,POR,PHX,1,0.4792433
0022400710,2025-02-04,2024-25,CLE,BOS,0,0.5746229
0022400711,2025-02-04,2024-25,BKN,HOU,1,0.23398496
0022400712,2025-02-04,2024-25,PHI,DAL,1,0.6726266
0022400713,2025-02-04,2024-25,TOR,NYK,0,0.22592492
0022400714,2025-02-04,2024-25,CHI,MIA,1,0.42573285
0022400715,2025-02-04,2024-25,LAC,LAL,0,0.5249178
0022400716,2025-02-04,2024-25,POR,IND,1,0.31276974
0022400717,2025-02-05,2024-25,CHA,MIL,0,0.31682324
0022400718,2025-02-05,2024-25,DET,CLE,0,0.442751
0022400719,2025-02-05,2024-25,ATL,SAS,0,0.36626792
0022400720,2025-02-05,2024-25,BKN,WAS,0,0.5929894
0022400721,2025-02-05,2024-25,PHI,MIA,0,0.62181896
0022400722,2025-02-05,2024-25,TOR,MEM,0,0.22882088
0022400723,2025-02-05,2024-25,MIN,CHI,1,0.7516537
0022400724,2025-02-05,2024-25,OKC,PHX,1,0.81310916
0022400725,2025-02-05,2024-25,UTA,GSW,1,0.5906408
0022400726,2025-02-05,2024-25,DEN,NOP,1,0.7830387
0022400727,2025-02-05,2024-25,SAC,ORL,0,0.77816075
0022400728,2025-02-06,2024-25,BOS,DAL,0,0.7443328
0022400729,2025-02-06,2024-25,MIN,HOU,1,0.51839906
0022400730,2025-02-06,2024-25,DEN,ORL,1,0.7617785
0022400731,2025-02-06,2024-25,LAL,GSW,1,0.8271873
0022400732,2025-02-06,2024-25,POR,SAC,1,0.3991166
0022400733,2025-02-06,2024-25,LAC,IND,0,0.5116281
0022400734,2025-02-07,2024-25,CHA,SAS,1,0.2961435
0022400735,2025-02-07,2024-25,WAS,CLE,0,0.16105409
0022400736,2025-02-07,2024-25,ATL,MIL,1,0.4109
0022400737,2025-02-07,2024-25,BKN,MIA,1,0.28460923
0022400738,2025-02-07,2024-25,DET,PHI,1,0.37286693
0022400739,2025-02-07,2024-25,OKC,TOR,1,0.8816652
0022400740,2025-02-07,2024-25,PHX,UTA,1,0.5804041
0022400741,2025-02-08,2024-25,DAL,HOU,1,0.5845927
0022400742,2025-02-08,2024-25,LAL,IND,1,0.39395216
0022400743,2025-02-08,2024-25,ORL,SAS,1,0.462631
0022400744,2025-02-08,2024-25,WAS,ATL,0,0.25693297
0022400745,2025-02-08,2024-25,CHI,GSW,0,0.44833213
0022400746,2025-02-08,2024-25,MEM,OKC,0,0.46585268
0022400747,2025-02-08,2024-25,MIN,POR,1,0.60263926
0022400748,2025-02-08,2024-25,NYK,BOS,0,0.55229443
0022400749,2025-02-08,2024-25,PHX,DEN,0,0.2105968
0022400750,2025-02-08,2024-25,SAC,NOP,1,0.7480869
0022400751,2025-02-08,2024-25,LAC,UTA,1,0.8625999
0022400752,2025-02-09,2024-25,DET,CHA,1,0.81054884
0022400753,2025-02-09,2024-25,HOU,TOR,1,0.6998444
0022400754,2025-02-09,2024-25,MIL,PHI,1,0.42450726
0022400755,2025-02-10,2024-25,CLE,MIN,1,0.5646038
0022400756,2025-02-10,2024-25,ORL,ATL,0,0.54479414
0022400757,2025-02-10,2024-25,WAS,SAS,0,0.22472794
0022400758,2025-02-10,2024-25,BKN,CHA,1,0.42136532
0022400759,2025-02-10,2024-25,MIA,BOS,0,0.31410283
0022400760,2025-02-10,2024-25,MIL,GSW,0,0.5184558
0022400761,2025-02-10,2024-25,OKC,NOP,1,0.84727097
0022400762,2025-02-10,2024-25,DAL,SAC,0,0.314948
0022400763,2025-02-10,2024-25,DEN,POR,1,0.73749024
0022400768,2025-02-10,2024-25,LAL,UTA,1,0.8455964
0022400764,2025-02-11,2024-25,PHI,TOR,0,0.8146237
0022400765,2025-02-11,2024-25,IND,NYK,0,0.45241562
0022400766,2025-02-11,2024-25,CHI,DET,0,0.29776615
0022400767,2025-02-11,2024-25,PHX,MEM,0,0.40348056
0022400769,2025-02-12,2024-25,BOS,SAS,1,0.59461606
0022400770,2025-02-12,2024-25,ORL,CHA,1,0.6883773
0022400771,2025-02-12,2024-25,WAS,IND,0,0.22190426
0022400772,2025-02-12,2024-25,BKN,PHI,1,0.4836033
0022400773,2025-02-12,2024-25,NYK,ATL,1,0.6922304
0022400774,2025-02-12,2024-25,TOR,CLE,0,0.2185982
0022400775,2025-02-12,2024-25,CHI,DET,0,0.22804242
0022400776,2025-02-12,2024-25,MIN,MIL,0,0.73856634
0022400777,2025-02-12,2024-25,NOP,SAC,0,0.27912596
0022400778,2025-02-12,2024-25,OKC,MIA,1,0.8226748
0022400779,2025-02-12,2024-25,HOU,PHX,1,0.7252331
0022400780,2025-02-12,2024-25,DEN,POR,1,0.77761215
0022400781,2025-02-12,2024-25,UTA,LAL,1,0.21260612
0022400782,2025-02-12,2024-25,DAL,GSW,1,0.4150429
0022400783,2025-02-12,2024-25,LAC,MEM,1,0.6496925
0022400784,2025-02-13,2024-25,HOU,GSW,0,0.5406702
0022400785,2025-02-13,2024-25,NOP,SAC,1,0.2137645
0022400786,2025-02-13,2024-25,DAL,MIA,1,0.44322047
0022400787,2025-02-13,2024-25,MIN,OKC,1,0.2669381
0022401004,2025-02-13,2024-25,UTA,LAC,0,0.26110655
0022400524,2025-02-19,2024-25,LAL,CHA,0,0.82204777
0022400788,2025-02-20,2024-25,IND,MEM,1,0.5377519
0022400789,2025-02-20,2024-25,PHI,BOS,0,0.37456253
0022400790,2025-02-20,2024-25,ATL,ORL,0,0.49451894
0022400791,2025-02-20,2024-25,BKN,CLE,0,0.14801751
0022400792,2025-02-20,2024-25,NYK,CHI,1,0.8087884
0022400793,2025-02-20,2024-25,MIL,LAC,1,0.5664658
0022400794,2025-02-20,2024-25,DEN,CHA,1,0.9238343
0022400795,2025-02-20,2024-25,SAS,PHX,1,0.492396
0022400796,2025-02-20,2024-25,POR,LAL,0,0.4271101
0022400797,2025-02-21,2024-25,CLE,NYK,1,0.65668255
0022400798,2025-02-21,2024-25,ORL,MEM,0,0.3410948
0022400799,2025-02-21,2024-25,WAS,MIL,0,0.37988698
0022400800,2025-02-21,2024-25,TOR,MIA,0,0.45239693
0022400801,2025-02-21,2024-25,HOU,MIN,1,0.437744
0022400802,2025-02-21,2024-25,SAS,DET,0,0.28033656
0022400803,2025-02-21,2024-25,DAL,NOP,1,0.62355566
0022400804,2025-02-21,2024-25,UTA,OKC,0,0.15096883
0022400805,2025-02-21,2024-25,SAC,GSW,0,0.69573987
0022400806,2025-02-22,2024-25,CHI,PHX,0,0.26537132
0022400807,2025-02-22,2024-25,PHI,BKN,0,0.78595775
0022400808,2025-02-22,2024-25,DEN,LAL,0,0.5987266
0022400809,2025-02-22,2024-25,UTA,HOU,1,0.34057885
0022400810,2025-02-22,2024-25,POR,CHA,1,0.5207173
0022400811,2025-02-23,2024-25,BOS,NYK,1,0.6156574
0022400812,2025-02-23,2024-25,GSW,DAL,1,0.54160213
0022400813,2025-02-23,2024-25,IND,LAC,1,0.6400252
0022400814,2025-02-23,2024-25,ATL,DET,0,0.34810048
0022400815,2025-02-23,2024-25,ORL,WAS,1,0.7686348
0022400816,2025-02-23,2024-25,TOR,PHX,1,0.40095592
0022400817,2025-02-23,2024-25,MIL,MIA,1,0.6634381
0022400818,2025-02-23,2024-25,NOP,SAS,1,0.44966748
0022400819,2025-02-23,2024-25,CLE,MEM,1,0.6235014
0022400820,2025-02-23,2024-25,MIN,OKC,0,0.29478762
0022400821,2025-02-24,2024-25,DET,LAC,1,0.63357043
0022400822,2025-02-24,2024-25,IND,DEN,0,0.3558437
0022400823,2025-02-24,2024-25,PHI,CHI,0,0.71669495
0022400824,2025-02-24,2024-25,WAS,BKN,1,0.4570864
0022400825,2025-02-24,2024-25,ATL,MIA,1,0.50689644
0022400826,2025-02-24,2024-25,OKC,MIN,0,0.74542516
0022400827,2025-02-24,2024-25,UTA,POR,0,0.29088104
0022400828,2025-02-24,2024-25,SAC,CHA,1,0.8168178
0022400829,2025-02-25,2024-25,TOR,BOS,0,0.27684608
0022400830,2025-02-25,2024-25,ORL,CLE,0,0.26836932
0022400831,2025-02-25,2024-25,HOU,MIL,1,0.39903277
0022400832,2025-02-25,2024-25,MEM,PHX,1,0.5996367
0022400833,2025-02-25,2024-25,NOP,SAS,1,0.490368
0022400834,2025-02-25,2024-25,GSW,CHA,1,0.8465917
0022400835,2025-02-25,2024-25,LAL,DAL,1,0.764481
0022400836,2025-02-26,2024-25,DET,BOS,1,0.5297779
0022400837,2025-02-26,2024-25,IND,TOR,1,0.8112503
0022400838,2025-02-26,2024-25,NYK,PHI,1,0.7037915
0022400839,2025-02-26,2024-25,WAS,POR,0,0.34031057
0022400840,2025-02-26,2024-25,BKN,OKC,0,0.15248491
0022400841,2025-02-26,2024-25,MIA,ATL,1,0.48433498
0022400842,2025-02-26,2024-25,CHI,LAC,0,0.25487545
0022400843,2025-02-26,2024-25,UTA,SAC,0,0.24430008
0022400844,2025-02-26,2024-25,HOU,SAS,1,0.586679
0022400845,2025-02-27,2024-25,ORL,GSW,0,0.30883613
0022400846,2025-02-27,2024-25,MIL,DEN,1,0.38056013
0022400847,2025-02-27,2024-25,DAL,CHA,1,0.7952179
0022400848,2025-02-27,2024-25,PHX,NOP,0,0.6321059
0022400849,2025-02-27,2024-25,LAL,MIN,1,0.6288869
0022400850,2025-02-28,2024-25,DET,DEN,0,0.54675853
0022400851,2025-02-28,2024-25,ATL,OKC,0,0.21704602
0022400852,2025-02-28,2024-25,BOS,CLE,0,0.4932708
0022400853,2025-02-28,2024-25,BKN,POR,0,0.50077426
0022400854,2025-02-28,2024-25,MIA,IND,1,0.36951047
0022400855,2025-02-28,2024-25,CHI,TOR,1,0.45685655
0022400856,2025-02-28,2024-25,MEM,NYK,0,0.52216166
0022400857,2025-02-28,2024-25,PHX,NOP,1,0.727711
0022400858,2025-02-28,2024-25,UTA,MIN,1,0.4033754
0022400859,2025-02-28,2024-25,LAL,LAC,1,0.5662504
0022400860,2025-03-01,2024-25,CHA,WAS,0,0.4739104
0022400861,2025-03-01,2024-25,DET,BKN,1,0.7991555
0022400862,2025-03-01,2024-25,HOU,SAC,0,0.5514761
0022400863,2025-03-01,2024-25,MEM,SAS,0,0.5172683
0022400864,2025-03-01,2024-25,PHI,GSW,1,0.42184818
0022400865,2025-03-01,2024-25,DAL,MIL,0,0.39393798
0022400866,2025-03-02,2024-25,BOS,DEN,1,0.5266305
0022400867,2025-03-02,2024-25,CLE,POR,1,0.7286279
0022400868,2025-03-02,2024-25,IND,CHI,1,0.8194476
0022400869,2025-03-02,2024-25,MIA,NYK,0,0.3416032
0022400870,2025-03-02,2024-25,ORL,TOR,0,0.54561514
0022400871,2025-03-02,2024-25,SAS,OKC,0,0.16558453
0022400872,2025-03-02,2024-25,UTA,NOP,0,0.29118058
0022400873,2025-03-02,2024-25,PHX,MIN,0,0.34006938
0022400874,2025-03-02,2024-25,LAL,LAC,1,0.5924504
0022400875,2025-03-03,2024-25,CHA,GSW,0,0.18081522
0022400876,2025-03-03,2024-25,PHI,POR,0,0.3571916
0022400877,2025-03-03,2024-25,MIA,WAS,1,0.5957711
0022400878,2025-03-03,2024-25,MEM,ATL,0,0.65528804
0022400879,2025-03-03,2024-25,OKC,HOU,1,0.91147363
0022400880,2025-03-03,2024-25,DAL,SAC,0,0.4584177
0022400881,2025-03-03,2024-25,UTA,DET,0,0.23131013
0022400882,2025-03-04,2024-25,IND,HOU,1,0.7140612
0022400883,2025-03-04,2024-25,ORL,TOR,0,0.5413412
0022400884,2025-03-04,2024-25,ATL,MIL,0,0.28275588
0022400885,2025-03-04,2024-25,NYK,GSW,0,0.5909193
0022400886,2025-03-04,2024-25,CHI,CLE,0,0.1102851
0022400887,2025-03-04,2024-25,MIN,PHI,1,0.85612863
0022400888,2025-03-04,2024-25,SAS,BKN,1,0.5394544
0022400889,2025-03-04,2024-25,PHX,LAC,1,0.45633155
0022400890,2025-03-04,2024-25,LAL,NOP,1,0.7583696
0022400891,2025-03-05,2024-25,BOS,POR,1,0.63678974
0022400892,2025-03-05,2024-25,CHA,MIN,0,0.14401276
0022400893,2025-03-05,2024-25,CLE,MIA,1,0.7883027
0022400894,2025-03-05,2024-25,WAS,UTA,1,0.65192294
0022400895,2025-03-05,2024-25,MEM,OKC,0,0.25780657
0022400896,2025-03-05,2024-25,DEN,SAC,1,0.7734273
0022400897,2025-03-05,2024-25,MIL,DAL,1,0.73964876
0022400898,2025-03-05,2024-25,LAC,DET,1,0.3532829
0022400899,2025-03-06,2024-25,ATL,IND,1,0.45863152
0022400900,2025-03-06,2024-25,BOS,PHI,1,0.73051876
0022400901,2025-03-06,2024-25,BKN,GSW,0,0.2679111
0022400902,2025-03-06,2024-25,NOP,HOU,0,0.47296384
0022400903,2025-03-06,2024-25,LAL,NYK,1,0.6306866
0022400944,2025-03-06,2024-25,ORL,CHI,0,0.68893296
0022400904,2025-03-07,2024-25,CHA,CLE,0,0.114843644
0022400905,2025-03-07,2024-25,TOR,UTA,1,0.4730141
0022400906,2025-03-07,2024-25,DAL,MEM,0,0.32356662
0022400907,2025-03-07,2024-25,MIA,MIN,0,0.26187548
0022400908,2025-03-07,2024-25,OKC,POR,1,0.59951466
0022400909,2025-03-07,2024-25,DEN,PHX,1,0.77579546
0022400910,2025-03-07,2024-25,SAC,SAS,1,0.59212714
0022400911,2025-03-07,2024-25,LAC,NYK,1,0.590009
0022400912,2025-03-08,2024-25,CHA,BKN,1,0.24730344
0022400913,2025-03-08,2024-25,HOU,NOP,1,0.6524578
0022400914,2025-03-08,2024-25,ATL,IND,1,0.51683694
0022400915,2025-03-08,2024-25,TOR,WAS,0,0.54888725
0022400916,2025-03-08,2024-25,MIA,CHI,0,0.7462911
0022400917,2025-03-08,2024-25,MIL,ORL,0,0.8013683
0022400918,2025-03-08,2024-25,BOS,LAL,1,0.53856844
0022400919,2025-03-08,2024-25,GSW,DET,1,0.5065573
0022400920,2025-03-09,2024-25,OKC,DEN,1,0.68239874
0022400921,2025-03-09,2024-25,DAL,PHX,0,0.43075132
0022400922,2025-03-09,2024-25,MIL,CLE,0,0.30161807
0022400923,2025-03-09,2024-25,NOP,MEM,0,0.21522133
0022400924,2025-03-09,2024-25,PHI,UTA,1,0.6292332
0022400925,2025-03-09,2024-25,MIN,SAS,1,0.8260521
0022400926,2025-03-09,2024-25,POR,DET,0,0.4935173
0022400927,2025-03-09,2024-25,LAC,SAC,1,0.67529166
0022400928,2025-03-10,2024-25,ATL,PHI,1,0.7934161
0022400929,2025-03-10,2024-25,BOS,UTA,1,0.8072321
0022400930,2025-03-10,2024-25,BKN,LAL,1,0.25928777
0022400931,2025-03-10,2024-25,MIA,CHA,0,0.78078175
0022400932,2025-03-10,2024-25,TOR,WAS,1,0.63341063
0022400933,2025-03-10,2024-25,CHI,IND,1,0.31684282
0022400934,2025-03-10,2024-25,HOU,ORL,1,0.60296136
0022400935,2025-03-10,2024-25,MEM,PHX,1,0.5039913
0022400936,2025-03-10,2024-25,OKC,DEN,0,0.6395839
0022400937,2025-03-10,2024-25,SAS,DAL,0,0.5190169
0022400938,2025-03-10,2024-25,GSW,POR,1,0.70833707
0022400939,2025-03-10,2024-25,SAC,NYK,0,0.45173886
0022400940,2025-03-11,2024-25,CLE,BKN,1,0.84953016
0022400941,2025-03-11,2024-25,DET,WAS,1,0.83752704
0022400942,2025-03-11,2024-25,IND,MIL,1,0.40823585
0022400943,2025-03-11,2024-25,NOP,LAC,1,0.23893325
0022400945,2025-03-12,2024-25,ATL,CHA,1,0.7742932
0022400946,2025-03-12,2024-25,BOS,OKC,0,0.46113276
0022400947,2025-03-12,2024-25,TOR,PHI,1,0.36735168
0022400948,2025-03-12,2024-25,MIA,LAC,0,0.58569056
0022400949,2025-03-12,2024-25,HOU,PHX,1,0.59762716
0022400950,2025-03-12,2024-25,MEM,UTA,1,0.64877343
0022400951,2025-03-12,2024-25,SAS,DAL,1,0.5094176
0022400952,2025-03-12,2024-25,DEN,MIN,0,0.47140422
0022400953,2025-03-12,2024-25,POR,NYK,0,0.45537913
0022400954,2025-03-13,2024-25,DET,WAS,0,0.81510484
0022400955,2025-03-13,2024-25,MIL,LAL,1,0.46092677
0022400956,2025-03-13,2024-25,CHI,BKN,1,0.38587978
0022400957,2025-03-13,2024-25,GSW,SAC,1,0.6758785
0022401141,2025-03-13,2024-25,NOP,ORL,0,0.4969837
0022400958,2025-03-14,2024-25,MIA,BOS,0,0.36081636
0022400959,2025-03-14,2024-25,PHI,IND,0,0.20965497
0022400960,2025-03-14,2024-25,ATL,LAC,0,0.4682143
0022400961,2025-03-14,2024-25,HOU,DAL,1,0.70633227
0022400962,2025-03-14,2024-25,MEM,CLE,0,0.3631645
0022400963,2025-03-14,2024-25,MIN,ORL,1,0.8880608
0022400964,2025-03-14,2024-25,SAS,CHA,0,0.6429505
0022400965,2025-03-14,2024-25,DEN,LAL,1,0.89169186
0022400966,2025-03-14,2024-25,UTA,TOR,0,0.42708078
0022400967,2025-03-14,2024-25,PHX,SAC,1,0.50360286
0022400968,2025-03-15,2024-25,BKN,BOS,0,0.243922
0022400969,2025-03-15,2024-25,DET,OKC,0,0.42336506
0022400970,2025-03-15,2024-25,HOU,CHI,1,0.75008094
0022400971,2025-03-15,2024-25,MEM,MIA,1,0.509192
0022400972,2025-03-15,2024-25,MIL,IND,1,0.6501145
0022400973,2025-03-15,2024-25,SAS,NOP,1,0.5979028
0022400974,2025-03-15,2024-25,GSW,NYK,1,0.58774334
0022400975,2025-03-15,2024-25,DEN,WAS,0,0.83780867
0022400538,2025-03-16,2024-25,LAC,CHA,1,0.8272303
0022400976,2025-03-16,2024-25,DAL,PHI,0,0.6820693
0022400977,2025-03-16,2024-25,LAL,PHX,1,0.7379245
0022400978,2025-03-16,2024-25,BKN,ATL,1,0.26756904
0022400979,2025-03-16,2024-25,CLE,ORL,0,0.8185943
0022400980,2025-03-16,2024-25,POR,TOR,1,0.7430836
0022400981,2025-03-16,2024-25,MIN,UTA,1,0.84236336
0022400982,2025-03-16,2024-25,MIL,OKC,0,0.35363138
0022400537,2025-03-17,2024-25,LAL,SAS,1,0.7441222
0022400984,2025-03-17,2024-25,NYK,MIA,1,0.62651634
0022400985,2025-03-17,2024-25,HOU,PHI,1,0.8651172
0022400986,2025-03-17,2024-25,MIN,IND,0,0.8833777
0022400987,2025-03-17,2024-25,NOP,DET,0,0.23116612
0022400989,2025-03-17,2024-25,UTA,CHI,0,0.4642453
0022400990,2025-03-17,2024-25,GSW,DEN,0,0.76400673
0022400991,2025-03-17,2024-25,PHX,TOR,1,0.65518004
0022400992,2025-03-17,2024-25,SAC,MEM,1,0.5851989
0022400995,2025-03-17,2024-25,POR,WAS,1,0.60691625
0022400993,2025-03-18,2024-25,CHA,ATL,0,0.16336805
0022400994,2025-03-18,2024-25,BOS,BKN,1,0.75013673
0022400997,2025-03-18,2024-25,LAC,CLE,1,0.40061155
0022401012,2025-03-18,2024-25,GSW,MIL,1,0.4346393
0022400627,2025-03-19,2024-25,UTA,WAS,1,0.64527357
0022400998,2025-03-19,2024-25,IND,DAL,1,0.6583147
0022400999,2025-03-19,2024-25,ORL,HOU,0,0.34783745
0022401000,2025-03-19,2024-25,MIA,DET,0,0.29461566
0022401001,2025-03-19,2024-25,MIN,NOP,0,0.859821
0022401002,2025-03-19,2024-25,OKC,PHI,1,0.78100896
0022401003,2025-03-19,2024-25,SAS,NYK,1,0.38264135
0022401006,2025-03-19,2024-25,LAL,DEN,1,0.68423903
0022401007,2025-03-19,2024-25,PHX,CHI,1,0.56325394
0022401008,2025-03-19,2024-25,POR,MEM,1,0.49563426
0022401009,2025-03-19,2024-25,SAC,CLE,1,0.3117079
0022400996,2025-03-20,2024-25,LAL,MIL,0,0.19184996
0022401005,2025-03-20,2024-25,GSW,TOR,1,0.85689527
0022401010,2025-03-20,2024-25,CHA,NYK,1,0.29272935
0022401011,2025-03-20,2024-25,IND,BKN,1,0.6041062
0022401013,2025-03-20,2024-25,SAC,CHI,0,0.73248655
0022401014,2025-03-21,2024-25,WAS,ORL,0,0.37785426
0022401015,2025-03-21,2024-25,MIA,HOU,0,0.27914253
0022401016,2025-03-21,2024-25,MIN,NOP,1,0.8886911
0022401017,2025-03-21,2024-25,OKC,CHA,1,0.9236326
0022401018,2025-03-21,2024-25,SAS,PHI,1,0.7438818
0022401019,2025-03-21,2024-25,DAL,DET,1,0.23547588
0022401020,2025-03-21,2024-25,UTA,BOS,0,0.18904015
0022401021,2025-03-21,2024-25,PHX,CLE,1,0.26525268
0022401022,2025-03-21,2024-25,POR,DEN,1,0.3700127
0022401023,2025-03-21,2024-25,LAC,MEM,1,0.7315486
0022401024,2025-03-22,2024-25,IND,BKN,1,0.75317466
0022401025,2025-03-22,2024-25,ATL,GSW,1,0.43935198
0022401026,2025-03-22,2024-25,NYK,WAS,1,0.7680179
0022401027,2025-03-22,2024-25,SAC,MIL,0,0.39142072
0022401028,2025-03-22,2024-25,LAL,CHI,0,0.8162335
0022401029,2025-03-23,2024-25,DET,NOP,1,0.86255634
0022401030,2025-03-23,2024-25,UTA,CLE,0,0.15423983
0022401031,2025-03-23,2024-25,ATL,PHI,1,0.7838437
0022401032,2025-03-23,2024-25,MIA,CHA,1,0.77184546
0022401033,2025-03-23,2024-25,TOR,SAS,0,0.41216022
0022401034,2025-03-23,2024-25,POR,BOS,0,0.35476515
0022401035,2025-03-23,2024-25,HOU,DEN,0,0.64084446
0022401036,2025-03-23,2024-25,LAC,OKC,0,0.47432867
0022401037,2025-03-24,2024-25,IND,MIN,1,0.34841672
0022401038,2025-03-24,2024-25,ORL,LAL,1,0.30961475
0022401039,2025-03-24,2024-25,WAS,TOR,0,0.62113285
0022401040,2025-03-24,2024-25,BKN,DAL,0,0.37629658
0022401041,2025-03-24,2024-25,NOP,PHI,1,0.50018835
0022401042,2025-03-24,2024-25,DEN,CHI,0,0.51263225
0022401043,2025-03-24,2024-25,PHX,MIL,1,0.3551774
0022401044,2025-03-24,2024-25,SAC,BOS,0,0.45553064
0022401045,2025-03-25,2024-25,CHA,ORL,0,0.26630485
0022401046,2025-03-25,2024-25,DET,SAS,1,0.70579123
0022401047,2025-03-25,2024-25,MIA,GSW,1,0.2940135
0022401048,2025-03-25,2024-25,NYK,DAL,1,0.69904125
0022401049,2025-03-25,2024-25,HOU,ATL,1,0.59252805
0022401050,2025-03-25,2024-25,UTA,MEM,0,0.29361004
0022401051,2025-03-25,2024-25,POR,CLE,0,0.34292376
0022401052,2025-03-25,2024-25,SAC,OKC,0,0.29308042
0022401053,2025-03-26,2024-25,PHI,WAS,0,0.48871833
0022401054,2025-03-26,2024-25,BKN,TOR,0,0.54064757
0022401055,2025-03-26,2024-25,IND,LAL,0,0.39555594
0022401056,2025-03-26,2024-25,NYK,LAC,0,0.27367228
0022401057,2025-03-26,2024-25,DEN,MIL,1,0.71557933
0022401058,2025-03-26,2024-25,PHX,BOS,0,0.3344894
0022401059,2025-03-27,2024-25,CLE,SAS,1,0.820441
0022401060,2025-03-27,2024-25,ORL,DAL,0,0.644568
0022401061,2025-03-27,2024-25,WAS,IND,0,0.22063614
0022401062,2025-03-27,2024-25,MIA,ATL,1,0.4153788
0022401063,2025-03-27,2024-25,CHI,LAL,1,0.42271838
0022401064,2025-03-27,2024-25,OKC,MEM,1,0.8060031
0022401065,2025-03-27,2024-25,UTA,HOU,0,0.16567871
0022401066,2025-03-27,2024-25,SAC,POR,1,0.60200834
0022401067,2025-03-28,2024-25,DET,CLE,1,0.392967
0022401068,2025-03-28,2024-25,BKN,LAC,0,0.19817701
0022401069,2025-03-28,2024-25,TOR,CHA,1,0.751957
0022401070,2025-03-28,2024-25,MIL,NYK,0,0.6696872
0022401071,2025-03-28,2024-25,MIN,PHX,1,0.7862373
0022401072,2025-03-28,2024-25,NOP,GSW,0,0.12813652
0022401073,2025-03-28,2024-25,DEN,UTA,1,0.8909779
0022401074,2025-03-29,2024-25,ORL,SAC,1,0.5288727
0022401075,2025-03-29,2024-25,WAS,BKN,0,0.62401766
0022401076,2025-03-29,2024-25,PHI,MIA,0,0.20588385
0022401077,2025-03-29,2024-25,CHI,DAL,0,0.65944403
0022401078,2025-03-29,2024-25,MEM,LAL,0,0.3424463
0022401079,2025-03-29,2024-25,OKC,IND,1,0.71239245
0022401080,2025-03-29,2024-25,SAS,BOS,0,0.19137612
0022401081,2025-03-30,2024-25,CLE,LAC,1,0.5687629
0022401082,2025-03-30,2024-25,NYK,POR,1,0.5619132
0022401083,2025-03-30,2024-25,MIL,ATL,0,0.5330247
0022401084,2025-03-30,2024-25,MIN,DET,1,0.73141557
0022401085,2025-03-30,2024-25,NOP,CHA,1,0.5809183
0022401086,2025-03-30,2024-25,SAS,GSW,0,0.1939844
0022401087,2025-03-30,2024-25,PHI,TOR,0,0.1890002
0022401088,2025-03-30,2024-25,PHX,HOU,0,0.34770668
0022401089,2025-03-31,2024-25,CHA,UTA,1,0.48763448
0022401090,2025-03-31,2024-25,IND,SAC,1,0.523708
0022401091,2025-03-31,2024-25,ORL,LAC,0,0.39953658
0022401092,2025-03-31,2024-25,WAS,MIA,0,0.282903
0022401093,2025-03-31,2024-25,MEM,BOS,0,0.28508976
0022401094,2025-03-31,2024-25,OKC,CHI,1,0.7722177
0022401095,2025-03-31,2024-25,DAL,BKN,0,0.82258916
0022401096,2025-03-31,2024-25,LAL,HOU,1,0.5872731
0022400988,2025-04-01,2024-25,SAS,ORL,0,0.36908686
0022401097,2025-04-01,2024-25,ATL,POR,0,0.62385255
0022401098,2025-04-01,2024-25,NYK,PHI,1,0.8429933
0022401099,2025-04-01,2024-25,CHI,TOR,1,0.62852716
0022401100,2025-04-01,2024-25,MEM,GSW,0,0.2618156
0022401101,2025-04-01,2024-25,MIL,PHX,1,0.79735845
0022401102,2025-04-01,2024-25,DEN,MIN,0,0.49116495
0022401103,2025-04-02,2024-25,CLE,NYK,1,0.7424125
0022401104,2025-04-02,2024-25,IND,CHA,1,0.84401196
0022401105,2025-04-02,2024-25,WAS,SAC,1,0.21599899
0022401106,2025-04-02,2024-25,BOS,MIA,0,0.74099964
0022401107,2025-04-02,2024-25,HOU,UTA,1,0.8769581
0022401108,2025-04-02,2024-25,OKC,DET,1,0.7276001
0022401109,2025-04-02,2024-25,DAL,ATL,1,0.4703554
0022401110,2025-04-02,2024-25,DEN,SAS,0,0.29457325
0022401111,2025-04-02,2024-25,LAC,NOP,1,0.90201306
0022401112,2025-04-03,2024-25,WAS,ORL,0,0.15189773
0022401113,2025-04-03,2024-25,BKN,MIN,0,0.10521374
0022401114,2025-04-03,2024-25,MIA,MEM,0,0.4762443
0022401115,2025-04-03,2024-25,PHI,MIL,0,0.16270806
0022401116,2025-04-03,2024-25,TOR,POR,0,0.366718
0022401117,2025-04-03,2024-25,LAL,GSW,0,0.55307007
0022401118,2025-04-04,2024-25,CHA,SAC,0,0.20908464
0022401119,2025-04-04,2024-25,IND,UTA,1,0.87184125
0022401120,2025-04-04,2024-25,BOS,PHX,1,0.8558978
0022401121,2025-04-04,2024-25,TOR,DET,0,0.34822276
0022401122,2025-04-04,2024-25,CHI,POR,1,0.6771318
0022401123,2025-04-04,2024-25,HOU,OKC,1,0.41688052
0022401124,2025-04-04,2024-25,SAS,CLE,0,0.22160482
0022401125,2025-04-04,2024-25,GSW,DEN,1,0.60021067
0022401126,2025-04-04,2024-25,LAL,NOP,1,0.88051116
0022401127,2025-04-04,2024-25,LAC,DAL,1,0.8363906
0022401128,2025-04-05,2024-25,ATL,NYK,0,0.5269229
0022401129,2025-04-05,2024-25,DET,MEM,0,0.6461501
0022401130,2025-04-05,2024-25,PHI,MIN,0,0.117931776
0022401131,2025-04-05,2024-25,MIA,MIL,0,0.3528264
0022401132,2025-04-05,2024-25,LAC,DAL,1,0.8178073
0022400617,2025-04-06,2024-25,NOP,MIL,0,0.17245442
0022401133,2025-04-06,2024-25,CHA,CHI,0,0.16180186
0022401134,2025-04-06,2024-25,BKN,TOR,0,0.23232447
0022401135,2025-04-06,2024-25,OKC,LAL,0,0.6214372
0022401136,2025-04-06,2024-25,ATL,UTA,1,0.83763623
0022401137,2025-04-06,2024-25,BOS,WAS,1,0.8664182
0022401138,2025-04-06,2024-25,CLE,SAC,0,0.72569424
0022401139,2025-04-06,2024-25,POR,SAS,1,0.5988235
0022401140,2025-04-06,2024-25,NYK,PHX,1,0.75810844
0022401142,2025-04-06,2024-25,DEN,IND,0,0.56709844
0022401143,2025-04-06,2024-25,GSW,HOU,0,0.5384064
0022401144,2025-04-07,2024-25,DET,SAC,0,0.69395506
0022401145,2025-04-07,2024-25,MIA,PHI,1,0.82649624
0022401146,2025-04-08,2024-25,CHA,MEM,0,0.21703811
0022401147,2025-04-08,2024-25,CLE,CHI,1,0.8376355
0022401148,2025-04-08,2024-25,IND,WAS,1,0.8674236
0022401149,2025-04-08,2024-25,ORL,ATL,1,0.6043598
0022401150,2025-04-08,2024-25,BKN,NOP,1,0.41443408
0022401151,2025-04-08,2024-25,NYK,BOS,0,0.37566045
0022401152,2025-04-08,2024-25,MIL,MIN,1,0.5118309
0022401153,2025-04-08,2024-25,OKC,LAL,1,0.6375182
0022401154,2025-04-08,2024-25,PHX,GSW,0,0.25613907
0022401155,2025-04-08,2024-25,LAC,SAS,1,0.8505596
0022401156,2025-04-09,2024-25,ORL,BOS,1,0.7393043
0022401157,2025-04-09,2024-25,WAS,PHI,0,0.49938
0022401158,2025-04-09,2024-25,TOR,CHA,1,0.8846628
0022401159,2025-04-09,2024-25,DAL,LAL,0,0.3578342
0022401160,2025-04-09,2024-25,CHI,MIA,1,0.46776566
0022401162,2025-04-09,2024-25,UTA,POR,1,0.27361813
0022401163,2025-04-09,2024-25,GSW,SAS,0,0.8394328
0022401164,2025-04-09,2024-25,PHX,OKC,0,0.25941655
0022401165,2025-04-09,2024-25,SAC,DEN,0,0.4206618
0022401166,2025-04-09,2024-25,LAC,HOU,1,0.83881694
0022401161,2025-04-10,2024-25,MIL,NOP,1,0.9168392
0022401167,2025-04-10,2024-25,DET,NYK,1,0.6083769
0022401168,2025-04-10,2024-25,IND,CLE,1,0.7096405
0022401169,2025-04-10,2024-25,BKN,ATL,0,0.16953266
0022401170,2025-04-10,2024-25,MEM,MIN,0,0.35287073
0022401171,2025-04-11,2024-25,DET,MIL,0,0.40429708
0022401172,2025-04-11,2024-25,IND,ORL,0,0.49386546
0022401173,2025-04-11,2024-25,PHI,ATL,0,0.19185837
0022401174,2025-04-11,2024-25,BOS,CHA,1,0.932849
0022401175,2025-04-11,2024-25,NYK,CLE,0,0.5340328
0022401176,2025-04-11,2024-25,CHI,WAS,1,0.8176482
0022401177,2025-04-11,2024-25,NOP,MIA,0,0.123753056
0022401178,2025-04-11,2024-25,DAL,TOR,1,0.5278088
0022401179,2025-04-11,2024-25,MIN,BKN,1,0.91612834
0022401180,2025-04-11,2024-25,DEN,MEM,1,0.7245101
0022401181,2025-04-11,2024-25,UTA,OKC,0,0.33487067
0022401182,2025-04-11,2024-25,PHX,SAS,1,0.5903842
0022401183,2025-04-11,2024-25,POR,GSW,0,0.18957996
0022401184,2025-04-11,2024-25,SAC,LAC,0,0.28629118
0022401185,2025-04-11,2024-25,LAL,HOU,1,0.8590771
0022401186,2025-04-13,2024-25,ATL,ORL,1,0.46195817
0022401187,2025-04-13,2024-25,BOS,CHA,1,0.854595
0022401188,2025-04-13,2024-25,BKN,NYK,0,0.33959657
0022401189,2025-04-13,2024-25,CLE,IND,0,0.18882461
0022401190,2025-04-13,2024-25,MIA,WAS,0,0.7856014
0022401191,2025-04-13,2024-25,PHI,CHI,0,0.19431001
0022401192,2025-04-13,2024-25,MIL,DET,1,0.26510245
0022401193,2025-04-13,2024-25,HOU,DEN,0,0.5058298
0022401194,2025-04-13,2024-25,MEM,DAL,1,0.2539892
0022401195,2025-04-13,2024-25,MIN,UTA,1,0.90164775
0022401196,2025-04-13,2024-25,NOP,OKC,0,0.13886282
0022401197,2025-04-13,2024-25,SAS,TOR,1,0.39582774
0022401198,2025-04-13,2024-25,GSW,LAC,0,0.4347897
0022401199,2025-04-13,2024-25,POR,LAL,1,0.843052
0022401200,2025-04-13,2024-25,SAC,PHX,1,0.7500822
0022500001,2025-10-21,2025-26,OKC,HOU,1,0.6843281
0022500002,2025-10-21,2025-26,LAL,GSW,0,0.37935686
0022500003,2025-10-22,2025-26,NYK,CLE,1,0.69636583
0022500004,2025-10-22,2025-26,DAL,SAS,0,0.47217774
0022500080,2025-10-22,2025-26,CHA,BKN,1,0.43412066
0022500081,2025-10-22,2025-26,ORL,MIA,1,0.59437
0022500082,2025-10-22,2025-26,ATL,TOR,0,0.76708883
0022500083,2025-10-22,2025-26,BOS,PHI,0,0.7905721
0022500084,2025-10-22,2025-26,CHI,DET,1,0.53556436
0022500085,2025-10-22,2025-26,MEM,NOP,1,0.6813678
0022500086,2025-10-22,2025-26,MIL,WAS,1,0.92028755
0022500087,2025-10-22,2025-26,UTA,LAC,1,0.06174591
0022500088,2025-10-22,2025-26,PHX,SAC,1,0.3731644
0022500089,2025-10-22,2025-26,POR,MIN,0,0.33848357
0022500005,2025-10-23,2025-26,IND,OKC,0,0.34747386
0022500006,2025-10-23,2025-26,GSW,DEN,1,0.4872427
0022500018,2025-10-24,2025-26,NYK,BOS,1,0.67135763
0022500019,2025-10-24,2025-26,LAL,MIN,1,0.5046557
0022500090,2025-10-24,2025-26,ORL,ATL,0,0.48182678
0022500091,2025-10-24,2025-26,BKN,CLE,0,0.28944626
0022500092,2025-10-24,2025-26,TOR,MIL,0,0.37634212
0022500093,2025-10-24,2025-26,HOU,DET,0,0.637906
0022500094,2025-10-24,2025-26,MEM,MIA,0,0.42498714
0022500095,2025-10-24,2025-26,NOP,SAS,0,0.35469645
0022500096,2025-10-24,2025-26,DAL,WAS,0,0.55132145
0022500097,2025-10-24,2025-26,POR,GSW,1,0.5784342
0022500098,2025-10-24,2025-26,SAC,UTA,1,0.7710136
0022500099,2025-10-24,2025-26,LAC,PHX,1,0.8249845
0022500100,2025-10-25,2025-26,ORL,CHI,0,0.35743466
0022500101,2025-10-25,2025-26,ATL,OKC,0,0.30774826
0022500102,2025-10-25,2025-26,PHI,CHA,1,0.6651005
0022500103,2025-10-25,2025-26,MEM,IND,1,0.49599767
0022500104,2025-10-25,2025-26,DEN,PHX,1,0.8153632
0022500105,2025-10-26,2025-26,SAS,BKN,1,0.6313591
0022500106,2025-10-26,2025-26,DET,BOS,1,0.48991817
0022500107,2025-10-26,2025-26,CLE,MIL,1,0.46992823
0022500108,2025-10-26,2025-26,MIA,NYK,1,0.47979406
0022500109,2025-10-26,2025-26,WAS,CHA,0,0.6237944
0022500110,2025-10-26,2025-26,MIN,IND,1,0.79890174
0022500111,2025-10-26,2025-26,DAL,TOR,1,0.28802094
0022500112,2025-10-26,2025-26,LAC,POR,1,0.7128286
0022500113,2025-10-26,2025-26,SAC,LAL,0,0.48841456
0022500007,2025-10-27,2025-26,DET,CLE,0,0.52038926
0022500008,2025-10-27,2025-26,MIN,DEN,0,0.3867822
0022500114,2025-10-27,2025-26,PHI,ORL,1,0.35398507
0022500115,2025-10-27,2025-26,CHI,ATL,1,0.520849
0022500116,2025-10-27,2025-26,HOU,BKN,1,0.8467173
0022500117,2025-10-27,2025-26,NOP,BOS,0,0.278878
0022500118,2025-10-27,2025-26,SAS,TOR,1,0.5570095
0022500119,2025-10-27,2025-26,DAL,OKC,0,0.1823698
0022500120,2025-10-27,2025-26,UTA,PHX,1,0.45316002
0022500121,2025-10-27,2025-26,GSW,MEM,1,0.6101676
0022500122,2025-10-27,2025-26,LAL,POR,0,0.33359477
0022500123,2025-10-28,2025-26,WAS,PHI,0,0.3263343
0022500124,2025-10-28,2025-26,MIA,CHA,1,0.7052664
0022500125,2025-10-28,2025-26,MIL,NYK,1,0.6298797
0022500126,2025-10-28,2025-26,OKC,SAC,1,0.6588984
0022500127,2025-10-28,2025-26,GSW,LAC,1,0.31865373
0022500128,2025-10-29,2025-26,BOS,CLE,1,0.5090069
0022500129,2025-10-29,2025-26,DET,ORL,1,0.47401622
0022500130,2025-10-29,2025-26,BKN,ATL,0,0.20492944
0022500131,2025-10-29,2025-26,TOR,HOU,0,0.3554608
0022500132,2025-10-29,2025-26,CHI,SAC,1,0.73789495
0022500133,2025-10-29,2025-26,DAL,IND,1,0.49070972
0022500134,2025-10-29,2025-26,DEN,NOP,1,0.8229385
0022500135,2025-10-29,2025-26,UTA,POR,0,0.22607681
0022500136,2025-10-29,2025-26,MIN,LAL,0,0.6783328
0022500137,2025-10-29,2025-26,PHX,MEM,0,0.31499732
0022500138,2025-10-30,2025-26,CHA,ORL,0,0.41926864
0022500139,2025-10-30,2025-26,MIL,GSW,1,0.46171063
0022500140,2025-10-30,2025-26,OKC,WAS,1,0.8625738
0022500141,2025-10-30,2025-26,SAS,MIA,1,0.490882
0022500020,2025-10-31,2025-26,IND,ATL,0,0.344281
0022500021,2025-10-31,2025-26,PHI,BOS,0,0.47582844
0022500022,2025-10-31,2025-26,CLE,TOR,0,0.4448958
0022500023,2025-10-31,2025-26,CHI,NYK,1,0.52747506
0022500024,2025-10-31,2025-26,MEM,LAL,0,0.40410453
0022500025,2025-10-31,2025-26,PHX,UTA,1,0.494349
0022500026,2025-10-31,2025-26,POR,DEN,1,0.42705604
0022500027,2025-10-31,2025-26,LAC,NOP,1,0.866189
0022500142,2025-11-01,2025-26,MIL,SAC,0,0.8340418
0022500143,2025-11-01,2025-26,CHA,MIN,0,0.2894848
0022500144,2025-11-01,2025-26,IND,GSW,1,0.20022756
0022500145,2025-11-01,2025-26,WAS,ORL,0,0.25651643
0022500146,2025-11-01,2025-26,BOS,HOU,0,0.35717028
0022500148,2025-11-02,2025-26,OKC,NOP,1,0.8472156
0022500149,2025-11-02,2025-26,BKN,PHI,0,0.40753353
0022500150,2025-11-02,2025-26,CHA,UTA,1,0.38361728
0022500151,2025-11-02,2025-26,CLE,ATL,1,0.3345843
0022500152,2025-11-02,2025-26,TOR,MEM,1,0.53304315
0022500153,2025-11-02,2025-26,NYK,CHI,1,0.55475694
0022500154,2025-11-02,2025-26,PHX,SAS,1,0.3225434
0022500155,2025-11-02,2025-26,LAL,MIA,1,0.5281013
0022500156,2025-11-03,2025-26,BKN,MIN,0,0.19741362
0022500157,2025-11-03,2025-26,IND,MIL,0,0.22270288
0022500158,2025-11-03,2025-26,BOS,UTA,0,0.84251285
0022500159,2025-11-03,2025-26,NYK,WAS,1,0.8252882
0022500160,2025-11-03,2025-26,HOU,DAL,1,0.810267
0022500161,2025-11-03,2025-26,MEM,DET,0,0.37431884
0022500162,2025-11-03,2025-26,DEN,SAC,1,0.7608449
0022500163,2025-11-03,2025-26,POR,LAL,0,0.79234093
0022500164,2025-11-03,2025-26,LAC,MIA,0,0.7311621
0022500165,2025-11-04,2025-26,TOR,MIL,1,0.36606866
0022500166,2025-11-04,2025-26,ATL,ORL,1,0.61924696
0022500167,2025-11-04,2025-26,CHI,PHI,1,0.6314901
0022500168,2025-11-04,2025-26,NOP,CHA,1,0.47935954
0022500169,2025-11-04,2025-26,GSW,PHX,1,0.7623278
0022500170,2025-11-04,2025-26,LAC,OKC,0,0.39404717
0022500171,2025-11-05,2025-26,CLE,PHI,1,0.75503284
0022500172,2025-11-05,2025-26,DET,UTA,1,0.8210843
0022500173,2025-11-05,2025-26,IND,BKN,0,0.5519644
0022500174,2025-11-05,2025-26,BOS,WAS,1,0.7985415
0022500175,2025-11-05,2025-26,NYK,MIN,1,0.5644362
0022500176,2025-11-05,2025-26,MEM,HOU,0,0.30716816
0022500177,2025-11-05,2025-26,DAL,NOP,0,0.6867676
0022500178,2025-11-05,2025-26,DEN,MIA,1,0.6090051
0022500179,2025-11-05,2025-26,LAL,SAS,1,0.5125735
0022500180,2025-11-05,2025-26,POR,OKC,1,0.49105906
0022500181,2025-11-05,2025-26,SAC,GSW,1,0.49426278
0022500182,2025-11-06,2025-26,PHX,LAC,1,0.39514458
0022500028,2025-11-07,2025-26,ORL,BOS,1,0.57045835
0022500029,2025-11-07,2025-26,WAS,CLE,0,0.19642892
0022500030,2025-11-07,2025-26,ATL,TOR,0,0.6887202
0022500031,2025-11-07,2025-26,BKN,DET,0,0.2713029
0022500032,2025-11-07,2025-26,SAS,HOU,1,0.37827286
0022500033,2025-11-07,2025-26,MIA,CHA,1,0.80220133
0022500034,2025-11-07,2025-26,MEM,DAL,1,0.6905334
0022500035,2025-11-07,2025-26,MIL,CHI,1,0.55094886
0022500036,2025-11-07,2025-26,MIN,UTA,1,0.796449
0022500037,2025-11-07,2025-26,DEN,GSW,1,0.67831117
0022500038,2025-11-07,2025-26,SAC,OKC,0,0.23869757
0022500183,2025-11-08,2025-26,WAS,DAL,0,0.33320644
0022500184,2025-11-08,2025-26,PHI,TOR,1,0.60157746
0022500185,2025-11-08,2025-26,ATL,LAL,1,0.380629
0022500186,2025-11-08,2025-26,CLE,CHI,1,0.45761418
0022500187,2025-11-08,2025-26,MIA,POR,1,0.42867222
0022500188,2025-11-08,2025-26,SAS,NOP,1,0.7740523
0022500189,2025-11-08,2025-26,DEN,IND,1,0.71231496
0022500190,2025-11-08,2025-26,LAC,PHX,0,0.68916076
0022500191,2025-11-09,2025-26,MIL,HOU,0,0.54819405
0022500192,2025-11-09,2025-26,NYK,BKN,1,0.8526291
0022500193,2025-11-09,2025-26,ORL,BOS,0,0.5983034
0022500194,2025-11-09,2025-26,MEM,OKC,0,0.28216505
0022500195,2025-11-09,2025-26,PHI,DET,0,0.37237403
0022500196,2025-11-09,2025-26,GSW,IND,1,0.837117
0022500197,2025-11-09,2025-26,SAC,MIN,0,0.3192433
0022500198,2025-11-10,2025-26,CHA,LAL,0,0.22392136
0022500199,2025-11-10,2025-26,DET,WAS,1,0.78364724
0022500200,2025-11-10,2025-26,ORL,POR,1,0.37420115
0022500201,2025-11-10,2025-26,MIA,CLE,1,0.47123465
0022500202,2025-11-10,2025-26,CHI,SAS,0,0.48738095
0022500203,2025-11-10,2025-26,DAL,MIL,0,0.2510485
0022500204,2025-11-10,2025-26,PHX,NOP,1,0.7513512
0022500205,2025-11-10,2025-26,UTA,MIN,0,0.19064632
0022500206,2025-11-10,2025-26,LAC,ATL,0,0.57561773
0022500207,2025-11-11,2025-26,BKN,TOR,0,0.23107786
0022500208,2025-11-11,2025-26,NYK,MEM,1,0.7678627
0022500209,2025-11-11,2025-26,PHI,BOS,1,0.4784418
0022500210,2025-11-11,2025-26,OKC,GSW,1,0.66372836
0022500211,2025-11-11,2025-26,UTA,IND,1,0.3296398
0022500212,2025-11-11,2025-26,SAC,DEN,0,0.24294984
0022500213,2025-11-12,2025-26,CHA,MIL,1,0.30004162
0022500214,2025-11-12,2025-26,DET,CHI,1,0.245256
0022500215,2025-11-12,2025-26,NYK,ORL,0,0.6572821
0022500216,2025-11-12,2025-26,BOS,MEM,1,0.65328187
0022500217,2025-11-12,2025-26,MIA,CLE,0,0.7459588
0022500218,2025-11-12,2025-26,HOU,WAS,1,0.87018096
0022500219,2025-11-12,2025-26,NOP,POR,0,0.23930655
0022500220,2025-11-12,2025-26,SAS,GSW,0,0.5462451
0022500221,2025-11-12,2025-26,DAL,PHX,0,0.38560164
0022500222,2025-11-12,2025-26,OKC,LAL,1,0.60639405
0022500223,2025-11-12,2025-26,SAC,ATL,0,0.2499839
0022500224,2025-11-12,2025-26,LAC,DEN,0,0.4703614
0022500225,2025-11-13,2025-26,CLE,TOR,0,0.53053707
0022500226,2025-11-13,2025-26,PHX,IND,1,0.6294923
0022500227,2025-11-13,2025-26,UTA,ATL,0,0.30405173
0022500039,2025-11-14,2025-26,NYK,MIA,1,0.62475336
0022500040,2025-11-14,2025-26,ORL,BKN,1,0.76359373
0022500041,2025-11-14,2025-26,DET,PHI,1,0.3450789
0022500042,2025-11-14,2025-26,HOU,POR,1,0.61843884
0022500043,2025-11-14,2025-26,MIL,CHA,1,0.80928487
0022500044,2025-11-14,2025-26,MIN,SAC,1,0.77025545
0022500045,2025-11-14,2025-26,NOP,LAL,0,0.21294896
0022500046,2025-11-14,2025-26,DAL,LAC,0,0.2834429
0022500047,2025-11-14,2025-26,SAS,GSW,0,0.4883627
0022500228,2025-11-15,2025-26,CLE,MEM,1,0.7189079
0022500229,2025-11-15,2025-26,CHA,OKC,0,0.16046025
0022500230,2025-11-15,2025-26,IND,TOR,0,0.25470918
0022500231,2025-11-15,2025-26,MIL,LAL,0,0.6492979
0022500232,2025-11-15,2025-26,MIN,DEN,0,0.39103067
0022500233,2025-11-16,2025-26,BOS,LAC,1,0.5430697
0022500234,2025-11-16,2025-26,SAS,SAC,1,0.6683926
0022500235,2025-11-16,2025-26,WAS,BKN,0,0.52368253
0022500236,2025-11-16,2025-26,HOU,ORL,1,0.77083594
0022500237,2025-11-16,2025-26,NOP,GSW,0,0.21494173
0022500238,2025-11-16,2025-26,DAL,POR,1,0.38497704
0022500239,2025-11-16,2025-26,PHX,ATL,0,0.46911955
0022500240,2025-11-16,2025-26,UTA,CHI,1,0.20327847
0022500241,2025-11-17,2025-26,CLE,MIL,1,0.51763123
0022500242,2025-11-17,2025-26,DET,IND,1,0.66295236
0022500243,2025-11-17,2025-26,PHI,LAC,1,0.55578697
0022500244,2025-11-17,2025-26,MIA,NYK,1,0.50304
0022500245,2025-11-17,2025-26,TOR,CHA,1,0.7095961
0022500246,2025-11-17,2025-26,MIN,DAL,1,0.82892203
0022500247,2025-11-17,2025-26,NOP,OKC,0,0.12936367
0022500248,2025-11-17,2025-26,DEN,CHI,0,0.717586
0022500249,2025-11-18,2025-26,ORL,GSW,1,0.42570305
0022500250,2025-11-18,2025-26,BKN,BOS,0,0.25885764
0022500251,2025-11-18,2025-26,ATL,DET,0,0.6301831
0022500252,2025-11-18,2025-26,SAS,MEM,1,0.65696114
0022500253,2025-11-18,2025-26,LAL,UTA,1,0.8324955
0022500254,2025-11-18,2025-26,POR,PHX,0,0.50023264
0022500255,2025-11-19,2025-26,CLE,HOU,0,0.44767377
0022500256,2025-11-19,2025-26,IND,CHA,1,0.36478338
0022500257,2025-11-19,2025-26,MIA,GSW,1,0.83259124
0022500258,2025-11-19,2025-26,PHI,TOR,0,0.40931943
0022500259,2025-11-19,2025-26,MIN,WAS,1,0.8819313
0022500260,2025-11-19,2025-26,NOP,DEN,0,0.21117474
0022500261,2025-11-19,2025-26,OKC,SAC,1,0.859677
0022500262,2025-11-19,2025-26,DAL,NYK,0,0.24205333
0022500263,2025-11-19,2025-26,POR,CHI,0,0.22406991
0022500264,2025-11-20,2025-26,ORL,LAC,1,0.45922852
0022500265,2025-11-20,2025-26,MEM,SAC,1,0.53230274
0022500266,2025-11-20,2025-26,MIL,PHI,0,0.5985227
0022500267,2025-11-20,2025-26,SAS,ATL,1,0.39580503
0022500048,2025-11-21,2025-26,CLE,IND,1,0.828566
0022500049,2025-11-21,2025-26,BOS,BKN,0,0.76914024
0022500050,2025-11-21,2025-26,TOR,WAS,1,0.85317
0022500051,2025-11-21,2025-26,CHI,MIA,0,0.53503025
0022500052,2025-11-21,2025-26,DAL,NOP,1,0.53979117
0022500053,2025-11-21,2025-26,PHX,MIN,1,0.3822062
0022500054,2025-11-21,2025-26,HOU,DEN,0,0.500889
0022500055,2025-11-21,2025-26,UTA,OKC,0,0.18131804
0022500056,2025-11-21,2025-26,GSW,POR,0,0.7381118
0022500268,2025-11-22,2025-26,CHA,LAC,0,0.48106602
0022500269,2025-11-22,2025-26,ORL,NYK,1,0.45360667
0022500270,2025-11-22,2025-26,NOP,ATL,0,0.17348796
0022500271,2025-11-22,2025-26,CHI,WAS,1,0.8478705
0022500272,2025-11-22,2025-26,MIL,DET,0,0.4255118
0022500273,2025-11-22,2025-26,DAL,MEM,0,0.41475064
0022500274,2025-11-22,2025-26,DEN,SAC,0,0.83416444
0022500275,2025-11-23,2025-26,PHI,MIA,0,0.3850366
0022500276,2025-11-23,2025-26,ATL,CHA,1,0.81090266
0022500277,2025-11-23,2025-26,BOS,ORL,1,0.73387986
0022500278,2025-11-23,2025-26,CLE,LAC,1,0.5468588
0022500279,2025-11-23,2025-26,TOR,BKN,1,0.7623033
0022500280,2025-11-23,2025-26,OKC,POR,1,0.8040769
0022500281,2025-11-23,2025-26,PHX,SAS,1,0.55880547
0022500282,2025-11-23,2025-26,UTA,LAL,0,0.19799547
0022500283,2025-11-24,2025-26,IND,DET,0,0.23020451
0022500284,2025-11-24,2025-26,TOR,CLE,1,0.5765902
0022500285,2025-11-24,2025-26,BKN,NYK,0,0.21897517
0022500286,2025-11-24,2025-26,MIA,DAL,1,0.7953813
0022500287,2025-11-24,2025-26,MEM,DEN,0,0.25935826
0022500288,2025-11-24,2025-26,MIL,POR,0,0.70165145
0022500289,2025-11-24,2025-26,NOP,CHI,1,0.28083116
0022500290,2025-11-24,2025-26,PHX,HOU,0,0.30867872
0022500291,2025-11-24,2025-26,GSW,UTA,1,0.74008405
0022500292,2025-11-24,2025-26,SAC,MIN,1,0.23543145
0022500057,2025-11-25,2025-26,WAS,ATL,1,0.16762768
0022500058,2025-11-25,2025-26,PHI,ORL,0,0.50063616
0022500059,2025-11-25,2025-26,LAL,LAC,1,0.5606156
0022500060,2025-11-26,2025-26,BOS,DET,1,0.47461888
0022500061,2025-11-26,2025-26,CHA,NYK,0,0.30736697
0022500062,2025-11-26,2025-26,MIA,MIL,1,0.7310831
0022500063,2025-11-26,2025-26,TOR,IND,1,0.77935106
0022500064,2025-11-26,2025-26,OKC,MIN,1,0.6466545
0022500065,2025-11-26,2025-26,NOP,MEM,0,0.42604443
0022500066,2025-11-26,2025-26,GSW,HOU,0,0.43577158
0022500067,2025-11-26,2025-26,POR,SAS,0,0.48641482
0022500068,2025-11-26,2025-26,SAC,PHX,0,0.31446347
0022500069,2025-11-28,2025-26,ATL,CLE,1,0.45577687
0022500070,2025-11-28,2025-26,BKN,PHI,0,0.29512462
0022500071,2025-11-28,2025-26,CHA,CHI,1,0.28514332
0022500072,2025-11-28,2025-26,DET,ORL,0,0.5767955
0022500073,2025-11-28,2025-26,IND,WAS,1,0.59563655
0022500074,2025-11-28,2025-26,NYK,MIL,1,0.5845466
0022500075,2025-11-28,2025-26,OKC,PHX,1,0.7871681
0022500076,2025-11-28,2025-26,DEN,SAS,0,0.7128659
0022500077,2025-11-28,2025-26,UTA,SAC,1,0.5983673
0022500078,2025-11-28,2025-26,LAL,DAL,1,0.8011837
0022500079,2025-11-28,2025-26,LAC,MEM,0,0.69801235
0022500293,2025-11-29,2025-26,MIN,BOS,1,0.58963937
0022500294,2025-11-29,2025-26,CHA,TOR,1,0.28196386
0022500295,2025-11-29,2025-26,IND,CHI,1,0.35843596
0022500296,2025-11-29,2025-26,MIA,DET,0,0.7143351
0022500297,2025-11-29,2025-26,MIL,BKN,1,0.8706977
0022500298,2025-11-29,2025-26,GSW,NOP,1,0.73806584
0022500299,2025-11-29,2025-26,PHX,DEN,0,0.39884797
0022500300,2025-11-29,2025-26,LAC,DAL,0,0.80540246
0022500301,2025-11-30,2025-26,UTA,HOU,0,0.26441896
0022500302,2025-11-30,2025-26,CLE,BOS,0,0.6738549
0022500303,2025-11-30,2025-26,NYK,TOR,1,0.689811
0022500304,2025-11-30,2025-26,PHI,ATL,0,0.46010387
0022500305,2025-11-30,2025-26,POR,OKC,0,0.21095946
0022500306,2025-11-30,2025-26,MIN,SAS,1,0.6020301
0022500307,2025-11-30,2025-26,SAC,MEM,0,0.3917343
0022500308,2025-11-30,2025-26,LAL,NOP,1,0.88773644
0022500309,2025-12-01,2025-26,DET,ATL,1,0.553461
0022500310,2025-12-01,2025-26,IND,CLE,0,0.36690196
0022500311,2025-12-01,2025-26,WAS,MIL,1,0.18361321
0022500312,2025-12-01,2025-26,BKN,CHA,1,0.3815527
0022500313,2025-12-01,2025-26,MIA,LAC,1,0.7033615
0022500314,2025-12-01,2025-26,ORL,CHI,1,0.5857943
0022500315,2025-12-01,2025-26,DEN,DAL,0,0.8025437
0022500316,2025-12-01,2025-26,UTA,HOU,1,0.22891144
0022500317,2025-12-01,2025-26,LAL,PHX,0,0.62706953
0022500318,2025-12-02,2025-26,PHI,WAS,1,0.84076005
0022500319,2025-12-02,2025-26,TOR,POR,1,0.6342972
0022500320,2025-12-02,2025-26,BOS,NYK,1,0.47533965
0022500321,2025-12-02,2025-26,NOP,MIN,0,0.18792534
0022500322,2025-12-02,2025-26,SAS,MEM,1,0.6727754
0022500323,2025-12-02,2025-26,GSW,OKC,0,0.24667762
0022500324,2025-12-03,2025-26,CLE,POR,0,0.7857454
0022500325,2025-12-03,2025-26,IND,DEN,0,0.23171353
0022500326,2025-12-03,2025-26,ORL,SAS,0,0.6146673
0022500327,2025-12-03,2025-26,ATL,LAC,0,0.57323486
0022500328,2025-12-03,2025-26,NYK,CHA,1,0.75398374
0022500329,2025-12-03,2025-26,CHI,BKN,0,0.70424396
0022500330,2025-12-03,2025-26,HOU,SAC,1,0.8345619
0022500331,2025-12-03,2025-26,MIL,DET,1,0.55597895
0022500332,2025-12-03,2025-26,DAL,MIA,1,0.3165978
0022500333,2025-12-04,2025-26,PHI,GSW,1,0.6725189
0022500334,2025-12-04,2025-26,WAS,BOS,0,0.18739304
0022500335,2025-12-04,2025-26,BKN,UTA,0,0.30142954
0022500336,2025-12-04,2025-26,TOR,LAL,0,0.53770447
0022500337,2025-12-04,2025-26,NOP,MIN,0,0.19151092
0022500338,2025-12-05,2025-26,BOS,LAL,1,0.7393489
0022500339,2025-12-05,2025-26,ORL,MIA,1,0.5383613
0022500340,2025-12-05,2025-26,ATL,DEN,0,0.4867445
0022500341,2025-12-05,2025-26,CLE,SAS,1,0.6625995
0022500342,2025-12-05,2025-26,DET,POR,1,0.70679384
0022500343,2025-12-05,2025-26,NYK,UTA,1,0.8172455
0022500344,2025-12-05,2025-26,TOR,CHA,0,0.67027944
0022500345,2025-12-05,2025-26,CHI,IND,0,0.689586
0022500346,2025-12-05,2025-26,HOU,PHX,1,0.60208946
0022500347,2025-12-05,2025-26,MEM,LAC,1,0.38872808
0022500348,2025-12-05,2025-26,MIL,PHI,0,0.51139694
0022500349,2025-12-05,2025-26,OKC,DAL,1,0.8060401
0022500350,2025-12-06,2025-26,BKN,NOP,1,0.551896
0022500351,2025-12-06,2025-26,WAS,ATL,0,0.13055182
0022500352,2025-12-06,2025-26,CLE,GSW,0,0.7526684
0022500353,2025-12-06,2025-26,DET,MIL,1,0.7663189
0022500354,2025-12-06,2025-26,MIA,SAC,0,0.7432832
0022500355,2025-12-06,2025-26,MIN,LAC,1,0.72230047
0022500356,2025-12-06,2025-26,DAL,HOU,1,0.32871145
0022500357,2025-12-07,2025-26,NYK,ORL,1,0.5267524
0022500358,2025-12-07,2025-26,TOR,BOS,0,0.36427405
0022500359,2025-12-07,2025-26,CHA,DEN,0,0.19168088
0022500360,2025-12-07,2025-26,MEM,POR,1,0.5055769
0022500361,2025-12-07,2025-26,CHI,GSW,0,0.6433615
0022500362,2025-12-07,2025-26,PHI,LAL,0,0.45026147
0022500363,2025-12-07,2025-26,UTA,OKC,0,0.21744426
0022500364,2025-12-08,2025-26,IND,SAC,1,0.62846744
0022500365,2025-12-08,2025-26,MIN,PHX,0,0.6613083
0022500366,2025-12-08,2025-26,NOP,SAS,0,0.24998069
0022501201,2025-12-09,2025-26,ORL,MIA,1,0.4688845
0022501202,2025-12-09,2025-26,TOR,NYK,0,0.34410414
0022501203,2025-12-10,2025-26,OKC,PHX,1,0.7913932
0022501204,2025-12-10,2025-26,LAL,SAS,0,0.6301968
0022501205,2025-12-11,2025-26,HOU,LAC,1,0.7107655
0022501206,2025-12-11,2025-26,MIL,BOS,1,0.22108412
0022501207,2025-12-11,2025-26,NOP,POR,1,0.41867512
0022501208,2025-12-11,2025-26,SAC,DEN,0,0.18849854
0022501209,2025-12-12,2025-26,CHA,CHI,0,0.35489747
0022501210,2025-12-12,2025-26,DET,ATL,1,0.49415562
0022501211,2025-12-12,2025-26,PHI,IND,1,0.63684916
0022501212,2025-12-12,2025-26,WAS,CLE,0,0.11073443
0022501213,2025-12-12,2025-26,MEM,UTA,0,0.69416004
0022501214,2025-12-12,2025-26,DAL,BKN,1,0.6690915
0022501215,2025-12-12,2025-26,GSW,MIN,0,0.41288468
0022501216,2025-12-14,2025-26,IND,WAS,0,0.8149866
0022501217,2025-12-14,2025-26,ATL,PHI,1,0.6902056
0022501218,2025-12-14,2025-26,CLE,CHA,0,0.7519581
0022501219,2025-12-14,2025-26,BKN,MIL,1,0.5066523
0022501220,2025-12-14,2025-26,MIN,SAC,1,0.8298745
0022501221,2025-12-14,2025-26,POR,GSW,1,0.38559383
0022501223,2025-12-14,2025-26,CHI,NOP,0,0.5825864
0022501228,2025-12-14,2025-26,PHX,LAL,0,0.44051313
0022501222,2025-12-15,2025-26,BOS,DET,0,0.5677024
0022501224,2025-12-15,2025-26,UTA,DAL,1,0.402198
0022501225,2025-12-15,2025-26,DEN,HOU,1,0.47982842
0022501226,2025-12-15,2025-26,LAC,MEM,0,0.66167086
0022501227,2025-12-15,2025-26,MIA,TOR,0,0.59540343
0022500367,2025-12-17,2025-26,CHI,CLE,1,0.37626764
0022500368,2025-12-17,2025-26,MIN,MEM,0,0.78476393
0022500369,2025-12-18,2025-26,OKC,LAC,1,0.8491907
0022500370,2025-12-18,2025-26,SAS,WAS,1,0.87492675
0022500371,2025-12-18,2025-26,CHA,ATL,1,0.24074732
0022500372,2025-12-18,2025-26,IND,NYK,0,0.27101716
0022500373,2025-12-18,2025-26,BKN,MIA,0,0.3479265
0022500374,2025-12-18,2025-26,MIL,TOR,0,0.41278344
0022500375,2025-12-18,2025-26,NOP,HOU,1,0.23524049
0022500376,2025-12-18,2025-26,DAL,DET,1,0.3841444
0022500377,2025-12-18,2025-26,DEN,ORL,1,0.63288385
0022500378,2025-12-18,2025-26,PHX,GSW,1,0.57786417
0022500379,2025-12-18,2025-26,UTA,LAL,0,0.21792212
0022500380,2025-12-18,2025-26,POR,SAC,1,0.7755292
0022500381,2025-12-19,2025-26,BOS,MIA,1,0.8094823
0022500382,2025-12-19,2025-26,NYK,PHI,0,0.6545686
0022500383,2025-12-19,2025-26,ATL,SAS,0,0.5028733
0022500384,2025-12-19,2025-26,CLE,CHI,0,0.5324589
0022500385,2025-12-19,2025-26,MIN,OKC,1,0.44382638
0022500386,2025-12-20,2025-26,DEN,HOU,0,0.46574745
0022500387,2025-12-20,2025-26,PHI,DAL,1,0.4763978
0022500388,2025-12-20,2025-26,TOR,BOS,0,0.5341179
0022500389,2025-12-20,2025-26,NOP,IND,1,0.66641957
0022500390,2025-12-20,2025-26,DET,CHA,1,0.763123
0022500391,2025-12-20,2025-26,MEM,WAS,0,0.7812877
0022500392,2025-12-20,2025-26,GSW,PHX,1,0.53142244
0022500393,2025-12-20,2025-26,UTA,ORL,0,0.28731874
0022500394,2025-12-20,2025-26,SAC,POR,0,0.30996457
0022500395,2025-12-20,2025-26,LAC,LAL,1,0.4402685
0022500396,2025-12-21,2025-26,ATL,CHI,0,0.74253184
0022500397,2025-12-21,2025-26,BKN,TOR,1,0.46288294
0022500398,2025-12-21,2025-26,NYK,MIA,1,0.728319
0022500399,2025-12-21,2025-26,WAS,SAS,0,0.11466539
0022500400,2025-12-21,2025-26,MIN,MIL,1,0.7768332
0022500401,2025-12-21,2025-26,SAC,HOU,1,0.14823584
0022500402,2025-12-22,2025-26,CLE,CHA,1,0.7287482
0022500403,2025-12-22,2025-26,BOS,IND,1,0.83139396
0022500404,2025-12-22,2025-26,NOP,DAL,1,0.49685067
0022500405,2025-12-22,2025-26,DEN,UTA,1,0.81289303
0022500406,2025-12-22,2025-26,OKC,MEM,1,0.825193
0022500407,2025-12-22,2025-26,GSW,ORL,1,0.58340967
0022500408,2025-12-22,2025-26,POR,DET,0,0.30984557
0022500409,2025-12-23,2025-26,CHA,WAS,1,0.6143055
0022500410,2025-12-23,2025-26,PHI,BKN,0,0.65884453
0022500411,2025-12-23,2025-26,ATL,CHI,0,0.7545829
0022500412,2025-12-23,2025-26,CLE,NOP,1,0.6719424
0022500413,2025-12-23,2025-26,IND,MIL,0,0.38371438
0022500414,2025-12-23,2025-26,MIA,TOR,0,0.56558496
0022500415,2025-12-23,2025-26,DAL,DEN,1,0.27852803
0022500416,2025-12-23,2025-26,MIN,NYK,1,0.65330756
0022500417,2025-12-23,2025-26,SAS,OKC,1,0.44828823
0022500418,2025-12-23,2025-26,PHX,LAL,1,0.5362028
0022500419,2025-12-23,2025-26,UTA,MEM,0,0.40795383
0022500420,2025-12-23,2025-26,POR,ORL,0,0.4485143
0022500421,2025-12-23,2025-26,SAC,DET,0,0.22359762
0022500422,2025-12-23,2025-26,LAC,HOU,1,0.2922405
0022500009,2025-12-25,2025-26,NYK,CLE,1,0.58520746
0022500010,2025-12-25,2025-26,OKC,SAS,0,0.69045085
0022500011,2025-12-25,2025-26,GSW,DAL,1,0.62881213
0022500012,2025-12-25,2025-26,LAL,HOU,0,0.47349623
0022500013,2025-12-25,2025-26,DEN,MIN,1,0.5594689
0022500423,2025-12-26,2025-26,ATL,MIA,0,0.70883876
0022500424,2025-12-26,2025-26,ORL,CHA,0,0.6446877
0022500425,2025-12-26,2025-26,WAS,TOR,1,0.27546787
0022500426,2025-12-26,2025-26,IND,BOS,0,0.19288518
0022500427,2025-12-26,2025-26,CHI,PHI,1,0.43849412
0022500428,2025-12-26,2025-26,MEM,MIL,1,0.5429636
0022500429,2025-12-26,2025-26,NOP,PHX,0,0.3657657
0022500430,2025-12-26,2025-26,UTA,DET,1,0.24106525
0022500431,2025-12-26,2025-26,POR,LAC,0,0.44896397
0022500432,2025-12-27,2025-26,SAC,DAL,1,0.29205716
0022500433,2025-12-27,2025-26,ORL,DEN,1,0.27933565
0022500434,2025-12-27,2025-26,NOP,PHX,0,0.39222354
0022500435,2025-12-27,2025-26,ATL,NYK,0,0.4034764
0022500436,2025-12-27,2025-26,MIA,IND,1,0.6950241
0022500437,2025-12-27,2025-26,CHI,MIL,0,0.4108205
0022500438,2025-12-27,2025-26,HOU,CLE,1,0.5797624
0022500439,2025-12-27,2025-26,MIN,BKN,0,0.74187976
0022500440,2025-12-27,2025-26,SAS,UTA,0,0.79988956
0022500441,2025-12-28,2025-26,TOR,GSW,1,0.4821216
0022500442,2025-12-28,2025-26,OKC,PHI,1,0.8101769
0022500443,2025-12-28,2025-26,WAS,MEM,1,0.32041034
0022500444,2025-12-28,2025-26,POR,BOS,1,0.30598283
0022500445,2025-12-28,2025-26,LAC,DET,1,0.3591694
0022500446,2025-12-28,2025-26,LAL,SAC,1,0.8252655
0022500447,2025-12-29,2025-26,CHA,MIL,0,0.4182755
0022500448,2025-12-29,2025-26,WAS,PHX,0,0.24080667
0022500449,2025-12-29,2025-26,BKN,GSW,0,0.50293803
0022500450,2025-12-29,2025-26,MIA,DEN,1,0.3897615
0022500451,2025-12-29,2025-26,TOR,ORL,1,0.37632298
0022500452,2025-12-29,2025-26,CHI,MIN,0,0.32294908
0022500453,2025-12-29,2025-26,HOU,IND,1,0.82879966
0022500454,2025-12-29,2025-26,NOP,NYK,0,0.25843862
0022500455,2025-12-29,2025-26,OKC,ATL,1,0.79214483
0022500456,2025-12-29,2025-26,SAS,CLE,0,0.61623466
0022500457,2025-12-29,2025-26,POR,DAL,1,0.48419026
0022500458,2025-12-30,2025-26,MEM,PHI,0,0.44609123
0022500459,2025-12-30,2025-26,UTA,BOS,0,0.27800778
0022500460,2025-12-30,2025-26,LAL,DET,0,0.45536083
0022500461,2025-12-30,2025-26,LAC,SAC,1,0.7540443
0022500462,2025-12-31,2025-26,CHA,GSW,0,0.3552612
0022500463,2025-12-31,2025-26,ATL,MIN,1,0.45006865
0022500464,2025-12-31,2025-26,IND,ORL,0,0.25986248
0022500465,2025-12-31,2025-26,CLE,PHX,1,0.5472777
0022500466,2025-12-31,2025-26,CHI,NOP,1,0.40634802
0022500467,2025-12-31,2025-26,SAS,NYK,1,0.4964381
0022500468,2025-12-31,2025-26,TOR,DEN,0,0.5053501
0022500469,2025-12-31,2025-26,MIL,WAS,0,0.80375135
0022500470,2025-12-31,2025-26,OKC,POR,1,0.83434546
0022500471,2026-01-01,2025-26,BKN,HOU,0,0.1796983
0022500472,2026-01-01,2025-26,DET,MIA,0,0.6352927
0022500473,2026-01-01,2025-26,DAL,PHI,0,0.49529785
0022500474,2026-01-01,2025-26,SAC,BOS,0,0.20102824
0022500475,2026-01-01,2025-26,LAC,UTA,1,0.82486635
0022500476,2026-01-02,2025-26,IND,SAS,0,0.33968064
0022500477,2026-01-02,2025-26,WAS,BKN,1,0.59186244
0022500478,2026-01-02,2025-26,CLE,DEN,1,0.6067467
0022500479,2026-01-02,2025-26,NYK,ATL,0,0.55456847
0022500480,2026-01-02,2025-26,CHI,ORL,1,0.27040377
0022500481,2026-01-02,2025-26,MIL,CHA,1,0.6417095
0022500482,2026-01-02,2025-26,NOP,POR,0,0.4108539
0022500483,2026-01-02,2025-26,PHX,SAC,1,0.81367433
0022500484,2026-01-02,2025-26,GSW,OKC,0,0.22883037
0022500485,2026-01-02,2025-26,LAL,MEM,1,0.6105509
0022500486,2026-01-03,2025-26,MIA,MIN,0,0.42062202
0022500487,2026-01-03,2025-26,NYK,PHI,0,0.61088383
0022500488,2026-01-03,2025-26,TOR,ATL,1,0.58964276
0022500489,2026-01-03,2025-26,CHI,CHA,0,0.4065358
0022500490,2026-01-03,2025-26,SAS,POR,0,0.6395675
0022500491,2026-01-03,2025-26,DAL,HOU,1,0.2803293
0022500492,2026-01-03,2025-26,GSW,UTA,1,0.6768149
0022500493,2026-01-03,2025-26,LAC,BOS,0,0.4615806
0022500494,2026-01-04,2025-26,CLE,DET,0,0.4904244
0022500495,2026-01-04,2025-26,ORL,IND,1,0.73744255
0022500496,2026-01-04,2025-26,BKN,DEN,1,0.32352856
0022500497,2026-01-04,2025-26,MIA,NOP,1,0.6170206
0022500498,2026-01-04,2025-26,WAS,MIN,0,0.29808563
0022500499,2026-01-04,2025-26,PHX,OKC,1,0.29493886
0022500500,2026-01-04,2025-26,SAC,MIL,0,0.24246454
0022500501,2026-01-04,2025-26,LAL,MEM,1,0.6351507
0022500502,2026-01-05,2025-26,DET,NYK,1,0.3196071
0022500503,2026-01-05,2025-26,BOS,CHI,1,0.804576
0022500504,2026-01-05,2025-26,TOR,ATL,1,0.44895384
0022500505,2026-01-05,2025-26,HOU,PHX,1,0.7440617
0022500506,2026-01-05,2025-26,OKC,CHA,0,0.7560489
0022500507,2026-01-05,2025-26,PHI,DEN,0,0.8325158
0022500508,2026-01-05,2025-26,LAC,GSW,1,0.58471924
0022500509,2026-01-05,2025-26,POR,UTA,1,0.54161817
0022500510,2026-01-06,2025-26,IND,CLE,0,0.3434864
0022500511,2026-01-06,2025-26,WAS,ORL,1,0.2753142
0022500512,2026-01-06,2025-26,MEM,SAS,1,0.4243087
0022500513,2026-01-06,2025-26,MIN,MIA,1,0.5656567
0022500514,2026-01-06,2025-26,NOP,LAL,0,0.33323422
0022500515,2026-01-06,2025-26,SAC,DAL,0,0.27206686
0022500516,2026-01-07,2025-26,CHA,TOR,0,0.48192564
0022500517,2026-01-07,2025-26,DET,CHI,1,0.6510851
0022500518,2026-01-07,2025-26,PHI,WAS,1,0.8285443
0022500519,2026-01-07,2025-26,ATL,NOP,1,0.8285278
0022500520,2026-01-07,2025-26,BOS,DEN,0,0.62813336
0022500521,2026-01-07,2025-26,BKN,ORL,0,0.5670902
0022500522,2026-01-07,2025-26,NYK,LAC,1,0.5930156
0022500523,2026-01-07,2025-26,SAS,LAL,1,0.6572189
0022500524,2026-01-07,2025-26,MEM,PHX,0,0.38500196
0022500525,2026-01-07,2025-26,OKC,UTA,1,0.8250725
0022500526,2026-01-07,2025-26,GSW,MIL,1,0.5682534
0022500527,2026-01-07,2025-26,POR,HOU,1,0.32047567
0022500528,2026-01-08,2025-26,CHA,IND,0,0.6138865
0022500530,2026-01-08,2025-26,MIN,CLE,1,0.6380113
0022500531,2026-01-08,2025-26,UTA,DAL,1,0.34504628
0022500532,2026-01-09,2025-26,BOS,TOR,1,0.7851345
0022500533,2026-01-09,2025-26,ORL,PHI,0,0.42866716
0022500534,2026-01-09,2025-26,WAS,NOP,0,0.4598776
0022500535,2026-01-09,2025-26,BKN,LAC,0,0.3981283
0022500536,2026-01-09,2025-26,MEM,OKC,0,0.49578846
0022500537,2026-01-09,2025-26,DEN,ATL,0,0.40397185
0022500538,2026-01-09,2025-26,PHX,NYK,1,0.39785048
0022500539,2026-01-09,2025-26,GSW,SAC,1,0.8251995
0022500540,2026-01-09,2025-26,POR,HOU,1,0.29466194
0022500541,2026-01-09,2025-26,LAL,MIL,0,0.54365444
0022500542,2026-01-10,2025-26,CLE,MIN,1,0.3996256
0022500543,2026-01-10,2025-26,IND,MIA,1,0.26590064
0022500544,2026-01-10,2025-26,DET,LAC,0,0.38656473
0022500545,2026-01-10,2025-26,BOS,SAS,0,0.5828099
0022500546,2026-01-10,2025-26,CHI,DAL,1,0.5077025
0022500547,2026-01-10,2025-26,UTA,CHA,0,0.3383846
0022500548,2026-01-11,2025-26,ORL,NOP,1,0.5904547
0022500549,2026-01-11,2025-26,MEM,BKN,1,0.69457006
0022500550,2026-01-11,2025-26,TOR,PHI,1,0.3853128
0022500551,2026-01-11,2025-26,POR,NYK,0,0.41603002
0022500552,2026-01-11,2025-26,MIN,SAS,1,0.6649249
0022500553,2026-01-11,2025-26,OKC,MIA,1,0.7921475
0022500554,2026-01-11,2025-26,DEN,MIL,1,0.42189044
0022500555,2026-01-11,2025-26,PHX,WAS,1,0.7691773
0022500556,2026-01-11,2025-26,GSW,ATL,0,0.5586087
0022500557,2026-01-11,2025-26,SAC,HOU,1,0.13331945
0022500558,2026-01-12,2025-26,CLE,UTA,0,0.7665478
0022500559,2026-01-12,2025-26,IND,BOS,1,0.29532036
0022500560,2026-01-12,2025-26,TOR,PHI,0,0.33112878
0022500561,2026-01-12,2025-26,DAL,BKN,1,0.5117589
0022500562,2026-01-12,2025-26,SAC,LAL,1,0.18839951
0022500563,2026-01-12,2025-26,LAC,CHA,1,0.6376392
0022500564,2026-01-13,2025-26,MIA,PHX,1,0.5271509
0022500565,2026-01-13,2025-26,HOU,CHI,1,0.7990035
0022500566,2026-01-13,2025-26,MIL,MIN,0,0.4647998
0022500567,2026-01-13,2025-26,NOP,DEN,0,0.337051
0022500568,2026-01-13,2025-26,OKC,SAS,1,0.70978177
0022500569,2026-01-13,2025-26,LAL,ATL,1,0.42920148
0022500570,2026-01-13,2025-26,GSW,POR,1,0.6908405
0022500571,2026-01-14,2025-26,IND,TOR,0,0.5403523
0022500572,2026-01-14,2025-26,PHI,CLE,0,0.6111245
0022500573,2026-01-14,2025-26,CHI,UTA,1,0.6532396
0022500574,2026-01-14,2025-26,NOP,BKN,1,0.4197089
0022500575,2026-01-14,2025-26,DAL,DEN,0,0.4190303
0022500576,2026-01-14,2025-26,SAC,NYK,1,0.17968567
0022500577,2026-01-14,2025-26,LAC,WAS,1,0.7982166
0022500579,2026-01-15,2025-26,DET,PHX,1,0.73487
0022500580,2026-01-15,2025-26,MIA,BOS,0,0.34408647
0022500581,2026-01-15,2025-26,HOU,OKC,0,0.43744385
0022500582,2026-01-15,2025-26,SAS,MIL,1,0.586577
0022500583,2026-01-15,2025-26,DAL,UTA,1,0.4716503
0022500584,2026-01-15,2025-26,GSW,NYK,1,0.63281846
0022500585,2026-01-15,2025-26,POR,ATL,1,0.406507
0022500586,2026-01-15,2025-26,LAL,CHA,0,0.5443062
0022500587,2026-01-16,2025-26,BKN,CHI,1,0.61224
0022500588,2026-01-16,2025-26,IND,NOP,1,0.47611246
0022500589,2026-01-16,2025-26,PHI,CLE,0,0.583355
0022500590,2026-01-16,2025-26,TOR,LAC,0,0.5191727
0022500591,2026-01-16,2025-26,HOU,MIN,1,0.4535681
0022500592,2026-01-16,2025-26,SAC,WAS,1,0.6495541
0022500593,2026-01-17,2025-26,DAL,UTA,1,0.6253557
0022500594,2026-01-17,2025-26,ATL,BOS,0,0.38743308
0022500595,2026-01-17,2025-26,DET,IND,1,0.8631179
0022500596,2026-01-17,2025-26,NYK,PHX,0,0.5351666
0022500597,2026-01-17,2025-26,MIA,OKC,1,0.26311734
0022500598,2026-01-17,2025-26,SAS,MIN,1,0.51472586
0022500599,2026-01-17,2025-26,GSW,CHA,1,0.50606817
0022500600,2026-01-17,2025-26,DEN,WAS,1,0.84209317
0022500601,2026-01-17,2025-26,POR,LAL,1,0.5659404
0022500603,2026-01-18,2025-26,CHI,BKN,1,0.59663904
0022500604,2026-01-18,2025-26,HOU,NOP,1,0.75864667
0022500605,2026-01-18,2025-26,DEN,CHA,0,0.49790147
0022500606,2026-01-18,2025-26,SAC,POR,0,0.45831513
0022500607,2026-01-18,2025-26,LAL,TOR,1,0.55518156
0022500014,2026-01-19,2025-26,ATL,MIL,0,0.45495018
0022500015,2026-01-19,2025-26,CLE,OKC,0,0.4088548
0022500016,2026-01-19,2025-26,NYK,DAL,0,0.7420668
0022500017,2026-01-19,2025-26,DET,BOS,1,0.47159344
0022500608,2026-01-19,2025-26,WAS,LAC,0,0.25871095
0022500609,2026-01-19,2025-26,PHI,IND,1,0.7722325
0022500610,2026-01-19,2025-26,BKN,PHX,0,0.3273638
0022500611,2026-01-19,2025-26,SAS,UTA,1,0.81420356
0022500612,2026-01-19,2025-26,GSW,MIA,1,0.6115714
0022500613,2026-01-20,2025-26,PHI,PHX,0,0.4074512
0022500614,2026-01-20,2025-26,CHI,LAC,1,0.56088346
0022500615,2026-01-20,2025-26,HOU,SAS,1,0.64869577
0022500616,2026-01-20,2025-26,UTA,MIN,1,0.1909618
0022500617,2026-01-20,2025-26,DEN,LAL,0,0.65177333
0022500618,2026-01-20,2025-26,GSW,TOR,0,0.5885582
0022500619,2026-01-20,2025-26,SAC,MIA,0,0.48843986
0022500620,2026-01-21,2025-26,CHA,CLE,0,0.60172445
0022500621,2026-01-21,2025-26,BOS,IND,1,0.8192007
0022500622,2026-01-21,2025-26,NYK,BKN,1,0.6722068
0022500623,2026-01-21,2025-26,MEM,ATL,0,0.5695268
0022500624,2026-01-21,2025-26,NOP,DET,0,0.39206648
0022500625,2026-01-21,2025-26,MIL,OKC,0,0.33725673
0022500626,2026-01-21,2025-26,SAC,TOR,0,0.31872377
0022500627,2026-01-22,2025-26,ORL,CHA,0,0.52753973
0022500628,2026-01-22,2025-26,PHI,HOU,1,0.486609
0022500629,2026-01-22,2025-26,WAS,DEN,0,0.24413453
0022500630,2026-01-22,2025-26,DAL,GSW,1,0.4607913
0022500631,2026-01-22,2025-26,MIN,CHI,0,0.63937014
0022500632,2026-01-22,2025-26,UTA,SAS,0,0.2851822
0022500633,2026-01-22,2025-26,LAC,LAL,1,0.6519994
0022500634,2026-01-22,2025-26,POR,MIA,1,0.7143607
0022500635,2026-01-23,2025-26,DET,HOU,0,0.5869863
0022500636,2026-01-23,2025-26,ATL,PHX,1,0.40368113
0022500637,2026-01-23,2025-26,BKN,BOS,0,0.3235608
0022500638,2026-01-23,2025-26,CLE,SAC,1,0.73736656
0022500639,2026-01-23,2025-26,MEM,NOP,0,0.5544676
0022500640,2026-01-23,2025-26,MIL,DEN,0,0.6994368
0022500641,2026-01-23,2025-26,OKC,IND,0,0.80941725
0022500642,2026-01-23,2025-26,POR,TOR,0,0.38831598
0022500643,2026-01-24,2025-26,PHI,NYK,0,0.5659453
0022500645,2026-01-24,2025-26,CHA,WAS,1,0.810603
0022500646,2026-01-24,2025-26,ORL,CLE,0,0.48656273
0022500647,2026-01-24,2025-26,CHI,BOS,1,0.493417
0022500648,2026-01-24,2025-26,DAL,LAL,0,0.4608272
0022500649,2026-01-24,2025-26,UTA,MIA,0,0.45015597
0022500644,2026-01-25,2025-26,MIN,GSW,0,0.68952227
0022500650,2026-01-25,2025-26,DET,SAC,1,0.81493616
0022500653,2026-01-25,2025-26,OKC,TOR,0,0.6203957
0022500654,2026-01-25,2025-26,SAS,NOP,0,0.71355605
0022500655,2026-01-25,2025-26,PHX,MIA,0,0.6776422
0022500656,2026-01-25,2025-26,LAC,BKN,1,0.7509916
0022500657,2026-01-26,2025-26,CHA,PHI,1,0.66020477
0022500658,2026-01-26,2025-26,CLE,ORL,1,0.69849306
0022500659,2026-01-26,2025-26,ATL,IND,1,0.7310871
0022500660,2026-01-26,2025-26,BOS,POR,1,0.69982654
0022500661,2026-01-26,2025-26,CHI,LAL,0,0.51123625
0022500662,2026-01-26,2025-26,HOU,MEM,1,0.72690684
0022500663,2026-01-26,2025-26,MIN,GSW,1,0.69217503
0022500664,2026-01-27,2025-26,WAS,POR,1,0.33160928
0022500665,2026-01-27,2025-26,NYK,SAC,1,0.8232315
0022500666,2026-01-27,2025-26,PHI,MIL,1,0.7253184
0022500667,2026-01-27,2025-26,OKC,NOP,1,0.66871065
0022500668,2026-01-27,2025-26,DEN,DET,0,0.41638744
0022500669,2026-01-27,2025-26,PHX,BKN,1,0.594437
0022500670,2026-01-27,2025-26,UTA,LAC,0,0.19501412
0022500671,2026-01-28,2025-26,CLE,LAL,1,0.5218872
0022500672,2026-01-28,2025-26,IND,CHI,1,0.29344824
0022500673,2026-01-28,2025-26,BOS,ATL,0,0.7026039
0022500674,2026-01-28,2025-26,MIA,ORL,0,0.5725358
0022500675,2026-01-28,2025-26,TOR,NYK,0,0.70067513
0022500676,2026-01-28,2025-26,MEM,CHA,0,0.36580715
0022500677,2026-01-28,2025-26,DAL,MIN,0,0.3188643
0022500678,2026-01-28,2025-26,UTA,GSW,0,0.3011584
0022500679,2026-01-28,2025-26,HOU,SAS,0,0.5881879
0022500529,2026-01-29,2025-26,CHI,MIA,0,0.6151537
0022500680,2026-01-29,2025-26,PHI,SAC,1,0.8114765
0022500681,2026-01-29,2025-26,WAS,MIL,1,0.5348166
0022500682,2026-01-29,2025-26,ATL,HOU,0,0.33650476
0022500683,2026-01-29,2025-26,DAL,CHA,0,0.37146565
0022500684,2026-01-29,2025-26,DEN,BKN,1,0.7328144
0022500685,2026-01-29,2025-26,PHX,DET,1,0.44697812
0022500686,2026-01-29,2025-26,MIN,OKC,1,0.42026666
0022500687,2026-01-30,2025-26,ORL,TOR,1,0.3987991
0022500688,2026-01-30,2025-26,WAS,LAL,0,0.29807985
0022500689,2026-01-30,2025-26,BOS,SAC,1,0.8477723
0022500690,2026-01-30,2025-26,NYK,POR,1,0.519672
0022500691,2026-01-30,2025-26,NOP,MEM,1,0.565881
0022500693,2026-01-30,2025-26,PHX,CLE,1,0.46271566
0022500694,2026-01-30,2025-26,UTA,BKN,0,0.5788289
0022500695,2026-01-30,2025-26,DEN,LAC,1,0.4459223
0022500696,2026-01-30,2025-26,GSW,DET,0,0.5859951
0022500692,2026-01-31,2025-26,MIA,CHI,0,0.65027505
0022500697,2026-01-31,2025-26,CHA,SAS,1,0.5171803
0022500698,2026-01-31,2025-26,IND,ATL,1,0.39045504
0022500699,2026-01-31,2025-26,PHI,NOP,1,0.7338321
0022500700,2026-01-31,2025-26,MEM,MIN,0,0.24405493
0022500701,2026-01-31,2025-26,HOU,DAL,1,0.6972081
0022500702,2026-02-01,2025-26,BOS,MIL,1,0.8237056
0022500703,2026-02-01,2025-26,SAS,ORL,1,0.5994786
0022500704,2026-02-01,2025-26,DET,BKN,1,0.8231883
0022500705,2026-02-01,2025-26,MIA,CHI,1,0.5629074
0022500706,2026-02-01,2025-26,TOR,UTA,1,0.792907
0022500707,2026-02-01,2025-26,WAS,SAC,1,0.6191128
0022500708,2026-02-01,2025-26,NYK,LAL,1,0.57311875
0022500709,2026-02-01,2025-26,PHX,LAC,0,0.51276594
0022500710,2026-02-01,2025-26,POR,CLE,0,0.4052061
0022500711,2026-02-01,2025-26,DEN,OKC,0,0.48323947
0022500712,2026-02-02,2025-26,CHA,NOP,1,0.7144734
0022500713,2026-02-02,2025-26,IND,HOU,0,0.30311424
0022500714,2026-02-02,2025-26,MEM,MIN,1,0.2776734
0022500715,2026-02-02,2025-26,LAC,PHI,0,0.43172985
0022500716,2026-02-03,2025-26,DET,DEN,1,0.51687074
0022500717,2026-02-03,2025-26,IND,UTA,0,0.28829122
0022500718,2026-02-03,2025-26,WAS,NYK,0,0.2771813
0022500719,2026-02-03,2025-26,BKN,LAL,0,0.27836323
0022500720,2026-02-03,2025-26,MIA,ATL,0,0.5431539
0022500721,2026-02-03,2025-26,DAL,BOS,0,0.30636254
0022500722,2026-02-03,2025-26,MIL,CHI,1,0.40367138
0022500723,2026-02-03,2025-26,OKC,ORL,1,0.74527776
0022500724,2026-02-03,2025-26,GSW,PHI,0,0.6177082
0022500725,2026-02-03,2025-26,POR,PHX,0,0.42699435
0022500726,2026-02-04,2025-26,NYK,DEN,1,0.3509894
0022500727,2026-02-04,2025-26,TOR,MIN,0,0.44676206
0022500728,2026-02-04,2025-26,HOU,BOS,0,0.75549847
0022500729,2026-02-04,2025-26,MIL,NOP,1,0.42424476
0022500730,2026-02-04,2025-26,SAS,OKC,1,0.7774536
0022500731,2026-02-04,2025-26,SAC,MEM,0,0.43926194
0022500732,2026-02-04,2025-26,LAC,CLE,0,0.5211182
0022500733,2026-02-05,2025-26,DET,WAS,0,0.8142558
0022500734,2026-02-05,2025-26,ORL,BKN,1,0.65612996
0022500735,2026-02-05,2025-26,ATL,UTA,1,0.67837906
0022500736,2026-02-05,2025-26,TOR,CHI,1,0.71275645
0022500737,2026-02-05,2025-26,HOU,CHA,0,0.4414606
0022500738,2026-02-05,2025-26,DAL,SAS,0,0.41107073
0022500739,2026-02-05,2025-26,PHX,GSW,0,0.5720254
0022500740,2026-02-05,2025-26,LAL,PHI,1,0.5390918
0022500741,2026-02-06,2025-26,BOS,MIA,1,0.7142657
0022500742,2026-02-06,2025-26,DET,NYK,1,0.569891
0022500743,2026-02-06,2025-26,MIL,IND,1,0.6762932
0022500744,2026-02-06,2025-26,MIN,NOP,0,0.7719139
0022500745,2026-02-06,2025-26,POR,MEM,1,0.6987513
0022500746,2026-02-06,2025-26,SAC,LAC,0,0.2505037
0022500747,2026-02-07,2025-26,BKN,WAS,1,0.72574365
0022500748,2026-02-07,2025-26,OKC,HOU,0,0.59769315
0022500749,2026-02-07,2025-26,SAS,DAL,1,0.6827316
0022500750,2026-02-07,2025-26,ORL,UTA,1,0.5393908
0022500751,2026-02-07,2025-26,ATL,CHA,0,0.4457023
0022500752,2026-02-07,2025-26,CHI,DEN,0,0.22773159
0022500753,2026-02-07,2025-26,LAL,GSW,1,0.5871312
0022500754,2026-02-07,2025-26,PHX,PHI,0,0.4949103
0022500755,2026-02-07,2025-26,POR,MEM,1,0.76952577
0022500756,2026-02-07,2025-26,SAC,CLE,0,0.15625536
0022500757,2026-02-08,2025-26,BOS,NYK,0,0.6656927
0022500758,2026-02-08,2025-26,WAS,MIA,0,0.18861158
0022500759,2026-02-08,2025-26,TOR,IND,1,0.79585284
0022500760,2026-02-08,2025-26,MIN,LAC,0,0.7262747
0022500761,2026-02-09,2025-26,CHA,DET,0,0.5480368
0022500762,2026-02-09,2025-26,BKN,CHI,1,0.37582782
0022500763,2026-02-09,2025-26,MIA,UTA,0,0.52382857
0022500764,2026-02-09,2025-26,ORL,MIL,1,0.6557961
0022500765,2026-02-09,2025-26,MIN,ATL,1,0.7792001
0022500766,2026-02-09,2025-26,NOP,SAC,1,0.76877
0022500767,2026-02-09,2025-26,DEN,CLE,0,0.60180277
0022500768,2026-02-09,2025-26,GSW,MEM,1,0.66911817
0022500769,2026-02-09,2025-26,LAL,OKC,0,0.42005208
0022500770,2026-02-09,2025-26,POR,PHI,1,0.64115673
0022500771,2026-02-10,2025-26,NYK,IND,0,0.7574969
0022500772,2026-02-10,2025-26,HOU,LAC,1,0.71655643
0022500773,2026-02-10,2025-26,PHX,DAL,1,0.69107455
0022500774,2026-02-10,2025-26,LAL,SAS,0,0.19646072
0022500775,2026-02-11,2025-26,CHA,ATL,1,0.58918744
0022500776,2026-02-11,2025-26,CLE,WAS,1,0.87410206
0022500777,2026-02-11,2025-26,ORL,MIL,0,0.70136046
0022500778,2026-02-11,2025-26,BOS,CHI,1,0.8526816
0022500779,2026-02-11,2025-26,BKN,IND,0,0.6340553
0022500780,2026-02-11,2025-26,PHI,NYK,0,0.4432488
0022500781,2026-02-11,2025-26,TOR,DET,0,0.5901219
0022500782,2026-02-11,2025-26,HOU,LAC,0,0.63530964
0022500783,2026-02-11,2025-26,MIN,POR,1,0.66850555
0022500784,2026-02-11,2025-26,NOP,MIA,0,0.5079817
0022500785,2026-02-11,2025-26,PHX,OKC,0,0.32415563
0022500786,2026-02-11,2025-26,UTA,SAC,1,0.76964223
0022500787,2026-02-11,2025-26,DEN,MEM,1,0.8482976
0022500788,2026-02-11,2025-26,GSW,SAS,0,0.40753978
0022500789,2026-02-12,2025-26,OKC,MIL,0,0.72692186
0022500790,2026-02-12,2025-26,UTA,POR,0,0.34657216
0022500791,2026-02-12,2025-26,LAL,DAL,1,0.6694801
0022500792,2026-02-19,2025-26,CHA,HOU,0,0.5108012
0022500793,2026-02-19,2025-26,CLE,BKN,1,0.8685544
0022500794,2026-02-19,2025-26,PHI,ATL,0,0.43658188
0022500795,2026-02-19,2025-26,WAS,IND,1,0.3947894
0022500796,2026-02-19,2025-26,NYK,DET,0,0.55338436
0022500797,2026-02-19,2025-26,CHI,TOR,0,0.31989095
0022500798,2026-02-19,2025-26,SAS,PHX,1,0.7086825
0022500799,2026-02-19,2025-26,GSW,BOS,0,0.3557887
0022500800,2026-02-19,2025-26,SAC,ORL,0,0.22662647
0022500801,2026-02-19,2025-26,LAC,DEN,1,0.33919108
0022500802,2026-02-20,2025-26,CHA,CLE,0,0.348653
0022500803,2026-02-20,2025-26,WAS,IND,1,0.45164293
0022500804,2026-02-20,2025-26,MEM,UTA,1,0.38110822
0022500805,2026-02-20,2025-26,ATL,MIA,0,0.30690295
0022500806,2026-02-20,2025-26,MIN,DAL,1,0.85217667
0022500807,2026-02-20,2025-26,NOP,MIL,0,0.5287144
0022500808,2026-02-20,2025-26,OKC,BKN,1,0.8520737
0022500809,2026-02-20,2025-26,LAL,LAC,1,0.7017352
0022500810,2026-02-20,2025-26,POR,DEN,0,0.5400832
0022500811,2026-02-21,2025-26,PHX,ORL,1,0.6148665
0022500812,2026-02-21,2025-26,NOP,PHI,1,0.46024856
0022500813,2026-02-21,2025-26,MIA,MEM,1,0.8112333
0022500814,2026-02-21,2025-26,CHI,DET,0,0.2601662
0022500815,2026-02-21,2025-26,SAS,SAC,1,0.87424684
0022500816,2026-02-21,2025-26,NYK,HOU,1,0.5838486
0022500817,2026-02-22,2025-26,OKC,CLE,1,0.33292198
0022500818,2026-02-22,2025-26,ATL,BKN,1,0.7784277
0022500819,2026-02-22,2025-26,MIL,TOR,0,0.40990102
0022500820,2026-02-22,2025-26,GSW,DEN,1,0.2882069
0022500821,2026-02-22,2025-26,IND,DAL,0,0.51310766
0022500822,2026-02-22,2025-26,WAS,CHA,0,0.23215042
0022500823,2026-02-22,2025-26,LAL,BOS,0,0.49129802
0022500824,2026-02-22,2025-26,MIN,PHI,0,0.77353466
0022500825,2026-02-22,2025-26,CHI,NYK,0,0.25222367
0022500826,2026-02-22,2025-26,PHX,POR,0,0.28020895
0022500827,2026-02-22,2025-26,LAC,ORL,0,0.6863083
0022500828,2026-02-23,2025-26,DET,SAS,0,0.52395743
0022500829,2026-02-23,2025-26,MEM,SAC,0,0.5524241
0022500830,2026-02-23,2025-26,HOU,UTA,1,0.6761655
0022500831,2026-02-24,2025-26,IND,PHI,0,0.30205196
0022500832,2026-02-24,2025-26,ATL,WAS,1,0.8100478
0022500833,2026-02-24,2025-26,BKN,DAL,0,0.3512537
0022500834,2026-02-24,2025-26,TOR,OKC,0,0.63253224
0022500835,2026-02-24,2025-26,CLE,NYK,1,0.5950516
0022500836,2026-02-24,2025-26,CHI,CHA,0,0.19057
0022500837,2026-02-24,2025-26,MIL,MIA,1,0.343051
0022500838,2026-02-24,2025-26,NOP,GSW,1,0.5760357
0022500839,2026-02-24,2025-26,PHX,BOS,0,0.35813197
0022500840,2026-02-24,2025-26,LAL,ORL,0,0.69432336
0022500841,2026-02-24,2025-26,POR,MIN,0,0.3849556
0022500842,2026-02-25,2025-26,DET,OKC,1,0.8128847
0022500843,2026-02-25,2025-26,TOR,SAS,0,0.4054206
0022500844,2026-02-25,2025-26,MEM,GSW,0,0.42545497
0022500845,2026-02-25,2025-26,HOU,SAC,1,0.79402184
0022500846,2026-02-25,2025-26,MIL,CLE,1,0.44887444
0022500847,2026-02-25,2025-26,DEN,BOS,1,0.6459325
0022500848,2026-02-26,2025-26,IND,CHA,0,0.20312648
0022500849,2026-02-26,2025-26,PHI,MIA,1,0.44860175
0022500850,2026-02-26,2025-26,ATL,WAS,1,0.7589905
0022500851,2026-02-26,2025-26,BKN,SAS,0,0.19628355
0022500852,2026-02-26,2025-26,ORL,HOU,0,0.4954066
0022500853,2026-02-26,2025-26,CHI,POR,0,0.3360201
0022500854,2026-02-26,2025-26,DAL,SAC,0,0.7784213
0022500855,2026-02-26,2025-26,PHX,LAL,1,0.27911308
0022500856,2026-02-26,2025-26,UTA,NOP,0,0.2883122
0022500857,2026-02-26,2025-26,LAC,MIN,0,0.2601936
0022500858,2026-02-27,2025-26,DET,CLE,1,0.6501915
0022500859,2026-02-27,2025-26,BOS,BKN,1,0.8568805
0022500860,2026-02-27,2025-26,MIL,NYK,0,0.30797118
0022500861,2026-02-27,2025-26,DAL,MEM,0,0.62588817
0022500862,2026-02-27,2025-26,OKC,DEN,1,0.456329
0022500863,2026-02-28,2025-26,CHA,POR,1,0.73136485
0022500864,2026-02-28,2025-26,MIA,HOU,1,0.55443615
0022500865,2026-02-28,2025-26,WAS,TOR,0,0.17408352
0022500866,2026-02-28,2025-26,GSW,LAL,0,0.50069445
0022500867,2026-02-28,2025-26,UTA,NOP,0,0.3721395
0022500868,2026-03-01,2025-26,NYK,SAS,1,0.51817775
0022500869,2026-03-01,2025-26,BKN,CLE,0,0.18280669
0022500870,2026-03-01,2025-26,CHI,MIL,1,0.40331638
0022500871,2026-03-01,2025-26,DEN,MIN,0,0.4814878
0022500872,2026-03-01,2025-26,IND,MEM,0,0.5329017
0022500873,2026-03-01,2025-26,ATL,POR,1,0.6931602
0022500874,2026-03-01,2025-26,BOS,PHI,1,0.780799
0022500875,2026-03-01,2025-26,ORL,DET,0,0.3404078
0022500876,2026-03-01,2025-26,DAL,OKC,0,0.20074703
0022500877,2026-03-01,2025-26,LAC,NOP,1,0.63534474
0022500878,2026-03-01,2025-26,LAL,SAC,1,0.81658053
0022500879,2026-03-02,2025-26,WAS,HOU,0,0.1606312
0022500880,2026-03-02,2025-26,MIL,BOS,0,0.41230494
0022500881,2026-03-02,2025-26,UTA,DEN,0,0.26965445
0022500882,2026-03-02,2025-26,GSW,LAC,0,0.53116715
0022500883,2026-03-03,2025-26,CHA,DAL,1,0.87521404
0022500884,2026-03-03,2025-26,CLE,DET,1,0.50073475
0022500885,2026-03-03,2025-26,ORL,WAS,1,0.87378454
0022500886,2026-03-03,2025-26,MIA,BKN,1,0.8544439
0022500887,2026-03-03,2025-26,TOR,NYK,0,0.42507276
0022500888,2026-03-03,2025-26,PHI,SAS,0,0.25795847
0022500889,2026-03-03,2025-26,CHI,OKC,0,0.3267652
0022500890,2026-03-03,2025-26,MIN,MEM,1,0.800983
0022500891,2026-03-03,2025-26,LAL,NOP,1,0.63133276
0022500892,2026-03-03,2025-26,SAC,PHX,0,0.2453137
0022500893,2026-03-04,2025-26,NYK,OKC,0,0.56102496
0022500894,2026-03-04,2025-26,BOS,CHA,0,0.640306
0022500895,2026-03-04,2025-26,PHI,UTA,1,0.5012263
0022500896,2026-03-04,2025-26,MEM,POR,0,0.34280318
0022500897,2026-03-04,2025-26,MIL,ATL,0,0.35685787
0022500898,2026-03-04,2025-26,LAC,IND,1,0.72392774
0022500899,2026-03-05,2025-26,ORL,DAL,1,0.66738886
0022500900,2026-03-05,2025-26,WAS,UTA,0,0.45532247
0022500901,2026-03-05,2025-26,MIA,BKN,1,0.8651292
0022500902,2026-03-05,2025-26,HOU,GSW,0,0.7674832
0022500903,2026-03-05,2025-26,MIN,TOR,1,0.5945607
0022500904,2026-03-05,2025-26,SAS,DET,1,0.55330175
0022500905,2026-03-05,2025-26,PHX,CHI,0,0.7684668
0022500906,2026-03-05,2025-26,DEN,LAL,1,0.5788579
0022500907,2026-03-05,2025-26,SAC,NOP,0,0.24287564
0022500908,2026-03-06,2025-26,BOS,DAL,1,0.871216
0022500909,2026-03-06,2025-26,CHA,MIA,0,0.7146175
0022500910,2026-03-06,2025-26,HOU,POR,1,0.60570574
0022500911,2026-03-06,2025-26,DEN,NYK,0,0.4934653
0022500912,2026-03-06,2025-26,PHX,NOP,1,0.42208564
0022500913,2026-03-06,2025-26,SAS,LAC,1,0.5719897
0022500914,2026-03-06,2025-26,LAL,IND,1,0.7040357
0022500915,2026-03-07,2025-26,MIN,ORL,0,0.671142
0022500916,2026-03-07,2025-26,DET,BKN,0,0.7936698
0022500917,2026-03-07,2025-26,ATL,PHI,1,0.726559
0022500918,2026-03-07,2025-26,MEM,LAC,0,0.33530217
0022500919,2026-03-07,2025-26,MIL,UTA,1,0.6277508
0022500920,2026-03-07,2025-26,OKC,GSW,1,0.7366557
0022500921,2026-03-08,2025-26,CLE,BOS,0,0.39803234
0022500922,2026-03-08,2025-26,LAL,NYK,1,0.36378494
0022500923,2026-03-08,2025-26,MIA,DET,1,0.6141668
0022500924,2026-03-08,2025-26,TOR,DAL,1,0.7085427
0022500925,2026-03-08,2025-26,NOP,WAS,1,0.83470714
0022500926,2026-03-08,2025-26,MIL,ORL,0,0.32150042
0022500927,2026-03-08,2025-26,SAS,HOU,1,0.63722587
0022500928,2026-03-08,2025-26,PHX,CHA,1,0.21652797
0022500929,2026-03-08,2025-26,POR,IND,1,0.70545703
0022500930,2026-03-08,2025-26,SAC,CHI,1,0.3863405
0022500931,2026-03-09,2025-26,CLE,PHI,1,0.8385038
0022500932,2026-03-09,2025-26,BKN,MEM,1,0.29810402
0022500933,2026-03-09,2025-26,OKC,DEN,1,0.46846145
0022500934,2026-03-09,2025-26,UTA,GSW,1,0.53690016
0022500935,2026-03-09,2025-26,LAC,NYK,1,0.4944485
0022500936,2026-03-10,2025-26,PHI,MEM,1,0.45248213
0022500937,2026-03-10,2025-26,BKN,DET,0,0.14326866
0022500938,2026-03-10,2025-26,MIA,WAS,1,0.86379945
0022500939,2026-03-10,2025-26,ATL,DAL,1,0.78105885
0022500940,2026-03-10,2025-26,HOU,TOR,1,0.5486917
0022500941,2026-03-10,2025-26,MIL,PHX,0,0.44159907
0022500942,2026-03-10,2025-26,SAS,BOS,1,0.49647033
0022500943,2026-03-10,2025-26,GSW,CHI,0,0.5726911
0022500944,2026-03-10,2025-26,POR,CHA,0,0.33746997
0022500945,2026-03-10,2025-26,SAC,IND,1,0.5168011
0022500946,2026-03-10,2025-26,LAL,MIN,1,0.455363
0022500947,2026-03-11,2025-26,ORL,CLE,1,0.4031917
0022500948,2026-03-11,2025-26,NOP,TOR,1,0.60831326
0022500949,2026-03-11,2025-26,UTA,NYK,0,0.20160313
0022500950,2026-03-11,2025-26,DEN,HOU,1,0.721826
0022500951,2026-03-11,2025-26,SAC,CHA,0,0.16822554
0022500952,2026-03-11,2025-26,LAC,MIN,1,0.616509
0022500953,2026-03-12,2025-26,DET,PHI,1,0.8237273
0022500954,2026-03-12,2025-26,IND,PHX,0,0.33911848
0022500955,2026-03-12,2025-26,ORL,WAS,1,0.77200073
0022500956,2026-03-12,2025-26,ATL,BKN,1,0.89644045
0022500957,2026-03-12,2025-26,MIA,MIL,1,0.7020212
0022500958,2026-03-12,2025-26,SAS,DEN,0,0.5885164
0022500959,2026-03-12,2025-26,OKC,BOS,1,0.56759423
0022500960,2026-03-12,2025-26,LAL,CHI,1,0.8025187
0022501111,2026-03-12,2025-26,MEM,DAL,0,0.46682873
0022500961,2026-03-13,2025-26,DET,MEM,1,0.8470228
0022500962,2026-03-13,2025-26,IND,NYK,0,0.19283892
0022500963,2026-03-13,2025-26,TOR,PHX,1,0.59094316
0022500964,2026-03-13,2025-26,HOU,NOP,1,0.47573987
0022500965,2026-03-13,2025-26,DAL,CLE,0,0.19172157
0022500966,2026-03-13,2025-26,GSW,MIN,0,0.384345
0022500967,2026-03-13,2025-26,POR,UTA,1,0.8451731
0022500968,2026-03-13,2025-26,LAC,CHI,1,0.8498284
0022500969,2026-03-14,2025-26,PHI,BKN,1,0.73598653
0022500970,2026-03-14,2025-26,ATL,MIL,1,0.7378567
0022500971,2026-03-14,2025-26,BOS,WAS,1,0.8833239
0022500972,2026-03-14,2025-26,MIA,ORL,0,0.64071655
0022500973,2026-03-14,2025-26,SAS,CHA,1,0.5749827
0022500974,2026-03-14,2025-26,LAL,DEN,1,0.45436883
0022500975,2026-03-14,2025-26,LAC,SAC,0,0.79663396
0022500976,2026-03-15,2025-26,OKC,MIN,1,0.6423453
0022500977,2026-03-15,2025-26,CLE,DAL,0,0.85615915
0022500978,2026-03-15,2025-26,TOR,DET,1,0.39126122
0022500979,2026-03-15,2025-26,MIL,IND,1,0.6798695
0022500980,2026-03-15,2025-26,PHI,POR,1,0.21829087
0022500981,2026-03-15,2025-26,NYK,GSW,1,0.8682202
0022500982,2026-03-15,2025-26,SAC,UTA,1,0.85513955
0022500983,2026-03-16,2025-26,ATL,ORL,1,0.6492381
0022500984,2026-03-16,2025-26,WAS,GSW,0,0.41298926
0022500985,2026-03-16,2025-26,BKN,POR,0,0.20710224
0022500986,2026-03-16,2025-26,BOS,PHX,1,0.72091055
0022500987,2026-03-16,2025-26,CHI,MEM,1,0.7118604
0022500988,2026-03-16,2025-26,NOP,DAL,1,0.80714804
0022500989,2026-03-16,2025-26,HOU,LAL,0,0.42460755
0022500990,2026-03-16,2025-26,LAC,SAS,0,0.36455813
0022500991,2026-03-17,2025-26,CHA,MIA,1,0.6309499
0022500992,2026-03-17,2025-26,ORL,OKC,0,0.3117433
0022500993,2026-03-17,2025-26,WAS,DET,0,0.15203628
0022500994,2026-03-17,2025-26,NYK,IND,1,0.85872555
0022500995,2026-03-17,2025-26,MIL,CLE,0,0.26709396
0022500996,2026-03-17,2025-26,MIN,PHX,1,0.61311376
0022500997,2026-03-17,2025-26,DEN,PHI,1,0.85463643
0022500998,2026-03-17,2025-26,SAC,SAS,0,0.24255191
0022500651,2026-03-18,2025-26,MEM,DEN,1,0.22051649
0022500999,2026-03-18,2025-26,BOS,GSW,1,0.8209345
0022501000,2026-03-18,2025-26,BKN,OKC,0,0.12689075
0022501001,2026-03-18,2025-26,IND,POR,0,0.19316311
0022501002,2026-03-18,2025-26,CHI,TOR,0,0.34585887
0022501004,2026-03-18,2025-26,MIN,UTA,1,0.76303864
0022501005,2026-03-18,2025-26,NOP,LAC,1,0.52226347
0022501006,2026-03-18,2025-26,DAL,ATL,0,0.18831953
0022501007,2026-03-18,2025-26,HOU,LAL,0,0.39056167
0022501008,2026-03-19,2025-26,CHA,ORL,1,0.7553515
0022501009,2026-03-19,2025-26,WAS,DET,0,0.20738693
0022501010,2026-03-19,2025-26,MIA,LAL,0,0.56713384
0022501011,2026-03-19,2025-26,CHI,CLE,0,0.20178425
0022501012,2026-03-19,2025-26,NOP,LAC,1,0.6355177
0022501013,2026-03-19,2025-26,SAS,PHX,1,0.796057
0022501014,2026-03-19,2025-26,UTA,MIL,1,0.16628768
0022501015,2026-03-19,2025-26,SAC,PHI,0,0.588131
0022501016,2026-03-20,2025-26,BKN,NYK,0,0.09855158
0022501017,2026-03-20,2025-26,DET,GSW,1,0.60860074
0022501018,2026-03-20,2025-26,HOU,ATL,1,0.35231644
0022501019,2026-03-20,2025-26,MEM,BOS,0,0.16024093
0022501020,2026-03-20,2025-26,MIN,POR,0,0.47755566
0022501021,2026-03-20,2025-26,DEN,TOR,1,0.7027572
0022501022,2026-03-21,2025-26,WAS,OKC,0,0.14312536
0022501023,2026-03-21,2025-26,CHA,MEM,1,0.88722277
0022501024,2026-03-21,2025-26,ORL,LAL,0,0.35873747
0022501025,2026-03-21,2025-26,NOP,CLE,0,0.41330424
0022501026,2026-03-21,2025-26,ATL,GSW,1,0.7802901
0022501027,2026-03-21,2025-26,HOU,MIA,1,0.35060778
0022501028,2026-03-21,2025-26,SAS,IND,1,0.84017754
0022501029,2026-03-21,2025-26,DAL,LAC,0,0.21589573
0022501030,2026-03-21,2025-26,UTA,PHI,0,0.48154232
0022501031,2026-03-21,2025-26,PHX,MIL,0,0.6830235
0022501032,2026-03-22,2025-26,DEN,POR,1,0.7496324
0022501033,2026-03-22,2025-26,SAC,BKN,1,0.7768504
0022501034,2026-03-22,2025-26,NYK,WAS,1,0.9000992
0022501035,2026-03-22,2025-26,BOS,MIN,0,0.7502657
0022501036,2026-03-22,2025-26,PHX,TOR,1,0.3052618
0022501037,2026-03-23,2025-26,ATL,MEM,1,0.8353402
0022501038,2026-03-23,2025-26,DET,LAL,1,0.38790742
0022501039,2026-03-23,2025-26,ORL,IND,0,0.7683663
0022501040,2026-03-23,2025-26,PHI,OKC,0,0.17047219
0022501041,2026-03-23,2025-26,MIA,SAS,0,0.47261676
0022501042,2026-03-23,2025-26,CHI,HOU,1,0.3290315
0022501043,2026-03-23,2025-26,UTA,TOR,0,0.45193097
0022501044,2026-03-23,2025-26,DAL,GSW,0,0.34070227
0022501045,2026-03-23,2025-26,POR,BKN,1,0.85395634
0022501046,2026-03-23,2025-26,LAC,MIL,1,0.82567114
0022501047,2026-03-24,2025-26,CHA,SAC,1,0.87879187
0022501048,2026-03-24,2025-26,NYK,NOP,1,0.64263535
0022501049,2026-03-24,2025-26,CLE,ORL,1,0.76781386
0022501050,2026-03-24,2025-26,PHX,DEN,0,0.3027169
0022501051,2026-03-25,2025-26,DET,ATL,0,0.3658215
0022501052,2026-03-25,2025-26,IND,LAL,0,0.20252103
0022501053,2026-03-25,2025-26,PHI,CHI,1,0.70844835
0022501054,2026-03-25,2025-26,BOS,OKC,1,0.530884
0022501055,2026-03-25,2025-26,CLE,MIA,0,0.46314898
0022501056,2026-03-25,2025-26,MEM,SAS,0,0.14255486
0022501057,2026-03-25,2025-26,UTA,WAS,0,0.5912506
0022501058,2026-03-25,2025-26,MIN,HOU,1,0.49898592
0022501059,2026-03-25,2025-26,DEN,DAL,1,0.84242284
0022501060,2026-03-25,2025-26,GSW,BKN,1,0.8258265
0022501061,2026-03-25,2025-26,POR,MIL,1,0.8457895
0022501062,2026-03-25,2025-26,LAC,TOR,1,0.68544453
0022501063,2026-03-26,2025-26,CHA,NYK,1,0.547706
0022501064,2026-03-26,2025-26,DET,NOP,1,0.4419956
0022501065,2026-03-26,2025-26,ORL,SAC,1,0.8443965
0022501066,2026-03-27,2025-26,IND,LAC,0,0.2134825
0022501067,2026-03-27,2025-26,BOS,ATL,1,0.47123003
0022501068,2026-03-27,2025-26,CLE,MIA,1,0.52509266
0022501069,2026-03-27,2025-26,MEM,HOU,0,0.20604247
0022501070,2026-03-27,2025-26,OKC,CHI,1,0.81933385
0022501071,2026-03-27,2025-26,TOR,NOP,1,0.66596717
0022501072,2026-03-27,2025-26,DEN,UTA,1,0.8760828
0022501073,2026-03-27,2025-26,GSW,WAS,1,0.69365704
0022501074,2026-03-27,2025-26,POR,DAL,0,0.748213
0022501075,2026-03-27,2025-26,LAL,BKN,1,0.9139368
0022501076,2026-03-28,2025-26,MIL,SAS,0,0.099431604
0022501077,2026-03-28,2025-26,CHA,PHI,0,0.6355214
0022501078,2026-03-28,2025-26,ATL,SAC,1,0.7830964
0022501079,2026-03-28,2025-26,MEM,CHI,1,0.32647783
0022501080,2026-03-28,2025-26,MIN,DET,0,0.4336018
0022501081,2026-03-28,2025-26,PHX,UTA,1,0.83434284
0022501082,2026-03-29,2025-26,MIL,LAC,0,0.10001055
0022501083,2026-03-29,2025-26,IND,MIA,1,0.19611412
0022501084,2026-03-29,2025-26,BKN,SAC,1,0.32412824
0022501085,2026-03-29,2025-26,CHA,BOS,0,0.59774077
0022501086,2026-03-29,2025-26,TOR,ORL,1,0.4291265
0022501087,2026-03-29,2025-26,POR,WAS,1,0.7587538
0022501088,2026-03-29,2025-26,NOP,HOU,0,0.43214914
0022501089,2026-03-29,2025-26,OKC,NYK,1,0.55109584
0022501090,2026-03-29,2025-26,DEN,GSW,1,0.8097884
0022501091,2026-03-30,2025-26,MIA,PHI,1,0.4917666
0022501092,2026-03-30,2025-26,ATL,BOS,1,0.7131897
0022501093,2026-03-30,2025-26,MEM,PHX,0,0.16923891
0022501094,2026-03-30,2025-26,SAS,CHI,1,0.8699004
0022501095,2026-03-30,2025-26,DAL,MIN,0,0.23496766
0022501096,2026-03-30,2025-26,UTA,CLE,0,0.18975838
0022501097,2026-03-30,2025-26,OKC,DET,1,0.75216097
0022501098,2026-03-30,2025-26,LAL,WAS,1,0.8616277
0022500652,2026-03-31,2025-26,MIL,DAL,1,0.48277858
0022501099,2026-03-31,2025-26,ORL,PHX,1,0.47135252
0022501100,2026-03-31,2025-26,BKN,CHA,0,0.1199849
0022501101,2026-03-31,2025-26,DET,TOR,1,0.48677006
0022501102,2026-03-31,2025-26,HOU,NYK,1,0.48502392
0022501103,2026-03-31,2025-26,LAL,CLE,1,0.5456619
0022501104,2026-03-31,2025-26,LAC,POR,0,0.7022185
0022501003,2026-04-01,2025-26,MEM,NYK,0,0.18554091
0022501105,2026-04-01,2025-26,WAS,PHI,0,0.20739792
0022501106,2026-04-01,2025-26,MIA,BOS,0,0.45918182
0022501107,2026-04-01,2025-26,ORL,ATL,0,0.31533623
0022501108,2026-04-01,2025-26,TOR,SAC,0,0.7804486
0022501109,2026-04-01,2025-26,CHI,IND,0,0.54667425
0022501110,2026-04-01,2025-26,HOU,MIL,1,0.90609336
0022501112,2026-04-01,2025-26,UTA,DEN,0,0.15934347
0022501113,2026-04-01,2025-26,GSW,SAS,0,0.13096838
0022501114,2026-04-02,2025-26,CHA,PHX,1,0.65770227
0022501115,2026-04-02,2025-26,DET,MIN,1,0.61541533
0022501116,2026-04-02,2025-26,OKC,LAL,1,0.53175753
0022501117,2026-04-02,2025-26,GSW,CLE,0,0.22410585
0022501118,2026-04-02,2025-26,POR,NOP,1,0.51875293
0022501119,2026-04-02,2025-26,LAC,SAS,0,0.6150206
0022501120,2026-04-03,2025-26,CHA,IND,1,0.7904432
0022501121,2026-04-03,2025-26,PHI,MIN,1,0.69684654
0022501122,2026-04-03,2025-26,BKN,ATL,0,0.10064424
0022501123,2026-04-03,2025-26,NYK,CHI,1,0.80053234
0022501124,2026-04-03,2025-26,HOU,UTA,1,0.83870363
0022501125,2026-04-03,2025-26,MEM,TOR,0,0.15099186
0022501126,2026-04-03,2025-26,MIL,BOS,0,0.11348095
0022501127,2026-04-03,2025-26,DAL,ORL,0,0.2615388
0022501128,2026-04-03,2025-26,SAC,NOP,1,0.3840615
0022501129,2026-04-04,2025-26,MIA,WAS,1,0.8601115
0022501130,2026-04-04,2025-26,DEN,SAS,1,0.47049153
0022501131,2026-04-04,2025-26,PHI,DET,0,0.39712822
0022501132,2026-04-05,2025-26,BOS,TOR,1,0.7346614
0022501133,2026-04-05,2025-26,BKN,WAS,1,0.40355456
0022501134,2026-04-05,2025-26,CHI,PHX,0,0.19020659
0022501135,2026-04-05,2025-26,MIL,MEM,1,0.80292237
0022501136,2026-04-05,2025-26,CLE,IND,1,0.8193813
0022501137,2026-04-05,2025-26,MIN,CHA,0,0.30041853
0022501138,2026-04-05,2025-26,NOP,ORL,0,0.33381155
0022501139,2026-04-05,2025-26,OKC,UTA,1,0.8759506
0022501140,2026-04-05,2025-26,DAL,LAL,1,0.3553986
0022501141,2026-04-05,2025-26,SAC,LAC,0,0.22274086
0022501142,2026-04-05,2025-26,GSW,HOU,0,0.36770406
0022501143,2026-04-06,2025-26,ATL,NYK,0,0.6290849
0022501144,2026-04-06,2025-26,ORL,DET,1,0.4271636
0022501145,2026-04-06,2025-26,MEM,CLE,0,0.10595351
0022501146,2026-04-06,2025-26,SAS,PHI,1,0.6706571
0022501147,2026-04-06,2025-26,DEN,POR,1,0.71822685
0022501148,2026-04-07,2025-26,WAS,CHI,0,0.5704
0022501149,2026-04-07,2025-26,BOS,CHA,1,0.6373285
0022501150,2026-04-07,2025-26,BKN,MIL,1,0.42110234
0022501151,2026-04-07,2025-26,TOR,MIA,1,0.47078156
0022501152,2026-04-07,2025-26,IND,MIN,0,0.32569483
0022501153,2026-04-07,2025-26,NOP,UTA,1,0.34742486
0022501154,2026-04-07,2025-26,GSW,SAC,1,0.63313985
0022501155,2026-04-07,2025-26,LAL,OKC,0,0.16347145
0022501156,2026-04-07,2025-26,LAC,DAL,1,0.85996073
0022501157,2026-04-07,2025-26,PHX,HOU,0,0.42768654
0022501158,2026-04-08,2025-26,CLE,ATL,1,0.46281755
0022501159,2026-04-08,2025-26,ORL,MIN,1,0.7749877
0022501160,2026-04-08,2025-26,DET,MIL,1,0.9049038
0022501161,2026-04-08,2025-26,SAS,POR,1,0.59521794
0022501162,2026-04-08,2025-26,DEN,MEM,1,0.9476822
0022501163,2026-04-08,2025-26,LAC,OKC,0,0.3720541
0022501164,2026-04-08,2025-26,PHX,DAL,1,0.83374095
0022501165,2026-04-09,2025-26,TOR,MIA,1,0.5372641
0022501166,2026-04-09,2025-26,WAS,CHI,0,0.45436025
0022501167,2026-04-09,2025-26,BKN,IND,0,0.34269008
0022501168,2026-04-09,2025-26,NYK,BOS,1,0.4898891
0022501169,2026-04-09,2025-26,HOU,PHI,1,0.71366066
0022501170,2026-04-09,2025-26,GSW,LAL,0,0.36210805
0022501171,2026-04-10,2025-26,CHA,DET,0,0.5246083
0022501172,2026-04-10,2025-26,WAS,MIA,0,0.21959665
0022501173,2026-04-10,2025-26,ATL,CLE,1,0.722018
0022501174,2026-04-10,2025-26,BOS,NOP,1,0.8963745
0022501175,2026-04-10,2025-26,IND,PHI,0,0.31701225
0022501176,2026-04-10,2025-26,NYK,TOR,1,0.67032397
0022501177,2026-04-10,2025-26,CHI,ORL,0,0.22307143
0022501178,2026-04-10,2025-26,HOU,MIN,0,0.6398938
0022501179,2026-04-10,2025-26,MIL,BKN,1,0.7310009
0022501180,2026-04-10,2025-26,SAS,DAL,1,0.88488865
0022501181,2026-04-10,2025-26,UTA,MEM,1,0.84638834
0022501182,2026-04-10,2025-26,DEN,OKC,1,0.50702083
0022501183,2026-04-10,2025-26,POR,LAC,1,0.43362063
0022501184,2026-04-10,2025-26,SAC,GSW,1,0.4199154
0022501185,2026-04-10,2025-26,LAL,PHX,1,0.51289827
0022501186,2026-04-12,2025-26,BOS,ORL,1,0.22514313
0022501187,2026-04-12,2025-26,CLE,WAS,1,0.6549982
0022501188,2026-04-12,2025-26,IND,DET,0,0.22666322
0022501189,2026-04-12,2025-26,MIA,ATL,1,0.92754626
0022501190,2026-04-12,2025-26,NYK,CHA,0,0.19123168
0022501191,2026-04-12,2025-26,PHI,MIL,1,0.76454824
0022501192,2026-04-12,2025-26,TOR,BKN,1,0.9024322
0022501193,2026-04-12,2025-26,DAL,CHI,1,0.48363978
0022501194,2026-04-12,2025-26,HOU,MEM,1,0.85229546
0022501195,2026-04-12,2025-26,MIN,NOP,1,0.55248547
0022501196,2026-04-12,2025-26,OKC,PHX,0,0.36074108
0022501197,2026-04-12,2025-26,SAS,DEN,0,0.7156079
0022501198,2026-04-12,2025-26,LAL,UTA,1,0.76477325
0022501199,2026-04-12,2025-26,LAC,GSW,1,0.6235537
0022501200,2026-04-12,2025-26,POR,SAC,1,0.75468457
