Date,season,home,away,home_win,p_home
2024-10-25,2024-25,UTA,GSW,0,0.6581559273380178
2024-10-25,2024-25,LAL,PHX,1,0.6611598906881664
2024-10-25,2024-25,POR,NOP,0,0.16761161717068862
2024-10-25,2024-25,ORL,BKN,1,0.744700032006712
2024-10-25,2024-25,HOU,MEM,1,0.7566240602475242
2024-10-25,2024-25,NYK,IND,1,0.31658047968273206
2024-10-25,2024-25,MIL,CHI,0,0.47747121553843
2024-10-25,2024-25,TOR,PHI,1,0.4836670755921813
2024-10-25,2024-25,ATL,CHA,1,0.407761785223254
2024-10-25,2024-25,CLE,DET,1,0.7490983988847136
2024-10-26,2024-25,MEM,ORL,1,0.384903788697525
2024-10-26,2024-25,CHI,OKC,0,0.3059757571859398
2024-10-26,2024-25,DET,BOS,0,0.1654354115690132
2024-10-26,2024-25,LAL,SAC,1,0.5672093271816917
2024-10-26,2024-25,WAS,CLE,0,0.36890566728563645
2024-10-26,2024-25,CHA,MIA,0,0.6331503492208614
2024-10-26,2024-25,MIN,TOR,1,0.5613671195601874
2024-10-26,2024-25,SAS,HOU,1,0.784258734600662
2024-10-26,2024-25,DEN,LAC,0,0.6404797789440992
2024-10-26,2024-25,PHX,DAL,1,0.5265546025561557
2024-10-27,2024-25,OKC,ATL,1,0.47105370444292954
2024-10-27,2024-25,GSW,LAC,0,0.8171094770013569
2024-10-27,2024-25,IND,PHI,0,0.6921030969306754
2024-10-27,2024-25,BKN,MIL,1,0.5617966560792514
2024-10-27,2024-25,POR,NOP,1,0.1817116451634142
2024-10-28,2024-25,MEM,CHI,0,0.6065744220979147
2024-10-28,2024-25,PHX,LAL,1,0.5345594171698564
2024-10-28,2024-25,SAC,POR,1,0.6626295098950569
2024-10-28,2024-25,DAL,UTA,1,0.48520634761938575
2024-10-28,2024-25,ORL,IND,1,0.6535563508830026
2024-10-28,2024-25,MIA,DET,1,0.6378169078423109
2024-10-28,2024-25,BOS,MIL,1,0.8817704189692827
2024-10-28,2024-25,NYK,CLE,0,0.5421887358227143
2024-10-28,2024-25,ATL,WAS,0,0.5852304315643265
2024-10-28,2024-25,SAS,HOU,0,0.7279438647091052
2024-10-28,2024-25,TOR,DEN,0,0.5566534080968251
2024-10-29,2024-25,UTA,SAC,0,0.46064842454313865
2024-10-29,2024-25,BKN,DEN,0,0.6811225153052111
2024-10-29,2024-25,GSW,NOP,1,0.6321112157991553
2024-10-29,2024-25,MIN,DAL,0,0.6957312066798831
2024-10-30,2024-25,WAS,ATL,1,0.42716855950052923
2024-10-30,2024-25,OKC,SAS,1,0.6331855698318979
2024-10-30,2024-25,GSW,NOP,1,0.6822533030380842
2024-10-30,2024-25,LAC,POR,0,0.6209556156945215
2024-10-30,2024-25,IND,BOS,1,0.3863086190903766
2024-10-30,2024-25,MIA,NYK,0,0.5496735694884801
2024-10-30,2024-25,MEM,BKN,0,0.6096776855566891
2024-10-30,2024-25,CHI,ORL,1,0.3975222956464257
2024-10-30,2024-25,PHI,DET,0,0.6225209417209701
2024-10-30,2024-25,CHA,TOR,1,0.6391288269860228
2024-10-30,2024-25,CLE,LAL,1,0.6796633256715294
2024-10-31,2024-25,UTA,SAS,0,0.572199628187692
2024-10-31,2024-25,LAC,PHX,0,0.36101788899944376
2024-10-31,2024-25,MEM,MIL,1,0.508374032844083
2024-10-31,2024-25,DAL,HOU,0,0.49089854732986354
2024-11-01,2024-25,CHA,BOS,0,0.4485823715258954
2024-11-01,2024-25,ATL,SAC,0,0.46661706841805534
2024-11-01,2024-25,CLE,ORL,1,0.6877935782997663
2024-11-01,2024-25,POR,OKC,0,0.3366466508629385
2024-11-01,2024-25,TOR,LAL,0,0.4106437716748575
2024-11-01,2024-25,NOP,IND,1,0.5037715088792105
2024-11-01,2024-25,BKN,CHI,1,0.6296625156310386
2024-11-01,2024-25,MIN,DEN,1,0.5283986928894903
2024-11-01,2024-25,DET,NYK,0,0.47408989935611606
2024-11-02,2024-25,MIL,CLE,0,0.3555321250646839
2024-11-02,2024-25,TOR,SAC,1,0.4416571306342948
2024-11-02,2024-25,LAC,OKC,0,0.5041986204619536
2024-11-02,2024-25,DEN,UTA,1,0.6309966190831461
2024-11-02,2024-25,PHI,MEM,0,0.5220073172117237
2024-11-02,2024-25,HOU,GSW,0,0.5484946904496544
2024-11-02,2024-25,CHA,BOS,0,0.41598827223336493
2024-11-02,2024-25,SAS,MIN,1,0.6764748470530996
2024-11-02,2024-25,PHX,POR,1,0.7735476449872534
2024-11-02,2024-25,MIA,WAS,1,0.5333198832440673
2024-11-03,2024-25,DAL,ORL,1,0.5075361531106085
2024-11-03,2024-25,NOP,ATL,0,0.5702151811427313
2024-11-03,2024-25,BKN,DET,0,0.6779011181277748
2024-11-04,2024-25,MIA,SAC,0,0.5065893352663149
2024-11-04,2024-25,DEN,TOR,1,0.6102603188326946
2024-11-04,2024-25,ATL,BOS,0,0.3152779653479407
2024-11-04,2024-25,MIN,CHA,1,0.6092405413250774
2024-11-04,2024-25,PHX,PHI,1,0.6932464556826455
2024-11-04,2024-25,OKC,ORL,1,0.7892461548335149
2024-11-04,2024-25,CLE,MIL,1,0.8149184555917331
2024-11-04,2024-25,WAS,GSW,0,0.3889512937022412
2024-11-04,2024-25,CHI,UTA,0,0.6387685708062212
2024-11-04,2024-25,BKN,MEM,1,0.515950591759852
2024-11-04,2024-25,DET,LAL,1,0.40352927984790327
2024-11-04,2024-25,HOU,NYK,1,0.5465300125952159
2024-11-04,2024-25,NOP,POR,0,0.5442120314969819
2024-11-04,2024-25,DAL,IND,0,0.49852469058672566
2024-11-04,2024-25,LAC,SAS,1,0.5592003231183782
2024-11-06,2024-25,SAC,TOR,1,0.6814456120391308
2024-11-06,2024-25,ATL,NYK,1,0.474191010937457
2024-11-06,2024-25,PHX,MIA,1,0.6560243081624354
2024-11-06,2024-25,CHA,DET,1,0.6021928615340101
2024-11-06,2024-25,HOU,SAS,1,0.629455329265
2024-11-06,2024-25,DAL,CHI,1,0.5952235506821674
2024-11-06,2024-25,IND,ORL,1,0.6017269939840914
2024-11-06,2024-25,NOP,CLE,0,0.380287821175503
2024-11-06,2024-25,DEN,OKC,1,0.4302809937951351
2024-11-06,2024-25,LAC,PHI,1,0.5944392135468662
2024-11-06,2024-25,BOS,GSW,0,0.6227148116476797
2024-11-06,2024-25,MEM,LAL,1,0.5487971271793183
2024-11-07,2024-25,SAS,POR,1,0.5574354587147147
2024-11-07,2024-25,MIL,UTA,1,0.582072151624761
2024-11-07,2024-25,CHI,MIN,0,0.37959495733992354
2024-11-08,2024-25,DAL,PHX,0,0.4621805227674597
2024-11-08,2024-25,BOS,BKN,1,0.7151545982232348
2024-11-08,2024-25,OKC,HOU,1,0.6518586775458475
2024-11-08,2024-25,CLE,GSW,1,0.6238043303084269
2024-11-08,2024-25,DEN,MIA,1,0.584376729945067
2024-11-08,2024-25,SAC,LAC,0,0.6771859572112165
2024-11-08,2024-25,ORL,NOP,1,0.547376048612641
2024-11-08,2024-25,LAL,PHI,1,0.6209838914736531
2024-11-08,2024-25,CHA,IND,1,0.5349467441538763
2024-11-08,2024-25,DET,ATL,1,0.5425668138410683
2024-11-08,2024-25,NYK,MIL,1,0.7525449393653967
2024-11-08,2024-25,MIN,POR,1,0.7110369574861604
2024-11-08,2024-25,MEM,WAS,1,0.6586755468810932
2024-11-09,2024-25,SAS,UTA,0,0.6849929706052958
2024-11-09,2024-25,CLE,BKN,1,0.7536257593433311
2024-11-09,2024-25,LAC,TOR,1,0.620639432806649
2024-11-09,2024-25,ATL,CHI,0,0.563163227586015
2024-11-10,2024-25,PHX,SAC,0,0.599559910195676
2024-11-10,2024-25,ORL,WAS,1,0.591621186984183
2024-11-10,2024-25,MIN,MIA,0,0.6549468772118568
2024-11-10,2024-25,PHI,CHA,1,0.5109573729128376
2024-11-10,2024-25,DEN,DAL,1,0.5993966260402028
2024-11-10,2024-25,MIL,BOS,0,0.36714892441127833
2024-11-10,2024-25,OKC,GSW,0,0.5864464078964624
2024-11-10,2024-25,POR,MEM,0,0.4529230045583841
2024-11-10,2024-25,IND,NYK,1,0.5425814720939905
2024-11-10,2024-25,LAL,TOR,1,0.719089832126058
2024-11-10,2024-25,DET,HOU,0,0.5366217722299735
2024-11-11,2024-25,CHI,CLE,0,0.3289665391718844
2024-11-11,2024-25,SAS,SAC,1,0.603314537099971
2024-11-11,2024-25,NOP,BKN,0,0.49693915714952996
2024-11-11,2024-25,OKC,LAC,1,0.5501668753768706
2024-11-11,2024-25,HOU,WAS,1,0.7341085519878208
2024-11-12,2024-25,ORL,CHA,1,0.5958300705453422
2024-11-12,2024-25,UTA,PHX,0,0.37811668020859784
2024-11-12,2024-25,POR,MIN,1,0.41623676655096226
2024-11-12,2024-25,PHI,NYK,0,0.45889712614388645
2024-11-12,2024-25,MIL,TOR,1,0.5518047627825847
2024-11-12,2024-25,DET,MIA,1,0.5272203609752766
2024-11-12,2024-25,BOS,ATL,0,0.7458310355152727
2024-11-12,2024-25,GSW,DAL,1,0.6825842010625658
2024-11-13,2024-25,ORL,IND,1,0.48458267883369294
2024-11-13,2024-25,PHI,CLE,0,0.2696454514319724
2024-11-13,2024-25,HOU,LAC,1,0.6095378825027775
2024-11-13,2024-25,BKN,BOS,0,0.5931247068943155
2024-11-13,2024-25,NYK,CHI,0,0.6669269861719551
2024-11-13,2024-25,SAS,WAS,1,0.6684993559724557
2024-11-13,2024-25,SAC,PHX,1,0.6344778117544846
2024-11-13,2024-25,POR,MIN,1,0.4617798233518617
2024-11-13,2024-25,OKC,NOP,1,0.7218368435721865
2024-11-13,2024-25,MIL,DET,1,0.5661078531211362
2024-11-13,2024-25,LAL,MEM,1,0.563059539742925
2024-11-14,2024-25,UTA,DAL,1,0.45946331034388255
2024-11-15,2024-25,OKC,PHX,1,0.5904836894324831
2024-11-15,2024-25,ORL,PHI,1,0.6234847594253777
2024-11-15,2024-25,NOP,DEN,1,0.4212549626531746
2024-11-15,2024-25,CLE,CHI,1,0.7990833209073096
2024-11-15,2024-25,IND,MIA,0,0.5537365692750367
2024-11-15,2024-25,SAS,LAL,0,0.5443891667841517
2024-11-15,2024-25,TOR,DET,0,0.4938217779303867
2024-11-15,2024-25,HOU,LAC,1,0.6080098218698142
2024-11-15,2024-25,NYK,BKN,1,0.6413029245919846
2024-11-15,2024-25,ATL,WAS,1,0.6111084181293336
2024-11-15,2024-25,GSW,MEM,1,0.6184142312355049
2024-11-15,2024-25,SAC,MIN,0,0.5904174778153082
2024-11-16,2024-25,CHA,MIL,1,0.5367560513283615
2024-11-16,2024-25,BOS,TOR,1,0.8207765056666874
2024-11-16,2024-25,SAC,UTA,1,0.6769422597076041
2024-11-16,2024-25,NOP,LAL,0,0.45688761459388116
2024-11-16,2024-25,DAL,SAS,1,0.6743540247931681
2024-11-17,2024-25,WAS,DET,0,0.4411221080006294
2024-11-17,2024-25,MIN,PHX,1,0.5605200883123456
2024-11-17,2024-25,MEM,DEN,1,0.6208830935411086
2024-11-17,2024-25,CHI,HOU,0,0.4519564830396908
2024-11-17,2024-25,OKC,DAL,0,0.7465996232877604
2024-11-17,2024-25,IND,MIA,1,0.5198891830627695
2024-11-17,2024-25,NYK,BKN,1,0.6617272551402014
2024-11-17,2024-25,POR,ATL,1,0.5148355811021582
2024-11-17,2024-25,LAC,UTA,1,0.7473302185758347
2024-11-17,2024-25,CLE,CHA,1,0.8556327155747933
2024-11-18,2024-25,MIL,HOU,1,0.5229059044879188
2024-11-18,2024-25,LAC,GSW,1,0.4476861625282075
2024-11-18,2024-25,NYK,WAS,1,0.7922477455669078
2024-11-18,2024-25,SAC,ATL,0,0.7557510448372322
2024-11-18,2024-25,DET,CHI,0,0.6422619493773213
2024-11-18,2024-25,PHX,ORL,0,0.4960436926649287
2024-11-18,2024-25,TOR,IND,1,0.5397773078367243
2024-11-18,2024-25,MIA,PHI,1,0.5950998573773604
2024-11-19,2024-25,SAS,OKC,1,0.46849993445095384
2024-11-19,2024-25,BOS,CLE,1,0.5372850067090755
2024-11-19,2024-25,BKN,CHA,1,0.6492777797089225
2024-11-19,2024-25,LAL,UTA,1,0.70618439638504
2024-11-19,2024-25,MEM,DEN,0,0.6409610410885053
2024-11-19,2024-25,DAL,NOP,1,0.7318757930357852
2024-11-20,2024-25,GSW,ATL,1,0.6463513413073716
2024-11-20,2024-25,OKC,POR,1,0.6111754526111223
2024-11-20,2024-25,MIL,CHI,1,0.5632788027346183
2024-11-20,2024-25,LAC,ORL,1,0.5543591356826149
2024-11-20,2024-25,CLE,NOP,1,0.8413602083139113
2024-11-20,2024-25,MEM,PHI,1,0.6452876814313474
2024-11-20,2024-25,PHX,NYK,0,0.5543392040587951
2024-11-20,2024-25,HOU,IND,1,0.6449887839596687
2024-11-21,2024-25,LAL,ORL,0,0.6760508398466011
2024-11-21,2024-25,SAS,UTA,1,0.6319098868178905
2024-11-21,2024-25,TOR,MIN,1,0.39818229724020315
2024-11-21,2024-25,CHA,DET,1,0.5360193373245833
2024-11-22,2024-25,WAS,BOS,0,0.2902112515584379
2024-11-22,2024-25,MIL,IND,1,0.5784489110193426
2024-11-22,2024-25,HOU,POR,1,0.6960081456506165
2024-11-22,2024-25,LAC,SAC,1,0.5681618338122933
2024-11-22,2024-25,NOP,GSW,0,0.38354014292854216
2024-11-22,2024-25,DEN,DAL,0,0.575404529742532
2024-11-22,2024-25,PHI,BKN,1,0.4393559335023853
2024-11-22,2024-25,CHI,ATL,1,0.5109095132257958
2024-11-23,2024-25,ORL,DET,1,0.673983794522247
2024-11-23,2024-25,LAL,DEN,0,0.6978992913148323
2024-11-23,2024-25,MIL,CHA,1,0.5807852784585591
2024-11-23,2024-25,CHI,MEM,0,0.3908870878068789
2024-11-23,2024-25,HOU,POR,0,0.718294400950602
2024-11-23,2024-25,SAS,GSW,1,0.6351010625306749
2024-11-23,2024-25,UTA,NYK,1,0.45178561187820204
2024-11-24,2024-25,PHI,LAC,0,0.4042911797967354
2024-11-24,2024-25,SAC,BKN,0,0.6475019398894988
2024-11-24,2024-25,MIA,DAL,1,0.5485773998448746
2024-11-24,2024-25,CLE,TOR,1,0.8358966777864291
2024-11-24,2024-25,BOS,MIN,1,0.6552411176066335
2024-11-24,2024-25,IND,WAS,1,0.6955458438592327
2024-11-25,2024-25,CHA,ORL,0,0.43219647319105914
2024-11-25,2024-25,GSW,BKN,0,0.7333997114628936
2024-11-25,2024-25,SAC,OKC,0,0.42368111122115143
2024-11-25,2024-25,DEN,NYK,0,0.5233018611289787
2024-11-25,2024-25,MEM,POR,1,0.6457216656512367
2024-11-25,2024-25,ATL,DAL,0,0.5116292904191484
2024-11-25,2024-25,IND,NOP,1,0.6080950653570295
2024-11-25,2024-25,BOS,LAC,1,0.6665576410936336
2024-11-25,2024-25,DET,TOR,1,0.7016555417426352
2024-11-26,2024-25,WAS,CHI,0,0.4023986828373167
2024-11-26,2024-25,UTA,SAS,0,0.48900804849416485
2024-11-26,2024-25,MIN,HOU,0,0.5508053500714062
2024-11-26,2024-25,PHX,LAL,1,0.5297768995365345
2024-11-26,2024-25,MIA,MIL,0,0.566910156512878
2024-11-27,2024-25,CHA,MIA,0,0.570873428618918
2024-11-27,2024-25,PHX,BKN,0,0.5006629631133955
2024-11-27,2024-25,IND,POR,1,0.5499308826634867
2024-11-27,2024-25,NOP,TOR,0,0.5361693457579163
2024-11-27,2024-25,PHI,HOU,0,0.4789516910305091
2024-11-27,2024-25,MEM,DET,1,0.6610782646793117
2024-11-27,2024-25,WAS,LAC,0,0.27108411822941786
2024-11-27,2024-25,UTA,DEN,0,0.45057563182110005
2024-11-27,2024-25,SAS,LAL,0,0.6105221101095268
2024-11-27,2024-25,DAL,NYK,1,0.5725942144549964
2024-11-27,2024-25,MIN,SAC,0,0.5699789864791966
2024-11-27,2024-25,ORL,CHI,1,0.751225790882746
2024-11-27,2024-25,CLE,ATL,0,0.8362879154728713
2024-11-27,2024-25,GSW,OKC,0,0.4865431853533032
2024-11-29,2024-25,CHA,NYK,0,0.3936380916362565
2024-11-29,2024-25,CHI,BOS,0,0.3618852205629567
2024-11-29,2024-25,MIA,TOR,1,0.7040760178463149
2024-11-29,2024-25,BKN,ORL,0,0.4777925074935568
2024-11-29,2024-25,IND,DET,0,0.5899325192872835
2024-11-29,2024-25,POR,SAC,1,0.4052094278661068
2024-11-29,2024-25,MIN,LAC,1,0.5388343386548698
2024-11-29,2024-25,ATL,CLE,1,0.3034694589745915
2024-11-29,2024-25,LAL,OKC,0,0.5207457979384496
2024-11-29,2024-25,MEM,NOP,1,0.7738786045718964
2024-11-30,2024-25,DET,PHI,0,0.544399528296617
2024-11-30,2024-25,CHA,ATL,0,0.5412817873439295
2024-11-30,2024-25,MIL,WAS,1,0.7678994482289877
2024-11-30,2024-25,PHX,GSW,1,0.6090801762396476
2024-11-30,2024-25,UTA,DAL,0,0.4502202103953256
2024-12-01,2024-25,LAC,DEN,1,0.6241742402262782
2024-12-01,2024-25,POR,DAL,0,0.43397632569483685
2024-12-01,2024-25,CLE,BOS,1,0.6418458083478888
2024-12-01,2024-25,BKN,ORL,0,0.4325014827521429
2024-12-01,2024-25,NYK,NOP,1,0.8125465991923634
2024-12-01,2024-25,SAC,SAS,0,0.5412589159826044
2024-12-01,2024-25,MEM,IND,1,0.6443721292299137
2024-12-01,2024-25,TOR,MIA,1,0.44276212015025623
2024-12-01,2024-25,HOU,OKC,1,0.5252689349061286
2024-12-01,2024-25,UTA,LAL,0,0.3950129068683792
2024-12-02,2024-25,MIN,LAL,1,0.6232627159223448
2024-12-02,2024-25,ATL,NOP,1,0.7653243317953925
2024-12-02,2024-25,BOS,MIA,1,0.6841111242618219
2024-12-02,2024-25,CHI,BKN,1,0.5586946764143221
2024-12-03,2024-25,DAL,MEM,1,0.6136052998014958
2024-12-03,2024-25,TOR,IND,1,0.5334877016604068
2024-12-03,2024-25,OKC,UTA,1,0.7699006425781638
2024-12-03,2024-25,DEN,GSW,1,0.5929486620523272
2024-12-03,2024-25,LAC,POR,1,0.6770212341087587
2024-12-03,2024-25,DET,MIL,0,0.470262168086555
2024-12-03,2024-25,NYK,ORL,1,0.5601189534460981
2024-12-03,2024-25,CHA,PHI,0,0.5234217510324646
2024-12-03,2024-25,SAC,HOU,1,0.49118431751081215
2024-12-03,2024-25,PHX,SAS,1,0.5512078415997608
2024-12-03,2024-25,CLE,WAS,1,0.860014174216953
2024-12-04,2024-25,PHI,ORL,0,0.34519067020058924
2024-12-04,2024-25,MIL,ATL,0,0.5597114276169469
2024-12-04,2024-25,MIA,LAL,1,0.583748052644519
2024-12-04,2024-25,BKN,IND,1,0.6330431351285973
2024-12-04,2024-25,BOS,DET,1,0.814557792917518
2024-12-04,2024-25,LAC,MIN,0,0.5555722345290716
2024-12-05,2024-25,MEM,SAC,1,0.6306991651596955
2024-12-05,2024-25,TOR,OKC,0,0.3987467697662635
2024-12-05,2024-25,WAS,DAL,0,0.25413254548584063
2024-12-05,2024-25,CLE,DEN,1,0.7124044729220573
2024-12-05,2024-25,SAS,CHI,0,0.6384605569216295
2024-12-05,2024-25,NOP,PHX,1,0.32911801338512847
2024-12-05,2024-25,GSW,HOU,1,0.5065832299885737
2024-12-05,2024-25,NYK,CHA,1,0.7735044597135726
2024-12-06,2024-25,ATL,LAL,1,0.5708201784975966
2024-12-06,2024-25,PHI,ORL,1,0.30827728789582465
2024-12-06,2024-25,SAS,SAC,0,0.614994295814216
2024-12-06,2024-25,CHI,IND,0,0.5252943500941173
2024-12-06,2024-25,BOS,MIL,1,0.6825073287803604
2024-12-06,2024-25,GSW,MIN,0,0.47769396024743427
2024-12-06,2024-25,POR,UTA,0,0.5975244606118575
2024-12-07,2024-25,NYK,DET,0,0.7612627220053567
2024-12-07,2024-25,NOP,OKC,0,0.257981068437151
2024-12-07,2024-25,WAS,DEN,1,0.29952202837614933
2024-12-07,2024-25,TOR,DAL,0,0.40756678751006503
2024-12-07,2024-25,CHA,CLE,0,0.293338694833146
2024-12-07,2024-25,MIA,PHX,1,0.5874204792862819
2024-12-07,2024-25,BOS,MEM,0,0.6414643475712882
2024-12-08,2024-25,IND,CHA,0,0.6283565058082501
2024-12-08,2024-25,SAS,NOP,1,0.764796830066148
2024-12-08,2024-25,LAC,HOU,0,0.6049634157187821
2024-12-08,2024-25,SAC,UTA,1,0.6781253308787699
2024-12-08,2024-25,MIA,CLE,1,0.502968847803287
2024-12-08,2024-25,CHI,PHI,0,0.5812264884751177
2024-12-08,2024-25,ORL,PHX,1,0.725626677898145
2024-12-08,2024-25,WAS,MEM,0,0.28505506471986247
2024-12-08,2024-25,BKN,MIL,0,0.47533671689747725
2024-12-08,2024-25,LAL,POR,1,0.6003660780791267
2024-12-08,2024-25,ATL,DEN,0,0.6331857745520417
2024-12-08,2024-25,GSW,MIN,1,0.501970479518234
2024-12-09,2024-25,TOR,NYK,0,0.3908617729547435
2024-12-10,2024-25,OKC,DAL,1,0.5921376836644339
2024-12-10,2024-25,MIL,ORL,1,0.53350336962409
2024-12-11,2024-25,NYK,ATL,0,0.706123076803575
2024-12-11,2024-25,HOU,GSW,1,0.6478699657427267
2024-12-12,2024-25,MIA,TOR,1,0.7318815008125776
2024-12-12,2024-25,BOS,DET,1,0.7448143473042698
2024-12-12,2024-25,NOP,SAC,0,0.36480508397625183
2024-12-13,2024-25,DEN,LAC,1,0.5468946043479517
2024-12-13,2024-25,UTA,PHX,0,0.49094608056285644
2024-12-13,2024-25,CLE,WAS,1,0.8547977492248198
2024-12-13,2024-25,PHI,IND,0,0.5393566669580264
2024-12-13,2024-25,MIN,LAL,1,0.6248678257341191
2024-12-13,2024-25,CHI,CHA,1,0.6465619524239542
2024-12-13,2024-25,MEM,BKN,1,0.6887029187789199
2024-12-13,2024-25,POR,SAS,0,0.45324923151916846
2024-12-14,2024-25,OKC,HOU,1,0.6818962593397867
2024-12-14,2024-25,MIL,ATL,1,0.6598808963317425
2024-12-15,2024-25,PHX,POR,1,0.7404617178032611
2024-12-15,2024-25,ORL,NYK,0,0.5699152843167414
2024-12-15,2024-25,WAS,BOS,0,0.2284081001410376
2024-12-15,2024-25,IND,NOP,1,0.631627297613674
2024-12-15,2024-25,SAS,MIN,0,0.48843743005108264
2024-12-15,2024-25,LAL,MEM,1,0.42296946261909546
2024-12-15,2024-25,GSW,DAL,0,0.44948112037924254
2024-12-16,2024-25,DET,MIA,1,0.44566738110596654
2024-12-16,2024-25,TOR,CHI,0,0.4451706879225626
2024-12-16,2024-25,LAC,UTA,1,0.696929594988424
2024-12-16,2024-25,CHA,PHI,0,0.49114130916448673
2024-12-16,2024-25,SAC,DEN,0,0.5780735762431767
2024-12-16,2024-25,BKN,CLE,0,0.3648099052910282
2024-12-19,2024-25,ORL,OKC,0,0.4583884019047835
2024-12-19,2024-25,MEM,GSW,1,0.737137590348771
2024-12-19,2024-25,SAS,ATL,1,0.533981536762972
2024-12-19,2024-25,PHX,IND,0,0.6410006191959033
2024-12-19,2024-25,MIN,NYK,0,0.49012668715312324
2024-12-19,2024-25,TOR,BKN,0,0.44547503359905033
2024-12-19,2024-25,WAS,CHA,1,0.4277847744555078
2024-12-19,2024-25,DET,UTA,0,0.606908754872308
2024-12-19,2024-25,POR,DEN,1,0.3490194693840256
2024-12-19,2024-25,BOS,CHI,0,0.7131650142467264
2024-12-19,2024-25,SAC,LAL,0,0.6297780875292126
2024-12-19,2024-25,DAL,LAC,0,0.6228017627886798
2024-12-19,2024-25,HOU,NOP,1,0.7398405554040053
2024-12-20,2024-25,PHI,CHA,1,0.7211055891916835
2024-12-20,2024-25,MIA,OKC,0,0.5931835147096604
2024-12-20,2024-25,CLE,MIL,1,0.6767988216144651
2024-12-21,2024-25,SAC,LAL,0,0.5679773261046861
2024-12-21,2024-25,CLE,PHI,1,0.7747271751143204
2024-12-21,2024-25,MIL,WAS,1,0.7132797515499174
2024-12-21,2024-25,DAL,LAC,1,0.6018789728111701
2024-12-21,2024-25,ATL,MEM,0,0.45982826790964126
2024-12-21,2024-25,MIN,GSW,0,0.5998159196451385
2024-12-21,2024-25,PHX,DET,0,0.6937376983110148
2024-12-21,2024-25,SAS,POR,1,0.6381224423025226
2024-12-21,2024-25,BKN,UTA,0,0.6361419152046928
2024-12-21,2024-25,ORL,MIA,1,0.6681837659449025
2024-12-21,2024-25,NOP,NYK,0,0.2537425737277751
2024-12-21,2024-25,CHI,BOS,0,0.46052936796667704
2024-12-22,2024-25,NOP,DEN,0,0.23134712486831
2024-12-22,2024-25,SAC,IND,0,0.4729174059865593
2024-12-22,2024-25,TOR,HOU,0,0.389018958644405
2024-12-23,2024-25,ATL,MIN,1,0.4960431224727991
2024-12-23,2024-25,DEN,PHX,1,0.512199567955639
2024-12-23,2024-25,ORL,BOS,1,0.5389315121340432
2024-12-23,2024-25,CLE,UTA,1,0.8119989473111641
2024-12-23,2024-25,CHI,MIL,0,0.4804145099826086
2024-12-23,2024-25,CHA,HOU,0,0.4657529345837687
2024-12-23,2024-25,OKC,WAS,1,0.8694403588955399
2024-12-23,2024-25,GSW,IND,0,0.6164210172360215
2024-12-23,2024-25,NYK,TOR,1,0.8448076384562871
2024-12-23,2024-25,MIA,BKN,1,0.6748600762724913
2024-12-23,2024-25,PHI,SAS,1,0.5101941966461917
2024-12-23,2024-25,LAL,DET,0,0.5874365028431783
2024-12-23,2024-25,DAL,POR,1,0.8004962874580765
2024-12-23,2024-25,MEM,LAC,0,0.60912992496497
2024-12-25,2024-25,PHX,DEN,1,0.5253566508321239
2024-12-25,2024-25,GSW,LAL,0,0.5093435931326264
2024-12-25,2024-25,DAL,MIN,0,0.6998203370366313
2024-12-25,2024-25,BOS,PHI,0,0.7259660753266532
2024-12-25,2024-25,NYK,SAS,1,0.6946242791786873
2024-12-26,2024-25,SAC,DET,0,0.532038534946753
2024-12-26,2024-25,ATL,CHI,1,0.5992082983287165
2024-12-26,2024-25,ORL,MIA,0,0.5934786233030377
2024-12-26,2024-25,NOP,HOU,0,0.26458365729536876
2024-12-26,2024-25,WAS,CHA,1,0.45521531605988713
2024-12-26,2024-25,MIL,BKN,0,0.6735982402081422
2024-12-26,2024-25,POR,UTA,1,0.5632227939315673
2024-12-26,2024-25,IND,OKC,0,0.3696766602410819
2024-12-26,2024-25,MEM,TOR,1,0.777730361971896
2024-12-27,2024-25,BKN,SAS,0,0.422989075965525
2024-12-27,2024-25,ORL,NYK,0,0.3966518379950171
2024-12-27,2024-25,HOU,MIN,0,0.5758423092360452
2024-12-27,2024-25,DEN,CLE,0,0.484134112211117
2024-12-27,2024-25,NOP,MEM,0,0.2583656314597028
2024-12-27,2024-25,PHX,DAL,0,0.47946288568453604
2024-12-27,2024-25,BOS,IND,1,0.7311909593536712
2024-12-27,2024-25,LAC,GSW,1,0.6580392263892457
2024-12-28,2024-25,CHI,MIL,1,0.45325827359622173
2024-12-28,2024-25,LAL,SAC,1,0.5577526077712587
2024-12-28,2024-25,CHA,OKC,0,0.23186239509397716
2024-12-28,2024-25,UTA,PHI,0,0.4402368282501329
2024-12-28,2024-25,POR,DAL,1,0.4057332919583182
2024-12-28,2024-25,ATL,MIA,1,0.5145730218937514
2024-12-28,2024-25,WAS,NYK,0,0.2856569135379245
2024-12-28,2024-25,GSW,PHX,1,0.5154482933211253
2024-12-28,2024-25,DEN,DET,1,0.5611769411920379
2024-12-29,2024-25,OKC,MEM,1,0.6150702176774218
2024-12-29,2024-25,MIN,SAS,1,0.5543398310940247
2024-12-29,2024-25,ORL,BKN,1,0.6532340809405682
2024-12-29,2024-25,HOU,MIA,0,0.684618013521256
2024-12-29,2024-25,TOR,ATL,0,0.40215134141453135
2024-12-29,2024-25,BOS,IND,0,0.7223515229625684
2024-12-30,2024-25,POR,PHI,0,0.46133885512301454
2024-12-30,2024-25,NOP,LAC,0,0.2903477599386072
2024-12-30,2024-25,UTA,DEN,0,0.41000069721430493
2024-12-30,2024-25,CHA,CHI,0,0.4706198190002848
2024-12-30,2024-25,GSW,CLE,0,0.30691330313930515
2024-12-30,2024-25,WAS,NYK,0,0.21299518366656872
2024-12-30,2024-25,SAC,DAL,1,0.40217909664488094
2024-12-31,2024-25,LAL,CLE,0,0.43006506431634733
2024-12-31,2024-25,OKC,MIN,1,0.7597348121492294
2024-12-31,2024-25,SAS,LAC,1,0.5546138513801285
2024-12-31,2024-25,BOS,TOR,1,0.8249041002190005
2024-12-31,2024-25,PHX,MEM,0,0.474890065519588
2024-12-31,2024-25,IND,MIL,0,0.5549425818187999
2025-01-01,2024-25,MIA,NOP,1,0.7668446619040675
2025-01-01,2024-25,HOU,DAL,1,0.550029177960042
2025-01-01,2024-25,WAS,CHI,1,0.40548126730292006
2025-01-01,2024-25,DEN,ATL,1,0.6679106575540046
2025-01-01,2024-25,DET,ORL,1,0.444778351133415
2025-01-01,2024-25,NYK,UTA,1,0.8068971836232639
2025-01-01,2024-25,TOR,BKN,1,0.27957530287215143
2025-01-01,2024-25,SAC,PHI,1,0.4813451254656203
2025-01-02,2024-25,GSW,PHI,1,0.5673104685681585
2025-01-02,2024-25,OKC,LAC,1,0.7270615992956011
2025-01-02,2024-25,MIN,BOS,0,0.4564715593891863
2025-01-02,2024-25,MIL,BKN,0,0.7280900524301799
2025-01-02,2024-25,MIA,IND,0,0.5542665151612827
2025-01-02,2024-25,LAL,POR,1,0.7091267274287756
2025-01-03,2024-25,HOU,BOS,0,0.664665799371335
2025-01-03,2024-25,DET,CHA,1,0.6597904720218541
2025-01-03,2024-25,NOP,WAS,1,0.4615090619944323
2025-01-03,2024-25,LAL,ATL,1,0.5175173904779077
2025-01-03,2024-25,TOR,ORL,0,0.2751027693788381
2025-01-03,2024-25,OKC,NYK,1,0.5943561176647238
2025-01-03,2024-25,DAL,CLE,0,0.33461682195870623
2025-01-03,2024-25,SAC,MEM,1,0.43731386563948893
2025-01-03,2024-25,DEN,SAS,0,0.6758376439366428
2025-01-04,2024-25,DET,MIN,1,0.47191574584441764
2025-01-04,2024-25,CHI,NYK,1,0.4259638088386985
2025-01-04,2024-25,GSW,MEM,1,0.5072899686688216
2025-01-04,2024-25,SAS,DEN,0,0.5376863092622317
2025-01-04,2024-25,MIA,UTA,0,0.7031838753375292
2025-01-04,2024-25,BKN,PHI,0,0.4713919473371474
2025-01-04,2024-25,IND,PHX,1,0.5769485091905004
2025-01-04,2024-25,MIL,POR,0,0.6904517879095411
2025-01-04,2024-25,LAC,ATL,1,0.6226280182320354
2025-01-05,2024-25,OKC,BOS,1,0.6660094506280968
2025-01-05,2024-25,WAS,NOP,0,0.4878826410917947
2025-01-05,2024-25,CLE,CHA,1,0.8907479817564508
2025-01-05,2024-25,ORL,UTA,0,0.752266238430839
2025-01-05,2024-25,GSW,SAC,0,0.49440120352827205
2025-01-05,2024-25,HOU,LAL,1,0.612567190462793
2025-01-06,2024-25,NYK,ORL,0,0.7725748894056547
2025-01-06,2024-25,CHI,SAS,1,0.45395751279219126
2025-01-06,2024-25,PHI,PHX,0,0.5721278585922538
2025-01-06,2024-25,MIN,LAC,1,0.5055936736685422
2025-01-06,2024-25,TOR,MIL,0,0.3183264274902084
2025-01-06,2024-25,DET,POR,1,0.6670591025306294
2025-01-06,2024-25,MEM,DAL,1,0.5805000281388323
2025-01-06,2024-25,BKN,IND,0,0.44444273327712874
2025-01-06,2024-25,SAC,MIA,1,0.4182050057958026
2025-01-07,2024-25,UTA,ATL,0,0.46524703644066434
2025-01-07,2024-25,NOP,MIN,0,0.437062951913493
2025-01-07,2024-25,WAS,HOU,0,0.32889544011260907
2025-01-07,2024-25,DEN,BOS,0,0.5507616423943926
2025-01-07,2024-25,DAL,LAL,1,0.43909665200157855
2025-01-07,2024-25,CHA,PHX,1,0.44340014140143935
2025-01-07,2024-25,GSW,MIA,0,0.6154583315211752
2025-01-08,2024-25,PHI,WAS,1,0.7778320956008892
2025-01-08,2024-25,IND,CHI,1,0.6922414585034883
2025-01-08,2024-25,NOP,POR,0,0.3707326809878653
2025-01-08,2024-25,MIL,SAS,1,0.5369438699758325
2025-01-08,2024-25,CLE,OKC,1,0.6530831481538143
2025-01-08,2024-25,NYK,TOR,1,0.8489865644759832
2025-01-08,2024-25,DEN,LAC,1,0.526683211807639
2025-01-08,2024-25,BKN,DET,0,0.43184129671863825
2025-01-09,2024-25,MEM,HOU,0,0.6009432984703423
2025-01-09,2024-25,DET,GSW,0,0.5516660651784581
2025-01-09,2024-25,UTA,MIA,0,0.44895176987579916
2025-01-09,2024-25,DAL,POR,1,0.7106544343983405
2025-01-09,2024-25,ORL,MIN,0,0.5551979761478495
2025-01-09,2024-25,PHX,ATL,1,0.4865437021029986
2025-01-09,2024-25,CLE,TOR,1,0.9084707604846977
2025-01-10,2024-25,BOS,SAC,0,0.7783160005773847
2025-01-10,2024-25,NYK,OKC,0,0.5399094071684487
2025-01-10,2024-25,ORL,MIL,0,0.4823856198374808
2025-01-10,2024-25,CHI,WAS,1,0.6633594861169966
2025-01-10,2024-25,IND,GSW,1,0.7140614711914968
2025-01-10,2024-25,DEN,BKN,1,0.7494135566592249
2025-01-10,2024-25,PHI,NOP,0,0.6603975500061794
2025-01-11,2024-25,MIN,MEM,0,0.5450672042272541
2025-01-11,2024-25,DET,TOR,1,0.7821687323006872
2025-01-11,2024-25,PHX,UTA,1,0.6022860083071447
2025-01-11,2024-25,POR,MIA,0,0.46122066425030933
2025-01-12,2024-25,UTA,BKN,1,0.5226093278513696
2025-01-12,2024-25,ORL,PHI,1,0.5138373848884356
2025-01-12,2024-25,NYK,MIL,1,0.7004677442958708
2025-01-12,2024-25,CLE,IND,0,0.7963911066972896
2025-01-12,2024-25,DAL,DEN,0,0.5064390272335049
2025-01-12,2024-25,CHI,SAC,0,0.4847488536332172
2025-01-12,2024-25,BOS,NOP,1,0.8415135104480623
2025-01-12,2024-25,PHX,CHA,1,0.6240533880937088
2025-01-12,2024-25,WAS,OKC,0,0.16787964413820555
2025-01-13,2024-25,WAS,MIN,0,0.24941130383603735
2025-01-13,2024-25,HOU,MEM,1,0.6430887174311115
2025-01-13,2024-25,LAL,SAS,0,0.6235834925860869
2025-01-13,2024-25,TOR,GSW,1,0.3550150085481038
2025-01-13,2024-25,LAC,MIA,1,0.5980484687286661
2025-01-13,2024-25,NYK,DET,0,0.6162164453707536
2025-01-14,2024-25,CHI,NOP,0,0.6283930589754714
2025-01-14,2024-25,PHI,OKC,0,0.3331532079485152
2025-01-14,2024-25,MIL,SAC,1,0.5890080950635094
2025-01-14,2024-25,IND,CLE,0,0.4230802234947642
2025-01-14,2024-25,DAL,DEN,0,0.4698202739147468
2025-01-14,2024-25,POR,BKN,0,0.6056220416110574
2025-01-14,2024-25,ATL,PHX,1,0.5297872955302686
2025-01-15,2024-25,TOR,BOS,1,0.21548737521439296
2025-01-15,2024-25,DEN,HOU,0,0.5879067911647284
2025-01-15,2024-25,CHI,ATL,0,0.4983125381750829
2025-01-15,2024-25,SAS,MEM,0,0.4994829777893109
2025-01-15,2024-25,LAC,BKN,1,0.7402719155225567
2025-01-15,2024-25,UTA,CHA,0,0.6185971910538822
2025-01-15,2024-25,NOP,DAL,1,0.39502332121280626
2025-01-15,2024-25,LAL,MIA,1,0.5814306855634009
2025-01-15,2024-25,PHI,NYK,0,0.3636859191009868
2025-01-15,2024-25,MIN,GSW,0,0.6677682291298814
2025-01-15,2024-25,MIL,ORL,1,0.5206808934312355
2025-01-16,2024-25,POR,LAC,0,0.5168776760236736
2025-01-16,2024-25,SAC,HOU,1,0.5806692016453824
2025-01-16,2024-25,WAS,PHX,0,0.26815498585112907
2025-01-16,2024-25,DET,IND,0,0.6056462676414156
2025-01-16,2024-25,OKC,CLE,1,0.6348113291833359
2025-01-17,2024-25,LAL,BKN,1,0.725133557617605
2025-01-17,2024-25,CHI,CHA,0,0.6880894338003651
2025-01-17,2024-25,DAL,OKC,1,0.3601130814103921
2025-01-17,2024-25,SAS,MEM,0,0.46991986592902746
2025-01-17,2024-25,MIL,TOR,1,0.7706585016852352
2025-01-17,2024-25,NYK,MIN,0,0.6470544965930732
2025-01-17,2024-25,BOS,ORL,1,0.7450852025377265
2025-01-17,2024-25,NOP,UTA,1,0.5049133299654235
2025-01-17,2024-25,MIA,DEN,0,0.5001822904940725
2025-01-18,2024-25,IND,PHI,1,0.6348346832353849
2025-01-18,2024-25,GSW,WAS,1,0.7707900149995529
2025-01-18,2024-25,BOS,ATL,0,0.6509090391578419
2025-01-18,2024-25,DET,PHX,0,0.6110228281092134
2025-01-18,2024-25,MIN,CLE,0,0.3907808934998478
2025-01-18,2024-25,POR,HOU,0,0.3588445414773468
2025-01-19,2024-25,LAC,LAL,1,0.5805411282662193
2025-01-19,2024-25,ORL,DEN,0,0.44421416197826175
2025-01-19,2024-25,MIL,PHI,1,0.7508770430283284
2025-01-19,2024-25,SAC,WAS,1,0.8569307377757839
2025-01-19,2024-25,OKC,BKN,1,0.8760118380152317
2025-01-19,2024-25,MIA,SAS,1,0.5983332543156507
2025-01-19,2024-25,POR,CHI,1,0.392022424582682
2025-01-20,2024-25,CHA,DAL,1,0.35710445833126986
2025-01-20,2024-25,NOP,UTA,1,0.5354483331978311
2025-01-20,2024-25,GSW,BOS,0,0.43251978789848167
2025-01-20,2024-25,LAC,CHI,0,0.7362185588547351
2025-01-20,2024-25,MEM,MIN,1,0.5919430989450167
2025-01-20,2024-25,NYK,ATL,1,0.6609296918063255
2025-01-20,2024-25,CLE,PHX,1,0.7776541372192559
2025-01-20,2024-25,HOU,DET,0,0.705787537820041
2025-01-21,2024-25,BKN,NYK,0,0.37638085721254644
2025-01-21,2024-25,TOR,ORL,1,0.37622424567531565
2025-01-21,2024-25,DEN,PHI,1,0.7597322998311516
2025-01-21,2024-25,LAL,WAS,1,0.8086149691810871
2025-01-21,2024-25,MIA,POR,0,0.6767300888294593
2025-01-22,2024-25,OKC,UTA,1,0.8698930493788884
2025-01-22,2024-25,BKN,PHX,0,0.27619457132740194
2025-01-22,2024-25,LAC,BOS,0,0.5246573518391232
2025-01-22,2024-25,SAC,GSW,1,0.6436705426009058
2025-01-22,2024-25,MEM,CHA,1,0.8035638596296357
2025-01-22,2024-25,DAL,MIN,0,0.5256381315450486
2025-01-22,2024-25,HOU,CLE,1,0.5425949567408681
2025-01-22,2024-25,ATL,DET,0,0.486198258676532
2025-01-23,2024-25,ATL,TOR,0,0.5879031733496638
2025-01-23,2024-25,LAL,BOS,1,0.5671473419575812
2025-01-23,2024-25,LAC,WAS,1,0.7963863474134507
2025-01-23,2024-25,MIL,MIA,1,0.6660558591895341
2025-01-23,2024-25,OKC,DAL,0,0.8203115697100017
2025-01-23,2024-25,ORL,POR,0,0.6059564873118736
2025-01-23,2024-25,DEN,SAC,1,0.7580241164529941
2025-01-23,2024-25,GSW,CHI,1,0.5297343906461591
2025-01-23,2024-25,IND,SAS,0,0.6855935454078822
2025-01-24,2024-25,CHA,POR,0,0.5785437052786053
2025-01-24,2024-25,MEM,NOP,1,0.7570793877615607
2025-01-24,2024-25,PHI,CLE,1,0.2672402878997288
2025-01-25,2024-25,MEM,UTA,1,0.7735163011461442
2025-01-25,2024-25,CHA,NOP,1,0.502507409393976
2025-01-25,2024-25,ORL,DET,1,0.45086355043708437
2025-01-25,2024-25,CLE,HOU,0,0.6457470947318978
2025-01-25,2024-25,NYK,SAC,1,0.6614705768092008
2025-01-25,2024-25,DAL,BOS,0,0.4685035461206866
2025-01-25,2024-25,MIN,DEN,1,0.507557648261579
2025-01-25,2024-25,LAC,MIL,1,0.6145589084295867
2025-01-25,2024-25,SAS,IND,0,0.4505063380467553
2025-01-25,2024-25,GSW,LAL,0,0.5218355072957183
2025-01-25,2024-25,BKN,MIA,0,0.38053302884191365
2025-01-25,2024-25,ATL,TOR,0,0.6201421064573088
2025-01-25,2024-25,CHI,PHI,0,0.6608172973112556
2025-01-25,2024-25,PHX,WAS,1,0.8222656260121831
2025-01-26,2024-25,POR,OKC,0,0.25890758134119585
2025-01-27,2024-25,MIA,ORL,1,0.6278084481973615
2025-01-27,2024-25,PHX,LAC,1,0.5330343375558209
2025-01-27,2024-25,DAL,WAS,1,0.8290293381659839
2025-01-27,2024-25,BOS,HOU,0,0.5846590410188225
2025-01-27,2024-25,UTA,MIL,0,0.3040452693962656
2025-01-27,2024-25,CHI,DEN,1,0.3651965071998183
2025-01-27,2024-25,NYK,MEM,1,0.5859827711177219
2025-01-27,2024-25,CLE,DET,1,0.75233730835255
2025-01-27,2024-25,MIN,ATL,1,0.6711971577268827
2025-01-27,2024-25,BKN,SAC,0,0.3470628120811754
2025-01-27,2024-25,TOR,NOP,1,0.5570446223733557
2025-01-27,2024-25,CHA,LAL,0,0.3450198954576363
2025-01-28,2024-25,ATL,HOU,0,0.3757031425744855
2025-01-28,2024-25,GSW,UTA,1,0.792140095460985
2025-01-28,2024-25,PHI,LAL,1,0.4608892344298692
2025-01-28,2024-25,POR,MIL,1,0.4534388799157185
2025-01-29,2024-25,CHA,BKN,0,0.6039381280794361
2025-01-29,2024-25,NYK,DEN,1,0.6207165879532077
2025-01-29,2024-25,SAS,LAC,0,0.393101354173988
2025-01-29,2024-25,WAS,TOR,0,0.26998101216348774
2025-01-29,2024-25,PHX,MIN,0,0.5425927107471212
2025-01-29,2024-25,NOP,DAL,0,0.33496935438832387
2025-01-29,2024-25,GSW,OKC,1,0.29075616506471214
2025-01-29,2024-25,MIA,CLE,0,0.39204984074310345
2025-01-29,2024-25,IND,DET,1,0.6513355236014883
2025-01-29,2024-25,PHI,SAC,1,0.4046950100960391
2025-01-29,2024-25,BOS,CHI,1,0.7448406921032683
2025-01-30,2024-25,MEM,HOU,1,0.579420615620812
2025-01-30,2024-25,WAS,LAL,0,0.13298874645742947
2025-01-30,2024-25,CLE,ATL,1,0.7719250030608404
2025-01-30,2024-25,UTA,MIN,0,0.3153039260398199
2025-01-30,2024-25,POR,ORL,1,0.4970211244505947
2025-01-31,2024-25,DET,DAL,1,0.5214871333879838
2025-01-31,2024-25,SAS,MIL,1,0.42117664802116195
2025-01-31,2024-25,NOP,BOS,0,0.24103005026200888
2025-01-31,2024-25,PHI,DEN,0,0.4130801159104604
2025-01-31,2024-25,TOR,CHI,0,0.54782458845859
2025-01-31,2024-25,CHA,LAC,0,0.3371291100774174
2025-01-31,2024-25,GSW,PHX,0,0.5365636821583151
2025-02-01,2024-25,MIN,WAS,0,0.8728640659568242
2025-02-01,2024-25,HOU,BKN,0,0.8337815013565696
2025-02-01,2024-25,POR,PHX,1,0.5161983594881147
2025-02-01,2024-25,OKC,SAC,1,0.823023782729595
2025-02-01,2024-25,NYK,LAL,0,0.6554951446369244
2025-02-01,2024-25,IND,ATL,1,0.6942095301083578
2025-02-01,2024-25,SAS,MIA,0,0.4322975007422406
2025-02-01,2024-25,UTA,ORL,1,0.3628359945533355
2025-02-01,2024-25,CHA,DEN,0,0.3202749512357116
2025-02-02,2024-25,CLE,DAL,1,0.791696144865692
2025-02-02,2024-25,DET,CHI,1,0.6330869631448748
2025-02-02,2024-25,MIL,MEM,0,0.5508943073925862
2025-02-02,2024-25,PHI,BOS,0,0.31674635797838774
2025-02-02,2024-25,TOR,LAC,1,0.3446102841427445
2025-02-03,2024-25,CHA,WAS,0,0.6596740395490441
2025-02-03,2024-25,GSW,ORL,1,0.6118148908148944
2025-02-03,2024-25,DEN,NOP,1,0.813547467530808
2025-02-03,2024-25,MIN,SAC,0,0.6979262202362355
2025-02-03,2024-25,UTA,IND,0,0.2641892101486393
2025-02-03,2024-25,DET,ATL,0,0.5572740507843008
2025-02-03,2024-25,OKC,MIL,1,0.8350207868196322
2025-02-03,2024-25,POR,PHX,1,0.4691841360785209
2025-02-03,2024-25,MEM,SAS,1,0.6749484366263676
2025-02-03,2024-25,NYK,HOU,1,0.6304478643798691
2025-02-04,2024-25,POR,IND,1,0.47248907393533207
2025-02-04,2024-25,CLE,BOS,0,0.6904970482303007
2025-02-04,2024-25,CHI,MIA,1,0.4839653580261656
2025-02-04,2024-25,PHI,DAL,1,0.4991875655890044
2025-02-04,2024-25,LAC,LAL,0,0.5508481244804112
2025-02-04,2024-25,BKN,HOU,1,0.38508134673586514
2025-02-04,2024-25,TOR,NYK,0,0.3758428712445132
2025-02-05,2024-25,CHA,MIL,0,0.35733675008305
2025-02-05,2024-25,OKC,PHX,1,0.7638642218474968
2025-02-05,2024-25,MIN,CHI,1,0.7827127877852803
2025-02-05,2024-25,UTA,GSW,1,0.32133984677106037
2025-02-05,2024-25,BKN,WAS,0,0.5882192433464095
2025-02-05,2024-25,DEN,NOP,1,0.8337117863367063
2025-02-05,2024-25,DET,CLE,0,0.4261152917205
2025-02-05,2024-25,ATL,SAS,0,0.5038099131806008
2025-02-05,2024-25,SAC,ORL,0,0.618705341018819
2025-02-05,2024-25,TOR,MEM,0,0.2562349978654998
2025-02-05,2024-25,PHI,MIA,0,0.5450920684234621
2025-02-06,2024-25,POR,SAC,1,0.7027658393186518
2025-02-06,2024-25,MIN,HOU,1,0.5416095154950662
2025-02-06,2024-25,LAC,IND,0,0.5688559819797697
2025-02-06,2024-25,DEN,ORL,1,0.8023228206241951
2025-02-06,2024-25,LAL,GSW,1,0.8017961371477776
2025-02-06,2024-25,BOS,DAL,0,0.7299886071011761
2025-02-07,2024-25,OKC,TOR,1,0.8655402470923801
2025-02-07,2024-25,ATL,MIL,1,0.392095426670985
2025-02-07,2024-25,BKN,MIA,1,0.40802647621380134
2025-02-07,2024-25,WAS,CLE,0,0.11039708457998651
2025-02-07,2024-25,PHX,UTA,1,0.7717064819414168
2025-02-07,2024-25,CHA,SAS,1,0.40196151182811607
2025-02-07,2024-25,DET,PHI,1,0.5680278834244155
2025-02-08,2024-25,WAS,ATL,0,0.2965426530136581
2025-02-08,2024-25,CHI,GSW,0,0.49575952062578066
2025-02-08,2024-25,PHX,DEN,0,0.3962689815283626
2025-02-08,2024-25,SAC,NOP,1,0.6661817876136712
2025-02-08,2024-25,ORL,SAS,1,0.5883491529567904
2025-02-08,2024-25,DAL,HOU,1,0.5345258936357785
2025-02-08,2024-25,MEM,OKC,0,0.6283186962018374
2025-02-08,2024-25,NYK,BOS,0,0.6122322388924653
2025-02-08,2024-25,LAC,UTA,1,0.8289254538196655
2025-02-08,2024-25,LAL,IND,1,0.68107692615298
2025-02-08,2024-25,MIN,POR,1,0.6333325970769128
2025-02-09,2024-25,MIL,PHI,1,0.5929180021984601
2025-02-09,2024-25,DET,CHA,1,0.7000614536761991
2025-02-09,2024-25,HOU,TOR,1,0.6739409262475582
2025-02-10,2024-25,OKC,NOP,1,0.9122228836642191
2025-02-10,2024-25,BKN,CHA,1,0.6563136986828979
2025-02-10,2024-25,MIA,BOS,0,0.3756990849475592
2025-02-10,2024-25,LAL,UTA,1,0.8888184883703855
2025-02-10,2024-25,ORL,ATL,0,0.5220025958191681
2025-02-10,2024-25,CLE,MIN,1,0.757037669697735
2025-02-10,2024-25,WAS,SAS,0,0.29451408814456465
2025-02-10,2024-25,DEN,POR,1,0.7067473528608927
2025-02-10,2024-25,MIL,GSW,0,0.5250912764467514
2025-02-10,2024-25,DAL,SAC,0,0.6105651485921736
2025-02-11,2024-25,PHI,TOR,0,0.6053486537418882
2025-02-11,2024-25,PHX,MEM,0,0.4304287241592411
2025-02-11,2024-25,IND,NYK,0,0.4942832879003395
2025-02-11,2024-25,CHI,DET,0,0.43117706209057804
2025-02-12,2024-25,MIN,MIL,0,0.6629571764367679
2025-02-12,2024-25,UTA,LAL,1,0.21673111730287536
2025-02-12,2024-25,WAS,IND,0,0.2665876077799358
2025-02-12,2024-25,DEN,POR,1,0.7630420623507963
2025-02-12,2024-25,LAC,MEM,1,0.5668508167968062
2025-02-12,2024-25,BOS,SAS,1,0.747639230914368
2025-02-12,2024-25,NYK,ATL,1,0.699731814936194
2025-02-12,2024-25,BKN,PHI,1,0.5481392295021122
2025-02-12,2024-25,ORL,CHA,1,0.6372226126636292
2025-02-12,2024-25,CHI,DET,0,0.39785954288821435
2025-02-12,2024-25,DAL,GSW,1,0.5371284278180225
2025-02-12,2024-25,HOU,PHX,1,0.7259762776112698
2025-02-12,2024-25,NOP,SAC,0,0.33563025693698934
2025-02-12,2024-25,TOR,CLE,0,0.14933468495155947
2025-02-12,2024-25,OKC,MIA,1,0.8713319720293472
2025-02-13,2024-25,HOU,GSW,0,0.6639468232063205
2025-02-13,2024-25,DAL,MIA,1,0.6573672701446756
2025-02-13,2024-25,MIN,OKC,1,0.4055844817407555
2025-02-13,2024-25,UTA,LAC,0,0.29352346949044084
2025-02-13,2024-25,NOP,SAC,1,0.3110106538817074
2025-02-19,2024-25,LAL,CHA,0,0.8584820858468262
2025-02-20,2024-25,MIL,LAC,1,0.4506468175325268
2025-02-20,2024-25,ATL,ORL,0,0.500199549248167
2025-02-20,2024-25,DEN,CHA,1,0.9208831511577213
2025-02-20,2024-25,POR,LAL,0,0.4574474187904971
2025-02-20,2024-25,NYK,CHI,1,0.818050926432711
2025-02-20,2024-25,SAS,PHX,1,0.5024048405976859
2025-02-20,2024-25,IND,MEM,1,0.4908937853172451
2025-02-20,2024-25,BKN,CLE,0,0.21832570486679542
2025-02-20,2024-25,PHI,BOS,0,0.33473051195041054
2025-02-21,2024-25,CLE,NYK,1,0.784153069698494
2025-02-21,2024-25,HOU,MIN,1,0.56457501426641
2025-02-21,2024-25,SAC,GSW,0,0.5455167824165511
2025-02-21,2024-25,WAS,MIL,0,0.32595677321643374
2025-02-21,2024-25,SAS,DET,0,0.38773169345190706
2025-02-21,2024-25,DAL,NOP,1,0.7361476740261522
2025-02-21,2024-25,ORL,MEM,0,0.41973785186355445
2025-02-21,2024-25,UTA,OKC,0,0.16223239017109903
2025-02-21,2024-25,TOR,MIA,0,0.37410245822569127
2025-02-22,2024-25,CHI,PHX,0,0.3898149357867367
2025-02-22,2024-25,PHI,BKN,0,0.5276578805808424
2025-02-22,2024-25,UTA,HOU,1,0.34827528610671776
2025-02-22,2024-25,POR,CHA,1,0.6660290863831232
2025-02-22,2024-25,DEN,LAL,0,0.7099197277328115
2025-02-23,2024-25,TOR,PHX,1,0.39601591275314874
2025-02-23,2024-25,ORL,WAS,1,0.7376446613486384
2025-02-23,2024-25,CLE,MEM,1,0.7998843309761997
2025-02-23,2024-25,IND,LAC,1,0.5514175475746617
2025-02-23,2024-25,GSW,DAL,1,0.5096893629734669
2025-02-23,2024-25,ATL,DET,0,0.436248705333428
2025-02-23,2024-25,MIN,OKC,0,0.36482096366937844
2025-02-23,2024-25,BOS,NYK,1,0.6894747706937859
2025-02-23,2024-25,MIL,MIA,1,0.6286793269778225
2025-02-23,2024-25,NOP,SAS,1,0.2813536110212399
2025-02-24,2024-25,SAC,CHA,1,0.7465987882470997
2025-02-24,2024-25,WAS,BKN,1,0.24233535019916622
2025-02-24,2024-25,DET,LAC,1,0.6081831462108143
2025-02-24,2024-25,ATL,MIA,1,0.5477102703470238
2025-02-24,2024-25,UTA,POR,0,0.35220062784634015
2025-02-24,2024-25,IND,DEN,0,0.41473307100934775
2025-02-24,2024-25,PHI,CHI,0,0.5509507421894657
2025-02-24,2024-25,OKC,MIN,0,0.8277747208257843
2025-02-25,2024-25,LAL,DAL,1,0.7162584204621157
2025-02-25,2024-25,ORL,CLE,0,0.26314835709198336
2025-02-25,2024-25,TOR,BOS,0,0.189453550953007
2025-02-25,2024-25,NOP,SAS,1,0.32009569943784516
2025-02-25,2024-25,MEM,PHX,1,0.6881831713656043
2025-02-25,2024-25,GSW,CHA,1,0.8379529569333355
2025-02-25,2024-25,HOU,MIL,1,0.5651068013498116
2025-02-26,2024-25,WAS,POR,0,0.2888037844025452
2025-02-26,2024-25,UTA,SAC,0,0.34909469746081856
2025-02-26,2024-25,NYK,PHI,1,0.7452945702318514
2025-02-26,2024-25,HOU,SAS,1,0.6864681158801745
2025-02-26,2024-25,BKN,OKC,0,0.19258878101381174
2025-02-26,2024-25,CHI,LAC,0,0.3604601679182069
2025-02-26,2024-25,MIA,ATL,1,0.5430914913313051
2025-02-26,2024-25,IND,TOR,1,0.8173281789842336
2025-02-26,2024-25,DET,BOS,1,0.6020651670982632
2025-02-27,2024-25,LAL,MIN,1,0.7000802724404575
2025-02-27,2024-25,ORL,GSW,0,0.41665677784536187
2025-02-27,2024-25,PHX,NOP,0,0.6228983888262074
2025-02-27,2024-25,MIL,DEN,1,0.45829905916814007
2025-02-27,2024-25,DAL,CHA,1,0.7467401513977409
2025-02-28,2024-25,LAL,LAC,1,0.6409468169334832
2025-02-28,2024-25,MEM,NYK,0,0.5859251870391782
2025-02-28,2024-25,MIA,IND,1,0.44432559795815
2025-02-28,2024-25,CHI,TOR,1,0.5520137219952556
2025-02-28,2024-25,PHX,NOP,1,0.6467659225104315
2025-02-28,2024-25,BOS,CLE,0,0.5578944778108953
2025-02-28,2024-25,ATL,OKC,0,0.2249154838807145
2025-02-28,2024-25,UTA,MIN,1,0.3655270113110828
2025-02-28,2024-25,BKN,POR,0,0.4707551582874037
2025-02-28,2024-25,DET,DEN,0,0.656826207999577
2025-03-01,2024-25,DAL,MIL,0,0.49526017129356453
2025-03-01,2024-25,CHA,WAS,0,0.41547503292610954
2025-03-01,2024-25,PHI,GSW,1,0.2931349774110733
2025-03-01,2024-25,HOU,SAC,0,0.6020386265482575
2025-03-01,2024-25,MEM,SAS,0,0.6755390156151919
2025-03-01,2024-25,DET,BKN,1,0.7336581435007394
2025-03-02,2024-25,MIA,NYK,0,0.4260278871995697
2025-03-02,2024-25,BOS,DEN,1,0.6983371010374271
2025-03-02,2024-25,IND,CHI,1,0.6503742356749713
2025-03-02,2024-25,SAS,OKC,0,0.16730003614205677
2025-03-02,2024-25,CLE,POR,1,0.8956355148782857
2025-03-02,2024-25,UTA,NOP,0,0.5132705658411375
2025-03-02,2024-25,PHX,MIN,0,0.45487707027338
2025-03-02,2024-25,ORL,TOR,0,0.693018842806056
2025-03-02,2024-25,LAL,LAC,1,0.6959006858710743
2025-03-03,2024-25,OKC,HOU,1,0.7736814289236108
2025-03-03,2024-25,DAL,SAC,0,0.48244828601556483
2025-03-03,2024-25,UTA,DET,0,0.18753954729789946
2025-03-03,2024-25,MEM,ATL,0,0.6891532630548152
2025-03-03,2024-25,CHA,GSW,0,0.15168970034012288
2025-03-03,2024-25,PHI,POR,0,0.4883410034439361
2025-03-03,2024-25,MIA,WAS,1,0.6582995451812867
2025-03-04,2024-25,ATL,MIL,0,0.3472538530398024
2025-03-04,2024-25,CHI,CLE,0,0.17690122621238802
2025-03-04,2024-25,PHX,LAC,1,0.4493839572758194
2025-03-04,2024-25,LAL,NOP,1,0.8481568279904826
2025-03-04,2024-25,ORL,TOR,0,0.6936578470900105
2025-03-04,2024-25,IND,HOU,1,0.7028940464983131
2025-03-04,2024-25,NYK,GSW,0,0.6236565818517682
2025-03-04,2024-25,MIN,PHI,1,0.7445606725132684
2025-03-04,2024-25,SAS,BKN,1,0.49553052971645195
2025-03-05,2024-25,DEN,SAC,1,0.702323438546544
2025-03-05,2024-25,BOS,POR,1,0.8151321296120274
2025-03-05,2024-25,WAS,UTA,1,0.48657789560158166
2025-03-05,2024-25,MEM,OKC,0,0.3459325240971299
2025-03-05,2024-25,LAC,DET,1,0.44515651529671046
2025-03-05,2024-25,CLE,MIA,1,0.8508449107207643
2025-03-05,2024-25,MIL,DAL,1,0.5648007834040687
2025-03-05,2024-25,CHA,MIN,0,0.2246883372688907
2025-03-06,2024-25,BOS,PHI,1,0.8436371255761833
2025-03-06,2024-25,ATL,IND,1,0.3665639682706776
2025-03-06,2024-25,LAL,NYK,1,0.659803187569546
2025-03-06,2024-25,ORL,CHI,0,0.5833512759479111
2025-03-06,2024-25,NOP,HOU,0,0.35721280688005613
2025-03-06,2024-25,BKN,GSW,0,0.2794112152940441
2025-03-07,2024-25,TOR,UTA,1,0.5889134446446473
2025-03-07,2024-25,CHA,CLE,0,0.06772355205832398
2025-03-07,2024-25,OKC,POR,1,0.8598641119589224
2025-03-07,2024-25,MIA,MIN,0,0.5226856029715095
2025-03-07,2024-25,DAL,MEM,0,0.3926258376165735
2025-03-07,2024-25,SAC,SAS,1,0.6955428851042885
2025-03-07,2024-25,DEN,PHX,1,0.782009587527381
2025-03-07,2024-25,LAC,NYK,1,0.6131914954764162
2025-03-08,2024-25,HOU,NOP,1,0.7177499487030743
2025-03-08,2024-25,GSW,DET,1,0.5764695365348951
2025-03-08,2024-25,BOS,LAL,1,0.7093101788215513
2025-03-08,2024-25,TOR,WAS,0,0.4813220611087961
2025-03-08,2024-25,ATL,IND,1,0.38906953134065325
2025-03-08,2024-25,CHA,BKN,1,0.21792405641512666
2025-03-08,2024-25,MIA,CHI,0,0.6166030056147948
2025-03-08,2024-25,MIL,ORL,0,0.6364147027037851
2025-03-09,2024-25,POR,DET,0,0.5007697445406958
2025-03-09,2024-25,NOP,MEM,0,0.1996823374738733
2025-03-09,2024-25,MIL,CLE,0,0.29375402734010303
2025-03-09,2024-25,MIN,SAS,1,0.6809581385077675
2025-03-09,2024-25,LAC,SAC,1,0.5377165492375676
2025-03-09,2024-25,OKC,DEN,1,0.7453036388752087
2025-03-09,2024-25,DAL,PHX,0,0.5048062234807106
2025-03-09,2024-25,PHI,UTA,1,0.6141671563297757
2025-03-10,2024-25,GSW,POR,1,0.8005804664714765
2025-03-10,2024-25,TOR,WAS,1,0.5417880148807254
2025-03-10,2024-25,MEM,PHX,1,0.6828573266170334
2025-03-10,2024-25,HOU,ORL,1,0.6325795154303299
2025-03-10,2024-25,ATL,PHI,1,0.7059506994688365
2025-03-10,2024-25,MIA,CHA,0,0.8206814932025198
2025-03-10,2024-25,OKC,DEN,0,0.7957651726427327
2025-03-10,2024-25,BKN,LAL,1,0.24984916483326053
2025-03-10,2024-25,CHI,IND,1,0.3338345517445562
2025-03-10,2024-25,SAS,DAL,0,0.5128388906194576
2025-03-10,2024-25,BOS,UTA,1,0.9451384514054532
2025-03-10,2024-25,SAC,NYK,0,0.5486849488919551
2025-03-11,2024-25,IND,MIL,1,0.483337914677443
2025-03-11,2024-25,CLE,BKN,1,0.9379739379884348
2025-03-11,2024-25,NOP,LAC,1,0.2805041685875702
2025-03-11,2024-25,DET,WAS,1,0.8460374447292579
2025-03-12,2024-25,SAS,DAL,1,0.463451932161996
2025-03-12,2024-25,MEM,UTA,1,0.8517570114094652
2025-03-12,2024-25,BOS,OKC,0,0.5712059742544868
2025-03-12,2024-25,MIA,LAC,0,0.5916944726198601
2025-03-12,2024-25,ATL,CHA,1,0.7680630568203108
2025-03-12,2024-25,POR,NYK,0,0.4234937944875987
2025-03-12,2024-25,DEN,MIN,0,0.5966592590306973
2025-03-12,2024-25,TOR,PHI,1,0.5248060939833432
2025-03-12,2024-25,HOU,PHX,1,0.6588396852788992
2025-03-13,2024-25,MIL,LAL,1,0.5097426540884252
2025-03-13,2024-25,CHI,BKN,1,0.5490389119937392
2025-03-13,2024-25,DET,WAS,0,0.8093564941475586
2025-03-13,2024-25,GSW,SAC,1,0.6291934598025255
2025-03-13,2024-25,NOP,ORL,0,0.30793578440467284
2025-03-14,2024-25,HOU,DAL,1,0.7192781071528037
2025-03-14,2024-25,SAS,CHA,0,0.7434862281548167
2025-03-14,2024-25,PHX,SAC,1,0.5872828744406
2025-03-14,2024-25,ATL,LAC,0,0.48121284701818295
2025-03-14,2024-25,MIA,BOS,0,0.3241565651171319
2025-03-14,2024-25,PHI,IND,0,0.2585573578493587
2025-03-14,2024-25,MEM,CLE,0,0.35852019096103316
2025-03-14,2024-25,MIN,ORL,1,0.7320706255468449
2025-03-14,2024-25,DEN,LAL,1,0.6699890563186619
2025-03-14,2024-25,UTA,TOR,0,0.3884444790343629
2025-03-15,2024-25,SAS,NOP,1,0.6175569878935798
2025-03-15,2024-25,MIL,IND,1,0.6897937898443777
2025-03-15,2024-25,MEM,MIA,1,0.7113829934824728
2025-03-15,2024-25,HOU,CHI,1,0.6868860614076548
2025-03-15,2024-25,DEN,WAS,0,0.7957342001280551
2025-03-15,2024-25,DET,OKC,0,0.385465849198854
2025-03-15,2024-25,BKN,BOS,0,0.2587236488937134
2025-03-15,2024-25,GSW,NYK,1,0.620169107667767
2025-03-16,2024-25,LAL,PHX,1,0.6728678874418041
2025-03-16,2024-25,DAL,PHI,0,0.5865500384645015
2025-03-16,2024-25,MIN,UTA,1,0.853634055274384
2025-03-16,2024-25,POR,TOR,1,0.6061250991097006
2025-03-16,2024-25,MIL,OKC,0,0.4349276833362931
2025-03-16,2024-25,BKN,ATL,1,0.2810666539753063
2025-03-16,2024-25,CLE,ORL,0,0.8794694277019363
2025-03-16,2024-25,LAC,CHA,1,0.8497172187361077
2025-03-17,2024-25,LAL,SAS,1,0.6953233926393514
2025-03-17,2024-25,PHX,TOR,1,0.7446530460013997
2025-03-17,2024-25,UTA,CHI,0,0.24243013323493048
2025-03-17,2024-25,NYK,MIA,1,0.70557846728851
2025-03-17,2024-25,GSW,DEN,0,0.6253416951912677
2025-03-17,2024-25,HOU,PHI,1,0.8552887494813031
2025-03-17,2024-25,MIN,IND,0,0.5464917851475902
2025-03-17,2024-25,SAC,MEM,1,0.5173296137840165
2025-03-17,2024-25,NOP,DET,0,0.2367676213655336
2025-03-17,2024-25,POR,WAS,1,0.5914252912679887
2025-03-18,2024-25,LAC,CLE,1,0.4173224277497841
2025-03-18,2024-25,CHA,ATL,0,0.28235505064741623
2025-03-18,2024-25,GSW,MIL,1,0.5183828983100983
2025-03-18,2024-25,BOS,BKN,1,0.8800768877595115
2025-03-19,2024-25,OKC,PHI,1,0.9060931059260257
2025-03-19,2024-25,MIN,NOP,0,0.8483416017002703
2025-03-19,2024-25,PHX,CHI,1,0.6971791665746754
2025-03-19,2024-25,SAS,NYK,1,0.3828604047726826
2025-03-19,2024-25,IND,DAL,1,0.7064504578816683
2025-03-19,2024-25,UTA,WAS,1,0.4076394839393613
2025-03-19,2024-25,SAC,CLE,1,0.41593046211151863
2025-03-19,2024-25,ORL,HOU,0,0.404046252569157
2025-03-19,2024-25,POR,MEM,1,0.36884304641459814
2025-03-19,2024-25,MIA,DET,0,0.3675189273313411
2025-03-19,2024-25,LAL,DEN,1,0.5801731004682313
2025-03-20,2024-25,IND,BKN,1,0.7158086459988193
2025-03-20,2024-25,LAL,MIL,0,0.5570232350955251
2025-03-20,2024-25,SAC,CHI,0,0.7018117507268175
2025-03-20,2024-25,GSW,TOR,1,0.7953460208580003
2025-03-20,2024-25,CHA,NYK,1,0.25527920762812245
2025-03-21,2024-25,OKC,CHA,1,0.9586538427174672
2025-03-21,2024-25,MIN,NOP,1,0.8658688750913549
2025-03-21,2024-25,LAC,MEM,1,0.5970899875393054
2025-03-21,2024-25,MIA,HOU,0,0.3324765543947087
2025-03-21,2024-25,PHX,CLE,1,0.3976106943234548
2025-03-21,2024-25,WAS,ORL,0,0.2314726509599655
2025-03-21,2024-25,DAL,DET,1,0.3434490258288194
2025-03-21,2024-25,SAS,PHI,1,0.6612923674088376
2025-03-21,2024-25,UTA,BOS,0,0.10385625194400185
2025-03-21,2024-25,POR,DEN,1,0.4083558535413832
2025-03-22,2024-25,NYK,WAS,1,0.8829262762562988
2025-03-22,2024-25,ATL,GSW,1,0.3588070736210123
2025-03-22,2024-25,SAC,MIL,0,0.46851820170815534
2025-03-22,2024-25,LAL,CHI,0,0.7469844154392442
2025-03-22,2024-25,IND,BKN,1,0.7911190176360987
2025-03-23,2024-25,HOU,DEN,0,0.6711870192965231
2025-03-23,2024-25,DET,NOP,1,0.8069805976564757
2025-03-23,2024-25,POR,BOS,0,0.28090877569609657
2025-03-23,2024-25,ATL,PHI,1,0.6249972508220845
2025-03-23,2024-25,MIA,CHA,1,0.6264541470693301
2025-03-23,2024-25,LAC,OKC,0,0.3945710620668411
2025-03-23,2024-25,TOR,SAS,0,0.361194455230587
2025-03-23,2024-25,UTA,CLE,0,0.0952997542817642
2025-03-24,2024-25,IND,MIN,1,0.4884001288275406
2025-03-24,2024-25,BKN,DAL,0,0.39881659485723087
2025-03-24,2024-25,DEN,CHI,0,0.6541942582126028
2025-03-24,2024-25,PHX,MIL,1,0.5159828929728084
2025-03-24,2024-25,ORL,LAL,1,0.4344904568803811
2025-03-24,2024-25,NOP,PHI,1,0.3834597788631589
2025-03-24,2024-25,SAC,BOS,0,0.4454896639756469
2025-03-24,2024-25,WAS,TOR,0,0.42059643988566875
2025-03-25,2024-25,SAC,OKC,0,0.18753774921268332
2025-03-25,2024-25,NYK,DAL,1,0.7755414142513555
2025-03-25,2024-25,MIA,GSW,1,0.27696215331230856
2025-03-25,2024-25,UTA,MEM,0,0.16031509029681643
2025-03-25,2024-25,CHA,ORL,0,0.3410620031992671
2025-03-25,2024-25,DET,SAS,1,0.606642662799222
2025-03-25,2024-25,HOU,ATL,1,0.7256767954856173
2025-03-25,2024-25,POR,CLE,0,0.2829538444366183
2025-03-26,2024-25,DEN,MIL,1,0.5713139577968628
2025-03-26,2024-25,PHI,WAS,0,0.5847902525391118
2025-03-26,2024-25,IND,LAL,0,0.5701425614192002
2025-03-26,2024-25,BKN,TOR,0,0.5227881577998077
2025-03-26,2024-25,PHX,BOS,0,0.4154798381126386
2025-03-26,2024-25,NYK,LAC,0,0.46042277169660933
2025-03-27,2024-25,WAS,IND,0,0.15405909761892025
2025-03-27,2024-25,UTA,HOU,0,0.1165881920956328
2025-03-27,2024-25,ORL,DAL,0,0.549858602001897
2025-03-27,2024-25,CHI,LAL,1,0.5524753129046145
2025-03-27,2024-25,OKC,MEM,1,0.8312062381529445
2025-03-27,2024-25,CLE,SAS,1,0.8345416828773198
2025-03-27,2024-25,MIA,ATL,1,0.4085057841245612
2025-03-27,2024-25,SAC,POR,1,0.546758629890051
2025-03-28,2024-25,MIL,NYK,0,0.5343107407816585
2025-03-28,2024-25,DEN,UTA,1,0.9161731180554347
2025-03-28,2024-25,NOP,GSW,0,0.17636218434626752
2025-03-28,2024-25,MIN,PHX,1,0.629531628325409
2025-03-28,2024-25,BKN,LAC,0,0.21068246047235414
2025-03-28,2024-25,DET,CLE,1,0.5289084580588288
2025-03-28,2024-25,TOR,CHA,1,0.5494089689468448
2025-03-29,2024-25,ORL,SAC,1,0.5288586868455757
2025-03-29,2024-25,SAS,BOS,0,0.2951409003886774
2025-03-29,2024-25,PHI,MIA,0,0.3282761415673655
2025-03-29,2024-25,MEM,LAL,0,0.5983489417547642
2025-03-29,2024-25,CHI,DAL,0,0.5291595324128444
2025-03-29,2024-25,WAS,BKN,0,0.4548759250126741
2025-03-29,2024-25,OKC,IND,1,0.8307318856311798
2025-03-30,2024-25,SAS,GSW,0,0.3352701165739329
2025-03-30,2024-25,PHX,HOU,0,0.4372735850376268
2025-03-30,2024-25,MIN,DET,1,0.5958667446955891
2025-03-30,2024-25,NYK,POR,1,0.7352869643195885
2025-03-30,2024-25,PHI,TOR,0,0.39153128049510927
2025-03-30,2024-25,CLE,LAC,1,0.7421870662347738
2025-03-30,2024-25,MIL,ATL,0,0.58109116710746
2025-03-30,2024-25,NOP,CHA,1,0.537867575010379
2025-03-31,2024-25,MEM,BOS,0,0.40089182860602557
2025-03-31,2024-25,IND,SAC,1,0.6726276160660788
2025-03-31,2024-25,ORL,LAC,0,0.45746806949773355
2025-03-31,2024-25,OKC,CHI,1,0.8910342041922485
2025-03-31,2024-25,LAL,HOU,1,0.6279956452488688
2025-03-31,2024-25,WAS,MIA,0,0.2137275220461807
2025-03-31,2024-25,CHA,UTA,1,0.458541344796374
2025-03-31,2024-25,DAL,BKN,0,0.725865392511159
2025-04-01,2024-25,DEN,MIN,0,0.5786946122223173
2025-04-01,2024-25,NYK,PHI,1,0.8323064164722304
2025-04-01,2024-25,SAS,ORL,0,0.5118156638496453
2025-04-01,2024-25,MEM,GSW,0,0.42878424245385854
2025-04-01,2024-25,MIL,PHX,1,0.6129660585230099
2025-04-01,2024-25,ATL,POR,0,0.6353676725286947
2025-04-01,2024-25,CHI,TOR,1,0.5892981260290878
2025-04-02,2024-25,OKC,DET,1,0.8349053669911302
2025-04-02,2024-25,CLE,NYK,1,0.8043500987414781
2025-04-02,2024-25,HOU,UTA,1,0.9153078841382046
2025-04-02,2024-25,DEN,SAS,0,0.7739051451027008
2025-04-02,2024-25,LAC,NOP,1,0.8791428704803528
2025-04-02,2024-25,DAL,ATL,1,0.5279708422524264
2025-04-02,2024-25,WAS,SAC,1,0.19534079736709037
2025-04-02,2024-25,IND,CHA,1,0.8358594964391172
2025-04-02,2024-25,BOS,MIA,0,0.8561805785548801
2025-04-03,2024-25,TOR,POR,0,0.3492531332805944
2025-04-03,2024-25,MIA,MEM,0,0.4687522418437335
2025-04-03,2024-25,PHI,MIL,0,0.22829812436211372
2025-04-03,2024-25,WAS,ORL,0,0.12768861518814786
2025-04-03,2024-25,BKN,MIN,0,0.19786318436882724
2025-04-03,2024-25,LAL,GSW,0,0.5638691454990343
2025-04-04,2024-25,SAS,CLE,0,0.2182167975657423
2025-04-04,2024-25,TOR,DET,0,0.18568045511439124
2025-04-04,2024-25,BOS,PHX,1,0.8541690740151747
2025-04-04,2024-25,CHI,POR,1,0.6116367041817375
2025-04-04,2024-25,CHA,SAC,0,0.26209818025202175
2025-04-04,2024-25,LAL,NOP,1,0.7931229984982939
2025-04-04,2024-25,IND,UTA,1,0.889741141067804
2025-04-04,2024-25,GSW,DEN,1,0.5433366418559786
2025-04-04,2024-25,HOU,OKC,1,0.3841319155723695
2025-04-04,2024-25,LAC,DAL,1,0.7554027025153467
2025-04-05,2024-25,MIA,MIL,0,0.4995606795770434
2025-04-05,2024-25,DET,MEM,0,0.4605409940529496
2025-04-05,2024-25,ATL,NYK,0,0.40491386490630893
2025-04-05,2024-25,PHI,MIN,0,0.18228409092352876
2025-04-05,2024-25,LAC,DAL,1,0.7504511244644892
2025-04-06,2024-25,CHA,CHI,0,0.2750771822351561
2025-04-06,2024-25,POR,SAS,1,0.5479969461633339
2025-04-06,2024-25,NYK,PHX,1,0.6882188452508134
2025-04-06,2024-25,CLE,SAC,0,0.8590974550054059
2025-04-06,2024-25,NOP,MIL,0,0.2552746540906554
2025-04-06,2024-25,GSW,HOU,0,0.5253281803274722
2025-04-06,2024-25,BKN,TOR,0,0.450032883195245
2025-04-06,2024-25,BOS,WAS,1,0.9542511382812947
2025-04-06,2024-25,DEN,IND,0,0.5471437065914787
2025-04-06,2024-25,OKC,LAL,0,0.8224321605137408
2025-04-06,2024-25,ATL,UTA,1,0.7820829555105197
2025-04-07,2024-25,DET,SAC,0,0.716846767679792
2025-04-07,2024-25,MIA,PHI,1,0.7622361530857804
2025-04-08,2024-25,ORL,ATL,1,0.5717312718837242
2025-04-08,2024-25,NYK,BOS,0,0.5108745772569807
2025-04-08,2024-25,PHX,GSW,0,0.3858822748146052
2025-04-08,2024-25,IND,WAS,1,0.8868401612347759
2025-04-08,2024-25,CHA,MEM,0,0.2091585830943555
2025-04-08,2024-25,BKN,NOP,1,0.4857194601254404
2025-04-08,2024-25,MIL,MIN,1,0.5231756110751788
2025-04-08,2024-25,LAC,SAS,1,0.8005910368834738
2025-04-08,2024-25,OKC,LAL,1,0.7922497164090876
2025-04-08,2024-25,CLE,CHI,1,0.8664005882184824
2025-04-09,2024-25,LAC,HOU,1,0.5188314005115214
2025-04-09,2024-25,WAS,PHI,0,0.2666496693772444
2025-04-09,2024-25,UTA,POR,1,0.19838844245914014
2025-04-09,2024-25,SAC,DEN,0,0.48331471596706255
2025-04-09,2024-25,CHI,MIA,1,0.4327293884766655
2025-04-09,2024-25,DAL,LAL,0,0.4681434878859507
2025-04-09,2024-25,ORL,BOS,1,0.3401779791847804
2025-04-09,2024-25,PHX,OKC,0,0.19362270647990318
2025-04-09,2024-25,TOR,CHA,1,0.656106278057521
2025-04-09,2024-25,GSW,SAS,0,0.8102281347765671
2025-04-10,2024-25,MEM,MIN,0,0.5277989762841728
2025-04-10,2024-25,MIL,NOP,1,0.839907052818082
2025-04-10,2024-25,BKN,ATL,0,0.2622673028996843
2025-04-10,2024-25,DET,NYK,1,0.4415045240490986
2025-04-10,2024-25,IND,CLE,1,0.43807805077778056
2025-04-11,2024-25,PHX,SAS,1,0.5630862549864383
2025-04-11,2024-25,POR,GSW,0,0.3205425079557525
2025-04-11,2024-25,DEN,MEM,1,0.7518799140700645
2025-04-11,2024-25,CHI,WAS,1,0.7902361261521927
2025-04-11,2024-25,IND,ORL,0,0.5664616143382962
2025-04-11,2024-25,NYK,CLE,0,0.516412063203446
2025-04-11,2024-25,LAL,HOU,1,0.6330095040225477
2025-04-11,2024-25,DAL,TOR,1,0.6260340640671737
2025-04-11,2024-25,NOP,MIA,0,0.19537150059987143
2025-04-11,2024-25,DET,MIL,0,0.49095828766745103
2025-04-11,2024-25,SAC,LAC,0,0.35763455003825817
2025-04-11,2024-25,PHI,ATL,0,0.38178429484547005
2025-04-11,2024-25,BOS,CHA,1,0.9514165215635234
2025-04-11,2024-25,UTA,OKC,0,0.051980649579397846
2025-04-11,2024-25,MIN,BKN,1,0.8578170886774924
2025-04-13,2024-25,MIN,UTA,1,0.9171215058475009
2025-04-13,2024-25,SAS,TOR,1,0.499530266518268
2025-04-13,2024-25,MIL,DET,1,0.6484848604288252
2025-04-13,2024-25,BKN,NYK,0,0.16198776135974283
2025-04-13,2024-25,HOU,DEN,0,0.627120664769902
2025-04-13,2024-25,CLE,IND,0,0.7791224303263216
2025-04-13,2024-25,ATL,ORL,1,0.48649234527177126
2025-04-13,2024-25,PHI,CHI,0,0.26114871003959605
2025-04-13,2024-25,GSW,LAC,0,0.5766085316260534
2025-04-13,2024-25,MIA,WAS,0,0.8550221711265629
2025-04-13,2024-25,MEM,DAL,1,0.6567290898303567
2025-04-13,2024-25,BOS,CHA,1,0.9568668622250791
2025-04-13,2024-25,SAC,PHX,1,0.643644478306051
2025-04-13,2024-25,POR,LAL,1,0.2615375344390018
2025-04-13,2024-25,NOP,OKC,0,0.07896790856655364
2025-10-24,2025-26,DAL,WAS,0,0.4952526763779188
2025-10-24,2025-26,TOR,MIL,0,0.685166053751262
2025-10-24,2025-26,NOP,SAS,0,0.15356861356736323
2025-10-24,2025-26,NYK,BOS,1,0.7595663987525914
2025-10-24,2025-26,HOU,DET,0,0.8163988980613367
2025-10-24,2025-26,SAC,UTA,1,0.42514457539544653
2025-10-24,2025-26,LAL,MIN,1,0.4424996753471789
2025-10-24,2025-26,POR,GSW,1,0.732084361852939
2025-10-24,2025-26,BKN,CLE,0,0.7295165959961939
2025-10-24,2025-26,LAC,PHX,1,0.544250122626184
2025-10-24,2025-26,MEM,MIA,0,0.8286564795937172
2025-10-24,2025-26,ORL,ATL,0,0.5873272257575244
2025-10-25,2025-26,PHI,CHA,1,0.5202180332177654
2025-10-25,2025-26,MEM,IND,1,0.5486138854289037
2025-10-25,2025-26,ATL,OKC,0,0.36560625115515216
2025-10-25,2025-26,ORL,CHI,0,0.40525150459230513
2025-10-25,2025-26,DEN,PHX,1,0.583159891347026
2025-10-26,2025-26,CLE,MIL,1,0.5136579128746822
2025-10-26,2025-26,WAS,CHA,0,0.703214661459929
2025-10-26,2025-26,MIN,IND,1,0.7643301179931518
2025-10-26,2025-26,MIA,NYK,1,0.43291809275731996
2025-10-26,2025-26,DAL,TOR,1,0.29013209382972716
2025-10-26,2025-26,LAC,POR,1,0.710457614083007
2025-10-26,2025-26,SAC,LAL,0,0.5440672832955099
2025-10-26,2025-26,SAS,BKN,1,0.7304212916345022
2025-10-26,2025-26,DET,BOS,1,0.5614536645417176
2025-10-27,2025-26,GSW,MEM,1,0.6732909972799125
2025-10-27,2025-26,DET,CLE,0,0.6634070972979621
2025-10-27,2025-26,DAL,OKC,0,0.24318378823315775
2025-10-27,2025-26,NOP,BOS,0,0.5092296007484808
2025-10-27,2025-26,LAL,POR,0,0.7463970026575348
2025-10-27,2025-26,UTA,PHX,1,0.8146889197068369
2025-10-27,2025-26,SAS,TOR,1,0.7507047621236652
2025-10-27,2025-26,MIN,DEN,0,0.4385529469996147
2025-10-27,2025-26,PHI,ORL,1,0.5763538158800328
2025-10-27,2025-26,HOU,BKN,1,0.7837772249999065
2025-10-27,2025-26,CHI,ATL,1,0.6049542752012391
2025-10-28,2025-26,GSW,LAC,1,0.4416688573475996
2025-10-28,2025-26,WAS,PHI,0,0.5329284464306799
2025-10-28,2025-26,MIA,CHA,1,0.6559328441873138
2025-10-28,2025-26,OKC,SAC,1,0.5628413606891777
2025-10-28,2025-26,MIL,NYK,1,0.6083959175833374
2025-10-29,2025-26,PHX,MEM,0,0.5428700308281161
2025-10-29,2025-26,BKN,ATL,0,0.523184602230059
2025-10-29,2025-26,BOS,CLE,1,0.5010097318250403
2025-10-29,2025-26,DEN,NOP,1,0.7640408697952698
2025-10-29,2025-26,CHI,SAC,1,0.6654421375023737
2025-10-29,2025-26,MIN,LAL,0,0.544107487549681
2025-10-29,2025-26,DAL,IND,1,0.5888593633555408
2025-10-29,2025-26,TOR,HOU,0,0.47378884107217833
2025-10-29,2025-26,DET,ORL,1,0.6291239135966268
2025-10-29,2025-26,UTA,POR,0,0.758828235401757
2025-10-30,2025-26,MIL,GSW,1,0.5585007468308911
2025-10-30,2025-26,OKC,WAS,1,0.6871464530332478
2025-10-30,2025-26,SAS,MIA,1,0.6883340588057695
2025-10-30,2025-26,CHA,ORL,0,0.7421851842723397
2025-10-31,2025-26,IND,ATL,0,0.4026172745649181
2025-10-31,2025-26,CHI,NYK,1,0.623756220245786
2025-10-31,2025-26,MEM,LAL,0,0.5086241110615737
2025-10-31,2025-26,POR,DEN,1,0.4840937018890704
2025-10-31,2025-26,PHI,BOS,0,0.6451317524904133
2025-10-31,2025-26,LAC,NOP,1,0.8487166228358759
2025-10-31,2025-26,CLE,TOR,0,0.665571848939502
2025-10-31,2025-26,PHX,UTA,1,0.4446021925469323
2025-11-01,2025-26,MIL,SAC,0,0.681190577738235
2025-11-01,2025-26,BOS,HOU,0,0.46340071344020317
2025-11-01,2025-26,DAL,DET,0,0.4580973119646712
2025-11-01,2025-26,WAS,ORL,0,0.545620159633241
2025-11-01,2025-26,CHA,MIN,0,0.5885524751186412
2025-11-01,2025-26,IND,GSW,1,0.23645681849078085
2025-11-02,2025-26,CLE,ATL,1,0.5623813678841436
2025-11-02,2025-26,PHX,SAS,1,0.39602964310905303
2025-11-02,2025-26,TOR,MEM,1,0.5506377430429935
2025-11-02,2025-26,OKC,NOP,1,0.7709603575622582
2025-11-02,2025-26,BKN,PHI,0,0.44222372372465285
2025-11-02,2025-26,LAL,MIA,1,0.6680729090835187
2025-11-02,2025-26,CHA,UTA,1,0.4877931629737443
2025-11-02,2025-26,NYK,CHI,1,0.4669219600304899
2025-11-03,2025-26,POR,LAL,0,0.6415808137736482
2025-11-03,2025-26,BOS,UTA,0,0.6851149395466857
2025-11-03,2025-26,HOU,DAL,1,0.7583298506435346
2025-11-03,2025-26,IND,MIL,0,0.3799965326449991
2025-11-03,2025-26,MEM,DET,0,0.4205176441452124
2025-11-03,2025-26,BKN,MIN,0,0.4449065987033781
2025-11-03,2025-26,DEN,SAC,1,0.7112883833526239
2025-11-03,2025-26,NYK,WAS,1,0.6356936777948679
2025-11-03,2025-26,LAC,MIA,0,0.7754086843624145
2025-11-04,2025-26,CHI,PHI,1,0.5509596992347934
2025-11-04,2025-26,LAC,OKC,0,0.5043759604956115
2025-11-04,2025-26,NOP,CHA,1,0.3669921516858668
2025-11-04,2025-26,TOR,MIL,1,0.6107698492955879
2025-11-04,2025-26,ATL,ORL,1,0.5839888933920125
2025-11-04,2025-26,GSW,PHX,1,0.6445153517327827
2025-11-05,2025-26,MEM,HOU,0,0.40526017690863586
2025-11-05,2025-26,BOS,WAS,1,0.7109507758044199
2025-11-05,2025-26,IND,BKN,0,0.5477682872476167
2025-11-05,2025-26,DEN,MIA,1,0.6546937020874103
2025-11-05,2025-26,DAL,NOP,0,0.649736175309081
2025-11-05,2025-26,DET,UTA,1,0.6280640514706458
2025-11-05,2025-26,CLE,PHI,1,0.5821690178143626
2025-11-05,2025-26,POR,OKC,1,0.5354881817356246
2025-11-05,2025-26,LAL,SAS,1,0.5813608648964184
2025-11-05,2025-26,SAC,GSW,1,0.5622221064719667
2025-11-05,2025-26,NYK,MIN,1,0.5901895506480562
2025-11-06,2025-26,PHX,LAC,1,0.5058802464270846
2025-11-07,2025-26,DEN,GSW,1,0.6463993134557163
2025-11-07,2025-26,MIA,CHA,1,0.6314120383957698
2025-11-07,2025-26,WAS,CLE,0,0.39924408881642753
2025-11-07,2025-26,SAC,OKC,0,0.41513449855821627
2025-11-07,2025-26,MEM,DAL,1,0.5951508172138275
2025-11-07,2025-26,BKN,DET,0,0.4540253273261713
2025-11-07,2025-26,SAS,HOU,1,0.5753888286256748
2025-11-07,2025-26,MIN,UTA,1,0.6243618762210303
2025-11-07,2025-26,ATL,TOR,0,0.5628016209184322
2025-11-07,2025-26,MIL,CHI,1,0.569209889552174
2025-11-07,2025-26,ORL,BOS,1,0.6149894065262167
2025-11-08,2025-26,WAS,DAL,0,0.5203132788043862
2025-11-08,2025-26,CLE,CHI,1,0.6040306039687809
2025-11-08,2025-26,PHI,TOR,1,0.6077890716701855
2025-11-08,2025-26,DEN,IND,1,0.759621184253374
2025-11-08,2025-26,MIA,POR,1,0.4615898310970424
2025-11-08,2025-26,SAS,NOP,1,0.7250443811211025
2025-11-08,2025-26,LAC,PHX,0,0.6458697849884665
2025-11-08,2025-26,ATL,LAL,1,0.44710722295988786
2025-11-09,2025-26,NYK,BKN,1,0.7001422692279564
2025-11-09,2025-26,PHI,DET,0,0.47302848256588886
2025-11-09,2025-26,GSW,IND,1,0.7869147180426802
2025-11-09,2025-26,SAC,MIN,0,0.47201650382063837
2025-11-09,2025-26,MIL,HOU,0,0.5351918995029504
2025-11-09,2025-26,MEM,OKC,0,0.3779723325593122
2025-11-09,2025-26,ORL,BOS,0,0.6128310719309461
2025-11-10,2025-26,CHA,LAL,0,0.5028811130518105
2025-11-10,2025-26,UTA,MIN,0,0.575430813669543
2025-11-10,2025-26,ORL,POR,1,0.5043265782248026
2025-11-10,2025-26,PHX,NOP,1,0.7208178286320294
2025-11-10,2025-26,CHI,SAS,0,0.5463168783671484
2025-11-10,2025-26,DET,WAS,1,0.7338801548253536
2025-11-10,2025-26,LAC,ATL,0,0.5753292254863251
2025-11-10,2025-26,MIA,CLE,1,0.5558244885359878
2025-11-10,2025-26,DAL,MIL,0,0.5199490541588986
2025-11-11,2025-26,SAC,DEN,0,0.3903752020305229
2025-11-11,2025-26,PHI,BOS,1,0.6298339575588976
2025-11-11,2025-26,NYK,MEM,1,0.7014008071153522
2025-11-11,2025-26,UTA,IND,1,0.6291599545154972
2025-11-11,2025-26,OKC,GSW,1,0.705705492493953
2025-11-11,2025-26,BKN,TOR,0,0.41863898243778774
2025-11-12,2025-26,MIA,CLE,0,0.5848218708575643
2025-11-12,2025-26,DET,CHI,1,0.6749342711818034
2025-11-12,2025-26,NOP,POR,0,0.40586317347340084
2025-11-12,2025-26,SAC,ATL,0,0.36892055349172026
2025-11-12,2025-26,LAC,DEN,0,0.5990080979424666
2025-11-12,2025-26,CHA,MIL,1,0.5092030192192658
2025-11-12,2025-26,HOU,WAS,1,0.8014306211684425
2025-11-12,2025-26,SAS,GSW,0,0.752876774919016
2025-11-12,2025-26,NYK,ORL,0,0.5744134052159127
2025-11-12,2025-26,BOS,MEM,1,0.6790358381972453
2025-11-12,2025-26,OKC,LAL,1,0.578205747157808
2025-11-12,2025-26,DAL,PHX,0,0.43513143740961213
2025-11-13,2025-26,CLE,TOR,0,0.5339135510783474
2025-11-13,2025-26,UTA,ATL,0,0.5675737303924555
2025-11-13,2025-26,PHX,IND,1,0.7294060962738116
2025-11-14,2025-26,NYK,MIA,1,0.6068915444849691
2025-11-14,2025-26,SAS,GSW,0,0.649996611831679
2025-11-14,2025-26,DET,PHI,1,0.6277958954584629
2025-11-14,2025-26,HOU,POR,1,0.694993933062429
2025-11-14,2025-26,MIL,CHA,1,0.5993565587721994
2025-11-14,2025-26,ORL,BKN,1,0.7116982649353698
2025-11-14,2025-26,NOP,LAL,0,0.37863927771072053
2025-11-14,2025-26,MIN,SAC,1,0.757122525881924
2025-11-14,2025-26,DAL,LAC,0,0.4526314888995878
2025-11-15,2025-26,MIL,LAL,0,0.5673902862209889
2025-11-15,2025-26,MIN,DEN,0,0.4920413981489052
2025-11-15,2025-26,CLE,MEM,1,0.6622992059610721
2025-11-15,2025-26,IND,TOR,0,0.33548998078367726
2025-11-15,2025-26,CHA,OKC,0,0.31770455699556777
2025-11-16,2025-26,SAS,SAC,1,0.7667012003647827
2025-11-16,2025-26,HOU,ORL,1,0.6681133960123466
2025-11-16,2025-26,DAL,POR,1,0.4735770554172641
2025-11-16,2025-26,BOS,LAC,1,0.5966726969343735
2025-11-16,2025-26,PHX,ATL,0,0.5775556373027098
2025-11-16,2025-26,NOP,GSW,0,0.37357261238194145
2025-11-16,2025-26,UTA,CHI,1,0.4827868577827282
2025-11-16,2025-26,WAS,BKN,0,0.46483587918589453
2025-11-17,2025-26,CLE,MIL,1,0.5627161794217674
2025-11-17,2025-26,PHI,LAC,1,0.6686209932761764
2025-11-17,2025-26,DET,IND,1,0.8127043538099619
2025-11-17,2025-26,DEN,CHI,0,0.7874824607282228
2025-11-17,2025-26,TOR,CHA,1,0.6798814293637894
2025-11-17,2025-26,MIN,DAL,1,0.7925176586856058
2025-11-17,2025-26,NOP,OKC,0,0.19392829371200607
2025-11-17,2025-26,MIA,NYK,1,0.5054949846865885
2025-11-18,2025-26,BKN,BOS,0,0.4449928575199565
2025-11-18,2025-26,POR,PHX,0,0.4702034006243097
2025-11-18,2025-26,LAL,UTA,1,0.7394632320522344
2025-11-18,2025-26,SAS,MEM,1,0.7282080810704465
2025-11-18,2025-26,ATL,DET,0,0.6510955141092851
2025-11-18,2025-26,ORL,GSW,1,0.5975100674411606
2025-11-19,2025-26,MIA,GSW,1,0.6124729830428688
2025-11-19,2025-26,POR,CHI,0,0.4750521830659204
2025-11-19,2025-26,MIN,WAS,1,0.7941054314178269
2025-11-19,2025-26,DAL,NYK,0,0.3591641588186986
2025-11-19,2025-26,NOP,DEN,0,0.32827634750697443
2025-11-19,2025-26,PHI,TOR,0,0.5299510532185634
2025-11-19,2025-26,OKC,SAC,1,0.8559134140751575
2025-11-19,2025-26,CLE,HOU,0,0.46809454538087464
2025-11-19,2025-26,IND,CHA,1,0.3898328411831587
2025-11-20,2025-26,MEM,SAC,1,0.6421120071590959
2025-11-20,2025-26,ORL,LAC,1,0.6556065633728911
2025-11-20,2025-26,SAS,ATL,1,0.5729981930189338
2025-11-20,2025-26,MIL,PHI,0,0.6122049619861304
2025-11-21,2025-26,TOR,WAS,1,0.8210175068628244
2025-11-21,2025-26,PHX,MIN,1,0.6086503914591077
2025-11-21,2025-26,UTA,OKC,0,0.26785503232251867
2025-11-21,2025-26,HOU,DEN,0,0.6493579571840691
2025-11-21,2025-26,BOS,BKN,0,0.6878601450957775
2025-11-21,2025-26,CHI,MIA,0,0.5399823217265117
2025-11-21,2025-26,CLE,IND,1,0.7596645685374551
2025-11-21,2025-26,GSW,POR,0,0.6170162567398243
2025-11-21,2025-26,DAL,NOP,1,0.5641004532658237
2025-11-22,2025-26,MIL,DET,0,0.39232247450948726
2025-11-22,2025-26,CHI,WAS,1,0.7165426478087675
2025-11-22,2025-26,DEN,SAC,0,0.7968719938541571
2025-11-22,2025-26,NOP,ATL,0,0.3096313979920059
2025-11-22,2025-26,CHA,LAC,0,0.5290879512896696
2025-11-22,2025-26,DAL,MEM,0,0.49037472107199137
2025-11-22,2025-26,ORL,NYK,1,0.6107764857194028
2025-11-23,2025-26,PHI,MIA,0,0.5485864744044611
2025-11-23,2025-26,TOR,BKN,1,0.7565428489720158
2025-11-23,2025-26,UTA,LAL,0,0.3776779988731577
2025-11-23,2025-26,CLE,LAC,1,0.7052279913842328
2025-11-23,2025-26,PHX,SAS,1,0.6407727372955241
2025-11-23,2025-26,BOS,ORL,1,0.6075736177107373
2025-11-23,2025-26,ATL,CHA,1,0.7217177201963517
2025-11-23,2025-26,OKC,POR,1,0.7992862468349695
2025-11-24,2025-26,TOR,CLE,1,0.6849699132332024
2025-11-24,2025-26,MIA,DAL,1,0.6052286129750788
2025-11-24,2025-26,BKN,NYK,0,0.34232854726621664
2025-11-24,2025-26,SAC,MIN,1,0.2804837424273951
2025-11-24,2025-26,MEM,DEN,0,0.38669142617311136
2025-11-24,2025-26,IND,DET,0,0.23705547423453097
2025-11-24,2025-26,PHX,HOU,0,0.566888184952692
2025-11-24,2025-26,NOP,CHI,1,0.43536127386506274
2025-11-24,2025-26,MIL,POR,0,0.6623464105040535
2025-11-24,2025-26,GSW,UTA,1,0.7226229597346263
2025-11-25,2025-26,LAL,LAC,1,0.7167625754323931
2025-11-25,2025-26,WAS,ATL,1,0.2966809154697213
2025-11-25,2025-26,PHI,ORL,0,0.4980293221870222
2025-11-26,2025-26,TOR,IND,1,0.8200796150713966
2025-11-26,2025-26,NOP,MEM,0,0.5198428351867941
2025-11-26,2025-26,CHA,NYK,0,0.44447338898782796
2025-11-26,2025-26,MIA,MIL,1,0.611721735109895
2025-11-26,2025-26,BOS,DET,1,0.47357700385356283
2025-11-26,2025-26,POR,SAS,0,0.46080800036454417
2025-11-26,2025-26,GSW,HOU,0,0.4680938844383716
2025-11-26,2025-26,SAC,PHX,0,0.30870524052752835
2025-11-26,2025-26,OKC,MIN,1,0.7028352517920711
2025-11-28,2025-26,ATL,CLE,1,0.5722244242101973
2025-11-28,2025-26,DET,ORL,0,0.7033055017069233
2025-11-28,2025-26,DEN,SAS,0,0.6321071289986822
2025-11-28,2025-26,CHA,CHI,1,0.5225240890136464
2025-11-28,2025-26,BKN,PHI,0,0.4920651812999979
2025-11-28,2025-26,OKC,PHX,1,0.7095517589934006
2025-11-28,2025-26,LAC,MEM,0,0.6022702600700742
2025-11-28,2025-26,LAL,DAL,1,0.760834743164081
2025-11-28,2025-26,IND,WAS,1,0.45938113241490897
2025-11-28,2025-26,NYK,MIL,1,0.7112731993144914
2025-11-28,2025-26,UTA,SAC,1,0.5761620718478956
2025-11-29,2025-26,MIN,BOS,1,0.5602954650877219
2025-11-29,2025-26,MIA,DET,0,0.5742098171849409
2025-11-29,2025-26,GSW,NOP,1,0.6911579453722586
2025-11-29,2025-26,PHX,DEN,0,0.5950448992053408
2025-11-29,2025-26,MIL,BKN,1,0.5988961444242409
2025-11-29,2025-26,CHA,TOR,1,0.29544189313723157
2025-11-29,2025-26,IND,CHI,1,0.3957220645619635
2025-11-29,2025-26,LAC,DAL,0,0.6470764521577927
2025-11-30,2025-26,UTA,HOU,0,0.3862688842456133
2025-11-30,2025-26,MIN,SAS,1,0.4776022079774037
2025-11-30,2025-26,PHI,ATL,0,0.5177186841108554
2025-11-30,2025-26,SAC,MEM,0,0.46867680873567275
2025-11-30,2025-26,NYK,TOR,1,0.7160120954474861
2025-11-30,2025-26,POR,OKC,0,0.3029987056166492
2025-11-30,2025-26,CLE,BOS,0,0.634075383625847
2025-11-30,2025-26,LAL,NOP,1,0.8519246142743988
2025-12-01,2025-26,LAL,PHX,0,0.6385382790502057
2025-12-01,2025-26,IND,CLE,0,0.475064036887098
2025-12-01,2025-26,WAS,MIL,1,0.3812581158124783
2025-12-01,2025-26,ORL,CHI,1,0.7212199908587066
2025-12-01,2025-26,UTA,HOU,1,0.40252370826419615
2025-12-01,2025-26,MIA,LAC,1,0.6085220712892987
2025-12-01,2025-26,DET,ATL,1,0.7274930792835022
2025-12-01,2025-26,BKN,CHA,1,0.4910127449341685
2025-12-01,2025-26,DEN,DAL,0,0.7831179437448222
2025-12-02,2025-26,TOR,POR,1,0.7378308627777715
2025-12-02,2025-26,SAS,MEM,1,0.7363074158069133
2025-12-02,2025-26,BOS,NYK,1,0.6067330521821216
2025-12-02,2025-26,NOP,MIN,0,0.34427412222857756
2025-12-02,2025-26,PHI,WAS,1,0.7468719356671727
2025-12-02,2025-26,GSW,OKC,0,0.34898167006074815
2025-12-03,2025-26,HOU,SAC,1,0.8151549057113235
2025-12-03,2025-26,ORL,SAS,0,0.6603873586277703
2025-12-03,2025-26,MIL,DET,1,0.37880999722769415
2025-12-03,2025-26,ATL,LAC,0,0.6280407321744985
2025-12-03,2025-26,NYK,CHA,1,0.7187976080982837
2025-12-03,2025-26,IND,DEN,0,0.2932835699804811
2025-12-03,2025-26,DAL,MIA,1,0.40199371430779707
2025-12-03,2025-26,CHI,BKN,0,0.5501938144719036
2025-12-03,2025-26,CLE,POR,0,0.752354415512039
2025-12-04,2025-26,WAS,BOS,0,0.3346931379790543
2025-12-04,2025-26,TOR,LAL,0,0.5472873669878134
2025-12-04,2025-26,PHI,GSW,1,0.5274342403293465
2025-12-04,2025-26,NOP,MIN,0,0.3520687192063775
2025-12-04,2025-26,BKN,UTA,0,0.45563763039799576
2025-12-05,2025-26,ORL,MIA,1,0.5753975672565377
2025-12-05,2025-26,ATL,DEN,0,0.4939471810775164
2025-12-05,2025-26,HOU,PHX,1,0.7000826922217662
2025-12-05,2025-26,NYK,UTA,1,0.8167194366164567
2025-12-05,2025-26,MIL,PHI,0,0.6322300800761556
2025-12-05,2025-26,MEM,LAC,1,0.5861116484065194
2025-12-05,2025-26,TOR,CHA,0,0.7042172846174066
2025-12-05,2025-26,BOS,LAL,1,0.6120804150773828
2025-12-05,2025-26,OKC,DAL,1,0.8019649264919351
2025-12-05,2025-26,DET,POR,1,0.7823817158544694
2025-12-05,2025-26,CHI,IND,0,0.6016651582645481
2025-12-05,2025-26,CLE,SAS,1,0.49463335900094413
2025-12-06,2025-26,BKN,NOP,1,0.6402783314900471
2025-12-06,2025-26,CLE,GSW,0,0.5652784063879641
2025-12-06,2025-26,WAS,ATL,0,0.4621853203311729
2025-12-06,2025-26,MIA,SAC,0,0.6314352459172806
2025-12-06,2025-26,DAL,HOU,1,0.32781837276985365
2025-12-06,2025-26,DET,MIL,1,0.7686856217695877
2025-12-06,2025-26,MIN,LAC,1,0.7603395281192454
2025-12-07,2025-26,MEM,POR,1,0.6094837763763377
2025-12-07,2025-26,TOR,BOS,0,0.5258580523227646
2025-12-07,2025-26,CHA,DEN,0,0.37604978308900894
2025-12-07,2025-26,CHI,GSW,0,0.5553685243340064
2025-12-07,2025-26,PHI,LAL,0,0.44303672526872306
2025-12-07,2025-26,UTA,OKC,0,0.28359828814076704
2025-12-07,2025-26,NYK,ORL,1,0.6663685632304658
2025-12-08,2025-26,IND,SAC,1,0.5249471041108162
2025-12-08,2025-26,NOP,SAS,0,0.3148078563742861
2025-12-08,2025-26,MIN,PHX,0,0.606330204735275
2025-12-09,2025-26,TOR,NYK,0,0.49673358973964615
2025-12-09,2025-26,ORL,MIA,1,0.5820009272105812
2025-12-10,2025-26,LAL,SAS,0,0.6584365688819387
2025-12-10,2025-26,OKC,PHX,1,0.7602068709054777
2025-12-11,2025-26,SAC,DEN,0,0.28671796362579977
2025-12-11,2025-26,NOP,POR,1,0.44619827854145844
2025-12-11,2025-26,HOU,LAC,1,0.7695507825584099
2025-12-11,2025-26,MIL,BOS,1,0.4056408838345365
2025-12-12,2025-26,WAS,CLE,0,0.343739914121477
2025-12-12,2025-26,DET,ATL,1,0.7156054173907117
2025-12-12,2025-26,CHA,CHI,0,0.5628340090526237
2025-12-12,2025-26,DAL,BKN,1,0.5614686752589035
2025-12-12,2025-26,MEM,UTA,0,0.6996576892466276
2025-12-12,2025-26,PHI,IND,1,0.6033351258956118
2025-12-12,2025-26,GSW,MIN,0,0.505958280760485
2025-12-13,2025-26,ORL,NYK,0,0.46932223669289164
2025-12-13,2025-26,OKC,SAS,0,0.7394238685806701
2025-12-14,2025-26,MIN,SAC,1,0.7411184082174349
2025-12-14,2025-26,POR,GSW,1,0.46437747510539135
2025-12-14,2025-26,ATL,PHI,1,0.5558537078042317
2025-12-14,2025-26,BKN,MIL,1,0.4910193360742724
2025-12-14,2025-26,CHI,NOP,0,0.5870769715482804
2025-12-14,2025-26,IND,WAS,0,0.6126386383169733
2025-12-14,2025-26,CLE,CHA,0,0.7305747775945465
2025-12-14,2025-26,PHX,LAL,0,0.47805381396737073
2025-12-15,2025-26,DEN,HOU,1,0.6580878917309145
2025-12-15,2025-26,LAC,MEM,0,0.5290658017649932
2025-12-15,2025-26,BOS,DET,0,0.607785632032329
2025-12-15,2025-26,UTA,DAL,1,0.49239261348486574
2025-12-15,2025-26,MIA,TOR,0,0.5577207935345273
2025-12-17,2025-26,MIN,MEM,0,0.6531858004525637
2025-12-17,2025-26,CHI,CLE,1,0.461675391300022
2025-12-18,2025-26,POR,SAC,1,0.5669981858429785
2025-12-18,2025-26,BKN,MIA,0,0.513741513920411
2025-12-18,2025-26,MIL,TOR,0,0.5749153017008656
2025-12-18,2025-26,PHX,GSW,1,0.5780393393282842
2025-12-18,2025-26,DAL,DET,1,0.3525322365698511
2025-12-18,2025-26,SAS,WAS,1,0.7782725057583777
2025-12-18,2025-26,CHA,ATL,1,0.457169346462666
2025-12-18,2025-26,NOP,HOU,1,0.3235928279861105
2025-12-18,2025-26,OKC,LAC,1,0.842259467765754
2025-12-18,2025-26,IND,NYK,0,0.263448475585914
2025-12-18,2025-26,DEN,ORL,1,0.7404257120091445
2025-12-18,2025-26,UTA,LAL,0,0.3620613012168927
2025-12-19,2025-26,BOS,MIA,1,0.7778641745112295
2025-12-19,2025-26,ATL,SAS,0,0.4917613627378937
2025-12-19,2025-26,CLE,CHI,0,0.6677149539406675
2025-12-19,2025-26,NYK,PHI,0,0.7011567118409444
2025-12-19,2025-26,MIN,OKC,1,0.47783799626184514
2025-12-20,2025-26,LAC,LAL,1,0.34793418315867636
2025-12-20,2025-26,NOP,IND,1,0.5229476154064173
2025-12-20,2025-26,UTA,ORL,0,0.4647955325020099
2025-12-20,2025-26,SAC,POR,0,0.408396601586603
2025-12-20,2025-26,DEN,HOU,0,0.6647328651238363
2025-12-20,2025-26,DET,CHA,1,0.7693389583733153
2025-12-20,2025-26,GSW,PHX,1,0.5797624691693557
2025-12-20,2025-26,MEM,WAS,0,0.7363122743086231
2025-12-20,2025-26,TOR,BOS,0,0.5568638824185157
2025-12-20,2025-26,PHI,DAL,1,0.5162421620254227
2025-12-21,2025-26,NYK,MIA,1,0.7777626997589091
2025-12-21,2025-26,ATL,CHI,0,0.5994297506530296
2025-12-21,2025-26,SAC,HOU,1,0.26997067594893875
2025-12-21,2025-26,WAS,SAS,0,0.25617360168903663
2025-12-21,2025-26,MIN,MIL,1,0.7339192833022635
2025-12-21,2025-26,BKN,TOR,1,0.5899425965512394
2025-12-22,2025-26,POR,DET,0,0.3490393848219673
2025-12-22,2025-26,GSW,ORL,1,0.5804321832036202
2025-12-22,2025-26,CLE,CHA,1,0.600216956269455
2025-12-22,2025-26,BOS,IND,1,0.7932953668960508
2025-12-22,2025-26,DEN,UTA,1,0.805767682625574
2025-12-22,2025-26,NOP,DAL,1,0.4791502482217269
2025-12-22,2025-26,OKC,MEM,1,0.7791674470354106
2025-12-23,2025-26,PHI,BKN,0,0.6574778362472733
2025-12-23,2025-26,IND,MIL,0,0.3627952621009723
2025-12-23,2025-26,CHA,WAS,1,0.5488771248184007
2025-12-23,2025-26,PHX,LAL,1,0.4770850352723376
2025-12-23,2025-26,SAS,OKC,1,0.5581642578101711
2025-12-23,2025-26,CLE,NOP,1,0.6625941977478957
2025-12-23,2025-26,UTA,MEM,0,0.46784362452087336
2025-12-23,2025-26,MIA,TOR,0,0.5398455449934279
2025-12-23,2025-26,MIN,NYK,1,0.550585876611691
2025-12-23,2025-26,SAC,DET,0,0.321133809555355
2025-12-23,2025-26,ATL,CHI,0,0.5870302465933709
2025-12-23,2025-26,DAL,DEN,1,0.34287613723748595
2025-12-23,2025-26,POR,ORL,0,0.506335221786491
2025-12-23,2025-26,LAC,HOU,1,0.4033867890589892
2025-12-25,2025-26,OKC,SAS,0,0.6724239858227999
2025-12-25,2025-26,NYK,CLE,1,0.7315192198537909
2025-12-25,2025-26,GSW,DAL,1,0.6017038160149447
2025-12-25,2025-26,LAL,HOU,0,0.5710338207819724
2025-12-25,2025-26,DEN,MIN,1,0.6430293680486869
2025-12-26,2025-26,ATL,MIA,0,0.518115598072892
2025-12-26,2025-26,POR,LAC,0,0.5119736633481922
2025-12-26,2025-26,ORL,CHA,0,0.5959962662824402
2025-12-26,2025-26,UTA,DET,1,0.32047561242362815
2025-12-26,2025-26,IND,BOS,0,0.2558700696920505
2025-12-26,2025-26,NOP,PHX,0,0.4311468169013378
2025-12-26,2025-26,MEM,MIL,1,0.602874714321532
2025-12-26,2025-26,CHI,PHI,1,0.4864830004347787
2025-12-26,2025-26,WAS,TOR,1,0.38836574235952126
2025-12-27,2025-26,SAS,UTA,0,0.8179825299498404
2025-12-27,2025-26,MIN,BKN,0,0.6602384621535297
2025-12-27,2025-26,ATL,NYK,0,0.319879748136817
2025-12-27,2025-26,CHI,MIL,0,0.6578478303740478
2025-12-27,2025-26,MIA,IND,1,0.7008430189648279
2025-12-27,2025-26,ORL,DEN,1,0.3037713062886778
2025-12-27,2025-26,NOP,PHX,0,0.40933041065817916
2025-12-27,2025-26,SAC,DAL,1,0.387141520616698
2025-12-27,2025-26,HOU,CLE,1,0.6993338824813641
2025-12-28,2025-26,POR,BOS,1,0.3696201549116747
2025-12-28,2025-26,WAS,MEM,1,0.35962724970147936
2025-12-28,2025-26,LAL,SAC,1,0.7586680650572348
2025-12-28,2025-26,TOR,GSW,1,0.5640965933082349
2025-12-28,2025-26,LAC,DET,1,0.4041491467592046
2025-12-28,2025-26,OKC,PHI,1,0.7257618927645281
2025-12-29,2025-26,SAS,CLE,0,0.7338730701682655
2025-12-29,2025-26,TOR,ORL,1,0.5022948056852452
2025-12-29,2025-26,WAS,PHX,0,0.32852571263608266
2025-12-29,2025-26,NOP,NYK,0,0.3208738311839984
2025-12-29,2025-26,HOU,IND,1,0.8278113897286999
2025-12-29,2025-26,CHA,MIL,0,0.5403011805489938
2025-12-29,2025-26,BKN,GSW,0,0.6359828648471675
2025-12-29,2025-26,OKC,ATL,1,0.764999732691357
2025-12-29,2025-26,POR,DAL,1,0.4092315547545391
2025-12-29,2025-26,CHI,MIN,0,0.5085630701422277
2025-12-29,2025-26,MIA,DEN,1,0.36383075785838354
2025-12-30,2025-26,MEM,PHI,0,0.5475297110441079
2025-12-30,2025-26,LAL,DET,0,0.5138553713655453
2025-12-30,2025-26,UTA,BOS,0,0.35012244235079226
2025-12-30,2025-26,LAC,SAC,1,0.6964381618044772
2025-12-31,2025-26,IND,ORL,0,0.3115445119002558
2025-12-31,2025-26,MIL,WAS,0,0.6575739976735238
2025-12-31,2025-26,TOR,DEN,0,0.4771667091123941
2025-12-31,2025-26,CLE,PHX,1,0.5289870029700151
2025-12-31,2025-26,SAS,NYK,1,0.6258648224638789
2025-12-31,2025-26,OKC,POR,1,0.822705907795843
2025-12-31,2025-26,ATL,MIN,1,0.43290391978586007
2025-12-31,2025-26,CHA,GSW,0,0.4414779564783707
2025-12-31,2025-26,CHI,NOP,1,0.5927555969982725
2026-01-01,2025-26,SAC,BOS,0,0.2837355631384355
2026-01-01,2025-26,DAL,PHI,0,0.4506295013980028
2026-01-01,2025-26,BKN,HOU,0,0.4459246892664887
2026-01-01,2025-26,DET,MIA,0,0.7144670763042739
2026-01-01,2025-26,LAC,UTA,1,0.6501421133666585
2026-01-02,2025-26,IND,SAS,0,0.19913271163756768
2026-01-02,2025-26,WAS,BKN,1,0.5230557018468397
2026-01-02,2025-26,CHI,ORL,1,0.5249248289252287
2026-01-02,2025-26,NOP,POR,0,0.49131867645417515
2026-01-02,2025-26,NYK,ATL,0,0.7496744905009216
2026-01-02,2025-26,LAL,MEM,1,0.5927493292774643
2026-01-02,2025-26,GSW,OKC,0,0.4175271496334954
2026-01-02,2025-26,CLE,DEN,1,0.428418459656529
2026-01-02,2025-26,PHX,SAC,1,0.7898141676178313
2026-01-02,2025-26,MIL,CHA,1,0.5888114661518781
2026-01-03,2025-26,LAC,BOS,0,0.5373246824719352
2026-01-03,2025-26,CHI,CHA,0,0.652350683715867
2026-01-03,2025-26,SAS,POR,0,0.7871553870600368
2026-01-03,2025-26,DAL,HOU,1,0.3449642659191309
2026-01-03,2025-26,MIA,MIN,0,0.548849619146611
2026-01-03,2025-26,NYK,PHI,0,0.606947758674584
2026-01-03,2025-26,TOR,ATL,1,0.719537405703553
2026-01-03,2025-26,GSW,UTA,1,0.5897294330949492
2026-01-04,2025-26,PHX,OKC,1,0.4431289575913274
2026-01-04,2025-26,WAS,MIN,0,0.44482539285883843
2026-01-04,2025-26,CLE,DET,0,0.3902503189698864
2026-01-04,2025-26,BKN,DEN,1,0.38795360473532403
2026-01-04,2025-26,ORL,IND,1,0.7228380523332587
2026-01-04,2025-26,LAL,MEM,1,0.6360019591327071
2026-01-04,2025-26,SAC,MIL,0,0.3826676614918808
2026-01-04,2025-26,MIA,NOP,1,0.6275659830891722
2026-01-05,2025-26,POR,UTA,1,0.5571868477544201
2026-01-05,2025-26,PHI,DEN,0,0.5295176961460472
2026-01-05,2025-26,TOR,ATL,1,0.6472671362013578
2026-01-05,2025-26,DET,NYK,1,0.5930229841033554
2026-01-05,2025-26,OKC,CHA,0,0.7158387714932375
2026-01-05,2025-26,BOS,CHI,1,0.7555202451501735
2026-01-05,2025-26,LAC,GSW,1,0.5625103889412236
2026-01-05,2025-26,HOU,PHX,1,0.746357660078584
2026-01-06,2025-26,IND,CLE,0,0.24067649401918284
2026-01-06,2025-26,WAS,ORL,1,0.3829595890976456
2026-01-06,2025-26,SAC,DAL,0,0.4097904246502399
2026-01-06,2025-26,MIN,MIA,1,0.5755353038744944
2026-01-06,2025-26,MEM,SAS,1,0.45854631060583556
2026-01-06,2025-26,NOP,LAL,0,0.2790197293909872
2026-01-07,2025-26,OKC,UTA,1,0.7923308232088968
2026-01-07,2025-26,BKN,ORL,0,0.6032792032352104
2026-01-07,2025-26,POR,HOU,1,0.44287947345704715
2026-01-07,2025-26,BOS,DEN,0,0.640654279852383
2026-01-07,2025-26,PHI,WAS,1,0.7042589064238688
2026-01-07,2025-26,MEM,PHX,0,0.373959790542641
2026-01-07,2025-26,NYK,LAC,1,0.586009944759956
2026-01-07,2025-26,SAS,LAL,1,0.6698880946140593
2026-01-07,2025-26,CHA,TOR,0,0.5030857666972693
2026-01-07,2025-26,ATL,NOP,1,0.7068978100109802
2026-01-07,2025-26,GSW,MIL,1,0.6503437603243523
2026-01-07,2025-26,DET,CHI,1,0.7583913491652425
2026-01-08,2025-26,CHA,IND,0,0.6895556200655865
2026-01-08,2025-26,UTA,DAL,1,0.47032687946002694
2026-01-08,2025-26,MIN,CLE,1,0.6016108802108285
2026-01-09,2025-26,MEM,OKC,0,0.3069165780784959
2026-01-09,2025-26,ORL,PHI,0,0.4811579372001759
2026-01-09,2025-26,POR,HOU,1,0.46215748515534644
2026-01-09,2025-26,LAL,MIL,0,0.670626166737494
2026-01-09,2025-26,BOS,TOR,1,0.687477570013889
2026-01-09,2025-26,GSW,SAC,1,0.7532564641640886
2026-01-09,2025-26,WAS,NOP,0,0.5820277518088142
2026-01-09,2025-26,DEN,ATL,0,0.6855813076527358
2026-01-09,2025-26,PHX,NYK,1,0.5919263827728923
2026-01-09,2025-26,BKN,LAC,0,0.4539874362362785
2026-01-10,2025-26,CLE,MIN,1,0.5307278395753484
2026-01-10,2025-26,UTA,CHA,0,0.4866039901382549
2026-01-10,2025-26,IND,MIA,1,0.27038591741717577
2026-01-10,2025-26,DET,LAC,0,0.7256904513943188
2026-01-10,2025-26,CHI,DAL,1,0.6190340678751901
2026-01-10,2025-26,BOS,SAS,0,0.6093403148067917
2026-01-11,2025-26,MIN,SAS,1,0.5988052986331595
2026-01-11,2025-26,SAC,HOU,1,0.23861475504104346
2026-01-11,2025-26,GSW,ATL,0,0.6619826382129776
2026-01-11,2025-26,DEN,MIL,1,0.6876130677207164
2026-01-11,2025-26,PHX,WAS,1,0.754132440614731
2026-01-11,2025-26,OKC,MIA,1,0.8063965664176532
2026-01-11,2025-26,ORL,NOP,1,0.7093881495923312
2026-01-11,2025-26,TOR,PHI,1,0.5099116219681072
2026-01-11,2025-26,MEM,BKN,1,0.5337269922787821
2026-01-11,2025-26,POR,NYK,0,0.5165812373328318
2026-01-12,2025-26,SAC,LAL,1,0.2546842896317834
2026-01-12,2025-26,LAC,CHA,1,0.6318726440456247
2026-01-12,2025-26,IND,BOS,1,0.23496493932479687
2026-01-12,2025-26,DAL,BKN,1,0.5531973672600335
2026-01-12,2025-26,TOR,PHI,0,0.597484004186361
2026-01-12,2025-26,CLE,UTA,0,0.6919082248245142
2026-01-13,2025-26,NOP,DEN,0,0.2123750312511388
2026-01-13,2025-26,MIL,MIN,0,0.47035739602789645
2026-01-13,2025-26,MIA,PHX,1,0.41572253042242796
2026-01-13,2025-26,LAL,ATL,1,0.5723759715985022
2026-01-13,2025-26,HOU,CHI,1,0.7763640332803975
2026-01-13,2025-26,GSW,POR,1,0.6747879066125338
2026-01-13,2025-26,OKC,SAS,1,0.7012535596253455
2026-01-14,2025-26,SAC,NYK,1,0.26410450443542355
2026-01-14,2025-26,DAL,DEN,0,0.43479173201681104
2026-01-14,2025-26,PHI,CLE,0,0.5403404614594134
2026-01-14,2025-26,LAC,WAS,1,0.691940489451858
2026-01-14,2025-26,IND,TOR,0,0.27416137948539554
2026-01-14,2025-26,NOP,BKN,1,0.3189578268196582
2026-01-14,2025-26,CHI,UTA,1,0.5330052361975061
2026-01-15,2025-26,POR,ATL,1,0.566867729204628
2026-01-15,2025-26,SAS,MIL,1,0.6627523395570749
2026-01-15,2025-26,MIA,BOS,0,0.43622344711593614
2026-01-15,2025-26,ORL,MEM,1,0.603235658364606
2026-01-15,2025-26,DAL,UTA,1,0.566174063154043
2026-01-15,2025-26,GSW,NYK,1,0.6581966520083401
2026-01-15,2025-26,HOU,OKC,0,0.5034790853644172
2026-01-15,2025-26,DET,PHX,1,0.6631148571241019
2026-01-15,2025-26,LAL,CHA,0,0.6963314046338451
2026-01-16,2025-26,BKN,CHI,1,0.4915291960334197
2026-01-16,2025-26,TOR,LAC,0,0.5443109456924526
2026-01-16,2025-26,PHI,CLE,0,0.5607119690888288
2026-01-16,2025-26,IND,NOP,1,0.5039766760329728
2026-01-16,2025-26,SAC,WAS,1,0.49916593872730003
2026-01-16,2025-26,HOU,MIN,1,0.5485530297005599
2026-01-17,2025-26,DAL,UTA,1,0.5667649755283647
2026-01-17,2025-26,NYK,PHX,0,0.5365473210913814
2026-01-17,2025-26,SAS,MIN,1,0.6420460606368004
2026-01-17,2025-26,DEN,WAS,1,0.8327653796874086
2026-01-17,2025-26,MIA,OKC,1,0.30171530698225973
2026-01-17,2025-26,GSW,CHA,1,0.6655632377442314
2026-01-17,2025-26,POR,LAL,1,0.5157063265130741
2026-01-17,2025-26,DET,IND,1,0.8680860872021003
2026-01-17,2025-26,ATL,BOS,0,0.4160751808823305
2026-01-18,2025-26,SAC,POR,0,0.47210141189576965
2026-01-18,2025-26,HOU,NOP,1,0.8009857471460406
2026-01-18,2025-26,MEM,ORL,1,0.4678390169806424
2026-01-18,2025-26,LAL,TOR,1,0.520615560801907
2026-01-18,2025-26,DEN,CHA,0,0.7260926453871273
2026-01-18,2025-26,CHI,BKN,1,0.5777195578271455
2026-01-19,2025-26,GSW,MIA,1,0.6587537122805501
2026-01-19,2025-26,SAS,UTA,1,0.7473555919949901
2026-01-19,2025-26,BKN,PHX,0,0.27617569320172214
2026-01-19,2025-26,PHI,IND,1,0.7398134911844954
2026-01-19,2025-26,WAS,LAC,0,0.2755353759410431
2026-01-19,2025-26,NYK,DAL,0,0.6890970713489664
2026-01-19,2025-26,ATL,MIL,0,0.5436914205135857
2026-01-19,2025-26,DET,BOS,1,0.6587097752432975
2026-01-19,2025-26,CLE,OKC,0,0.3873093828488277
2026-01-20,2025-26,SAC,MIA,0,0.5045097771236703
2026-01-20,2025-26,CHI,LAC,1,0.55918006768066
2026-01-20,2025-26,HOU,SAS,1,0.686344673347589
2026-01-20,2025-26,DEN,LAL,0,0.6211084332880555
2026-01-20,2025-26,PHI,PHX,0,0.5600749519805776
2026-01-20,2025-26,GSW,TOR,0,0.6006009637696814
2026-01-20,2025-26,UTA,MIN,1,0.26954517167757247
2026-01-21,2025-26,SAC,TOR,0,0.3715911640818668
2026-01-21,2025-26,NOP,DET,0,0.17381776952412312
2026-01-21,2025-26,CHA,CLE,0,0.5677800368150945
2026-01-21,2025-26,NYK,BKN,1,0.6618411521518932
2026-01-21,2025-26,MEM,ATL,0,0.5306502611868298
2026-01-21,2025-26,BOS,IND,1,0.8499491780690807
2026-01-21,2025-26,MIL,OKC,0,0.29630184434664053
2026-01-22,2025-26,DAL,GSW,1,0.41960817966216657
2026-01-22,2025-26,POR,MIA,1,0.6773506484664316
2026-01-22,2025-26,ORL,CHA,0,0.700007400162665
2026-01-22,2025-26,WAS,DEN,0,0.2553464425794686
2026-01-22,2025-26,MIN,CHI,0,0.6948538572711641
2026-01-22,2025-26,LAC,LAL,1,0.5144751662999519
2026-01-22,2025-26,UTA,SAS,0,0.3559052479311561
2026-01-22,2025-26,PHI,HOU,1,0.6088039421733928
2026-01-23,2025-26,MIL,DEN,0,0.44711327723317007
2026-01-23,2025-26,OKC,IND,0,0.8651864118162372
2026-01-23,2025-26,ATL,PHX,1,0.3747298519670746
2026-01-23,2025-26,DET,HOU,0,0.7953918757030926
2026-01-23,2025-26,POR,TOR,0,0.47077614655046995
2026-01-23,2025-26,BKN,BOS,0,0.2865480289486325
2026-01-23,2025-26,MEM,NOP,0,0.6438831061231045
2026-01-23,2025-26,CLE,SAC,1,0.7276259371426793
2026-01-24,2025-26,CHI,BOS,1,0.5861723535377306
2026-01-24,2025-26,DAL,LAL,0,0.46391095231189394
2026-01-24,2025-26,PHI,NYK,0,0.6241675446864589
2026-01-24,2025-26,UTA,MIA,0,0.47319488274796934
2026-01-24,2025-26,CHA,WAS,1,0.7326065954703257
2026-01-24,2025-26,ORL,CLE,0,0.578757630921667
2026-01-25,2025-26,OKC,TOR,0,0.7252380956064133
2026-01-25,2025-26,SAS,NOP,0,0.7671857348932623
2026-01-25,2025-26,MIN,GSW,0,0.5710139723673466
2026-01-25,2025-26,PHX,MIA,0,0.764354206946954
2026-01-25,2025-26,LAC,BKN,1,0.7175795771026531
2026-01-25,2025-26,DET,SAC,1,0.8330974749769063
2026-01-26,2025-26,MIN,GSW,1,0.5493297784250954
2026-01-26,2025-26,ATL,IND,1,0.6462063643632044
2026-01-26,2025-26,BOS,POR,1,0.6845676088367445
2026-01-26,2025-26,CLE,ORL,1,0.5874386147885243
2026-01-26,2025-26,CHA,PHI,1,0.5017571700333807
2026-01-26,2025-26,HOU,MEM,1,0.7201341689183385
2026-01-26,2025-26,CHI,LAL,0,0.5493332829121377
2026-01-27,2025-26,WAS,POR,1,0.3786983967577709
2026-01-27,2025-26,PHX,BKN,1,0.7685387165075394
2026-01-27,2025-26,PHI,MIL,1,0.568042078348385
2026-01-27,2025-26,OKC,NOP,1,0.848202326951557
2026-01-27,2025-26,DEN,DET,0,0.509817382021261
2026-01-27,2025-26,NYK,SAC,1,0.7437033907072255
2026-01-27,2025-26,UTA,LAC,0,0.30714136246391577
2026-01-28,2025-26,UTA,GSW,0,0.26149184601620395
2026-01-28,2025-26,CLE,LAL,1,0.5873430202951395
2026-01-28,2025-26,MEM,CHA,0,0.5349621073698138
2026-01-28,2025-26,HOU,SAS,0,0.589687137146812
2026-01-28,2025-26,IND,CHI,1,0.2906838177085479
2026-01-28,2025-26,TOR,NYK,0,0.6719155978728395
2026-01-28,2025-26,DAL,MIN,0,0.4690386104651691
2026-01-28,2025-26,MIA,ORL,0,0.5306133709041342
2026-01-28,2025-26,BOS,ATL,0,0.7178147208938404
2026-01-29,2025-26,ATL,HOU,0,0.49184096462255117
2026-01-29,2025-26,DEN,BKN,1,0.8002916542733786
2026-01-29,2025-26,MIN,OKC,1,0.33915134650797324
2026-01-29,2025-26,WAS,MIL,1,0.35530545016902537
2026-01-29,2025-26,PHX,DET,1,0.4392383568716885
2026-01-29,2025-26,CHI,MIA,0,0.673819534376546
2026-01-29,2025-26,DAL,CHA,0,0.535305644944458
2026-01-29,2025-26,PHI,SAC,1,0.6746346509716179
2026-01-30,2025-26,BOS,SAC,1,0.8474133430058021
2026-01-30,2025-26,WAS,LAL,0,0.22994105196175618
2026-01-30,2025-26,GSW,DET,0,0.528779251538116
2026-01-30,2025-26,PHX,CLE,1,0.5094067446389688
2026-01-30,2025-26,DEN,LAC,1,0.5177866640517126
2026-01-30,2025-26,NYK,POR,1,0.7160110677180185
2026-01-30,2025-26,UTA,BKN,0,0.6223577217151703
2026-01-30,2025-26,NOP,MEM,1,0.48200752192421314
2026-01-30,2025-26,ORL,TOR,1,0.4315527583939706
2026-01-31,2025-26,PHI,NOP,1,0.7764811298545292
2026-01-31,2025-26,IND,ATL,1,0.3343499308781449
2026-01-31,2025-26,MEM,MIN,0,0.33945737096566747
2026-01-31,2025-26,MIA,CHI,0,0.5624529100498339
2026-01-31,2025-26,HOU,DAL,1,0.7030256559770192
2026-01-31,2025-26,CHA,SAS,1,0.5684407172928957
2026-02-01,2025-26,DET,BKN,1,0.8469663511880577
2026-02-01,2025-26,NYK,LAL,1,0.6094971632270663
2026-02-01,2025-26,MIA,CHI,1,0.557696886669064
2026-02-01,2025-26,POR,CLE,0,0.46170809219103
2026-02-01,2025-26,BOS,MIL,1,0.7785100065319142
2026-02-01,2025-26,SAS,ORL,1,0.5826944366738872
2026-02-01,2025-26,DEN,OKC,0,0.48204951815449326
2026-02-01,2025-26,PHX,LAC,0,0.5752127227677424
2026-02-01,2025-26,WAS,SAC,1,0.42373020635942343
2026-02-01,2025-26,TOR,UTA,1,0.7181098522716655
2026-02-02,2025-26,CHA,NOP,1,0.7518554093272681
2026-02-02,2025-26,LAC,PHI,0,0.4921718632697013
2026-02-02,2025-26,MEM,MIN,1,0.36865906899927287
2026-02-02,2025-26,IND,HOU,0,0.264456564526836
2026-02-03,2025-26,DAL,BOS,0,0.36373806807425024
2026-02-03,2025-26,BKN,LAL,0,0.3096729449400306
2026-02-03,2025-26,IND,UTA,0,0.3808389091256814
2026-02-03,2025-26,POR,PHX,0,0.39617485209555436
2026-02-03,2025-26,DET,DEN,1,0.6466940339643447
2026-02-03,2025-26,GSW,PHI,0,0.5979289375429889
2026-02-03,2025-26,MIA,ATL,0,0.5774626779348521
2026-02-03,2025-26,MIL,CHI,1,0.40734070717974186
2026-02-03,2025-26,OKC,ORL,1,0.7782964017264526
2026-02-03,2025-26,WAS,NYK,0,0.23481918090139595
2026-02-04,2025-26,SAS,OKC,1,0.5256143399334836
2026-02-04,2025-26,NYK,DEN,1,0.6177005940958051
2026-02-04,2025-26,HOU,BOS,0,0.6759188581334089
2026-02-04,2025-26,LAC,CLE,0,0.5576929708257038
2026-02-04,2025-26,SAC,MEM,0,0.39284509362448655
2026-02-04,2025-26,TOR,MIN,0,0.5153259482364273
2026-02-04,2025-26,MIL,NOP,1,0.45798032851073506
2026-02-05,2025-26,HOU,CHA,0,0.5969557999217038
2026-02-05,2025-26,ATL,UTA,1,0.6006545546713808
2026-02-05,2025-26,DET,WAS,0,0.8650904807624926
2026-02-05,2025-26,PHX,GSW,0,0.6193074986436957
2026-02-05,2025-26,TOR,CHI,1,0.535423175007634
2026-02-05,2025-26,DAL,SAS,0,0.44602764209674134
2026-02-05,2025-26,LAL,PHI,1,0.5637746488658172
2026-02-05,2025-26,ORL,BKN,1,0.692066066758392
2026-02-06,2025-26,MIL,IND,1,0.6278904018595949
2026-02-06,2025-26,POR,MEM,1,0.5871732121736823
2026-02-06,2025-26,MIN,NOP,0,0.7385948632124997
2026-02-06,2025-26,BOS,MIA,1,0.7516151032461845
2026-02-06,2025-26,SAC,LAC,0,0.3440282058729336
2026-02-06,2025-26,DET,NYK,1,0.6022182761554722
2026-02-07,2025-26,ATL,CHA,0,0.47301885006384475
2026-02-07,2025-26,LAL,GSW,1,0.6512846350838347
2026-02-07,2025-26,OKC,HOU,0,0.7279316193864233
2026-02-07,2025-26,BKN,WAS,1,0.47866054371729505
2026-02-07,2025-26,ORL,UTA,1,0.6255203414786227
2026-02-07,2025-26,POR,MEM,1,0.6327880182078175
2026-02-07,2025-26,SAC,CLE,0,0.20984419566252727
2026-02-07,2025-26,SAS,DAL,1,0.7855310357313371
2026-02-07,2025-26,PHX,PHI,0,0.5408916347861863
2026-02-07,2025-26,CHI,DEN,0,0.37641359464571333
2026-02-08,2025-26,WAS,MIA,0,0.30379496658306
2026-02-08,2025-26,TOR,IND,1,0.7672869323701091
2026-02-08,2025-26,MIN,LAC,0,0.5931697163014288
2026-02-08,2025-26,BOS,NYK,0,0.6368264479188375
2026-02-09,2025-26,DEN,CLE,0,0.5737649821847682
2026-02-09,2025-26,GSW,MEM,1,0.6474478838177692
2026-02-09,2025-26,MIA,UTA,0,0.6650863039369089
2026-02-09,2025-26,BKN,CHI,1,0.34720485159109005
2026-02-09,2025-26,MIN,ATL,1,0.5582503833881197
2026-02-09,2025-26,NOP,SAC,1,0.5171519275628578
2026-02-09,2025-26,POR,PHI,1,0.4074693274454563
2026-02-09,2025-26,CHA,DET,0,0.4419590244675298
2026-02-09,2025-26,LAL,OKC,0,0.5107863923978458
2026-02-09,2025-26,ORL,MIL,1,0.6014354638114111
2026-02-10,2025-26,NYK,IND,0,0.8608159147855915
2026-02-10,2025-26,PHX,DAL,1,0.752608611670701
2026-02-10,2025-26,HOU,LAC,1,0.6434255076787818
2026-02-10,2025-26,LAL,SAS,0,0.494754168399815
2026-02-11,2025-26,BKN,IND,0,0.6062506980075397
2026-02-11,2025-26,DEN,MEM,1,0.7820557726338415
2026-02-11,2025-26,GSW,SAS,0,0.5422755423381662
2026-02-11,2025-26,PHX,OKC,0,0.3382584661010921
2026-02-11,2025-26,ORL,MIL,0,0.6362718700961589
2026-02-11,2025-26,MIN,POR,1,0.6760630289591921
2026-02-11,2025-26,UTA,SAC,1,0.5853720762363107
2026-02-11,2025-26,TOR,DET,0,0.4170735457569529
2026-02-11,2025-26,CLE,WAS,1,0.8155868165386683
2026-02-11,2025-26,BOS,CHI,1,0.7746808737967146
2026-02-11,2025-26,CHA,ATL,1,0.6560617587659859
2026-02-11,2025-26,HOU,LAC,0,0.6610176136877925
2026-02-11,2025-26,NOP,MIA,0,0.3352566435704262
2026-02-11,2025-26,PHI,NYK,0,0.6414269866297698
2026-02-12,2025-26,UTA,POR,0,0.48363180955098656
2026-02-12,2025-26,LAL,DAL,1,0.7518039395374584
2026-02-12,2025-26,OKC,MIL,0,0.848637203026192
2026-02-19,2025-26,WAS,IND,1,0.42747078725331983
2026-02-19,2025-26,LAC,DEN,1,0.5017338419003788
2026-02-19,2025-26,SAC,ORL,0,0.24097700413646275
2026-02-19,2025-26,SAS,PHX,1,0.7120244026063826
2026-02-19,2025-26,GSW,BOS,0,0.5035976502189522
2026-02-19,2025-26,NYK,DET,0,0.5177323954978319
2026-02-19,2025-26,PHI,ATL,0,0.6424096781518134
2026-02-19,2025-26,CHI,TOR,0,0.33201795619825086
2026-02-19,2025-26,CHA,HOU,0,0.585462683199099
2026-02-19,2025-26,CLE,BKN,1,0.8528813129360205
2026-02-20,2025-26,MIN,DAL,1,0.7748727475191259
2026-02-20,2025-26,OKC,BKN,1,0.9164411000722635
2026-02-20,2025-26,CHA,CLE,0,0.4878928833629121
2026-02-20,2025-26,NOP,MIL,0,0.3926495394426451
2026-02-20,2025-26,ATL,MIA,0,0.44495052662485374
2026-02-20,2025-26,MEM,UTA,1,0.565184245887516
2026-02-20,2025-26,POR,DEN,0,0.5160535805359613
2026-02-20,2025-26,LAL,LAC,1,0.7195438020948551
2026-02-20,2025-26,WAS,IND,1,0.4508943556150612
2026-02-21,2025-26,PHX,ORL,1,0.50426259832376
2026-02-21,2025-26,CHI,DET,0,0.20915907960643676
2026-02-21,2025-26,NYK,HOU,1,0.6358645501013466
2026-02-21,2025-26,NOP,PHI,1,0.20165247161868602
2026-02-21,2025-26,MIA,MEM,1,0.6504733763940663
2026-02-21,2025-26,SAS,SAC,1,0.8862622401677286
2026-02-22,2025-26,IND,DAL,0,0.4384078245472663
2026-02-22,2025-26,OKC,CLE,1,0.6437122758111438
2026-02-22,2025-26,MIN,PHI,0,0.6675387828753052
2026-02-22,2025-26,MIL,TOR,0,0.42607204513198055
2026-02-22,2025-26,PHX,POR,0,0.6366372762688015
2026-02-22,2025-26,LAL,BOS,0,0.6222137664456885
2026-02-22,2025-26,LAC,ORL,0,0.5875089812978287
2026-02-22,2025-26,GSW,DEN,1,0.4239090820218295
2026-02-22,2025-26,WAS,CHA,0,0.26883646051375315
2026-02-22,2025-26,CHI,NYK,0,0.2742477213310626
2026-02-22,2025-26,ATL,BKN,1,0.6584082955425129
2026-02-23,2025-26,DET,SAS,0,0.6567363697449476
2026-02-23,2025-26,HOU,UTA,1,0.7719477015711275
2026-02-23,2025-26,MEM,SAC,0,0.6734634031316291
2026-02-24,2025-26,CLE,NYK,1,0.6557087319257762
2026-02-24,2025-26,MIL,MIA,1,0.5191710354698829
2026-02-24,2025-26,ATL,WAS,1,0.6632536454734103
2026-02-24,2025-26,LAL,ORL,0,0.5662546169475389
2026-02-24,2025-26,POR,MIN,0,0.40627194634407376
2026-02-24,2025-26,IND,PHI,0,0.24094494798391008
2026-02-24,2025-26,CHI,CHA,0,0.3344277226330222
2026-02-24,2025-26,PHX,BOS,0,0.46110670547110927
2026-02-24,2025-26,BKN,DAL,0,0.4285092413168491
2026-02-24,2025-26,NOP,GSW,1,0.35823043244139624
2026-02-24,2025-26,TOR,OKC,0,0.4241818563737144
2026-02-25,2025-26,MEM,GSW,0,0.5371825991104677
2026-02-25,2025-26,MIL,CLE,1,0.41868359772039976
2026-02-25,2025-26,DEN,BOS,1,0.725226346863206
2026-02-25,2025-26,DET,OKC,1,0.6939612722523206
2026-02-25,2025-26,TOR,SAS,0,0.34510699787056454
2026-02-25,2025-26,HOU,SAC,1,0.8278065564303293
2026-02-26,2025-26,ORL,HOU,0,0.5478473954461087
2026-02-26,2025-26,BKN,SAS,0,0.2076449194249073
2026-02-26,2025-26,UTA,NOP,0,0.4969939969580891
2026-02-26,2025-26,CHI,POR,0,0.41930488416751815
2026-02-26,2025-26,PHI,MIA,1,0.5748164848582072
2026-02-26,2025-26,DAL,SAC,0,0.6698844999070528
2026-02-26,2025-26,PHX,LAL,1,0.4869737427630908
2026-02-26,2025-26,IND,CHA,0,0.25188884629838015
2026-02-26,2025-26,ATL,WAS,1,0.6715124335868625
2026-02-26,2025-26,LAC,MIN,0,0.5129134936235101
2026-02-27,2025-26,BOS,BKN,1,0.9254450675551479
2026-02-27,2025-26,OKC,DEN,1,0.7030885090385852
2026-02-27,2025-26,DAL,MEM,0,0.3419124367502143
2026-02-27,2025-26,DET,CLE,1,0.6773787634233873
2026-02-27,2025-26,MIL,NYK,0,0.4642144243493204
2026-02-28,2025-26,WAS,TOR,0,0.20730187129431155
2026-02-28,2025-26,CHA,POR,1,0.6382166594657128
2026-02-28,2025-26,MIA,HOU,1,0.45322158059766265
2026-02-28,2025-26,UTA,NOP,0,0.44964254419269684
2026-02-28,2025-26,GSW,LAL,0,0.5252697286638595
2026-03-01,2025-26,ORL,DET,0,0.34058958979000914
2026-03-01,2025-26,BOS,PHI,1,0.6882249676019193
2026-03-01,2025-26,DEN,MIN,0,0.6303707015028454
2026-03-01,2025-26,LAL,SAC,1,0.7848688890778296
2026-03-01,2025-26,DAL,OKC,0,0.19662936931974537
2026-03-01,2025-26,CHI,MIL,1,0.34437174338931514
2026-03-01,2025-26,BKN,CLE,0,0.1734019730361424
2026-03-01,2025-26,IND,MEM,0,0.3041486276327403
2026-03-01,2025-26,LAC,NOP,1,0.7275491388241386
2026-03-01,2025-26,NYK,SAS,1,0.47652081877502667
2026-03-01,2025-26,ATL,POR,1,0.6665978412131013
2026-03-02,2025-26,WAS,HOU,0,0.1649176859220852
2026-03-02,2025-26,UTA,DEN,0,0.35160628765392926
2026-03-02,2025-26,MIL,BOS,0,0.4320913250735799
2026-03-02,2025-26,GSW,LAC,0,0.6101500481436204
2026-03-03,2025-26,PHI,SAS,0,0.38060088036191425
2026-03-03,2025-26,TOR,NYK,0,0.5036732585709475
2026-03-03,2025-26,CHA,DAL,1,0.7628717516282505
2026-03-03,2025-26,MIN,MEM,1,0.6700492443332967
2026-03-03,2025-26,MIA,BKN,1,0.7851825168798121
2026-03-03,2025-26,LAL,NOP,1,0.7323218803705628
2026-03-03,2025-26,CLE,DET,1,0.5064919871453569
2026-03-03,2025-26,SAC,PHX,0,0.23498809630768627
2026-03-03,2025-26,ORL,WAS,1,0.8171000128383379
2026-03-03,2025-26,CHI,OKC,0,0.210299259723753
2026-03-04,2025-26,BOS,CHA,0,0.776373802101204
2026-03-04,2025-26,MEM,POR,0,0.440853459247439
2026-03-04,2025-26,PHI,UTA,1,0.6026497762297296
2026-03-04,2025-26,NYK,OKC,0,0.5176980567966032
2026-03-04,2025-26,MIL,ATL,0,0.5007116544106895
2026-03-04,2025-26,LAC,IND,1,0.7812227740587987
2026-03-05,2025-26,MIN,TOR,1,0.6058556834918447
2026-03-05,2025-26,HOU,GSW,0,0.7607405150147967
2026-03-05,2025-26,DEN,LAL,1,0.6003318338085001
2026-03-05,2025-26,MIA,BKN,1,0.7802899676768992
2026-03-05,2025-26,ORL,DAL,1,0.7258830389772769
2026-03-05,2025-26,PHX,CHI,0,0.678237220748295
2026-03-05,2025-26,SAS,DET,1,0.5644455682356594
2026-03-05,2025-26,SAC,NOP,0,0.2934034047712516
2026-03-05,2025-26,WAS,UTA,0,0.4224576039018174
2026-03-06,2025-26,CHA,MIA,0,0.6842101177911534
2026-03-06,2025-26,DEN,NYK,0,0.5485939172818094
2026-03-06,2025-26,HOU,POR,1,0.7264540812781484
2026-03-06,2025-26,PHX,NOP,1,0.6817058146172021
2026-03-06,2025-26,SAS,LAC,1,0.6863548019053893
2026-03-06,2025-26,BOS,DAL,1,0.9037928017646548
2026-03-06,2025-26,LAL,IND,1,0.7664220984927249
2026-03-07,2025-26,MIN,ORL,0,0.5841013857662636
2026-03-07,2025-26,MEM,LAC,0,0.4356195774621276
2026-03-07,2025-26,MIL,UTA,1,0.6123894074864189
2026-03-07,2025-26,OKC,GSW,1,0.8025562118422154
2026-03-07,2025-26,DET,BKN,0,0.9075363760583884
2026-03-07,2025-26,ATL,PHI,1,0.5405312349331343
2026-03-08,2025-26,SAC,CHI,1,0.29843810826426215
2026-03-08,2025-26,MIL,ORL,0,0.37010054471635573
2026-03-08,2025-26,LAL,NYK,1,0.548836781430008
2026-03-08,2025-26,CLE,BOS,0,0.5962115095628662
2026-03-08,2025-26,POR,IND,1,0.6678995351787448
2026-03-08,2025-26,PHX,CHA,1,0.4287522407513376
2026-03-08,2025-26,MIA,DET,1,0.5422086656727095
2026-03-08,2025-26,TOR,DAL,1,0.7735918205223393
2026-03-08,2025-26,NOP,WAS,1,0.6056361035454503
2026-03-08,2025-26,SAS,HOU,1,0.6707472214981113
2026-03-09,2025-26,BKN,MEM,1,0.30719753103976566
2026-03-09,2025-26,LAC,NYK,1,0.6100103270563735
2026-03-09,2025-26,OKC,DEN,1,0.7379197011259664
2026-03-09,2025-26,UTA,GSW,1,0.3726604298368263
2026-03-09,2025-26,CLE,PHI,1,0.6425519903319711
2026-03-10,2025-26,MIL,PHX,0,0.4222843561921534
2026-03-10,2025-26,MIA,WAS,1,0.8080055175250828
2026-03-10,2025-26,PHI,MEM,1,0.5819421743057326
2026-03-10,2025-26,GSW,CHI,0,0.6129027966304121
2026-03-10,2025-26,SAS,BOS,1,0.6359505322545488
2026-03-10,2025-26,SAC,IND,1,0.4488815389379798
2026-03-10,2025-26,LAL,MIN,1,0.5785850224500244
2026-03-10,2025-26,BKN,DET,0,0.12845849235303947
2026-03-10,2025-26,POR,CHA,0,0.39211494977258965
2026-03-10,2025-26,ATL,DAL,1,0.7674640870203849
2026-03-10,2025-26,HOU,TOR,1,0.6629372491499236
2026-03-11,2025-26,DEN,HOU,1,0.6210508514539765
2026-03-11,2025-26,LAC,MIN,1,0.6132269542018429
2026-03-11,2025-26,UTA,NYK,0,0.2774965085532285
2026-03-11,2025-26,ORL,CLE,1,0.524926041510325
2026-03-11,2025-26,NOP,TOR,1,0.40711790411418614
2026-03-11,2025-26,SAC,CHA,0,0.18339994699415846
2026-03-12,2025-26,OKC,BOS,1,0.6553271483468315
2026-03-12,2025-26,ORL,WAS,1,0.7949007179664945
2026-03-12,2025-26,MIA,MIL,1,0.7790142598497856
2026-03-12,2025-26,DET,PHI,1,0.7138948668179739
2026-03-12,2025-26,ATL,BKN,1,0.7636109421753213
2026-03-12,2025-26,MEM,DAL,0,0.6034727070943836
2026-03-12,2025-26,SAS,DEN,0,0.7852870118905898
2026-03-12,2025-26,LAL,CHI,1,0.7880980041977907
2026-03-12,2025-26,IND,PHX,0,0.19734764921897602
2026-03-13,2025-26,DET,MEM,1,0.8288270301610805
2026-03-13,2025-26,TOR,PHX,1,0.5727500954862412
2026-03-13,2025-26,GSW,MIN,0,0.484430683438964
2026-03-13,2025-26,LAC,CHI,1,0.7972995686197589
2026-03-13,2025-26,IND,NYK,0,0.11280993418238167
2026-03-13,2025-26,DAL,CLE,0,0.19110765190573664
2026-03-13,2025-26,POR,UTA,1,0.5932281609681259
2026-03-13,2025-26,HOU,NOP,1,0.7624131965879803
2026-03-14,2025-26,PHI,BKN,1,0.7201116540268107
2026-03-14,2025-26,MIA,ORL,0,0.5823895078932122
2026-03-14,2025-26,SAS,CHA,1,0.7035301069594817
2026-03-14,2025-26,ATL,MIL,1,0.7605580888298622
2026-03-14,2025-26,LAC,SAC,0,0.7704432444095874
2026-03-14,2025-26,LAL,DEN,1,0.6263241257304707
2026-03-14,2025-26,BOS,WAS,1,0.8903644834518221
2026-03-15,2025-26,CLE,DAL,0,0.8118283527342489
2026-03-15,2025-26,SAC,UTA,1,0.31448622097481355
2026-03-15,2025-26,NYK,GSW,1,0.775923385470715
2026-03-15,2025-26,MIL,IND,1,0.5834752908816557
2026-03-15,2025-26,OKC,MIN,1,0.7244590497697024
2026-03-15,2025-26,TOR,DET,1,0.3497862499206288
2026-03-15,2025-26,PHI,POR,1,0.5675620284431422
2026-03-16,2025-26,CHI,MEM,1,0.4845773224674255
2026-03-16,2025-26,WAS,GSW,0,0.3077436491435331
2026-03-16,2025-26,ATL,ORL,1,0.5303061920839098
2026-03-16,2025-26,HOU,LAL,0,0.5722981060417883
2026-03-16,2025-26,LAC,SAS,0,0.4138260252513665
2026-03-16,2025-26,NOP,DAL,1,0.6714484125055667
2026-03-16,2025-26,BOS,PHX,1,0.6958706253136552
2026-03-16,2025-26,BKN,POR,0,0.39764798698390863
2026-03-17,2025-26,CHA,MIA,1,0.5553561347842485
2026-03-17,2025-26,NYK,IND,1,0.9111389719223315
2026-03-17,2025-26,ORL,OKC,0,0.35286691462320824
2026-03-17,2025-26,MIL,CLE,0,0.2964788095700247
2026-03-17,2025-26,DEN,PHI,1,0.617717379125988
2026-03-17,2025-26,SAC,SAS,0,0.19208121840153847
2026-03-17,2025-26,WAS,DET,0,0.07658214978994149
2026-03-17,2025-26,MIN,PHX,1,0.6284807964071606
2026-03-18,2025-26,MEM,DEN,1,0.35386824393133004
2026-03-18,2025-26,DAL,ATL,0,0.20221601826140212
2026-03-18,2025-26,MIN,UTA,1,0.7475448936992565
2026-03-18,2025-26,BOS,GSW,1,0.7942802952800598
2026-03-18,2025-26,IND,POR,0,0.17696294042160005
2026-03-18,2025-26,NOP,LAC,1,0.30391742341962974
2026-03-18,2025-26,HOU,LAL,0,0.5248399856519468
2026-03-18,2025-26,CHI,TOR,0,0.3532272497161836
2026-03-18,2025-26,BKN,OKC,0,0.15672862395576137
2026-03-19,2025-26,WAS,DET,0,0.1010899914096423
2026-03-19,2025-26,CHA,ORL,1,0.551088498588985
2026-03-19,2025-26,CHI,CLE,0,0.26274136088836586
2026-03-19,2025-26,UTA,MIL,1,0.377003543423607
2026-03-19,2025-26,SAS,PHX,1,0.7326926731284773
2026-03-19,2025-26,MIA,LAL,0,0.5444175154112746
2026-03-19,2025-26,SAC,PHI,0,0.2665483814618096
2026-03-19,2025-26,NOP,LAC,1,0.3514065113001583
2026-03-20,2025-26,DET,GSW,1,0.765271534928799
2026-03-20,2025-26,MIN,POR,0,0.7130028250574666
2026-03-20,2025-26,BKN,NYK,0,0.14956092690108327
2026-03-20,2025-26,HOU,ATL,1,0.592839321318103
2026-03-20,2025-26,DEN,TOR,1,0.5935513698252679
2026-03-20,2025-26,MEM,BOS,0,0.21637843713751223
2026-03-21,2025-26,PHX,MIL,0,0.7622413014852782
2026-03-21,2025-26,NOP,CLE,0,0.3116664975415497
2026-03-21,2025-26,WAS,OKC,0,0.0894419407935693
2026-03-21,2025-26,CHA,MEM,1,0.7950412811589695
2026-03-21,2025-26,HOU,MIA,1,0.5656683363566506
2026-03-21,2025-26,UTA,PHI,0,0.30404938737492543
2026-03-21,2025-26,SAS,IND,1,0.9333160936982331
2026-03-21,2025-26,ORL,LAL,0,0.4578931103938171
2026-03-21,2025-26,DAL,LAC,0,0.23221857858409406
2026-03-21,2025-26,ATL,GSW,1,0.7013573691350462
2026-03-22,2025-26,PHX,TOR,1,0.4774731736096847
2026-03-22,2025-26,SAC,BKN,1,0.4486261199972366
2026-03-22,2025-26,BOS,MIN,0,0.6965616820430655
2026-03-22,2025-26,DEN,POR,1,0.6869263567267053
2026-03-22,2025-26,NYK,WAS,1,0.9368612352664089
2026-03-23,2025-26,PHI,OKC,0,0.34694652397099446
2026-03-23,2025-26,DAL,GSW,0,0.3054260402065615
2026-03-23,2025-26,ATL,MEM,1,0.7620108910257998
2026-03-23,2025-26,CHI,HOU,1,0.3336132094421892
2026-03-23,2025-26,UTA,TOR,0,0.3678785696479931
2026-03-23,2025-26,POR,BKN,1,0.7411708523757744
2026-03-23,2025-26,DET,LAL,1,0.6542269733560514
2026-03-23,2025-26,MIA,SAS,0,0.3667101235609659
2026-03-23,2025-26,ORL,IND,0,0.8353871923450847
2026-03-23,2025-26,LAC,MIL,1,0.6930804885774949
2026-03-24,2025-26,CLE,ORL,1,0.7412805631090784
2026-03-24,2025-26,NYK,NOP,1,0.8212945241511086
2026-03-24,2025-26,PHX,DEN,0,0.5324961453282853
2026-03-24,2025-26,CHA,SAC,1,0.801487363892977
2026-03-25,2025-26,DET,ATL,0,0.724649731101667
2026-03-25,2025-26,DEN,DAL,1,0.7923370477023676
2026-03-25,2025-26,PHI,CHI,1,0.6532355262357267
2026-03-25,2025-26,MIN,HOU,1,0.5949638701653982
2026-03-25,2025-26,LAC,TOR,1,0.5566112220268231
2026-03-25,2025-26,MEM,SAS,0,0.15409094774071375
2026-03-25,2025-26,BOS,OKC,1,0.526938211512629
2026-03-25,2025-26,IND,LAL,0,0.11973763219097858
2026-03-25,2025-26,UTA,WAS,0,0.5680866863585018
2026-03-25,2025-26,GSW,BKN,1,0.6741757072561262
2026-03-25,2025-26,CLE,MIA,0,0.6536717516023443
2026-03-25,2025-26,POR,MIL,1,0.6649229699312073
2026-03-26,2025-26,ORL,SAC,1,0.8162764516959252
2026-03-26,2025-26,CHA,NYK,1,0.48385819418644976
2026-03-26,2025-26,DET,NOP,1,0.7999875321175348
2026-03-27,2025-26,TOR,NOP,1,0.7597128270683801
2026-03-27,2025-26,OKC,CHI,1,0.8904358960065601
2026-03-27,2025-26,DEN,UTA,1,0.8343671694274188
2026-03-27,2025-26,POR,DAL,0,0.7279675154395503
2026-03-27,2025-26,GSW,WAS,1,0.7481658861436411
2026-03-27,2025-26,LAL,BKN,1,0.8846449318030843
2026-03-27,2025-26,BOS,ATL,1,0.6661124510331905
2026-03-27,2025-26,CLE,MIA,1,0.7135895149613081
2026-03-27,2025-26,IND,LAC,0,0.158441657959569
2026-03-27,2025-26,MEM,HOU,0,0.22748226781090294
2026-03-28,2025-26,CHA,PHI,0,0.6291005752699392
2026-03-28,2025-26,MIN,DET,0,0.39210838641352364
2026-03-28,2025-26,PHX,UTA,1,0.8504336840198651
2026-03-28,2025-26,MEM,CHI,1,0.40489378595742287
2026-03-28,2025-26,ATL,SAC,1,0.7875241207087951
2026-03-28,2025-26,MIL,SAS,0,0.19283522653802274
2026-03-29,2025-26,MIL,LAC,0,0.22339456527059764
2026-03-29,2025-26,BKN,SAC,1,0.45295656689860336
2026-03-29,2025-26,DEN,GSW,1,0.7418106616991944
2026-03-29,2025-26,CHA,BOS,0,0.4544101054765441
2026-03-29,2025-26,TOR,ORL,1,0.5783002855651229
2026-03-29,2025-26,NOP,HOU,0,0.3116930331848302
2026-03-29,2025-26,POR,WAS,1,0.7739419407849585
2026-03-29,2025-26,OKC,NYK,1,0.7378711088549174
2026-03-29,2025-26,IND,MIA,1,0.22326760226294387
2026-03-30,2025-26,DAL,MIN,0,0.2254282653154604
2026-03-30,2025-26,LAL,WAS,1,0.9188784697396664
2026-03-30,2025-26,ATL,BOS,1,0.6003431430403161
2026-03-30,2025-26,OKC,DET,1,0.5881325027809583
2026-03-30,2025-26,UTA,CLE,0,0.14540337214422774
2026-03-30,2025-26,MEM,PHX,0,0.22009288294191837
2026-03-30,2025-26,SAS,CHI,1,0.9088401763739407
2026-03-30,2025-26,MIA,PHI,1,0.3699345981031133
2026-03-31,2025-26,ORL,PHX,1,0.578490633368414
2026-03-31,2025-26,LAL,CLE,1,0.6753588235131942
2026-03-31,2025-26,DET,TOR,1,0.6664469290594405
2026-03-31,2025-26,BKN,CHA,0,0.13568239754053021
2026-03-31,2025-26,MIL,DAL,1,0.614721796190545
2026-03-31,2025-26,LAC,POR,0,0.5952163494805939
2026-03-31,2025-26,HOU,NYK,1,0.5261051057257778
2026-04-01,2025-26,MEM,NYK,0,0.21404038736148825
2026-04-01,2025-26,UTA,DEN,0,0.1354759813583709
2026-04-01,2025-26,HOU,MIL,1,0.8165305543301355
2026-04-01,2025-26,CHI,IND,0,0.5840127080253436
2026-04-01,2025-26,TOR,SAC,0,0.8068839286214413
2026-04-01,2025-26,MIA,BOS,0,0.3510834658459258
2026-04-01,2025-26,GSW,SAS,0,0.27195264969448635
2026-04-01,2025-26,ORL,ATL,0,0.428215142407451
2026-04-01,2025-26,WAS,PHI,0,0.1565943831762401
2026-04-02,2025-26,OKC,LAL,1,0.730636721223468
2026-04-02,2025-26,GSW,CLE,0,0.3057925286588338
2026-04-02,2025-26,DET,MIN,1,0.7198394162430276
2026-04-02,2025-26,LAC,SAS,0,0.4363011989811528
2026-04-02,2025-26,CHA,PHX,1,0.630008279549489
2026-04-02,2025-26,POR,NOP,1,0.709973483049304
2026-04-03,2025-26,SAC,NOP,1,0.49258507491855896
2026-04-03,2025-26,BKN,ATL,0,0.12979967444704196
2026-04-03,2025-26,MEM,TOR,0,0.2026541610423419
2026-04-03,2025-26,HOU,UTA,1,0.8764022014474724
2026-04-03,2025-26,DAL,ORL,0,0.27182625066567356
2026-04-03,2025-26,MIL,BOS,0,0.2649422103604591
2026-04-03,2025-26,PHI,MIN,1,0.5594084102169826
2026-04-03,2025-26,CHA,IND,1,0.7924814088342398
2026-04-03,2025-26,NYK,CHI,1,0.860931460946716
2026-04-04,2025-26,DEN,SAS,1,0.48788412105628115
2026-04-04,2025-26,MIA,WAS,1,0.7578462076679044
2026-04-04,2025-26,PHI,DET,0,0.28395109808790975
2026-04-05,2025-26,GSW,HOU,0,0.35228261318180637
2026-04-05,2025-26,BOS,TOR,1,0.7309681030939463
2026-04-05,2025-26,NOP,ORL,0,0.3151395107426354
2026-04-05,2025-26,CLE,IND,1,0.8675200079181276
2026-04-05,2025-26,DAL,LAL,1,0.12196273759022977
2026-04-05,2025-26,MIN,CHA,0,0.5123370056763245
2026-04-05,2025-26,BKN,WAS,1,0.47508709513668324
2026-04-05,2025-26,CHI,PHX,0,0.2952580443204189
2026-04-05,2025-26,SAC,LAC,0,0.21356210648137333
2026-04-05,2025-26,OKC,UTA,1,0.9439428480206072
2026-04-05,2025-26,MIL,MEM,1,0.5411112623479982
2026-04-06,2025-26,SAS,PHI,1,0.845998687661586
2026-04-06,2025-26,DEN,POR,1,0.7046100045534655
2026-04-06,2025-26,ORL,DET,1,0.2542535585476462
2026-04-06,2025-26,ATL,NYK,0,0.5072739721831973
2026-04-06,2025-26,MEM,CLE,0,0.1803611133140283
2026-04-07,2025-26,TOR,MIA,1,0.6378564929396496
2026-04-07,2025-26,LAC,DAL,1,0.7833451298047353
2026-04-07,2025-26,IND,MIN,0,0.2161751220651012
2026-04-07,2025-26,GSW,SAC,1,0.7461482605907533
2026-04-07,2025-26,BKN,MIL,1,0.2729367180269655
2026-04-07,2025-26,LAL,OKC,0,0.43724559940680907
2026-04-07,2025-26,PHX,HOU,0,0.39792019115015265
2026-04-07,2025-26,BOS,CHA,1,0.7409235187223956
2026-04-07,2025-26,NOP,UTA,1,0.5657425759021338
2026-04-07,2025-26,WAS,CHI,0,0.2994521634536401
2026-04-08,2025-26,ORL,MIN,1,0.5859609153730383
2026-04-08,2025-26,PHX,DAL,1,0.7691524321368635
2026-04-08,2025-26,DEN,MEM,1,0.8781420834288163
2026-04-08,2025-26,DET,MIL,1,0.9007825534847488
2026-04-08,2025-26,SAS,POR,1,0.8430641331285673
2026-04-08,2025-26,CLE,ATL,1,0.624437283378573
2026-04-08,2025-26,LAC,OKC,0,0.31137896639680274
2026-04-09,2025-26,GSW,LAL,0,0.353731827293045
2026-04-09,2025-26,NYK,BOS,1,0.6327096635109386
2026-04-09,2025-26,HOU,PHI,1,0.7238477202797545
2026-04-09,2025-26,WAS,CHI,0,0.29814626010721856
2026-04-09,2025-26,BKN,IND,0,0.36623488251633785
2026-04-09,2025-26,TOR,MIA,1,0.6284845544714127
2026-04-10,2025-26,MIL,BKN,1,0.6756554000582715
2026-04-10,2025-26,HOU,MIN,0,0.6499624472359803
2026-04-10,2025-26,SAC,GSW,1,0.35087645233310977
2026-04-10,2025-26,IND,PHI,0,0.24329339567671454
2026-04-10,2025-26,ATL,CLE,1,0.5093036576619995
2026-04-10,2025-26,WAS,MIA,0,0.21395206191977553
2026-04-10,2025-26,LAL,PHX,1,0.5889540641810161
2026-04-10,2025-26,CHI,ORL,0,0.2698247221135573
2026-04-10,2025-26,BOS,NOP,1,0.8537843814177457
2026-04-10,2025-26,CHA,DET,0,0.44794239191082774
2026-04-10,2025-26,UTA,MEM,1,0.32178010140921004
2026-04-10,2025-26,SAS,DAL,1,0.9273265221580791
2026-04-10,2025-26,NYK,TOR,1,0.7401892924962712
2026-04-10,2025-26,POR,LAC,1,0.42810218950741036
2026-04-10,2025-26,DEN,OKC,1,0.44234032982616167
2026-04-12,2025-26,NYK,CHA,0,0.7576834377490976
2026-04-12,2025-26,LAL,UTA,1,0.9119936570522222
2026-04-12,2025-26,BOS,ORL,1,0.7814973685789239
2026-04-12,2025-26,PHI,MIL,1,0.6768111613613648
2026-04-12,2025-26,CLE,WAS,1,0.916100181627249
2026-04-12,2025-26,MIN,NOP,1,0.7142118588346299
2026-04-12,2025-26,POR,SAC,1,0.7876582701835777
2026-04-12,2025-26,SAS,DEN,0,0.7803494230660939
2026-04-12,2025-26,TOR,BKN,1,0.832095417794614
2026-04-12,2025-26,MIA,ATL,1,0.41691503452684453
2026-04-12,2025-26,DAL,CHI,1,0.3621030578192095
2026-04-12,2025-26,OKC,PHX,0,0.8558787308709357
2026-04-12,2025-26,HOU,MEM,1,0.8860089995315764
2026-04-12,2025-26,IND,DET,0,0.09990056019639512
2026-04-12,2025-26,LAC,GSW,1,0.6183796870443621
