game_id,date,season,home,away,home_win,p_home
0022400061,2024-10-22,2024-25,BOS,NYK,1,0.47688785
0022400062,2024-10-22,2024-25,LAL,MIN,1,0.51975596
0022400063,2024-10-23,2024-25,DET,IND,0,0.2969417
0022400064,2024-10-23,2024-25,ATL,BKN,1,0.68375105
0022400065,2024-10-23,2024-25,MIA,ORL,0,0.5937451
0022400066,2024-10-23,2024-25,PHI,MIL,0,0.6020889
0022400067,2024-10-23,2024-25,TOR,CLE,0,0.29244393
0022400068,2024-10-23,2024-25,HOU,CHA,0,0.7676998
0022400069,2024-10-23,2024-25,NOP,CHI,1,0.5941429
0022400070,2024-10-23,2024-25,UTA,MEM,0,0.7362448
0022400071,2024-10-23,2024-25,LAC,PHX,0,0.34696913
0022400072,2024-10-23,2024-25,POR,GSW,0,0.23944733
0022400073,2024-10-24,2024-25,WAS,BOS,0,0.44183227
0022400074,2024-10-24,2024-25,DAL,SAS,1,0.7247949
0022400075,2024-10-24,2024-25,DEN,OKC,0,0.6689423
0022400076,2024-10-24,2024-25,SAC,MIN,0,0.7360515
0022400077,2024-10-25,2024-25,ORL,BKN,1,0.6512214
0022400078,2024-10-25,2024-25,TOR,PHI,1,0.44138613
0022400079,2024-10-25,2024-25,ATL,CHA,1,0.5880104
0022400080,2024-10-25,2024-25,CLE,DET,1,0.6750489
0022400081,2024-10-25,2024-25,NYK,IND,1,0.52411467
0022400082,2024-10-25,2024-25,HOU,MEM,1,0.58728504
0022400083,2024-10-25,2024-25,MIL,CHI,0,0.53852725
0022400084,2024-10-25,2024-25,UTA,GSW,0,0.33944303
0022400085,2024-10-25,2024-25,LAL,PHX,1,0.51965654
0022400086,2024-10-25,2024-25,POR,NOP,0,0.45057097
0022400087,2024-10-26,2024-25,DEN,LAC,0,0.50425446
0022400088,2024-10-26,2024-25,CHA,MIA,0,0.59427714
0022400089,2024-10-26,2024-25,DET,BOS,0,0.11458905
0022400090,2024-10-26,2024-25,WAS,CLE,0,0.24802904
0022400091,2024-10-26,2024-25,CHI,OKC,0,0.41527405
0022400092,2024-10-26,2024-25,MEM,ORL,1,0.1297023
0022400093,2024-10-26,2024-25,MIN,TOR,1,0.92151976
0022400094,2024-10-26,2024-25,SAS,HOU,1,0.7132036
0022400095,2024-10-26,2024-25,PHX,DAL,1,0.5408754
0022400096,2024-10-26,2024-25,LAL,SAC,1,0.6527426
0022400097,2024-10-27,2024-25,IND,PHI,0,0.76684266
0022400098,2024-10-27,2024-25,BKN,MIL,1,0.2898044
0022400099,2024-10-27,2024-25,POR,NOP,1,0.10514977
0022400100,2024-10-27,2024-25,OKC,ATL,1,0.5921635
0022400101,2024-10-27,2024-25,GSW,LAC,0,0.8227703
0022400102,2024-10-28,2024-25,ORL,IND,1,0.84114
0022400103,2024-10-28,2024-25,ATL,WAS,0,0.871588
0022400104,2024-10-28,2024-25,BOS,MIL,1,0.9103048
0022400105,2024-10-28,2024-25,MIA,DET,1,0.44811913
0022400106,2024-10-28,2024-25,NYK,CLE,0,0.17815214
0022400107,2024-10-28,2024-25,TOR,DEN,0,0.30921143
0022400108,2024-10-28,2024-25,MEM,CHI,0,0.2903678
0022400109,2024-10-28,2024-25,SAS,HOU,0,0.31196052
0022400110,2024-10-28,2024-25,DAL,UTA,1,0.7913572
0022400111,2024-10-28,2024-25,PHX,LAL,1,0.40760654
0022400112,2024-10-28,2024-25,SAC,POR,1,0.94692403
0022400113,2024-10-29,2024-25,BKN,DEN,0,0.4166192
0022400114,2024-10-29,2024-25,MIN,DAL,0,0.6820649
0022400115,2024-10-29,2024-25,UTA,SAC,0,0.20012584
0022400116,2024-10-29,2024-25,GSW,NOP,1,0.79823375
0022400117,2024-10-30,2024-25,CHA,TOR,1,0.8092729
0022400118,2024-10-30,2024-25,CLE,LAL,1,0.66259766
0022400119,2024-10-30,2024-25,IND,BOS,1,0.2554305
0022400120,2024-10-30,2024-25,PHI,DET,0,0.60374665
0022400121,2024-10-30,2024-25,WAS,ATL,1,0.19709574
0022400122,2024-10-30,2024-25,MIA,NYK,0,0.40272242
0022400123,2024-10-30,2024-25,CHI,ORL,1,0.36785302
0022400124,2024-10-30,2024-25,MEM,BKN,0,0.5205467
0022400125,2024-10-30,2024-25,OKC,SAS,1,0.80677664
0022400126,2024-10-30,2024-25,GSW,NOP,1,0.72106045
0022400127,2024-10-30,2024-25,LAC,POR,0,0.8223138
0022400128,2024-10-31,2024-25,MEM,MIL,1,0.38217327
0022400129,2024-10-31,2024-25,DAL,HOU,0,0.6497
0022400130,2024-10-31,2024-25,UTA,SAS,0,0.5184193
0022400131,2024-10-31,2024-25,LAC,PHX,0,0.47362846
0022400132,2024-11-01,2024-25,CHA,BOS,0,0.2296652
0022400133,2024-11-01,2024-25,CLE,ORL,1,0.666183
0022400134,2024-11-01,2024-25,DET,NYK,0,0.36274433
0022400135,2024-11-01,2024-25,ATL,SAC,0,0.39533833
0022400136,2024-11-01,2024-25,BKN,CHI,1,0.51770115
0022400137,2024-11-01,2024-25,TOR,LAL,0,0.21282509
0022400138,2024-11-01,2024-25,NOP,IND,1,0.40473655
0022400139,2024-11-01,2024-25,MIN,DEN,1,0.62313104
0022400140,2024-11-01,2024-25,POR,OKC,0,0.18547307
0022400141,2024-11-02,2024-25,CHA,BOS,0,0.35194403
0022400142,2024-11-02,2024-25,PHI,MEM,0,0.7446263
0022400143,2024-11-02,2024-25,TOR,SAC,1,0.19745608
0022400144,2024-11-02,2024-25,HOU,GSW,0,0.45555264
0022400145,2024-11-02,2024-25,MIL,CLE,0,0.3788632
0022400146,2024-11-02,2024-25,SAS,MIN,1,0.37384325
0022400148,2024-11-02,2024-25,DEN,UTA,1,0.88751286
0022400149,2024-11-02,2024-25,PHX,POR,1,0.8561948
0022400150,2024-11-02,2024-25,LAC,OKC,0,0.54144514
0022400151,2024-11-03,2024-25,BKN,DET,0,0.6825081
0022400152,2024-11-03,2024-25,NOP,ATL,0,0.45661288
0022400153,2024-11-03,2024-25,DAL,ORL,1,0.6553985
0022400154,2024-11-04,2024-25,CLE,MIL,1,0.81971884
0022400155,2024-11-04,2024-25,WAS,GSW,0,0.14959155
0022400156,2024-11-04,2024-25,DET,LAL,1,0.3111016
0022400157,2024-11-04,2024-25,ATL,BOS,0,0.18641229
0022400158,2024-11-04,2024-25,BKN,MEM,1,0.66477317
0022400159,2024-11-04,2024-25,MIA,SAC,0,0.3171551
0022400160,2024-11-04,2024-25,CHI,UTA,0,0.8443701
0022400161,2024-11-04,2024-25,HOU,NYK,1,0.5272886
0022400162,2024-11-04,2024-25,MIN,CHA,1,0.6466885
0022400163,2024-11-04,2024-25,OKC,ORL,1,0.8265344
0022400164,2024-11-04,2024-25,NOP,POR,0,0.5474943
0022400165,2024-11-04,2024-25,DAL,IND,0,0.5495418
0022400166,2024-11-04,2024-25,DEN,TOR,1,0.79428196
0022400167,2024-11-04,2024-25,PHX,PHI,1,0.75661474
0022400168,2024-11-04,2024-25,LAC,SAS,1,0.7371868
0022400169,2024-11-06,2024-25,CHA,DET,1,0.5605468
0022400170,2024-11-06,2024-25,IND,ORL,1,0.66464186
0022400171,2024-11-06,2024-25,ATL,NYK,1,0.2793907
0022400172,2024-11-06,2024-25,BOS,GSW,0,0.5762232
0022400173,2024-11-06,2024-25,HOU,SAS,1,0.633375
0022400174,2024-11-06,2024-25,MEM,LAL,1,0.41487655
0022400175,2024-11-06,2024-25,NOP,CLE,0,0.16895315
0022400176,2024-11-06,2024-25,DAL,CHI,1,0.749287
0022400177,2024-11-06,2024-25,DEN,OKC,1,0.45535874
0022400178,2024-11-06,2024-25,PHX,MIA,1,0.6811932
0022400179,2024-11-06,2024-25,LAC,PHI,1,0.69506
0022400180,2024-11-06,2024-25,SAC,TOR,1,0.8744648
0022400181,2024-11-07,2024-25,CHI,MIN,0,0.4386527
0022400182,2024-11-07,2024-25,MIL,UTA,1,0.86148024
0022400183,2024-11-07,2024-25,SAS,POR,1,0.569583
0022400184,2024-11-08,2024-25,CHA,IND,1,0.4245814
0022400185,2024-11-08,2024-25,DET,ATL,1,0.59173024
0022400186,2024-11-08,2024-25,ORL,NOP,1,0.59968233
0022400187,2024-11-08,2024-25,BOS,BKN,1,0.79181135
0022400188,2024-11-08,2024-25,CLE,GSW,1,0.6144282
0022400189,2024-11-08,2024-25,NYK,MIL,1,0.80670327
0022400190,2024-11-08,2024-25,DAL,PHX,0,0.49765253
0022400191,2024-11-08,2024-25,MEM,WAS,1,0.7275435
0022400192,2024-11-08,2024-25,OKC,HOU,1,0.8182853
0022400193,2024-11-08,2024-25,MIN,POR,1,0.7898487
0022400194,2024-11-08,2024-25,DEN,MIA,1,0.64949477
0022400195,2024-11-08,2024-25,LAL,PHI,1,0.66090554
0022400196,2024-11-08,2024-25,SAC,LAC,0,0.7239548
0022400197,2024-11-09,2024-25,SAS,UTA,0,0.7359547
0022400198,2024-11-09,2024-25,ATL,CHI,0,0.52546793
0022400199,2024-11-09,2024-25,CLE,BKN,1,0.7607484
0022400200,2024-11-09,2024-25,LAC,TOR,1,0.7549573
0022400201,2024-11-10,2024-25,DET,HOU,0,0.4938311
0022400202,2024-11-10,2024-25,MIL,BOS,0,0.26436037
0022400203,2024-11-10,2024-25,IND,NYK,1,0.43605092
0022400204,2024-11-10,2024-25,ORL,WAS,1,0.7029673
0022400205,2024-11-10,2024-25,PHI,CHA,1,0.5063837
0022400206,2024-11-10,2024-25,MIN,MIA,0,0.69345826
0022400207,2024-11-10,2024-25,OKC,GSW,0,0.5901314
0022400208,2024-11-10,2024-25,DEN,DAL,1,0.5620632
0022400209,2024-11-10,2024-25,PHX,SAC,0,0.49080935
0022400210,2024-11-10,2024-25,POR,MEM,0,0.48785958
0022400211,2024-11-10,2024-25,LAL,TOR,1,0.76299936
0022400212,2024-11-11,2024-25,CHI,CLE,0,0.24534102
0022400213,2024-11-11,2024-25,HOU,WAS,1,0.84969914
0022400214,2024-11-11,2024-25,NOP,BKN,0,0.33417273
0022400215,2024-11-11,2024-25,OKC,LAC,1,0.668282
0022400216,2024-11-11,2024-25,SAS,SAC,1,0.36857522
0022400001,2024-11-12,2024-25,BOS,ATL,0,0.8549564
0022400002,2024-11-12,2024-25,DET,MIA,1,0.53746384
0022400003,2024-11-12,2024-25,ORL,CHA,1,0.52700067
0022400004,2024-11-12,2024-25,PHI,NYK,0,0.23807125
0022400005,2024-11-12,2024-25,MIL,TOR,1,0.71774733
0022400006,2024-11-12,2024-25,UTA,PHX,0,0.19431539
0022400007,2024-11-12,2024-25,GSW,DAL,1,0.5943329
0022400008,2024-11-12,2024-25,POR,MIN,1,0.20426488
0022400217,2024-11-13,2024-25,ORL,IND,1,0.5135077
0022400218,2024-11-13,2024-25,BKN,BOS,0,0.35800022
0022400219,2024-11-13,2024-25,NYK,CHI,0,0.7253675
0022400220,2024-11-13,2024-25,PHI,CLE,0,0.1219556
0022400221,2024-11-13,2024-25,OKC,NOP,1,0.85848826
0022400222,2024-11-13,2024-25,HOU,LAC,1,0.45227194
0022400223,2024-11-13,2024-25,MIL,DET,1,0.5810357
0022400224,2024-11-13,2024-25,SAS,WAS,1,0.769284
0022400225,2024-11-13,2024-25,LAL,MEM,1,0.650246
0022400226,2024-11-13,2024-25,POR,MIN,1,0.19317232
0022400227,2024-11-13,2024-25,SAC,PHX,1,0.69331306
0022400228,2024-11-14,2024-25,UTA,DAL,1,0.15579242
0022400009,2024-11-15,2024-25,IND,MIA,0,0.5693235
0022400010,2024-11-15,2024-25,ORL,PHI,1,0.690066
0022400011,2024-11-15,2024-25,TOR,DET,0,0.49282378
0022400012,2024-11-15,2024-25,ATL,WAS,1,0.7660207
0022400013,2024-11-15,2024-25,CLE,CHI,1,0.8116882
0022400014,2024-11-15,2024-25,NYK,BKN,1,0.7201209
0022400015,2024-11-15,2024-25,SAS,LAL,0,0.4588309
0022400016,2024-11-15,2024-25,HOU,LAC,1,0.5775287
0022400017,2024-11-15,2024-25,NOP,DEN,1,0.196457
0022400018,2024-11-15,2024-25,OKC,PHX,1,0.723919
0022400019,2024-11-15,2024-25,GSW,MEM,1,0.7131306
0022400020,2024-11-15,2024-25,SAC,MIN,0,0.52883184
0022400229,2024-11-16,2024-25,CHA,MIL,1,0.4739965
0022400230,2024-11-16,2024-25,BOS,TOR,1,0.90103906
0022400231,2024-11-16,2024-25,NOP,LAL,0,0.31686452
0022400232,2024-11-16,2024-25,DAL,SAS,1,0.7416737
0022400233,2024-11-16,2024-25,SAC,UTA,1,0.8650504
0022400234,2024-11-17,2024-25,MIN,PHX,1,0.732556
0022400235,2024-11-17,2024-25,IND,MIA,1,0.491262
0022400236,2024-11-17,2024-25,CLE,CHA,1,0.86859095
0022400237,2024-11-17,2024-25,WAS,DET,0,0.31470704
0022400238,2024-11-17,2024-25,MEM,DEN,1,0.53413314
0022400239,2024-11-17,2024-25,POR,ATL,1,0.3577085
0022400240,2024-11-17,2024-25,NYK,BKN,1,0.67229426
0022400241,2024-11-17,2024-25,CHI,HOU,0,0.52583295
0022400242,2024-11-17,2024-25,OKC,DAL,0,0.7374758
0022400243,2024-11-17,2024-25,LAC,UTA,1,0.8385771
0022400244,2024-11-18,2024-25,DET,CHI,0,0.5401126
0022400245,2024-11-18,2024-25,MIA,PHI,1,0.7650028
0022400246,2024-11-18,2024-25,NYK,WAS,1,0.90094846
0022400247,2024-11-18,2024-25,TOR,IND,1,0.53058124
0022400248,2024-11-18,2024-25,MIL,HOU,1,0.6000864
0022400249,2024-11-18,2024-25,PHX,ORL,0,0.49788326
0022400250,2024-11-18,2024-25,SAC,ATL,0,0.739054
0022400251,2024-11-18,2024-25,LAC,GSW,1,0.3763263
0022400021,2024-11-19,2024-25,BOS,CLE,1,0.6482438
0022400022,2024-11-19,2024-25,BKN,CHA,1,0.6551272
0022400023,2024-11-19,2024-25,MEM,DEN,0,0.5836945
0022400024,2024-11-19,2024-25,DAL,NOP,1,0.82583207
0022400025,2024-11-19,2024-25,SAS,OKC,1,0.37635952
0022400026,2024-11-19,2024-25,LAL,UTA,1,0.7870869
0022400252,2024-11-20,2024-25,CLE,NOP,1,0.9012474
0022400253,2024-11-20,2024-25,MIL,CHI,1,0.6665931
0022400254,2024-11-20,2024-25,HOU,IND,1,0.7326482
0022400255,2024-11-20,2024-25,MEM,PHI,1,0.7225602
0022400256,2024-11-20,2024-25,OKC,POR,1,0.8124394
0022400257,2024-11-20,2024-25,PHX,NYK,0,0.42978373
0022400258,2024-11-20,2024-25,GSW,ATL,1,0.7496464
0022400259,2024-11-20,2024-25,LAC,ORL,1,0.61475646
0022400260,2024-11-21,2024-25,CHA,DET,1,0.5037431
0022400261,2024-11-21,2024-25,TOR,MIN,1,0.27668622
0022400262,2024-11-21,2024-25,SAS,UTA,1,0.7729443
0022400263,2024-11-21,2024-25,LAL,ORL,0,0.6949609
0022400027,2024-11-22,2024-25,PHI,BKN,1,0.4261329
0022400028,2024-11-22,2024-25,WAS,BOS,0,0.09525094
0022400029,2024-11-22,2024-25,MIL,IND,1,0.6124202
0022400030,2024-11-22,2024-25,CHI,ATL,1,0.5883485
0022400031,2024-11-22,2024-25,HOU,POR,1,0.78089786
0022400032,2024-11-22,2024-25,NOP,GSW,0,0.16070022
0022400033,2024-11-22,2024-25,DEN,DAL,0,0.4854269
0022400034,2024-11-22,2024-25,LAC,SAC,1,0.47719976
0022400264,2024-11-23,2024-25,UTA,NYK,1,0.17957978
0022400265,2024-11-23,2024-25,ORL,DET,1,0.52494335
0022400266,2024-11-23,2024-25,CHI,MEM,0,0.48715463
0022400267,2024-11-23,2024-25,HOU,POR,0,0.8039974
0022400268,2024-11-23,2024-25,MIL,CHA,1,0.617499
0022400269,2024-11-23,2024-25,SAS,GSW,1,0.49793682
0022400270,2024-11-23,2024-25,LAL,DEN,0,0.59454405
0022400271,2024-11-24,2024-25,BOS,MIN,1,0.65567166
0022400272,2024-11-24,2024-25,IND,WAS,1,0.79584724
0022400273,2024-11-24,2024-25,MIA,DAL,1,0.5048228
0022400274,2024-11-24,2024-25,PHI,LAC,0,0.36546704
0022400275,2024-11-24,2024-25,CLE,TOR,1,0.75787634
0022400276,2024-11-24,2024-25,SAC,BKN,0,0.71090186
0022400277,2024-11-25,2024-25,CHA,ORL,0,0.47207582
0022400278,2024-11-25,2024-25,DET,TOR,1,0.6955452
0022400279,2024-11-25,2024-25,IND,NOP,1,0.6498277
0022400280,2024-11-25,2024-25,ATL,DAL,0,0.47042882
0022400281,2024-11-25,2024-25,BOS,LAC,1,0.8385055
0022400282,2024-11-25,2024-25,MEM,POR,1,0.76615804
0022400283,2024-11-25,2024-25,DEN,NYK,0,0.3965621
0022400284,2024-11-25,2024-25,GSW,BKN,0,0.83436203
0022400285,2024-11-25,2024-25,SAC,OKC,0,0.4821457
0022400035,2024-11-26,2024-25,WAS,CHI,0,0.21440513
0022400036,2024-11-26,2024-25,MIA,MIL,0,0.5276262
0022400037,2024-11-26,2024-25,MIN,HOU,0,0.5319799
0022400038,2024-11-26,2024-25,UTA,SAS,0,0.36887115
0022400039,2024-11-26,2024-25,PHX,LAL,1,0.47858658
0022400286,2024-11-27,2024-25,CHA,MIA,0,0.49394542
0022400287,2024-11-27,2024-25,CLE,ATL,0,0.8147858
0022400288,2024-11-27,2024-25,IND,POR,1,0.6499221
0022400289,2024-11-27,2024-25,ORL,CHI,1,0.6730396
0022400290,2024-11-27,2024-25,PHI,HOU,0,0.35380256
0022400291,2024-11-27,2024-25,WAS,LAC,0,0.1762787
0022400292,2024-11-27,2024-25,DAL,NYK,1,0.37944192
0022400293,2024-11-27,2024-25,MEM,DET,1,0.6781648
0022400294,2024-11-27,2024-25,MIN,SAC,0,0.540544
0022400295,2024-11-27,2024-25,NOP,TOR,0,0.49573258
0022400296,2024-11-27,2024-25,SAS,LAL,0,0.5626662
0022400297,2024-11-27,2024-25,PHX,BKN,0,0.5882219
0022400298,2024-11-27,2024-25,UTA,DEN,0,0.26485017
0022400299,2024-11-27,2024-25,GSW,OKC,0,0.53906393
0022400040,2024-11-29,2024-25,CHA,NYK,0,0.18883081
0022400041,2024-11-29,2024-25,ATL,CLE,1,0.25419068
0022400042,2024-11-29,2024-25,MEM,NOP,1,0.7830817
0022400043,2024-11-29,2024-25,BKN,ORL,0,0.49872974
0022400044,2024-11-29,2024-25,MIN,LAC,1,0.6601505
0022400045,2024-11-29,2024-25,IND,DET,0,0.6311116
0022400046,2024-11-29,2024-25,MIA,TOR,1,0.7147311
0022400047,2024-11-29,2024-25,CHI,BOS,0,0.39638695
0022400048,2024-11-29,2024-25,LAL,OKC,0,0.3466654
0022400049,2024-11-29,2024-25,POR,SAC,1,0.32846066
0022400300,2024-11-30,2024-25,CHA,ATL,0,0.42710438
0022400301,2024-11-30,2024-25,DET,PHI,0,0.5938395
0022400302,2024-11-30,2024-25,MIL,WAS,1,0.88769907
0022400303,2024-11-30,2024-25,PHX,GSW,1,0.53255683
0022400304,2024-11-30,2024-25,UTA,DAL,0,0.3140029
0022400305,2024-12-01,2024-25,BKN,ORL,0,0.4094891
0022400306,2024-12-01,2024-25,MEM,IND,1,0.7035227
0022400307,2024-12-01,2024-25,CLE,BOS,1,0.48410425
0022400308,2024-12-01,2024-25,NYK,NOP,1,0.8913281
0022400309,2024-12-01,2024-25,TOR,MIA,1,0.4362073
0022400310,2024-12-01,2024-25,HOU,OKC,1,0.5277741
0022400311,2024-12-01,2024-25,UTA,LAL,0,0.3055855
0022400312,2024-12-01,2024-25,POR,DAL,0,0.46194562
0022400313,2024-12-01,2024-25,SAC,SAS,0,0.6573091
0022400314,2024-12-01,2024-25,LAC,DEN,1,0.5540969
0022400315,2024-12-02,2024-25,ATL,NOP,1,0.8133745
0022400316,2024-12-02,2024-25,BOS,MIA,1,0.7575129
0022400317,2024-12-02,2024-25,CHI,BKN,1,0.7343963
0022400318,2024-12-02,2024-25,MIN,LAL,1,0.76864076
0022400050,2024-12-03,2024-25,CHA,PHI,0,0.5413173
0022400051,2024-12-03,2024-25,CLE,WAS,1,0.92698133
0022400052,2024-12-03,2024-25,DET,MIL,0,0.38301885
0022400053,2024-12-03,2024-25,NYK,ORL,1,0.643556
0022400054,2024-12-03,2024-25,TOR,IND,1,0.5347067
0022400055,2024-12-03,2024-25,OKC,UTA,1,0.8444816
0022400056,2024-12-03,2024-25,DAL,MEM,1,0.56382966
0022400057,2024-12-03,2024-25,PHX,SAS,1,0.60979456
0022400058,2024-12-03,2024-25,DEN,GSW,1,0.66536725
0022400059,2024-12-03,2024-25,SAC,HOU,1,0.4876424
0022400060,2024-12-03,2024-25,LAC,POR,1,0.7762335
0022400319,2024-12-04,2024-25,BOS,DET,1,0.8222287
0022400320,2024-12-04,2024-25,BKN,IND,1,0.53215915
0022400321,2024-12-04,2024-25,MIA,LAL,1,0.570505
0022400322,2024-12-04,2024-25,PHI,ORL,0,0.38027775
0022400323,2024-12-04,2024-25,MIL,ATL,0,0.62198126
0022400324,2024-12-04,2024-25,LAC,MIN,0,0.50905836
0022400325,2024-12-05,2024-25,CLE,DEN,1,0.5792558
0022400326,2024-12-05,2024-25,WAS,DAL,0,0.16159105
0022400327,2024-12-05,2024-25,NYK,CHA,1,0.87343687
0022400328,2024-12-05,2024-25,TOR,OKC,0,0.3160215
0022400329,2024-12-05,2024-25,MEM,SAC,1,0.59935105
0022400330,2024-12-05,2024-25,NOP,PHX,1,0.27475742
0022400331,2024-12-05,2024-25,SAS,CHI,0,0.57224524
0022400332,2024-12-05,2024-25,GSW,HOU,1,0.5147445
0022400333,2024-12-06,2024-25,PHI,ORL,1,0.37224758
0022400334,2024-12-06,2024-25,ATL,LAL,1,0.61026996
0022400335,2024-12-06,2024-25,BOS,MIL,1,0.6942342
0022400336,2024-12-06,2024-25,CHI,IND,0,0.5977164
0022400337,2024-12-06,2024-25,SAS,SAC,0,0.44348314
0022400338,2024-12-06,2024-25,GSW,MIN,0,0.41112122
0022400339,2024-12-06,2024-25,POR,UTA,0,0.6096128
0022400340,2024-12-07,2024-25,CHA,CLE,0,0.14688496
0022400341,2024-12-07,2024-25,WAS,DEN,1,0.1321026
0022400342,2024-12-07,2024-25,NOP,OKC,0,0.19654796
0022400343,2024-12-07,2024-25,NYK,DET,0,0.76421064
0022400344,2024-12-07,2024-25,TOR,DAL,0,0.3915516
0022400345,2024-12-07,2024-25,BOS,MEM,0,0.73344344
0022400346,2024-12-07,2024-25,MIA,PHX,1,0.5360762
0022400347,2024-12-08,2024-25,CHI,PHI,0,0.68363357
0022400348,2024-12-08,2024-25,BKN,MIL,0,0.37483653
0022400349,2024-12-08,2024-25,IND,CHA,0,0.80949444
0022400350,2024-12-08,2024-25,ATL,DEN,0,0.5929401
0022400351,2024-12-08,2024-25,MIA,CLE,1,0.4574937
0022400352,2024-12-08,2024-25,ORL,PHX,1,0.6688538
0022400353,2024-12-08,2024-25,WAS,MEM,0,0.19521599
0022400354,2024-12-08,2024-25,SAS,NOP,1,0.7321455
0022400355,2024-12-08,2024-25,GSW,MIN,1,0.52263564
0022400356,2024-12-08,2024-25,LAC,HOU,0,0.44220158
0022400357,2024-12-08,2024-25,SAC,UTA,1,0.78772646
0022400358,2024-12-08,2024-25,LAL,POR,1,0.6108632
0022400359,2024-12-09,2024-25,TOR,NYK,0,0.272165
0022401201,2024-12-10,2024-25,MIL,ORL,1,0.67223436
0022401203,2024-12-10,2024-25,OKC,DAL,1,0.6186881
0022401202,2024-12-11,2024-25,NYK,ATL,0,0.80361164
0022401204,2024-12-11,2024-25,HOU,GSW,1,0.52551997
0022401205,2024-12-12,2024-25,BOS,DET,1,0.8414154
0022401206,2024-12-12,2024-25,MIA,TOR,1,0.70744467
0022401207,2024-12-12,2024-25,NOP,SAC,0,0.2627857
0022401208,2024-12-13,2024-25,CLE,WAS,1,0.90522045
0022401209,2024-12-13,2024-25,PHI,IND,0,0.5243547
0022401210,2024-12-13,2024-25,MIN,LAL,1,0.82265997
0022401211,2024-12-13,2024-25,MEM,BKN,1,0.5942952
0022401212,2024-12-13,2024-25,CHI,CHA,1,0.80893576
0022401213,2024-12-13,2024-25,DEN,LAC,1,0.5949799
0022401214,2024-12-13,2024-25,UTA,PHX,0,0.41073468
0022401215,2024-12-13,2024-25,POR,SAS,0,0.47532308
0022401216,2024-12-15,2024-25,IND,NOP,1,0.73665464
0022401217,2024-12-15,2024-25,WAS,BOS,0,0.11095522
0022401218,2024-12-15,2024-25,SAS,MIN,0,0.39647925
0022401219,2024-12-15,2024-25,PHX,POR,1,0.74967724
0022401220,2024-12-15,2024-25,LAL,MEM,1,0.4436803
0022401227,2024-12-15,2024-25,ORL,NYK,0,0.31031474
0022401228,2024-12-15,2024-25,GSW,DAL,0,0.46528518
0022401221,2024-12-16,2024-25,DET,MIA,1,0.41671914
0022401222,2024-12-16,2024-25,CHA,PHI,0,0.37308758
0022401223,2024-12-16,2024-25,TOR,CHI,0,0.42859975
0022401224,2024-12-16,2024-25,BKN,CLE,0,0.31398693
0022401225,2024-12-16,2024-25,SAC,DEN,0,0.5629503
0022401226,2024-12-16,2024-25,LAC,UTA,1,0.76586777
0022400360,2024-12-19,2024-25,DET,UTA,0,0.6595182
0022400361,2024-12-19,2024-25,ORL,OKC,0,0.3539144
0022400362,2024-12-19,2024-25,WAS,CHA,1,0.42072496
0022400363,2024-12-19,2024-25,BOS,CHI,0,0.78836143
0022400364,2024-12-19,2024-25,TOR,BKN,0,0.5538941
0022400365,2024-12-19,2024-25,HOU,NOP,1,0.8480539
0022400366,2024-12-19,2024-25,MEM,GSW,1,0.60495275
0022400367,2024-12-19,2024-25,MIN,NYK,0,0.40312272
0022400368,2024-12-19,2024-25,DAL,LAC,0,0.7046985
0022400369,2024-12-19,2024-25,PHX,IND,0,0.5841282
0022400370,2024-12-19,2024-25,SAS,ATL,1,0.43843022
0022400371,2024-12-19,2024-25,POR,DEN,1,0.26665488
0022400372,2024-12-19,2024-25,SAC,LAL,0,0.7092824
0022400373,2024-12-20,2024-25,PHI,CHA,1,0.7788527
0022400374,2024-12-20,2024-25,CLE,MIL,1,0.6126698
0022400375,2024-12-20,2024-25,MIA,OKC,0,0.5143981
0022400376,2024-12-21,2024-25,SAC,LAL,0,0.7107808
0022400377,2024-12-21,2024-25,ORL,MIA,1,0.5231758
0022400378,2024-12-21,2024-25,ATL,MEM,0,0.5473188
0022400379,2024-12-21,2024-25,BKN,UTA,0,0.6006009
0022400380,2024-12-21,2024-25,CLE,PHI,1,0.77919996
0022400381,2024-12-21,2024-25,CHI,BOS,0,0.32957548
0022400382,2024-12-21,2024-25,MIL,WAS,1,0.8374345
0022400383,2024-12-21,2024-25,MIN,GSW,0,0.62317926
0022400384,2024-12-21,2024-25,NOP,NYK,0,0.20102882
0022400385,2024-12-21,2024-25,DAL,LAC,1,0.5143298
0022400386,2024-12-21,2024-25,SAS,POR,1,0.6853059
0022400387,2024-12-21,2024-25,PHX,DET,0,0.685098
0022400388,2024-12-22,2024-25,TOR,HOU,0,0.37770104
0022400389,2024-12-22,2024-25,SAC,IND,0,0.5866526
0022400390,2024-12-22,2024-25,NOP,DEN,0,0.1697316
0022400391,2024-12-23,2024-25,CHA,HOU,0,0.37256148
0022400392,2024-12-23,2024-25,CLE,UTA,1,0.8422468
0022400393,2024-12-23,2024-25,ORL,BOS,1,0.24514216
0022400394,2024-12-23,2024-25,PHI,SAS,1,0.55500627
0022400395,2024-12-23,2024-25,ATL,MIN,1,0.3764341
0022400396,2024-12-23,2024-25,MIA,BKN,1,0.7394922
0022400397,2024-12-23,2024-25,NYK,TOR,1,0.90413034
0022400398,2024-12-23,2024-25,CHI,MIL,0,0.5816493
0022400399,2024-12-23,2024-25,MEM,LAC,0,0.58341736
0022400400,2024-12-23,2024-25,OKC,WAS,1,0.92993677
0022400401,2024-12-23,2024-25,DAL,POR,1,0.7433923
0022400402,2024-12-23,2024-25,DEN,PHX,1,0.60021955
0022400403,2024-12-23,2024-25,GSW,IND,0,0.62904346
0022400404,2024-12-23,2024-25,LAL,DET,0,0.5988771
0022400405,2024-12-25,2024-25,NYK,SAS,1,0.77870315
0022400406,2024-12-25,2024-25,DAL,MIN,0,0.57454705
0022400407,2024-12-25,2024-25,BOS,PHI,0,0.82842684
0022400408,2024-12-25,2024-25,GSW,LAL,0,0.6039063
0022400409,2024-12-25,2024-25,PHX,DEN,1,0.4566712
0022400410,2024-12-26,2024-25,IND,OKC,0,0.41288143
0022400411,2024-12-26,2024-25,ORL,MIA,0,0.5175943
0022400412,2024-12-26,2024-25,WAS,CHA,1,0.4747257
0022400413,2024-12-26,2024-25,ATL,CHI,1,0.5189159
0022400414,2024-12-26,2024-25,MEM,TOR,1,0.7827008
0022400415,2024-12-26,2024-25,MIL,BKN,0,0.7574155
0022400416,2024-12-26,2024-25,NOP,HOU,0,0.3150976
0022400417,2024-12-26,2024-25,POR,UTA,1,0.5901396
0022400418,2024-12-26,2024-25,SAC,DET,0,0.71795076
0022400419,2024-12-27,2024-25,ORL,NYK,0,0.18180375
0022400420,2024-12-27,2024-25,BOS,IND,1,0.7895
0022400421,2024-12-27,2024-25,BKN,SAS,0,0.2900351
0022400422,2024-12-27,2024-25,HOU,MIN,0,0.37644598
0022400423,2024-12-27,2024-25,NOP,MEM,0,0.2808841
0022400424,2024-12-27,2024-25,DEN,CLE,0,0.44235295
0022400425,2024-12-27,2024-25,PHX,DAL,0,0.36715025
0022400426,2024-12-27,2024-25,LAC,GSW,1,0.65522015
0022400427,2024-12-28,2024-25,ATL,MIA,1,0.5210216
0022400428,2024-12-28,2024-25,CHA,OKC,0,0.19757415
0022400429,2024-12-28,2024-25,WAS,NYK,0,0.14362802
0022400430,2024-12-28,2024-25,CHI,MIL,1,0.5078117
0022400431,2024-12-28,2024-25,GSW,PHX,1,0.5560769
0022400432,2024-12-28,2024-25,DEN,DET,1,0.6418067
0022400433,2024-12-28,2024-25,UTA,PHI,0,0.30930626
0022400434,2024-12-28,2024-25,POR,DAL,1,0.3806709
0022400435,2024-12-28,2024-25,LAL,SAC,1,0.44224167
0022400436,2024-12-29,2024-25,ORL,BKN,1,0.6877905
0022400437,2024-12-29,2024-25,BOS,IND,0,0.7655195
0022400438,2024-12-29,2024-25,TOR,ATL,0,0.56131303
0022400439,2024-12-29,2024-25,HOU,MIA,0,0.65727717
0022400440,2024-12-29,2024-25,OKC,MEM,1,0.5794958
0022400441,2024-12-29,2024-25,MIN,SAS,1,0.6995325
0022400442,2024-12-30,2024-25,CHA,CHI,0,0.2751581
0022400443,2024-12-30,2024-25,WAS,NYK,0,0.09431944
0022400444,2024-12-30,2024-25,NOP,LAC,0,0.25553396
0022400445,2024-12-30,2024-25,UTA,DEN,0,0.2386013
0022400446,2024-12-30,2024-25,GSW,CLE,0,0.31932077
0022400447,2024-12-30,2024-25,POR,PHI,0,0.3835447
0022400448,2024-12-30,2024-25,SAC,DAL,1,0.6434525
0022400449,2024-12-31,2024-25,BOS,TOR,1,0.86040086
0022400450,2024-12-31,2024-25,IND,MIL,0,0.45443577
0022400451,2024-12-31,2024-25,SAS,LAC,1,0.5078476
0022400452,2024-12-31,2024-25,OKC,MIN,1,0.60717654
0022400453,2024-12-31,2024-25,PHX,MEM,0,0.44875973
0022400454,2024-12-31,2024-25,LAL,CLE,0,0.40588945
0022400455,2025-01-01,2024-25,DET,ORL,1,0.58514124
0022400456,2025-01-01,2024-25,WAS,CHI,1,0.25153133
0022400457,2025-01-01,2024-25,MIA,NOP,1,0.7709856
0022400458,2025-01-01,2024-25,NYK,UTA,1,0.8840357
0022400459,2025-01-01,2024-25,TOR,BKN,1,0.45895454
0022400460,2025-01-01,2024-25,HOU,DAL,1,0.69295144
0022400461,2025-01-01,2024-25,DEN,ATL,1,0.6761329
0022400462,2025-01-01,2024-25,SAC,PHI,1,0.6804173
0022400463,2025-01-02,2024-25,MIA,IND,0,0.5042311
0022400464,2025-01-02,2024-25,MIN,BOS,0,0.4257014
0022400465,2025-01-02,2024-25,MIL,BKN,0,0.83788615
0022400466,2025-01-02,2024-25,OKC,LAC,1,0.72778535
0022400467,2025-01-02,2024-25,GSW,PHI,1,0.68400973
0022400468,2025-01-02,2024-25,LAL,POR,1,0.7367796
0022400469,2025-01-03,2024-25,DET,CHA,1,0.7624225
0022400470,2025-01-03,2024-25,TOR,ORL,0,0.42627692
0022400471,2025-01-03,2024-25,HOU,BOS,0,0.4573846
0022400472,2025-01-03,2024-25,NOP,WAS,1,0.66756505
0022400473,2025-01-03,2024-25,OKC,NYK,1,0.4329092
0022400474,2025-01-03,2024-25,DAL,CLE,0,0.28524318
0022400475,2025-01-03,2024-25,DEN,SAS,0,0.6967439
0022400476,2025-01-03,2024-25,SAC,MEM,1,0.63336104
0022400477,2025-01-03,2024-25,LAL,ATL,1,0.47526032
0022400478,2025-01-04,2024-25,BKN,PHI,0,0.4710174
0022400479,2025-01-04,2024-25,DET,MIN,1,0.36140713
0022400480,2025-01-04,2024-25,IND,PHX,1,0.61855924
0022400481,2025-01-04,2024-25,MIA,UTA,0,0.72408175
0022400482,2025-01-04,2024-25,CHI,NYK,1,0.38189438
0022400483,2025-01-04,2024-25,MIL,POR,0,0.7777166
0022400484,2025-01-04,2024-25,SAS,DEN,0,0.486416
0022400485,2025-01-04,2024-25,GSW,MEM,1,0.577993
0022400486,2025-01-04,2024-25,LAC,ATL,1,0.5915759
0022400487,2025-01-05,2024-25,OKC,BOS,1,0.5522654
0022400488,2025-01-05,2024-25,CLE,CHA,1,0.8956395
0022400489,2025-01-05,2024-25,WAS,NOP,0,0.46029583
0022400490,2025-01-05,2024-25,ORL,UTA,0,0.69187886
0022400491,2025-01-05,2024-25,HOU,LAL,1,0.6360062
0022400492,2025-01-05,2024-25,GSW,SAC,0,0.39508694
0022400493,2025-01-06,2024-25,DET,POR,1,0.6903328
0022400494,2025-01-06,2024-25,PHI,PHX,0,0.4935806
0022400495,2025-01-06,2024-25,BKN,IND,0,0.2597817
0022400496,2025-01-06,2024-25,NYK,ORL,0,0.8623614
0022400497,2025-01-06,2024-25,TOR,MIL,0,0.3307878
0022400498,2025-01-06,2024-25,CHI,SAS,1,0.5407216
0022400499,2025-01-06,2024-25,MEM,DAL,1,0.5940853
0022400500,2025-01-06,2024-25,MIN,LAC,1,0.6597949
0022400501,2025-01-06,2024-25,SAC,MIA,1,0.59074324
0022400502,2025-01-07,2024-25,CHA,PHX,1,0.47022906
0022400503,2025-01-07,2024-25,WAS,HOU,0,0.22947176
0022400504,2025-01-07,2024-25,DAL,LAL,1,0.42622417
0022400505,2025-01-07,2024-25,NOP,MIN,0,0.39872834
0022400506,2025-01-07,2024-25,UTA,ATL,0,0.43711984
0022400507,2025-01-07,2024-25,DEN,BOS,0,0.3914389
0022400508,2025-01-07,2024-25,GSW,MIA,0,0.71728706
0022400509,2025-01-08,2024-25,CLE,OKC,1,0.537
0022400510,2025-01-08,2024-25,IND,CHI,1,0.6161081
0022400511,2025-01-08,2024-25,NYK,TOR,1,0.85715157
0022400512,2025-01-08,2024-25,PHI,WAS,1,0.81451005
0022400513,2025-01-08,2024-25,BKN,DET,0,0.22962783
0022400514,2025-01-08,2024-25,NOP,POR,0,0.56886506
0022400515,2025-01-08,2024-25,DEN,LAC,1,0.46652508
0022400516,2025-01-08,2024-25,MIL,SAS,1,0.5641057
0022400517,2025-01-09,2024-25,CLE,TOR,1,0.91272974
0022400518,2025-01-09,2024-25,DET,GSW,0,0.4136153
0022400519,2025-01-09,2024-25,ORL,MIN,0,0.3714181
0022400520,2025-01-09,2024-25,MEM,HOU,0,0.46280688
0022400521,2025-01-09,2024-25,DAL,POR,1,0.71052694
0022400522,2025-01-09,2024-25,PHX,ATL,1,0.52766335
0022400523,2025-01-09,2024-25,UTA,MIA,0,0.48681176
0022400525,2025-01-10,2024-25,IND,GSW,1,0.6381325
0022400526,2025-01-10,2024-25,ORL,MIL,0,0.3328044
0022400527,2025-01-10,2024-25,PHI,NOP,0,0.62983817
0022400528,2025-01-10,2024-25,BOS,SAC,0,0.7227502
0022400529,2025-01-10,2024-25,NYK,OKC,0,0.47792333
0022400530,2025-01-10,2024-25,CHI,WAS,1,0.8103558
0022400531,2025-01-10,2024-25,DEN,BKN,1,0.8586069
0022400533,2025-01-11,2024-25,PHX,UTA,1,0.6747835
0022400534,2025-01-11,2024-25,DET,TOR,1,0.66601753
0022400535,2025-01-11,2024-25,MIN,MEM,0,0.5084215
0022400536,2025-01-11,2024-25,POR,MIA,0,0.4177934
0022400539,2025-01-12,2024-25,NYK,MIL,1,0.60838443
0022400540,2025-01-12,2024-25,DAL,DEN,0,0.38456106
0022400541,2025-01-12,2024-25,CHI,SAC,0,0.45665193
0022400542,2025-01-12,2024-25,BOS,NOP,1,0.88243455
0022400543,2025-01-12,2024-25,CLE,IND,0,0.78590274
0022400544,2025-01-12,2024-25,ORL,PHI,1,0.54481435
0022400545,2025-01-12,2024-25,WAS,OKC,0,0.15037952
0022400546,2025-01-12,2024-25,UTA,BKN,1,0.6349005
0022400547,2025-01-12,2024-25,PHX,CHA,1,0.6388805
0022400548,2025-01-13,2024-25,WAS,MIN,0,0.18779305
0022400549,2025-01-13,2024-25,NYK,DET,0,0.63737273
0022400550,2025-01-13,2024-25,TOR,GSW,1,0.44407064
0022400551,2025-01-13,2024-25,HOU,MEM,1,0.6364309
0022400552,2025-01-13,2024-25,LAL,SAS,0,0.5892219
0022400553,2025-01-13,2024-25,LAC,MIA,1,0.65628034
0022400554,2025-01-14,2024-25,IND,CLE,0,0.36041954
0022400555,2025-01-14,2024-25,PHI,OKC,0,0.26723713
0022400556,2025-01-14,2024-25,ATL,PHX,1,0.56241566
0022400557,2025-01-14,2024-25,CHI,NOP,0,0.7195828
0022400558,2025-01-14,2024-25,MIL,SAC,1,0.52689767
0022400559,2025-01-14,2024-25,DAL,DEN,0,0.36351705
0022400560,2025-01-14,2024-25,POR,BKN,0,0.72979105
0022400561,2025-01-15,2024-25,PHI,NYK,0,0.1544947
0022400562,2025-01-15,2024-25,TOR,BOS,1,0.18784733
0022400563,2025-01-15,2024-25,CHI,ATL,0,0.6032011
0022400564,2025-01-15,2024-25,MIL,ORL,1,0.6530582
0022400565,2025-01-15,2024-25,MIN,GSW,0,0.59955645
0022400566,2025-01-15,2024-25,NOP,DAL,1,0.43143642
0022400567,2025-01-15,2024-25,SAS,MEM,0,0.5434846
0022400568,2025-01-15,2024-25,DEN,HOU,0,0.5553857
0022400569,2025-01-15,2024-25,UTA,CHA,0,0.44087788
0022400570,2025-01-15,2024-25,LAL,MIA,1,0.5735401
0022400571,2025-01-15,2024-25,LAC,BKN,1,0.838748
0022400572,2025-01-16,2024-25,DET,IND,0,0.5558295
0022400573,2025-01-16,2024-25,WAS,PHX,0,0.2657794
0022400574,2025-01-16,2024-25,OKC,CLE,1,0.54608554
0022400575,2025-01-16,2024-25,POR,LAC,0,0.44541067
0022400576,2025-01-16,2024-25,SAC,HOU,1,0.65496445
0022400577,2025-01-17,2024-25,BOS,ORL,1,0.81375104
0022400578,2025-01-17,2024-25,NYK,MIN,0,0.6113515
0022400579,2025-01-17,2024-25,MIA,DEN,0,0.5046902
0022400580,2025-01-17,2024-25,MIL,TOR,1,0.72733974
0022400581,2025-01-17,2024-25,NOP,UTA,1,0.7056319
0022400582,2025-01-17,2024-25,SAS,MEM,0,0.5752614
0022400583,2025-01-17,2024-25,DAL,OKC,1,0.34211794
0022400584,2025-01-17,2024-25,CHI,CHA,0,0.7195624
0022400585,2025-01-17,2024-25,LAL,BKN,1,0.8165293
0022400586,2025-01-18,2024-25,DET,PHX,0,0.5380343
0022400587,2025-01-18,2024-25,BOS,ATL,0,0.76144505
0022400588,2025-01-18,2024-25,IND,PHI,1,0.7218693
0022400589,2025-01-18,2024-25,GSW,WAS,1,0.819285
0022400590,2025-01-18,2024-25,MIN,CLE,0,0.33368066
0022400591,2025-01-18,2024-25,POR,HOU,0,0.33153608
0022400592,2025-01-19,2024-25,MIA,SAS,1,0.53500766
0022400593,2025-01-19,2024-25,ORL,DEN,0,0.30297807
0022400594,2025-01-19,2024-25,MIL,PHI,1,0.8207773
0022400595,2025-01-19,2024-25,OKC,BKN,1,0.8997156
0022400596,2025-01-19,2024-25,LAC,LAL,1,0.6263935
0022400597,2025-01-19,2024-25,POR,CHI,1,0.28833586
0022400598,2025-01-19,2024-25,SAC,WAS,1,0.9033026
0022400599,2025-01-20,2024-25,CHA,DAL,1,0.45275518
0022400600,2025-01-20,2024-25,HOU,DET,0,0.6140293
0022400601,2025-01-20,2024-25,MEM,MIN,1,0.46790692
0022400602,2025-01-20,2024-25,NYK,ATL,1,0.6073591
0022400603,2025-01-20,2024-25,CLE,PHX,1,0.74635875
0022400604,2025-01-20,2024-25,GSW,BOS,0,0.31788686
0022400605,2025-01-20,2024-25,NOP,UTA,1,0.7001869
0022400611,2025-01-20,2024-25,LAC,CHI,0,0.6231158
0022400606,2025-01-21,2024-25,BKN,NYK,0,0.21319577
0022400607,2025-01-21,2024-25,MIA,POR,0,0.69220406
0022400608,2025-01-21,2024-25,TOR,ORL,1,0.5804801
0022400609,2025-01-21,2024-25,DEN,PHI,1,0.81151104
0022400610,2025-01-21,2024-25,LAL,WAS,1,0.81856084
0022400612,2025-01-22,2024-25,ATL,DET,0,0.6171089
0022400613,2025-01-22,2024-25,BKN,PHX,0,0.23738487
0022400614,2025-01-22,2024-25,DAL,MIN,0,0.47348854
0022400615,2025-01-22,2024-25,HOU,CLE,1,0.5062724
0022400616,2025-01-22,2024-25,MEM,CHA,1,0.62207973
0022400618,2025-01-22,2024-25,OKC,UTA,1,0.88965005
0022400619,2025-01-22,2024-25,SAC,GSW,1,0.7129564
0022400620,2025-01-22,2024-25,LAC,BOS,0,0.37283882
0022400622,2025-01-23,2024-25,ORL,POR,0,0.5478461
0022400623,2025-01-23,2024-25,ATL,TOR,0,0.6564127
0022400624,2025-01-23,2024-25,MIL,MIA,1,0.7087946
0022400625,2025-01-23,2024-25,OKC,DAL,0,0.7875575
0022400626,2025-01-23,2024-25,DEN,SAC,1,0.62914324
0022400628,2025-01-23,2024-25,GSW,CHI,1,0.46254995
0022400629,2025-01-23,2024-25,LAL,BOS,1,0.40796512
0022400983,2025-01-23,2024-25,LAC,WAS,1,0.7264264
0022400630,2025-01-24,2024-25,CHA,POR,0,0.69727427
0022400631,2025-01-24,2024-25,PHI,CLE,1,0.257662
0022400632,2025-01-24,2024-25,MEM,NOP,1,0.5421643
0022400634,2025-01-25,2024-25,MIN,DEN,1,0.45868894
0022400635,2025-01-25,2024-25,DAL,BOS,0,0.323785
0022400636,2025-01-25,2024-25,BKN,MIA,0,0.23855203
0022400637,2025-01-25,2024-25,CHA,NOP,1,0.40422934
0022400638,2025-01-25,2024-25,ORL,DET,1,0.46173382
0022400639,2025-01-25,2024-25,ATL,TOR,0,0.6385446
0022400640,2025-01-25,2024-25,CLE,HOU,0,0.58488035
0022400641,2025-01-25,2024-25,NYK,SAC,1,0.5688161
0022400642,2025-01-25,2024-25,CHI,PHI,0,0.77331626
0022400643,2025-01-25,2024-25,MEM,UTA,1,0.5954102
0022400644,2025-01-25,2024-25,GSW,LAL,0,0.49950185
0022400645,2025-01-25,2024-25,PHX,WAS,1,0.8212946
0022400646,2025-01-25,2024-25,LAC,MIL,1,0.50213236
0022400647,2025-01-26,2024-25,POR,OKC,0,0.23106052
0022400648,2025-01-27,2024-25,CHA,LAL,0,0.3800668
0022400649,2025-01-27,2024-25,CLE,DET,1,0.6992521
0022400650,2025-01-27,2024-25,BOS,HOU,0,0.6996777
0022400651,2025-01-27,2024-25,BKN,SAC,0,0.16180147
0022400652,2025-01-27,2024-25,MIA,ORL,1,0.65596074
0022400653,2025-01-27,2024-25,NYK,MEM,1,0.6739151
0022400654,2025-01-27,2024-25,TOR,NOP,1,0.5952312
0022400655,2025-01-27,2024-25,CHI,DEN,1,0.3876394
0022400656,2025-01-27,2024-25,MIN,ATL,1,0.6546794
0022400657,2025-01-27,2024-25,DAL,WAS,1,0.7997287
0022400658,2025-01-27,2024-25,UTA,MIL,0,0.22712137
0022400659,2025-01-27,2024-25,PHX,LAC,1,0.50770694
0022400532,2025-01-28,2024-25,ATL,HOU,0,0.36063075
0022400660,2025-01-28,2024-25,PHI,LAL,1,0.44604003
0022400661,2025-01-28,2024-25,GSW,UTA,1,0.8013849
0022400662,2025-01-28,2024-25,POR,MIL,1,0.33619842
0022400663,2025-01-29,2024-25,CHA,BKN,0,0.72613996
0022400664,2025-01-29,2024-25,IND,DET,1,0.6687155
0022400665,2025-01-29,2024-25,WAS,TOR,0,0.28438735
0022400666,2025-01-29,2024-25,BOS,CHI,1,0.71087605
0022400667,2025-01-29,2024-25,MIA,CLE,0,0.46148252
0022400668,2025-01-29,2024-25,NYK,DEN,1,0.47654456
0022400669,2025-01-29,2024-25,PHI,SAC,1,0.21831255
0022400670,2025-01-29,2024-25,NOP,DAL,0,0.50955325
0022400671,2025-01-29,2024-25,SAS,LAC,0,0.4269719
0022400672,2025-01-29,2024-25,PHX,MIN,0,0.5526685
0022400673,2025-01-29,2024-25,GSW,OKC,1,0.23701003
0022400674,2025-01-30,2024-25,WAS,LAL,0,0.19940318
0022400675,2025-01-30,2024-25,CLE,ATL,1,0.6521977
0022400676,2025-01-30,2024-25,MEM,HOU,1,0.5227122
0022400677,2025-01-30,2024-25,UTA,MIN,0,0.30810234
0022400678,2025-01-30,2024-25,POR,ORL,1,0.48459494
0022400679,2025-01-31,2024-25,CHA,LAC,0,0.23562354
0022400680,2025-01-31,2024-25,DET,DAL,1,0.4837512
0022400681,2025-01-31,2024-25,PHI,DEN,0,0.2377439
0022400682,2025-01-31,2024-25,TOR,CHI,0,0.51329565
0022400683,2025-01-31,2024-25,NOP,BOS,0,0.28138915
0022400684,2025-01-31,2024-25,SAS,MIL,1,0.38713047
0022400685,2025-01-31,2024-25,GSW,PHX,0,0.52307403
0022400686,2025-02-01,2024-25,IND,ATL,1,0.74395275
0022400687,2025-02-01,2024-25,UTA,ORL,1,0.46938717
0022400688,2025-02-01,2024-25,CHA,DEN,0,0.22907011
0022400689,2025-02-01,2024-25,HOU,BKN,0,0.8042412
0022400690,2025-02-01,2024-25,MIN,WAS,0,0.84178895
0022400691,2025-02-01,2024-25,OKC,SAC,1,0.63702184
0022400692,2025-02-01,2024-25,NYK,LAL,0,0.798454
0022400693,2025-02-01,2024-25,SAS,MIA,0,0.4707342
0022400694,2025-02-01,2024-25,POR,PHX,1,0.4582086
0022400695,2025-02-02,2024-25,DET,CHI,1,0.5001748
0022400696,2025-02-02,2024-25,CLE,DAL,1,0.6689203
0022400697,2025-02-02,2024-25,TOR,LAC,1,0.424316
0022400698,2025-02-02,2024-25,PHI,BOS,0,0.19762819
0022400699,2025-02-02,2024-25,MIL,MEM,0,0.6583478
0022400700,2025-02-03,2024-25,CHA,WAS,0,0.5776559
0022400701,2025-02-03,2024-25,DET,ATL,0,0.54655516
0022400702,2025-02-03,2024-25,NYK,HOU,1,0.71100986
0022400703,2025-02-03,2024-25,MEM,SAS,1,0.5616913
0022400704,2025-02-03,2024-25,MIN,SAC,0,0.4981606
0022400705,2025-02-03,2024-25,OKC,MIL,1,0.6647765
0022400706,2025-02-03,2024-25,DEN,NOP,1,0.7941942
0022400707,2025-02-03,2024-25,UTA,IND,0,0.23710205
0022400708,2025-02-03,2024-25,GSW,ORL,1,0.6803007
0022400709,2025-02-03,2024-25,POR,PHX,1,0.40549532
0022400710,2025-02-04,2024-25,CLE,BOS,0,0.48657605
0022400711,2025-02-04,2024-25,BKN,HOU,1,0.44268182
0022400712,2025-02-04,2024-25,PHI,DAL,1,0.5035045
0022400713,2025-02-04,2024-25,TOR,NYK,0,0.43671015
0022400714,2025-02-04,2024-25,CHI,MIA,1,0.56233937
0022400715,2025-02-04,2024-25,LAC,LAL,0,0.6444535
0022400716,2025-02-04,2024-25,POR,IND,1,0.41383877
0022400717,2025-02-05,2024-25,CHA,MIL,0,0.29681444
0022400718,2025-02-05,2024-25,DET,CLE,0,0.33024538
0022400719,2025-02-05,2024-25,ATL,SAS,0,0.48345938
0022400720,2025-02-05,2024-25,BKN,WAS,0,0.50216264
0022400721,2025-02-05,2024-25,PHI,MIA,0,0.42170072
0022400722,2025-02-05,2024-25,TOR,MEM,0,0.43813354
0022400723,2025-02-05,2024-25,MIN,CHI,1,0.72109294
0022400724,2025-02-05,2024-25,OKC,PHX,1,0.65590715
0022400725,2025-02-05,2024-25,UTA,GSW,1,0.33137318
0022400726,2025-02-05,2024-25,DEN,NOP,1,0.78612053
0022400727,2025-02-05,2024-25,SAC,ORL,0,0.73385876
0022400728,2025-02-06,2024-25,BOS,DAL,0,0.8584726
0022400729,2025-02-06,2024-25,MIN,HOU,1,0.58229685
0022400730,2025-02-06,2024-25,DEN,ORL,1,0.80297595
0022400731,2025-02-06,2024-25,LAL,GSW,1,0.7253606
0022400732,2025-02-06,2024-25,POR,SAC,1,0.5148252
0022400733,2025-02-06,2024-25,LAC,IND,0,0.57578915
0022400734,2025-02-07,2024-25,CHA,SAS,1,0.26538515
0022400735,2025-02-07,2024-25,WAS,CLE,0,0.17970502
0022400736,2025-02-07,2024-25,ATL,MIL,1,0.39266518
0022400737,2025-02-07,2024-25,BKN,MIA,1,0.37400782
0022400738,2025-02-07,2024-25,DET,PHI,1,0.59034824
0022400739,2025-02-07,2024-25,OKC,TOR,1,0.8043886
0022400740,2025-02-07,2024-25,PHX,UTA,1,0.7431374
0022400741,2025-02-08,2024-25,DAL,HOU,1,0.5532805
0022400742,2025-02-08,2024-25,LAL,IND,1,0.5774205
0022400743,2025-02-08,2024-25,ORL,SAS,1,0.44505936
0022400744,2025-02-08,2024-25,WAS,ATL,0,0.47196448
0022400745,2025-02-08,2024-25,CHI,GSW,0,0.5976998
0022400746,2025-02-08,2024-25,MEM,OKC,0,0.48308364
0022400747,2025-02-08,2024-25,MIN,POR,1,0.6543406
0022400748,2025-02-08,2024-25,NYK,BOS,0,0.508771
0022400749,2025-02-08,2024-25,PHX,DEN,0,0.38562244
0022400750,2025-02-08,2024-25,SAC,NOP,1,0.75388616
0022400751,2025-02-08,2024-25,LAC,UTA,1,0.86344767
0022400752,2025-02-09,2024-25,DET,CHA,1,0.6856592
0022400753,2025-02-09,2024-25,HOU,TOR,1,0.5827856
0022400754,2025-02-09,2024-25,MIL,PHI,1,0.6399328
0022400755,2025-02-10,2024-25,CLE,MIN,1,0.6920504
0022400756,2025-02-10,2024-25,ORL,ATL,0,0.49085304
0022400757,2025-02-10,2024-25,WAS,SAS,0,0.29601896
0022400758,2025-02-10,2024-25,BKN,CHA,1,0.66737384
0022400759,2025-02-10,2024-25,MIA,BOS,0,0.29479784
0022400760,2025-02-10,2024-25,MIL,GSW,0,0.5799888
0022400761,2025-02-10,2024-25,OKC,NOP,1,0.8273875
0022400762,2025-02-10,2024-25,DAL,SAC,0,0.50566804
0022400763,2025-02-10,2024-25,DEN,POR,1,0.697725
0022400768,2025-02-10,2024-25,LAL,UTA,1,0.82758856
0022400764,2025-02-11,2024-25,PHI,TOR,0,0.640746
0022400765,2025-02-11,2024-25,IND,NYK,0,0.43726987
0022400766,2025-02-11,2024-25,CHI,DET,0,0.5291002
0022400767,2025-02-11,2024-25,PHX,MEM,0,0.45366937
0022400769,2025-02-12,2024-25,BOS,SAS,1,0.71627533
0022400770,2025-02-12,2024-25,ORL,CHA,1,0.6538193
0022400771,2025-02-12,2024-25,WAS,IND,0,0.38002595
0022400772,2025-02-12,2024-25,BKN,PHI,1,0.49077505
0022400773,2025-02-12,2024-25,NYK,ATL,1,0.67350584
0022400774,2025-02-12,2024-25,TOR,CLE,0,0.23313257
0022400775,2025-02-12,2024-25,CHI,DET,0,0.5230754
0022400776,2025-02-12,2024-25,MIN,MIL,0,0.5588747
0022400777,2025-02-12,2024-25,NOP,SAC,0,0.30658686
0022400778,2025-02-12,2024-25,OKC,MIA,1,0.738372
0022400779,2025-02-12,2024-25,HOU,PHX,1,0.5248617
0022400780,2025-02-12,2024-25,DEN,POR,1,0.71729827
0022400781,2025-02-12,2024-25,UTA,LAL,1,0.22609013
0022400782,2025-02-12,2024-25,DAL,GSW,1,0.53060055
0022400783,2025-02-12,2024-25,LAC,MEM,1,0.6593819
0022400784,2025-02-13,2024-25,HOU,GSW,0,0.4972518
0022400785,2025-02-13,2024-25,NOP,SAC,1,0.33089572
0022400786,2025-02-13,2024-25,DAL,MIA,1,0.5382337
0022400787,2025-02-13,2024-25,MIN,OKC,1,0.34662852
0022401004,2025-02-13,2024-25,UTA,LAC,0,0.25795966
0022400524,2025-02-19,2024-25,LAL,CHA,0,0.8410496
0022400788,2025-02-20,2024-25,IND,MEM,1,0.58246356
0022400789,2025-02-20,2024-25,PHI,BOS,0,0.19551222
0022400790,2025-02-20,2024-25,ATL,ORL,0,0.6171701
0022400791,2025-02-20,2024-25,BKN,CLE,0,0.2605916
0022400792,2025-02-20,2024-25,NYK,CHI,1,0.7755482
0022400793,2025-02-20,2024-25,MIL,LAC,1,0.39183936
0022400794,2025-02-20,2024-25,DEN,CHA,1,0.8668846
0022400795,2025-02-20,2024-25,SAS,PHX,1,0.64660186
0022400796,2025-02-20,2024-25,POR,LAL,0,0.40844727
0022400797,2025-02-21,2024-25,CLE,NYK,1,0.54596263
0022400798,2025-02-21,2024-25,ORL,MEM,0,0.4986917
0022400799,2025-02-21,2024-25,WAS,MIL,0,0.34272507
0022400800,2025-02-21,2024-25,TOR,MIA,0,0.483686
0022400801,2025-02-21,2024-25,HOU,MIN,1,0.5033595
0022400802,2025-02-21,2024-25,SAS,DET,0,0.48839784
0022400803,2025-02-21,2024-25,DAL,NOP,1,0.59379363
0022400804,2025-02-21,2024-25,UTA,OKC,0,0.18719076
0022400805,2025-02-21,2024-25,SAC,GSW,0,0.6232508
0022400806,2025-02-22,2024-25,CHI,PHX,0,0.4312437
0022400807,2025-02-22,2024-25,PHI,BKN,0,0.58265793
0022400808,2025-02-22,2024-25,DEN,LAL,0,0.7195449
0022400809,2025-02-22,2024-25,UTA,HOU,1,0.41538522
0022400810,2025-02-22,2024-25,POR,CHA,1,0.78670347
0022400811,2025-02-23,2024-25,BOS,NYK,1,0.6533202
0022400812,2025-02-23,2024-25,GSW,DAL,1,0.5143396
0022400813,2025-02-23,2024-25,IND,LAC,1,0.5149114
0022400814,2025-02-23,2024-25,ATL,DET,0,0.4649187
0022400815,2025-02-23,2024-25,ORL,WAS,1,0.6548328
0022400816,2025-02-23,2024-25,TOR,PHX,1,0.47811162
0022400817,2025-02-23,2024-25,MIL,MIA,1,0.50492966
0022400818,2025-02-23,2024-25,NOP,SAS,1,0.3714051
0022400819,2025-02-23,2024-25,CLE,MEM,1,0.69227284
0022400820,2025-02-23,2024-25,MIN,OKC,0,0.41485333
0022400821,2025-02-24,2024-25,DET,LAC,1,0.5883618
0022400822,2025-02-24,2024-25,IND,DEN,0,0.38998762
0022400823,2025-02-24,2024-25,PHI,CHI,0,0.57143766
0022400824,2025-02-24,2024-25,WAS,BKN,1,0.42662796
0022400825,2025-02-24,2024-25,ATL,MIA,1,0.56967854
0022400826,2025-02-24,2024-25,OKC,MIN,0,0.7718663
0022400827,2025-02-24,2024-25,UTA,POR,0,0.39270353
0022400828,2025-02-24,2024-25,SAC,CHA,1,0.76010346
0022400829,2025-02-25,2024-25,TOR,BOS,0,0.16549057
0022400830,2025-02-25,2024-25,ORL,CLE,0,0.26368162
0022400831,2025-02-25,2024-25,HOU,MIL,1,0.53058046
0022400832,2025-02-25,2024-25,MEM,PHX,1,0.5411602
0022400833,2025-02-25,2024-25,NOP,SAS,1,0.3333693
0022400834,2025-02-25,2024-25,GSW,CHA,1,0.82044506
0022400835,2025-02-25,2024-25,LAL,DAL,1,0.6751507
0022400836,2025-02-26,2024-25,DET,BOS,1,0.45976064
0022400837,2025-02-26,2024-25,IND,TOR,1,0.80025434
0022400838,2025-02-26,2024-25,NYK,PHI,1,0.7924338
0022400839,2025-02-26,2024-25,WAS,POR,0,0.36572385
0022400840,2025-02-26,2024-25,BKN,OKC,0,0.17058156
0022400841,2025-02-26,2024-25,MIA,ATL,1,0.5491425
0022400842,2025-02-26,2024-25,CHI,LAC,0,0.3849388
0022400843,2025-02-26,2024-25,UTA,SAC,0,0.30891687
0022400844,2025-02-26,2024-25,HOU,SAS,1,0.5094589
0022400845,2025-02-27,2024-25,ORL,GSW,0,0.53475577
0022400846,2025-02-27,2024-25,MIL,DEN,1,0.36972788
0022400847,2025-02-27,2024-25,DAL,CHA,1,0.85122484
0022400848,2025-02-27,2024-25,PHX,NOP,0,0.73332787
0022400849,2025-02-27,2024-25,LAL,MIN,1,0.65648127
0022400850,2025-02-28,2024-25,DET,DEN,0,0.47378927
0022400851,2025-02-28,2024-25,ATL,OKC,0,0.29273477
0022400852,2025-02-28,2024-25,BOS,CLE,0,0.6209164
0022400853,2025-02-28,2024-25,BKN,POR,0,0.4305031
0022400854,2025-02-28,2024-25,MIA,IND,1,0.44093734
0022400855,2025-02-28,2024-25,CHI,TOR,1,0.55899405
0022400856,2025-02-28,2024-25,MEM,NYK,0,0.46253732
0022400857,2025-02-28,2024-25,PHX,NOP,1,0.7234772
0022400858,2025-02-28,2024-25,UTA,MIN,1,0.3598195
0022400859,2025-02-28,2024-25,LAL,LAC,1,0.5700029
0022400860,2025-03-01,2024-25,CHA,WAS,0,0.30710268
0022400861,2025-03-01,2024-25,DET,BKN,1,0.72111773
0022400862,2025-03-01,2024-25,HOU,SAC,0,0.42698392
0022400863,2025-03-01,2024-25,MEM,SAS,0,0.49466148
0022400864,2025-03-01,2024-25,PHI,GSW,1,0.36254448
0022400865,2025-03-01,2024-25,DAL,MIL,0,0.43822837
0022400866,2025-03-02,2024-25,BOS,DEN,1,0.69399595
0022400867,2025-03-02,2024-25,CLE,POR,1,0.8438239
0022400868,2025-03-02,2024-25,IND,CHI,1,0.69359803
0022400869,2025-03-02,2024-25,MIA,NYK,0,0.43140438
0022400870,2025-03-02,2024-25,ORL,TOR,0,0.65721446
0022400871,2025-03-02,2024-25,SAS,OKC,0,0.30538353
0022400872,2025-03-02,2024-25,UTA,NOP,0,0.5556461
0022400873,2025-03-02,2024-25,PHX,MIN,0,0.5586063
0022400874,2025-03-02,2024-25,LAL,LAC,1,0.57647896
0022400875,2025-03-03,2024-25,CHA,GSW,0,0.1900693
0022400876,2025-03-03,2024-25,PHI,POR,0,0.5533844
0022400877,2025-03-03,2024-25,MIA,WAS,1,0.70292777
0022400878,2025-03-03,2024-25,MEM,ATL,0,0.57653844
0022400879,2025-03-03,2024-25,OKC,HOU,1,0.6074796
0022400880,2025-03-03,2024-25,DAL,SAC,0,0.42215958
0022400881,2025-03-03,2024-25,UTA,DET,0,0.18876302
0022400882,2025-03-04,2024-25,IND,HOU,1,0.79768455
0022400883,2025-03-04,2024-25,ORL,TOR,0,0.677036
0022400884,2025-03-04,2024-25,ATL,MIL,0,0.37414587
0022400885,2025-03-04,2024-25,NYK,GSW,0,0.7099468
0022400886,2025-03-04,2024-25,CHI,CLE,0,0.24134201
0022400887,2025-03-04,2024-25,MIN,PHI,1,0.74592304
0022400888,2025-03-04,2024-25,SAS,BKN,1,0.6652199
0022400889,2025-03-04,2024-25,PHX,LAC,1,0.46109718
0022400890,2025-03-04,2024-25,LAL,NOP,1,0.7709405
0022400891,2025-03-05,2024-25,BOS,POR,1,0.84297556
0022400892,2025-03-05,2024-25,CHA,MIN,0,0.29613474
0022400893,2025-03-05,2024-25,CLE,MIA,1,0.63331985
0022400894,2025-03-05,2024-25,WAS,UTA,1,0.53996557
0022400895,2025-03-05,2024-25,MEM,OKC,0,0.2736696
0022400896,2025-03-05,2024-25,DEN,SAC,1,0.70586354
0022400897,2025-03-05,2024-25,MIL,DAL,1,0.59949225
0022400898,2025-03-05,2024-25,LAC,DET,1,0.4405184
0022400899,2025-03-06,2024-25,ATL,IND,1,0.4081695
0022400900,2025-03-06,2024-25,BOS,PHI,1,0.80608183
0022400901,2025-03-06,2024-25,BKN,GSW,0,0.32698408
0022400902,2025-03-06,2024-25,NOP,HOU,0,0.4487753
0022400903,2025-03-06,2024-25,LAL,NYK,1,0.5236148
0022400944,2025-03-06,2024-25,ORL,CHI,0,0.7015623
0022400904,2025-03-07,2024-25,CHA,CLE,0,0.090434454
0022400905,2025-03-07,2024-25,TOR,UTA,1,0.68044406
0022400906,2025-03-07,2024-25,DAL,MEM,0,0.58726877
0022400907,2025-03-07,2024-25,MIA,MIN,0,0.5210618
0022400908,2025-03-07,2024-25,OKC,POR,1,0.7986806
0022400909,2025-03-07,2024-25,DEN,PHX,1,0.71241194
0022400910,2025-03-07,2024-25,SAC,SAS,1,0.62941754
0022400911,2025-03-07,2024-25,LAC,NYK,1,0.5520168
0022400912,2025-03-08,2024-25,CHA,BKN,1,0.3099997
0022400913,2025-03-08,2024-25,HOU,NOP,1,0.65192366
0022400914,2025-03-08,2024-25,ATL,IND,1,0.45493746
0022400915,2025-03-08,2024-25,TOR,WAS,0,0.50320387
0022400916,2025-03-08,2024-25,MIA,CHI,0,0.6070441
0022400917,2025-03-08,2024-25,MIL,ORL,0,0.61395144
0022400918,2025-03-08,2024-25,BOS,LAL,1,0.5264306
0022400919,2025-03-08,2024-25,GSW,DET,1,0.51744413
0022400920,2025-03-09,2024-25,OKC,DEN,1,0.4448222
0022400921,2025-03-09,2024-25,DAL,PHX,0,0.45847395
0022400922,2025-03-09,2024-25,MIL,CLE,0,0.3352199
0022400923,2025-03-09,2024-25,NOP,MEM,0,0.38541952
0022400924,2025-03-09,2024-25,PHI,UTA,1,0.5697282
0022400925,2025-03-09,2024-25,MIN,SAS,1,0.62840164
0022400926,2025-03-09,2024-25,POR,DET,0,0.421636
0022400927,2025-03-09,2024-25,LAC,SAC,1,0.58099097
0022400928,2025-03-10,2024-25,ATL,PHI,1,0.7963688
0022400929,2025-03-10,2024-25,BOS,UTA,1,0.94414157
0022400930,2025-03-10,2024-25,BKN,LAL,1,0.29322597
0022400931,2025-03-10,2024-25,MIA,CHA,0,0.86456704
0022400932,2025-03-10,2024-25,TOR,WAS,1,0.58202106
0022400933,2025-03-10,2024-25,CHI,IND,1,0.39547613
0022400934,2025-03-10,2024-25,HOU,ORL,1,0.5480615
0022400935,2025-03-10,2024-25,MEM,PHX,1,0.44010827
0022400936,2025-03-10,2024-25,OKC,DEN,0,0.6394506
0022400937,2025-03-10,2024-25,SAS,DAL,0,0.6673993
0022400938,2025-03-10,2024-25,GSW,POR,1,0.7393503
0022400939,2025-03-10,2024-25,SAC,NYK,0,0.48540476
0022400940,2025-03-11,2024-25,CLE,BKN,1,0.8732089
0022400941,2025-03-11,2024-25,DET,WAS,1,0.85881364
0022400942,2025-03-11,2024-25,IND,MIL,1,0.44822562
0022400943,2025-03-11,2024-25,NOP,LAC,1,0.28318202
0022400945,2025-03-12,2024-25,ATL,CHA,1,0.6934248
0022400946,2025-03-12,2024-25,BOS,OKC,0,0.50590765
0022400947,2025-03-12,2024-25,TOR,PHI,1,0.63143677
0022400948,2025-03-12,2024-25,MIA,LAC,0,0.5457837
0022400949,2025-03-12,2024-25,HOU,PHX,1,0.46902323
0022400950,2025-03-12,2024-25,MEM,UTA,1,0.69241333
0022400951,2025-03-12,2024-25,SAS,DAL,1,0.6308035
0022400952,2025-03-12,2024-25,DEN,MIN,0,0.6128867
0022400953,2025-03-12,2024-25,POR,NYK,0,0.46904862
0022400954,2025-03-13,2024-25,DET,WAS,0,0.76623386
0022400955,2025-03-13,2024-25,MIL,LAL,1,0.5820799
0022400956,2025-03-13,2024-25,CHI,BKN,1,0.6604653
0022400957,2025-03-13,2024-25,GSW,SAC,1,0.5635699
0022401141,2025-03-13,2024-25,NOP,ORL,0,0.42549896
0022400958,2025-03-14,2024-25,MIA,BOS,0,0.2879793
0022400959,2025-03-14,2024-25,PHI,IND,0,0.19793569
0022400960,2025-03-14,2024-25,ATL,LAC,0,0.45747712
0022400961,2025-03-14,2024-25,HOU,DAL,1,0.69754887
0022400962,2025-03-14,2024-25,MEM,CLE,0,0.25934392
0022400963,2025-03-14,2024-25,MIN,ORL,1,0.7579711
0022400964,2025-03-14,2024-25,SAS,CHA,0,0.72313154
0022400965,2025-03-14,2024-25,DEN,LAL,1,0.64394075
0022400966,2025-03-14,2024-25,UTA,TOR,0,0.60922056
0022400967,2025-03-14,2024-25,PHX,SAC,1,0.60207236
0022400968,2025-03-15,2024-25,BKN,BOS,0,0.27918497
0022400969,2025-03-15,2024-25,DET,OKC,0,0.38044345
0022400970,2025-03-15,2024-25,HOU,CHI,1,0.61799777
0022400971,2025-03-15,2024-25,MEM,MIA,1,0.51499367
0022400972,2025-03-15,2024-25,MIL,IND,1,0.5861441
0022400973,2025-03-15,2024-25,SAS,NOP,1,0.56070185
0022400974,2025-03-15,2024-25,GSW,NYK,1,0.5395616
0022400975,2025-03-15,2024-25,DEN,WAS,0,0.79665446
0022400538,2025-03-16,2024-25,LAC,CHA,1,0.7878579
0022400976,2025-03-16,2024-25,DAL,PHI,0,0.628431
0022400977,2025-03-16,2024-25,LAL,PHX,1,0.42678303
0022400978,2025-03-16,2024-25,BKN,ATL,1,0.38419002
0022400979,2025-03-16,2024-25,CLE,ORL,0,0.7556075
0022400980,2025-03-16,2024-25,POR,TOR,1,0.6336825
0022400981,2025-03-16,2024-25,MIN,UTA,1,0.8596896
0022400982,2025-03-16,2024-25,MIL,OKC,0,0.47759518
0022400537,2025-03-17,2024-25,LAL,SAS,1,0.5863014
0022400984,2025-03-17,2024-25,NYK,MIA,1,0.626459
0022400985,2025-03-17,2024-25,HOU,PHI,1,0.88834614
0022400986,2025-03-17,2024-25,MIN,IND,0,0.46756637
0022400987,2025-03-17,2024-25,NOP,DET,0,0.32889056
0022400989,2025-03-17,2024-25,UTA,CHI,0,0.32753396
0022400990,2025-03-17,2024-25,GSW,DEN,0,0.47584206
0022400991,2025-03-17,2024-25,PHX,TOR,1,0.77788705
0022400992,2025-03-17,2024-25,SAC,MEM,1,0.6625178
0022400995,2025-03-17,2024-25,POR,WAS,1,0.6122631
0022400993,2025-03-18,2024-25,CHA,ATL,0,0.38794005
0022400994,2025-03-18,2024-25,BOS,BKN,1,0.8469124
0022400997,2025-03-18,2024-25,LAC,CLE,1,0.39349025
0022401012,2025-03-18,2024-25,GSW,MIL,1,0.47917017
0022400627,2025-03-19,2024-25,UTA,WAS,1,0.52088314
0022400998,2025-03-19,2024-25,IND,DAL,1,0.603138
0022400999,2025-03-19,2024-25,ORL,HOU,0,0.4065068
0022401000,2025-03-19,2024-25,MIA,DET,0,0.48806775
0022401001,2025-03-19,2024-25,MIN,NOP,0,0.857549
0022401002,2025-03-19,2024-25,OKC,PHI,1,0.8766418
0022401003,2025-03-19,2024-25,SAS,NYK,1,0.43939033
0022401006,2025-03-19,2024-25,LAL,DEN,1,0.5621416
0022401007,2025-03-19,2024-25,PHX,CHI,1,0.6189853
0022401008,2025-03-19,2024-25,POR,MEM,1,0.42679566
0022401009,2025-03-19,2024-25,SAC,CLE,1,0.52678925
0022400996,2025-03-20,2024-25,LAL,MIL,0,0.38222125
0022401005,2025-03-20,2024-25,GSW,TOR,1,0.73883927
0022401010,2025-03-20,2024-25,CHA,NYK,1,0.20106041
0022401011,2025-03-20,2024-25,IND,BKN,1,0.6694059
0022401013,2025-03-20,2024-25,SAC,CHI,0,0.64067227
0022401014,2025-03-21,2024-25,WAS,ORL,0,0.2914234
0022401015,2025-03-21,2024-25,MIA,HOU,0,0.37505776
0022401016,2025-03-21,2024-25,MIN,NOP,1,0.85445476
0022401017,2025-03-21,2024-25,OKC,CHA,1,0.82750887
0022401018,2025-03-21,2024-25,SAS,PHI,1,0.7261782
0022401019,2025-03-21,2024-25,DAL,DET,1,0.34438774
0022401020,2025-03-21,2024-25,UTA,BOS,0,0.16306926
0022401021,2025-03-21,2024-25,PHX,CLE,1,0.44956967
0022401022,2025-03-21,2024-25,POR,DEN,1,0.4240079
0022401023,2025-03-21,2024-25,LAC,MEM,1,0.6756139
0022401024,2025-03-22,2024-25,IND,BKN,1,0.71269685
0022401025,2025-03-22,2024-25,ATL,GSW,1,0.45215914
0022401026,2025-03-22,2024-25,NYK,WAS,1,0.8693486
0022401027,2025-03-22,2024-25,SAC,MIL,0,0.58151704
0022401028,2025-03-22,2024-25,LAL,CHI,0,0.46340108
0022401029,2025-03-23,2024-25,DET,NOP,1,0.8092388
0022401030,2025-03-23,2024-25,UTA,CLE,0,0.16227207
0022401031,2025-03-23,2024-25,ATL,PHI,1,0.7412222
0022401032,2025-03-23,2024-25,MIA,CHA,1,0.7393481
0022401033,2025-03-23,2024-25,TOR,SAS,0,0.37430483
0022401034,2025-03-23,2024-25,POR,BOS,0,0.29764616
0022401035,2025-03-23,2024-25,HOU,DEN,0,0.6324262
0022401036,2025-03-23,2024-25,LAC,OKC,0,0.5219294
0022401037,2025-03-24,2024-25,IND,MIN,1,0.5024796
0022401038,2025-03-24,2024-25,ORL,LAL,1,0.45861953
0022401039,2025-03-24,2024-25,WAS,TOR,0,0.57014763
0022401040,2025-03-24,2024-25,BKN,DAL,0,0.51852465
0022401041,2025-03-24,2024-25,NOP,PHI,1,0.59532106
0022401042,2025-03-24,2024-25,DEN,CHI,0,0.57140017
0022401043,2025-03-24,2024-25,PHX,MIL,1,0.5478919
0022401044,2025-03-24,2024-25,SAC,BOS,0,0.43521336
0022401045,2025-03-25,2024-25,CHA,ORL,0,0.37532935
0022401046,2025-03-25,2024-25,DET,SAS,1,0.6025633
0022401047,2025-03-25,2024-25,MIA,GSW,1,0.4474065
0022401048,2025-03-25,2024-25,NYK,DAL,1,0.76671314
0022401049,2025-03-25,2024-25,HOU,ATL,1,0.6634784
0022401050,2025-03-25,2024-25,UTA,MEM,0,0.3010506
0022401051,2025-03-25,2024-25,POR,CLE,0,0.30919266
0022401052,2025-03-25,2024-25,SAC,OKC,0,0.26225162
0022401053,2025-03-26,2024-25,PHI,WAS,0,0.4520639
0022401054,2025-03-26,2024-25,BKN,TOR,0,0.6450236
0022401055,2025-03-26,2024-25,IND,LAL,0,0.5875065
0022401056,2025-03-26,2024-25,NYK,LAC,0,0.371404
0022401057,2025-03-26,2024-25,DEN,MIL,1,0.46173838
0022401058,2025-03-26,2024-25,PHX,BOS,0,0.44059268
0022401059,2025-03-27,2024-25,CLE,SAS,1,0.7271066
0022401060,2025-03-27,2024-25,ORL,DAL,0,0.7132406
0022401061,2025-03-27,2024-25,WAS,IND,0,0.15488242
0022401062,2025-03-27,2024-25,MIA,ATL,1,0.4599102
0022401063,2025-03-27,2024-25,CHI,LAL,1,0.5836631
0022401064,2025-03-27,2024-25,OKC,MEM,1,0.70916617
0022401065,2025-03-27,2024-25,UTA,HOU,0,0.18023585
0022401066,2025-03-27,2024-25,SAC,POR,1,0.5920189
0022401067,2025-03-28,2024-25,DET,CLE,1,0.45908415
0022401068,2025-03-28,2024-25,BKN,LAC,0,0.26637423
0022401069,2025-03-28,2024-25,TOR,CHA,1,0.47372198
0022401070,2025-03-28,2024-25,MIL,NYK,0,0.4912476
0022401071,2025-03-28,2024-25,MIN,PHX,1,0.69577336
0022401072,2025-03-28,2024-25,NOP,GSW,0,0.21346745
0022401073,2025-03-28,2024-25,DEN,UTA,1,0.8756643
0022401074,2025-03-29,2024-25,ORL,SAC,1,0.5377431
0022401075,2025-03-29,2024-25,WAS,BKN,0,0.53504705
0022401076,2025-03-29,2024-25,PHI,MIA,0,0.18499212
0022401077,2025-03-29,2024-25,CHI,DAL,0,0.66907406
0022401078,2025-03-29,2024-25,MEM,LAL,0,0.5267848
0022401079,2025-03-29,2024-25,OKC,IND,1,0.6467368
0022401080,2025-03-29,2024-25,SAS,BOS,0,0.33213788
0022401081,2025-03-30,2024-25,CLE,LAC,1,0.58381486
0022401082,2025-03-30,2024-25,NYK,POR,1,0.7108786
0022401083,2025-03-30,2024-25,MIL,ATL,0,0.54663646
0022401084,2025-03-30,2024-25,MIN,DET,1,0.7066398
0022401085,2025-03-30,2024-25,NOP,CHA,1,0.4801867
0022401086,2025-03-30,2024-25,SAS,GSW,0,0.4218092
0022401087,2025-03-30,2024-25,PHI,TOR,0,0.30092618
0022401088,2025-03-30,2024-25,PHX,HOU,0,0.43713707
0022401089,2025-03-31,2024-25,CHA,UTA,1,0.45668027
0022401090,2025-03-31,2024-25,IND,SAC,1,0.6434284
0022401091,2025-03-31,2024-25,ORL,LAC,0,0.4139457
0022401092,2025-03-31,2024-25,WAS,MIA,0,0.24640228
0022401093,2025-03-31,2024-25,MEM,BOS,0,0.34178728
0022401094,2025-03-31,2024-25,OKC,CHI,1,0.7060043
0022401095,2025-03-31,2024-25,DAL,BKN,0,0.7338487
0022401096,2025-03-31,2024-25,LAL,HOU,1,0.5866269
0022400988,2025-04-01,2024-25,SAS,ORL,0,0.54689616
0022401097,2025-04-01,2024-25,ATL,POR,0,0.6310362
0022401098,2025-04-01,2024-25,NYK,PHI,1,0.92644805
0022401099,2025-04-01,2024-25,CHI,TOR,1,0.7120121
0022401100,2025-04-01,2024-25,MEM,GSW,0,0.45500264
0022401101,2025-04-01,2024-25,MIL,PHX,1,0.54195535
0022401102,2025-04-01,2024-25,DEN,MIN,0,0.40803257
0022401103,2025-04-02,2024-25,CLE,NYK,1,0.7313651
0022401104,2025-04-02,2024-25,IND,CHA,1,0.85829854
0022401105,2025-04-02,2024-25,WAS,SAC,1,0.17441955
0022401106,2025-04-02,2024-25,BOS,MIA,0,0.7811616
0022401107,2025-04-02,2024-25,HOU,UTA,1,0.8692577
0022401108,2025-04-02,2024-25,OKC,DET,1,0.6942357
0022401109,2025-04-02,2024-25,DAL,ATL,1,0.56807417
0022401110,2025-04-02,2024-25,DEN,SAS,0,0.67046505
0022401111,2025-04-02,2024-25,LAC,NOP,1,0.91084826
0022401112,2025-04-03,2024-25,WAS,ORL,0,0.15280983
0022401113,2025-04-03,2024-25,BKN,MIN,0,0.16361909
0022401114,2025-04-03,2024-25,MIA,MEM,0,0.41866708
0022401115,2025-04-03,2024-25,PHI,MIL,0,0.16886836
0022401116,2025-04-03,2024-25,TOR,POR,0,0.44340646
0022401117,2025-04-03,2024-25,LAL,GSW,0,0.5052853
0022401118,2025-04-04,2024-25,CHA,SAC,0,0.22555731
0022401119,2025-04-04,2024-25,IND,UTA,1,0.8455997
0022401120,2025-04-04,2024-25,BOS,PHX,1,0.76923335
0022401121,2025-04-04,2024-25,TOR,DET,0,0.21717103
0022401122,2025-04-04,2024-25,CHI,POR,1,0.6942949
0022401123,2025-04-04,2024-25,HOU,OKC,1,0.3718536
0022401124,2025-04-04,2024-25,SAS,CLE,0,0.33511373
0022401125,2025-04-04,2024-25,GSW,DEN,1,0.7249541
0022401126,2025-04-04,2024-25,LAL,NOP,1,0.8584242
0022401127,2025-04-04,2024-25,LAC,DAL,1,0.70458215
0022401128,2025-04-05,2024-25,ATL,NYK,0,0.43619558
0022401129,2025-04-05,2024-25,DET,MEM,0,0.43135536
0022401130,2025-04-05,2024-25,PHI,MIN,0,0.109011605
0022401131,2025-04-05,2024-25,MIA,MIL,0,0.5999391
0022401132,2025-04-05,2024-25,LAC,DAL,1,0.76783484
0022400617,2025-04-06,2024-25,NOP,MIL,0,0.23143063
0022401133,2025-04-06,2024-25,CHA,CHI,0,0.23691654
0022401134,2025-04-06,2024-25,BKN,TOR,0,0.4245026
0022401135,2025-04-06,2024-25,OKC,LAL,0,0.6750641
0022401136,2025-04-06,2024-25,ATL,UTA,1,0.7272416
0022401137,2025-04-06,2024-25,BOS,WAS,1,0.9389094
0022401138,2025-04-06,2024-25,CLE,SAC,0,0.70739204
0022401139,2025-04-06,2024-25,POR,SAS,1,0.5122439
0022401140,2025-04-06,2024-25,NYK,PHX,1,0.6556245
0022401142,2025-04-06,2024-25,DEN,IND,0,0.481029
0022401143,2025-04-06,2024-25,GSW,HOU,0,0.52423805
0022401144,2025-04-07,2024-25,DET,SAC,0,0.59754086
0022401145,2025-04-07,2024-25,MIA,PHI,1,0.879288
0022401146,2025-04-08,2024-25,CHA,MEM,0,0.1934773
0022401147,2025-04-08,2024-25,CLE,CHI,1,0.73667705
0022401148,2025-04-08,2024-25,IND,WAS,1,0.88467324
0022401149,2025-04-08,2024-25,ORL,ATL,1,0.5597716
0022401150,2025-04-08,2024-25,BKN,NOP,1,0.55117863
0022401151,2025-04-08,2024-25,NYK,BOS,0,0.52415687
0022401152,2025-04-08,2024-25,MIL,MIN,1,0.3313892
0022401153,2025-04-08,2024-25,OKC,LAL,1,0.67319417
0022401154,2025-04-08,2024-25,PHX,GSW,0,0.39630947
0022401155,2025-04-08,2024-25,LAC,SAS,1,0.74517137
0022401156,2025-04-09,2024-25,ORL,BOS,1,0.3211827
0022401157,2025-04-09,2024-25,WAS,PHI,0,0.51867807
0022401158,2025-04-09,2024-25,TOR,CHA,1,0.6784833
0022401159,2025-04-09,2024-25,DAL,LAL,0,0.48185435
0022401160,2025-04-09,2024-25,CHI,MIA,1,0.36870766
0022401162,2025-04-09,2024-25,UTA,POR,1,0.35342777
0022401163,2025-04-09,2024-25,GSW,SAS,0,0.70167875
0022401164,2025-04-09,2024-25,PHX,OKC,0,0.29676062
0022401165,2025-04-09,2024-25,SAC,DEN,0,0.51811874
0022401166,2025-04-09,2024-25,LAC,HOU,1,0.54436374
0022401161,2025-04-10,2024-25,MIL,NOP,1,0.87351036
0022401167,2025-04-10,2024-25,DET,NYK,1,0.38875923
0022401168,2025-04-10,2024-25,IND,CLE,1,0.57672226
0022401169,2025-04-10,2024-25,BKN,ATL,0,0.14575973
0022401170,2025-04-10,2024-25,MEM,MIN,0,0.33091998
0022401171,2025-04-11,2024-25,DET,MIL,0,0.56423944
0022401172,2025-04-11,2024-25,IND,ORL,0,0.6005726
0022401173,2025-04-11,2024-25,PHI,ATL,0,0.23161551
0022401174,2025-04-11,2024-25,BOS,CHA,1,0.894102
0022401175,2025-04-11,2024-25,NYK,CLE,0,0.59341145
0022401176,2025-04-11,2024-25,CHI,WAS,1,0.89336216
0022401177,2025-04-11,2024-25,NOP,MIA,0,0.106579825
0022401178,2025-04-11,2024-25,DAL,TOR,1,0.64915025
0022401179,2025-04-11,2024-25,MIN,BKN,1,0.9120495
0022401180,2025-04-11,2024-25,DEN,MEM,1,0.67151916
0022401181,2025-04-11,2024-25,UTA,OKC,0,0.19364968
0022401182,2025-04-11,2024-25,PHX,SAS,1,0.49776107
0022401183,2025-04-11,2024-25,POR,GSW,0,0.3113455
0022401184,2025-04-11,2024-25,SAC,LAC,0,0.422804
0022401185,2025-04-11,2024-25,LAL,HOU,1,0.6868913
0022401186,2025-04-13,2024-25,ATL,ORL,1,0.60211253
0022401187,2025-04-13,2024-25,BOS,CHA,1,0.9345788
0022401188,2025-04-13,2024-25,BKN,NYK,0,0.10533859
0022401189,2025-04-13,2024-25,CLE,IND,0,0.7206798
0022401190,2025-04-13,2024-25,MIA,WAS,0,0.8876414
0022401191,2025-04-13,2024-25,PHI,CHI,0,0.16581558
0022401192,2025-04-13,2024-25,MIL,DET,1,0.59546125
0022401193,2025-04-13,2024-25,HOU,DEN,0,0.24351108
0022401194,2025-04-13,2024-25,MEM,DAL,1,0.6797831
0022401195,2025-04-13,2024-25,MIN,UTA,1,0.8689895
0022401196,2025-04-13,2024-25,NOP,OKC,0,0.14240529
0022401197,2025-04-13,2024-25,SAS,TOR,1,0.5737275
0022401198,2025-04-13,2024-25,GSW,LAC,0,0.38065618
0022401199,2025-04-13,2024-25,POR,LAL,1,0.28186417
0022401200,2025-04-13,2024-25,SAC,PHX,1,0.71923655
0022500001,2025-10-21,2025-26,OKC,HOU,1,0.60364723
0022500002,2025-10-21,2025-26,LAL,GSW,0,0.23913868
0022500003,2025-10-22,2025-26,NYK,CLE,1,0.75256926
0022500004,2025-10-22,2025-26,DAL,SAS,0,0.5591566
0022500080,2025-10-22,2025-26,CHA,BKN,1,0.47878444
0022500081,2025-10-22,2025-26,ORL,MIA,1,0.5920738
0022500082,2025-10-22,2025-26,ATL,TOR,0,0.67475665
0022500083,2025-10-22,2025-26,BOS,PHI,0,0.8504854
0022500084,2025-10-22,2025-26,CHI,DET,1,0.63138044
0022500085,2025-10-22,2025-26,MEM,NOP,1,0.817961
0022500086,2025-10-22,2025-26,MIL,WAS,1,0.8274578
0022500087,2025-10-22,2025-26,UTA,LAC,1,0.1330884
0022500088,2025-10-22,2025-26,PHX,SAC,1,0.37739304
0022500089,2025-10-22,2025-26,POR,MIN,0,0.21485448
0022500005,2025-10-23,2025-26,IND,OKC,0,0.7505306
0022500006,2025-10-23,2025-26,GSW,DEN,1,0.3752973
0022500018,2025-10-24,2025-26,NYK,BOS,1,0.4110956
0022500019,2025-10-24,2025-26,LAL,MIN,1,0.5577444
0022500090,2025-10-24,2025-26,ORL,ATL,0,0.5338562
0022500091,2025-10-24,2025-26,BKN,CLE,0,0.4091574
0022500092,2025-10-24,2025-26,TOR,MIL,0,0.4334689
0022500093,2025-10-24,2025-26,HOU,DET,0,0.5708466
0022500094,2025-10-24,2025-26,MEM,MIA,0,0.49653363
0022500095,2025-10-24,2025-26,NOP,SAS,0,0.4944723
0022500096,2025-10-24,2025-26,DAL,WAS,0,0.6398567
0022500097,2025-10-24,2025-26,POR,GSW,1,0.41119918
0022500098,2025-10-24,2025-26,SAC,UTA,1,0.65686226
0022500099,2025-10-24,2025-26,LAC,PHX,1,0.7030227
0022500100,2025-10-25,2025-26,ORL,CHI,0,0.46824107
0022500101,2025-10-25,2025-26,ATL,OKC,0,0.2320491
0022500102,2025-10-25,2025-26,PHI,CHA,1,0.61510104
0022500103,2025-10-25,2025-26,MEM,IND,1,0.5494464
0022500104,2025-10-25,2025-26,DEN,PHX,1,0.7425337
0022500105,2025-10-26,2025-26,SAS,BKN,1,0.9211202
0022500106,2025-10-26,2025-26,DET,BOS,1,0.4043646
0022500107,2025-10-26,2025-26,CLE,MIL,1,0.32500398
0022500108,2025-10-26,2025-26,MIA,NYK,1,0.46247682
0022500109,2025-10-26,2025-26,WAS,CHA,0,0.35705426
0022500110,2025-10-26,2025-26,MIN,IND,1,0.71610343
0022500111,2025-10-26,2025-26,DAL,TOR,1,0.0917298
0022500112,2025-10-26,2025-26,LAC,POR,1,0.3903778
0022500113,2025-10-26,2025-26,SAC,LAL,0,0.60309315
0022500007,2025-10-27,2025-26,DET,CLE,0,0.43033075
0022500008,2025-10-27,2025-26,MIN,DEN,0,0.5374601
0022500114,2025-10-27,2025-26,PHI,ORL,1,0.41891864
0022500115,2025-10-27,2025-26,CHI,ATL,1,0.72207916
0022500116,2025-10-27,2025-26,HOU,BKN,1,0.8477789
0022500117,2025-10-27,2025-26,NOP,BOS,0,0.47271645
0022500118,2025-10-27,2025-26,SAS,TOR,1,0.7086908
0022500119,2025-10-27,2025-26,DAL,OKC,0,0.09156977
0022500120,2025-10-27,2025-26,UTA,PHX,1,0.7891955
0022500121,2025-10-27,2025-26,GSW,MEM,1,0.8687046
0022500122,2025-10-27,2025-26,LAL,POR,0,0.5054164
0022500123,2025-10-28,2025-26,WAS,PHI,0,0.51305443
0022500124,2025-10-28,2025-26,MIA,CHA,1,0.8462614
0022500125,2025-10-28,2025-26,MIL,NYK,1,0.6506608
0022500126,2025-10-28,2025-26,OKC,SAC,1,0.7480145
0022500127,2025-10-28,2025-26,GSW,LAC,1,0.4421941
0022500128,2025-10-29,2025-26,BOS,CLE,1,0.52512014
0022500129,2025-10-29,2025-26,DET,ORL,1,0.5888087
0022500130,2025-10-29,2025-26,BKN,ATL,0,0.47707814
0022500131,2025-10-29,2025-26,TOR,HOU,0,0.43419412
0022500132,2025-10-29,2025-26,CHI,SAC,1,0.75923896
0022500133,2025-10-29,2025-26,DAL,IND,1,0.44246662
0022500134,2025-10-29,2025-26,DEN,NOP,1,0.858805
0022500135,2025-10-29,2025-26,UTA,POR,0,0.5728745
0022500136,2025-10-29,2025-26,MIN,LAL,0,0.4879473
0022500137,2025-10-29,2025-26,PHX,MEM,0,0.35768038
0022500138,2025-10-30,2025-26,CHA,ORL,0,0.6995399
0022500139,2025-10-30,2025-26,MIL,GSW,1,0.6581814
0022500140,2025-10-30,2025-26,OKC,WAS,1,0.86659056
0022500141,2025-10-30,2025-26,SAS,MIA,1,0.6194984
0022500020,2025-10-31,2025-26,IND,ATL,0,0.5400958
0022500021,2025-10-31,2025-26,PHI,BOS,0,0.42819667
0022500022,2025-10-31,2025-26,CLE,TOR,0,0.7382762
0022500023,2025-10-31,2025-26,CHI,NYK,1,0.69999146
0022500024,2025-10-31,2025-26,MEM,LAL,0,0.55864775
0022500025,2025-10-31,2025-26,PHX,UTA,1,0.4467336
0022500026,2025-10-31,2025-26,POR,DEN,1,0.47101334
0022500027,2025-10-31,2025-26,LAC,NOP,1,0.87595457
0022500142,2025-11-01,2025-26,MIL,SAC,0,0.69078445
0022500143,2025-11-01,2025-26,CHA,MIN,0,0.4325082
0022500144,2025-11-01,2025-26,IND,GSW,1,0.24367157
0022500145,2025-11-01,2025-26,WAS,ORL,0,0.47612464
0022500146,2025-11-01,2025-26,BOS,HOU,0,0.5210457
0022500148,2025-11-02,2025-26,OKC,NOP,1,0.9345968
0022500149,2025-11-02,2025-26,BKN,PHI,0,0.39362663
0022500150,2025-11-02,2025-26,CHA,UTA,1,0.3769015
0022500151,2025-11-02,2025-26,CLE,ATL,1,0.5760891
0022500152,2025-11-02,2025-26,TOR,MEM,1,0.43470517
0022500153,2025-11-02,2025-26,NYK,CHI,1,0.43211928
0022500154,2025-11-02,2025-26,PHX,SAS,1,0.24065134
0022500155,2025-11-02,2025-26,LAL,MIA,1,0.5683905
0022500156,2025-11-03,2025-26,BKN,MIN,0,0.38542306
0022500157,2025-11-03,2025-26,IND,MIL,0,0.22138299
0022500158,2025-11-03,2025-26,BOS,UTA,0,0.81111664
0022500159,2025-11-03,2025-26,NYK,WAS,1,0.77759963
0022500160,2025-11-03,2025-26,HOU,DAL,1,0.8517429
0022500161,2025-11-03,2025-26,MEM,DET,0,0.52621394
0022500162,2025-11-03,2025-26,DEN,SAC,1,0.89715505
0022500163,2025-11-03,2025-26,POR,LAL,0,0.5493392
0022500164,2025-11-03,2025-26,LAC,MIA,0,0.545072
0022500165,2025-11-04,2025-26,TOR,MIL,1,0.34455347
0022500166,2025-11-04,2025-26,ATL,ORL,1,0.660299
0022500167,2025-11-04,2025-26,CHI,PHI,1,0.77690107
0022500168,2025-11-04,2025-26,NOP,CHA,1,0.5441954
0022500169,2025-11-04,2025-26,GSW,PHX,1,0.8215785
0022500170,2025-11-04,2025-26,LAC,OKC,0,0.40432507
0022500171,2025-11-05,2025-26,CLE,PHI,1,0.6410148
0022500172,2025-11-05,2025-26,DET,UTA,1,0.72310466
0022500173,2025-11-05,2025-26,IND,BKN,0,0.69988334
0022500174,2025-11-05,2025-26,BOS,WAS,1,0.84783447
0022500175,2025-11-05,2025-26,NYK,MIN,1,0.5604613
0022500176,2025-11-05,2025-26,MEM,HOU,0,0.33460864
0022500177,2025-11-05,2025-26,DAL,NOP,0,0.740071
0022500178,2025-11-05,2025-26,DEN,MIA,1,0.6541696
0022500179,2025-11-05,2025-26,LAL,SAS,1,0.3880842
0022500180,2025-11-05,2025-26,POR,OKC,1,0.4468481
0022500181,2025-11-05,2025-26,SAC,GSW,1,0.44117987
0022500182,2025-11-06,2025-26,PHX,LAC,1,0.5209658
0022500028,2025-11-07,2025-26,ORL,BOS,1,0.49772114
0022500029,2025-11-07,2025-26,WAS,CLE,0,0.22445582
0022500030,2025-11-07,2025-26,ATL,TOR,0,0.62136585
0022500031,2025-11-07,2025-26,BKN,DET,0,0.34675878
0022500032,2025-11-07,2025-26,SAS,HOU,1,0.5237992
0022500033,2025-11-07,2025-26,MIA,CHA,1,0.84034437
0022500034,2025-11-07,2025-26,MEM,DAL,1,0.6271951
0022500035,2025-11-07,2025-26,MIL,CHI,1,0.5661689
0022500036,2025-11-07,2025-26,MIN,UTA,1,0.81274587
0022500037,2025-11-07,2025-26,DEN,GSW,1,0.80851203
0022500038,2025-11-07,2025-26,SAC,OKC,0,0.31428775
0022500183,2025-11-08,2025-26,WAS,DAL,0,0.47378168
0022500184,2025-11-08,2025-26,PHI,TOR,1,0.68453944
0022500185,2025-11-08,2025-26,ATL,LAL,1,0.42013386
0022500186,2025-11-08,2025-26,CLE,CHI,1,0.49161467
0022500187,2025-11-08,2025-26,MIA,POR,1,0.5488279
0022500188,2025-11-08,2025-26,SAS,NOP,1,0.83932173
0022500189,2025-11-08,2025-26,DEN,IND,1,0.79048973
0022500190,2025-11-08,2025-26,LAC,PHX,0,0.56146353
0022500191,2025-11-09,2025-26,MIL,HOU,0,0.52148086
0022500192,2025-11-09,2025-26,NYK,BKN,1,0.81749594
0022500193,2025-11-09,2025-26,ORL,BOS,0,0.44611835
0022500194,2025-11-09,2025-26,MEM,OKC,0,0.23593153
0022500195,2025-11-09,2025-26,PHI,DET,0,0.49728233
0022500196,2025-11-09,2025-26,GSW,IND,1,0.80351245
0022500197,2025-11-09,2025-26,SAC,MIN,0,0.4862987
0022500198,2025-11-10,2025-26,CHA,LAL,0,0.2544716
0022500199,2025-11-10,2025-26,DET,WAS,1,0.8565438
0022500200,2025-11-10,2025-26,ORL,POR,1,0.4594348
0022500201,2025-11-10,2025-26,MIA,CLE,1,0.51132494
0022500202,2025-11-10,2025-26,CHI,SAS,0,0.60842794
0022500203,2025-11-10,2025-26,DAL,MIL,0,0.23989722
0022500204,2025-11-10,2025-26,PHX,NOP,1,0.8728375
0022500205,2025-11-10,2025-26,UTA,MIN,0,0.40052995
0022500206,2025-11-10,2025-26,LAC,ATL,0,0.68285936
0022500207,2025-11-11,2025-26,BKN,TOR,0,0.3153207
0022500208,2025-11-11,2025-26,NYK,MEM,1,0.77020603
0022500209,2025-11-11,2025-26,PHI,BOS,1,0.47907943
0022500210,2025-11-11,2025-26,OKC,GSW,1,0.7812172
0022500211,2025-11-11,2025-26,UTA,IND,1,0.5069983
0022500212,2025-11-11,2025-26,SAC,DEN,0,0.3232148
0022500213,2025-11-12,2025-26,CHA,MIL,1,0.20556313
0022500214,2025-11-12,2025-26,DET,CHI,1,0.58620816
0022500215,2025-11-12,2025-26,NYK,ORL,0,0.7565237
0022500216,2025-11-12,2025-26,BOS,MEM,1,0.7344737
0022500217,2025-11-12,2025-26,MIA,CLE,0,0.43259764
0022500218,2025-11-12,2025-26,HOU,WAS,1,0.90059805
0022500219,2025-11-12,2025-26,NOP,POR,0,0.28190503
0022500220,2025-11-12,2025-26,SAS,GSW,0,0.68720925
0022500221,2025-11-12,2025-26,DAL,PHX,0,0.3561056
0022500222,2025-11-12,2025-26,OKC,LAL,1,0.64047134
0022500223,2025-11-12,2025-26,SAC,ATL,0,0.41220868
0022500224,2025-11-12,2025-26,LAC,DEN,0,0.35021815
0022500225,2025-11-13,2025-26,CLE,TOR,0,0.5440288
0022500226,2025-11-13,2025-26,PHX,IND,1,0.75724655
0022500227,2025-11-13,2025-26,UTA,ATL,0,0.40648618
0022500039,2025-11-14,2025-26,NYK,MIA,1,0.66808873
0022500040,2025-11-14,2025-26,ORL,BKN,1,0.8087538
0022500041,2025-11-14,2025-26,DET,PHI,1,0.50109595
0022500042,2025-11-14,2025-26,HOU,POR,1,0.6923364
0022500043,2025-11-14,2025-26,MIL,CHA,1,0.8046952
0022500044,2025-11-14,2025-26,MIN,SAC,1,0.8545784
0022500045,2025-11-14,2025-26,NOP,LAL,0,0.21782775
0022500046,2025-11-14,2025-26,DAL,LAC,0,0.39543575
0022500047,2025-11-14,2025-26,SAS,GSW,0,0.67160356
0022500228,2025-11-15,2025-26,CLE,MEM,1,0.76917994
0022500229,2025-11-15,2025-26,CHA,OKC,0,0.2000459
0022500230,2025-11-15,2025-26,IND,TOR,0,0.28873885
0022500231,2025-11-15,2025-26,MIL,LAL,0,0.5898377
0022500232,2025-11-15,2025-26,MIN,DEN,0,0.44446906
0022500233,2025-11-16,2025-26,BOS,LAC,1,0.64225394
0022500234,2025-11-16,2025-26,SAS,SAC,1,0.79464597
0022500235,2025-11-16,2025-26,WAS,BKN,0,0.5477164
0022500236,2025-11-16,2025-26,HOU,ORL,1,0.7052863
0022500237,2025-11-16,2025-26,NOP,GSW,0,0.23773018
0022500238,2025-11-16,2025-26,DAL,POR,1,0.38351014
0022500239,2025-11-16,2025-26,PHX,ATL,0,0.5988581
0022500240,2025-11-16,2025-26,UTA,CHI,1,0.34574503
0022500241,2025-11-17,2025-26,CLE,MIL,1,0.5863277
0022500242,2025-11-17,2025-26,DET,IND,1,0.7934642
0022500243,2025-11-17,2025-26,PHI,LAC,1,0.72196215
0022500244,2025-11-17,2025-26,MIA,NYK,1,0.43004274
0022500245,2025-11-17,2025-26,TOR,CHA,1,0.81365806
0022500246,2025-11-17,2025-26,MIN,DAL,1,0.8992834
0022500247,2025-11-17,2025-26,NOP,OKC,0,0.104223184
0022500248,2025-11-17,2025-26,DEN,CHI,0,0.8153061
0022500249,2025-11-18,2025-26,ORL,GSW,1,0.5538791
0022500250,2025-11-18,2025-26,BKN,BOS,0,0.19963565
0022500251,2025-11-18,2025-26,ATL,DET,0,0.7012577
0022500252,2025-11-18,2025-26,SAS,MEM,1,0.7139684
0022500253,2025-11-18,2025-26,LAL,UTA,1,0.71793956
0022500254,2025-11-18,2025-26,POR,PHX,0,0.3619914
0022500255,2025-11-19,2025-26,CLE,HOU,0,0.44337726
0022500256,2025-11-19,2025-26,IND,CHA,1,0.50020504
0022500257,2025-11-19,2025-26,MIA,GSW,1,0.5650516
0022500258,2025-11-19,2025-26,PHI,TOR,0,0.49889684
0022500259,2025-11-19,2025-26,MIN,WAS,1,0.8918086
0022500260,2025-11-19,2025-26,NOP,DEN,0,0.11289398
0022500261,2025-11-19,2025-26,OKC,SAC,1,0.8542775
0022500262,2025-11-19,2025-26,DAL,NYK,0,0.24331969
0022500263,2025-11-19,2025-26,POR,CHI,0,0.35975325
0022500264,2025-11-20,2025-26,ORL,LAC,1,0.61634994
0022500265,2025-11-20,2025-26,MEM,SAC,1,0.63670146
0022500266,2025-11-20,2025-26,MIL,PHI,0,0.7158482
0022500267,2025-11-20,2025-26,SAS,ATL,1,0.5681171
0022500048,2025-11-21,2025-26,CLE,IND,1,0.83835065
0022500049,2025-11-21,2025-26,BOS,BKN,0,0.85354465
0022500050,2025-11-21,2025-26,TOR,WAS,1,0.8805816
0022500051,2025-11-21,2025-26,CHI,MIA,0,0.59707934
0022500052,2025-11-21,2025-26,DAL,NOP,1,0.6912163
0022500053,2025-11-21,2025-26,PHX,MIN,1,0.4158889
0022500054,2025-11-21,2025-26,HOU,DEN,0,0.56457365
0022500055,2025-11-21,2025-26,UTA,OKC,0,0.19508111
0022500056,2025-11-21,2025-26,GSW,POR,0,0.6774488
0022500268,2025-11-22,2025-26,CHA,LAC,0,0.45148075
0022500269,2025-11-22,2025-26,ORL,NYK,1,0.39375225
0022500270,2025-11-22,2025-26,NOP,ATL,0,0.18304709
0022500271,2025-11-22,2025-26,CHI,WAS,1,0.86035657
0022500272,2025-11-22,2025-26,MIL,DET,0,0.49686348
0022500273,2025-11-22,2025-26,DAL,MEM,0,0.54358727
0022500274,2025-11-22,2025-26,DEN,SAC,0,0.84482926
0022500275,2025-11-23,2025-26,PHI,MIA,0,0.5023742
0022500276,2025-11-23,2025-26,ATL,CHA,1,0.7781057
0022500277,2025-11-23,2025-26,BOS,ORL,1,0.6687776
0022500278,2025-11-23,2025-26,CLE,LAC,1,0.8024624
0022500279,2025-11-23,2025-26,TOR,BKN,1,0.8328887
0022500280,2025-11-23,2025-26,OKC,POR,1,0.8840648
0022500281,2025-11-23,2025-26,PHX,SAS,1,0.6014939
0022500282,2025-11-23,2025-26,UTA,LAL,0,0.29996157
0022500283,2025-11-24,2025-26,IND,DET,0,0.2966585
0022500284,2025-11-24,2025-26,TOR,CLE,1,0.64037
0022500285,2025-11-24,2025-26,BKN,NYK,0,0.20698784
0022500286,2025-11-24,2025-26,MIA,DAL,1,0.7391306
0022500287,2025-11-24,2025-26,MEM,DEN,0,0.2478726
0022500288,2025-11-24,2025-26,MIL,POR,0,0.7645491
0022500289,2025-11-24,2025-26,NOP,CHI,1,0.25972137
0022500290,2025-11-24,2025-26,PHX,HOU,0,0.40007663
0022500291,2025-11-24,2025-26,GSW,UTA,1,0.81726193
0022500292,2025-11-24,2025-26,SAC,MIN,1,0.1703709
0022500057,2025-11-25,2025-26,WAS,ATL,1,0.2119097
0022500058,2025-11-25,2025-26,PHI,ORL,0,0.6322314
0022500059,2025-11-25,2025-26,LAL,LAC,1,0.7649496
0022500060,2025-11-26,2025-26,BOS,DET,1,0.5897925
0022500061,2025-11-26,2025-26,CHA,NYK,0,0.24136461
0022500062,2025-11-26,2025-26,MIA,MIL,1,0.6082909
0022500063,2025-11-26,2025-26,TOR,IND,1,0.816738
0022500064,2025-11-26,2025-26,OKC,MIN,1,0.6370099
0022500065,2025-11-26,2025-26,NOP,MEM,0,0.34518832
0022500066,2025-11-26,2025-26,GSW,HOU,0,0.41462046
0022500067,2025-11-26,2025-26,POR,SAS,0,0.2977502
0022500068,2025-11-26,2025-26,SAC,PHX,0,0.3720143
0022500069,2025-11-28,2025-26,ATL,CLE,1,0.6271429
0022500070,2025-11-28,2025-26,BKN,PHI,0,0.33359712
0022500071,2025-11-28,2025-26,CHA,CHI,1,0.3354135
0022500072,2025-11-28,2025-26,DET,ORL,0,0.6418555
0022500073,2025-11-28,2025-26,IND,WAS,1,0.6504834
0022500074,2025-11-28,2025-26,NYK,MIL,1,0.7054589
0022500075,2025-11-28,2025-26,OKC,PHX,1,0.79105926
0022500076,2025-11-28,2025-26,DEN,SAS,0,0.6874434
0022500077,2025-11-28,2025-26,UTA,SAC,1,0.55018437
0022500078,2025-11-28,2025-26,LAL,DAL,1,0.7665445
0022500079,2025-11-28,2025-26,LAC,MEM,0,0.59684426
0022500293,2025-11-29,2025-26,MIN,BOS,1,0.63228023
0022500294,2025-11-29,2025-26,CHA,TOR,1,0.21925183
0022500295,2025-11-29,2025-26,IND,CHI,1,0.31447652
0022500296,2025-11-29,2025-26,MIA,DET,0,0.70570934
0022500297,2025-11-29,2025-26,MIL,BKN,1,0.82391423
0022500298,2025-11-29,2025-26,GSW,NOP,1,0.8347637
0022500299,2025-11-29,2025-26,PHX,DEN,0,0.44024482
0022500300,2025-11-29,2025-26,LAC,DAL,0,0.68053055
0022500301,2025-11-30,2025-26,UTA,HOU,0,0.2554667
0022500302,2025-11-30,2025-26,CLE,BOS,0,0.6393492
0022500303,2025-11-30,2025-26,NYK,TOR,1,0.7381944
0022500304,2025-11-30,2025-26,PHI,ATL,0,0.41914362
0022500305,2025-11-30,2025-26,POR,OKC,0,0.22249292
0022500306,2025-11-30,2025-26,MIN,SAS,1,0.59653246
0022500307,2025-11-30,2025-26,SAC,MEM,0,0.52119476
0022500308,2025-11-30,2025-26,LAL,NOP,1,0.92691594
0022500309,2025-12-01,2025-26,DET,ATL,1,0.59606355
0022500310,2025-12-01,2025-26,IND,CLE,0,0.42669904
0022500311,2025-12-01,2025-26,WAS,MIL,1,0.27303863
0022500312,2025-12-01,2025-26,BKN,CHA,1,0.46635962
0022500313,2025-12-01,2025-26,MIA,LAC,1,0.72927916
0022500314,2025-12-01,2025-26,ORL,CHI,1,0.7469001
0022500315,2025-12-01,2025-26,DEN,DAL,0,0.83353865
0022500316,2025-12-01,2025-26,UTA,HOU,1,0.2923608
0022500317,2025-12-01,2025-26,LAL,PHX,0,0.6146166
0022500318,2025-12-02,2025-26,PHI,WAS,1,0.8038087
0022500319,2025-12-02,2025-26,TOR,POR,1,0.6940578
0022500320,2025-12-02,2025-26,BOS,NYK,1,0.49486542
0022500321,2025-12-02,2025-26,NOP,MIN,0,0.16597743
0022500322,2025-12-02,2025-26,SAS,MEM,1,0.6805114
0022500323,2025-12-02,2025-26,GSW,OKC,0,0.33120608
0022500324,2025-12-03,2025-26,CLE,POR,0,0.75826275
0022500325,2025-12-03,2025-26,IND,DEN,0,0.24998617
0022500326,2025-12-03,2025-26,ORL,SAS,0,0.6837567
0022500327,2025-12-03,2025-26,ATL,LAC,0,0.7361428
0022500328,2025-12-03,2025-26,NYK,CHA,1,0.8314084
0022500329,2025-12-03,2025-26,CHI,BKN,0,0.78119177
0022500330,2025-12-03,2025-26,HOU,SAC,1,0.814476
0022500331,2025-12-03,2025-26,MIL,DET,1,0.6023026
0022500332,2025-12-03,2025-26,DAL,MIA,1,0.33624062
0022500333,2025-12-04,2025-26,PHI,GSW,1,0.42618883
0022500334,2025-12-04,2025-26,WAS,BOS,0,0.22217631
0022500335,2025-12-04,2025-26,BKN,UTA,0,0.4121796
0022500336,2025-12-04,2025-26,TOR,LAL,0,0.4764561
0022500337,2025-12-04,2025-26,NOP,MIN,0,0.18889411
0022500338,2025-12-05,2025-26,BOS,LAL,1,0.56222713
0022500339,2025-12-05,2025-26,ORL,MIA,1,0.55978644
0022500340,2025-12-05,2025-26,ATL,DEN,0,0.48859218
0022500341,2025-12-05,2025-26,CLE,SAS,1,0.60943496
0022500342,2025-12-05,2025-26,DET,POR,1,0.69898975
0022500343,2025-12-05,2025-26,NYK,UTA,1,0.86049026
0022500344,2025-12-05,2025-26,TOR,CHA,0,0.7437873
0022500345,2025-12-05,2025-26,CHI,IND,0,0.6451261
0022500346,2025-12-05,2025-26,HOU,PHX,1,0.692347
0022500347,2025-12-05,2025-26,MEM,LAC,1,0.59173703
0022500348,2025-12-05,2025-26,MIL,PHI,0,0.76145273
0022500349,2025-12-05,2025-26,OKC,DAL,1,0.86073774
0022500350,2025-12-06,2025-26,BKN,NOP,1,0.5921264
0022500351,2025-12-06,2025-26,WAS,ATL,0,0.3070878
0022500352,2025-12-06,2025-26,CLE,GSW,0,0.5934696
0022500353,2025-12-06,2025-26,DET,MIL,1,0.6011582
0022500354,2025-12-06,2025-26,MIA,SAC,0,0.71118456
0022500355,2025-12-06,2025-26,MIN,LAC,1,0.8079145
0022500356,2025-12-06,2025-26,DAL,HOU,1,0.2941353
0022500357,2025-12-07,2025-26,NYK,ORL,1,0.66344637
0022500358,2025-12-07,2025-26,TOR,BOS,0,0.47151998
0022500359,2025-12-07,2025-26,CHA,DEN,0,0.20730802
0022500360,2025-12-07,2025-26,MEM,POR,1,0.5914476
0022500361,2025-12-07,2025-26,CHI,GSW,0,0.727496
0022500362,2025-12-07,2025-26,PHI,LAL,0,0.5626611
0022500363,2025-12-07,2025-26,UTA,OKC,0,0.280271
0022500364,2025-12-08,2025-26,IND,SAC,1,0.5465624
0022500365,2025-12-08,2025-26,MIN,PHX,0,0.6872594
0022500366,2025-12-08,2025-26,NOP,SAS,0,0.26460013
0022501201,2025-12-09,2025-26,ORL,MIA,1,0.5744807
0022501202,2025-12-09,2025-26,TOR,NYK,0,0.36901796
0022501203,2025-12-10,2025-26,OKC,PHX,1,0.6189404
0022501204,2025-12-10,2025-26,LAL,SAS,0,0.63662535
0022501205,2025-12-11,2025-26,HOU,LAC,1,0.7126259
0022501206,2025-12-11,2025-26,MIL,BOS,1,0.38978848
0022501207,2025-12-11,2025-26,NOP,POR,1,0.44420892
0022501208,2025-12-11,2025-26,SAC,DEN,0,0.29768187
0022501209,2025-12-12,2025-26,CHA,CHI,0,0.3490916
0022501210,2025-12-12,2025-26,DET,ATL,1,0.569485
0022501211,2025-12-12,2025-26,PHI,IND,1,0.6741184
0022501212,2025-12-12,2025-26,WAS,CLE,0,0.2044725
0022501213,2025-12-12,2025-26,MEM,UTA,0,0.69610757
0022501214,2025-12-12,2025-26,DAL,BKN,1,0.605268
0022501215,2025-12-12,2025-26,GSW,MIN,0,0.3512269
0022501216,2025-12-14,2025-26,IND,WAS,0,0.7945151
0022501217,2025-12-14,2025-26,ATL,PHI,1,0.6974404
0022501218,2025-12-14,2025-26,CLE,CHA,0,0.807351
0022501219,2025-12-14,2025-26,BKN,MIL,1,0.40260196
0022501220,2025-12-14,2025-26,MIN,SAC,1,0.7816944
0022501221,2025-12-14,2025-26,POR,GSW,1,0.39903137
0022501223,2025-12-14,2025-26,CHI,NOP,0,0.7310983
0022501228,2025-12-14,2025-26,PHX,LAL,0,0.40655017
0022501222,2025-12-15,2025-26,BOS,DET,0,0.69765
0022501224,2025-12-15,2025-26,UTA,DAL,1,0.5103998
0022501225,2025-12-15,2025-26,DEN,HOU,1,0.531266
0022501226,2025-12-15,2025-26,LAC,MEM,0,0.6263172
0022501227,2025-12-15,2025-26,MIA,TOR,0,0.75457764
0022500367,2025-12-17,2025-26,CHI,CLE,1,0.49979207
0022500368,2025-12-17,2025-26,MIN,MEM,0,0.7560376
0022500369,2025-12-18,2025-26,OKC,LAC,1,0.8198666
0022500370,2025-12-18,2025-26,SAS,WAS,1,0.887212
0022500371,2025-12-18,2025-26,CHA,ATL,1,0.31153378
0022500372,2025-12-18,2025-26,IND,NYK,0,0.33711353
0022500373,2025-12-18,2025-26,BKN,MIA,0,0.3204789
0022500374,2025-12-18,2025-26,MIL,TOR,0,0.5779404
0022500375,2025-12-18,2025-26,NOP,HOU,1,0.24726848
0022500376,2025-12-18,2025-26,DAL,DET,1,0.32854733
0022500377,2025-12-18,2025-26,DEN,ORL,1,0.6455056
0022500378,2025-12-18,2025-26,PHX,GSW,1,0.52054685
0022500379,2025-12-18,2025-26,UTA,LAL,0,0.24014173
0022500380,2025-12-18,2025-26,POR,SAC,1,0.5578203
0022500381,2025-12-19,2025-26,BOS,MIA,1,0.71503454
0022500382,2025-12-19,2025-26,NYK,PHI,0,0.7030788
0022500383,2025-12-19,2025-26,ATL,SAS,0,0.60428536
0022500384,2025-12-19,2025-26,CLE,CHI,0,0.61303955
0022500385,2025-12-19,2025-26,MIN,OKC,1,0.45211637
0022500386,2025-12-20,2025-26,DEN,HOU,0,0.590487
0022500387,2025-12-20,2025-26,PHI,DAL,1,0.6000465
0022500388,2025-12-20,2025-26,TOR,BOS,0,0.4673261
0022500389,2025-12-20,2025-26,NOP,IND,1,0.51376164
0022500390,2025-12-20,2025-26,DET,CHA,1,0.75593585
0022500391,2025-12-20,2025-26,MEM,WAS,0,0.7679914
0022500392,2025-12-20,2025-26,GSW,PHX,1,0.6168845
0022500393,2025-12-20,2025-26,UTA,ORL,0,0.31673676
0022500394,2025-12-20,2025-26,SAC,POR,0,0.50693625
0022500395,2025-12-20,2025-26,LAC,LAL,1,0.41661
0022500396,2025-12-21,2025-26,ATL,CHI,0,0.5772106
0022500397,2025-12-21,2025-26,BKN,TOR,1,0.56753385
0022500398,2025-12-21,2025-26,NYK,MIA,1,0.8252253
0022500399,2025-12-21,2025-26,WAS,SAS,0,0.21834508
0022500400,2025-12-21,2025-26,MIN,MIL,1,0.70826375
0022500401,2025-12-21,2025-26,SAC,HOU,1,0.25350338
0022500402,2025-12-22,2025-26,CLE,CHA,1,0.6123008
0022500403,2025-12-22,2025-26,BOS,IND,1,0.7613123
0022500404,2025-12-22,2025-26,NOP,DAL,1,0.48687032
0022500405,2025-12-22,2025-26,DEN,UTA,1,0.8569597
0022500406,2025-12-22,2025-26,OKC,MEM,1,0.86567205
0022500407,2025-12-22,2025-26,GSW,ORL,1,0.5798972
0022500408,2025-12-22,2025-26,POR,DET,0,0.39425024
0022500409,2025-12-23,2025-26,CHA,WAS,1,0.6873355
0022500410,2025-12-23,2025-26,PHI,BKN,0,0.64947385
0022500411,2025-12-23,2025-26,ATL,CHI,0,0.5522602
0022500412,2025-12-23,2025-26,CLE,NOP,1,0.73511523
0022500413,2025-12-23,2025-26,IND,MIL,0,0.32332647
0022500414,2025-12-23,2025-26,MIA,TOR,0,0.62765604
0022500415,2025-12-23,2025-26,DAL,DEN,1,0.32203233
0022500416,2025-12-23,2025-26,MIN,NYK,1,0.49771446
0022500417,2025-12-23,2025-26,SAS,OKC,1,0.52523494
0022500418,2025-12-23,2025-26,PHX,LAL,1,0.46285897
0022500419,2025-12-23,2025-26,UTA,MEM,0,0.4993635
0022500420,2025-12-23,2025-26,POR,ORL,0,0.5024807
0022500421,2025-12-23,2025-26,SAC,DET,0,0.3289916
0022500422,2025-12-23,2025-26,LAC,HOU,1,0.35911185
0022500009,2025-12-25,2025-26,NYK,CLE,1,0.60488516
0022500010,2025-12-25,2025-26,OKC,SAS,0,0.70569026
0022500011,2025-12-25,2025-26,GSW,DAL,1,0.72508454
0022500012,2025-12-25,2025-26,LAL,HOU,0,0.45970365
0022500013,2025-12-25,2025-26,DEN,MIN,1,0.5599046
0022500423,2025-12-26,2025-26,ATL,MIA,0,0.60409623
0022500424,2025-12-26,2025-26,ORL,CHA,0,0.5963596
0022500425,2025-12-26,2025-26,WAS,TOR,1,0.35395783
0022500426,2025-12-26,2025-26,IND,BOS,0,0.25834492
0022500427,2025-12-26,2025-26,CHI,PHI,1,0.586942
0022500428,2025-12-26,2025-26,MEM,MIL,1,0.48256385
0022500429,2025-12-26,2025-26,NOP,PHX,0,0.45575365
0022500430,2025-12-26,2025-26,UTA,DET,1,0.22263193
0022500431,2025-12-26,2025-26,POR,LAC,0,0.47891337
0022500432,2025-12-27,2025-26,SAC,DAL,1,0.47453353
0022500433,2025-12-27,2025-26,ORL,DEN,1,0.27413365
0022500434,2025-12-27,2025-26,NOP,PHX,0,0.44356063
0022500435,2025-12-27,2025-26,ATL,NYK,0,0.3337036
0022500436,2025-12-27,2025-26,MIA,IND,1,0.69315493
0022500437,2025-12-27,2025-26,CHI,MIL,0,0.6392965
0022500438,2025-12-27,2025-26,HOU,CLE,1,0.54766536
0022500439,2025-12-27,2025-26,MIN,BKN,0,0.78162134
0022500440,2025-12-27,2025-26,SAS,UTA,0,0.8321344
0022500441,2025-12-28,2025-26,TOR,GSW,1,0.4636705
0022500442,2025-12-28,2025-26,OKC,PHI,1,0.7634233
0022500443,2025-12-28,2025-26,WAS,MEM,1,0.36076406
0022500444,2025-12-28,2025-26,POR,BOS,1,0.3247368
0022500445,2025-12-28,2025-26,LAC,DET,1,0.43779844
0022500446,2025-12-28,2025-26,LAL,SAC,1,0.8490259
0022500447,2025-12-29,2025-26,CHA,MIL,0,0.46396405
0022500448,2025-12-29,2025-26,WAS,PHX,0,0.26614478
0022500449,2025-12-29,2025-26,BKN,GSW,0,0.44966835
0022500450,2025-12-29,2025-26,MIA,DEN,1,0.34549809
0022500451,2025-12-29,2025-26,TOR,ORL,1,0.6233262
0022500452,2025-12-29,2025-26,CHI,MIN,0,0.4590703
0022500453,2025-12-29,2025-26,HOU,IND,1,0.7759806
0022500454,2025-12-29,2025-26,NOP,NYK,0,0.26819178
0022500455,2025-12-29,2025-26,OKC,ATL,1,0.71903497
0022500456,2025-12-29,2025-26,SAS,CLE,0,0.5713918
0022500457,2025-12-29,2025-26,POR,DAL,1,0.49962464
0022500458,2025-12-30,2025-26,MEM,PHI,0,0.48189354
0022500459,2025-12-30,2025-26,UTA,BOS,0,0.3059473
0022500460,2025-12-30,2025-26,LAL,DET,0,0.3972473
0022500461,2025-12-30,2025-26,LAC,SAC,1,0.77195597
0022500462,2025-12-31,2025-26,CHA,GSW,0,0.450808
0022500463,2025-12-31,2025-26,ATL,MIN,1,0.4028555
0022500464,2025-12-31,2025-26,IND,ORL,0,0.43620756
0022500465,2025-12-31,2025-26,CLE,PHX,1,0.63839614
0022500466,2025-12-31,2025-26,CHI,NOP,1,0.7398449
0022500467,2025-12-31,2025-26,SAS,NYK,1,0.5485918
0022500468,2025-12-31,2025-26,TOR,DEN,0,0.42338637
0022500469,2025-12-31,2025-26,MIL,WAS,0,0.79279417
0022500470,2025-12-31,2025-26,OKC,POR,1,0.8553949
0022500471,2026-01-01,2025-26,BKN,HOU,0,0.35456765
0022500472,2026-01-01,2025-26,DET,MIA,0,0.6290852
0022500473,2026-01-01,2025-26,DAL,PHI,0,0.43996045
0022500474,2026-01-01,2025-26,SAC,BOS,0,0.2788823
0022500475,2026-01-01,2025-26,LAC,UTA,1,0.68358064
0022500476,2026-01-02,2025-26,IND,SAS,0,0.3326622
0022500477,2026-01-02,2025-26,WAS,BKN,1,0.58278894
0022500478,2026-01-02,2025-26,CLE,DEN,1,0.56551194
0022500479,2026-01-02,2025-26,NYK,ATL,0,0.6847886
0022500480,2026-01-02,2025-26,CHI,ORL,1,0.57516515
0022500481,2026-01-02,2025-26,MIL,CHA,1,0.72105646
0022500482,2026-01-02,2025-26,NOP,POR,0,0.543934
0022500483,2026-01-02,2025-26,PHX,SAC,1,0.79138213
0022500484,2026-01-02,2025-26,GSW,OKC,0,0.36433548
0022500485,2026-01-02,2025-26,LAL,MEM,1,0.6363686
0022500486,2026-01-03,2025-26,MIA,MIN,0,0.435536
0022500487,2026-01-03,2025-26,NYK,PHI,0,0.6252424
0022500488,2026-01-03,2025-26,TOR,ATL,1,0.6279577
0022500489,2026-01-03,2025-26,CHI,CHA,0,0.67466813
0022500490,2026-01-03,2025-26,SAS,POR,0,0.7814538
0022500491,2026-01-03,2025-26,DAL,HOU,1,0.2986008
0022500492,2026-01-03,2025-26,GSW,UTA,1,0.7144013
0022500493,2026-01-03,2025-26,LAC,BOS,0,0.4747459
0022500494,2026-01-04,2025-26,CLE,DET,0,0.50468415
0022500495,2026-01-04,2025-26,ORL,IND,1,0.6935477
0022500496,2026-01-04,2025-26,BKN,DEN,1,0.36260805
0022500497,2026-01-04,2025-26,MIA,NOP,1,0.6890045
0022500498,2026-01-04,2025-26,WAS,MIN,0,0.27514753
0022500499,2026-01-04,2025-26,PHX,OKC,1,0.3019046
0022500500,2026-01-04,2025-26,SAC,MIL,0,0.315302
0022500501,2026-01-04,2025-26,LAL,MEM,1,0.6007099
0022500502,2026-01-05,2025-26,DET,NYK,1,0.4946532
0022500503,2026-01-05,2025-26,BOS,CHI,1,0.652534
0022500504,2026-01-05,2025-26,TOR,ATL,1,0.55451965
0022500505,2026-01-05,2025-26,HOU,PHX,1,0.75427383
0022500506,2026-01-05,2025-26,OKC,CHA,0,0.79726624
0022500507,2026-01-05,2025-26,PHI,DEN,0,0.5186578
0022500508,2026-01-05,2025-26,LAC,GSW,1,0.574416
0022500509,2026-01-05,2025-26,POR,UTA,1,0.5617744
0022500510,2026-01-06,2025-26,IND,CLE,0,0.3359196
0022500511,2026-01-06,2025-26,WAS,ORL,1,0.4301443
0022500512,2026-01-06,2025-26,MEM,SAS,1,0.37405172
0022500513,2026-01-06,2025-26,MIN,MIA,1,0.66892684
0022500514,2026-01-06,2025-26,NOP,LAL,0,0.39713764
0022500515,2026-01-06,2025-26,SAC,DAL,0,0.47853678
0022500516,2026-01-07,2025-26,CHA,TOR,0,0.44223905
0022500517,2026-01-07,2025-26,DET,CHI,1,0.5546845
0022500518,2026-01-07,2025-26,PHI,WAS,1,0.80966073
0022500519,2026-01-07,2025-26,ATL,NOP,1,0.78933746
0022500520,2026-01-07,2025-26,BOS,DEN,0,0.819749
0022500521,2026-01-07,2025-26,BKN,ORL,0,0.5824906
0022500522,2026-01-07,2025-26,NYK,LAC,1,0.56302404
0022500523,2026-01-07,2025-26,SAS,LAL,1,0.65915984
0022500524,2026-01-07,2025-26,MEM,PHX,0,0.37669644
0022500525,2026-01-07,2025-26,OKC,UTA,1,0.83709764
0022500526,2026-01-07,2025-26,GSW,MIL,1,0.5327688
0022500527,2026-01-07,2025-26,POR,HOU,1,0.29861745
0022500528,2026-01-08,2025-26,CHA,IND,0,0.5736463
0022500530,2026-01-08,2025-26,MIN,CLE,1,0.6396687
0022500531,2026-01-08,2025-26,UTA,DAL,1,0.47692224
0022500532,2026-01-09,2025-26,BOS,TOR,1,0.66755426
0022500533,2026-01-09,2025-26,ORL,PHI,0,0.4624251
0022500534,2026-01-09,2025-26,WAS,NOP,0,0.5646087
0022500535,2026-01-09,2025-26,BKN,LAC,0,0.387877
0022500536,2026-01-09,2025-26,MEM,OKC,0,0.2682674
0022500537,2026-01-09,2025-26,DEN,ATL,0,0.58603156
0022500538,2026-01-09,2025-26,PHX,NYK,1,0.5350287
0022500539,2026-01-09,2025-26,GSW,SAC,1,0.8174907
0022500540,2026-01-09,2025-26,POR,HOU,1,0.31899187
0022500541,2026-01-09,2025-26,LAL,MIL,0,0.43448243
0022500542,2026-01-10,2025-26,CLE,MIN,1,0.4388357
0022500543,2026-01-10,2025-26,IND,MIA,1,0.3426431
0022500544,2026-01-10,2025-26,DET,LAC,0,0.58155715
0022500545,2026-01-10,2025-26,BOS,SAS,0,0.6066903
0022500546,2026-01-10,2025-26,CHI,DAL,1,0.6735873
0022500547,2026-01-10,2025-26,UTA,CHA,0,0.47962037
0022500548,2026-01-11,2025-26,ORL,NOP,1,0.6831075
0022500549,2026-01-11,2025-26,MEM,BKN,1,0.58648145
0022500550,2026-01-11,2025-26,TOR,PHI,1,0.46706787
0022500551,2026-01-11,2025-26,POR,NYK,0,0.37391928
0022500552,2026-01-11,2025-26,MIN,SAS,1,0.66254926
0022500553,2026-01-11,2025-26,OKC,MIA,1,0.71652
0022500554,2026-01-11,2025-26,DEN,MIL,1,0.4504649
0022500555,2026-01-11,2025-26,PHX,WAS,1,0.8194707
0022500556,2026-01-11,2025-26,GSW,ATL,0,0.5591078
0022500557,2026-01-11,2025-26,SAC,HOU,1,0.2208548
0022500558,2026-01-12,2025-26,CLE,UTA,0,0.7835503
0022500559,2026-01-12,2025-26,IND,BOS,1,0.28726098
0022500560,2026-01-12,2025-26,TOR,PHI,0,0.517357
0022500561,2026-01-12,2025-26,DAL,BKN,1,0.6671685
0022500562,2026-01-12,2025-26,SAC,LAL,1,0.23831397
0022500563,2026-01-12,2025-26,LAC,CHA,1,0.7184798
0022500564,2026-01-13,2025-26,MIA,PHX,1,0.45409358
0022500565,2026-01-13,2025-26,HOU,CHI,1,0.69598323
0022500566,2026-01-13,2025-26,MIL,MIN,0,0.4262195
0022500567,2026-01-13,2025-26,NOP,DEN,0,0.40980214
0022500568,2026-01-13,2025-26,OKC,SAS,1,0.6746481
0022500569,2026-01-13,2025-26,LAL,ATL,1,0.42621255
0022500570,2026-01-13,2025-26,GSW,POR,1,0.62716633
0022500571,2026-01-14,2025-26,IND,TOR,0,0.50167024
0022500572,2026-01-14,2025-26,PHI,CLE,0,0.4495655
0022500573,2026-01-14,2025-26,CHI,UTA,1,0.6668283
0022500574,2026-01-14,2025-26,NOP,BKN,1,0.45881137
0022500575,2026-01-14,2025-26,DAL,DEN,0,0.42847964
0022500576,2026-01-14,2025-26,SAC,NYK,1,0.19590272
0022500577,2026-01-14,2025-26,LAC,WAS,1,0.81176805
0022500579,2026-01-15,2025-26,DET,PHX,1,0.4851775
0022500580,2026-01-15,2025-26,MIA,BOS,0,0.43084812
0022500581,2026-01-15,2025-26,HOU,OKC,0,0.44066212
0022500582,2026-01-15,2025-26,SAS,MIL,1,0.54373837
0022500583,2026-01-15,2025-26,DAL,UTA,1,0.6845044
0022500584,2026-01-15,2025-26,GSW,NYK,1,0.5816619
0022500585,2026-01-15,2025-26,POR,ATL,1,0.38548815
0022500586,2026-01-15,2025-26,LAL,CHA,0,0.491763
0022500587,2026-01-16,2025-26,BKN,CHI,1,0.37716797
0022500588,2026-01-16,2025-26,IND,NOP,1,0.6265773
0022500589,2026-01-16,2025-26,PHI,CLE,0,0.49298066
0022500590,2026-01-16,2025-26,TOR,LAC,0,0.39591077
0022500591,2026-01-16,2025-26,HOU,MIN,1,0.44174293
0022500592,2026-01-16,2025-26,SAC,WAS,1,0.601409
0022500593,2026-01-17,2025-26,DAL,UTA,1,0.63294506
0022500594,2026-01-17,2025-26,ATL,BOS,0,0.4876517
0022500595,2026-01-17,2025-26,DET,IND,1,0.7907603
0022500596,2026-01-17,2025-26,NYK,PHX,0,0.5741928
0022500597,2026-01-17,2025-26,MIA,OKC,1,0.34805983
0022500598,2026-01-17,2025-26,SAS,MIN,1,0.44314003
0022500599,2026-01-17,2025-26,GSW,CHA,1,0.6442499
0022500600,2026-01-17,2025-26,DEN,WAS,1,0.8448555
0022500601,2026-01-17,2025-26,POR,LAL,1,0.49945092
0022500603,2026-01-18,2025-26,CHI,BKN,1,0.7237126
0022500604,2026-01-18,2025-26,HOU,NOP,1,0.7752881
0022500605,2026-01-18,2025-26,DEN,CHA,0,0.5793735
0022500606,2026-01-18,2025-26,SAC,POR,0,0.55969554
0022500607,2026-01-18,2025-26,LAL,TOR,1,0.48576096
0022500014,2026-01-19,2025-26,ATL,MIL,0,0.55259585
0022500015,2026-01-19,2025-26,CLE,OKC,0,0.42914996
0022500016,2026-01-19,2025-26,NYK,DAL,0,0.7210468
0022500017,2026-01-19,2025-26,DET,BOS,1,0.5392062
0022500608,2026-01-19,2025-26,WAS,LAC,0,0.27993613
0022500609,2026-01-19,2025-26,PHI,IND,1,0.7716975
0022500610,2026-01-19,2025-26,BKN,PHX,0,0.24407531
0022500611,2026-01-19,2025-26,SAS,UTA,1,0.8250436
0022500612,2026-01-19,2025-26,GSW,MIA,1,0.6486128
0022500613,2026-01-20,2025-26,PHI,PHX,0,0.51571995
0022500614,2026-01-20,2025-26,CHI,LAC,1,0.591661
0022500615,2026-01-20,2025-26,HOU,SAS,1,0.6377704
0022500616,2026-01-20,2025-26,UTA,MIN,1,0.15225096
0022500617,2026-01-20,2025-26,DEN,LAL,0,0.52252454
0022500618,2026-01-20,2025-26,GSW,TOR,0,0.56852317
0022500619,2026-01-20,2025-26,SAC,MIA,0,0.43900338
0022500620,2026-01-21,2025-26,CHA,CLE,0,0.43166003
0022500621,2026-01-21,2025-26,BOS,IND,1,0.783262
0022500622,2026-01-21,2025-26,NYK,BKN,1,0.75366795
0022500623,2026-01-21,2025-26,MEM,ATL,0,0.46851864
0022500624,2026-01-21,2025-26,NOP,DET,0,0.29072323
0022500625,2026-01-21,2025-26,MIL,OKC,0,0.42357123
0022500626,2026-01-21,2025-26,SAC,TOR,0,0.41263753
0022500627,2026-01-22,2025-26,ORL,CHA,0,0.5610229
0022500628,2026-01-22,2025-26,PHI,HOU,1,0.48416075
0022500629,2026-01-22,2025-26,WAS,DEN,0,0.2690928
0022500630,2026-01-22,2025-26,DAL,GSW,1,0.34261665
0022500631,2026-01-22,2025-26,MIN,CHI,0,0.6897484
0022500632,2026-01-22,2025-26,UTA,SAS,0,0.2659567
0022500633,2026-01-22,2025-26,LAC,LAL,1,0.50547415
0022500634,2026-01-22,2025-26,POR,MIA,1,0.47224298
0022500635,2026-01-23,2025-26,DET,HOU,0,0.594783
0022500636,2026-01-23,2025-26,ATL,PHX,1,0.43251207
0022500637,2026-01-23,2025-26,BKN,BOS,0,0.2990478
0022500638,2026-01-23,2025-26,CLE,SAC,1,0.73626906
0022500639,2026-01-23,2025-26,MEM,NOP,0,0.64173317
0022500640,2026-01-23,2025-26,MIL,DEN,0,0.64436597
0022500641,2026-01-23,2025-26,OKC,IND,0,0.80268466
0022500642,2026-01-23,2025-26,POR,TOR,0,0.44876355
0022500643,2026-01-24,2025-26,PHI,NYK,0,0.55992633
0022500645,2026-01-24,2025-26,CHA,WAS,1,0.77658933
0022500646,2026-01-24,2025-26,ORL,CLE,0,0.5061112
0022500647,2026-01-24,2025-26,CHI,BOS,1,0.6790026
0022500648,2026-01-24,2025-26,DAL,LAL,0,0.38286677
0022500649,2026-01-24,2025-26,UTA,MIA,0,0.37027267
0022500644,2026-01-25,2025-26,MIN,GSW,0,0.6299658
0022500650,2026-01-25,2025-26,DET,SAC,1,0.7897695
0022500653,2026-01-25,2025-26,OKC,TOR,0,0.6515028
0022500654,2026-01-25,2025-26,SAS,NOP,0,0.76148075
0022500655,2026-01-25,2025-26,PHX,MIA,0,0.7733708
0022500656,2026-01-25,2025-26,LAC,BKN,1,0.7758612
0022500657,2026-01-26,2025-26,CHA,PHI,1,0.48139444
0022500658,2026-01-26,2025-26,CLE,ORL,1,0.6450303
0022500659,2026-01-26,2025-26,ATL,IND,1,0.68772
0022500660,2026-01-26,2025-26,BOS,POR,1,0.71797836
0022500661,2026-01-26,2025-26,CHI,LAL,0,0.61418986
0022500662,2026-01-26,2025-26,HOU,MEM,1,0.71555495
0022500663,2026-01-26,2025-26,MIN,GSW,1,0.63197637
0022500664,2026-01-27,2025-26,WAS,POR,1,0.37821347
0022500665,2026-01-27,2025-26,NYK,SAC,1,0.8048728
0022500666,2026-01-27,2025-26,PHI,MIL,1,0.48083076
0022500667,2026-01-27,2025-26,OKC,NOP,1,0.80553913
0022500668,2026-01-27,2025-26,DEN,DET,0,0.39900297
0022500669,2026-01-27,2025-26,PHX,BKN,1,0.72119987
0022500670,2026-01-27,2025-26,UTA,LAC,0,0.34772217
0022500671,2026-01-28,2025-26,CLE,LAL,1,0.5709002
0022500672,2026-01-28,2025-26,IND,CHI,1,0.35266203
0022500673,2026-01-28,2025-26,BOS,ATL,0,0.637381
0022500674,2026-01-28,2025-26,MIA,ORL,0,0.60043174
0022500675,2026-01-28,2025-26,TOR,NYK,0,0.5834762
0022500676,2026-01-28,2025-26,MEM,CHA,0,0.4802955
0022500677,2026-01-28,2025-26,DAL,MIN,0,0.39662352
0022500678,2026-01-28,2025-26,UTA,GSW,0,0.27084523
0022500679,2026-01-28,2025-26,HOU,SAS,0,0.47748896
0022500529,2026-01-29,2025-26,CHI,MIA,0,0.686527
0022500680,2026-01-29,2025-26,PHI,SAC,1,0.7269795
0022500681,2026-01-29,2025-26,WAS,MIL,1,0.2847937
0022500682,2026-01-29,2025-26,ATL,HOU,0,0.54336846
0022500683,2026-01-29,2025-26,DAL,CHA,0,0.45436302
0022500684,2026-01-29,2025-26,DEN,BKN,1,0.70274746
0022500685,2026-01-29,2025-26,PHX,DET,1,0.42497104
0022500686,2026-01-29,2025-26,MIN,OKC,1,0.4903389
0022500687,2026-01-30,2025-26,ORL,TOR,1,0.45914266
0022500688,2026-01-30,2025-26,WAS,LAL,0,0.211211
0022500689,2026-01-30,2025-26,BOS,SAC,1,0.8640179
0022500690,2026-01-30,2025-26,NYK,POR,1,0.6794744
0022500691,2026-01-30,2025-26,NOP,MEM,1,0.5523067
0022500693,2026-01-30,2025-26,PHX,CLE,1,0.42433178
0022500694,2026-01-30,2025-26,UTA,BKN,0,0.6938181
0022500695,2026-01-30,2025-26,DEN,LAC,1,0.42628723
0022500696,2026-01-30,2025-26,GSW,DET,0,0.6490871
0022500692,2026-01-31,2025-26,MIA,CHI,0,0.4230288
0022500697,2026-01-31,2025-26,CHA,SAS,1,0.47435877
0022500698,2026-01-31,2025-26,IND,ATL,1,0.41483158
0022500699,2026-01-31,2025-26,PHI,NOP,1,0.7172179
0022500700,2026-01-31,2025-26,MEM,MIN,0,0.2947426
0022500701,2026-01-31,2025-26,HOU,DAL,1,0.7316986
0022500702,2026-02-01,2025-26,BOS,MIL,1,0.65743804
0022500703,2026-02-01,2025-26,SAS,ORL,1,0.6673992
0022500704,2026-02-01,2025-26,DET,BKN,1,0.849659
0022500705,2026-02-01,2025-26,MIA,CHI,1,0.5020226
0022500706,2026-02-01,2025-26,TOR,UTA,1,0.78461516
0022500707,2026-02-01,2025-26,WAS,SAC,1,0.47220582
0022500708,2026-02-01,2025-26,NYK,LAL,1,0.63925517
0022500709,2026-02-01,2025-26,PHX,LAC,0,0.52135575
0022500710,2026-02-01,2025-26,POR,CLE,0,0.40600055
0022500711,2026-02-01,2025-26,DEN,OKC,0,0.3773075
0022500712,2026-02-02,2025-26,CHA,NOP,1,0.6933998
0022500713,2026-02-02,2025-26,IND,HOU,0,0.3642513
0022500714,2026-02-02,2025-26,MEM,MIN,1,0.24933378
0022500715,2026-02-02,2025-26,LAC,PHI,0,0.4518821
0022500716,2026-02-03,2025-26,DET,DEN,1,0.61421
0022500717,2026-02-03,2025-26,IND,UTA,0,0.58738464
0022500718,2026-02-03,2025-26,WAS,NYK,0,0.19724643
0022500719,2026-02-03,2025-26,BKN,LAL,0,0.26234782
0022500720,2026-02-03,2025-26,MIA,ATL,0,0.4607488
0022500721,2026-02-03,2025-26,DAL,BOS,0,0.34218028
0022500722,2026-02-03,2025-26,MIL,CHI,1,0.47377548
0022500723,2026-02-03,2025-26,OKC,ORL,1,0.74286515
0022500724,2026-02-03,2025-26,GSW,PHI,0,0.7235216
0022500725,2026-02-03,2025-26,POR,PHX,0,0.40631995
0022500726,2026-02-04,2025-26,NYK,DEN,1,0.6153934
0022500727,2026-02-04,2025-26,TOR,MIN,0,0.3543486
0022500728,2026-02-04,2025-26,HOU,BOS,0,0.549906
0022500729,2026-02-04,2025-26,MIL,NOP,1,0.49487773
0022500730,2026-02-04,2025-26,SAS,OKC,1,0.5654104
0022500731,2026-02-04,2025-26,SAC,MEM,0,0.45949447
0022500732,2026-02-04,2025-26,LAC,CLE,0,0.52496004
0022500733,2026-02-05,2025-26,DET,WAS,0,0.86914825
0022500734,2026-02-05,2025-26,ORL,BKN,1,0.7327487
0022500735,2026-02-05,2025-26,ATL,UTA,1,0.7401666
0022500736,2026-02-05,2025-26,TOR,CHI,1,0.5232171
0022500737,2026-02-05,2025-26,HOU,CHA,0,0.5122199
0022500738,2026-02-05,2025-26,DAL,SAS,0,0.36338174
0022500739,2026-02-05,2025-26,PHX,GSW,0,0.5306556
0022500740,2026-02-05,2025-26,LAL,PHI,1,0.61680084
0022500741,2026-02-06,2025-26,BOS,MIA,1,0.6049728
0022500742,2026-02-06,2025-26,DET,NYK,1,0.49338716
0022500743,2026-02-06,2025-26,MIL,IND,1,0.7391709
0022500744,2026-02-06,2025-26,MIN,NOP,0,0.7742368
0022500745,2026-02-06,2025-26,POR,MEM,1,0.5990591
0022500746,2026-02-06,2025-26,SAC,LAC,0,0.38307497
0022500747,2026-02-07,2025-26,BKN,WAS,1,0.5937197
0022500748,2026-02-07,2025-26,OKC,HOU,0,0.55435675
0022500749,2026-02-07,2025-26,SAS,DAL,1,0.77823776
0022500750,2026-02-07,2025-26,ORL,UTA,1,0.70750237
0022500751,2026-02-07,2025-26,ATL,CHA,0,0.51154125
0022500752,2026-02-07,2025-26,CHI,DEN,0,0.41945833
0022500753,2026-02-07,2025-26,LAL,GSW,1,0.6010519
0022500754,2026-02-07,2025-26,PHX,PHI,0,0.5251022
0022500755,2026-02-07,2025-26,POR,MEM,1,0.7022271
0022500756,2026-02-07,2025-26,SAC,CLE,0,0.2518651
0022500757,2026-02-08,2025-26,BOS,NYK,0,0.6121705
0022500758,2026-02-08,2025-26,WAS,MIA,0,0.14888328
0022500759,2026-02-08,2025-26,TOR,IND,1,0.6146727
0022500760,2026-02-08,2025-26,MIN,LAC,0,0.7490034
0022500761,2026-02-09,2025-26,CHA,DET,0,0.50854003
0022500762,2026-02-09,2025-26,BKN,CHI,1,0.34972075
0022500763,2026-02-09,2025-26,MIA,UTA,0,0.6513425
0022500764,2026-02-09,2025-26,ORL,MIL,1,0.5178545
0022500765,2026-02-09,2025-26,MIN,ATL,1,0.57403696
0022500766,2026-02-09,2025-26,NOP,SAC,1,0.7114727
0022500767,2026-02-09,2025-26,DEN,CLE,0,0.5689515
0022500768,2026-02-09,2025-26,GSW,MEM,1,0.790492
0022500769,2026-02-09,2025-26,LAL,OKC,0,0.46198234
0022500770,2026-02-09,2025-26,POR,PHI,1,0.37599763
0022500771,2026-02-10,2025-26,NYK,IND,0,0.74048644
0022500772,2026-02-10,2025-26,HOU,LAC,1,0.6935784
0022500773,2026-02-10,2025-26,PHX,DAL,1,0.7227812
0022500774,2026-02-10,2025-26,LAL,SAS,0,0.41412595
0022500775,2026-02-11,2025-26,CHA,ATL,1,0.5809746
0022500776,2026-02-11,2025-26,CLE,WAS,1,0.92451537
0022500777,2026-02-11,2025-26,ORL,MIL,0,0.5753067
0022500778,2026-02-11,2025-26,BOS,CHI,1,0.6875781
0022500779,2026-02-11,2025-26,BKN,IND,0,0.42876884
0022500780,2026-02-11,2025-26,PHI,NYK,0,0.47089848
0022500781,2026-02-11,2025-26,TOR,DET,0,0.39508405
0022500782,2026-02-11,2025-26,HOU,LAC,0,0.7696789
0022500783,2026-02-11,2025-26,MIN,POR,1,0.72166324
0022500784,2026-02-11,2025-26,NOP,MIA,0,0.41769645
0022500785,2026-02-11,2025-26,PHX,OKC,0,0.4274944
0022500786,2026-02-11,2025-26,UTA,SAC,1,0.6534347
0022500787,2026-02-11,2025-26,DEN,MEM,1,0.8266361
0022500788,2026-02-11,2025-26,GSW,SAS,0,0.5123299
0022500789,2026-02-12,2025-26,OKC,MIL,0,0.71063185
0022500790,2026-02-12,2025-26,UTA,POR,0,0.42027768
0022500791,2026-02-12,2025-26,LAL,DAL,1,0.63297904
0022500792,2026-02-19,2025-26,CHA,HOU,0,0.46505222
0022500793,2026-02-19,2025-26,CLE,BKN,1,0.8386719
0022500794,2026-02-19,2025-26,PHI,ATL,0,0.5114406
0022500795,2026-02-19,2025-26,WAS,IND,1,0.3785155
0022500796,2026-02-19,2025-26,NYK,DET,0,0.5996697
0022500797,2026-02-19,2025-26,CHI,TOR,0,0.36149827
0022500798,2026-02-19,2025-26,SAS,PHX,1,0.7171441
0022500799,2026-02-19,2025-26,GSW,BOS,0,0.4487549
0022500800,2026-02-19,2025-26,SAC,ORL,0,0.21528742
0022500801,2026-02-19,2025-26,LAC,DEN,1,0.3523425
0022500802,2026-02-20,2025-26,CHA,CLE,0,0.38207996
0022500803,2026-02-20,2025-26,WAS,IND,1,0.42533317
0022500804,2026-02-20,2025-26,MEM,UTA,1,0.5916065
0022500805,2026-02-20,2025-26,ATL,MIA,0,0.5039361
0022500806,2026-02-20,2025-26,MIN,DAL,1,0.7686936
0022500807,2026-02-20,2025-26,NOP,MIL,0,0.57753235
0022500808,2026-02-20,2025-26,OKC,BKN,1,0.8241953
0022500809,2026-02-20,2025-26,LAL,LAC,1,0.6163412
0022500810,2026-02-20,2025-26,POR,DEN,0,0.43451035
0022500811,2026-02-21,2025-26,PHX,ORL,1,0.5399179
0022500812,2026-02-21,2025-26,NOP,PHI,1,0.4149759
0022500813,2026-02-21,2025-26,MIA,MEM,1,0.85937715
0022500814,2026-02-21,2025-26,CHI,DET,0,0.4461419
0022500815,2026-02-21,2025-26,SAS,SAC,1,0.85077965
0022500816,2026-02-21,2025-26,NYK,HOU,1,0.69315976
0022500817,2026-02-22,2025-26,OKC,CLE,1,0.43405464
0022500818,2026-02-22,2025-26,ATL,BKN,1,0.7814502
0022500819,2026-02-22,2025-26,MIL,TOR,0,0.46312442
0022500820,2026-02-22,2025-26,GSW,DEN,1,0.53674626
0022500821,2026-02-22,2025-26,IND,DAL,0,0.43584293
0022500822,2026-02-22,2025-26,WAS,CHA,0,0.26954693
0022500823,2026-02-22,2025-26,LAL,BOS,0,0.5141865
0022500824,2026-02-22,2025-26,MIN,PHI,0,0.8294604
0022500825,2026-02-22,2025-26,CHI,NYK,0,0.30182856
0022500826,2026-02-22,2025-26,PHX,POR,0,0.4731293
0022500827,2026-02-22,2025-26,LAC,ORL,0,0.57654214
0022500828,2026-02-23,2025-26,DET,SAS,0,0.5570711
0022500829,2026-02-23,2025-26,MEM,SAC,0,0.59262836
0022500830,2026-02-23,2025-26,HOU,UTA,1,0.81094694
0022500831,2026-02-24,2025-26,IND,PHI,0,0.4506135
0022500832,2026-02-24,2025-26,ATL,WAS,1,0.8316138
0022500833,2026-02-24,2025-26,BKN,DAL,0,0.45993075
0022500834,2026-02-24,2025-26,TOR,OKC,0,0.4808118
0022500835,2026-02-24,2025-26,CLE,NYK,1,0.48277202
0022500836,2026-02-24,2025-26,CHI,CHA,0,0.5083064
0022500837,2026-02-24,2025-26,MIL,MIA,1,0.5177303
0022500838,2026-02-24,2025-26,NOP,GSW,1,0.4529915
0022500839,2026-02-24,2025-26,PHX,BOS,0,0.35345766
0022500840,2026-02-24,2025-26,LAL,ORL,0,0.5606852
0022500841,2026-02-24,2025-26,POR,MIN,0,0.37779564
0022500842,2026-02-25,2025-26,DET,OKC,1,0.6848062
0022500843,2026-02-25,2025-26,TOR,SAS,0,0.34636533
0022500844,2026-02-25,2025-26,MEM,GSW,0,0.35669994
0022500845,2026-02-25,2025-26,HOU,SAC,1,0.8271056
0022500846,2026-02-25,2025-26,MIL,CLE,1,0.41980118
0022500847,2026-02-25,2025-26,DEN,BOS,1,0.73744106
0022500848,2026-02-26,2025-26,IND,CHA,0,0.2972781
0022500849,2026-02-26,2025-26,PHI,MIA,1,0.47544906
0022500850,2026-02-26,2025-26,ATL,WAS,1,0.84190696
0022500851,2026-02-26,2025-26,BKN,SAS,0,0.23189268
0022500852,2026-02-26,2025-26,ORL,HOU,0,0.56952167
0022500853,2026-02-26,2025-26,CHI,POR,0,0.42376167
0022500854,2026-02-26,2025-26,DAL,SAC,0,0.71944636
0022500855,2026-02-26,2025-26,PHX,LAL,1,0.4033534
0022500856,2026-02-26,2025-26,UTA,NOP,0,0.52620864
0022500857,2026-02-26,2025-26,LAC,MIN,0,0.3371723
0022500858,2026-02-27,2025-26,DET,CLE,1,0.61843306
0022500859,2026-02-27,2025-26,BOS,BKN,1,0.8481608
0022500860,2026-02-27,2025-26,MIL,NYK,0,0.362827
0022500861,2026-02-27,2025-26,DAL,MEM,0,0.58446205
0022500862,2026-02-27,2025-26,OKC,DEN,1,0.45866948
0022500863,2026-02-28,2025-26,CHA,POR,1,0.63327855
0022500864,2026-02-28,2025-26,MIA,HOU,1,0.5018223
0022500865,2026-02-28,2025-26,WAS,TOR,0,0.22196467
0022500866,2026-02-28,2025-26,GSW,LAL,0,0.4072325
0022500867,2026-02-28,2025-26,UTA,NOP,0,0.3767664
0022500868,2026-03-01,2025-26,NYK,SAS,1,0.50637674
0022500869,2026-03-01,2025-26,BKN,CLE,0,0.2714334
0022500870,2026-03-01,2025-26,CHI,MIL,1,0.41801482
0022500871,2026-03-01,2025-26,DEN,MIN,0,0.5113422
0022500872,2026-03-01,2025-26,IND,MEM,0,0.6867514
0022500873,2026-03-01,2025-26,ATL,POR,1,0.6360305
0022500874,2026-03-01,2025-26,BOS,PHI,1,0.59355414
0022500875,2026-03-01,2025-26,ORL,DET,0,0.4803738
0022500876,2026-03-01,2025-26,DAL,OKC,0,0.21869618
0022500877,2026-03-01,2025-26,LAC,NOP,1,0.643333
0022500878,2026-03-01,2025-26,LAL,SAC,1,0.8081014
0022500879,2026-03-02,2025-26,WAS,HOU,0,0.1564413
0022500880,2026-03-02,2025-26,MIL,BOS,0,0.3424957
0022500881,2026-03-02,2025-26,UTA,DEN,0,0.26139838
0022500882,2026-03-02,2025-26,GSW,LAC,0,0.6718615
0022500883,2026-03-03,2025-26,CHA,DAL,1,0.7908856
0022500884,2026-03-03,2025-26,CLE,DET,1,0.5148656
0022500885,2026-03-03,2025-26,ORL,WAS,1,0.91525704
0022500886,2026-03-03,2025-26,MIA,BKN,1,0.81714255
0022500887,2026-03-03,2025-26,TOR,NYK,0,0.4863039
0022500888,2026-03-03,2025-26,PHI,SAS,0,0.35185692
0022500889,2026-03-03,2025-26,CHI,OKC,0,0.25475243
0022500890,2026-03-03,2025-26,MIN,MEM,1,0.89978987
0022500891,2026-03-03,2025-26,LAL,NOP,1,0.6746135
0022500892,2026-03-03,2025-26,SAC,PHX,0,0.3074473
0022500893,2026-03-04,2025-26,NYK,OKC,0,0.6271398
0022500894,2026-03-04,2025-26,BOS,CHA,0,0.6304898
0022500895,2026-03-04,2025-26,PHI,UTA,1,0.6733545
0022500896,2026-03-04,2025-26,MEM,POR,0,0.34980765
0022500897,2026-03-04,2025-26,MIL,ATL,0,0.4488906
0022500898,2026-03-04,2025-26,LAC,IND,1,0.6975269
0022500899,2026-03-05,2025-26,ORL,DAL,1,0.76993865
0022500900,2026-03-05,2025-26,WAS,UTA,0,0.4011989
0022500901,2026-03-05,2025-26,MIA,BKN,1,0.7831022
0022500902,2026-03-05,2025-26,HOU,GSW,0,0.69043905
0022500903,2026-03-05,2025-26,MIN,TOR,1,0.6811973
0022500904,2026-03-05,2025-26,SAS,DET,1,0.5352606
0022500905,2026-03-05,2025-26,PHX,CHI,0,0.6929528
0022500906,2026-03-05,2025-26,DEN,LAL,1,0.53439456
0022500907,2026-03-05,2025-26,SAC,NOP,0,0.32374892
0022500908,2026-03-06,2025-26,BOS,DAL,1,0.86530876
0022500909,2026-03-06,2025-26,CHA,MIA,0,0.6514596
0022500910,2026-03-06,2025-26,HOU,POR,1,0.6632218
0022500911,2026-03-06,2025-26,DEN,NYK,0,0.4273066
0022500912,2026-03-06,2025-26,PHX,NOP,1,0.66016734
0022500913,2026-03-06,2025-26,SAS,LAC,1,0.69956124
0022500914,2026-03-06,2025-26,LAL,IND,1,0.7446339
0022500915,2026-03-07,2025-26,MIN,ORL,0,0.6030295
0022500916,2026-03-07,2025-26,DET,BKN,0,0.82605594
0022500917,2026-03-07,2025-26,ATL,PHI,1,0.68282014
0022500918,2026-03-07,2025-26,MEM,LAC,0,0.36382416
0022500919,2026-03-07,2025-26,MIL,UTA,1,0.7905083
0022500920,2026-03-07,2025-26,OKC,GSW,1,0.7574299
0022500921,2026-03-08,2025-26,CLE,BOS,0,0.5682714
0022500922,2026-03-08,2025-26,LAL,NYK,1,0.46060327
0022500923,2026-03-08,2025-26,MIA,DET,1,0.60344005
0022500924,2026-03-08,2025-26,TOR,DAL,1,0.78321457
0022500925,2026-03-08,2025-26,NOP,WAS,1,0.80964595
0022500926,2026-03-08,2025-26,MIL,ORL,0,0.4796514
0022500927,2026-03-08,2025-26,SAS,HOU,1,0.6297034
0022500928,2026-03-08,2025-26,PHX,CHA,1,0.39963594
0022500929,2026-03-08,2025-26,POR,IND,1,0.65268606
0022500930,2026-03-08,2025-26,SAC,CHI,1,0.45877534
0022500931,2026-03-09,2025-26,CLE,PHI,1,0.7075095
0022500932,2026-03-09,2025-26,BKN,MEM,1,0.563757
0022500933,2026-03-09,2025-26,OKC,DEN,1,0.54573005
0022500934,2026-03-09,2025-26,UTA,GSW,1,0.38785785
0022500935,2026-03-09,2025-26,LAC,NYK,1,0.3905388
0022500936,2026-03-10,2025-26,PHI,MEM,1,0.6811549
0022500937,2026-03-10,2025-26,BKN,DET,0,0.17073512
0022500938,2026-03-10,2025-26,MIA,WAS,1,0.8579029
0022500939,2026-03-10,2025-26,ATL,DAL,1,0.81863713
0022500940,2026-03-10,2025-26,HOU,TOR,1,0.5668388
0022500941,2026-03-10,2025-26,MIL,PHX,0,0.53468114
0022500942,2026-03-10,2025-26,SAS,BOS,1,0.47399285
0022500943,2026-03-10,2025-26,GSW,CHI,0,0.5131117
0022500944,2026-03-10,2025-26,POR,CHA,0,0.35758114
0022500945,2026-03-10,2025-26,SAC,IND,1,0.42559463
0022500946,2026-03-10,2025-26,LAL,MIN,1,0.5204073
0022500947,2026-03-11,2025-26,ORL,CLE,1,0.47775894
0022500948,2026-03-11,2025-26,NOP,TOR,1,0.4638237
0022500949,2026-03-11,2025-26,UTA,NYK,0,0.18024562
0022500950,2026-03-11,2025-26,DEN,HOU,1,0.66065645
0022500951,2026-03-11,2025-26,SAC,CHA,0,0.20731507
0022500952,2026-03-11,2025-26,LAC,MIN,1,0.50614977
0022500953,2026-03-12,2025-26,DET,PHI,1,0.7398434
0022500954,2026-03-12,2025-26,IND,PHX,0,0.26678988
0022500955,2026-03-12,2025-26,ORL,WAS,1,0.8293709
0022500956,2026-03-12,2025-26,ATL,BKN,1,0.8701368
0022500957,2026-03-12,2025-26,MIA,MIL,1,0.5596296
0022500958,2026-03-12,2025-26,SAS,DEN,0,0.7084535
0022500959,2026-03-12,2025-26,OKC,BOS,1,0.6042187
0022500960,2026-03-12,2025-26,LAL,CHI,1,0.7654905
0022501111,2026-03-12,2025-26,MEM,DAL,0,0.47783732
0022500961,2026-03-13,2025-26,DET,MEM,1,0.8860405
0022500962,2026-03-13,2025-26,IND,NYK,0,0.16321658
0022500963,2026-03-13,2025-26,TOR,PHX,1,0.6835131
0022500964,2026-03-13,2025-26,HOU,NOP,1,0.7029204
0022500965,2026-03-13,2025-26,DAL,CLE,0,0.15695195
0022500966,2026-03-13,2025-26,GSW,MIN,0,0.32712644
0022500967,2026-03-13,2025-26,POR,UTA,1,0.789271
0022500968,2026-03-13,2025-26,LAC,CHI,1,0.7049982
0022500969,2026-03-14,2025-26,PHI,BKN,1,0.70114607
0022500970,2026-03-14,2025-26,ATL,MIL,1,0.6975608
0022500971,2026-03-14,2025-26,BOS,WAS,1,0.883248
0022500972,2026-03-14,2025-26,MIA,ORL,0,0.5589788
0022500973,2026-03-14,2025-26,SAS,CHA,1,0.6034486
0022500974,2026-03-14,2025-26,LAL,DEN,1,0.565382
0022500975,2026-03-14,2025-26,LAC,SAC,0,0.765467
0022500976,2026-03-15,2025-26,OKC,MIN,1,0.5783116
0022500977,2026-03-15,2025-26,CLE,DAL,0,0.7960135
0022500978,2026-03-15,2025-26,TOR,DET,1,0.52960944
0022500979,2026-03-15,2025-26,MIL,IND,1,0.62286085
0022500980,2026-03-15,2025-26,PHI,POR,1,0.36272776
0022500981,2026-03-15,2025-26,NYK,GSW,1,0.76336175
0022500982,2026-03-15,2025-26,SAC,UTA,1,0.7446446
0022500983,2026-03-16,2025-26,ATL,ORL,1,0.5873664
0022500984,2026-03-16,2025-26,WAS,GSW,0,0.4999739
0022500985,2026-03-16,2025-26,BKN,POR,0,0.24882177
0022500986,2026-03-16,2025-26,BOS,PHX,1,0.6228811
0022500987,2026-03-16,2025-26,CHI,MEM,1,0.70953625
0022500988,2026-03-16,2025-26,NOP,DAL,1,0.804196
0022500989,2026-03-16,2025-26,HOU,LAL,0,0.41871798
0022500990,2026-03-16,2025-26,LAC,SAS,0,0.34286562
0022500991,2026-03-17,2025-26,CHA,MIA,1,0.58133066
0022500992,2026-03-17,2025-26,ORL,OKC,0,0.34520322
0022500993,2026-03-17,2025-26,WAS,DET,0,0.08572303
0022500994,2026-03-17,2025-26,NYK,IND,1,0.8776966
0022500995,2026-03-17,2025-26,MIL,CLE,0,0.3252521
0022500996,2026-03-17,2025-26,MIN,PHX,1,0.6714521
0022500997,2026-03-17,2025-26,DEN,PHI,1,0.8336954
0022500998,2026-03-17,2025-26,SAC,SAS,0,0.15906654
0022500651,2026-03-18,2025-26,MEM,DEN,1,0.16253267
0022500999,2026-03-18,2025-26,BOS,GSW,1,0.83633256
0022501000,2026-03-18,2025-26,BKN,OKC,0,0.11850412
0022501001,2026-03-18,2025-26,IND,POR,0,0.3434541
0022501002,2026-03-18,2025-26,CHI,TOR,0,0.31377974
0022501004,2026-03-18,2025-26,MIN,UTA,1,0.9610419
0022501005,2026-03-18,2025-26,NOP,LAC,1,0.51534444
0022501006,2026-03-18,2025-26,DAL,ATL,0,0.19804603
0022501007,2026-03-18,2025-26,HOU,LAL,0,0.40922678
0022501008,2026-03-19,2025-26,CHA,ORL,1,0.6250006
0022501009,2026-03-19,2025-26,WAS,DET,0,0.15381344
0022501010,2026-03-19,2025-26,MIA,LAL,0,0.41224274
0022501011,2026-03-19,2025-26,CHI,CLE,0,0.22448412
0022501012,2026-03-19,2025-26,NOP,LAC,1,0.5224238
0022501013,2026-03-19,2025-26,SAS,PHX,1,0.6937385
0022501014,2026-03-19,2025-26,UTA,MIL,1,0.14931259
0022501015,2026-03-19,2025-26,SAC,PHI,0,0.46430737
0022501016,2026-03-20,2025-26,BKN,NYK,0,0.13955943
0022501017,2026-03-20,2025-26,DET,GSW,1,0.6410731
0022501018,2026-03-20,2025-26,HOU,ATL,1,0.41045225
0022501019,2026-03-20,2025-26,MEM,BOS,0,0.14872435
0022501020,2026-03-20,2025-26,MIN,POR,0,0.58982295
0022501021,2026-03-20,2025-26,DEN,TOR,1,0.6397206
0022501022,2026-03-21,2025-26,WAS,OKC,0,0.166072
0022501023,2026-03-21,2025-26,CHA,MEM,1,0.89902496
0022501024,2026-03-21,2025-26,ORL,LAL,0,0.2662649
0022501025,2026-03-21,2025-26,NOP,CLE,0,0.4268944
0022501026,2026-03-21,2025-26,ATL,GSW,1,0.84566385
0022501027,2026-03-21,2025-26,HOU,MIA,1,0.4731791
0022501028,2026-03-21,2025-26,SAS,IND,1,0.8735787
0022501029,2026-03-21,2025-26,DAL,LAC,0,0.4447179
0022501030,2026-03-21,2025-26,UTA,PHI,0,0.16750515
0022501031,2026-03-21,2025-26,PHX,MIL,0,0.5790071
0022501032,2026-03-22,2025-26,DEN,POR,1,0.7127924
0022501033,2026-03-22,2025-26,SAC,BKN,1,0.73010266
0022501034,2026-03-22,2025-26,NYK,WAS,1,0.933547
0022501035,2026-03-22,2025-26,BOS,MIN,0,0.621902
0022501036,2026-03-22,2025-26,PHX,TOR,1,0.3215885
0022501037,2026-03-23,2025-26,ATL,MEM,1,0.89808893
0022501038,2026-03-23,2025-26,DET,LAL,1,0.3188104
0022501039,2026-03-23,2025-26,ORL,IND,0,0.718311
0022501040,2026-03-23,2025-26,PHI,OKC,0,0.22874448
0022501041,2026-03-23,2025-26,MIA,SAS,0,0.4214317
0022501042,2026-03-23,2025-26,CHI,HOU,1,0.3643618
0022501043,2026-03-23,2025-26,UTA,TOR,0,0.21570875
0022501044,2026-03-23,2025-26,DAL,GSW,0,0.61028844
0022501045,2026-03-23,2025-26,POR,BKN,1,0.85762817
0022501046,2026-03-23,2025-26,LAC,MIL,1,0.6754739
0022501047,2026-03-24,2025-26,CHA,SAC,1,0.8456284
0022501048,2026-03-24,2025-26,NYK,NOP,1,0.6723439
0022501049,2026-03-24,2025-26,CLE,ORL,1,0.7396502
0022501050,2026-03-24,2025-26,PHX,DEN,0,0.26193428
0022501051,2026-03-25,2025-26,DET,ATL,0,0.48136693
0022501052,2026-03-25,2025-26,IND,LAL,0,0.26516923
0022501053,2026-03-25,2025-26,PHI,CHI,1,0.4378641
0022501054,2026-03-25,2025-26,BOS,OKC,1,0.5097645
0022501055,2026-03-25,2025-26,CLE,MIA,0,0.55283135
0022501056,2026-03-25,2025-26,MEM,SAS,0,0.12704432
0022501057,2026-03-25,2025-26,UTA,WAS,0,0.5472057
0022501058,2026-03-25,2025-26,MIN,HOU,1,0.54291564
0022501059,2026-03-25,2025-26,DEN,DAL,1,0.8211452
0022501060,2026-03-25,2025-26,GSW,BKN,1,0.78911054
0022501061,2026-03-25,2025-26,POR,MIL,1,0.5978068
0022501062,2026-03-25,2025-26,LAC,TOR,1,0.57118475
0022501063,2026-03-26,2025-26,CHA,NYK,1,0.4416794
0022501064,2026-03-26,2025-26,DET,NOP,1,0.5260408
0022501065,2026-03-26,2025-26,ORL,SAC,1,0.80533457
0022501066,2026-03-27,2025-26,IND,LAC,0,0.33590037
0022501067,2026-03-27,2025-26,BOS,ATL,1,0.51459944
0022501068,2026-03-27,2025-26,CLE,MIA,1,0.61759895
0022501069,2026-03-27,2025-26,MEM,HOU,0,0.17433925
0022501070,2026-03-27,2025-26,OKC,CHI,1,0.787451
0022501071,2026-03-27,2025-26,TOR,NOP,1,0.6352927
0022501072,2026-03-27,2025-26,DEN,UTA,1,0.93289036
0022501073,2026-03-27,2025-26,GSW,WAS,1,0.78820205
0022501074,2026-03-27,2025-26,POR,DAL,0,0.70048475
0022501075,2026-03-27,2025-26,LAL,BKN,1,0.9159716
0022501076,2026-03-28,2025-26,MIL,SAS,0,0.2458377
0022501077,2026-03-28,2025-26,CHA,PHI,0,0.73104537
0022501078,2026-03-28,2025-26,ATL,SAC,1,0.8707965
0022501079,2026-03-28,2025-26,MEM,CHI,1,0.28777707
0022501080,2026-03-28,2025-26,MIN,DET,0,0.6913307
0022501081,2026-03-28,2025-26,PHX,UTA,1,0.90966266
0022501082,2026-03-29,2025-26,MIL,LAC,0,0.2514475
0022501083,2026-03-29,2025-26,IND,MIA,1,0.34617957
0022501084,2026-03-29,2025-26,BKN,SAC,1,0.61711645
0022501085,2026-03-29,2025-26,CHA,BOS,0,0.4646625
0022501086,2026-03-29,2025-26,TOR,ORL,1,0.49423888
0022501087,2026-03-29,2025-26,POR,WAS,1,0.8447463
0022501088,2026-03-29,2025-26,NOP,HOU,0,0.40762398
0022501089,2026-03-29,2025-26,OKC,NYK,1,0.44878826
0022501090,2026-03-29,2025-26,DEN,GSW,1,0.8383674
0022501091,2026-03-30,2025-26,MIA,PHI,1,0.5147485
0022501092,2026-03-30,2025-26,ATL,BOS,1,0.70446837
0022501093,2026-03-30,2025-26,MEM,PHX,0,0.13148932
0022501094,2026-03-30,2025-26,SAS,CHI,1,0.80048203
0022501095,2026-03-30,2025-26,DAL,MIN,0,0.34892374
0022501096,2026-03-30,2025-26,UTA,CLE,0,0.14182292
0022501097,2026-03-30,2025-26,OKC,DET,1,0.6299198
0022501098,2026-03-30,2025-26,LAL,WAS,1,0.93514
0022500652,2026-03-31,2025-26,MIL,DAL,1,0.5733228
0022501099,2026-03-31,2025-26,ORL,PHX,1,0.6184832
0022501100,2026-03-31,2025-26,BKN,CHA,0,0.13338222
0022501101,2026-03-31,2025-26,DET,TOR,1,0.44588158
0022501102,2026-03-31,2025-26,HOU,NYK,1,0.35317814
0022501103,2026-03-31,2025-26,LAL,CLE,1,0.4702954
0022501104,2026-03-31,2025-26,LAC,POR,0,0.62634826
0022501003,2026-04-01,2025-26,MEM,NYK,0,0.10439415
0022501105,2026-04-01,2025-26,WAS,PHI,0,0.23132427
0022501106,2026-04-01,2025-26,MIA,BOS,0,0.45932987
0022501107,2026-04-01,2025-26,ORL,ATL,0,0.25816578
0022501108,2026-04-01,2025-26,TOR,SAC,0,0.7997237
0022501109,2026-04-01,2025-26,CHI,IND,0,0.5490076
0022501110,2026-04-01,2025-26,HOU,MIL,1,0.7878643
0022501112,2026-04-01,2025-26,UTA,DEN,0,0.098534614
0022501113,2026-04-01,2025-26,GSW,SAS,0,0.20902446
0022501114,2026-04-02,2025-26,CHA,PHX,1,0.57084984
0022501115,2026-04-02,2025-26,DET,MIN,1,0.5194063
0022501116,2026-04-02,2025-26,OKC,LAL,1,0.6524729
0022501117,2026-04-02,2025-26,GSW,CLE,0,0.20410034
0022501118,2026-04-02,2025-26,POR,NOP,1,0.5713564
0022501119,2026-04-02,2025-26,LAC,SAS,0,0.44808814
0022501120,2026-04-03,2025-26,CHA,IND,1,0.7963329
0022501121,2026-04-03,2025-26,PHI,MIN,1,0.47106317
0022501122,2026-04-03,2025-26,BKN,ATL,0,0.12467185
0022501123,2026-04-03,2025-26,NYK,CHI,1,0.83503324
0022501124,2026-04-03,2025-26,HOU,UTA,1,0.9094376
0022501125,2026-04-03,2025-26,MEM,TOR,0,0.105183944
0022501126,2026-04-03,2025-26,MIL,BOS,0,0.16947824
0022501127,2026-04-03,2025-26,DAL,ORL,0,0.31189838
0022501128,2026-04-03,2025-26,SAC,NOP,1,0.3323109
0022501129,2026-04-04,2025-26,MIA,WAS,1,0.8358194
0022501130,2026-04-04,2025-26,DEN,SAS,1,0.55343103
0022501131,2026-04-04,2025-26,PHI,DET,0,0.45354167
0022501132,2026-04-05,2025-26,BOS,TOR,1,0.6587108
0022501133,2026-04-05,2025-26,BKN,WAS,1,0.629627
0022501134,2026-04-05,2025-26,CHI,PHX,0,0.33847338
0022501135,2026-04-05,2025-26,MIL,MEM,1,0.76366097
0022501136,2026-04-05,2025-26,CLE,IND,1,0.8260956
0022501137,2026-04-05,2025-26,MIN,CHA,0,0.49144566
0022501138,2026-04-05,2025-26,NOP,ORL,0,0.5341072
0022501139,2026-04-05,2025-26,OKC,UTA,1,0.9163442
0022501140,2026-04-05,2025-26,DAL,LAL,1,0.20032607
0022501141,2026-04-05,2025-26,SAC,LAC,0,0.22200052
0022501142,2026-04-05,2025-26,GSW,HOU,0,0.30519745
0022501143,2026-04-06,2025-26,ATL,NYK,0,0.511954
0022501144,2026-04-06,2025-26,ORL,DET,1,0.38841245
0022501145,2026-04-06,2025-26,MEM,CLE,0,0.06460395
0022501146,2026-04-06,2025-26,SAS,PHI,1,0.75240093
0022501147,2026-04-06,2025-26,DEN,POR,1,0.7197334
0022501148,2026-04-07,2025-26,WAS,CHI,0,0.35344005
0022501149,2026-04-07,2025-26,BOS,CHA,1,0.5825693
0022501150,2026-04-07,2025-26,BKN,MIL,1,0.3238125
0022501151,2026-04-07,2025-26,TOR,MIA,1,0.5352012
0022501152,2026-04-07,2025-26,IND,MIN,0,0.24382165
0022501153,2026-04-07,2025-26,NOP,UTA,1,0.7032867
0022501154,2026-04-07,2025-26,GSW,SAC,1,0.7532336
0022501155,2026-04-07,2025-26,LAL,OKC,0,0.37871918
0022501156,2026-04-07,2025-26,LAC,DAL,1,0.6986507
0022501157,2026-04-07,2025-26,PHX,HOU,0,0.4227142
0022501158,2026-04-08,2025-26,CLE,ATL,1,0.3115373
0022501159,2026-04-08,2025-26,ORL,MIN,1,0.502043
0022501160,2026-04-08,2025-26,DET,MIL,1,0.80037415
0022501161,2026-04-08,2025-26,SAS,POR,1,0.67534417
0022501162,2026-04-08,2025-26,DEN,MEM,1,0.9717757
0022501163,2026-04-08,2025-26,LAC,OKC,0,0.39747617
0022501164,2026-04-08,2025-26,PHX,DAL,1,0.74199677
0022501165,2026-04-09,2025-26,TOR,MIA,1,0.5651175
0022501166,2026-04-09,2025-26,WAS,CHI,0,0.36996302
0022501167,2026-04-09,2025-26,BKN,IND,0,0.296837
0022501168,2026-04-09,2025-26,NYK,BOS,1,0.5392827
0022501169,2026-04-09,2025-26,HOU,PHI,1,0.6621289
0022501170,2026-04-09,2025-26,GSW,LAL,0,0.582579
0022501171,2026-04-10,2025-26,CHA,DET,0,0.6425399
0022501172,2026-04-10,2025-26,WAS,MIA,0,0.17464812
0022501173,2026-04-10,2025-26,ATL,CLE,1,0.5721078
0022501174,2026-04-10,2025-26,BOS,NOP,1,0.8878505
0022501175,2026-04-10,2025-26,IND,PHI,0,0.26605424
0022501176,2026-04-10,2025-26,NYK,TOR,1,0.711172
0022501177,2026-04-10,2025-26,CHI,ORL,0,0.3032922
0022501178,2026-04-10,2025-26,HOU,MIN,0,0.6266276
0022501179,2026-04-10,2025-26,MIL,BKN,1,0.81354934
0022501180,2026-04-10,2025-26,SAS,DAL,1,0.9114099
0022501181,2026-04-10,2025-26,UTA,MEM,1,0.7214895
0022501182,2026-04-10,2025-26,DEN,OKC,1,0.47595707
0022501183,2026-04-10,2025-26,POR,LAC,1,0.5022406
0022501184,2026-04-10,2025-26,SAC,GSW,1,0.4622988
0022501185,2026-04-10,2025-26,LAL,PHX,1,0.37607384
0022501186,2026-04-12,2025-26,BOS,ORL,1,0.739015
0022501187,2026-04-12,2025-26,CLE,WAS,1,0.90041786
0022501188,2026-04-12,2025-26,IND,DET,0,0.20640987
0022501189,2026-04-12,2025-26,MIA,ATL,1,0.35597506
0022501190,2026-04-12,2025-26,NYK,CHA,0,0.5682979
0022501191,2026-04-12,2025-26,PHI,MIL,1,0.73425025
0022501192,2026-04-12,2025-26,TOR,BKN,1,0.93370557
0022501193,2026-04-12,2025-26,DAL,CHI,1,0.50641614
0022501194,2026-04-12,2025-26,HOU,MEM,1,0.9839013
0022501195,2026-04-12,2025-26,MIN,NOP,1,0.8756438
0022501196,2026-04-12,2025-26,OKC,PHX,0,0.4794253
0022501197,2026-04-12,2025-26,SAS,DEN,0,0.77879995
0022501198,2026-04-12,2025-26,LAL,UTA,1,0.8981124
0022501199,2026-04-12,2025-26,LAC,GSW,1,0.6379742
0022501200,2026-04-12,2025-26,POR,SAC,1,0.82516015
