game_id,date,season,home,away,home_win,p_home
0022400061,2024-10-22,2024-25,BOS,NYK,1,0.68132615
0022400062,2024-10-22,2024-25,LAL,MIN,1,0.523844
0022400063,2024-10-23,2024-25,DET,IND,0,0.29083914
0022400064,2024-10-23,2024-25,ATL,BKN,1,0.73464763
0022400065,2024-10-23,2024-25,MIA,ORL,0,0.56995976
0022400066,2024-10-23,2024-25,PHI,MIL,0,0.49022457
0022400067,2024-10-23,2024-25,TOR,CLE,0,0.360148
0022400068,2024-10-23,2024-25,HOU,CHA,0,0.8646707
0022400069,2024-10-23,2024-25,NOP,CHI,1,0.61957526
0022400070,2024-10-23,2024-25,UTA,MEM,0,0.32810605
0022400071,2024-10-23,2024-25,LAC,PHX,0,0.3020785
0022400072,2024-10-23,2024-25,POR,GSW,0,0.2524311
0022400073,2024-10-24,2024-25,WAS,BOS,0,0.13443975
0022400074,2024-10-24,2024-25,DAL,SAS,1,0.8188361
0022400075,2024-10-24,2024-25,DEN,OKC,0,0.6643298
0022400076,2024-10-24,2024-25,SAC,MIN,0,0.5555562
0022400077,2024-10-25,2024-25,ORL,BKN,1,0.7860427
0022400078,2024-10-25,2024-25,TOR,PHI,1,0.28302303
0022400079,2024-10-25,2024-25,ATL,CHA,1,0.64237183
0022400080,2024-10-25,2024-25,CLE,DET,1,0.6886786
0022400081,2024-10-25,2024-25,NYK,IND,1,0.57702136
0022400082,2024-10-25,2024-25,HOU,MEM,1,0.75502264
0022400083,2024-10-25,2024-25,MIL,CHI,0,0.71412754
0022400084,2024-10-25,2024-25,UTA,GSW,0,0.24748649
0022400085,2024-10-25,2024-25,LAL,PHX,1,0.69071954
0022400086,2024-10-25,2024-25,POR,NOP,0,0.30766997
0022400087,2024-10-26,2024-25,DEN,LAC,0,0.82487166
0022400088,2024-10-26,2024-25,CHA,MIA,0,0.33606163
0022400089,2024-10-26,2024-25,DET,BOS,0,0.19472884
0022400090,2024-10-26,2024-25,WAS,CLE,0,0.19568147
0022400091,2024-10-26,2024-25,CHI,OKC,0,0.34661973
0022400092,2024-10-26,2024-25,MEM,ORL,1,0.3086958
0022400093,2024-10-26,2024-25,MIN,TOR,1,0.90099466
0022400094,2024-10-26,2024-25,SAS,HOU,1,0.38276738
0022400095,2024-10-26,2024-25,PHX,DAL,1,0.29886916
0022400096,2024-10-26,2024-25,LAL,SAC,1,0.48661247
0022400097,2024-10-27,2024-25,IND,PHI,0,0.72646266
0022400098,2024-10-27,2024-25,BKN,MIL,1,0.32684237
0022400099,2024-10-27,2024-25,POR,NOP,1,0.33071864
0022400100,2024-10-27,2024-25,OKC,ATL,1,0.7344879
0022400101,2024-10-27,2024-25,GSW,LAC,0,0.8101416
0022400102,2024-10-28,2024-25,ORL,IND,1,0.63005406
0022400103,2024-10-28,2024-25,ATL,WAS,0,0.80554616
0022400104,2024-10-28,2024-25,BOS,MIL,1,0.7768029
0022400105,2024-10-28,2024-25,MIA,DET,1,0.73118424
0022400106,2024-10-28,2024-25,NYK,CLE,0,0.6630758
0022400107,2024-10-28,2024-25,TOR,DEN,0,0.17973033
0022400108,2024-10-28,2024-25,MEM,CHI,0,0.3816172
0022400109,2024-10-28,2024-25,SAS,HOU,0,0.32781413
0022400110,2024-10-28,2024-25,DAL,UTA,1,0.89144635
0022400111,2024-10-28,2024-25,PHX,LAL,1,0.4724156
0022400112,2024-10-28,2024-25,SAC,POR,1,0.8592946
0022400113,2024-10-29,2024-25,BKN,DEN,0,0.29411328
0022400114,2024-10-29,2024-25,MIN,DAL,0,0.5934587
0022400115,2024-10-29,2024-25,UTA,SAC,0,0.16317074
0022400116,2024-10-29,2024-25,GSW,NOP,1,0.58490425
0022400117,2024-10-30,2024-25,CHA,TOR,1,0.73206115
0022400118,2024-10-30,2024-25,CLE,LAL,1,0.54986215
0022400119,2024-10-30,2024-25,IND,BOS,1,0.42524248
0022400120,2024-10-30,2024-25,PHI,DET,0,0.64057755
0022400121,2024-10-30,2024-25,WAS,ATL,1,0.28508085
0022400122,2024-10-30,2024-25,MIA,NYK,0,0.4788985
0022400123,2024-10-30,2024-25,CHI,ORL,1,0.3832485
0022400124,2024-10-30,2024-25,MEM,BKN,0,0.74290514
0022400125,2024-10-30,2024-25,OKC,SAS,1,0.8282101
0022400126,2024-10-30,2024-25,GSW,NOP,1,0.76882505
0022400127,2024-10-30,2024-25,LAC,POR,0,0.6946524
0022400128,2024-10-31,2024-25,MEM,MIL,1,0.30260763
0022400129,2024-10-31,2024-25,DAL,HOU,0,0.6426434
0022400130,2024-10-31,2024-25,UTA,SAS,0,0.40103534
0022400131,2024-10-31,2024-25,LAC,PHX,0,0.39521018
0022400132,2024-11-01,2024-25,CHA,BOS,0,0.25941133
0022400133,2024-11-01,2024-25,CLE,ORL,1,0.6523621
0022400134,2024-11-01,2024-25,DET,NYK,0,0.3488744
0022400135,2024-11-01,2024-25,ATL,SAC,0,0.27892506
0022400136,2024-11-01,2024-25,BKN,CHI,1,0.5147812
0022400137,2024-11-01,2024-25,TOR,LAL,0,0.21269551
0022400138,2024-11-01,2024-25,NOP,IND,1,0.35424513
0022400139,2024-11-01,2024-25,MIN,DEN,1,0.5434481
0022400140,2024-11-01,2024-25,POR,OKC,0,0.26791635
0022400141,2024-11-02,2024-25,CHA,BOS,0,0.22080459
0022400142,2024-11-02,2024-25,PHI,MEM,0,0.64646184
0022400143,2024-11-02,2024-25,TOR,SAC,1,0.14898257
0022400144,2024-11-02,2024-25,HOU,GSW,0,0.55362934
0022400145,2024-11-02,2024-25,MIL,CLE,0,0.60443884
0022400146,2024-11-02,2024-25,SAS,MIN,1,0.45000258
0022400148,2024-11-02,2024-25,DEN,UTA,1,0.8715765
0022400149,2024-11-02,2024-25,PHX,POR,1,0.8184058
0022400150,2024-11-02,2024-25,LAC,OKC,0,0.31331632
0022400151,2024-11-03,2024-25,BKN,DET,0,0.6560262
0022400152,2024-11-03,2024-25,NOP,ATL,0,0.40782592
0022400153,2024-11-03,2024-25,DAL,ORL,1,0.7541838
0022400154,2024-11-04,2024-25,CLE,MIL,1,0.7068669
0022400155,2024-11-04,2024-25,WAS,GSW,0,0.20153308
0022400156,2024-11-04,2024-25,DET,LAL,1,0.27158535
0022400157,2024-11-04,2024-25,ATL,BOS,0,0.2427143
0022400158,2024-11-04,2024-25,BKN,MEM,1,0.53459173
0022400159,2024-11-04,2024-25,MIA,SAC,0,0.46169752
0022400160,2024-11-04,2024-25,CHI,UTA,0,0.83258486
0022400161,2024-11-04,2024-25,HOU,NYK,1,0.4367931
0022400162,2024-11-04,2024-25,MIN,CHA,1,0.7977001
0022400163,2024-11-04,2024-25,OKC,ORL,1,0.8562251
0022400164,2024-11-04,2024-25,NOP,POR,0,0.4204408
0022400165,2024-11-04,2024-25,DAL,IND,0,0.6796388
0022400166,2024-11-04,2024-25,DEN,TOR,1,0.8451766
0022400167,2024-11-04,2024-25,PHX,PHI,1,0.68664336
0022400168,2024-11-04,2024-25,LAC,SAS,1,0.5639857
0022400169,2024-11-06,2024-25,CHA,DET,1,0.45712152
0022400170,2024-11-06,2024-25,IND,ORL,1,0.7681761
0022400171,2024-11-06,2024-25,ATL,NYK,1,0.26893657
0022400172,2024-11-06,2024-25,BOS,GSW,0,0.64243877
0022400173,2024-11-06,2024-25,HOU,SAS,1,0.7095997
0022400174,2024-11-06,2024-25,MEM,LAL,1,0.47003567
0022400175,2024-11-06,2024-25,NOP,CLE,0,0.31851703
0022400176,2024-11-06,2024-25,DAL,CHI,1,0.7856624
0022400177,2024-11-06,2024-25,DEN,OKC,1,0.44716385
0022400178,2024-11-06,2024-25,PHX,MIA,1,0.5748383
0022400179,2024-11-06,2024-25,LAC,PHI,1,0.51828885
0022400180,2024-11-06,2024-25,SAC,TOR,1,0.85934895
0022400181,2024-11-07,2024-25,CHI,MIN,0,0.30343804
0022400182,2024-11-07,2024-25,MIL,UTA,1,0.789875
0022400183,2024-11-07,2024-25,SAS,POR,1,0.59792715
0022400184,2024-11-08,2024-25,CHA,IND,1,0.39572513
0022400185,2024-11-08,2024-25,DET,ATL,1,0.5976757
0022400186,2024-11-08,2024-25,ORL,NOP,1,0.7289051
0022400187,2024-11-08,2024-25,BOS,BKN,1,0.8013351
0022400188,2024-11-08,2024-25,CLE,GSW,1,0.5122967
0022400189,2024-11-08,2024-25,NYK,MIL,1,0.7048293
0022400190,2024-11-08,2024-25,DAL,PHX,0,0.637062
0022400191,2024-11-08,2024-25,MEM,WAS,1,0.70697826
0022400192,2024-11-08,2024-25,OKC,HOU,1,0.7095725
0022400193,2024-11-08,2024-25,MIN,POR,1,0.7991263
0022400194,2024-11-08,2024-25,DEN,MIA,1,0.6417328
0022400195,2024-11-08,2024-25,LAL,PHI,1,0.7587138
0022400196,2024-11-08,2024-25,SAC,LAC,0,0.74553066
0022400197,2024-11-09,2024-25,SAS,UTA,0,0.78608304
0022400198,2024-11-09,2024-25,ATL,CHI,0,0.51743245
0022400199,2024-11-09,2024-25,CLE,BKN,1,0.7761773
0022400200,2024-11-09,2024-25,LAC,TOR,1,0.62015957
0022400201,2024-11-10,2024-25,DET,HOU,0,0.4503444
0022400202,2024-11-10,2024-25,MIL,BOS,0,0.38567206
0022400203,2024-11-10,2024-25,IND,NYK,1,0.31486914
0022400204,2024-11-10,2024-25,ORL,WAS,1,0.7398002
0022400205,2024-11-10,2024-25,PHI,CHA,1,0.65348744
0022400206,2024-11-10,2024-25,MIN,MIA,0,0.67033184
0022400207,2024-11-10,2024-25,OKC,GSW,0,0.6280873
0022400208,2024-11-10,2024-25,DEN,DAL,1,0.579771
0022400209,2024-11-10,2024-25,PHX,SAC,0,0.42935863
0022400210,2024-11-10,2024-25,POR,MEM,0,0.50805116
0022400211,2024-11-10,2024-25,LAL,TOR,1,0.79467535
0022400212,2024-11-11,2024-25,CHI,CLE,0,0.32291278
0022400213,2024-11-11,2024-25,HOU,WAS,1,0.7858805
0022400214,2024-11-11,2024-25,NOP,BKN,0,0.39687198
0022400215,2024-11-11,2024-25,OKC,LAC,1,0.6868832
0022400216,2024-11-11,2024-25,SAS,SAC,1,0.4317124
0022400001,2024-11-12,2024-25,BOS,ATL,0,0.8441646
0022400002,2024-11-12,2024-25,DET,MIA,1,0.41770837
0022400003,2024-11-12,2024-25,ORL,CHA,1,0.68062776
0022400004,2024-11-12,2024-25,PHI,NYK,0,0.41481885
0022400005,2024-11-12,2024-25,MIL,TOR,1,0.6945925
0022400006,2024-11-12,2024-25,UTA,PHX,0,0.2324154
0022400007,2024-11-12,2024-25,GSW,DAL,1,0.5542477
0022400008,2024-11-12,2024-25,POR,MIN,1,0.26355058
0022400217,2024-11-13,2024-25,ORL,IND,1,0.4465831
0022400218,2024-11-13,2024-25,BKN,BOS,0,0.37725297
0022400219,2024-11-13,2024-25,NYK,CHI,0,0.7656336
0022400220,2024-11-13,2024-25,PHI,CLE,0,0.2307659
0022400221,2024-11-13,2024-25,OKC,NOP,1,0.8924521
0022400222,2024-11-13,2024-25,HOU,LAC,1,0.58543354
0022400223,2024-11-13,2024-25,MIL,DET,1,0.68200266
0022400224,2024-11-13,2024-25,SAS,WAS,1,0.7893954
0022400225,2024-11-13,2024-25,LAL,MEM,1,0.7268286
0022400226,2024-11-13,2024-25,POR,MIN,1,0.24399069
0022400227,2024-11-13,2024-25,SAC,PHX,1,0.81325734
0022400228,2024-11-14,2024-25,UTA,DAL,1,0.20139575
0022400009,2024-11-15,2024-25,IND,MIA,0,0.4597354
0022400010,2024-11-15,2024-25,ORL,PHI,1,0.54863596
0022400011,2024-11-15,2024-25,TOR,DET,0,0.43444544
0022400012,2024-11-15,2024-25,ATL,WAS,1,0.7598119
0022400013,2024-11-15,2024-25,CLE,CHI,1,0.780219
0022400014,2024-11-15,2024-25,NYK,BKN,1,0.7349554
0022400015,2024-11-15,2024-25,SAS,LAL,0,0.45818466
0022400016,2024-11-15,2024-25,HOU,LAC,1,0.60896635
0022400017,2024-11-15,2024-25,NOP,DEN,1,0.3192466
0022400018,2024-11-15,2024-25,OKC,PHX,1,0.80559486
0022400019,2024-11-15,2024-25,GSW,MEM,1,0.7377585
0022400020,2024-11-15,2024-25,SAC,MIN,0,0.5687193
0022400229,2024-11-16,2024-25,CHA,MIL,1,0.40592155
0022400230,2024-11-16,2024-25,BOS,TOR,1,0.89989394
0022400231,2024-11-16,2024-25,NOP,LAL,0,0.17575456
0022400232,2024-11-16,2024-25,DAL,SAS,1,0.8327591
0022400233,2024-11-16,2024-25,SAC,UTA,1,0.8098042
0022400234,2024-11-17,2024-25,MIN,PHX,1,0.7377985
0022400235,2024-11-17,2024-25,IND,MIA,1,0.4424792
0022400236,2024-11-17,2024-25,CLE,CHA,1,0.84298855
0022400237,2024-11-17,2024-25,WAS,DET,0,0.40281358
0022400238,2024-11-17,2024-25,MEM,DEN,1,0.65985763
0022400239,2024-11-17,2024-25,POR,ATL,1,0.4510076
0022400240,2024-11-17,2024-25,NYK,BKN,1,0.8047163
0022400241,2024-11-17,2024-25,CHI,HOU,0,0.44062722
0022400242,2024-11-17,2024-25,OKC,DAL,0,0.74584836
0022400243,2024-11-17,2024-25,LAC,UTA,1,0.8259573
0022400244,2024-11-18,2024-25,DET,CHI,0,0.64128524
0022400245,2024-11-18,2024-25,MIA,PHI,1,0.5858225
0022400246,2024-11-18,2024-25,NYK,WAS,1,0.83705026
0022400247,2024-11-18,2024-25,TOR,IND,1,0.52198803
0022400248,2024-11-18,2024-25,MIL,HOU,1,0.59509104
0022400249,2024-11-18,2024-25,PHX,ORL,0,0.46073052
0022400250,2024-11-18,2024-25,SAC,ATL,0,0.768762
0022400251,2024-11-18,2024-25,LAC,GSW,1,0.34404144
0022400021,2024-11-19,2024-25,BOS,CLE,1,0.6057742
0022400022,2024-11-19,2024-25,BKN,CHA,1,0.5020651
0022400023,2024-11-19,2024-25,MEM,DEN,0,0.69843096
0022400024,2024-11-19,2024-25,DAL,NOP,1,0.885807
0022400025,2024-11-19,2024-25,SAS,OKC,1,0.30024502
0022400026,2024-11-19,2024-25,LAL,UTA,1,0.8521137
0022400252,2024-11-20,2024-25,CLE,NOP,1,0.9196268
0022400253,2024-11-20,2024-25,MIL,CHI,1,0.6733894
0022400254,2024-11-20,2024-25,HOU,IND,1,0.7519102
0022400255,2024-11-20,2024-25,MEM,PHI,1,0.46587288
0022400256,2024-11-20,2024-25,OKC,POR,1,0.8594181
0022400257,2024-11-20,2024-25,PHX,NYK,0,0.32368386
0022400258,2024-11-20,2024-25,GSW,ATL,1,0.73462033
0022400259,2024-11-20,2024-25,LAC,ORL,1,0.5603035
0022400260,2024-11-21,2024-25,CHA,DET,1,0.46928787
0022400261,2024-11-21,2024-25,TOR,MIN,1,0.37331733
0022400262,2024-11-21,2024-25,SAS,UTA,1,0.77633816
0022400263,2024-11-21,2024-25,LAL,ORL,0,0.77388316
0022400027,2024-11-22,2024-25,PHI,BKN,1,0.5432003
0022400028,2024-11-22,2024-25,WAS,BOS,0,0.19315356
0022400029,2024-11-22,2024-25,MIL,IND,1,0.7161529
0022400030,2024-11-22,2024-25,CHI,ATL,1,0.52003896
0022400031,2024-11-22,2024-25,HOU,POR,1,0.8113399
0022400032,2024-11-22,2024-25,NOP,GSW,0,0.17641164
0022400033,2024-11-22,2024-25,DEN,DAL,0,0.6193621
0022400034,2024-11-22,2024-25,LAC,SAC,1,0.3886964
0022400264,2024-11-23,2024-25,UTA,NYK,1,0.21285833
0022400265,2024-11-23,2024-25,ORL,DET,1,0.6829785
0022400266,2024-11-23,2024-25,CHI,MEM,0,0.42157122
0022400267,2024-11-23,2024-25,HOU,POR,0,0.8640964
0022400268,2024-11-23,2024-25,MIL,CHA,1,0.75590503
0022400269,2024-11-23,2024-25,SAS,GSW,1,0.47358322
0022400270,2024-11-23,2024-25,LAL,DEN,0,0.60002303
0022400271,2024-11-24,2024-25,BOS,MIN,1,0.7157363
0022400272,2024-11-24,2024-25,IND,WAS,1,0.75267744
0022400273,2024-11-24,2024-25,MIA,DAL,1,0.60905594
0022400274,2024-11-24,2024-25,PHI,LAC,0,0.45118508
0022400275,2024-11-24,2024-25,CLE,TOR,1,0.81481624
0022400276,2024-11-24,2024-25,SAC,BKN,0,0.8484206
0022400277,2024-11-25,2024-25,CHA,ORL,0,0.36131194
0022400278,2024-11-25,2024-25,DET,TOR,1,0.64711064
0022400279,2024-11-25,2024-25,IND,NOP,1,0.6688153
0022400280,2024-11-25,2024-25,ATL,DAL,0,0.5534044
0022400281,2024-11-25,2024-25,BOS,LAC,1,0.77374727
0022400282,2024-11-25,2024-25,MEM,POR,1,0.8502529
0022400283,2024-11-25,2024-25,DEN,NYK,0,0.59827554
0022400284,2024-11-25,2024-25,GSW,BKN,0,0.8301244
0022400285,2024-11-25,2024-25,SAC,OKC,0,0.363963
0022400035,2024-11-26,2024-25,WAS,CHI,0,0.3570983
0022400036,2024-11-26,2024-25,MIA,MIL,0,0.6795428
0022400037,2024-11-26,2024-25,MIN,HOU,0,0.44415626
0022400038,2024-11-26,2024-25,UTA,SAS,0,0.3449227
0022400039,2024-11-26,2024-25,PHX,LAL,1,0.5425049
0022400286,2024-11-27,2024-25,CHA,MIA,0,0.35617614
0022400287,2024-11-27,2024-25,CLE,ATL,0,0.7955444
0022400288,2024-11-27,2024-25,IND,POR,1,0.76330686
0022400289,2024-11-27,2024-25,ORL,CHI,1,0.72207594
0022400290,2024-11-27,2024-25,PHI,HOU,0,0.32536334
0022400291,2024-11-27,2024-25,WAS,LAC,0,0.25503218
0022400292,2024-11-27,2024-25,DAL,NYK,1,0.3788083
0022400293,2024-11-27,2024-25,MEM,DET,1,0.77474195
0022400294,2024-11-27,2024-25,MIN,SAC,0,0.49664864
0022400295,2024-11-27,2024-25,NOP,TOR,0,0.4958458
0022400296,2024-11-27,2024-25,SAS,LAL,0,0.6282093
0022400297,2024-11-27,2024-25,PHX,BKN,0,0.70797217
0022400298,2024-11-27,2024-25,UTA,DEN,0,0.17515855
0022400299,2024-11-27,2024-25,GSW,OKC,0,0.3021881
0022400040,2024-11-29,2024-25,CHA,NYK,0,0.17099278
0022400041,2024-11-29,2024-25,ATL,CLE,1,0.3074017
0022400042,2024-11-29,2024-25,MEM,NOP,1,0.846959
0022400043,2024-11-29,2024-25,BKN,ORL,0,0.30513826
0022400044,2024-11-29,2024-25,MIN,LAC,1,0.6374666
0022400045,2024-11-29,2024-25,IND,DET,0,0.51986605
0022400046,2024-11-29,2024-25,MIA,TOR,1,0.69785684
0022400047,2024-11-29,2024-25,CHI,BOS,0,0.26921442
0022400048,2024-11-29,2024-25,LAL,OKC,0,0.33637846
0022400049,2024-11-29,2024-25,POR,SAC,1,0.24518664
0022400300,2024-11-30,2024-25,CHA,ATL,0,0.315271
0022400301,2024-11-30,2024-25,DET,PHI,0,0.546179
0022400302,2024-11-30,2024-25,MIL,WAS,1,0.86904734
0022400303,2024-11-30,2024-25,PHX,GSW,1,0.47618586
0022400304,2024-11-30,2024-25,UTA,DAL,0,0.3102557
0022400305,2024-12-01,2024-25,BKN,ORL,0,0.33009106
0022400306,2024-12-01,2024-25,MEM,IND,1,0.81354904
0022400307,2024-12-01,2024-25,CLE,BOS,1,0.5131071
0022400308,2024-12-01,2024-25,NYK,NOP,1,0.82244176
0022400309,2024-12-01,2024-25,TOR,MIA,1,0.41894132
0022400310,2024-12-01,2024-25,HOU,OKC,1,0.49384627
0022400311,2024-12-01,2024-25,UTA,LAL,0,0.29450193
0022400312,2024-12-01,2024-25,POR,DAL,0,0.3030668
0022400313,2024-12-01,2024-25,SAC,SAS,0,0.67230904
0022400314,2024-12-01,2024-25,LAC,DEN,1,0.37203458
0022400315,2024-12-02,2024-25,ATL,NOP,1,0.78834224
0022400316,2024-12-02,2024-25,BOS,MIA,1,0.77961504
0022400317,2024-12-02,2024-25,CHI,BKN,1,0.76923305
0022400318,2024-12-02,2024-25,MIN,LAL,1,0.7197882
0022400050,2024-12-03,2024-25,CHA,PHI,0,0.38551113
0022400051,2024-12-03,2024-25,CLE,WAS,1,0.904345
0022400052,2024-12-03,2024-25,DET,MIL,0,0.4431251
0022400053,2024-12-03,2024-25,NYK,ORL,1,0.62559617
0022400054,2024-12-03,2024-25,TOR,IND,1,0.6021012
0022400055,2024-12-03,2024-25,OKC,UTA,1,0.88468605
0022400056,2024-12-03,2024-25,DAL,MEM,1,0.52347904
0022400057,2024-12-03,2024-25,PHX,SAS,1,0.58748615
0022400058,2024-12-03,2024-25,DEN,GSW,1,0.7274952
0022400059,2024-12-03,2024-25,SAC,HOU,1,0.4937061
0022400060,2024-12-03,2024-25,LAC,POR,1,0.79838437
0022400319,2024-12-04,2024-25,BOS,DET,1,0.8139973
0022400320,2024-12-04,2024-25,BKN,IND,1,0.57263803
0022400321,2024-12-04,2024-25,MIA,LAL,1,0.6867371
0022400322,2024-12-04,2024-25,PHI,ORL,0,0.36354348
0022400323,2024-12-04,2024-25,MIL,ATL,0,0.6293832
0022400324,2024-12-04,2024-25,LAC,MIN,0,0.41129667
0022400325,2024-12-05,2024-25,CLE,DEN,1,0.5866633
0022400326,2024-12-05,2024-25,WAS,DAL,0,0.14904556
0022400327,2024-12-05,2024-25,NYK,CHA,1,0.8508132
0022400328,2024-12-05,2024-25,TOR,OKC,0,0.26518452
0022400329,2024-12-05,2024-25,MEM,SAC,1,0.6662297
0022400330,2024-12-05,2024-25,NOP,PHX,1,0.4099637
0022400331,2024-12-05,2024-25,SAS,CHI,0,0.5959777
0022400332,2024-12-05,2024-25,GSW,HOU,1,0.34372047
0022400333,2024-12-06,2024-25,PHI,ORL,1,0.42560107
0022400334,2024-12-06,2024-25,ATL,LAL,1,0.707491
0022400335,2024-12-06,2024-25,BOS,MIL,1,0.7070905
0022400336,2024-12-06,2024-25,CHI,IND,0,0.57251316
0022400337,2024-12-06,2024-25,SAS,SAC,0,0.3203922
0022400338,2024-12-06,2024-25,GSW,MIN,0,0.45435074
0022400339,2024-12-06,2024-25,POR,UTA,0,0.5836168
0022400340,2024-12-07,2024-25,CHA,CLE,0,0.17632155
0022400341,2024-12-07,2024-25,WAS,DEN,1,0.1765282
0022400342,2024-12-07,2024-25,NOP,OKC,0,0.19717214
0022400343,2024-12-07,2024-25,NYK,DET,0,0.7124565
0022400344,2024-12-07,2024-25,TOR,DAL,0,0.3045921
0022400345,2024-12-07,2024-25,BOS,MEM,0,0.61009127
0022400346,2024-12-07,2024-25,MIA,PHX,1,0.68273
0022400347,2024-12-08,2024-25,CHI,PHI,0,0.51744777
0022400348,2024-12-08,2024-25,BKN,MIL,0,0.32296714
0022400349,2024-12-08,2024-25,IND,CHA,0,0.8251769
0022400350,2024-12-08,2024-25,ATL,DEN,0,0.4211492
0022400351,2024-12-08,2024-25,MIA,CLE,1,0.43817133
0022400352,2024-12-08,2024-25,ORL,PHX,1,0.6691759
0022400353,2024-12-08,2024-25,WAS,MEM,0,0.18642174
0022400354,2024-12-08,2024-25,SAS,NOP,1,0.74302244
0022400355,2024-12-08,2024-25,GSW,MIN,1,0.42490754
0022400356,2024-12-08,2024-25,LAC,HOU,0,0.3726944
0022400357,2024-12-08,2024-25,SAC,UTA,1,0.8227301
0022400358,2024-12-08,2024-25,LAL,POR,1,0.6871608
0022400359,2024-12-09,2024-25,TOR,NYK,0,0.31237623
0022401201,2024-12-10,2024-25,MIL,ORL,1,0.6713852
0022401203,2024-12-10,2024-25,OKC,DAL,1,0.6745939
0022401202,2024-12-11,2024-25,NYK,ATL,0,0.75413126
0022401204,2024-12-11,2024-25,HOU,GSW,1,0.7424984
0022401205,2024-12-12,2024-25,BOS,DET,1,0.7818543
0022401206,2024-12-12,2024-25,MIA,TOR,1,0.7688106
0022401207,2024-12-12,2024-25,NOP,SAC,0,0.28942227
0022401208,2024-12-13,2024-25,CLE,WAS,1,0.9114238
0022401209,2024-12-13,2024-25,PHI,IND,0,0.6878122
0022401210,2024-12-13,2024-25,MIN,LAL,1,0.72263664
0022401211,2024-12-13,2024-25,MEM,BKN,1,0.85234326
0022401212,2024-12-13,2024-25,CHI,CHA,1,0.7161935
0022401213,2024-12-13,2024-25,DEN,LAC,1,0.7780992
0022401214,2024-12-13,2024-25,UTA,PHX,0,0.3376837
0022401215,2024-12-13,2024-25,POR,SAS,0,0.3227811
0022401216,2024-12-15,2024-25,IND,NOP,1,0.6759692
0022401217,2024-12-15,2024-25,WAS,BOS,0,0.10768475
0022401218,2024-12-15,2024-25,SAS,MIN,0,0.46835765
0022401219,2024-12-15,2024-25,PHX,POR,1,0.76793164
0022401220,2024-12-15,2024-25,LAL,MEM,1,0.31132478
0022401227,2024-12-15,2024-25,ORL,NYK,0,0.3616578
0022401228,2024-12-15,2024-25,GSW,DAL,0,0.36662894
0022401221,2024-12-16,2024-25,DET,MIA,1,0.37186605
0022401222,2024-12-16,2024-25,CHA,PHI,0,0.50649524
0022401223,2024-12-16,2024-25,TOR,CHI,0,0.4778175
0022401224,2024-12-16,2024-25,BKN,CLE,0,0.21532643
0022401225,2024-12-16,2024-25,SAC,DEN,0,0.4870972
0022401226,2024-12-16,2024-25,LAC,UTA,1,0.7429934
0022400360,2024-12-19,2024-25,DET,UTA,0,0.71369547
0022400361,2024-12-19,2024-25,ORL,OKC,0,0.27982613
0022400362,2024-12-19,2024-25,WAS,CHA,1,0.3455281
0022400363,2024-12-19,2024-25,BOS,CHI,0,0.8395646
0022400364,2024-12-19,2024-25,TOR,BKN,0,0.62780654
0022400365,2024-12-19,2024-25,HOU,NOP,1,0.8182359
0022400366,2024-12-19,2024-25,MEM,GSW,1,0.7211147
0022400367,2024-12-19,2024-25,MIN,NYK,0,0.56875914
0022400368,2024-12-19,2024-25,DAL,LAC,0,0.5594876
0022400369,2024-12-19,2024-25,PHX,IND,0,0.6266759
0022400370,2024-12-19,2024-25,SAS,ATL,1,0.52098083
0022400371,2024-12-19,2024-25,POR,DEN,1,0.20865974
0022400372,2024-12-19,2024-25,SAC,LAL,0,0.73899037
0022400373,2024-12-20,2024-25,PHI,CHA,1,0.83581895
0022400374,2024-12-20,2024-25,CLE,MIL,1,0.6872362
0022400375,2024-12-20,2024-25,MIA,OKC,0,0.43985412
0022400376,2024-12-21,2024-25,SAC,LAL,0,0.73638374
0022400377,2024-12-21,2024-25,ORL,MIA,1,0.621499
0022400378,2024-12-21,2024-25,ATL,MEM,0,0.28062895
0022400379,2024-12-21,2024-25,BKN,UTA,0,0.51344496
0022400380,2024-12-21,2024-25,CLE,PHI,1,0.84539187
0022400381,2024-12-21,2024-25,CHI,BOS,0,0.30750826
0022400382,2024-12-21,2024-25,MIL,WAS,1,0.79874754
0022400383,2024-12-21,2024-25,MIN,GSW,0,0.7787741
0022400384,2024-12-21,2024-25,NOP,NYK,0,0.21567877
0022400385,2024-12-21,2024-25,DAL,LAC,1,0.6081605
0022400386,2024-12-21,2024-25,SAS,POR,1,0.76357675
0022400387,2024-12-21,2024-25,PHX,DET,0,0.6269036
0022400388,2024-12-22,2024-25,TOR,HOU,0,0.3023338
0022400389,2024-12-22,2024-25,SAC,IND,0,0.6300651
0022400390,2024-12-22,2024-25,NOP,DEN,0,0.16804941
0022400391,2024-12-23,2024-25,CHA,HOU,0,0.39923176
0022400392,2024-12-23,2024-25,CLE,UTA,1,0.8768247
0022400393,2024-12-23,2024-25,ORL,BOS,1,0.33660686
0022400394,2024-12-23,2024-25,PHI,SAS,1,0.49118382
0022400395,2024-12-23,2024-25,ATL,MIN,1,0.40703544
0022400396,2024-12-23,2024-25,MIA,BKN,1,0.792652
0022400397,2024-12-23,2024-25,NYK,TOR,1,0.8491196
0022400398,2024-12-23,2024-25,CHI,MIL,0,0.50986964
0022400399,2024-12-23,2024-25,MEM,LAC,0,0.76010317
0022400400,2024-12-23,2024-25,OKC,WAS,1,0.9254915
0022400401,2024-12-23,2024-25,DAL,POR,1,0.85529506
0022400402,2024-12-23,2024-25,DEN,PHX,1,0.71247387
0022400403,2024-12-23,2024-25,GSW,IND,0,0.50869554
0022400404,2024-12-23,2024-25,LAL,DET,0,0.58490497
0022400405,2024-12-25,2024-25,NYK,SAS,1,0.76810396
0022400406,2024-12-25,2024-25,DAL,MIN,0,0.68075055
0022400407,2024-12-25,2024-25,BOS,PHI,0,0.73809785
0022400408,2024-12-25,2024-25,GSW,LAL,0,0.5177832
0022400409,2024-12-25,2024-25,PHX,DEN,1,0.2957912
0022400410,2024-12-26,2024-25,IND,OKC,0,0.31997058
0022400411,2024-12-26,2024-25,ORL,MIA,0,0.54429173
0022400412,2024-12-26,2024-25,WAS,CHA,1,0.35094738
0022400413,2024-12-26,2024-25,ATL,CHI,1,0.6970058
0022400414,2024-12-26,2024-25,MEM,TOR,1,0.8582438
0022400415,2024-12-26,2024-25,MIL,BKN,0,0.82046676
0022400416,2024-12-26,2024-25,NOP,HOU,0,0.2769463
0022400417,2024-12-26,2024-25,POR,UTA,1,0.5831411
0022400418,2024-12-26,2024-25,SAC,DET,0,0.6476396
0022400419,2024-12-27,2024-25,ORL,NYK,0,0.27927804
0022400420,2024-12-27,2024-25,BOS,IND,1,0.8267655
0022400421,2024-12-27,2024-25,BKN,SAS,0,0.22048482
0022400422,2024-12-27,2024-25,HOU,MIN,0,0.5220107
0022400423,2024-12-27,2024-25,NOP,MEM,0,0.1792557
0022400424,2024-12-27,2024-25,DEN,CLE,0,0.4778985
0022400425,2024-12-27,2024-25,PHX,DAL,0,0.49761775
0022400426,2024-12-27,2024-25,LAC,GSW,1,0.7981078
0022400427,2024-12-28,2024-25,ATL,MIA,1,0.5862441
0022400428,2024-12-28,2024-25,CHA,OKC,0,0.14999557
0022400429,2024-12-28,2024-25,WAS,NYK,0,0.16124524
0022400430,2024-12-28,2024-25,CHI,MIL,1,0.43954825
0022400431,2024-12-28,2024-25,GSW,PHX,1,0.5751724
0022400432,2024-12-28,2024-25,DEN,DET,1,0.72824377
0022400433,2024-12-28,2024-25,UTA,PHI,0,0.2999582
0022400434,2024-12-28,2024-25,POR,DAL,1,0.33175918
0022400435,2024-12-28,2024-25,LAL,SAC,1,0.42211464
0022400436,2024-12-29,2024-25,ORL,BKN,1,0.7628827
0022400437,2024-12-29,2024-25,BOS,IND,0,0.8072954
0022400438,2024-12-29,2024-25,TOR,ATL,0,0.4641895
0022400439,2024-12-29,2024-25,HOU,MIA,0,0.76562357
0022400440,2024-12-29,2024-25,OKC,MEM,1,0.65618825
0022400441,2024-12-29,2024-25,MIN,SAS,1,0.6506485
0022400442,2024-12-30,2024-25,CHA,CHI,0,0.30154982
0022400443,2024-12-30,2024-25,WAS,NYK,0,0.15145214
0022400444,2024-12-30,2024-25,NOP,LAC,0,0.2773272
0022400445,2024-12-30,2024-25,UTA,DEN,0,0.21897537
0022400446,2024-12-30,2024-25,GSW,CLE,0,0.2748036
0022400447,2024-12-30,2024-25,POR,PHI,0,0.35924596
0022400448,2024-12-30,2024-25,SAC,DAL,1,0.74390876
0022400449,2024-12-31,2024-25,BOS,TOR,1,0.88852096
0022400450,2024-12-31,2024-25,IND,MIL,0,0.40492883
0022400451,2024-12-31,2024-25,SAS,LAC,1,0.6089956
0022400452,2024-12-31,2024-25,OKC,MIN,1,0.771017
0022400453,2024-12-31,2024-25,PHX,MEM,0,0.4270946
0022400454,2024-12-31,2024-25,LAL,CLE,0,0.37430435
0022400455,2025-01-01,2024-25,DET,ORL,1,0.54540324
0022400456,2025-01-01,2024-25,WAS,CHI,1,0.29600462
0022400457,2025-01-01,2024-25,MIA,NOP,1,0.81236523
0022400458,2025-01-01,2024-25,NYK,UTA,1,0.84832966
0022400459,2025-01-01,2024-25,TOR,BKN,1,0.57842976
0022400460,2025-01-01,2024-25,HOU,DAL,1,0.64504147
0022400461,2025-01-01,2024-25,DEN,ATL,1,0.73905003
0022400462,2025-01-01,2024-25,SAC,PHI,1,0.76104605
0022400463,2025-01-02,2024-25,MIA,IND,0,0.54930884
0022400464,2025-01-02,2024-25,MIN,BOS,0,0.37365437
0022400465,2025-01-02,2024-25,MIL,BKN,0,0.87311083
0022400466,2025-01-02,2024-25,OKC,LAC,1,0.8314444
0022400467,2025-01-02,2024-25,GSW,PHI,1,0.49645853
0022400468,2025-01-02,2024-25,LAL,POR,1,0.73850924
0022400469,2025-01-03,2024-25,DET,CHA,1,0.7594341
0022400470,2025-01-03,2024-25,TOR,ORL,0,0.51404303
0022400471,2025-01-03,2024-25,HOU,BOS,0,0.47838187
0022400472,2025-01-03,2024-25,NOP,WAS,1,0.6478419
0022400473,2025-01-03,2024-25,OKC,NYK,1,0.51874655
0022400474,2025-01-03,2024-25,DAL,CLE,0,0.2652902
0022400475,2025-01-03,2024-25,DEN,SAS,0,0.7457396
0022400476,2025-01-03,2024-25,SAC,MEM,1,0.49392903
0022400477,2025-01-03,2024-25,LAL,ATL,1,0.4600225
0022400478,2025-01-04,2024-25,BKN,PHI,0,0.25587216
0022400479,2025-01-04,2024-25,DET,MIN,1,0.36972886
0022400480,2025-01-04,2024-25,IND,PHX,1,0.59382683
0022400481,2025-01-04,2024-25,MIA,UTA,0,0.70409817
0022400482,2025-01-04,2024-25,CHI,NYK,1,0.37716457
0022400483,2025-01-04,2024-25,MIL,POR,0,0.8549662
0022400484,2025-01-04,2024-25,SAS,DEN,0,0.37689197
0022400485,2025-01-04,2024-25,GSW,MEM,1,0.35875618
0022400486,2025-01-04,2024-25,LAC,ATL,1,0.7345881
0022400487,2025-01-05,2024-25,OKC,BOS,1,0.58983755
0022400488,2025-01-05,2024-25,CLE,CHA,1,0.85929316
0022400489,2025-01-05,2024-25,WAS,NOP,0,0.42046854
0022400490,2025-01-05,2024-25,ORL,UTA,0,0.6989597
0022400491,2025-01-05,2024-25,HOU,LAL,1,0.60311395
0022400492,2025-01-05,2024-25,GSW,SAC,0,0.4254518
0022400493,2025-01-06,2024-25,DET,POR,1,0.72750825
0022400494,2025-01-06,2024-25,PHI,PHX,0,0.5314335
0022400495,2025-01-06,2024-25,BKN,IND,0,0.18563305
0022400496,2025-01-06,2024-25,NYK,ORL,0,0.84752
0022400497,2025-01-06,2024-25,TOR,MIL,0,0.33394745
0022400498,2025-01-06,2024-25,CHI,SAS,1,0.51032263
0022400499,2025-01-06,2024-25,MEM,DAL,1,0.6653403
0022400500,2025-01-06,2024-25,MIN,LAC,1,0.48418367
0022400501,2025-01-06,2024-25,SAC,MIA,1,0.5932227
0022400502,2025-01-07,2024-25,CHA,PHX,1,0.51556134
0022400503,2025-01-07,2024-25,WAS,HOU,0,0.25588584
0022400504,2025-01-07,2024-25,DAL,LAL,1,0.3944033
0022400505,2025-01-07,2024-25,NOP,MIN,0,0.53905016
0022400506,2025-01-07,2024-25,UTA,ATL,0,0.41375673
0022400507,2025-01-07,2024-25,DEN,BOS,0,0.36201626
0022400508,2025-01-07,2024-25,GSW,MIA,0,0.5567656
0022400509,2025-01-08,2024-25,CLE,OKC,1,0.5355864
0022400510,2025-01-08,2024-25,IND,CHI,1,0.5748583
0022400511,2025-01-08,2024-25,NYK,TOR,1,0.8160308
0022400512,2025-01-08,2024-25,PHI,WAS,1,0.8216055
0022400513,2025-01-08,2024-25,BKN,DET,0,0.24882877
0022400514,2025-01-08,2024-25,NOP,POR,0,0.58758104
0022400515,2025-01-08,2024-25,DEN,LAC,1,0.48894867
0022400516,2025-01-08,2024-25,MIL,SAS,1,0.721552
0022400517,2025-01-09,2024-25,CLE,TOR,1,0.8465951
0022400518,2025-01-09,2024-25,DET,GSW,0,0.6109893
0022400519,2025-01-09,2024-25,ORL,MIN,0,0.46332908
0022400520,2025-01-09,2024-25,MEM,HOU,0,0.7302954
0022400521,2025-01-09,2024-25,DAL,POR,1,0.77847046
0022400522,2025-01-09,2024-25,PHX,ATL,1,0.6019715
0022400523,2025-01-09,2024-25,UTA,MIA,0,0.40469444
0022400525,2025-01-10,2024-25,IND,GSW,1,0.87593293
0022400526,2025-01-10,2024-25,ORL,MIL,0,0.2934844
0022400527,2025-01-10,2024-25,PHI,NOP,0,0.77190727
0022400528,2025-01-10,2024-25,BOS,SAC,0,0.74267334
0022400529,2025-01-10,2024-25,NYK,OKC,0,0.45302492
0022400530,2025-01-10,2024-25,CHI,WAS,1,0.8284282
0022400531,2025-01-10,2024-25,DEN,BKN,1,0.9208631
0022400533,2025-01-11,2024-25,PHX,UTA,1,0.7179195
0022400534,2025-01-11,2024-25,DET,TOR,1,0.66002446
0022400535,2025-01-11,2024-25,MIN,MEM,0,0.38526884
0022400536,2025-01-11,2024-25,POR,MIA,0,0.33068886
0022400539,2025-01-12,2024-25,NYK,MIL,1,0.5807638
0022400540,2025-01-12,2024-25,DAL,DEN,0,0.30565572
0022400541,2025-01-12,2024-25,CHI,SAC,0,0.44428965
0022400542,2025-01-12,2024-25,BOS,NOP,1,0.8479845
0022400543,2025-01-12,2024-25,CLE,IND,0,0.7754532
0022400544,2025-01-12,2024-25,ORL,PHI,1,0.50541043
0022400545,2025-01-12,2024-25,WAS,OKC,0,0.12838896
0022400546,2025-01-12,2024-25,UTA,BKN,1,0.67584825
0022400547,2025-01-12,2024-25,PHX,CHA,1,0.6138335
0022400548,2025-01-13,2024-25,WAS,MIN,0,0.204352
0022400549,2025-01-13,2024-25,NYK,DET,0,0.76896936
0022400550,2025-01-13,2024-25,TOR,GSW,1,0.5782658
0022400551,2025-01-13,2024-25,HOU,MEM,1,0.4061816
0022400552,2025-01-13,2024-25,LAL,SAS,0,0.66532904
0022400553,2025-01-13,2024-25,LAC,MIA,1,0.6365961
0022400554,2025-01-14,2024-25,IND,CLE,0,0.29071513
0022400555,2025-01-14,2024-25,PHI,OKC,0,0.13856092
0022400556,2025-01-14,2024-25,ATL,PHX,1,0.4866386
0022400557,2025-01-14,2024-25,CHI,NOP,0,0.7316586
0022400558,2025-01-14,2024-25,MIL,SAC,1,0.58628714
0022400559,2025-01-14,2024-25,DAL,DEN,0,0.34945342
0022400560,2025-01-14,2024-25,POR,BKN,0,0.62270355
0022400561,2025-01-15,2024-25,PHI,NYK,0,0.30691054
0022400562,2025-01-15,2024-25,TOR,BOS,1,0.22558439
0022400563,2025-01-15,2024-25,CHI,ATL,0,0.7661481
0022400564,2025-01-15,2024-25,MIL,ORL,1,0.7485968
0022400565,2025-01-15,2024-25,MIN,GSW,0,0.8025045
0022400566,2025-01-15,2024-25,NOP,DAL,1,0.49656856
0022400567,2025-01-15,2024-25,SAS,MEM,0,0.35148728
0022400568,2025-01-15,2024-25,DEN,HOU,0,0.5276659
0022400569,2025-01-15,2024-25,UTA,CHA,0,0.3538996
0022400570,2025-01-15,2024-25,LAL,MIA,1,0.5548016
0022400571,2025-01-15,2024-25,LAC,BKN,1,0.87715894
0022400572,2025-01-16,2024-25,DET,IND,0,0.42050326
0022400573,2025-01-16,2024-25,WAS,PHX,0,0.22623326
0022400574,2025-01-16,2024-25,OKC,CLE,1,0.59804916
0022400575,2025-01-16,2024-25,POR,LAC,0,0.359245
0022400576,2025-01-16,2024-25,SAC,HOU,1,0.7214495
0022400577,2025-01-17,2024-25,BOS,ORL,1,0.84366214
0022400578,2025-01-17,2024-25,NYK,MIN,0,0.65658873
0022400579,2025-01-17,2024-25,MIA,DEN,0,0.3838374
0022400580,2025-01-17,2024-25,MIL,TOR,1,0.85239434
0022400581,2025-01-17,2024-25,NOP,UTA,1,0.6946182
0022400582,2025-01-17,2024-25,SAS,MEM,0,0.3854096
0022400583,2025-01-17,2024-25,DAL,OKC,1,0.39038482
0022400584,2025-01-17,2024-25,CHI,CHA,0,0.67209667
0022400585,2025-01-17,2024-25,LAL,BKN,1,0.8291225
0022400586,2025-01-18,2024-25,DET,PHX,0,0.43778482
0022400587,2025-01-18,2024-25,BOS,ATL,0,0.6297497
0022400588,2025-01-18,2024-25,IND,PHI,1,0.8011686
0022400589,2025-01-18,2024-25,GSW,WAS,1,0.75832874
0022400590,2025-01-18,2024-25,MIN,CLE,0,0.29415572
0022400591,2025-01-18,2024-25,POR,HOU,0,0.2601088
0022400592,2025-01-19,2024-25,MIA,SAS,1,0.6928226
0022400593,2025-01-19,2024-25,ORL,DEN,0,0.19462624
0022400594,2025-01-19,2024-25,MIL,PHI,1,0.83392745
0022400595,2025-01-19,2024-25,OKC,BKN,1,0.90829486
0022400596,2025-01-19,2024-25,LAC,LAL,1,0.60638475
0022400597,2025-01-19,2024-25,POR,CHI,1,0.2810661
0022400598,2025-01-19,2024-25,SAC,WAS,1,0.9077178
0022400599,2025-01-20,2024-25,CHA,DAL,1,0.49799037
0022400600,2025-01-20,2024-25,HOU,DET,0,0.76947874
0022400601,2025-01-20,2024-25,MEM,MIN,1,0.7247631
0022400602,2025-01-20,2024-25,NYK,ATL,1,0.6225818
0022400603,2025-01-20,2024-25,CLE,PHX,1,0.6949616
0022400604,2025-01-20,2024-25,GSW,BOS,0,0.24698004
0022400605,2025-01-20,2024-25,NOP,UTA,1,0.6986682
0022400611,2025-01-20,2024-25,LAC,CHI,0,0.5365137
0022400606,2025-01-21,2024-25,BKN,NYK,0,0.19632173
0022400607,2025-01-21,2024-25,MIA,POR,0,0.7859558
0022400608,2025-01-21,2024-25,TOR,ORL,1,0.4977135
0022400609,2025-01-21,2024-25,DEN,PHI,1,0.8435389
0022400610,2025-01-21,2024-25,LAL,WAS,1,0.8476704
0022400612,2025-01-22,2024-25,ATL,DET,0,0.7140855
0022400613,2025-01-22,2024-25,BKN,PHX,0,0.18025213
0022400614,2025-01-22,2024-25,DAL,MIN,0,0.48609614
0022400615,2025-01-22,2024-25,HOU,CLE,1,0.49379656
0022400616,2025-01-22,2024-25,MEM,CHA,1,0.7803577
0022400618,2025-01-22,2024-25,OKC,UTA,1,0.8716977
0022400619,2025-01-22,2024-25,SAC,GSW,1,0.8422654
0022400620,2025-01-22,2024-25,LAC,BOS,0,0.1824036
0022400622,2025-01-23,2024-25,ORL,POR,0,0.740501
0022400623,2025-01-23,2024-25,ATL,TOR,0,0.7632942
0022400624,2025-01-23,2024-25,MIL,MIA,1,0.74499327
0022400625,2025-01-23,2024-25,OKC,DAL,0,0.86820525
0022400626,2025-01-23,2024-25,DEN,SAC,1,0.75240433
0022400628,2025-01-23,2024-25,GSW,CHI,1,0.31664822
0022400629,2025-01-23,2024-25,LAL,BOS,1,0.49830815
0022400983,2025-01-23,2024-25,LAC,WAS,1,0.8422841
0022400630,2025-01-24,2024-25,CHA,POR,0,0.4414021
0022400631,2025-01-24,2024-25,PHI,CLE,1,0.35388306
0022400632,2025-01-24,2024-25,MEM,NOP,1,0.7535791
0022400634,2025-01-25,2024-25,MIN,DEN,1,0.2943509
0022400635,2025-01-25,2024-25,DAL,BOS,0,0.35195163
0022400636,2025-01-25,2024-25,BKN,MIA,0,0.26014158
0022400637,2025-01-25,2024-25,CHA,NOP,1,0.4883979
0022400638,2025-01-25,2024-25,ORL,DET,1,0.5319122
0022400639,2025-01-25,2024-25,ATL,TOR,0,0.68430346
0022400640,2025-01-25,2024-25,CLE,HOU,0,0.58313024
0022400641,2025-01-25,2024-25,NYK,SAC,1,0.5890736
0022400642,2025-01-25,2024-25,CHI,PHI,0,0.6944717
0022400643,2025-01-25,2024-25,MEM,UTA,1,0.8095225
0022400644,2025-01-25,2024-25,GSW,LAL,0,0.3245979
0022400645,2025-01-25,2024-25,PHX,WAS,1,0.8470459
0022400646,2025-01-25,2024-25,LAC,MIL,1,0.46897897
0022400647,2025-01-26,2024-25,POR,OKC,0,0.19244482
0022400648,2025-01-27,2024-25,CHA,LAL,0,0.39283735
0022400649,2025-01-27,2024-25,CLE,DET,1,0.77154076
0022400650,2025-01-27,2024-25,BOS,HOU,0,0.57060254
0022400651,2025-01-27,2024-25,BKN,SAC,0,0.18633193
0022400652,2025-01-27,2024-25,MIA,ORL,1,0.52853787
0022400653,2025-01-27,2024-25,NYK,MEM,1,0.54309857
0022400654,2025-01-27,2024-25,TOR,NOP,1,0.44404262
0022400655,2025-01-27,2024-25,CHI,DEN,1,0.24013188
0022400656,2025-01-27,2024-25,MIN,ATL,1,0.7899911
0022400657,2025-01-27,2024-25,DAL,WAS,1,0.7710833
0022400658,2025-01-27,2024-25,UTA,MIL,0,0.2077191
0022400659,2025-01-27,2024-25,PHX,LAC,1,0.54654926
0022400532,2025-01-28,2024-25,ATL,HOU,0,0.34561703
0022400660,2025-01-28,2024-25,PHI,LAL,1,0.38170892
0022400661,2025-01-28,2024-25,GSW,UTA,1,0.58802414
0022400662,2025-01-28,2024-25,POR,MIL,1,0.28662196
0022400663,2025-01-29,2024-25,CHA,BKN,0,0.6722338
0022400664,2025-01-29,2024-25,IND,DET,1,0.74340814
0022400665,2025-01-29,2024-25,WAS,TOR,0,0.38768074
0022400666,2025-01-29,2024-25,BOS,CHI,1,0.7844622
0022400667,2025-01-29,2024-25,MIA,CLE,0,0.43063435
0022400668,2025-01-29,2024-25,NYK,DEN,1,0.5190639
0022400669,2025-01-29,2024-25,PHI,SAC,1,0.27828106
0022400670,2025-01-29,2024-25,NOP,DAL,0,0.57131356
0022400671,2025-01-29,2024-25,SAS,LAC,0,0.41167817
0022400672,2025-01-29,2024-25,PHX,MIN,0,0.54907596
0022400673,2025-01-29,2024-25,GSW,OKC,1,0.16982703
0022400674,2025-01-30,2024-25,WAS,LAL,0,0.2049418
0022400675,2025-01-30,2024-25,CLE,ATL,1,0.78160894
0022400676,2025-01-30,2024-25,MEM,HOU,1,0.58151615
0022400677,2025-01-30,2024-25,UTA,MIN,0,0.3890788
0022400678,2025-01-30,2024-25,POR,ORL,1,0.4527642
0022400679,2025-01-31,2024-25,CHA,LAC,0,0.22532998
0022400680,2025-01-31,2024-25,DET,DAL,1,0.49701923
0022400681,2025-01-31,2024-25,PHI,DEN,0,0.2653172
0022400682,2025-01-31,2024-25,TOR,CHI,0,0.57605803
0022400683,2025-01-31,2024-25,NOP,BOS,0,0.27404106
0022400684,2025-01-31,2024-25,SAS,MIL,1,0.34469333
0022400685,2025-01-31,2024-25,GSW,PHX,0,0.44370285
0022400686,2025-02-01,2024-25,IND,ATL,1,0.8141468
0022400687,2025-02-01,2024-25,UTA,ORL,1,0.4596214
0022400688,2025-02-01,2024-25,CHA,DEN,0,0.14601475
0022400689,2025-02-01,2024-25,HOU,BKN,0,0.84643906
0022400690,2025-02-01,2024-25,MIN,WAS,0,0.85457265
0022400691,2025-02-01,2024-25,OKC,SAC,1,0.6850551
0022400692,2025-02-01,2024-25,NYK,LAL,0,0.7056894
0022400693,2025-02-01,2024-25,SAS,MIA,0,0.42552364
0022400694,2025-02-01,2024-25,POR,PHX,1,0.4910297
0022400695,2025-02-02,2024-25,DET,CHI,1,0.6116173
0022400696,2025-02-02,2024-25,CLE,DAL,1,0.8734462
0022400697,2025-02-02,2024-25,TOR,LAC,1,0.32481906
0022400698,2025-02-02,2024-25,PHI,BOS,0,0.3295592
0022400699,2025-02-02,2024-25,MIL,MEM,0,0.6639239
0022400700,2025-02-03,2024-25,CHA,WAS,0,0.71354073
0022400701,2025-02-03,2024-25,DET,ATL,0,0.613902
0022400702,2025-02-03,2024-25,NYK,HOU,1,0.76289254
0022400703,2025-02-03,2024-25,MEM,SAS,1,0.5929415
0022400704,2025-02-03,2024-25,MIN,SAC,0,0.57151514
0022400705,2025-02-03,2024-25,OKC,MIL,1,0.8707726
0022400706,2025-02-03,2024-25,DEN,NOP,1,0.8243826
0022400707,2025-02-03,2024-25,UTA,IND,0,0.29401323
0022400708,2025-02-03,2024-25,GSW,ORL,1,0.5590106
0022400709,2025-02-03,2024-25,POR,PHX,1,0.5077537
0022400710,2025-02-04,2024-25,CLE,BOS,0,0.64110416
0022400711,2025-02-04,2024-25,BKN,HOU,1,0.26627594
0022400712,2025-02-04,2024-25,PHI,DAL,1,0.6530945
0022400713,2025-02-04,2024-25,TOR,NYK,0,0.26617724
0022400714,2025-02-04,2024-25,CHI,MIA,1,0.5120173
0022400715,2025-02-04,2024-25,LAC,LAL,0,0.5519822
0022400716,2025-02-04,2024-25,POR,IND,1,0.30598226
0022400717,2025-02-05,2024-25,CHA,MIL,0,0.33281562
0022400718,2025-02-05,2024-25,DET,CLE,0,0.44384146
0022400719,2025-02-05,2024-25,ATL,SAS,0,0.39205322
0022400720,2025-02-05,2024-25,BKN,WAS,0,0.5962917
0022400721,2025-02-05,2024-25,PHI,MIA,0,0.656158
0022400722,2025-02-05,2024-25,TOR,MEM,0,0.24401681
0022400723,2025-02-05,2024-25,MIN,CHI,1,0.76300824
0022400724,2025-02-05,2024-25,OKC,PHX,1,0.84656614
0022400725,2025-02-05,2024-25,UTA,GSW,1,0.55155283
0022400726,2025-02-05,2024-25,DEN,NOP,1,0.81668097
0022400727,2025-02-05,2024-25,SAC,ORL,0,0.8039585
0022400728,2025-02-06,2024-25,BOS,DAL,0,0.7736866
0022400729,2025-02-06,2024-25,MIN,HOU,1,0.5808429
0022400730,2025-02-06,2024-25,DEN,ORL,1,0.8386244
0022400731,2025-02-06,2024-25,LAL,GSW,1,0.8548773
0022400732,2025-02-06,2024-25,POR,SAC,1,0.48829406
0022400733,2025-02-06,2024-25,LAC,IND,0,0.5027007
0022400734,2025-02-07,2024-25,CHA,SAS,1,0.36146495
0022400735,2025-02-07,2024-25,WAS,CLE,0,0.17469239
0022400736,2025-02-07,2024-25,ATL,MIL,1,0.439684
0022400737,2025-02-07,2024-25,BKN,MIA,1,0.3623343
0022400738,2025-02-07,2024-25,DET,PHI,1,0.42311412
0022400739,2025-02-07,2024-25,OKC,TOR,1,0.9153224
0022400740,2025-02-07,2024-25,PHX,UTA,1,0.6477354
0022400741,2025-02-08,2024-25,DAL,HOU,1,0.591277
0022400742,2025-02-08,2024-25,LAL,IND,1,0.40042648
0022400743,2025-02-08,2024-25,ORL,SAS,1,0.4731823
0022400744,2025-02-08,2024-25,WAS,ATL,0,0.350124
0022400745,2025-02-08,2024-25,CHI,GSW,0,0.46149284
0022400746,2025-02-08,2024-25,MEM,OKC,0,0.46942458
0022400747,2025-02-08,2024-25,MIN,POR,1,0.5970639
0022400748,2025-02-08,2024-25,NYK,BOS,0,0.59632
0022400749,2025-02-08,2024-25,PHX,DEN,0,0.21434532
0022400750,2025-02-08,2024-25,SAC,NOP,1,0.7507473
0022400751,2025-02-08,2024-25,LAC,UTA,1,0.864868
0022400752,2025-02-09,2024-25,DET,CHA,1,0.8319888
0022400753,2025-02-09,2024-25,HOU,TOR,1,0.7222472
0022400754,2025-02-09,2024-25,MIL,PHI,1,0.45313358
0022400755,2025-02-10,2024-25,CLE,MIN,1,0.64548355
0022400756,2025-02-10,2024-25,ORL,ATL,0,0.567683
0022400757,2025-02-10,2024-25,WAS,SAS,0,0.2904703
0022400758,2025-02-10,2024-25,BKN,CHA,1,0.47655728
0022400759,2025-02-10,2024-25,MIA,BOS,0,0.28943047
0022400760,2025-02-10,2024-25,MIL,GSW,0,0.4788085
0022400761,2025-02-10,2024-25,OKC,NOP,1,0.89110523
0022400762,2025-02-10,2024-25,DAL,SAC,0,0.39293683
0022400763,2025-02-10,2024-25,DEN,POR,1,0.8069688
0022400768,2025-02-10,2024-25,LAL,UTA,1,0.86324614
0022400764,2025-02-11,2024-25,PHI,TOR,0,0.81540865
0022400765,2025-02-11,2024-25,IND,NYK,0,0.5096248
0022400766,2025-02-11,2024-25,CHI,DET,0,0.336007
0022400767,2025-02-11,2024-25,PHX,MEM,0,0.41759914
0022400769,2025-02-12,2024-25,BOS,SAS,1,0.64603275
0022400770,2025-02-12,2024-25,ORL,CHA,1,0.7137703
0022400771,2025-02-12,2024-25,WAS,IND,0,0.25428408
0022400772,2025-02-12,2024-25,BKN,PHI,1,0.5906683
0022400773,2025-02-12,2024-25,NYK,ATL,1,0.74661756
0022400774,2025-02-12,2024-25,TOR,CLE,0,0.2324679
0022400775,2025-02-12,2024-25,CHI,DET,0,0.2413864
0022400776,2025-02-12,2024-25,MIN,MIL,0,0.78476375
0022400777,2025-02-12,2024-25,NOP,SAC,0,0.34425354
0022400778,2025-02-12,2024-25,OKC,MIA,1,0.8755807
0022400779,2025-02-12,2024-25,HOU,PHX,1,0.72491014
0022400780,2025-02-12,2024-25,DEN,POR,1,0.8199616
0022400781,2025-02-12,2024-25,UTA,LAL,1,0.20894307
0022400782,2025-02-12,2024-25,DAL,GSW,1,0.37400147
0022400783,2025-02-12,2024-25,LAC,MEM,1,0.6462549
0022400784,2025-02-13,2024-25,HOU,GSW,0,0.5044013
0022400785,2025-02-13,2024-25,NOP,SAC,1,0.2570762
0022400786,2025-02-13,2024-25,DAL,MIA,1,0.47601238
0022400787,2025-02-13,2024-25,MIN,OKC,1,0.26322627
0022401004,2025-02-13,2024-25,UTA,LAC,0,0.26778802
0022400524,2025-02-19,2024-25,LAL,CHA,0,0.8608785
0022400788,2025-02-20,2024-25,IND,MEM,1,0.56122315
0022400789,2025-02-20,2024-25,PHI,BOS,0,0.40068653
0022400790,2025-02-20,2024-25,ATL,ORL,0,0.5292973
0022400791,2025-02-20,2024-25,BKN,CLE,0,0.17836013
0022400792,2025-02-20,2024-25,NYK,CHI,1,0.82278436
0022400793,2025-02-20,2024-25,MIL,LAC,1,0.5633359
0022400794,2025-02-20,2024-25,DEN,CHA,1,0.944949
0022400795,2025-02-20,2024-25,SAS,PHX,1,0.49600318
0022400796,2025-02-20,2024-25,POR,LAL,0,0.49531317
0022400797,2025-02-21,2024-25,CLE,NYK,1,0.7259592
0022400798,2025-02-21,2024-25,ORL,MEM,0,0.35338676
0022400799,2025-02-21,2024-25,WAS,MIL,0,0.47357348
0022400800,2025-02-21,2024-25,TOR,MIA,0,0.5004347
0022400801,2025-02-21,2024-25,HOU,MIN,1,0.4299492
0022400802,2025-02-21,2024-25,SAS,DET,0,0.29062402
0022400803,2025-02-21,2024-25,DAL,NOP,1,0.6362885
0022400804,2025-02-21,2024-25,UTA,OKC,0,0.15276925
0022400805,2025-02-21,2024-25,SAC,GSW,0,0.64325404
0022400806,2025-02-22,2024-25,CHI,PHX,0,0.3078073
0022400807,2025-02-22,2024-25,PHI,BKN,0,0.76998234
0022400808,2025-02-22,2024-25,DEN,LAL,0,0.6506528
0022400809,2025-02-22,2024-25,UTA,HOU,1,0.37212446
0022400810,2025-02-22,2024-25,POR,CHA,1,0.641181
0022400811,2025-02-23,2024-25,BOS,NYK,1,0.66790503
0022400812,2025-02-23,2024-25,GSW,DAL,1,0.67546976
0022400813,2025-02-23,2024-25,IND,LAC,1,0.7123767
0022400814,2025-02-23,2024-25,ATL,DET,0,0.34433565
0022400815,2025-02-23,2024-25,ORL,WAS,1,0.7651235
0022400816,2025-02-23,2024-25,TOR,PHX,1,0.39941615
0022400817,2025-02-23,2024-25,MIL,MIA,1,0.68378794
0022400818,2025-02-23,2024-25,NOP,SAS,1,0.47967064
0022400819,2025-02-23,2024-25,CLE,MEM,1,0.6892759
0022400820,2025-02-23,2024-25,MIN,OKC,0,0.27924913
0022400821,2025-02-24,2024-25,DET,LAC,1,0.73133385
0022400822,2025-02-24,2024-25,IND,DEN,0,0.37739202
0022400823,2025-02-24,2024-25,PHI,CHI,0,0.7014352
0022400824,2025-02-24,2024-25,WAS,BKN,1,0.51482624
0022400825,2025-02-24,2024-25,ATL,MIA,1,0.580428
0022400826,2025-02-24,2024-25,OKC,MIN,0,0.8347308
0022400827,2025-02-24,2024-25,UTA,POR,0,0.2833073
0022400828,2025-02-24,2024-25,SAC,CHA,1,0.81925946
0022400829,2025-02-25,2024-25,TOR,BOS,0,0.31136948
0022400830,2025-02-25,2024-25,ORL,CLE,0,0.2833162
0022400831,2025-02-25,2024-25,HOU,MIL,1,0.41371843
0022400832,2025-02-25,2024-25,MEM,PHX,1,0.61887306
0022400833,2025-02-25,2024-25,NOP,SAS,1,0.5309413
0022400834,2025-02-25,2024-25,GSW,CHA,1,0.8934276
0022400835,2025-02-25,2024-25,LAL,DAL,1,0.8184364
0022400836,2025-02-26,2024-25,DET,BOS,1,0.6353559
0022400837,2025-02-26,2024-25,IND,TOR,1,0.83260596
0022400838,2025-02-26,2024-25,NYK,PHI,1,0.71365607
0022400839,2025-02-26,2024-25,WAS,POR,0,0.34405708
0022400840,2025-02-26,2024-25,BKN,OKC,0,0.14728147
0022400841,2025-02-26,2024-25,MIA,ATL,1,0.48517814
0022400842,2025-02-26,2024-25,CHI,LAC,0,0.33447087
0022400843,2025-02-26,2024-25,UTA,SAC,0,0.28672433
0022400844,2025-02-26,2024-25,HOU,SAS,1,0.61585975
0022400845,2025-02-27,2024-25,ORL,GSW,0,0.28533727
0022400846,2025-02-27,2024-25,MIL,DEN,1,0.36669874
0022400847,2025-02-27,2024-25,DAL,CHA,1,0.8133603
0022400848,2025-02-27,2024-25,PHX,NOP,0,0.6866304
0022400849,2025-02-27,2024-25,LAL,MIN,1,0.7386076
0022400850,2025-02-28,2024-25,DET,DEN,0,0.62370753
0022400851,2025-02-28,2024-25,ATL,OKC,0,0.20981444
0022400852,2025-02-28,2024-25,BOS,CLE,0,0.44547608
0022400853,2025-02-28,2024-25,BKN,POR,0,0.44073397
0022400854,2025-02-28,2024-25,MIA,IND,1,0.34377897
0022400855,2025-02-28,2024-25,CHI,TOR,1,0.5391724
0022400856,2025-02-28,2024-25,MEM,NYK,0,0.64286435
0022400857,2025-02-28,2024-25,PHX,NOP,1,0.75480616
0022400858,2025-02-28,2024-25,UTA,MIN,1,0.459259
0022400859,2025-02-28,2024-25,LAL,LAC,1,0.67271143
0022400860,2025-03-01,2024-25,CHA,WAS,0,0.4682238
0022400861,2025-03-01,2024-25,DET,BKN,1,0.84234786
0022400862,2025-03-01,2024-25,HOU,SAC,0,0.532658
0022400863,2025-03-01,2024-25,MEM,SAS,0,0.5744362
0022400864,2025-03-01,2024-25,PHI,GSW,1,0.348155
0022400865,2025-03-01,2024-25,DAL,MIL,0,0.44141555
0022400866,2025-03-02,2024-25,BOS,DEN,1,0.50549376
0022400867,2025-03-02,2024-25,CLE,POR,1,0.7462075
0022400868,2025-03-02,2024-25,IND,CHI,1,0.8202841
0022400869,2025-03-02,2024-25,MIA,NYK,0,0.37907815
0022400870,2025-03-02,2024-25,ORL,TOR,0,0.5870977
0022400871,2025-03-02,2024-25,SAS,OKC,0,0.14766164
0022400872,2025-03-02,2024-25,UTA,NOP,0,0.31533298
0022400873,2025-03-02,2024-25,PHX,MIN,0,0.44782448
0022400874,2025-03-02,2024-25,LAL,LAC,1,0.6951163
0022400875,2025-03-03,2024-25,CHA,GSW,0,0.1736399
0022400876,2025-03-03,2024-25,PHI,POR,0,0.37147248
0022400877,2025-03-03,2024-25,MIA,WAS,1,0.6024035
0022400878,2025-03-03,2024-25,MEM,ATL,0,0.67648995
0022400879,2025-03-03,2024-25,OKC,HOU,1,0.93278766
0022400880,2025-03-03,2024-25,DAL,SAC,0,0.48742172
0022400881,2025-03-03,2024-25,UTA,DET,0,0.21911725
0022400882,2025-03-04,2024-25,IND,HOU,1,0.79144174
0022400883,2025-03-04,2024-25,ORL,TOR,0,0.5365023
0022400884,2025-03-04,2024-25,ATL,MIL,0,0.31116548
0022400885,2025-03-04,2024-25,NYK,GSW,0,0.46620587
0022400886,2025-03-04,2024-25,CHI,CLE,0,0.1333392
0022400887,2025-03-04,2024-25,MIN,PHI,1,0.8696829
0022400888,2025-03-04,2024-25,SAS,BKN,1,0.5089701
0022400889,2025-03-04,2024-25,PHX,LAC,1,0.5620846
0022400890,2025-03-04,2024-25,LAL,NOP,1,0.78358805
0022400891,2025-03-05,2024-25,BOS,POR,1,0.5765785
0022400892,2025-03-05,2024-25,CHA,MIN,0,0.18260036
0022400893,2025-03-05,2024-25,CLE,MIA,1,0.8576117
0022400894,2025-03-05,2024-25,WAS,UTA,1,0.7120282
0022400895,2025-03-05,2024-25,MEM,OKC,0,0.25832367
0022400896,2025-03-05,2024-25,DEN,SAC,1,0.7947973
0022400897,2025-03-05,2024-25,MIL,DAL,1,0.7767888
0022400898,2025-03-05,2024-25,LAC,DET,1,0.2876849
0022400899,2025-03-06,2024-25,ATL,IND,1,0.47802126
0022400900,2025-03-06,2024-25,BOS,PHI,1,0.7998429
0022400901,2025-03-06,2024-25,BKN,GSW,0,0.25572124
0022400902,2025-03-06,2024-25,NOP,HOU,0,0.5888385
0022400903,2025-03-06,2024-25,LAL,NYK,1,0.75344294
0022400944,2025-03-06,2024-25,ORL,CHI,0,0.6824866
0022400904,2025-03-07,2024-25,CHA,CLE,0,0.120434836
0022400905,2025-03-07,2024-25,TOR,UTA,1,0.5221308
0022400906,2025-03-07,2024-25,DAL,MEM,0,0.34717464
0022400907,2025-03-07,2024-25,MIA,MIN,0,0.3061465
0022400908,2025-03-07,2024-25,OKC,POR,1,0.6443512
0022400909,2025-03-07,2024-25,DEN,PHX,1,0.78945124
0022400910,2025-03-07,2024-25,SAC,SAS,1,0.6787208
0022400911,2025-03-07,2024-25,LAC,NYK,1,0.7010793
0022400912,2025-03-08,2024-25,CHA,BKN,1,0.26319864
0022400913,2025-03-08,2024-25,HOU,NOP,1,0.62919986
0022400914,2025-03-08,2024-25,ATL,IND,1,0.5519857
0022400915,2025-03-08,2024-25,TOR,WAS,0,0.6116445
0022400916,2025-03-08,2024-25,MIA,CHI,0,0.745762
0022400917,2025-03-08,2024-25,MIL,ORL,0,0.81782174
0022400918,2025-03-08,2024-25,BOS,LAL,1,0.4898769
0022400919,2025-03-08,2024-25,GSW,DET,1,0.58399516
0022400920,2025-03-09,2024-25,OKC,DEN,1,0.7505965
0022400921,2025-03-09,2024-25,DAL,PHX,0,0.3855369
0022400922,2025-03-09,2024-25,MIL,CLE,0,0.30394563
0022400923,2025-03-09,2024-25,NOP,MEM,0,0.24082273
0022400924,2025-03-09,2024-25,PHI,UTA,1,0.61350113
0022400925,2025-03-09,2024-25,MIN,SAS,1,0.84501094
0022400926,2025-03-09,2024-25,POR,DET,0,0.50774676
0022400927,2025-03-09,2024-25,LAC,SAC,1,0.6614608
0022400928,2025-03-10,2024-25,ATL,PHI,1,0.7848407
0022400929,2025-03-10,2024-25,BOS,UTA,1,0.84022164
0022400930,2025-03-10,2024-25,BKN,LAL,1,0.26828954
0022400931,2025-03-10,2024-25,MIA,CHA,0,0.79709476
0022400932,2025-03-10,2024-25,TOR,WAS,1,0.68877554
0022400933,2025-03-10,2024-25,CHI,IND,1,0.37318182
0022400934,2025-03-10,2024-25,HOU,ORL,1,0.6336561
0022400935,2025-03-10,2024-25,MEM,PHX,1,0.5763988
0022400936,2025-03-10,2024-25,OKC,DEN,0,0.7434884
0022400937,2025-03-10,2024-25,SAS,DAL,0,0.56107855
0022400938,2025-03-10,2024-25,GSW,POR,1,0.7837588
0022400939,2025-03-10,2024-25,SAC,NYK,0,0.61994
0022400940,2025-03-11,2024-25,CLE,BKN,1,0.86836076
0022400941,2025-03-11,2024-25,DET,WAS,1,0.86140054
0022400942,2025-03-11,2024-25,IND,MIL,1,0.46433502
0022400943,2025-03-11,2024-25,NOP,LAC,1,0.3162173
0022400945,2025-03-12,2024-25,ATL,CHA,1,0.7917909
0022400946,2025-03-12,2024-25,BOS,OKC,0,0.42371017
0022400947,2025-03-12,2024-25,TOR,PHI,1,0.47538814
0022400948,2025-03-12,2024-25,MIA,LAC,0,0.64775395
0022400949,2025-03-12,2024-25,HOU,PHX,1,0.57298005
0022400950,2025-03-12,2024-25,MEM,UTA,1,0.7529618
0022400951,2025-03-12,2024-25,SAS,DAL,1,0.549212
0022400952,2025-03-12,2024-25,DEN,MIN,0,0.52925366
0022400953,2025-03-12,2024-25,POR,NYK,0,0.62401783
0022400954,2025-03-13,2024-25,DET,WAS,0,0.83533144
0022400955,2025-03-13,2024-25,MIL,LAL,1,0.4662896
0022400956,2025-03-13,2024-25,CHI,BKN,1,0.40867075
0022400957,2025-03-13,2024-25,GSW,SAC,1,0.740119
0022401141,2025-03-13,2024-25,NOP,ORL,0,0.5938983
0022400958,2025-03-14,2024-25,MIA,BOS,0,0.41633976
0022400959,2025-03-14,2024-25,PHI,IND,0,0.25142238
0022400960,2025-03-14,2024-25,ATL,LAC,0,0.5522919
0022400961,2025-03-14,2024-25,HOU,DAL,1,0.7562862
0022400962,2025-03-14,2024-25,MEM,CLE,0,0.4123872
0022400963,2025-03-14,2024-25,MIN,ORL,1,0.8858494
0022400964,2025-03-14,2024-25,SAS,CHA,0,0.6350169
0022400965,2025-03-14,2024-25,DEN,LAL,1,0.8902238
0022400966,2025-03-14,2024-25,UTA,TOR,0,0.417677
0022400967,2025-03-14,2024-25,PHX,SAC,1,0.586743
0022400968,2025-03-15,2024-25,BKN,BOS,0,0.3136162
0022400969,2025-03-15,2024-25,DET,OKC,0,0.44566557
0022400970,2025-03-15,2024-25,HOU,CHI,1,0.77275836
0022400971,2025-03-15,2024-25,MEM,MIA,1,0.56952435
0022400972,2025-03-15,2024-25,MIL,IND,1,0.65242803
0022400973,2025-03-15,2024-25,SAS,NOP,1,0.5566689
0022400974,2025-03-15,2024-25,GSW,NYK,1,0.76630086
0022400975,2025-03-15,2024-25,DEN,WAS,0,0.8305282
0022400538,2025-03-16,2024-25,LAC,CHA,1,0.8079017
0022400976,2025-03-16,2024-25,DAL,PHI,0,0.6600735
0022400977,2025-03-16,2024-25,LAL,PHX,1,0.77561074
0022400978,2025-03-16,2024-25,BKN,ATL,1,0.32542828
0022400979,2025-03-16,2024-25,CLE,ORL,0,0.8529021
0022400980,2025-03-16,2024-25,POR,TOR,1,0.7548375
0022400981,2025-03-16,2024-25,MIN,UTA,1,0.86030185
0022400982,2025-03-16,2024-25,MIL,OKC,0,0.332051
0022400537,2025-03-17,2024-25,LAL,SAS,1,0.8136754
0022400984,2025-03-17,2024-25,NYK,MIA,1,0.6122789
0022400985,2025-03-17,2024-25,HOU,PHI,1,0.86199623
0022400986,2025-03-17,2024-25,MIN,IND,0,0.9005755
0022400987,2025-03-17,2024-25,NOP,DET,0,0.26171875
0022400989,2025-03-17,2024-25,UTA,CHI,0,0.51280135
0022400990,2025-03-17,2024-25,GSW,DEN,0,0.8381779
0022400991,2025-03-17,2024-25,PHX,TOR,1,0.687295
0022400992,2025-03-17,2024-25,SAC,MEM,1,0.56621134
0022400995,2025-03-17,2024-25,POR,WAS,1,0.6243671
0022400993,2025-03-18,2024-25,CHA,ATL,0,0.20043808
0022400994,2025-03-18,2024-25,BOS,BKN,1,0.7724257
0022400997,2025-03-18,2024-25,LAC,CLE,1,0.39102253
0022401012,2025-03-18,2024-25,GSW,MIL,1,0.52056867
0022400627,2025-03-19,2024-25,UTA,WAS,1,0.6440665
0022400998,2025-03-19,2024-25,IND,DAL,1,0.72073424
0022400999,2025-03-19,2024-25,ORL,HOU,0,0.36843303
0022401000,2025-03-19,2024-25,MIA,DET,0,0.28012344
0022401001,2025-03-19,2024-25,MIN,NOP,0,0.8834708
0022401002,2025-03-19,2024-25,OKC,PHI,1,0.8408016
0022401003,2025-03-19,2024-25,SAS,NYK,1,0.38521612
0022401006,2025-03-19,2024-25,LAL,DEN,1,0.74095374
0022401007,2025-03-19,2024-25,PHX,CHI,1,0.6549601
0022401008,2025-03-19,2024-25,POR,MEM,1,0.5103063
0022401009,2025-03-19,2024-25,SAC,CLE,1,0.36248708
0022400996,2025-03-20,2024-25,LAL,MIL,0,0.23482089
0022401005,2025-03-20,2024-25,GSW,TOR,1,0.8856133
0022401010,2025-03-20,2024-25,CHA,NYK,1,0.3368464
0022401011,2025-03-20,2024-25,IND,BKN,1,0.6421694
0022401013,2025-03-20,2024-25,SAC,CHI,0,0.76442814
0022401014,2025-03-21,2024-25,WAS,ORL,0,0.45461398
0022401015,2025-03-21,2024-25,MIA,HOU,0,0.3048628
0022401016,2025-03-21,2024-25,MIN,NOP,1,0.9067244
0022401017,2025-03-21,2024-25,OKC,CHA,1,0.9465962
0022401018,2025-03-21,2024-25,SAS,PHI,1,0.7410886
0022401019,2025-03-21,2024-25,DAL,DET,1,0.23694159
0022401020,2025-03-21,2024-25,UTA,BOS,0,0.2356596
0022401021,2025-03-21,2024-25,PHX,CLE,1,0.3382679
0022401022,2025-03-21,2024-25,POR,DEN,1,0.38971782
0022401023,2025-03-21,2024-25,LAC,MEM,1,0.7173547
0022401024,2025-03-22,2024-25,IND,BKN,1,0.7831188
0022401025,2025-03-22,2024-25,ATL,GSW,1,0.41372195
0022401026,2025-03-22,2024-25,NYK,WAS,1,0.75810105
0022401027,2025-03-22,2024-25,SAC,MIL,0,0.40468374
0022401028,2025-03-22,2024-25,LAL,CHI,0,0.8094219
0022401029,2025-03-23,2024-25,DET,NOP,1,0.88700205
0022401030,2025-03-23,2024-25,UTA,CLE,0,0.18468405
0022401031,2025-03-23,2024-25,ATL,PHI,1,0.83328205
0022401032,2025-03-23,2024-25,MIA,CHA,1,0.7804302
0022401033,2025-03-23,2024-25,TOR,SAS,0,0.43637514
0022401034,2025-03-23,2024-25,POR,BOS,0,0.38812408
0022401035,2025-03-23,2024-25,HOU,DEN,0,0.6931655
0022401036,2025-03-23,2024-25,LAC,OKC,0,0.43776226
0022401037,2025-03-24,2024-25,IND,MIN,1,0.3740151
0022401038,2025-03-24,2024-25,ORL,LAL,1,0.35685563
0022401039,2025-03-24,2024-25,WAS,TOR,0,0.65805966
0022401040,2025-03-24,2024-25,BKN,DAL,0,0.44781947
0022401041,2025-03-24,2024-25,NOP,PHI,1,0.53306264
0022401042,2025-03-24,2024-25,DEN,CHI,0,0.50698763
0022401043,2025-03-24,2024-25,PHX,MIL,1,0.4244091
0022401044,2025-03-24,2024-25,SAC,BOS,0,0.43332496
0022401045,2025-03-25,2024-25,CHA,ORL,0,0.32420713
0022401046,2025-03-25,2024-25,DET,SAS,1,0.7854746
0022401047,2025-03-25,2024-25,MIA,GSW,1,0.307367
0022401048,2025-03-25,2024-25,NYK,DAL,1,0.7377263
0022401049,2025-03-25,2024-25,HOU,ATL,1,0.61572576
0022401050,2025-03-25,2024-25,UTA,MEM,0,0.32145566
0022401051,2025-03-25,2024-25,POR,CLE,0,0.3662385
0022401052,2025-03-25,2024-25,SAC,OKC,0,0.25705445
0022401053,2025-03-26,2024-25,PHI,WAS,0,0.55289036
0022401054,2025-03-26,2024-25,BKN,TOR,0,0.63243777
0022401055,2025-03-26,2024-25,IND,LAL,0,0.48999828
0022401056,2025-03-26,2024-25,NYK,LAC,0,0.30126375
0022401057,2025-03-26,2024-25,DEN,MIL,1,0.7333255
0022401058,2025-03-26,2024-25,PHX,BOS,0,0.3549653
0022401059,2025-03-27,2024-25,CLE,SAS,1,0.858586
0022401060,2025-03-27,2024-25,ORL,DAL,0,0.6623424
0022401061,2025-03-27,2024-25,WAS,IND,0,0.22666782
0022401062,2025-03-27,2024-25,MIA,ATL,1,0.4427194
0022401063,2025-03-27,2024-25,CHI,LAL,1,0.5262193
0022401064,2025-03-27,2024-25,OKC,MEM,1,0.83586454
0022401065,2025-03-27,2024-25,UTA,HOU,0,0.20344909
0022401066,2025-03-27,2024-25,SAC,POR,1,0.60583955
0022401067,2025-03-28,2024-25,DET,CLE,1,0.4761923
0022401068,2025-03-28,2024-25,BKN,LAC,0,0.23559661
0022401069,2025-03-28,2024-25,TOR,CHA,1,0.79014015
0022401070,2025-03-28,2024-25,MIL,NYK,0,0.7015056
0022401071,2025-03-28,2024-25,MIN,PHX,1,0.8089553
0022401072,2025-03-28,2024-25,NOP,GSW,0,0.13792427
0022401073,2025-03-28,2024-25,DEN,UTA,1,0.88589853
0022401074,2025-03-29,2024-25,ORL,SAC,1,0.5308975
0022401075,2025-03-29,2024-25,WAS,BKN,0,0.5942548
0022401076,2025-03-29,2024-25,PHI,MIA,0,0.25230983
0022401077,2025-03-29,2024-25,CHI,DAL,0,0.73129195
0022401078,2025-03-29,2024-25,MEM,LAL,0,0.42495304
0022401079,2025-03-29,2024-25,OKC,IND,1,0.74841475
0022401080,2025-03-29,2024-25,SAS,BOS,0,0.19344199
0022401081,2025-03-30,2024-25,CLE,LAC,1,0.57854337
0022401082,2025-03-30,2024-25,NYK,POR,1,0.5800165
0022401083,2025-03-30,2024-25,MIL,ATL,0,0.5289362
0022401084,2025-03-30,2024-25,MIN,DET,1,0.73550504
0022401085,2025-03-30,2024-25,NOP,CHA,1,0.55356145
0022401086,2025-03-30,2024-25,SAS,GSW,0,0.19183849
0022401087,2025-03-30,2024-25,PHI,TOR,0,0.25387588
0022401088,2025-03-30,2024-25,PHX,HOU,0,0.3672973
0022401089,2025-03-31,2024-25,CHA,UTA,1,0.5597846
0022401090,2025-03-31,2024-25,IND,SAC,1,0.62788594
0022401091,2025-03-31,2024-25,ORL,LAC,0,0.3743121
0022401092,2025-03-31,2024-25,WAS,MIA,0,0.29111946
0022401093,2025-03-31,2024-25,MEM,BOS,0,0.3626127
0022401094,2025-03-31,2024-25,OKC,CHI,1,0.79577476
0022401095,2025-03-31,2024-25,DAL,BKN,0,0.8534146
0022401096,2025-03-31,2024-25,LAL,HOU,1,0.61193484
0022400988,2025-04-01,2024-25,SAS,ORL,0,0.39941573
0022401097,2025-04-01,2024-25,ATL,POR,0,0.6796347
0022401098,2025-04-01,2024-25,NYK,PHI,1,0.8427895
0022401099,2025-04-01,2024-25,CHI,TOR,1,0.6789993
0022401100,2025-04-01,2024-25,MEM,GSW,0,0.2657807
0022401101,2025-04-01,2024-25,MIL,PHX,1,0.79688567
0022401102,2025-04-01,2024-25,DEN,MIN,0,0.47267428
0022401103,2025-04-02,2024-25,CLE,NYK,1,0.7939848
0022401104,2025-04-02,2024-25,IND,CHA,1,0.8636987
0022401105,2025-04-02,2024-25,WAS,SAC,1,0.23467852
0022401106,2025-04-02,2024-25,BOS,MIA,0,0.7683092
0022401107,2025-04-02,2024-25,HOU,UTA,1,0.88088715
0022401108,2025-04-02,2024-25,OKC,DET,1,0.79379416
0022401109,2025-04-02,2024-25,DAL,ATL,1,0.52549934
0022401110,2025-04-02,2024-25,DEN,SAS,0,0.38680902
0022401111,2025-04-02,2024-25,LAC,NOP,1,0.9238396
0022401112,2025-04-03,2024-25,WAS,ORL,0,0.17341192
0022401113,2025-04-03,2024-25,BKN,MIN,0,0.11642195
0022401114,2025-04-03,2024-25,MIA,MEM,0,0.5221013
0022401115,2025-04-03,2024-25,PHI,MIL,0,0.2002089
0022401116,2025-04-03,2024-25,TOR,POR,0,0.41435283
0022401117,2025-04-03,2024-25,LAL,GSW,0,0.5388239
0022401118,2025-04-04,2024-25,CHA,SAC,0,0.2537822
0022401119,2025-04-04,2024-25,IND,UTA,1,0.88386613
0022401120,2025-04-04,2024-25,BOS,PHX,1,0.8751054
0022401121,2025-04-04,2024-25,TOR,DET,0,0.4033178
0022401122,2025-04-04,2024-25,CHI,POR,1,0.73663974
0022401123,2025-04-04,2024-25,HOU,OKC,1,0.38747546
0022401124,2025-04-04,2024-25,SAS,CLE,0,0.22308424
0022401125,2025-04-04,2024-25,GSW,DEN,1,0.694668
0022401126,2025-04-04,2024-25,LAL,NOP,1,0.9064474
0022401127,2025-04-04,2024-25,LAC,DAL,1,0.8651962
0022401128,2025-04-05,2024-25,ATL,NYK,0,0.60744417
0022401129,2025-04-05,2024-25,DET,MEM,0,0.7093399
0022401130,2025-04-05,2024-25,PHI,MIN,0,0.12268843
0022401131,2025-04-05,2024-25,MIA,MIL,0,0.4184721
0022401132,2025-04-05,2024-25,LAC,DAL,1,0.8612896
0022400617,2025-04-06,2024-25,NOP,MIL,0,0.19531839
0022401133,2025-04-06,2024-25,CHA,CHI,0,0.19063006
0022401134,2025-04-06,2024-25,BKN,TOR,0,0.28964722
0022401135,2025-04-06,2024-25,OKC,LAL,0,0.6976693
0022401136,2025-04-06,2024-25,ATL,UTA,1,0.86082065
0022401137,2025-04-06,2024-25,BOS,WAS,1,0.8949599
0022401138,2025-04-06,2024-25,CLE,SAC,0,0.72498256
0022401139,2025-04-06,2024-25,POR,SAS,1,0.6970167
0022401140,2025-04-06,2024-25,NYK,PHX,1,0.78335816
0022401142,2025-04-06,2024-25,DEN,IND,0,0.5370403
0022401143,2025-04-06,2024-25,GSW,HOU,0,0.6124373
0022401144,2025-04-07,2024-25,DET,SAC,0,0.72540843
0022401145,2025-04-07,2024-25,MIA,PHI,1,0.8499028
0022401146,2025-04-08,2024-25,CHA,MEM,0,0.2459389
0022401147,2025-04-08,2024-25,CLE,CHI,1,0.80471474
0022401148,2025-04-08,2024-25,IND,WAS,1,0.8989177
0022401149,2025-04-08,2024-25,ORL,ATL,1,0.6283879
0022401150,2025-04-08,2024-25,BKN,NOP,1,0.48398846
0022401151,2025-04-08,2024-25,NYK,BOS,0,0.39782742
0022401152,2025-04-08,2024-25,MIL,MIN,1,0.51258373
0022401153,2025-04-08,2024-25,OKC,LAL,1,0.6903213
0022401154,2025-04-08,2024-25,PHX,GSW,0,0.24085085
0022401155,2025-04-08,2024-25,LAC,SAS,1,0.8917653
0022401156,2025-04-09,2024-25,ORL,BOS,1,0.73699826
0022401157,2025-04-09,2024-25,WAS,PHI,0,0.525689
0022401158,2025-04-09,2024-25,TOR,CHA,1,0.89222336
0022401159,2025-04-09,2024-25,DAL,LAL,0,0.39426124
0022401160,2025-04-09,2024-25,CHI,MIA,1,0.5372706
0022401162,2025-04-09,2024-25,UTA,POR,1,0.27758712
0022401163,2025-04-09,2024-25,GSW,SAS,0,0.89123476
0022401164,2025-04-09,2024-25,PHX,OKC,0,0.21279326
0022401165,2025-04-09,2024-25,SAC,DEN,0,0.5004516
0022401166,2025-04-09,2024-25,LAC,HOU,1,0.88061166
0022401161,2025-04-10,2024-25,MIL,NOP,1,0.9305392
0022401167,2025-04-10,2024-25,DET,NYK,1,0.6704864
0022401168,2025-04-10,2024-25,IND,CLE,1,0.747206
0022401169,2025-04-10,2024-25,BKN,ATL,0,0.20572956
0022401170,2025-04-10,2024-25,MEM,MIN,0,0.4239331
0022401171,2025-04-11,2024-25,DET,MIL,0,0.4576917
0022401172,2025-04-11,2024-25,IND,ORL,0,0.52049613
0022401173,2025-04-11,2024-25,PHI,ATL,0,0.20604788
0022401174,2025-04-11,2024-25,BOS,CHA,1,0.94156027
0022401175,2025-04-11,2024-25,NYK,CLE,0,0.5925453
0022401176,2025-04-11,2024-25,CHI,WAS,1,0.86153203
0022401177,2025-04-11,2024-25,NOP,MIA,0,0.13163427
0022401178,2025-04-11,2024-25,DAL,TOR,1,0.57899076
0022401179,2025-04-11,2024-25,MIN,BKN,1,0.9253983
0022401180,2025-04-11,2024-25,DEN,MEM,1,0.7308507
0022401181,2025-04-11,2024-25,UTA,OKC,0,0.2930723
0022401182,2025-04-11,2024-25,PHX,SAS,1,0.61246055
0022401183,2025-04-11,2024-25,POR,GSW,0,0.20686089
0022401184,2025-04-11,2024-25,SAC,LAC,0,0.2529004
0022401185,2025-04-11,2024-25,LAL,HOU,1,0.8754274
0022401186,2025-04-13,2024-25,ATL,ORL,1,0.44650218
0022401187,2025-04-13,2024-25,BOS,CHA,1,0.88630235
0022401188,2025-04-13,2024-25,BKN,NYK,0,0.36683768
0022401189,2025-04-13,2024-25,CLE,IND,0,0.24155372
0022401190,2025-04-13,2024-25,MIA,WAS,0,0.84752613
0022401191,2025-04-13,2024-25,PHI,CHI,0,0.23130263
0022401192,2025-04-13,2024-25,MIL,DET,1,0.3227035
0022401193,2025-04-13,2024-25,HOU,DEN,0,0.5600842
0022401194,2025-04-13,2024-25,MEM,DAL,1,0.32923183
0022401195,2025-04-13,2024-25,MIN,UTA,1,0.91544074
0022401196,2025-04-13,2024-25,NOP,OKC,0,0.12776572
0022401197,2025-04-13,2024-25,SAS,TOR,1,0.4396653
0022401198,2025-04-13,2024-25,GSW,LAC,0,0.50298095
0022401199,2025-04-13,2024-25,POR,LAL,1,0.82643396
0022401200,2025-04-13,2024-25,SAC,PHX,1,0.7920053
0022500001,2025-10-21,2025-26,OKC,HOU,1,0.70422983
0022500002,2025-10-21,2025-26,LAL,GSW,0,0.44330278
0022500003,2025-10-22,2025-26,NYK,CLE,1,0.6145289
0022500004,2025-10-22,2025-26,DAL,SAS,0,0.5181977
0022500080,2025-10-22,2025-26,CHA,BKN,1,0.4787682
0022500081,2025-10-22,2025-26,ORL,MIA,1,0.6326242
0022500082,2025-10-22,2025-26,ATL,TOR,0,0.7747797
0022500083,2025-10-22,2025-26,BOS,PHI,0,0.77844363
0022500084,2025-10-22,2025-26,CHI,DET,1,0.5395123
0022500085,2025-10-22,2025-26,MEM,NOP,1,0.6700788
0022500086,2025-10-22,2025-26,MIL,WAS,1,0.91836715
0022500087,2025-10-22,2025-26,UTA,LAC,1,0.10100589
0022500088,2025-10-22,2025-26,PHX,SAC,1,0.4352292
0022500089,2025-10-22,2025-26,POR,MIN,0,0.40065125
0022500005,2025-10-23,2025-26,IND,OKC,0,0.27447322
0022500006,2025-10-23,2025-26,GSW,DEN,1,0.65029615
0022500018,2025-10-24,2025-26,NYK,BOS,1,0.62959063
0022500019,2025-10-24,2025-26,LAL,MIN,1,0.5389632
0022500090,2025-10-24,2025-26,ORL,ATL,0,0.5667329
0022500091,2025-10-24,2025-26,BKN,CLE,0,0.3051315
0022500092,2025-10-24,2025-26,TOR,MIL,0,0.43392542
0022500093,2025-10-24,2025-26,HOU,DET,0,0.6407395
0022500094,2025-10-24,2025-26,MEM,MIA,0,0.44474748
0022500095,2025-10-24,2025-26,NOP,SAS,0,0.43207034
0022500096,2025-10-24,2025-26,DAL,WAS,0,0.57474613
0022500097,2025-10-24,2025-26,POR,GSW,1,0.56235313
0022500098,2025-10-24,2025-26,SAC,UTA,1,0.77726525
0022500099,2025-10-24,2025-26,LAC,PHX,1,0.8439262
0022500100,2025-10-25,2025-26,ORL,CHI,0,0.44940403
0022500101,2025-10-25,2025-26,ATL,OKC,0,0.320519
0022500102,2025-10-25,2025-26,PHI,CHA,1,0.61117065
0022500103,2025-10-25,2025-26,MEM,IND,1,0.49901667
0022500104,2025-10-25,2025-26,DEN,PHX,1,0.84425133
0022500105,2025-10-26,2025-26,SAS,BKN,1,0.614873
0022500106,2025-10-26,2025-26,DET,BOS,1,0.5502952
0022500107,2025-10-26,2025-26,CLE,MIL,1,0.5159768
0022500108,2025-10-26,2025-26,MIA,NYK,1,0.58217144
0022500109,2025-10-26,2025-26,WAS,CHA,0,0.65999126
0022500110,2025-10-26,2025-26,MIN,IND,1,0.7969559
0022500111,2025-10-26,2025-26,DAL,TOR,1,0.33417496
0022500112,2025-10-26,2025-26,LAC,POR,1,0.72712636
0022500113,2025-10-26,2025-26,SAC,LAL,0,0.5560785
0022500007,2025-10-27,2025-26,DET,CLE,0,0.4636333
0022500008,2025-10-27,2025-26,MIN,DEN,0,0.38152495
0022500114,2025-10-27,2025-26,PHI,ORL,1,0.31839767
0022500115,2025-10-27,2025-26,CHI,ATL,1,0.56893533
0022500116,2025-10-27,2025-26,HOU,BKN,1,0.85743576
0022500117,2025-10-27,2025-26,NOP,BOS,0,0.26923075
0022500118,2025-10-27,2025-26,SAS,TOR,1,0.52799827
0022500119,2025-10-27,2025-26,DAL,OKC,0,0.17773688
0022500120,2025-10-27,2025-26,UTA,PHX,1,0.5264666
0022500121,2025-10-27,2025-26,GSW,MEM,1,0.700745
0022500122,2025-10-27,2025-26,LAL,POR,0,0.37042877
0022500123,2025-10-28,2025-26,WAS,PHI,0,0.44306833
0022500124,2025-10-28,2025-26,MIA,CHA,1,0.78935945
0022500125,2025-10-28,2025-26,MIL,NYK,1,0.68631876
0022500126,2025-10-28,2025-26,OKC,SAC,1,0.7290471
0022500127,2025-10-28,2025-26,GSW,LAC,1,0.3804823
0022500128,2025-10-29,2025-26,BOS,CLE,1,0.56437045
0022500129,2025-10-29,2025-26,DET,ORL,1,0.52955073
0022500130,2025-10-29,2025-26,BKN,ATL,0,0.24165805
0022500131,2025-10-29,2025-26,TOR,HOU,0,0.3919783
0022500132,2025-10-29,2025-26,CHI,SAC,1,0.7653025
0022500133,2025-10-29,2025-26,DAL,IND,1,0.46413916
0022500134,2025-10-29,2025-26,DEN,NOP,1,0.84424895
0022500135,2025-10-29,2025-26,UTA,POR,0,0.260346
0022500136,2025-10-29,2025-26,MIN,LAL,0,0.7139444
0022500137,2025-10-29,2025-26,PHX,MEM,0,0.36192906
0022500138,2025-10-30,2025-26,CHA,ORL,0,0.38659617
0022500139,2025-10-30,2025-26,MIL,GSW,1,0.45838106
0022500140,2025-10-30,2025-26,OKC,WAS,1,0.88791305
0022500141,2025-10-30,2025-26,SAS,MIA,1,0.4540083
0022500020,2025-10-31,2025-26,IND,ATL,0,0.4716809
0022500021,2025-10-31,2025-26,PHI,BOS,0,0.42464364
0022500022,2025-10-31,2025-26,CLE,TOR,0,0.49948895
0022500023,2025-10-31,2025-26,CHI,NYK,1,0.61980283
0022500024,2025-10-31,2025-26,MEM,LAL,0,0.44802842
0022500025,2025-10-31,2025-26,PHX,UTA,1,0.5109691
0022500026,2025-10-31,2025-26,POR,DEN,1,0.45987412
0022500027,2025-10-31,2025-26,LAC,NOP,1,0.8793606
0022500142,2025-11-01,2025-26,MIL,SAC,0,0.84767884
0022500143,2025-11-01,2025-26,CHA,MIN,0,0.3007256
0022500144,2025-11-01,2025-26,IND,GSW,1,0.22023143
0022500145,2025-11-01,2025-26,WAS,ORL,0,0.28901508
0022500146,2025-11-01,2025-26,BOS,HOU,0,0.40800893
0022500148,2025-11-02,2025-26,OKC,NOP,1,0.87943786
0022500149,2025-11-02,2025-26,BKN,PHI,0,0.4767364
0022500150,2025-11-02,2025-26,CHA,UTA,1,0.3983045
0022500151,2025-11-02,2025-26,CLE,ATL,1,0.4264256
0022500152,2025-11-02,2025-26,TOR,MEM,1,0.58941305
0022500153,2025-11-02,2025-26,NYK,CHI,1,0.5305077
0022500154,2025-11-02,2025-26,PHX,SAS,1,0.40071875
0022500155,2025-11-02,2025-26,LAL,MIA,1,0.56732535
0022500156,2025-11-03,2025-26,BKN,MIN,0,0.23162498
0022500157,2025-11-03,2025-26,IND,MIL,0,0.2690103
0022500158,2025-11-03,2025-26,BOS,UTA,0,0.86891896
0022500159,2025-11-03,2025-26,NYK,WAS,1,0.83437306
0022500160,2025-11-03,2025-26,HOU,DAL,1,0.84290344
0022500161,2025-11-03,2025-26,MEM,DET,0,0.36976302
0022500162,2025-11-03,2025-26,DEN,SAC,1,0.79110205
0022500163,2025-11-03,2025-26,POR,LAL,0,0.83530426
0022500164,2025-11-03,2025-26,LAC,MIA,0,0.7460476
0022500165,2025-11-04,2025-26,TOR,MIL,1,0.40818647
0022500166,2025-11-04,2025-26,ATL,ORL,1,0.5773615
0022500167,2025-11-04,2025-26,CHI,PHI,1,0.71910125
0022500168,2025-11-04,2025-26,NOP,CHA,1,0.5750848
0022500169,2025-11-04,2025-26,GSW,PHX,1,0.8041448
0022500170,2025-11-04,2025-26,LAC,OKC,0,0.38753507
0022500171,2025-11-05,2025-26,CLE,PHI,1,0.7737513
0022500172,2025-11-05,2025-26,DET,UTA,1,0.8374291
0022500173,2025-11-05,2025-26,IND,BKN,0,0.61415434
0022500174,2025-11-05,2025-26,BOS,WAS,1,0.8336646
0022500175,2025-11-05,2025-26,NYK,MIN,1,0.5746106
0022500176,2025-11-05,2025-26,MEM,HOU,0,0.3335504
0022500177,2025-11-05,2025-26,DAL,NOP,0,0.7233457
0022500178,2025-11-05,2025-26,DEN,MIA,1,0.67362326
0022500179,2025-11-05,2025-26,LAL,SAS,1,0.5925676
0022500180,2025-11-05,2025-26,POR,OKC,1,0.5189441
0022500181,2025-11-05,2025-26,SAC,GSW,1,0.5555582
0022500182,2025-11-06,2025-26,PHX,LAC,1,0.46663782
0022500028,2025-11-07,2025-26,ORL,BOS,1,0.5796929
0022500029,2025-11-07,2025-26,WAS,CLE,0,0.22596386
0022500030,2025-11-07,2025-26,ATL,TOR,0,0.7031596
0022500031,2025-11-07,2025-26,BKN,DET,0,0.285527
0022500032,2025-11-07,2025-26,SAS,HOU,1,0.38509628
0022500033,2025-11-07,2025-26,MIA,CHA,1,0.8398778
0022500034,2025-11-07,2025-26,MEM,DAL,1,0.69874823
0022500035,2025-11-07,2025-26,MIL,CHI,1,0.5600324
0022500036,2025-11-07,2025-26,MIN,UTA,1,0.81662077
0022500037,2025-11-07,2025-26,DEN,GSW,1,0.72405446
0022500038,2025-11-07,2025-26,SAC,OKC,0,0.2674178
0022500183,2025-11-08,2025-26,WAS,DAL,0,0.3808881
0022500184,2025-11-08,2025-26,PHI,TOR,1,0.60806185
0022500185,2025-11-08,2025-26,ATL,LAL,1,0.4009822
0022500186,2025-11-08,2025-26,CLE,CHI,1,0.47478572
0022500187,2025-11-08,2025-26,MIA,POR,1,0.45771086
0022500188,2025-11-08,2025-26,SAS,NOP,1,0.7841668
0022500189,2025-11-08,2025-26,DEN,IND,1,0.79443246
0022500190,2025-11-08,2025-26,LAC,PHX,0,0.6813769
0022500191,2025-11-09,2025-26,MIL,HOU,0,0.5845095
0022500192,2025-11-09,2025-26,NYK,BKN,1,0.86901
0022500193,2025-11-09,2025-26,ORL,BOS,0,0.6221435
0022500194,2025-11-09,2025-26,MEM,OKC,0,0.26303056
0022500195,2025-11-09,2025-26,PHI,DET,0,0.37259334
0022500196,2025-11-09,2025-26,GSW,IND,1,0.84444785
0022500197,2025-11-09,2025-26,SAC,MIN,0,0.37282464
0022500198,2025-11-10,2025-26,CHA,LAL,0,0.2351012
0022500199,2025-11-10,2025-26,DET,WAS,1,0.8256658
0022500200,2025-11-10,2025-26,ORL,POR,1,0.4198274
0022500201,2025-11-10,2025-26,MIA,CLE,1,0.5105491
0022500202,2025-11-10,2025-26,CHI,SAS,0,0.5503398
0022500203,2025-11-10,2025-26,DAL,MIL,0,0.2817796
0022500204,2025-11-10,2025-26,PHX,NOP,1,0.77327716
0022500205,2025-11-10,2025-26,UTA,MIN,0,0.20083746
0022500206,2025-11-10,2025-26,LAC,ATL,0,0.59517187
0022500207,2025-11-11,2025-26,BKN,TOR,0,0.27770233
0022500208,2025-11-11,2025-26,NYK,MEM,1,0.8026729
0022500209,2025-11-11,2025-26,PHI,BOS,1,0.5013715
0022500210,2025-11-11,2025-26,OKC,GSW,1,0.7335297
0022500211,2025-11-11,2025-26,UTA,IND,1,0.41380587
0022500212,2025-11-11,2025-26,SAC,DEN,0,0.2321503
0022500213,2025-11-12,2025-26,CHA,MIL,1,0.3146074
0022500214,2025-11-12,2025-26,DET,CHI,1,0.2768071
0022500215,2025-11-12,2025-26,NYK,ORL,0,0.68536687
0022500216,2025-11-12,2025-26,BOS,MEM,1,0.7473397
0022500217,2025-11-12,2025-26,MIA,CLE,0,0.7651013
0022500218,2025-11-12,2025-26,HOU,WAS,1,0.8841574
0022500219,2025-11-12,2025-26,NOP,POR,0,0.25782713
0022500220,2025-11-12,2025-26,SAS,GSW,0,0.5931326
0022500221,2025-11-12,2025-26,DAL,PHX,0,0.41572338
0022500222,2025-11-12,2025-26,OKC,LAL,1,0.70097744
0022500223,2025-11-12,2025-26,SAC,ATL,0,0.2623032
0022500224,2025-11-12,2025-26,LAC,DEN,0,0.43701974
0022500225,2025-11-13,2025-26,CLE,TOR,0,0.5687985
0022500226,2025-11-13,2025-26,PHX,IND,1,0.68651384
0022500227,2025-11-13,2025-26,UTA,ATL,0,0.33288208
0022500039,2025-11-14,2025-26,NYK,MIA,1,0.6567189
0022500040,2025-11-14,2025-26,ORL,BKN,1,0.8074121
0022500041,2025-11-14,2025-26,DET,PHI,1,0.433438
0022500042,2025-11-14,2025-26,HOU,POR,1,0.6508127
0022500043,2025-11-14,2025-26,MIL,CHA,1,0.82204103
0022500044,2025-11-14,2025-26,MIN,SAC,1,0.80750227
0022500045,2025-11-14,2025-26,NOP,LAL,0,0.23889196
0022500046,2025-11-14,2025-26,DAL,LAC,0,0.36245477
0022500047,2025-11-14,2025-26,SAS,GSW,0,0.50031936
0022500228,2025-11-15,2025-26,CLE,MEM,1,0.7689154
0022500229,2025-11-15,2025-26,CHA,OKC,0,0.13328308
0022500230,2025-11-15,2025-26,IND,TOR,0,0.29986203
0022500231,2025-11-15,2025-26,MIL,LAL,0,0.6556886
0022500232,2025-11-15,2025-26,MIN,DEN,0,0.37132698
0022500233,2025-11-16,2025-26,BOS,LAC,1,0.632956
0022500234,2025-11-16,2025-26,SAS,SAC,1,0.7196566
0022500235,2025-11-16,2025-26,WAS,BKN,0,0.5629157
0022500236,2025-11-16,2025-26,HOU,ORL,1,0.8094313
0022500237,2025-11-16,2025-26,NOP,GSW,0,0.23245823
0022500238,2025-11-16,2025-26,DAL,POR,1,0.43172637
0022500239,2025-11-16,2025-26,PHX,ATL,0,0.53932077
0022500240,2025-11-16,2025-26,UTA,CHI,1,0.2557216
0022500241,2025-11-17,2025-26,CLE,MIL,1,0.5966594
0022500242,2025-11-17,2025-26,DET,IND,1,0.7222268
0022500243,2025-11-17,2025-26,PHI,LAC,1,0.6026807
0022500244,2025-11-17,2025-26,MIA,NYK,1,0.5402924
0022500245,2025-11-17,2025-26,TOR,CHA,1,0.7475429
0022500246,2025-11-17,2025-26,MIN,DAL,1,0.8472894
0022500247,2025-11-17,2025-26,NOP,OKC,0,0.1099288
0022500248,2025-11-17,2025-26,DEN,CHI,0,0.796406
0022500249,2025-11-18,2025-26,ORL,GSW,1,0.4817794
0022500250,2025-11-18,2025-26,BKN,BOS,0,0.2858184
0022500251,2025-11-18,2025-26,ATL,DET,0,0.6390931
0022500252,2025-11-18,2025-26,SAS,MEM,1,0.7228396
0022500253,2025-11-18,2025-26,LAL,UTA,1,0.83625335
0022500254,2025-11-18,2025-26,POR,PHX,0,0.50918674
0022500255,2025-11-19,2025-26,CLE,HOU,0,0.4837194
0022500256,2025-11-19,2025-26,IND,CHA,1,0.39026853
0022500257,2025-11-19,2025-26,MIA,GSW,1,0.8444602
0022500258,2025-11-19,2025-26,PHI,TOR,0,0.45869768
0022500259,2025-11-19,2025-26,MIN,WAS,1,0.89582133
0022500260,2025-11-19,2025-26,NOP,DEN,0,0.17817272
0022500261,2025-11-19,2025-26,OKC,SAC,1,0.9096619
0022500262,2025-11-19,2025-26,DAL,NYK,0,0.28189105
0022500263,2025-11-19,2025-26,POR,CHI,0,0.2677539
0022500264,2025-11-20,2025-26,ORL,LAC,1,0.5574618
0022500265,2025-11-20,2025-26,MEM,SAC,1,0.5471568
0022500266,2025-11-20,2025-26,MIL,PHI,0,0.54218155
0022500267,2025-11-20,2025-26,SAS,ATL,1,0.4414687
0022500048,2025-11-21,2025-26,CLE,IND,1,0.84652364
0022500049,2025-11-21,2025-26,BOS,BKN,0,0.80314887
0022500050,2025-11-21,2025-26,TOR,WAS,1,0.87182033
0022500051,2025-11-21,2025-26,CHI,MIA,0,0.5424778
0022500052,2025-11-21,2025-26,DAL,NOP,1,0.6296776
0022500053,2025-11-21,2025-26,PHX,MIN,1,0.4586919
0022500054,2025-11-21,2025-26,HOU,DEN,0,0.5343477
0022500055,2025-11-21,2025-26,UTA,OKC,0,0.15620224
0022500056,2025-11-21,2025-26,GSW,POR,0,0.75554967
0022500268,2025-11-22,2025-26,CHA,LAC,0,0.5644267
0022500269,2025-11-22,2025-26,ORL,NYK,1,0.5262104
0022500270,2025-11-22,2025-26,NOP,ATL,0,0.15958624
0022500271,2025-11-22,2025-26,CHI,WAS,1,0.86997455
0022500272,2025-11-22,2025-26,MIL,DET,0,0.39254153
0022500273,2025-11-22,2025-26,DAL,MEM,0,0.45802906
0022500274,2025-11-22,2025-26,DEN,SAC,0,0.87733793
0022500275,2025-11-23,2025-26,PHI,MIA,0,0.44532678
0022500276,2025-11-23,2025-26,ATL,CHA,1,0.82495576
0022500277,2025-11-23,2025-26,BOS,ORL,1,0.7570602
0022500278,2025-11-23,2025-26,CLE,LAC,1,0.65397865
0022500279,2025-11-23,2025-26,TOR,BKN,1,0.8042881
0022500280,2025-11-23,2025-26,OKC,POR,1,0.8669076
0022500281,2025-11-23,2025-26,PHX,SAS,1,0.59535813
0022500282,2025-11-23,2025-26,UTA,LAL,0,0.21160112
0022500283,2025-11-24,2025-26,IND,DET,0,0.25739527
0022500284,2025-11-24,2025-26,TOR,CLE,1,0.6419315
0022500285,2025-11-24,2025-26,BKN,NYK,0,0.24883093
0022500286,2025-11-24,2025-26,MIA,DAL,1,0.8259026
0022500287,2025-11-24,2025-26,MEM,DEN,0,0.2723895
0022500288,2025-11-24,2025-26,MIL,POR,0,0.65993696
0022500289,2025-11-24,2025-26,NOP,CHI,1,0.24499789
0022500290,2025-11-24,2025-26,PHX,HOU,0,0.37098378
0022500291,2025-11-24,2025-26,GSW,UTA,1,0.7891762
0022500292,2025-11-24,2025-26,SAC,MIN,1,0.24831702
0022500057,2025-11-25,2025-26,WAS,ATL,1,0.1887554
0022500058,2025-11-25,2025-26,PHI,ORL,0,0.5280638
0022500059,2025-11-25,2025-26,LAL,LAC,1,0.6524442
0022500060,2025-11-26,2025-26,BOS,DET,1,0.5044519
0022500061,2025-11-26,2025-26,CHA,NYK,0,0.35854837
0022500062,2025-11-26,2025-26,MIA,MIL,1,0.8038395
0022500063,2025-11-26,2025-26,TOR,IND,1,0.81185865
0022500064,2025-11-26,2025-26,OKC,MIN,1,0.7426001
0022500065,2025-11-26,2025-26,NOP,MEM,0,0.4300414
0022500066,2025-11-26,2025-26,GSW,HOU,0,0.48891798
0022500067,2025-11-26,2025-26,POR,SAS,0,0.51054186
0022500068,2025-11-26,2025-26,SAC,PHX,0,0.30070287
0022500069,2025-11-28,2025-26,ATL,CLE,1,0.48776275
0022500070,2025-11-28,2025-26,BKN,PHI,0,0.33727342
0022500071,2025-11-28,2025-26,CHA,CHI,1,0.3679543
0022500072,2025-11-28,2025-26,DET,ORL,0,0.5839047
0022500073,2025-11-28,2025-26,IND,WAS,1,0.6004161
0022500074,2025-11-28,2025-26,NYK,MIL,1,0.69074994
0022500075,2025-11-28,2025-26,OKC,PHX,1,0.8370065
0022500076,2025-11-28,2025-26,DEN,SAS,0,0.7365253
0022500077,2025-11-28,2025-26,UTA,SAC,1,0.65150404
0022500078,2025-11-28,2025-26,LAL,DAL,1,0.8450571
0022500079,2025-11-28,2025-26,LAC,MEM,0,0.7067656
0022500293,2025-11-29,2025-26,MIN,BOS,1,0.6228751
0022500294,2025-11-29,2025-26,CHA,TOR,1,0.32613847
0022500295,2025-11-29,2025-26,IND,CHI,1,0.40745372
0022500296,2025-11-29,2025-26,MIA,DET,0,0.72504854
0022500297,2025-11-29,2025-26,MIL,BKN,1,0.86289877
0022500298,2025-11-29,2025-26,GSW,NOP,1,0.79119295
0022500299,2025-11-29,2025-26,PHX,DEN,0,0.44559476
0022500300,2025-11-29,2025-26,LAC,DAL,0,0.8195664
0022500301,2025-11-30,2025-26,UTA,HOU,0,0.28526992
0022500302,2025-11-30,2025-26,CLE,BOS,0,0.734634
0022500303,2025-11-30,2025-26,NYK,TOR,1,0.7054757
0022500304,2025-11-30,2025-26,PHI,ATL,0,0.47241026
0022500305,2025-11-30,2025-26,POR,OKC,0,0.20623575
0022500306,2025-11-30,2025-26,MIN,SAS,1,0.60998935
0022500307,2025-11-30,2025-26,SAC,MEM,0,0.41619954
0022500308,2025-11-30,2025-26,LAL,NOP,1,0.907898
0022500309,2025-12-01,2025-26,DET,ATL,1,0.596057
0022500310,2025-12-01,2025-26,IND,CLE,0,0.40226996
0022500311,2025-12-01,2025-26,WAS,MIL,1,0.22910164
0022500312,2025-12-01,2025-26,BKN,CHA,1,0.4117129
0022500313,2025-12-01,2025-26,MIA,LAC,1,0.7410736
0022500314,2025-12-01,2025-26,ORL,CHI,1,0.65609306
0022500315,2025-12-01,2025-26,DEN,DAL,0,0.8274581
0022500316,2025-12-01,2025-26,UTA,HOU,1,0.21840811
0022500317,2025-12-01,2025-26,LAL,PHX,0,0.6474221
0022500318,2025-12-02,2025-26,PHI,WAS,1,0.845647
0022500319,2025-12-02,2025-26,TOR,POR,1,0.6790952
0022500320,2025-12-02,2025-26,BOS,NYK,1,0.51179606
0022500321,2025-12-02,2025-26,NOP,MIN,0,0.20544718
0022500322,2025-12-02,2025-26,SAS,MEM,1,0.7184789
0022500323,2025-12-02,2025-26,GSW,OKC,0,0.2281613
0022500324,2025-12-03,2025-26,CLE,POR,0,0.796183
0022500325,2025-12-03,2025-26,IND,DEN,0,0.27415332
0022500326,2025-12-03,2025-26,ORL,SAS,0,0.6887713
0022500327,2025-12-03,2025-26,ATL,LAC,0,0.626979
0022500328,2025-12-03,2025-26,NYK,CHA,1,0.78417194
0022500329,2025-12-03,2025-26,CHI,BKN,0,0.7480729
0022500330,2025-12-03,2025-26,HOU,SAC,1,0.8744895
0022500331,2025-12-03,2025-26,MIL,DET,1,0.57414687
0022500332,2025-12-03,2025-26,DAL,MIA,1,0.32962066
0022500333,2025-12-04,2025-26,PHI,GSW,1,0.7265388
0022500334,2025-12-04,2025-26,WAS,BOS,0,0.22893497
0022500335,2025-12-04,2025-26,BKN,UTA,0,0.38039488
0022500336,2025-12-04,2025-26,TOR,LAL,0,0.598697
0022500337,2025-12-04,2025-26,NOP,MIN,0,0.2113014
0022500338,2025-12-05,2025-26,BOS,LAL,1,0.7869581
0022500339,2025-12-05,2025-26,ORL,MIA,1,0.59421253
0022500340,2025-12-05,2025-26,ATL,DEN,0,0.52109945
0022500341,2025-12-05,2025-26,CLE,SAS,1,0.68844473
0022500342,2025-12-05,2025-26,DET,POR,1,0.7142803
0022500343,2025-12-05,2025-26,NYK,UTA,1,0.846147
0022500344,2025-12-05,2025-26,TOR,CHA,0,0.67589015
0022500345,2025-12-05,2025-26,CHI,IND,0,0.7314901
0022500346,2025-12-05,2025-26,HOU,PHX,1,0.6787203
0022500347,2025-12-05,2025-26,MEM,LAC,1,0.45120683
0022500348,2025-12-05,2025-26,MIL,PHI,0,0.51752794
0022500349,2025-12-05,2025-26,OKC,DAL,1,0.8758838
0022500350,2025-12-06,2025-26,BKN,NOP,1,0.6368342
0022500351,2025-12-06,2025-26,WAS,ATL,0,0.17195629
0022500352,2025-12-06,2025-26,CLE,GSW,0,0.78452945
0022500353,2025-12-06,2025-26,DET,MIL,1,0.79735875
0022500354,2025-12-06,2025-26,MIA,SAC,0,0.8062701
0022500355,2025-12-06,2025-26,MIN,LAC,1,0.77032536
0022500356,2025-12-06,2025-26,DAL,HOU,1,0.29790103
0022500357,2025-12-07,2025-26,NYK,ORL,1,0.55126476
0022500358,2025-12-07,2025-26,TOR,BOS,0,0.4025781
0022500359,2025-12-07,2025-26,CHA,DEN,0,0.23982921
0022500360,2025-12-07,2025-26,MEM,POR,1,0.51656955
0022500361,2025-12-07,2025-26,CHI,GSW,0,0.6454384
0022500362,2025-12-07,2025-26,PHI,LAL,0,0.53409517
0022500363,2025-12-07,2025-26,UTA,OKC,0,0.20320445
0022500364,2025-12-08,2025-26,IND,SAC,1,0.715559
0022500365,2025-12-08,2025-26,MIN,PHX,0,0.69281054
0022500366,2025-12-08,2025-26,NOP,SAS,0,0.2692728
0022501201,2025-12-09,2025-26,ORL,MIA,1,0.5641464
0022501202,2025-12-09,2025-26,TOR,NYK,0,0.3576679
0022501203,2025-12-10,2025-26,OKC,PHX,1,0.864039
0022501204,2025-12-10,2025-26,LAL,SAS,0,0.6566163
0022501205,2025-12-11,2025-26,HOU,LAC,1,0.76099247
0022501206,2025-12-11,2025-26,MIL,BOS,1,0.267592
0022501207,2025-12-11,2025-26,NOP,POR,1,0.42238188
0022501208,2025-12-11,2025-26,SAC,DEN,0,0.19926214
0022501209,2025-12-12,2025-26,CHA,CHI,0,0.41240743
0022501210,2025-12-12,2025-26,DET,ATL,1,0.58411074
0022501211,2025-12-12,2025-26,PHI,IND,1,0.66617256
0022501212,2025-12-12,2025-26,WAS,CLE,0,0.13772455
0022501213,2025-12-12,2025-26,MEM,UTA,0,0.716979
0022501214,2025-12-12,2025-26,DAL,BKN,1,0.6573184
0022501215,2025-12-12,2025-26,GSW,MIN,0,0.5139706
0022501216,2025-12-14,2025-26,IND,WAS,0,0.83207375
0022501217,2025-12-14,2025-26,ATL,PHI,1,0.67149967
0022501218,2025-12-14,2025-26,CLE,CHA,0,0.77327853
0022501219,2025-12-14,2025-26,BKN,MIL,1,0.5251246
0022501220,2025-12-14,2025-26,MIN,SAC,1,0.8545285
0022501221,2025-12-14,2025-26,POR,GSW,1,0.4103868
0022501223,2025-12-14,2025-26,CHI,NOP,0,0.6571607
0022501228,2025-12-14,2025-26,PHX,LAL,0,0.46986654
0022501222,2025-12-15,2025-26,BOS,DET,0,0.55393016
0022501224,2025-12-15,2025-26,UTA,DAL,1,0.47820646
0022501225,2025-12-15,2025-26,DEN,HOU,1,0.49897838
0022501226,2025-12-15,2025-26,LAC,MEM,0,0.6736058
0022501227,2025-12-15,2025-26,MIA,TOR,0,0.63821065
0022500367,2025-12-17,2025-26,CHI,CLE,1,0.4212921
0022500368,2025-12-17,2025-26,MIN,MEM,0,0.80906755
0022500369,2025-12-18,2025-26,OKC,LAC,1,0.91144997
0022500370,2025-12-18,2025-26,SAS,WAS,1,0.88472104
0022500371,2025-12-18,2025-26,CHA,ATL,1,0.32708213
0022500372,2025-12-18,2025-26,IND,NYK,0,0.29507732
0022500373,2025-12-18,2025-26,BKN,MIA,0,0.40159312
0022500374,2025-12-18,2025-26,MIL,TOR,0,0.4177954
0022500375,2025-12-18,2025-26,NOP,HOU,1,0.2599648
0022500376,2025-12-18,2025-26,DAL,DET,1,0.35103333
0022500377,2025-12-18,2025-26,DEN,ORL,1,0.6430459
0022500378,2025-12-18,2025-26,PHX,GSW,1,0.5507761
0022500379,2025-12-18,2025-26,UTA,LAL,0,0.25902689
0022500380,2025-12-18,2025-26,POR,SAC,1,0.82268137
0022500381,2025-12-19,2025-26,BOS,MIA,1,0.81106687
0022500382,2025-12-19,2025-26,NYK,PHI,0,0.68604505
0022500383,2025-12-19,2025-26,ATL,SAS,0,0.47398412
0022500384,2025-12-19,2025-26,CLE,CHI,0,0.55969286
0022500385,2025-12-19,2025-26,MIN,OKC,1,0.37731972
0022500386,2025-12-20,2025-26,DEN,HOU,0,0.5177787
0022500387,2025-12-20,2025-26,PHI,DAL,1,0.59343046
0022500388,2025-12-20,2025-26,TOR,BOS,0,0.57309955
0022500389,2025-12-20,2025-26,NOP,IND,1,0.6439694
0022500390,2025-12-20,2025-26,DET,CHA,1,0.7854922
0022500391,2025-12-20,2025-26,MEM,WAS,0,0.79957986
0022500392,2025-12-20,2025-26,GSW,PHX,1,0.62252814
0022500393,2025-12-20,2025-26,UTA,ORL,0,0.31682944
0022500394,2025-12-20,2025-26,SAC,POR,0,0.28855604
0022500395,2025-12-20,2025-26,LAC,LAL,1,0.4288572
0022500396,2025-12-21,2025-26,ATL,CHI,0,0.7240955
0022500397,2025-12-21,2025-26,BKN,TOR,1,0.5371442
0022500398,2025-12-21,2025-26,NYK,MIA,1,0.77564496
0022500399,2025-12-21,2025-26,WAS,SAS,0,0.121815085
0022500400,2025-12-21,2025-26,MIN,MIL,1,0.8201547
0022500401,2025-12-21,2025-26,SAC,HOU,1,0.14483987
0022500402,2025-12-22,2025-26,CLE,CHA,1,0.73100764
0022500403,2025-12-22,2025-26,BOS,IND,1,0.83286947
0022500404,2025-12-22,2025-26,NOP,DAL,1,0.546774
0022500405,2025-12-22,2025-26,DEN,UTA,1,0.8323516
0022500406,2025-12-22,2025-26,OKC,MEM,1,0.8806586
0022500407,2025-12-22,2025-26,GSW,ORL,1,0.64498955
0022500408,2025-12-22,2025-26,POR,DET,0,0.33586824
0022500409,2025-12-23,2025-26,CHA,WAS,1,0.6744816
0022500410,2025-12-23,2025-26,PHI,BKN,0,0.7012975
0022500411,2025-12-23,2025-26,ATL,CHI,0,0.7627238
0022500412,2025-12-23,2025-26,CLE,NOP,1,0.7259542
0022500413,2025-12-23,2025-26,IND,MIL,0,0.51927614
0022500414,2025-12-23,2025-26,MIA,TOR,0,0.598788
0022500415,2025-12-23,2025-26,DAL,DEN,1,0.29392937
0022500416,2025-12-23,2025-26,MIN,NYK,1,0.66408396
0022500417,2025-12-23,2025-26,SAS,OKC,1,0.4363229
0022500418,2025-12-23,2025-26,PHX,LAL,1,0.5517372
0022500419,2025-12-23,2025-26,UTA,MEM,0,0.4254513
0022500420,2025-12-23,2025-26,POR,ORL,0,0.5157324
0022500421,2025-12-23,2025-26,SAC,DET,0,0.17839238
0022500422,2025-12-23,2025-26,LAC,HOU,1,0.34374136
0022500009,2025-12-25,2025-26,NYK,CLE,1,0.6283023
0022500010,2025-12-25,2025-26,OKC,SAS,0,0.73993826
0022500011,2025-12-25,2025-26,GSW,DAL,1,0.72817624
0022500012,2025-12-25,2025-26,LAL,HOU,0,0.5501331
0022500013,2025-12-25,2025-26,DEN,MIN,1,0.6156084
0022500423,2025-12-26,2025-26,ATL,MIA,0,0.7207819
0022500424,2025-12-26,2025-26,ORL,CHA,0,0.639661
0022500425,2025-12-26,2025-26,WAS,TOR,1,0.33340916
0022500426,2025-12-26,2025-26,IND,BOS,0,0.26330602
0022500427,2025-12-26,2025-26,CHI,PHI,1,0.46578464
0022500428,2025-12-26,2025-26,MEM,MIL,1,0.61686784
0022500429,2025-12-26,2025-26,NOP,PHX,0,0.37116906
0022500430,2025-12-26,2025-26,UTA,DET,1,0.23211345
0022500431,2025-12-26,2025-26,POR,LAC,0,0.49798506
0022500432,2025-12-27,2025-26,SAC,DAL,1,0.3324024
0022500433,2025-12-27,2025-26,ORL,DEN,1,0.2887022
0022500434,2025-12-27,2025-26,NOP,PHX,0,0.38818642
0022500435,2025-12-27,2025-26,ATL,NYK,0,0.3947078
0022500436,2025-12-27,2025-26,MIA,IND,1,0.71133864
0022500437,2025-12-27,2025-26,CHI,MIL,0,0.5139156
0022500438,2025-12-27,2025-26,HOU,CLE,1,0.6014053
0022500439,2025-12-27,2025-26,MIN,BKN,0,0.7645128
0022500440,2025-12-27,2025-26,SAS,UTA,0,0.83502305
0022500441,2025-12-28,2025-26,TOR,GSW,1,0.47790918
0022500442,2025-12-28,2025-26,OKC,PHI,1,0.8390022
0022500443,2025-12-28,2025-26,WAS,MEM,1,0.3467824
0022500444,2025-12-28,2025-26,POR,BOS,1,0.33424208
0022500445,2025-12-28,2025-26,LAC,DET,1,0.361197
0022500446,2025-12-28,2025-26,LAL,SAC,1,0.8469936
0022500447,2025-12-29,2025-26,CHA,MIL,0,0.5263071
0022500448,2025-12-29,2025-26,WAS,PHX,0,0.2553472
0022500449,2025-12-29,2025-26,BKN,GSW,0,0.543365
0022500450,2025-12-29,2025-26,MIA,DEN,1,0.3898184
0022500451,2025-12-29,2025-26,TOR,ORL,1,0.4199809
0022500452,2025-12-29,2025-26,CHI,MIN,0,0.35790026
0022500453,2025-12-29,2025-26,HOU,IND,1,0.8159307
0022500454,2025-12-29,2025-26,NOP,NYK,0,0.30488446
0022500455,2025-12-29,2025-26,OKC,ATL,1,0.8789602
0022500456,2025-12-29,2025-26,SAS,CLE,0,0.69588757
0022500457,2025-12-29,2025-26,POR,DAL,1,0.5781534
0022500458,2025-12-30,2025-26,MEM,PHI,0,0.48402098
0022500459,2025-12-30,2025-26,UTA,BOS,0,0.30153194
0022500460,2025-12-30,2025-26,LAL,DET,0,0.48033956
0022500461,2025-12-30,2025-26,LAC,SAC,1,0.8052648
0022500462,2025-12-31,2025-26,CHA,GSW,0,0.3719758
0022500463,2025-12-31,2025-26,ATL,MIN,1,0.44908646
0022500464,2025-12-31,2025-26,IND,ORL,0,0.34246585
0022500465,2025-12-31,2025-26,CLE,PHX,1,0.54522914
0022500466,2025-12-31,2025-26,CHI,NOP,1,0.4213024
0022500467,2025-12-31,2025-26,SAS,NYK,1,0.6093678
0022500468,2025-12-31,2025-26,TOR,DEN,0,0.54344743
0022500469,2025-12-31,2025-26,MIL,WAS,0,0.80375695
0022500470,2025-12-31,2025-26,OKC,POR,1,0.87244797
0022500471,2026-01-01,2025-26,BKN,HOU,0,0.2460448
0022500472,2026-01-01,2025-26,DET,MIA,0,0.72119254
0022500473,2026-01-01,2025-26,DAL,PHI,0,0.48755172
0022500474,2026-01-01,2025-26,SAC,BOS,0,0.20042975
0022500475,2026-01-01,2025-26,LAC,UTA,1,0.8611399
0022500476,2026-01-02,2025-26,IND,SAS,0,0.34150252
0022500477,2026-01-02,2025-26,WAS,BKN,1,0.5800499
0022500478,2026-01-02,2025-26,CLE,DEN,1,0.70412534
0022500479,2026-01-02,2025-26,NYK,ATL,0,0.6118708
0022500480,2026-01-02,2025-26,CHI,ORL,1,0.31204617
0022500481,2026-01-02,2025-26,MIL,CHA,1,0.6145335
0022500482,2026-01-02,2025-26,NOP,POR,0,0.46016595
0022500483,2026-01-02,2025-26,PHX,SAC,1,0.8646996
0022500484,2026-01-02,2025-26,GSW,OKC,0,0.21841407
0022500485,2026-01-02,2025-26,LAL,MEM,1,0.61181504
0022500486,2026-01-03,2025-26,MIA,MIN,0,0.45847446
0022500487,2026-01-03,2025-26,NYK,PHI,0,0.6088728
0022500488,2026-01-03,2025-26,TOR,ATL,1,0.621103
0022500489,2026-01-03,2025-26,CHI,CHA,0,0.39292222
0022500490,2026-01-03,2025-26,SAS,POR,0,0.7438007
0022500491,2026-01-03,2025-26,DAL,HOU,1,0.30610636
0022500492,2026-01-03,2025-26,GSW,UTA,1,0.752005
0022500493,2026-01-03,2025-26,LAC,BOS,0,0.5210278
0022500494,2026-01-04,2025-26,CLE,DET,0,0.49914363
0022500495,2026-01-04,2025-26,ORL,IND,1,0.739829
0022500496,2026-01-04,2025-26,BKN,DEN,1,0.42526686
0022500497,2026-01-04,2025-26,MIA,NOP,1,0.63965476
0022500498,2026-01-04,2025-26,WAS,MIN,0,0.31277284
0022500499,2026-01-04,2025-26,PHX,OKC,1,0.30911043
0022500500,2026-01-04,2025-26,SAC,MIL,0,0.26869944
0022500501,2026-01-04,2025-26,LAL,MEM,1,0.6322266
0022500502,2026-01-05,2025-26,DET,NYK,1,0.40200162
0022500503,2026-01-05,2025-26,BOS,CHI,1,0.83500457
0022500504,2026-01-05,2025-26,TOR,ATL,1,0.50575835
0022500505,2026-01-05,2025-26,HOU,PHX,1,0.7338587
0022500506,2026-01-05,2025-26,OKC,CHA,0,0.81907624
0022500507,2026-01-05,2025-26,PHI,DEN,0,0.8542831
0022500508,2026-01-05,2025-26,LAC,GSW,1,0.5289288
0022500509,2026-01-05,2025-26,POR,UTA,1,0.6059971
0022500510,2026-01-06,2025-26,IND,CLE,0,0.42292717
0022500511,2026-01-06,2025-26,WAS,ORL,1,0.32990655
0022500512,2026-01-06,2025-26,MEM,SAS,1,0.4123534
0022500513,2026-01-06,2025-26,MIN,MIA,1,0.6334551
0022500514,2026-01-06,2025-26,NOP,LAL,0,0.38896668
0022500515,2026-01-06,2025-26,SAC,DAL,0,0.3110822
0022500516,2026-01-07,2025-26,CHA,TOR,0,0.5507997
0022500517,2026-01-07,2025-26,DET,CHI,1,0.73104346
0022500518,2026-01-07,2025-26,PHI,WAS,1,0.83687365
0022500519,2026-01-07,2025-26,ATL,NOP,1,0.8311487
0022500520,2026-01-07,2025-26,BOS,DEN,0,0.6993713
0022500521,2026-01-07,2025-26,BKN,ORL,0,0.61140543
0022500522,2026-01-07,2025-26,NYK,LAC,1,0.57040614
0022500523,2026-01-07,2025-26,SAS,LAL,1,0.7327877
0022500524,2026-01-07,2025-26,MEM,PHX,0,0.36755958
0022500525,2026-01-07,2025-26,OKC,UTA,1,0.8681806
0022500526,2026-01-07,2025-26,GSW,MIL,1,0.67552036
0022500527,2026-01-07,2025-26,POR,HOU,1,0.36012176
0022500528,2026-01-08,2025-26,CHA,IND,0,0.67789793
0022500530,2026-01-08,2025-26,MIN,CLE,1,0.6595242
0022500531,2026-01-08,2025-26,UTA,DAL,1,0.41413137
0022500532,2026-01-09,2025-26,BOS,TOR,1,0.81052715
0022500533,2026-01-09,2025-26,ORL,PHI,0,0.4577343
0022500534,2026-01-09,2025-26,WAS,NOP,0,0.5051572
0022500535,2026-01-09,2025-26,BKN,LAC,0,0.44733688
0022500536,2026-01-09,2025-26,MEM,OKC,0,0.42547518
0022500537,2026-01-09,2025-26,DEN,ATL,0,0.43918702
0022500538,2026-01-09,2025-26,PHX,NYK,1,0.53506565
0022500539,2026-01-09,2025-26,GSW,SAC,1,0.8685585
0022500540,2026-01-09,2025-26,POR,HOU,1,0.32642928
0022500541,2026-01-09,2025-26,LAL,MIL,0,0.6105554
0022500542,2026-01-10,2025-26,CLE,MIN,1,0.43296587
0022500543,2026-01-10,2025-26,IND,MIA,1,0.3328079
0022500544,2026-01-10,2025-26,DET,LAC,0,0.4758848
0022500545,2026-01-10,2025-26,BOS,SAS,0,0.6094735
0022500546,2026-01-10,2025-26,CHI,DAL,1,0.5238172
0022500547,2026-01-10,2025-26,UTA,CHA,0,0.38182464
0022500548,2026-01-11,2025-26,ORL,NOP,1,0.6337187
0022500549,2026-01-11,2025-26,MEM,BKN,1,0.6825736
0022500550,2026-01-11,2025-26,TOR,PHI,1,0.39741609
0022500551,2026-01-11,2025-26,POR,NYK,0,0.46758303
0022500552,2026-01-11,2025-26,MIN,SAS,1,0.6942881
0022500553,2026-01-11,2025-26,OKC,MIA,1,0.85652536
0022500554,2026-01-11,2025-26,DEN,MIL,1,0.42246875
0022500555,2026-01-11,2025-26,PHX,WAS,1,0.8079431
0022500556,2026-01-11,2025-26,GSW,ATL,0,0.67544156
0022500557,2026-01-11,2025-26,SAC,HOU,1,0.13913235
0022500558,2026-01-12,2025-26,CLE,UTA,0,0.80295247
0022500559,2026-01-12,2025-26,IND,BOS,1,0.3136112
0022500560,2026-01-12,2025-26,TOR,PHI,0,0.3874021
0022500561,2026-01-12,2025-26,DAL,BKN,1,0.5367977
0022500562,2026-01-12,2025-26,SAC,LAL,1,0.21211241
0022500563,2026-01-12,2025-26,LAC,CHA,1,0.66433465
0022500564,2026-01-13,2025-26,MIA,PHX,1,0.49299234
0022500565,2026-01-13,2025-26,HOU,CHI,1,0.81324834
0022500566,2026-01-13,2025-26,MIL,MIN,0,0.4202023
0022500567,2026-01-13,2025-26,NOP,DEN,0,0.40543962
0022500568,2026-01-13,2025-26,OKC,SAS,1,0.798871
0022500569,2026-01-13,2025-26,LAL,ATL,1,0.43438044
0022500570,2026-01-13,2025-26,GSW,POR,1,0.77236146
0022500571,2026-01-14,2025-26,IND,TOR,0,0.5389528
0022500572,2026-01-14,2025-26,PHI,CLE,0,0.6234117
0022500573,2026-01-14,2025-26,CHI,UTA,1,0.70944554
0022500574,2026-01-14,2025-26,NOP,BKN,1,0.4061693
0022500575,2026-01-14,2025-26,DAL,DEN,0,0.48952878
0022500576,2026-01-14,2025-26,SAC,NYK,1,0.21767993
0022500577,2026-01-14,2025-26,LAC,WAS,1,0.8419614
0022500579,2026-01-15,2025-26,DET,PHX,1,0.7456109
0022500580,2026-01-15,2025-26,MIA,BOS,0,0.37137073
0022500581,2026-01-15,2025-26,HOU,OKC,0,0.4053839
0022500582,2026-01-15,2025-26,SAS,MIL,1,0.64236414
0022500583,2026-01-15,2025-26,DAL,UTA,1,0.53744507
0022500584,2026-01-15,2025-26,GSW,NYK,1,0.7570791
0022500585,2026-01-15,2025-26,POR,ATL,1,0.4167703
0022500586,2026-01-15,2025-26,LAL,CHA,0,0.5736819
0022500587,2026-01-16,2025-26,BKN,CHI,1,0.6290962
0022500588,2026-01-16,2025-26,IND,NOP,1,0.5507741
0022500589,2026-01-16,2025-26,PHI,CLE,0,0.58882225
0022500590,2026-01-16,2025-26,TOR,LAC,0,0.4979264
0022500591,2026-01-16,2025-26,HOU,MIN,1,0.45455635
0022500592,2026-01-16,2025-26,SAC,WAS,1,0.60704553
0022500593,2026-01-17,2025-26,DAL,UTA,1,0.696118
0022500594,2026-01-17,2025-26,ATL,BOS,0,0.45805323
0022500595,2026-01-17,2025-26,DET,IND,1,0.89057887
0022500596,2026-01-17,2025-26,NYK,PHX,0,0.48145965
0022500597,2026-01-17,2025-26,MIA,OKC,1,0.2312292
0022500598,2026-01-17,2025-26,SAS,MIN,1,0.50570697
0022500599,2026-01-17,2025-26,GSW,CHA,1,0.5917975
0022500600,2026-01-17,2025-26,DEN,WAS,1,0.8452159
0022500601,2026-01-17,2025-26,POR,LAL,1,0.58328265
0022500603,2026-01-18,2025-26,CHI,BKN,1,0.6320078
0022500604,2026-01-18,2025-26,HOU,NOP,1,0.7845988
0022500605,2026-01-18,2025-26,DEN,CHA,0,0.4808571
0022500606,2026-01-18,2025-26,SAC,POR,0,0.46362284
0022500607,2026-01-18,2025-26,LAL,TOR,1,0.57249665
0022500014,2026-01-19,2025-26,ATL,MIL,0,0.5357109
0022500015,2026-01-19,2025-26,CLE,OKC,0,0.37614182
0022500016,2026-01-19,2025-26,NYK,DAL,0,0.70876294
0022500017,2026-01-19,2025-26,DET,BOS,1,0.5775746
0022500608,2026-01-19,2025-26,WAS,LAC,0,0.2740642
0022500609,2026-01-19,2025-26,PHI,IND,1,0.809336
0022500610,2026-01-19,2025-26,BKN,PHX,0,0.3018151
0022500611,2026-01-19,2025-26,SAS,UTA,1,0.8216756
0022500612,2026-01-19,2025-26,GSW,MIA,1,0.7126448
0022500613,2026-01-20,2025-26,PHI,PHX,0,0.4598236
0022500614,2026-01-20,2025-26,CHI,LAC,1,0.5674254
0022500615,2026-01-20,2025-26,HOU,SAS,1,0.67824376
0022500616,2026-01-20,2025-26,UTA,MIN,1,0.20502649
0022500617,2026-01-20,2025-26,DEN,LAL,0,0.63375133
0022500618,2026-01-20,2025-26,GSW,TOR,0,0.6480847
0022500619,2026-01-20,2025-26,SAC,MIA,0,0.5070678
0022500620,2026-01-21,2025-26,CHA,CLE,0,0.65524316
0022500621,2026-01-21,2025-26,BOS,IND,1,0.8273632
0022500622,2026-01-21,2025-26,NYK,BKN,1,0.67268616
0022500623,2026-01-21,2025-26,MEM,ATL,0,0.60794795
0022500624,2026-01-21,2025-26,NOP,DET,0,0.36100245
0022500625,2026-01-21,2025-26,MIL,OKC,0,0.28260922
0022500626,2026-01-21,2025-26,SAC,TOR,0,0.33673579
0022500627,2026-01-22,2025-26,ORL,CHA,0,0.5435273
0022500628,2026-01-22,2025-26,PHI,HOU,1,0.55625886
0022500629,2026-01-22,2025-26,WAS,DEN,0,0.30025718
0022500630,2026-01-22,2025-26,DAL,GSW,1,0.4612428
0022500631,2026-01-22,2025-26,MIN,CHI,0,0.6837087
0022500632,2026-01-22,2025-26,UTA,SAS,0,0.3247754
0022500633,2026-01-22,2025-26,LAC,LAL,1,0.67276937
0022500634,2026-01-22,2025-26,POR,MIA,1,0.7253903
0022500635,2026-01-23,2025-26,DET,HOU,0,0.69853276
0022500636,2026-01-23,2025-26,ATL,PHX,1,0.38901475
0022500637,2026-01-23,2025-26,BKN,BOS,0,0.36782694
0022500638,2026-01-23,2025-26,CLE,SAC,1,0.7512975
0022500639,2026-01-23,2025-26,MEM,NOP,0,0.58706117
0022500640,2026-01-23,2025-26,MIL,DEN,0,0.719935
0022500641,2026-01-23,2025-26,OKC,IND,0,0.853751
0022500642,2026-01-23,2025-26,POR,TOR,0,0.3886238
0022500643,2026-01-24,2025-26,PHI,NYK,0,0.65138423
0022500645,2026-01-24,2025-26,CHA,WAS,1,0.840924
0022500646,2026-01-24,2025-26,ORL,CLE,0,0.54038024
0022500647,2026-01-24,2025-26,CHI,BOS,1,0.56966215
0022500648,2026-01-24,2025-26,DAL,LAL,0,0.5083178
0022500649,2026-01-24,2025-26,UTA,MIA,0,0.46639398
0022500644,2026-01-25,2025-26,MIN,GSW,0,0.6774836
0022500650,2026-01-25,2025-26,DET,SAC,1,0.8434161
0022500653,2026-01-25,2025-26,OKC,TOR,0,0.6655836
0022500654,2026-01-25,2025-26,SAS,NOP,0,0.7359018
0022500655,2026-01-25,2025-26,PHX,MIA,0,0.73408043
0022500656,2026-01-25,2025-26,LAC,BKN,1,0.7939693
0022500657,2026-01-26,2025-26,CHA,PHI,1,0.67854434
0022500658,2026-01-26,2025-26,CLE,ORL,1,0.69635564
0022500659,2026-01-26,2025-26,ATL,IND,1,0.7345229
0022500660,2026-01-26,2025-26,BOS,POR,1,0.70478714
0022500661,2026-01-26,2025-26,CHI,LAL,0,0.5461789
0022500662,2026-01-26,2025-26,HOU,MEM,1,0.75558776
0022500663,2026-01-26,2025-26,MIN,GSW,1,0.68010575
0022500664,2026-01-27,2025-26,WAS,POR,1,0.33811557
0022500665,2026-01-27,2025-26,NYK,SAC,1,0.8077461
0022500666,2026-01-27,2025-26,PHI,MIL,1,0.7733302
0022500667,2026-01-27,2025-26,OKC,NOP,1,0.72323644
0022500668,2026-01-27,2025-26,DEN,DET,0,0.359102
0022500669,2026-01-27,2025-26,PHX,BKN,1,0.69717723
0022500670,2026-01-27,2025-26,UTA,LAC,0,0.19112076
0022500671,2026-01-28,2025-26,CLE,LAL,1,0.53615695
0022500672,2026-01-28,2025-26,IND,CHI,1,0.3423355
0022500673,2026-01-28,2025-26,BOS,ATL,0,0.69638187
0022500674,2026-01-28,2025-26,MIA,ORL,0,0.57619977
0022500675,2026-01-28,2025-26,TOR,NYK,0,0.73626006
0022500676,2026-01-28,2025-26,MEM,CHA,0,0.33799362
0022500677,2026-01-28,2025-26,DAL,MIN,0,0.3594658
0022500678,2026-01-28,2025-26,UTA,GSW,0,0.2726092
0022500679,2026-01-28,2025-26,HOU,SAS,0,0.6111391
0022500529,2026-01-29,2025-26,CHI,MIA,0,0.67755127
0022500680,2026-01-29,2025-26,PHI,SAC,1,0.8198423
0022500681,2026-01-29,2025-26,WAS,MIL,1,0.5404028
0022500682,2026-01-29,2025-26,ATL,HOU,0,0.41943023
0022500683,2026-01-29,2025-26,DAL,CHA,0,0.36079103
0022500684,2026-01-29,2025-26,DEN,BKN,1,0.7548767
0022500685,2026-01-29,2025-26,PHX,DET,1,0.42797792
0022500686,2026-01-29,2025-26,MIN,OKC,1,0.43788216
0022500687,2026-01-30,2025-26,ORL,TOR,1,0.43771106
0022500688,2026-01-30,2025-26,WAS,LAL,0,0.29272038
0022500689,2026-01-30,2025-26,BOS,SAC,1,0.8484208
0022500690,2026-01-30,2025-26,NYK,POR,1,0.5571443
0022500691,2026-01-30,2025-26,NOP,MEM,1,0.6497972
0022500693,2026-01-30,2025-26,PHX,CLE,1,0.52620316
0022500694,2026-01-30,2025-26,UTA,BKN,0,0.59280235
0022500695,2026-01-30,2025-26,DEN,LAC,1,0.44926876
0022500696,2026-01-30,2025-26,GSW,DET,0,0.6521995
0022500692,2026-01-31,2025-26,MIA,CHI,0,0.6625521
0022500697,2026-01-31,2025-26,CHA,SAS,1,0.6212513
0022500698,2026-01-31,2025-26,IND,ATL,1,0.4249998
0022500699,2026-01-31,2025-26,PHI,NOP,1,0.75281686
0022500700,2026-01-31,2025-26,MEM,MIN,0,0.24077743
0022500701,2026-01-31,2025-26,HOU,DAL,1,0.7015011
0022500702,2026-02-01,2025-26,BOS,MIL,1,0.8460735
0022500703,2026-02-01,2025-26,SAS,ORL,1,0.611862
0022500704,2026-02-01,2025-26,DET,BKN,1,0.8580563
0022500705,2026-02-01,2025-26,MIA,CHI,1,0.53325725
0022500706,2026-02-01,2025-26,TOR,UTA,1,0.8313556
0022500707,2026-02-01,2025-26,WAS,SAC,1,0.6428717
0022500708,2026-02-01,2025-26,NYK,LAL,1,0.5749585
0022500709,2026-02-01,2025-26,PHX,LAC,0,0.5654765
0022500710,2026-02-01,2025-26,POR,CLE,0,0.3939931
0022500711,2026-02-01,2025-26,DEN,OKC,0,0.5113237
0022500712,2026-02-02,2025-26,CHA,NOP,1,0.7657625
0022500713,2026-02-02,2025-26,IND,HOU,0,0.34753355
0022500714,2026-02-02,2025-26,MEM,MIN,1,0.28350198
0022500715,2026-02-02,2025-26,LAC,PHI,0,0.49201998
0022500716,2026-02-03,2025-26,DET,DEN,1,0.6053419
0022500717,2026-02-03,2025-26,IND,UTA,0,0.44473767
0022500718,2026-02-03,2025-26,WAS,NYK,0,0.2895116
0022500719,2026-02-03,2025-26,BKN,LAL,0,0.28925258
0022500720,2026-02-03,2025-26,MIA,ATL,0,0.6127784
0022500721,2026-02-03,2025-26,DAL,BOS,0,0.3571393
0022500722,2026-02-03,2025-26,MIL,CHI,1,0.40044025
0022500723,2026-02-03,2025-26,OKC,ORL,1,0.781022
0022500724,2026-02-03,2025-26,GSW,PHI,0,0.6879193
0022500725,2026-02-03,2025-26,POR,PHX,0,0.43232092
0022500726,2026-02-04,2025-26,NYK,DEN,1,0.41601503
0022500727,2026-02-04,2025-26,TOR,MIN,0,0.48302776
0022500728,2026-02-04,2025-26,HOU,BOS,0,0.7239528
0022500729,2026-02-04,2025-26,MIL,NOP,1,0.38019472
0022500730,2026-02-04,2025-26,SAS,OKC,1,0.7301454
0022500731,2026-02-04,2025-26,SAC,MEM,0,0.46859103
0022500732,2026-02-04,2025-26,LAC,CLE,0,0.59421915
0022500733,2026-02-05,2025-26,DET,WAS,0,0.8752475
0022500734,2026-02-05,2025-26,ORL,BKN,1,0.7434421
0022500735,2026-02-05,2025-26,ATL,UTA,1,0.7763937
0022500736,2026-02-05,2025-26,TOR,CHI,1,0.73041606
0022500737,2026-02-05,2025-26,HOU,CHA,0,0.42942825
0022500738,2026-02-05,2025-26,DAL,SAS,0,0.46376324
0022500739,2026-02-05,2025-26,PHX,GSW,0,0.6016366
0022500740,2026-02-05,2025-26,LAL,PHI,1,0.61651343
0022500741,2026-02-06,2025-26,BOS,MIA,1,0.74522257
0022500742,2026-02-06,2025-26,DET,NYK,1,0.63142896
0022500743,2026-02-06,2025-26,MIL,IND,1,0.6380017
0022500744,2026-02-06,2025-26,MIN,NOP,0,0.7874004
0022500745,2026-02-06,2025-26,POR,MEM,1,0.7042254
0022500746,2026-02-06,2025-26,SAC,LAC,0,0.2913341
0022500747,2026-02-07,2025-26,BKN,WAS,1,0.687197
0022500748,2026-02-07,2025-26,OKC,HOU,0,0.68377566
0022500749,2026-02-07,2025-26,SAS,DAL,1,0.7431685
0022500750,2026-02-07,2025-26,ORL,UTA,1,0.6434324
0022500751,2026-02-07,2025-26,ATL,CHA,0,0.40920737
0022500752,2026-02-07,2025-26,CHI,DEN,0,0.27046746
0022500753,2026-02-07,2025-26,LAL,GSW,1,0.6197997
0022500754,2026-02-07,2025-26,PHX,PHI,0,0.53973764
0022500755,2026-02-07,2025-26,POR,MEM,1,0.77950776
0022500756,2026-02-07,2025-26,SAC,CLE,0,0.18513449
0022500757,2026-02-08,2025-26,BOS,NYK,0,0.69676614
0022500758,2026-02-08,2025-26,WAS,MIA,0,0.20148997
0022500759,2026-02-08,2025-26,TOR,IND,1,0.81404907
0022500760,2026-02-08,2025-26,MIN,LAC,0,0.74605036
0022500761,2026-02-09,2025-26,CHA,DET,0,0.5638922
0022500762,2026-02-09,2025-26,BKN,CHI,1,0.36509418
0022500763,2026-02-09,2025-26,MIA,UTA,0,0.6539312
0022500764,2026-02-09,2025-26,ORL,MIL,1,0.7255369
0022500765,2026-02-09,2025-26,MIN,ATL,1,0.7919498
0022500766,2026-02-09,2025-26,NOP,SAC,1,0.80717885
0022500767,2026-02-09,2025-26,DEN,CLE,0,0.6292352
0022500768,2026-02-09,2025-26,GSW,MEM,1,0.719145
0022500769,2026-02-09,2025-26,LAL,OKC,0,0.46741894
0022500770,2026-02-09,2025-26,POR,PHI,1,0.66596276
0022500771,2026-02-10,2025-26,NYK,IND,0,0.7607954
0022500772,2026-02-10,2025-26,HOU,LAC,1,0.7102531
0022500773,2026-02-10,2025-26,PHX,DAL,1,0.74356323
0022500774,2026-02-10,2025-26,LAL,SAS,0,0.20870274
0022500775,2026-02-11,2025-26,CHA,ATL,1,0.67535436
0022500776,2026-02-11,2025-26,CLE,WAS,1,0.89584553
0022500777,2026-02-11,2025-26,ORL,MIL,0,0.7714009
0022500778,2026-02-11,2025-26,BOS,CHI,1,0.8489384
0022500779,2026-02-11,2025-26,BKN,IND,0,0.6627539
0022500780,2026-02-11,2025-26,PHI,NYK,0,0.4555184
0022500781,2026-02-11,2025-26,TOR,DET,0,0.5608669
0022500782,2026-02-11,2025-26,HOU,LAC,0,0.6165224
0022500783,2026-02-11,2025-26,MIN,POR,1,0.6859497
0022500784,2026-02-11,2025-26,NOP,MIA,0,0.56011003
0022500785,2026-02-11,2025-26,PHX,OKC,0,0.33057138
0022500786,2026-02-11,2025-26,UTA,SAC,1,0.75727856
0022500787,2026-02-11,2025-26,DEN,MEM,1,0.86420786
0022500788,2026-02-11,2025-26,GSW,SAS,0,0.3954545
0022500789,2026-02-12,2025-26,OKC,MIL,0,0.8094791
0022500790,2026-02-12,2025-26,UTA,POR,0,0.3251985
0022500791,2026-02-12,2025-26,LAL,DAL,1,0.7197193
0022500792,2026-02-19,2025-26,CHA,HOU,0,0.61344975
0022500793,2026-02-19,2025-26,CLE,BKN,1,0.8817227
0022500794,2026-02-19,2025-26,PHI,ATL,0,0.46683586
0022500795,2026-02-19,2025-26,WAS,IND,1,0.4419685
0022500796,2026-02-19,2025-26,NYK,DET,0,0.4941133
0022500797,2026-02-19,2025-26,CHI,TOR,0,0.3411372
0022500798,2026-02-19,2025-26,SAS,PHX,1,0.7524079
0022500799,2026-02-19,2025-26,GSW,BOS,0,0.35126686
0022500800,2026-02-19,2025-26,SAC,ORL,0,0.24136789
0022500801,2026-02-19,2025-26,LAC,DEN,1,0.41312367
0022500802,2026-02-20,2025-26,CHA,CLE,0,0.3691806
0022500803,2026-02-20,2025-26,WAS,IND,1,0.48528907
0022500804,2026-02-20,2025-26,MEM,UTA,1,0.4182443
0022500805,2026-02-20,2025-26,ATL,MIA,0,0.40518102
0022500806,2026-02-20,2025-26,MIN,DAL,1,0.867705
0022500807,2026-02-20,2025-26,NOP,MIL,0,0.61479855
0022500808,2026-02-20,2025-26,OKC,BKN,1,0.86401755
0022500809,2026-02-20,2025-26,LAL,LAC,1,0.7439273
0022500810,2026-02-20,2025-26,POR,DEN,0,0.62638825
0022500811,2026-02-21,2025-26,PHX,ORL,1,0.6018473
0022500812,2026-02-21,2025-26,NOP,PHI,1,0.46940777
0022500813,2026-02-21,2025-26,MIA,MEM,1,0.8323667
0022500814,2026-02-21,2025-26,CHI,DET,0,0.23875904
0022500815,2026-02-21,2025-26,SAS,SAC,1,0.9100358
0022500816,2026-02-21,2025-26,NYK,HOU,1,0.64845425
0022500817,2026-02-22,2025-26,OKC,CLE,1,0.37204322
0022500818,2026-02-22,2025-26,ATL,BKN,1,0.79762596
0022500819,2026-02-22,2025-26,MIL,TOR,0,0.38789493
0022500820,2026-02-22,2025-26,GSW,DEN,1,0.31888986
0022500821,2026-02-22,2025-26,IND,DAL,0,0.5463498
0022500822,2026-02-22,2025-26,WAS,CHA,0,0.26143333
0022500823,2026-02-22,2025-26,LAL,BOS,0,0.5398887
0022500824,2026-02-22,2025-26,MIN,PHI,0,0.8110702
0022500825,2026-02-22,2025-26,CHI,NYK,0,0.26177052
0022500826,2026-02-22,2025-26,PHX,POR,0,0.34115848
0022500827,2026-02-22,2025-26,LAC,ORL,0,0.66416186
0022500828,2026-02-23,2025-26,DET,SAS,0,0.5551813
0022500829,2026-02-23,2025-26,MEM,SAC,0,0.5905841
0022500830,2026-02-23,2025-26,HOU,UTA,1,0.7422935
0022500831,2026-02-24,2025-26,IND,PHI,0,0.31434944
0022500832,2026-02-24,2025-26,ATL,WAS,1,0.8230687
0022500833,2026-02-24,2025-26,BKN,DAL,0,0.4265483
0022500834,2026-02-24,2025-26,TOR,OKC,0,0.6634835
0022500835,2026-02-24,2025-26,CLE,NYK,1,0.6535519
0022500836,2026-02-24,2025-26,CHI,CHA,0,0.23187186
0022500837,2026-02-24,2025-26,MIL,MIA,1,0.36543226
0022500838,2026-02-24,2025-26,NOP,GSW,1,0.60528004
0022500839,2026-02-24,2025-26,PHX,BOS,0,0.3652876
0022500840,2026-02-24,2025-26,LAL,ORL,0,0.71474445
0022500841,2026-02-24,2025-26,POR,MIN,0,0.4152365
0022500842,2026-02-25,2025-26,DET,OKC,1,0.844946
0022500843,2026-02-25,2025-26,TOR,SAS,0,0.39421654
0022500844,2026-02-25,2025-26,MEM,GSW,0,0.4490697
0022500845,2026-02-25,2025-26,HOU,SAC,1,0.82077646
0022500846,2026-02-25,2025-26,MIL,CLE,1,0.45107564
0022500847,2026-02-25,2025-26,DEN,BOS,1,0.657254
0022500848,2026-02-26,2025-26,IND,CHA,0,0.21022122
0022500849,2026-02-26,2025-26,PHI,MIA,1,0.5066672
0022500850,2026-02-26,2025-26,ATL,WAS,1,0.79304814
0022500851,2026-02-26,2025-26,BKN,SAS,0,0.17391029
0022500852,2026-02-26,2025-26,ORL,HOU,0,0.562685
0022500853,2026-02-26,2025-26,CHI,POR,0,0.34717098
0022500854,2026-02-26,2025-26,DAL,SAC,0,0.822008
0022500855,2026-02-26,2025-26,PHX,LAL,1,0.281092
0022500856,2026-02-26,2025-26,UTA,NOP,0,0.2629411
0022500857,2026-02-26,2025-26,LAC,MIN,0,0.29560238
0022500858,2026-02-27,2025-26,DET,CLE,1,0.749701
0022500859,2026-02-27,2025-26,BOS,BKN,1,0.880558
0022500860,2026-02-27,2025-26,MIL,NYK,0,0.3253776
0022500861,2026-02-27,2025-26,DAL,MEM,0,0.7504895
0022500862,2026-02-27,2025-26,OKC,DEN,1,0.57836217
0022500863,2026-02-28,2025-26,CHA,POR,1,0.76841486
0022500864,2026-02-28,2025-26,MIA,HOU,1,0.5916635
0022500865,2026-02-28,2025-26,WAS,TOR,0,0.19178864
0022500866,2026-02-28,2025-26,GSW,LAL,0,0.4856848
0022500867,2026-02-28,2025-26,UTA,NOP,0,0.3625944
0022500868,2026-03-01,2025-26,NYK,SAS,1,0.4533173
0022500869,2026-03-01,2025-26,BKN,CLE,0,0.20523341
0022500870,2026-03-01,2025-26,CHI,MIL,1,0.3995791
0022500871,2026-03-01,2025-26,DEN,MIN,0,0.53844446
0022500872,2026-03-01,2025-26,IND,MEM,0,0.55896175
0022500873,2026-03-01,2025-26,ATL,POR,1,0.74545735
0022500874,2026-03-01,2025-26,BOS,PHI,1,0.80332255
0022500875,2026-03-01,2025-26,ORL,DET,0,0.34741995
0022500876,2026-03-01,2025-26,DAL,OKC,0,0.21458846
0022500877,2026-03-01,2025-26,LAC,NOP,1,0.59384
0022500878,2026-03-01,2025-26,LAL,SAC,1,0.8610924
0022500879,2026-03-02,2025-26,WAS,HOU,0,0.1973199
0022500880,2026-03-02,2025-26,MIL,BOS,0,0.37612346
0022500881,2026-03-02,2025-26,UTA,DEN,0,0.29012224
0022500882,2026-03-02,2025-26,GSW,LAC,0,0.5541519
0022500883,2026-03-03,2025-26,CHA,DAL,1,0.8862115
0022500884,2026-03-03,2025-26,CLE,DET,1,0.49002358
0022500885,2026-03-03,2025-26,ORL,WAS,1,0.8967948
0022500886,2026-03-03,2025-26,MIA,BKN,1,0.88100547
0022500887,2026-03-03,2025-26,TOR,NYK,0,0.48669666
0022500888,2026-03-03,2025-26,PHI,SAS,0,0.23273322
0022500889,2026-03-03,2025-26,CHI,OKC,0,0.28957742
0022500890,2026-03-03,2025-26,MIN,MEM,1,0.8195542
0022500891,2026-03-03,2025-26,LAL,NOP,1,0.64598984
0022500892,2026-03-03,2025-26,SAC,PHX,0,0.24872315
0022500893,2026-03-04,2025-26,NYK,OKC,0,0.54477185
0022500894,2026-03-04,2025-26,BOS,CHA,0,0.6535512
0022500895,2026-03-04,2025-26,PHI,UTA,1,0.56675225
0022500896,2026-03-04,2025-26,MEM,POR,0,0.33780906
0022500897,2026-03-04,2025-26,MIL,ATL,0,0.30038968
0022500898,2026-03-04,2025-26,LAC,IND,1,0.7843612
0022500899,2026-03-05,2025-26,ORL,DAL,1,0.7511045
0022500900,2026-03-05,2025-26,WAS,UTA,0,0.43425554
0022500901,2026-03-05,2025-26,MIA,BKN,1,0.888001
0022500902,2026-03-05,2025-26,HOU,GSW,0,0.7935128
0022500903,2026-03-05,2025-26,MIN,TOR,1,0.58255786
0022500904,2026-03-05,2025-26,SAS,DET,1,0.678728
0022500905,2026-03-05,2025-26,PHX,CHI,0,0.82708323
0022500906,2026-03-05,2025-26,DEN,LAL,1,0.57467955
0022500907,2026-03-05,2025-26,SAC,NOP,0,0.2305164
0022500908,2026-03-06,2025-26,BOS,DAL,1,0.8852616
0022500909,2026-03-06,2025-26,CHA,MIA,0,0.7674715
0022500910,2026-03-06,2025-26,HOU,POR,1,0.6316447
0022500911,2026-03-06,2025-26,DEN,NYK,0,0.47115576
0022500912,2026-03-06,2025-26,PHX,NOP,1,0.4428942
0022500913,2026-03-06,2025-26,SAS,LAC,1,0.707995
0022500914,2026-03-06,2025-26,LAL,IND,1,0.79188603
0022500915,2026-03-07,2025-26,MIN,ORL,0,0.6835696
0022500916,2026-03-07,2025-26,DET,BKN,0,0.83710766
0022500917,2026-03-07,2025-26,ATL,PHI,1,0.7855386
0022500918,2026-03-07,2025-26,MEM,LAC,0,0.32073838
0022500919,2026-03-07,2025-26,MIL,UTA,1,0.62073326
0022500920,2026-03-07,2025-26,OKC,GSW,1,0.8133168
0022500921,2026-03-08,2025-26,CLE,BOS,0,0.44385794
0022500922,2026-03-08,2025-26,LAL,NYK,1,0.4004849
0022500923,2026-03-08,2025-26,MIA,DET,1,0.6629929
0022500924,2026-03-08,2025-26,TOR,DAL,1,0.7900585
0022500925,2026-03-08,2025-26,NOP,WAS,1,0.86635673
0022500926,2026-03-08,2025-26,MIL,ORL,0,0.2985505
0022500927,2026-03-08,2025-26,SAS,HOU,1,0.7520532
0022500928,2026-03-08,2025-26,PHX,CHA,1,0.21113202
0022500929,2026-03-08,2025-26,POR,IND,1,0.76065123
0022500930,2026-03-08,2025-26,SAC,CHI,1,0.39933687
0022500931,2026-03-09,2025-26,CLE,PHI,1,0.8787449
0022500932,2026-03-09,2025-26,BKN,MEM,1,0.36857694
0022500933,2026-03-09,2025-26,OKC,DEN,1,0.56044126
0022500934,2026-03-09,2025-26,UTA,GSW,1,0.5766733
0022500935,2026-03-09,2025-26,LAC,NYK,1,0.5240036
0022500936,2026-03-10,2025-26,PHI,MEM,1,0.49882463
0022500937,2026-03-10,2025-26,BKN,DET,0,0.17121848
0022500938,2026-03-10,2025-26,MIA,WAS,1,0.8952065
0022500939,2026-03-10,2025-26,ATL,DAL,1,0.82651824
0022500940,2026-03-10,2025-26,HOU,TOR,1,0.5145036
0022500941,2026-03-10,2025-26,MIL,PHX,0,0.45796385
0022500942,2026-03-10,2025-26,SAS,BOS,1,0.5998622
0022500943,2026-03-10,2025-26,GSW,CHI,0,0.65899444
0022500944,2026-03-10,2025-26,POR,CHA,0,0.37063965
0022500945,2026-03-10,2025-26,SAC,IND,1,0.52580124
0022500946,2026-03-10,2025-26,LAL,MIN,1,0.5377622
0022500947,2026-03-11,2025-26,ORL,CLE,1,0.43512827
0022500948,2026-03-11,2025-26,NOP,TOR,1,0.6520485
0022500949,2026-03-11,2025-26,UTA,NYK,0,0.24337114
0022500950,2026-03-11,2025-26,DEN,HOU,1,0.74487394
0022500951,2026-03-11,2025-26,SAC,CHA,0,0.14511964
0022500952,2026-03-11,2025-26,LAC,MIN,1,0.6579279
0022500953,2026-03-12,2025-26,DET,PHI,1,0.853461
0022500954,2026-03-12,2025-26,IND,PHX,0,0.36822638
0022500955,2026-03-12,2025-26,ORL,WAS,1,0.81598663
0022500956,2026-03-12,2025-26,ATL,BKN,1,0.9202427
0022500957,2026-03-12,2025-26,MIA,MIL,1,0.8002431
0022500958,2026-03-12,2025-26,SAS,DEN,0,0.69573504
0022500959,2026-03-12,2025-26,OKC,BOS,1,0.66458344
0022500960,2026-03-12,2025-26,LAL,CHI,1,0.8418713
0022501111,2026-03-12,2025-26,MEM,DAL,0,0.4844793
0022500961,2026-03-13,2025-26,DET,MEM,1,0.8603269
0022500962,2026-03-13,2025-26,IND,NYK,0,0.19391827
0022500963,2026-03-13,2025-26,TOR,PHX,1,0.66134006
0022500964,2026-03-13,2025-26,HOU,NOP,1,0.44513693
0022500965,2026-03-13,2025-26,DAL,CLE,0,0.20116562
0022500966,2026-03-13,2025-26,GSW,MIN,0,0.4267548
0022500967,2026-03-13,2025-26,POR,UTA,1,0.86778927
0022500968,2026-03-13,2025-26,LAC,CHI,1,0.873282
0022500969,2026-03-14,2025-26,PHI,BKN,1,0.7391694
0022500970,2026-03-14,2025-26,ATL,MIL,1,0.8342684
0022500971,2026-03-14,2025-26,BOS,WAS,1,0.89195436
0022500972,2026-03-14,2025-26,MIA,ORL,0,0.6462931
0022500973,2026-03-14,2025-26,SAS,CHA,1,0.6180813
0022500974,2026-03-14,2025-26,LAL,DEN,1,0.5481163
0022500975,2026-03-14,2025-26,LAC,SAC,0,0.84195703
0022500976,2026-03-15,2025-26,OKC,MIN,1,0.74462783
0022500977,2026-03-15,2025-26,CLE,DAL,0,0.8844087
0022500978,2026-03-15,2025-26,TOR,DET,1,0.39589798
0022500979,2026-03-15,2025-26,MIL,IND,1,0.70760036
0022500980,2026-03-15,2025-26,PHI,POR,1,0.2182157
0022500981,2026-03-15,2025-26,NYK,GSW,1,0.8948382
0022500982,2026-03-15,2025-26,SAC,UTA,1,0.84028053
0022500983,2026-03-16,2025-26,ATL,ORL,1,0.69899684
0022500984,2026-03-16,2025-26,WAS,GSW,0,0.41778132
0022500985,2026-03-16,2025-26,BKN,POR,0,0.19798703
0022500986,2026-03-16,2025-26,BOS,PHX,1,0.7687527
0022500987,2026-03-16,2025-26,CHI,MEM,1,0.7100947
0022500988,2026-03-16,2025-26,NOP,DAL,1,0.84794515
0022500989,2026-03-16,2025-26,HOU,LAL,0,0.4237705
0022500990,2026-03-16,2025-26,LAC,SAS,0,0.33250985
0022500991,2026-03-17,2025-26,CHA,MIA,1,0.6661817
0022500992,2026-03-17,2025-26,ORL,OKC,0,0.3256767
0022500993,2026-03-17,2025-26,WAS,DET,0,0.15046322
0022500994,2026-03-17,2025-26,NYK,IND,1,0.879062
0022500995,2026-03-17,2025-26,MIL,CLE,0,0.2741689
0022500996,2026-03-17,2025-26,MIN,PHX,1,0.6474914
0022500997,2026-03-17,2025-26,DEN,PHI,1,0.8793636
0022500998,2026-03-17,2025-26,SAC,SAS,0,0.21753769
0022500651,2026-03-18,2025-26,MEM,DEN,1,0.25599456
0022500999,2026-03-18,2025-26,BOS,GSW,1,0.8452346
0022501000,2026-03-18,2025-26,BKN,OKC,0,0.122660495
0022501001,2026-03-18,2025-26,IND,POR,0,0.19926982
0022501002,2026-03-18,2025-26,CHI,TOR,0,0.32192886
0022501004,2026-03-18,2025-26,MIN,UTA,1,0.75726396
0022501005,2026-03-18,2025-26,NOP,LAC,1,0.60106045
0022501006,2026-03-18,2025-26,DAL,ATL,0,0.18684834
0022501007,2026-03-18,2025-26,HOU,LAL,0,0.35951406
0022501008,2026-03-19,2025-26,CHA,ORL,1,0.79114485
0022501009,2026-03-19,2025-26,WAS,DET,0,0.21106622
0022501010,2026-03-19,2025-26,MIA,LAL,0,0.5696122
0022501011,2026-03-19,2025-26,CHI,CLE,0,0.22923952
0022501012,2026-03-19,2025-26,NOP,LAC,1,0.7302876
0022501013,2026-03-19,2025-26,SAS,PHX,1,0.84794945
0022501014,2026-03-19,2025-26,UTA,MIL,1,0.2551033
0022501015,2026-03-19,2025-26,SAC,PHI,0,0.6440803
0022501016,2026-03-20,2025-26,BKN,NYK,0,0.09799658
0022501017,2026-03-20,2025-26,DET,GSW,1,0.7085053
0022501018,2026-03-20,2025-26,HOU,ATL,1,0.30166158
0022501019,2026-03-20,2025-26,MEM,BOS,0,0.18004142
0022501020,2026-03-20,2025-26,MIN,POR,0,0.43351647
0022501021,2026-03-20,2025-26,DEN,TOR,1,0.7313501
0022501022,2026-03-21,2025-26,WAS,OKC,0,0.13694327
0022501023,2026-03-21,2025-26,CHA,MEM,1,0.91524553
0022501024,2026-03-21,2025-26,ORL,LAL,0,0.40052223
0022501025,2026-03-21,2025-26,NOP,CLE,0,0.5050639
0022501026,2026-03-21,2025-26,ATL,GSW,1,0.8640468
0022501027,2026-03-21,2025-26,HOU,MIA,1,0.35523233
0022501028,2026-03-21,2025-26,SAS,IND,1,0.8608287
0022501029,2026-03-21,2025-26,DAL,LAC,0,0.2320518
0022501030,2026-03-21,2025-26,UTA,PHI,0,0.54330045
0022501031,2026-03-21,2025-26,PHX,MIL,0,0.70139486
0022501032,2026-03-22,2025-26,DEN,POR,1,0.74462426
0022501033,2026-03-22,2025-26,SAC,BKN,1,0.7764782
0022501034,2026-03-22,2025-26,NYK,WAS,1,0.91915387
0022501035,2026-03-22,2025-26,BOS,MIN,0,0.79763436
0022501036,2026-03-22,2025-26,PHX,TOR,1,0.30795497
0022501037,2026-03-23,2025-26,ATL,MEM,1,0.88824856
0022501038,2026-03-23,2025-26,DET,LAL,1,0.42141908
0022501039,2026-03-23,2025-26,ORL,IND,0,0.7987217
0022501040,2026-03-23,2025-26,PHI,OKC,0,0.16873151
0022501041,2026-03-23,2025-26,MIA,SAS,0,0.48809308
0022501042,2026-03-23,2025-26,CHI,HOU,1,0.34003502
0022501043,2026-03-23,2025-26,UTA,TOR,0,0.4208505
0022501044,2026-03-23,2025-26,DAL,GSW,0,0.37905586
0022501045,2026-03-23,2025-26,POR,BKN,1,0.893116
0022501046,2026-03-23,2025-26,LAC,MIL,1,0.8507362
0022501047,2026-03-24,2025-26,CHA,SAC,1,0.90770066
0022501048,2026-03-24,2025-26,NYK,NOP,1,0.65087366
0022501049,2026-03-24,2025-26,CLE,ORL,1,0.77536297
0022501050,2026-03-24,2025-26,PHX,DEN,0,0.33741245
0022501051,2026-03-25,2025-26,DET,ATL,0,0.36349708
0022501052,2026-03-25,2025-26,IND,LAL,0,0.21267949
0022501053,2026-03-25,2025-26,PHI,CHI,1,0.7499807
0022501054,2026-03-25,2025-26,BOS,OKC,1,0.4915622
0022501055,2026-03-25,2025-26,CLE,MIA,0,0.53394926
0022501056,2026-03-25,2025-26,MEM,SAS,0,0.14039195
0022501057,2026-03-25,2025-26,UTA,WAS,0,0.67985153
0022501058,2026-03-25,2025-26,MIN,HOU,1,0.5380493
0022501059,2026-03-25,2025-26,DEN,DAL,1,0.8706083
0022501060,2026-03-25,2025-26,GSW,BKN,1,0.845132
0022501061,2026-03-25,2025-26,POR,MIL,1,0.86254066
0022501062,2026-03-25,2025-26,LAC,TOR,1,0.7005614
0022501063,2026-03-26,2025-26,CHA,NYK,1,0.60236317
0022501064,2026-03-26,2025-26,DET,NOP,1,0.4528545
0022501065,2026-03-26,2025-26,ORL,SAC,1,0.87464744
0022501066,2026-03-27,2025-26,IND,LAC,0,0.22533613
0022501067,2026-03-27,2025-26,BOS,ATL,1,0.4046058
0022501068,2026-03-27,2025-26,CLE,MIA,1,0.55779874
0022501069,2026-03-27,2025-26,MEM,HOU,0,0.2288099
0022501070,2026-03-27,2025-26,OKC,CHI,1,0.87280816
0022501071,2026-03-27,2025-26,TOR,NOP,1,0.67193127
0022501072,2026-03-27,2025-26,DEN,UTA,1,0.89605814
0022501073,2026-03-27,2025-26,GSW,WAS,1,0.7348601
0022501074,2026-03-27,2025-26,POR,DAL,0,0.81652516
0022501075,2026-03-27,2025-26,LAL,BKN,1,0.93259084
0022501076,2026-03-28,2025-26,MIL,SAS,0,0.108576745
0022501077,2026-03-28,2025-26,CHA,PHI,0,0.6984854
0022501078,2026-03-28,2025-26,ATL,SAC,1,0.85815364
0022501079,2026-03-28,2025-26,MEM,CHI,1,0.33579782
0022501080,2026-03-28,2025-26,MIN,DET,0,0.39643374
0022501081,2026-03-28,2025-26,PHX,UTA,1,0.8629966
0022501082,2026-03-29,2025-26,MIL,LAC,0,0.10513298
0022501083,2026-03-29,2025-26,IND,MIA,1,0.23127225
0022501084,2026-03-29,2025-26,BKN,SAC,1,0.37183684
0022501085,2026-03-29,2025-26,CHA,BOS,0,0.7175419
0022501086,2026-03-29,2025-26,TOR,ORL,1,0.48110566
0022501087,2026-03-29,2025-26,POR,WAS,1,0.8418585
0022501088,2026-03-29,2025-26,NOP,HOU,0,0.525128
0022501089,2026-03-29,2025-26,OKC,NYK,1,0.6755017
0022501090,2026-03-29,2025-26,DEN,GSW,1,0.8334979
0022501091,2026-03-30,2025-26,MIA,PHI,1,0.46767312
0022501092,2026-03-30,2025-26,ATL,BOS,1,0.8084908
0022501093,2026-03-30,2025-26,MEM,PHX,0,0.19649594
0022501094,2026-03-30,2025-26,SAS,CHI,1,0.90869
0022501095,2026-03-30,2025-26,DAL,MIN,0,0.2849676
0022501096,2026-03-30,2025-26,UTA,CLE,0,0.17863454
0022501097,2026-03-30,2025-26,OKC,DET,1,0.7740714
0022501098,2026-03-30,2025-26,LAL,WAS,1,0.8844055
0022500652,2026-03-31,2025-26,MIL,DAL,1,0.4989348
0022501099,2026-03-31,2025-26,ORL,PHX,1,0.48790914
0022501100,2026-03-31,2025-26,BKN,CHA,0,0.11901539
0022501101,2026-03-31,2025-26,DET,TOR,1,0.52474415
0022501102,2026-03-31,2025-26,HOU,NYK,1,0.51804906
0022501103,2026-03-31,2025-26,LAL,CLE,1,0.603861
0022501104,2026-03-31,2025-26,LAC,POR,0,0.6904032
0022501003,2026-04-01,2025-26,MEM,NYK,0,0.21601523
0022501105,2026-04-01,2025-26,WAS,PHI,0,0.2166882
0022501106,2026-04-01,2025-26,MIA,BOS,0,0.5034255
0022501107,2026-04-01,2025-26,ORL,ATL,0,0.26575992
0022501108,2026-04-01,2025-26,TOR,SAC,0,0.8386436
0022501109,2026-04-01,2025-26,CHI,IND,0,0.5825382
0022501110,2026-04-01,2025-26,HOU,MIL,1,0.9284544
0022501112,2026-04-01,2025-26,UTA,DEN,0,0.15733986
0022501113,2026-04-01,2025-26,GSW,SAS,0,0.116697
0022501114,2026-04-02,2025-26,CHA,PHX,1,0.71867853
0022501115,2026-04-02,2025-26,DET,MIN,1,0.69101495
0022501116,2026-04-02,2025-26,OKC,LAL,1,0.6160452
0022501117,2026-04-02,2025-26,GSW,CLE,0,0.24667872
0022501118,2026-04-02,2025-26,POR,NOP,1,0.6115187
0022501119,2026-04-02,2025-26,LAC,SAS,0,0.5925967
0022501120,2026-04-03,2025-26,CHA,IND,1,0.8571699
0022501121,2026-04-03,2025-26,PHI,MIN,1,0.7549006
0022501122,2026-04-03,2025-26,BKN,ATL,0,0.08565491
0022501123,2026-04-03,2025-26,NYK,CHI,1,0.8414557
0022501124,2026-04-03,2025-26,HOU,UTA,1,0.87609786
0022501125,2026-04-03,2025-26,MEM,TOR,0,0.176434
0022501126,2026-04-03,2025-26,MIL,BOS,0,0.13412158
0022501127,2026-04-03,2025-26,DAL,ORL,0,0.3137855
0022501128,2026-04-03,2025-26,SAC,NOP,1,0.3640316
0022501129,2026-04-04,2025-26,MIA,WAS,1,0.8830143
0022501130,2026-04-04,2025-26,DEN,SAS,1,0.45630124
0022501131,2026-04-04,2025-26,PHI,DET,0,0.43607208
0022501132,2026-04-05,2025-26,BOS,TOR,1,0.73005384
0022501133,2026-04-05,2025-26,BKN,WAS,1,0.456446
0022501134,2026-04-05,2025-26,CHI,PHX,0,0.23269148
0022501135,2026-04-05,2025-26,MIL,MEM,1,0.80952114
0022501136,2026-04-05,2025-26,CLE,IND,1,0.85929906
0022501137,2026-04-05,2025-26,MIN,CHA,0,0.28359774
0022501138,2026-04-05,2025-26,NOP,ORL,0,0.35298607
0022501139,2026-04-05,2025-26,OKC,UTA,1,0.9215017
0022501140,2026-04-05,2025-26,DAL,LAL,1,0.33251327
0022501141,2026-04-05,2025-26,SAC,LAC,0,0.24061534
0022501142,2026-04-05,2025-26,GSW,HOU,0,0.3288336
0022501143,2026-04-06,2025-26,ATL,NYK,0,0.7207343
0022501144,2026-04-06,2025-26,ORL,DET,1,0.38543734
0022501145,2026-04-06,2025-26,MEM,CLE,0,0.13395363
0022501146,2026-04-06,2025-26,SAS,PHI,1,0.7226796
0022501147,2026-04-06,2025-26,DEN,POR,1,0.7114488
0022501148,2026-04-07,2025-26,WAS,CHI,0,0.52516544
0022501149,2026-04-07,2025-26,BOS,CHA,1,0.603202
0022501150,2026-04-07,2025-26,BKN,MIL,1,0.45567685
0022501151,2026-04-07,2025-26,TOR,MIA,1,0.52005875
0022501152,2026-04-07,2025-26,IND,MIN,0,0.35408688
0022501153,2026-04-07,2025-26,NOP,UTA,1,0.47866565
0022501154,2026-04-07,2025-26,GSW,SAC,1,0.73927134
0022501155,2026-04-07,2025-26,LAL,OKC,0,0.14466503
0022501156,2026-04-07,2025-26,LAC,DAL,1,0.8813229
0022501157,2026-04-07,2025-26,PHX,HOU,0,0.44417202
0022501158,2026-04-08,2025-26,CLE,ATL,1,0.43398136
0022501159,2026-04-08,2025-26,ORL,MIN,1,0.79923755
0022501160,2026-04-08,2025-26,DET,MIL,1,0.92533594
0022501161,2026-04-08,2025-26,SAS,POR,1,0.61630106
0022501162,2026-04-08,2025-26,DEN,MEM,1,0.9471632
0022501163,2026-04-08,2025-26,LAC,OKC,0,0.31013843
0022501164,2026-04-08,2025-26,PHX,DAL,1,0.86625314
0022501165,2026-04-09,2025-26,TOR,MIA,1,0.6024436
0022501166,2026-04-09,2025-26,WAS,CHI,0,0.37530008
0022501167,2026-04-09,2025-26,BKN,IND,0,0.337611
0022501168,2026-04-09,2025-26,NYK,BOS,1,0.55593485
0022501169,2026-04-09,2025-26,HOU,PHI,1,0.73460305
0022501170,2026-04-09,2025-26,GSW,LAL,0,0.3947904
0022501171,2026-04-10,2025-26,CHA,DET,0,0.54556525
0022501172,2026-04-10,2025-26,WAS,MIA,0,0.18878283
0022501173,2026-04-10,2025-26,ATL,CLE,1,0.7809793
0022501174,2026-04-10,2025-26,BOS,NOP,1,0.9090969
0022501175,2026-04-10,2025-26,IND,PHI,0,0.3035566
0022501176,2026-04-10,2025-26,NYK,TOR,1,0.64626783
0022501177,2026-04-10,2025-26,CHI,ORL,0,0.2673604
0022501178,2026-04-10,2025-26,HOU,MIN,0,0.70336854
0022501179,2026-04-10,2025-26,MIL,BKN,1,0.7302729
0022501180,2026-04-10,2025-26,SAS,DAL,1,0.90974927
0022501181,2026-04-10,2025-26,UTA,MEM,1,0.8263919
0022501182,2026-04-10,2025-26,DEN,OKC,1,0.48077023
0022501183,2026-04-10,2025-26,POR,LAC,1,0.4635727
0022501184,2026-04-10,2025-26,SAC,GSW,1,0.38998997
0022501185,2026-04-10,2025-26,LAL,PHX,1,0.5869524
0022501186,2026-04-12,2025-26,BOS,ORL,1,0.21832466
0022501187,2026-04-12,2025-26,CLE,WAS,1,0.7838452
0022501188,2026-04-12,2025-26,IND,DET,0,0.20115699
0022501189,2026-04-12,2025-26,MIA,ATL,1,0.9334774
0022501190,2026-04-12,2025-26,NYK,CHA,0,0.31186107
0022501191,2026-04-12,2025-26,PHI,MIL,1,0.82808036
0022501192,2026-04-12,2025-26,TOR,BKN,1,0.9262412
0022501193,2026-04-12,2025-26,DAL,CHI,1,0.47930235
0022501194,2026-04-12,2025-26,HOU,MEM,1,0.8858153
0022501195,2026-04-12,2025-26,MIN,NOP,1,0.72206116
0022501196,2026-04-12,2025-26,OKC,PHX,0,0.40210676
0022501197,2026-04-12,2025-26,SAS,DEN,0,0.7252329
0022501198,2026-04-12,2025-26,LAL,UTA,1,0.84649366
0022501199,2026-04-12,2025-26,LAC,GSW,1,0.70388407
0022501200,2026-04-12,2025-26,POR,SAC,1,0.8270995
