date,season,home,away,home_win,p_home
2024-10-22,2024-25,BOS,NYK,1,0.6995939915521786
2024-10-22,2024-25,LAL,MIN,1,0.5075671117675117
2024-10-23,2024-25,DET,IND,0,0.4239116665865961
2024-10-23,2024-25,ATL,BKN,1,0.6332821633032729
2024-10-23,2024-25,MIA,ORL,0,0.5613375732988152
2024-10-23,2024-25,PHI,MIL,0,0.41782817233052816
2024-10-23,2024-25,TOR,CLE,0,0.2973812927703507
2024-10-23,2024-25,HOU,CHA,0,0.7136113183141908
2024-10-23,2024-25,NOP,CHI,1,0.7116179840464558
2024-10-23,2024-25,UTA,MEM,0,0.48944512822145064
2024-10-23,2024-25,LAC,PHX,0,0.3281180388677078
2024-10-23,2024-25,POR,GSW,0,0.2184701499746738
2024-10-24,2024-25,WAS,BOS,0,0.09962927651980356
2024-10-24,2024-25,DAL,SAS,1,0.7897537017869708
2024-10-24,2024-25,DEN,OKC,0,0.5616604327579993
2024-10-24,2024-25,SAC,MIN,0,0.5246700660193893
2024-10-25,2024-25,ORL,BKN,1,0.7561456040672633
2024-10-25,2024-25,TOR,PHI,1,0.4032905532666499
2024-10-25,2024-25,ATL,CHA,1,0.5645973874673639
2024-10-25,2024-25,CLE,DET,1,0.7590316040002938
2024-10-25,2024-25,NYK,IND,1,0.6589618906645629
2024-10-25,2024-25,HOU,MEM,1,0.6144312856231487
2024-10-25,2024-25,MIL,CHI,0,0.7312024450503793
2024-10-25,2024-25,UTA,GSW,0,0.25164509982299893
2024-10-25,2024-25,LAL,PHX,1,0.4446436320141371
2024-10-25,2024-25,POR,NOP,0,0.19128090936254727
2024-10-26,2024-25,DEN,LAC,0,0.6923139514160199
2024-10-26,2024-25,CHA,MIA,0,0.4714832956537204
2024-10-26,2024-25,DET,BOS,0,0.15831293125039395
2024-10-26,2024-25,WAS,CLE,0,0.19827993396952337
2024-10-26,2024-25,CHI,OKC,0,0.3125223077609927
2024-10-26,2024-25,MEM,ORL,1,0.3728425270761157
2024-10-26,2024-25,MIN,TOR,1,0.8318915333854915
2024-10-26,2024-25,SAS,HOU,1,0.425789726621014
2024-10-26,2024-25,PHX,DAL,1,0.6342331113221944
2024-10-26,2024-25,LAL,SAC,1,0.621399002165543
2024-10-27,2024-25,IND,PHI,0,0.7413761858417248
2024-10-27,2024-25,BKN,MIL,1,0.32739946572011003
2024-10-27,2024-25,POR,NOP,1,0.20224346247710118
2024-10-27,2024-25,OKC,ATL,1,0.8144033532698881
2024-10-27,2024-25,GSW,LAC,0,0.7648052314546709
2024-10-28,2024-25,ORL,IND,1,0.5635220045643049
2024-10-28,2024-25,ATL,WAS,0,0.7069374166795993
2024-10-28,2024-25,BOS,MIL,1,0.798289753485545
2024-10-28,2024-25,MIA,DET,1,0.66007982912466
2024-10-28,2024-25,NYK,CLE,0,0.6550314783719637
2024-10-28,2024-25,TOR,DEN,0,0.3046544313853661
2024-10-28,2024-25,MEM,CHI,0,0.4950010321131839
2024-10-28,2024-25,SAS,HOU,0,0.41421111921368114
2024-10-28,2024-25,DAL,UTA,1,0.8215016160967871
2024-10-28,2024-25,PHX,LAL,1,0.6288070537956486
2024-10-28,2024-25,SAC,POR,1,0.8129900931034405
2024-10-29,2024-25,BKN,DEN,0,0.3081288907890645
2024-10-29,2024-25,MIN,DAL,0,0.5428909703126613
2024-10-29,2024-25,UTA,SAC,0,0.3169793291655295
2024-10-29,2024-25,GSW,NOP,1,0.6552900905053856
2024-10-30,2024-25,CHA,TOR,1,0.600846938975153
2024-10-30,2024-25,CLE,LAL,1,0.5946288083068555
2024-10-30,2024-25,IND,BOS,1,0.24812927042188468
2024-10-30,2024-25,PHI,DET,0,0.5301159657320353
2024-10-30,2024-25,WAS,ATL,1,0.4065788866630851
2024-10-30,2024-25,MIA,NYK,0,0.37077210460898447
2024-10-30,2024-25,CHI,ORL,1,0.3671143607727924
2024-10-30,2024-25,MEM,BKN,0,0.6202154464371902
2024-10-30,2024-25,OKC,SAS,1,0.8422573476747468
2024-10-30,2024-25,GSW,NOP,1,0.7709576661465031
2024-10-30,2024-25,LAC,POR,0,0.803118940202768
2024-10-31,2024-25,MEM,MIL,1,0.4060243943642481
2024-10-31,2024-25,DAL,HOU,0,0.6689757716092234
2024-10-31,2024-25,UTA,SAS,0,0.4587299224048561
2024-10-31,2024-25,LAC,PHX,0,0.40114000100940594
2024-11-01,2024-25,CHA,BOS,0,0.17061998087767202
2024-11-01,2024-25,CLE,ORL,1,0.6814615213510685
2024-11-01,2024-25,DET,NYK,0,0.29610335778979396
2024-11-01,2024-25,ATL,SAC,0,0.2764228730793656
2024-11-01,2024-25,BKN,CHI,1,0.5170850040713132
2024-11-01,2024-25,TOR,LAL,0,0.26772248855348213
2024-11-01,2024-25,NOP,IND,1,0.4332899010984564
2024-11-01,2024-25,MIN,DEN,1,0.5809481393721843
2024-11-01,2024-25,POR,OKC,0,0.18749328629994186
2024-11-02,2024-25,CHA,BOS,0,0.11329930348821972
2024-11-02,2024-25,PHI,MEM,0,0.5356713141828534
2024-11-02,2024-25,TOR,SAC,1,0.29642167985761997
2024-11-02,2024-25,HOU,GSW,0,0.40380664195049215
2024-11-02,2024-25,MIL,CLE,0,0.3750992126550462
2024-11-02,2024-25,SAS,MIN,1,0.38790056411045054
2024-11-02,2024-25,DEN,UTA,1,0.8589783573183114
2024-11-02,2024-25,PHX,POR,1,0.893288028280034
2024-11-02,2024-25,LAC,OKC,0,0.3424554409869982
2024-11-03,2024-25,BKN,DET,0,0.6105988741799212
2024-11-03,2024-25,NOP,ATL,0,0.639345877498351
2024-11-03,2024-25,DAL,ORL,1,0.627945936000708
2024-11-04,2024-25,CLE,MIL,1,0.7107560686788359
2024-11-04,2024-25,WAS,GSW,0,0.1573868571635144
2024-11-04,2024-25,DET,LAL,1,0.4114251312996748
2024-11-04,2024-25,ATL,BOS,0,0.16171375152920847
2024-11-04,2024-25,BKN,MEM,1,0.48327254190649205
2024-11-04,2024-25,MIA,SAC,0,0.4880347741071357
2024-11-04,2024-25,CHI,UTA,0,0.8198673831910205
2024-11-04,2024-25,HOU,NYK,1,0.38568312231789265
2024-11-04,2024-25,MIN,CHA,1,0.7581484112183673
2024-11-04,2024-25,OKC,ORL,1,0.8047251579773211
2024-11-04,2024-25,NOP,POR,0,0.6154205118728558
2024-11-04,2024-25,DAL,IND,0,0.6914576509553566
2024-11-04,2024-25,DEN,TOR,1,0.8073987057505208
2024-11-04,2024-25,PHX,PHI,1,0.7985310701978637
2024-11-04,2024-25,LAC,SAS,1,0.6200122156927478
2024-11-06,2024-25,CHA,DET,1,0.42747759176509137
2024-11-06,2024-25,IND,ORL,1,0.6705080523434239
2024-11-06,2024-25,ATL,NYK,1,0.19965807826310966
2024-11-06,2024-25,BOS,GSW,0,0.7283242439729795
2024-11-06,2024-25,HOU,SAS,1,0.649190688547153
2024-11-06,2024-25,MEM,LAL,1,0.5396833766741101
2024-11-06,2024-25,NOP,CLE,0,0.33687341464264114
2024-11-06,2024-25,DAL,CHI,1,0.7102447544036316
2024-11-06,2024-25,DEN,OKC,1,0.4548500600192933
2024-11-06,2024-25,PHX,MIA,1,0.7161711889486398
2024-11-06,2024-25,LAC,PHI,1,0.6384292496698569
2024-11-06,2024-25,SAC,TOR,1,0.748593227187294
2024-11-07,2024-25,CHI,MIN,0,0.3788574788132232
2024-11-07,2024-25,MIL,UTA,1,0.703954848920537
2024-11-07,2024-25,SAS,POR,1,0.6749210565866478
2024-11-08,2024-25,CHA,IND,1,0.3081532030918638
2024-11-08,2024-25,DET,ATL,1,0.6486219588072831
2024-11-08,2024-25,ORL,NOP,1,0.7512867468620686
2024-11-08,2024-25,BOS,BKN,1,0.8884797247396052
2024-11-08,2024-25,CLE,GSW,1,0.49097785742174954
2024-11-08,2024-25,NYK,MIL,1,0.7018875413045172
2024-11-08,2024-25,DAL,PHX,0,0.48350728039661045
2024-11-08,2024-25,MEM,WAS,1,0.7832746089161018
2024-11-08,2024-25,OKC,HOU,1,0.722903903567778
2024-11-08,2024-25,MIN,POR,1,0.8038635179025633
2024-11-08,2024-25,DEN,MIA,1,0.7211076945446594
2024-11-08,2024-25,LAL,PHI,1,0.737062673132782
2024-11-08,2024-25,SAC,LAC,0,0.6176778851957015
2024-11-09,2024-25,SAS,UTA,0,0.6630297425051784
2024-11-09,2024-25,ATL,CHI,0,0.5375582829727253
2024-11-09,2024-25,CLE,BKN,1,0.8139285627279159
2024-11-09,2024-25,LAC,TOR,1,0.7415187303524273
2024-11-10,2024-25,DET,HOU,0,0.42296698657868725
2024-11-10,2024-25,MIL,BOS,0,0.27333456787617705
2024-11-10,2024-25,IND,NYK,1,0.36937971174435147
2024-11-10,2024-25,ORL,WAS,1,0.8097622687069808
2024-11-10,2024-25,PHI,CHA,1,0.5421893353332957
2024-11-10,2024-25,MIN,MIA,0,0.6977149391117053
2024-11-10,2024-25,OKC,GSW,0,0.6266577927029559
2024-11-10,2024-25,DEN,DAL,1,0.6432676087256699
2024-11-10,2024-25,PHX,SAC,0,0.6342046706143527
2024-11-10,2024-25,POR,MEM,0,0.36686870072274186
2024-11-10,2024-25,LAL,TOR,1,0.7503922007563565
2024-11-11,2024-25,CHI,CLE,0,0.24571207062183906
2024-11-11,2024-25,HOU,WAS,1,0.8487947636120455
2024-11-11,2024-25,NOP,BKN,0,0.4023213697000855
2024-11-11,2024-25,OKC,LAC,1,0.7136814589261206
2024-11-11,2024-25,SAS,SAC,1,0.37805810875203005
2024-11-12,2024-25,BOS,ATL,0,0.8957601548614877
2024-11-12,2024-25,DET,MIA,1,0.5079417320807528
2024-11-12,2024-25,ORL,CHA,1,0.6543434206996983
2024-11-12,2024-25,PHI,NYK,0,0.36183385127094336
2024-11-12,2024-25,MIL,TOR,1,0.6838591602612999
2024-11-12,2024-25,UTA,PHX,0,0.29215882685536093
2024-11-12,2024-25,GSW,DAL,1,0.6093553171223759
2024-11-12,2024-25,POR,MIN,1,0.21344239602239554
2024-11-13,2024-25,ORL,IND,1,0.5323815077847172
2024-11-13,2024-25,BKN,BOS,0,0.19095283765362356
2024-11-13,2024-25,NYK,CHI,0,0.8041425710449629
2024-11-13,2024-25,PHI,CLE,0,0.21054226529836517
2024-11-13,2024-25,OKC,NOP,1,0.9090155141105875
2024-11-13,2024-25,HOU,LAC,1,0.6073851476651313
2024-11-13,2024-25,MIL,DET,1,0.6678754801966765
2024-11-13,2024-25,SAS,WAS,1,0.781435426546066
2024-11-13,2024-25,LAL,MEM,1,0.5772205298203545
2024-11-13,2024-25,POR,MIN,1,0.21204287611695555
2024-11-13,2024-25,SAC,PHX,1,0.5098368101705991
2024-11-14,2024-25,UTA,DAL,1,0.2908032309107954
2024-11-15,2024-25,IND,MIA,0,0.6123856155020023
2024-11-15,2024-25,ORL,PHI,1,0.700099569165243
2024-11-15,2024-25,TOR,DET,0,0.5060215430139833
2024-11-15,2024-25,ATL,WAS,1,0.7697746981513521
2024-11-15,2024-25,CLE,CHI,1,0.8149942004333165
2024-11-15,2024-25,NYK,BKN,1,0.7945680579923946
2024-11-15,2024-25,SAS,LAL,0,0.4800852912130537
2024-11-15,2024-25,HOU,LAC,1,0.6373348432017631
2024-11-15,2024-25,NOP,DEN,1,0.206597405482273
2024-11-15,2024-25,OKC,PHX,1,0.7060453187971966
2024-11-15,2024-25,GSW,MEM,1,0.7443241038560446
2024-11-15,2024-25,SAC,MIN,0,0.5985938448378186
2024-11-16,2024-25,CHA,MIL,1,0.44714964017742576
2024-11-16,2024-25,BOS,TOR,1,0.8939919133251079
2024-11-16,2024-25,NOP,LAL,0,0.1827312221547372
2024-11-16,2024-25,DAL,SAS,1,0.7059803576795104
2024-11-16,2024-25,SAC,UTA,1,0.788972974363225
2024-11-17,2024-25,MIN,PHX,1,0.5800764874424815
2024-11-17,2024-25,IND,MIA,1,0.5741201835818868
2024-11-17,2024-25,CLE,CHA,1,0.7709251405665256
2024-11-17,2024-25,WAS,DET,0,0.39555798091484373
2024-11-17,2024-25,MEM,DEN,1,0.5368610314070771
2024-11-17,2024-25,POR,ATL,1,0.4583588047359304
2024-11-17,2024-25,NYK,BKN,1,0.8211067398191619
2024-11-17,2024-25,CHI,HOU,0,0.3935255943463733
2024-11-17,2024-25,OKC,DAL,0,0.6680851431229433
2024-11-17,2024-25,LAC,UTA,1,0.7248457554310841
2024-11-18,2024-25,DET,CHI,0,0.6106979789929065
2024-11-18,2024-25,MIA,PHI,1,0.6445669358971706
2024-11-18,2024-25,NYK,WAS,1,0.8620876211584436
2024-11-18,2024-25,TOR,IND,1,0.38962279073800704
2024-11-18,2024-25,MIL,HOU,1,0.46241352331124114
2024-11-18,2024-25,PHX,ORL,0,0.484164334439161
2024-11-18,2024-25,SAC,ATL,0,0.6890618710436035
2024-11-18,2024-25,LAC,GSW,1,0.3711969226952138
2024-11-19,2024-25,BOS,CLE,1,0.7189079789718194
2024-11-19,2024-25,BKN,CHA,1,0.6235000441408911
2024-11-19,2024-25,MEM,DEN,0,0.5710003663586284
2024-11-19,2024-25,DAL,NOP,1,0.8392426803955416
2024-11-19,2024-25,SAS,OKC,1,0.268270430248324
2024-11-19,2024-25,LAL,UTA,1,0.7479935026203274
2024-11-20,2024-25,CLE,NOP,1,0.9188460065209281
2024-11-20,2024-25,MIL,CHI,1,0.7050237734693174
2024-11-20,2024-25,HOU,IND,1,0.6305643353672945
2024-11-20,2024-25,MEM,PHI,1,0.6690926763866352
2024-11-20,2024-25,OKC,POR,1,0.8837735710120204
2024-11-20,2024-25,PHX,NYK,0,0.38599997920355505
2024-11-20,2024-25,GSW,ATL,1,0.8162422513355809
2024-11-20,2024-25,LAC,ORL,1,0.4777005437850242
2024-11-21,2024-25,CHA,DET,1,0.5284757109601259
2024-11-21,2024-25,TOR,MIN,1,0.39513184786246724
2024-11-21,2024-25,SAS,UTA,1,0.7287877628143192
2024-11-21,2024-25,LAL,ORL,0,0.5316079424671692
2024-11-22,2024-25,PHI,BKN,1,0.49673711979762614
2024-11-22,2024-25,WAS,BOS,0,0.10880858764030281
2024-11-22,2024-25,MIL,IND,1,0.6074067061561121
2024-11-22,2024-25,CHI,ATL,1,0.5258011026638141
2024-11-22,2024-25,HOU,POR,1,0.8138577063985573
2024-11-22,2024-25,NOP,GSW,0,0.15921010205444677
2024-11-22,2024-25,DEN,DAL,0,0.4877989534457837
2024-11-22,2024-25,LAC,SAC,1,0.5455245756713392
2024-11-23,2024-25,UTA,NYK,1,0.2018525673986455
2024-11-23,2024-25,ORL,DET,1,0.6736641780535784
2024-11-23,2024-25,CHI,MEM,0,0.4222496791450649
2024-11-23,2024-25,HOU,POR,0,0.8414952252402691
2024-11-23,2024-25,MIL,CHA,1,0.7259707304495476
2024-11-23,2024-25,SAS,GSW,1,0.3305508730014302
2024-11-23,2024-25,LAL,DEN,0,0.5161611892165657
2024-11-24,2024-25,BOS,MIN,1,0.8096667984477789
2024-11-24,2024-25,IND,WAS,1,0.7981597291178765
2024-11-24,2024-25,MIA,DAL,1,0.4817246093808063
2024-11-24,2024-25,PHI,LAC,0,0.3893317567444614
2024-11-24,2024-25,CLE,TOR,1,0.7980509440019414
2024-11-24,2024-25,SAC,BKN,0,0.7917907287428652
2024-11-25,2024-25,CHA,ORL,0,0.2750229653202232
2024-11-25,2024-25,DET,TOR,1,0.48483051673184274
2024-11-25,2024-25,IND,NOP,1,0.7588962242657925
2024-11-25,2024-25,ATL,DAL,0,0.32206543501665696
2024-11-25,2024-25,BOS,LAC,1,0.7254137382169982
2024-11-25,2024-25,MEM,POR,1,0.7622566679006296
2024-11-25,2024-25,DEN,NYK,0,0.5715219535458986
2024-11-25,2024-25,GSW,BKN,0,0.8708443410213915
2024-11-25,2024-25,SAC,OKC,0,0.40470080555355903
2024-11-26,2024-25,WAS,CHI,0,0.3928566827157877
2024-11-26,2024-25,MIA,MIL,0,0.6242768548540057
2024-11-26,2024-25,MIN,HOU,0,0.4952578723465733
2024-11-26,2024-25,UTA,SAS,0,0.3701301861521236
2024-11-26,2024-25,PHX,LAL,1,0.6414560431092864
2024-11-27,2024-25,CHA,MIA,0,0.330096567385597
2024-11-27,2024-25,CLE,ATL,0,0.7737247719217689
2024-11-27,2024-25,IND,POR,1,0.7191159644452707
2024-11-27,2024-25,ORL,CHI,1,0.7395521112028942
2024-11-27,2024-25,PHI,HOU,0,0.2577701476094276
2024-11-27,2024-25,WAS,LAC,0,0.2313235746348096
2024-11-27,2024-25,DAL,NYK,1,0.5606934130100976
2024-11-27,2024-25,MEM,DET,1,0.7091248327181495
2024-11-27,2024-25,MIN,SAC,0,0.6311795698622139
2024-11-27,2024-25,NOP,TOR,0,0.3496008021289416
2024-11-27,2024-25,SAS,LAL,0,0.5418442018985273
2024-11-27,2024-25,PHX,BKN,0,0.6702271456385794
2024-11-27,2024-25,UTA,DEN,0,0.2148090341666788
2024-11-27,2024-25,GSW,OKC,0,0.448412578237968
2024-11-29,2024-25,CHA,NYK,0,0.1993129713031372
2024-11-29,2024-25,ATL,CLE,1,0.33788614896238167
2024-11-29,2024-25,MEM,NOP,1,0.8051777834475529
2024-11-29,2024-25,BKN,ORL,0,0.4053352798314556
2024-11-29,2024-25,MIN,LAC,1,0.5360202073705153
2024-11-29,2024-25,IND,DET,0,0.6164215064461226
2024-11-29,2024-25,MIA,TOR,1,0.5974956165169276
2024-11-29,2024-25,CHI,BOS,0,0.19424572159522224
2024-11-29,2024-25,LAL,OKC,0,0.3387294339534503
2024-11-29,2024-25,POR,SAC,1,0.36651919430628566
2024-11-30,2024-25,CHA,ATL,0,0.4269722449980325
2024-11-30,2024-25,DET,PHI,0,0.6090308079925008
2024-11-30,2024-25,MIL,WAS,1,0.8707330642468462
2024-11-30,2024-25,PHX,GSW,1,0.4681312630854819
2024-11-30,2024-25,UTA,DAL,0,0.18767785103931148
2024-12-01,2024-25,BKN,ORL,0,0.37045050634555443
2024-12-01,2024-25,MEM,IND,1,0.6998813333827972
2024-12-01,2024-25,CLE,BOS,1,0.34286035171915064
2024-12-01,2024-25,NYK,NOP,1,0.8835467709568858
2024-12-01,2024-25,TOR,MIA,1,0.5022732533619456
2024-12-01,2024-25,HOU,OKC,1,0.459706870209093
2024-12-01,2024-25,UTA,LAL,0,0.3254757841449271
2024-12-01,2024-25,POR,DAL,0,0.27268635533592667
2024-12-01,2024-25,SAC,SAS,0,0.5808775527665743
2024-12-01,2024-25,LAC,DEN,1,0.5187653317586768
2024-12-02,2024-25,ATL,NOP,1,0.7974845705036566
2024-12-02,2024-25,BOS,MIA,1,0.7401001620874508
2024-12-02,2024-25,CHI,BKN,1,0.682576012474266
2024-12-02,2024-25,MIN,LAL,1,0.6105938818070255
2024-12-03,2024-25,CHA,PHI,0,0.46701700276626923
2024-12-03,2024-25,CLE,WAS,1,0.910052708080652
2024-12-03,2024-25,DET,MIL,0,0.4185302624293001
2024-12-03,2024-25,NYK,ORL,1,0.6470199644781496
2024-12-03,2024-25,TOR,IND,1,0.6238291993069204
2024-12-03,2024-25,OKC,UTA,1,0.8745253842855583
2024-12-03,2024-25,DAL,MEM,1,0.6488638791311172
2024-12-03,2024-25,PHX,SAS,1,0.6461544122368588
2024-12-03,2024-25,DEN,GSW,1,0.5570401371788904
2024-12-03,2024-25,SAC,HOU,1,0.4234825542907172
2024-12-03,2024-25,LAC,POR,1,0.7567373503944407
2024-12-04,2024-25,BOS,DET,1,0.8537705469158047
2024-12-04,2024-25,BKN,IND,1,0.49468636160119006
2024-12-04,2024-25,MIA,LAL,1,0.6563697555292953
2024-12-04,2024-25,PHI,ORL,0,0.3173304908174174
2024-12-04,2024-25,MIL,ATL,0,0.6239448191809925
2024-12-04,2024-25,LAC,MIN,0,0.575157728206072
2024-12-05,2024-25,CLE,DEN,1,0.6219370465684061
2024-12-05,2024-25,WAS,DAL,0,0.15996417789431924
2024-12-05,2024-25,NYK,CHA,1,0.8460499779680609
2024-12-05,2024-25,TOR,OKC,0,0.2352767914293458
2024-12-05,2024-25,MEM,SAC,1,0.6315838439676236
2024-12-05,2024-25,NOP,PHX,1,0.3309112505561318
2024-12-05,2024-25,SAS,CHI,0,0.5394109354057441
2024-12-05,2024-25,GSW,HOU,1,0.49205710290415383
2024-12-06,2024-25,PHI,ORL,1,0.39984353149593277
2024-12-06,2024-25,ATL,LAL,1,0.6688736279826352
2024-12-06,2024-25,BOS,MIL,1,0.79033609365696
2024-12-06,2024-25,CHI,IND,0,0.5640776049764286
2024-12-06,2024-25,SAS,SAC,0,0.4520901257606858
2024-12-06,2024-25,GSW,MIN,0,0.6155081397763776
2024-12-06,2024-25,POR,UTA,0,0.6427765916094061
2024-12-07,2024-25,CHA,CLE,0,0.23027751130851012
2024-12-07,2024-25,WAS,DEN,1,0.10614570162943975
2024-12-07,2024-25,NOP,OKC,0,0.1613226011858407
2024-12-07,2024-25,NYK,DET,0,0.7685056142010087
2024-12-07,2024-25,TOR,DAL,0,0.22860751599821585
2024-12-07,2024-25,BOS,MEM,0,0.7622028451686125
2024-12-07,2024-25,MIA,PHX,1,0.6416031579646704
2024-12-08,2024-25,CHI,PHI,0,0.5293466434513431
2024-12-08,2024-25,BKN,MIL,0,0.41147157997259404
2024-12-08,2024-25,IND,CHA,0,0.7663292577794306
2024-12-08,2024-25,ATL,DEN,0,0.42388279398710366
2024-12-08,2024-25,MIA,CLE,1,0.5213447269180724
2024-12-08,2024-25,ORL,PHX,1,0.5718232403760709
2024-12-08,2024-25,WAS,MEM,0,0.17305239362663968
2024-12-08,2024-25,SAS,NOP,1,0.7173798573689137
2024-12-08,2024-25,GSW,MIN,1,0.6017106636491347
2024-12-08,2024-25,LAC,HOU,0,0.5474530880488016
2024-12-08,2024-25,SAC,UTA,1,0.7309213929586259
2024-12-08,2024-25,LAL,POR,1,0.688854648418045
2024-12-09,2024-25,TOR,NYK,0,0.25318864164072974
2024-12-10,2024-25,MIL,ORL,1,0.5851310968478995
2024-12-10,2024-25,OKC,DAL,1,0.5819539749660759
2024-12-11,2024-25,NYK,ATL,0,0.7602614785736477
2024-12-11,2024-25,HOU,GSW,1,0.5371778099437555
2024-12-12,2024-25,BOS,DET,1,0.8569748576118905
2024-12-12,2024-25,MIA,TOR,1,0.7900872421879102
2024-12-12,2024-25,NOP,SAC,0,0.2951559006126297
2024-12-13,2024-25,CLE,WAS,1,0.9345389620583504
2024-12-13,2024-25,PHI,IND,0,0.650439137333402
2024-12-13,2024-25,MIN,LAL,1,0.7122746221562024
2024-12-13,2024-25,MEM,BKN,1,0.7396376250249648
2024-12-13,2024-25,CHI,CHA,1,0.6539366446909921
2024-12-13,2024-25,DEN,LAC,1,0.675261285033144
2024-12-13,2024-25,UTA,PHX,0,0.30104816066111895
2024-12-13,2024-25,POR,SAS,0,0.4760425635847812
2024-12-15,2024-25,IND,NOP,1,0.6569357890496582
2024-12-15,2024-25,WAS,BOS,0,0.07903311660135882
2024-12-15,2024-25,SAS,MIN,0,0.3429643225738185
2024-12-15,2024-25,PHX,POR,1,0.7885665730397572
2024-12-15,2024-25,LAL,MEM,1,0.38658551789102086
2024-12-15,2024-25,ORL,NYK,0,0.4274317840594311
2024-12-15,2024-25,GSW,DAL,0,0.45715528836337854
2024-12-16,2024-25,DET,MIA,1,0.3209781713641785
2024-12-16,2024-25,CHA,PHI,0,0.42601569017244684
2024-12-16,2024-25,TOR,CHI,0,0.4895387546719455
2024-12-16,2024-25,BKN,CLE,0,0.28130085256916165
2024-12-16,2024-25,SAC,DEN,0,0.4774280470672858
2024-12-16,2024-25,LAC,UTA,1,0.6851649685117771
2024-12-19,2024-25,DET,UTA,0,0.6677733425080201
2024-12-19,2024-25,ORL,OKC,0,0.30749413243614776
2024-12-19,2024-25,WAS,CHA,1,0.4050084738781496
2024-12-19,2024-25,BOS,CHI,0,0.8482755089888183
2024-12-19,2024-25,TOR,BKN,0,0.4970473628751571
2024-12-19,2024-25,HOU,NOP,1,0.8271577928593559
2024-12-19,2024-25,MEM,GSW,1,0.5364019119271786
2024-12-19,2024-25,MIN,NYK,0,0.5370879666321198
2024-12-19,2024-25,DAL,LAC,0,0.6919159388407273
2024-12-19,2024-25,PHX,IND,0,0.65441148561275
2024-12-19,2024-25,SAS,ATL,1,0.5086367581276008
2024-12-19,2024-25,POR,DEN,1,0.33205631525161444
2024-12-19,2024-25,SAC,LAL,0,0.6697626303308915
2024-12-20,2024-25,PHI,CHA,1,0.7350916575125374
2024-12-20,2024-25,CLE,MIL,1,0.6792557197472474
2024-12-20,2024-25,MIA,OKC,0,0.3620376551890587
2024-12-21,2024-25,SAC,LAL,0,0.6246032013349272
2024-12-21,2024-25,ORL,MIA,1,0.5767183083937465
2024-12-21,2024-25,ATL,MEM,0,0.3644384488352703
2024-12-21,2024-25,BKN,UTA,0,0.4643795693290595
2024-12-21,2024-25,CLE,PHI,1,0.786757216137513
2024-12-21,2024-25,CHI,BOS,0,0.28131072722582934
2024-12-21,2024-25,MIL,WAS,1,0.7970115081539729
2024-12-21,2024-25,MIN,GSW,0,0.6304122322552526
2024-12-21,2024-25,NOP,NYK,0,0.19388755411283284
2024-12-21,2024-25,DAL,LAC,1,0.6752050640453136
2024-12-21,2024-25,SAS,POR,1,0.6354549842200159
2024-12-21,2024-25,PHX,DET,0,0.6937371825131665
2024-12-22,2024-25,TOR,HOU,0,0.26433510918766767
2024-12-22,2024-25,SAC,IND,0,0.588009716821691
2024-12-22,2024-25,NOP,DEN,0,0.2929690492846636
2024-12-23,2024-25,CHA,HOU,0,0.3181230055975644
2024-12-23,2024-25,CLE,UTA,1,0.7641760182604096
2024-12-23,2024-25,ORL,BOS,1,0.3085310513722738
2024-12-23,2024-25,PHI,SAS,1,0.5923472487088973
2024-12-23,2024-25,ATL,MIN,1,0.35108999450505174
2024-12-23,2024-25,MIA,BKN,1,0.7838829983966895
2024-12-23,2024-25,NYK,TOR,1,0.8264113906413539
2024-12-23,2024-25,CHI,MIL,0,0.573087802394527
2024-12-23,2024-25,MEM,LAC,0,0.6504784406737323
2024-12-23,2024-25,OKC,WAS,1,0.9123049402441067
2024-12-23,2024-25,DAL,POR,1,0.8834333669733204
2024-12-23,2024-25,DEN,PHX,1,0.6375372733125703
2024-12-23,2024-25,GSW,IND,0,0.5997037406280723
2024-12-23,2024-25,LAL,DET,0,0.5934067317925904
2024-12-25,2024-25,NYK,SAS,1,0.7657374166011766
2024-12-25,2024-25,DAL,MIN,0,0.7191164936223639
2024-12-25,2024-25,BOS,PHI,0,0.7248573883916024
2024-12-25,2024-25,GSW,LAL,0,0.6711885848625914
2024-12-25,2024-25,PHX,DEN,1,0.43631391349692206
2024-12-26,2024-25,IND,OKC,0,0.3514842467041738
2024-12-26,2024-25,ORL,MIA,0,0.5868170717821163
2024-12-26,2024-25,WAS,CHA,1,0.5204616058790036
2024-12-26,2024-25,ATL,CHI,1,0.5653619591386589
2024-12-26,2024-25,MEM,TOR,1,0.8276002582528031
2024-12-26,2024-25,MIL,BKN,0,0.794644691741746
2024-12-26,2024-25,NOP,HOU,0,0.31435502288623285
2024-12-26,2024-25,POR,UTA,1,0.5633478228846075
2024-12-26,2024-25,SAC,DET,0,0.6508307088778064
2024-12-27,2024-25,ORL,NYK,0,0.4626363727754606
2024-12-27,2024-25,BOS,IND,1,0.7981206230242115
2024-12-27,2024-25,BKN,SAS,0,0.3268056807261991
2024-12-27,2024-25,HOU,MIN,0,0.5215603432594375
2024-12-27,2024-25,NOP,MEM,0,0.20879975140211013
2024-12-27,2024-25,DEN,CLE,0,0.513204055012297
2024-12-27,2024-25,PHX,DAL,0,0.39717502708351876
2024-12-27,2024-25,LAC,GSW,1,0.7004535932378264
2024-12-28,2024-25,ATL,MIA,1,0.38719786121148847
2024-12-28,2024-25,CHA,OKC,0,0.11719637705954464
2024-12-28,2024-25,WAS,NYK,0,0.14043748912600415
2024-12-28,2024-25,CHI,MIL,1,0.3985329355168497
2024-12-28,2024-25,GSW,PHX,1,0.6138981018551599
2024-12-28,2024-25,DEN,DET,1,0.737476868510866
2024-12-28,2024-25,UTA,PHI,0,0.34209986143684384
2024-12-28,2024-25,POR,DAL,1,0.20647313536575493
2024-12-28,2024-25,LAL,SAC,1,0.521995714389567
2024-12-29,2024-25,ORL,BKN,1,0.776301005873852
2024-12-29,2024-25,BOS,IND,0,0.8053183179422185
2024-12-29,2024-25,TOR,ATL,0,0.5306269152490857
2024-12-29,2024-25,HOU,MIA,0,0.6315752510278322
2024-12-29,2024-25,OKC,MEM,1,0.6732287571921973
2024-12-29,2024-25,MIN,SAS,1,0.7012765427850827
2024-12-30,2024-25,CHA,CHI,0,0.4136555085636499
2024-12-30,2024-25,WAS,NYK,0,0.16648938161945395
2024-12-30,2024-25,NOP,LAC,0,0.30653025952577556
2024-12-30,2024-25,UTA,DEN,0,0.23828580558349316
2024-12-30,2024-25,GSW,CLE,0,0.4433499875268805
2024-12-30,2024-25,POR,PHI,0,0.3241543356257819
2024-12-30,2024-25,SAC,DAL,1,0.5218148436173027
2024-12-31,2024-25,BOS,TOR,1,0.8504702476346093
2024-12-31,2024-25,IND,MIL,0,0.6074146662916883
2024-12-31,2024-25,SAS,LAC,1,0.4381505349168073
2024-12-31,2024-25,OKC,MIN,1,0.7545950014124618
2024-12-31,2024-25,PHX,MEM,0,0.48114526038465216
2024-12-31,2024-25,LAL,CLE,0,0.4126263944769017
2025-01-01,2024-25,DET,ORL,1,0.4346077453121398
2025-01-01,2024-25,WAS,CHI,1,0.3588230154579527
2025-01-01,2024-25,MIA,NOP,1,0.7878922830108845
2025-01-01,2024-25,NYK,UTA,1,0.8610696470156101
2025-01-01,2024-25,TOR,BKN,1,0.5197235855855994
2025-01-01,2024-25,HOU,DAL,1,0.5327145904886494
2025-01-01,2024-25,DEN,ATL,1,0.7075594471050116
2025-01-01,2024-25,SAC,PHI,1,0.5401268723528478
2025-01-02,2024-25,MIA,IND,0,0.5495361671700022
2025-01-02,2024-25,MIN,BOS,0,0.3153340988878239
2025-01-02,2024-25,MIL,BKN,0,0.7652849658127642
2025-01-02,2024-25,OKC,LAC,1,0.8191300507816327
2025-01-02,2024-25,GSW,PHI,1,0.5157172500623315
2025-01-02,2024-25,LAL,POR,1,0.7572898694266718
2025-01-03,2024-25,DET,CHA,1,0.7062929761401583
2025-01-03,2024-25,TOR,ORL,0,0.37747843281109944
2025-01-03,2024-25,HOU,BOS,0,0.3660325416255247
2025-01-03,2024-25,NOP,WAS,1,0.606737418370879
2025-01-03,2024-25,OKC,NYK,1,0.6632797206769611
2025-01-03,2024-25,DAL,CLE,0,0.3738399298881486
2025-01-03,2024-25,DEN,SAS,0,0.6399387969651387
2025-01-03,2024-25,SAC,MEM,1,0.3928293720809365
2025-01-03,2024-25,LAL,ATL,1,0.5993649999626559
2025-01-04,2024-25,BKN,PHI,0,0.27190566721824366
2025-01-04,2024-25,DET,MIN,1,0.3866280777444685
2025-01-04,2024-25,IND,PHX,1,0.5694295791686114
2025-01-04,2024-25,MIA,UTA,0,0.7189984648203714
2025-01-04,2024-25,CHI,NYK,1,0.2853526403521497
2025-01-04,2024-25,MIL,POR,0,0.774026515075969
2025-01-04,2024-25,SAS,DEN,0,0.43035760160064473
2025-01-04,2024-25,GSW,MEM,1,0.39574598741482303
2025-01-04,2024-25,LAC,ATL,1,0.684800867131472
2025-01-05,2024-25,OKC,BOS,1,0.5777959369671803
2025-01-05,2024-25,CLE,CHA,1,0.8831674035143153
2025-01-05,2024-25,WAS,NOP,0,0.47616644990843005
2025-01-05,2024-25,ORL,UTA,0,0.6958023984535918
2025-01-05,2024-25,HOU,LAL,1,0.6036360423393362
2025-01-05,2024-25,GSW,SAC,0,0.6373090788036431
2025-01-06,2024-25,DET,POR,1,0.7004182954769923
2025-01-06,2024-25,PHI,PHX,0,0.5064024989442626
2025-01-06,2024-25,BKN,IND,0,0.1512664806527762
2025-01-06,2024-25,NYK,ORL,0,0.7194303592663227
2025-01-06,2024-25,TOR,MIL,0,0.36938944851459127
2025-01-06,2024-25,CHI,SAS,1,0.5035786206030212
2025-01-06,2024-25,MEM,DAL,1,0.7119971995708506
2025-01-06,2024-25,MIN,LAC,1,0.5199224327231896
2025-01-06,2024-25,SAC,MIA,1,0.6889359929257718
2025-01-07,2024-25,CHA,PHX,1,0.2558855138041333
2025-01-07,2024-25,WAS,HOU,0,0.1791355421449449
2025-01-07,2024-25,DAL,LAL,1,0.5201600518822077
2025-01-07,2024-25,NOP,MIN,0,0.3414500681270684
2025-01-07,2024-25,UTA,ATL,0,0.5643400059364897
2025-01-07,2024-25,DEN,BOS,0,0.34789931740289187
2025-01-07,2024-25,GSW,MIA,0,0.6763581100572261
2025-01-08,2024-25,CLE,OKC,1,0.4143849861058854
2025-01-08,2024-25,IND,CHI,1,0.6572506702221241
2025-01-08,2024-25,NYK,TOR,1,0.8485991403913604
2025-01-08,2024-25,PHI,WAS,1,0.7925557097538694
2025-01-08,2024-25,BKN,DET,0,0.23603750895845446
2025-01-08,2024-25,NOP,POR,0,0.5733249726165263
2025-01-08,2024-25,DEN,LAC,1,0.5836359589078187
2025-01-08,2024-25,MIL,SAS,1,0.5925464272619877
2025-01-09,2024-25,CLE,TOR,1,0.8536371914361665
2025-01-09,2024-25,DET,GSW,0,0.49940147540863516
2025-01-09,2024-25,ORL,MIN,0,0.49562542126104403
2025-01-09,2024-25,MEM,HOU,0,0.6139797966228979
2025-01-09,2024-25,DAL,POR,1,0.7738132023555389
2025-01-09,2024-25,PHX,ATL,1,0.6579898144941833
2025-01-09,2024-25,UTA,MIA,0,0.4582012675449645
2025-01-10,2024-25,IND,GSW,1,0.7487597805029509
2025-01-10,2024-25,ORL,MIL,0,0.5534982653790887
2025-01-10,2024-25,PHI,NOP,0,0.7845216860498045
2025-01-10,2024-25,BOS,SAC,0,0.7307307832272917
2025-01-10,2024-25,NYK,OKC,0,0.38960883813368447
2025-01-10,2024-25,CHI,WAS,1,0.7683024853172067
2025-01-10,2024-25,DEN,BKN,1,0.9090025785810916
2025-01-11,2024-25,PHX,UTA,1,0.6413176271922001
2025-01-11,2024-25,DET,TOR,1,0.7420360117330854
2025-01-11,2024-25,MIN,MEM,0,0.495959188531526
2025-01-11,2024-25,POR,MIA,0,0.34623548585332725
2025-01-12,2024-25,NYK,MIL,1,0.638033570513332
2025-01-12,2024-25,DAL,DEN,0,0.5050452071096315
2025-01-12,2024-25,CHI,SAC,0,0.42311876625678835
2025-01-12,2024-25,BOS,NOP,1,0.8696788143049933
2025-01-12,2024-25,CLE,IND,0,0.6427057157227526
2025-01-12,2024-25,ORL,PHI,1,0.5779116385855072
2025-01-12,2024-25,WAS,OKC,0,0.07222519278629969
2025-01-12,2024-25,UTA,BKN,1,0.7630850913873917
2025-01-12,2024-25,PHX,CHA,1,0.7763494410770164
2025-01-13,2024-25,WAS,MIN,0,0.18130729741489524
2025-01-13,2024-25,NYK,DET,0,0.7410052401425355
2025-01-13,2024-25,TOR,GSW,1,0.41906242287484574
2025-01-13,2024-25,HOU,MEM,1,0.5197761354555619
2025-01-13,2024-25,LAL,SAS,0,0.5996110870392546
2025-01-13,2024-25,LAC,MIA,1,0.640256206921132
2025-01-14,2024-25,IND,CLE,0,0.48267402699512807
2025-01-14,2024-25,PHI,OKC,0,0.1303652863594202
2025-01-14,2024-25,ATL,PHX,1,0.4036533648237648
2025-01-14,2024-25,CHI,NOP,0,0.5819158299928479
2025-01-14,2024-25,MIL,SAC,1,0.49397645174406035
2025-01-14,2024-25,DAL,DEN,0,0.5293041884496152
2025-01-14,2024-25,POR,BKN,0,0.5255180190284757
2025-01-15,2024-25,PHI,NYK,0,0.33070782639847185
2025-01-15,2024-25,TOR,BOS,1,0.1652760313399976
2025-01-15,2024-25,CHI,ATL,0,0.5694945148081061
2025-01-15,2024-25,MIL,ORL,1,0.5714559922900974
2025-01-15,2024-25,MIN,GSW,0,0.6579303215680086
2025-01-15,2024-25,NOP,DAL,1,0.381080808473455
2025-01-15,2024-25,SAS,MEM,0,0.4569904186858009
2025-01-15,2024-25,DEN,HOU,0,0.5482669085301086
2025-01-15,2024-25,UTA,CHA,0,0.5299778813769279
2025-01-15,2024-25,LAL,MIA,1,0.521947925653042
2025-01-15,2024-25,LAC,BKN,1,0.8851862777121778
2025-01-16,2024-25,DET,IND,0,0.3940576318294084
2025-01-16,2024-25,WAS,PHX,0,0.22662428219517236
2025-01-16,2024-25,OKC,CLE,1,0.6704506521886928
2025-01-16,2024-25,POR,LAC,0,0.2880685140887503
2025-01-16,2024-25,SAC,HOU,1,0.5528658695793184
2025-01-17,2024-25,BOS,ORL,1,0.810830990440125
2025-01-17,2024-25,NYK,MIN,0,0.6370249141395282
2025-01-17,2024-25,MIA,DEN,0,0.45658489170755057
2025-01-17,2024-25,MIL,TOR,1,0.7530792438049912
2025-01-17,2024-25,NOP,UTA,1,0.7573705481911578
2025-01-17,2024-25,SAS,MEM,0,0.3917432498215806
2025-01-17,2024-25,DAL,OKC,1,0.35493855321661066
2025-01-17,2024-25,CHI,CHA,0,0.6407134895061813
2025-01-17,2024-25,LAL,BKN,1,0.801474708329321
2025-01-18,2024-25,DET,PHX,0,0.5727077540200587
2025-01-18,2024-25,BOS,ATL,0,0.8483661911777759
2025-01-18,2024-25,IND,PHI,1,0.7453628571072265
2025-01-18,2024-25,GSW,WAS,1,0.8622931980190464
2025-01-18,2024-25,MIN,CLE,0,0.4310254034050864
2025-01-18,2024-25,POR,HOU,0,0.1816553149605992
2025-01-19,2024-25,MIA,SAS,1,0.5681449452869617
2025-01-19,2024-25,ORL,DEN,0,0.3228981407875671
2025-01-19,2024-25,MIL,PHI,1,0.7418827460297589
2025-01-19,2024-25,OKC,BKN,1,0.9360510962848206
2025-01-19,2024-25,LAC,LAL,1,0.7208692840894454
2025-01-19,2024-25,POR,CHI,1,0.4153480843822152
2025-01-19,2024-25,SAC,WAS,1,0.874099048732796
2025-01-20,2024-25,CHA,DAL,1,0.270272591871004
2025-01-20,2024-25,HOU,DET,0,0.7302228816609506
2025-01-20,2024-25,MEM,MIN,1,0.5734008166211731
2025-01-20,2024-25,NYK,ATL,1,0.7047576844695256
2025-01-20,2024-25,CLE,PHX,1,0.7504346293274166
2025-01-20,2024-25,GSW,BOS,0,0.2626965317934664
2025-01-20,2024-25,NOP,UTA,1,0.7285437474335789
2025-01-20,2024-25,LAC,CHI,0,0.6661050965765195
2025-01-21,2024-25,BKN,NYK,0,0.13964229979602363
2025-01-21,2024-25,MIA,POR,0,0.7293934885682105
2025-01-21,2024-25,TOR,ORL,1,0.4645933854673888
2025-01-21,2024-25,DEN,PHI,1,0.7856924167891398
2025-01-21,2024-25,LAL,WAS,1,0.8039730290100061
2025-01-22,2024-25,ATL,DET,0,0.5698517311737396
2025-01-22,2024-25,BKN,PHX,0,0.16511756152875104
2025-01-22,2024-25,DAL,MIN,0,0.6271807668907378
2025-01-22,2024-25,HOU,CLE,1,0.4297698160923248
2025-01-22,2024-25,MEM,CHA,1,0.7386168800522512
2025-01-22,2024-25,OKC,UTA,1,0.8801252968867392
2025-01-22,2024-25,SAC,GSW,1,0.7434257582776927
2025-01-22,2024-25,LAC,BOS,0,0.2548510483204653
2025-01-23,2024-25,ORL,POR,0,0.7239385261344119
2025-01-23,2024-25,ATL,TOR,0,0.6203681323940343
2025-01-23,2024-25,MIL,MIA,1,0.6705788490224541
2025-01-23,2024-25,OKC,DAL,0,0.7152837128149002
2025-01-23,2024-25,DEN,SAC,1,0.648672880827519
2025-01-23,2024-25,GSW,CHI,1,0.5214706976570103
2025-01-23,2024-25,LAL,BOS,1,0.2782070213995657
2025-01-23,2024-25,LAC,WAS,1,0.8965767592957584
2025-01-24,2024-25,CHA,POR,0,0.6329877162162139
2025-01-24,2024-25,PHI,CLE,1,0.21405318532982406
2025-01-24,2024-25,MEM,NOP,1,0.7393409517941831
2025-01-25,2024-25,MIN,DEN,1,0.4623593431468353
2025-01-25,2024-25,DAL,BOS,0,0.3571458661507042
2025-01-25,2024-25,BKN,MIA,0,0.21265857696566484
2025-01-25,2024-25,CHA,NOP,1,0.47425938706648124
2025-01-25,2024-25,ORL,DET,1,0.5269249031787548
2025-01-25,2024-25,ATL,TOR,0,0.6017966919085282
2025-01-25,2024-25,CLE,HOU,0,0.5583589783543708
2025-01-25,2024-25,NYK,SAC,1,0.5957693830158276
2025-01-25,2024-25,CHI,PHI,0,0.5866689485660019
2025-01-25,2024-25,MEM,UTA,1,0.7918959167782815
2025-01-25,2024-25,GSW,LAL,0,0.5143298582648007
2025-01-25,2024-25,PHX,WAS,1,0.8289814891022153
2025-01-25,2024-25,LAC,MIL,1,0.6064120301730556
2025-01-26,2024-25,POR,OKC,0,0.12386739894506868
2025-01-27,2024-25,CHA,LAL,0,0.44940277845973986
2025-01-27,2024-25,CLE,DET,1,0.6858420431559357
2025-01-27,2024-25,BOS,HOU,0,0.6162803329303699
2025-01-27,2024-25,BKN,SAC,0,0.1465772158698678
2025-01-27,2024-25,MIA,ORL,1,0.4984678716823569
2025-01-27,2024-25,NYK,MEM,1,0.5756428729707974
2025-01-27,2024-25,TOR,NOP,1,0.5579639897482399
2025-01-27,2024-25,CHI,DEN,1,0.29561331529272517
2025-01-27,2024-25,MIN,ATL,1,0.7667253091095769
2025-01-27,2024-25,DAL,WAS,1,0.8673694163413724
2025-01-27,2024-25,UTA,MIL,0,0.273732621883245
2025-01-27,2024-25,PHX,LAC,1,0.39343125554635405
2025-01-28,2024-25,ATL,HOU,0,0.2907140792524884
2025-01-28,2024-25,PHI,LAL,1,0.40223575100330516
2025-01-28,2024-25,GSW,UTA,1,0.7282113333759094
2025-01-28,2024-25,POR,MIL,1,0.2790825673331988
2025-01-29,2024-25,CHA,BKN,0,0.7324192155053488
2025-01-29,2024-25,IND,DET,1,0.6824492537518022
2025-01-29,2024-25,WAS,TOR,0,0.2283816896489215
2025-01-29,2024-25,BOS,CHI,1,0.8357560824462199
2025-01-29,2024-25,MIA,CLE,0,0.3141532979862248
2025-01-29,2024-25,NYK,DEN,1,0.5847159730805963
2025-01-29,2024-25,PHI,SAC,1,0.39379256640063115
2025-01-29,2024-25,NOP,DAL,0,0.3369745051788236
2025-01-29,2024-25,SAS,LAC,0,0.4085777205937115
2025-01-29,2024-25,PHX,MIN,0,0.43138277758135274
2025-01-29,2024-25,GSW,OKC,1,0.2500794905704384
2025-01-30,2024-25,WAS,LAL,0,0.23950000283442416
2025-01-30,2024-25,CLE,ATL,1,0.7997139731903895
2025-01-30,2024-25,MEM,HOU,1,0.4671125414417001
2025-01-30,2024-25,UTA,MIN,0,0.30938875731655696
2025-01-30,2024-25,POR,ORL,1,0.4350455835813441
2025-01-31,2024-25,CHA,LAC,0,0.23210886349249754
2025-01-31,2024-25,DET,DAL,1,0.4267434666600787
2025-01-31,2024-25,PHI,DEN,0,0.36940314903983795
2025-01-31,2024-25,TOR,CHI,0,0.5473835793813719
2025-01-31,2024-25,NOP,BOS,0,0.152343188861512
2025-01-31,2024-25,SAS,MIL,1,0.4661566772310763
2025-01-31,2024-25,GSW,PHX,0,0.5968955244706001
2025-02-01,2024-25,IND,ATL,1,0.808742910309067
2025-02-01,2024-25,UTA,ORL,1,0.4791234973464612
2025-02-01,2024-25,CHA,DEN,0,0.23044437023211484
2025-02-01,2024-25,HOU,BKN,0,0.853407193711441
2025-02-01,2024-25,MIN,WAS,0,0.9236893202440682
2025-02-01,2024-25,OKC,SAC,1,0.8043413285194797
2025-02-01,2024-25,NYK,LAL,0,0.7006003570819663
2025-02-01,2024-25,SAS,MIA,0,0.5684505322757775
2025-02-01,2024-25,POR,PHX,1,0.4385244731870929
2025-02-02,2024-25,DET,CHI,1,0.6273410189001637
2025-02-02,2024-25,CLE,DAL,1,0.7349686652645303
2025-02-02,2024-25,TOR,LAC,1,0.23470301386997405
2025-02-02,2024-25,PHI,BOS,0,0.27199359293185393
2025-02-02,2024-25,MIL,MEM,0,0.509330455045707
2025-02-03,2024-25,CHA,WAS,0,0.6901430697007295
2025-02-03,2024-25,DET,ATL,0,0.6699591867257833
2025-02-03,2024-25,NYK,HOU,1,0.6035410662522428
2025-02-03,2024-25,MEM,SAS,1,0.7057440574082375
2025-02-03,2024-25,MIN,SAC,0,0.5923706208703858
2025-02-03,2024-25,OKC,MIL,1,0.9086107856545836
2025-02-03,2024-25,DEN,NOP,1,0.8162225041841554
2025-02-03,2024-25,UTA,IND,0,0.32523372888408214
2025-02-03,2024-25,GSW,ORL,1,0.6864997923475633
2025-02-03,2024-25,POR,PHX,1,0.5492850461989828
2025-02-04,2024-25,CLE,BOS,0,0.48736100538107163
2025-02-04,2024-25,BKN,HOU,1,0.17813940948916232
2025-02-04,2024-25,PHI,DAL,1,0.5494108311262202
2025-02-04,2024-25,TOR,NYK,0,0.2570572223607658
2025-02-04,2024-25,CHI,MIA,1,0.5528897624993242
2025-02-04,2024-25,LAC,LAL,0,0.549215818627109
2025-02-04,2024-25,POR,IND,1,0.34981025400208776
2025-02-05,2024-25,CHA,MIL,0,0.31902910313168353
2025-02-05,2024-25,DET,CLE,0,0.4185994894083801
2025-02-05,2024-25,ATL,SAS,0,0.5122315753675508
2025-02-05,2024-25,BKN,WAS,0,0.7432219659046208
2025-02-05,2024-25,PHI,MIA,0,0.5911140358124981
2025-02-05,2024-25,TOR,MEM,0,0.297533496102434
2025-02-05,2024-25,MIN,CHI,1,0.7238928102759562
2025-02-05,2024-25,OKC,PHX,1,0.8784253108044161
2025-02-05,2024-25,UTA,GSW,1,0.35700986516696703
2025-02-05,2024-25,DEN,NOP,1,0.8118111054956402
2025-02-05,2024-25,SAC,ORL,0,0.7261522411285077
2025-02-06,2024-25,BOS,DAL,0,0.7682695251576919
2025-02-06,2024-25,MIN,HOU,1,0.6093814834635974
2025-02-06,2024-25,DEN,ORL,1,0.7933215080947037
2025-02-06,2024-25,LAL,GSW,1,0.712953822493137
2025-02-06,2024-25,POR,SAC,1,0.42402588306944655
2025-02-06,2024-25,LAC,IND,0,0.5573845901910066
2025-02-07,2024-25,CHA,SAS,1,0.41820575871577564
2025-02-07,2024-25,WAS,CLE,0,0.11805557844556153
2025-02-07,2024-25,ATL,MIL,1,0.4295206762543651
2025-02-07,2024-25,BKN,MIA,1,0.3685159090735083
2025-02-07,2024-25,DET,PHI,1,0.5355299830207088
2025-02-07,2024-25,OKC,TOR,1,0.9390204473481294
2025-02-07,2024-25,PHX,UTA,1,0.5407395117875222
2025-02-08,2024-25,DAL,HOU,1,0.5584548741922193
2025-02-08,2024-25,LAL,IND,1,0.5817861299031112
2025-02-08,2024-25,ORL,SAS,1,0.5525866340624358
2025-02-08,2024-25,WAS,ATL,0,0.38702059687222784
2025-02-08,2024-25,CHI,GSW,0,0.47233649354206436
2025-02-08,2024-25,MEM,OKC,0,0.3169438281509315
2025-02-08,2024-25,MIN,POR,1,0.7301429799692148
2025-02-08,2024-25,NYK,BOS,0,0.4381357241445828
2025-02-08,2024-25,PHX,DEN,0,0.29642910042083037
2025-02-08,2024-25,SAC,NOP,1,0.7406566891197586
2025-02-08,2024-25,LAC,UTA,1,0.7939308864880634
2025-02-09,2024-25,DET,CHA,1,0.7674401643768758
2025-02-09,2024-25,HOU,TOR,1,0.7896785667085524
2025-02-09,2024-25,MIL,PHI,1,0.5403739444028488
2025-02-10,2024-25,CLE,MIN,1,0.6076165536106707
2025-02-10,2024-25,ORL,ATL,0,0.5730040209180858
2025-02-10,2024-25,WAS,SAS,0,0.31401589257311435
2025-02-10,2024-25,BKN,CHA,1,0.5062985115948865
2025-02-10,2024-25,MIA,BOS,0,0.23158758568514173
2025-02-10,2024-25,MIL,GSW,0,0.4135658454890287
2025-02-10,2024-25,OKC,NOP,1,0.9116196639868345
2025-02-10,2024-25,DAL,SAC,0,0.537148606490823
2025-02-10,2024-25,DEN,POR,1,0.7877223625699853
2025-02-10,2024-25,LAL,UTA,1,0.787476408917907
2025-02-11,2024-25,PHI,TOR,0,0.7373717497742719
2025-02-11,2024-25,IND,NYK,0,0.5565872896250519
2025-02-11,2024-25,CHI,DET,0,0.5269535908727497
2025-02-11,2024-25,PHX,MEM,0,0.4231385026740621
2025-02-12,2024-25,BOS,SAS,1,0.804968783655535
2025-02-12,2024-25,ORL,CHA,1,0.6373693990424919
2025-02-12,2024-25,WAS,IND,0,0.18352338400411644
2025-02-12,2024-25,BKN,PHI,1,0.5040973143131032
2025-02-12,2024-25,NYK,ATL,1,0.6722329452128938
2025-02-12,2024-25,TOR,CLE,0,0.24366006504339588
2025-02-12,2024-25,CHI,DET,0,0.38824590583914376
2025-02-12,2024-25,MIN,MIL,0,0.7531837946032918
2025-02-12,2024-25,NOP,SAC,0,0.36443425733312096
2025-02-12,2024-25,OKC,MIA,1,0.8901967802878068
2025-02-12,2024-25,HOU,PHX,1,0.73035870291724
2025-02-12,2024-25,DEN,POR,1,0.8511157337331087
2025-02-12,2024-25,UTA,LAL,1,0.26692879535236214
2025-02-12,2024-25,DAL,GSW,1,0.37750873468559687
2025-02-12,2024-25,LAC,MEM,1,0.5165758116955935
2025-02-13,2024-25,HOU,GSW,0,0.46278905289051336
2025-02-13,2024-25,NOP,SAC,1,0.28266758275799647
2025-02-13,2024-25,DAL,MIA,1,0.4992723234062072
2025-02-13,2024-25,MIN,OKC,1,0.2754008508093662
2025-02-13,2024-25,UTA,LAC,0,0.2897082183717323
2025-02-19,2024-25,LAL,CHA,0,0.833816556762341
2025-02-20,2024-25,IND,MEM,1,0.5652232390531317
2025-02-20,2024-25,PHI,BOS,0,0.23625648158337723
2025-02-20,2024-25,ATL,ORL,0,0.610377883906429
2025-02-20,2024-25,BKN,CLE,0,0.20498031760041538
2025-02-20,2024-25,NYK,CHI,1,0.7699440310486847
2025-02-20,2024-25,MIL,LAC,1,0.3396358291028511
2025-02-20,2024-25,DEN,CHA,1,0.8468749291646345
2025-02-20,2024-25,SAS,PHX,1,0.5244637819091427
2025-02-20,2024-25,POR,LAL,0,0.41572279867769535
2025-02-21,2024-25,CLE,NYK,1,0.6226940639331301
2025-02-21,2024-25,ORL,MEM,0,0.3857250473613215
2025-02-21,2024-25,WAS,MIL,0,0.3397423825371622
2025-02-21,2024-25,TOR,MIA,0,0.499568463031676
2025-02-21,2024-25,HOU,MIN,1,0.477965039220049
2025-02-21,2024-25,SAS,DET,0,0.4833657366599471
2025-02-21,2024-25,DAL,NOP,1,0.765804383425785
2025-02-21,2024-25,UTA,OKC,0,0.16399068050262533
2025-02-21,2024-25,SAC,GSW,0,0.5113290472614674
2025-02-22,2024-25,CHI,PHX,0,0.4514865905202643
2025-02-22,2024-25,PHI,BKN,0,0.7622239502762322
2025-02-22,2024-25,DEN,LAL,0,0.6361988635900113
2025-02-22,2024-25,UTA,HOU,1,0.339812108373597
2025-02-22,2024-25,POR,CHA,1,0.5181799290880628
2025-02-23,2024-25,BOS,NYK,1,0.71770507955765
2025-02-23,2024-25,GSW,DAL,1,0.6739555242467025
2025-02-23,2024-25,IND,LAC,1,0.6108677263953598
2025-02-23,2024-25,ATL,DET,0,0.45293700720412217
2025-02-23,2024-25,ORL,WAS,1,0.7854600328796099
2025-02-23,2024-25,TOR,PHX,1,0.4255147971431597
2025-02-23,2024-25,MIL,MIA,1,0.6184685836223078
2025-02-23,2024-25,NOP,SAS,1,0.4565275519702656
2025-02-23,2024-25,CLE,MEM,1,0.7754082398416275
2025-02-23,2024-25,MIN,OKC,0,0.328625239115207
2025-02-24,2024-25,DET,LAC,1,0.6108276611241338
2025-02-24,2024-25,IND,DEN,0,0.5650489276855659
2025-02-24,2024-25,PHI,CHI,0,0.5778407755729689
2025-02-24,2024-25,WAS,BKN,1,0.5238465050685137
2025-02-24,2024-25,ATL,MIA,1,0.5942133891107051
2025-02-24,2024-25,OKC,MIN,0,0.7843511028206116
2025-02-24,2024-25,UTA,POR,0,0.41035000016720674
2025-02-24,2024-25,SAC,CHA,1,0.7860917044847714
2025-02-25,2024-25,TOR,BOS,0,0.19887556070117865
2025-02-25,2024-25,ORL,CLE,0,0.2585718764318621
2025-02-25,2024-25,HOU,MIL,1,0.5871793819169664
2025-02-25,2024-25,MEM,PHX,1,0.6757134329556196
2025-02-25,2024-25,NOP,SAS,1,0.5406932701712451
2025-02-25,2024-25,GSW,CHA,1,0.9120547545139562
2025-02-25,2024-25,LAL,DAL,1,0.6408787081701434
2025-02-26,2024-25,DET,BOS,1,0.2816582009768409
2025-02-26,2024-25,IND,TOR,1,0.7777840827672176
2025-02-26,2024-25,NYK,PHI,1,0.7681671570238223
2025-02-26,2024-25,WAS,POR,0,0.39098813444951147
2025-02-26,2024-25,BKN,OKC,0,0.09046243232480981
2025-02-26,2024-25,MIA,ATL,1,0.5226859449522411
2025-02-26,2024-25,CHI,LAC,0,0.3826095324018809
2025-02-26,2024-25,UTA,SAC,0,0.3070339095570051
2025-02-26,2024-25,HOU,SAS,1,0.6633939708986187
2025-02-27,2024-25,ORL,GSW,0,0.2897057622410111
2025-02-27,2024-25,MIL,DEN,1,0.392039336881859
2025-02-27,2024-25,DAL,CHA,1,0.8449347866770064
2025-02-27,2024-25,PHX,NOP,0,0.6432475647060439
2025-02-27,2024-25,LAL,MIN,1,0.6087337266144426
2025-02-28,2024-25,DET,DEN,0,0.47198648166897855
2025-02-28,2024-25,ATL,OKC,0,0.20906502481463363
2025-02-28,2024-25,BOS,CLE,0,0.5135940204452334
2025-02-28,2024-25,BKN,POR,0,0.5560164116942636
2025-02-28,2024-25,MIA,IND,1,0.37186495602600517
2025-02-28,2024-25,CHI,TOR,1,0.6453442084532298
2025-02-28,2024-25,MEM,NYK,0,0.587302232039432
2025-02-28,2024-25,PHX,NOP,1,0.6796414084190326
2025-02-28,2024-25,UTA,MIN,1,0.24099997743725232
2025-02-28,2024-25,LAL,LAC,1,0.5444420367365793
2025-03-01,2024-25,CHA,WAS,0,0.5958246042537966
2025-03-01,2024-25,DET,BKN,1,0.8187841738578483
2025-03-01,2024-25,HOU,SAC,0,0.6073579867018528
2025-03-01,2024-25,MEM,SAS,0,0.7260401203145906
2025-03-01,2024-25,PHI,GSW,1,0.2907752609214433
2025-03-01,2024-25,DAL,MIL,0,0.5858249915793993
2025-03-02,2024-25,BOS,DEN,1,0.6308719257859691
2025-03-02,2024-25,CLE,POR,1,0.8589389643582085
2025-03-02,2024-25,IND,CHI,1,0.8027144977538382
2025-03-02,2024-25,MIA,NYK,0,0.38855849266543496
2025-03-02,2024-25,ORL,TOR,0,0.6623701396817873
2025-03-02,2024-25,SAS,OKC,0,0.17871078683020838
2025-03-02,2024-25,UTA,NOP,0,0.36154638069176454
2025-03-02,2024-25,PHX,MIN,0,0.43123876270355044
2025-03-02,2024-25,LAL,LAC,1,0.6445506683869362
2025-03-03,2024-25,CHA,GSW,0,0.17379937174671015
2025-03-03,2024-25,PHI,POR,0,0.5402209005808775
2025-03-03,2024-25,MIA,WAS,1,0.8260235996895843
2025-03-03,2024-25,MEM,ATL,0,0.6569287253343912
2025-03-03,2024-25,OKC,HOU,1,0.8875255884951783
2025-03-03,2024-25,DAL,SAC,0,0.4876369342538855
2025-03-03,2024-25,UTA,DET,0,0.3247577799651385
2025-03-04,2024-25,IND,HOU,1,0.6956002371103676
2025-03-04,2024-25,ORL,TOR,0,0.561628942707549
2025-03-04,2024-25,ATL,MIL,0,0.4688550903487349
2025-03-04,2024-25,NYK,GSW,0,0.46780455407423743
2025-03-04,2024-25,CHI,CLE,0,0.2338905358649076
2025-03-04,2024-25,MIN,PHI,1,0.837680421932561
2025-03-04,2024-25,SAS,BKN,1,0.6764758772648823
2025-03-04,2024-25,PHX,LAC,1,0.44759770766913204
2025-03-04,2024-25,LAL,NOP,1,0.7928404680292105
2025-03-05,2024-25,BOS,POR,1,0.8561376441587668
2025-03-05,2024-25,CHA,MIN,0,0.20617748112162854
2025-03-05,2024-25,CLE,MIA,1,0.7826459754705423
2025-03-05,2024-25,WAS,UTA,1,0.4434135436812102
2025-03-05,2024-25,MEM,OKC,0,0.24180130206167041
2025-03-05,2024-25,DEN,SAC,1,0.6071860380135666
2025-03-05,2024-25,MIL,DAL,1,0.7141724864208474
2025-03-05,2024-25,LAC,DET,1,0.4454333598822196
2025-03-06,2024-25,ATL,IND,1,0.31478484903071347
2025-03-06,2024-25,BOS,PHI,1,0.9031396111556409
2025-03-06,2024-25,BKN,GSW,0,0.16880434625607502
2025-03-06,2024-25,NOP,HOU,0,0.4451767098240097
2025-03-06,2024-25,LAL,NYK,1,0.6094483721920857
2025-03-06,2024-25,ORL,CHI,0,0.5965345746745423
2025-03-07,2024-25,CHA,CLE,0,0.10060164676921389
2025-03-07,2024-25,TOR,UTA,1,0.7033218604882759
2025-03-07,2024-25,DAL,MEM,0,0.33603207055106854
2025-03-07,2024-25,MIA,MIN,0,0.4920348110781128
2025-03-07,2024-25,OKC,POR,1,0.884791217198685
2025-03-07,2024-25,DEN,PHX,1,0.7202908911751574
2025-03-07,2024-25,SAC,SAS,1,0.709566890478253
2025-03-07,2024-25,LAC,NYK,1,0.5372547786411669
2025-03-08,2024-25,CHA,BKN,1,0.4645286572605787
2025-03-08,2024-25,HOU,NOP,1,0.7026496464213053
2025-03-08,2024-25,ATL,IND,1,0.43489140358677947
2025-03-08,2024-25,TOR,WAS,0,0.815580595505608
2025-03-08,2024-25,MIA,CHI,0,0.672336592158792
2025-03-08,2024-25,MIL,ORL,0,0.7032847828921336
2025-03-08,2024-25,BOS,LAL,1,0.7060903451598413
2025-03-08,2024-25,GSW,DET,1,0.6229104030924838
2025-03-09,2024-25,OKC,DEN,1,0.7444511559194641
2025-03-09,2024-25,DAL,PHX,0,0.42220569386990797
2025-03-09,2024-25,MIL,CLE,0,0.33107744863581795
2025-03-09,2024-25,NOP,MEM,0,0.2858767318284916
2025-03-09,2024-25,PHI,UTA,1,0.6236704228547275
2025-03-09,2024-25,MIN,SAS,1,0.7699416504190674
2025-03-09,2024-25,POR,DET,0,0.34210762990049887
2025-03-09,2024-25,LAC,SAC,1,0.5615289101018311
2025-03-10,2024-25,ATL,PHI,1,0.7940936137386526
2025-03-10,2024-25,BOS,UTA,1,0.8970754451026633
2025-03-10,2024-25,BKN,LAL,1,0.21267031318275034
2025-03-10,2024-25,MIA,CHA,0,0.7645558216738992
2025-03-10,2024-25,TOR,WAS,1,0.7844219522159184
2025-03-10,2024-25,CHI,IND,1,0.41038366183430425
2025-03-10,2024-25,HOU,ORL,1,0.6557947175423284
2025-03-10,2024-25,MEM,PHX,1,0.5200135659424424
2025-03-10,2024-25,OKC,DEN,0,0.749859715367694
2025-03-10,2024-25,SAS,DAL,0,0.6164115413052816
2025-03-10,2024-25,GSW,POR,1,0.797139147111971
2025-03-10,2024-25,SAC,NYK,0,0.5437577817811351
2025-03-11,2024-25,CLE,BKN,1,0.8756248213189244
2025-03-11,2024-25,DET,WAS,1,0.8186102200029597
2025-03-11,2024-25,IND,MIL,1,0.6426107617046186
2025-03-11,2024-25,NOP,LAC,1,0.33843696907654314
2025-03-12,2024-25,ATL,CHA,1,0.6876469489882134
2025-03-12,2024-25,BOS,OKC,0,0.49231213287323466
2025-03-12,2024-25,TOR,PHI,1,0.7113939748772965
2025-03-12,2024-25,MIA,LAC,0,0.4886858807416148
2025-03-12,2024-25,HOU,PHX,1,0.6471371717930534
2025-03-12,2024-25,MEM,UTA,1,0.6979568459958441
2025-03-12,2024-25,SAS,DAL,1,0.630740471173106
2025-03-12,2024-25,DEN,MIN,0,0.5816183455023902
2025-03-12,2024-25,POR,NYK,0,0.33126811581894455
2025-03-13,2024-25,DET,WAS,0,0.8545176205060943
2025-03-13,2024-25,MIL,LAL,1,0.42515987573892755
2025-03-13,2024-25,CHI,BKN,1,0.7219626501930644
2025-03-13,2024-25,GSW,SAC,1,0.6694661774056023
2025-03-13,2024-25,NOP,ORL,0,0.578752798863792
2025-03-14,2024-25,MIA,BOS,0,0.2164181660686079
2025-03-14,2024-25,PHI,IND,0,0.18804290951944466
2025-03-14,2024-25,ATL,LAC,0,0.37890053715637356
2025-03-14,2024-25,HOU,DAL,1,0.7934414472829909
2025-03-14,2024-25,MEM,CLE,0,0.394383711481428
2025-03-14,2024-25,MIN,ORL,1,0.7751114803844711
2025-03-14,2024-25,SAS,CHA,0,0.6916750711574359
2025-03-14,2024-25,DEN,LAL,1,0.7521977549164294
2025-03-14,2024-25,UTA,TOR,0,0.43494274933770966
2025-03-14,2024-25,PHX,SAC,1,0.49049880681602603
2025-03-15,2024-25,BKN,BOS,0,0.18155061154335128
2025-03-15,2024-25,DET,OKC,0,0.31872216688036276
2025-03-15,2024-25,HOU,CHI,1,0.6761089718924337
2025-03-15,2024-25,MEM,MIA,1,0.677585816246955
2025-03-15,2024-25,MIL,IND,1,0.5102959180272629
2025-03-15,2024-25,SAS,NOP,1,0.629047515099115
2025-03-15,2024-25,GSW,NYK,1,0.6431655330448659
2025-03-15,2024-25,DEN,WAS,0,0.8605806572317224
2025-03-16,2024-25,LAC,CHA,1,0.8474160702218142
2025-03-16,2024-25,DAL,PHI,0,0.6223271308184779
2025-03-16,2024-25,LAL,PHX,1,0.685924843133767
2025-03-16,2024-25,BKN,ATL,1,0.34659705950430914
2025-03-16,2024-25,CLE,ORL,0,0.8321824406000147
2025-03-16,2024-25,POR,TOR,1,0.517205635336091
2025-03-16,2024-25,MIN,UTA,1,0.7930288597572446
2025-03-16,2024-25,MIL,OKC,0,0.25312991306886407
2025-03-17,2024-25,LAL,SAS,1,0.7904588065551738
2025-03-17,2024-25,NYK,MIA,1,0.7547372714543656
2025-03-17,2024-25,HOU,PHI,1,0.864274091921025
2025-03-17,2024-25,MIN,IND,0,0.6733386982669299
2025-03-17,2024-25,NOP,DET,0,0.3034706276592867
2025-03-17,2024-25,UTA,CHI,0,0.3629413288853216
2025-03-17,2024-25,GSW,DEN,0,0.7233533218721221
2025-03-17,2024-25,PHX,TOR,1,0.6516206703610526
2025-03-17,2024-25,SAC,MEM,1,0.5063872947776278
2025-03-17,2024-25,POR,WAS,1,0.6196265759040858
2025-03-18,2024-25,CHA,ATL,0,0.4138604495083311
2025-03-18,2024-25,BOS,BKN,1,0.8950216530936309
2025-03-18,2024-25,LAC,CLE,1,0.48348144660981957
2025-03-18,2024-25,GSW,MIL,1,0.7250168163697639
2025-03-19,2024-25,UTA,WAS,1,0.4983608086037724
2025-03-19,2024-25,IND,DAL,1,0.774816235066296
2025-03-19,2024-25,ORL,HOU,0,0.41677685246931184
2025-03-19,2024-25,MIA,DET,0,0.36392712392990906
2025-03-19,2024-25,MIN,NOP,0,0.8851765426002655
2025-03-19,2024-25,OKC,PHI,1,0.8947359912221712
2025-03-19,2024-25,SAS,NYK,1,0.26338242324637323
2025-03-19,2024-25,LAL,DEN,1,0.6001678448443838
2025-03-19,2024-25,PHX,CHI,1,0.6173625673596023
2025-03-19,2024-25,POR,MEM,1,0.3704759201043334
2025-03-19,2024-25,SAC,CLE,1,0.29731345674196535
2025-03-20,2024-25,LAL,MIL,0,0.5042792324036018
2025-03-20,2024-25,GSW,TOR,1,0.8924777909027589
2025-03-20,2024-25,CHA,NYK,1,0.1877916058492988
2025-03-20,2024-25,IND,BKN,1,0.8302926521216528
2025-03-20,2024-25,SAC,CHI,0,0.5921551204990039
2025-03-21,2024-25,WAS,ORL,0,0.3442332493142225
2025-03-21,2024-25,MIA,HOU,0,0.365827022015955
2025-03-21,2024-25,MIN,NOP,1,0.8882916381552011
2025-03-21,2024-25,OKC,CHA,1,0.9578998408824788
2025-03-21,2024-25,SAS,PHI,1,0.6987591023348658
2025-03-21,2024-25,DAL,DET,1,0.21770721327721454
2025-03-21,2024-25,UTA,BOS,0,0.15127019556668814
2025-03-21,2024-25,PHX,CLE,1,0.48811452523663623
2025-03-21,2024-25,POR,DEN,1,0.38197870992173955
2025-03-21,2024-25,LAC,MEM,1,0.6913769919469995
2025-03-22,2024-25,IND,BKN,1,0.8613702067979628
2025-03-22,2024-25,ATL,GSW,1,0.2902152451576256
2025-03-22,2024-25,NYK,WAS,1,0.8431678923746638
2025-03-22,2024-25,SAC,MIL,0,0.580193325432317
2025-03-22,2024-25,LAL,CHI,0,0.7147938487102491
2025-03-23,2024-25,DET,NOP,1,0.8797447800287256
2025-03-23,2024-25,UTA,CLE,0,0.14096782903154367
2025-03-23,2024-25,ATL,PHI,1,0.7530636479610818
2025-03-23,2024-25,MIA,CHA,1,0.6987502170781158
2025-03-23,2024-25,TOR,SAS,0,0.5667034325502023
2025-03-23,2024-25,POR,BOS,0,0.24886763377384571
2025-03-23,2024-25,HOU,DEN,0,0.6680161889106819
2025-03-23,2024-25,LAC,OKC,0,0.36983772168109663
2025-03-24,2024-25,IND,MIN,1,0.4821625434076501
2025-03-24,2024-25,ORL,LAL,1,0.43102342073000116
2025-03-24,2024-25,WAS,TOR,0,0.509757870089393
2025-03-24,2024-25,BKN,DAL,0,0.5336917231942865
2025-03-24,2024-25,NOP,PHI,1,0.46830236241447837
2025-03-24,2024-25,DEN,CHI,0,0.549907285590794
2025-03-24,2024-25,PHX,MIL,1,0.5603469588995069
2025-03-24,2024-25,SAC,BOS,0,0.3503502655335864
2025-03-25,2024-25,CHA,ORL,0,0.313592889726922
2025-03-25,2024-25,DET,SAS,1,0.7243585248651442
2025-03-25,2024-25,MIA,GSW,1,0.35328323566857023
2025-03-25,2024-25,NYK,DAL,1,0.8651707500673608
2025-03-25,2024-25,HOU,ATL,1,0.7561915923410185
2025-03-25,2024-25,UTA,MEM,0,0.2396884894659451
2025-03-25,2024-25,POR,CLE,0,0.37893057228978316
2025-03-25,2024-25,SAC,OKC,0,0.2303467293641363
2025-03-26,2024-25,PHI,WAS,0,0.5661870475329623
2025-03-26,2024-25,BKN,TOR,0,0.5548913208437094
2025-03-26,2024-25,IND,LAL,0,0.5419422988869991
2025-03-26,2024-25,NYK,LAC,0,0.48126342808945616
2025-03-26,2024-25,DEN,MIL,1,0.641622348415456
2025-03-26,2024-25,PHX,BOS,0,0.36650289263746333
2025-03-27,2024-25,CLE,SAS,1,0.8205680436465664
2025-03-27,2024-25,ORL,DAL,0,0.7394207953757571
2025-03-27,2024-25,WAS,IND,0,0.22635465854831405
2025-03-27,2024-25,MIA,ATL,1,0.606558043706989
2025-03-27,2024-25,CHI,LAL,1,0.547353695583249
2025-03-27,2024-25,OKC,MEM,1,0.7966368878654497
2025-03-27,2024-25,UTA,HOU,0,0.1507063886375791
2025-03-27,2024-25,SAC,POR,1,0.6215943619187826
2025-03-28,2024-25,DET,CLE,1,0.4029791749760373
2025-03-28,2024-25,BKN,LAC,0,0.2247926944207077
2025-03-28,2024-25,TOR,CHA,1,0.7076899244465501
2025-03-28,2024-25,MIL,NYK,0,0.5210384663201987
2025-03-28,2024-25,MIN,PHX,1,0.6689221423471713
2025-03-28,2024-25,NOP,GSW,0,0.1352811912694688
2025-03-28,2024-25,DEN,UTA,1,0.9069239527716743
2025-03-29,2024-25,ORL,SAC,1,0.512689341975882
2025-03-29,2024-25,WAS,BKN,0,0.4510261824921831
2025-03-29,2024-25,PHI,MIA,0,0.28200629138751965
2025-03-29,2024-25,CHI,DAL,0,0.7406492665766652
2025-03-29,2024-25,MEM,LAL,0,0.5005583221855774
2025-03-29,2024-25,OKC,IND,1,0.7387044966679337
2025-03-29,2024-25,SAS,BOS,0,0.21749726950294873
2025-03-30,2024-25,CLE,LAC,1,0.6041099482957631
2025-03-30,2024-25,NYK,POR,1,0.7371381333903675
2025-03-30,2024-25,MIL,ATL,0,0.6322855682015879
2025-03-30,2024-25,MIN,DET,1,0.6021419200575169
2025-03-30,2024-25,NOP,CHA,1,0.5294042729929999
2025-03-30,2024-25,SAS,GSW,0,0.2955027086330954
2025-03-30,2024-25,PHI,TOR,0,0.28445996773969734
2025-03-30,2024-25,PHX,HOU,0,0.4604820847479725
2025-03-31,2024-25,CHA,UTA,1,0.6659358278778503
2025-03-31,2024-25,IND,SAC,1,0.6923889741490756
2025-03-31,2024-25,ORL,LAC,0,0.33240994907132015
2025-03-31,2024-25,WAS,MIA,0,0.25127398629283015
2025-03-31,2024-25,MEM,BOS,0,0.30554698546848064
2025-03-31,2024-25,OKC,CHI,1,0.8597849125677841
2025-03-31,2024-25,DAL,BKN,0,0.7937011925487832
2025-03-31,2024-25,LAL,HOU,1,0.5589281645396246
2025-04-01,2024-25,SAS,ORL,0,0.3934443187788189
2025-04-01,2024-25,ATL,POR,0,0.6080031367672216
2025-04-01,2024-25,NYK,PHI,1,0.9012927918619087
2025-04-01,2024-25,CHI,TOR,1,0.7098331011840974
2025-04-01,2024-25,MEM,GSW,0,0.4163996393500017
2025-04-01,2024-25,MIL,PHX,1,0.6635428464508012
2025-04-01,2024-25,DEN,MIN,0,0.5508444630648663
2025-04-02,2024-25,CLE,NYK,1,0.6113930790104924
2025-04-02,2024-25,IND,CHA,1,0.8574459719894776
2025-04-02,2024-25,WAS,SAC,1,0.15760021841491337
2025-04-02,2024-25,BOS,MIA,0,0.7423380888427236
2025-04-02,2024-25,HOU,UTA,1,0.8616458172320762
2025-04-02,2024-25,OKC,DET,1,0.7501107696029777
2025-04-02,2024-25,DAL,ATL,1,0.5479182631118363
2025-04-02,2024-25,DEN,SAS,0,0.6954186432863103
2025-04-02,2024-25,LAC,NOP,1,0.9300027993581769
2025-04-03,2024-25,WAS,ORL,0,0.1727272302460217
2025-04-03,2024-25,BKN,MIN,0,0.19640278946833997
2025-04-03,2024-25,MIA,MEM,0,0.567180214818635
2025-04-03,2024-25,PHI,MIL,0,0.22252489843101647
2025-04-03,2024-25,TOR,POR,0,0.47632347340667375
2025-04-03,2024-25,LAL,GSW,0,0.5126371608480574
2025-04-04,2024-25,CHA,SAC,0,0.418464023705876
2025-04-04,2024-25,IND,UTA,1,0.878808379430311
2025-04-04,2024-25,BOS,PHX,1,0.8478462036852913
2025-04-04,2024-25,TOR,DET,0,0.30916752716147594
2025-04-04,2024-25,CHI,POR,1,0.637151124287606
2025-04-04,2024-25,HOU,OKC,1,0.32344149572614134
2025-04-04,2024-25,SAS,CLE,0,0.23141150510273437
2025-04-04,2024-25,GSW,DEN,1,0.5903632632540179
2025-04-04,2024-25,LAL,NOP,1,0.8818968984687312
2025-04-04,2024-25,LAC,DAL,1,0.7862367765043481
2025-04-05,2024-25,ATL,NYK,0,0.4093517852080005
2025-04-05,2024-25,DET,MEM,0,0.5516626035172096
2025-04-05,2024-25,PHI,MIN,0,0.11583231957396423
2025-04-05,2024-25,MIA,MIL,0,0.6260401506085139
2025-04-05,2024-25,LAC,DAL,1,0.7869321193203584
2025-04-06,2024-25,NOP,MIL,0,0.23199257576912102
2025-04-06,2024-25,CHA,CHI,0,0.25244384434143025
2025-04-06,2024-25,BKN,TOR,0,0.48311465162880807
2025-04-06,2024-25,OKC,LAL,0,0.761694027413014
2025-04-06,2024-25,ATL,UTA,1,0.8218085398201633
2025-04-06,2024-25,BOS,WAS,1,0.9586857057118798
2025-04-06,2024-25,CLE,SAC,0,0.7687111126235812
2025-04-06,2024-25,POR,SAS,1,0.5871095763890437
2025-04-06,2024-25,NYK,PHX,1,0.7747673638900922
2025-04-06,2024-25,DEN,IND,0,0.6019650118003524
2025-04-06,2024-25,GSW,HOU,0,0.6211958280810496
2025-04-07,2024-25,DET,SAC,0,0.6189829409133389
2025-04-07,2024-25,MIA,PHI,1,0.8525812833302484
2025-04-08,2024-25,CHA,MEM,0,0.23580009796132453
2025-04-08,2024-25,CLE,CHI,1,0.7270377691512556
2025-04-08,2024-25,IND,WAS,1,0.9131097644378326
2025-04-08,2024-25,ORL,ATL,1,0.624730271754369
2025-04-08,2024-25,BKN,NOP,1,0.6009996770753617
2025-04-08,2024-25,NYK,BOS,0,0.4093978588968143
2025-04-08,2024-25,MIL,MIN,1,0.42076588153905026
2025-04-08,2024-25,OKC,LAL,1,0.7306961286856992
2025-04-08,2024-25,PHX,GSW,0,0.2483337880971489
2025-04-08,2024-25,LAC,SAS,1,0.82434767309453
2025-04-09,2024-25,ORL,BOS,1,0.32994752071282696
2025-04-09,2024-25,WAS,PHI,0,0.49890716987750594
2025-04-09,2024-25,TOR,CHA,1,0.7808606565706966
2025-04-09,2024-25,DAL,LAL,0,0.371298804286501
2025-04-09,2024-25,CHI,MIA,1,0.5579793532121343
2025-04-09,2024-25,UTA,POR,1,0.2777235822585549
2025-04-09,2024-25,GSW,SAS,0,0.8575077182343573
2025-04-09,2024-25,PHX,OKC,0,0.1907142810344388
2025-04-09,2024-25,SAC,DEN,0,0.4760135131661178
2025-04-09,2024-25,LAC,HOU,1,0.7978218624227837
2025-04-10,2024-25,MIL,NOP,1,0.8722285899073926
2025-04-10,2024-25,DET,NYK,1,0.5813206156448355
2025-04-10,2024-25,IND,CLE,1,0.3741993778746216
2025-04-10,2024-25,BKN,ATL,0,0.2952999826228102
2025-04-10,2024-25,MEM,MIN,0,0.37349017429205694
2025-04-11,2024-25,DET,MIL,0,0.6325682717392904
2025-04-11,2024-25,IND,ORL,0,0.5464545531670314
2025-04-11,2024-25,PHI,ATL,0,0.2582020835977025
2025-04-11,2024-25,BOS,CHA,1,0.9475051238780832
2025-04-11,2024-25,NYK,CLE,0,0.5441559548311492
2025-04-11,2024-25,CHI,WAS,1,0.8998452520678615
2025-04-11,2024-25,NOP,MIA,0,0.2124880008300705
2025-04-11,2024-25,DAL,TOR,1,0.6902283123529817
2025-04-11,2024-25,MIN,BKN,1,0.9347612876869514
2025-04-11,2024-25,DEN,MEM,1,0.6337594842603622
2025-04-11,2024-25,UTA,OKC,0,0.08383442325128072
2025-04-11,2024-25,PHX,SAS,1,0.5082612415842988
2025-04-11,2024-25,POR,GSW,0,0.24374192968689595
2025-04-11,2024-25,SAC,LAC,0,0.301302197649926
2025-04-11,2024-25,LAL,HOU,1,0.7874622342486755
2025-04-13,2024-25,ATL,ORL,1,0.502457404092066
2025-04-13,2024-25,BOS,CHA,1,0.9149381138728158
2025-04-13,2024-25,BKN,NYK,0,0.17190215839521092
2025-04-13,2024-25,CLE,IND,0,0.5403419810302287
2025-04-13,2024-25,MIA,WAS,0,0.9230505458481016
2025-04-13,2024-25,PHI,CHI,0,0.18749069791713047
2025-04-13,2024-25,MIL,DET,1,0.28167404934148044
2025-04-13,2024-25,HOU,DEN,0,0.514567134267644
2025-04-13,2024-25,MEM,DAL,1,0.5215745383685886
2025-04-13,2024-25,MIN,UTA,1,0.9170359143274913
2025-04-13,2024-25,NOP,OKC,0,0.02926626191141904
2025-04-13,2024-25,SAS,TOR,1,0.7401160888127958
2025-04-13,2024-25,GSW,LAC,0,0.5466130697821443
2025-04-13,2024-25,POR,LAL,1,0.635899173829367
2025-04-13,2024-25,SAC,PHX,1,0.7140272869543195
2025-10-21,2025-26,OKC,HOU,1,0.6791008761417493
2025-10-21,2025-26,LAL,GSW,0,0.5433518436969752
2025-10-22,2025-26,NYK,CLE,1,0.32944390269154145
2025-10-22,2025-26,DAL,SAS,0,0.5131268943986081
2025-10-22,2025-26,CHA,BKN,1,0.5391828204301705
2025-10-22,2025-26,ORL,MIA,1,0.5215684902138442
2025-10-22,2025-26,ATL,TOR,0,0.7638041793222967
2025-10-22,2025-26,BOS,PHI,0,0.7101408350153215
2025-10-22,2025-26,CHI,DET,1,0.5397845564286581
2025-10-22,2025-26,MEM,NOP,1,0.7313313083553528
2025-10-22,2025-26,MIL,WAS,1,0.8290500581694682
2025-10-22,2025-26,UTA,LAC,1,0.1431921118337693
2025-10-22,2025-26,PHX,SAC,1,0.4747684962765343
2025-10-22,2025-26,POR,MIN,0,0.458910636932117
2025-10-23,2025-26,IND,OKC,0,0.24667921318761188
2025-10-23,2025-26,GSW,DEN,1,0.6490721823857213
2025-10-24,2025-26,NYK,BOS,1,0.5691349368718558
2025-10-24,2025-26,LAL,MIN,1,0.6047161331204882
2025-10-24,2025-26,ORL,ATL,0,0.5538647321319224
2025-10-24,2025-26,BKN,CLE,0,0.16794563367344387
2025-10-24,2025-26,TOR,MIL,0,0.37443490917085337
2025-10-24,2025-26,HOU,DET,0,0.7184241862973514
2025-10-24,2025-26,MEM,MIA,0,0.6336097553286658
2025-10-24,2025-26,NOP,SAS,0,0.4775217988988967
2025-10-24,2025-26,DAL,WAS,0,0.6734691869795563
2025-10-24,2025-26,POR,GSW,1,0.36500372788179636
2025-10-24,2025-26,SAC,UTA,1,0.6337846035792829
2025-10-24,2025-26,LAC,PHX,1,0.8212542903466213
2025-10-25,2025-26,ORL,CHI,0,0.46050631001690684
2025-10-25,2025-26,ATL,OKC,0,0.2561472111396296
2025-10-25,2025-26,PHI,CHA,1,0.6386102369095108
2025-10-25,2025-26,MEM,IND,1,0.6162474943639937
2025-10-25,2025-26,DEN,PHX,1,0.8088710892310241
2025-10-26,2025-26,SAS,BKN,1,0.7597661202068446
2025-10-26,2025-26,DET,BOS,1,0.5695674906219046
2025-10-26,2025-26,CLE,MIL,1,0.7047255253376293
2025-10-26,2025-26,MIA,NYK,1,0.5265124969003886
2025-10-26,2025-26,WAS,CHA,0,0.39268962464433976
2025-10-26,2025-26,MIN,IND,1,0.7461243391004927
2025-10-26,2025-26,DAL,TOR,1,0.5377840363719849
2025-10-26,2025-26,LAC,POR,1,0.6979121076911584
2025-10-26,2025-26,SAC,LAL,0,0.3348251523496332
2025-10-27,2025-26,DET,CLE,0,0.30193433517959045
2025-10-27,2025-26,MIN,DEN,0,0.4372721452198309
2025-10-27,2025-26,PHI,ORL,1,0.5411539243128577
2025-10-27,2025-26,CHI,ATL,1,0.6372252432142397
2025-10-27,2025-26,HOU,BKN,1,0.8812134953052191
2025-10-27,2025-26,NOP,BOS,0,0.3861414416886116
2025-10-27,2025-26,SAS,TOR,1,0.6958343101397768
2025-10-27,2025-26,DAL,OKC,0,0.14570193689292513
2025-10-27,2025-26,UTA,PHX,1,0.6588215037270201
2025-10-27,2025-26,GSW,MEM,1,0.6736480874435362
2025-10-27,2025-26,LAL,POR,0,0.5019198929346369
2025-10-28,2025-26,WAS,PHI,0,0.32823954405407085
2025-10-28,2025-26,MIA,CHA,1,0.6265055465355087
2025-10-28,2025-26,MIL,NYK,1,0.4950032459228839
2025-10-28,2025-26,OKC,SAC,1,0.8306518334842546
2025-10-28,2025-26,GSW,LAC,1,0.5317300168549188
2025-10-29,2025-26,BOS,CLE,1,0.4203030378386769
2025-10-29,2025-26,DET,ORL,1,0.6481547189806073
2025-10-29,2025-26,BKN,ATL,0,0.28959228219224414
2025-10-29,2025-26,TOR,HOU,0,0.1984395319283174
2025-10-29,2025-26,CHI,SAC,1,0.6238802157333639
2025-10-29,2025-26,DAL,IND,1,0.445552383666566
2025-10-29,2025-26,DEN,NOP,1,0.8510610429052177
2025-10-29,2025-26,UTA,POR,0,0.33909161802445104
2025-10-29,2025-26,MIN,LAL,0,0.6740875914174275
2025-10-29,2025-26,PHX,MEM,0,0.29001176787860955
2025-10-30,2025-26,CHA,ORL,0,0.5200937487789304
2025-10-30,2025-26,MIL,GSW,1,0.34017042742798204
2025-10-30,2025-26,OKC,WAS,1,0.9484353950604447
2025-10-30,2025-26,SAS,MIA,1,0.4902062774290921
2025-10-31,2025-26,IND,ATL,0,0.4674912410523499
2025-10-31,2025-26,PHI,BOS,0,0.3567913607984595
2025-10-31,2025-26,CLE,TOR,0,0.8181419501277547
2025-10-31,2025-26,CHI,NYK,1,0.5285134671685952
2025-10-31,2025-26,MEM,LAL,0,0.40300036308475384
2025-10-31,2025-26,PHX,UTA,1,0.44203634843600836
2025-10-31,2025-26,POR,DEN,1,0.3655986818966603
2025-10-31,2025-26,LAC,NOP,1,0.8596544820179485
2025-11-01,2025-26,MIL,SAC,0,0.7099452262499615
2025-11-01,2025-26,CHA,MIN,0,0.35377775296129643
2025-11-01,2025-26,IND,GSW,1,0.1411365650005539
2025-11-01,2025-26,WAS,ORL,0,0.3104063272051331
2025-11-01,2025-26,BOS,HOU,0,0.49092827166161795
2025-11-02,2025-26,OKC,NOP,1,0.9221757915091761
2025-11-02,2025-26,BKN,PHI,0,0.3612815565381815
2025-11-02,2025-26,CHA,UTA,1,0.40173204184201877
2025-11-02,2025-26,CLE,ATL,1,0.620700683704397
2025-11-02,2025-26,TOR,MEM,1,0.4172116984767352
2025-11-02,2025-26,NYK,CHI,1,0.5338345479431664
2025-11-02,2025-26,PHX,SAS,1,0.3645648516892884
2025-11-02,2025-26,LAL,MIA,1,0.7012199650449252
2025-11-03,2025-26,BKN,MIN,0,0.18106757848471428
2025-11-03,2025-26,IND,MIL,0,0.2889964407669659
2025-11-03,2025-26,BOS,UTA,0,0.7489010495398478
2025-11-03,2025-26,NYK,WAS,1,0.8897942315868839
2025-11-03,2025-26,HOU,DAL,1,0.8803008304354573
2025-11-03,2025-26,MEM,DET,0,0.5198164932091031
2025-11-03,2025-26,DEN,SAC,1,0.8068152960943261
2025-11-03,2025-26,POR,LAL,0,0.7146778385299369
2025-11-03,2025-26,LAC,MIA,0,0.6138143524816129
2025-11-04,2025-26,TOR,MIL,1,0.35865643390436414
2025-11-04,2025-26,ATL,ORL,1,0.6175113487196635
2025-11-04,2025-26,CHI,PHI,1,0.6352778018814043
2025-11-04,2025-26,NOP,CHA,1,0.5470747686900088
2025-11-04,2025-26,GSW,PHX,1,0.845477492910084
2025-11-04,2025-26,LAC,OKC,0,0.3540010113837836
2025-11-05,2025-26,CLE,PHI,1,0.7063938410706743
2025-11-05,2025-26,DET,UTA,1,0.7110132534566121
2025-11-05,2025-26,IND,BKN,0,0.7118457649087688
2025-11-05,2025-26,BOS,WAS,1,0.8876918928447809
2025-11-05,2025-26,NYK,MIN,1,0.4993416357113785
2025-11-05,2025-26,MEM,HOU,0,0.263794402609506
2025-11-05,2025-26,DAL,NOP,0,0.5655039970861644
2025-11-05,2025-26,DEN,MIA,1,0.6834399522376154
2025-11-05,2025-26,LAL,SAS,1,0.7353756008421958
2025-11-05,2025-26,POR,OKC,1,0.2629198019057151
2025-11-05,2025-26,SAC,GSW,1,0.46612347975527346
2025-11-06,2025-26,PHX,LAC,1,0.35357604795606473
2025-11-07,2025-26,ORL,BOS,1,0.3980475831674424
2025-11-07,2025-26,WAS,CLE,0,0.1460392281971354
2025-11-07,2025-26,ATL,TOR,0,0.6469399783660343
2025-11-07,2025-26,BKN,DET,0,0.27396534575536136
2025-11-07,2025-26,SAS,HOU,1,0.22970827976961675
2025-11-07,2025-26,MIA,CHA,1,0.7881189132010213
2025-11-07,2025-26,MEM,DAL,1,0.6960244293536846
2025-11-07,2025-26,MIL,CHI,1,0.5418015784644177
2025-11-07,2025-26,MIN,UTA,1,0.7847394770569428
2025-11-07,2025-26,DEN,GSW,1,0.6548659849059653
2025-11-07,2025-26,SAC,OKC,0,0.17682510048420333
2025-11-08,2025-26,WAS,DAL,0,0.36664930425508957
2025-11-08,2025-26,PHI,TOR,1,0.5674145507050624
2025-11-08,2025-26,ATL,LAL,1,0.43108685073280817
2025-11-08,2025-26,CLE,CHI,1,0.6882677600979671
2025-11-08,2025-26,MIA,POR,1,0.5431245838311092
2025-11-08,2025-26,SAS,NOP,1,0.6570619484411971
2025-11-08,2025-26,DEN,IND,1,0.8645274460862605
2025-11-08,2025-26,LAC,PHX,0,0.6872877500762926
2025-11-09,2025-26,MIL,HOU,0,0.40105365531581977
2025-11-09,2025-26,NYK,BKN,1,0.8692316263009229
2025-11-09,2025-26,ORL,BOS,0,0.45002982720688844
2025-11-09,2025-26,MEM,OKC,0,0.15837863556057025
2025-11-09,2025-26,PHI,DET,0,0.5158729248565327
2025-11-09,2025-26,GSW,IND,1,0.7741357721940029
2025-11-09,2025-26,SAC,MIN,0,0.3865650478079539
2025-11-10,2025-26,CHA,LAL,0,0.1998986680054049
2025-11-10,2025-26,DET,WAS,1,0.8456166962180992
2025-11-10,2025-26,ORL,POR,1,0.38617614017010193
2025-11-10,2025-26,MIA,CLE,1,0.5074466951127834
2025-11-10,2025-26,CHI,SAS,0,0.6453058788613709
2025-11-10,2025-26,DAL,MIL,0,0.3154772049508163
2025-11-10,2025-26,PHX,NOP,1,0.6321632353304768
2025-11-10,2025-26,UTA,MIN,0,0.18996604217019075
2025-11-10,2025-26,LAC,ATL,0,0.5468590970744076
2025-11-11,2025-26,BKN,TOR,0,0.2717510550875368
2025-11-11,2025-26,NYK,MEM,1,0.7098619008808913
2025-11-11,2025-26,PHI,BOS,1,0.43406261529284706
2025-11-11,2025-26,OKC,GSW,1,0.7866481686081541
2025-11-11,2025-26,UTA,IND,1,0.4519194765583569
2025-11-11,2025-26,SAC,DEN,0,0.19223566961085328
2025-11-12,2025-26,CHA,MIL,1,0.3620213663269875
2025-11-12,2025-26,DET,CHI,1,0.3774895989799939
2025-11-12,2025-26,NYK,ORL,0,0.7034212215500556
2025-11-12,2025-26,BOS,MEM,1,0.7043133153229276
2025-11-12,2025-26,MIA,CLE,0,0.5797107028739851
2025-11-12,2025-26,HOU,WAS,1,0.9210775583080617
2025-11-12,2025-26,NOP,POR,0,0.27853774663789344
2025-11-12,2025-26,SAS,GSW,0,0.37144033631929907
2025-11-12,2025-26,DAL,PHX,0,0.42196517465412053
2025-11-12,2025-26,OKC,LAL,1,0.7925443129099946
2025-11-12,2025-26,SAC,ATL,0,0.43005990158130913
2025-11-12,2025-26,LAC,DEN,0,0.35125744489875527
2025-11-13,2025-26,CLE,TOR,0,0.8109567358500321
2025-11-13,2025-26,PHX,IND,1,0.7106359966426067
2025-11-13,2025-26,UTA,ATL,0,0.3220902152428922
2025-11-14,2025-26,NYK,MIA,1,0.5987434644790041
2025-11-14,2025-26,ORL,BKN,1,0.8508241570970477
2025-11-14,2025-26,DET,PHI,1,0.4805642003634079
2025-11-14,2025-26,HOU,POR,1,0.6834532105586512
2025-11-14,2025-26,MIL,CHA,1,0.7408519036346776
2025-11-14,2025-26,MIN,SAC,1,0.8000307773180563
2025-11-14,2025-26,NOP,LAL,0,0.22380527352556692
2025-11-14,2025-26,DAL,LAC,0,0.31311505859566197
2025-11-14,2025-26,SAS,GSW,0,0.362696088631906
2025-11-15,2025-26,CLE,MEM,1,0.7455128363008047
2025-11-15,2025-26,CHA,OKC,0,0.09787561820418623
2025-11-15,2025-26,IND,TOR,0,0.28654789503212647
2025-11-15,2025-26,MIL,LAL,0,0.6229701606738571
2025-11-15,2025-26,MIN,DEN,0,0.4536555407735552
2025-11-16,2025-26,BOS,LAC,1,0.645606032107408
2025-11-16,2025-26,SAS,SAC,1,0.654507498076142
2025-11-16,2025-26,WAS,BKN,0,0.5402149573670376
2025-11-16,2025-26,HOU,ORL,1,0.7898692974258116
2025-11-16,2025-26,NOP,GSW,0,0.18897924699983215
2025-11-16,2025-26,DAL,POR,1,0.4365206569130261
2025-11-16,2025-26,PHX,ATL,0,0.4714075624521726
2025-11-16,2025-26,UTA,CHI,1,0.30947797522446585
2025-11-17,2025-26,CLE,MIL,1,0.7271788384357446
2025-11-17,2025-26,DET,IND,1,0.796965702068466
2025-11-17,2025-26,PHI,LAC,1,0.504937605293728
2025-11-17,2025-26,MIA,NYK,1,0.5291307363527603
2025-11-17,2025-26,TOR,CHA,1,0.6997068829480463
2025-11-17,2025-26,MIN,DAL,1,0.8213865463635844
2025-11-17,2025-26,NOP,OKC,0,0.08768787745638704
2025-11-17,2025-26,DEN,CHI,0,0.7994101802215309
2025-11-18,2025-26,ORL,GSW,1,0.40108556813170754
2025-11-18,2025-26,BKN,BOS,0,0.18670001584110388
2025-11-18,2025-26,ATL,DET,0,0.6254509486483142
2025-11-18,2025-26,SAS,MEM,1,0.5403850529940311
2025-11-18,2025-26,LAL,UTA,1,0.8069742960332533
2025-11-18,2025-26,POR,PHX,0,0.5500875545516765
2025-11-19,2025-26,CLE,HOU,0,0.46791299096559874
2025-11-19,2025-26,IND,CHA,1,0.3708522203273553
2025-11-19,2025-26,MIA,GSW,1,0.7168731925871364
2025-11-19,2025-26,PHI,TOR,0,0.5285511842337486
2025-11-19,2025-26,MIN,WAS,1,0.9056086161880951
2025-11-19,2025-26,NOP,DEN,0,0.1614923208897501
2025-11-19,2025-26,OKC,SAC,1,0.931841824726567
2025-11-19,2025-26,DAL,NYK,0,0.33460709370968195
2025-11-19,2025-26,POR,CHI,0,0.5116675944096116
2025-11-20,2025-26,ORL,LAC,1,0.5789446444770463
2025-11-20,2025-26,MEM,SAC,1,0.6325144740553207
2025-11-20,2025-26,MIL,PHI,0,0.5373408073513981
2025-11-20,2025-26,SAS,ATL,1,0.43546439829094097
2025-11-21,2025-26,CLE,IND,1,0.8507299083094213
2025-11-21,2025-26,BOS,BKN,0,0.8579430653589104
2025-11-21,2025-26,TOR,WAS,1,0.8296762068761756
2025-11-21,2025-26,CHI,MIA,0,0.45509739079806444
2025-11-21,2025-26,DAL,NOP,1,0.5671973161712893
2025-11-21,2025-26,PHX,MIN,1,0.4151058690466072
2025-11-21,2025-26,HOU,DEN,0,0.5669974580573537
2025-11-21,2025-26,UTA,OKC,0,0.11490668103108491
2025-11-21,2025-26,GSW,POR,0,0.749507799962446
2025-11-22,2025-26,CHA,LAC,0,0.5020990183798852
2025-11-22,2025-26,ORL,NYK,1,0.5773390132421509
2025-11-22,2025-26,NOP,ATL,0,0.2659205781397118
2025-11-22,2025-26,CHI,WAS,1,0.8587665328320004
2025-11-22,2025-26,MIL,DET,0,0.44224398600299364
2025-11-22,2025-26,DAL,MEM,0,0.38075656566116195
2025-11-22,2025-26,DEN,SAC,0,0.9231760194933963
2025-11-23,2025-26,PHI,MIA,0,0.32833094639807153
2025-11-23,2025-26,ATL,CHA,1,0.7878354160048845
2025-11-23,2025-26,BOS,ORL,1,0.5838909207364256
2025-11-23,2025-26,CLE,LAC,1,0.617730119989754
2025-11-23,2025-26,TOR,BKN,1,0.786073169865815
2025-11-23,2025-26,OKC,POR,1,0.8679249283885979
2025-11-23,2025-26,PHX,SAS,1,0.6130664884025087
2025-11-23,2025-26,UTA,LAL,0,0.18239511020142687
2025-11-24,2025-26,IND,DET,0,0.26252434232895006
2025-11-24,2025-26,TOR,CLE,1,0.46154520162142115
2025-11-24,2025-26,BKN,NYK,0,0.26077536570948173
2025-11-24,2025-26,MIA,DAL,1,0.8050454967114489
2025-11-24,2025-26,MEM,DEN,0,0.34483427328352284
2025-11-24,2025-26,MIL,POR,0,0.4907813986960958
2025-11-24,2025-26,NOP,CHI,1,0.44652193628213604
2025-11-24,2025-26,PHX,HOU,0,0.40761710711841165
2025-11-24,2025-26,GSW,UTA,1,0.7531070661522398
2025-11-24,2025-26,SAC,MIN,1,0.23076502248681
2025-11-25,2025-26,WAS,ATL,1,0.15901776667911632
2025-11-25,2025-26,PHI,ORL,0,0.4474765634807978
2025-11-25,2025-26,LAL,LAC,1,0.6515538692401857
2025-11-26,2025-26,BOS,DET,1,0.6399157236300154
2025-11-26,2025-26,CHA,NYK,0,0.32674335579702507
2025-11-26,2025-26,MIA,MIL,1,0.7752353556622266
2025-11-26,2025-26,TOR,IND,1,0.7950921180669701
2025-11-26,2025-26,OKC,MIN,1,0.794582649732852
2025-11-26,2025-26,NOP,MEM,0,0.3460336013699935
2025-11-26,2025-26,GSW,HOU,0,0.46529589508240876
2025-11-26,2025-26,POR,SAS,0,0.5403716202606058
2025-11-26,2025-26,SAC,PHX,0,0.37082242055116843
2025-11-28,2025-26,ATL,CLE,1,0.4380394974958708
2025-11-28,2025-26,BKN,PHI,0,0.42412406640793343
2025-11-28,2025-26,CHA,CHI,1,0.4199548604765817
2025-11-28,2025-26,DET,ORL,0,0.44659448440074706
2025-11-28,2025-26,IND,WAS,1,0.5940399751310839
2025-11-28,2025-26,NYK,MIL,1,0.7437668475455022
2025-11-28,2025-26,OKC,PHX,1,0.8073251133157883
2025-11-28,2025-26,DEN,SAS,0,0.7412920375318429
2025-11-28,2025-26,UTA,SAC,1,0.5651758271252523
2025-11-28,2025-26,LAL,DAL,1,0.8608451090141159
2025-11-28,2025-26,LAC,MEM,0,0.6087065007768073
2025-11-29,2025-26,MIN,BOS,1,0.5734267875908248
2025-11-29,2025-26,CHA,TOR,1,0.3809621790329813
2025-11-29,2025-26,IND,CHI,1,0.4144318455189763
2025-11-29,2025-26,MIA,DET,0,0.6232390929854278
2025-11-29,2025-26,MIL,BKN,1,0.7680328039495625
2025-11-29,2025-26,GSW,NOP,1,0.8056172579667658
2025-11-29,2025-26,PHX,DEN,0,0.4140473609511805
2025-11-29,2025-26,LAC,DAL,0,0.8246126330599025
2025-11-30,2025-26,UTA,HOU,0,0.17871808550028673
2025-11-30,2025-26,CLE,BOS,0,0.6284772782401218
2025-11-30,2025-26,NYK,TOR,1,0.7158862286810115
2025-11-30,2025-26,PHI,ATL,0,0.49800372134095194
2025-11-30,2025-26,POR,OKC,0,0.20520724876942337
2025-11-30,2025-26,MIN,SAS,1,0.6181886946263073
2025-11-30,2025-26,SAC,MEM,0,0.367590122310262
2025-11-30,2025-26,LAL,NOP,1,0.8791500892574837
2025-12-01,2025-26,DET,ATL,1,0.5932230165893582
2025-12-01,2025-26,IND,CLE,0,0.2787910716100316
2025-12-01,2025-26,WAS,MIL,1,0.2563914824074054
2025-12-01,2025-26,BKN,CHA,1,0.5369319404694917
2025-12-01,2025-26,MIA,LAC,1,0.6723852383125838
2025-12-01,2025-26,ORL,CHI,1,0.7336077084573004
2025-12-01,2025-26,DEN,DAL,0,0.8688394195047792
2025-12-01,2025-26,UTA,HOU,1,0.14869975513774028
2025-12-01,2025-26,LAL,PHX,0,0.5812147538680125
2025-12-02,2025-26,PHI,WAS,1,0.7991204851628889
2025-12-02,2025-26,TOR,POR,1,0.5773170862951993
2025-12-02,2025-26,BOS,NYK,1,0.48834981670986893
2025-12-02,2025-26,NOP,MIN,0,0.23077066813836514
2025-12-02,2025-26,SAS,MEM,1,0.6259951093854752
2025-12-02,2025-26,GSW,OKC,0,0.26913888027730987
2025-12-03,2025-26,CLE,POR,0,0.6675977852145706
2025-12-03,2025-26,IND,DEN,0,0.229879860714005
2025-12-03,2025-26,ORL,SAS,0,0.6497067329122209
2025-12-03,2025-26,ATL,LAC,0,0.6650501710084528
2025-12-03,2025-26,NYK,CHA,1,0.8767287397614492
2025-12-03,2025-26,CHI,BKN,0,0.6720398059167105
2025-12-03,2025-26,HOU,SAC,1,0.8893267482926389
2025-12-03,2025-26,MIL,DET,1,0.45714496118288767
2025-12-03,2025-26,DAL,MIA,1,0.40222862406634424
2025-12-04,2025-26,PHI,GSW,1,0.4629345729879419
2025-12-04,2025-26,WAS,BOS,0,0.160531626638505
2025-12-04,2025-26,BKN,UTA,0,0.5017004737663001
2025-12-04,2025-26,TOR,LAL,0,0.46248130026897716
2025-12-04,2025-26,NOP,MIN,0,0.21231225400834777
2025-12-05,2025-26,BOS,LAL,1,0.7249239645480009
2025-12-05,2025-26,ORL,MIA,1,0.48056514626954505
2025-12-05,2025-26,ATL,DEN,0,0.3899175803728777
2025-12-05,2025-26,CLE,SAS,1,0.6235694829819948
2025-12-05,2025-26,DET,POR,1,0.660354471167818
2025-12-05,2025-26,NYK,UTA,1,0.8155493262237583
2025-12-05,2025-26,TOR,CHA,0,0.7409963278289323
2025-12-05,2025-26,CHI,IND,0,0.6446278857463956
2025-12-05,2025-26,HOU,PHX,1,0.8000398318802836
2025-12-05,2025-26,MEM,LAC,1,0.5470396501426302
2025-12-05,2025-26,MIL,PHI,0,0.5232774841935177
2025-12-05,2025-26,OKC,DAL,1,0.8754410897554871
2025-12-06,2025-26,BKN,NOP,1,0.6283095774941715
2025-12-06,2025-26,WAS,ATL,0,0.1785458472083465
2025-12-06,2025-26,CLE,GSW,0,0.7246424508647898
2025-12-06,2025-26,DET,MIL,1,0.6563036579065217
2025-12-06,2025-26,MIA,SAC,0,0.8437140564618693
2025-12-06,2025-26,MIN,LAC,1,0.6115870835198293
2025-12-06,2025-26,DAL,HOU,1,0.22254232455049025
2025-12-07,2025-26,NYK,ORL,1,0.6214733994799371
2025-12-07,2025-26,TOR,BOS,0,0.3176381191291684
2025-12-07,2025-26,CHA,DEN,0,0.1949630474155902
2025-12-07,2025-26,MEM,POR,1,0.6152979904470763
2025-12-07,2025-26,CHI,GSW,0,0.39736288643551254
2025-12-07,2025-26,PHI,LAL,0,0.4219688695452166
2025-12-07,2025-26,UTA,OKC,0,0.11514690439122911
2025-12-08,2025-26,IND,SAC,1,0.6492628998578199
2025-12-08,2025-26,MIN,PHX,0,0.6710014327226582
2025-12-08,2025-26,NOP,SAS,0,0.2804551677296874
2025-12-09,2025-26,ORL,MIA,1,0.49064225574016235
2025-12-09,2025-26,TOR,NYK,0,0.3498719535760799
2025-12-10,2025-26,OKC,PHX,1,0.8183190792883186
2025-12-10,2025-26,LAL,SAS,0,0.6465813487438278
2025-12-11,2025-26,HOU,LAC,1,0.7327573045269367
2025-12-11,2025-26,MIL,BOS,1,0.24824507334657125
2025-12-11,2025-26,NOP,POR,1,0.4036911457240791
2025-12-11,2025-26,SAC,DEN,0,0.2178687949834629
2025-12-12,2025-26,CHA,CHI,0,0.46470063755683566
2025-12-12,2025-26,DET,ATL,1,0.5681565647781178
2025-12-12,2025-26,PHI,IND,1,0.5828204580918805
2025-12-12,2025-26,WAS,CLE,0,0.16215660817799862
2025-12-12,2025-26,MEM,UTA,0,0.6944140450102213
2025-12-12,2025-26,DAL,BKN,1,0.6810161786466107
2025-12-12,2025-26,GSW,MIN,0,0.6022434528036461
2025-12-14,2025-26,IND,WAS,0,0.8226146555066557
2025-12-14,2025-26,ATL,PHI,1,0.5700672538557435
2025-12-14,2025-26,CLE,CHA,0,0.7932157588846119
2025-12-14,2025-26,BKN,MIL,1,0.44848950349459943
2025-12-14,2025-26,MIN,SAC,1,0.8315266751747362
2025-12-14,2025-26,POR,GSW,1,0.2930488373545708
2025-12-14,2025-26,CHI,NOP,0,0.7242252278032096
2025-12-14,2025-26,PHX,LAL,0,0.4077079829250657
2025-12-15,2025-26,BOS,DET,0,0.6131335761844877
2025-12-15,2025-26,UTA,DAL,1,0.3401406695530396
2025-12-15,2025-26,DEN,HOU,1,0.49707891924343617
2025-12-15,2025-26,LAC,MEM,0,0.6437675117346449
2025-12-15,2025-26,MIA,TOR,0,0.7354946400038633
2025-12-17,2025-26,CHI,CLE,1,0.5155542834668745
2025-12-17,2025-26,MIN,MEM,0,0.7466080754115779
2025-12-18,2025-26,OKC,LAC,1,0.8002059510036289
2025-12-18,2025-26,SAS,WAS,1,0.8888087401844206
2025-12-18,2025-26,CHA,ATL,1,0.48039193953358034
2025-12-18,2025-26,IND,NYK,0,0.2790660145672927
2025-12-18,2025-26,BKN,MIA,0,0.3169704152983398
2025-12-18,2025-26,MIL,TOR,0,0.5558220386084488
2025-12-18,2025-26,NOP,HOU,1,0.19311873484733788
2025-12-18,2025-26,DAL,DET,1,0.4735963330626697
2025-12-18,2025-26,DEN,ORL,1,0.7359908775628725
2025-12-18,2025-26,PHX,GSW,1,0.46022464057110285
2025-12-18,2025-26,UTA,LAL,0,0.23532622253137087
2025-12-18,2025-26,POR,SAC,1,0.7160272143322081
2025-12-19,2025-26,BOS,MIA,1,0.5841007505179642
2025-12-19,2025-26,NYK,PHI,0,0.7621633914042018
2025-12-19,2025-26,ATL,SAS,0,0.45500209864426616
2025-12-19,2025-26,CLE,CHI,0,0.5735700877109746
2025-12-19,2025-26,MIN,OKC,1,0.3004411081637119
2025-12-20,2025-26,DEN,HOU,0,0.552460339772472
2025-12-20,2025-26,PHI,DAL,1,0.5272429477000405
2025-12-20,2025-26,TOR,BOS,0,0.28950069003684475
2025-12-20,2025-26,NOP,IND,1,0.5935139602645402
2025-12-20,2025-26,DET,CHA,1,0.7021149053324551
2025-12-20,2025-26,MEM,WAS,0,0.8583129469895747
2025-12-20,2025-26,GSW,PHX,1,0.6413768201451364
2025-12-20,2025-26,UTA,ORL,0,0.27313939512572694
2025-12-20,2025-26,SAC,POR,0,0.4034835780288336
2025-12-20,2025-26,LAC,LAL,1,0.5241301697008066
2025-12-21,2025-26,ATL,CHI,0,0.5024709288179352
2025-12-21,2025-26,BKN,TOR,1,0.5060072525668495
2025-12-21,2025-26,NYK,MIA,1,0.6549167678648711
2025-12-21,2025-26,WAS,SAS,0,0.13417120963744264
2025-12-21,2025-26,MIN,MIL,1,0.7847685932009646
2025-12-21,2025-26,SAC,HOU,1,0.17182901745076506
2025-12-22,2025-26,CLE,CHA,1,0.7244924596018707
2025-12-22,2025-26,BOS,IND,1,0.8448434726233633
2025-12-22,2025-26,NOP,DAL,1,0.5059025583477899
2025-12-22,2025-26,DEN,UTA,1,0.8626105807744605
2025-12-22,2025-26,OKC,MEM,1,0.8414479494624425
2025-12-22,2025-26,GSW,ORL,1,0.6932734536776908
2025-12-22,2025-26,POR,DET,0,0.4061270897578992
2025-12-23,2025-26,CHA,WAS,1,0.7381713198338937
2025-12-23,2025-26,PHI,BKN,0,0.6310660151603318
2025-12-23,2025-26,ATL,CHI,0,0.4766120504697092
2025-12-23,2025-26,CLE,NOP,1,0.7594646906653201
2025-12-23,2025-26,IND,MIL,0,0.5272279014343757
2025-12-23,2025-26,MIA,TOR,0,0.7259237160842125
2025-12-23,2025-26,DAL,DEN,1,0.3117289983977278
2025-12-23,2025-26,MIN,NYK,1,0.576763241494043
2025-12-23,2025-26,SAS,OKC,1,0.3540675573997198
2025-12-23,2025-26,PHX,LAL,1,0.6247075558528664
2025-12-23,2025-26,UTA,MEM,0,0.3087675155335492
2025-12-23,2025-26,POR,ORL,0,0.5405013656451968
2025-12-23,2025-26,SAC,DET,0,0.2780205057204769
2025-12-23,2025-26,LAC,HOU,1,0.3786718913405085
2025-12-25,2025-26,NYK,CLE,1,0.5961057801421029
2025-12-25,2025-26,OKC,SAS,0,0.714205789963075
2025-12-25,2025-26,GSW,DAL,1,0.765363142600612
2025-12-25,2025-26,LAL,HOU,0,0.4219191551638491
2025-12-25,2025-26,DEN,MIN,1,0.5827381343253851
2025-12-26,2025-26,ATL,MIA,0,0.4756199206391551
2025-12-26,2025-26,ORL,CHA,0,0.6363414690833044
2025-12-26,2025-26,WAS,TOR,1,0.31304354073941587
2025-12-26,2025-26,IND,BOS,0,0.3161945033819981
2025-12-26,2025-26,CHI,PHI,1,0.5318924211434841
2025-12-26,2025-26,MEM,MIL,1,0.6035861022659759
2025-12-26,2025-26,NOP,PHX,0,0.35278808327429606
2025-12-26,2025-26,UTA,DET,1,0.26733246925331605
2025-12-26,2025-26,POR,LAC,0,0.3598371746912736
2025-12-27,2025-26,SAC,DAL,1,0.4191238708330821
2025-12-27,2025-26,ORL,DEN,1,0.3024024499166165
2025-12-27,2025-26,NOP,PHX,0,0.4006625937045356
2025-12-27,2025-26,ATL,NYK,0,0.3213893544254202
2025-12-27,2025-26,MIA,IND,1,0.7285324357072122
2025-12-27,2025-26,CHI,MIL,0,0.5798816630852557
2025-12-27,2025-26,HOU,CLE,1,0.6785298791883592
2025-12-27,2025-26,MIN,BKN,0,0.7593467145859859
2025-12-27,2025-26,SAS,UTA,0,0.858962610519359
2025-12-28,2025-26,TOR,GSW,1,0.3076685810714836
2025-12-28,2025-26,OKC,PHI,1,0.8294214761965666
2025-12-28,2025-26,WAS,MEM,1,0.2602177898070826
2025-12-28,2025-26,POR,BOS,1,0.33670721905439976
2025-12-28,2025-26,LAC,DET,1,0.6464485155105117
2025-12-28,2025-26,LAL,SAC,1,0.6835331830366754
2025-12-29,2025-26,CHA,MIL,0,0.4624726214379521
2025-12-29,2025-26,WAS,PHX,0,0.22322715484638667
2025-12-29,2025-26,BKN,GSW,0,0.4001466212185979
2025-12-29,2025-26,MIA,DEN,1,0.4636111084238497
2025-12-29,2025-26,TOR,ORL,1,0.537490970684293
2025-12-29,2025-26,CHI,MIN,0,0.3902488849540101
2025-12-29,2025-26,HOU,IND,1,0.8787639124208972
2025-12-29,2025-26,NOP,NYK,0,0.3035090174059349
2025-12-29,2025-26,OKC,ATL,1,0.8539706179120137
2025-12-29,2025-26,SAS,CLE,0,0.6139311567304687
2025-12-29,2025-26,POR,DAL,1,0.632113173331359
2025-12-30,2025-26,MEM,PHI,0,0.5649865934959197
2025-12-30,2025-26,UTA,BOS,0,0.279564720588868
2025-12-30,2025-26,LAL,DET,0,0.46412581119178453
2025-12-30,2025-26,LAC,SAC,1,0.8359267783358384
2025-12-31,2025-26,CHA,GSW,0,0.2805062053893482
2025-12-31,2025-26,ATL,MIN,1,0.38671111296211025
2025-12-31,2025-26,IND,ORL,0,0.47505490962621
2025-12-31,2025-26,CLE,PHX,1,0.6413606064525328
2025-12-31,2025-26,CHI,NOP,1,0.5975814670791748
2025-12-31,2025-26,SAS,NYK,1,0.5799507294649934
2025-12-31,2025-26,TOR,DEN,0,0.5030318961746795
2025-12-31,2025-26,MIL,WAS,0,0.7950285427947286
2025-12-31,2025-26,OKC,POR,1,0.8617021319504221
2026-01-01,2025-26,BKN,HOU,0,0.17867410615623916
2026-01-01,2025-26,DET,MIA,0,0.5600225010839349
2026-01-01,2025-26,DAL,PHI,0,0.4654146176250778
2026-01-01,2025-26,SAC,BOS,0,0.20668074657482227
2026-01-01,2025-26,LAC,UTA,1,0.8808628314631486
2026-01-02,2025-26,IND,SAS,0,0.29295130557995436
2026-01-02,2025-26,WAS,BKN,1,0.42686124111642804
2026-01-02,2025-26,CLE,DEN,1,0.5520845082945144
2026-01-02,2025-26,NYK,ATL,0,0.6832658022422811
2026-01-02,2025-26,CHI,ORL,1,0.5542432038632555
2026-01-02,2025-26,MIL,CHA,1,0.613888251255401
2026-01-02,2025-26,NOP,POR,0,0.4696515344349824
2026-01-02,2025-26,PHX,SAC,1,0.8229701692908153
2026-01-02,2025-26,GSW,OKC,0,0.27313259076127766
2026-01-02,2025-26,LAL,MEM,1,0.4807245357741343
2026-01-03,2025-26,MIA,MIN,0,0.5004763157648934
2026-01-03,2025-26,NYK,PHI,0,0.6172958786161953
2026-01-03,2025-26,TOR,ATL,1,0.5458181332343214
2026-01-03,2025-26,CHI,CHA,0,0.6149262328068394
2026-01-03,2025-26,SAS,POR,0,0.7659839571168635
2026-01-03,2025-26,DAL,HOU,1,0.26555156800483254
2026-01-03,2025-26,GSW,UTA,1,0.8340822018418947
2026-01-03,2025-26,LAC,BOS,0,0.5326638720385645
2026-01-04,2025-26,CLE,DET,0,0.6020887200885594
2026-01-04,2025-26,ORL,IND,1,0.6083790998379118
2026-01-04,2025-26,BKN,DEN,1,0.43922966558215526
2026-01-04,2025-26,MIA,NOP,1,0.7919173216223039
2026-01-04,2025-26,WAS,MIN,0,0.20719149205668813
2026-01-04,2025-26,PHX,OKC,1,0.2856881138011912
2026-01-04,2025-26,SAC,MIL,0,0.3271066521059963
2026-01-04,2025-26,LAL,MEM,1,0.5191978436091159
2026-01-05,2025-26,DET,NYK,1,0.47987663458967683
2026-01-05,2025-26,BOS,CHI,1,0.7398237711466056
2026-01-05,2025-26,TOR,ATL,1,0.5356348910853925
2026-01-05,2025-26,HOU,PHX,1,0.7167240764680949
2026-01-05,2025-26,OKC,CHA,0,0.8831866828059765
2026-01-05,2025-26,PHI,DEN,0,0.6586922695584312
2026-01-05,2025-26,LAC,GSW,1,0.4877770454631432
2026-01-05,2025-26,POR,UTA,1,0.6528487615457736
2026-01-06,2025-26,IND,CLE,0,0.29834851640965665
2026-01-06,2025-26,WAS,ORL,1,0.35830262496288373
2026-01-06,2025-26,MEM,SAS,1,0.3914279279583921
2026-01-06,2025-26,MIN,MIA,1,0.60302041374522
2026-01-06,2025-26,NOP,LAL,0,0.47589676183638197
2026-01-06,2025-26,SAC,DAL,0,0.3623555430515693
2026-01-07,2025-26,CHA,TOR,0,0.49200616288181853
2026-01-07,2025-26,DET,CHI,1,0.7241533381627352
2026-01-07,2025-26,PHI,WAS,1,0.8540498270527139
2026-01-07,2025-26,ATL,NOP,1,0.755884648527132
2026-01-07,2025-26,BOS,DEN,0,0.6956084619242239
2026-01-07,2025-26,BKN,ORL,0,0.5475897616889174
2026-01-07,2025-26,NYK,LAC,1,0.524828987524453
2026-01-07,2025-26,SAS,LAL,1,0.7146408367073711
2026-01-07,2025-26,MEM,PHX,0,0.4949934183718454
2026-01-07,2025-26,OKC,UTA,1,0.9091464700441421
2026-01-07,2025-26,GSW,MIL,1,0.7400889945447241
2026-01-07,2025-26,POR,HOU,1,0.32189818489518335
2026-01-08,2025-26,CHA,IND,0,0.6756421910105217
2026-01-08,2025-26,MIN,CLE,1,0.5709040349495235
2026-01-08,2025-26,UTA,DAL,1,0.43735538873584423
2026-01-09,2025-26,BOS,TOR,1,0.7918565576795706
2026-01-09,2025-26,ORL,PHI,0,0.40551100162908654
2026-01-09,2025-26,WAS,NOP,0,0.4101718890598137
2026-01-09,2025-26,BKN,LAC,0,0.3733376140863222
2026-01-09,2025-26,MEM,OKC,0,0.2364601361706868
2026-01-09,2025-26,DEN,ATL,0,0.6863251809411572
2026-01-09,2025-26,PHX,NYK,1,0.5491475261273688
2026-01-09,2025-26,GSW,SAC,1,0.8476909847664882
2026-01-09,2025-26,POR,HOU,1,0.32765793580084973
2026-01-09,2025-26,LAL,MIL,0,0.5939601672587734
2026-01-10,2025-26,CLE,MIN,1,0.5422347854560234
2026-01-10,2025-26,IND,MIA,1,0.39148161460110137
2026-01-10,2025-26,DET,LAC,0,0.5602634456754862
2026-01-10,2025-26,BOS,SAS,0,0.5761159042346639
2026-01-10,2025-26,CHI,DAL,1,0.6125921450675688
2026-01-10,2025-26,UTA,CHA,0,0.34373758057488807
2026-01-11,2025-26,ORL,NOP,1,0.6702550138483201
2026-01-11,2025-26,MEM,BKN,1,0.731281549024928
2026-01-11,2025-26,TOR,PHI,1,0.3914144617070058
2026-01-11,2025-26,POR,NYK,0,0.47503046965807016
2026-01-11,2025-26,MIN,SAS,1,0.5453904678773357
2026-01-11,2025-26,OKC,MIA,1,0.8443102329008944
2026-01-11,2025-26,DEN,MIL,1,0.5763141774337756
2026-01-11,2025-26,PHX,WAS,1,0.8838228432295361
2026-01-11,2025-26,GSW,ATL,0,0.67645160456178
2026-01-11,2025-26,SAC,HOU,1,0.12385818252606315
2026-01-12,2025-26,CLE,UTA,0,0.8169167080526661
2026-01-12,2025-26,IND,BOS,1,0.2846454321274545
2026-01-12,2025-26,TOR,PHI,0,0.4518289887451865
2026-01-12,2025-26,DAL,BKN,1,0.5086694398539976
2026-01-12,2025-26,SAC,LAL,1,0.3364311949787015
2026-01-12,2025-26,LAC,CHA,1,0.6529327753596669
2026-01-13,2025-26,MIA,PHX,1,0.4826408013100266
2026-01-13,2025-26,HOU,CHI,1,0.776104062564107
2026-01-13,2025-26,MIL,MIN,0,0.3918598516452756
2026-01-13,2025-26,NOP,DEN,0,0.34999426660595767
2026-01-13,2025-26,OKC,SAS,1,0.7519906914288674
2026-01-13,2025-26,LAL,ATL,1,0.45978286901146176
2026-01-13,2025-26,GSW,POR,1,0.678025999284082
2026-01-14,2025-26,IND,TOR,0,0.5348356562561056
2026-01-14,2025-26,PHI,CLE,0,0.5246937405950896
2026-01-14,2025-26,CHI,UTA,1,0.8738216001231122
2026-01-14,2025-26,NOP,BKN,1,0.43025160204078683
2026-01-14,2025-26,DAL,DEN,0,0.44412990735403096
2026-01-14,2025-26,SAC,NYK,1,0.25130839751871437
2026-01-14,2025-26,LAC,WAS,1,0.9364104585450087
2026-01-15,2025-26,DET,PHX,1,0.6702065324113691
2026-01-15,2025-26,MIA,BOS,0,0.43796639768755347
2026-01-15,2025-26,HOU,OKC,0,0.4112298607557686
2026-01-15,2025-26,SAS,MIL,1,0.7187210830084113
2026-01-15,2025-26,DAL,UTA,1,0.6791954597193792
2026-01-15,2025-26,GSW,NYK,1,0.6323367449587359
2026-01-15,2025-26,POR,ATL,1,0.4863979997999991
2026-01-15,2025-26,LAL,CHA,0,0.5511639539879897
2026-01-16,2025-26,BKN,CHI,1,0.4837757917319444
2026-01-16,2025-26,IND,NOP,1,0.6519744238498804
2026-01-16,2025-26,PHI,CLE,0,0.522895384164936
2026-01-16,2025-26,TOR,LAC,0,0.5140468738074485
2026-01-16,2025-26,HOU,MIN,1,0.5431654686838057
2026-01-16,2025-26,SAC,WAS,1,0.7422224209580377
2026-01-17,2025-26,DAL,UTA,1,0.7258229535840237
2026-01-17,2025-26,ATL,BOS,0,0.420770480454703
2026-01-17,2025-26,DET,IND,1,0.8147652825574039
2026-01-17,2025-26,NYK,PHX,0,0.5224814178384699
2026-01-17,2025-26,MIA,OKC,1,0.2822192568122126
2026-01-17,2025-26,SAS,MIN,1,0.5695717330087895
2026-01-17,2025-26,GSW,CHA,1,0.6708935575909583
2026-01-17,2025-26,DEN,WAS,1,0.8244476293717505
2026-01-17,2025-26,POR,LAL,1,0.5911034052945702
2026-01-18,2025-26,CHI,BKN,1,0.7078545633304747
2026-01-18,2025-26,HOU,NOP,1,0.8619994123493209
2026-01-18,2025-26,DEN,CHA,0,0.5707585429444089
2026-01-18,2025-26,SAC,POR,0,0.43617695156836583
2026-01-18,2025-26,LAL,TOR,1,0.5987657163376939
2026-01-19,2025-26,ATL,MIL,0,0.5213517958472044
2026-01-19,2025-26,CLE,OKC,0,0.3063956988024861
2026-01-19,2025-26,NYK,DAL,0,0.8131060760201779
2026-01-19,2025-26,DET,BOS,1,0.5452647106468326
2026-01-19,2025-26,WAS,LAC,0,0.265236588020332
2026-01-19,2025-26,PHI,IND,1,0.7136664098010487
2026-01-19,2025-26,BKN,PHX,0,0.3129994634205268
2026-01-19,2025-26,SAS,UTA,1,0.8798871796865186
2026-01-19,2025-26,GSW,MIA,1,0.5998044002753935
2026-01-20,2025-26,PHI,PHX,0,0.48662817525020075
2026-01-20,2025-26,CHI,LAC,1,0.5194421653836372
2026-01-20,2025-26,HOU,SAS,1,0.558794163256678
2026-01-20,2025-26,UTA,MIN,1,0.16729990806417241
2026-01-20,2025-26,DEN,LAL,0,0.4897331783304208
2026-01-20,2025-26,GSW,TOR,0,0.7651244653334439
2026-01-20,2025-26,SAC,MIA,0,0.36296922655007957
2026-01-21,2025-26,CHA,CLE,0,0.48808181365932646
2026-01-21,2025-26,BOS,IND,1,0.8094100055732842
2026-01-21,2025-26,NYK,BKN,1,0.7573306261183805
2026-01-21,2025-26,MEM,ATL,0,0.5734141850288915
2026-01-21,2025-26,NOP,DET,0,0.24809966866360805
2026-01-21,2025-26,MIL,OKC,0,0.1479531582003347
2026-01-21,2025-26,SAC,TOR,0,0.4465397173528967
2026-01-22,2025-26,ORL,CHA,0,0.5277517550602476
2026-01-22,2025-26,PHI,HOU,1,0.4510172467285862
2026-01-22,2025-26,WAS,DEN,0,0.27682970918990013
2026-01-22,2025-26,DAL,GSW,1,0.28967066523743257
2026-01-22,2025-26,MIN,CHI,0,0.7107558080127231
2026-01-22,2025-26,UTA,SAS,0,0.23859197397328663
2026-01-22,2025-26,LAC,LAL,1,0.5897541195598435
2026-01-22,2025-26,POR,MIA,1,0.5394512118952349
2026-01-23,2025-26,DET,HOU,0,0.5500629870275754
2026-01-23,2025-26,ATL,PHX,1,0.4225975240899194
2026-01-23,2025-26,BKN,BOS,0,0.31493606017510273
2026-01-23,2025-26,CLE,SAC,1,0.8062100943876909
2026-01-23,2025-26,MEM,NOP,0,0.6480329353891966
2026-01-23,2025-26,MIL,DEN,0,0.5589965404144818
2026-01-23,2025-26,OKC,IND,0,0.9138660524381107
2026-01-23,2025-26,POR,TOR,0,0.5479625788303009
2026-01-24,2025-26,PHI,NYK,0,0.5202285409812395
2026-01-24,2025-26,CHA,WAS,1,0.8719710381123756
2026-01-24,2025-26,ORL,CLE,0,0.40631675896145814
2026-01-24,2025-26,CHI,BOS,1,0.40003760282376183
2026-01-24,2025-26,DAL,LAL,0,0.38187137728193943
2026-01-24,2025-26,UTA,MIA,0,0.2625135709241365
2026-01-25,2025-26,MIN,GSW,0,0.5787519339890668
2026-01-25,2025-26,DET,SAC,1,0.8058840379921786
2026-01-25,2025-26,OKC,TOR,0,0.8226141283306977
2026-01-25,2025-26,SAS,NOP,0,0.785583887022367
2026-01-25,2025-26,PHX,MIA,0,0.5206448500523314
2026-01-25,2025-26,LAC,BKN,1,0.7357993370484225
2026-01-26,2025-26,CHA,PHI,1,0.5541584720115099
2026-01-26,2025-26,CLE,ORL,1,0.7299934817031574
2026-01-26,2025-26,ATL,IND,1,0.6698788997263042
2026-01-26,2025-26,BOS,POR,1,0.670371160998537
2026-01-26,2025-26,CHI,LAL,0,0.4409422144089936
2026-01-26,2025-26,HOU,MEM,1,0.7701979196999454
2026-01-26,2025-26,MIN,GSW,1,0.6703163059808609
2026-01-27,2025-26,WAS,POR,1,0.22550689515035535
2026-01-27,2025-26,NYK,SAC,1,0.8362466262717114
2026-01-27,2025-26,PHI,MIL,1,0.6891205815901752
2026-01-27,2025-26,OKC,NOP,1,0.8814608732371313
2026-01-27,2025-26,DEN,DET,0,0.4016548626432401
2026-01-27,2025-26,PHX,BKN,1,0.6897055232967165
2026-01-27,2025-26,UTA,LAC,0,0.244012998644506
2026-01-28,2025-26,CLE,LAL,1,0.6478479897001157
2026-01-28,2025-26,IND,CHI,1,0.44441240190987735
2026-01-28,2025-26,BOS,ATL,0,0.7329675678599051
2026-01-28,2025-26,MIA,ORL,0,0.7072393059325135
2026-01-28,2025-26,TOR,NYK,0,0.4257111055723758
2026-01-28,2025-26,MEM,CHA,0,0.4203000535241369
2026-01-28,2025-26,DAL,MIN,0,0.32540786702850344
2026-01-28,2025-26,UTA,GSW,0,0.2591213014698146
2026-01-28,2025-26,HOU,SAS,0,0.6135500147647832
2026-01-29,2025-26,CHI,MIA,0,0.5019288178701427
2026-01-29,2025-26,PHI,SAC,1,0.7588589100728178
2026-01-29,2025-26,WAS,MIL,1,0.38938587188279933
2026-01-29,2025-26,ATL,HOU,0,0.4333154871357412
2026-01-29,2025-26,DAL,CHA,0,0.3710409117632897
2026-01-29,2025-26,DEN,BKN,1,0.7515998821966723
2026-01-29,2025-26,PHX,DET,1,0.41094353972488423
2026-01-29,2025-26,MIN,OKC,1,0.3370525887704042
2026-01-30,2025-26,ORL,TOR,1,0.5136903108598901
2026-01-30,2025-26,WAS,LAL,0,0.223816245396521
2026-01-30,2025-26,BOS,SAC,1,0.834152112986405
2026-01-30,2025-26,NYK,POR,1,0.6602667590293184
2026-01-30,2025-26,NOP,MEM,1,0.5648687626867417
2026-01-30,2025-26,PHX,CLE,1,0.3497533430712757
2026-01-30,2025-26,UTA,BKN,0,0.42998126587039426
2026-01-30,2025-26,DEN,LAC,1,0.4911458105746188
2026-01-30,2025-26,GSW,DET,0,0.594031725303682
2026-01-31,2025-26,MIA,CHI,0,0.6500457896465514
2026-01-31,2025-26,CHA,SAS,1,0.5045991733595461
2026-01-31,2025-26,IND,ATL,1,0.44436506114890423
2026-01-31,2025-26,PHI,NOP,1,0.6751905721175804
2026-01-31,2025-26,MEM,MIN,0,0.3203800524202984
2026-01-31,2025-26,HOU,DAL,1,0.7654919397993388
2026-02-01,2025-26,BOS,MIL,1,0.8168049244445423
2026-02-01,2025-26,SAS,ORL,1,0.7169150223215588
2026-02-01,2025-26,DET,BKN,1,0.8577686428341944
2026-02-01,2025-26,MIA,CHI,1,0.6255579400734574
2026-02-01,2025-26,TOR,UTA,1,0.694841078548026
2026-02-01,2025-26,WAS,SAC,1,0.4091007394566324
2026-02-01,2025-26,NYK,LAL,1,0.6910506411510197
2026-02-01,2025-26,PHX,LAC,0,0.5669077400317478
2026-02-01,2025-26,POR,CLE,0,0.29898262019076266
2026-02-01,2025-26,DEN,OKC,0,0.2926472261738644
2026-02-02,2025-26,CHA,NOP,1,0.7257303512958563
2026-02-02,2025-26,IND,HOU,0,0.30434597894156445
2026-02-02,2025-26,MEM,MIN,1,0.2923399931055766
2026-02-02,2025-26,LAC,PHI,0,0.6035037142882188
2026-02-03,2025-26,DET,DEN,1,0.6340694273885853
2026-02-03,2025-26,IND,UTA,0,0.49232645760097987
2026-02-03,2025-26,WAS,NYK,0,0.15978641213955636
2026-02-03,2025-26,BKN,LAL,0,0.31819671074408845
2026-02-03,2025-26,MIA,ATL,0,0.6333097085015643
2026-02-03,2025-26,DAL,BOS,0,0.2800101321677534
2026-02-03,2025-26,MIL,CHI,1,0.49208330071165557
2026-02-03,2025-26,OKC,ORL,1,0.8556418308911223
2026-02-03,2025-26,GSW,PHI,0,0.6710688132582501
2026-02-03,2025-26,POR,PHX,0,0.4814355508319213
2026-02-04,2025-26,NYK,DEN,1,0.5757429909084264
2026-02-04,2025-26,TOR,MIN,0,0.45206811123043217
2026-02-04,2025-26,HOU,BOS,0,0.4805395056093677
2026-02-04,2025-26,MIL,NOP,1,0.5241394435218092
2026-02-04,2025-26,SAS,OKC,1,0.272717073127478
2026-02-04,2025-26,SAC,MEM,0,0.4493614253252054
2026-02-04,2025-26,LAC,CLE,0,0.49919511106508846
2026-02-05,2025-26,DET,WAS,0,0.9182008254265258
2026-02-05,2025-26,ORL,BKN,1,0.6580450655742534
2026-02-05,2025-26,ATL,UTA,1,0.712437433752372
2026-02-05,2025-26,TOR,CHI,1,0.6718089950858693
2026-02-05,2025-26,HOU,CHA,0,0.597837020816384
2026-02-05,2025-26,DAL,SAS,0,0.37637830853488946
2026-02-05,2025-26,PHX,GSW,0,0.49671721888524917
2026-02-05,2025-26,LAL,PHI,1,0.5706765825469002
2026-02-06,2025-26,BOS,MIA,1,0.6714494331289423
2026-02-06,2025-26,DET,NYK,1,0.584406026423727
2026-02-06,2025-26,MIL,IND,1,0.5495250619426338
2026-02-06,2025-26,MIN,NOP,0,0.7619591410060245
2026-02-06,2025-26,POR,MEM,1,0.6410180332640659
2026-02-06,2025-26,SAC,LAC,0,0.31681536733286125
2026-02-07,2025-26,BKN,WAS,1,0.621381011331175
2026-02-07,2025-26,OKC,HOU,0,0.7056066139308391
2026-02-07,2025-26,SAS,DAL,1,0.7839899732697924
2026-02-07,2025-26,ORL,UTA,1,0.6759266899165313
2026-02-07,2025-26,ATL,CHA,0,0.3735176478978505
2026-02-07,2025-26,CHI,DEN,0,0.20955317488739686
2026-02-07,2025-26,LAL,GSW,1,0.6011597140357896
2026-02-07,2025-26,PHX,PHI,0,0.5940575106355481
2026-02-07,2025-26,POR,MEM,1,0.7591890908282743
2026-02-07,2025-26,SAC,CLE,0,0.14170697438201352
2026-02-08,2025-26,BOS,NYK,0,0.672092759932354
2026-02-08,2025-26,WAS,MIA,0,0.2341184005626712
2026-02-08,2025-26,TOR,IND,1,0.6530057115740635
2026-02-08,2025-26,MIN,LAC,0,0.5837523765046807
2026-02-09,2025-26,CHA,DET,0,0.4352430666300174
2026-02-09,2025-26,BKN,CHI,1,0.4764235001979228
2026-02-09,2025-26,MIA,UTA,0,0.6776809941960081
2026-02-09,2025-26,ORL,MIL,1,0.6763195911293307
2026-02-09,2025-26,MIN,ATL,1,0.7157217419878075
2026-02-09,2025-26,NOP,SAC,1,0.6599368709806973
2026-02-09,2025-26,DEN,CLE,0,0.5550790160685838
2026-02-09,2025-26,GSW,MEM,1,0.7393603691353511
2026-02-09,2025-26,LAL,OKC,0,0.4174367664829332
2026-02-09,2025-26,POR,PHI,1,0.48870041330937997
2026-02-10,2025-26,NYK,IND,0,0.7661711970016879
2026-02-10,2025-26,HOU,LAC,1,0.683789794877508
2026-02-10,2025-26,PHX,DAL,1,0.7619149158796424
2026-02-10,2025-26,LAL,SAS,0,0.4377134121506701
2026-02-11,2025-26,CHA,ATL,1,0.7520270519218336
2026-02-11,2025-26,CLE,WAS,1,0.8961241423602979
2026-02-11,2025-26,ORL,MIL,0,0.6965042227887304
2026-02-11,2025-26,BOS,CHI,1,0.87619619675091
2026-02-11,2025-26,BKN,IND,0,0.5076945727121321
2026-02-11,2025-26,PHI,NYK,0,0.407099217145198
2026-02-11,2025-26,TOR,DET,0,0.3922039639487519
2026-02-11,2025-26,HOU,LAC,0,0.6241814584620126
2026-02-11,2025-26,MIN,POR,1,0.540580546833861
2026-02-11,2025-26,NOP,MIA,0,0.5576464641801254
2026-02-11,2025-26,PHX,OKC,0,0.35386359849512006
2026-02-11,2025-26,UTA,SAC,1,0.7238345640316218
2026-02-11,2025-26,DEN,MEM,1,0.8186666855401807
2026-02-11,2025-26,GSW,SAS,0,0.4630354872072405
2026-02-12,2025-26,OKC,MIL,0,0.8445757821092389
2026-02-12,2025-26,UTA,POR,0,0.36987572749279757
2026-02-12,2025-26,LAL,DAL,1,0.6969538833794376
2026-02-19,2025-26,CHA,HOU,0,0.5293652031186021
2026-02-19,2025-26,CLE,BKN,1,0.8822354270331841
2026-02-19,2025-26,PHI,ATL,0,0.6018264050827623
2026-02-19,2025-26,WAS,IND,1,0.3844029190813435
2026-02-19,2025-26,NYK,DET,0,0.502645401961335
2026-02-19,2025-26,CHI,TOR,0,0.33591745760165453
2026-02-19,2025-26,SAS,PHX,1,0.6578570665420584
2026-02-19,2025-26,GSW,BOS,0,0.42865234118362255
2026-02-19,2025-26,SAC,ORL,0,0.27312343310500475
2026-02-19,2025-26,LAC,DEN,1,0.4599157280382941
2026-02-20,2025-26,CHA,CLE,0,0.35360491936403654
2026-02-20,2025-26,WAS,IND,1,0.46871140074914486
2026-02-20,2025-26,MEM,UTA,1,0.5962522159312005
2026-02-20,2025-26,ATL,MIA,0,0.4653963913592898
2026-02-20,2025-26,MIN,DAL,1,0.7281477813102203
2026-02-20,2025-26,NOP,MIL,0,0.5521699764812256
2026-02-20,2025-26,OKC,BKN,1,0.8994397831118945
2026-02-20,2025-26,LAL,LAC,1,0.5904738370292107
2026-02-20,2025-26,POR,DEN,0,0.44187583394196206
2026-02-21,2025-26,PHX,ORL,1,0.5647350546791456
2026-02-21,2025-26,NOP,PHI,1,0.5098960530771439
2026-02-21,2025-26,MIA,MEM,1,0.7177541793128837
2026-02-21,2025-26,CHI,DET,0,0.1805454780412688
2026-02-21,2025-26,SAS,SAC,1,0.9239189327497532
2026-02-21,2025-26,NYK,HOU,1,0.5902338846871573
2026-02-22,2025-26,OKC,CLE,1,0.5652482083839055
2026-02-22,2025-26,ATL,BKN,1,0.6521279529431109
2026-02-22,2025-26,MIL,TOR,0,0.5054805312192377
2026-02-22,2025-26,GSW,DEN,1,0.3079003407741592
2026-02-22,2025-26,IND,DAL,0,0.5042104341495075
2026-02-22,2025-26,WAS,CHA,0,0.20105707434667847
2026-02-22,2025-26,LAL,BOS,0,0.4871725796376416
2026-02-22,2025-26,MIN,PHI,0,0.6865410323497666
2026-02-22,2025-26,CHI,NYK,0,0.21343480246704247
2026-02-22,2025-26,PHX,POR,0,0.55064890938438
2026-02-22,2025-26,LAC,ORL,0,0.7239027484570615
2026-02-23,2025-26,DET,SAS,0,0.6090828929573198
2026-02-23,2025-26,MEM,SAC,0,0.6857203506902337
2026-02-23,2025-26,HOU,UTA,1,0.7858273130837453
2026-02-24,2025-26,IND,PHI,0,0.34872410473725984
2026-02-24,2025-26,ATL,WAS,1,0.754094734405622
2026-02-24,2025-26,BKN,DAL,0,0.48876251280159577
2026-02-24,2025-26,TOR,OKC,0,0.348929099808826
2026-02-24,2025-26,CLE,NYK,1,0.5923680050293788
2026-02-24,2025-26,CHI,CHA,0,0.260712479639661
2026-02-24,2025-26,MIL,MIA,1,0.4026650450027354
2026-02-24,2025-26,NOP,GSW,1,0.4651994118401837
2026-02-24,2025-26,PHX,BOS,0,0.24948314880020775
2026-02-24,2025-26,LAL,ORL,0,0.6998629094327784
2026-02-24,2025-26,POR,MIN,0,0.4593367000628297
2026-02-25,2025-26,DET,OKC,1,0.6382820327311959
2026-02-25,2025-26,TOR,SAS,0,0.41927602875677045
2026-02-25,2025-26,MEM,GSW,0,0.3029372231596199
2026-02-25,2025-26,HOU,SAC,1,0.9034804452115439
2026-02-25,2025-26,MIL,CLE,1,0.3125661136239079
2026-02-25,2025-26,DEN,BOS,1,0.5042592862379739
2026-02-26,2025-26,IND,CHA,0,0.22420888504354167
2026-02-26,2025-26,PHI,MIA,1,0.5486802110723232
2026-02-26,2025-26,ATL,WAS,1,0.7738529859644705
2026-02-26,2025-26,BKN,SAS,0,0.16597503209388356
2026-02-26,2025-26,ORL,HOU,0,0.41793437653799503
2026-02-26,2025-26,CHI,POR,0,0.423512802497857
2026-02-26,2025-26,DAL,SAC,0,0.7693959046808027
2026-02-26,2025-26,PHX,LAL,1,0.3496928053912735
2026-02-26,2025-26,UTA,NOP,0,0.33254983251220255
2026-02-26,2025-26,LAC,MIN,0,0.5091954981478333
2026-02-27,2025-26,DET,CLE,1,0.5845907143125333
2026-02-27,2025-26,BOS,BKN,1,0.8554236096636713
2026-02-27,2025-26,MIL,NYK,0,0.3709211519370099
2026-02-27,2025-26,DAL,MEM,0,0.6818750068539142
2026-02-27,2025-26,OKC,DEN,1,0.6065709782727903
2026-02-28,2025-26,CHA,POR,1,0.7450387025572166
2026-02-28,2025-26,MIA,HOU,1,0.41467624984798934
2026-02-28,2025-26,WAS,TOR,0,0.14716428652392297
2026-02-28,2025-26,GSW,LAL,0,0.5518930354434687
2026-02-28,2025-26,UTA,NOP,0,0.3421448073758484
2026-03-01,2025-26,NYK,SAS,1,0.5112407632144439
2026-03-01,2025-26,BKN,CLE,0,0.19335215372123882
2026-03-01,2025-26,CHI,MIL,1,0.34978983201678315
2026-03-01,2025-26,DEN,MIN,0,0.6579318787142615
2026-03-01,2025-26,IND,MEM,0,0.5042105879762891
2026-03-01,2025-26,ATL,POR,1,0.6078733659317156
2026-03-01,2025-26,BOS,PHI,1,0.7507249245814525
2026-03-01,2025-26,ORL,DET,0,0.29502222878870704
2026-03-01,2025-26,DAL,OKC,0,0.14096063315403728
2026-03-01,2025-26,LAC,NOP,1,0.6966383608354926
2026-03-01,2025-26,LAL,SAC,1,0.8839310799832262
2026-03-02,2025-26,WAS,HOU,0,0.15470534754029136
2026-03-02,2025-26,MIL,BOS,0,0.2596917217658507
2026-03-02,2025-26,UTA,DEN,0,0.1437580285129871
2026-03-02,2025-26,GSW,LAC,0,0.49353829899150387
2026-03-03,2025-26,CHA,DAL,1,0.7982122832970755
2026-03-03,2025-26,CLE,DET,1,0.5329026472885742
2026-03-03,2025-26,ORL,WAS,1,0.7552499596799348
2026-03-03,2025-26,MIA,BKN,1,0.7831684947502819
2026-03-03,2025-26,TOR,NYK,0,0.4059126274061218
2026-03-03,2025-26,PHI,SAS,0,0.31622604641766666
2026-03-03,2025-26,CHI,OKC,0,0.17763970173102273
2026-03-03,2025-26,MIN,MEM,1,0.7790436997014438
2026-03-03,2025-26,LAL,NOP,1,0.7452512952543706
2026-03-03,2025-26,SAC,PHX,0,0.19854187813979696
2026-03-04,2025-26,NYK,OKC,0,0.46402616877102204
2026-03-04,2025-26,BOS,CHA,0,0.678348091291848
2026-03-04,2025-26,PHI,UTA,1,0.6691295280824188
2026-03-04,2025-26,MEM,POR,0,0.42187120163278946
2026-03-04,2025-26,MIL,ATL,0,0.48588609804897254
2026-03-04,2025-26,LAC,IND,1,0.7384877553594881
2026-03-05,2025-26,ORL,DAL,1,0.6416944013490954
2026-03-05,2025-26,WAS,UTA,0,0.515595322030931
2026-03-05,2025-26,MIA,BKN,1,0.8158143329432036
2026-03-05,2025-26,HOU,GSW,0,0.7242743844397213
2026-03-05,2025-26,MIN,TOR,1,0.534697028269802
2026-03-05,2025-26,SAS,DET,1,0.5030967076994483
2026-03-05,2025-26,PHX,CHI,0,0.7303753062046743
2026-03-05,2025-26,DEN,LAL,1,0.5119804184461696
2026-03-05,2025-26,SAC,NOP,0,0.28287772986836296
2026-03-06,2025-26,BOS,DAL,1,0.8372464345508842
2026-03-06,2025-26,CHA,MIA,0,0.6686926179600168
2026-03-06,2025-26,HOU,POR,1,0.7373221971859485
2026-03-06,2025-26,DEN,NYK,0,0.48624885506102494
2026-03-06,2025-26,PHX,NOP,1,0.6386096471708509
2026-03-06,2025-26,SAS,LAC,1,0.6004573950191642
2026-03-06,2025-26,LAL,IND,1,0.8083431792586293
2026-03-07,2025-26,MIN,ORL,0,0.6229720420400752
2026-03-07,2025-26,DET,BKN,0,0.8925593803354283
2026-03-07,2025-26,ATL,PHI,1,0.6703070135500458
2026-03-07,2025-26,MEM,LAC,0,0.2599610179362205
2026-03-07,2025-26,MIL,UTA,1,0.7325291660172832
2026-03-07,2025-26,OKC,GSW,1,0.7654030836116756
2026-03-08,2025-26,CLE,BOS,0,0.5241331718874833
2026-03-08,2025-26,LAL,NYK,1,0.4413632179159362
2026-03-08,2025-26,MIA,DET,1,0.4393921508499332
2026-03-08,2025-26,TOR,DAL,1,0.740162052293438
2026-03-08,2025-26,NOP,WAS,1,0.7815286864504899
2026-03-08,2025-26,MIL,ORL,0,0.41402598695666554
2026-03-08,2025-26,SAS,HOU,1,0.6084115461246441
2026-03-08,2025-26,PHX,CHA,1,0.3891687373133257
2026-03-08,2025-26,POR,IND,1,0.6765679819191935
2026-03-08,2025-26,SAC,CHI,1,0.28545411785148034
2026-03-09,2025-26,CLE,PHI,1,0.8619016868186935
2026-03-09,2025-26,BKN,MEM,1,0.4200479516159586
2026-03-09,2025-26,OKC,DEN,1,0.6643117267570219
2026-03-09,2025-26,UTA,GSW,1,0.3163192593110688
2026-03-09,2025-26,LAC,NYK,1,0.4446416319490568
2026-03-10,2025-26,PHI,MEM,1,0.6501338950400677
2026-03-10,2025-26,BKN,DET,0,0.1887319979647544
2026-03-10,2025-26,MIA,WAS,1,0.9133625347603397
2026-03-10,2025-26,ATL,DAL,1,0.7119113563232701
2026-03-10,2025-26,HOU,TOR,1,0.6177126289941975
2026-03-10,2025-26,MIL,PHX,0,0.47215780435515275
2026-03-10,2025-26,SAS,BOS,1,0.5683048384070885
2026-03-10,2025-26,GSW,CHI,0,0.7175130834183086
2026-03-10,2025-26,POR,CHA,0,0.347171795040978
2026-03-10,2025-26,SAC,IND,1,0.5669863393963804
2026-03-10,2025-26,LAL,MIN,1,0.6362764704251739
2026-03-11,2025-26,ORL,CLE,1,0.45243236155863104
2026-03-11,2025-26,NOP,TOR,1,0.4226067829500456
2026-03-11,2025-26,UTA,NYK,0,0.1226510386627179
2026-03-11,2025-26,DEN,HOU,1,0.5439727563410232
2026-03-11,2025-26,SAC,CHA,0,0.09924969916368169
2026-03-11,2025-26,LAC,MIN,1,0.5929391688689117
2026-03-12,2025-26,DET,PHI,1,0.8293122455892299
2026-03-12,2025-26,IND,PHX,0,0.19017720525397452
2026-03-12,2025-26,ORL,WAS,1,0.8966397495071796
2026-03-12,2025-26,ATL,BKN,1,0.8022396556305667
2026-03-12,2025-26,MIA,MIL,1,0.741431740767851
2026-03-12,2025-26,SAS,DEN,0,0.5434238726015381
2026-03-12,2025-26,OKC,BOS,1,0.708539087254692
2026-03-12,2025-26,LAL,CHI,1,0.8114278311614862
2026-03-12,2025-26,MEM,DAL,0,0.4284270145424482
2026-03-13,2025-26,DET,MEM,1,0.8375612911483952
2026-03-13,2025-26,IND,NYK,0,0.18282540549824727
2026-03-13,2025-26,TOR,PHX,1,0.5387887555129113
2026-03-13,2025-26,HOU,NOP,1,0.6650062874027737
2026-03-13,2025-26,DAL,CLE,0,0.25928200689360853
2026-03-13,2025-26,GSW,MIN,0,0.4973055477699939
2026-03-13,2025-26,POR,UTA,1,0.7686674922453469
2026-03-13,2025-26,LAC,CHI,1,0.8571547540650635
2026-03-14,2025-26,PHI,BKN,1,0.6264720526782599
2026-03-14,2025-26,ATL,MIL,1,0.716735380141322
2026-03-14,2025-26,BOS,WAS,1,0.9309875024589287
2026-03-14,2025-26,MIA,ORL,0,0.6173493920319112
2026-03-14,2025-26,SAS,CHA,1,0.58084026238447
2026-03-14,2025-26,LAL,DEN,1,0.5077722178628506
2026-03-14,2025-26,LAC,SAC,0,0.8888507252396168
2026-03-15,2025-26,OKC,MIN,1,0.8155727332236223
2026-03-15,2025-26,CLE,DAL,0,0.8382415585184019
2026-03-15,2025-26,TOR,DET,1,0.3614937898695195
2026-03-15,2025-26,MIL,IND,1,0.7437161176157935
2026-03-15,2025-26,PHI,POR,1,0.39876424126329474
2026-03-15,2025-26,NYK,GSW,1,0.8493005190697015
2026-03-15,2025-26,SAC,UTA,1,0.4748981448132648
2026-03-16,2025-26,ATL,ORL,1,0.5449745849803822
2026-03-16,2025-26,WAS,GSW,0,0.2764708732402349
2026-03-16,2025-26,BKN,POR,0,0.2881814974227465
2026-03-16,2025-26,BOS,PHX,1,0.7115535168490483
2026-03-16,2025-26,CHI,MEM,1,0.633263409398293
2026-03-16,2025-26,NOP,DAL,1,0.6455441744140384
2026-03-16,2025-26,HOU,LAL,0,0.4462615620290189
2026-03-16,2025-26,LAC,SAS,0,0.37643034461323155
2026-03-17,2025-26,CHA,MIA,1,0.5606429949929795
2026-03-17,2025-26,ORL,OKC,0,0.281235744650168
2026-03-17,2025-26,WAS,DET,0,0.09632017182898318
2026-03-17,2025-26,NYK,IND,1,0.8946693856279951
2026-03-17,2025-26,MIL,CLE,0,0.2889998718186297
2026-03-17,2025-26,MIN,PHX,1,0.53581325501147
2026-03-17,2025-26,DEN,PHI,1,0.8104290781859735
2026-03-17,2025-26,SAC,SAS,0,0.13499080127725202
2026-03-18,2025-26,MEM,DEN,1,0.13548823796610013
2026-03-18,2025-26,BOS,GSW,1,0.7712620062621891
2026-03-18,2025-26,BKN,OKC,0,0.09012700222864718
2026-03-18,2025-26,IND,POR,0,0.22597381658778895
2026-03-18,2025-26,CHI,TOR,0,0.35799439459669685
2026-03-18,2025-26,MIN,UTA,1,0.7929296101760813
2026-03-18,2025-26,NOP,LAC,1,0.4385773431320912
2026-03-18,2025-26,DAL,ATL,0,0.31838695179623644
2026-03-18,2025-26,HOU,LAL,0,0.4685795543888233
2026-03-19,2025-26,CHA,ORL,1,0.684641249071734
2026-03-19,2025-26,WAS,DET,0,0.09741909170801083
2026-03-19,2025-26,MIA,LAL,0,0.4573398130603712
2026-03-19,2025-26,CHI,CLE,0,0.26360945097557076
2026-03-19,2025-26,NOP,LAC,1,0.4872343261533657
2026-03-19,2025-26,SAS,PHX,1,0.7993068741502789
2026-03-19,2025-26,UTA,MIL,1,0.398846232035139
2026-03-19,2025-26,SAC,PHI,0,0.5228411918699244
2026-03-20,2025-26,BKN,NYK,0,0.11569048180022172
2026-03-20,2025-26,DET,GSW,1,0.8073971543399123
2026-03-20,2025-26,HOU,ATL,1,0.5698726259701843
2026-03-20,2025-26,MEM,BOS,0,0.15517015569674553
2026-03-20,2025-26,MIN,POR,0,0.6051756612225365
2026-03-20,2025-26,DEN,TOR,1,0.5960432006447841
2026-03-21,2025-26,WAS,OKC,0,0.05252733725008156
2026-03-21,2025-26,CHA,MEM,1,0.8952088126642398
2026-03-21,2025-26,ORL,LAL,0,0.39067785143650746
2026-03-21,2025-26,NOP,CLE,0,0.4181132159072471
2026-03-21,2025-26,ATL,GSW,1,0.6697439975421955
2026-03-21,2025-26,HOU,MIA,1,0.6011978416244819
2026-03-21,2025-26,SAS,IND,1,0.8946142721551029
2026-03-21,2025-26,DAL,LAC,0,0.31527381708858376
2026-03-21,2025-26,UTA,PHI,0,0.5357973989021849
2026-03-21,2025-26,PHX,MIL,0,0.7404438545153976
2026-03-22,2025-26,DEN,POR,1,0.6656357861050829
2026-03-22,2025-26,SAC,BKN,1,0.533331431909093
2026-03-22,2025-26,NYK,WAS,1,0.9373802018647264
2026-03-22,2025-26,BOS,MIN,0,0.6813726250016361
2026-03-22,2025-26,PHX,TOR,1,0.4573414219789463
2026-03-23,2025-26,ATL,MEM,1,0.8242012628329326
2026-03-23,2025-26,DET,LAL,1,0.6936656459956787
2026-03-23,2025-26,ORL,IND,0,0.6584577382966307
2026-03-23,2025-26,PHI,OKC,0,0.13656377324014
2026-03-23,2025-26,MIA,SAS,0,0.4034734327649932
2026-03-23,2025-26,CHI,HOU,1,0.26721642803523155
2026-03-23,2025-26,UTA,TOR,0,0.3254589724640531
2026-03-23,2025-26,DAL,GSW,0,0.45822747897759697
2026-03-23,2025-26,POR,BKN,1,0.8102091045346417
2026-03-23,2025-26,LAC,MIL,1,0.7940890336689732
2026-03-24,2025-26,CHA,SAC,1,0.8804291821659064
2026-03-24,2025-26,NYK,NOP,1,0.7545443712923996
2026-03-24,2025-26,CLE,ORL,1,0.7007031373092958
2026-03-24,2025-26,PHX,DEN,0,0.3729594189944781
2026-03-25,2025-26,DET,ATL,0,0.7450708773274743
2026-03-25,2025-26,IND,LAL,0,0.20894359427972642
2026-03-25,2025-26,PHI,CHI,1,0.6281430233931649
2026-03-25,2025-26,BOS,OKC,1,0.4299812431008183
2026-03-25,2025-26,CLE,MIA,0,0.6218756238272684
2026-03-25,2025-26,MEM,SAS,0,0.1203482142358341
2026-03-25,2025-26,UTA,WAS,0,0.7461776672098297
2026-03-25,2025-26,MIN,HOU,1,0.608990842608739
2026-03-25,2025-26,DEN,DAL,1,0.8339503989804687
2026-03-25,2025-26,GSW,BKN,1,0.7702638999025537
2026-03-25,2025-26,POR,MIL,1,0.7744637423130357
2026-03-25,2025-26,LAC,TOR,1,0.5868388506018765
2026-03-26,2025-26,CHA,NYK,1,0.5393784635823954
2026-03-26,2025-26,DET,NOP,1,0.7645923333416986
2026-03-26,2025-26,ORL,SAC,1,0.8537597464171364
2026-03-27,2025-26,IND,LAC,0,0.24833726332294354
2026-03-27,2025-26,BOS,ATL,1,0.7189579625846886
2026-03-27,2025-26,CLE,MIA,1,0.603988078529817
2026-03-27,2025-26,MEM,HOU,0,0.15321602499096354
2026-03-27,2025-26,OKC,CHI,1,0.8870468429346646
2026-03-27,2025-26,TOR,NOP,1,0.6179624008858144
2026-03-27,2025-26,DEN,UTA,1,0.9221883200235426
2026-03-27,2025-26,GSW,WAS,1,0.7496535547299291
2026-03-27,2025-26,POR,DAL,0,0.7631265631779153
2026-03-27,2025-26,LAL,BKN,1,0.8984701460882265
2026-03-28,2025-26,MIL,SAS,0,0.13159336585896222
2026-03-28,2025-26,CHA,PHI,0,0.7303115356675814
2026-03-28,2025-26,ATL,SAC,1,0.8412171301699141
2026-03-28,2025-26,MEM,CHI,1,0.2982059073488971
2026-03-28,2025-26,MIN,DET,0,0.43142477394943873
2026-03-28,2025-26,PHX,UTA,1,0.8278440955408471
2026-03-29,2025-26,MIL,LAC,0,0.19131149277704412
2026-03-29,2025-26,IND,MIA,1,0.35138027356028223
2026-03-29,2025-26,BKN,SAC,1,0.6442177281798924
2026-03-29,2025-26,CHA,BOS,0,0.5638736882396392
2026-03-29,2025-26,TOR,ORL,1,0.5380713436303972
2026-03-29,2025-26,POR,WAS,1,0.8306911219534975
2026-03-29,2025-26,NOP,HOU,0,0.4147082613653842
2026-03-29,2025-26,OKC,NYK,1,0.6912690051113516
2026-03-29,2025-26,DEN,GSW,1,0.7690356190365212
2026-03-30,2025-26,MIA,PHI,1,0.5251207390253093
2026-03-30,2025-26,ATL,BOS,1,0.4702172517903175
2026-03-30,2025-26,MEM,PHX,0,0.2438450620536681
2026-03-30,2025-26,SAS,CHI,1,0.875388604673871
2026-03-30,2025-26,DAL,MIN,0,0.3267443065357525
2026-03-30,2025-26,UTA,CLE,0,0.14232311993526728
2026-03-30,2025-26,OKC,DET,1,0.531824713676924
2026-03-30,2025-26,LAL,WAS,1,0.876244874253163
2026-03-31,2025-26,MIL,DAL,1,0.4692690079998648
2026-03-31,2025-26,ORL,PHX,1,0.4346921998972372
2026-03-31,2025-26,BKN,CHA,0,0.13482635871100979
2026-03-31,2025-26,DET,TOR,1,0.7296905277330036
2026-03-31,2025-26,HOU,NYK,1,0.4960242840451687
2026-03-31,2025-26,LAL,CLE,1,0.5580496062506474
2026-03-31,2025-26,LAC,POR,0,0.6321420850533681
2026-04-01,2025-26,MEM,NYK,0,0.13333435234693142
2026-04-01,2025-26,WAS,PHI,0,0.2622088972562431
2026-04-01,2025-26,MIA,BOS,0,0.368622188993167
2026-04-01,2025-26,ORL,ATL,0,0.44209397018820235
2026-04-01,2025-26,TOR,SAC,0,0.8917338843457626
2026-04-01,2025-26,CHI,IND,0,0.621801925317036
2026-04-01,2025-26,HOU,MIL,1,0.8761019769070809
2026-04-01,2025-26,UTA,DEN,0,0.14543501186751426
2026-04-01,2025-26,GSW,SAS,0,0.1909922574046354
2026-04-02,2025-26,CHA,PHX,1,0.7003470148449731
2026-04-02,2025-26,DET,MIN,1,0.7340015259781657
2026-04-02,2025-26,OKC,LAL,1,0.6834355259195067
2026-04-02,2025-26,GSW,CLE,0,0.28639282924839743
2026-04-02,2025-26,POR,NOP,1,0.6775113596089971
2026-04-02,2025-26,LAC,SAS,0,0.46283292611330695
2026-04-03,2025-26,CHA,IND,1,0.8532504362237933
2026-04-03,2025-26,PHI,MIN,1,0.6157306215278016
2026-04-03,2025-26,BKN,ATL,0,0.2361471300816108
2026-04-03,2025-26,NYK,CHI,1,0.8143041308941533
2026-04-03,2025-26,HOU,UTA,1,0.8931391078307506
2026-04-03,2025-26,MEM,TOR,0,0.20211344935443748
2026-04-03,2025-26,MIL,BOS,0,0.19419929102782152
2026-04-03,2025-26,DAL,ORL,0,0.3372124095029192
2026-04-03,2025-26,SAC,NOP,1,0.2639332171634119
2026-04-04,2025-26,MIA,WAS,1,0.8734009109484953
2026-04-04,2025-26,DEN,SAS,1,0.46358200578391706
2026-04-04,2025-26,PHI,DET,0,0.24546291233515782
2026-04-05,2025-26,BOS,TOR,1,0.7361909584031435
2026-04-05,2025-26,BKN,WAS,1,0.47415520601459665
2026-04-05,2025-26,CHI,PHX,0,0.26698773983907936
2026-04-05,2025-26,MIL,MEM,1,0.7480212904086807
2026-04-05,2025-26,CLE,IND,1,0.8448917436941006
2026-04-05,2025-26,MIN,CHA,0,0.38602358876982207
2026-04-05,2025-26,NOP,ORL,0,0.4079090028679284
2026-04-05,2025-26,OKC,UTA,1,0.9529358839969115
2026-04-05,2025-26,DAL,LAL,1,0.4066897437100108
2026-04-05,2025-26,SAC,LAC,0,0.19398555912019458
2026-04-05,2025-26,GSW,HOU,0,0.3708534372906151
2026-04-06,2025-26,ATL,NYK,0,0.540041395331818
2026-04-06,2025-26,ORL,DET,1,0.2249632341315518
2026-04-06,2025-26,MEM,CLE,0,0.16673542572770136
2026-04-06,2025-26,SAS,PHI,1,0.7115534324845479
2026-04-06,2025-26,DEN,POR,1,0.6388757753608688
2026-04-07,2025-26,WAS,CHI,0,0.3994029697737882
2026-04-07,2025-26,BOS,CHA,1,0.5933262534828011
2026-04-07,2025-26,BKN,MIL,1,0.3363460350155504
2026-04-07,2025-26,TOR,MIA,1,0.5472738745568844
2026-04-07,2025-26,IND,MIN,0,0.17634897557435347
2026-04-07,2025-26,NOP,UTA,1,0.7141287465416423
2026-04-07,2025-26,GSW,SAC,1,0.857075011535492
2026-04-07,2025-26,LAL,OKC,0,0.18786627046146975
2026-04-07,2025-26,LAC,DAL,1,0.8178121315409906
2026-04-07,2025-26,PHX,HOU,0,0.4763385054998286
2026-04-08,2025-26,CLE,ATL,1,0.5425747757289642
2026-04-08,2025-26,ORL,MIN,1,0.4673953883600052
2026-04-08,2025-26,DET,MIL,1,0.890372136269131
2026-04-08,2025-26,SAS,POR,1,0.7128500923158753
2026-04-08,2025-26,DEN,MEM,1,0.9231350069558758
2026-04-08,2025-26,LAC,OKC,0,0.344602395840691
2026-04-08,2025-26,PHX,DAL,1,0.8500000419156613
2026-04-09,2025-26,TOR,MIA,1,0.5908284942802857
2026-04-09,2025-26,WAS,CHI,0,0.27742006793844054
2026-04-09,2025-26,BKN,IND,0,0.5068399755857547
2026-04-09,2025-26,NYK,BOS,1,0.36524547091414344
2026-04-09,2025-26,HOU,PHI,1,0.6754138032454068
2026-04-09,2025-26,GSW,LAL,0,0.5059931893005917
2026-04-10,2025-26,CHA,DET,0,0.5411524849063315
2026-04-10,2025-26,WAS,MIA,0,0.13711934096300243
2026-04-10,2025-26,ATL,CLE,1,0.6180527288719934
2026-04-10,2025-26,BOS,NOP,1,0.8634961181773974
2026-04-10,2025-26,IND,PHI,0,0.24590397095994151
2026-04-10,2025-26,NYK,TOR,1,0.6638812069643759
2026-04-10,2025-26,CHI,ORL,0,0.34249777928368536
2026-04-10,2025-26,HOU,MIN,0,0.6879752038008319
2026-04-10,2025-26,MIL,BKN,1,0.8478008308712021
2026-04-10,2025-26,SAS,DAL,1,0.9194993797558216
2026-04-10,2025-26,UTA,MEM,1,0.5727608871965348
2026-04-10,2025-26,DEN,OKC,1,0.39808839092197007
2026-04-10,2025-26,POR,LAC,1,0.5081562185711351
2026-04-10,2025-26,SAC,GSW,1,0.2155313330452311
2026-04-10,2025-26,LAL,PHX,1,0.5079722798882058
2026-04-12,2025-26,BOS,ORL,1,0.5663587483601438
2026-04-12,2025-26,CLE,WAS,1,0.8989246496002473
2026-04-12,2025-26,IND,DET,0,0.1319900326843934
2026-04-12,2025-26,MIA,ATL,1,0.720697863154053
2026-04-12,2025-26,NYK,CHA,0,0.38351663265103114
2026-04-12,2025-26,PHI,MIL,1,0.7160811705491814
2026-04-12,2025-26,TOR,BKN,1,0.9284532363539623
2026-04-12,2025-26,DAL,CHI,1,0.5158294578096339
2026-04-12,2025-26,HOU,MEM,1,0.9511858071515273
2026-04-12,2025-26,MIN,NOP,1,0.7526158352818937
2026-04-12,2025-26,OKC,PHX,0,0.5479878768035078
2026-04-12,2025-26,SAS,DEN,0,0.5965483319655193
2026-04-12,2025-26,LAL,UTA,1,0.7961188318789514
2026-04-12,2025-26,LAC,GSW,1,0.6645526383392562
2026-04-12,2025-26,POR,SAC,1,0.8832836174452254
