game_id,date,season,home,away,home_win,p_home
0022400061,2024-10-22,2024-25,BOS,NYK,1,0.7448502
0022400062,2024-10-22,2024-25,LAL,MIN,1,0.5215848
0022400063,2024-10-23,2024-25,DET,IND,0,0.16219926
0022400064,2024-10-23,2024-25,ATL,BKN,1,0.700614
0022400065,2024-10-23,2024-25,MIA,ORL,0,0.60476893
0022400066,2024-10-23,2024-25,PHI,MIL,0,0.5367981
0022400067,2024-10-23,2024-25,TOR,CLE,0,0.1889496
0022400068,2024-10-23,2024-25,HOU,CHA,0,0.6161138
0022400069,2024-10-23,2024-25,NOP,CHI,1,0.66970265
0022400070,2024-10-23,2024-25,UTA,MEM,0,0.83554876
0022400071,2024-10-23,2024-25,LAC,PHX,0,0.53367597
0022400072,2024-10-23,2024-25,POR,GSW,0,0.18719748
0022400073,2024-10-24,2024-25,WAS,BOS,0,0.18760727
0022400074,2024-10-24,2024-25,DAL,SAS,1,0.56474155
0022400075,2024-10-24,2024-25,DEN,OKC,0,0.5577667
0022400076,2024-10-24,2024-25,SAC,MIN,0,0.5538058
0022400077,2024-10-25,2024-25,ORL,BKN,1,0.76887876
0022400078,2024-10-25,2024-25,TOR,PHI,1,0.43905565
0022400079,2024-10-25,2024-25,ATL,CHA,1,0.6025235
0022400080,2024-10-25,2024-25,CLE,DET,1,0.7864899
0022400081,2024-10-25,2024-25,NYK,IND,1,0.6865331
0022400082,2024-10-25,2024-25,HOU,MEM,1,0.72003853
0022400083,2024-10-25,2024-25,MIL,CHI,0,0.67597777
0022400084,2024-10-25,2024-25,UTA,GSW,0,0.2557228
0022400085,2024-10-25,2024-25,LAL,PHX,1,0.5315537
0022400086,2024-10-25,2024-25,POR,NOP,0,0.23116893
0022400087,2024-10-26,2024-25,DEN,LAC,0,0.79688185
0022400088,2024-10-26,2024-25,CHA,MIA,0,0.44029427
0022400089,2024-10-26,2024-25,DET,BOS,0,0.17680351
0022400090,2024-10-26,2024-25,WAS,CLE,0,0.19832444
0022400091,2024-10-26,2024-25,CHI,OKC,0,0.3248273
0022400092,2024-10-26,2024-25,MEM,ORL,1,0.3644932
0022400093,2024-10-26,2024-25,MIN,TOR,1,0.90583557
0022400094,2024-10-26,2024-25,SAS,HOU,1,0.509838
0022400095,2024-10-26,2024-25,PHX,DAL,1,0.4516563
0022400096,2024-10-26,2024-25,LAL,SAC,1,0.51461166
0022400097,2024-10-27,2024-25,IND,PHI,0,0.77440685
0022400098,2024-10-27,2024-25,BKN,MIL,1,0.288779
0022400099,2024-10-27,2024-25,POR,NOP,1,0.23062855
0022400100,2024-10-27,2024-25,OKC,ATL,1,0.724071
0022400101,2024-10-27,2024-25,GSW,LAC,0,0.8251856
0022400102,2024-10-28,2024-25,ORL,IND,1,0.6206723
0022400103,2024-10-28,2024-25,ATL,WAS,0,0.7357683
0022400104,2024-10-28,2024-25,BOS,MIL,1,0.83239853
0022400105,2024-10-28,2024-25,MIA,DET,1,0.70561403
0022400106,2024-10-28,2024-25,NYK,CLE,0,0.6452807
0022400107,2024-10-28,2024-25,TOR,DEN,0,0.181449
0022400108,2024-10-28,2024-25,MEM,CHI,0,0.47158793
0022400109,2024-10-28,2024-25,SAS,HOU,0,0.39612943
0022400110,2024-10-28,2024-25,DAL,UTA,1,0.86828226
0022400111,2024-10-28,2024-25,PHX,LAL,1,0.5787784
0022400112,2024-10-28,2024-25,SAC,POR,1,0.88286024
0022400113,2024-10-29,2024-25,BKN,DEN,0,0.30028713
0022400114,2024-10-29,2024-25,MIN,DAL,0,0.6486878
0022400115,2024-10-29,2024-25,UTA,SAC,0,0.24450733
0022400116,2024-10-29,2024-25,GSW,NOP,1,0.7052072
0022400117,2024-10-30,2024-25,CHA,TOR,1,0.69107187
0022400118,2024-10-30,2024-25,CLE,LAL,1,0.56393576
0022400119,2024-10-30,2024-25,IND,BOS,1,0.35931087
0022400120,2024-10-30,2024-25,PHI,DET,0,0.5832683
0022400121,2024-10-30,2024-25,WAS,ATL,1,0.39249974
0022400122,2024-10-30,2024-25,MIA,NYK,0,0.43570557
0022400123,2024-10-30,2024-25,CHI,ORL,1,0.5389736
0022400124,2024-10-30,2024-25,MEM,BKN,0,0.64028615
0022400125,2024-10-30,2024-25,OKC,SAS,1,0.85686344
0022400126,2024-10-30,2024-25,GSW,NOP,1,0.68225026
0022400127,2024-10-30,2024-25,LAC,POR,0,0.7799705
0022400128,2024-10-31,2024-25,MEM,MIL,1,0.3863506
0022400129,2024-10-31,2024-25,DAL,HOU,0,0.6928312
0022400130,2024-10-31,2024-25,UTA,SAS,0,0.58604544
0022400131,2024-10-31,2024-25,LAC,PHX,0,0.3475199
0022400132,2024-11-01,2024-25,CHA,BOS,0,0.22135542
0022400133,2024-11-01,2024-25,CLE,ORL,1,0.65091044
0022400134,2024-11-01,2024-25,DET,NYK,0,0.26355764
0022400135,2024-11-01,2024-25,ATL,SAC,0,0.30094138
0022400136,2024-11-01,2024-25,BKN,CHI,1,0.49168298
0022400137,2024-11-01,2024-25,TOR,LAL,0,0.23902415
0022400138,2024-11-01,2024-25,NOP,IND,1,0.39212888
0022400139,2024-11-01,2024-25,MIN,DEN,1,0.56437874
0022400140,2024-11-01,2024-25,POR,OKC,0,0.1988825
0022400141,2024-11-02,2024-25,CHA,BOS,0,0.22681855
0022400142,2024-11-02,2024-25,PHI,MEM,0,0.5372468
0022400143,2024-11-02,2024-25,TOR,SAC,1,0.19156149
0022400144,2024-11-02,2024-25,HOU,GSW,0,0.488626
0022400145,2024-11-02,2024-25,MIL,CLE,0,0.56569976
0022400146,2024-11-02,2024-25,SAS,MIN,1,0.38057974
0022400148,2024-11-02,2024-25,DEN,UTA,1,0.86052006
0022400149,2024-11-02,2024-25,PHX,POR,1,0.8568173
0022400150,2024-11-02,2024-25,LAC,OKC,0,0.39825493
0022400151,2024-11-03,2024-25,BKN,DET,0,0.59690756
0022400152,2024-11-03,2024-25,NOP,ATL,0,0.6639077
0022400153,2024-11-03,2024-25,DAL,ORL,1,0.7136515
0022400154,2024-11-04,2024-25,CLE,MIL,1,0.666453
0022400155,2024-11-04,2024-25,WAS,GSW,0,0.25431406
0022400156,2024-11-04,2024-25,DET,LAL,1,0.25142723
0022400157,2024-11-04,2024-25,ATL,BOS,0,0.1875242
0022400158,2024-11-04,2024-25,BKN,MEM,1,0.45596075
0022400159,2024-11-04,2024-25,MIA,SAC,0,0.55255145
0022400160,2024-11-04,2024-25,CHI,UTA,0,0.782386
0022400161,2024-11-04,2024-25,HOU,NYK,1,0.40465596
0022400162,2024-11-04,2024-25,MIN,CHA,1,0.7730238
0022400163,2024-11-04,2024-25,OKC,ORL,1,0.86386025
0022400164,2024-11-04,2024-25,NOP,POR,0,0.47643292
0022400165,2024-11-04,2024-25,DAL,IND,0,0.64020246
0022400166,2024-11-04,2024-25,DEN,TOR,1,0.8684595
0022400167,2024-11-04,2024-25,PHX,PHI,1,0.81808513
0022400168,2024-11-04,2024-25,LAC,SAS,1,0.64196724
0022400169,2024-11-06,2024-25,CHA,DET,1,0.5680443
0022400170,2024-11-06,2024-25,IND,ORL,1,0.7197149
0022400171,2024-11-06,2024-25,ATL,NYK,1,0.25056252
0022400172,2024-11-06,2024-25,BOS,GSW,0,0.6767047
0022400173,2024-11-06,2024-25,HOU,SAS,1,0.7155468
0022400174,2024-11-06,2024-25,MEM,LAL,1,0.38868827
0022400175,2024-11-06,2024-25,NOP,CLE,0,0.22313613
0022400176,2024-11-06,2024-25,DAL,CHI,1,0.8193278
0022400177,2024-11-06,2024-25,DEN,OKC,1,0.42711714
0022400178,2024-11-06,2024-25,PHX,MIA,1,0.6585594
0022400179,2024-11-06,2024-25,LAC,PHI,1,0.6831062
0022400180,2024-11-06,2024-25,SAC,TOR,1,0.8278965
0022400181,2024-11-07,2024-25,CHI,MIN,0,0.32433924
0022400182,2024-11-07,2024-25,MIL,UTA,1,0.8040416
0022400183,2024-11-07,2024-25,SAS,POR,1,0.58069307
0022400184,2024-11-08,2024-25,CHA,IND,1,0.3997255
0022400185,2024-11-08,2024-25,DET,ATL,1,0.591692
0022400186,2024-11-08,2024-25,ORL,NOP,1,0.6729586
0022400187,2024-11-08,2024-25,BOS,BKN,1,0.8460761
0022400188,2024-11-08,2024-25,CLE,GSW,1,0.53725576
0022400189,2024-11-08,2024-25,NYK,MIL,1,0.76488286
0022400190,2024-11-08,2024-25,DAL,PHX,0,0.65467954
0022400191,2024-11-08,2024-25,MEM,WAS,1,0.7553022
0022400192,2024-11-08,2024-25,OKC,HOU,1,0.7833764
0022400193,2024-11-08,2024-25,MIN,POR,1,0.8104094
0022400194,2024-11-08,2024-25,DEN,MIA,1,0.7258323
0022400195,2024-11-08,2024-25,LAL,PHI,1,0.6443127
0022400196,2024-11-08,2024-25,SAC,LAC,0,0.63038224
0022400197,2024-11-09,2024-25,SAS,UTA,0,0.6927506
0022400198,2024-11-09,2024-25,ATL,CHI,0,0.5021701
0022400199,2024-11-09,2024-25,CLE,BKN,1,0.7897348
0022400200,2024-11-09,2024-25,LAC,TOR,1,0.7420715
0022400201,2024-11-10,2024-25,DET,HOU,0,0.41036877
0022400202,2024-11-10,2024-25,MIL,BOS,0,0.36586863
0022400203,2024-11-10,2024-25,IND,NYK,1,0.40285864
0022400204,2024-11-10,2024-25,ORL,WAS,1,0.79502285
0022400205,2024-11-10,2024-25,PHI,CHA,1,0.48176745
0022400206,2024-11-10,2024-25,MIN,MIA,0,0.69145215
0022400207,2024-11-10,2024-25,OKC,GSW,0,0.6934901
0022400208,2024-11-10,2024-25,DEN,DAL,1,0.6135073
0022400209,2024-11-10,2024-25,PHX,SAC,0,0.6364943
0022400210,2024-11-10,2024-25,POR,MEM,0,0.5476909
0022400211,2024-11-10,2024-25,LAL,TOR,1,0.8169297
0022400212,2024-11-11,2024-25,CHI,CLE,0,0.3750755
0022400213,2024-11-11,2024-25,HOU,WAS,1,0.82225496
0022400214,2024-11-11,2024-25,NOP,BKN,0,0.33245257
0022400215,2024-11-11,2024-25,OKC,LAC,1,0.7057014
0022400216,2024-11-11,2024-25,SAS,SAC,1,0.52699524
0022400001,2024-11-12,2024-25,BOS,ATL,0,0.86133796
0022400002,2024-11-12,2024-25,DET,MIA,1,0.4468382
0022400003,2024-11-12,2024-25,ORL,CHA,1,0.6299252
0022400004,2024-11-12,2024-25,PHI,NYK,0,0.3334036
0022400005,2024-11-12,2024-25,MIL,TOR,1,0.7726096
0022400006,2024-11-12,2024-25,UTA,PHX,0,0.343564
0022400007,2024-11-12,2024-25,GSW,DAL,1,0.59657836
0022400008,2024-11-12,2024-25,POR,MIN,1,0.2569431
0022400217,2024-11-13,2024-25,ORL,IND,1,0.4991175
0022400218,2024-11-13,2024-25,BKN,BOS,0,0.3173869
0022400219,2024-11-13,2024-25,NYK,CHI,0,0.72994447
0022400220,2024-11-13,2024-25,PHI,CLE,0,0.308511
0022400221,2024-11-13,2024-25,OKC,NOP,1,0.9164621
0022400222,2024-11-13,2024-25,HOU,LAC,1,0.50887793
0022400223,2024-11-13,2024-25,MIL,DET,1,0.6826681
0022400224,2024-11-13,2024-25,SAS,WAS,1,0.79989254
0022400225,2024-11-13,2024-25,LAL,MEM,1,0.67075986
0022400226,2024-11-13,2024-25,POR,MIN,1,0.3006789
0022400227,2024-11-13,2024-25,SAC,PHX,1,0.6956946
0022400228,2024-11-14,2024-25,UTA,DAL,1,0.20600128
0022400009,2024-11-15,2024-25,IND,MIA,0,0.5505504
0022400010,2024-11-15,2024-25,ORL,PHI,1,0.7530265
0022400011,2024-11-15,2024-25,TOR,DET,0,0.46861318
0022400012,2024-11-15,2024-25,ATL,WAS,1,0.7257616
0022400013,2024-11-15,2024-25,CLE,CHI,1,0.7720905
0022400014,2024-11-15,2024-25,NYK,BKN,1,0.81064874
0022400015,2024-11-15,2024-25,SAS,LAL,0,0.47726586
0022400016,2024-11-15,2024-25,HOU,LAC,1,0.5839645
0022400017,2024-11-15,2024-25,NOP,DEN,1,0.13750336
0022400018,2024-11-15,2024-25,OKC,PHX,1,0.7720545
0022400019,2024-11-15,2024-25,GSW,MEM,1,0.7672549
0022400020,2024-11-15,2024-25,SAC,MIN,0,0.6077076
0022400229,2024-11-16,2024-25,CHA,MIL,1,0.42574072
0022400230,2024-11-16,2024-25,BOS,TOR,1,0.9267205
0022400231,2024-11-16,2024-25,NOP,LAL,0,0.21336992
0022400232,2024-11-16,2024-25,DAL,SAS,1,0.7358477
0022400233,2024-11-16,2024-25,SAC,UTA,1,0.78743464
0022400234,2024-11-17,2024-25,MIN,PHX,1,0.6750126
0022400235,2024-11-17,2024-25,IND,MIA,1,0.51497424
0022400236,2024-11-17,2024-25,CLE,CHA,1,0.86490935
0022400237,2024-11-17,2024-25,WAS,DET,0,0.44921803
0022400238,2024-11-17,2024-25,MEM,DEN,1,0.5277494
0022400239,2024-11-17,2024-25,POR,ATL,1,0.4549878
0022400240,2024-11-17,2024-25,NYK,BKN,1,0.7199381
0022400241,2024-11-17,2024-25,CHI,HOU,0,0.43733308
0022400242,2024-11-17,2024-25,OKC,DAL,0,0.7069753
0022400243,2024-11-17,2024-25,LAC,UTA,1,0.8266374
0022400244,2024-11-18,2024-25,DET,CHI,0,0.53167105
0022400245,2024-11-18,2024-25,MIA,PHI,1,0.6348854
0022400246,2024-11-18,2024-25,NYK,WAS,1,0.87459755
0022400247,2024-11-18,2024-25,TOR,IND,1,0.4055855
0022400248,2024-11-18,2024-25,MIL,HOU,1,0.56886256
0022400249,2024-11-18,2024-25,PHX,ORL,0,0.48970136
0022400250,2024-11-18,2024-25,SAC,ATL,0,0.7662114
0022400251,2024-11-18,2024-25,LAC,GSW,1,0.32919136
0022400021,2024-11-19,2024-25,BOS,CLE,1,0.6645165
0022400022,2024-11-19,2024-25,BKN,CHA,1,0.56629467
0022400023,2024-11-19,2024-25,MEM,DEN,0,0.5687116
0022400024,2024-11-19,2024-25,DAL,NOP,1,0.8788181
0022400025,2024-11-19,2024-25,SAS,OKC,1,0.29823714
0022400026,2024-11-19,2024-25,LAL,UTA,1,0.8317677
0022400252,2024-11-20,2024-25,CLE,NOP,1,0.89374137
0022400253,2024-11-20,2024-25,MIL,CHI,1,0.6727481
0022400254,2024-11-20,2024-25,HOU,IND,1,0.76185787
0022400255,2024-11-20,2024-25,MEM,PHI,1,0.53009856
0022400256,2024-11-20,2024-25,OKC,POR,1,0.85792494
0022400257,2024-11-20,2024-25,PHX,NYK,0,0.42220402
0022400258,2024-11-20,2024-25,GSW,ATL,1,0.7966799
0022400259,2024-11-20,2024-25,LAC,ORL,1,0.6063306
0022400260,2024-11-21,2024-25,CHA,DET,1,0.5799771
0022400261,2024-11-21,2024-25,TOR,MIN,1,0.29023236
0022400262,2024-11-21,2024-25,SAS,UTA,1,0.7364476
0022400263,2024-11-21,2024-25,LAL,ORL,0,0.6753908
0022400027,2024-11-22,2024-25,PHI,BKN,1,0.6570014
0022400028,2024-11-22,2024-25,WAS,BOS,0,0.15915923
0022400029,2024-11-22,2024-25,MIL,IND,1,0.6754168
0022400030,2024-11-22,2024-25,CHI,ATL,1,0.5917178
0022400031,2024-11-22,2024-25,HOU,POR,1,0.804439
0022400032,2024-11-22,2024-25,NOP,GSW,0,0.08233213
0022400033,2024-11-22,2024-25,DEN,DAL,0,0.39401665
0022400034,2024-11-22,2024-25,LAC,SAC,1,0.5576967
0022400264,2024-11-23,2024-25,UTA,NYK,1,0.21269412
0022400265,2024-11-23,2024-25,ORL,DET,1,0.65936536
0022400266,2024-11-23,2024-25,CHI,MEM,0,0.48322576
0022400267,2024-11-23,2024-25,HOU,POR,0,0.82415473
0022400268,2024-11-23,2024-25,MIL,CHA,1,0.6763928
0022400269,2024-11-23,2024-25,SAS,GSW,1,0.42162657
0022400270,2024-11-23,2024-25,LAL,DEN,0,0.5619968
0022400271,2024-11-24,2024-25,BOS,MIN,1,0.73375547
0022400272,2024-11-24,2024-25,IND,WAS,1,0.76395124
0022400273,2024-11-24,2024-25,MIA,DAL,1,0.6115919
0022400274,2024-11-24,2024-25,PHI,LAC,0,0.36078358
0022400275,2024-11-24,2024-25,CLE,TOR,1,0.7705543
0022400276,2024-11-24,2024-25,SAC,BKN,0,0.7782619
0022400277,2024-11-25,2024-25,CHA,ORL,0,0.37739378
0022400278,2024-11-25,2024-25,DET,TOR,1,0.6768268
0022400279,2024-11-25,2024-25,IND,NOP,1,0.70739114
0022400280,2024-11-25,2024-25,ATL,DAL,0,0.49009368
0022400281,2024-11-25,2024-25,BOS,LAC,1,0.78591734
0022400282,2024-11-25,2024-25,MEM,POR,1,0.70984244
0022400283,2024-11-25,2024-25,DEN,NYK,0,0.62066615
0022400284,2024-11-25,2024-25,GSW,BKN,0,0.8848229
0022400285,2024-11-25,2024-25,SAC,OKC,0,0.3031018
0022400035,2024-11-26,2024-25,WAS,CHI,0,0.34137806
0022400036,2024-11-26,2024-25,MIA,MIL,0,0.61633223
0022400037,2024-11-26,2024-25,MIN,HOU,0,0.46255985
0022400038,2024-11-26,2024-25,UTA,SAS,0,0.35511568
0022400039,2024-11-26,2024-25,PHX,LAL,1,0.52865654
0022400286,2024-11-27,2024-25,CHA,MIA,0,0.34963977
0022400287,2024-11-27,2024-25,CLE,ATL,0,0.77681863
0022400288,2024-11-27,2024-25,IND,POR,1,0.6831609
0022400289,2024-11-27,2024-25,ORL,CHI,1,0.7677404
0022400290,2024-11-27,2024-25,PHI,HOU,0,0.32602766
0022400291,2024-11-27,2024-25,WAS,LAC,0,0.1907127
0022400292,2024-11-27,2024-25,DAL,NYK,1,0.4666884
0022400293,2024-11-27,2024-25,MEM,DET,1,0.79144686
0022400294,2024-11-27,2024-25,MIN,SAC,0,0.4667907
0022400295,2024-11-27,2024-25,NOP,TOR,0,0.3650676
0022400296,2024-11-27,2024-25,SAS,LAL,0,0.61535525
0022400297,2024-11-27,2024-25,PHX,BKN,0,0.69833857
0022400298,2024-11-27,2024-25,UTA,DEN,0,0.19343959
0022400299,2024-11-27,2024-25,GSW,OKC,0,0.46802005
0022400040,2024-11-29,2024-25,CHA,NYK,0,0.22130568
0022400041,2024-11-29,2024-25,ATL,CLE,1,0.42893007
0022400042,2024-11-29,2024-25,MEM,NOP,1,0.8491873
0022400043,2024-11-29,2024-25,BKN,ORL,0,0.47535378
0022400044,2024-11-29,2024-25,MIN,LAC,1,0.5324805
0022400045,2024-11-29,2024-25,IND,DET,0,0.6884479
0022400046,2024-11-29,2024-25,MIA,TOR,1,0.6377612
0022400047,2024-11-29,2024-25,CHI,BOS,0,0.27836126
0022400048,2024-11-29,2024-25,LAL,OKC,0,0.3258592
0022400049,2024-11-29,2024-25,POR,SAC,1,0.31856623
0022400300,2024-11-30,2024-25,CHA,ATL,0,0.32994902
0022400301,2024-11-30,2024-25,DET,PHI,0,0.61941123
0022400302,2024-11-30,2024-25,MIL,WAS,1,0.85220253
0022400303,2024-11-30,2024-25,PHX,GSW,1,0.5366092
0022400304,2024-11-30,2024-25,UTA,DAL,0,0.21360238
0022400305,2024-12-01,2024-25,BKN,ORL,0,0.33179712
0022400306,2024-12-01,2024-25,MEM,IND,1,0.8000707
0022400307,2024-12-01,2024-25,CLE,BOS,1,0.41442472
0022400308,2024-12-01,2024-25,NYK,NOP,1,0.86550075
0022400309,2024-12-01,2024-25,TOR,MIA,1,0.49432322
0022400310,2024-12-01,2024-25,HOU,OKC,1,0.47633672
0022400311,2024-12-01,2024-25,UTA,LAL,0,0.27286285
0022400312,2024-12-01,2024-25,POR,DAL,0,0.39796445
0022400313,2024-12-01,2024-25,SAC,SAS,0,0.6185754
0022400314,2024-12-01,2024-25,LAC,DEN,1,0.45536685
0022400315,2024-12-02,2024-25,ATL,NOP,1,0.80371106
0022400316,2024-12-02,2024-25,BOS,MIA,1,0.7666117
0022400317,2024-12-02,2024-25,CHI,BKN,1,0.7258033
0022400318,2024-12-02,2024-25,MIN,LAL,1,0.7118644
0022400050,2024-12-03,2024-25,CHA,PHI,0,0.39704832
0022400051,2024-12-03,2024-25,CLE,WAS,1,0.880075
0022400052,2024-12-03,2024-25,DET,MIL,0,0.37121344
0022400053,2024-12-03,2024-25,NYK,ORL,1,0.60965955
0022400054,2024-12-03,2024-25,TOR,IND,1,0.61885774
0022400055,2024-12-03,2024-25,OKC,UTA,1,0.9069738
0022400056,2024-12-03,2024-25,DAL,MEM,1,0.5387083
0022400057,2024-12-03,2024-25,PHX,SAS,1,0.5789126
0022400058,2024-12-03,2024-25,DEN,GSW,1,0.6275002
0022400059,2024-12-03,2024-25,SAC,HOU,1,0.4604353
0022400060,2024-12-03,2024-25,LAC,POR,1,0.7583759
0022400319,2024-12-04,2024-25,BOS,DET,1,0.8590321
0022400320,2024-12-04,2024-25,BKN,IND,1,0.4333401
0022400321,2024-12-04,2024-25,MIA,LAL,1,0.61472315
0022400322,2024-12-04,2024-25,PHI,ORL,0,0.39958692
0022400323,2024-12-04,2024-25,MIL,ATL,0,0.60744363
0022400324,2024-12-04,2024-25,LAC,MIN,0,0.49248457
0022400325,2024-12-05,2024-25,CLE,DEN,1,0.5608545
0022400326,2024-12-05,2024-25,WAS,DAL,0,0.15253486
0022400327,2024-12-05,2024-25,NYK,CHA,1,0.89188725
0022400328,2024-12-05,2024-25,TOR,OKC,0,0.31149995
0022400329,2024-12-05,2024-25,MEM,SAC,1,0.6594357
0022400330,2024-12-05,2024-25,NOP,PHX,1,0.32294098
0022400331,2024-12-05,2024-25,SAS,CHI,0,0.58033717
0022400332,2024-12-05,2024-25,GSW,HOU,1,0.5381157
0022400333,2024-12-06,2024-25,PHI,ORL,1,0.30550396
0022400334,2024-12-06,2024-25,ATL,LAL,1,0.66378343
0022400335,2024-12-06,2024-25,BOS,MIL,1,0.7094809
0022400336,2024-12-06,2024-25,CHI,IND,0,0.6047272
0022400337,2024-12-06,2024-25,SAS,SAC,0,0.44542122
0022400338,2024-12-06,2024-25,GSW,MIN,0,0.37530872
0022400339,2024-12-06,2024-25,POR,UTA,0,0.6413218
0022400340,2024-12-07,2024-25,CHA,CLE,0,0.16569406
0022400341,2024-12-07,2024-25,WAS,DEN,1,0.15159859
0022400342,2024-12-07,2024-25,NOP,OKC,0,0.18115535
0022400343,2024-12-07,2024-25,NYK,DET,0,0.7615617
0022400344,2024-12-07,2024-25,TOR,DAL,0,0.28319457
0022400345,2024-12-07,2024-25,BOS,MEM,0,0.6555651
0022400346,2024-12-07,2024-25,MIA,PHX,1,0.6586233
0022400347,2024-12-08,2024-25,CHI,PHI,0,0.6395506
0022400348,2024-12-08,2024-25,BKN,MIL,0,0.33585918
0022400349,2024-12-08,2024-25,IND,CHA,0,0.82425994
0022400350,2024-12-08,2024-25,ATL,DEN,0,0.51806515
0022400351,2024-12-08,2024-25,MIA,CLE,1,0.51650876
0022400352,2024-12-08,2024-25,ORL,PHX,1,0.725245
0022400353,2024-12-08,2024-25,WAS,MEM,0,0.19056587
0022400354,2024-12-08,2024-25,SAS,NOP,1,0.63381684
0022400355,2024-12-08,2024-25,GSW,MIN,1,0.54768217
0022400356,2024-12-08,2024-25,LAC,HOU,0,0.3796358
0022400357,2024-12-08,2024-25,SAC,UTA,1,0.81286216
0022400358,2024-12-08,2024-25,LAL,POR,1,0.7132054
0022400359,2024-12-09,2024-25,TOR,NYK,0,0.3683881
0022401201,2024-12-10,2024-25,MIL,ORL,1,0.66650623
0022401203,2024-12-10,2024-25,OKC,DAL,1,0.6902026
0022401202,2024-12-11,2024-25,NYK,ATL,0,0.7747229
0022401204,2024-12-11,2024-25,HOU,GSW,1,0.49845538
0022401205,2024-12-12,2024-25,BOS,DET,1,0.827188
0022401206,2024-12-12,2024-25,MIA,TOR,1,0.76440424
0022401207,2024-12-12,2024-25,NOP,SAC,0,0.26219684
0022401208,2024-12-13,2024-25,CLE,WAS,1,0.9052521
0022401209,2024-12-13,2024-25,PHI,IND,0,0.64486045
0022401210,2024-12-13,2024-25,MIN,LAL,1,0.7462319
0022401211,2024-12-13,2024-25,MEM,BKN,1,0.7686484
0022401212,2024-12-13,2024-25,CHI,CHA,1,0.80456245
0022401213,2024-12-13,2024-25,DEN,LAC,1,0.77783275
0022401214,2024-12-13,2024-25,UTA,PHX,0,0.4066167
0022401215,2024-12-13,2024-25,POR,SAS,0,0.4597879
0022401216,2024-12-15,2024-25,IND,NOP,1,0.65436757
0022401217,2024-12-15,2024-25,WAS,BOS,0,0.11651546
0022401218,2024-12-15,2024-25,SAS,MIN,0,0.41182676
0022401219,2024-12-15,2024-25,PHX,POR,1,0.7671415
0022401220,2024-12-15,2024-25,LAL,MEM,1,0.36495692
0022401227,2024-12-15,2024-25,ORL,NYK,0,0.43294826
0022401228,2024-12-15,2024-25,GSW,DAL,0,0.46014637
0022401221,2024-12-16,2024-25,DET,MIA,1,0.40551722
0022401222,2024-12-16,2024-25,CHA,PHI,0,0.30465245
0022401223,2024-12-16,2024-25,TOR,CHI,0,0.50039065
0022401224,2024-12-16,2024-25,BKN,CLE,0,0.3170774
0022401225,2024-12-16,2024-25,SAC,DEN,0,0.5319459
0022401226,2024-12-16,2024-25,LAC,UTA,1,0.72592634
0022400360,2024-12-19,2024-25,DET,UTA,0,0.67023337
0022400361,2024-12-19,2024-25,ORL,OKC,0,0.25839308
0022400362,2024-12-19,2024-25,WAS,CHA,1,0.4592444
0022400363,2024-12-19,2024-25,BOS,CHI,0,0.8444688
0022400364,2024-12-19,2024-25,TOR,BKN,0,0.55389583
0022400365,2024-12-19,2024-25,HOU,NOP,1,0.8145139
0022400366,2024-12-19,2024-25,MEM,GSW,1,0.60601765
0022400367,2024-12-19,2024-25,MIN,NYK,0,0.5297438
0022400368,2024-12-19,2024-25,DAL,LAC,0,0.7659598
0022400369,2024-12-19,2024-25,PHX,IND,0,0.65721625
0022400370,2024-12-19,2024-25,SAS,ATL,1,0.49934497
0022400371,2024-12-19,2024-25,POR,DEN,1,0.2252631
0022400372,2024-12-19,2024-25,SAC,LAL,0,0.66722953
0022400373,2024-12-20,2024-25,PHI,CHA,1,0.77477807
0022400374,2024-12-20,2024-25,CLE,MIL,1,0.62040895
0022400375,2024-12-20,2024-25,MIA,OKC,0,0.4444744
0022400376,2024-12-21,2024-25,SAC,LAL,0,0.6694641
0022400377,2024-12-21,2024-25,ORL,MIA,1,0.60010844
0022400378,2024-12-21,2024-25,ATL,MEM,0,0.3948693
0022400379,2024-12-21,2024-25,BKN,UTA,0,0.62443596
0022400380,2024-12-21,2024-25,CLE,PHI,1,0.7613299
0022400381,2024-12-21,2024-25,CHI,BOS,0,0.2765675
0022400382,2024-12-21,2024-25,MIL,WAS,1,0.8103377
0022400383,2024-12-21,2024-25,MIN,GSW,0,0.6763223
0022400384,2024-12-21,2024-25,NOP,NYK,0,0.23536138
0022400385,2024-12-21,2024-25,DAL,LAC,1,0.49837184
0022400386,2024-12-21,2024-25,SAS,POR,1,0.6311533
0022400387,2024-12-21,2024-25,PHX,DET,0,0.68395966
0022400388,2024-12-22,2024-25,TOR,HOU,0,0.25455874
0022400389,2024-12-22,2024-25,SAC,IND,0,0.53881836
0022400390,2024-12-22,2024-25,NOP,DEN,0,0.1934079
0022400391,2024-12-23,2024-25,CHA,HOU,0,0.26677626
0022400392,2024-12-23,2024-25,CLE,UTA,1,0.8365797
0022400393,2024-12-23,2024-25,ORL,BOS,1,0.3035972
0022400394,2024-12-23,2024-25,PHI,SAS,1,0.47648332
0022400395,2024-12-23,2024-25,ATL,MIN,1,0.41844478
0022400396,2024-12-23,2024-25,MIA,BKN,1,0.7478142
0022400397,2024-12-23,2024-25,NYK,TOR,1,0.902427
0022400398,2024-12-23,2024-25,CHI,MIL,0,0.5452128
0022400399,2024-12-23,2024-25,MEM,LAC,0,0.6509497
0022400400,2024-12-23,2024-25,OKC,WAS,1,0.9388828
0022400401,2024-12-23,2024-25,DAL,POR,1,0.7808038
0022400402,2024-12-23,2024-25,DEN,PHX,1,0.6202958
0022400403,2024-12-23,2024-25,GSW,IND,0,0.62316126
0022400404,2024-12-23,2024-25,LAL,DET,0,0.6061503
0022400405,2024-12-25,2024-25,NYK,SAS,1,0.7695679
0022400406,2024-12-25,2024-25,DAL,MIN,0,0.6922909
0022400407,2024-12-25,2024-25,BOS,PHI,0,0.8130574
0022400408,2024-12-25,2024-25,GSW,LAL,0,0.6056401
0022400409,2024-12-25,2024-25,PHX,DEN,1,0.40680316
0022400410,2024-12-26,2024-25,IND,OKC,0,0.3011521
0022400411,2024-12-26,2024-25,ORL,MIA,0,0.58475155
0022400412,2024-12-26,2024-25,WAS,CHA,1,0.5682454
0022400413,2024-12-26,2024-25,ATL,CHI,1,0.5835981
0022400414,2024-12-26,2024-25,MEM,TOR,1,0.8521968
0022400415,2024-12-26,2024-25,MIL,BKN,0,0.7995356
0022400416,2024-12-26,2024-25,NOP,HOU,0,0.32095295
0022400417,2024-12-26,2024-25,POR,UTA,1,0.54059416
0022400418,2024-12-26,2024-25,SAC,DET,0,0.6283086
0022400419,2024-12-27,2024-25,ORL,NYK,0,0.299791
0022400420,2024-12-27,2024-25,BOS,IND,1,0.78924876
0022400421,2024-12-27,2024-25,BKN,SAS,0,0.30571294
0022400422,2024-12-27,2024-25,HOU,MIN,0,0.46823123
0022400423,2024-12-27,2024-25,NOP,MEM,0,0.19640028
0022400424,2024-12-27,2024-25,DEN,CLE,0,0.5631851
0022400425,2024-12-27,2024-25,PHX,DAL,0,0.41062343
0022400426,2024-12-27,2024-25,LAC,GSW,1,0.6643277
0022400427,2024-12-28,2024-25,ATL,MIA,1,0.56282365
0022400428,2024-12-28,2024-25,CHA,OKC,0,0.13798213
0022400429,2024-12-28,2024-25,WAS,NYK,0,0.21342817
0022400430,2024-12-28,2024-25,CHI,MIL,1,0.48308417
0022400431,2024-12-28,2024-25,GSW,PHX,1,0.45717105
0022400432,2024-12-28,2024-25,DEN,DET,1,0.6818865
0022400433,2024-12-28,2024-25,UTA,PHI,0,0.29168975
0022400434,2024-12-28,2024-25,POR,DAL,1,0.39934197
0022400435,2024-12-28,2024-25,LAL,SAC,1,0.60016406
0022400436,2024-12-29,2024-25,ORL,BKN,1,0.7819126
0022400437,2024-12-29,2024-25,BOS,IND,0,0.83154505
0022400438,2024-12-29,2024-25,TOR,ATL,0,0.52178776
0022400439,2024-12-29,2024-25,HOU,MIA,0,0.72668606
0022400440,2024-12-29,2024-25,OKC,MEM,1,0.5499462
0022400441,2024-12-29,2024-25,MIN,SAS,1,0.6845771
0022400442,2024-12-30,2024-25,CHA,CHI,0,0.33885908
0022400443,2024-12-30,2024-25,WAS,NYK,0,0.19026338
0022400444,2024-12-30,2024-25,NOP,LAC,0,0.25314188
0022400445,2024-12-30,2024-25,UTA,DEN,0,0.2908232
0022400446,2024-12-30,2024-25,GSW,CLE,0,0.39451742
0022400447,2024-12-30,2024-25,POR,PHI,0,0.35584956
0022400448,2024-12-30,2024-25,SAC,DAL,1,0.57903486
0022400449,2024-12-31,2024-25,BOS,TOR,1,0.8715211
0022400450,2024-12-31,2024-25,IND,MIL,0,0.5236933
0022400451,2024-12-31,2024-25,SAS,LAC,1,0.5286374
0022400452,2024-12-31,2024-25,OKC,MIN,1,0.7621703
0022400453,2024-12-31,2024-25,PHX,MEM,0,0.44083458
0022400454,2024-12-31,2024-25,LAL,CLE,0,0.42881277
0022400455,2025-01-01,2024-25,DET,ORL,1,0.55462694
0022400456,2025-01-01,2024-25,WAS,CHI,1,0.35495147
0022400457,2025-01-01,2024-25,MIA,NOP,1,0.7672398
0022400458,2025-01-01,2024-25,NYK,UTA,1,0.8719572
0022400459,2025-01-01,2024-25,TOR,BKN,1,0.5887116
0022400460,2025-01-01,2024-25,HOU,DAL,1,0.7138768
0022400461,2025-01-01,2024-25,DEN,ATL,1,0.72438675
0022400462,2025-01-01,2024-25,SAC,PHI,1,0.56035197
0022400463,2025-01-02,2024-25,MIA,IND,0,0.54589385
0022400464,2025-01-02,2024-25,MIN,BOS,0,0.39420742
0022400465,2025-01-02,2024-25,MIL,BKN,0,0.8614396
0022400466,2025-01-02,2024-25,OKC,LAC,1,0.8106009
0022400467,2025-01-02,2024-25,GSW,PHI,1,0.6585029
0022400468,2025-01-02,2024-25,LAL,POR,1,0.76916546
0022400469,2025-01-03,2024-25,DET,CHA,1,0.7654792
0022400470,2025-01-03,2024-25,TOR,ORL,0,0.44576126
0022400471,2025-01-03,2024-25,HOU,BOS,0,0.45802286
0022400472,2025-01-03,2024-25,NOP,WAS,1,0.6143398
0022400473,2025-01-03,2024-25,OKC,NYK,1,0.6312687
0022400474,2025-01-03,2024-25,DAL,CLE,0,0.35151744
0022400475,2025-01-03,2024-25,DEN,SAS,0,0.7427053
0022400476,2025-01-03,2024-25,SAC,MEM,1,0.50436854
0022400477,2025-01-03,2024-25,LAL,ATL,1,0.53033316
0022400478,2025-01-04,2024-25,BKN,PHI,0,0.3274553
0022400479,2025-01-04,2024-25,DET,MIN,1,0.3212541
0022400480,2025-01-04,2024-25,IND,PHX,1,0.6189977
0022400481,2025-01-04,2024-25,MIA,UTA,0,0.76730156
0022400482,2025-01-04,2024-25,CHI,NYK,1,0.3901403
0022400483,2025-01-04,2024-25,MIL,POR,0,0.8138226
0022400484,2025-01-04,2024-25,SAS,DEN,0,0.45960322
0022400485,2025-01-04,2024-25,GSW,MEM,1,0.58767414
0022400486,2025-01-04,2024-25,LAC,ATL,1,0.61646295
0022400487,2025-01-05,2024-25,OKC,BOS,1,0.63666195
0022400488,2025-01-05,2024-25,CLE,CHA,1,0.90937215
0022400489,2025-01-05,2024-25,WAS,NOP,0,0.5472994
0022400490,2025-01-05,2024-25,ORL,UTA,0,0.7084943
0022400491,2025-01-05,2024-25,HOU,LAL,1,0.58226377
0022400492,2025-01-05,2024-25,GSW,SAC,0,0.46698353
0022400493,2025-01-06,2024-25,DET,POR,1,0.68261737
0022400494,2025-01-06,2024-25,PHI,PHX,0,0.6057553
0022400495,2025-01-06,2024-25,BKN,IND,0,0.20602542
0022400496,2025-01-06,2024-25,NYK,ORL,0,0.8209633
0022400497,2025-01-06,2024-25,TOR,MIL,0,0.37760103
0022400498,2025-01-06,2024-25,CHI,SAS,1,0.5814641
0022400499,2025-01-06,2024-25,MEM,DAL,1,0.72905946
0022400500,2025-01-06,2024-25,MIN,LAC,1,0.5648186
0022400501,2025-01-06,2024-25,SAC,MIA,1,0.6265819
0022400502,2025-01-07,2024-25,CHA,PHX,1,0.3593454
0022400503,2025-01-07,2024-25,WAS,HOU,0,0.27481478
0022400504,2025-01-07,2024-25,DAL,LAL,1,0.4057979
0022400505,2025-01-07,2024-25,NOP,MIN,0,0.384768
0022400506,2025-01-07,2024-25,UTA,ATL,0,0.5462248
0022400507,2025-01-07,2024-25,DEN,BOS,0,0.48490408
0022400508,2025-01-07,2024-25,GSW,MIA,0,0.6973481
0022400509,2025-01-08,2024-25,CLE,OKC,1,0.45252067
0022400510,2025-01-08,2024-25,IND,CHI,1,0.64935124
0022400511,2025-01-08,2024-25,NYK,TOR,1,0.80407816
0022400512,2025-01-08,2024-25,PHI,WAS,1,0.8625916
0022400513,2025-01-08,2024-25,BKN,DET,0,0.2536553
0022400514,2025-01-08,2024-25,NOP,POR,0,0.5535485
0022400515,2025-01-08,2024-25,DEN,LAC,1,0.43890348
0022400516,2025-01-08,2024-25,MIL,SAS,1,0.6687412
0022400517,2025-01-09,2024-25,CLE,TOR,1,0.87590015
0022400518,2025-01-09,2024-25,DET,GSW,0,0.4714942
0022400519,2025-01-09,2024-25,ORL,MIN,0,0.4852545
0022400520,2025-01-09,2024-25,MEM,HOU,0,0.61072034
0022400521,2025-01-09,2024-25,DAL,POR,1,0.76809
0022400522,2025-01-09,2024-25,PHX,ATL,1,0.6319724
0022400523,2025-01-09,2024-25,UTA,MIA,0,0.4736704
0022400525,2025-01-10,2024-25,IND,GSW,1,0.69573784
0022400526,2025-01-10,2024-25,ORL,MIL,0,0.38539934
0022400527,2025-01-10,2024-25,PHI,NOP,0,0.72123235
0022400528,2025-01-10,2024-25,BOS,SAC,0,0.7510535
0022400529,2025-01-10,2024-25,NYK,OKC,0,0.33585057
0022400530,2025-01-10,2024-25,CHI,WAS,1,0.8188457
0022400531,2025-01-10,2024-25,DEN,BKN,1,0.88992506
0022400533,2025-01-11,2024-25,PHX,UTA,1,0.71153134
0022400534,2025-01-11,2024-25,DET,TOR,1,0.6602341
0022400535,2025-01-11,2024-25,MIN,MEM,0,0.48474
0022400536,2025-01-11,2024-25,POR,MIA,0,0.39523077
0022400539,2025-01-12,2024-25,NYK,MIL,1,0.60664773
0022400540,2025-01-12,2024-25,DAL,DEN,0,0.38152033
0022400541,2025-01-12,2024-25,CHI,SAC,0,0.4573387
0022400542,2025-01-12,2024-25,BOS,NOP,1,0.9158293
0022400543,2025-01-12,2024-25,CLE,IND,0,0.6838024
0022400544,2025-01-12,2024-25,ORL,PHI,1,0.6253428
0022400545,2025-01-12,2024-25,WAS,OKC,0,0.08684155
0022400546,2025-01-12,2024-25,UTA,BKN,1,0.73871887
0022400547,2025-01-12,2024-25,PHX,CHA,1,0.66856575
0022400548,2025-01-13,2024-25,WAS,MIN,0,0.18086112
0022400549,2025-01-13,2024-25,NYK,DET,0,0.6921719
0022400550,2025-01-13,2024-25,TOR,GSW,1,0.5826665
0022400551,2025-01-13,2024-25,HOU,MEM,1,0.48300278
0022400552,2025-01-13,2024-25,LAL,SAS,0,0.65447384
0022400553,2025-01-13,2024-25,LAC,MIA,1,0.6168979
0022400554,2025-01-14,2024-25,IND,CLE,0,0.45633706
0022400555,2025-01-14,2024-25,PHI,OKC,0,0.21545374
0022400556,2025-01-14,2024-25,ATL,PHX,1,0.5544904
0022400557,2025-01-14,2024-25,CHI,NOP,0,0.6964223
0022400558,2025-01-14,2024-25,MIL,SAC,1,0.550335
0022400559,2025-01-14,2024-25,DAL,DEN,0,0.37075967
0022400560,2025-01-14,2024-25,POR,BKN,0,0.6636286
0022400561,2025-01-15,2024-25,PHI,NYK,0,0.21192679
0022400562,2025-01-15,2024-25,TOR,BOS,1,0.21991125
0022400563,2025-01-15,2024-25,CHI,ATL,0,0.5929955
0022400564,2025-01-15,2024-25,MIL,ORL,1,0.64430296
0022400565,2025-01-15,2024-25,MIN,GSW,0,0.7264752
0022400566,2025-01-15,2024-25,NOP,DAL,1,0.41508308
0022400567,2025-01-15,2024-25,SAS,MEM,0,0.41872093
0022400568,2025-01-15,2024-25,DEN,HOU,0,0.62143165
0022400569,2025-01-15,2024-25,UTA,CHA,0,0.4886187
0022400570,2025-01-15,2024-25,LAL,MIA,1,0.6111195
0022400571,2025-01-15,2024-25,LAC,BKN,1,0.85043323
0022400572,2025-01-16,2024-25,DET,IND,0,0.50882107
0022400573,2025-01-16,2024-25,WAS,PHX,0,0.25451574
0022400574,2025-01-16,2024-25,OKC,CLE,1,0.7224974
0022400575,2025-01-16,2024-25,POR,LAC,0,0.29002383
0022400576,2025-01-16,2024-25,SAC,HOU,1,0.6043299
0022400577,2025-01-17,2024-25,BOS,ORL,1,0.82509947
0022400578,2025-01-17,2024-25,NYK,MIN,0,0.68054247
0022400579,2025-01-17,2024-25,MIA,DEN,0,0.5455019
0022400580,2025-01-17,2024-25,MIL,TOR,1,0.75619286
0022400581,2025-01-17,2024-25,NOP,UTA,1,0.70681715
0022400582,2025-01-17,2024-25,SAS,MEM,0,0.38334373
0022400583,2025-01-17,2024-25,DAL,OKC,1,0.26026714
0022400584,2025-01-17,2024-25,CHI,CHA,0,0.64649636
0022400585,2025-01-17,2024-25,LAL,BKN,1,0.89537144
0022400586,2025-01-18,2024-25,DET,PHX,0,0.5415367
0022400587,2025-01-18,2024-25,BOS,ATL,0,0.7724334
0022400588,2025-01-18,2024-25,IND,PHI,1,0.7556886
0022400589,2025-01-18,2024-25,GSW,WAS,1,0.81467086
0022400590,2025-01-18,2024-25,MIN,CLE,0,0.3366901
0022400591,2025-01-18,2024-25,POR,HOU,0,0.23458955
0022400592,2025-01-19,2024-25,MIA,SAS,1,0.6309486
0022400593,2025-01-19,2024-25,ORL,DEN,0,0.27320826
0022400594,2025-01-19,2024-25,MIL,PHI,1,0.82983655
0022400595,2025-01-19,2024-25,OKC,BKN,1,0.91882324
0022400596,2025-01-19,2024-25,LAC,LAL,1,0.65863746
0022400597,2025-01-19,2024-25,POR,CHI,1,0.3377916
0022400598,2025-01-19,2024-25,SAC,WAS,1,0.92450315
0022400599,2025-01-20,2024-25,CHA,DAL,1,0.38150582
0022400600,2025-01-20,2024-25,HOU,DET,0,0.7587246
0022400601,2025-01-20,2024-25,MEM,MIN,1,0.68421906
0022400602,2025-01-20,2024-25,NYK,ATL,1,0.63140446
0022400603,2025-01-20,2024-25,CLE,PHX,1,0.8198791
0022400604,2025-01-20,2024-25,GSW,BOS,0,0.29584056
0022400605,2025-01-20,2024-25,NOP,UTA,1,0.80044824
0022400611,2025-01-20,2024-25,LAC,CHI,0,0.7941437
0022400606,2025-01-21,2024-25,BKN,NYK,0,0.24072678
0022400607,2025-01-21,2024-25,MIA,POR,0,0.78989804
0022400608,2025-01-21,2024-25,TOR,ORL,1,0.53504807
0022400609,2025-01-21,2024-25,DEN,PHI,1,0.8359753
0022400610,2025-01-21,2024-25,LAL,WAS,1,0.86156756
0022400612,2025-01-22,2024-25,ATL,DET,0,0.67925996
0022400613,2025-01-22,2024-25,BKN,PHX,0,0.28805065
0022400614,2025-01-22,2024-25,DAL,MIN,0,0.65087277
0022400615,2025-01-22,2024-25,HOU,CLE,1,0.49390048
0022400616,2025-01-22,2024-25,MEM,CHA,1,0.78360474
0022400618,2025-01-22,2024-25,OKC,UTA,1,0.9341706
0022400619,2025-01-22,2024-25,SAC,GSW,1,0.79231423
0022400620,2025-01-22,2024-25,LAC,BOS,0,0.33421075
0022400622,2025-01-23,2024-25,ORL,POR,0,0.59219265
0022400623,2025-01-23,2024-25,ATL,TOR,0,0.65005535
0022400624,2025-01-23,2024-25,MIL,MIA,1,0.7275264
0022400625,2025-01-23,2024-25,OKC,DAL,0,0.8142339
0022400626,2025-01-23,2024-25,DEN,SAC,1,0.75844795
0022400628,2025-01-23,2024-25,GSW,CHI,1,0.46130627
0022400629,2025-01-23,2024-25,LAL,BOS,1,0.4762436
0022400983,2025-01-23,2024-25,LAC,WAS,1,0.7442218
0022400630,2025-01-24,2024-25,CHA,POR,0,0.73229873
0022400631,2025-01-24,2024-25,PHI,CLE,1,0.26849294
0022400632,2025-01-24,2024-25,MEM,NOP,1,0.78617924
0022400634,2025-01-25,2024-25,MIN,DEN,1,0.37329078
0022400635,2025-01-25,2024-25,DAL,BOS,0,0.43962014
0022400636,2025-01-25,2024-25,BKN,MIA,0,0.22016369
0022400637,2025-01-25,2024-25,CHA,NOP,1,0.5065433
0022400638,2025-01-25,2024-25,ORL,DET,1,0.5231616
0022400639,2025-01-25,2024-25,ATL,TOR,0,0.67351943
0022400640,2025-01-25,2024-25,CLE,HOU,0,0.54557574
0022400641,2025-01-25,2024-25,NYK,SAC,1,0.6441429
0022400642,2025-01-25,2024-25,CHI,PHI,0,0.6074717
0022400643,2025-01-25,2024-25,MEM,UTA,1,0.77431816
0022400644,2025-01-25,2024-25,GSW,LAL,0,0.4501551
0022400645,2025-01-25,2024-25,PHX,WAS,1,0.8398988
0022400646,2025-01-25,2024-25,LAC,MIL,1,0.56918883
0022400647,2025-01-26,2024-25,POR,OKC,0,0.17486542
0022400648,2025-01-27,2024-25,CHA,LAL,0,0.3907941
0022400649,2025-01-27,2024-25,CLE,DET,1,0.7676346
0022400650,2025-01-27,2024-25,BOS,HOU,0,0.6349315
0022400651,2025-01-27,2024-25,BKN,SAC,0,0.20104498
0022400652,2025-01-27,2024-25,MIA,ORL,1,0.52994484
0022400653,2025-01-27,2024-25,NYK,MEM,1,0.6046748
0022400654,2025-01-27,2024-25,TOR,NOP,1,0.66559786
0022400655,2025-01-27,2024-25,CHI,DEN,1,0.2615116
0022400656,2025-01-27,2024-25,MIN,ATL,1,0.7340514
0022400657,2025-01-27,2024-25,DAL,WAS,1,0.8737738
0022400658,2025-01-27,2024-25,UTA,MIL,0,0.22063936
0022400659,2025-01-27,2024-25,PHX,LAC,1,0.40648586
0022400532,2025-01-28,2024-25,ATL,HOU,0,0.22347584
0022400660,2025-01-28,2024-25,PHI,LAL,1,0.5025261
0022400661,2025-01-28,2024-25,GSW,UTA,1,0.78579247
0022400662,2025-01-28,2024-25,POR,MIL,1,0.34445858
0022400663,2025-01-29,2024-25,CHA,BKN,0,0.7881778
0022400664,2025-01-29,2024-25,IND,DET,1,0.7861047
0022400665,2025-01-29,2024-25,WAS,TOR,0,0.28146428
0022400666,2025-01-29,2024-25,BOS,CHI,1,0.7925002
0022400667,2025-01-29,2024-25,MIA,CLE,0,0.3675089
0022400668,2025-01-29,2024-25,NYK,DEN,1,0.52758735
0022400669,2025-01-29,2024-25,PHI,SAC,1,0.34279668
0022400670,2025-01-29,2024-25,NOP,DAL,0,0.44278893
0022400671,2025-01-29,2024-25,SAS,LAC,0,0.4565619
0022400672,2025-01-29,2024-25,PHX,MIN,0,0.50701207
0022400673,2025-01-29,2024-25,GSW,OKC,1,0.13804094
0022400674,2025-01-30,2024-25,WAS,LAL,0,0.1600918
0022400675,2025-01-30,2024-25,CLE,ATL,1,0.73271316
0022400676,2025-01-30,2024-25,MEM,HOU,1,0.4827858
0022400677,2025-01-30,2024-25,UTA,MIN,0,0.2692392
0022400678,2025-01-30,2024-25,POR,ORL,1,0.44929162
0022400679,2025-01-31,2024-25,CHA,LAC,0,0.20510207
0022400680,2025-01-31,2024-25,DET,DAL,1,0.4755368
0022400681,2025-01-31,2024-25,PHI,DEN,0,0.33364362
0022400682,2025-01-31,2024-25,TOR,CHI,0,0.65583867
0022400683,2025-01-31,2024-25,NOP,BOS,0,0.27960497
0022400684,2025-01-31,2024-25,SAS,MIL,1,0.42664984
0022400685,2025-01-31,2024-25,GSW,PHX,0,0.6274519
0022400686,2025-02-01,2024-25,IND,ATL,1,0.7990614
0022400687,2025-02-01,2024-25,UTA,ORL,1,0.4203215
0022400688,2025-02-01,2024-25,CHA,DEN,0,0.16069055
0022400689,2025-02-01,2024-25,HOU,BKN,0,0.8667786
0022400690,2025-02-01,2024-25,MIN,WAS,0,0.90868014
0022400691,2025-02-01,2024-25,OKC,SAC,1,0.7940077
0022400692,2025-02-01,2024-25,NYK,LAL,0,0.7318029
0022400693,2025-02-01,2024-25,SAS,MIA,0,0.560938
0022400694,2025-02-01,2024-25,POR,PHX,1,0.5484481
0022400695,2025-02-02,2024-25,DET,CHI,1,0.59971684
0022400696,2025-02-02,2024-25,CLE,DAL,1,0.7173554
0022400697,2025-02-02,2024-25,TOR,LAC,1,0.36707172
0022400698,2025-02-02,2024-25,PHI,BOS,0,0.32850346
0022400699,2025-02-02,2024-25,MIL,MEM,0,0.5783559
0022400700,2025-02-03,2024-25,CHA,WAS,0,0.68280727
0022400701,2025-02-03,2024-25,DET,ATL,0,0.59132946
0022400702,2025-02-03,2024-25,NYK,HOU,1,0.646082
0022400703,2025-02-03,2024-25,MEM,SAS,1,0.68960273
0022400704,2025-02-03,2024-25,MIN,SAC,0,0.5388267
0022400705,2025-02-03,2024-25,OKC,MIL,1,0.8462948
0022400706,2025-02-03,2024-25,DEN,NOP,1,0.8871417
0022400707,2025-02-03,2024-25,UTA,IND,0,0.25877106
0022400708,2025-02-03,2024-25,GSW,ORL,1,0.64082766
0022400709,2025-02-03,2024-25,POR,PHX,1,0.541242
0022400710,2025-02-04,2024-25,CLE,BOS,0,0.56275797
0022400711,2025-02-04,2024-25,BKN,HOU,1,0.40603313
0022400712,2025-02-04,2024-25,PHI,DAL,1,0.6863836
0022400713,2025-02-04,2024-25,TOR,NYK,0,0.3817509
0022400714,2025-02-04,2024-25,CHI,MIA,1,0.5697128
0022400715,2025-02-04,2024-25,LAC,LAL,0,0.62759036
0022400716,2025-02-04,2024-25,POR,IND,1,0.3746703
0022400717,2025-02-05,2024-25,CHA,MIL,0,0.45864883
0022400718,2025-02-05,2024-25,DET,CLE,0,0.40966505
0022400719,2025-02-05,2024-25,ATL,SAS,0,0.55197066
0022400720,2025-02-05,2024-25,BKN,WAS,0,0.61451256
0022400721,2025-02-05,2024-25,PHI,MIA,0,0.63723844
0022400722,2025-02-05,2024-25,TOR,MEM,0,0.2589263
0022400723,2025-02-05,2024-25,MIN,CHI,1,0.7386233
0022400724,2025-02-05,2024-25,OKC,PHX,1,0.8533757
0022400725,2025-02-05,2024-25,UTA,GSW,1,0.37354016
0022400726,2025-02-05,2024-25,DEN,NOP,1,0.86779803
0022400727,2025-02-05,2024-25,SAC,ORL,0,0.7560749
0022400728,2025-02-06,2024-25,BOS,DAL,0,0.8300657
0022400729,2025-02-06,2024-25,MIN,HOU,1,0.4739057
0022400730,2025-02-06,2024-25,DEN,ORL,1,0.8259803
0022400731,2025-02-06,2024-25,LAL,GSW,1,0.7882719
0022400732,2025-02-06,2024-25,POR,SAC,1,0.5179817
0022400733,2025-02-06,2024-25,LAC,IND,0,0.47489133
0022400734,2025-02-07,2024-25,CHA,SAS,1,0.32619587
0022400735,2025-02-07,2024-25,WAS,CLE,0,0.21546344
0022400736,2025-02-07,2024-25,ATL,MIL,1,0.46932206
0022400737,2025-02-07,2024-25,BKN,MIA,1,0.45560306
0022400738,2025-02-07,2024-25,DET,PHI,1,0.55707765
0022400739,2025-02-07,2024-25,OKC,TOR,1,0.92661583
0022400740,2025-02-07,2024-25,PHX,UTA,1,0.5994024
0022400741,2025-02-08,2024-25,DAL,HOU,1,0.50800806
0022400742,2025-02-08,2024-25,LAL,IND,1,0.6448043
0022400743,2025-02-08,2024-25,ORL,SAS,1,0.5527135
0022400744,2025-02-08,2024-25,WAS,ATL,0,0.3363882
0022400745,2025-02-08,2024-25,CHI,GSW,0,0.5501682
0022400746,2025-02-08,2024-25,MEM,OKC,0,0.44731662
0022400747,2025-02-08,2024-25,MIN,POR,1,0.75931984
0022400748,2025-02-08,2024-25,NYK,BOS,0,0.5545279
0022400749,2025-02-08,2024-25,PHX,DEN,0,0.23361096
0022400750,2025-02-08,2024-25,SAC,NOP,1,0.81152034
0022400751,2025-02-08,2024-25,LAC,UTA,1,0.83473754
0022400752,2025-02-09,2024-25,DET,CHA,1,0.76207477
0022400753,2025-02-09,2024-25,HOU,TOR,1,0.7589888
0022400754,2025-02-09,2024-25,MIL,PHI,1,0.49670374
0022400755,2025-02-10,2024-25,CLE,MIN,1,0.7196744
0022400756,2025-02-10,2024-25,ORL,ATL,0,0.57271063
0022400757,2025-02-10,2024-25,WAS,SAS,0,0.31910872
0022400758,2025-02-10,2024-25,BKN,CHA,1,0.72063786
0022400759,2025-02-10,2024-25,MIA,BOS,0,0.27302763
0022400760,2025-02-10,2024-25,MIL,GSW,0,0.414638
0022400761,2025-02-10,2024-25,OKC,NOP,1,0.91488796
0022400762,2025-02-10,2024-25,DAL,SAC,0,0.5479824
0022400763,2025-02-10,2024-25,DEN,POR,1,0.83078754
0022400768,2025-02-10,2024-25,LAL,UTA,1,0.8125585
0022400764,2025-02-11,2024-25,PHI,TOR,0,0.8093451
0022400765,2025-02-11,2024-25,IND,NYK,0,0.58677554
0022400766,2025-02-11,2024-25,CHI,DET,0,0.48969948
0022400767,2025-02-11,2024-25,PHX,MEM,0,0.3305188
0022400769,2025-02-12,2024-25,BOS,SAS,1,0.7678357
0022400770,2025-02-12,2024-25,ORL,CHA,1,0.74623656
0022400771,2025-02-12,2024-25,WAS,IND,0,0.25969744
0022400772,2025-02-12,2024-25,BKN,PHI,1,0.38583544
0022400773,2025-02-12,2024-25,NYK,ATL,1,0.69222295
0022400774,2025-02-12,2024-25,TOR,CLE,0,0.17403702
0022400775,2025-02-12,2024-25,CHI,DET,0,0.40633455
0022400776,2025-02-12,2024-25,MIN,MIL,0,0.67186564
0022400777,2025-02-12,2024-25,NOP,SAC,0,0.2695513
0022400778,2025-02-12,2024-25,OKC,MIA,1,0.9074644
0022400779,2025-02-12,2024-25,HOU,PHX,1,0.6965542
0022400780,2025-02-12,2024-25,DEN,POR,1,0.85231113
0022400781,2025-02-12,2024-25,UTA,LAL,1,0.22265653
0022400782,2025-02-12,2024-25,DAL,GSW,1,0.45713717
0022400783,2025-02-12,2024-25,LAC,MEM,1,0.64375126
0022400784,2025-02-13,2024-25,HOU,GSW,0,0.4860035
0022400785,2025-02-13,2024-25,NOP,SAC,1,0.31695178
0022400786,2025-02-13,2024-25,DAL,MIA,1,0.59877723
0022400787,2025-02-13,2024-25,MIN,OKC,1,0.28065422
0022401004,2025-02-13,2024-25,UTA,LAC,0,0.28220484
0022400524,2025-02-19,2024-25,LAL,CHA,0,0.89560556
0022400788,2025-02-20,2024-25,IND,MEM,1,0.598196
0022400789,2025-02-20,2024-25,PHI,BOS,0,0.23497476
0022400790,2025-02-20,2024-25,ATL,ORL,0,0.609266
0022400791,2025-02-20,2024-25,BKN,CLE,0,0.19503422
0022400792,2025-02-20,2024-25,NYK,CHI,1,0.80444676
0022400793,2025-02-20,2024-25,MIL,LAC,1,0.3716889
0022400794,2025-02-20,2024-25,DEN,CHA,1,0.89620405
0022400795,2025-02-20,2024-25,SAS,PHX,1,0.7013931
0022400796,2025-02-20,2024-25,POR,LAL,0,0.29254982
0022400797,2025-02-21,2024-25,CLE,NYK,1,0.6604735
0022400798,2025-02-21,2024-25,ORL,MEM,0,0.41903758
0022400799,2025-02-21,2024-25,WAS,MIL,0,0.296279
0022400800,2025-02-21,2024-25,TOR,MIA,0,0.5185629
0022400801,2025-02-21,2024-25,HOU,MIN,1,0.5033092
0022400802,2025-02-21,2024-25,SAS,DET,0,0.3934887
0022400803,2025-02-21,2024-25,DAL,NOP,1,0.68552583
0022400804,2025-02-21,2024-25,UTA,OKC,0,0.14905205
0022400805,2025-02-21,2024-25,SAC,GSW,0,0.49055406
0022400806,2025-02-22,2024-25,CHI,PHX,0,0.4789173
0022400807,2025-02-22,2024-25,PHI,BKN,0,0.7753565
0022400808,2025-02-22,2024-25,DEN,LAL,0,0.7262237
0022400809,2025-02-22,2024-25,UTA,HOU,1,0.35590902
0022400810,2025-02-22,2024-25,POR,CHA,1,0.7292727
0022400811,2025-02-23,2024-25,BOS,NYK,1,0.7096467
0022400812,2025-02-23,2024-25,GSW,DAL,1,0.69882834
0022400813,2025-02-23,2024-25,IND,LAC,1,0.5272363
0022400814,2025-02-23,2024-25,ATL,DET,0,0.44185016
0022400815,2025-02-23,2024-25,ORL,WAS,1,0.80893195
0022400816,2025-02-23,2024-25,TOR,PHX,1,0.4294199
0022400817,2025-02-23,2024-25,MIL,MIA,1,0.57788724
0022400818,2025-02-23,2024-25,NOP,SAS,1,0.44557577
0022400819,2025-02-23,2024-25,CLE,MEM,1,0.6899837
0022400820,2025-02-23,2024-25,MIN,OKC,0,0.30754456
0022400821,2025-02-24,2024-25,DET,LAC,1,0.5874347
0022400822,2025-02-24,2024-25,IND,DEN,0,0.4600761
0022400823,2025-02-24,2024-25,PHI,CHI,0,0.67936766
0022400824,2025-02-24,2024-25,WAS,BKN,1,0.3451685
0022400825,2025-02-24,2024-25,ATL,MIA,1,0.6353067
0022400826,2025-02-24,2024-25,OKC,MIN,0,0.81046265
0022400827,2025-02-24,2024-25,UTA,POR,0,0.4086562
0022400828,2025-02-24,2024-25,SAC,CHA,1,0.7892596
0022400829,2025-02-25,2024-25,TOR,BOS,0,0.19266291
0022400830,2025-02-25,2024-25,ORL,CLE,0,0.28475827
0022400831,2025-02-25,2024-25,HOU,MIL,1,0.57998174
0022400832,2025-02-25,2024-25,MEM,PHX,1,0.70135534
0022400833,2025-02-25,2024-25,NOP,SAS,1,0.49684784
0022400834,2025-02-25,2024-25,GSW,CHA,1,0.9231589
0022400835,2025-02-25,2024-25,LAL,DAL,1,0.77929527
0022400836,2025-02-26,2024-25,DET,BOS,1,0.523332
0022400837,2025-02-26,2024-25,IND,TOR,1,0.8646507
0022400838,2025-02-26,2024-25,NYK,PHI,1,0.7767828
0022400839,2025-02-26,2024-25,WAS,POR,0,0.3311624
0022400840,2025-02-26,2024-25,BKN,OKC,0,0.10986928
0022400841,2025-02-26,2024-25,MIA,ATL,1,0.52101624
0022400842,2025-02-26,2024-25,CHI,LAC,0,0.4227834
0022400843,2025-02-26,2024-25,UTA,SAC,0,0.2837097
0022400844,2025-02-26,2024-25,HOU,SAS,1,0.6745907
0022400845,2025-02-27,2024-25,ORL,GSW,0,0.30842692
0022400846,2025-02-27,2024-25,MIL,DEN,1,0.40347603
0022400847,2025-02-27,2024-25,DAL,CHA,1,0.85283864
0022400848,2025-02-27,2024-25,PHX,NOP,0,0.6926047
0022400849,2025-02-27,2024-25,LAL,MIN,1,0.66615814
0022400850,2025-02-28,2024-25,DET,DEN,0,0.60282385
0022400851,2025-02-28,2024-25,ATL,OKC,0,0.22173613
0022400852,2025-02-28,2024-25,BOS,CLE,0,0.5473577
0022400853,2025-02-28,2024-25,BKN,POR,0,0.38825837
0022400854,2025-02-28,2024-25,MIA,IND,1,0.4257843
0022400855,2025-02-28,2024-25,CHI,TOR,1,0.7078455
0022400856,2025-02-28,2024-25,MEM,NYK,0,0.59791446
0022400857,2025-02-28,2024-25,PHX,NOP,1,0.6400295
0022400858,2025-02-28,2024-25,UTA,MIN,1,0.28500077
0022400859,2025-02-28,2024-25,LAL,LAC,1,0.5579845
0022400860,2025-03-01,2024-25,CHA,WAS,0,0.56382686
0022400861,2025-03-01,2024-25,DET,BKN,1,0.8516834
0022400862,2025-03-01,2024-25,HOU,SAC,0,0.52099156
0022400863,2025-03-01,2024-25,MEM,SAS,0,0.75709295
0022400864,2025-03-01,2024-25,PHI,GSW,1,0.2949221
0022400865,2025-03-01,2024-25,DAL,MIL,0,0.51957667
0022400866,2025-03-02,2024-25,BOS,DEN,1,0.6492791
0022400867,2025-03-02,2024-25,CLE,POR,1,0.88097245
0022400868,2025-03-02,2024-25,IND,CHI,1,0.7830655
0022400869,2025-03-02,2024-25,MIA,NYK,0,0.43682203
0022400870,2025-03-02,2024-25,ORL,TOR,0,0.7046162
0022400871,2025-03-02,2024-25,SAS,OKC,0,0.15275155
0022400872,2025-03-02,2024-25,UTA,NOP,0,0.62696964
0022400873,2025-03-02,2024-25,PHX,MIN,0,0.4287256
0022400874,2025-03-02,2024-25,LAL,LAC,1,0.6127315
0022400875,2025-03-03,2024-25,CHA,GSW,0,0.17992848
0022400876,2025-03-03,2024-25,PHI,POR,0,0.6558686
0022400877,2025-03-03,2024-25,MIA,WAS,1,0.79388607
0022400878,2025-03-03,2024-25,MEM,ATL,0,0.6189162
0022400879,2025-03-03,2024-25,OKC,HOU,1,0.7705278
0022400880,2025-03-03,2024-25,DAL,SAC,0,0.4907608
0022400881,2025-03-03,2024-25,UTA,DET,0,0.16613032
0022400882,2025-03-04,2024-25,IND,HOU,1,0.8768465
0022400883,2025-03-04,2024-25,ORL,TOR,0,0.68731624
0022400884,2025-03-04,2024-25,ATL,MIL,0,0.40128347
0022400885,2025-03-04,2024-25,NYK,GSW,0,0.63664544
0022400886,2025-03-04,2024-25,CHI,CLE,0,0.2529117
0022400887,2025-03-04,2024-25,MIN,PHI,1,0.8613525
0022400888,2025-03-04,2024-25,SAS,BKN,1,0.7054106
0022400889,2025-03-04,2024-25,PHX,LAC,1,0.4604173
0022400890,2025-03-04,2024-25,LAL,NOP,1,0.8418529
0022400891,2025-03-05,2024-25,BOS,POR,1,0.80271894
0022400892,2025-03-05,2024-25,CHA,MIN,0,0.21023764
0022400893,2025-03-05,2024-25,CLE,MIA,1,0.70584834
0022400894,2025-03-05,2024-25,WAS,UTA,1,0.49466428
0022400895,2025-03-05,2024-25,MEM,OKC,0,0.24395737
0022400896,2025-03-05,2024-25,DEN,SAC,1,0.7204069
0022400897,2025-03-05,2024-25,MIL,DAL,1,0.64032274
0022400898,2025-03-05,2024-25,LAC,DET,1,0.44731355
0022400899,2025-03-06,2024-25,ATL,IND,1,0.355149
0022400900,2025-03-06,2024-25,BOS,PHI,1,0.8000499
0022400901,2025-03-06,2024-25,BKN,GSW,0,0.19666511
0022400902,2025-03-06,2024-25,NOP,HOU,0,0.43096673
0022400903,2025-03-06,2024-25,LAL,NYK,1,0.69733703
0022400944,2025-03-06,2024-25,ORL,CHI,0,0.66965604
0022400904,2025-03-07,2024-25,CHA,CLE,0,0.13580337
0022400905,2025-03-07,2024-25,TOR,UTA,1,0.75095063
0022400906,2025-03-07,2024-25,DAL,MEM,0,0.3076948
0022400907,2025-03-07,2024-25,MIA,MIN,0,0.4284524
0022400908,2025-03-07,2024-25,OKC,POR,1,0.8858384
0022400909,2025-03-07,2024-25,DEN,PHX,1,0.7853946
0022400910,2025-03-07,2024-25,SAC,SAS,1,0.69341594
0022400911,2025-03-07,2024-25,LAC,NYK,1,0.53367245
0022400912,2025-03-08,2024-25,CHA,BKN,1,0.43610778
0022400913,2025-03-08,2024-25,HOU,NOP,1,0.73898804
0022400914,2025-03-08,2024-25,ATL,IND,1,0.44952792
0022400915,2025-03-08,2024-25,TOR,WAS,0,0.70722884
0022400916,2025-03-08,2024-25,MIA,CHI,0,0.6934313
0022400917,2025-03-08,2024-25,MIL,ORL,0,0.7395469
0022400918,2025-03-08,2024-25,BOS,LAL,1,0.5436637
0022400919,2025-03-08,2024-25,GSW,DET,1,0.68855166
0022400920,2025-03-09,2024-25,OKC,DEN,1,0.55521274
0022400921,2025-03-09,2024-25,DAL,PHX,0,0.40915865
0022400922,2025-03-09,2024-25,MIL,CLE,0,0.30773148
0022400923,2025-03-09,2024-25,NOP,MEM,0,0.2561538
0022400924,2025-03-09,2024-25,PHI,UTA,1,0.67598325
0022400925,2025-03-09,2024-25,MIN,SAS,1,0.830885
0022400926,2025-03-09,2024-25,POR,DET,0,0.4138049
0022400927,2025-03-09,2024-25,LAC,SAC,1,0.65970427
0022400928,2025-03-10,2024-25,ATL,PHI,1,0.7794124
0022400929,2025-03-10,2024-25,BOS,UTA,1,0.94663477
0022400930,2025-03-10,2024-25,BKN,LAL,1,0.16736943
0022400931,2025-03-10,2024-25,MIA,CHA,0,0.85099435
0022400932,2025-03-10,2024-25,TOR,WAS,1,0.805784
0022400933,2025-03-10,2024-25,CHI,IND,1,0.4282788
0022400934,2025-03-10,2024-25,HOU,ORL,1,0.6762211
0022400935,2025-03-10,2024-25,MEM,PHX,1,0.6489978
0022400936,2025-03-10,2024-25,OKC,DEN,0,0.76057637
0022400937,2025-03-10,2024-25,SAS,DAL,0,0.6625707
0022400938,2025-03-10,2024-25,GSW,POR,1,0.84654164
0022400939,2025-03-10,2024-25,SAC,NYK,0,0.45988318
0022400940,2025-03-11,2024-25,CLE,BKN,1,0.90328574
0022400941,2025-03-11,2024-25,DET,WAS,1,0.9272363
0022400942,2025-03-11,2024-25,IND,MIL,1,0.4994984
0022400943,2025-03-11,2024-25,NOP,LAC,1,0.1916669
0022400945,2025-03-12,2024-25,ATL,CHA,1,0.7246311
0022400946,2025-03-12,2024-25,BOS,OKC,0,0.42039657
0022400947,2025-03-12,2024-25,TOR,PHI,1,0.72788996
0022400948,2025-03-12,2024-25,MIA,LAC,0,0.4626743
0022400949,2025-03-12,2024-25,HOU,PHX,1,0.61104625
0022400950,2025-03-12,2024-25,MEM,UTA,1,0.7917735
0022400951,2025-03-12,2024-25,SAS,DAL,1,0.616053
0022400952,2025-03-12,2024-25,DEN,MIN,0,0.6242378
0022400953,2025-03-12,2024-25,POR,NYK,0,0.40873554
0022400954,2025-03-13,2024-25,DET,WAS,0,0.8630504
0022400955,2025-03-13,2024-25,MIL,LAL,1,0.46351212
0022400956,2025-03-13,2024-25,CHI,BKN,1,0.7231611
0022400957,2025-03-13,2024-25,GSW,SAC,1,0.76824296
0022401141,2025-03-13,2024-25,NOP,ORL,0,0.53117275
0022400958,2025-03-14,2024-25,MIA,BOS,0,0.25004366
0022400959,2025-03-14,2024-25,PHI,IND,0,0.21916242
0022400960,2025-03-14,2024-25,ATL,LAC,0,0.48686308
0022400961,2025-03-14,2024-25,HOU,DAL,1,0.79494464
0022400962,2025-03-14,2024-25,MEM,CLE,0,0.4422396
0022400963,2025-03-14,2024-25,MIN,ORL,1,0.85434335
0022400964,2025-03-14,2024-25,SAS,CHA,0,0.6562137
0022400965,2025-03-14,2024-25,DEN,LAL,1,0.7256589
0022400966,2025-03-14,2024-25,UTA,TOR,0,0.52147037
0022400967,2025-03-14,2024-25,PHX,SAC,1,0.6445898
0022400968,2025-03-15,2024-25,BKN,BOS,0,0.21735562
0022400969,2025-03-15,2024-25,DET,OKC,0,0.3453545
0022400970,2025-03-15,2024-25,HOU,CHI,1,0.7044574
0022400971,2025-03-15,2024-25,MEM,MIA,1,0.73469704
0022400972,2025-03-15,2024-25,MIL,IND,1,0.5810208
0022400973,2025-03-15,2024-25,SAS,NOP,1,0.5257768
0022400974,2025-03-15,2024-25,GSW,NYK,1,0.6712396
0022400975,2025-03-15,2024-25,DEN,WAS,0,0.854728
0022400538,2025-03-16,2024-25,LAC,CHA,1,0.8258122
0022400976,2025-03-16,2024-25,DAL,PHI,0,0.68736285
0022400977,2025-03-16,2024-25,LAL,PHX,1,0.44221556
0022400978,2025-03-16,2024-25,BKN,ATL,1,0.39877686
0022400979,2025-03-16,2024-25,CLE,ORL,0,0.8224956
0022400980,2025-03-16,2024-25,POR,TOR,1,0.5586154
0022400981,2025-03-16,2024-25,MIN,UTA,1,0.9008332
0022400982,2025-03-16,2024-25,MIL,OKC,0,0.3318814
0022400537,2025-03-17,2024-25,LAL,SAS,1,0.7528672
0022400984,2025-03-17,2024-25,NYK,MIA,1,0.7647112
0022400985,2025-03-17,2024-25,HOU,PHI,1,0.8790251
0022400986,2025-03-17,2024-25,MIN,IND,0,0.5643086
0022400987,2025-03-17,2024-25,NOP,DET,0,0.26692092
0022400989,2025-03-17,2024-25,UTA,CHI,0,0.39522332
0022400990,2025-03-17,2024-25,GSW,DEN,0,0.55358684
0022400991,2025-03-17,2024-25,PHX,TOR,1,0.67430234
0022400992,2025-03-17,2024-25,SAC,MEM,1,0.54386026
0022400995,2025-03-17,2024-25,POR,WAS,1,0.6709359
0022400993,2025-03-18,2024-25,CHA,ATL,0,0.4293595
0022400994,2025-03-18,2024-25,BOS,BKN,1,0.91306543
0022400997,2025-03-18,2024-25,LAC,CLE,1,0.518012
0022401012,2025-03-18,2024-25,GSW,MIL,1,0.6504855
0022400627,2025-03-19,2024-25,UTA,WAS,1,0.5664391
0022400998,2025-03-19,2024-25,IND,DAL,1,0.77767676
0022400999,2025-03-19,2024-25,ORL,HOU,0,0.426585
0022401000,2025-03-19,2024-25,MIA,DET,0,0.36531308
0022401001,2025-03-19,2024-25,MIN,NOP,0,0.90122813
0022401002,2025-03-19,2024-25,OKC,PHI,1,0.92710936
0022401003,2025-03-19,2024-25,SAS,NYK,1,0.3265335
0022401006,2025-03-19,2024-25,LAL,DEN,1,0.651608
0022401007,2025-03-19,2024-25,PHX,CHI,1,0.6373253
0022401008,2025-03-19,2024-25,POR,MEM,1,0.38932955
0022401009,2025-03-19,2024-25,SAC,CLE,1,0.47477382
0022400996,2025-03-20,2024-25,LAL,MIL,0,0.55333394
0022401005,2025-03-20,2024-25,GSW,TOR,1,0.895034
0022401010,2025-03-20,2024-25,CHA,NYK,1,0.2529893
0022401011,2025-03-20,2024-25,IND,BKN,1,0.71801203
0022401013,2025-03-20,2024-25,SAC,CHI,0,0.7014095
0022401014,2025-03-21,2024-25,WAS,ORL,0,0.32396334
0022401015,2025-03-21,2024-25,MIA,HOU,0,0.36903024
0022401016,2025-03-21,2024-25,MIN,NOP,1,0.8819394
0022401017,2025-03-21,2024-25,OKC,CHA,1,0.8883328
0022401018,2025-03-21,2024-25,SAS,PHI,1,0.68912387
0022401019,2025-03-21,2024-25,DAL,DET,1,0.3134307
0022401020,2025-03-21,2024-25,UTA,BOS,0,0.19968674
0022401021,2025-03-21,2024-25,PHX,CLE,1,0.3682
0022401022,2025-03-21,2024-25,POR,DEN,1,0.44556284
0022401023,2025-03-21,2024-25,LAC,MEM,1,0.6698097
0022401024,2025-03-22,2024-25,IND,BKN,1,0.79080576
0022401025,2025-03-22,2024-25,ATL,GSW,1,0.31294575
0022401026,2025-03-22,2024-25,NYK,WAS,1,0.8650662
0022401027,2025-03-22,2024-25,SAC,MIL,0,0.568584
0022401028,2025-03-22,2024-25,LAL,CHI,0,0.34864345
0022401029,2025-03-23,2024-25,DET,NOP,1,0.89472246
0022401030,2025-03-23,2024-25,UTA,CLE,0,0.16722484
0022401031,2025-03-23,2024-25,ATL,PHI,1,0.7394702
0022401032,2025-03-23,2024-25,MIA,CHA,1,0.77298534
0022401033,2025-03-23,2024-25,TOR,SAS,0,0.4399037
0022401034,2025-03-23,2024-25,POR,BOS,0,0.2773683
0022401035,2025-03-23,2024-25,HOU,DEN,0,0.6436504
0022401036,2025-03-23,2024-25,LAC,OKC,0,0.43689138
0022401037,2025-03-24,2024-25,IND,MIN,1,0.49391332
0022401038,2025-03-24,2024-25,ORL,LAL,1,0.3667922
0022401039,2025-03-24,2024-25,WAS,TOR,0,0.65498805
0022401040,2025-03-24,2024-25,BKN,DAL,0,0.45797506
0022401041,2025-03-24,2024-25,NOP,PHI,1,0.5992702
0022401042,2025-03-24,2024-25,DEN,CHI,0,0.5518784
0022401043,2025-03-24,2024-25,PHX,MIL,1,0.65118355
0022401044,2025-03-24,2024-25,SAC,BOS,0,0.40562683
0022401045,2025-03-25,2024-25,CHA,ORL,0,0.4280986
0022401046,2025-03-25,2024-25,DET,SAS,1,0.7094065
0022401047,2025-03-25,2024-25,MIA,GSW,1,0.35448205
0022401048,2025-03-25,2024-25,NYK,DAL,1,0.78428876
0022401049,2025-03-25,2024-25,HOU,ATL,1,0.6974149
0022401050,2025-03-25,2024-25,UTA,MEM,0,0.2539821
0022401051,2025-03-25,2024-25,POR,CLE,0,0.28963506
0022401052,2025-03-25,2024-25,SAC,OKC,0,0.22882298
0022401053,2025-03-26,2024-25,PHI,WAS,0,0.38610655
0022401054,2025-03-26,2024-25,BKN,TOR,0,0.594934
0022401055,2025-03-26,2024-25,IND,LAL,0,0.56102324
0022401056,2025-03-26,2024-25,NYK,LAC,0,0.3957671
0022401057,2025-03-26,2024-25,DEN,MIL,1,0.57917273
0022401058,2025-03-26,2024-25,PHX,BOS,0,0.34584188
0022401059,2025-03-27,2024-25,CLE,SAS,1,0.81891674
0022401060,2025-03-27,2024-25,ORL,DAL,0,0.7869581
0022401061,2025-03-27,2024-25,WAS,IND,0,0.16356768
0022401062,2025-03-27,2024-25,MIA,ATL,1,0.5596502
0022401063,2025-03-27,2024-25,CHI,LAL,1,0.5549223
0022401064,2025-03-27,2024-25,OKC,MEM,1,0.7913603
0022401065,2025-03-27,2024-25,UTA,HOU,0,0.18481125
0022401066,2025-03-27,2024-25,SAC,POR,1,0.63859814
0022401067,2025-03-28,2024-25,DET,CLE,1,0.53242385
0022401068,2025-03-28,2024-25,BKN,LAC,0,0.18313684
0022401069,2025-03-28,2024-25,TOR,CHA,1,0.6129628
0022401070,2025-03-28,2024-25,MIL,NYK,0,0.49146065
0022401071,2025-03-28,2024-25,MIN,PHX,1,0.7998871
0022401072,2025-03-28,2024-25,NOP,GSW,0,0.145805
0022401073,2025-03-28,2024-25,DEN,UTA,1,0.92650014
0022401074,2025-03-29,2024-25,ORL,SAC,1,0.45358762
0022401075,2025-03-29,2024-25,WAS,BKN,0,0.4524907
0022401076,2025-03-29,2024-25,PHI,MIA,0,0.18971394
0022401077,2025-03-29,2024-25,CHI,DAL,0,0.8002918
0022401078,2025-03-29,2024-25,MEM,LAL,0,0.45071527
0022401079,2025-03-29,2024-25,OKC,IND,1,0.7656608
0022401080,2025-03-29,2024-25,SAS,BOS,0,0.23236987
0022401081,2025-03-30,2024-25,CLE,LAC,1,0.57781005
0022401082,2025-03-30,2024-25,NYK,POR,1,0.7082804
0022401083,2025-03-30,2024-25,MIL,ATL,0,0.614466
0022401084,2025-03-30,2024-25,MIN,DET,1,0.75091875
0022401085,2025-03-30,2024-25,NOP,CHA,1,0.46191376
0022401086,2025-03-30,2024-25,SAS,GSW,0,0.2250712
0022401087,2025-03-30,2024-25,PHI,TOR,0,0.27809468
0022401088,2025-03-30,2024-25,PHX,HOU,0,0.44156164
0022401089,2025-03-31,2024-25,CHA,UTA,1,0.5960866
0022401090,2025-03-31,2024-25,IND,SAC,1,0.6798667
0022401091,2025-03-31,2024-25,ORL,LAC,0,0.43568566
0022401092,2025-03-31,2024-25,WAS,MIA,0,0.2181149
0022401093,2025-03-31,2024-25,MEM,BOS,0,0.37893566
0022401094,2025-03-31,2024-25,OKC,CHI,1,0.8018215
0022401095,2025-03-31,2024-25,DAL,BKN,0,0.722396
0022401096,2025-03-31,2024-25,LAL,HOU,1,0.7196809
0022400988,2025-04-01,2024-25,SAS,ORL,0,0.5074666
0022401097,2025-04-01,2024-25,ATL,POR,0,0.6629068
0022401098,2025-04-01,2024-25,NYK,PHI,1,0.9255772
0022401099,2025-04-01,2024-25,CHI,TOR,1,0.6896278
0022401100,2025-04-01,2024-25,MEM,GSW,0,0.37182987
0022401101,2025-04-01,2024-25,MIL,PHX,1,0.6810318
0022401102,2025-04-01,2024-25,DEN,MIN,0,0.5535137
0022401103,2025-04-02,2024-25,CLE,NYK,1,0.79234326
0022401104,2025-04-02,2024-25,IND,CHA,1,0.8794338
0022401105,2025-04-02,2024-25,WAS,SAC,1,0.1895952
0022401106,2025-04-02,2024-25,BOS,MIA,0,0.858669
0022401107,2025-04-02,2024-25,HOU,UTA,1,0.9089197
0022401108,2025-04-02,2024-25,OKC,DET,1,0.855358
0022401109,2025-04-02,2024-25,DAL,ATL,1,0.56994724
0022401110,2025-04-02,2024-25,DEN,SAS,0,0.8243626
0022401111,2025-04-02,2024-25,LAC,NOP,1,0.9371563
0022401112,2025-04-03,2024-25,WAS,ORL,0,0.17514597
0022401113,2025-04-03,2024-25,BKN,MIN,0,0.18595564
0022401114,2025-04-03,2024-25,MIA,MEM,0,0.44172907
0022401115,2025-04-03,2024-25,PHI,MIL,0,0.18537995
0022401116,2025-04-03,2024-25,TOR,POR,0,0.45670503
0022401117,2025-04-03,2024-25,LAL,GSW,0,0.54155934
0022401118,2025-04-04,2024-25,CHA,SAC,0,0.31547228
0022401119,2025-04-04,2024-25,IND,UTA,1,0.9007908
0022401120,2025-04-04,2024-25,BOS,PHX,1,0.8820519
0022401121,2025-04-04,2024-25,TOR,DET,0,0.28869474
0022401122,2025-04-04,2024-25,CHI,POR,1,0.7606223
0022401123,2025-04-04,2024-25,HOU,OKC,1,0.28080398
0022401124,2025-04-04,2024-25,SAS,CLE,0,0.2822596
0022401125,2025-04-04,2024-25,GSW,DEN,1,0.8171905
0022401126,2025-04-04,2024-25,LAL,NOP,1,0.92212653
0022401127,2025-04-04,2024-25,LAC,DAL,1,0.8339323
0022401128,2025-04-05,2024-25,ATL,NYK,0,0.5253456
0022401129,2025-04-05,2024-25,DET,MEM,0,0.3998083
0022401130,2025-04-05,2024-25,PHI,MIN,0,0.10350517
0022401131,2025-04-05,2024-25,MIA,MIL,0,0.58545136
0022401132,2025-04-05,2024-25,LAC,DAL,1,0.86454505
0022400617,2025-04-06,2024-25,NOP,MIL,0,0.24062476
0022401133,2025-04-06,2024-25,CHA,CHI,0,0.21918175
0022401134,2025-04-06,2024-25,BKN,TOR,0,0.45055693
0022401135,2025-04-06,2024-25,OKC,LAL,0,0.7309186
0022401136,2025-04-06,2024-25,ATL,UTA,1,0.7858376
0022401137,2025-04-06,2024-25,BOS,WAS,1,0.95989764
0022401138,2025-04-06,2024-25,CLE,SAC,0,0.7279739
0022401139,2025-04-06,2024-25,POR,SAS,1,0.65494967
0022401140,2025-04-06,2024-25,NYK,PHX,1,0.7284207
0022401142,2025-04-06,2024-25,DEN,IND,0,0.5726634
0022401143,2025-04-06,2024-25,GSW,HOU,0,0.6784054
0022401144,2025-04-07,2024-25,DET,SAC,0,0.6281825
0022401145,2025-04-07,2024-25,MIA,PHI,1,0.8734326
0022401146,2025-04-08,2024-25,CHA,MEM,0,0.24969977
0022401147,2025-04-08,2024-25,CLE,CHI,1,0.686423
0022401148,2025-04-08,2024-25,IND,WAS,1,0.9371965
0022401149,2025-04-08,2024-25,ORL,ATL,1,0.6323768
0022401150,2025-04-08,2024-25,BKN,NOP,1,0.6313897
0022401151,2025-04-08,2024-25,NYK,BOS,0,0.4491736
0022401152,2025-04-08,2024-25,MIL,MIN,1,0.31000662
0022401153,2025-04-08,2024-25,OKC,LAL,1,0.62751245
0022401154,2025-04-08,2024-25,PHX,GSW,0,0.22382666
0022401155,2025-04-08,2024-25,LAC,SAS,1,0.88390833
0022401156,2025-04-09,2024-25,ORL,BOS,1,0.29317743
0022401157,2025-04-09,2024-25,WAS,PHI,0,0.47950077
0022401158,2025-04-09,2024-25,TOR,CHA,1,0.7870191
0022401159,2025-04-09,2024-25,DAL,LAL,0,0.3951338
0022401160,2025-04-09,2024-25,CHI,MIA,1,0.38558096
0022401162,2025-04-09,2024-25,UTA,POR,1,0.35804063
0022401163,2025-04-09,2024-25,GSW,SAS,0,0.86952287
0022401164,2025-04-09,2024-25,PHX,OKC,0,0.13971224
0022401165,2025-04-09,2024-25,SAC,DEN,0,0.5144974
0022401166,2025-04-09,2024-25,LAC,HOU,1,0.5010619
0022401161,2025-04-10,2024-25,MIL,NOP,1,0.8909609
0022401167,2025-04-10,2024-25,DET,NYK,1,0.46798193
0022401168,2025-04-10,2024-25,IND,CLE,1,0.5712165
0022401169,2025-04-10,2024-25,BKN,ATL,0,0.27906123
0022401170,2025-04-10,2024-25,MEM,MIN,0,0.489226
0022401171,2025-04-11,2024-25,DET,MIL,0,0.58097494
0022401172,2025-04-11,2024-25,IND,ORL,0,0.605754
0022401173,2025-04-11,2024-25,PHI,ATL,0,0.29897177
0022401174,2025-04-11,2024-25,BOS,CHA,1,0.88999426
0022401175,2025-04-11,2024-25,NYK,CLE,0,0.47506014
0022401176,2025-04-11,2024-25,CHI,WAS,1,0.93014616
0022401177,2025-04-11,2024-25,NOP,MIA,0,0.12441443
0022401178,2025-04-11,2024-25,DAL,TOR,1,0.65859586
0022401179,2025-04-11,2024-25,MIN,BKN,1,0.918042
0022401180,2025-04-11,2024-25,DEN,MEM,1,0.72632295
0022401181,2025-04-11,2024-25,UTA,OKC,0,0.15936318
0022401182,2025-04-11,2024-25,PHX,SAS,1,0.5458746
0022401183,2025-04-11,2024-25,POR,GSW,0,0.23434241
0022401184,2025-04-11,2024-25,SAC,LAC,0,0.31615162
0022401185,2025-04-11,2024-25,LAL,HOU,1,0.8094235
0022401186,2025-04-13,2024-25,ATL,ORL,1,0.60523283
0022401187,2025-04-13,2024-25,BOS,CHA,1,0.95274204
0022401188,2025-04-13,2024-25,BKN,NYK,0,0.15797473
0022401189,2025-04-13,2024-25,CLE,IND,0,0.8170978
0022401190,2025-04-13,2024-25,MIA,WAS,0,0.9138861
0022401191,2025-04-13,2024-25,PHI,CHI,0,0.15861496
0022401192,2025-04-13,2024-25,MIL,DET,1,0.60552114
0022401193,2025-04-13,2024-25,HOU,DEN,0,0.30434176
0022401194,2025-04-13,2024-25,MEM,DAL,1,0.6978692
0022401195,2025-04-13,2024-25,MIN,UTA,1,0.910734
0022401196,2025-04-13,2024-25,NOP,OKC,0,0.08914878
0022401197,2025-04-13,2024-25,SAS,TOR,1,0.7329789
0022401198,2025-04-13,2024-25,GSW,LAC,0,0.5366228
0022401199,2025-04-13,2024-25,POR,LAL,1,0.20892242
0022401200,2025-04-13,2024-25,SAC,PHX,1,0.68940544
0022500001,2025-10-21,2025-26,OKC,HOU,1,0.7840763
0022500002,2025-10-21,2025-26,LAL,GSW,0,0.41991827
0022500003,2025-10-22,2025-26,NYK,CLE,1,0.66839325
0022500004,2025-10-22,2025-26,DAL,SAS,0,0.42717645
0022500080,2025-10-22,2025-26,CHA,BKN,1,0.6571134
0022500081,2025-10-22,2025-26,ORL,MIA,1,0.6300235
0022500082,2025-10-22,2025-26,ATL,TOR,0,0.8507737
0022500083,2025-10-22,2025-26,BOS,PHI,0,0.9543033
0022500084,2025-10-22,2025-26,CHI,DET,1,0.63670594
0022500085,2025-10-22,2025-26,MEM,NOP,1,0.9562376
0022500086,2025-10-22,2025-26,MIL,WAS,1,0.9267637
0022500087,2025-10-22,2025-26,UTA,LAC,1,0.13294779
0022500088,2025-10-22,2025-26,PHX,SAC,1,0.6360464
0022500089,2025-10-22,2025-26,POR,MIN,0,0.4365954
0022500005,2025-10-23,2025-26,IND,OKC,0,0.56875926
0022500006,2025-10-23,2025-26,GSW,DEN,1,0.67862004
0022500018,2025-10-24,2025-26,NYK,BOS,1,0.5040584
0022500019,2025-10-24,2025-26,LAL,MIN,1,0.6061727
0022500090,2025-10-24,2025-26,ORL,ATL,0,0.57674515
0022500091,2025-10-24,2025-26,BKN,CLE,0,0.25506696
0022500092,2025-10-24,2025-26,TOR,MIL,0,0.4164775
0022500093,2025-10-24,2025-26,HOU,DET,0,0.64592767
0022500094,2025-10-24,2025-26,MEM,MIA,0,0.58112496
0022500095,2025-10-24,2025-26,NOP,SAS,0,0.5109585
0022500096,2025-10-24,2025-26,DAL,WAS,0,0.6620076
0022500097,2025-10-24,2025-26,POR,GSW,1,0.48013315
0022500098,2025-10-24,2025-26,SAC,UTA,1,0.5543839
0022500099,2025-10-24,2025-26,LAC,PHX,1,0.8406333
0022500100,2025-10-25,2025-26,ORL,CHI,0,0.42029673
0022500101,2025-10-25,2025-26,ATL,OKC,0,0.3429084
0022500102,2025-10-25,2025-26,PHI,CHA,1,0.7511483
0022500103,2025-10-25,2025-26,MEM,IND,1,0.47112364
0022500104,2025-10-25,2025-26,DEN,PHX,1,0.84744096
0022500105,2025-10-26,2025-26,SAS,BKN,1,0.69307315
0022500106,2025-10-26,2025-26,DET,BOS,1,0.61059225
0022500107,2025-10-26,2025-26,CLE,MIL,1,0.6467384
0022500108,2025-10-26,2025-26,MIA,NYK,1,0.49995208
0022500109,2025-10-26,2025-26,WAS,CHA,0,0.63912755
0022500110,2025-10-26,2025-26,MIN,IND,1,0.84814084
0022500111,2025-10-26,2025-26,DAL,TOR,1,0.5206007
0022500112,2025-10-26,2025-26,LAC,POR,1,0.7116001
0022500113,2025-10-26,2025-26,SAC,LAL,0,0.38209832
0022500007,2025-10-27,2025-26,DET,CLE,0,0.46940818
0022500008,2025-10-27,2025-26,MIN,DEN,0,0.44310656
0022500114,2025-10-27,2025-26,PHI,ORL,1,0.5131274
0022500115,2025-10-27,2025-26,CHI,ATL,1,0.6617155
0022500116,2025-10-27,2025-26,HOU,BKN,1,0.8691375
0022500117,2025-10-27,2025-26,NOP,BOS,0,0.5155281
0022500118,2025-10-27,2025-26,SAS,TOR,1,0.59597105
0022500119,2025-10-27,2025-26,DAL,OKC,0,0.20166034
0022500120,2025-10-27,2025-26,UTA,PHX,1,0.55839664
0022500121,2025-10-27,2025-26,GSW,MEM,1,0.7794786
0022500122,2025-10-27,2025-26,LAL,POR,0,0.60928696
0022500123,2025-10-28,2025-26,WAS,PHI,0,0.46181485
0022500124,2025-10-28,2025-26,MIA,CHA,1,0.75325334
0022500125,2025-10-28,2025-26,MIL,NYK,1,0.6072883
0022500126,2025-10-28,2025-26,OKC,SAC,1,0.7881341
0022500127,2025-10-28,2025-26,GSW,LAC,1,0.4145367
0022500128,2025-10-29,2025-26,BOS,CLE,1,0.48885402
0022500129,2025-10-29,2025-26,DET,ORL,1,0.5479948
0022500130,2025-10-29,2025-26,BKN,ATL,0,0.29010496
0022500131,2025-10-29,2025-26,TOR,HOU,0,0.3315183
0022500132,2025-10-29,2025-26,CHI,SAC,1,0.7459729
0022500133,2025-10-29,2025-26,DAL,IND,1,0.54618096
0022500134,2025-10-29,2025-26,DEN,NOP,1,0.88901746
0022500135,2025-10-29,2025-26,UTA,POR,0,0.34121278
0022500136,2025-10-29,2025-26,MIN,LAL,0,0.66565555
0022500137,2025-10-29,2025-26,PHX,MEM,0,0.40718374
0022500138,2025-10-30,2025-26,CHA,ORL,0,0.5092576
0022500139,2025-10-30,2025-26,MIL,GSW,1,0.4654809
0022500140,2025-10-30,2025-26,OKC,WAS,1,0.9092929
0022500141,2025-10-30,2025-26,SAS,MIA,1,0.470996
0022500020,2025-10-31,2025-26,IND,ATL,0,0.4355033
0022500021,2025-10-31,2025-26,PHI,BOS,0,0.4258296
0022500022,2025-10-31,2025-26,CLE,TOR,0,0.81224513
0022500023,2025-10-31,2025-26,CHI,NYK,1,0.6090035
0022500024,2025-10-31,2025-26,MEM,LAL,0,0.57280445
0022500025,2025-10-31,2025-26,PHX,UTA,1,0.5226716
0022500026,2025-10-31,2025-26,POR,DEN,1,0.4444353
0022500027,2025-10-31,2025-26,LAC,NOP,1,0.8757604
0022500142,2025-11-01,2025-26,MIL,SAC,0,0.6779177
0022500143,2025-11-01,2025-26,CHA,MIN,0,0.29803088
0022500144,2025-11-01,2025-26,IND,GSW,1,0.18400164
0022500145,2025-11-01,2025-26,WAS,ORL,0,0.34602004
0022500146,2025-11-01,2025-26,BOS,HOU,0,0.41547805
0022500148,2025-11-02,2025-26,OKC,NOP,1,0.89964783
0022500149,2025-11-02,2025-26,BKN,PHI,0,0.38098738
0022500150,2025-11-02,2025-26,CHA,UTA,1,0.4336795
0022500151,2025-11-02,2025-26,CLE,ATL,1,0.5039933
0022500152,2025-11-02,2025-26,TOR,MEM,1,0.46933034
0022500153,2025-11-02,2025-26,NYK,CHI,1,0.514968
0022500154,2025-11-02,2025-26,PHX,SAS,1,0.43215197
0022500155,2025-11-02,2025-26,LAL,MIA,1,0.707237
0022500156,2025-11-03,2025-26,BKN,MIN,0,0.24042144
0022500157,2025-11-03,2025-26,IND,MIL,0,0.25686952
0022500158,2025-11-03,2025-26,BOS,UTA,0,0.8268707
0022500159,2025-11-03,2025-26,NYK,WAS,1,0.8377368
0022500160,2025-11-03,2025-26,HOU,DAL,1,0.83217806
0022500161,2025-11-03,2025-26,MEM,DET,0,0.35459164
0022500162,2025-11-03,2025-26,DEN,SAC,1,0.8661725
0022500163,2025-11-03,2025-26,POR,LAL,0,0.55282354
0022500164,2025-11-03,2025-26,LAC,MIA,0,0.79341584
0022500165,2025-11-04,2025-26,TOR,MIL,1,0.47092882
0022500166,2025-11-04,2025-26,ATL,ORL,1,0.64743936
0022500167,2025-11-04,2025-26,CHI,PHI,1,0.75261366
0022500168,2025-11-04,2025-26,NOP,CHA,1,0.6779887
0022500169,2025-11-04,2025-26,GSW,PHX,1,0.84478563
0022500170,2025-11-04,2025-26,LAC,OKC,0,0.39312425
0022500171,2025-11-05,2025-26,CLE,PHI,1,0.71524924
0022500172,2025-11-05,2025-26,DET,UTA,1,0.78763855
0022500173,2025-11-05,2025-26,IND,BKN,0,0.6781245
0022500174,2025-11-05,2025-26,BOS,WAS,1,0.86875004
0022500175,2025-11-05,2025-26,NYK,MIN,1,0.5901959
0022500176,2025-11-05,2025-26,MEM,HOU,0,0.34324864
0022500177,2025-11-05,2025-26,DAL,NOP,0,0.6637043
0022500178,2025-11-05,2025-26,DEN,MIA,1,0.74014
0022500179,2025-11-05,2025-26,LAL,SAS,1,0.6206127
0022500180,2025-11-05,2025-26,POR,OKC,1,0.44305086
0022500181,2025-11-05,2025-26,SAC,GSW,1,0.4099885
0022500182,2025-11-06,2025-26,PHX,LAC,1,0.32861412
0022500028,2025-11-07,2025-26,ORL,BOS,1,0.46821612
0022500029,2025-11-07,2025-26,WAS,CLE,0,0.17785989
0022500030,2025-11-07,2025-26,ATL,TOR,0,0.65365416
0022500031,2025-11-07,2025-26,BKN,DET,0,0.31776455
0022500032,2025-11-07,2025-26,SAS,HOU,1,0.3133505
0022500033,2025-11-07,2025-26,MIA,CHA,1,0.8309378
0022500034,2025-11-07,2025-26,MEM,DAL,1,0.6696832
0022500035,2025-11-07,2025-26,MIL,CHI,1,0.5173601
0022500036,2025-11-07,2025-26,MIN,UTA,1,0.81896156
0022500037,2025-11-07,2025-26,DEN,GSW,1,0.78925633
0022500038,2025-11-07,2025-26,SAC,OKC,0,0.21337149
0022500183,2025-11-08,2025-26,WAS,DAL,0,0.40702367
0022500184,2025-11-08,2025-26,PHI,TOR,1,0.5532724
0022500185,2025-11-08,2025-26,ATL,LAL,1,0.45901522
0022500186,2025-11-08,2025-26,CLE,CHI,1,0.60056406
0022500187,2025-11-08,2025-26,MIA,POR,1,0.41725084
0022500188,2025-11-08,2025-26,SAS,NOP,1,0.6266778
0022500189,2025-11-08,2025-26,DEN,IND,1,0.8841712
0022500190,2025-11-08,2025-26,LAC,PHX,0,0.66183025
0022500191,2025-11-09,2025-26,MIL,HOU,0,0.4884463
0022500192,2025-11-09,2025-26,NYK,BKN,1,0.8588235
0022500193,2025-11-09,2025-26,ORL,BOS,0,0.51308364
0022500194,2025-11-09,2025-26,MEM,OKC,0,0.25166056
0022500195,2025-11-09,2025-26,PHI,DET,0,0.44574946
0022500196,2025-11-09,2025-26,GSW,IND,1,0.8226106
0022500197,2025-11-09,2025-26,SAC,MIN,0,0.30166095
0022500198,2025-11-10,2025-26,CHA,LAL,0,0.25361216
0022500199,2025-11-10,2025-26,DET,WAS,1,0.8369426
0022500200,2025-11-10,2025-26,ORL,POR,1,0.37251133
0022500201,2025-11-10,2025-26,MIA,CLE,1,0.49906868
0022500202,2025-11-10,2025-26,CHI,SAS,0,0.7134805
0022500203,2025-11-10,2025-26,DAL,MIL,0,0.37126362
0022500204,2025-11-10,2025-26,PHX,NOP,1,0.718497
0022500205,2025-11-10,2025-26,UTA,MIN,0,0.29543817
0022500206,2025-11-10,2025-26,LAC,ATL,0,0.6653183
0022500207,2025-11-11,2025-26,BKN,TOR,0,0.3798401
0022500208,2025-11-11,2025-26,NYK,MEM,1,0.7610038
0022500209,2025-11-11,2025-26,PHI,BOS,1,0.4735436
0022500210,2025-11-11,2025-26,OKC,GSW,1,0.75434554
0022500211,2025-11-11,2025-26,UTA,IND,1,0.5704078
0022500212,2025-11-11,2025-26,SAC,DEN,0,0.22152838
0022500213,2025-11-12,2025-26,CHA,MIL,1,0.26409566
0022500214,2025-11-12,2025-26,DET,CHI,1,0.47808546
0022500215,2025-11-12,2025-26,NYK,ORL,0,0.7348952
0022500216,2025-11-12,2025-26,BOS,MEM,1,0.6676243
0022500217,2025-11-12,2025-26,MIA,CLE,0,0.4723513
0022500218,2025-11-12,2025-26,HOU,WAS,1,0.9089978
0022500219,2025-11-12,2025-26,NOP,POR,0,0.28926846
0022500220,2025-11-12,2025-26,SAS,GSW,0,0.51097006
0022500221,2025-11-12,2025-26,DAL,PHX,0,0.4232472
0022500222,2025-11-12,2025-26,OKC,LAL,1,0.6374029
0022500223,2025-11-12,2025-26,SAC,ATL,0,0.3339256
0022500224,2025-11-12,2025-26,LAC,DEN,0,0.47132626
0022500225,2025-11-13,2025-26,CLE,TOR,0,0.55290174
0022500226,2025-11-13,2025-26,PHX,IND,1,0.6975419
0022500227,2025-11-13,2025-26,UTA,ATL,0,0.3689936
0022500039,2025-11-14,2025-26,NYK,MIA,1,0.6783309
0022500040,2025-11-14,2025-26,ORL,BKN,1,0.7903824
0022500041,2025-11-14,2025-26,DET,PHI,1,0.43610665
0022500042,2025-11-14,2025-26,HOU,POR,1,0.6824568
0022500043,2025-11-14,2025-26,MIL,CHA,1,0.74447274
0022500044,2025-11-14,2025-26,MIN,SAC,1,0.8520734
0022500045,2025-11-14,2025-26,NOP,LAL,0,0.23281586
0022500046,2025-11-14,2025-26,DAL,LAC,0,0.3336612
0022500047,2025-11-14,2025-26,SAS,GSW,0,0.42584777
0022500228,2025-11-15,2025-26,CLE,MEM,1,0.7813968
0022500229,2025-11-15,2025-26,CHA,OKC,0,0.11560217
0022500230,2025-11-15,2025-26,IND,TOR,0,0.29974908
0022500231,2025-11-15,2025-26,MIL,LAL,0,0.4396846
0022500232,2025-11-15,2025-26,MIN,DEN,0,0.33886662
0022500233,2025-11-16,2025-26,BOS,LAC,1,0.60257596
0022500234,2025-11-16,2025-26,SAS,SAC,1,0.74164736
0022500235,2025-11-16,2025-26,WAS,BKN,0,0.48038852
0022500236,2025-11-16,2025-26,HOU,ORL,1,0.7719862
0022500237,2025-11-16,2025-26,NOP,GSW,0,0.21670495
0022500238,2025-11-16,2025-26,DAL,POR,1,0.3299417
0022500239,2025-11-16,2025-26,PHX,ATL,0,0.5192189
0022500240,2025-11-16,2025-26,UTA,CHI,1,0.36446032
0022500241,2025-11-17,2025-26,CLE,MIL,1,0.67127705
0022500242,2025-11-17,2025-26,DET,IND,1,0.75798243
0022500243,2025-11-17,2025-26,PHI,LAC,1,0.5104535
0022500244,2025-11-17,2025-26,MIA,NYK,1,0.46760696
0022500245,2025-11-17,2025-26,TOR,CHA,1,0.80713916
0022500246,2025-11-17,2025-26,MIN,DAL,1,0.853635
0022500247,2025-11-17,2025-26,NOP,OKC,0,0.11083419
0022500248,2025-11-17,2025-26,DEN,CHI,0,0.8094738
0022500249,2025-11-18,2025-26,ORL,GSW,1,0.37703547
0022500250,2025-11-18,2025-26,BKN,BOS,0,0.2796127
0022500251,2025-11-18,2025-26,ATL,DET,0,0.7901905
0022500252,2025-11-18,2025-26,SAS,MEM,1,0.63874525
0022500253,2025-11-18,2025-26,LAL,UTA,1,0.8078579
0022500254,2025-11-18,2025-26,POR,PHX,0,0.50497806
0022500255,2025-11-19,2025-26,CLE,HOU,0,0.48586854
0022500256,2025-11-19,2025-26,IND,CHA,1,0.36348027
0022500257,2025-11-19,2025-26,MIA,GSW,1,0.52026594
0022500258,2025-11-19,2025-26,PHI,TOR,0,0.5116595
0022500259,2025-11-19,2025-26,MIN,WAS,1,0.90549296
0022500260,2025-11-19,2025-26,NOP,DEN,0,0.15010403
0022500261,2025-11-19,2025-26,OKC,SAC,1,0.8939757
0022500262,2025-11-19,2025-26,DAL,NYK,0,0.3117853
0022500263,2025-11-19,2025-26,POR,CHI,0,0.36103868
0022500264,2025-11-20,2025-26,ORL,LAC,1,0.5614772
0022500265,2025-11-20,2025-26,MEM,SAC,1,0.69552416
0022500266,2025-11-20,2025-26,MIL,PHI,0,0.71570504
0022500267,2025-11-20,2025-26,SAS,ATL,1,0.4381391
0022500048,2025-11-21,2025-26,CLE,IND,1,0.86996627
0022500049,2025-11-21,2025-26,BOS,BKN,0,0.83536947
0022500050,2025-11-21,2025-26,TOR,WAS,1,0.85864043
0022500051,2025-11-21,2025-26,CHI,MIA,0,0.60420907
0022500052,2025-11-21,2025-26,DAL,NOP,1,0.6020021
0022500053,2025-11-21,2025-26,PHX,MIN,1,0.45747155
0022500054,2025-11-21,2025-26,HOU,DEN,0,0.53081703
0022500055,2025-11-21,2025-26,UTA,OKC,0,0.18880892
0022500056,2025-11-21,2025-26,GSW,POR,0,0.57759184
0022500268,2025-11-22,2025-26,CHA,LAC,0,0.41731462
0022500269,2025-11-22,2025-26,ORL,NYK,1,0.49948454
0022500270,2025-11-22,2025-26,NOP,ATL,0,0.24560001
0022500271,2025-11-22,2025-26,CHI,WAS,1,0.8627927
0022500272,2025-11-22,2025-26,MIL,DET,0,0.43740922
0022500273,2025-11-22,2025-26,DAL,MEM,0,0.43597886
0022500274,2025-11-22,2025-26,DEN,SAC,0,0.8613274
0022500275,2025-11-23,2025-26,PHI,MIA,0,0.43272924
0022500276,2025-11-23,2025-26,ATL,CHA,1,0.7891792
0022500277,2025-11-23,2025-26,BOS,ORL,1,0.6409631
0022500278,2025-11-23,2025-26,CLE,LAC,1,0.75756276
0022500279,2025-11-23,2025-26,TOR,BKN,1,0.7886138
0022500280,2025-11-23,2025-26,OKC,POR,1,0.87114364
0022500281,2025-11-23,2025-26,PHX,SAS,1,0.62860125
0022500282,2025-11-23,2025-26,UTA,LAL,0,0.21651362
0022500283,2025-11-24,2025-26,IND,DET,0,0.28368655
0022500284,2025-11-24,2025-26,TOR,CLE,1,0.4754028
0022500285,2025-11-24,2025-26,BKN,NYK,0,0.2546034
0022500286,2025-11-24,2025-26,MIA,DAL,1,0.80749387
0022500287,2025-11-24,2025-26,MEM,DEN,0,0.25612783
0022500288,2025-11-24,2025-26,MIL,POR,0,0.61642724
0022500289,2025-11-24,2025-26,NOP,CHI,1,0.2231816
0022500290,2025-11-24,2025-26,PHX,HOU,0,0.3208453
0022500291,2025-11-24,2025-26,GSW,UTA,1,0.8740717
0022500292,2025-11-24,2025-26,SAC,MIN,1,0.25431055
0022500057,2025-11-25,2025-26,WAS,ATL,1,0.21229595
0022500058,2025-11-25,2025-26,PHI,ORL,0,0.5452759
0022500059,2025-11-25,2025-26,LAL,LAC,1,0.73279196
0022500060,2025-11-26,2025-26,BOS,DET,1,0.60225517
0022500061,2025-11-26,2025-26,CHA,NYK,0,0.29345724
0022500062,2025-11-26,2025-26,MIA,MIL,1,0.7400579
0022500063,2025-11-26,2025-26,TOR,IND,1,0.80197674
0022500064,2025-11-26,2025-26,OKC,MIN,1,0.79176366
0022500065,2025-11-26,2025-26,NOP,MEM,0,0.423177
0022500066,2025-11-26,2025-26,GSW,HOU,0,0.4272982
0022500067,2025-11-26,2025-26,POR,SAS,0,0.5627084
0022500068,2025-11-26,2025-26,SAC,PHX,0,0.4281216
0022500069,2025-11-28,2025-26,ATL,CLE,1,0.5551638
0022500070,2025-11-28,2025-26,BKN,PHI,0,0.4583447
0022500071,2025-11-28,2025-26,CHA,CHI,1,0.4109383
0022500072,2025-11-28,2025-26,DET,ORL,0,0.58190453
0022500073,2025-11-28,2025-26,IND,WAS,1,0.6400502
0022500074,2025-11-28,2025-26,NYK,MIL,1,0.7838924
0022500075,2025-11-28,2025-26,OKC,PHX,1,0.8449983
0022500076,2025-11-28,2025-26,DEN,SAS,0,0.7973157
0022500077,2025-11-28,2025-26,UTA,SAC,1,0.5873435
0022500078,2025-11-28,2025-26,LAL,DAL,1,0.8742283
0022500079,2025-11-28,2025-26,LAC,MEM,0,0.72544664
0022500293,2025-11-29,2025-26,MIN,BOS,1,0.607745
0022500294,2025-11-29,2025-26,CHA,TOR,1,0.35481146
0022500295,2025-11-29,2025-26,IND,CHI,1,0.31251767
0022500296,2025-11-29,2025-26,MIA,DET,0,0.6993613
0022500297,2025-11-29,2025-26,MIL,BKN,1,0.80450904
0022500298,2025-11-29,2025-26,GSW,NOP,1,0.86397785
0022500299,2025-11-29,2025-26,PHX,DEN,0,0.40615293
0022500300,2025-11-29,2025-26,LAC,DAL,0,0.7485623
0022500301,2025-11-30,2025-26,UTA,HOU,0,0.24097246
0022500302,2025-11-30,2025-26,CLE,BOS,0,0.7179671
0022500303,2025-11-30,2025-26,NYK,TOR,1,0.77757424
0022500304,2025-11-30,2025-26,PHI,ATL,0,0.42620665
0022500305,2025-11-30,2025-26,POR,OKC,0,0.2053305
0022500306,2025-11-30,2025-26,MIN,SAS,1,0.6080435
0022500307,2025-11-30,2025-26,SAC,MEM,0,0.48680082
0022500308,2025-11-30,2025-26,LAL,NOP,1,0.9277326
0022500309,2025-12-01,2025-26,DET,ATL,1,0.63530475
0022500310,2025-12-01,2025-26,IND,CLE,0,0.3727705
0022500311,2025-12-01,2025-26,WAS,MIL,1,0.24833888
0022500312,2025-12-01,2025-26,BKN,CHA,1,0.40773237
0022500313,2025-12-01,2025-26,MIA,LAC,1,0.6077341
0022500314,2025-12-01,2025-26,ORL,CHI,1,0.6960855
0022500315,2025-12-01,2025-26,DEN,DAL,0,0.8857401
0022500316,2025-12-01,2025-26,UTA,HOU,1,0.20054351
0022500317,2025-12-01,2025-26,LAL,PHX,0,0.6622643
0022500318,2025-12-02,2025-26,PHI,WAS,1,0.8383161
0022500319,2025-12-02,2025-26,TOR,POR,1,0.5935864
0022500320,2025-12-02,2025-26,BOS,NYK,1,0.4684447
0022500321,2025-12-02,2025-26,NOP,MIN,0,0.17675442
0022500322,2025-12-02,2025-26,SAS,MEM,1,0.69092447
0022500323,2025-12-02,2025-26,GSW,OKC,0,0.32841882
0022500324,2025-12-03,2025-26,CLE,POR,0,0.78388935
0022500325,2025-12-03,2025-26,IND,DEN,0,0.25678578
0022500326,2025-12-03,2025-26,ORL,SAS,0,0.7131984
0022500327,2025-12-03,2025-26,ATL,LAC,0,0.6903961
0022500328,2025-12-03,2025-26,NYK,CHA,1,0.8171336
0022500329,2025-12-03,2025-26,CHI,BKN,0,0.7708541
0022500330,2025-12-03,2025-26,HOU,SAC,1,0.88615865
0022500331,2025-12-03,2025-26,MIL,DET,1,0.54049164
0022500332,2025-12-03,2025-26,DAL,MIA,1,0.37694815
0022500333,2025-12-04,2025-26,PHI,GSW,1,0.47040057
0022500334,2025-12-04,2025-26,WAS,BOS,0,0.18641962
0022500335,2025-12-04,2025-26,BKN,UTA,0,0.42216116
0022500336,2025-12-04,2025-26,TOR,LAL,0,0.39051747
0022500337,2025-12-04,2025-26,NOP,MIN,0,0.2270599
0022500338,2025-12-05,2025-26,BOS,LAL,1,0.63503724
0022500339,2025-12-05,2025-26,ORL,MIA,1,0.6073419
0022500340,2025-12-05,2025-26,ATL,DEN,0,0.39846113
0022500341,2025-12-05,2025-26,CLE,SAS,1,0.65099216
0022500342,2025-12-05,2025-26,DET,POR,1,0.63822204
0022500343,2025-12-05,2025-26,NYK,UTA,1,0.85589606
0022500344,2025-12-05,2025-26,TOR,CHA,0,0.69256604
0022500345,2025-12-05,2025-26,CHI,IND,0,0.6122023
0022500346,2025-12-05,2025-26,HOU,PHX,1,0.7255798
0022500347,2025-12-05,2025-26,MEM,LAC,1,0.45107415
0022500348,2025-12-05,2025-26,MIL,PHI,0,0.72717965
0022500349,2025-12-05,2025-26,OKC,DAL,1,0.8795764
0022500350,2025-12-06,2025-26,BKN,NOP,1,0.57435066
0022500351,2025-12-06,2025-26,WAS,ATL,0,0.24193338
0022500352,2025-12-06,2025-26,CLE,GSW,0,0.565839
0022500353,2025-12-06,2025-26,DET,MIL,1,0.7234173
0022500354,2025-12-06,2025-26,MIA,SAC,0,0.7948956
0022500355,2025-12-06,2025-26,MIN,LAC,1,0.7639378
0022500356,2025-12-06,2025-26,DAL,HOU,1,0.30404344
0022500357,2025-12-07,2025-26,NYK,ORL,1,0.6472393
0022500358,2025-12-07,2025-26,TOR,BOS,0,0.36851963
0022500359,2025-12-07,2025-26,CHA,DEN,0,0.24859554
0022500360,2025-12-07,2025-26,MEM,POR,1,0.5252142
0022500361,2025-12-07,2025-26,CHI,GSW,0,0.7011325
0022500362,2025-12-07,2025-26,PHI,LAL,0,0.5598042
0022500363,2025-12-07,2025-26,UTA,OKC,0,0.1809618
0022500364,2025-12-08,2025-26,IND,SAC,1,0.6775374
0022500365,2025-12-08,2025-26,MIN,PHX,0,0.7344533
0022500366,2025-12-08,2025-26,NOP,SAS,0,0.2820404
0022501201,2025-12-09,2025-26,ORL,MIA,1,0.6684295
0022501202,2025-12-09,2025-26,TOR,NYK,0,0.3747194
0022501203,2025-12-10,2025-26,OKC,PHX,1,0.8102994
0022501204,2025-12-10,2025-26,LAL,SAS,0,0.70837283
0022501205,2025-12-11,2025-26,HOU,LAC,1,0.6717619
0022501206,2025-12-11,2025-26,MIL,BOS,1,0.29336807
0022501207,2025-12-11,2025-26,NOP,POR,1,0.37191215
0022501208,2025-12-11,2025-26,SAC,DEN,0,0.21271835
0022501209,2025-12-12,2025-26,CHA,CHI,0,0.52888554
0022501210,2025-12-12,2025-26,DET,ATL,1,0.53648335
0022501211,2025-12-12,2025-26,PHI,IND,1,0.6831418
0022501212,2025-12-12,2025-26,WAS,CLE,0,0.16685566
0022501213,2025-12-12,2025-26,MEM,UTA,0,0.71695757
0022501214,2025-12-12,2025-26,DAL,BKN,1,0.6903493
0022501215,2025-12-12,2025-26,GSW,MIN,0,0.4999373
0022501216,2025-12-14,2025-26,IND,WAS,0,0.8118388
0022501217,2025-12-14,2025-26,ATL,PHI,1,0.6830058
0022501218,2025-12-14,2025-26,CLE,CHA,0,0.7829439
0022501219,2025-12-14,2025-26,BKN,MIL,1,0.47566268
0022501220,2025-12-14,2025-26,MIN,SAC,1,0.8384565
0022501221,2025-12-14,2025-26,POR,GSW,1,0.35701856
0022501223,2025-12-14,2025-26,CHI,NOP,0,0.7562792
0022501228,2025-12-14,2025-26,PHX,LAL,0,0.33156174
0022501222,2025-12-15,2025-26,BOS,DET,0,0.6278742
0022501224,2025-12-15,2025-26,UTA,DAL,1,0.46780875
0022501225,2025-12-15,2025-26,DEN,HOU,1,0.5101946
0022501226,2025-12-15,2025-26,LAC,MEM,0,0.7298366
0022501227,2025-12-15,2025-26,MIA,TOR,0,0.69749516
0022500367,2025-12-17,2025-26,CHI,CLE,1,0.5516812
0022500368,2025-12-17,2025-26,MIN,MEM,0,0.7729661
0022500369,2025-12-18,2025-26,OKC,LAC,1,0.8703423
0022500370,2025-12-18,2025-26,SAS,WAS,1,0.8920525
0022500371,2025-12-18,2025-26,CHA,ATL,1,0.3729769
0022500372,2025-12-18,2025-26,IND,NYK,0,0.23487522
0022500373,2025-12-18,2025-26,BKN,MIA,0,0.4168815
0022500374,2025-12-18,2025-26,MIL,TOR,0,0.45649898
0022500375,2025-12-18,2025-26,NOP,HOU,1,0.19626497
0022500376,2025-12-18,2025-26,DAL,DET,1,0.33483762
0022500377,2025-12-18,2025-26,DEN,ORL,1,0.65741897
0022500378,2025-12-18,2025-26,PHX,GSW,1,0.48012286
0022500379,2025-12-18,2025-26,UTA,LAL,0,0.22235157
0022500380,2025-12-18,2025-26,POR,SAC,1,0.75576884
0022500381,2025-12-19,2025-26,BOS,MIA,1,0.7238049
0022500382,2025-12-19,2025-26,NYK,PHI,0,0.67270523
0022500383,2025-12-19,2025-26,ATL,SAS,0,0.5172146
0022500384,2025-12-19,2025-26,CLE,CHI,0,0.5828446
0022500385,2025-12-19,2025-26,MIN,OKC,1,0.42230937
0022500386,2025-12-20,2025-26,DEN,HOU,0,0.57263577
0022500387,2025-12-20,2025-26,PHI,DAL,1,0.51664984
0022500388,2025-12-20,2025-26,TOR,BOS,0,0.47395247
0022500389,2025-12-20,2025-26,NOP,IND,1,0.57803494
0022500390,2025-12-20,2025-26,DET,CHA,1,0.73329717
0022500391,2025-12-20,2025-26,MEM,WAS,0,0.81373954
0022500392,2025-12-20,2025-26,GSW,PHX,1,0.6577075
0022500393,2025-12-20,2025-26,UTA,ORL,0,0.34236237
0022500394,2025-12-20,2025-26,SAC,POR,0,0.35398227
0022500395,2025-12-20,2025-26,LAC,LAL,1,0.35322908
0022500396,2025-12-21,2025-26,ATL,CHI,0,0.6136755
0022500397,2025-12-21,2025-26,BKN,TOR,1,0.593866
0022500398,2025-12-21,2025-26,NYK,MIA,1,0.7546667
0022500399,2025-12-21,2025-26,WAS,SAS,0,0.13859758
0022500400,2025-12-21,2025-26,MIN,MIL,1,0.782364
0022500401,2025-12-21,2025-26,SAC,HOU,1,0.14908877
0022500402,2025-12-22,2025-26,CLE,CHA,1,0.5888743
0022500403,2025-12-22,2025-26,BOS,IND,1,0.8398441
0022500404,2025-12-22,2025-26,NOP,DAL,1,0.46281484
0022500405,2025-12-22,2025-26,DEN,UTA,1,0.86466295
0022500406,2025-12-22,2025-26,OKC,MEM,1,0.8918681
0022500407,2025-12-22,2025-26,GSW,ORL,1,0.6620935
0022500408,2025-12-22,2025-26,POR,DET,0,0.3886931
0022500409,2025-12-23,2025-26,CHA,WAS,1,0.7012394
0022500410,2025-12-23,2025-26,PHI,BKN,0,0.69117934
0022500411,2025-12-23,2025-26,ATL,CHI,0,0.6164992
0022500412,2025-12-23,2025-26,CLE,NOP,1,0.69890636
0022500413,2025-12-23,2025-26,IND,MIL,0,0.43240792
0022500414,2025-12-23,2025-26,MIA,TOR,0,0.67456704
0022500415,2025-12-23,2025-26,DAL,DEN,1,0.3109029
0022500416,2025-12-23,2025-26,MIN,NYK,1,0.54950815
0022500417,2025-12-23,2025-26,SAS,OKC,1,0.47385582
0022500418,2025-12-23,2025-26,PHX,LAL,1,0.50813824
0022500419,2025-12-23,2025-26,UTA,MEM,0,0.47586882
0022500420,2025-12-23,2025-26,POR,ORL,0,0.54661316
0022500421,2025-12-23,2025-26,SAC,DET,0,0.2787567
0022500422,2025-12-23,2025-26,LAC,HOU,1,0.38016227
0022500009,2025-12-25,2025-26,NYK,CLE,1,0.53603506
0022500010,2025-12-25,2025-26,OKC,SAS,0,0.71136665
0022500011,2025-12-25,2025-26,GSW,DAL,1,0.75317913
0022500012,2025-12-25,2025-26,LAL,HOU,0,0.39598066
0022500013,2025-12-25,2025-26,DEN,MIN,1,0.6305567
0022500423,2025-12-26,2025-26,ATL,MIA,0,0.6564986
0022500424,2025-12-26,2025-26,ORL,CHA,0,0.65519303
0022500425,2025-12-26,2025-26,WAS,TOR,1,0.3176006
0022500426,2025-12-26,2025-26,IND,BOS,0,0.29486108
0022500427,2025-12-26,2025-26,CHI,PHI,1,0.60003287
0022500428,2025-12-26,2025-26,MEM,MIL,1,0.61804676
0022500429,2025-12-26,2025-26,NOP,PHX,0,0.31919387
0022500430,2025-12-26,2025-26,UTA,DET,1,0.20585792
0022500431,2025-12-26,2025-26,POR,LAC,0,0.42498985
0022500432,2025-12-27,2025-26,SAC,DAL,1,0.4067409
0022500433,2025-12-27,2025-26,ORL,DEN,1,0.2686767
0022500434,2025-12-27,2025-26,NOP,PHX,0,0.35292095
0022500435,2025-12-27,2025-26,ATL,NYK,0,0.4040089
0022500436,2025-12-27,2025-26,MIA,IND,1,0.699528
0022500437,2025-12-27,2025-26,CHI,MIL,0,0.6616797
0022500438,2025-12-27,2025-26,HOU,CLE,1,0.7234913
0022500439,2025-12-27,2025-26,MIN,BKN,0,0.7920298
0022500440,2025-12-27,2025-26,SAS,UTA,0,0.8727598
0022500441,2025-12-28,2025-26,TOR,GSW,1,0.3143515
0022500442,2025-12-28,2025-26,OKC,PHI,1,0.8413943
0022500443,2025-12-28,2025-26,WAS,MEM,1,0.28063068
0022500444,2025-12-28,2025-26,POR,BOS,1,0.3750122
0022500445,2025-12-28,2025-26,LAC,DET,1,0.5060771
0022500446,2025-12-28,2025-26,LAL,SAC,1,0.89380336
0022500447,2025-12-29,2025-26,CHA,MIL,0,0.54137427
0022500448,2025-12-29,2025-26,WAS,PHX,0,0.20262508
0022500449,2025-12-29,2025-26,BKN,GSW,0,0.43614846
0022500450,2025-12-29,2025-26,MIA,DEN,1,0.39935917
0022500451,2025-12-29,2025-26,TOR,ORL,1,0.49969453
0022500452,2025-12-29,2025-26,CHI,MIN,0,0.42695078
0022500453,2025-12-29,2025-26,HOU,IND,1,0.8688568
0022500454,2025-12-29,2025-26,NOP,NYK,0,0.28599247
0022500455,2025-12-29,2025-26,OKC,ATL,1,0.7911201
0022500456,2025-12-29,2025-26,SAS,CLE,0,0.6142243
0022500457,2025-12-29,2025-26,POR,DAL,1,0.5436322
0022500458,2025-12-30,2025-26,MEM,PHI,0,0.6105463
0022500459,2025-12-30,2025-26,UTA,BOS,0,0.34151578
0022500460,2025-12-30,2025-26,LAL,DET,0,0.51232255
0022500461,2025-12-30,2025-26,LAC,SAC,1,0.8717444
0022500462,2025-12-31,2025-26,CHA,GSW,0,0.3269861
0022500463,2025-12-31,2025-26,ATL,MIN,1,0.39773875
0022500464,2025-12-31,2025-26,IND,ORL,0,0.46273398
0022500465,2025-12-31,2025-26,CLE,PHX,1,0.6561322
0022500466,2025-12-31,2025-26,CHI,NOP,1,0.71278495
0022500467,2025-12-31,2025-26,SAS,NYK,1,0.61307406
0022500468,2025-12-31,2025-26,TOR,DEN,0,0.3570166
0022500469,2025-12-31,2025-26,MIL,WAS,0,0.83712345
0022500470,2025-12-31,2025-26,OKC,POR,1,0.8520374
0022500471,2026-01-01,2025-26,BKN,HOU,0,0.28508002
0022500472,2026-01-01,2025-26,DET,MIA,0,0.6216303
0022500473,2026-01-01,2025-26,DAL,PHI,0,0.42599958
0022500474,2026-01-01,2025-26,SAC,BOS,0,0.24966244
0022500475,2026-01-01,2025-26,LAC,UTA,1,0.8210409
0022500476,2026-01-02,2025-26,IND,SAS,0,0.34400854
0022500477,2026-01-02,2025-26,WAS,BKN,1,0.57967377
0022500478,2026-01-02,2025-26,CLE,DEN,1,0.70525277
0022500479,2026-01-02,2025-26,NYK,ATL,0,0.6251422
0022500480,2026-01-02,2025-26,CHI,ORL,1,0.45474517
0022500481,2026-01-02,2025-26,MIL,CHA,1,0.67391723
0022500482,2026-01-02,2025-26,NOP,POR,0,0.46856514
0022500483,2026-01-02,2025-26,PHX,SAC,1,0.85336816
0022500484,2026-01-02,2025-26,GSW,OKC,0,0.4072896
0022500485,2026-01-02,2025-26,LAL,MEM,1,0.657558
0022500486,2026-01-03,2025-26,MIA,MIN,0,0.49976337
0022500487,2026-01-03,2025-26,NYK,PHI,0,0.5554216
0022500488,2026-01-03,2025-26,TOR,ATL,1,0.53920823
0022500489,2026-01-03,2025-26,CHI,CHA,0,0.57938343
0022500490,2026-01-03,2025-26,SAS,POR,0,0.7636465
0022500491,2026-01-03,2025-26,DAL,HOU,1,0.26704335
0022500492,2026-01-03,2025-26,GSW,UTA,1,0.69666797
0022500493,2026-01-03,2025-26,LAC,BOS,0,0.60575557
0022500494,2026-01-04,2025-26,CLE,DET,0,0.510185
0022500495,2026-01-04,2025-26,ORL,IND,1,0.69965905
0022500496,2026-01-04,2025-26,BKN,DEN,1,0.4046625
0022500497,2026-01-04,2025-26,MIA,NOP,1,0.75752574
0022500498,2026-01-04,2025-26,WAS,MIN,0,0.2606161
0022500499,2026-01-04,2025-26,PHX,OKC,1,0.2895061
0022500500,2026-01-04,2025-26,SAC,MIL,0,0.3569646
0022500501,2026-01-04,2025-26,LAL,MEM,1,0.65311086
0022500502,2026-01-05,2025-26,DET,NYK,1,0.53377
0022500503,2026-01-05,2025-26,BOS,CHI,1,0.80088973
0022500504,2026-01-05,2025-26,TOR,ATL,1,0.49373007
0022500505,2026-01-05,2025-26,HOU,PHX,1,0.78640485
0022500506,2026-01-05,2025-26,OKC,CHA,0,0.81944174
0022500507,2026-01-05,2025-26,PHI,DEN,0,0.7390774
0022500508,2026-01-05,2025-26,LAC,GSW,1,0.5581361
0022500509,2026-01-05,2025-26,POR,UTA,1,0.6687463
0022500510,2026-01-06,2025-26,IND,CLE,0,0.39442933
0022500511,2026-01-06,2025-26,WAS,ORL,1,0.3259219
0022500512,2026-01-06,2025-26,MEM,SAS,1,0.41748896
0022500513,2026-01-06,2025-26,MIN,MIA,1,0.64523584
0022500514,2026-01-06,2025-26,NOP,LAL,0,0.32591546
0022500515,2026-01-06,2025-26,SAC,DAL,0,0.3660183
0022500516,2026-01-07,2025-26,CHA,TOR,0,0.528661
0022500517,2026-01-07,2025-26,DET,CHI,1,0.7473674
0022500518,2026-01-07,2025-26,PHI,WAS,1,0.8594599
0022500519,2026-01-07,2025-26,ATL,NOP,1,0.79849565
0022500520,2026-01-07,2025-26,BOS,DEN,0,0.8109332
0022500521,2026-01-07,2025-26,BKN,ORL,0,0.5927018
0022500522,2026-01-07,2025-26,NYK,LAC,1,0.5664571
0022500523,2026-01-07,2025-26,SAS,LAL,1,0.6066401
0022500524,2026-01-07,2025-26,MEM,PHX,0,0.39081624
0022500525,2026-01-07,2025-26,OKC,UTA,1,0.8957231
0022500526,2026-01-07,2025-26,GSW,MIL,1,0.73539275
0022500527,2026-01-07,2025-26,POR,HOU,1,0.33810925
0022500528,2026-01-08,2025-26,CHA,IND,0,0.56845605
0022500530,2026-01-08,2025-26,MIN,CLE,1,0.6800153
0022500531,2026-01-08,2025-26,UTA,DAL,1,0.4384194
0022500532,2026-01-09,2025-26,BOS,TOR,1,0.7243902
0022500533,2026-01-09,2025-26,ORL,PHI,0,0.49811375
0022500534,2026-01-09,2025-26,WAS,NOP,0,0.52226895
0022500535,2026-01-09,2025-26,BKN,LAC,0,0.38378635
0022500536,2026-01-09,2025-26,MEM,OKC,0,0.21650413
0022500537,2026-01-09,2025-26,DEN,ATL,0,0.54182553
0022500538,2026-01-09,2025-26,PHX,NYK,1,0.57748973
0022500539,2026-01-09,2025-26,GSW,SAC,1,0.8947368
0022500540,2026-01-09,2025-26,POR,HOU,1,0.38375682
0022500541,2026-01-09,2025-26,LAL,MIL,0,0.6057731
0022500542,2026-01-10,2025-26,CLE,MIN,1,0.48057833
0022500543,2026-01-10,2025-26,IND,MIA,1,0.4137586
0022500544,2026-01-10,2025-26,DET,LAC,0,0.696337
0022500545,2026-01-10,2025-26,BOS,SAS,0,0.5339695
0022500546,2026-01-10,2025-26,CHI,DAL,1,0.5660535
0022500547,2026-01-10,2025-26,UTA,CHA,0,0.47717324
0022500548,2026-01-11,2025-26,ORL,NOP,1,0.7185515
0022500549,2026-01-11,2025-26,MEM,BKN,1,0.6066213
0022500550,2026-01-11,2025-26,TOR,PHI,1,0.35759753
0022500551,2026-01-11,2025-26,POR,NYK,0,0.515584
0022500552,2026-01-11,2025-26,MIN,SAS,1,0.6549733
0022500553,2026-01-11,2025-26,OKC,MIA,1,0.79184985
0022500554,2026-01-11,2025-26,DEN,MIL,1,0.5492415
0022500555,2026-01-11,2025-26,PHX,WAS,1,0.8825626
0022500556,2026-01-11,2025-26,GSW,ATL,0,0.64184076
0022500557,2026-01-11,2025-26,SAC,HOU,1,0.17356001
0022500558,2026-01-12,2025-26,CLE,UTA,0,0.8758397
0022500559,2026-01-12,2025-26,IND,BOS,1,0.37033933
0022500560,2026-01-12,2025-26,TOR,PHI,0,0.43642178
0022500561,2026-01-12,2025-26,DAL,BKN,1,0.7217281
0022500562,2026-01-12,2025-26,SAC,LAL,1,0.18371773
0022500563,2026-01-12,2025-26,LAC,CHA,1,0.70410013
0022500564,2026-01-13,2025-26,MIA,PHX,1,0.45253468
0022500565,2026-01-13,2025-26,HOU,CHI,1,0.8157725
0022500566,2026-01-13,2025-26,MIL,MIN,0,0.37745246
0022500567,2026-01-13,2025-26,NOP,DEN,0,0.43563363
0022500568,2026-01-13,2025-26,OKC,SAS,1,0.7756556
0022500569,2026-01-13,2025-26,LAL,ATL,1,0.43246368
0022500570,2026-01-13,2025-26,GSW,POR,1,0.6622013
0022500571,2026-01-14,2025-26,IND,TOR,0,0.57988304
0022500572,2026-01-14,2025-26,PHI,CLE,0,0.60228056
0022500573,2026-01-14,2025-26,CHI,UTA,1,0.6011657
0022500574,2026-01-14,2025-26,NOP,BKN,1,0.42879143
0022500575,2026-01-14,2025-26,DAL,DEN,0,0.44273734
0022500576,2026-01-14,2025-26,SAC,NYK,1,0.21711057
0022500577,2026-01-14,2025-26,LAC,WAS,1,0.88567024
0022500579,2026-01-15,2025-26,DET,PHX,1,0.5845757
0022500580,2026-01-15,2025-26,MIA,BOS,0,0.47625613
0022500581,2026-01-15,2025-26,HOU,OKC,0,0.43656915
0022500582,2026-01-15,2025-26,SAS,MIL,1,0.6967825
0022500583,2026-01-15,2025-26,DAL,UTA,1,0.7373139
0022500584,2026-01-15,2025-26,GSW,NYK,1,0.7098981
0022500585,2026-01-15,2025-26,POR,ATL,1,0.51954913
0022500586,2026-01-15,2025-26,LAL,CHA,0,0.65475845
0022500587,2026-01-16,2025-26,BKN,CHI,1,0.53149325
0022500588,2026-01-16,2025-26,IND,NOP,1,0.6860639
0022500589,2026-01-16,2025-26,PHI,CLE,0,0.5715229
0022500590,2026-01-16,2025-26,TOR,LAC,0,0.35807374
0022500591,2026-01-16,2025-26,HOU,MIN,1,0.4761252
0022500592,2026-01-16,2025-26,SAC,WAS,1,0.6809035
0022500593,2026-01-17,2025-26,DAL,UTA,1,0.6890857
0022500594,2026-01-17,2025-26,ATL,BOS,0,0.48449048
0022500595,2026-01-17,2025-26,DET,IND,1,0.8585913
0022500596,2026-01-17,2025-26,NYK,PHX,0,0.6324282
0022500597,2026-01-17,2025-26,MIA,OKC,1,0.28584734
0022500598,2026-01-17,2025-26,SAS,MIN,1,0.57078886
0022500599,2026-01-17,2025-26,GSW,CHA,1,0.7821617
0022500600,2026-01-17,2025-26,DEN,WAS,1,0.8753702
0022500601,2026-01-17,2025-26,POR,LAL,1,0.5300843
0022500603,2026-01-18,2025-26,CHI,BKN,1,0.6069453
0022500604,2026-01-18,2025-26,HOU,NOP,1,0.86919
0022500605,2026-01-18,2025-26,DEN,CHA,0,0.57953334
0022500606,2026-01-18,2025-26,SAC,POR,0,0.4782429
0022500607,2026-01-18,2025-26,LAL,TOR,1,0.595977
0022500014,2026-01-19,2025-26,ATL,MIL,0,0.58601975
0022500015,2026-01-19,2025-26,CLE,OKC,0,0.38406947
0022500016,2026-01-19,2025-26,NYK,DAL,0,0.7987851
0022500017,2026-01-19,2025-26,DET,BOS,1,0.6548062
0022500608,2026-01-19,2025-26,WAS,LAC,0,0.28188637
0022500609,2026-01-19,2025-26,PHI,IND,1,0.86258173
0022500610,2026-01-19,2025-26,BKN,PHX,0,0.20553502
0022500611,2026-01-19,2025-26,SAS,UTA,1,0.8904159
0022500612,2026-01-19,2025-26,GSW,MIA,1,0.72834355
0022500613,2026-01-20,2025-26,PHI,PHX,0,0.535236
0022500614,2026-01-20,2025-26,CHI,LAC,1,0.5604878
0022500615,2026-01-20,2025-26,HOU,SAS,1,0.72781676
0022500616,2026-01-20,2025-26,UTA,MIN,1,0.1857032
0022500617,2026-01-20,2025-26,DEN,LAL,0,0.44903827
0022500618,2026-01-20,2025-26,GSW,TOR,0,0.72987276
0022500619,2026-01-20,2025-26,SAC,MIA,0,0.4721144
0022500620,2026-01-21,2025-26,CHA,CLE,0,0.49465403
0022500621,2026-01-21,2025-26,BOS,IND,1,0.8163511
0022500622,2026-01-21,2025-26,NYK,BKN,1,0.7599035
0022500623,2026-01-21,2025-26,MEM,ATL,0,0.4932217
0022500624,2026-01-21,2025-26,NOP,DET,0,0.20886461
0022500625,2026-01-21,2025-26,MIL,OKC,0,0.2660476
0022500626,2026-01-21,2025-26,SAC,TOR,0,0.40583563
0022500627,2026-01-22,2025-26,ORL,CHA,0,0.5930535
0022500628,2026-01-22,2025-26,PHI,HOU,1,0.40470144
0022500629,2026-01-22,2025-26,WAS,DEN,0,0.30355763
0022500630,2026-01-22,2025-26,DAL,GSW,1,0.29547635
0022500631,2026-01-22,2025-26,MIN,CHI,0,0.7203708
0022500632,2026-01-22,2025-26,UTA,SAS,0,0.29315984
0022500633,2026-01-22,2025-26,LAC,LAL,1,0.443303
0022500634,2026-01-22,2025-26,POR,MIA,1,0.55208933
0022500635,2026-01-23,2025-26,DET,HOU,0,0.61317205
0022500636,2026-01-23,2025-26,ATL,PHX,1,0.4224357
0022500637,2026-01-23,2025-26,BKN,BOS,0,0.31747237
0022500638,2026-01-23,2025-26,CLE,SAC,1,0.8321379
0022500639,2026-01-23,2025-26,MEM,NOP,0,0.7194335
0022500640,2026-01-23,2025-26,MIL,DEN,0,0.6162091
0022500641,2026-01-23,2025-26,OKC,IND,0,0.883758
0022500642,2026-01-23,2025-26,POR,TOR,0,0.5812017
0022500643,2026-01-24,2025-26,PHI,NYK,0,0.57580864
0022500645,2026-01-24,2025-26,CHA,WAS,1,0.82559687
0022500646,2026-01-24,2025-26,ORL,CLE,0,0.48473176
0022500647,2026-01-24,2025-26,CHI,BOS,1,0.61121696
0022500648,2026-01-24,2025-26,DAL,LAL,0,0.37112164
0022500649,2026-01-24,2025-26,UTA,MIA,0,0.3483737
0022500644,2026-01-25,2025-26,MIN,GSW,0,0.550535
0022500650,2026-01-25,2025-26,DET,SAC,1,0.85564995
0022500653,2026-01-25,2025-26,OKC,TOR,0,0.7490658
0022500654,2026-01-25,2025-26,SAS,NOP,0,0.791997
0022500655,2026-01-25,2025-26,PHX,MIA,0,0.7469187
0022500656,2026-01-25,2025-26,LAC,BKN,1,0.77518296
0022500657,2026-01-26,2025-26,CHA,PHI,1,0.51066065
0022500658,2026-01-26,2025-26,CLE,ORL,1,0.71166825
0022500659,2026-01-26,2025-26,ATL,IND,1,0.7126384
0022500660,2026-01-26,2025-26,BOS,POR,1,0.70677775
0022500661,2026-01-26,2025-26,CHI,LAL,0,0.47499752
0022500662,2026-01-26,2025-26,HOU,MEM,1,0.8289417
0022500663,2026-01-26,2025-26,MIN,GSW,1,0.4692809
0022500664,2026-01-27,2025-26,WAS,POR,1,0.31226477
0022500665,2026-01-27,2025-26,NYK,SAC,1,0.8247864
0022500666,2026-01-27,2025-26,PHI,MIL,1,0.5429785
0022500667,2026-01-27,2025-26,OKC,NOP,1,0.8526566
0022500668,2026-01-27,2025-26,DEN,DET,0,0.280839
0022500669,2026-01-27,2025-26,PHX,BKN,1,0.70559907
0022500670,2026-01-27,2025-26,UTA,LAC,0,0.24796349
0022500671,2026-01-28,2025-26,CLE,LAL,1,0.57058233
0022500672,2026-01-28,2025-26,IND,CHI,1,0.4515152
0022500673,2026-01-28,2025-26,BOS,ATL,0,0.6747247
0022500674,2026-01-28,2025-26,MIA,ORL,0,0.66870666
0022500675,2026-01-28,2025-26,TOR,NYK,0,0.6430421
0022500676,2026-01-28,2025-26,MEM,CHA,0,0.37070408
0022500677,2026-01-28,2025-26,DAL,MIN,0,0.37703088
0022500678,2026-01-28,2025-26,UTA,GSW,0,0.28031284
0022500679,2026-01-28,2025-26,HOU,SAS,0,0.6824166
0022500529,2026-01-29,2025-26,CHI,MIA,0,0.5444084
0022500680,2026-01-29,2025-26,PHI,SAC,1,0.84938157
0022500681,2026-01-29,2025-26,WAS,MIL,1,0.4235897
0022500682,2026-01-29,2025-26,ATL,HOU,0,0.46162733
0022500683,2026-01-29,2025-26,DAL,CHA,0,0.34662405
0022500684,2026-01-29,2025-26,DEN,BKN,1,0.6577207
0022500685,2026-01-29,2025-26,PHX,DET,1,0.38390684
0022500686,2026-01-29,2025-26,MIN,OKC,1,0.4335664
0022500687,2026-01-30,2025-26,ORL,TOR,1,0.558589
0022500688,2026-01-30,2025-26,WAS,LAL,0,0.21093155
0022500689,2026-01-30,2025-26,BOS,SAC,1,0.8843166
0022500690,2026-01-30,2025-26,NYK,POR,1,0.643271
0022500691,2026-01-30,2025-26,NOP,MEM,1,0.5957258
0022500693,2026-01-30,2025-26,PHX,CLE,1,0.41146424
0022500694,2026-01-30,2025-26,UTA,BKN,0,0.6527232
0022500695,2026-01-30,2025-26,DEN,LAC,1,0.37711996
0022500696,2026-01-30,2025-26,GSW,DET,0,0.69969255
0022500692,2026-01-31,2025-26,MIA,CHI,0,0.6379343
0022500697,2026-01-31,2025-26,CHA,SAS,1,0.5291949
0022500698,2026-01-31,2025-26,IND,ATL,1,0.46388352
0022500699,2026-01-31,2025-26,PHI,NOP,1,0.809836
0022500700,2026-01-31,2025-26,MEM,MIN,0,0.24047597
0022500701,2026-01-31,2025-26,HOU,DAL,1,0.8374186
0022500702,2026-02-01,2025-26,BOS,MIL,1,0.79218227
0022500703,2026-02-01,2025-26,SAS,ORL,1,0.5755862
0022500704,2026-02-01,2025-26,DET,BKN,1,0.86264354
0022500705,2026-02-01,2025-26,MIA,CHI,1,0.62134844
0022500706,2026-02-01,2025-26,TOR,UTA,1,0.8673774
0022500707,2026-02-01,2025-26,WAS,SAC,1,0.45895928
0022500708,2026-02-01,2025-26,NYK,LAL,1,0.5977914
0022500709,2026-02-01,2025-26,PHX,LAC,0,0.57620066
0022500710,2026-02-01,2025-26,POR,CLE,0,0.4975923
0022500711,2026-02-01,2025-26,DEN,OKC,0,0.43654424
0022500712,2026-02-02,2025-26,CHA,NOP,1,0.78299826
0022500713,2026-02-02,2025-26,IND,HOU,0,0.28774834
0022500714,2026-02-02,2025-26,MEM,MIN,1,0.2643631
0022500715,2026-02-02,2025-26,LAC,PHI,0,0.41871983
0022500716,2026-02-03,2025-26,DET,DEN,1,0.64493114
0022500717,2026-02-03,2025-26,IND,UTA,0,0.64795935
0022500718,2026-02-03,2025-26,WAS,NYK,0,0.20214686
0022500719,2026-02-03,2025-26,BKN,LAL,0,0.24631117
0022500720,2026-02-03,2025-26,MIA,ATL,0,0.57900876
0022500721,2026-02-03,2025-26,DAL,BOS,0,0.3014209
0022500722,2026-02-03,2025-26,MIL,CHI,1,0.53070545
0022500723,2026-02-03,2025-26,OKC,ORL,1,0.77695835
0022500724,2026-02-03,2025-26,GSW,PHI,0,0.74762225
0022500725,2026-02-03,2025-26,POR,PHX,0,0.42608345
0022500726,2026-02-04,2025-26,NYK,DEN,1,0.5607469
0022500727,2026-02-04,2025-26,TOR,MIN,0,0.42328322
0022500728,2026-02-04,2025-26,HOU,BOS,0,0.6276627
0022500729,2026-02-04,2025-26,MIL,NOP,1,0.5016756
0022500730,2026-02-04,2025-26,SAS,OKC,1,0.49149075
0022500731,2026-02-04,2025-26,SAC,MEM,0,0.43301535
0022500732,2026-02-04,2025-26,LAC,CLE,0,0.4161095
0022500733,2026-02-05,2025-26,DET,WAS,0,0.91233647
0022500734,2026-02-05,2025-26,ORL,BKN,1,0.7262976
0022500735,2026-02-05,2025-26,ATL,UTA,1,0.8219109
0022500736,2026-02-05,2025-26,TOR,CHI,1,0.7112849
0022500737,2026-02-05,2025-26,HOU,CHA,0,0.5498255
0022500738,2026-02-05,2025-26,DAL,SAS,0,0.3653669
0022500739,2026-02-05,2025-26,PHX,GSW,0,0.5233236
0022500740,2026-02-05,2025-26,LAL,PHI,1,0.68141294
0022500741,2026-02-06,2025-26,BOS,MIA,1,0.7535308
0022500742,2026-02-06,2025-26,DET,NYK,1,0.5619359
0022500743,2026-02-06,2025-26,MIL,IND,1,0.7607005
0022500744,2026-02-06,2025-26,MIN,NOP,0,0.8148764
0022500745,2026-02-06,2025-26,POR,MEM,1,0.6496897
0022500746,2026-02-06,2025-26,SAC,LAC,0,0.33954298
0022500747,2026-02-07,2025-26,BKN,WAS,1,0.6938326
0022500748,2026-02-07,2025-26,OKC,HOU,0,0.6178776
0022500749,2026-02-07,2025-26,SAS,DAL,1,0.81200254
0022500750,2026-02-07,2025-26,ORL,UTA,1,0.8250176
0022500751,2026-02-07,2025-26,ATL,CHA,0,0.46107122
0022500752,2026-02-07,2025-26,CHI,DEN,0,0.28850165
0022500753,2026-02-07,2025-26,LAL,GSW,1,0.6348891
0022500754,2026-02-07,2025-26,PHX,PHI,0,0.48231918
0022500755,2026-02-07,2025-26,POR,MEM,1,0.7704026
0022500756,2026-02-07,2025-26,SAC,CLE,0,0.17186469
0022500757,2026-02-08,2025-26,BOS,NYK,0,0.7166012
0022500758,2026-02-08,2025-26,WAS,MIA,0,0.20014365
0022500759,2026-02-08,2025-26,TOR,IND,1,0.721574
0022500760,2026-02-08,2025-26,MIN,LAC,0,0.7166737
0022500761,2026-02-09,2025-26,CHA,DET,0,0.40991834
0022500762,2026-02-09,2025-26,BKN,CHI,1,0.55931014
0022500763,2026-02-09,2025-26,MIA,UTA,0,0.7302941
0022500764,2026-02-09,2025-26,ORL,MIL,1,0.6557489
0022500765,2026-02-09,2025-26,MIN,ATL,1,0.5686524
0022500766,2026-02-09,2025-26,NOP,SAC,1,0.76793045
0022500767,2026-02-09,2025-26,DEN,CLE,0,0.5721861
0022500768,2026-02-09,2025-26,GSW,MEM,1,0.83989596
0022500769,2026-02-09,2025-26,LAL,OKC,0,0.53371644
0022500770,2026-02-09,2025-26,POR,PHI,1,0.4066084
0022500771,2026-02-10,2025-26,NYK,IND,0,0.79826486
0022500772,2026-02-10,2025-26,HOU,LAC,1,0.68798393
0022500773,2026-02-10,2025-26,PHX,DAL,1,0.8063163
0022500774,2026-02-10,2025-26,LAL,SAS,0,0.4434433
0022500775,2026-02-11,2025-26,CHA,ATL,1,0.78738075
0022500776,2026-02-11,2025-26,CLE,WAS,1,0.9233236
0022500777,2026-02-11,2025-26,ORL,MIL,0,0.76595044
0022500778,2026-02-11,2025-26,BOS,CHI,1,0.81738037
0022500779,2026-02-11,2025-26,BKN,IND,0,0.4044836
0022500780,2026-02-11,2025-26,PHI,NYK,0,0.5967055
0022500781,2026-02-11,2025-26,TOR,DET,0,0.41357717
0022500782,2026-02-11,2025-26,HOU,LAC,0,0.75348127
0022500783,2026-02-11,2025-26,MIN,POR,1,0.5866137
0022500784,2026-02-11,2025-26,NOP,MIA,0,0.4665544
0022500785,2026-02-11,2025-26,PHX,OKC,0,0.41673297
0022500786,2026-02-11,2025-26,UTA,SAC,1,0.76668185
0022500787,2026-02-11,2025-26,DEN,MEM,1,0.8352996
0022500788,2026-02-11,2025-26,GSW,SAS,0,0.5538664
0022500789,2026-02-12,2025-26,OKC,MIL,0,0.8237944
0022500790,2026-02-12,2025-26,UTA,POR,0,0.34191093
0022500791,2026-02-12,2025-26,LAL,DAL,1,0.65808356
0022500792,2026-02-19,2025-26,CHA,HOU,0,0.5855801
0022500793,2026-02-19,2025-26,CLE,BKN,1,0.9072179
0022500794,2026-02-19,2025-26,PHI,ATL,0,0.52622217
0022500795,2026-02-19,2025-26,WAS,IND,1,0.45750707
0022500796,2026-02-19,2025-26,NYK,DET,0,0.4729404
0022500797,2026-02-19,2025-26,CHI,TOR,0,0.28208482
0022500798,2026-02-19,2025-26,SAS,PHX,1,0.73601896
0022500799,2026-02-19,2025-26,GSW,BOS,0,0.44490805
0022500800,2026-02-19,2025-26,SAC,ORL,0,0.16180933
0022500801,2026-02-19,2025-26,LAC,DEN,1,0.4346386
0022500802,2026-02-20,2025-26,CHA,CLE,0,0.39416015
0022500803,2026-02-20,2025-26,WAS,IND,1,0.39124656
0022500804,2026-02-20,2025-26,MEM,UTA,1,0.7146475
0022500805,2026-02-20,2025-26,ATL,MIA,0,0.51838046
0022500806,2026-02-20,2025-26,MIN,DAL,1,0.78579366
0022500807,2026-02-20,2025-26,NOP,MIL,0,0.58352935
0022500808,2026-02-20,2025-26,OKC,BKN,1,0.8633746
0022500809,2026-02-20,2025-26,LAL,LAC,1,0.71251315
0022500810,2026-02-20,2025-26,POR,DEN,0,0.53424937
0022500811,2026-02-21,2025-26,PHX,ORL,1,0.604579
0022500812,2026-02-21,2025-26,NOP,PHI,1,0.40348902
0022500813,2026-02-21,2025-26,MIA,MEM,1,0.8454526
0022500814,2026-02-21,2025-26,CHI,DET,0,0.22009742
0022500815,2026-02-21,2025-26,SAS,SAC,1,0.9382154
0022500816,2026-02-21,2025-26,NYK,HOU,1,0.576051
0022500817,2026-02-22,2025-26,OKC,CLE,1,0.51685935
0022500818,2026-02-22,2025-26,ATL,BKN,1,0.76930517
0022500819,2026-02-22,2025-26,MIL,TOR,0,0.41645393
0022500820,2026-02-22,2025-26,GSW,DEN,1,0.424202
0022500821,2026-02-22,2025-26,IND,DAL,0,0.43378216
0022500822,2026-02-22,2025-26,WAS,CHA,0,0.22885276
0022500823,2026-02-22,2025-26,LAL,BOS,0,0.57625806
0022500824,2026-02-22,2025-26,MIN,PHI,0,0.78765297
0022500825,2026-02-22,2025-26,CHI,NYK,0,0.29613283
0022500826,2026-02-22,2025-26,PHX,POR,0,0.4871405
0022500827,2026-02-22,2025-26,LAC,ORL,0,0.7558697
0022500828,2026-02-23,2025-26,DET,SAS,0,0.617613
0022500829,2026-02-23,2025-26,MEM,SAC,0,0.7599356
0022500830,2026-02-23,2025-26,HOU,UTA,1,0.89277273
0022500831,2026-02-24,2025-26,IND,PHI,0,0.40307158
0022500832,2026-02-24,2025-26,ATL,WAS,1,0.8457116
0022500833,2026-02-24,2025-26,BKN,DAL,0,0.49409136
0022500834,2026-02-24,2025-26,TOR,OKC,0,0.49161732
0022500835,2026-02-24,2025-26,CLE,NYK,1,0.64124733
0022500836,2026-02-24,2025-26,CHI,CHA,0,0.3364988
0022500837,2026-02-24,2025-26,MIL,MIA,1,0.3959052
0022500838,2026-02-24,2025-26,NOP,GSW,1,0.45296982
0022500839,2026-02-24,2025-26,PHX,BOS,0,0.27219266
0022500840,2026-02-24,2025-26,LAL,ORL,0,0.760501
0022500841,2026-02-24,2025-26,POR,MIN,0,0.58786285
0022500842,2026-02-25,2025-26,DET,OKC,1,0.70613056
0022500843,2026-02-25,2025-26,TOR,SAS,0,0.363267
0022500844,2026-02-25,2025-26,MEM,GSW,0,0.35053742
0022500845,2026-02-25,2025-26,HOU,SAC,1,0.9001086
0022500846,2026-02-25,2025-26,MIL,CLE,1,0.24958412
0022500847,2026-02-25,2025-26,DEN,BOS,1,0.69818306
0022500848,2026-02-26,2025-26,IND,CHA,0,0.21844812
0022500849,2026-02-26,2025-26,PHI,MIA,1,0.55239946
0022500850,2026-02-26,2025-26,ATL,WAS,1,0.8646715
0022500851,2026-02-26,2025-26,BKN,SAS,0,0.22628485
0022500852,2026-02-26,2025-26,ORL,HOU,0,0.48096165
0022500853,2026-02-26,2025-26,CHI,POR,0,0.3849211
0022500854,2026-02-26,2025-26,DAL,SAC,0,0.8315838
0022500855,2026-02-26,2025-26,PHX,LAL,1,0.34427848
0022500856,2026-02-26,2025-26,UTA,NOP,0,0.402148
0022500857,2026-02-26,2025-26,LAC,MIN,0,0.56852853
0022500858,2026-02-27,2025-26,DET,CLE,1,0.7578231
0022500859,2026-02-27,2025-26,BOS,BKN,1,0.90284973
0022500860,2026-02-27,2025-26,MIL,NYK,0,0.35624608
0022500861,2026-02-27,2025-26,DAL,MEM,0,0.65878725
0022500862,2026-02-27,2025-26,OKC,DEN,1,0.43124637
0022500863,2026-02-28,2025-26,CHA,POR,1,0.7746132
0022500864,2026-02-28,2025-26,MIA,HOU,1,0.44641113
0022500865,2026-02-28,2025-26,WAS,TOR,0,0.15881789
0022500866,2026-02-28,2025-26,GSW,LAL,0,0.4697214
0022500867,2026-02-28,2025-26,UTA,NOP,0,0.28628123
0022500868,2026-03-01,2025-26,NYK,SAS,1,0.48732275
0022500869,2026-03-01,2025-26,BKN,CLE,0,0.30354652
0022500870,2026-03-01,2025-26,CHI,MIL,1,0.4171625
0022500871,2026-03-01,2025-26,DEN,MIN,0,0.708521
0022500872,2026-03-01,2025-26,IND,MEM,0,0.60874605
0022500873,2026-03-01,2025-26,ATL,POR,1,0.64657295
0022500874,2026-03-01,2025-26,BOS,PHI,1,0.6948589
0022500875,2026-03-01,2025-26,ORL,DET,0,0.3698276
0022500876,2026-03-01,2025-26,DAL,OKC,0,0.20053776
0022500877,2026-03-01,2025-26,LAC,NOP,1,0.6943937
0022500878,2026-03-01,2025-26,LAL,SAC,1,0.88426954
0022500879,2026-03-02,2025-26,WAS,HOU,0,0.16226861
0022500880,2026-03-02,2025-26,MIL,BOS,0,0.235223
0022500881,2026-03-02,2025-26,UTA,DEN,0,0.1660198
0022500882,2026-03-02,2025-26,GSW,LAC,0,0.6310178
0022500883,2026-03-03,2025-26,CHA,DAL,1,0.85282815
0022500884,2026-03-03,2025-26,CLE,DET,1,0.46825257
0022500885,2026-03-03,2025-26,ORL,WAS,1,0.8744581
0022500886,2026-03-03,2025-26,MIA,BKN,1,0.79800016
0022500887,2026-03-03,2025-26,TOR,NYK,0,0.4783648
0022500888,2026-03-03,2025-26,PHI,SAS,0,0.33124593
0022500889,2026-03-03,2025-26,CHI,OKC,0,0.19471234
0022500890,2026-03-03,2025-26,MIN,MEM,1,0.8652498
0022500891,2026-03-03,2025-26,LAL,NOP,1,0.79379284
0022500892,2026-03-03,2025-26,SAC,PHX,0,0.27391815
0022500893,2026-03-04,2025-26,NYK,OKC,0,0.7089958
0022500894,2026-03-04,2025-26,BOS,CHA,0,0.74099016
0022500895,2026-03-04,2025-26,PHI,UTA,1,0.75703573
0022500896,2026-03-04,2025-26,MEM,POR,0,0.3526032
0022500897,2026-03-04,2025-26,MIL,ATL,0,0.4468451
0022500898,2026-03-04,2025-26,LAC,IND,1,0.86970794
0022500899,2026-03-05,2025-26,ORL,DAL,1,0.7665276
0022500900,2026-03-05,2025-26,WAS,UTA,0,0.5833569
0022500901,2026-03-05,2025-26,MIA,BKN,1,0.82589924
0022500902,2026-03-05,2025-26,HOU,GSW,0,0.7410511
0022500903,2026-03-05,2025-26,MIN,TOR,1,0.5787982
0022500904,2026-03-05,2025-26,SAS,DET,1,0.6373656
0022500905,2026-03-05,2025-26,PHX,CHI,0,0.7694541
0022500906,2026-03-05,2025-26,DEN,LAL,1,0.58103114
0022500907,2026-03-05,2025-26,SAC,NOP,0,0.26711434
0022500908,2026-03-06,2025-26,BOS,DAL,1,0.85811824
0022500909,2026-03-06,2025-26,CHA,MIA,0,0.77940685
0022500910,2026-03-06,2025-26,HOU,POR,1,0.6464778
0022500911,2026-03-06,2025-26,DEN,NYK,0,0.40621033
0022500912,2026-03-06,2025-26,PHX,NOP,1,0.6858927
0022500913,2026-03-06,2025-26,SAS,LAC,1,0.69437253
0022500914,2026-03-06,2025-26,LAL,IND,1,0.82110345
0022500915,2026-03-07,2025-26,MIN,ORL,0,0.6819598
0022500916,2026-03-07,2025-26,DET,BKN,0,0.8834931
0022500917,2026-03-07,2025-26,ATL,PHI,1,0.8061825
0022500918,2026-03-07,2025-26,MEM,LAC,0,0.2759391
0022500919,2026-03-07,2025-26,MIL,UTA,1,0.77367324
0022500920,2026-03-07,2025-26,OKC,GSW,1,0.8423672
0022500921,2026-03-08,2025-26,CLE,BOS,0,0.4304874
0022500922,2026-03-08,2025-26,LAL,NYK,1,0.43487716
0022500923,2026-03-08,2025-26,MIA,DET,1,0.6517735
0022500924,2026-03-08,2025-26,TOR,DAL,1,0.74678034
0022500925,2026-03-08,2025-26,NOP,WAS,1,0.8363319
0022500926,2026-03-08,2025-26,MIL,ORL,0,0.47748497
0022500927,2026-03-08,2025-26,SAS,HOU,1,0.7181424
0022500928,2026-03-08,2025-26,PHX,CHA,1,0.35003033
0022500929,2026-03-08,2025-26,POR,IND,1,0.7486722
0022500930,2026-03-08,2025-26,SAC,CHI,1,0.38898185
0022500931,2026-03-09,2025-26,CLE,PHI,1,0.77157307
0022500932,2026-03-09,2025-26,BKN,MEM,1,0.61039877
0022500933,2026-03-09,2025-26,OKC,DEN,1,0.60212165
0022500934,2026-03-09,2025-26,UTA,GSW,1,0.32154256
0022500935,2026-03-09,2025-26,LAC,NYK,1,0.45489064
0022500936,2026-03-10,2025-26,PHI,MEM,1,0.6822824
0022500937,2026-03-10,2025-26,BKN,DET,0,0.14596106
0022500938,2026-03-10,2025-26,MIA,WAS,1,0.9207723
0022500939,2026-03-10,2025-26,ATL,DAL,1,0.8092153
0022500940,2026-03-10,2025-26,HOU,TOR,1,0.59593654
0022500941,2026-03-10,2025-26,MIL,PHX,0,0.3993659
0022500942,2026-03-10,2025-26,SAS,BOS,1,0.5649328
0022500943,2026-03-10,2025-26,GSW,CHI,0,0.6421261
0022500944,2026-03-10,2025-26,POR,CHA,0,0.38634077
0022500945,2026-03-10,2025-26,SAC,IND,1,0.46425152
0022500946,2026-03-10,2025-26,LAL,MIN,1,0.6388005
0022500947,2026-03-11,2025-26,ORL,CLE,1,0.4541746
0022500948,2026-03-11,2025-26,NOP,TOR,1,0.52919674
0022500949,2026-03-11,2025-26,UTA,NYK,0,0.14846939
0022500950,2026-03-11,2025-26,DEN,HOU,1,0.72273046
0022500951,2026-03-11,2025-26,SAC,CHA,0,0.14923696
0022500952,2026-03-11,2025-26,LAC,MIN,1,0.68482286
0022500953,2026-03-12,2025-26,DET,PHI,1,0.84165275
0022500954,2026-03-12,2025-26,IND,PHX,0,0.21394718
0022500955,2026-03-12,2025-26,ORL,WAS,1,0.8774583
0022500956,2026-03-12,2025-26,ATL,BKN,1,0.8762646
0022500957,2026-03-12,2025-26,MIA,MIL,1,0.7210784
0022500958,2026-03-12,2025-26,SAS,DEN,0,0.73228455
0022500959,2026-03-12,2025-26,OKC,BOS,1,0.60647136
0022500960,2026-03-12,2025-26,LAL,CHI,1,0.8597347
0022501111,2026-03-12,2025-26,MEM,DAL,0,0.4498463
0022500961,2026-03-13,2025-26,DET,MEM,1,0.93771404
0022500962,2026-03-13,2025-26,IND,NYK,0,0.10208938
0022500963,2026-03-13,2025-26,TOR,PHX,1,0.68644166
0022500964,2026-03-13,2025-26,HOU,NOP,1,0.6836104
0022500965,2026-03-13,2025-26,DAL,CLE,0,0.22239302
0022500966,2026-03-13,2025-26,GSW,MIN,0,0.43257186
0022500967,2026-03-13,2025-26,POR,UTA,1,0.8728288
0022500968,2026-03-13,2025-26,LAC,CHI,1,0.8646338
0022500969,2026-03-14,2025-26,PHI,BKN,1,0.66876245
0022500970,2026-03-14,2025-26,ATL,MIL,1,0.6598576
0022500971,2026-03-14,2025-26,BOS,WAS,1,0.89866316
0022500972,2026-03-14,2025-26,MIA,ORL,0,0.6489213
0022500973,2026-03-14,2025-26,SAS,CHA,1,0.5864684
0022500974,2026-03-14,2025-26,LAL,DEN,1,0.5377829
0022500975,2026-03-14,2025-26,LAC,SAC,0,0.8672306
0022500976,2026-03-15,2025-26,OKC,MIN,1,0.7579413
0022500977,2026-03-15,2025-26,CLE,DAL,0,0.84679484
0022500978,2026-03-15,2025-26,TOR,DET,1,0.4995863
0022500979,2026-03-15,2025-26,MIL,IND,1,0.6492012
0022500980,2026-03-15,2025-26,PHI,POR,1,0.31011268
0022500981,2026-03-15,2025-26,NYK,GSW,1,0.7761577
0022500982,2026-03-15,2025-26,SAC,UTA,1,0.66577256
0022500983,2026-03-16,2025-26,ATL,ORL,1,0.65188503
0022500984,2026-03-16,2025-26,WAS,GSW,0,0.46807933
0022500985,2026-03-16,2025-26,BKN,POR,0,0.2953781
0022500986,2026-03-16,2025-26,BOS,PHX,1,0.74611074
0022500987,2026-03-16,2025-26,CHI,MEM,1,0.653284
0022500988,2026-03-16,2025-26,NOP,DAL,1,0.7455412
0022500989,2026-03-16,2025-26,HOU,LAL,0,0.4506015
0022500990,2026-03-16,2025-26,LAC,SAS,0,0.3388348
0022500991,2026-03-17,2025-26,CHA,MIA,1,0.63614225
0022500992,2026-03-17,2025-26,ORL,OKC,0,0.23995204
0022500993,2026-03-17,2025-26,WAS,DET,0,0.10594863
0022500994,2026-03-17,2025-26,NYK,IND,1,0.9284321
0022500995,2026-03-17,2025-26,MIL,CLE,0,0.41740823
0022500996,2026-03-17,2025-26,MIN,PHX,1,0.63579637
0022500997,2026-03-17,2025-26,DEN,PHI,1,0.88602835
0022500998,2026-03-17,2025-26,SAC,SAS,0,0.16728038
0022500651,2026-03-18,2025-26,MEM,DEN,1,0.13418654
0022500999,2026-03-18,2025-26,BOS,GSW,1,0.8532057
0022501000,2026-03-18,2025-26,BKN,OKC,0,0.10786051
0022501001,2026-03-18,2025-26,IND,POR,0,0.22121078
0022501002,2026-03-18,2025-26,CHI,TOR,0,0.31690025
0022501004,2026-03-18,2025-26,MIN,UTA,1,0.8724673
0022501005,2026-03-18,2025-26,NOP,LAC,1,0.50990874
0022501006,2026-03-18,2025-26,DAL,ATL,0,0.24582416
0022501007,2026-03-18,2025-26,HOU,LAL,0,0.415232
0022501008,2026-03-19,2025-26,CHA,ORL,1,0.7284844
0022501009,2026-03-19,2025-26,WAS,DET,0,0.1327388
0022501010,2026-03-19,2025-26,MIA,LAL,0,0.503385
0022501011,2026-03-19,2025-26,CHI,CLE,0,0.2032104
0022501012,2026-03-19,2025-26,NOP,LAC,1,0.5144225
0022501013,2026-03-19,2025-26,SAS,PHX,1,0.8052011
0022501014,2026-03-19,2025-26,UTA,MIL,1,0.24359365
0022501015,2026-03-19,2025-26,SAC,PHI,0,0.4853467
0022501016,2026-03-20,2025-26,BKN,NYK,0,0.16112974
0022501017,2026-03-20,2025-26,DET,GSW,1,0.7459296
0022501018,2026-03-20,2025-26,HOU,ATL,1,0.47615924
0022501019,2026-03-20,2025-26,MEM,BOS,0,0.14355105
0022501020,2026-03-20,2025-26,MIN,POR,0,0.54535246
0022501021,2026-03-20,2025-26,DEN,TOR,1,0.7208618
0022501022,2026-03-21,2025-26,WAS,OKC,0,0.09127443
0022501023,2026-03-21,2025-26,CHA,MEM,1,0.9081176
0022501024,2026-03-21,2025-26,ORL,LAL,0,0.30593246
0022501025,2026-03-21,2025-26,NOP,CLE,0,0.4418737
0022501026,2026-03-21,2025-26,ATL,GSW,1,0.7953004
0022501027,2026-03-21,2025-26,HOU,MIA,1,0.49209422
0022501028,2026-03-21,2025-26,SAS,IND,1,0.919904
0022501029,2026-03-21,2025-26,DAL,LAC,0,0.4903405
0022501030,2026-03-21,2025-26,UTA,PHI,0,0.4106398
0022501031,2026-03-21,2025-26,PHX,MIL,0,0.7008931
0022501032,2026-03-22,2025-26,DEN,POR,1,0.7294611
0022501033,2026-03-22,2025-26,SAC,BKN,1,0.70034283
0022501034,2026-03-22,2025-26,NYK,WAS,1,0.9347226
0022501035,2026-03-22,2025-26,BOS,MIN,0,0.77955085
0022501036,2026-03-22,2025-26,PHX,TOR,1,0.356581
0022501037,2026-03-23,2025-26,ATL,MEM,1,0.8907819
0022501038,2026-03-23,2025-26,DET,LAL,1,0.4524614
0022501039,2026-03-23,2025-26,ORL,IND,0,0.8046784
0022501040,2026-03-23,2025-26,PHI,OKC,0,0.15093376
0022501041,2026-03-23,2025-26,MIA,SAS,0,0.4013688
0022501042,2026-03-23,2025-26,CHI,HOU,1,0.26709464
0022501043,2026-03-23,2025-26,UTA,TOR,0,0.28321564
0022501044,2026-03-23,2025-26,DAL,GSW,0,0.5839861
0022501045,2026-03-23,2025-26,POR,BKN,1,0.8730687
0022501046,2026-03-23,2025-26,LAC,MIL,1,0.77459514
0022501047,2026-03-24,2025-26,CHA,SAC,1,0.9167827
0022501048,2026-03-24,2025-26,NYK,NOP,1,0.7811352
0022501049,2026-03-24,2025-26,CLE,ORL,1,0.79424465
0022501050,2026-03-24,2025-26,PHX,DEN,0,0.33736348
0022501051,2026-03-25,2025-26,DET,ATL,0,0.66612476
0022501052,2026-03-25,2025-26,IND,LAL,0,0.2726272
0022501053,2026-03-25,2025-26,PHI,CHI,1,0.5213735
0022501054,2026-03-25,2025-26,BOS,OKC,1,0.5122908
0022501055,2026-03-25,2025-26,CLE,MIA,0,0.5727861
0022501056,2026-03-25,2025-26,MEM,SAS,0,0.10015894
0022501057,2026-03-25,2025-26,UTA,WAS,0,0.633509
0022501058,2026-03-25,2025-26,MIN,HOU,1,0.52601045
0022501059,2026-03-25,2025-26,DEN,DAL,1,0.8400927
0022501060,2026-03-25,2025-26,GSW,BKN,1,0.8493796
0022501061,2026-03-25,2025-26,POR,MIL,1,0.7975733
0022501062,2026-03-25,2025-26,LAC,TOR,1,0.6866452
0022501063,2026-03-26,2025-26,CHA,NYK,1,0.5572568
0022501064,2026-03-26,2025-26,DET,NOP,1,0.6910061
0022501065,2026-03-26,2025-26,ORL,SAC,1,0.838906
0022501066,2026-03-27,2025-26,IND,LAC,0,0.30656084
0022501067,2026-03-27,2025-26,BOS,ATL,1,0.6169851
0022501068,2026-03-27,2025-26,CLE,MIA,1,0.58369017
0022501069,2026-03-27,2025-26,MEM,HOU,0,0.1694457
0022501070,2026-03-27,2025-26,OKC,CHI,1,0.8981235
0022501071,2026-03-27,2025-26,TOR,NOP,1,0.7150305
0022501072,2026-03-27,2025-26,DEN,UTA,1,0.93328923
0022501073,2026-03-27,2025-26,GSW,WAS,1,0.7959959
0022501074,2026-03-27,2025-26,POR,DAL,0,0.77048
0022501075,2026-03-27,2025-26,LAL,BKN,1,0.93270606
0022501076,2026-03-28,2025-26,MIL,SAS,0,0.16145295
0022501077,2026-03-28,2025-26,CHA,PHI,0,0.7946954
0022501078,2026-03-28,2025-26,ATL,SAC,1,0.86402076
0022501079,2026-03-28,2025-26,MEM,CHI,1,0.32926852
0022501080,2026-03-28,2025-26,MIN,DET,0,0.5449498
0022501081,2026-03-28,2025-26,PHX,UTA,1,0.9164702
0022501082,2026-03-29,2025-26,MIL,LAC,0,0.22009261
0022501083,2026-03-29,2025-26,IND,MIA,1,0.32718375
0022501084,2026-03-29,2025-26,BKN,SAC,1,0.52823836
0022501085,2026-03-29,2025-26,CHA,BOS,0,0.48885033
0022501086,2026-03-29,2025-26,TOR,ORL,1,0.5649704
0022501087,2026-03-29,2025-26,POR,WAS,1,0.86315393
0022501088,2026-03-29,2025-26,NOP,HOU,0,0.37323755
0022501089,2026-03-29,2025-26,OKC,NYK,1,0.6877621
0022501090,2026-03-29,2025-26,DEN,GSW,1,0.8231209
0022501091,2026-03-30,2025-26,MIA,PHI,1,0.5058809
0022501092,2026-03-30,2025-26,ATL,BOS,1,0.6235099
0022501093,2026-03-30,2025-26,MEM,PHX,0,0.14972478
0022501094,2026-03-30,2025-26,SAS,CHI,1,0.8970643
0022501095,2026-03-30,2025-26,DAL,MIN,0,0.38341233
0022501096,2026-03-30,2025-26,UTA,CLE,0,0.13930881
0022501097,2026-03-30,2025-26,OKC,DET,1,0.5960818
0022501098,2026-03-30,2025-26,LAL,WAS,1,0.943945
0022500652,2026-03-31,2025-26,MIL,DAL,1,0.5413017
0022501099,2026-03-31,2025-26,ORL,PHX,1,0.6082129
0022501100,2026-03-31,2025-26,BKN,CHA,0,0.1637026
0022501101,2026-03-31,2025-26,DET,TOR,1,0.6060484
0022501102,2026-03-31,2025-26,HOU,NYK,1,0.5424679
0022501103,2026-03-31,2025-26,LAL,CLE,1,0.5124255
0022501104,2026-03-31,2025-26,LAC,POR,0,0.6427577
0022501003,2026-04-01,2025-26,MEM,NYK,0,0.15992334
0022501105,2026-04-01,2025-26,WAS,PHI,0,0.20758209
0022501106,2026-04-01,2025-26,MIA,BOS,0,0.5306266
0022501107,2026-04-01,2025-26,ORL,ATL,0,0.3131713
0022501108,2026-04-01,2025-26,TOR,SAC,0,0.85685635
0022501109,2026-04-01,2025-26,CHI,IND,0,0.54568624
0022501110,2026-04-01,2025-26,HOU,MIL,1,0.85391986
0022501112,2026-04-01,2025-26,UTA,DEN,0,0.100816
0022501113,2026-04-01,2025-26,GSW,SAS,0,0.22427702
0022501114,2026-04-02,2025-26,CHA,PHX,1,0.6694696
0022501115,2026-04-02,2025-26,DET,MIN,1,0.7398288
0022501116,2026-04-02,2025-26,OKC,LAL,1,0.6171131
0022501117,2026-04-02,2025-26,GSW,CLE,0,0.2430022
0022501118,2026-04-02,2025-26,POR,NOP,1,0.7405571
0022501119,2026-04-02,2025-26,LAC,SAS,0,0.4577523
0022501120,2026-04-03,2025-26,CHA,IND,1,0.8294158
0022501121,2026-04-03,2025-26,PHI,MIN,1,0.64485234
0022501122,2026-04-03,2025-26,BKN,ATL,0,0.1194617
0022501123,2026-04-03,2025-26,NYK,CHI,1,0.8141111
0022501124,2026-04-03,2025-26,HOU,UTA,1,0.9180366
0022501125,2026-04-03,2025-26,MEM,TOR,0,0.20746073
0022501126,2026-04-03,2025-26,MIL,BOS,0,0.1373333
0022501127,2026-04-03,2025-26,DAL,ORL,0,0.29458132
0022501128,2026-04-03,2025-26,SAC,NOP,1,0.38304693
0022501129,2026-04-04,2025-26,MIA,WAS,1,0.8951244
0022501130,2026-04-04,2025-26,DEN,SAS,1,0.5075031
0022501131,2026-04-04,2025-26,PHI,DET,0,0.3843972
0022501132,2026-04-05,2025-26,BOS,TOR,1,0.7636827
0022501133,2026-04-05,2025-26,BKN,WAS,1,0.635075
0022501134,2026-04-05,2025-26,CHI,PHX,0,0.33074737
0022501135,2026-04-05,2025-26,MIL,MEM,1,0.82361114
0022501136,2026-04-05,2025-26,CLE,IND,1,0.8620831
0022501137,2026-04-05,2025-26,MIN,CHA,0,0.3725069
0022501138,2026-04-05,2025-26,NOP,ORL,0,0.42345226
0022501139,2026-04-05,2025-26,OKC,UTA,1,0.9622691
0022501140,2026-04-05,2025-26,DAL,LAL,1,0.21804899
0022501141,2026-04-05,2025-26,SAC,LAC,0,0.2168892
0022501142,2026-04-05,2025-26,GSW,HOU,0,0.34799454
0022501143,2026-04-06,2025-26,ATL,NYK,0,0.6920517
0022501144,2026-04-06,2025-26,ORL,DET,1,0.3014189
0022501145,2026-04-06,2025-26,MEM,CLE,0,0.10662124
0022501146,2026-04-06,2025-26,SAS,PHI,1,0.8221234
0022501147,2026-04-06,2025-26,DEN,POR,1,0.6939862
0022501148,2026-04-07,2025-26,WAS,CHI,0,0.3410118
0022501149,2026-04-07,2025-26,BOS,CHA,1,0.6198951
0022501150,2026-04-07,2025-26,BKN,MIL,1,0.38866073
0022501151,2026-04-07,2025-26,TOR,MIA,1,0.49457932
0022501152,2026-04-07,2025-26,IND,MIN,0,0.32098088
0022501153,2026-04-07,2025-26,NOP,UTA,1,0.765158
0022501154,2026-04-07,2025-26,GSW,SAC,1,0.810049
0022501155,2026-04-07,2025-26,LAL,OKC,0,0.22427116
0022501156,2026-04-07,2025-26,LAC,DAL,1,0.7996691
0022501157,2026-04-07,2025-26,PHX,HOU,0,0.5234329
0022501158,2026-04-08,2025-26,CLE,ATL,1,0.33881298
0022501159,2026-04-08,2025-26,ORL,MIN,1,0.65330863
0022501160,2026-04-08,2025-26,DET,MIL,1,0.9067902
0022501161,2026-04-08,2025-26,SAS,POR,1,0.7691091
0022501162,2026-04-08,2025-26,DEN,MEM,1,0.95277613
0022501163,2026-04-08,2025-26,LAC,OKC,0,0.3197374
0022501164,2026-04-08,2025-26,PHX,DAL,1,0.80406296
0022501165,2026-04-09,2025-26,TOR,MIA,1,0.574128
0022501166,2026-04-09,2025-26,WAS,CHI,0,0.27446854
0022501167,2026-04-09,2025-26,BKN,IND,0,0.45757723
0022501168,2026-04-09,2025-26,NYK,BOS,1,0.5016018
0022501169,2026-04-09,2025-26,HOU,PHI,1,0.6298181
0022501170,2026-04-09,2025-26,GSW,LAL,0,0.68145305
0022501171,2026-04-10,2025-26,CHA,DET,0,0.5415753
0022501172,2026-04-10,2025-26,WAS,MIA,0,0.16467403
0022501173,2026-04-10,2025-26,ATL,CLE,1,0.6739051
0022501174,2026-04-10,2025-26,BOS,NOP,1,0.9164416
0022501175,2026-04-10,2025-26,IND,PHI,0,0.28225112
0022501176,2026-04-10,2025-26,NYK,TOR,1,0.68588513
0022501177,2026-04-10,2025-26,CHI,ORL,0,0.2958793
0022501178,2026-04-10,2025-26,HOU,MIN,0,0.669324
0022501179,2026-04-10,2025-26,MIL,BKN,1,0.8213888
0022501180,2026-04-10,2025-26,SAS,DAL,1,0.90650344
0022501181,2026-04-10,2025-26,UTA,MEM,1,0.5593069
0022501182,2026-04-10,2025-26,DEN,OKC,1,0.40617493
0022501183,2026-04-10,2025-26,POR,LAC,1,0.59225136
0022501184,2026-04-10,2025-26,SAC,GSW,1,0.4891053
0022501185,2026-04-10,2025-26,LAL,PHX,1,0.36493656
0022501186,2026-04-12,2025-26,BOS,ORL,1,0.6666598
0022501187,2026-04-12,2025-26,CLE,WAS,1,0.909347
0022501188,2026-04-12,2025-26,IND,DET,0,0.10440625
0022501189,2026-04-12,2025-26,MIA,ATL,1,0.37541792
0022501190,2026-04-12,2025-26,NYK,CHA,0,0.61489284
0022501191,2026-04-12,2025-26,PHI,MIL,1,0.76350003
0022501192,2026-04-12,2025-26,TOR,BKN,1,0.9311633
0022501193,2026-04-12,2025-26,DAL,CHI,1,0.53017265
0022501194,2026-04-12,2025-26,HOU,MEM,1,0.95922315
0022501195,2026-04-12,2025-26,MIN,NOP,1,0.85221416
0022501196,2026-04-12,2025-26,OKC,PHX,0,0.4932601
0022501197,2026-04-12,2025-26,SAS,DEN,0,0.85723835
0022501198,2026-04-12,2025-26,LAL,UTA,1,0.85023475
0022501199,2026-04-12,2025-26,LAC,GSW,1,0.6620114
0022501200,2026-04-12,2025-26,POR,SAC,1,0.8691234
