game_id,date,season,home,away,home_win,p_home
0022400061,2024-10-22,2024-25,BOS,NYK,1,0.6730586
0022400062,2024-10-22,2024-25,LAL,MIN,1,0.51480436
0022400063,2024-10-23,2024-25,DET,IND,0,0.24283
0022400064,2024-10-23,2024-25,ATL,BKN,1,0.65529907
0022400065,2024-10-23,2024-25,MIA,ORL,0,0.5829032
0022400066,2024-10-23,2024-25,PHI,MIL,0,0.39390296
0022400067,2024-10-23,2024-25,TOR,CLE,0,0.26514557
0022400068,2024-10-23,2024-25,HOU,CHA,0,0.82605076
0022400069,2024-10-23,2024-25,NOP,CHI,1,0.69260687
0022400070,2024-10-23,2024-25,UTA,MEM,0,0.36426407
0022400071,2024-10-23,2024-25,LAC,PHX,0,0.27150378
0022400072,2024-10-23,2024-25,POR,GSW,0,0.12413586
0022400073,2024-10-24,2024-25,WAS,BOS,0,0.058129244
0022400074,2024-10-24,2024-25,DAL,SAS,1,0.8349347
0022400075,2024-10-24,2024-25,DEN,OKC,0,0.63230413
0022400076,2024-10-24,2024-25,SAC,MIN,0,0.48166698
0022400077,2024-10-25,2024-25,ORL,BKN,1,0.736709
0022400078,2024-10-25,2024-25,TOR,PHI,1,0.31381258
0022400079,2024-10-25,2024-25,ATL,CHA,1,0.5054339
0022400080,2024-10-25,2024-25,CLE,DET,1,0.7338057
0022400081,2024-10-25,2024-25,NYK,IND,1,0.60466534
0022400082,2024-10-25,2024-25,HOU,MEM,1,0.70823807
0022400083,2024-10-25,2024-25,MIL,CHI,0,0.69327366
0022400084,2024-10-25,2024-25,UTA,GSW,0,0.2720256
0022400085,2024-10-25,2024-25,LAL,PHX,1,0.54783976
0022400086,2024-10-25,2024-25,POR,NOP,0,0.24091904
0022400087,2024-10-26,2024-25,DEN,LAC,0,0.81841385
0022400088,2024-10-26,2024-25,CHA,MIA,0,0.42869774
0022400089,2024-10-26,2024-25,DET,BOS,0,0.13939501
0022400090,2024-10-26,2024-25,WAS,CLE,0,0.18071859
0022400091,2024-10-26,2024-25,CHI,OKC,0,0.3031843
0022400092,2024-10-26,2024-25,MEM,ORL,1,0.36146268
0022400093,2024-10-26,2024-25,MIN,TOR,1,0.9305556
0022400094,2024-10-26,2024-25,SAS,HOU,1,0.4073707
0022400095,2024-10-26,2024-25,PHX,DAL,1,0.45430365
0022400096,2024-10-26,2024-25,LAL,SAC,1,0.5213072
0022400097,2024-10-27,2024-25,IND,PHI,0,0.75481576
0022400098,2024-10-27,2024-25,BKN,MIL,1,0.2898695
0022400099,2024-10-27,2024-25,POR,NOP,1,0.2614997
0022400100,2024-10-27,2024-25,OKC,ATL,1,0.77653515
0022400101,2024-10-27,2024-25,GSW,LAC,0,0.8104616
0022400102,2024-10-28,2024-25,ORL,IND,1,0.60087234
0022400103,2024-10-28,2024-25,ATL,WAS,0,0.68886703
0022400104,2024-10-28,2024-25,BOS,MIL,1,0.7640013
0022400105,2024-10-28,2024-25,MIA,DET,1,0.6797298
0022400106,2024-10-28,2024-25,NYK,CLE,0,0.60669637
0022400107,2024-10-28,2024-25,TOR,DEN,0,0.1348498
0022400108,2024-10-28,2024-25,MEM,CHI,0,0.38959605
0022400109,2024-10-28,2024-25,SAS,HOU,0,0.3309652
0022400110,2024-10-28,2024-25,DAL,UTA,1,0.83219725
0022400111,2024-10-28,2024-25,PHX,LAL,1,0.53959394
0022400112,2024-10-28,2024-25,SAC,POR,1,0.83936113
0022400113,2024-10-29,2024-25,BKN,DEN,0,0.28510875
0022400114,2024-10-29,2024-25,MIN,DAL,0,0.6170295
0022400115,2024-10-29,2024-25,UTA,SAC,0,0.21510571
0022400116,2024-10-29,2024-25,GSW,NOP,1,0.5298153
0022400117,2024-10-30,2024-25,CHA,TOR,1,0.74963945
0022400118,2024-10-30,2024-25,CLE,LAL,1,0.5648011
0022400119,2024-10-30,2024-25,IND,BOS,1,0.32826883
0022400120,2024-10-30,2024-25,PHI,DET,0,0.5102007
0022400121,2024-10-30,2024-25,WAS,ATL,1,0.379107
0022400122,2024-10-30,2024-25,MIA,NYK,0,0.4190272
0022400123,2024-10-30,2024-25,CHI,ORL,1,0.43657506
0022400124,2024-10-30,2024-25,MEM,BKN,0,0.6879907
0022400125,2024-10-30,2024-25,OKC,SAS,1,0.8667339
0022400126,2024-10-30,2024-25,GSW,NOP,1,0.7464676
0022400127,2024-10-30,2024-25,LAC,POR,0,0.72003317
0022400128,2024-10-31,2024-25,MEM,MIL,1,0.28951052
0022400129,2024-10-31,2024-25,DAL,HOU,0,0.6494784
0022400130,2024-10-31,2024-25,UTA,SAS,0,0.46130723
0022400131,2024-10-31,2024-25,LAC,PHX,0,0.33555394
0022400132,2024-11-01,2024-25,CHA,BOS,0,0.23033243
0022400133,2024-11-01,2024-25,CLE,ORL,1,0.74646163
0022400134,2024-11-01,2024-25,DET,NYK,0,0.34815928
0022400135,2024-11-01,2024-25,ATL,SAC,0,0.22252777
0022400136,2024-11-01,2024-25,BKN,CHI,1,0.48601234
0022400137,2024-11-01,2024-25,TOR,LAL,0,0.16815178
0022400138,2024-11-01,2024-25,NOP,IND,1,0.37072513
0022400139,2024-11-01,2024-25,MIN,DEN,1,0.5818653
0022400140,2024-11-01,2024-25,POR,OKC,0,0.24383673
0022400141,2024-11-02,2024-25,CHA,BOS,0,0.17189386
0022400142,2024-11-02,2024-25,PHI,MEM,0,0.520008
0022400143,2024-11-02,2024-25,TOR,SAC,1,0.13456061
0022400144,2024-11-02,2024-25,HOU,GSW,0,0.51322055
0022400145,2024-11-02,2024-25,MIL,CLE,0,0.5306388
0022400146,2024-11-02,2024-25,SAS,MIN,1,0.38598916
0022400148,2024-11-02,2024-25,DEN,UTA,1,0.85757333
0022400149,2024-11-02,2024-25,PHX,POR,1,0.85950774
0022400150,2024-11-02,2024-25,LAC,OKC,0,0.31461543
0022400151,2024-11-03,2024-25,BKN,DET,0,0.6258553
0022400152,2024-11-03,2024-25,NOP,ATL,0,0.4596298
0022400153,2024-11-03,2024-25,DAL,ORL,1,0.7555614
0022400154,2024-11-04,2024-25,CLE,MIL,1,0.715983
0022400155,2024-11-04,2024-25,WAS,GSW,0,0.17099793
0022400156,2024-11-04,2024-25,DET,LAL,1,0.2725132
0022400157,2024-11-04,2024-25,ATL,BOS,0,0.16597308
0022400158,2024-11-04,2024-25,BKN,MEM,1,0.4666106
0022400159,2024-11-04,2024-25,MIA,SAC,0,0.46366093
0022400160,2024-11-04,2024-25,CHI,UTA,0,0.8215793
0022400161,2024-11-04,2024-25,HOU,NYK,1,0.45506623
0022400162,2024-11-04,2024-25,MIN,CHA,1,0.7684052
0022400163,2024-11-04,2024-25,OKC,ORL,1,0.8824183
0022400164,2024-11-04,2024-25,NOP,POR,0,0.4082588
0022400165,2024-11-04,2024-25,DAL,IND,0,0.63572973
0022400166,2024-11-04,2024-25,DEN,TOR,1,0.8508831
0022400167,2024-11-04,2024-25,PHX,PHI,1,0.7949024
0022400168,2024-11-04,2024-25,LAC,SAS,1,0.5906994
0022400169,2024-11-06,2024-25,CHA,DET,1,0.5373061
0022400170,2024-11-06,2024-25,IND,ORL,1,0.749129
0022400171,2024-11-06,2024-25,ATL,NYK,1,0.24070463
0022400172,2024-11-06,2024-25,BOS,GSW,0,0.64836824
0022400173,2024-11-06,2024-25,HOU,SAS,1,0.7115426
0022400174,2024-11-06,2024-25,MEM,LAL,1,0.47197786
0022400175,2024-11-06,2024-25,NOP,CLE,0,0.28845733
0022400176,2024-11-06,2024-25,DAL,CHI,1,0.7228788
0022400177,2024-11-06,2024-25,DEN,OKC,1,0.4102629
0022400178,2024-11-06,2024-25,PHX,MIA,1,0.68306404
0022400179,2024-11-06,2024-25,LAC,PHI,1,0.63412094
0022400180,2024-11-06,2024-25,SAC,TOR,1,0.8369689
0022400181,2024-11-07,2024-25,CHI,MIN,0,0.3121601
0022400182,2024-11-07,2024-25,MIL,UTA,1,0.7255959
0022400183,2024-11-07,2024-25,SAS,POR,1,0.5459311
0022400184,2024-11-08,2024-25,CHA,IND,1,0.42012522
0022400185,2024-11-08,2024-25,DET,ATL,1,0.58573616
0022400186,2024-11-08,2024-25,ORL,NOP,1,0.75284195
0022400187,2024-11-08,2024-25,BOS,BKN,1,0.817946
0022400188,2024-11-08,2024-25,CLE,GSW,1,0.4826208
0022400189,2024-11-08,2024-25,NYK,MIL,1,0.65749514
0022400190,2024-11-08,2024-25,DAL,PHX,0,0.5280275
0022400191,2024-11-08,2024-25,MEM,WAS,1,0.70067495
0022400192,2024-11-08,2024-25,OKC,HOU,1,0.7316365
0022400193,2024-11-08,2024-25,MIN,POR,1,0.7728919
0022400194,2024-11-08,2024-25,DEN,MIA,1,0.7106354
0022400195,2024-11-08,2024-25,LAL,PHI,1,0.8115353
0022400196,2024-11-08,2024-25,SAC,LAC,0,0.6717829
0022400197,2024-11-09,2024-25,SAS,UTA,0,0.62813294
0022400198,2024-11-09,2024-25,ATL,CHI,0,0.48638284
0022400199,2024-11-09,2024-25,CLE,BKN,1,0.80379283
0022400200,2024-11-09,2024-25,LAC,TOR,1,0.6932099
0022400201,2024-11-10,2024-25,DET,HOU,0,0.3706832
0022400202,2024-11-10,2024-25,MIL,BOS,0,0.35064006
0022400203,2024-11-10,2024-25,IND,NYK,1,0.31486484
0022400204,2024-11-10,2024-25,ORL,WAS,1,0.7311792
0022400205,2024-11-10,2024-25,PHI,CHA,1,0.5155044
0022400206,2024-11-10,2024-25,MIN,MIA,0,0.72417235
0022400207,2024-11-10,2024-25,OKC,GSW,0,0.62249905
0022400208,2024-11-10,2024-25,DEN,DAL,1,0.6326978
0022400209,2024-11-10,2024-25,PHX,SAC,0,0.5350076
0022400210,2024-11-10,2024-25,POR,MEM,0,0.53453344
0022400211,2024-11-10,2024-25,LAL,TOR,1,0.7991569
0022400212,2024-11-11,2024-25,CHI,CLE,0,0.298347
0022400213,2024-11-11,2024-25,HOU,WAS,1,0.803389
0022400214,2024-11-11,2024-25,NOP,BKN,0,0.3287393
0022400215,2024-11-11,2024-25,OKC,LAC,1,0.6603224
0022400216,2024-11-11,2024-25,SAS,SAC,1,0.41321856
0022400001,2024-11-12,2024-25,BOS,ATL,0,0.8797647
0022400002,2024-11-12,2024-25,DET,MIA,1,0.42927688
0022400003,2024-11-12,2024-25,ORL,CHA,1,0.65678376
0022400004,2024-11-12,2024-25,PHI,NYK,0,0.37027657
0022400005,2024-11-12,2024-25,MIL,TOR,1,0.71512026
0022400006,2024-11-12,2024-25,UTA,PHX,0,0.27557197
0022400007,2024-11-12,2024-25,GSW,DAL,1,0.5659305
0022400008,2024-11-12,2024-25,POR,MIN,1,0.26202187
0022400217,2024-11-13,2024-25,ORL,IND,1,0.4466037
0022400218,2024-11-13,2024-25,BKN,BOS,0,0.28184816
0022400219,2024-11-13,2024-25,NYK,CHI,0,0.74560976
0022400220,2024-11-13,2024-25,PHI,CLE,0,0.11456936
0022400221,2024-11-13,2024-25,OKC,NOP,1,0.94373995
0022400222,2024-11-13,2024-25,HOU,LAC,1,0.55593
0022400223,2024-11-13,2024-25,MIL,DET,1,0.7134111
0022400224,2024-11-13,2024-25,SAS,WAS,1,0.7275635
0022400225,2024-11-13,2024-25,LAL,MEM,1,0.6694972
0022400226,2024-11-13,2024-25,POR,MIN,1,0.23763196
0022400227,2024-11-13,2024-25,SAC,PHX,1,0.7237472
0022400228,2024-11-14,2024-25,UTA,DAL,1,0.29345483
0022400009,2024-11-15,2024-25,IND,MIA,0,0.47730452
0022400010,2024-11-15,2024-25,ORL,PHI,1,0.5954559
0022400011,2024-11-15,2024-25,TOR,DET,0,0.46388435
0022400012,2024-11-15,2024-25,ATL,WAS,1,0.69383043
0022400013,2024-11-15,2024-25,CLE,CHI,1,0.7808732
0022400014,2024-11-15,2024-25,NYK,BKN,1,0.7043235
0022400015,2024-11-15,2024-25,SAS,LAL,0,0.43581527
0022400016,2024-11-15,2024-25,HOU,LAC,1,0.5791358
0022400017,2024-11-15,2024-25,NOP,DEN,1,0.2054604
0022400018,2024-11-15,2024-25,OKC,PHX,1,0.7759795
0022400019,2024-11-15,2024-25,GSW,MEM,1,0.78258497
0022400020,2024-11-15,2024-25,SAC,MIN,0,0.547792
0022400229,2024-11-16,2024-25,CHA,MIL,1,0.41874856
0022400230,2024-11-16,2024-25,BOS,TOR,1,0.92903346
0022400231,2024-11-16,2024-25,NOP,LAL,0,0.10624572
0022400232,2024-11-16,2024-25,DAL,SAS,1,0.85696936
0022400233,2024-11-16,2024-25,SAC,UTA,1,0.73350024
0022400234,2024-11-17,2024-25,MIN,PHX,1,0.6696575
0022400235,2024-11-17,2024-25,IND,MIA,1,0.51072747
0022400236,2024-11-17,2024-25,CLE,CHA,1,0.8049904
0022400237,2024-11-17,2024-25,WAS,DET,0,0.45206442
0022400238,2024-11-17,2024-25,MEM,DEN,1,0.63332015
0022400239,2024-11-17,2024-25,POR,ATL,1,0.5081711
0022400240,2024-11-17,2024-25,NYK,BKN,1,0.81565344
0022400241,2024-11-17,2024-25,CHI,HOU,0,0.46372443
0022400242,2024-11-17,2024-25,OKC,DAL,0,0.7534016
0022400243,2024-11-17,2024-25,LAC,UTA,1,0.7699853
0022400244,2024-11-18,2024-25,DET,CHI,0,0.5274831
0022400245,2024-11-18,2024-25,MIA,PHI,1,0.57268906
0022400246,2024-11-18,2024-25,NYK,WAS,1,0.82802206
0022400247,2024-11-18,2024-25,TOR,IND,1,0.4657324
0022400248,2024-11-18,2024-25,MIL,HOU,1,0.5944001
0022400249,2024-11-18,2024-25,PHX,ORL,0,0.47789785
0022400250,2024-11-18,2024-25,SAC,ATL,0,0.7644698
0022400251,2024-11-18,2024-25,LAC,GSW,1,0.32055053
0022400021,2024-11-19,2024-25,BOS,CLE,1,0.6114717
0022400022,2024-11-19,2024-25,BKN,CHA,1,0.49002555
0022400023,2024-11-19,2024-25,MEM,DEN,0,0.6813681
0022400024,2024-11-19,2024-25,DAL,NOP,1,0.90929556
0022400025,2024-11-19,2024-25,SAS,OKC,1,0.17415248
0022400026,2024-11-19,2024-25,LAL,UTA,1,0.80026263
0022400252,2024-11-20,2024-25,CLE,NOP,1,0.9465955
0022400253,2024-11-20,2024-25,MIL,CHI,1,0.68239635
0022400254,2024-11-20,2024-25,HOU,IND,1,0.67576677
0022400255,2024-11-20,2024-25,MEM,PHI,1,0.53445196
0022400256,2024-11-20,2024-25,OKC,POR,1,0.85827523
0022400257,2024-11-20,2024-25,PHX,NYK,0,0.38342285
0022400258,2024-11-20,2024-25,GSW,ATL,1,0.7697135
0022400259,2024-11-20,2024-25,LAC,ORL,1,0.57459944
0022400260,2024-11-21,2024-25,CHA,DET,1,0.5577925
0022400261,2024-11-21,2024-25,TOR,MIN,1,0.30634665
0022400262,2024-11-21,2024-25,SAS,UTA,1,0.6886779
0022400263,2024-11-21,2024-25,LAL,ORL,0,0.68611693
0022400027,2024-11-22,2024-25,PHI,BKN,1,0.50589377
0022400028,2024-11-22,2024-25,WAS,BOS,0,0.16274108
0022400029,2024-11-22,2024-25,MIL,IND,1,0.6632822
0022400030,2024-11-22,2024-25,CHI,ATL,1,0.54233646
0022400031,2024-11-22,2024-25,HOU,POR,1,0.7738494
0022400032,2024-11-22,2024-25,NOP,GSW,0,0.09240518
0022400033,2024-11-22,2024-25,DEN,DAL,0,0.6251922
0022400034,2024-11-22,2024-25,LAC,SAC,1,0.43429682
0022400264,2024-11-23,2024-25,UTA,NYK,1,0.21513368
0022400265,2024-11-23,2024-25,ORL,DET,1,0.70691514
0022400266,2024-11-23,2024-25,CHI,MEM,0,0.42870027
0022400267,2024-11-23,2024-25,HOU,POR,0,0.83089393
0022400268,2024-11-23,2024-25,MIL,CHA,1,0.7159111
0022400269,2024-11-23,2024-25,SAS,GSW,1,0.3457428
0022400270,2024-11-23,2024-25,LAL,DEN,0,0.5561904
0022400271,2024-11-24,2024-25,BOS,MIN,1,0.75442916
0022400272,2024-11-24,2024-25,IND,WAS,1,0.72644794
0022400273,2024-11-24,2024-25,MIA,DAL,1,0.58599424
0022400274,2024-11-24,2024-25,PHI,LAC,0,0.33958417
0022400275,2024-11-24,2024-25,CLE,TOR,1,0.81342727
0022400276,2024-11-24,2024-25,SAC,BKN,0,0.8711104
0022400277,2024-11-25,2024-25,CHA,ORL,0,0.27872896
0022400278,2024-11-25,2024-25,DET,TOR,1,0.5147392
0022400279,2024-11-25,2024-25,IND,NOP,1,0.73563117
0022400280,2024-11-25,2024-25,ATL,DAL,0,0.45406002
0022400281,2024-11-25,2024-25,BOS,LAC,1,0.7433732
0022400282,2024-11-25,2024-25,MEM,POR,1,0.814608
0022400283,2024-11-25,2024-25,DEN,NYK,0,0.603535
0022400284,2024-11-25,2024-25,GSW,BKN,0,0.88391703
0022400285,2024-11-25,2024-25,SAC,OKC,0,0.33537877
0022400035,2024-11-26,2024-25,WAS,CHI,0,0.39411193
0022400036,2024-11-26,2024-25,MIA,MIL,0,0.6157185
0022400037,2024-11-26,2024-25,MIN,HOU,0,0.4942272
0022400038,2024-11-26,2024-25,UTA,SAS,0,0.3752827
0022400039,2024-11-26,2024-25,PHX,LAL,1,0.60738146
0022400286,2024-11-27,2024-25,CHA,MIA,0,0.34168288
0022400287,2024-11-27,2024-25,CLE,ATL,0,0.76847744
0022400288,2024-11-27,2024-25,IND,POR,1,0.68892366
0022400289,2024-11-27,2024-25,ORL,CHI,1,0.7337996
0022400290,2024-11-27,2024-25,PHI,HOU,0,0.27941754
0022400291,2024-11-27,2024-25,WAS,LAC,0,0.23857448
0022400292,2024-11-27,2024-25,DAL,NYK,1,0.41904333
0022400293,2024-11-27,2024-25,MEM,DET,1,0.801199
0022400294,2024-11-27,2024-25,MIN,SAC,0,0.5250266
0022400295,2024-11-27,2024-25,NOP,TOR,0,0.36086977
0022400296,2024-11-27,2024-25,SAS,LAL,0,0.5341879
0022400297,2024-11-27,2024-25,PHX,BKN,0,0.7135216
0022400298,2024-11-27,2024-25,UTA,DEN,0,0.11140624
0022400299,2024-11-27,2024-25,GSW,OKC,0,0.30866495
0022400040,2024-11-29,2024-25,CHA,NYK,0,0.10552768
0022400041,2024-11-29,2024-25,ATL,CLE,1,0.3270197
0022400042,2024-11-29,2024-25,MEM,NOP,1,0.8330077
0022400043,2024-11-29,2024-25,BKN,ORL,0,0.28717688
0022400044,2024-11-29,2024-25,MIN,LAC,1,0.5776975
0022400045,2024-11-29,2024-25,IND,DET,0,0.5803379
0022400046,2024-11-29,2024-25,MIA,TOR,1,0.62534016
0022400047,2024-11-29,2024-25,CHI,BOS,0,0.21809012
0022400048,2024-11-29,2024-25,LAL,OKC,0,0.32302448
0022400049,2024-11-29,2024-25,POR,SAC,1,0.30452514
0022400300,2024-11-30,2024-25,CHA,ATL,0,0.29452944
0022400301,2024-11-30,2024-25,DET,PHI,0,0.5416756
0022400302,2024-11-30,2024-25,MIL,WAS,1,0.8516722
0022400303,2024-11-30,2024-25,PHX,GSW,1,0.45858583
0022400304,2024-11-30,2024-25,UTA,DAL,0,0.2320988
0022400305,2024-12-01,2024-25,BKN,ORL,0,0.32063216
0022400306,2024-12-01,2024-25,MEM,IND,1,0.7866392
0022400307,2024-12-01,2024-25,CLE,BOS,1,0.40935424
0022400308,2024-12-01,2024-25,NYK,NOP,1,0.84374696
0022400309,2024-12-01,2024-25,TOR,MIA,1,0.46341333
0022400310,2024-12-01,2024-25,HOU,OKC,1,0.43757895
0022400311,2024-12-01,2024-25,UTA,LAL,0,0.26981404
0022400312,2024-12-01,2024-25,POR,DAL,0,0.34776703
0022400313,2024-12-01,2024-25,SAC,SAS,0,0.6680045
0022400314,2024-12-01,2024-25,LAC,DEN,1,0.38577121
0022400315,2024-12-02,2024-25,ATL,NOP,1,0.772229
0022400316,2024-12-02,2024-25,BOS,MIA,1,0.77695906
0022400317,2024-12-02,2024-25,CHI,BKN,1,0.7816147
0022400318,2024-12-02,2024-25,MIN,LAL,1,0.70796514
0022400050,2024-12-03,2024-25,CHA,PHI,0,0.33832675
0022400051,2024-12-03,2024-25,CLE,WAS,1,0.88578755
0022400052,2024-12-03,2024-25,DET,MIL,0,0.36835393
0022400053,2024-12-03,2024-25,NYK,ORL,1,0.592998
0022400054,2024-12-03,2024-25,TOR,IND,1,0.5553096
0022400055,2024-12-03,2024-25,OKC,UTA,1,0.91083795
0022400056,2024-12-03,2024-25,DAL,MEM,1,0.5708742
0022400057,2024-12-03,2024-25,PHX,SAS,1,0.63288504
0022400058,2024-12-03,2024-25,DEN,GSW,1,0.64760673
0022400059,2024-12-03,2024-25,SAC,HOU,1,0.48444837
0022400060,2024-12-03,2024-25,LAC,POR,1,0.74377155
0022400319,2024-12-04,2024-25,BOS,DET,1,0.84474427
0022400320,2024-12-04,2024-25,BKN,IND,1,0.4951004
0022400321,2024-12-04,2024-25,MIA,LAL,1,0.6615395
0022400322,2024-12-04,2024-25,PHI,ORL,0,0.30580533
0022400323,2024-12-04,2024-25,MIL,ATL,0,0.5831147
0022400324,2024-12-04,2024-25,LAC,MIN,0,0.42968658
0022400325,2024-12-05,2024-25,CLE,DEN,1,0.5595151
0022400326,2024-12-05,2024-25,WAS,DAL,0,0.14530152
0022400327,2024-12-05,2024-25,NYK,CHA,1,0.87071043
0022400328,2024-12-05,2024-25,TOR,OKC,0,0.18773094
0022400329,2024-12-05,2024-25,MEM,SAC,1,0.6203026
0022400330,2024-12-05,2024-25,NOP,PHX,1,0.3884505
0022400331,2024-12-05,2024-25,SAS,CHI,0,0.53715074
0022400332,2024-12-05,2024-25,GSW,HOU,1,0.38771772
0022400333,2024-12-06,2024-25,PHI,ORL,1,0.41086993
0022400334,2024-12-06,2024-25,ATL,LAL,1,0.6770069
0022400335,2024-12-06,2024-25,BOS,MIL,1,0.75583196
0022400336,2024-12-06,2024-25,CHI,IND,0,0.51125246
0022400337,2024-12-06,2024-25,SAS,SAC,0,0.33346197
0022400338,2024-12-06,2024-25,GSW,MIN,0,0.4782671
0022400339,2024-12-06,2024-25,POR,UTA,0,0.6824586
0022400340,2024-12-07,2024-25,CHA,CLE,0,0.13931294
0022400341,2024-12-07,2024-25,WAS,DEN,1,0.12185756
0022400342,2024-12-07,2024-25,NOP,OKC,0,0.18258086
0022400343,2024-12-07,2024-25,NYK,DET,0,0.69201607
0022400344,2024-12-07,2024-25,TOR,DAL,0,0.22587332
0022400345,2024-12-07,2024-25,BOS,MEM,0,0.64133996
0022400346,2024-12-07,2024-25,MIA,PHX,1,0.6518809
0022400347,2024-12-08,2024-25,CHI,PHI,0,0.49062246
0022400348,2024-12-08,2024-25,BKN,MIL,0,0.26126462
0022400349,2024-12-08,2024-25,IND,CHA,0,0.86311156
0022400350,2024-12-08,2024-25,ATL,DEN,0,0.4149492
0022400351,2024-12-08,2024-25,MIA,CLE,1,0.4825809
0022400352,2024-12-08,2024-25,ORL,PHX,1,0.60366863
0022400353,2024-12-08,2024-25,WAS,MEM,0,0.19330674
0022400354,2024-12-08,2024-25,SAS,NOP,1,0.69161105
0022400355,2024-12-08,2024-25,GSW,MIN,1,0.49561048
0022400356,2024-12-08,2024-25,LAC,HOU,0,0.43592542
0022400357,2024-12-08,2024-25,SAC,UTA,1,0.82845604
0022400358,2024-12-08,2024-25,LAL,POR,1,0.59657425
0022400359,2024-12-09,2024-25,TOR,NYK,0,0.30447435
0022401201,2024-12-10,2024-25,MIL,ORL,1,0.7012368
0022401203,2024-12-10,2024-25,OKC,DAL,1,0.6406026
0022401202,2024-12-11,2024-25,NYK,ATL,0,0.70801383
0022401204,2024-12-11,2024-25,HOU,GSW,1,0.6238952
0022401205,2024-12-12,2024-25,BOS,DET,1,0.820895
0022401206,2024-12-12,2024-25,MIA,TOR,1,0.7909299
0022401207,2024-12-12,2024-25,NOP,SAC,0,0.31650046
0022401208,2024-12-13,2024-25,CLE,WAS,1,0.9196465
0022401209,2024-12-13,2024-25,PHI,IND,0,0.65315247
0022401210,2024-12-13,2024-25,MIN,LAL,1,0.7610899
0022401211,2024-12-13,2024-25,MEM,BKN,1,0.85098994
0022401212,2024-12-13,2024-25,CHI,CHA,1,0.6967052
0022401213,2024-12-13,2024-25,DEN,LAC,1,0.7647173
0022401214,2024-12-13,2024-25,UTA,PHX,0,0.3083641
0022401215,2024-12-13,2024-25,POR,SAS,0,0.45803645
0022401216,2024-12-15,2024-25,IND,NOP,1,0.5739741
0022401217,2024-12-15,2024-25,WAS,BOS,0,0.07739355
0022401218,2024-12-15,2024-25,SAS,MIN,0,0.343261
0022401219,2024-12-15,2024-25,PHX,POR,1,0.74291694
0022401220,2024-12-15,2024-25,LAL,MEM,1,0.3611921
0022401227,2024-12-15,2024-25,ORL,NYK,0,0.36204323
0022401228,2024-12-15,2024-25,GSW,DAL,0,0.34986377
0022401221,2024-12-16,2024-25,DET,MIA,1,0.3190611
0022401222,2024-12-16,2024-25,CHA,PHI,0,0.42624855
0022401223,2024-12-16,2024-25,TOR,CHI,0,0.4278004
0022401224,2024-12-16,2024-25,BKN,CLE,0,0.17429192
0022401225,2024-12-16,2024-25,SAC,DEN,0,0.43683353
0022401226,2024-12-16,2024-25,LAC,UTA,1,0.6856189
0022400360,2024-12-19,2024-25,DET,UTA,0,0.69279945
0022400361,2024-12-19,2024-25,ORL,OKC,0,0.20463793
0022400362,2024-12-19,2024-25,WAS,CHA,1,0.42615566
0022400363,2024-12-19,2024-25,BOS,CHI,0,0.8708588
0022400364,2024-12-19,2024-25,TOR,BKN,0,0.5117061
0022400365,2024-12-19,2024-25,HOU,NOP,1,0.8240417
0022400366,2024-12-19,2024-25,MEM,GSW,1,0.5761271
0022400367,2024-12-19,2024-25,MIN,NYK,0,0.62242675
0022400368,2024-12-19,2024-25,DAL,LAC,0,0.53806597
0022400369,2024-12-19,2024-25,PHX,IND,0,0.6841519
0022400370,2024-12-19,2024-25,SAS,ATL,1,0.48164618
0022400371,2024-12-19,2024-25,POR,DEN,1,0.27139404
0022400372,2024-12-19,2024-25,SAC,LAL,0,0.65370035
0022400373,2024-12-20,2024-25,PHI,CHA,1,0.8597479
0022400374,2024-12-20,2024-25,CLE,MIL,1,0.64383614
0022400375,2024-12-20,2024-25,MIA,OKC,0,0.3848276
0022400376,2024-12-21,2024-25,SAC,LAL,0,0.644298
0022400377,2024-12-21,2024-25,ORL,MIA,1,0.62006164
0022400378,2024-12-21,2024-25,ATL,MEM,0,0.30581757
0022400379,2024-12-21,2024-25,BKN,UTA,0,0.45543024
0022400380,2024-12-21,2024-25,CLE,PHI,1,0.82628846
0022400381,2024-12-21,2024-25,CHI,BOS,0,0.2709044
0022400382,2024-12-21,2024-25,MIL,WAS,1,0.7096285
0022400383,2024-12-21,2024-25,MIN,GSW,0,0.6922379
0022400384,2024-12-21,2024-25,NOP,NYK,0,0.24468783
0022400385,2024-12-21,2024-25,DAL,LAC,1,0.5934701
0022400386,2024-12-21,2024-25,SAS,POR,1,0.63092154
0022400387,2024-12-21,2024-25,PHX,DET,0,0.662398
0022400388,2024-12-22,2024-25,TOR,HOU,0,0.22032884
0022400389,2024-12-22,2024-25,SAC,IND,0,0.6055664
0022400390,2024-12-22,2024-25,NOP,DEN,0,0.17714529
0022400391,2024-12-23,2024-25,CHA,HOU,0,0.36685193
0022400392,2024-12-23,2024-25,CLE,UTA,1,0.8455388
0022400393,2024-12-23,2024-25,ORL,BOS,1,0.27753076
0022400394,2024-12-23,2024-25,PHI,SAS,1,0.5773163
0022400395,2024-12-23,2024-25,ATL,MIN,1,0.3389591
0022400396,2024-12-23,2024-25,MIA,BKN,1,0.7621443
0022400397,2024-12-23,2024-25,NYK,TOR,1,0.8570144
0022400398,2024-12-23,2024-25,CHI,MIL,0,0.59534645
0022400399,2024-12-23,2024-25,MEM,LAC,0,0.68812245
0022400400,2024-12-23,2024-25,OKC,WAS,1,0.94085747
0022400401,2024-12-23,2024-25,DAL,POR,1,0.85801774
0022400402,2024-12-23,2024-25,DEN,PHX,1,0.6492529
0022400403,2024-12-23,2024-25,GSW,IND,0,0.61890376
0022400404,2024-12-23,2024-25,LAL,DET,0,0.60530126
0022400405,2024-12-25,2024-25,NYK,SAS,1,0.7435416
0022400406,2024-12-25,2024-25,DAL,MIN,0,0.66264474
0022400407,2024-12-25,2024-25,BOS,PHI,0,0.6919469
0022400408,2024-12-25,2024-25,GSW,LAL,0,0.62662345
0022400409,2024-12-25,2024-25,PHX,DEN,1,0.33202305
0022400410,2024-12-26,2024-25,IND,OKC,0,0.25870186
0022400411,2024-12-26,2024-25,ORL,MIA,0,0.59271765
0022400412,2024-12-26,2024-25,WAS,CHA,1,0.4887297
0022400413,2024-12-26,2024-25,ATL,CHI,1,0.6010397
0022400414,2024-12-26,2024-25,MEM,TOR,1,0.8642216
0022400415,2024-12-26,2024-25,MIL,BKN,0,0.8091302
0022400416,2024-12-26,2024-25,NOP,HOU,0,0.3154851
0022400417,2024-12-26,2024-25,POR,UTA,1,0.6478593
0022400418,2024-12-26,2024-25,SAC,DET,0,0.6176176
0022400419,2024-12-27,2024-25,ORL,NYK,0,0.3218639
0022400420,2024-12-27,2024-25,BOS,IND,1,0.8582316
0022400421,2024-12-27,2024-25,BKN,SAS,0,0.21471272
0022400422,2024-12-27,2024-25,HOU,MIN,0,0.420614
0022400423,2024-12-27,2024-25,NOP,MEM,0,0.16405514
0022400424,2024-12-27,2024-25,DEN,CLE,0,0.513491
0022400425,2024-12-27,2024-25,PHX,DAL,0,0.53309864
0022400426,2024-12-27,2024-25,LAC,GSW,1,0.72116166
0022400427,2024-12-28,2024-25,ATL,MIA,1,0.5216713
0022400428,2024-12-28,2024-25,CHA,OKC,0,0.06854548
0022400429,2024-12-28,2024-25,WAS,NYK,0,0.18639018
0022400430,2024-12-28,2024-25,CHI,MIL,1,0.4199788
0022400431,2024-12-28,2024-25,GSW,PHX,1,0.5900546
0022400432,2024-12-28,2024-25,DEN,DET,1,0.73927355
0022400433,2024-12-28,2024-25,UTA,PHI,0,0.2804535
0022400434,2024-12-28,2024-25,POR,DAL,1,0.33695474
0022400435,2024-12-28,2024-25,LAL,SAC,1,0.48034838
0022400436,2024-12-29,2024-25,ORL,BKN,1,0.77504015
0022400437,2024-12-29,2024-25,BOS,IND,0,0.8287241
0022400438,2024-12-29,2024-25,TOR,ATL,0,0.4953009
0022400439,2024-12-29,2024-25,HOU,MIA,0,0.7026977
0022400440,2024-12-29,2024-25,OKC,MEM,1,0.6699196
0022400441,2024-12-29,2024-25,MIN,SAS,1,0.72624224
0022400442,2024-12-30,2024-25,CHA,CHI,0,0.2935328
0022400443,2024-12-30,2024-25,WAS,NYK,0,0.14764369
0022400444,2024-12-30,2024-25,NOP,LAC,0,0.27632627
0022400445,2024-12-30,2024-25,UTA,DEN,0,0.19136009
0022400446,2024-12-30,2024-25,GSW,CLE,0,0.40734205
0022400447,2024-12-30,2024-25,POR,PHI,0,0.3540231
0022400448,2024-12-30,2024-25,SAC,DAL,1,0.7145029
0022400449,2024-12-31,2024-25,BOS,TOR,1,0.88986814
0022400450,2024-12-31,2024-25,IND,MIL,0,0.40151352
0022400451,2024-12-31,2024-25,SAS,LAC,1,0.53159547
0022400452,2024-12-31,2024-25,OKC,MIN,1,0.74160254
0022400453,2024-12-31,2024-25,PHX,MEM,0,0.52582896
0022400454,2024-12-31,2024-25,LAL,CLE,0,0.44046313
0022400455,2025-01-01,2024-25,DET,ORL,1,0.53738564
0022400456,2025-01-01,2024-25,WAS,CHI,1,0.33565485
0022400457,2025-01-01,2024-25,MIA,NOP,1,0.78946835
0022400458,2025-01-01,2024-25,NYK,UTA,1,0.8194072
0022400459,2025-01-01,2024-25,TOR,BKN,1,0.5264262
0022400460,2025-01-01,2024-25,HOU,DAL,1,0.53302026
0022400461,2025-01-01,2024-25,DEN,ATL,1,0.7529958
0022400462,2025-01-01,2024-25,SAC,PHI,1,0.68620867
0022400463,2025-01-02,2024-25,MIA,IND,0,0.55461645
0022400464,2025-01-02,2024-25,MIN,BOS,0,0.40867293
0022400465,2025-01-02,2024-25,MIL,BKN,0,0.87364095
0022400466,2025-01-02,2024-25,OKC,LAC,1,0.8539451
0022400467,2025-01-02,2024-25,GSW,PHI,1,0.57392395
0022400468,2025-01-02,2024-25,LAL,POR,1,0.70815206
0022400469,2025-01-03,2024-25,DET,CHA,1,0.7285896
0022400470,2025-01-03,2024-25,TOR,ORL,0,0.5224097
0022400471,2025-01-03,2024-25,HOU,BOS,0,0.41435426
0022400472,2025-01-03,2024-25,NOP,WAS,1,0.5785829
0022400473,2025-01-03,2024-25,OKC,NYK,1,0.5919854
0022400474,2025-01-03,2024-25,DAL,CLE,0,0.2550856
0022400475,2025-01-03,2024-25,DEN,SAS,0,0.7200484
0022400476,2025-01-03,2024-25,SAC,MEM,1,0.43549344
0022400477,2025-01-03,2024-25,LAL,ATL,1,0.5197986
0022400478,2025-01-04,2024-25,BKN,PHI,0,0.19870691
0022400479,2025-01-04,2024-25,DET,MIN,1,0.31271046
0022400480,2025-01-04,2024-25,IND,PHX,1,0.4650653
0022400481,2025-01-04,2024-25,MIA,UTA,0,0.6982
0022400482,2025-01-04,2024-25,CHI,NYK,1,0.36003488
0022400483,2025-01-04,2024-25,MIL,POR,0,0.82520723
0022400484,2025-01-04,2024-25,SAS,DEN,0,0.35376084
0022400485,2025-01-04,2024-25,GSW,MEM,1,0.45685795
0022400486,2025-01-04,2024-25,LAC,ATL,1,0.7105117
0022400487,2025-01-05,2024-25,OKC,BOS,1,0.610057
0022400488,2025-01-05,2024-25,CLE,CHA,1,0.881782
0022400489,2025-01-05,2024-25,WAS,NOP,0,0.46335825
0022400490,2025-01-05,2024-25,ORL,UTA,0,0.7061435
0022400491,2025-01-05,2024-25,HOU,LAL,1,0.53181446
0022400492,2025-01-05,2024-25,GSW,SAC,0,0.56785023
0022400493,2025-01-06,2024-25,DET,POR,1,0.6556601
0022400494,2025-01-06,2024-25,PHI,PHX,0,0.40666175
0022400495,2025-01-06,2024-25,BKN,IND,0,0.14725083
0022400496,2025-01-06,2024-25,NYK,ORL,0,0.825827
0022400497,2025-01-06,2024-25,TOR,MIL,0,0.3614558
0022400498,2025-01-06,2024-25,CHI,SAS,1,0.5385029
0022400499,2025-01-06,2024-25,MEM,DAL,1,0.67975456
0022400500,2025-01-06,2024-25,MIN,LAC,1,0.5351651
0022400501,2025-01-06,2024-25,SAC,MIA,1,0.5893154
0022400502,2025-01-07,2024-25,CHA,PHX,1,0.35022742
0022400503,2025-01-07,2024-25,WAS,HOU,0,0.21434021
0022400504,2025-01-07,2024-25,DAL,LAL,1,0.3784259
0022400505,2025-01-07,2024-25,NOP,MIN,0,0.35949332
0022400506,2025-01-07,2024-25,UTA,ATL,0,0.42242947
0022400507,2025-01-07,2024-25,DEN,BOS,0,0.33950764
0022400508,2025-01-07,2024-25,GSW,MIA,0,0.66548806
0022400509,2025-01-08,2024-25,CLE,OKC,1,0.41587785
0022400510,2025-01-08,2024-25,IND,CHI,1,0.5396181
0022400511,2025-01-08,2024-25,NYK,TOR,1,0.784565
0022400512,2025-01-08,2024-25,PHI,WAS,1,0.76983124
0022400513,2025-01-08,2024-25,BKN,DET,0,0.24563913
0022400514,2025-01-08,2024-25,NOP,POR,0,0.5469062
0022400515,2025-01-08,2024-25,DEN,LAC,1,0.51993877
0022400516,2025-01-08,2024-25,MIL,SAS,1,0.69809383
0022400517,2025-01-09,2024-25,CLE,TOR,1,0.82208484
0022400518,2025-01-09,2024-25,DET,GSW,0,0.46020088
0022400519,2025-01-09,2024-25,ORL,MIN,0,0.43054244
0022400520,2025-01-09,2024-25,MEM,HOU,0,0.6970418
0022400521,2025-01-09,2024-25,DAL,POR,1,0.7588717
0022400522,2025-01-09,2024-25,PHX,ATL,1,0.6382695
0022400523,2025-01-09,2024-25,UTA,MIA,0,0.38883507
0022400525,2025-01-10,2024-25,IND,GSW,1,0.8268826
0022400526,2025-01-10,2024-25,ORL,MIL,0,0.3503657
0022400527,2025-01-10,2024-25,PHI,NOP,0,0.775914
0022400528,2025-01-10,2024-25,BOS,SAC,0,0.759114
0022400529,2025-01-10,2024-25,NYK,OKC,0,0.3064996
0022400530,2025-01-10,2024-25,CHI,WAS,1,0.80638796
0022400531,2025-01-10,2024-25,DEN,BKN,1,0.9438591
0022400533,2025-01-11,2024-25,PHX,UTA,1,0.7270328
0022400534,2025-01-11,2024-25,DET,TOR,1,0.63314635
0022400535,2025-01-11,2024-25,MIN,MEM,0,0.44076815
0022400536,2025-01-11,2024-25,POR,MIA,0,0.2974129
0022400539,2025-01-12,2024-25,NYK,MIL,1,0.5321317
0022400540,2025-01-12,2024-25,DAL,DEN,0,0.3117744
0022400541,2025-01-12,2024-25,CHI,SAC,0,0.42114085
0022400542,2025-01-12,2024-25,BOS,NOP,1,0.87929076
0022400543,2025-01-12,2024-25,CLE,IND,0,0.7350222
0022400544,2025-01-12,2024-25,ORL,PHI,1,0.56158495
0022400545,2025-01-12,2024-25,WAS,OKC,0,0.06548394
0022400546,2025-01-12,2024-25,UTA,BKN,1,0.64940053
0022400547,2025-01-12,2024-25,PHX,CHA,1,0.68806297
0022400548,2025-01-13,2024-25,WAS,MIN,0,0.1810285
0022400549,2025-01-13,2024-25,NYK,DET,0,0.6961816
0022400550,2025-01-13,2024-25,TOR,GSW,1,0.51827013
0022400551,2025-01-13,2024-25,HOU,MEM,1,0.41828907
0022400552,2025-01-13,2024-25,LAL,SAS,0,0.6797324
0022400553,2025-01-13,2024-25,LAC,MIA,1,0.6584819
0022400554,2025-01-14,2024-25,IND,CLE,0,0.2939457
0022400555,2025-01-14,2024-25,PHI,OKC,0,0.059429877
0022400556,2025-01-14,2024-25,ATL,PHX,1,0.3968188
0022400557,2025-01-14,2024-25,CHI,NOP,0,0.6518433
0022400558,2025-01-14,2024-25,MIL,SAC,1,0.54403687
0022400559,2025-01-14,2024-25,DAL,DEN,0,0.38860554
0022400560,2025-01-14,2024-25,POR,BKN,0,0.535886
0022400561,2025-01-15,2024-25,PHI,NYK,0,0.3022358
0022400562,2025-01-15,2024-25,TOR,BOS,1,0.17921992
0022400563,2025-01-15,2024-25,CHI,ATL,0,0.6828341
0022400564,2025-01-15,2024-25,MIL,ORL,1,0.65697837
0022400565,2025-01-15,2024-25,MIN,GSW,0,0.7250401
0022400566,2025-01-15,2024-25,NOP,DAL,1,0.369791
0022400567,2025-01-15,2024-25,SAS,MEM,0,0.3459057
0022400568,2025-01-15,2024-25,DEN,HOU,0,0.48464334
0022400569,2025-01-15,2024-25,UTA,CHA,0,0.33169836
0022400570,2025-01-15,2024-25,LAL,MIA,1,0.59224623
0022400571,2025-01-15,2024-25,LAC,BKN,1,0.89457214
0022400572,2025-01-16,2024-25,DET,IND,0,0.38646734
0022400573,2025-01-16,2024-25,WAS,PHX,0,0.2356555
0022400574,2025-01-16,2024-25,OKC,CLE,1,0.6236266
0022400575,2025-01-16,2024-25,POR,LAC,0,0.26923513
0022400576,2025-01-16,2024-25,SAC,HOU,1,0.63904756
0022400577,2025-01-17,2024-25,BOS,ORL,1,0.834087
0022400578,2025-01-17,2024-25,NYK,MIN,0,0.6372113
0022400579,2025-01-17,2024-25,MIA,DEN,0,0.39591536
0022400580,2025-01-17,2024-25,MIL,TOR,1,0.819914
0022400581,2025-01-17,2024-25,NOP,UTA,1,0.74358845
0022400582,2025-01-17,2024-25,SAS,MEM,0,0.32779256
0022400583,2025-01-17,2024-25,DAL,OKC,1,0.42255604
0022400584,2025-01-17,2024-25,CHI,CHA,0,0.6433141
0022400585,2025-01-17,2024-25,LAL,BKN,1,0.83120936
0022400586,2025-01-18,2024-25,DET,PHX,0,0.47399643
0022400587,2025-01-18,2024-25,BOS,ATL,0,0.72896093
0022400588,2025-01-18,2024-25,IND,PHI,1,0.76535136
0022400589,2025-01-18,2024-25,GSW,WAS,1,0.78144157
0022400590,2025-01-18,2024-25,MIN,CLE,0,0.2667105
0022400591,2025-01-18,2024-25,POR,HOU,0,0.1688557
0022400592,2025-01-19,2024-25,MIA,SAS,1,0.6572992
0022400593,2025-01-19,2024-25,ORL,DEN,0,0.22663471
0022400594,2025-01-19,2024-25,MIL,PHI,1,0.82776374
0022400595,2025-01-19,2024-25,OKC,BKN,1,0.9258786
0022400596,2025-01-19,2024-25,LAC,LAL,1,0.62561333
0022400597,2025-01-19,2024-25,POR,CHI,1,0.3307533
0022400598,2025-01-19,2024-25,SAC,WAS,1,0.91315013
0022400599,2025-01-20,2024-25,CHA,DAL,1,0.30046237
0022400600,2025-01-20,2024-25,HOU,DET,0,0.7871613
0022400601,2025-01-20,2024-25,MEM,MIN,1,0.6726102
0022400602,2025-01-20,2024-25,NYK,ATL,1,0.65400475
0022400603,2025-01-20,2024-25,CLE,PHX,1,0.7186977
0022400604,2025-01-20,2024-25,GSW,BOS,0,0.22906601
0022400605,2025-01-20,2024-25,NOP,UTA,1,0.73089206
0022400611,2025-01-20,2024-25,LAC,CHI,0,0.53145146
0022400606,2025-01-21,2024-25,BKN,NYK,0,0.17067316
0022400607,2025-01-21,2024-25,MIA,POR,0,0.746675
0022400608,2025-01-21,2024-25,TOR,ORL,1,0.44010955
0022400609,2025-01-21,2024-25,DEN,PHI,1,0.8195577
0022400610,2025-01-21,2024-25,LAL,WAS,1,0.83348054
0022400612,2025-01-22,2024-25,ATL,DET,0,0.66965824
0022400613,2025-01-22,2024-25,BKN,PHX,0,0.14764799
0022400614,2025-01-22,2024-25,DAL,MIN,0,0.6090989
0022400615,2025-01-22,2024-25,HOU,CLE,1,0.44148353
0022400616,2025-01-22,2024-25,MEM,CHA,1,0.7979743
0022400618,2025-01-22,2024-25,OKC,UTA,1,0.9180834
0022400619,2025-01-22,2024-25,SAC,GSW,1,0.80963266
0022400620,2025-01-22,2024-25,LAC,BOS,0,0.14330032
0022400622,2025-01-23,2024-25,ORL,POR,0,0.7566112
0022400623,2025-01-23,2024-25,ATL,TOR,0,0.642142
0022400624,2025-01-23,2024-25,MIL,MIA,1,0.6937828
0022400625,2025-01-23,2024-25,OKC,DAL,0,0.80938137
0022400626,2025-01-23,2024-25,DEN,SAC,1,0.7354769
0022400628,2025-01-23,2024-25,GSW,CHI,1,0.42643598
0022400629,2025-01-23,2024-25,LAL,BOS,1,0.41780722
0022400983,2025-01-23,2024-25,LAC,WAS,1,0.84665203
0022400630,2025-01-24,2024-25,CHA,POR,0,0.46811393
0022400631,2025-01-24,2024-25,PHI,CLE,1,0.2745278
0022400632,2025-01-24,2024-25,MEM,NOP,1,0.79249704
0022400634,2025-01-25,2024-25,MIN,DEN,1,0.32353556
0022400635,2025-01-25,2024-25,DAL,BOS,0,0.36300436
0022400636,2025-01-25,2024-25,BKN,MIA,0,0.22059016
0022400637,2025-01-25,2024-25,CHA,NOP,1,0.47403002
0022400638,2025-01-25,2024-25,ORL,DET,1,0.62860405
0022400639,2025-01-25,2024-25,ATL,TOR,0,0.57189167
0022400640,2025-01-25,2024-25,CLE,HOU,0,0.53377676
0022400641,2025-01-25,2024-25,NYK,SAC,1,0.56949425
0022400642,2025-01-25,2024-25,CHI,PHI,0,0.62109435
0022400643,2025-01-25,2024-25,MEM,UTA,1,0.8498726
0022400644,2025-01-25,2024-25,GSW,LAL,0,0.37131158
0022400645,2025-01-25,2024-25,PHX,WAS,1,0.8281927
0022400646,2025-01-25,2024-25,LAC,MIL,1,0.51080084
0022400647,2025-01-26,2024-25,POR,OKC,0,0.09203754
0022400648,2025-01-27,2024-25,CHA,LAL,0,0.35212663
0022400649,2025-01-27,2024-25,CLE,DET,1,0.8058484
0022400650,2025-01-27,2024-25,BOS,HOU,0,0.51971436
0022400651,2025-01-27,2024-25,BKN,SAC,0,0.1422941
0022400652,2025-01-27,2024-25,MIA,ORL,1,0.4758808
0022400653,2025-01-27,2024-25,NYK,MEM,1,0.5254652
0022400654,2025-01-27,2024-25,TOR,NOP,1,0.5024964
0022400655,2025-01-27,2024-25,CHI,DEN,1,0.21092358
0022400656,2025-01-27,2024-25,MIN,ATL,1,0.8393132
0022400657,2025-01-27,2024-25,DAL,WAS,1,0.81526905
0022400658,2025-01-27,2024-25,UTA,MIL,0,0.16390441
0022400659,2025-01-27,2024-25,PHX,LAC,1,0.5078275
0022400532,2025-01-28,2024-25,ATL,HOU,0,0.26101634
0022400660,2025-01-28,2024-25,PHI,LAL,1,0.38771793
0022400661,2025-01-28,2024-25,GSW,UTA,1,0.6901453
0022400662,2025-01-28,2024-25,POR,MIL,1,0.27281335
0022400663,2025-01-29,2024-25,CHA,BKN,0,0.612138
0022400664,2025-01-29,2024-25,IND,DET,1,0.7551139
0022400665,2025-01-29,2024-25,WAS,TOR,0,0.34228307
0022400666,2025-01-29,2024-25,BOS,CHI,1,0.83123124
0022400667,2025-01-29,2024-25,MIA,CLE,0,0.36693913
0022400668,2025-01-29,2024-25,NYK,DEN,1,0.5296262
0022400669,2025-01-29,2024-25,PHI,SAC,1,0.2904231
0022400670,2025-01-29,2024-25,NOP,DAL,0,0.40801606
0022400671,2025-01-29,2024-25,SAS,LAC,0,0.43808055
0022400672,2025-01-29,2024-25,PHX,MIN,0,0.51591545
0022400673,2025-01-29,2024-25,GSW,OKC,1,0.12521246
0022400674,2025-01-30,2024-25,WAS,LAL,0,0.20875883
0022400675,2025-01-30,2024-25,CLE,ATL,1,0.80748004
0022400676,2025-01-30,2024-25,MEM,HOU,1,0.5076185
0022400677,2025-01-30,2024-25,UTA,MIN,0,0.33433196
0022400678,2025-01-30,2024-25,POR,ORL,1,0.40149468
0022400679,2025-01-31,2024-25,CHA,LAC,0,0.15424976
0022400680,2025-01-31,2024-25,DET,DAL,1,0.38340393
0022400681,2025-01-31,2024-25,PHI,DEN,0,0.26270786
0022400682,2025-01-31,2024-25,TOR,CHI,0,0.55240923
0022400683,2025-01-31,2024-25,NOP,BOS,0,0.14911748
0022400684,2025-01-31,2024-25,SAS,MIL,1,0.4316176
0022400685,2025-01-31,2024-25,GSW,PHX,0,0.51017964
0022400686,2025-02-01,2024-25,IND,ATL,1,0.8088254
0022400687,2025-02-01,2024-25,UTA,ORL,1,0.4357675
0022400688,2025-02-01,2024-25,CHA,DEN,0,0.10296855
0022400689,2025-02-01,2024-25,HOU,BKN,0,0.86904204
0022400690,2025-02-01,2024-25,MIN,WAS,0,0.8351279
0022400691,2025-02-01,2024-25,OKC,SAC,1,0.7486169
0022400692,2025-02-01,2024-25,NYK,LAL,0,0.7321429
0022400693,2025-02-01,2024-25,SAS,MIA,0,0.43862224
0022400694,2025-02-01,2024-25,POR,PHX,1,0.441747
0022400695,2025-02-02,2024-25,DET,CHI,1,0.58728445
0022400696,2025-02-02,2024-25,CLE,DAL,1,0.87299246
0022400697,2025-02-02,2024-25,TOR,LAC,1,0.2706429
0022400698,2025-02-02,2024-25,PHI,BOS,0,0.30616182
0022400699,2025-02-02,2024-25,MIL,MEM,0,0.53556585
0022400700,2025-02-03,2024-25,CHA,WAS,0,0.57360214
0022400701,2025-02-03,2024-25,DET,ATL,0,0.6085666
0022400702,2025-02-03,2024-25,NYK,HOU,1,0.70243466
0022400703,2025-02-03,2024-25,MEM,SAS,1,0.6365233
0022400704,2025-02-03,2024-25,MIN,SAC,0,0.5158561
0022400705,2025-02-03,2024-25,OKC,MIL,1,0.95397097
0022400706,2025-02-03,2024-25,DEN,NOP,1,0.8739941
0022400707,2025-02-03,2024-25,UTA,IND,0,0.29214817
0022400708,2025-02-03,2024-25,GSW,ORL,1,0.58976984
0022400709,2025-02-03,2024-25,POR,PHX,1,0.5159596
0022400710,2025-02-04,2024-25,CLE,BOS,0,0.5780907
0022400711,2025-02-04,2024-25,BKN,HOU,1,0.18088987
0022400712,2025-02-04,2024-25,PHI,DAL,1,0.65600973
0022400713,2025-02-04,2024-25,TOR,NYK,0,0.21771306
0022400714,2025-02-04,2024-25,CHI,MIA,1,0.4850365
0022400715,2025-02-04,2024-25,LAC,LAL,0,0.52877975
0022400716,2025-02-04,2024-25,POR,IND,1,0.28207305
0022400717,2025-02-05,2024-25,CHA,MIL,0,0.27978435
0022400718,2025-02-05,2024-25,DET,CLE,0,0.40598443
0022400719,2025-02-05,2024-25,ATL,SAS,0,0.42911193
0022400720,2025-02-05,2024-25,BKN,WAS,0,0.62872523
0022400721,2025-02-05,2024-25,PHI,MIA,0,0.5879134
0022400722,2025-02-05,2024-25,TOR,MEM,0,0.20697829
0022400723,2025-02-05,2024-25,MIN,CHI,1,0.72880745
0022400724,2025-02-05,2024-25,OKC,PHX,1,0.90287966
0022400725,2025-02-05,2024-25,UTA,GSW,1,0.45598316
0022400726,2025-02-05,2024-25,DEN,NOP,1,0.8621
0022400727,2025-02-05,2024-25,SAC,ORL,0,0.7668145
0022400728,2025-02-06,2024-25,BOS,DAL,0,0.7646815
0022400729,2025-02-06,2024-25,MIN,HOU,1,0.47449347
0022400730,2025-02-06,2024-25,DEN,ORL,1,0.8126487
0022400731,2025-02-06,2024-25,LAL,GSW,1,0.8620239
0022400732,2025-02-06,2024-25,POR,SAC,1,0.37766418
0022400733,2025-02-06,2024-25,LAC,IND,0,0.51605767
0022400734,2025-02-07,2024-25,CHA,SAS,1,0.30144644
0022400735,2025-02-07,2024-25,WAS,CLE,0,0.117804505
0022400736,2025-02-07,2024-25,ATL,MIL,1,0.4127181
0022400737,2025-02-07,2024-25,BKN,MIA,1,0.33463353
0022400738,2025-02-07,2024-25,DET,PHI,1,0.3496465
0022400739,2025-02-07,2024-25,OKC,TOR,1,0.955919
0022400740,2025-02-07,2024-25,PHX,UTA,1,0.5936622
0022400741,2025-02-08,2024-25,DAL,HOU,1,0.55236816
0022400742,2025-02-08,2024-25,LAL,IND,1,0.43238527
0022400743,2025-02-08,2024-25,ORL,SAS,1,0.53144264
0022400744,2025-02-08,2024-25,WAS,ATL,0,0.39739734
0022400745,2025-02-08,2024-25,CHI,GSW,0,0.48254052
0022400746,2025-02-08,2024-25,MEM,OKC,0,0.41144484
0022400747,2025-02-08,2024-25,MIN,POR,1,0.63318
0022400748,2025-02-08,2024-25,NYK,BOS,0,0.56788796
0022400749,2025-02-08,2024-25,PHX,DEN,0,0.17039141
0022400750,2025-02-08,2024-25,SAC,NOP,1,0.7886131
0022400751,2025-02-08,2024-25,LAC,UTA,1,0.8681715
0022400752,2025-02-09,2024-25,DET,CHA,1,0.8614086
0022400753,2025-02-09,2024-25,HOU,TOR,1,0.78491455
0022400754,2025-02-09,2024-25,MIL,PHI,1,0.4112423
0022400755,2025-02-10,2024-25,CLE,MIN,1,0.7049839
0022400756,2025-02-10,2024-25,ORL,ATL,0,0.59226656
0022400757,2025-02-10,2024-25,WAS,SAS,0,0.31258893
0022400758,2025-02-10,2024-25,BKN,CHA,1,0.5404658
0022400759,2025-02-10,2024-25,MIA,BOS,0,0.24325055
0022400760,2025-02-10,2024-25,MIL,GSW,0,0.44814378
0022400761,2025-02-10,2024-25,OKC,NOP,1,0.94021344
0022400762,2025-02-10,2024-25,DAL,SAC,0,0.3942803
0022400763,2025-02-10,2024-25,DEN,POR,1,0.854453
0022400768,2025-02-10,2024-25,LAL,UTA,1,0.858388
0022400764,2025-02-11,2024-25,PHI,TOR,0,0.8397565
0022400765,2025-02-11,2024-25,IND,NYK,0,0.45644227
0022400766,2025-02-11,2024-25,CHI,DET,0,0.45167872
0022400767,2025-02-11,2024-25,PHX,MEM,0,0.34766945
0022400769,2025-02-12,2024-25,BOS,SAS,1,0.69007784
0022400770,2025-02-12,2024-25,ORL,CHA,1,0.7485899
0022400771,2025-02-12,2024-25,WAS,IND,0,0.21057953
0022400772,2025-02-12,2024-25,BKN,PHI,1,0.5442178
0022400773,2025-02-12,2024-25,NYK,ATL,1,0.75067866
0022400774,2025-02-12,2024-25,TOR,CLE,0,0.18087158
0022400775,2025-02-12,2024-25,CHI,DET,0,0.33333576
0022400776,2025-02-12,2024-25,MIN,MIL,0,0.7634911
0022400777,2025-02-12,2024-25,NOP,SAC,0,0.31717482
0022400778,2025-02-12,2024-25,OKC,MIA,1,0.8972878
0022400779,2025-02-12,2024-25,HOU,PHX,1,0.78201324
0022400780,2025-02-12,2024-25,DEN,POR,1,0.89397925
0022400781,2025-02-12,2024-25,UTA,LAL,1,0.16713127
0022400782,2025-02-12,2024-25,DAL,GSW,1,0.38060135
0022400783,2025-02-12,2024-25,LAC,MEM,1,0.5446005
0022400784,2025-02-13,2024-25,HOU,GSW,0,0.50016016
0022400785,2025-02-13,2024-25,NOP,SAC,1,0.21723919
0022400786,2025-02-13,2024-25,DAL,MIA,1,0.40670624
0022400787,2025-02-13,2024-25,MIN,OKC,1,0.20141129
0022401004,2025-02-13,2024-25,UTA,LAC,0,0.26899445
0022400524,2025-02-19,2024-25,LAL,CHA,0,0.88276374
0022400788,2025-02-20,2024-25,IND,MEM,1,0.49697995
0022400789,2025-02-20,2024-25,PHI,BOS,0,0.329453
0022400790,2025-02-20,2024-25,ATL,ORL,0,0.5020444
0022400791,2025-02-20,2024-25,BKN,CLE,0,0.11920166
0022400792,2025-02-20,2024-25,NYK,CHI,1,0.83226097
0022400793,2025-02-20,2024-25,MIL,LAC,1,0.4779763
0022400794,2025-02-20,2024-25,DEN,CHA,1,0.9466323
0022400795,2025-02-20,2024-25,SAS,PHX,1,0.49852705
0022400796,2025-02-20,2024-25,POR,LAL,0,0.4018558
0022400797,2025-02-21,2024-25,CLE,NYK,1,0.6630497
0022400798,2025-02-21,2024-25,ORL,MEM,0,0.3043966
0022400799,2025-02-21,2024-25,WAS,MIL,0,0.3993764
0022400800,2025-02-21,2024-25,TOR,MIA,0,0.44210714
0022400801,2025-02-21,2024-25,HOU,MIN,1,0.46658477
0022400802,2025-02-21,2024-25,SAS,DET,0,0.34448722
0022400803,2025-02-21,2024-25,DAL,NOP,1,0.71717733
0022400804,2025-02-21,2024-25,UTA,OKC,0,0.082079016
0022400805,2025-02-21,2024-25,SAC,GSW,0,0.5807764
0022400806,2025-02-22,2024-25,CHI,PHX,0,0.33730358
0022400807,2025-02-22,2024-25,PHI,BKN,0,0.81010956
0022400808,2025-02-22,2024-25,DEN,LAL,0,0.62251925
0022400809,2025-02-22,2024-25,UTA,HOU,1,0.29296035
0022400810,2025-02-22,2024-25,POR,CHA,1,0.5698734
0022400811,2025-02-23,2024-25,BOS,NYK,1,0.6546431
0022400812,2025-02-23,2024-25,GSW,DAL,1,0.6437376
0022400813,2025-02-23,2024-25,IND,LAC,1,0.6892092
0022400814,2025-02-23,2024-25,ATL,DET,0,0.3543258
0022400815,2025-02-23,2024-25,ORL,WAS,1,0.79630566
0022400816,2025-02-23,2024-25,TOR,PHX,1,0.38989934
0022400817,2025-02-23,2024-25,MIL,MIA,1,0.6220892
0022400818,2025-02-23,2024-25,NOP,SAS,1,0.41573787
0022400819,2025-02-23,2024-25,CLE,MEM,1,0.68927085
0022400820,2025-02-23,2024-25,MIN,OKC,0,0.2218186
0022400821,2025-02-24,2024-25,DET,LAC,1,0.6744526
0022400822,2025-02-24,2024-25,IND,DEN,0,0.41899282
0022400823,2025-02-24,2024-25,PHI,CHI,0,0.689056
0022400824,2025-02-24,2024-25,WAS,BKN,1,0.47497126
0022400825,2025-02-24,2024-25,ATL,MIA,1,0.54513836
0022400826,2025-02-24,2024-25,OKC,MIN,0,0.84755296
0022400827,2025-02-24,2024-25,UTA,POR,0,0.285079
0022400828,2025-02-24,2024-25,SAC,CHA,1,0.8049692
0022400829,2025-02-25,2024-25,TOR,BOS,0,0.20554562
0022400830,2025-02-25,2024-25,ORL,CLE,0,0.23485418
0022400831,2025-02-25,2024-25,HOU,MIL,1,0.48017547
0022400832,2025-02-25,2024-25,MEM,PHX,1,0.6549413
0022400833,2025-02-25,2024-25,NOP,SAS,1,0.461926
0022400834,2025-02-25,2024-25,GSW,CHA,1,0.9103936
0022400835,2025-02-25,2024-25,LAL,DAL,1,0.7473106
0022400836,2025-02-26,2024-25,DET,BOS,1,0.47794247
0022400837,2025-02-26,2024-25,IND,TOR,1,0.83464867
0022400838,2025-02-26,2024-25,NYK,PHI,1,0.7472699
0022400839,2025-02-26,2024-25,WAS,POR,0,0.34045532
0022400840,2025-02-26,2024-25,BKN,OKC,0,0.06525282
0022400841,2025-02-26,2024-25,MIA,ATL,1,0.549843
0022400842,2025-02-26,2024-25,CHI,LAC,0,0.29072568
0022400843,2025-02-26,2024-25,UTA,SAC,0,0.21843463
0022400844,2025-02-26,2024-25,HOU,SAS,1,0.6375105
0022400845,2025-02-27,2024-25,ORL,GSW,0,0.30607715
0022400846,2025-02-27,2024-25,MIL,DEN,1,0.38076448
0022400847,2025-02-27,2024-25,DAL,CHA,1,0.81998694
0022400848,2025-02-27,2024-25,PHX,NOP,0,0.7063401
0022400849,2025-02-27,2024-25,LAL,MIN,1,0.70692617
0022400850,2025-02-28,2024-25,DET,DEN,0,0.57097757
0022400851,2025-02-28,2024-25,ATL,OKC,0,0.13474312
0022400852,2025-02-28,2024-25,BOS,CLE,0,0.41416967
0022400853,2025-02-28,2024-25,BKN,POR,0,0.5332862
0022400854,2025-02-28,2024-25,MIA,IND,1,0.35743752
0022400855,2025-02-28,2024-25,CHI,TOR,1,0.5441727
0022400856,2025-02-28,2024-25,MEM,NYK,0,0.5767911
0022400857,2025-02-28,2024-25,PHX,NOP,1,0.7846871
0022400858,2025-02-28,2024-25,UTA,MIN,1,0.29523998
0022400859,2025-02-28,2024-25,LAL,LAC,1,0.5790278
0022400860,2025-03-01,2024-25,CHA,WAS,0,0.6327873
0022400861,2025-03-01,2024-25,DET,BKN,1,0.8436476
0022400862,2025-03-01,2024-25,HOU,SAC,0,0.55052567
0022400863,2025-03-01,2024-25,MEM,SAS,0,0.6148601
0022400864,2025-03-01,2024-25,PHI,GSW,1,0.40910292
0022400865,2025-03-01,2024-25,DAL,MIL,0,0.5238212
0022400866,2025-03-02,2024-25,BOS,DEN,1,0.54301804
0022400867,2025-03-02,2024-25,CLE,POR,1,0.8582103
0022400868,2025-03-02,2024-25,IND,CHI,1,0.8286952
0022400869,2025-03-02,2024-25,MIA,NYK,0,0.30464756
0022400870,2025-03-02,2024-25,ORL,TOR,0,0.6216691
0022400871,2025-03-02,2024-25,SAS,OKC,0,0.10394497
0022400872,2025-03-02,2024-25,UTA,NOP,0,0.26753315
0022400873,2025-03-02,2024-25,PHX,MIN,0,0.40819746
0022400874,2025-03-02,2024-25,LAL,LAC,1,0.6815238
0022400875,2025-03-03,2024-25,CHA,GSW,0,0.17279348
0022400876,2025-03-03,2024-25,PHI,POR,0,0.5344952
0022400877,2025-03-03,2024-25,MIA,WAS,1,0.7608737
0022400878,2025-03-03,2024-25,MEM,ATL,0,0.714656
0022400879,2025-03-03,2024-25,OKC,HOU,1,0.95449036
0022400880,2025-03-03,2024-25,DAL,SAC,0,0.44260746
0022400881,2025-03-03,2024-25,UTA,DET,0,0.20365725
0022400882,2025-03-04,2024-25,IND,HOU,1,0.7258125
0022400883,2025-03-04,2024-25,ORL,TOR,0,0.57696706
0022400884,2025-03-04,2024-25,ATL,MIL,0,0.34835747
0022400885,2025-03-04,2024-25,NYK,GSW,0,0.56572783
0022400886,2025-03-04,2024-25,CHI,CLE,0,0.087804385
0022400887,2025-03-04,2024-25,MIN,PHI,1,0.8729342
0022400888,2025-03-04,2024-25,SAS,BKN,1,0.6006991
0022400889,2025-03-04,2024-25,PHX,LAC,1,0.519402
0022400890,2025-03-04,2024-25,LAL,NOP,1,0.7904081
0022400891,2025-03-05,2024-25,BOS,POR,1,0.7361645
0022400892,2025-03-05,2024-25,CHA,MIN,0,0.17063704
0022400893,2025-03-05,2024-25,CLE,MIA,1,0.8542212
0022400894,2025-03-05,2024-25,WAS,UTA,1,0.64419425
0022400895,2025-03-05,2024-25,MEM,OKC,0,0.22374342
0022400896,2025-03-05,2024-25,DEN,SAC,1,0.7233826
0022400897,2025-03-05,2024-25,MIL,DAL,1,0.78052336
0022400898,2025-03-05,2024-25,LAC,DET,1,0.32358956
0022400899,2025-03-06,2024-25,ATL,IND,1,0.42055866
0022400900,2025-03-06,2024-25,BOS,PHI,1,0.81425494
0022400901,2025-03-06,2024-25,BKN,GSW,0,0.19317593
0022400902,2025-03-06,2024-25,NOP,HOU,0,0.45357326
0022400903,2025-03-06,2024-25,LAL,NYK,1,0.59776735
0022400944,2025-03-06,2024-25,ORL,CHI,0,0.67412555
0022400904,2025-03-07,2024-25,CHA,CLE,0,0.089468315
0022400905,2025-03-07,2024-25,TOR,UTA,1,0.5674681
0022400906,2025-03-07,2024-25,DAL,MEM,0,0.23762001
0022400907,2025-03-07,2024-25,MIA,MIN,0,0.36650664
0022400908,2025-03-07,2024-25,OKC,POR,1,0.77531993
0022400909,2025-03-07,2024-25,DEN,PHX,1,0.7406402
0022400910,2025-03-07,2024-25,SAC,SAS,1,0.65834165
0022400911,2025-03-07,2024-25,LAC,NYK,1,0.5879175
0022400912,2025-03-08,2024-25,CHA,BKN,1,0.38778576
0022400913,2025-03-08,2024-25,HOU,NOP,1,0.69433564
0022400914,2025-03-08,2024-25,ATL,IND,1,0.5432777
0022400915,2025-03-08,2024-25,TOR,WAS,0,0.7431288
0022400916,2025-03-08,2024-25,MIA,CHI,0,0.71279734
0022400917,2025-03-08,2024-25,MIL,ORL,0,0.7701332
0022400918,2025-03-08,2024-25,BOS,LAL,1,0.59669065
0022400919,2025-03-08,2024-25,GSW,DET,1,0.63169134
0022400920,2025-03-09,2024-25,OKC,DEN,1,0.787567
0022400921,2025-03-09,2024-25,DAL,PHX,0,0.3475451
0022400922,2025-03-09,2024-25,MIL,CLE,0,0.24316469
0022400923,2025-03-09,2024-25,NOP,MEM,0,0.16496223
0022400924,2025-03-09,2024-25,PHI,UTA,1,0.6959725
0022400925,2025-03-09,2024-25,MIN,SAS,1,0.8172956
0022400926,2025-03-09,2024-25,POR,DET,0,0.4092097
0022400927,2025-03-09,2024-25,LAC,SAC,1,0.60507005
0022400928,2025-03-10,2024-25,ATL,PHI,1,0.7851916
0022400929,2025-03-10,2024-25,BOS,UTA,1,0.8989804
0022400930,2025-03-10,2024-25,BKN,LAL,1,0.23029779
0022400931,2025-03-10,2024-25,MIA,CHA,0,0.76237774
0022400932,2025-03-10,2024-25,TOR,WAS,1,0.7518464
0022400933,2025-03-10,2024-25,CHI,IND,1,0.3804597
0022400934,2025-03-10,2024-25,HOU,ORL,1,0.62068653
0022400935,2025-03-10,2024-25,MEM,PHX,1,0.58145255
0022400936,2025-03-10,2024-25,OKC,DEN,0,0.7579731
0022400937,2025-03-10,2024-25,SAS,DAL,0,0.61428356
0022400938,2025-03-10,2024-25,GSW,POR,1,0.84598655
0022400939,2025-03-10,2024-25,SAC,NYK,0,0.5075588
0022400940,2025-03-11,2024-25,CLE,BKN,1,0.8764335
0022400941,2025-03-11,2024-25,DET,WAS,1,0.86708844
0022400942,2025-03-11,2024-25,IND,MIL,1,0.5055896
0022400943,2025-03-11,2024-25,NOP,LAC,1,0.3256632
0022400945,2025-03-12,2024-25,ATL,CHA,1,0.750544
0022400946,2025-03-12,2024-25,BOS,OKC,0,0.42394298
0022400947,2025-03-12,2024-25,TOR,PHI,1,0.47973752
0022400948,2025-03-12,2024-25,MIA,LAC,0,0.5915511
0022400949,2025-03-12,2024-25,HOU,PHX,1,0.6128341
0022400950,2025-03-12,2024-25,MEM,UTA,1,0.8120093
0022400951,2025-03-12,2024-25,SAS,DAL,1,0.64447767
0022400952,2025-03-12,2024-25,DEN,MIN,0,0.5743524
0022400953,2025-03-12,2024-25,POR,NYK,0,0.3530441
0022400954,2025-03-13,2024-25,DET,WAS,0,0.84193826
0022400955,2025-03-13,2024-25,MIL,LAL,1,0.46512544
0022400956,2025-03-13,2024-25,CHI,BKN,1,0.53947276
0022400957,2025-03-13,2024-25,GSW,SAC,1,0.7276598
0022401141,2025-03-13,2024-25,NOP,ORL,0,0.57088745
0022400958,2025-03-14,2024-25,MIA,BOS,0,0.28395215
0022400959,2025-03-14,2024-25,PHI,IND,0,0.111245945
0022400960,2025-03-14,2024-25,ATL,LAC,0,0.47270012
0022400961,2025-03-14,2024-25,HOU,DAL,1,0.75208324
0022400962,2025-03-14,2024-25,MEM,CLE,0,0.484165
0022400963,2025-03-14,2024-25,MIN,ORL,1,0.8733286
0022400964,2025-03-14,2024-25,SAS,CHA,0,0.6615232
0022400965,2025-03-14,2024-25,DEN,LAL,1,0.9025178
0022400966,2025-03-14,2024-25,UTA,TOR,0,0.38278258
0022400967,2025-03-14,2024-25,PHX,SAC,1,0.5447435
0022400968,2025-03-15,2024-25,BKN,BOS,0,0.19047427
0022400969,2025-03-15,2024-25,DET,OKC,0,0.28388992
0022400970,2025-03-15,2024-25,HOU,CHI,1,0.7417062
0022400971,2025-03-15,2024-25,MEM,MIA,1,0.6746336
0022400972,2025-03-15,2024-25,MIL,IND,1,0.6169563
0022400973,2025-03-15,2024-25,SAS,NOP,1,0.60051894
0022400974,2025-03-15,2024-25,GSW,NYK,1,0.70549035
0022400975,2025-03-15,2024-25,DEN,WAS,0,0.88254833
0022400538,2025-03-16,2024-25,LAC,CHA,1,0.82933533
0022400976,2025-03-16,2024-25,DAL,PHI,0,0.7298159
0022400977,2025-03-16,2024-25,LAL,PHX,1,0.7211464
0022400978,2025-03-16,2024-25,BKN,ATL,1,0.26938865
0022400979,2025-03-16,2024-25,CLE,ORL,0,0.84815043
0022400980,2025-03-16,2024-25,POR,TOR,1,0.67202157
0022400981,2025-03-16,2024-25,MIN,UTA,1,0.8670639
0022400982,2025-03-16,2024-25,MIL,OKC,0,0.24232839
0022400537,2025-03-17,2024-25,LAL,SAS,1,0.78364986
0022400984,2025-03-17,2024-25,NYK,MIA,1,0.6924953
0022400985,2025-03-17,2024-25,HOU,PHI,1,0.9031041
0022400986,2025-03-17,2024-25,MIN,IND,0,0.82327294
0022400987,2025-03-17,2024-25,NOP,DET,0,0.30863917
0022400989,2025-03-17,2024-25,UTA,CHI,0,0.38297486
0022400990,2025-03-17,2024-25,GSW,DEN,0,0.81244105
0022400991,2025-03-17,2024-25,PHX,TOR,1,0.6841393
0022400992,2025-03-17,2024-25,SAC,MEM,1,0.45096314
0022400995,2025-03-17,2024-25,POR,WAS,1,0.62301475
0022400993,2025-03-18,2024-25,CHA,ATL,0,0.24182619
0022400994,2025-03-18,2024-25,BOS,BKN,1,0.8332007
0022400997,2025-03-18,2024-25,LAC,CLE,1,0.40417847
0022401012,2025-03-18,2024-25,GSW,MIL,1,0.5586069
0022400627,2025-03-19,2024-25,UTA,WAS,1,0.6610061
0022400998,2025-03-19,2024-25,IND,DAL,1,0.66632354
0022400999,2025-03-19,2024-25,ORL,HOU,0,0.36237592
0022401000,2025-03-19,2024-25,MIA,DET,0,0.34542325
0022401001,2025-03-19,2024-25,MIN,NOP,0,0.8883247
0022401002,2025-03-19,2024-25,OKC,PHI,1,0.86965674
0022401003,2025-03-19,2024-25,SAS,NYK,1,0.28287786
0022401006,2025-03-19,2024-25,LAL,DEN,1,0.67451495
0022401007,2025-03-19,2024-25,PHX,CHI,1,0.59294987
0022401008,2025-03-19,2024-25,POR,MEM,1,0.33307704
0022401009,2025-03-19,2024-25,SAC,CLE,1,0.328768
0022400996,2025-03-20,2024-25,LAL,MIL,0,0.21408714
0022401005,2025-03-20,2024-25,GSW,TOR,1,0.9299217
0022401010,2025-03-20,2024-25,CHA,NYK,1,0.23667295
0022401011,2025-03-20,2024-25,IND,BKN,1,0.7459378
0022401013,2025-03-20,2024-25,SAC,CHI,0,0.66197395
0022401014,2025-03-21,2024-25,WAS,ORL,0,0.3459948
0022401015,2025-03-21,2024-25,MIA,HOU,0,0.33064556
0022401016,2025-03-21,2024-25,MIN,NOP,1,0.919671
0022401017,2025-03-21,2024-25,OKC,CHA,1,0.97648007
0022401018,2025-03-21,2024-25,SAS,PHI,1,0.6860602
0022401019,2025-03-21,2024-25,DAL,DET,1,0.27486938
0022401020,2025-03-21,2024-25,UTA,BOS,0,0.1403258
0022401021,2025-03-21,2024-25,PHX,CLE,1,0.3770094
0022401022,2025-03-21,2024-25,POR,DEN,1,0.28966665
0022401023,2025-03-21,2024-25,LAC,MEM,1,0.6358939
0022401024,2025-03-22,2024-25,IND,BKN,1,0.8485334
0022401025,2025-03-22,2024-25,ATL,GSW,1,0.34346765
0022401026,2025-03-22,2024-25,NYK,WAS,1,0.87493664
0022401027,2025-03-22,2024-25,SAC,MIL,0,0.45222932
0022401028,2025-03-22,2024-25,LAL,CHI,0,0.7438718
0022401029,2025-03-23,2024-25,DET,NOP,1,0.8701476
0022401030,2025-03-23,2024-25,UTA,CLE,0,0.11782569
0022401031,2025-03-23,2024-25,ATL,PHI,1,0.8029688
0022401032,2025-03-23,2024-25,MIA,CHA,1,0.748066
0022401033,2025-03-23,2024-25,TOR,SAS,0,0.4406115
0022401034,2025-03-23,2024-25,POR,BOS,0,0.26531485
0022401035,2025-03-23,2024-25,HOU,DEN,0,0.6404872
0022401036,2025-03-23,2024-25,LAC,OKC,0,0.32943538
0022401037,2025-03-24,2024-25,IND,MIN,1,0.4320565
0022401038,2025-03-24,2024-25,ORL,LAL,1,0.32387456
0022401039,2025-03-24,2024-25,WAS,TOR,0,0.6300534
0022401040,2025-03-24,2024-25,BKN,DAL,0,0.39024165
0022401041,2025-03-24,2024-25,NOP,PHI,1,0.5445722
0022401042,2025-03-24,2024-25,DEN,CHI,0,0.53678614
0022401043,2025-03-24,2024-25,PHX,MIL,1,0.43555996
0022401044,2025-03-24,2024-25,SAC,BOS,0,0.38253316
0022401045,2025-03-25,2024-25,CHA,ORL,0,0.39605826
0022401046,2025-03-25,2024-25,DET,SAS,1,0.70390177
0022401047,2025-03-25,2024-25,MIA,GSW,1,0.3427874
0022401048,2025-03-25,2024-25,NYK,DAL,1,0.80219734
0022401049,2025-03-25,2024-25,HOU,ATL,1,0.69291985
0022401050,2025-03-25,2024-25,UTA,MEM,0,0.21822645
0022401051,2025-03-25,2024-25,POR,CLE,0,0.33101153
0022401052,2025-03-25,2024-25,SAC,OKC,0,0.20196088
0022401053,2025-03-26,2024-25,PHI,WAS,0,0.6101554
0022401054,2025-03-26,2024-25,BKN,TOR,0,0.61934847
0022401055,2025-03-26,2024-25,IND,LAL,0,0.5088598
0022401056,2025-03-26,2024-25,NYK,LAC,0,0.3640289
0022401057,2025-03-26,2024-25,DEN,MIL,1,0.8015555
0022401058,2025-03-26,2024-25,PHX,BOS,0,0.32717407
0022401059,2025-03-27,2024-25,CLE,SAS,1,0.8573474
0022401060,2025-03-27,2024-25,ORL,DAL,0,0.6111469
0022401061,2025-03-27,2024-25,WAS,IND,0,0.15757152
0022401062,2025-03-27,2024-25,MIA,ATL,1,0.55483323
0022401063,2025-03-27,2024-25,CHI,LAL,1,0.5476965
0022401064,2025-03-27,2024-25,OKC,MEM,1,0.836137
0022401065,2025-03-27,2024-25,UTA,HOU,0,0.14770222
0022401066,2025-03-27,2024-25,SAC,POR,1,0.67374855
0022401067,2025-03-28,2024-25,DET,CLE,1,0.33350474
0022401068,2025-03-28,2024-25,BKN,LAC,0,0.19048794
0022401069,2025-03-28,2024-25,TOR,CHA,1,0.6839077
0022401070,2025-03-28,2024-25,MIL,NYK,0,0.6266079
0022401071,2025-03-28,2024-25,MIN,PHX,1,0.77670884
0022401072,2025-03-28,2024-25,NOP,GSW,0,0.086750425
0022401073,2025-03-28,2024-25,DEN,UTA,1,0.93322664
0022401074,2025-03-29,2024-25,ORL,SAC,1,0.3940516
0022401075,2025-03-29,2024-25,WAS,BKN,0,0.42688954
0022401076,2025-03-29,2024-25,PHI,MIA,0,0.2093226
0022401077,2025-03-29,2024-25,CHI,DAL,0,0.7084694
0022401078,2025-03-29,2024-25,MEM,LAL,0,0.4879434
0022401079,2025-03-29,2024-25,OKC,IND,1,0.80671996
0022401080,2025-03-29,2024-25,SAS,BOS,0,0.14230828
0022401081,2025-03-30,2024-25,CLE,LAC,1,0.6272791
0022401082,2025-03-30,2024-25,NYK,POR,1,0.6768302
0022401083,2025-03-30,2024-25,MIL,ATL,0,0.57649
0022401084,2025-03-30,2024-25,MIN,DET,1,0.7698171
0022401085,2025-03-30,2024-25,NOP,CHA,1,0.49820238
0022401086,2025-03-30,2024-25,SAS,GSW,0,0.18327303
0022401087,2025-03-30,2024-25,PHI,TOR,0,0.2174228
0022401088,2025-03-30,2024-25,PHX,HOU,0,0.3699189
0022401089,2025-03-31,2024-25,CHA,UTA,1,0.64875096
0022401090,2025-03-31,2024-25,IND,SAC,1,0.5401938
0022401091,2025-03-31,2024-25,ORL,LAC,0,0.2963026
0022401092,2025-03-31,2024-25,WAS,MIA,0,0.1978897
0022401093,2025-03-31,2024-25,MEM,BOS,0,0.38028184
0022401094,2025-03-31,2024-25,OKC,CHI,1,0.8595194
0022401095,2025-03-31,2024-25,DAL,BKN,0,0.84416366
0022401096,2025-03-31,2024-25,LAL,HOU,1,0.6369189
0022400988,2025-04-01,2024-25,SAS,ORL,0,0.43964413
0022401097,2025-04-01,2024-25,ATL,POR,0,0.6202274
0022401098,2025-04-01,2024-25,NYK,PHI,1,0.88641614
0022401099,2025-04-01,2024-25,CHI,TOR,1,0.7344314
0022401100,2025-04-01,2024-25,MEM,GSW,0,0.39641944
0022401101,2025-04-01,2024-25,MIL,PHX,1,0.80321836
0022401102,2025-04-01,2024-25,DEN,MIN,0,0.5384651
0022401103,2025-04-02,2024-25,CLE,NYK,1,0.7534354
0022401104,2025-04-02,2024-25,IND,CHA,1,0.8681158
0022401105,2025-04-02,2024-25,WAS,SAC,1,0.10067394
0022401106,2025-04-02,2024-25,BOS,MIA,0,0.77055264
0022401107,2025-04-02,2024-25,HOU,UTA,1,0.8683815
0022401108,2025-04-02,2024-25,OKC,DET,1,0.85769236
0022401109,2025-04-02,2024-25,DAL,ATL,1,0.551346
0022401110,2025-04-02,2024-25,DEN,SAS,0,0.5256345
0022401111,2025-04-02,2024-25,LAC,NOP,1,0.9411996
0022401112,2025-04-03,2024-25,WAS,ORL,0,0.10742482
0022401113,2025-04-03,2024-25,BKN,MIN,0,0.088470705
0022401114,2025-04-03,2024-25,MIA,MEM,0,0.40679926
0022401115,2025-04-03,2024-25,PHI,MIL,0,0.14877707
0022401116,2025-04-03,2024-25,TOR,POR,0,0.41537282
0022401117,2025-04-03,2024-25,LAL,GSW,0,0.5626656
0022401118,2025-04-04,2024-25,CHA,SAC,0,0.24302118
0022401119,2025-04-04,2024-25,IND,UTA,1,0.85992306
0022401120,2025-04-04,2024-25,BOS,PHX,1,0.9057736
0022401121,2025-04-04,2024-25,TOR,DET,0,0.35782135
0022401122,2025-04-04,2024-25,CHI,POR,1,0.72195697
0022401123,2025-04-04,2024-25,HOU,OKC,1,0.2626457
0022401124,2025-04-04,2024-25,SAS,CLE,0,0.16030915
0022401125,2025-04-04,2024-25,GSW,DEN,1,0.6086716
0022401126,2025-04-04,2024-25,LAL,NOP,1,0.9195077
0022401127,2025-04-04,2024-25,LAC,DAL,1,0.815283
0022401128,2025-04-05,2024-25,ATL,NYK,0,0.47101343
0022401129,2025-04-05,2024-25,DET,MEM,0,0.5166265
0022401130,2025-04-05,2024-25,PHI,MIN,0,0.08590402
0022401131,2025-04-05,2024-25,MIA,MIL,0,0.4642675
0022401132,2025-04-05,2024-25,LAC,DAL,1,0.79468536
0022400617,2025-04-06,2024-25,NOP,MIL,0,0.16844648
0022401133,2025-04-06,2024-25,CHA,CHI,0,0.17585409
0022401134,2025-04-06,2024-25,BKN,TOR,0,0.3444747
0022401135,2025-04-06,2024-25,OKC,LAL,0,0.728374
0022401136,2025-04-06,2024-25,ATL,UTA,1,0.80660695
0022401137,2025-04-06,2024-25,BOS,WAS,1,0.9605388
0022401138,2025-04-06,2024-25,CLE,SAC,0,0.77214736
0022401139,2025-04-06,2024-25,POR,SAS,1,0.6573361
0022401140,2025-04-06,2024-25,NYK,PHX,1,0.7890241
0022401142,2025-04-06,2024-25,DEN,IND,0,0.6677817
0022401143,2025-04-06,2024-25,GSW,HOU,0,0.6586874
0022401144,2025-04-07,2024-25,DET,SAC,0,0.6259277
0022401145,2025-04-07,2024-25,MIA,PHI,1,0.8745
0022401146,2025-04-08,2024-25,CHA,MEM,0,0.14537378
0022401147,2025-04-08,2024-25,CLE,CHI,1,0.8288676
0022401148,2025-04-08,2024-25,IND,WAS,1,0.92538154
0022401149,2025-04-08,2024-25,ORL,ATL,1,0.59140134
0022401150,2025-04-08,2024-25,BKN,NOP,1,0.4767599
0022401151,2025-04-08,2024-25,NYK,BOS,0,0.41440484
0022401152,2025-04-08,2024-25,MIL,MIN,1,0.46989137
0022401153,2025-04-08,2024-25,OKC,LAL,1,0.6885878
0022401154,2025-04-08,2024-25,PHX,GSW,0,0.18188325
0022401155,2025-04-08,2024-25,LAC,SAS,1,0.85479033
0022401156,2025-04-09,2024-25,ORL,BOS,1,0.57780933
0022401157,2025-04-09,2024-25,WAS,PHI,0,0.49762318
0022401158,2025-04-09,2024-25,TOR,CHA,1,0.874821
0022401159,2025-04-09,2024-25,DAL,LAL,0,0.36475652
0022401160,2025-04-09,2024-25,CHI,MIA,1,0.52978486
0022401162,2025-04-09,2024-25,UTA,POR,1,0.27108106
0022401163,2025-04-09,2024-25,GSW,SAS,0,0.9041352
0022401164,2025-04-09,2024-25,PHX,OKC,0,0.16284105
0022401165,2025-04-09,2024-25,SAC,DEN,0,0.44872257
0022401166,2025-04-09,2024-25,LAC,HOU,1,0.8506218
0022401161,2025-04-10,2024-25,MIL,NOP,1,0.9566553
0022401167,2025-04-10,2024-25,DET,NYK,1,0.63211393
0022401168,2025-04-10,2024-25,IND,CLE,1,0.58730114
0022401169,2025-04-10,2024-25,BKN,ATL,0,0.21384911
0022401170,2025-04-10,2024-25,MEM,MIN,0,0.47854847
0022401171,2025-04-11,2024-25,DET,MIL,0,0.5112063
0022401172,2025-04-11,2024-25,IND,ORL,0,0.469943
0022401173,2025-04-11,2024-25,PHI,ATL,0,0.19346212
0022401174,2025-04-11,2024-25,BOS,CHA,1,0.9589199
0022401175,2025-04-11,2024-25,NYK,CLE,0,0.5599765
0022401176,2025-04-11,2024-25,CHI,WAS,1,0.8984631
0022401177,2025-04-11,2024-25,NOP,MIA,0,0.1018255
0022401178,2025-04-11,2024-25,DAL,TOR,1,0.7529733
0022401179,2025-04-11,2024-25,MIN,BKN,1,0.9495321
0022401180,2025-04-11,2024-25,DEN,MEM,1,0.6573733
0022401181,2025-04-11,2024-25,UTA,OKC,0,0.1818316
0022401182,2025-04-11,2024-25,PHX,SAS,1,0.5948574
0022401183,2025-04-11,2024-25,POR,GSW,0,0.13967694
0022401184,2025-04-11,2024-25,SAC,LAC,0,0.32111377
0022401185,2025-04-11,2024-25,LAL,HOU,1,0.8730285
0022401186,2025-04-13,2024-25,ATL,ORL,1,0.32016551
0022401187,2025-04-13,2024-25,BOS,CHA,1,0.90190095
0022401188,2025-04-13,2024-25,BKN,NYK,0,0.3872542
0022401189,2025-04-13,2024-25,CLE,IND,0,0.33609524
0022401190,2025-04-13,2024-25,MIA,WAS,0,0.8761883
0022401191,2025-04-13,2024-25,PHI,CHI,0,0.23648497
0022401192,2025-04-13,2024-25,MIL,DET,1,0.26715985
0022401193,2025-04-13,2024-25,HOU,DEN,0,0.4605362
0022401194,2025-04-13,2024-25,MEM,DAL,1,0.28995025
0022401195,2025-04-13,2024-25,MIN,UTA,1,0.9206937
0022401196,2025-04-13,2024-25,NOP,OKC,0,0.0502812
0022401197,2025-04-13,2024-25,SAS,TOR,1,0.6212081
0022401198,2025-04-13,2024-25,GSW,LAC,0,0.5944631
0022401199,2025-04-13,2024-25,POR,LAL,1,0.825329
0022401200,2025-04-13,2024-25,SAC,PHX,1,0.7881098
0022500001,2025-10-21,2025-26,OKC,HOU,1,0.68961966
0022500002,2025-10-21,2025-26,LAL,GSW,0,0.41904858
0022500003,2025-10-22,2025-26,NYK,CLE,1,0.37952253
0022500004,2025-10-22,2025-26,DAL,SAS,0,0.5179973
0022500080,2025-10-22,2025-26,CHA,BKN,1,0.40741408
0022500081,2025-10-22,2025-26,ORL,MIA,1,0.5784101
0022500082,2025-10-22,2025-26,ATL,TOR,0,0.7905877
0022500083,2025-10-22,2025-26,BOS,PHI,0,0.70783365
0022500084,2025-10-22,2025-26,CHI,DET,1,0.5007144
0022500085,2025-10-22,2025-26,MEM,NOP,1,0.77320015
0022500086,2025-10-22,2025-26,MIL,WAS,1,0.9358607
0022500087,2025-10-22,2025-26,UTA,LAC,1,0.050961442
0022500088,2025-10-22,2025-26,PHX,SAC,1,0.46836582
0022500089,2025-10-22,2025-26,POR,MIN,0,0.4650259
0022500005,2025-10-23,2025-26,IND,OKC,0,0.2795704
0022500006,2025-10-23,2025-26,GSW,DEN,1,0.6896065
0022500018,2025-10-24,2025-26,NYK,BOS,1,0.64528936
0022500019,2025-10-24,2025-26,LAL,MIN,1,0.6167677
0022500090,2025-10-24,2025-26,ORL,ATL,0,0.5806823
0022500091,2025-10-24,2025-26,BKN,CLE,0,0.1929238
0022500092,2025-10-24,2025-26,TOR,MIL,0,0.4159386
0022500093,2025-10-24,2025-26,HOU,DET,0,0.6440575
0022500094,2025-10-24,2025-26,MEM,MIA,0,0.5144068
0022500095,2025-10-24,2025-26,NOP,SAS,0,0.4508953
0022500096,2025-10-24,2025-26,DAL,WAS,0,0.6431869
0022500097,2025-10-24,2025-26,POR,GSW,1,0.45696148
0022500098,2025-10-24,2025-26,SAC,UTA,1,0.709683
0022500099,2025-10-24,2025-26,LAC,PHX,1,0.8435305
0022500100,2025-10-25,2025-26,ORL,CHI,0,0.4231464
0022500101,2025-10-25,2025-26,ATL,OKC,0,0.23902138
0022500102,2025-10-25,2025-26,PHI,CHA,1,0.6505736
0022500103,2025-10-25,2025-26,MEM,IND,1,0.5471261
0022500104,2025-10-25,2025-26,DEN,PHX,1,0.86083597
0022500105,2025-10-26,2025-26,SAS,BKN,1,0.6416081
0022500106,2025-10-26,2025-26,DET,BOS,1,0.63813865
0022500107,2025-10-26,2025-26,CLE,MIL,1,0.6536846
0022500108,2025-10-26,2025-26,MIA,NYK,1,0.49849737
0022500109,2025-10-26,2025-26,WAS,CHA,0,0.5684579
0022500110,2025-10-26,2025-26,MIN,IND,1,0.8009326
0022500111,2025-10-26,2025-26,DAL,TOR,1,0.45771965
0022500112,2025-10-26,2025-26,LAC,POR,1,0.7091096
0022500113,2025-10-26,2025-26,SAC,LAL,0,0.4366236
0022500007,2025-10-27,2025-26,DET,CLE,0,0.333749
0022500008,2025-10-27,2025-26,MIN,DEN,0,0.31161657
0022500114,2025-10-27,2025-26,PHI,ORL,1,0.4107775
0022500115,2025-10-27,2025-26,CHI,ATL,1,0.571454
0022500116,2025-10-27,2025-26,HOU,BKN,1,0.9016874
0022500117,2025-10-27,2025-26,NOP,BOS,0,0.3085396
0022500118,2025-10-27,2025-26,SAS,TOR,1,0.5374497
0022500119,2025-10-27,2025-26,DAL,OKC,0,0.1753651
0022500120,2025-10-27,2025-26,UTA,PHX,1,0.5681207
0022500121,2025-10-27,2025-26,GSW,MEM,1,0.7599951
0022500122,2025-10-27,2025-26,LAL,POR,0,0.4242511
0022500123,2025-10-28,2025-26,WAS,PHI,0,0.36602825
0022500124,2025-10-28,2025-26,MIA,CHA,1,0.7252564
0022500125,2025-10-28,2025-26,MIL,NYK,1,0.5589269
0022500126,2025-10-28,2025-26,OKC,SAC,1,0.7236895
0022500127,2025-10-28,2025-26,GSW,LAC,1,0.4304236
0022500128,2025-10-29,2025-26,BOS,CLE,1,0.38927007
0022500129,2025-10-29,2025-26,DET,ORL,1,0.6045579
0022500130,2025-10-29,2025-26,BKN,ATL,0,0.21934073
0022500131,2025-10-29,2025-26,TOR,HOU,0,0.28046343
0022500132,2025-10-29,2025-26,CHI,SAC,1,0.68602926
0022500133,2025-10-29,2025-26,DAL,IND,1,0.5993838
0022500134,2025-10-29,2025-26,DEN,NOP,1,0.8485896
0022500135,2025-10-29,2025-26,UTA,POR,0,0.27623698
0022500136,2025-10-29,2025-26,MIN,LAL,0,0.642546
0022500137,2025-10-29,2025-26,PHX,MEM,0,0.349573
0022500138,2025-10-30,2025-26,CHA,ORL,0,0.47401524
0022500139,2025-10-30,2025-26,MIL,GSW,1,0.31321403
0022500140,2025-10-30,2025-26,OKC,WAS,1,0.92614394
0022500141,2025-10-30,2025-26,SAS,MIA,1,0.4093465
0022500020,2025-10-31,2025-26,IND,ATL,0,0.42690048
0022500021,2025-10-31,2025-26,PHI,BOS,0,0.44632998
0022500022,2025-10-31,2025-26,CLE,TOR,0,0.6772212
0022500023,2025-10-31,2025-26,CHI,NYK,1,0.5232225
0022500024,2025-10-31,2025-26,MEM,LAL,0,0.33183828
0022500025,2025-10-31,2025-26,PHX,UTA,1,0.4656596
0022500026,2025-10-31,2025-26,POR,DEN,1,0.35217747
0022500027,2025-10-31,2025-26,LAC,NOP,1,0.8700346
0022500142,2025-11-01,2025-26,MIL,SAC,0,0.788381
0022500143,2025-11-01,2025-26,CHA,MIN,0,0.3327353
0022500144,2025-11-01,2025-26,IND,GSW,1,0.10600028
0022500145,2025-11-01,2025-26,WAS,ORL,0,0.3069865
0022500146,2025-11-01,2025-26,BOS,HOU,0,0.38689956
0022500148,2025-11-02,2025-26,OKC,NOP,1,0.89603
0022500149,2025-11-02,2025-26,BKN,PHI,0,0.4077832
0022500150,2025-11-02,2025-26,CHA,UTA,1,0.40323076
0022500151,2025-11-02,2025-26,CLE,ATL,1,0.57074827
0022500152,2025-11-02,2025-26,TOR,MEM,1,0.5923441
0022500153,2025-11-02,2025-26,NYK,CHI,1,0.55482143
0022500154,2025-11-02,2025-26,PHX,SAS,1,0.4359337
0022500155,2025-11-02,2025-26,LAL,MIA,1,0.68807274
0022500156,2025-11-03,2025-26,BKN,MIN,0,0.16858666
0022500157,2025-11-03,2025-26,IND,MIL,0,0.20998986
0022500158,2025-11-03,2025-26,BOS,UTA,0,0.8466957
0022500159,2025-11-03,2025-26,NYK,WAS,1,0.85767424
0022500160,2025-11-03,2025-26,HOU,DAL,1,0.827235
0022500161,2025-11-03,2025-26,MEM,DET,0,0.358876
0022500162,2025-11-03,2025-26,DEN,SAC,1,0.79066634
0022500163,2025-11-03,2025-26,POR,LAL,0,0.78300613
0022500164,2025-11-03,2025-26,LAC,MIA,0,0.7788772
0022500165,2025-11-04,2025-26,TOR,MIL,1,0.41542906
0022500166,2025-11-04,2025-26,ATL,ORL,1,0.5660485
0022500167,2025-11-04,2025-26,CHI,PHI,1,0.6689769
0022500168,2025-11-04,2025-26,NOP,CHA,1,0.5788585
0022500169,2025-11-04,2025-26,GSW,PHX,1,0.83629614
0022500170,2025-11-04,2025-26,LAC,OKC,0,0.32404962
0022500171,2025-11-05,2025-26,CLE,PHI,1,0.75756145
0022500172,2025-11-05,2025-26,DET,UTA,1,0.83241343
0022500173,2025-11-05,2025-26,IND,BKN,0,0.63845026
0022500174,2025-11-05,2025-26,BOS,WAS,1,0.8369343
0022500175,2025-11-05,2025-26,NYK,MIN,1,0.55402035
0022500176,2025-11-05,2025-26,MEM,HOU,0,0.26438093
0022500177,2025-11-05,2025-26,DAL,NOP,0,0.6790739
0022500178,2025-11-05,2025-26,DEN,MIA,1,0.74382323
0022500179,2025-11-05,2025-26,LAL,SAS,1,0.70429033
0022500180,2025-11-05,2025-26,POR,OKC,1,0.3886807
0022500181,2025-11-05,2025-26,SAC,GSW,1,0.5544624
0022500182,2025-11-06,2025-26,PHX,LAC,1,0.38600436
0022500028,2025-11-07,2025-26,ORL,BOS,1,0.53785294
0022500029,2025-11-07,2025-26,WAS,CLE,0,0.14791802
0022500030,2025-11-07,2025-26,ATL,TOR,0,0.65295094
0022500031,2025-11-07,2025-26,BKN,DET,0,0.2563958
0022500032,2025-11-07,2025-26,SAS,HOU,1,0.26723003
0022500033,2025-11-07,2025-26,MIA,CHA,1,0.81159693
0022500034,2025-11-07,2025-26,MEM,DAL,1,0.66373324
0022500035,2025-11-07,2025-26,MIL,CHI,1,0.5075459
0022500036,2025-11-07,2025-26,MIN,UTA,1,0.81843925
0022500037,2025-11-07,2025-26,DEN,GSW,1,0.728252
0022500038,2025-11-07,2025-26,SAC,OKC,0,0.20548166
0022500183,2025-11-08,2025-26,WAS,DAL,0,0.36268312
0022500184,2025-11-08,2025-26,PHI,TOR,1,0.60153675
0022500185,2025-11-08,2025-26,ATL,LAL,1,0.2368399
0022500186,2025-11-08,2025-26,CLE,CHI,1,0.59066296
0022500187,2025-11-08,2025-26,MIA,POR,1,0.37825555
0022500188,2025-11-08,2025-26,SAS,NOP,1,0.6562093
0022500189,2025-11-08,2025-26,DEN,IND,1,0.8350237
0022500190,2025-11-08,2025-26,LAC,PHX,0,0.6937138
0022500191,2025-11-09,2025-26,MIL,HOU,0,0.4811275
0022500192,2025-11-09,2025-26,NYK,BKN,1,0.884756
0022500193,2025-11-09,2025-26,ORL,BOS,0,0.5570177
0022500194,2025-11-09,2025-26,MEM,OKC,0,0.18372047
0022500195,2025-11-09,2025-26,PHI,DET,0,0.36314768
0022500196,2025-11-09,2025-26,GSW,IND,1,0.83990705
0022500197,2025-11-09,2025-26,SAC,MIN,0,0.3999141
0022500198,2025-11-10,2025-26,CHA,LAL,0,0.13393858
0022500199,2025-11-10,2025-26,DET,WAS,1,0.79368263
0022500200,2025-11-10,2025-26,ORL,POR,1,0.3344022
0022500201,2025-11-10,2025-26,MIA,CLE,1,0.40244275
0022500202,2025-11-10,2025-26,CHI,SAS,0,0.5873669
0022500203,2025-11-10,2025-26,DAL,MIL,0,0.34453458
0022500204,2025-11-10,2025-26,PHX,NOP,1,0.7093643
0022500205,2025-11-10,2025-26,UTA,MIN,0,0.19320762
0022500206,2025-11-10,2025-26,LAC,ATL,0,0.59069157
0022500207,2025-11-11,2025-26,BKN,TOR,0,0.24627186
0022500208,2025-11-11,2025-26,NYK,MEM,1,0.7644392
0022500209,2025-11-11,2025-26,PHI,BOS,1,0.49573848
0022500210,2025-11-11,2025-26,OKC,GSW,1,0.767816
0022500211,2025-11-11,2025-26,UTA,IND,1,0.43469408
0022500212,2025-11-11,2025-26,SAC,DEN,0,0.21173093
0022500213,2025-11-12,2025-26,CHA,MIL,1,0.3473985
0022500214,2025-11-12,2025-26,DET,CHI,1,0.16982551
0022500215,2025-11-12,2025-26,NYK,ORL,0,0.65430737
0022500216,2025-11-12,2025-26,BOS,MEM,1,0.7176483
0022500217,2025-11-12,2025-26,MIA,CLE,0,0.6841745
0022500218,2025-11-12,2025-26,HOU,WAS,1,0.9161102
0022500219,2025-11-12,2025-26,NOP,POR,0,0.2346907
0022500220,2025-11-12,2025-26,SAS,GSW,0,0.46269068
0022500221,2025-11-12,2025-26,DAL,PHX,0,0.4169833
0022500222,2025-11-12,2025-26,OKC,LAL,1,0.65208966
0022500223,2025-11-12,2025-26,SAC,ATL,0,0.31243163
0022500224,2025-11-12,2025-26,LAC,DEN,0,0.4225421
0022500225,2025-11-13,2025-26,CLE,TOR,0,0.65136254
0022500226,2025-11-13,2025-26,PHX,IND,1,0.66583025
0022500227,2025-11-13,2025-26,UTA,ATL,0,0.3701011
0022500039,2025-11-14,2025-26,NYK,MIA,1,0.64446205
0022500040,2025-11-14,2025-26,ORL,BKN,1,0.80887747
0022500041,2025-11-14,2025-26,DET,PHI,1,0.38117114
0022500042,2025-11-14,2025-26,HOU,POR,1,0.62032014
0022500043,2025-11-14,2025-26,MIL,CHA,1,0.81374377
0022500044,2025-11-14,2025-26,MIN,SAC,1,0.77754724
0022500045,2025-11-14,2025-26,NOP,LAL,0,0.14142825
0022500046,2025-11-14,2025-26,DAL,LAC,0,0.31784466
0022500047,2025-11-14,2025-26,SAS,GSW,0,0.40536192
0022500228,2025-11-15,2025-26,CLE,MEM,1,0.72931176
0022500229,2025-11-15,2025-26,CHA,OKC,0,0.073579304
0022500230,2025-11-15,2025-26,IND,TOR,0,0.2784504
0022500231,2025-11-15,2025-26,MIL,LAL,0,0.53109735
0022500232,2025-11-15,2025-26,MIN,DEN,0,0.32618928
0022500233,2025-11-16,2025-26,BOS,LAC,1,0.5579438
0022500234,2025-11-16,2025-26,SAS,SAC,1,0.6322115
0022500235,2025-11-16,2025-26,WAS,BKN,0,0.5430448
0022500236,2025-11-16,2025-26,HOU,ORL,1,0.81352425
0022500237,2025-11-16,2025-26,NOP,GSW,0,0.17723562
0022500238,2025-11-16,2025-26,DAL,POR,1,0.43957874
0022500239,2025-11-16,2025-26,PHX,ATL,0,0.5348046
0022500240,2025-11-16,2025-26,UTA,CHI,1,0.26718065
0022500241,2025-11-17,2025-26,CLE,MIL,1,0.6447978
0022500242,2025-11-17,2025-26,DET,IND,1,0.7054862
0022500243,2025-11-17,2025-26,PHI,LAC,1,0.50404555
0022500244,2025-11-17,2025-26,MIA,NYK,1,0.50094783
0022500245,2025-11-17,2025-26,TOR,CHA,1,0.700264
0022500246,2025-11-17,2025-26,MIN,DAL,1,0.84919035
0022500247,2025-11-17,2025-26,NOP,OKC,0,0.06475355
0022500248,2025-11-17,2025-26,DEN,CHI,0,0.8104792
0022500249,2025-11-18,2025-26,ORL,GSW,1,0.36309993
0022500250,2025-11-18,2025-26,BKN,BOS,0,0.23032966
0022500251,2025-11-18,2025-26,ATL,DET,0,0.63132286
0022500252,2025-11-18,2025-26,SAS,MEM,1,0.61761236
0022500253,2025-11-18,2025-26,LAL,UTA,1,0.84200966
0022500254,2025-11-18,2025-26,POR,PHX,0,0.4974982
0022500255,2025-11-19,2025-26,CLE,HOU,0,0.46428466
0022500256,2025-11-19,2025-26,IND,CHA,1,0.36324397
0022500257,2025-11-19,2025-26,MIA,GSW,1,0.834966
0022500258,2025-11-19,2025-26,PHI,TOR,0,0.43928623
0022500259,2025-11-19,2025-26,MIN,WAS,1,0.9029367
0022500260,2025-11-19,2025-26,NOP,DEN,0,0.16071846
0022500261,2025-11-19,2025-26,OKC,SAC,1,0.9204788
0022500262,2025-11-19,2025-26,DAL,NYK,0,0.307807
0022500263,2025-11-19,2025-26,POR,CHI,0,0.31261548
0022500264,2025-11-20,2025-26,ORL,LAC,1,0.5033842
0022500265,2025-11-20,2025-26,MEM,SAC,1,0.5290237
0022500266,2025-11-20,2025-26,MIL,PHI,0,0.5392976
0022500267,2025-11-20,2025-26,SAS,ATL,1,0.39754793
0022500048,2025-11-21,2025-26,CLE,IND,1,0.86168766
0022500049,2025-11-21,2025-26,BOS,BKN,0,0.80756855
0022500050,2025-11-21,2025-26,TOR,WAS,1,0.8572866
0022500051,2025-11-21,2025-26,CHI,MIA,0,0.58604825
0022500052,2025-11-21,2025-26,DAL,NOP,1,0.5815045
0022500053,2025-11-21,2025-26,PHX,MIN,1,0.45833963
0022500054,2025-11-21,2025-26,HOU,DEN,0,0.5108506
0022500055,2025-11-21,2025-26,UTA,OKC,0,0.11083228
0022500056,2025-11-21,2025-26,GSW,POR,0,0.7561771
0022500268,2025-11-22,2025-26,CHA,LAC,0,0.45468584
0022500269,2025-11-22,2025-26,ORL,NYK,1,0.4971246
0022500270,2025-11-22,2025-26,NOP,ATL,0,0.16491134
0022500271,2025-11-22,2025-26,CHI,WAS,1,0.8823946
0022500272,2025-11-22,2025-26,MIL,DET,0,0.3431701
0022500273,2025-11-22,2025-26,DAL,MEM,0,0.4487915
0022500274,2025-11-22,2025-26,DEN,SAC,0,0.9003275
0022500275,2025-11-23,2025-26,PHI,MIA,0,0.3884007
0022500276,2025-11-23,2025-26,ATL,CHA,1,0.80348164
0022500277,2025-11-23,2025-26,BOS,ORL,1,0.6842364
0022500278,2025-11-23,2025-26,CLE,LAC,1,0.6520979
0022500279,2025-11-23,2025-26,TOR,BKN,1,0.7760659
0022500280,2025-11-23,2025-26,OKC,POR,1,0.8780694
0022500281,2025-11-23,2025-26,PHX,SAS,1,0.6595077
0022500282,2025-11-23,2025-26,UTA,LAL,0,0.15210842
0022500283,2025-11-24,2025-26,IND,DET,0,0.20827067
0022500284,2025-11-24,2025-26,TOR,CLE,1,0.47352666
0022500285,2025-11-24,2025-26,BKN,NYK,0,0.20007628
0022500286,2025-11-24,2025-26,MIA,DAL,1,0.77989554
0022500287,2025-11-24,2025-26,MEM,DEN,0,0.21995859
0022500288,2025-11-24,2025-26,MIL,POR,0,0.52464944
0022500289,2025-11-24,2025-26,NOP,CHI,1,0.26552594
0022500290,2025-11-24,2025-26,PHX,HOU,0,0.36304602
0022500291,2025-11-24,2025-26,GSW,UTA,1,0.7897016
0022500292,2025-11-24,2025-26,SAC,MIN,1,0.2708877
0022500057,2025-11-25,2025-26,WAS,ATL,1,0.13142775
0022500058,2025-11-25,2025-26,PHI,ORL,0,0.48635605
0022500059,2025-11-25,2025-26,LAL,LAC,1,0.6389303
0022500060,2025-11-26,2025-26,BOS,DET,1,0.45427418
0022500061,2025-11-26,2025-26,CHA,NYK,0,0.33198816
0022500062,2025-11-26,2025-26,MIA,MIL,1,0.7795951
0022500063,2025-11-26,2025-26,TOR,IND,1,0.7366504
0022500064,2025-11-26,2025-26,OKC,MIN,1,0.8021452
0022500065,2025-11-26,2025-26,NOP,MEM,0,0.3880415
0022500066,2025-11-26,2025-26,GSW,HOU,0,0.50966424
0022500067,2025-11-26,2025-26,POR,SAS,0,0.59627855
0022500068,2025-11-26,2025-26,SAC,PHX,0,0.34629396
0022500069,2025-11-28,2025-26,ATL,CLE,1,0.39864787
0022500070,2025-11-28,2025-26,BKN,PHI,0,0.32480738
0022500071,2025-11-28,2025-26,CHA,CHI,1,0.34334755
0022500072,2025-11-28,2025-26,DET,ORL,0,0.5631146
0022500073,2025-11-28,2025-26,IND,WAS,1,0.58886063
0022500074,2025-11-28,2025-26,NYK,MIL,1,0.6710455
0022500075,2025-11-28,2025-26,OKC,PHX,1,0.84596777
0022500076,2025-11-28,2025-26,DEN,SAS,0,0.79002804
0022500077,2025-11-28,2025-26,UTA,SAC,1,0.56826097
0022500078,2025-11-28,2025-26,LAL,DAL,1,0.87653637
0022500079,2025-11-28,2025-26,LAC,MEM,0,0.74557394
0022500293,2025-11-29,2025-26,MIN,BOS,1,0.6251924
0022500294,2025-11-29,2025-26,CHA,TOR,1,0.3844276
0022500295,2025-11-29,2025-26,IND,CHI,1,0.36651185
0022500296,2025-11-29,2025-26,MIA,DET,0,0.6530014
0022500297,2025-11-29,2025-26,MIL,BKN,1,0.8563511
0022500298,2025-11-29,2025-26,GSW,NOP,1,0.819884
0022500299,2025-11-29,2025-26,PHX,DEN,0,0.39394248
0022500300,2025-11-29,2025-26,LAC,DAL,0,0.85958374
0022500301,2025-11-30,2025-26,UTA,HOU,0,0.21916704
0022500302,2025-11-30,2025-26,CLE,BOS,0,0.74967456
0022500303,2025-11-30,2025-26,NYK,TOR,1,0.7581383
0022500304,2025-11-30,2025-26,PHI,ATL,0,0.50596553
0022500305,2025-11-30,2025-26,POR,OKC,0,0.18633638
0022500306,2025-11-30,2025-26,MIN,SAS,1,0.6100739
0022500307,2025-11-30,2025-26,SAC,MEM,0,0.41722706
0022500308,2025-11-30,2025-26,LAL,NOP,1,0.9417199
0022500309,2025-12-01,2025-26,DET,ATL,1,0.6536467
0022500310,2025-12-01,2025-26,IND,CLE,0,0.36363587
0022500311,2025-12-01,2025-26,WAS,MIL,1,0.20935924
0022500312,2025-12-01,2025-26,BKN,CHA,1,0.4489532
0022500313,2025-12-01,2025-26,MIA,LAC,1,0.64786243
0022500314,2025-12-01,2025-26,ORL,CHI,1,0.60707134
0022500315,2025-12-01,2025-26,DEN,DAL,0,0.8464572
0022500316,2025-12-01,2025-26,UTA,HOU,1,0.14795583
0022500317,2025-12-01,2025-26,LAL,PHX,0,0.61119306
0022500318,2025-12-02,2025-26,PHI,WAS,1,0.8309451
0022500319,2025-12-02,2025-26,TOR,POR,1,0.49258915
0022500320,2025-12-02,2025-26,BOS,NYK,1,0.4548006
0022500321,2025-12-02,2025-26,NOP,MIN,0,0.15802522
0022500322,2025-12-02,2025-26,SAS,MEM,1,0.66321933
0022500323,2025-12-02,2025-26,GSW,OKC,0,0.20177068
0022500324,2025-12-03,2025-26,CLE,POR,0,0.7365321
0022500325,2025-12-03,2025-26,IND,DEN,0,0.23309308
0022500326,2025-12-03,2025-26,ORL,SAS,0,0.6765672
0022500327,2025-12-03,2025-26,ATL,LAC,0,0.5535675
0022500328,2025-12-03,2025-26,NYK,CHA,1,0.7961564
0022500329,2025-12-03,2025-26,CHI,BKN,0,0.72805506
0022500330,2025-12-03,2025-26,HOU,SAC,1,0.8857209
0022500331,2025-12-03,2025-26,MIL,DET,1,0.48991048
0022500332,2025-12-03,2025-26,DAL,MIA,1,0.35883576
0022500333,2025-12-04,2025-26,PHI,GSW,1,0.5969119
0022500334,2025-12-04,2025-26,WAS,BOS,0,0.18701886
0022500335,2025-12-04,2025-26,BKN,UTA,0,0.39933005
0022500336,2025-12-04,2025-26,TOR,LAL,0,0.4508621
0022500337,2025-12-04,2025-26,NOP,MIN,0,0.17315033
0022500338,2025-12-05,2025-26,BOS,LAL,1,0.73041904
0022500339,2025-12-05,2025-26,ORL,MIA,1,0.549812
0022500340,2025-12-05,2025-26,ATL,DEN,0,0.4254368
0022500341,2025-12-05,2025-26,CLE,SAS,1,0.6478269
0022500342,2025-12-05,2025-26,DET,POR,1,0.66320115
0022500343,2025-12-05,2025-26,NYK,UTA,1,0.8426703
0022500344,2025-12-05,2025-26,TOR,CHA,0,0.63362706
0022500345,2025-12-05,2025-26,CHI,IND,0,0.6520905
0022500346,2025-12-05,2025-26,HOU,PHX,1,0.712521
0022500347,2025-12-05,2025-26,MEM,LAC,1,0.3770484
0022500348,2025-12-05,2025-26,MIL,PHI,0,0.5494367
0022500349,2025-12-05,2025-26,OKC,DAL,1,0.8970121
0022500350,2025-12-06,2025-26,BKN,NOP,1,0.66317666
0022500351,2025-12-06,2025-26,WAS,ATL,0,0.1363113
0022500352,2025-12-06,2025-26,CLE,GSW,0,0.76361865
0022500353,2025-12-06,2025-26,DET,MIL,1,0.7533668
0022500354,2025-12-06,2025-26,MIA,SAC,0,0.8079573
0022500355,2025-12-06,2025-26,MIN,LAC,1,0.66910446
0022500356,2025-12-06,2025-26,DAL,HOU,1,0.3030756
0022500357,2025-12-07,2025-26,NYK,ORL,1,0.52941823
0022500358,2025-12-07,2025-26,TOR,BOS,0,0.32730618
0022500359,2025-12-07,2025-26,CHA,DEN,0,0.16822468
0022500360,2025-12-07,2025-26,MEM,POR,1,0.4706291
0022500361,2025-12-07,2025-26,CHI,GSW,0,0.4980612
0022500362,2025-12-07,2025-26,PHI,LAL,0,0.4360437
0022500363,2025-12-07,2025-26,UTA,OKC,0,0.113306776
0022500364,2025-12-08,2025-26,IND,SAC,1,0.6575579
0022500365,2025-12-08,2025-26,MIN,PHX,0,0.6262171
0022500366,2025-12-08,2025-26,NOP,SAS,0,0.20321317
0022501201,2025-12-09,2025-26,ORL,MIA,1,0.51520246
0022501202,2025-12-09,2025-26,TOR,NYK,0,0.2745391
0022501203,2025-12-10,2025-26,OKC,PHX,1,0.8767268
0022501204,2025-12-10,2025-26,LAL,SAS,0,0.6564797
0022501205,2025-12-11,2025-26,HOU,LAC,1,0.6926369
0022501206,2025-12-11,2025-26,MIL,BOS,1,0.25697494
0022501207,2025-12-11,2025-26,NOP,POR,1,0.30073735
0022501208,2025-12-11,2025-26,SAC,DEN,0,0.16097939
0022501209,2025-12-12,2025-26,CHA,CHI,0,0.3992956
0022501210,2025-12-12,2025-26,DET,ATL,1,0.586679
0022501211,2025-12-12,2025-26,PHI,IND,1,0.59080553
0022501212,2025-12-12,2025-26,WAS,CLE,0,0.087254584
0022501213,2025-12-12,2025-26,MEM,UTA,0,0.6659114
0022501214,2025-12-12,2025-26,DAL,BKN,1,0.71325713
0022501215,2025-12-12,2025-26,GSW,MIN,0,0.6627505
0022501216,2025-12-14,2025-26,IND,WAS,0,0.83983475
0022501217,2025-12-14,2025-26,ATL,PHI,1,0.6471251
0022501218,2025-12-14,2025-26,CLE,CHA,0,0.7817008
0022501219,2025-12-14,2025-26,BKN,MIL,1,0.45280352
0022501220,2025-12-14,2025-26,MIN,SAC,1,0.7705568
0022501221,2025-12-14,2025-26,POR,GSW,1,0.32705083
0022501223,2025-12-14,2025-26,CHI,NOP,0,0.71343625
0022501228,2025-12-14,2025-26,PHX,LAL,0,0.3986224
0022501222,2025-12-15,2025-26,BOS,DET,0,0.503801
0022501224,2025-12-15,2025-26,UTA,DAL,1,0.4063695
0022501225,2025-12-15,2025-26,DEN,HOU,1,0.49620873
0022501226,2025-12-15,2025-26,LAC,MEM,0,0.6663557
0022501227,2025-12-15,2025-26,MIA,TOR,0,0.7233792
0022500367,2025-12-17,2025-26,CHI,CLE,1,0.4990573
0022500368,2025-12-17,2025-26,MIN,MEM,0,0.7559236
0022500369,2025-12-18,2025-26,OKC,LAC,1,0.9027902
0022500370,2025-12-18,2025-26,SAS,WAS,1,0.925525
0022500371,2025-12-18,2025-26,CHA,ATL,1,0.39616102
0022500372,2025-12-18,2025-26,IND,NYK,0,0.278635
0022500373,2025-12-18,2025-26,BKN,MIA,0,0.32477036
0022500374,2025-12-18,2025-26,MIL,TOR,0,0.52775604
0022500375,2025-12-18,2025-26,NOP,HOU,1,0.20722002
0022500376,2025-12-18,2025-26,DAL,DET,1,0.4014557
0022500377,2025-12-18,2025-26,DEN,ORL,1,0.7038106
0022500378,2025-12-18,2025-26,PHX,GSW,1,0.4774445
0022500379,2025-12-18,2025-26,UTA,LAL,0,0.18191473
0022500380,2025-12-18,2025-26,POR,SAC,1,0.7858247
0022500381,2025-12-19,2025-26,BOS,MIA,1,0.72113043
0022500382,2025-12-19,2025-26,NYK,PHI,0,0.6974342
0022500383,2025-12-19,2025-26,ATL,SAS,0,0.44468433
0022500384,2025-12-19,2025-26,CLE,CHI,0,0.48614535
0022500385,2025-12-19,2025-26,MIN,OKC,1,0.27813825
0022500386,2025-12-20,2025-26,DEN,HOU,0,0.5378663
0022500387,2025-12-20,2025-26,PHI,DAL,1,0.4857648
0022500388,2025-12-20,2025-26,TOR,BOS,0,0.49649507
0022500389,2025-12-20,2025-26,NOP,IND,1,0.6225511
0022500390,2025-12-20,2025-26,DET,CHA,1,0.7391099
0022500391,2025-12-20,2025-26,MEM,WAS,0,0.8246607
0022500392,2025-12-20,2025-26,GSW,PHX,1,0.61675316
0022500393,2025-12-20,2025-26,UTA,ORL,0,0.31698647
0022500394,2025-12-20,2025-26,SAC,POR,0,0.30665413
0022500395,2025-12-20,2025-26,LAC,LAL,1,0.45187697
0022500396,2025-12-21,2025-26,ATL,CHI,0,0.5848383
0022500397,2025-12-21,2025-26,BKN,TOR,1,0.5380229
0022500398,2025-12-21,2025-26,NYK,MIA,1,0.7061491
0022500399,2025-12-21,2025-26,WAS,SAS,0,0.07444877
0022500400,2025-12-21,2025-26,MIN,MIL,1,0.77069443
0022500401,2025-12-21,2025-26,SAC,HOU,1,0.121599056
0022500402,2025-12-22,2025-26,CLE,CHA,1,0.7017213
0022500403,2025-12-22,2025-26,BOS,IND,1,0.81748426
0022500404,2025-12-22,2025-26,NOP,DAL,1,0.5272989
0022500405,2025-12-22,2025-26,DEN,UTA,1,0.86350983
0022500406,2025-12-22,2025-26,OKC,MEM,1,0.9091179
0022500407,2025-12-22,2025-26,GSW,ORL,1,0.71446943
0022500408,2025-12-22,2025-26,POR,DET,0,0.34823698
0022500409,2025-12-23,2025-26,CHA,WAS,1,0.6986067
0022500410,2025-12-23,2025-26,PHI,BKN,0,0.68896145
0022500411,2025-12-23,2025-26,ATL,CHI,0,0.6193612
0022500412,2025-12-23,2025-26,CLE,NOP,1,0.73919827
0022500413,2025-12-23,2025-26,IND,MIL,0,0.5027219
0022500414,2025-12-23,2025-26,MIA,TOR,0,0.66839635
0022500415,2025-12-23,2025-26,DAL,DEN,1,0.29002497
0022500416,2025-12-23,2025-26,MIN,NYK,1,0.62502027
0022500417,2025-12-23,2025-26,SAS,OKC,1,0.3876819
0022500418,2025-12-23,2025-26,PHX,LAL,1,0.57683
0022500419,2025-12-23,2025-26,UTA,MEM,0,0.34279567
0022500420,2025-12-23,2025-26,POR,ORL,0,0.55399686
0022500421,2025-12-23,2025-26,SAC,DET,0,0.19223535
0022500422,2025-12-23,2025-26,LAC,HOU,1,0.38142523
0022500009,2025-12-25,2025-26,NYK,CLE,1,0.5593241
0022500010,2025-12-25,2025-26,OKC,SAS,0,0.74202615
0022500011,2025-12-25,2025-26,GSW,DAL,1,0.7398378
0022500012,2025-12-25,2025-26,LAL,HOU,0,0.5259218
0022500013,2025-12-25,2025-26,DEN,MIN,1,0.6754501
0022500423,2025-12-26,2025-26,ATL,MIA,0,0.6525367
0022500424,2025-12-26,2025-26,ORL,CHA,0,0.61687016
0022500425,2025-12-26,2025-26,WAS,TOR,1,0.35855886
0022500426,2025-12-26,2025-26,IND,BOS,0,0.28710765
0022500427,2025-12-26,2025-26,CHI,PHI,1,0.5068362
0022500428,2025-12-26,2025-26,MEM,MIL,1,0.6039342
0022500429,2025-12-26,2025-26,NOP,PHX,0,0.3281195
0022500430,2025-12-26,2025-26,UTA,DET,1,0.20397307
0022500431,2025-12-26,2025-26,POR,LAC,0,0.4225763
0022500432,2025-12-27,2025-26,SAC,DAL,1,0.37823465
0022500433,2025-12-27,2025-26,ORL,DEN,1,0.20190017
0022500434,2025-12-27,2025-26,NOP,PHX,0,0.37839854
0022500435,2025-12-27,2025-26,ATL,NYK,0,0.3974483
0022500436,2025-12-27,2025-26,MIA,IND,1,0.72048426
0022500437,2025-12-27,2025-26,CHI,MIL,0,0.5408273
0022500438,2025-12-27,2025-26,HOU,CLE,1,0.59536374
0022500439,2025-12-27,2025-26,MIN,BKN,0,0.8101711
0022500440,2025-12-27,2025-26,SAS,UTA,0,0.87830096
0022500441,2025-12-28,2025-26,TOR,GSW,1,0.324129
0022500442,2025-12-28,2025-26,OKC,PHI,1,0.8677555
0022500443,2025-12-28,2025-26,WAS,MEM,1,0.2728998
0022500444,2025-12-28,2025-26,POR,BOS,1,0.38914648
0022500445,2025-12-28,2025-26,LAC,DET,1,0.49137542
0022500446,2025-12-28,2025-26,LAL,SAC,1,0.80560535
0022500447,2025-12-29,2025-26,CHA,MIL,0,0.47854888
0022500448,2025-12-29,2025-26,WAS,PHX,0,0.16963471
0022500449,2025-12-29,2025-26,BKN,GSW,0,0.4129551
0022500450,2025-12-29,2025-26,MIA,DEN,1,0.35049456
0022500451,2025-12-29,2025-26,TOR,ORL,1,0.42470223
0022500452,2025-12-29,2025-26,CHI,MIN,0,0.3677747
0022500453,2025-12-29,2025-26,HOU,IND,1,0.83008784
0022500454,2025-12-29,2025-26,NOP,NYK,0,0.33452782
0022500455,2025-12-29,2025-26,OKC,ATL,1,0.88192594
0022500456,2025-12-29,2025-26,SAS,CLE,0,0.6231241
0022500457,2025-12-29,2025-26,POR,DAL,1,0.59657913
0022500458,2025-12-30,2025-26,MEM,PHI,0,0.4749077
0022500459,2025-12-30,2025-26,UTA,BOS,0,0.3014117
0022500460,2025-12-30,2025-26,LAL,DET,0,0.4884351
0022500461,2025-12-30,2025-26,LAC,SAC,1,0.8220463
0022500462,2025-12-31,2025-26,CHA,GSW,0,0.24252826
0022500463,2025-12-31,2025-26,ATL,MIN,1,0.43487263
0022500464,2025-12-31,2025-26,IND,ORL,0,0.40807903
0022500465,2025-12-31,2025-26,CLE,PHX,1,0.59276754
0022500466,2025-12-31,2025-26,CHI,NOP,1,0.54157066
0022500467,2025-12-31,2025-26,SAS,NYK,1,0.63417584
0022500468,2025-12-31,2025-26,TOR,DEN,0,0.48129606
0022500469,2025-12-31,2025-26,MIL,WAS,0,0.82938623
0022500470,2025-12-31,2025-26,OKC,POR,1,0.88621855
0022500471,2026-01-01,2025-26,BKN,HOU,0,0.13656275
0022500472,2026-01-01,2025-26,DET,MIA,0,0.61582917
0022500473,2026-01-01,2025-26,DAL,PHI,0,0.44852036
0022500474,2026-01-01,2025-26,SAC,BOS,0,0.21939023
0022500475,2026-01-01,2025-26,LAC,UTA,1,0.9235708
0022500476,2026-01-02,2025-26,IND,SAS,0,0.3406496
0022500477,2026-01-02,2025-26,WAS,BKN,1,0.5212635
0022500478,2026-01-02,2025-26,CLE,DEN,1,0.6950192
0022500479,2026-01-02,2025-26,NYK,ATL,0,0.5557339
0022500480,2026-01-02,2025-26,CHI,ORL,1,0.36499682
0022500481,2026-01-02,2025-26,MIL,CHA,1,0.62783617
0022500482,2026-01-02,2025-26,NOP,POR,0,0.3338161
0022500483,2026-01-02,2025-26,PHX,SAC,1,0.86105376
0022500484,2026-01-02,2025-26,GSW,OKC,0,0.1396363
0022500485,2026-01-02,2025-26,LAL,MEM,1,0.61489683
0022500486,2026-01-03,2025-26,MIA,MIN,0,0.4763807
0022500487,2026-01-03,2025-26,NYK,PHI,0,0.5123408
0022500488,2026-01-03,2025-26,TOR,ATL,1,0.5289437
0022500489,2026-01-03,2025-26,CHI,CHA,0,0.48116636
0022500490,2026-01-03,2025-26,SAS,POR,0,0.7257326
0022500491,2026-01-03,2025-26,DAL,HOU,1,0.2799834
0022500492,2026-01-03,2025-26,GSW,UTA,1,0.79961866
0022500493,2026-01-03,2025-26,LAC,BOS,0,0.5800838
0022500494,2026-01-04,2025-26,CLE,DET,0,0.55079806
0022500495,2026-01-04,2025-26,ORL,IND,1,0.6647576
0022500496,2026-01-04,2025-26,BKN,DEN,1,0.39480796
0022500497,2026-01-04,2025-26,MIA,NOP,1,0.72593117
0022500498,2026-01-04,2025-26,WAS,MIN,0,0.19347031
0022500499,2026-01-04,2025-26,PHX,OKC,1,0.25894627
0022500500,2026-01-04,2025-26,SAC,MIL,0,0.32619226
0022500501,2026-01-04,2025-26,LAL,MEM,1,0.67158175
0022500502,2026-01-05,2025-26,DET,NYK,1,0.42406312
0022500503,2026-01-05,2025-26,BOS,CHI,1,0.7861984
0022500504,2026-01-05,2025-26,TOR,ATL,1,0.45836502
0022500505,2026-01-05,2025-26,HOU,PHX,1,0.7016735
0022500506,2026-01-05,2025-26,OKC,CHA,0,0.8739965
0022500507,2026-01-05,2025-26,PHI,DEN,0,0.8605088
0022500508,2026-01-05,2025-26,LAC,GSW,1,0.46198162
0022500509,2026-01-05,2025-26,POR,UTA,1,0.63558906
0022500510,2026-01-06,2025-26,IND,CLE,0,0.34645757
0022500511,2026-01-06,2025-26,WAS,ORL,1,0.30317402
0022500512,2026-01-06,2025-26,MEM,SAS,1,0.316646
0022500513,2026-01-06,2025-26,MIN,MIA,1,0.6310838
0022500514,2026-01-06,2025-26,NOP,LAL,0,0.33567348
0022500515,2026-01-06,2025-26,SAC,DAL,0,0.32956544
0022500516,2026-01-07,2025-26,CHA,TOR,0,0.4600902
0022500517,2026-01-07,2025-26,DET,CHI,1,0.63272125
0022500518,2026-01-07,2025-26,PHI,WAS,1,0.87630916
0022500519,2026-01-07,2025-26,ATL,NOP,1,0.84410286
0022500520,2026-01-07,2025-26,BOS,DEN,0,0.6867071
0022500521,2026-01-07,2025-26,BKN,ORL,0,0.5233244
0022500522,2026-01-07,2025-26,NYK,LAC,1,0.53618795
0022500523,2026-01-07,2025-26,SAS,LAL,1,0.7004155
0022500524,2026-01-07,2025-26,MEM,PHX,0,0.33689833
0022500525,2026-01-07,2025-26,OKC,UTA,1,0.9172212
0022500526,2026-01-07,2025-26,GSW,MIL,1,0.7477295
0022500527,2026-01-07,2025-26,POR,HOU,1,0.3607424
0022500528,2026-01-08,2025-26,CHA,IND,0,0.6537856
0022500530,2026-01-08,2025-26,MIN,CLE,1,0.58167446
0022500531,2026-01-08,2025-26,UTA,DAL,1,0.3813963
0022500532,2026-01-09,2025-26,BOS,TOR,1,0.81817144
0022500533,2026-01-09,2025-26,ORL,PHI,0,0.38398436
0022500534,2026-01-09,2025-26,WAS,NOP,0,0.4487768
0022500535,2026-01-09,2025-26,BKN,LAC,0,0.32015377
0022500536,2026-01-09,2025-26,MEM,OKC,0,0.28108758
0022500537,2026-01-09,2025-26,DEN,ATL,0,0.4344065
0022500538,2026-01-09,2025-26,PHX,NYK,1,0.5297988
0022500539,2026-01-09,2025-26,GSW,SAC,1,0.8698176
0022500540,2026-01-09,2025-26,POR,HOU,1,0.35125202
0022500541,2026-01-09,2025-26,LAL,MIL,0,0.66572183
0022500542,2026-01-10,2025-26,CLE,MIN,1,0.46692437
0022500543,2026-01-10,2025-26,IND,MIA,1,0.31704077
0022500544,2026-01-10,2025-26,DET,LAC,0,0.4380048
0022500545,2026-01-10,2025-26,BOS,SAS,0,0.51229715
0022500546,2026-01-10,2025-26,CHI,DAL,1,0.5725094
0022500547,2026-01-10,2025-26,UTA,CHA,0,0.34976432
0022500548,2026-01-11,2025-26,ORL,NOP,1,0.6267684
0022500549,2026-01-11,2025-26,MEM,BKN,1,0.75079703
0022500550,2026-01-11,2025-26,TOR,PHI,1,0.32165667
0022500551,2026-01-11,2025-26,POR,NYK,0,0.44666767
0022500552,2026-01-11,2025-26,MIN,SAS,1,0.6365152
0022500553,2026-01-11,2025-26,OKC,MIA,1,0.8890484
0022500554,2026-01-11,2025-26,DEN,MIL,1,0.4456868
0022500555,2026-01-11,2025-26,PHX,WAS,1,0.8542327
0022500556,2026-01-11,2025-26,GSW,ATL,0,0.6646712
0022500557,2026-01-11,2025-26,SAC,HOU,1,0.098421305
0022500558,2026-01-12,2025-26,CLE,UTA,0,0.82717717
0022500559,2026-01-12,2025-26,IND,BOS,1,0.35679582
0022500560,2026-01-12,2025-26,TOR,PHI,0,0.36566457
0022500561,2026-01-12,2025-26,DAL,BKN,1,0.54887545
0022500562,2026-01-12,2025-26,SAC,LAL,1,0.21061774
0022500563,2026-01-12,2025-26,LAC,CHA,1,0.67796814
0022500564,2026-01-13,2025-26,MIA,PHX,1,0.47374547
0022500565,2026-01-13,2025-26,HOU,CHI,1,0.8033393
0022500566,2026-01-13,2025-26,MIL,MIN,0,0.33352742
0022500567,2026-01-13,2025-26,NOP,DEN,0,0.35260984
0022500568,2026-01-13,2025-26,OKC,SAS,1,0.8128978
0022500569,2026-01-13,2025-26,LAL,ATL,1,0.42818856
0022500570,2026-01-13,2025-26,GSW,POR,1,0.724576
0022500571,2026-01-14,2025-26,IND,TOR,0,0.5763076
0022500572,2026-01-14,2025-26,PHI,CLE,0,0.53854555
0022500573,2026-01-14,2025-26,CHI,UTA,1,0.8095696
0022500574,2026-01-14,2025-26,NOP,BKN,1,0.42786646
0022500575,2026-01-14,2025-26,DAL,DEN,0,0.4441091
0022500576,2026-01-14,2025-26,SAC,NYK,1,0.20953107
0022500577,2026-01-14,2025-26,LAC,WAS,1,0.8907087
0022500579,2026-01-15,2025-26,DET,PHX,1,0.74550843
0022500580,2026-01-15,2025-26,MIA,BOS,0,0.4613016
0022500581,2026-01-15,2025-26,HOU,OKC,0,0.3796698
0022500582,2026-01-15,2025-26,SAS,MIL,1,0.6885192
0022500583,2026-01-15,2025-26,DAL,UTA,1,0.54143894
0022500584,2026-01-15,2025-26,GSW,NYK,1,0.71359336
0022500585,2026-01-15,2025-26,POR,ATL,1,0.43796244
0022500586,2026-01-15,2025-26,LAL,CHA,0,0.6273165
0022500587,2026-01-16,2025-26,BKN,CHI,1,0.49405387
0022500588,2026-01-16,2025-26,IND,NOP,1,0.5906157
0022500589,2026-01-16,2025-26,PHI,CLE,0,0.5336894
0022500590,2026-01-16,2025-26,TOR,LAC,0,0.5173515
0022500591,2026-01-16,2025-26,HOU,MIN,1,0.4870381
0022500592,2026-01-16,2025-26,SAC,WAS,1,0.71099037
0022500593,2026-01-17,2025-26,DAL,UTA,1,0.69009906
0022500594,2026-01-17,2025-26,ATL,BOS,0,0.50854564
0022500595,2026-01-17,2025-26,DET,IND,1,0.93894815
0022500596,2026-01-17,2025-26,NYK,PHX,0,0.44340307
0022500597,2026-01-17,2025-26,MIA,OKC,1,0.1951933
0022500598,2026-01-17,2025-26,SAS,MIN,1,0.54144424
0022500599,2026-01-17,2025-26,GSW,CHA,1,0.6589866
0022500600,2026-01-17,2025-26,DEN,WAS,1,0.8627432
0022500601,2026-01-17,2025-26,POR,LAL,1,0.5920871
0022500603,2026-01-18,2025-26,CHI,BKN,1,0.70212656
0022500604,2026-01-18,2025-26,HOU,NOP,1,0.85896134
0022500605,2026-01-18,2025-26,DEN,CHA,0,0.5553788
0022500606,2026-01-18,2025-26,SAC,POR,0,0.45871413
0022500607,2026-01-18,2025-26,LAL,TOR,1,0.60529786
0022500014,2026-01-19,2025-26,ATL,MIL,0,0.5284995
0022500015,2026-01-19,2025-26,CLE,OKC,0,0.3086152
0022500016,2026-01-19,2025-26,NYK,DAL,0,0.818931
0022500017,2026-01-19,2025-26,DET,BOS,1,0.6715551
0022500608,2026-01-19,2025-26,WAS,LAC,0,0.24802752
0022500609,2026-01-19,2025-26,PHI,IND,1,0.7658608
0022500610,2026-01-19,2025-26,BKN,PHX,0,0.23617661
0022500611,2026-01-19,2025-26,SAS,UTA,1,0.8614784
0022500612,2026-01-19,2025-26,GSW,MIA,1,0.6397998
0022500613,2026-01-20,2025-26,PHI,PHX,0,0.4519429
0022500614,2026-01-20,2025-26,CHI,LAC,1,0.50811213
0022500615,2026-01-20,2025-26,HOU,SAS,1,0.67093503
0022500616,2026-01-20,2025-26,UTA,MIN,1,0.13851953
0022500617,2026-01-20,2025-26,DEN,LAL,0,0.5244032
0022500618,2026-01-20,2025-26,GSW,TOR,0,0.6785477
0022500619,2026-01-20,2025-26,SAC,MIA,0,0.43578425
0022500620,2026-01-21,2025-26,CHA,CLE,0,0.530837
0022500621,2026-01-21,2025-26,BOS,IND,1,0.7702125
0022500622,2026-01-21,2025-26,NYK,BKN,1,0.7537563
0022500623,2026-01-21,2025-26,MEM,ATL,0,0.5898237
0022500624,2026-01-21,2025-26,NOP,DET,0,0.26894045
0022500625,2026-01-21,2025-26,MIL,OKC,0,0.16971125
0022500626,2026-01-21,2025-26,SAC,TOR,0,0.37631482
0022500627,2026-01-22,2025-26,ORL,CHA,0,0.5697737
0022500628,2026-01-22,2025-26,PHI,HOU,1,0.44806942
0022500629,2026-01-22,2025-26,WAS,DEN,0,0.2316349
0022500630,2026-01-22,2025-26,DAL,GSW,1,0.31738275
0022500631,2026-01-22,2025-26,MIN,CHI,0,0.7115962
0022500632,2026-01-22,2025-26,UTA,SAS,0,0.2728075
0022500633,2026-01-22,2025-26,LAC,LAL,1,0.61040646
0022500634,2026-01-22,2025-26,POR,MIA,1,0.6017805
0022500635,2026-01-23,2025-26,DET,HOU,0,0.63695496
0022500636,2026-01-23,2025-26,ATL,PHX,1,0.36560595
0022500637,2026-01-23,2025-26,BKN,BOS,0,0.4116557
0022500638,2026-01-23,2025-26,CLE,SAC,1,0.7826477
0022500639,2026-01-23,2025-26,MEM,NOP,0,0.5593121
0022500640,2026-01-23,2025-26,MIL,DEN,0,0.72297466
0022500641,2026-01-23,2025-26,OKC,IND,0,0.90306103
0022500642,2026-01-23,2025-26,POR,TOR,0,0.4369001
0022500643,2026-01-24,2025-26,PHI,NYK,0,0.5481066
0022500645,2026-01-24,2025-26,CHA,WAS,1,0.87515795
0022500646,2026-01-24,2025-26,ORL,CLE,0,0.4733837
0022500647,2026-01-24,2025-26,CHI,BOS,1,0.5350292
0022500648,2026-01-24,2025-26,DAL,LAL,0,0.33913767
0022500649,2026-01-24,2025-26,UTA,MIA,0,0.2848931
0022500644,2026-01-25,2025-26,MIN,GSW,0,0.60998505
0022500650,2026-01-25,2025-26,DET,SAC,1,0.84511065
0022500653,2026-01-25,2025-26,OKC,TOR,0,0.75676775
0022500654,2026-01-25,2025-26,SAS,NOP,0,0.7762841
0022500655,2026-01-25,2025-26,PHX,MIA,0,0.5847274
0022500656,2026-01-25,2025-26,LAC,BKN,1,0.78822744
0022500657,2026-01-26,2025-26,CHA,PHI,1,0.6046414
0022500658,2026-01-26,2025-26,CLE,ORL,1,0.67603415
0022500659,2026-01-26,2025-26,ATL,IND,1,0.69477546
0022500660,2026-01-26,2025-26,BOS,POR,1,0.61430925
0022500661,2026-01-26,2025-26,CHI,LAL,0,0.39198583
0022500662,2026-01-26,2025-26,HOU,MEM,1,0.8326443
0022500663,2026-01-26,2025-26,MIN,GSW,1,0.70207876
0022500664,2026-01-27,2025-26,WAS,POR,1,0.22666924
0022500665,2026-01-27,2025-26,NYK,SAC,1,0.8294429
0022500666,2026-01-27,2025-26,PHI,MIL,1,0.77162516
0022500667,2026-01-27,2025-26,OKC,NOP,1,0.8539939
0022500668,2026-01-27,2025-26,DEN,DET,0,0.34697405
0022500669,2026-01-27,2025-26,PHX,BKN,1,0.67346066
0022500670,2026-01-27,2025-26,UTA,LAC,0,0.17373972
0022500671,2026-01-28,2025-26,CLE,LAL,1,0.50681067
0022500672,2026-01-28,2025-26,IND,CHI,1,0.42017296
0022500673,2026-01-28,2025-26,BOS,ATL,0,0.6609084
0022500674,2026-01-28,2025-26,MIA,ORL,0,0.6254324
0022500675,2026-01-28,2025-26,TOR,NYK,0,0.5828832
0022500676,2026-01-28,2025-26,MEM,CHA,0,0.29820573
0022500677,2026-01-28,2025-26,DAL,MIN,0,0.25506976
0022500678,2026-01-28,2025-26,UTA,GSW,0,0.2353262
0022500679,2026-01-28,2025-26,HOU,SAS,0,0.6592244
0022500529,2026-01-29,2025-26,CHI,MIA,0,0.49487147
0022500680,2026-01-29,2025-26,PHI,SAC,1,0.807824
0022500681,2026-01-29,2025-26,WAS,MIL,1,0.4589587
0022500682,2026-01-29,2025-26,ATL,HOU,0,0.30884007
0022500683,2026-01-29,2025-26,DAL,CHA,0,0.32397363
0022500684,2026-01-29,2025-26,DEN,BKN,1,0.7599302
0022500685,2026-01-29,2025-26,PHX,DET,1,0.36744425
0022500686,2026-01-29,2025-26,MIN,OKC,1,0.32350355
0022500687,2026-01-30,2025-26,ORL,TOR,1,0.5034487
0022500688,2026-01-30,2025-26,WAS,LAL,0,0.18535562
0022500689,2026-01-30,2025-26,BOS,SAC,1,0.83557457
0022500690,2026-01-30,2025-26,NYK,POR,1,0.58996373
0022500691,2026-01-30,2025-26,NOP,MEM,1,0.6059674
0022500693,2026-01-30,2025-26,PHX,CLE,1,0.42768624
0022500694,2026-01-30,2025-26,UTA,BKN,0,0.5425292
0022500695,2026-01-30,2025-26,DEN,LAC,1,0.47275946
0022500696,2026-01-30,2025-26,GSW,DET,0,0.6016276
0022500692,2026-01-31,2025-26,MIA,CHI,0,0.7311998
0022500697,2026-01-31,2025-26,CHA,SAS,1,0.5248145
0022500698,2026-01-31,2025-26,IND,ATL,1,0.4588507
0022500699,2026-01-31,2025-26,PHI,NOP,1,0.77994615
0022500700,2026-01-31,2025-26,MEM,MIN,0,0.18783887
0022500701,2026-01-31,2025-26,HOU,DAL,1,0.77631146
0022500702,2026-02-01,2025-26,BOS,MIL,1,0.83168733
0022500703,2026-02-01,2025-26,SAS,ORL,1,0.5856113
0022500704,2026-02-01,2025-26,DET,BKN,1,0.89160866
0022500705,2026-02-01,2025-26,MIA,CHI,1,0.6099259
0022500706,2026-02-01,2025-26,TOR,UTA,1,0.78176737
0022500707,2026-02-01,2025-26,WAS,SAC,1,0.54746574
0022500708,2026-02-01,2025-26,NYK,LAL,1,0.58847827
0022500709,2026-02-01,2025-26,PHX,LAC,0,0.61659163
0022500710,2026-02-01,2025-26,POR,CLE,0,0.3896428
0022500711,2026-02-01,2025-26,DEN,OKC,0,0.38382998
0022500712,2026-02-02,2025-26,CHA,NOP,1,0.7587695
0022500713,2026-02-02,2025-26,IND,HOU,0,0.3394147
0022500714,2026-02-02,2025-26,MEM,MIN,1,0.23317634
0022500715,2026-02-02,2025-26,LAC,PHI,0,0.42044553
0022500716,2026-02-03,2025-26,DET,DEN,1,0.5761306
0022500717,2026-02-03,2025-26,IND,UTA,0,0.41106644
0022500718,2026-02-03,2025-26,WAS,NYK,0,0.18996762
0022500719,2026-02-03,2025-26,BKN,LAL,0,0.2879734
0022500720,2026-02-03,2025-26,MIA,ATL,0,0.5783303
0022500721,2026-02-03,2025-26,DAL,BOS,0,0.2931265
0022500722,2026-02-03,2025-26,MIL,CHI,1,0.52392316
0022500723,2026-02-03,2025-26,OKC,ORL,1,0.8046214
0022500724,2026-02-03,2025-26,GSW,PHI,0,0.6139884
0022500725,2026-02-03,2025-26,POR,PHX,0,0.47587222
0022500726,2026-02-04,2025-26,NYK,DEN,1,0.42909527
0022500727,2026-02-04,2025-26,TOR,MIN,0,0.43982172
0022500728,2026-02-04,2025-26,HOU,BOS,0,0.7383359
0022500729,2026-02-04,2025-26,MIL,NOP,1,0.47448778
0022500730,2026-02-04,2025-26,SAS,OKC,1,0.5274311
0022500731,2026-02-04,2025-26,SAC,MEM,0,0.45019564
0022500732,2026-02-04,2025-26,LAC,CLE,0,0.46804816
0022500733,2026-02-05,2025-26,DET,WAS,0,0.9154863
0022500734,2026-02-05,2025-26,ORL,BKN,1,0.69232166
0022500735,2026-02-05,2025-26,ATL,UTA,1,0.77675784
0022500736,2026-02-05,2025-26,TOR,CHI,1,0.7555659
0022500737,2026-02-05,2025-26,HOU,CHA,0,0.55879575
0022500738,2026-02-05,2025-26,DAL,SAS,0,0.37020656
0022500739,2026-02-05,2025-26,PHX,GSW,0,0.5553253
0022500740,2026-02-05,2025-26,LAL,PHI,1,0.61652696
0022500741,2026-02-06,2025-26,BOS,MIA,1,0.6969129
0022500742,2026-02-06,2025-26,DET,NYK,1,0.6222733
0022500743,2026-02-06,2025-26,MIL,IND,1,0.5800969
0022500744,2026-02-06,2025-26,MIN,NOP,0,0.82295656
0022500745,2026-02-06,2025-26,POR,MEM,1,0.69835
0022500746,2026-02-06,2025-26,SAC,LAC,0,0.29133728
0022500747,2026-02-07,2025-26,BKN,WAS,1,0.753737
0022500748,2026-02-07,2025-26,OKC,HOU,0,0.5949656
0022500749,2026-02-07,2025-26,SAS,DAL,1,0.78927547
0022500750,2026-02-07,2025-26,ORL,UTA,1,0.71065706
0022500751,2026-02-07,2025-26,ATL,CHA,0,0.4177145
0022500752,2026-02-07,2025-26,CHI,DEN,0,0.17887647
0022500753,2026-02-07,2025-26,LAL,GSW,1,0.6228895
0022500754,2026-02-07,2025-26,PHX,PHI,0,0.5222137
0022500755,2026-02-07,2025-26,POR,MEM,1,0.7915366
0022500756,2026-02-07,2025-26,SAC,CLE,0,0.09943336
0022500757,2026-02-08,2025-26,BOS,NYK,0,0.6705743
0022500758,2026-02-08,2025-26,WAS,MIA,0,0.20626207
0022500759,2026-02-08,2025-26,TOR,IND,1,0.7474769
0022500760,2026-02-08,2025-26,MIN,LAC,0,0.7255267
0022500761,2026-02-09,2025-26,CHA,DET,0,0.43468353
0022500762,2026-02-09,2025-26,BKN,CHI,1,0.41950658
0022500763,2026-02-09,2025-26,MIA,UTA,0,0.62689835
0022500764,2026-02-09,2025-26,ORL,MIL,1,0.7434956
0022500765,2026-02-09,2025-26,MIN,ATL,1,0.77290225
0022500766,2026-02-09,2025-26,NOP,SAC,1,0.73973733
0022500767,2026-02-09,2025-26,DEN,CLE,0,0.54277015
0022500768,2026-02-09,2025-26,GSW,MEM,1,0.7125787
0022500769,2026-02-09,2025-26,LAL,OKC,0,0.43212765
0022500770,2026-02-09,2025-26,POR,PHI,1,0.5811974
0022500771,2026-02-10,2025-26,NYK,IND,0,0.7554016
0022500772,2026-02-10,2025-26,HOU,LAC,1,0.75309044
0022500773,2026-02-10,2025-26,PHX,DAL,1,0.75820464
0022500774,2026-02-10,2025-26,LAL,SAS,0,0.18963926
0022500775,2026-02-11,2025-26,CHA,ATL,1,0.6285508
0022500776,2026-02-11,2025-26,CLE,WAS,1,0.9330024
0022500777,2026-02-11,2025-26,ORL,MIL,0,0.7571703
0022500778,2026-02-11,2025-26,BOS,CHI,1,0.8705537
0022500779,2026-02-11,2025-26,BKN,IND,0,0.6923011
0022500780,2026-02-11,2025-26,PHI,NYK,0,0.46248212
0022500781,2026-02-11,2025-26,TOR,DET,0,0.49854288
0022500782,2026-02-11,2025-26,HOU,LAC,0,0.63713956
0022500783,2026-02-11,2025-26,MIN,POR,1,0.6129152
0022500784,2026-02-11,2025-26,NOP,MIA,0,0.5833534
0022500785,2026-02-11,2025-26,PHX,OKC,0,0.28958744
0022500786,2026-02-11,2025-26,UTA,SAC,1,0.7683435
0022500787,2026-02-11,2025-26,DEN,MEM,1,0.8633436
0022500788,2026-02-11,2025-26,GSW,SAS,0,0.4492501
0022500789,2026-02-12,2025-26,OKC,MIL,0,0.82633543
0022500790,2026-02-12,2025-26,UTA,POR,0,0.23099124
0022500791,2026-02-12,2025-26,LAL,DAL,1,0.72714883
0022500792,2026-02-19,2025-26,CHA,HOU,0,0.4111382
0022500793,2026-02-19,2025-26,CLE,BKN,1,0.9122161
0022500794,2026-02-19,2025-26,PHI,ATL,0,0.5290512
0022500795,2026-02-19,2025-26,WAS,IND,1,0.41597506
0022500796,2026-02-19,2025-26,NYK,DET,0,0.44882855
0022500797,2026-02-19,2025-26,CHI,TOR,0,0.2715297
0022500798,2026-02-19,2025-26,SAS,PHX,1,0.7049335
0022500799,2026-02-19,2025-26,GSW,BOS,0,0.34886998
0022500800,2026-02-19,2025-26,SAC,ORL,0,0.1643802
0022500801,2026-02-19,2025-26,LAC,DEN,1,0.4419379
0022500802,2026-02-20,2025-26,CHA,CLE,0,0.30068943
0022500803,2026-02-20,2025-26,WAS,IND,1,0.49483177
0022500804,2026-02-20,2025-26,MEM,UTA,1,0.4440411
0022500805,2026-02-20,2025-26,ATL,MIA,0,0.4786137
0022500806,2026-02-20,2025-26,MIN,DAL,1,0.8540839
0022500807,2026-02-20,2025-26,NOP,MIL,0,0.57575923
0022500808,2026-02-20,2025-26,OKC,BKN,1,0.87044084
0022500809,2026-02-20,2025-26,LAL,LAC,1,0.69169503
0022500810,2026-02-20,2025-26,POR,DEN,0,0.52919614
0022500811,2026-02-21,2025-26,PHX,ORL,1,0.58367527
0022500812,2026-02-21,2025-26,NOP,PHI,1,0.40457413
0022500813,2026-02-21,2025-26,MIA,MEM,1,0.7920373
0022500814,2026-02-21,2025-26,CHI,DET,0,0.18236819
0022500815,2026-02-21,2025-26,SAS,SAC,1,0.9367308
0022500816,2026-02-21,2025-26,NYK,HOU,1,0.50698686
0022500817,2026-02-22,2025-26,OKC,CLE,1,0.40375853
0022500818,2026-02-22,2025-26,ATL,BKN,1,0.69925845
0022500819,2026-02-22,2025-26,MIL,TOR,0,0.40669948
0022500820,2026-02-22,2025-26,GSW,DEN,1,0.29039857
0022500821,2026-02-22,2025-26,IND,DAL,0,0.43026105
0022500822,2026-02-22,2025-26,WAS,CHA,0,0.18459141
0022500823,2026-02-22,2025-26,LAL,BOS,0,0.55975026
0022500824,2026-02-22,2025-26,MIN,PHI,0,0.7356074
0022500825,2026-02-22,2025-26,CHI,NYK,0,0.22179599
0022500826,2026-02-22,2025-26,PHX,POR,0,0.3857806
0022500827,2026-02-22,2025-26,LAC,ORL,0,0.7410963
0022500828,2026-02-23,2025-26,DET,SAS,0,0.57306343
0022500829,2026-02-23,2025-26,MEM,SAC,0,0.608193
0022500830,2026-02-23,2025-26,HOU,UTA,1,0.82045704
0022500831,2026-02-24,2025-26,IND,PHI,0,0.22754101
0022500832,2026-02-24,2025-26,ATL,WAS,1,0.827041
0022500833,2026-02-24,2025-26,BKN,DAL,0,0.46983007
0022500834,2026-02-24,2025-26,TOR,OKC,0,0.5175877
0022500835,2026-02-24,2025-26,CLE,NYK,1,0.6568351
0022500836,2026-02-24,2025-26,CHI,CHA,0,0.28693452
0022500837,2026-02-24,2025-26,MIL,MIA,1,0.34987402
0022500838,2026-02-24,2025-26,NOP,GSW,1,0.48958716
0022500839,2026-02-24,2025-26,PHX,BOS,0,0.33175507
0022500840,2026-02-24,2025-26,LAL,ORL,0,0.7566735
0022500841,2026-02-24,2025-26,POR,MIN,0,0.38203156
0022500842,2026-02-25,2025-26,DET,OKC,1,0.8014238
0022500843,2026-02-25,2025-26,TOR,SAS,0,0.3780503
0022500844,2026-02-25,2025-26,MEM,GSW,0,0.35646826
0022500845,2026-02-25,2025-26,HOU,SAC,1,0.88023096
0022500846,2026-02-25,2025-26,MIL,CLE,1,0.40482655
0022500847,2026-02-25,2025-26,DEN,BOS,1,0.60673994
0022500848,2026-02-26,2025-26,IND,CHA,0,0.1890193
0022500849,2026-02-26,2025-26,PHI,MIA,1,0.575656
0022500850,2026-02-26,2025-26,ATL,WAS,1,0.81233686
0022500851,2026-02-26,2025-26,BKN,SAS,0,0.1629643
0022500852,2026-02-26,2025-26,ORL,HOU,0,0.4317823
0022500853,2026-02-26,2025-26,CHI,POR,0,0.41396102
0022500854,2026-02-26,2025-26,DAL,SAC,0,0.8293609
0022500855,2026-02-26,2025-26,PHX,LAL,1,0.22881773
0022500856,2026-02-26,2025-26,UTA,NOP,0,0.21674772
0022500857,2026-02-26,2025-26,LAC,MIN,0,0.32189184
0022500858,2026-02-27,2025-26,DET,CLE,1,0.7137383
0022500859,2026-02-27,2025-26,BOS,BKN,1,0.87718815
0022500860,2026-02-27,2025-26,MIL,NYK,0,0.31437305
0022500861,2026-02-27,2025-26,DAL,MEM,0,0.7330247
0022500862,2026-02-27,2025-26,OKC,DEN,1,0.597519
0022500863,2026-02-28,2025-26,CHA,POR,1,0.7311989
0022500864,2026-02-28,2025-26,MIA,HOU,1,0.43997452
0022500865,2026-02-28,2025-26,WAS,TOR,0,0.105547234
0022500866,2026-02-28,2025-26,GSW,LAL,0,0.4771745
0022500867,2026-02-28,2025-26,UTA,NOP,0,0.31208673
0022500868,2026-03-01,2025-26,NYK,SAS,1,0.40019134
0022500869,2026-03-01,2025-26,BKN,CLE,0,0.17933449
0022500870,2026-03-01,2025-26,CHI,MIL,1,0.36680445
0022500871,2026-03-01,2025-26,DEN,MIN,0,0.563928
0022500872,2026-03-01,2025-26,IND,MEM,0,0.4462412
0022500873,2026-03-01,2025-26,ATL,POR,1,0.714926
0022500874,2026-03-01,2025-26,BOS,PHI,1,0.7375795
0022500875,2026-03-01,2025-26,ORL,DET,0,0.25208092
0022500876,2026-03-01,2025-26,DAL,OKC,0,0.11728479
0022500877,2026-03-01,2025-26,LAC,NOP,1,0.7211789
0022500878,2026-03-01,2025-26,LAL,SAC,1,0.88981885
0022500879,2026-03-02,2025-26,WAS,HOU,0,0.11586362
0022500880,2026-03-02,2025-26,MIL,BOS,0,0.35846955
0022500881,2026-03-02,2025-26,UTA,DEN,0,0.15656064
0022500882,2026-03-02,2025-26,GSW,LAC,0,0.53743637
0022500883,2026-03-03,2025-26,CHA,DAL,1,0.8092522
0022500884,2026-03-03,2025-26,CLE,DET,1,0.4750882
0022500885,2026-03-03,2025-26,ORL,WAS,1,0.8889938
0022500886,2026-03-03,2025-26,MIA,BKN,1,0.80580276
0022500887,2026-03-03,2025-26,TOR,NYK,0,0.47955117
0022500888,2026-03-03,2025-26,PHI,SAS,0,0.2612682
0022500889,2026-03-03,2025-26,CHI,OKC,0,0.21057469
0022500890,2026-03-03,2025-26,MIN,MEM,1,0.840644
0022500891,2026-03-03,2025-26,LAL,NOP,1,0.6940056
0022500892,2026-03-03,2025-26,SAC,PHX,0,0.20807044
0022500893,2026-03-04,2025-26,NYK,OKC,0,0.42173892
0022500894,2026-03-04,2025-26,BOS,CHA,0,0.70720106
0022500895,2026-03-04,2025-26,PHI,UTA,1,0.6567184
0022500896,2026-03-04,2025-26,MEM,POR,0,0.32341504
0022500897,2026-03-04,2025-26,MIL,ATL,0,0.3212121
0022500898,2026-03-04,2025-26,LAC,IND,1,0.80886376
0022500899,2026-03-05,2025-26,ORL,DAL,1,0.6250637
0022500900,2026-03-05,2025-26,WAS,UTA,0,0.4434541
0022500901,2026-03-05,2025-26,MIA,BKN,1,0.8363249
0022500902,2026-03-05,2025-26,HOU,GSW,0,0.7912478
0022500903,2026-03-05,2025-26,MIN,TOR,1,0.55087495
0022500904,2026-03-05,2025-26,SAS,DET,1,0.5878597
0022500905,2026-03-05,2025-26,PHX,CHI,0,0.8277636
0022500906,2026-03-05,2025-26,DEN,LAL,1,0.5606525
0022500907,2026-03-05,2025-26,SAC,NOP,0,0.22956829
0022500908,2026-03-06,2025-26,BOS,DAL,1,0.85225564
0022500909,2026-03-06,2025-26,CHA,MIA,0,0.7232378
0022500910,2026-03-06,2025-26,HOU,POR,1,0.66151476
0022500911,2026-03-06,2025-26,DEN,NYK,0,0.47241697
0022500912,2026-03-06,2025-26,PHX,NOP,1,0.51561016
0022500913,2026-03-06,2025-26,SAS,LAC,1,0.6275772
0022500914,2026-03-06,2025-26,LAL,IND,1,0.7815231
0022500915,2026-03-07,2025-26,MIN,ORL,0,0.6710552
0022500916,2026-03-07,2025-26,DET,BKN,0,0.82492185
0022500917,2026-03-07,2025-26,ATL,PHI,1,0.7125091
0022500918,2026-03-07,2025-26,MEM,LAC,0,0.23934184
0022500919,2026-03-07,2025-26,MIL,UTA,1,0.69806266
0022500920,2026-03-07,2025-26,OKC,GSW,1,0.8339665
0022500921,2026-03-08,2025-26,CLE,BOS,0,0.46585405
0022500922,2026-03-08,2025-26,LAL,NYK,1,0.37628576
0022500923,2026-03-08,2025-26,MIA,DET,1,0.520313
0022500924,2026-03-08,2025-26,TOR,DAL,1,0.72679013
0022500925,2026-03-08,2025-26,NOP,WAS,1,0.8486469
0022500926,2026-03-08,2025-26,MIL,ORL,0,0.31613445
0022500927,2026-03-08,2025-26,SAS,HOU,1,0.6669016
0022500928,2026-03-08,2025-26,PHX,CHA,1,0.27061182
0022500929,2026-03-08,2025-26,POR,IND,1,0.72311145
0022500930,2026-03-08,2025-26,SAC,CHI,1,0.3027963
0022500931,2026-03-09,2025-26,CLE,PHI,1,0.8899954
0022500932,2026-03-09,2025-26,BKN,MEM,1,0.44843537
0022500933,2026-03-09,2025-26,OKC,DEN,1,0.6247113
0022500934,2026-03-09,2025-26,UTA,GSW,1,0.36567104
0022500935,2026-03-09,2025-26,LAC,NYK,1,0.53809416
0022500936,2026-03-10,2025-26,PHI,MEM,1,0.57764804
0022500937,2026-03-10,2025-26,BKN,DET,0,0.14774114
0022500938,2026-03-10,2025-26,MIA,WAS,1,0.90871394
0022500939,2026-03-10,2025-26,ATL,DAL,1,0.71839845
0022500940,2026-03-10,2025-26,HOU,TOR,1,0.5893977
0022500941,2026-03-10,2025-26,MIL,PHX,0,0.47322875
0022500942,2026-03-10,2025-26,SAS,BOS,1,0.59285897
0022500943,2026-03-10,2025-26,GSW,CHI,0,0.69109523
0022500944,2026-03-10,2025-26,POR,CHA,0,0.3961299
0022500945,2026-03-10,2025-26,SAC,IND,1,0.58506
0022500946,2026-03-10,2025-26,LAL,MIN,1,0.5604638
0022500947,2026-03-11,2025-26,ORL,CLE,1,0.3704813
0022500948,2026-03-11,2025-26,NOP,TOR,1,0.52974325
0022500949,2026-03-11,2025-26,UTA,NYK,0,0.15010546
0022500950,2026-03-11,2025-26,DEN,HOU,1,0.6511021
0022500951,2026-03-11,2025-26,SAC,CHA,0,0.09618504
0022500952,2026-03-11,2025-26,LAC,MIN,1,0.6589664
0022500953,2026-03-12,2025-26,DET,PHI,1,0.85750294
0022500954,2026-03-12,2025-26,IND,PHX,0,0.2463825
0022500955,2026-03-12,2025-26,ORL,WAS,1,0.84096235
0022500956,2026-03-12,2025-26,ATL,BKN,1,0.8884652
0022500957,2026-03-12,2025-26,MIA,MIL,1,0.68714863
0022500958,2026-03-12,2025-26,SAS,DEN,0,0.5672007
0022500959,2026-03-12,2025-26,OKC,BOS,1,0.7645439
0022500960,2026-03-12,2025-26,LAL,CHI,1,0.86649746
0022501111,2026-03-12,2025-26,MEM,DAL,0,0.311529
0022500961,2026-03-13,2025-26,DET,MEM,1,0.8808907
0022500962,2026-03-13,2025-26,IND,NYK,0,0.16292109
0022500963,2026-03-13,2025-26,TOR,PHX,1,0.6330702
0022500964,2026-03-13,2025-26,HOU,NOP,1,0.59289086
0022500965,2026-03-13,2025-26,DAL,CLE,0,0.19243905
0022500966,2026-03-13,2025-26,GSW,MIN,0,0.39016807
0022500967,2026-03-13,2025-26,POR,UTA,1,0.84402287
0022500968,2026-03-13,2025-26,LAC,CHI,1,0.89366615
0022500969,2026-03-14,2025-26,PHI,BKN,1,0.7160713
0022500970,2026-03-14,2025-26,ATL,MIL,1,0.77019346
0022500971,2026-03-14,2025-26,BOS,WAS,1,0.92112863
0022500972,2026-03-14,2025-26,MIA,ORL,0,0.6435958
0022500973,2026-03-14,2025-26,SAS,CHA,1,0.58351886
0022500974,2026-03-14,2025-26,LAL,DEN,1,0.4974565
0022500975,2026-03-14,2025-26,LAC,SAC,0,0.8795828
0022500976,2026-03-15,2025-26,OKC,MIN,1,0.79109466
0022500977,2026-03-15,2025-26,CLE,DAL,0,0.8367251
0022500978,2026-03-15,2025-26,TOR,DET,1,0.3883305
0022500979,2026-03-15,2025-26,MIL,IND,1,0.7489819
0022500980,2026-03-15,2025-26,PHI,POR,1,0.27434427
0022500981,2026-03-15,2025-26,NYK,GSW,1,0.90284896
0022500982,2026-03-15,2025-26,SAC,UTA,1,0.6306309
0022500983,2026-03-16,2025-26,ATL,ORL,1,0.65682864
0022500984,2026-03-16,2025-26,WAS,GSW,0,0.31736308
0022500985,2026-03-16,2025-26,BKN,POR,0,0.19362216
0022500986,2026-03-16,2025-26,BOS,PHX,1,0.7600473
0022500987,2026-03-16,2025-26,CHI,MEM,1,0.7026973
0022500988,2026-03-16,2025-26,NOP,DAL,1,0.72555304
0022500989,2026-03-16,2025-26,HOU,LAL,0,0.454959
0022500990,2026-03-16,2025-26,LAC,SAS,0,0.33361655
0022500991,2026-03-17,2025-26,CHA,MIA,1,0.6002299
0022500992,2026-03-17,2025-26,ORL,OKC,0,0.18345772
0022500993,2026-03-17,2025-26,WAS,DET,0,0.07527629
0022500994,2026-03-17,2025-26,NYK,IND,1,0.86300844
0022500995,2026-03-17,2025-26,MIL,CLE,0,0.27766597
0022500996,2026-03-17,2025-26,MIN,PHX,1,0.68366724
0022500997,2026-03-17,2025-26,DEN,PHI,1,0.872437
0022500998,2026-03-17,2025-26,SAC,SAS,0,0.14246479
0022500651,2026-03-18,2025-26,MEM,DEN,1,0.15269451
0022500999,2026-03-18,2025-26,BOS,GSW,1,0.78549653
0022501000,2026-03-18,2025-26,BKN,OKC,0,0.06051475
0022501001,2026-03-18,2025-26,IND,POR,0,0.18670106
0022501002,2026-03-18,2025-26,CHI,TOR,0,0.2869436
0022501004,2026-03-18,2025-26,MIN,UTA,1,0.78508615
0022501005,2026-03-18,2025-26,NOP,LAC,1,0.485842
0022501006,2026-03-18,2025-26,DAL,ATL,0,0.25786898
0022501007,2026-03-18,2025-26,HOU,LAL,0,0.43041945
0022501008,2026-03-19,2025-26,CHA,ORL,1,0.77738166
0022501009,2026-03-19,2025-26,WAS,DET,0,0.14447892
0022501010,2026-03-19,2025-26,MIA,LAL,0,0.47340223
0022501011,2026-03-19,2025-26,CHI,CLE,0,0.23806022
0022501012,2026-03-19,2025-26,NOP,LAC,1,0.597441
0022501013,2026-03-19,2025-26,SAS,PHX,1,0.8621359
0022501014,2026-03-19,2025-26,UTA,MIL,1,0.27579823
0022501015,2026-03-19,2025-26,SAC,PHI,0,0.57669044
0022501016,2026-03-20,2025-26,BKN,NYK,0,0.06351337
0022501017,2026-03-20,2025-26,DET,GSW,1,0.6516113
0022501018,2026-03-20,2025-26,HOU,ATL,1,0.4896706
0022501019,2026-03-20,2025-26,MEM,BOS,0,0.1364694
0022501020,2026-03-20,2025-26,MIN,POR,0,0.52443206
0022501021,2026-03-20,2025-26,DEN,TOR,1,0.6769597
0022501022,2026-03-21,2025-26,WAS,OKC,0,0.04863179
0022501023,2026-03-21,2025-26,CHA,MEM,1,0.9332457
0022501024,2026-03-21,2025-26,ORL,LAL,0,0.29168907
0022501025,2026-03-21,2025-26,NOP,CLE,0,0.44782865
0022501026,2026-03-21,2025-26,ATL,GSW,1,0.7390017
0022501027,2026-03-21,2025-26,HOU,MIA,1,0.5362557
0022501028,2026-03-21,2025-26,SAS,IND,1,0.8725624
0022501029,2026-03-21,2025-26,DAL,LAC,0,0.2733727
0022501030,2026-03-21,2025-26,UTA,PHI,0,0.5056397
0022501031,2026-03-21,2025-26,PHX,MIL,0,0.6651015
0022501032,2026-03-22,2025-26,DEN,POR,1,0.70774853
0022501033,2026-03-22,2025-26,SAC,BKN,1,0.6623486
0022501034,2026-03-22,2025-26,NYK,WAS,1,0.9500033
0022501035,2026-03-22,2025-26,BOS,MIN,0,0.7090984
0022501036,2026-03-22,2025-26,PHX,TOR,1,0.3208532
0022501037,2026-03-23,2025-26,ATL,MEM,1,0.85718316
0022501038,2026-03-23,2025-26,DET,LAL,1,0.40938583
0022501039,2026-03-23,2025-26,ORL,IND,0,0.64352065
0022501040,2026-03-23,2025-26,PHI,OKC,0,0.078705534
0022501041,2026-03-23,2025-26,MIA,SAS,0,0.4124517
0022501042,2026-03-23,2025-26,CHI,HOU,1,0.23078175
0022501043,2026-03-23,2025-26,UTA,TOR,0,0.35840872
0022501044,2026-03-23,2025-26,DAL,GSW,0,0.43497688
0022501045,2026-03-23,2025-26,POR,BKN,1,0.9023192
0022501046,2026-03-23,2025-26,LAC,MIL,1,0.85699236
0022501047,2026-03-24,2025-26,CHA,SAC,1,0.90661013
0022501048,2026-03-24,2025-26,NYK,NOP,1,0.71525145
0022501049,2026-03-24,2025-26,CLE,ORL,1,0.78854537
0022501050,2026-03-24,2025-26,PHX,DEN,0,0.3295832
0022501051,2026-03-25,2025-26,DET,ATL,0,0.51158285
0022501052,2026-03-25,2025-26,IND,LAL,0,0.18585512
0022501053,2026-03-25,2025-26,PHI,CHI,1,0.69544137
0022501054,2026-03-25,2025-26,BOS,OKC,1,0.35724357
0022501055,2026-03-25,2025-26,CLE,MIA,0,0.5379196
0022501056,2026-03-25,2025-26,MEM,SAS,0,0.10473988
0022501057,2026-03-25,2025-26,UTA,WAS,0,0.6502552
0022501058,2026-03-25,2025-26,MIN,HOU,1,0.52170515
0022501059,2026-03-25,2025-26,DEN,DAL,1,0.8486874
0022501060,2026-03-25,2025-26,GSW,BKN,1,0.88503146
0022501061,2026-03-25,2025-26,POR,MIL,1,0.8461364
0022501062,2026-03-25,2025-26,LAC,TOR,1,0.65777457
0022501063,2026-03-26,2025-26,CHA,NYK,1,0.54585105
0022501064,2026-03-26,2025-26,DET,NOP,1,0.56085414
0022501065,2026-03-26,2025-26,ORL,SAC,1,0.8750341
0022501066,2026-03-27,2025-26,IND,LAC,0,0.2711371
0022501067,2026-03-27,2025-26,BOS,ATL,1,0.5143303
0022501068,2026-03-27,2025-26,CLE,MIA,1,0.60803795
0022501069,2026-03-27,2025-26,MEM,HOU,0,0.12282619
0022501070,2026-03-27,2025-26,OKC,CHI,1,0.9010575
0022501071,2026-03-27,2025-26,TOR,NOP,1,0.67715675
0022501072,2026-03-27,2025-26,DEN,UTA,1,0.932126
0022501073,2026-03-27,2025-26,GSW,WAS,1,0.7239169
0022501074,2026-03-27,2025-26,POR,DAL,0,0.732926
0022501075,2026-03-27,2025-26,LAL,BKN,1,0.9570308
0022501076,2026-03-28,2025-26,MIL,SAS,0,0.09142663
0022501077,2026-03-28,2025-26,CHA,PHI,0,0.6503157
0022501078,2026-03-28,2025-26,ATL,SAC,1,0.83062285
0022501079,2026-03-28,2025-26,MEM,CHI,1,0.23660366
0022501080,2026-03-28,2025-26,MIN,DET,0,0.44539127
0022501081,2026-03-28,2025-26,PHX,UTA,1,0.87012976
0022501082,2026-03-29,2025-26,MIL,LAC,0,0.088895455
0022501083,2026-03-29,2025-26,IND,MIA,1,0.252983
0022501084,2026-03-29,2025-26,BKN,SAC,1,0.4499948
0022501085,2026-03-29,2025-26,CHA,BOS,0,0.66535
0022501086,2026-03-29,2025-26,TOR,ORL,1,0.46171775
0022501087,2026-03-29,2025-26,POR,WAS,1,0.8297941
0022501088,2026-03-29,2025-26,NOP,HOU,0,0.37638295
0022501089,2026-03-29,2025-26,OKC,NYK,1,0.7285831
0022501090,2026-03-29,2025-26,DEN,GSW,1,0.7970678
0022501091,2026-03-30,2025-26,MIA,PHI,1,0.4254553
0022501092,2026-03-30,2025-26,ATL,BOS,1,0.68903816
0022501093,2026-03-30,2025-26,MEM,PHX,0,0.15889695
0022501094,2026-03-30,2025-26,SAS,CHI,1,0.8754053
0022501095,2026-03-30,2025-26,DAL,MIN,0,0.2647191
0022501096,2026-03-30,2025-26,UTA,CLE,0,0.12533964
0022501097,2026-03-30,2025-26,OKC,DET,1,0.6558846
0022501098,2026-03-30,2025-26,LAL,WAS,1,0.8741477
0022500652,2026-03-31,2025-26,MIL,DAL,1,0.47309887
0022501099,2026-03-31,2025-26,ORL,PHX,1,0.4867382
0022501100,2026-03-31,2025-26,BKN,CHA,0,0.07359385
0022501101,2026-03-31,2025-26,DET,TOR,1,0.6356515
0022501102,2026-03-31,2025-26,HOU,NYK,1,0.54413694
0022501103,2026-03-31,2025-26,LAL,CLE,1,0.5519138
0022501104,2026-03-31,2025-26,LAC,POR,0,0.69141626
0022501003,2026-04-01,2025-26,MEM,NYK,0,0.16293406
0022501105,2026-04-01,2025-26,WAS,PHI,0,0.20253102
0022501106,2026-04-01,2025-26,MIA,BOS,0,0.46615654
0022501107,2026-04-01,2025-26,ORL,ATL,0,0.37148544
0022501108,2026-04-01,2025-26,TOR,SAC,0,0.8348334
0022501109,2026-04-01,2025-26,CHI,IND,0,0.7068554
0022501110,2026-04-01,2025-26,HOU,MIL,1,0.9448407
0022501112,2026-04-01,2025-26,UTA,DEN,0,0.115368575
0022501113,2026-04-01,2025-26,GSW,SAS,0,0.113587305
0022501114,2026-04-02,2025-26,CHA,PHX,1,0.63995045
0022501115,2026-04-02,2025-26,DET,MIN,1,0.69873214
0022501116,2026-04-02,2025-26,OKC,LAL,1,0.7064946
0022501117,2026-04-02,2025-26,GSW,CLE,0,0.2367474
0022501118,2026-04-02,2025-26,POR,NOP,1,0.5788997
0022501119,2026-04-02,2025-26,LAC,SAS,0,0.5754854
0022501120,2026-04-03,2025-26,CHA,IND,1,0.8606033
0022501121,2026-04-03,2025-26,PHI,MIN,1,0.7106427
0022501122,2026-04-03,2025-26,BKN,ATL,0,0.0902354
0022501123,2026-04-03,2025-26,NYK,CHI,1,0.80436975
0022501124,2026-04-03,2025-26,HOU,UTA,1,0.8977615
0022501125,2026-04-03,2025-26,MEM,TOR,0,0.114593714
0022501126,2026-04-03,2025-26,MIL,BOS,0,0.1297115
0022501127,2026-04-03,2025-26,DAL,ORL,0,0.2699827
0022501128,2026-04-03,2025-26,SAC,NOP,1,0.31232953
0022501129,2026-04-04,2025-26,MIA,WAS,1,0.8792911
0022501130,2026-04-04,2025-26,DEN,SAS,1,0.48916522
0022501131,2026-04-04,2025-26,PHI,DET,0,0.33744752
0022501132,2026-04-05,2025-26,BOS,TOR,1,0.747681
0022501133,2026-04-05,2025-26,BKN,WAS,1,0.29428795
0022501134,2026-04-05,2025-26,CHI,PHX,0,0.21960765
0022501135,2026-04-05,2025-26,MIL,MEM,1,0.8438909
0022501136,2026-04-05,2025-26,CLE,IND,1,0.91550946
0022501137,2026-04-05,2025-26,MIN,CHA,0,0.35442242
0022501138,2026-04-05,2025-26,NOP,ORL,0,0.2805831
0022501139,2026-04-05,2025-26,OKC,UTA,1,0.95627546
0022501140,2026-04-05,2025-26,DAL,LAL,1,0.48333547
0022501141,2026-04-05,2025-26,SAC,LAC,0,0.20211372
0022501142,2026-04-05,2025-26,GSW,HOU,0,0.32108954
0022501143,2026-04-06,2025-26,ATL,NYK,0,0.5660272
0022501144,2026-04-06,2025-26,ORL,DET,1,0.3040404
0022501145,2026-04-06,2025-26,MEM,CLE,0,0.11661812
0022501146,2026-04-06,2025-26,SAS,PHI,1,0.6423557
0022501147,2026-04-06,2025-26,DEN,POR,1,0.73640233
0022501148,2026-04-07,2025-26,WAS,CHI,0,0.42682627
0022501149,2026-04-07,2025-26,BOS,CHA,1,0.64240634
0022501150,2026-04-07,2025-26,BKN,MIL,1,0.24117717
0022501151,2026-04-07,2025-26,TOR,MIA,1,0.48000535
0022501152,2026-04-07,2025-26,IND,MIN,0,0.18301758
0022501153,2026-04-07,2025-26,NOP,UTA,1,0.45330864
0022501154,2026-04-07,2025-26,GSW,SAC,1,0.8289306
0022501155,2026-04-07,2025-26,LAL,OKC,0,0.077282965
0022501156,2026-04-07,2025-26,LAC,DAL,1,0.8323645
0022501157,2026-04-07,2025-26,PHX,HOU,0,0.46031833
0022501158,2026-04-08,2025-26,CLE,ATL,1,0.5486078
0022501159,2026-04-08,2025-26,ORL,MIN,1,0.692393
0022501160,2026-04-08,2025-26,DET,MIL,1,0.9344863
0022501161,2026-04-08,2025-26,SAS,POR,1,0.62731415
0022501162,2026-04-08,2025-26,DEN,MEM,1,0.96244645
0022501163,2026-04-08,2025-26,LAC,OKC,0,0.23957343
0022501164,2026-04-08,2025-26,PHX,DAL,1,0.8534156
0022501165,2026-04-09,2025-26,TOR,MIA,1,0.52672356
0022501166,2026-04-09,2025-26,WAS,CHI,0,0.32687345
0022501167,2026-04-09,2025-26,BKN,IND,0,0.27650216
0022501168,2026-04-09,2025-26,NYK,BOS,1,0.5137149
0022501169,2026-04-09,2025-26,HOU,PHI,1,0.675298
0022501170,2026-04-09,2025-26,GSW,LAL,0,0.45145908
0022501171,2026-04-10,2025-26,CHA,DET,0,0.44594058
0022501172,2026-04-10,2025-26,WAS,MIA,0,0.15812005
0022501173,2026-04-10,2025-26,ATL,CLE,1,0.67543465
0022501174,2026-04-10,2025-26,BOS,NOP,1,0.92948586
0022501175,2026-04-10,2025-26,IND,PHI,0,0.17133196
0022501176,2026-04-10,2025-26,NYK,TOR,1,0.68087035
0022501177,2026-04-10,2025-26,CHI,ORL,0,0.24799085
0022501178,2026-04-10,2025-26,HOU,MIN,0,0.6660719
0022501179,2026-04-10,2025-26,MIL,BKN,1,0.893981
0022501180,2026-04-10,2025-26,SAS,DAL,1,0.9271443
0022501181,2026-04-10,2025-26,UTA,MEM,1,0.695491
0022501182,2026-04-10,2025-26,DEN,OKC,1,0.38685253
0022501183,2026-04-10,2025-26,POR,LAC,1,0.46192282
0022501184,2026-04-10,2025-26,SAC,GSW,1,0.2664582
0022501185,2026-04-10,2025-26,LAL,PHX,1,0.52890736
0022501186,2026-04-12,2025-26,BOS,ORL,1,0.25384432
0022501187,2026-04-12,2025-26,CLE,WAS,1,0.74968743
0022501188,2026-04-12,2025-26,IND,DET,0,0.07753185
0022501189,2026-04-12,2025-26,MIA,ATL,1,0.9019277
0022501190,2026-04-12,2025-26,NYK,CHA,0,0.20221828
0022501191,2026-04-12,2025-26,PHI,MIL,1,0.81404805
0022501192,2026-04-12,2025-26,TOR,BKN,1,0.9627119
0022501193,2026-04-12,2025-26,DAL,CHI,1,0.4963409
0022501194,2026-04-12,2025-26,HOU,MEM,1,0.87979716
0022501195,2026-04-12,2025-26,MIN,NOP,1,0.69799924
0022501196,2026-04-12,2025-26,OKC,PHX,0,0.5896787
0022501197,2026-04-12,2025-26,SAS,DEN,0,0.5908204
0022501198,2026-04-12,2025-26,LAL,UTA,1,0.8040592
0022501199,2026-04-12,2025-26,LAC,GSW,1,0.58725846
0022501200,2026-04-12,2025-26,POR,SAC,1,0.84430426
